00000000: 4850 3835 3036 3043 2045 4341 4c00 ffff  HP85060C ECAL...
00000010: ffff ffff 6400 4e6f 7620 3238 2031 3939  ....d.Nov 28 199
00000020: 3400 6400 ffff ffff ffff ffff ffff ffff  4.d.............
00000030: ffff ffff ffff 0200 ffff ffff ffff ffff  ................
00000040: ffff ffff ffff ffff ffff ffff ffff ffff  ................
00000050: ffff ffff ffff ffff ffff ffff ffff ffff  ................
00000060: ffff ffff 4d59 3632 3335 3031 3431 00ff  ....MY62350141..
00000070: 3335 4620 3335 4600 ffff ffff ffff ffff  35F 35F.........
00000080: ffff ffff 3233 2f44 6563 2f32 3032 3200  ....23/Dec/2022.
00000090: 4d61 6c61 7973 6961 2050 656e 616e 6700  Malaysia Penang.
000000a0: ffff ffff ffff ffff ffff ffff ffff ffff  ................
000000b0: ffff ffff ffff ffff 3135 4e35 3233 3939  ........15N52399
000000c0: 3332 00ff ffff ffff ffff ffff 0000 0000  32..............
000000d0: 804f 1241 0000 00a4 17ae 1842 4702 bc02  .O.A.......BG...
000000e0: 0000 0000 84d7 9741 2800 0300 2100 0000  .......A(...!...
000000f0: 4e34 3639 3144 00ff ffff ffff ffff ffff  N4691D..........
00000100: ffff ffff 1500 1100 4e6f 6e65 00ff ffff  ........None....
00000110: ffff ffff ffff ffff ffff ffff ffff ffff  ................
00000120: ffff ffff ffff ffff ffff ffff ffff ffff  ................
00000130: 8838 0100 703c 0100 ffff ffff ffff ffff  .8..p<..........
00000140: ffff ffff ffff ffff ffff ffff ffff ffff  ................
00000150: ffff ffff ffff ffff ffff ffff ffff ffff  ................
00000160: ffff ffff ffff ffff ffff ffff ffff ffff  ................
00000170: ffff ffff ffff ffff ffff ffff ffff ffff  ................
00000180: ffff ffff ffff ffff ffff ffff ffff ffff  ................
00000190: 4702 5802 0000 0400 4702 0400 9014 0000  G.X.....G.......
000001a0: 9814 0000 0400 4702 0400 785d 0000 805d  ......G...x]...]
000001b0: 0000 0100 4702 0400 60a6 0000 62a6 0000  ....G...`...b...
000001c0: 0100 4702 0400 42ef 0000 44ef 0000 ffff  ..G...B...D.....
000001d0: ffff ffff ffff ffff ffff ffff ffff ffff  ................
000001e0: ffff ffff ffff ffff ffff ffff ffff ffff  ................
000001f0: ffff ffff ffff ffff ffff ffff ffff ffff  ................
00000200: ffff ffff ffff ffff ffff ffff ffff ffff  ................
00000210: ffff ffff ffff ffff ffff ffff ffff ffff  ................
00000220: ffff ffff ffff ffff ffff ffff ffff ffff  ................
00000230: ffff ffff ffff ffff ffff ffff ffff ffff  ................
00000240: ffff ffff ffff ffff ffff ffff ffff ffff  ................
00000250: ffff ffff ffff ffff 0000 0000 804f 1241  .............O.A
00000260: 0000 0000 20d6 1341 0000 0000 c05c 1541  .... ..A.....\.A
00000270: 0000 0000 60e3 1641 0000 0000 006a 1841  ....`..A.....j.A
00000280: 0000 0000 a0f0 1941 0000 0000 4077 1b41  .......A....@w.A
00000290: 0000 0000 e0fd 1c41 0000 0000 8084 1e41  .......A.......A
000002a0: 0000 0000 9005 2041 0000 0000 e0c8 2041  ...... A...... A
000002b0: 0000 0000 308c 2141 0000 0000 804f 2241  ....0.!A.....O"A
000002c0: 0000 0000 d012 2341 0000 0000 20d6 2341  ......#A.... .#A
000002d0: 0000 0000 7099 2441 0000 0000 c05c 2541  ....p.$A.....\%A
000002e0: 0000 0000 1020 2641 0000 0000 60e3 2641  ..... &A....`.&A
000002f0: 0000 0000 b0a6 2741 0000 0000 006a 2841  ......'A.....j(A
00000300: 0000 0000 502d 2941 0000 0000 a0f0 2941  ....P-)A......)A
00000310: 0000 0000 f0b3 2a41 0000 0000 4077 2b41  ......*A....@w+A
00000320: 0000 0000 903a 2c41 0000 0000 e0fd 2c41  .....:,A......,A
00000330: 0000 0000 30c1 2d41 0000 0000 8084 2e41  ....0.-A.......A
00000340: 0000 0000 e06e 2f41 0000 0000 a02c 3041  .....n/A.....,0A
00000350: 0000 0000 f0ef 3041 0000 0000 50da 3141  ......0A....P.1A
00000360: 0000 0000 d012 3341 0000 0000 7099 3441  ......3A....p.4A
00000370: 0000 0000 60e3 3641 0000 0000 a0f0 3941  ....`.6A......9A
00000380: 0000 0000 30c1 3d41 0000 0000 882a 4141  ....0.=A.....*AA
00000390: 0000 0000 18fb 4441 0000 0000 f0b3 4a41  ......DA......JA
000003a0: 0000 0000 882a 5141 0000 0000 60e3 5641  .....*QA....`.VA
000003b0: 0000 0000 8084 5e41 0000 0000 18fb 6441  ......^A......dA
000003c0: 0000 0000 5c90 6d41 0000 0000 d012 7341  ....\.mA......sA
000003d0: 0000 0000 389c 7c41 0000 0000 d012 8341  ....8.|A.......A
000003e0: 0000 0000 84d7 8741 0000 0000 389c 8c41  .......A....8..A
000003f0: 0000 0000 76b0 9041 0000 0000 d012 9341  ....v..A.......A
00000400: 0000 0000 2a75 9541 0000 0000 84d7 9741  ....*u.A.......A
00000410: 0000 0000 a3e1 a141 0000 0000 84d7 a741  .......A.......A
00000420: 0000 0000 65cd ad41 0000 0000 a3e1 b141  ....e..A.......A
00000430: 0000 0080 93dc b441 0000 0000 84d7 b741  .......A.......A
00000440: 0000 0080 74d2 ba41 0000 0000 65cd bd41  ....t..A....e..A
00000450: 0000 00c0 2a64 c041 0000 0000 a3e1 c141  ....*d.A.......A
00000460: 0000 0040 1b5f c341 0000 0080 93dc c441  ...@._.A.......A
00000470: 0000 00c0 0b5a c641 0000 0000 84d7 c741  .....Z.A.......A
00000480: 0000 0040 fc54 c941 0000 0080 74d2 ca41  ...@.T.A....t..A
00000490: 0000 00c0 ec4f cc41 0000 0000 65cd cd41  .....O.A....e..A
000004a0: 0000 0040 dd4a cf41 0000 00c0 2a64 d041  ...@.J.A....*d.A
000004b0: 0000 00e0 e622 d141 0000 0000 a3e1 d141  .....".A.......A
000004c0: 0000 0020 5fa0 d241 0000 0040 1b5f d341  ... _..A...@._.A
000004d0: 0000 0060 d71d d441 0000 0080 93dc d441  ...`...A.......A
000004e0: 0000 00a0 4f9b d541 0000 00c0 0b5a d641  ....O..A.....Z.A
000004f0: 0000 00e0 c718 d741 0000 0000 84d7 d741  .......A.......A
00000500: 0000 0020 4096 d841 0000 0040 fc54 d941  ... @..A...@.T.A
00000510: 0000 0060 b813 da41 0000 0080 74d2 da41  ...`...A....t..A
00000520: 0000 00a0 3091 db41 0000 00c0 ec4f dc41  ....0..A.....O.A
00000530: 0000 00e0 a80e dd41 0000 0000 65cd dd41  .......A....e..A
00000540: 0000 0020 218c de41 0000 0040 dd4a df41  ... !..A...@.J.A
00000550: 0000 00b0 cc04 e041 0000 00c0 2a64 e041  .......A....*d.A
00000560: 0000 00d0 88c3 e041 0000 00e0 e622 e141  .......A.....".A
00000570: 0000 00f0 4482 e141 0000 0000 a3e1 e141  ....D..A.......A
00000580: 0000 0010 0141 e241 0000 0020 5fa0 e241  .....A.A... _..A
00000590: 0000 0030 bdff e241 0000 0040 1b5f e341  ...0...A...@._.A
000005a0: 0000 0050 79be e341 0000 0060 d71d e441  ...Py..A...`...A
000005b0: 0000 0070 357d e441 0000 0080 93dc e441  ...p5}.A.......A
000005c0: 0000 0090 f13b e541 0000 00a0 4f9b e541  .....;.A....O..A
000005d0: 0000 00b0 adfa e541 0000 00c0 0b5a e641  .......A.....Z.A
000005e0: 0000 00d0 69b9 e641 0000 00e0 c718 e741  ....i..A.......A
000005f0: 0000 00f0 2578 e741 0000 0000 84d7 e741  ....%x.A.......A
00000600: 0000 0010 e236 e841 0000 0020 4096 e841  .....6.A... @..A
00000610: 0000 0030 9ef5 e841 0000 0040 fc54 e941  ...0...A...@.T.A
00000620: 0000 0050 5ab4 e941 0000 0060 b813 ea41  ...PZ..A...`...A
00000630: 0000 0070 1673 ea41 0000 0080 74d2 ea41  ...p.s.A....t..A
00000640: 0000 0090 d231 eb41 0000 00a0 3091 eb41  .....1.A....0..A
00000650: 0000 00b0 8ef0 eb41 0000 00c0 ec4f ec41  .......A.....O.A
00000660: 0000 00d0 4aaf ec41 0000 00e0 a80e ed41  ....J..A.......A
00000670: 0000 00f0 066e ed41 0000 0000 65cd ed41  .....n.A....e..A
00000680: 0000 0010 c32c ee41 0000 0020 218c ee41  .....,.A... !..A
00000690: 0000 0030 7feb ee41 0000 0040 dd4a ef41  ...0...A...@.J.A
000006a0: 0000 0050 3baa ef41 0000 00b0 cc04 f041  ...P;..A.......A
000006b0: 0000 00b8 7b34 f041 0000 00c0 2a64 f041  ....{4.A....*d.A
000006c0: 0000 00c8 d993 f041 0000 00d0 88c3 f041  .......A.......A
000006d0: 0000 00d8 37f3 f041 0000 00e0 e622 f141  ....7..A.....".A
000006e0: 0000 00e8 9552 f141 0000 00f0 4482 f141  .....R.A....D..A
000006f0: 0000 00f8 f3b1 f141 0000 0000 a3e1 f141  .......A.......A
00000700: 0000 0008 5211 f241 0000 0010 0141 f241  ....R..A.....A.A
00000710: 0000 0018 b070 f241 0000 0020 5fa0 f241  .....p.A... _..A
00000720: 0000 0028 0ed0 f241 0000 0030 bdff f241  ...(...A...0...A
00000730: 0000 0038 6c2f f341 0000 0040 1b5f f341  ...8l/.A...@._.A
00000740: 0000 0048 ca8e f341 0000 0050 79be f341  ...H...A...Py..A
00000750: 0000 0058 28ee f341 0000 0060 d71d f441  ...X(..A...`...A
00000760: 0000 0068 864d f441 0000 0070 357d f441  ...h.M.A...p5}.A
00000770: 0000 0078 e4ac f441 0000 0080 93dc f441  ...x...A.......A
00000780: 0000 0088 420c f541 0000 0090 f13b f541  ....B..A.....;.A
00000790: 0000 0098 a06b f541 0000 00a0 4f9b f541  .....k.A....O..A
000007a0: 0000 00a8 feca f541 0000 00b0 adfa f541  .......A.......A
000007b0: 0000 00b8 5c2a f641 0000 00c0 0b5a f641  ....\*.A.....Z.A
000007c0: 0000 00c8 ba89 f641 0000 00d0 69b9 f641  .......A....i..A
000007d0: 0000 00d8 18e9 f641 0000 00e0 c718 f741  .......A.......A
000007e0: 0000 00e8 7648 f741 0000 00f0 2578 f741  ....vH.A....%x.A
000007f0: 0000 00f8 d4a7 f741 0000 0000 84d7 f741  .......A.......A
00000800: 0000 0008 3307 f841 0000 0010 e236 f841  ....3..A.....6.A
00000810: 0000 0018 9166 f841 0000 0020 4096 f841  .....f.A... @..A
00000820: 0000 0028 efc5 f841 0000 0030 9ef5 f841  ...(...A...0...A
00000830: 0000 0038 4d25 f941 0000 0040 fc54 f941  ...8M%.A...@.T.A
00000840: 0000 0048 ab84 f941 0000 0050 5ab4 f941  ...H...A...PZ..A
00000850: 0000 0058 09e4 f941 0000 0060 b813 fa41  ...X...A...`...A
00000860: 0000 0068 6743 fa41 0000 0070 1673 fa41  ...hgC.A...p.s.A
00000870: 0000 0078 c5a2 fa41 0000 0080 74d2 fa41  ...x...A....t..A
00000880: 0000 0088 2302 fb41 0000 0090 d231 fb41  ....#..A.....1.A
00000890: 0000 0098 8161 fb41 0000 00a0 3091 fb41  .....a.A....0..A
000008a0: 0000 00a8 dfc0 fb41 0000 00b0 8ef0 fb41  .......A.......A
000008b0: 0000 00b8 3d20 fc41 0000 00c0 ec4f fc41  ....= .A.....O.A
000008c0: 0000 00c8 9b7f fc41 0000 00d0 4aaf fc41  .......A....J..A
000008d0: 0000 00d8 f9de fc41 0000 00e0 a80e fd41  .......A.......A
000008e0: 0000 00e8 573e fd41 0000 00f0 066e fd41  ....W>.A.....n.A
000008f0: 0000 00f8 b59d fd41 0000 0000 65cd fd41  .......A....e..A
00000900: 0000 0008 14fd fd41 0000 0010 c32c fe41  .......A.....,.A
00000910: 0000 0018 725c fe41 0000 0020 218c fe41  ....r\.A... !..A
00000920: 0000 0028 d0bb fe41 0000 0030 7feb fe41  ...(...A...0...A
00000930: 0000 0038 2e1b ff41 0000 0040 dd4a ff41  ...8...A...@.J.A
00000940: 0000 0048 8c7a ff41 0000 0050 3baa ff41  ...H.z.A...P;..A
00000950: 0000 0058 ead9 ff41 0000 00b0 cc04 0042  ...X...A.......B
00000960: 0000 0034 a41c 0042 0000 00b8 7b34 0042  ...4...B....{4.B
00000970: 0000 003c 534c 0042 0000 00c0 2a64 0042  ...<SL.B....*d.B
00000980: 0000 0044 027c 0042 0000 00c8 d993 0042  ...D.|.B.......B
00000990: 0000 004c b1ab 0042 0000 00d0 88c3 0042  ...L...B.......B
000009a0: 0000 0054 60db 0042 0000 00d8 37f3 0042  ...T`..B....7..B
000009b0: 0000 005c 0f0b 0142 0000 00e0 e622 0142  ...\...B.....".B
000009c0: 0000 0064 be3a 0142 0000 00e8 9552 0142  ...d.:.B.....R.B
000009d0: 0000 006c 6d6a 0142 0000 00f0 4482 0142  ...lmj.B....D..B
000009e0: 0000 0074 1c9a 0142 0000 00f8 f3b1 0142  ...t...B.......B
000009f0: 0000 007c cbc9 0142 0000 0000 a3e1 0142  ...|...B.......B
00000a00: 0000 0084 7af9 0142 0000 0008 5211 0242  ....z..B....R..B
00000a10: 0000 008c 2929 0242 0000 0010 0141 0242  ....)).B.....A.B
00000a20: 0000 0094 d858 0242 0000 0018 b070 0242  .....X.B.....p.B
00000a30: 0000 009c 8788 0242 0000 0020 5fa0 0242  .......B... _..B
00000a40: 0000 00a4 36b8 0242 0000 0028 0ed0 0242  ....6..B...(...B
00000a50: 0000 00ac e5e7 0242 0000 0030 bdff 0242  .......B...0...B
00000a60: 0000 00b4 9417 0342 0000 0038 6c2f 0342  .......B...8l/.B
00000a70: 0000 00bc 4347 0342 0000 0040 1b5f 0342  ....CG.B...@._.B
00000a80: 0000 00c4 f276 0342 0000 0048 ca8e 0342  .....v.B...H...B
00000a90: 0000 00cc a1a6 0342 0000 0050 79be 0342  .......B...Py..B
00000aa0: 0000 00d4 50d6 0342 0000 0058 28ee 0342  ....P..B...X(..B
00000ab0: 0000 00dc ff05 0442 0000 0060 d71d 0442  .......B...`...B
00000ac0: 0000 00e4 ae35 0442 0000 0068 864d 0442  .....5.B...h.M.B
00000ad0: 0000 00ec 5d65 0442 0000 0070 357d 0442  ....]e.B...p5}.B
00000ae0: 0000 00f4 0c95 0442 0000 0078 e4ac 0442  .......B...x...B
00000af0: 0000 00fc bbc4 0442 0000 0080 93dc 0442  .......B.......B
00000b00: 0000 0004 6bf4 0442 0000 0088 420c 0542  ....k..B....B..B
00000b10: 0000 000c 1a24 0542 0000 0090 f13b 0542  .....$.B.....;.B
00000b20: 0000 0014 c953 0542 0000 0098 a06b 0542  .....S.B.....k.B
00000b30: 0000 001c 7883 0542 0000 00a0 4f9b 0542  ....x..B....O..B
00000b40: 0000 0024 27b3 0542 0000 00a8 feca 0542  ...$'..B.......B
00000b50: 0000 002c d6e2 0542 0000 00b0 adfa 0542  ...,...B.......B
00000b60: 0000 0034 8512 0642 0000 00b8 5c2a 0642  ...4...B....\*.B
00000b70: 0000 003c 3442 0642 0000 00c0 0b5a 0642  ...<4B.B.....Z.B
00000b80: 0000 0044 e371 0642 0000 00c8 ba89 0642  ...D.q.B.......B
00000b90: 0000 004c 92a1 0642 0000 00d0 69b9 0642  ...L...B....i..B
00000ba0: 0000 0054 41d1 0642 0000 00d8 18e9 0642  ...TA..B.......B
00000bb0: 0000 005c f000 0742 0000 00e0 c718 0742  ...\...B.......B
00000bc0: 0000 0064 9f30 0742 0000 00e8 7648 0742  ...d.0.B....vH.B
00000bd0: 0000 006c 4e60 0742 0000 00f0 2578 0742  ...lN`.B....%x.B
00000be0: 0000 0074 fd8f 0742 0000 00f8 d4a7 0742  ...t...B.......B
00000bf0: 0000 007c acbf 0742 0000 0000 84d7 0742  ...|...B.......B
00000c00: 0000 0084 5bef 0742 0000 0008 3307 0842  ....[..B....3..B
00000c10: 0000 008c 0a1f 0842 0000 0010 e236 0842  .......B.....6.B
00000c20: 0000 0094 b94e 0842 0000 0018 9166 0842  .....N.B.....f.B
00000c30: 0000 009c 687e 0842 0000 0020 4096 0842  ....h~.B... @..B
00000c40: 0000 00a4 17ae 0842 0000 0028 efc5 0842  .......B...(...B
00000c50: 0000 00ac c6dd 0842 0000 0030 9ef5 0842  .......B...0...B
00000c60: 0000 00b4 750d 0942 0000 0038 4d25 0942  ....u..B...8M%.B
00000c70: 0000 00bc 243d 0942 0000 0040 fc54 0942  ....$=.B...@.T.B
00000c80: 0000 00c4 d36c 0942 0000 0048 ab84 0942  .....l.B...H...B
00000c90: 0000 00cc 829c 0942 0000 0050 5ab4 0942  .......B...PZ..B
00000ca0: 0000 00d4 31cc 0942 0000 0058 09e4 0942  ....1..B...X...B
00000cb0: 0000 00dc e0fb 0942 0000 0060 b813 0a42  .......B...`...B
00000cc0: 0000 00e4 8f2b 0a42 0000 0068 6743 0a42  .....+.B...hgC.B
00000cd0: 0000 00ec 3e5b 0a42 0000 0070 1673 0a42  ....>[.B...p.s.B
00000ce0: 0000 00f4 ed8a 0a42 0000 0078 c5a2 0a42  .......B...x...B
00000cf0: 0000 00fc 9cba 0a42 0000 0080 74d2 0a42  .......B....t..B
00000d00: 0000 0004 4cea 0a42 0000 0088 2302 0b42  ....L..B....#..B
00000d10: 0000 000c fb19 0b42 0000 0090 d231 0b42  .......B.....1.B
00000d20: 0000 0014 aa49 0b42 0000 0098 8161 0b42  .....I.B.....a.B
00000d30: 0000 001c 5979 0b42 0000 00a0 3091 0b42  ....Yy.B....0..B
00000d40: 0000 0024 08a9 0b42 0000 00a8 dfc0 0b42  ...$...B.......B
00000d50: 0000 002c b7d8 0b42 0000 00b0 8ef0 0b42  ...,...B.......B
00000d60: 0000 0034 6608 0c42 0000 00b8 3d20 0c42  ...4f..B....= .B
00000d70: 0000 003c 1538 0c42 0000 00c0 ec4f 0c42  ...<.8.B.....O.B
00000d80: 0000 0044 c467 0c42 0000 00c8 9b7f 0c42  ...D.g.B.......B
00000d90: 0000 004c 7397 0c42 0000 00d0 4aaf 0c42  ...Ls..B....J..B
00000da0: 0000 0054 22c7 0c42 0000 00d8 f9de 0c42  ...T"..B.......B
00000db0: 0000 005c d1f6 0c42 0000 00e0 a80e 0d42  ...\...B.......B
00000dc0: 0000 0064 8026 0d42 0000 00e8 573e 0d42  ...d.&.B....W>.B
00000dd0: 0000 006c 2f56 0d42 0000 00f0 066e 0d42  ...l/V.B.....n.B
00000de0: 0000 0074 de85 0d42 0000 00f8 b59d 0d42  ...t...B.......B
00000df0: 0000 007c 8db5 0d42 0000 0000 65cd 0d42  ...|...B....e..B
00000e00: 0000 0084 3ce5 0d42 0000 0008 14fd 0d42  ....<..B.......B
00000e10: 0000 008c eb14 0e42 0000 0010 c32c 0e42  .......B.....,.B
00000e20: 0000 0094 9a44 0e42 0000 0018 725c 0e42  .....D.B....r\.B
00000e30: 0000 009c 4974 0e42 0000 0020 218c 0e42  ....It.B... !..B
00000e40: 0000 00a4 f8a3 0e42 0000 0028 d0bb 0e42  .......B...(...B
00000e50: 0000 00ac a7d3 0e42 0000 0030 7feb 0e42  .......B...0...B
00000e60: 0000 00b4 5603 0f42 0000 0038 2e1b 0f42  ....V..B...8...B
00000e70: 0000 00bc 0533 0f42 0000 0040 dd4a 0f42  .....3.B...@.J.B
00000e80: 0000 00c4 b462 0f42 0000 0048 8c7a 0f42  .....b.B...H.z.B
00000e90: 0000 00cc 6392 0f42 0000 0050 3baa 0f42  ....c..B...P;..B
00000ea0: 0000 00d4 12c2 0f42 0000 0058 ead9 0f42  .......B...X...B
00000eb0: 0000 00dc c1f1 0f42 0000 00b0 cc04 1042  .......B.......B
00000ec0: 0000 0072 b810 1042 0000 0034 a41c 1042  ...r...B...4...B
00000ed0: 0000 00f6 8f28 1042 0000 00b8 7b34 1042  .....(.B....{4.B
00000ee0: 0000 007a 6740 1042 0000 003c 534c 1042  ...zg@.B...<SL.B
00000ef0: 0000 00fe 3e58 1042 0000 00c0 2a64 1042  ....>X.B....*d.B
00000f00: 0000 0082 1670 1042 0000 0044 027c 1042  .....p.B...D.|.B
00000f10: 0000 0006 ee87 1042 0000 00c8 d993 1042  .......B.......B
00000f20: 0000 008a c59f 1042 0000 004c b1ab 1042  .......B...L...B
00000f30: 0000 000e 9db7 1042 0000 00d0 88c3 1042  .......B.......B
00000f40: 0000 0092 74cf 1042 0000 0054 60db 1042  ....t..B...T`..B
00000f50: 0000 0016 4ce7 1042 0000 00d8 37f3 1042  ....L..B....7..B
00000f60: 0000 009a 23ff 1042 0000 005c 0f0b 1142  ....#..B...\...B
00000f70: 0000 001e fb16 1142 0000 00e0 e622 1142  .......B.....".B
00000f80: 0000 00a2 d22e 1142 0000 0064 be3a 1142  .......B...d.:.B
00000f90: 0000 0026 aa46 1142 0000 00e8 9552 1142  ...&.F.B.....R.B
00000fa0: 0000 00aa 815e 1142 0000 006c 6d6a 1142  .....^.B...lmj.B
00000fb0: 0000 002e 5976 1142 0000 00f0 4482 1142  ....Yv.B....D..B
00000fc0: 0000 00b2 308e 1142 0000 0074 1c9a 1142  ....0..B...t...B
00000fd0: 0000 0036 08a6 1142 0000 00f8 f3b1 1142  ...6...B.......B
00000fe0: 0000 00ba dfbd 1142 0000 007c cbc9 1142  .......B...|...B
00000ff0: 0000 003e b7d5 1142 0000 0000 a3e1 1142  ...>...B.......B
00001000: 0000 00c2 8eed 1142 0000 0084 7af9 1142  .......B....z..B
00001010: 0000 0046 6605 1242 0000 0008 5211 1242  ...Ff..B....R..B
00001020: 0000 00ca 3d1d 1242 0000 008c 2929 1242  ....=..B....)).B
00001030: 0000 004e 1535 1242 0000 0010 0141 1242  ...N.5.B.....A.B
00001040: 0000 00d2 ec4c 1242 0000 0094 d858 1242  .....L.B.....X.B
00001050: 0000 0056 c464 1242 0000 0018 b070 1242  ...V.d.B.....p.B
00001060: 0000 00da 9b7c 1242 0000 009c 8788 1242  .....|.B.......B
00001070: 0000 005e 7394 1242 0000 0020 5fa0 1242  ...^s..B... _..B
00001080: 0000 00e2 4aac 1242 0000 00a4 36b8 1242  ....J..B....6..B
00001090: 0000 0066 22c4 1242 0000 0028 0ed0 1242  ...f"..B...(...B
000010a0: 0000 00ea f9db 1242 0000 00ac e5e7 1242  .......B.......B
000010b0: 0000 006e d1f3 1242 0000 0030 bdff 1242  ...n...B...0...B
000010c0: 0000 00f2 a80b 1342 0000 00b4 9417 1342  .......B.......B
000010d0: 0000 0076 8023 1342 0000 0038 6c2f 1342  ...v.#.B...8l/.B
000010e0: 0000 00fa 573b 1342 0000 00bc 4347 1342  ....W;.B....CG.B
000010f0: 0000 007e 2f53 1342 0000 0040 1b5f 1342  ...~/S.B...@._.B
00001100: 0000 0002 076b 1342 0000 00c4 f276 1342  .....k.B.....v.B
00001110: 0000 0086 de82 1342 0000 0048 ca8e 1342  .......B...H...B
00001120: 0000 000a b69a 1342 0000 00cc a1a6 1342  .......B.......B
00001130: 0000 008e 8db2 1342 0000 0050 79be 1342  .......B...Py..B
00001140: 0000 0012 65ca 1342 0000 00d4 50d6 1342  ....e..B....P..B
00001150: 0000 0096 3ce2 1342 0000 0058 28ee 1342  ....<..B...X(..B
00001160: 0000 001a 14fa 1342 0000 00dc ff05 1442  .......B.......B
00001170: 0000 009e eb11 1442 0000 0060 d71d 1442  .......B...`...B
00001180: 0000 0022 c329 1442 0000 00e4 ae35 1442  ...".).B.....5.B
00001190: 0000 00a6 9a41 1442 0000 0068 864d 1442  .....A.B...h.M.B
000011a0: 0000 002a 7259 1442 0000 00ec 5d65 1442  ...*rY.B....]e.B
000011b0: 0000 00ae 4971 1442 0000 0070 357d 1442  ....Iq.B...p5}.B
000011c0: 0000 0032 2189 1442 0000 00f4 0c95 1442  ...2!..B.......B
000011d0: 0000 00b6 f8a0 1442 0000 0078 e4ac 1442  .......B...x...B
000011e0: 0000 003a d0b8 1442 0000 00fc bbc4 1442  ...:...B.......B
000011f0: 0000 00be a7d0 1442 0000 0080 93dc 1442  .......B.......B
00001200: 0000 0042 7fe8 1442 0000 0004 6bf4 1442  ...B...B....k..B
00001210: 0000 00c6 5600 1542 0000 0088 420c 1542  ....V..B....B..B
00001220: 0000 004a 2e18 1542 0000 000c 1a24 1542  ...J...B.....$.B
00001230: 0000 00ce 0530 1542 0000 0090 f13b 1542  .....0.B.....;.B
00001240: 0000 0052 dd47 1542 0000 0014 c953 1542  ...R.G.B.....S.B
00001250: 0000 00d6 b45f 1542 0000 0098 a06b 1542  ....._.B.....k.B
00001260: 0000 005a 8c77 1542 0000 001c 7883 1542  ...Z.w.B....x..B
00001270: 0000 00de 638f 1542 0000 00a0 4f9b 1542  ....c..B....O..B
00001280: 0000 0062 3ba7 1542 0000 0024 27b3 1542  ...b;..B...$'..B
00001290: 0000 00e6 12bf 1542 0000 00a8 feca 1542  .......B.......B
000012a0: 0000 006a ead6 1542 0000 002c d6e2 1542  ...j...B...,...B
000012b0: 0000 00ee c1ee 1542 0000 00b0 adfa 1542  .......B.......B
000012c0: 0000 0072 9906 1642 0000 0034 8512 1642  ...r...B...4...B
000012d0: 0000 00f6 701e 1642 0000 00b8 5c2a 1642  ....p..B....\*.B
000012e0: 0000 007a 4836 1642 0000 003c 3442 1642  ...zH6.B...<4B.B
000012f0: 0000 00fe 1f4e 1642 0000 00c0 0b5a 1642  .....N.B.....Z.B
00001300: 0000 0082 f765 1642 0000 0044 e371 1642  .....e.B...D.q.B
00001310: 0000 0006 cf7d 1642 0000 00c8 ba89 1642  .....}.B.......B
00001320: 0000 008a a695 1642 0000 004c 92a1 1642  .......B...L...B
00001330: 0000 000e 7ead 1642 0000 00d0 69b9 1642  ....~..B....i..B
00001340: 0000 0092 55c5 1642 0000 0054 41d1 1642  ....U..B...TA..B
00001350: 0000 0016 2ddd 1642 0000 00d8 18e9 1642  ....-..B.......B
00001360: 0000 009a 04f5 1642 0000 005c f000 1742  .......B...\...B
00001370: 0000 001e dc0c 1742 0000 00e0 c718 1742  .......B.......B
00001380: 0000 00a2 b324 1742 0000 0064 9f30 1742  .....$.B...d.0.B
00001390: 0000 0026 8b3c 1742 0000 00e8 7648 1742  ...&.<.B....vH.B
000013a0: 0000 00aa 6254 1742 0000 006c 4e60 1742  ....bT.B...lN`.B
000013b0: 0000 002e 3a6c 1742 0000 00f0 2578 1742  ....:l.B....%x.B
000013c0: 0000 00b2 1184 1742 0000 0074 fd8f 1742  .......B...t...B
000013d0: 0000 0036 e99b 1742 0000 00f8 d4a7 1742  ...6...B.......B
000013e0: 0000 00ba c0b3 1742 0000 007c acbf 1742  .......B...|...B
000013f0: 0000 003e 98cb 1742 0000 0000 84d7 1742  ...>...B.......B
00001400: 0000 00c2 6fe3 1742 0000 0084 5bef 1742  ....o..B....[..B
00001410: 0000 0046 47fb 1742 0000 0008 3307 1842  ...FG..B....3..B
00001420: 0000 00ca 1e13 1842 0000 008c 0a1f 1842  .......B.......B
00001430: 0000 004e f62a 1842 0000 0010 e236 1842  ...N.*.B.....6.B
00001440: 0000 00d2 cd42 1842 0000 0094 b94e 1842  .....B.B.....N.B
00001450: 0000 0056 a55a 1842 0000 0018 9166 1842  ...V.Z.B.....f.B
00001460: 0000 00da 7c72 1842 0000 009c 687e 1842  ....|r.B....h~.B
00001470: 0000 005e 548a 1842 0000 0020 4096 1842  ...^T..B... @..B
00001480: 0000 00e2 2ba2 1842 0000 00a4 17ae 1842  ....+..B.......B
00001490: 0900 0f00 0b00 2b00 9948 803f c733 b8bb  ......+..H.?.3..
000014a0: 323d 803f ba74 b3bb 5132 803f 250d acbb  2=.?.t..Q2.?%...
000014b0: 9727 803f f06a a6bb 0f20 803f d10c 9ebb  .'.?.j... .?....
000014c0: 561a 803f 6cb6 98bb 0114 803f 9af4 92bb  V..?l......?....
000014d0: 8b0e 803f cc8d 8dbb ec0b 803f 30dd 8abb  ...?.......?0...
000014e0: 0308 803f 96ba 85bb eb05 803f c028 84bb  ...?.......?.(..
000014f0: fd03 803f 624b 82bb a700 803f b113 7ebb  ...?bK.....?..~.
00001500: 0000 803f 465f 76bb 59fa 7f3f 700a 72bb  ...?F_v.Y..?p.r.
00001510: 25f6 7f3f 48c8 71bb e6f6 7f3f 3b25 6ebb  %..?H.q....?;%n.
00001520: c9f0 7f3f 11dd 6abb c5f1 7f3f e587 69bb  ...?..j....?..i.
00001530: a2ec 7f3f f6b6 69bb 96ed 7f3f 555b 67bb  ...?..i....?U[g.
00001540: 29e8 7f3f a917 66bb 4cea 7f3f 68d0 64bb  )..?..f.L..?h.d.
00001550: 6feb 7f3f bebb 64bb 87e8 7f3f 37c0 65bb  o..?..d....?7.e.
00001560: 04e4 7f3f 75b6 62bb 7ae1 7f3f cdbe 62bb  ...?u.b.z..?..b.
00001570: 27e4 7f3f 9283 63bb 34e2 7f3f c004 64bb  '..?..c.4..?..d.
00001580: 49e0 7f3f 808f 57bb 18e1 7f3f a81d 6ebb  I..?..W....?..n.
00001590: 57e4 7f3f 19c2 65bb aad9 7f3f 46fd 6cbb  W..?..e....?F.l.
000015a0: 6de2 7f3f d9f2 75bb 48da 7f3f 2b58 77bb  m..?..u.H..?+Xw.
000015b0: 49d6 7f3f e236 80bb a9d3 7f3f fb60 8abb  I..?.6.....?.`..
000015c0: afd4 7f3f 0e1c 97bb a9d7 7f3f 350e aabb  ...?.......?5...
000015d0: 3fd6 7f3f 3d46 c4bb 22d3 7f3f 15da f7bb  ?..?=F.."..?....
000015e0: e4d7 7f3f 68a7 1bbc 6fd3 7f3f 64ff 4ebc  ...?h...o..?d.N.
000015f0: 9acd 7f3f 3494 89bc 63c7 7f3f 5691 bebc  ...?4...c..?V...
00001600: 84ac 7f3f d66c 06bd 969d 7f3f f6db 2ebd  ...?.l.....?....
00001610: 534b 7f3f f048 83bd 53ea 7e3f 2029 aebd  SK.?.H..S.~? )..
00001620: 9a4a 7e3f 45e1 d9bd 89a6 7d3f d695 02be  .J~?E.....}?....
00001630: 95e4 7c3f 294a 18be 0601 7c3f fef5 2dbe  ..|?)J....|?..-.
00001640: 8e01 7b3f c671 43be cde4 793f 18ff 58be  ..{?.qC...y?..X.
00001650: 259c 723f 6e6d a1be 3787 683f b87b d4be  %.r?nm..7.h?.{..
00001660: 7fbe 5b3f 6e7f 02bf c97c 4c3f 881a 19bf  ..[?n....|L?....
00001670: 01d0 3a3f 5b0f 2ebf ec03 273f 5bea 40bf  ..:?[.....'?[.@.
00001680: 6a50 113f b59a 51bf 53fd f33e f2ce 5fbf  jP.?..Q.S..>.._.
00001690: 8155 c23e c27e 6bbf 50bd 8e3e 8f5d 74bf  .U.>.~k.P..>.]t.
000016a0: aad6 323e ac73 7abf 1efc 8b3d 3c9a 7dbf  ..2>.sz....=<.}.
000016b0: 7246 1fbd 25bc 7dbf 3387 14be 7a08 7bbf  rF..%.}.3...z.{.
000016c0: 0177 7fbe 364f 75bf eeec b3be fcb6 6cbf  .w..6Ou.......l.
000016d0: 87a2 e5be 1e59 61bf 7d54 0abf 7544 53bf  .....Ya.}T..uDS.
000016e0: 7803 20bf 5bd9 42bf e3f2 33bf ea25 30bf  x. .[.B...3..%0.
000016f0: 82a5 45bf 494e 1bbf 68dd 54bf c1d3 04bf  ..E.IN..h.T.....
00001700: 2889 61bf 62cb d9be 4aae 6bbf a749 a7be  (.a.b...J.k..I..
00001710: 3fde 72bf 10d9 66be 0b5a 77bf 9ffb f7bd  ?.r...f..Zw.....
00001720: fbe5 78bf 2f19 83bc a48b 77bf 9c03 b73d  ..x./.....w....=
00001730: cf43 73bf 01d8 453e 6d20 6cbf 55d3 963e  .Cs...E>m l.U..>
00001740: 3b45 62bf f3df c83e e7c2 55bf 1459 f83e  ;Eb....>..U..Y.>
00001750: c4c2 46bf f074 123f f17c 35bf 5fdf 263f  ..F..t.?.|5._.&?
00001760: 6e13 22bf b652 393f e0e1 0cbf 5183 493f  n."..R9?....Q.I?
00001770: cf15 ecbe e75d 573f 5cf4 bbbe b08c 623f  .....]W?\.....b?
00001780: c8bc 89be 3d24 6b3f 0d71 2cbe 99f0 703f  ....=$k?.q,...p?
00001790: 4fbc 86bd 11ea 733f 1259 1a3d 8514 743f  O.....s?.Y.=..t?
000017a0: 8656 0f3e e16e 713f f23f 763e 54f1 6b3f  .V.>.nq?.?v>T.k?
000017b0: 38e8 ac3e b8ca 633f d1dc dc3e affa 583f  8..>..c?...>..X?
000017c0: 41f9 043f cbb2 4b3f 0d06 1a3f a014 3c3f  A..?..K?...?..<?
000017d0: 332b 2d3f c554 2a3f 7969 3e3f 19aa 163f  3+-?.T*?yi>?...?
000017e0: 6e58 4d3f f860 013f 29ee 593f d10c d53e  nXM?.`.?).Y?...>
000017f0: 7809 643f 4408 a53e 7870 6b3f 859f 663e  x.d?D..>xpk?..f>
00001800: 1f34 703f 8b38 003e 2428 723f bd83 c73c  .4p?.8.>$(r?...<
00001810: 815f 713f 118a 9dbd 0ed8 6d3f 8e7f 35be  ._q?......m?..5.
00001820: eca0 673f 51f8 8cbe c4bd 5e3f ad7f bdbe  ..g?Q.....^?....
00001830: d95a 533f d3e9 ebbe db8f 453f 80b6 0bbf  .ZS?......E?....
00001840: 188a 353f 8f08 20bf 1770 233f 7a6f 32bf  ..5?.. ..p#?zo2.
00001850: eb84 0f3f 12ce 42bf b0ea f33e 6bfa 50bf  ...?..B....>k.P.
00001860: 400f c63e a8c0 5cbf 7513 963e 0008 66bf  @..>..\.u..>..f.
00001870: d773 483e 0fae 6cbf 33cd c53d f5a5 70bf  .sH>..l.3..=..p.
00001880: 13a9 79bb 84e4 71bf 1f24 d5bd f66c 70bf  ..y...q..$...lp.
00001890: 92d9 4fbe 2937 6cbf 029d 99be 6a5b 65bf  ..O.)7l.....j[e.
000018a0: 613d c9be c3eb 5bbf 43c7 f6be 8ff9 4fbf  a=....[.C.....O.
000018b0: 95b6 10bf cdb8 41bf 4864 24bf 6f35 31bf  ......A.Hd$.o51.
000018c0: 0645 36bf 53c6 1ebf 7919 46bf 0789 0abf  .E6.S...y.F.....
000018d0: 1794 53bf e180 e9be 00af 5ebf 3c49 bbbe  ..S.......^.<I..
000018e0: 8d4f 67bf a0ff 8abe 7952 6dbf 4189 32be  .Og.....yRm.A.2.
000018f0: 73a2 70bf 2934 9abd 7342 71bf 4ffd c93c  s.p.)4..sBq.O..<
00001900: cc29 6fbf d632 fe3d ad72 6abf e398 633e  .)o..2.=.rj...c>
00001910: 0a0f 63bf c2c1 a23e 6530 59bf a6bc d13e  ..c....>e0Y....>
00001920: e4d1 4cbf fea3 fe3e cd19 3ebf bc42 143f  ..L....>..>..B.?
00001930: 6853 2dbf 2e76 273f 849b 1abf ddc7 383f  hS-..v'?......8?
00001940: 6c20 06bf 401e 483f 3768 e0be 0916 553f  l ..@.H?7h....U?
00001950: 0fcd b1be 95b9 5f3f b961 81be 4eda 673f  ......_?.a..N.g?
00001960: 44e8 1ebe c751 6d3f 8607 66bd 7c22 703f  D....Qm?..f.|"p?
00001970: 8ddd 333d 9a37 703f 45b4 123e 5f95 6d3f  ..3=.7p?E..>_.m?
00001980: e5ef 763e 324f 683f 761e ac3e 6061 603f  ..v>2Oh?v..>`a`?
00001990: adcf da3e 3fe9 553f fc83 033f 8202 493f  ...>?.U?...?..I?
000019a0: 1e21 183f d7d0 393f e107 2b3f f588 283f  .!.?..9?..+?..(?
000019b0: 76fc 3b3f 924a 153f 73c8 4a3f 595d 003f  v.;?.J.?s.J?Y].?
000019c0: a147 573f 5afd d33e 4c4f 613f 8bce a43e  .GW?Z..>LOa?...>
000019d0: 20c5 683f 3b6c 673e dc8e 6d3f 558f 023e   .h?;lg>..m?U..>
000019e0: ff9d 6f3f 921d e23c b6f1 6e3f 9c6f 94bd  ..o?...<..n?.o..
000019f0: 8587 6b3f 49fa 2fbe 6f6a 653f 79cb 89be  ..k?I./.oje?y...
00001a00: 419b 5c3f d708 babe 1a55 513f 0e21 e8be  A.\?.....UQ?.!..
00001a10: 6aa7 433f 72c5 09bf 26b1 333f 5ae0 1dbf  j.C?r...&.3?Z...
00001a20: 7caf 213f 7720 30bf 4fd0 0d3f c05e 40bf  |.!?w 0.O..?.^@.
00001a30: 9ca2 f03e ee5c 4ebf b3f9 c23e 34f9 59bf  ...>.\N....>4.Y.
00001a40: 9b0a 933e 2f0b 63bf beff 423e fb84 69bf  ...>/.c...B>..i.
00001a50: 0fad bb3d 6744 6dbf 0d86 04bc cb47 6ebf  ...=gDm......Gn.
00001a60: c97e dcbd 8a94 6cbf b6bc 52be 2326 68bf  .~....l...R.#&h.
00001a70: ef4c 9abe 410b 61bf 0c67 c9be be65 57bf  .L..A.a..g...eW.
00001a80: 701c f6be f44b 4bbf 3df0 0fbf 96e2 3cbf  p....KK.=.....<.
00001a90: 5f29 23bf ea53 2cbf aa7f 34bf e4de 19bf  _)#..S,...4.....
00001aa0: 24b4 43bf 7caf 05bf ddae 50bf b112 e0be  $.C.|.....P.....
00001ab0: 773e 5bbf e663 b2be 4f54 63bf ccb3 82be  w>[..c..OTc.....
00001ac0: d5cc 68bf 0d75 23be 28ab 6bbf 687e 7fbd  ..h..u#.(.k.h~..
00001ad0: e5db 6bbf 0d7e 103d d26d 69bf ef7b 073e  ..k..~.=.mi..{.>
00001ae0: 7b62 64bf 150f 693e 00db 5cbf 1fe1 a33e  {bd...i>..\....>
00001af0: 56d9 52bf 4848 d13e a295 46bf a243 fc3e  V.R.HH.>..F..C.>
00001b00: 5925 38bf b62b 123f bab9 27bf d290 243f  Y%8..+.?..'...$?
00001b10: be83 15bf b01b 353f 2cb0 01bf 2ea3 433f  ......5?,.....C?
00001b20: f4f2 d8be bbfe 4f3f 4959 acbe ce0b 5a3f  ......O?IY....Z?
00001b30: 23cb 7bbe 30b9 613f 9660 1cbe b7f1 663f  #.{.0.a?.`....f?
00001b40: 0217 6ebd 1fa2 693f c8e2 173d 00c8 693f  ..n...i?...=..i?
00001b50: f2c7 063e fe6b 673f db12 663e eb8b 623f  ...>.kg?..f>..b?
00001b60: a76d a13e a840 5b3f 62f7 cd3e 229b 513f  .m.>.@[?b..>".Q?
00001b70: 1540 f83e 50b1 453f ebe6 0f3f 249d 373f  .@.>P.E?...?$.7?
00001b80: de27 223f 6294 273f c3a3 323f f5c4 153f  .'"?b.'?..2?...?
00001b90: 7e2a 413f 9351 023f 4f9b 4d3f b2f6 da3e  ~*A?.Q.?O.M?...>
00001ba0: 3bd0 573f 4de9 ae3e 26ad 5f3f dff3 803e  ;.W?M..>&._?...>
00001bb0: 871b 653f 0c40 233e 5c09 683f cdce 853d  ..e?.@#>\.h?...=
00001bc0: 6d70 683f 09f4 f1bc dd54 663f 925c febd  mph?.....Tf?.\..
00001bd0: 9bb3 613f 8e9d 5ebe 2198 5a3f 74c3 9dbe  ..a?..^.!.Z?t...
00001be0: fa15 513f 3c91 cabe d64e 453f 8d25 f5be  ..Q?<....NE?.%..
00001bf0: ad52 373f 1c89 0ebf 7550 273f 75e4 20bf  .R7?....uP'?u. .
00001c00: af76 153f 9482 31bf 84e7 013f eb2c 40bf  .v.?..1....?.,@.
00001c10: 13d7 d93e 55b0 4cbf d26a ad3e 46ef 56bf  ...>U.L..j.>F.V.
00001c20: fe25 7e3e 6ec4 5ebf 5890 1e3e 2e23 64bf  .%~>n.^.X..>.#d.
00001c30: d8ac 743d 01f2 66bf 8f40 14bd 1e2c 67bf  ..t=..f..@...,g.
00001c40: c5d9 06be f9cb 64bf 713c 67be 24d3 5fbf  ......d.q<g.$._.
00001c50: 6e7a a2be 1756 58bf cb8e cfbe 8260 4ebf  nz...VX......`N.
00001c60: 0745 fabe f00e 42bf 2a13 11bf 7490 33bf  .E....B.*...t.3.
00001c70: c35c 23bf c201 23bf 50cf 33bf 2195 10bf  .\#...#.P.3.!...
00001c80: 7828 42bf c309 f9be 984a 4ebf a11a cebe  x(B......JN.....
00001c90: 300d 58bf 7bc0 a0be 4f59 5fbf ca52 63be  0.X.{...OY_..Rc.
00001ca0: a715 64bf 6aa3 02be d135 66bf 3fd8 02bd  ..d.j....5f.?...
00001cb0: 4cbb 65bf 7d0c 833d 6a9a 62bf 4202 233e  L.e.}..=j.b.B.#>
00001cc0: 47e7 5cbf 9824 813e 42bb 54bf e349 af3e  G.\..$.>B.T..I.>
00001cd0: ef2d 4abf a662 db3e 8e5d 3dbf d278 023f  .-J..b.>.]=..x.?
00001ce0: ea65 2ebf 3bc1 153f b38b 1dbf 0f4e 273f  .e..;..?.....N'?
00001cf0: 91ed 0abf 77f7 363f 52a1 edbe 1b8d 443f  ....w.6?R.....D?
00001d00: 91db c2be 80eb 4f3f e0f8 95be 0bf7 583f  ......O?......X?
00001d10: 0b0e 4fbe 4596 5f3f c124 e0bd adbc 633f  ..O.E._?.$....c?
00001d20: 3c30 80bc d567 653f b603 a03d 7587 643f  <0...ge?...=u.d?
00001d30: 6d17 2f3e 0a32 613f d416 863e 9961 5b3f  m./>.2a?...>.a[?
00001d40: 4623 b33e 6c33 533f 182d de3e e2b8 483f  F#.>l3S?.-.>..H?
00001d50: 6462 033f 6f14 3c3f 3640 163f 2a6a 2d3f  db.?o.<?6@.?*j-?
00001d60: 0c74 273f 98e0 1c3f b3de 363f e7ab 0a3f  .t'?...?..6?...?
00001d70: 2046 443f 9ef7 ed3e 408f 4f3f 6d0f c43e   FD?...>@.O?m..>
00001d80: 6d9d 583f 6511 983e ac57 5f3f bb07 553e  m.X?e..>.W_?..U>
00001d90: bbae 633f b259 ef3d 3898 653f 9bb8 c83c  ..c?.Y.=8.e?...<
00001da0: 8e01 653f f537 8bbd c600 623f adac 23be  ..e?.7....b?..#.
00001db0: ed9a 5c3f 60dc 7fbe 65d6 543f 92a2 acbe  ..\?`...e.T?....
00001dc0: 17d3 4a3f 2768 d7be b6b3 3e3f 32ef ffbe  ..J?'h....>?2...
00001dd0: d08c 303f f6e1 12bf 6583 203f 4634 24bf  ..0?....e. ?F4$.
00001de0: a5c1 0e3f 4cc9 33bf a504 f73e dc78 41bf  ...?L.3....>.xA.
00001df0: 95db cd3e 1e1b 4dbf fd8f a23e 9094 56bf  ...>..M....>..V.
00001e00: f724 6b3e adc6 5dbf f0ad 0e3e c196 62bf  .$k>..]....>..b.
00001e10: 9e21 423d 3a00 65bf a667 38bd 1401 65bf  .!B=:.e..g8...e.
00001e20: 5056 0cbe 1485 62bf a8fc 68be a7a3 5dbf  PV....b...h...].
00001e30: b09d a1be c065 56bf e003 cdbe f4d7 4cbf  .....eV.......L.
00001e40: 423d f6be c011 41bf df63 0ebf ce34 33bf  B=....A..c...43.
00001e50: ce21 20bf 8470 23bf c42e 30bf 40df 11bf  .! ..p#...0.@...
00001e60: c04a 3ebf 2074 fdbe c454 4abf 5170 d4be  .J>. t...TJ.Qp..
00001e70: fb2d 54bf 8313 a9be 45b8 5bbf afc9 77be  .-T.....E.[...w.
00001e80: 74e0 60bf 71a3 1abe 908b 63bf 2b16 6fbd  t.`.q.....c.+.o.
00001e90: a6ba 63bf 4238 0e3d a76d 61bf c3a8 023e  ..c.B8.=.ma....>
00001ea0: fea4 5cbf b22c 603e fa67 55bf 0fab 9d3e  ..\..,`>.gU....>
00001eb0: fec9 4bbf 5f7c c93e a8f6 3fbf 6306 f33e  ..K._|.>..?.c..>
00001ec0: 8107 32bf 73ed 0c3f 361d 22bf e3c3 1e3f  ..2.s..?6."....?
00001ed0: 3662 10bf d0d0 2e3f 9f2d fabe 52ed 3c3f  6b.....?.-..R.<?
00001ee0: ded6 d0be 84eb 483f 2c28 a5be 2cb2 523f  ......H?,(..,.R?
00001ef0: 2f6a 6fbe b719 5a3f dafb 11be ca0e 5f3f  /jo...Z?......_?
00001f00: d270 4bbd dc8e 613f 0e97 323d ff86 613f  .pK...a?..2=..a?
00001f10: eca3 0b3e d6f1 5e3f 5e32 693e dfdb 593f  ...>..^?^2i>..Y?
00001f20: 31ef a13e 7552 523f 7e78 cd3e c571 483f  1..>uRR?~x.>.qH?
00001f30: 31a6 f63e 6051 3c3f 7481 0e3f c00f 2e3f  1..>`Q<?t..?...?
00001f40: f30e 203f 99d3 1d3f 17cd 2f3f a2d8 0b3f  .. ?...?../?...?
00001f50: e78d 3d3f 3a84 f03e b625 493f ceb5 c63e  ..=?:..>.%I?...>
00001f60: 876f 523f 339e 9a3e 8c52 593f 778c 593e  .oR?3..>.RY?w.Y>
00001f70: a5bb 5d3f 5c3d f73d 999b 5f3f b66b e13c  ..]?\=.=.._?.k.<
00001f80: 2ee7 5e3f 75d8 86bd 60ac 5b3f ec3a 22be  ..^?u...`.[?.:".
00001f90: 22ef 553f a00c 7fbe 0ec2 4d3f ab6d acbe  ".U?......M?.m..
00001fa0: 0435 433f 3f57 d7be 4c70 363f 419f ffbe  .5C??W..Lp6?A...
00001fb0: b0a1 273f 547c 12bf f0eb 163f 9b76 23bf  ..'?T|.....?.v#.
00001fc0: d47a 043f ec85 32bf 2c21 e13e c38a 3fbf  .z.?..2.,!.>..?.
00001fd0: 19d0 b63e f94e 4abf be73 8a3e 1cbc 52bf  ...>.NJ..s.>..R.
00001fe0: 853a 393e c3c0 58bf 8c79 b73d 3244 5cbf  .:9>..X..y.=2D\.
00001ff0: 08b0 35bb 3b40 5dbf 5924 c2bd 05b9 5bbf  ..5.;@].Y$....[.
00002000: f7fc 3dbe 6aac 57bf ad57 8cbe 6e29 51bf  ..=.j.W..W..n)Q.
00002010: f2e4 b7be e74d 48bf 6a4f e1be 0935 3dbf  .....MH.jO...5=.
00002020: bb0b 04bf 79f0 2fbf 59e5 15bf 35be 20bf  ....y./.Y...5. .
00002030: f205 26bf 42b6 0fbf 5430 34bf dd32 fabe  ..&.B...T04..2..
00002040: b74e 40bf a234 d2be a736 4abf dcf7 a7be  .N@..4...6J.....
00002050: 60d0 51bf 8dec 77be d1fe 56bf 261d 1dbe  `.Q...w...V.&...
00002060: 52be 59bf 93b4 81bd ab0a 5abf 6b68 df3c  R.Y.......Z.kh.<
00002070: 2fe6 57bf 342b f03d 3051 53bf 339e 523e  /.W.4+.=0QS.3.R>
00002080: 675b 4cbf d94f 953e 142d 43bf 5f7a bf3e  g[L..O.>.-C._z.>
00002090: f6ce 37bf 8b69 e73e 8b71 2abf 4f52 063f  ..7..i.>.q*.OR.?
000020a0: f931 1bbf e860 173f a649 0abf 49ba 263f  .1...`.?.I..I.&?
000020b0: 76da efbe 7128 343f 1580 c8be 6792 3f3f  v...q(4?....g.??
000020c0: 2402 9fbe 56d2 483f 8df9 67be a1d7 4f3f  $...V.H?..g...O?
000020d0: 3aaa 0fbe 3699 543f eb44 58bd 1dfa 563f  :...6.T?.DX...V?
000020e0: ef2b 103d ac0e 573f 42d9 fa3d a2bf 543f  .+.=..W?B..=..T?
000020f0: 870c 553e a52d 503f 4230 953e c25c 493f  ..U>.-P?B0.>.\I?
00002100: e71a be3e 2453 403f 6ee1 e43e a841 353f  ...>$S@?n..>.A5?
00002110: 7b8b 043f bb3e 283f cc2a 153f 9a77 193f  {..?.>(?.*.?.w.?
00002120: cd2c 243f 59fd 083f d85f 313f bb2f ee3e  .,$?Y..?._1?./.>
00002130: f39d 3c3f a5d0 c73e 03c5 453f 3557 9f3e  ..<?...>..E?5W.>
00002140: d8bf 4c3f da5a 6a3e 5c88 513f 2684 133e  ..L?.Zj>\.Q?&..>
00002150: d602 543f be01 6d3d d527 543f a15d ecbc  ..T?..m=.'T?.]..
00002160: c2f5 513f f60d ecbd 6c74 4d3f b415 4dbe  ..Q?....ltM?..M.
00002170: f8ac 463f 34f7 90be 9fab 3d3f caac b9be  ..F?4.....=?....
00002180: 8b98 323f c644 e0be df87 253f 8d27 02bf  ..2?.D....%?.'..
00002190: 8ba5 163f a5af 12bf e217 063f 8093 21bf  ...?.......?..!.
000021a0: e605 e83e eb97 2ebf f34f c13e 33a3 39bf  ...>.....O.>3.9.
000021b0: bc63 983e b889 42bf 9fd6 5b3e 7439 49bf  .c.>..B...[>t9I.
000021c0: 5755 043e 2d99 4dbf 04f7 2d3d 118e 4fbf  WU.>-.M...-=..O.
000021d0: e599 36bd 4123 4fbf 613c 06be c246 4cbf  ..6.A#O.a<...FL.
000021e0: 4aff 5cbe a90d 47bf 1a93 98be ac81 3fbf  J.\...G.......?.
000021f0: 5fb7 c0be a8b2 35bf 9b7f e6be 58c5 29bf  _.....5.....X.).
00002200: f8c6 04bf 56c7 1bbf 86a5 14bf 01f5 0bbf  ....V...........
00002210: 07b2 22bf 87fe f4be 10bf 2ebf 3827 cfbe  ..".........8'..
00002220: 97a7 38bf 15e1 a6be 2a47 40bf b80d 79be  ..8.....*G@...y.
00002230: 0282 45bf 50a6 21be 1045 48bf aa7e 90bd  ..E.P.!..EH..~..
00002240: a87c 48bf 71b3 903c e932 46bf 359b d73d  .|H.q..<.2F.5..=
00002250: c365 41bf b6f5 433e 6b2d 3abf ec9f 8c3e  .eA...C>k-:....>
00002260: 518b 30bf 827e b53e f9a4 24bf deeb db3e  Q.0..~.>..$....>
00002270: c3bc 16bf 4851 ff3e 80e0 06bf 08af 0f3f  ....HQ.>.......?
00002280: 3e9d eabe 90ca 1d3f 8f83 c4be 90ca 293f  >......?......)?
00002290: bceb 9bbe da81 333f cc19 63be 0dda 3a3f  ......3?..c...:?
000022a0: a775 0bbe 95bb 3f3f dd99 49bd 8e0b 423f  .u....??..I...B?
000022b0: 4399 1b3d 21d6 413f 6bf0 fe3d fc0b 3f3f  C..=!.A?k..=..??
000022c0: 40fe 553e 34be 393f 95a9 943e d511 323f  @.U>4.9?...>..2?
000022d0: 7028 bc3e 6e0e 283f 1208 e13e b2e5 1b3f  p(.>n.(?...>...?
000022e0: 1976 013f a9c5 0d3f 0597 103f cda7 fb3e  .v.?...?...?...>
000022f0: 9dcf 1d3f 29a3 d83e 80ea 283f 84ef b23e  ...?)..>..(?...>
00002300: 0dc5 313f 1d1d 8b3e f84f 383f 4c49 433e  ..1?...>.O8?LIC>
00002310: 5881 3c3f d184 dc3d da38 3e3f 846a bf3c  X.<?...=.8>?.j.<
00002320: a07e 3d3f 4b8f 79bd d662 3a3f af96 13be  .~=?K.y..b:?....
00002330: 4be4 343f 618e 66be 862c 2d3f 3d18 9bbe  K.4?a.f..,-?=...
00002340: a749 233f 28d3 c0be ca66 173f a701 e4be  .I#?(....f.?....
00002350: 2cb5 093f 3a19 02bf be83 f43e a982 10bf  ,..?:......>....
00002360: a3d3 d23e 671b 1dbf 22c7 ae3e d0ae 27bf  ...>g..."..>..'.
00002370: 43bb 883e 1f42 30bf 7737 423e b094 36bf  C..>.B0.w7B>..6.
00002380: 52b2 e13d 58a9 3abf 9583 f53c 6d92 3cbf  R..=X.:....<m.<.
00002390: d0be 4dbd d938 3cbf 9fb6 04be 4e99 39bf  ..M..8<.....N.9.
000023a0: b801 54be a1da 34bf 464f 90be 27f7 2dbf  ..T...4.FO..'.-.
000023b0: beb2 b4be 761d 25bf 20e7 d6be e164 1abf  ....v.%. ....d..
000023c0: 6c82 f6be 1fee 0dbf 9e93 09bf d5d2 ffbe  l...............
000023d0: 3b4c 16bf 0bf7 e0be 7b3e 21bf 1aac bfbe  ;L......{>!.....
000023e0: 345a 2abf 7c41 9cbe 7a7f 31bf e88d 6ebe  4Z*.|A..z.1...n.
000023f0: b2a1 36bf cd31 22be 26bd 39bf 2d5f a8bd  ..6..1".&.9.-_..
00002400: 07bd 3abf 101d acbb 54a2 39bf c99c 923d  ..:.....T.9....=
00002410: 2a7c 36bf 040e 173e 5254 31bf 13d2 623e  *|6....>RT1...b>
00002420: 0f37 2abf 1f01 963e ea35 21bf 02d8 b83e  .7*....>.5!....>
00002430: 6160 16bf b9b0 d93e b3e4 09bf fdf8 f73e  a`.....>.......>
00002440: 8fc1 f7be 72ba 093f f9ed d8be f9e6 153f  ....r..?.......?
00002450: 71c0 b7be 916a 203f c872 94be 5b18 293f  q....j ?.r..[.)?
00002460: b201 5fbe 7fe4 2f3f 18ab 12be e9a5 343f  .._.../?......4?
00002470: c0e5 88bd c559 373f dc30 273c d8f3 373f  .....Y7?.0'<..7?
00002480: ca8c b23d 156e 363f ed10 273e 37d3 323f  ...=.n6?..'>7.2?
00002490: 12da 723e bc1c 2d3f c6ed 9d3e 7d57 253f  ..r>..-?...>}W%?
000024a0: 39aa c03e c7a7 1b3f de13 e13e 9a21 103f  9..>...?...>.!.?
000024b0: 34d3 fe3e cbe1 023f 7ac8 0c3f 6d31 e83e  4..>...?z..?m1.>
000024c0: 3272 183f aaa9 c73e 8555 223f 34d5 a43e  2r.?...>.U"?4..>
000024d0: 5045 2a3f 90e8 7f3e 1f23 303f 29f2 323e  PE*?...>.#0?).2>
000024e0: bce1 333f b75e c73d 5e5d 353f 585c 973c  ..3?.^.=^]5?X\.<
000024f0: 8590 343f 3d92 78bd e29a 313f b081 0ebe  ..4?=.x...1?....
00002500: af64 2c3f a631 5dbe 5a08 253f 2c9c 94be  .d,?.1].Z.%?,...
00002510: ea8c 1b3f 5de1 b8be 7d1c 103f d7d8 dabe  ...?]...}..?....
00002520: 3bce 023f 8319 fabe 4c7d e73e de18 0bbf  ;..?....L}.>....
00002530: 8c65 c63e 6d58 17bf edcc a23e 1bbd 21bf  .e.>mX.....>..!.
00002540: e709 7a3e d8ff 29bf c0fd 2a3e db12 30bf  ..z>..)...*>..0.
00002550: 1522 b33d 84dd 33bf 429b dd3b d54f 35bf  .".=..3.B..;.O5.
00002560: b5e1 97bd b363 34bf f3bc 1dbe 8a17 31bf  .....c4.......1.
00002570: 907d 6dbe c184 2bbf 5a22 9dbe 0bb3 23bf  .}m...+.Z"....#.
00002580: 8560 c1be 57c8 19bf d02a e3be 90db 0dbf  .`..W....*......
00002590: 8afb 00bf c51a 00bf f8b6 0ebf 147a e1be  .............z..
000025a0: a696 1abf 39de bfbe aa78 24bf 4ff7 9bbe  ....9....x$.O...
000025b0: c740 2cbf 2c36 6cbe 59dc 31bf ac8a 1dbe  .@,.,6l.Y.1.....
000025c0: 733d 35bf d41a 9abd 1554 36bf d17d 883b  s=5......T6..}.;
000025d0: 5430 35bf ef5f aa3d dec9 31bf d204 253e  T05.._.=..1...%>
000025e0: ed34 2cbf a9c9 723e 088c 24bf a2a7 9e3e  .4,...r>..$....>
000025f0: 51e9 1abf f106 c23e 9c6f 0fbf 2bed e23e  Q......>.o..+..>
00002600: 6242 02bf 9492 003f 8103 e7be 3715 0e3f  bB.....?....7..?
00002610: 96f1 c6be b8ea 193f 2d8d a4be 62e6 233f  .......?-...b.#?
00002620: 7c44 80be 94f4 2b3f 0ff7 34be 0701 323f  |D....+?..4...2?
00002630: 7c31 cfbd 52ed 353f 906c c9bc 29cc 373f  |1..R.5?.l..).7?
00002640: d9ef 563d 5e76 373f 4da1 033e 8a04 353f  ..V=^v7?M..>..5?
00002650: 0aef 4f3e 5689 303f e3e9 8c3e ad0f 2a3f  ..O>V.0?...>..*?
00002660: 1b40 b03e 48a3 213f fb92 d13e b351 173f  .@.>H.!?...>.Q.?
00002670: fc4e f03e d24f 0b3f 2f30 063f c88e fb3e  .N.>.O.?/0.?...>
00002680: d5b9 123f bc9c dd3e 349c 1d3f 5c5a bd3e  ...?...>4..?\Z.>
00002690: 46b8 263f c0f2 9a3e b5ed 2d3f 57c5 6d3e  F.&?...>..-?W.m>
000026a0: 3331 333f 10dc 223e 9077 363f c843 ac3d  313?..">.w6?.C.=
000026b0: 31bc 373f 67ca 0b3c 0aff 363f dcab 89bd  1.7?g..<..6?....
000026c0: 933e 343f cb7b 11be 4b78 2f3f 08ac 5cbe  .>4?.{..Kx/?..\.
000026d0: 5582 15bf 6c08 3abe 9846 16bf 3485 2cbe  U...l.:..F..4.,.
000026e0: 4cf6 16bf 486d 20be 5b83 17bf 5c0e 16be  L...Hm .[...\...
000026f0: eef8 17bf 88bf 0cbe 0359 18bf 5ca6 04be  .........Y..\...
00002700: 1bad 18bf f2cd fabd b2f4 18bf c893 edbd  ................
00002710: 3134 19bf 7be0 e1bd f569 19bf 3c1b d7bd  14..{....i..<...
00002720: 5f92 19bf a928 cdbd 23be 19bf 9a36 c4bd  _....(..#....6..
00002730: fbde 19bf 08f7 bbbd 2700 1abf ca78 b4bd  ........'....x..
00002740: 7b1a 1abf 287e adbd 5631 1abf cded a6bd  {...(~..V1......
00002750: 384a 1abf abe7 a0bd 5a5e 1abf a45e 9bbd  8J......Z^...^..
00002760: a26e 1abf 38fc 95bd 0d80 1abf 810f 91bd  .n..8...........
00002770: 4a8d 1abf 2152 8cbd c09b 1abf 1df4 87bd  J...!R..........
00002780: 5aa8 1abf f4e6 83bd 67b7 1abf 5e02 80bd  Z.......g...^...
00002790: 3abe 1abf 7e58 78bd 13c3 1abf 8ece 71bd  :...~Xx.......q.
000027a0: 27cb 1abf 201d 6bbd d6d0 1abf 8192 64bd  '... .k.......d.
000027b0: a4d8 1abf d9d5 5ebd 54e7 1abf 9872 58bd  ......^.T....rX.
000027c0: f4ef 1abf 377b 51bd 1af4 1abf 9a98 47bd  ....7{Q.......G.
000027d0: 9d02 1bbf 00e0 3cbd ab13 1bbf 7ddc 2fbd  ......<.....}./.
000027e0: f022 1bbf 17a1 21bd 9432 1bbf f361 0fbd  ."....!..2...a..
000027f0: 203d 1bbf fe0c f9bc 914c 1bbf 0f3a d2bc   =.......L...:..
00002800: 435e 1bbf 6613 aebc a863 1bbf 27b1 82bc  C^..f....c..'...
00002810: 6664 1bbf 8bb4 2cbc 975a 1bbf 7cf4 b1bb  fd....,..Z..|...
00002820: f456 1bbf 8b66 a738 3a46 1bbf 8d83 ad3b  .V...f.8:F.....;
00002830: db38 1bbf c44d 3d3c f20f 1bbf 5537 a03c  .8...M=<....U7.<
00002840: d7fa 1abf 7f60 d83c de93 1abf 9bd9 293d  .....`.<......)=
00002850: c118 1abf 9516 643d e083 19bf c931 8f3d  ......d=.....1.=
00002860: 36ee 18bf e965 ab3d 5e49 18bf 2517 c73d  6....e.=^I..%..=
00002870: ee89 17bf 1875 e23d e7c2 16bf da70 fd3d  .....u.=.....p.=
00002880: 86e7 15bf 8a22 0c3e b8a6 10bf 9bc4 4d3e  .....".>......M>
00002890: 3abb 09bf 6201 863e 8142 01bf ee15 a33e  :...b..>.B.....>
000028a0: d478 eebe dd3f be3e 45c8 d7be d9dd d63e  .x...?.>E......>
000028b0: 2b95 bebe f5e0 ec3e 9737 a3be 1cf8 ff3e  +......>.7.....>
000028c0: 46ff 85be 56f5 073f 9f6a 4ebe 2e4c 0e3f  F...V..?.jN..L.?
000028d0: 01e1 0ebe 82d7 123f fd52 9bbd 74a2 153f  .......?.R..t..?
000028e0: 4f1b 38bc 92a3 163f 756f 583d fecb 153f  O.8....?uoX=...?
000028f0: f223 ee3d 2916 133f d936 363e ae96 0e3f  .#.=)..?.66>...?
00002900: a40b 733e da49 083f 30f3 953e 9947 003f  ..s>.I.?0..>.G.?
00002910: 8307 b03e b672 ed3e ad4a c73e eb6e d73e  ...>.r.>.J.>.n.>
00002920: 8f32 db3e c61c bf3e fc3a eb3e 527f a53e  .2.>...>.:.>R..>
00002930: 5f99 f73e f988 8b3e ed70 003f 40e7 643e  _..>...>.p.?@.d>
00002940: 3150 043f 59fd 343e 9aff 073f 1d93 053e  1P.?Y.4>...?...>
00002950: 0575 0b3f d7c7 a73d 1d33 0e3f 6b5a f33c  .u.?...=.3.?kZ.<
00002960: c8b0 0f3f cd6e d6bc 6689 0f3f 2499 acbd  ...?.n..f..?$...
00002970: d493 0d3f 3d00 13be f7c1 093f 8945 4fbe  ...?=......?.EO.
00002980: 8626 043f 10e8 84be c4af f93e 5be4 a0be  .&.?.......>[...
00002990: 71f0 e73e e101 bbbe 7439 d33e 5731 d3be  q..>....t9.>W1..
000029a0: 01f1 bb3e dcf0 e8be 2d66 a23e 72f2 fbbe  ...>....-f.>r...
000029b0: 6a09 873e b6ff 05bf e9b4 533e 8c86 0cbf  j..>......S>....
000029c0: b465 173e 815b 11bf 430b b23d b391 14bf  .e.>.[..C..=....
000029d0: f47e cd3c 7119 16bf 95c4 17bd 9fea 15bf  .~.<q...........
000029e0: 17a8 cabd 7c09 14bf ff59 23be 7b78 10bf  ....|....Y#.{x..
000029f0: 6798 5fbe 7143 0bbf cc74 8cbe ce87 04bf  g._.qC...t......
00002a00: d0b2 a7be 617b f8be 43c5 c0be c23a e5be  ....a{..C....:..
00002a10: 20ba d7be 0353 cfbe 1129 ecbe 1830 b7be   ....S...)...0..
00002a20: f700 febe a5ea 9cbe c16f 06bf ccf6 80be  .........o......
00002a30: be53 0cbf 4a6a 47be 8f9f 10bf 54ac 0abe  .S..JjG.....T...
00002a40: a44a 13bf e7a5 98bd cb41 14bf 8b12 59bc  .J.......A....Y.
00002a50: d68d 13bf 3711 453d ca30 11bf 4433 df3d  ....7.E=.0..D3.=
00002a60: 932e 0dbf d550 2c3e d993 07bf 5522 673e  .....P,>....U"g>
00002a70: f07c 00bf 796a 8f3e aeca efbe deb0 a93e  .|..yj.>.......>
00002a80: 10fd dbbe 04f3 c13e a0c9 c5be a2da d73e  .......>.......>
00002a90: bc6c adbe 3637 eb3e 5b11 93be 6bfa fb3e  .l..67.>[...k..>
00002aa0: 3c6f 6ebe bcdd 043f eb41 34be 4732 0a3f  <on....?.A4.G2.?
00002ab0: ff0e f0bd 3ef9 0d3f 31b4 69bd 6f22 103f  ....>..?1.i.o".?
00002ac0: d024 693b b4a3 103f 0501 823d 2e74 0f3f  .$i;...?...=.t.?
00002ad0: 1f92 fb3d 7bb0 0c3f 85c0 383e 5c4b 083f  ...={..?..8>\K.?
00002ae0: d692 713e 3a5e 023f d8c1 933e eaf5 f53e  ..q>:^.?...>...>
00002af0: dce5 ac3e 5d75 e43e 8f34 c43e 4948 d03e  ...>]u.>.4.>IH.>
00002b00: 55f0 d83e fae8 b93e f446 eb3e 605c a13e  U..>...>.F.>`\.>
00002b10: 07ca fa3e 383c 873e feb6 033f d202 573e  ...>8<.>...?..W>
00002b20: e190 083f b6f1 1c3e 8cc9 0b3f e253 c33d  ...?...>...?.S.=
00002b30: a36c 0d3f fbc2 143d 1975 0d3f 8e27 bfbc  .l.?...=.u.?.'..
00002b40: 47cc 0b3f 8408 a8bd 649d 083f 7d07 0fbe  G..?....d..?}...
00002b50: e2d4 033f 6c87 48be e818 fb3e f8b5 7fbe  ...?l.H....>....
00002b60: 04c2 eb3e d3e3 99be 8fae d93e a010 b2be  ...>.......>....
00002b70: a532 c53e cb31 c8be a989 ae3e 28d7 dbbe  .2.>.1.....>(...
00002b80: 25ea 953e 5505 edbe 7f20 773e 6f89 fbbe  %..>U.... w>o...
00002b90: abef 3f3e dd83 03bf fa6d 063e d2cd 07bf  ..?>.....m.>....
00002ba0: 3c51 973d bc81 0abf b35d 813c cda0 0bbf  <Q.=.....].<....
00002bb0: 5b89 2dbd b12c 0bbf 61c4 ccbd d020 09bf  [.-..,..a.... ..
00002bc0: 6104 20be b089 05bf 51bb 57be 326f 00bf  a. .....Q.W.2o..
00002bd0: e96d 86be c5c0 f3be 3e73 9fbe 3eed e3be  .m......>s..>...
00002be0: 8d9b b6be 8e8d d1be a1a8 cbbe edd4 bcbe  ................
00002bf0: cc5e debe a410 a6be 7c91 eebe 3a6b 8dbe  .^......|...:k..
00002c00: 98f8 fbbe f693 66be 8f44 03bf 4ebf 2fbe  ......f..D..N./.
00002c10: c115 07bf dd2b eebd 625a 09bf 46d9 74bd  .....+..bZ..F.t.
00002c20: 4118 0abf 38ce 2ebb 014b 09bf 87a8 5e3d  A...8....K....^=
00002c30: f4ed 06bf 9f8f e23d 0514 03bf 6788 293e  .......=....g.)>
00002c40: 4085 fbbe 2ebd 5f3e 3825 eebe 30ac 893e  @....._>8%..0..>
00002c50: 3b18 debe 95e5 a13e 8b95 cbbe 8f45 b83e  ;......>.....E.>
00002c60: 99e4 b6be d788 cc3e 2529 a0be 1c7b de3e  .......>%)...{.>
00002c70: 3ead 87be 33e2 ed3e ff82 5bbe 8d9b fa3e  >...3..>..[....>
00002c80: 9b49 25be 4d49 023f 2795 dabd 09c7 053f  .I%.MI.?'......?
00002c90: cdff 50bd 5fc5 073f 381d ab3b 2e3e 083f  ..P._..?8..;.>.?
00002ca0: abec 7a3d f431 073f ceb5 ee3d 1aa1 043f  ..z=.1.?...=...?
00002cb0: 6e80 2e3e 6495 003f aca0 633e b334 f63e  n..>d..?..c>.4.>
00002cc0: 4308 8b3e 7d7d e83e 41a7 a23e 8937 d83e  C..>}}.>A..>.7.>
00002cd0: 0261 b83e 4582 c53e d2fe cb3e 6c9f b03e  .a.>E..>...>l..>
00002ce0: aa4b dd3e 45c3 993e 210e ec3e e139 813e  .K.>E..>!..>.9.>
00002cf0: 051d f83e 7291 4e3e 59aa 003f 3559 183e  ...>r.N>Y..?5Y.>
00002d00: 82ca 033f ab0c c13d 0a6c 053f 18b4 1e3d  ...?...=.l.?...=
00002d10: 6983 053f 995b 8cbc bf16 043f ccf8 94bd  i..?.[.....?....
00002d20: 4724 013f 9076 02be 2d67 f93e efd6 38be  G$.?.v..-g.>..8.
00002d30: 8ba8 ed3e 5f05 6dbe a632 df3e 592f 8fbe  ...>_.m..2.>Y/..
00002d40: 2d26 ce3e 652a a6be 1fb5 ba3e 812c bbbe  -&.>e*.....>.,..
00002d50: 4a2b a53e e0f8 cdbe 9cb2 8d3e a853 debe  J+.>.......>.S..
00002d60: 9a39 693e c90e ecbe 2756 343e 6c04 f7be  .9i>....'V4>l...
00002d70: 06ed fa3d e30c ffbe 4a1d 8a3d cc06 02bf  ...=....J..=....
00002d80: 4bed 3f3c c4fe 02bf 8c8a 34bd 616a 02bf  K.?<......4.aj..
00002d90: 0462 cbbd e84a 00bf cee6 1cbe ac50 f9be  .b...J.......P..
00002da0: 3f39 52be 9e15 efbe c57a 82be 580f e2be  ?9R......z..X...
00002db0: 5e49 9abe 8661 d2be 3831 b0be 6734 c0be  ^I...a..81..g4..
00002dc0: 7500 c4be 3dcc abbe 7273 d5be 9d5f 95be  u...=...rs..._..
00002dd0: 5364 e4be 5c6d 7abe fc95 f0be 792d 47be  Sd..\mz.....y-G.
00002de0: b2e6 f9be 7fad 11be bf1f 00bf 90e1 b4bd  ................
00002df0: 9bcb 01bf a6bb 08bd 61ee 01bf 0138 b33c  ........a....8.<
00002e00: 1e8c 00bf fb43 9d3d 6d4a fbbe 93ee 053e  .....C.=mJ.....>
00002e10: 7895 f2be 1899 3b3e 7e02 e7be ca1f 6f3e  x.....;>~.....o>
00002e20: d5b9 d8be 80e4 8f3e 6af0 c7be 0086 a63e  .......>j......>
00002e30: 3cd0 b4be 952f bb3e b9a4 9fbe 0fab cd3e  <..../.>.......>
00002e40: ee96 88be 60bf dd3e 900b 60be c443 eb3e  ....`..>..`..C.>
00002e50: 084d 2cbe b711 f63e 6011 edbd 6003 fe3e  .M,....>`...`..>
00002e60: 6b01 7ebd e682 013f 46c3 f8bb e184 023f  k.~....?F......?
00002e70: d7b9 3f3d 5506 023f cd3b ce3d f40b 003f  ..?=U..?.;.=...?
00002e80: 7701 1d3e ac3f f93e fb1b 513e f293 ef3e  w..>.?.>..Q>...>
00002e90: 975e 813e 6e2e e33e ffb8 983e 9238 d43e  .^.>n..>...>.8.>
00002ea0: 1b4c ae3e c7de c23e c4db c13e 0e4b af3e  .L.>...>...>.K.>
00002eb0: e43b d33e bbc9 993e b132 e23e 258d 823e  .;.>...>.2.>%..>
00002ec0: dd98 ee3e c4b7 533e 184a f83e 4f02 203e  ...>..S>.J.>O. >
00002ed0: 162b ff3e d3f5 d43d bc93 013f 5616 4f3d  .+.>...=...?V.O=
00002ee0: fe19 023f be0f 60bb 2127 013f 5793 6abd  ...?..`.!'.?W.j.
00002ef0: 8878 fd3e 943b e2bd 0cc6 f53e b942 26be  .x.>.;.....>.B&.
00002f00: b63a eb3e f268 59be c800 de3e d508 85be  .:.>.hY....>....
00002f10: 5743 ce3e 63cb 9bbe 2123 bc3e 47b0 b0be  WC.>c...!#.>G...
00002f20: 3deb a73e ad84 c3be 35c9 913e f80b d4be  =..>....5..>....
00002f30: da07 743e 391a e2be 35a7 413e 5886 edbe  ..t>9...5.A>X...
00002f40: 122a 0d3e 0d21 f6be ed4a ae3d 4cdf fbbe  .*.>.!...J.=L...
00002f50: c41e 013d 14a2 febe 769d b6bc 207a febe  ...=....v... z..
00002f60: fbff 9abd ea53 fbbe cc49 03be 074d f5be  .....S...I...M..
00002f70: b56b 37be 3468 ecbe 9c67 69be 1ab9 e0be  .k7.4h...gi.....
00002f80: d751 8cbe d962 d2be 4533 a2be a192 c1be  .Q...b..E3......
00002f90: 9f22 b6be a073 aebe ace0 c7be f33e 99be  ."...s.......>..
00002fa0: a530 d7be 493c 82be fee6 e3be db55 53be  .0..I<.......US.
00002fb0: 24e7 edbe d4bf 1fbe 81f7 f4be 737d d4bd  $...........s}..
00002fc0: a813 f9be 74c9 4dbd ca26 fabe 2e2a 7c3b  ....t.M..&...*|;
00002fd0: d22e f8be efe2 6c3d 4c32 f3be bc82 e33d  ......l=L2.....=
00002fe0: 4c46 ebbe 7dde 263e 677f e0be 5b01 5a3e  LF..}.&>g...[.Z>
00002ff0: 90f0 d2be cf37 853e 23d0 c2be 8ecc 9b3e  .....7.>#......>
00003000: 6b4f b0be 5481 b03e fca7 9bbe 730e c33e  kO..T..>....s..>
00003010: 4413 85be 2b38 d33e 6abc 59be 06cd e03e  D...+8.>j.Y....>
00003020: beaa 26be 14a8 eb3e 3805 e3bd 6d9c f33e  ..&....>8...m..>
00003030: 4ea7 6bbd 1aa1 f83e d0c7 62bb 289b fa3e  N.k....>..b.(..>
00003040: 3bc4 4f3d 9f89 f93e 44bd d53d e872 f53e  ;.O=...>D..=.r.>
00003050: ce8a 203e ca5d ee3e 3d62 543e f262 e43e  .. >.].>=bT>.b.>
00003060: ade4 823e 379f d73e 7a0b 9a3e a042 c83e  ...>7..>z..>.B.>
00003070: c363 af3e f074 b63e f0a7 c23e 1768 a23e  .c.>.t.>...>.h.>
00003080: 16a6 d33e 5565 8c3e a523 e23e b251 693e  ...>Ue.>.#.>.Qi>
00003090: 7ef9 ed3e 49f7 363e 8007 f73e f363 023e  ~..>I.6>...>.c.>
000030a0: 4732 fd3e b029 983d 6c2c 003f 80a1 a53c  G2.>.).=l,.?...<
000030b0: c73e 003f e523 0cbd e49c fd3e 24fd b4bd  .>.?.#.....>$...
000030c0: c2c3 f73e 9b16 11be 6d03 ef3e 8016 46be  ...>....m..>..F.
000030d0: dd6e e33e 7ee9 78be 6c27 d53e 9181 94be  .n.>~.x.l'.>....
000030e0: fa64 c43e 6fe5 aabe 894b b13e f959 bfbe  .d.>o....K.>.Y..
000030f0: fe15 9c3e 14a6 d1be 5204 853e 5699 e1be  ...>....R..>V...
00003100: 85b2 583e 7303 efbe 27a8 243e fcb3 f9be  ..X>s...'.$>....
00003110: 9314 dd3d a5c8 00bf 750a 5c3d f43d 03bf  ...=....u.\=.=..
00003120: 8bcb a2ba f932 04bf 19f9 66bd 1ea4 03bf  .....2....f.....
00003130: 6c81 e3bd 3693 01bf 8095 28be 0e0a fcbe  l...6.....(.....
00003140: deaf 5dbe d705 f2be b92f 88be 423a e5be  ..]....../..B:..
00003150: 6d0c a0be fcd2 d5be 8f22 b6be 28e8 c3be  m........"..(...
00003160: cd3f cabe e6be afbe b218 dcbe 3885 99be  .?..........8...
00003170: 447e ebbe 4189 81be d24c f8be 9efc 4fbe  D~..A....L....O.
00003180: 3128 01bf f971 1abe d3b6 04bf 7e2b c6bd  1(...q......~+..
00003190: 1dc8 06bf dacd 29bd 5358 07bf 0a17 6c3c  ......).SX....l<
000031a0: 5e61 06bf 7ae4 8f3d 4be5 03bf 8e65 003e  ^a..z..=K....e.>
000031b0: 09e2 ffbe c29b 373e ef13 f5be 5dde 6c3e  ......7>....].l>
000031c0: c47a e7be fdc8 8f3e 6a3f d7be da8c a73e  .z.....>j?.....>
000031d0: 7794 c4be 4c82 bd3e 0eae afbe 6261 d13e  w...L..>....ba.>
000031e0: 97bb 98be f0f8 e23e 19fb 7fbe 730b f23e  .......>....s..>
000031f0: 3e8e 4bbe 8f66 fe3e 5dc3 14be 56fa 033f  >.K..f.>]...V..?
00003200: bc5b b8bd 3e47 073f 1baa 09bd a615 093f  .[..>G.?.......?
00003210: 41d4 be3c f955 093f f413 a43d 6109 083f  A..<.U.?...=a..?
00003220: 8b70 0b3e df36 053f 0158 433e 6de2 003f  .p.>.6.?.XC>m..?
00003230: d929 793e 2b24 f63e 3f21 963e 79bc e73e  .)y>+$.>?!.>y..>
00003240: 720c ae3e 15b5 d63e f70c c43e ce25 c33e  r..>...>...>.%.>
00003250: 31d9 d73e 3262 ad3e 7643 e93e e795 953e  1..>2b.>vC.>...>
00003260: bf0a f83e 8b10 783e 9703 023f dc1b 423e  ...>..x>...?..B>
00003270: 0288 063f e8cb 093e 8b89 093f b6b2 9f3d  ...?...>...?...=
00003280: 6ffa 0a3f 8896 a63c aad9 0a3f 985c 1abd  o..?...<...?.\..
00003290: d21c 093f fd6e c3bd d6ce 053f 84dd 1bbe  ...?.n.....?....
000032a0: 54f3 003f 9f4a 54be e132 f53e e93b 85be  T..?.JT..2.>.;..
000032b0: a3a0 e53e afd7 9ebe 7a6c d33e d5aa b6be  ...>....zl.>....
000032c0: e5b9 be3e ee71 ccbe 27bd a73e e8eb dfbe  ...>.q..'..>....
000032d0: c7c6 8e3e ddd7 f0be 3a24 683e 4004 ffbe  ...>....:$h>@...
000032e0: 0fea 2f3e 4920 05bf fee7 ea3d d234 09bf  ../>I .....=.4..
000032f0: 021e 663d bbb3 0bbf b15f 4fbb 9796 0cbf  ..f=....._O.....
00003300: fe75 80bd 91d0 0bbf d534 f9bd f161 09bf  .u.......4...a..
00003310: 2bb9 37be 4653 05bf a7bf 70be 9269 ffbe  +.7.FS....p..i..
00003320: 6f93 93be c51b f1be fd1c adbe b9eb dfbe  o...............
00003330: b5aa c4be d912 ccbe b5fe d9be 28c1 b5be  ............(...
00003340: f8d0 ecbe a43d 9dbe 4ce5 fcbe fbce 82be  .....=..L.......
00003350: e008 05bf 7083 4dbe 0013 0abf 33e2 12be  ....p.M.....3...
00003360: 9183 0dbf cdcd acbd 1253 0fbf 5d96 c5bc  .........S..]...
00003370: 017a 0fbf d9d1 153d aef1 0dbf 30a3 c63d  .z.....=....0..=
00003380: 73c6 0abf 3941 203e e9fd 05bf 3385 5b3e  s...9A >....3.[>
00003390: b64e ffbe ee32 8a3e edb3 efbe e821 a53e  .N...2.>.....!.>
000033a0: dc45 ddbe 3342 be3e 094f c8be 4b53 d53e  .E..3B.>.O..KS.>
000033b0: 22fb b0be 1c07 ea3e 1e93 97be 3226 fc3e  "......>....2&.>
000033c0: 8ecb 78be 57be 053f 0c6c 3fbe c6f1 0b3f  ..x.W..?.l?....?
000033d0: 98c2 03be 7598 103f 4ec6 8cbd 06ad 133f  ....u..?N......?
000033e0: 22a7 ffbb 961d 153f 88a3 5a3d 4aeb 143f  "......?..Z=J..?
000033f0: 19f3 e93d 7a16 133f 2630 323e 1ba1 0f3f  ...=z..?&02>...?
00003400: 93b8 6d3e 3a9c 0a3f 7974 933e c212 043f  ..m>:..?yt.>...?
00003410: 5a8a ae3e 0828 f83e 18dd c73e 3775 e53e  Z..>.(.>...>7u.>
00003420: ce0d df3e db40 d03e ae00 f43e 05ca b83e  ...>.@.>...>...>
00003430: 4634 033f 1346 9f3e d90a 0b3f 4706 843e  F4.?.F.>...?G..>
00003440: 4573 113f 2c94 4e3e 055c 163f d8d0 123e  Es.?,.N>.\.?...>
00003450: dfb4 193f bfbc aa3d 3e76 1b3f c7e6 b63c  ...?...=>v.?...<
00003460: b69b 1b3f 3f12 20bd 562d 1a3f 373b cdbd  ...??. .V-.?7;..
00003470: 0f2a 173f c03c 24be 0b9d 123f 3947 60be  .*.?.<$....?9G`.
00003480: 8991 0c3f 191c 8dbe 5717 053f 1eb5 a8be  ...?....W..?....
00003490: ad7f f83e bbb0 c2be e949 e43e 15bf dabe  ...>.....I.>....
000034a0: 33cb cd3e 5da1 f0be 702a b53e 3519 02bf  3..>]...p*.>5...
000034b0: afb9 9a3e 6194 0abf 6b6c 7d3e 6bb4 11bf  ...>a...kl}>k...
000034c0: 36b6 423e 0362 17bf 3c09 063e 9797 1bbf  6.B>.b..<..>....
000034d0: ffce 8f3d d33f 1ebf fd80 103c fe57 1fbf  ...=.?.....<.W..
000034e0: 5b0f 58bd 27de 1ebf c346 e9bd 42d1 1cbf  [.X.'....F..B...
000034f0: 8232 32be e832 19bf 0610 6ebe e30f 14bf  .22..2....n.....
00003500: aac7 93be a770 0dbf da15 afbe 026d 05bf  .....p.......m..
00003510: 32aa c8be 1122 f8be da44 e0be 5cf9 e2be  2...."...D..\...
00003520: 079f f5be 0c79 cbbe 1045 04bf 8df4 b1be  .....y...E......
00003530: d365 0cbf 46a5 96be e716 13bf cda7 73be  .e..F.........s.
00003540: a955 18bf 4c98 37be d0fd 1bbf 305f f3bd  .U..L.7.....0_..
00003550: ab1a 1ebf ffa7 6abd 8496 1ebf 480a a33b  ......j.....H..;
00003560: 597b 1dbf 2a1c 893d 42bc 1abf d448 033e  Y{..*..=B....H.>
00003570: 2168 16bf 87b7 403e e093 10bf 6f14 7c3e  !h....@>....o.|>
00003580: 9644 09bf e164 9a3e cb81 00bf 3e1c b53e  .D...d.>....>..>
00003590: dcf0 ecbe 2beb cd3e f45b d6be 8b98 e43e  ....+..>.[.....>
000035a0: 7793 bdbe 4dda f83e 00ce a2be fb3d 053f  w...M..>.....=.?
000035b0: 4d5a 86be dba2 0c3f 7331 51be be8b 123f  MZ.....?s1Q....?
000035c0: bf4f 13be dfe6 163f 89b4 a7bd 479f 193f  .O.....?....G..?
000035d0: 7dc8 9dbc 2eb7 1a3f 3227 333d 1d1b 1a3f  }......?2'3=...?
000035e0: 293f d93d d6da 173f f867 2b3e 98ec 133f  )?.=...?.g+>...?
000035f0: 5b17 683e 846a 0e3f b43a 913e e94e 073f  [.h>.j.?.:.>.N.?
00003600: dbb7 ac3e 586b fd3e c34c c63e 0274 e93e  ...>Xk.>.L.>.t.>
00003610: 10b1 dd3e 76de d23e 2e98 f23e b5e7 b93e  ...>v..>...>...>
00003620: e062 023f dadc 9e3e 6d03 0a3f 340e 823e  .b.?...>m..?4..>
00003630: de0d 103f 0d72 473e 337b 143f 97a0 083e  ...?.rG>3{.?...>
00003640: cf35 173f 548f 903d 2d3a 183f 342d e33b  .5.?T..=-:.?4-.;
00003650: 827b 173f 76a5 68bd 0509 153f 5385 f5bd  .{.?v.h....?S...
00003660: d7e5 103f dce5 39be 201a 0b3f 82e0 76be  ...?..9. ..?..v.
00003670: e1c3 033f a78c 98be 41b6 f53e abf6 b3be  ...?....A..>....
00003680: 5629 e13e 9d3a cdbe 5c07 ca3e 4531 e4be  V).>.:..\..>E1..
00003690: b4ab b03e 668e f8be b642 953e 9f08 05bf  ...>f....B.>....
000036a0: c26d 703e 9f50 0cbf 739c 333e 5b0b 12bf  .mp>.P..s.3>[...
000036b0: 28ad e93d c316 16bf 3789 523d 8e76 18bf  (..=....7.R=.v..
000036c0: 48d2 41bc 4023 19bf 71bf 99bd 7125 18bf  H.A.@#..q...q%..
000036d0: 5ba3 0cbe 6873 15bf 6aee 4abe 1d1f 11bf  [...hs..j.J.....
000036e0: 0284 83be 122a 0bbf f51f a0be b4ae 03bf  .....*..........
000036f0: 061d bbbe 028f f5be 12fb d3be 3404 e1be  ............4...
00003700: 059d eabe ca12 cabe 899f febe d6ec b0be  ................
00003710: 62fa 07bf 6ae8 95be af32 0fbf 6f90 72be  b...j....2..o.r.
00003720: 7de5 14bf 66b8 36be 7201 19bf 4ac8 f1bd  }...f.6.r...J...
00003730: b37e 1bbf 7867 67bd 165c 1cbf 50c6 ba3b  .~..xgg..\..P..;
00003740: b08e 1bbf 64b3 8a3d a72a 19bf a833 043e  ....d..=.*...3.>
00003750: 9926 15bf d08b 413e 929d 0fbf 97ee 7c3e  .&....A>......|>
00003760: 6996 08bf 30d4 9a3e 4630 00bf d498 b53e  i...0..>F0.....>
00003770: 18f8 ecbe a27b ce3e 3227 d7be e231 e53e  .....{.>2'...1.>
00003780: 9c32 bfbe d791 f93e fd60 a5be 14b9 053f  .2.....>.`.....?
00003790: 4de0 89be e84f 0d3f 4b1f 5abe 8275 133f  M....O.?K.Z..u.?
000037a0: 804c 1ebe ba26 183f 0ff7 c1bd 2c56 1b3f  .L...&.?....,V.?
000037b0: 75f7 0abd a7f2 1c3f 4bcd de3c 6dfc 1c3f  u......?K..<m..?
000037c0: a8fa b33d a977 1b3f d748 173e b264 183f  ...=.w.?.H.>.d.?
000037d0: 5503 533e 19cf 133f 0d50 863e 4dc0 0d3f  U.S>...?.P.>M..?
000037e0: 32d2 a13e a246 063f b9a4 bb3e d5f2 fa3e  2..>.F.?...>...>
000037f0: 2f97 d33e f4cf e63e c159 e93e 815e d03e  /..>...>.Y.>.^.>
00003800: 36b7 fc3e b1ca b73e 19c7 063f 3558 9d3e  6..>...>...?5X.>
00003810: 2dd6 0d3f 7163 813e 0575 133f 5e66 483e  -..?qc.>.u.?^fH>
00003820: 1092 173f 54f2 0b3e be1d 1a3f b12b 9c3d  ...?T..>...?.+.=
00003830: 3f0c 1b3f cd7b 773c 866a 1a3f 64a3 3cbd  ?..?.{w<.j.?d.<.
00003840: 022e 183f 6116 dabd c059 143f d0c1 29be  ...?a....Y.?..).
00003850: cd01 0f3f ba94 64be ef31 083f 0d83 8ebe  ...?..d..1.?....
00003860: 1ae6 ff3e 901e a9be efc8 ec3e 6eeb c1be  ...>.......>n...
00003870: 0627 d73e 789a d8be cd4f bf3e 43ff ecbe  .'.>x....O.>C...
00003880: d186 a53e ebdb febe 2b09 8a3e 0fff 06bf  ...>....+..>....
00003890: 934a 5a3e cf1a 0dbf ce6a 1e3e 75b1 11bf  .JZ>.....j.>u...
000038a0: 62ef c13d 63b4 14bf 6c68 0a3d 2a30 16bf  b..=c...lh.=*0..
000038b0: 9ee2 dfbc 8704 16bf 2d1b b4bd c438 14bf  ........-....8..
000038c0: e807 17be 73d5 10bf 9731 52be ede4 0bbf  ....s....1R.....
000038d0: dc7f 85be fa7b 05bf 6558 a0be fa3c fbbe  .....{..eX...<..
000038e0: cd65 b9be 3ed1 e8be 345e d0be 7edc d3be  .e..>...4^..~...
000038f0: 11f8 e4be a599 bcbe b108 f7be 3b62 a3be  ............;b..
00003900: c423 03bf 0568 88be 68cf 8a3e 2724 1bbd  .#...h..h..>'$..
00003910: cba0 8a3e 2791 0ebd 7c80 8a3e 83b4 04bd  ...>'...|..>....
00003920: 9065 8a3e c862 f8bc 0250 8a3e df3e e9bc  .e.>.b...P.>.>..
00003930: 753b 8a3e d005 dcbc b12c 8a3e 6064 d0bc  u;.>.....,.>`d..
00003940: 8e26 8a3e b5a1 c5bc 811c 8a3e f62c bcbc  .&.>.......>.,..
00003950: f413 8a3e 0497 b3bc 6909 8a3e 5ed7 abbc  ...>....i..>^...
00003960: d703 8a3e f8db a4bc cffa 893e bd0f 9ebc  ...>.......>....
00003970: e6f4 893e b40e 98bc 10f2 893e 197c 92bc  ...>.......>.|..
00003980: aaeb 893e f440 8dbc 83e9 893e 9283 88bc  ...>.@.....>....
00003990: 33e4 893e 3010 84bc 6ce0 893e 729e 7fbc  3..>0...l..>r...
000039a0: 75da 893e 750e 78bc 3cdd 893e b650 71bc  u..>u.x.<..>.Pq.
000039b0: 61d7 893e 569f 6abc d2da 893e e8c5 63bc  a..>V.j....>..c.
000039c0: 9ed7 893e a8f6 5dbc 69d4 893e 4897 58bc  ...>..].i..>H.X.
000039d0: 72c3 893e 67b1 52bc 29c1 893e 2a5a 4dbc  r..>g.R.)..>*ZM.
000039e0: 15c0 893e 7865 48bc 0cbf 893e 70ec 43bc  ...>xeH....>p.C.
000039f0: efb5 893e 51e5 3ebc ccb8 893e 5f1a 3abc  ...>Q.>....>_.:.
00003a00: deb9 893e a386 32bc 52b7 893e f581 2abc  ...>..2.R..>..*.
00003a10: 73b8 893e 14e4 20bc 32b8 893e d975 16bc  s..>.. .2..>.u..
00003a20: f2b5 893e 9d2d 0abc 6aba 893e 79f8 f9bb  ...>.-..j..>y...
00003a30: b6b2 893e f9cb e2bb 63b4 893e 8db0 cfbb  ...>....c..>....
00003a40: 3bb0 893e 6348 bbbb 0db4 893e edd1 a8bb  ;..>cH.....>....
00003a50: 18b0 893e df78 a1bb 0cac 893e e36e a6bb  ...>.x.....>.n..
00003a60: 0fb1 893e dad1 bbbb 83b9 893e a6b7 e3bb  ...>.......>....
00003a70: 35b3 893e 54d5 16bc 2dc0 893e 5746 3cbc  5..>T...-..>WF<.
00003a80: 6397 893e d4ca 8abc d963 893e 3a02 b8bc  c..>.....c.>:...
00003a90: 7822 893e 23c6 e6bc d7c5 883e 4c6d 0abd  x".>#......>Lm..
00003aa0: 515f 883e 72ad 21bd efe4 873e 1ac3 38bd  Q_.>r.!....>..8.
00003ab0: 6a61 873e d28d 4fbd c5c8 863e a6cc 66bd  ja.>..O....>..f.
00003ac0: 5fe1 823e d338 acbd 87d7 7a3e 1dcf e2bd  _..>.8....z>....
00003ad0: 0d00 6d3e 434c 0bbe 859a 5c3e d957 23be  ..m>CL....\>.W#.
00003ae0: d1ac 493e 7b88 39be 2e78 343e c182 4dbe  ..I>{.9..x4>..M.
00003af0: f151 1d3e b512 5fbe d069 043e d701 6ebe  .Q.>.._..i.>..n.
00003b00: 7445 d43d 8a2a 7abe 0166 9d3d ffb7 81be  tE.=.*z..f.=....
00003b10: 98ec 493d 1fd6 84be de45 ae3c 6e69 86be  ..I=.....E.<ni..
00003b20: 25d3 dbbb 6e6f 86be 486b 0dbd 99e9 84be  %...no..Hk......
00003b30: d0be 7dbd 51e6 81be 0c77 b5bd 75e3 7abe  ..}.Q....w..u.z.
00003b40: 0a6c e9bd 2339 6fbe 814f 0dbe abff 60be  .l..#9o..O....`.
00003b50: 3479 24be ec6c 50be f212 3abe b482 3dbe  4y$..lP...:...=.
00003b60: 23f3 4dbe 7a65 28be 29eb 5fbe ac05 11be  #.M.ze(.)._.....
00003b70: 8ead 6fbe 081c eebd f46e 7cbe 95fa b4bd  ..o......n|.....
00003b80: 3f9c 82be 102e 70bd 25d3 84be cd01 e6bc  ?.....p.%.......
00003b90: 22ee 84be 8e9c 233b 1126 83be 6edf 043d  ".....#;.&..n..=
00003ba0: f842 7fbe a96e 7a3d a41e 75be cb93 b53d  .B...nz=..u....=
00003bb0: 7d1e 68be b1ad ea3d bf71 58be af1c 0e3e  }.h....=.qX....>
00003bc0: 1256 46be 96e8 243e 1cf6 31be 5297 393e  .VF...$>..1.R.9>
00003bd0: 6292 1bbe 49e2 4b3e c96e 03be e794 5b3e  b...I.K>.n....[>
00003be0: 4f4d d3bd 6ea7 683e 5af3 9dbd f49f 723e  OM..n.h>Z.....r>
00003bf0: ea26 4cbd 72e3 793e 80cc b6bc 3ef2 7d3e  .&L.r.y>....>.}>
00003c00: de35 b83b 3ce3 7e3e e104 093d f1b5 7c3e  .5.;<.~>...=..|>
00003c10: 13c0 783d 5d64 773e 2aef b23d 900f 6f3e  ..x=]dw>*..=..o>
00003c20: 89f4 e63d 4fdc 633e 2b23 0c3e bdd8 553e  ...=O.c>+#.>..U>
00003c30: f73f 233e ea22 453e 446c 383e b1f5 313e  .?#>."E>Dl8>..1>
00003c40: 5412 4b3e 2fcf 1c3e 068a 5b3e 259f 053e  T.K>/..>..[>%..>
00003c50: 0260 693e 2063 d93d 7453 743e 6112 a53d  .`i> c.=tSt>a..=
00003c60: 8f67 7c3e 091d 5d3d 2fb8 803e 0c16 da3c  .g|>..]=/..>...<
00003c70: 54b3 813e 35c7 9bba 6220 813e b3d9 ecbc  T..>5...b .>....
00003c80: 9f04 7e3e dd0e 67bd c9ba 763e 26b0 aabd  ..~>..g...v>&...
00003c90: 8b87 6c3e cdb8 dfbd eb6a 5f3e 5c3b 09be  ..l>.....j_>\;..
00003ca0: d5a3 4f3e 7217 21be aa55 3d3e 000b 37be  ..O>r.!..U=>..7.
00003cb0: f5dd 283e 06d2 4abe b43d 123e 8f5a 5cbe  ..(>..J..=.>.Z\.
00003cc0: 62d0 f33d ab56 6bbe ed27 c03d 4591 77be  b..=.Vk..'.=E.w.
00003cd0: a001 8a3d ea7b 80be 9784 243d 18ae 83be  ...=.{....$=....
00003ce0: 6f52 493c 8a61 85be a19b 80bc 1484 85be  oRI<.a..........
00003cf0: abc2 32bd 5f1e 84be 7157 91bd 3430 81be  ..2._...qW..40..
00003d00: c1f5 c7bd 5282 79be 5b8e fcbd e8ba 6dbe  ....R.y.[.....m.
00003d10: 3832 17be c62a 5fbe ac4f 2ebe 05f6 4dbe  82...*_..O....M.
00003d20: 0e6d 43be 177d 3abe 256b 56be d6a7 24be  .mC..}:.%kV...$.
00003d30: 31e7 66be 7d02 0dbe bbca 74be 3b87 e7bd  1.f.}.....t.;...
00003d40: 6dea 7fbe 39f5 b1bd f115 84be 14ba 74bd  m...9.........t.
00003d50: 1fa8 86be d8cb 02bd bba8 87be 573c 7ebb  ............W<~.
00003d60: 4620 87be 9c7f c63c f814 85be c91d 563d  F .....<......V=
00003d70: 0a84 81be 3f11 a33d b2f1 78be eaf6 d83d  ....?..=..x....=
00003d80: ab00 6cbe 6c53 063e f55f 5cbe 45b1 1e3e  ..l.lS.>._\.E..>
00003d90: 4038 4abe 2f2f 353e 0ac8 35be 0a87 493e  @8J.//5>..5...I>
00003da0: b33d 1fbe daa1 5b3e 66e8 06be 853f 6b3e  .=....[>f....?k>
00003db0: ba29 dabd c611 783e ddd2 a3bd 820e 813e  .)....x>.......>
00003dc0: a16c 57bd 9a96 843e c1de c9bc 9896 863e  .lW....>.......>
00003dd0: a1d2 6b3b 950d 873e 2115 023d 94f4 853e  ..k;...>!..=...>
00003de0: d2d3 733d 4c50 833e 6f64 b13d 874c 7e3e  ..s=LP.>od.=.L~>
00003df0: 02be e63d 291b 733e 60b2 0c3e 2f1a 653e  ...=).s>`..>/.e>
00003e00: 0854 243e 1576 543e 250f 3a3e 0b64 413e  .T$>.vT>%.:>.dA>
00003e10: 7b99 4d3e e715 2c3e 0dba 5e3e 3fe1 143e  {.M>..,>..^>?..>
00003e20: a34f 6d3e 7ccd f73d e318 793e 9a08 c33d  .Om>|..=..y>...=
00003e30: 9802 813e 9a26 8c3d 1ef9 833e b156 273d  ...>.&.=...>.V'=
00003e40: 1d60 853e 6b31 513c 373e 853e ae1a 7cbc  .`.>k1Q<7>.>..|.
00003e50: 8d8c 833e ecb6 31bd f152 803e 4716 91bd  ...>..1..R.>G...
00003e60: ab37 773e dca6 c7bd 83e9 6a3e 70c8 fbbd  .7w>......j>p...
00003e70: d2d9 5b3e 6e80 16be 353c 4a3e 0765 2dbe  ..[>n...5<J>.e-.
00003e80: 374b 363e df41 42be 8630 203e f3ce 54be  7K6>.AB..0 >..T.
00003e90: bb37 083e 47e7 64be 754e dd3d fc5a 72be  .7.>G.d.uN.=.Zr.
00003ea0: af8f a73d eefc 7cbe 65d5 5f3d 7854 82be  ...=..|.e._=xT..
00003eb0: cf9c db3c 9da7 84be 183e b0ba dc74 85be  ...<.....>...t..
00003ec0: 6ba6 f1bc b8ae 84be c3dc 6abd 5860 82be  k.........j.X`..
00003ed0: b120 adbd 6521 7dbe f9e5 e2bd 9698 72be  . ..e!}.......r.
00003ee0: ac0a 0bbe 5f3b 65be ed06 23be cf3d 55be  ...._;e...#..=U.
00003ef0: 202d 39be 39c0 42be ae3d 4dbe c902 2ebe   -9.9.B..=M.....
00003f00: e4fe 5ebe 9b41 17be 043b 6ebe 1f7c fdbd  ..^..A...;n..|..
00003f10: 5fbc 7abe 5891 c9bd 8a34 82be de3c 93bd  _.z.X....4...<..
00003f20: 9198 85be 227a 36bd 3678 87be 7351 88bc  ...."z6.6x..sQ..
00003f30: 31d2 87be ce66 3c3c b4ad 86be f403 223d  1....f<<......"=
00003f40: 89fd 83be c692 893d b5a8 7fbe de9d c03d  .......=.......=
00003f50: 517d 74be ef97 f53d dca0 66be 1cf5 133e  Q}t....=..f....>
00003f60: 252e 56be f17c 2b3e 0866 43be 3129 413e  %.V..|+>.fC.1)A>
00003f70: 8174 2ebe ccb8 543e 8198 17be 1ef1 653e  .t....T>......e>
00003f80: 8921 febd ddae 743e a83f cabd 7e5d 803e  .!....t>.?..~].>
00003f90: 8622 94bd bcfc 843e 2d20 39bd 882a 883e  .".....>- 9..*.>
00003fa0: e19f 8fbc 6fdf 893e fef5 273c c015 8a3e  ....o..>..'<...>
00003fb0: d74d 1b3d 1ecc 883e ed68 853d b707 863e  .M.=...>.h.=...>
00003fc0: f89e bb3d ebd2 813e 6ec7 ef3d d575 783e  ...=...>n..=.ux>
00003fd0: 96a1 103e a79c 6a3e 08c1 273e eb42 5a3e  ...>..j>..'>.BZ>
00003fe0: a00e 3d3e 6692 473e 5a48 503e 76c6 323e  ..=>f.G>ZHP>v.2>
00003ff0: 6b40 613e 541b 1c3e b9b8 6f3e 97ca 033e  k@a>T..>..o>...>
00004000: b68f 7b3e c03c d43d 9456 823e afc5 9e3d  ..{>.<.=.V.>...=
00004010: b276 853e 7386 4f3d 7e21 873e 615f bf3c  .v.>s.O=~!.>a_.<
00004020: a45a 873e c402 86bb 5215 863e c0a7 00bd  .Z.>....R..>....
00004030: c261 833e e3aa 6ebd 9f77 7e3e 00e3 acbd  .a.>..n..w~>....
00004040: 0661 733e 9a4b e0bd fdb9 653e 7b78 08be  .as>.K....e>{x..
00004050: 9897 553e 1327 1fbe 3835 433e 33eb 33be  ..U>.'..85C>3.3.
00004060: 28c7 2e3e b3a0 46be a888 183e b71e 57be  (..>..F....>..W.
00004070: c2ab 003e a51d 65be b2fa ce3d 4e76 70be  ...>..e....=Nvp.
00004080: 9b91 9a3d 9d0d 79be 5d6f 493d 8fd9 7ebe  ...=..y.]oI=..~.
00004090: b177 b83c 65e0 80be 1ef8 8cbb 8ee3 80be  .w.<e...........
000040a0: 88c8 fdbc aae7 7ebe 1744 6abd f62e 79be  ......~..Dj...y.
000040b0: 2052 a9bd e2a6 70be 4254 dbbd df64 65be   R....p.BT...de.
000040c0: 4f4c 05be cb98 57be de59 1bbe 6365 47be  OL....W..Y..ceG.
000040d0: 0192 2fbe 19f3 34be 5ca8 41be e093 20be  ../...4.\.A... .
000040e0: 0183 51be c866 0abe 82ed 5ebe 1168 e5bd  ..Q..f....^..h..
000040f0: 0abe 69be 0092 b3bd 91df 71be 0787 7fbd  ..i.......q.....
00004100: 5e2d 77be 5d52 15bd deac 79be 6a4c 27bc  ^-w.]R....y.jL'.
00004110: 7049 79be 4bd1 833c 150e 76be 9b76 2c3d  pIy.K..<..v..v,=
00004120: 1902 70be 8b88 8a3d 2339 67be 6c1f bd3d  ..p....=#9g.l..=
00004130: 5ad8 5bbe ef68 ed3d b205 4ebe a781 0d3e  Z.[..h.=..N....>
00004140: cdf7 3dbe c0a4 223e 1cd3 2bbe dbf0 353e  ..=...">..+...5>
00004150: 74ba 17be 7b38 473e 44f7 01be 7847 563e  t...{8G>D...xGV>
00004160: fd97 d5bd 13fb 623e 3109 a5bd b125 6d3e  ......b>1....%m>
00004170: 206f 65bd 20bd 743e 95d6 fcbc e6a4 793e   oe. .t>......y>
00004180: bc4b b0bb aedb 7b3e ee6a a53c f966 7b3e  .K....{>.j.<.f{>
00004190: 3b8c 3a3d b63c 783e 134d 903d dc66 723e  ;.:=.<x>.M.=.fr>
000041a0: 8fc4 c13d 92f2 693e a02c f13d a7fe 5e3e  ...=..i>.,.=..^>
000041b0: 5d05 0f3e 679d 513e 86db 233e 6604 423e  ]..>g.Q>..#>f.B>
000041c0: d2f5 363e fd5a 303e cd1e 483e 03e1 1c3e  ..6>.Z0>..H>...>
000041d0: e123 573e 0ec2 073e 6ce1 633e 3382 e23d  .#W>...>l.c>3..=
000041e0: 4833 6e3e dd40 b33d 2802 763e b93e 823d  H3n>.@.=(.v>.>.=
000041f0: 1e42 7b3e 4009 203d 22e6 7d3e 0193 693c  .B{>@. =".}>..i<
00004200: 03ea 7d3e 9e6e 2ebc 9254 7b3e 34c6 10bd  ..}>.n...T{>4...
00004210: 1a32 763e b926 74bd 1186 6e3e e137 aabd  .2v>.&t...n>.7..
00004220: 2b74 643e bf63 d8bd 8d22 583e 930d 02be  +td>.c..."X>....
00004230: bcb3 493e d372 16be 7452 393e 2f39 29be  ..I>.r..tR9>/9).
00004240: 8d26 273e 2f27 3abe 3b62 133e cf1f 49be  .&'>/':.;b.>..I.
00004250: 269b fc3d f1ee 55be 9817 d03d 6482 60be  &..=..U....=d.`.
00004260: eee7 a13d 7cbb 68be 09fb 643d 2487 6ebe  ...=|.h...d=$.n.
00004270: 989e 043d 9de0 71be 809f 0f3c 0ac7 72be  ...=..q....<..r.
00004280: f780 71bc 2f39 71be 9124 1bbd 7c40 6dbe  ..q./9q..$..|@m.
00004290: 160f 77bd 36f0 66be 46d2 a7bd 6355 5ebe  ..w.6.f.F...cU^.
000042a0: 2ee4 d1bd d097 53be f25b f9bd f5d1 46be  ......S..[....F.
000042b0: 04ec 0ebe 6536 38be c682 1fbe 01d6 27be  ....e68.......'.
000042c0: 0541 2ebe fff4 15be 2603 3bbe 76c0 02be  .A......&.;.v...
000042d0: eaaa 45be 88e9 dcbd d31a 4ebe e6b4 b2bd  ..E.......N.....
000042e0: 9c5a 54be 1730 87bd 2357 58be 9fd0 35bd  .ZT..0..#WX...5.
000042f0: 2e06 5abe 3c29 b9bc f558 59be e323 68ba  ..Z.<)...XY..#h.
00004300: 4d72 56be bed9 a73c 8a5e 51be 1d53 293d  MrV....<.^Q..S)=
00004310: c539 4abe 1091 7b3d 6007 41be d9fa a43d  .9J...{=`.A....=
00004320: 06e7 35be 02d3 c93d 4614 29be f6f1 eb3d  ..5....=F.)....=
00004330: c0a4 1abe 927b 053e 8bd3 0abe 3447 133e  .....{.>....4G.>
00004340: a599 f3bd 6548 1f3e f095 cfbd 776a 293e  ....eH.>....wj)>
00004350: 3c04 aabd d897 313e e536 83bd 93af 373e  <.....1>.6....7>
00004360: e92e 37bd 99c1 3b3e 587b cfbc feaa 3d3e  ..7...;>X{....=>
00004370: 75f8 c3bb 5a92 3d3e 4d49 563c b666 3b3e  u...Z.=>MIV<.f;>
00004380: b3a1 013d 613e 373e 2f02 4b3d 3d2b 313e  ...=a>7>/.K==+1>
00004390: 0066 883d d542 293e 8b1a a93d 81ad 1f3e  .f.=.B)>...=...>
000043a0: c074 c73d 027c 143e 3be7 e23d 38f7 073e  .t.=.|.>;..=8..>
000043b0: 1c6d fb3d 9b54 f43d 4168 083e 168f d63d  .m.=.T.=Ah.>...=
000043c0: e667 113e f3f1 b63d eda1 183e d4dc 953d  .g.>...=...>...=
000043d0: 8e07 1e3e 107c 673d ce94 213e d8f6 213d  ...>.|g=..!>..!=
000043e0: 9748 233e f1df b73c 1522 233e c9ba b13b  .H#>...<."#>...;
000043f0: ce2d 213e b37f 39bc 4175 1d3e f58a e2bc  .-!>..9.Au.>....
00004400: 7215 183e bccc 31bd 3518 113e 0f1d 6fbd  r..>..1.5..>..o.
00004410: 4bb0 083e 974c 94bd 6bc5 fd3d 11d6 aebd  K..>.L..k..=....
00004420: e8bf e73d 4bf3 c6bd 3d8c cf3d b768 dcbd  ...=K...=..=.h..
00004430: 3e7c b53d ef00 efbd 5ecb 993d dc8b febd  >|.=....^..=....
00004440: f2e0 793d 3f7e 05be 4ea1 3e3d b817 0abe  ..y=?~..N.>=....
00004450: 9873 023d 491b 0dbe f20e 8c3c 5a80 0ebe  .s.=I......<Z...
00004460: 9336 1c3b e150 0ebe 201a 46bc 268e 0cbe  .6.;.P.. .F.&...
00004470: c0e2 d5bc 4f48 09be 2727 22bd 738b 04be  ....OH..''".s...
00004480: 4ada 56bd b0dc fcbd 77f8 83bd 2931 eebd  J.V.....w...)1..
00004490: d2c6 9abd 2327 ddbd 017b afbd 940e cabd  ....#'...{......
000044a0: d4eb c1bd f215 b5bd df0a d2bd 3c81 9ebd  ............<...
000044b0: 2e8d dfbd 489b 86bd 6457 eabd 2f95 5bbd  ....H...dW../.[.
000044c0: c965 f2bd 2391 28bd efc5 f7bd 7d7d e9bc  .e..#.(.....}}..
000044d0: fc6e fabd e25c 81bc 677d fabd 10d5 4ebb  .n...\..g}....N.
000044e0: d3fd f7bd c81c 183c 25e2 f2bd fa72 af3c  .......<%....r.<
000044f0: 4b58 ebbd 747e 073d 7482 e1bd d6e2 343d  KX..t~.=t.....4=
00004500: 17a6 d5bd dd64 5f3d effa c7bd 6054 833d  .....d_=....`T.=
00004510: 0b9a b8bd 914d 953d e3bf a7bd b87e a53d  .....M.=.....~.=
00004520: b08d 95bd c6b9 b33d 4f51 82bd 87ca bf3d  .......=OQ.....=
00004530: fc81 5cbd 85a2 c93d 216c 33bd 0b64 d13d  ..\....=!l3..d.=
00004540: 59b2 09bd bd11 d73d fb48 bfbc b19f da3d  Y......=.H.....=
00004550: 629e 57bc d61f dc3d e479 4dbb ca7b db3d  b.W....=.yM..{.=
00004560: 811f d93b 46de d83d 0234 833c fa6f d43d  ...;F..=.4.<.o.=
00004570: 1900 cd3c 854e ce3d e808 093d 2388 c63d  ...<.N.=...=#..=
00004580: 1038 293d ee54 bd3d fed7 463d 5cd6 b23d  .8)=.T.=..F=\..=
00004590: c1bc 613d 212e a73d baac 793d 649d 9a3d  ..a=!..=..y=d..=
000045a0: 8737 873d a63e 8d3d a40c 903d af9b 7e3d  .7.=.>.=...=..~=
000045b0: a74d 973d 23ed 613d c815 9d3d fdc8 443d  .M.=#.a=...=..D=
000045c0: 8a4f a13d 8481 273d ed12 a43d d85f 0a3d  .O.=..'=...=._.=
000045d0: d464 a53d 657a db3c 3d66 a53d 58b6 a33c  .d.=ez.<=f.=X..<
000045e0: b731 a43d d9a5 5b3c c4d1 a13d 50dc e93b  .1.=..[<...=P..;
000045f0: a26a 9e3d be46 a43a b020 9a3d 6746 8dbb  .j.=.F.:. .=gF..
00004600: 3bf7 943d 17bf 18bc ac5b 8f3d 1ac7 65bc  ;..=.....[.=..e.
00004610: 5524 893d 56c3 94bc edb1 823d 5054 b3bc  U$.=V......=PT..
00004620: b102 783d 82df cdbc b55a 6a3d e59a e4bc  ..x=.....Zj=....
00004630: 01ae 5c3d efa2 f7bc cc4a 4f3d aab8 03bd  ..\=.....JO=....
00004640: 7b52 423d 9625 0abd 450d 363d b713 0fbd  {RB=.%..E.6=....
00004650: b460 2a3d 19b8 12bd a084 1f3d bc33 15bd  .`*=.......=.3..
00004660: 9c9a 153d 35d4 16bd bd95 0c3d 1cb1 17bd  ...=5......=....
00004670: 249c 043d 730a 18bd a976 fb3c e021 18bd  $..=s....v.<.!..
00004680: d1bc ef3c 5909 18bd eac3 e53c 2a28 18bd  ...<Y......<*(..
00004690: 0f4b dd3c e494 18bd 4e3d d63c ec63 19bd  .K.<....N=.<.c..
000046a0: c670 d03c 309a 1abd 8def cb3c 1266 1cbd  .p.<0......<.f..
000046b0: 3510 c83c 72e1 1ebd 5b98 c43c 7844 22bd  5..<r...[..<xD".
000046c0: 330b c13c b48c 26bd 47fa bc3c f6c8 2bbd  3..<..&.G..<..+.
000046d0: f21c b83c 14c0 31bd 0950 b23c 0282 38bd  ...<..1..P.<..8.
000046e0: e10a ab3c 3b05 40bd 6905 a23c 1c37 48bd  ...<;.@.i..<.7H.
000046f0: 00bd 963c 5efa 50bd 39e0 883c 111e 5abd  ...<^.P.9..<..Z.
00004700: 9ee0 703c 0e77 63bd 1215 4b3c 42d1 6cbd  ..p<.wc...K<B.l.
00004710: f47e 1f3c 4208 76bd e050 da3b 1fe3 7ebd  .~.<B.v..P.;..~.
00004720: 7752 523b 81a0 83bd 02a8 21ba 6e6a 87bd  wRR;......!.nj..
00004730: dcfa 9cbb 8cb1 8abd 2708 19bc 7957 8dbd  ........'...yW..
00004740: 32ef 67bc 595b 8fbd 484d 9ebc d984 90bd  2.g.Y[..HM......
00004750: 369f cabc 78bd 90bd c677 f8bc fdef 8fbd  6...x....w......
00004760: 2ddf 13bd 3f09 8ebd 83b2 2bbd a719 8bbd  -...?.....+.....
00004770: 1db9 43bd d4fe 86bd 1d9a 5bbd 779b 81bd  ..C.......[.w...
00004780: 35d5 72bd 7500 76bd 62b2 84bd 283e 66bd  5.r.u.v.b...(>f.
00004790: 9370 8fbd 4912 54bd d17d 99bd 5f25 40bd  .p..I.T..}.._%@.
000047a0: c8d4 a2bd 655f 29bd 0037 abbd 371d 10bd  ....e_)..7..7...
000047b0: 3984 b2bd fa0c eabc 7e95 b8bd 4fa8 b0bc  9.......~...O...
000047c0: cd5d bdbd ef9a 67bc 28a1 c0bd 0a21 d2bb  .]....g.(....!..
000047d0: 0572 c2bd 0466 d43a 619c c2bd 537b 203c  .r...f.:a...S{ <
000047e0: 9819 c1bd d3f0 933c c3ed bdbd 7e82 d73c  .......<....~..<
000047f0: c5f7 b8bd d72c 0d3d e24f b2bd 87e2 2d3d  .....,.=.O....-=
00004800: 9de9 a9bd 4fb8 4d3d fdd6 9fbd 15e9 6b3d  ....O.M=......k=
00004810: 8d25 94bd 9a2a 843d f809 87bd c058 913d  .%...*.=.....X.=
00004820: 92de 70bd 1527 9d3d da1d 51bd 5b93 a73d  ..p..'.=..Q.[..=
00004830: ba05 2fbd 0c68 b03d bbe1 0abd 859a b73d  ../..h.=.......=
00004840: 2c57 cabc 5ae9 bc3d 7c2f 78bc de52 c03d  ,W..Z..=|/x..R.=
00004850: c916 b2bb b499 c13d 7921 8d3b 8eb9 c03d  .......=y!.;...=
00004860: 8912 673c 76e7 bd3d e5d3 c23c 32e6 b83d  ..g<v..=...<2..=
00004870: 8aa9 083d 79ea b13d e234 2e3d e7a9 a83d  ...=y..=.4.=...=
00004880: 31ad 513d 0291 9d3d b292 723d 757e 903d  1.Q=...=..r=u~.=
00004890: aa78 883d bd97 813d c81d 963d ce24 623d  .x.=...=...=.$b=
000048a0: 0a06 a23d 2d58 3e3d 070f ac3d 4faf 173d  ...=-X>=...=O..=
000048b0: 05eb b33d 3c82 dd3c 2b80 b93d 6818 883c  ...=<..<+..=h..<
000048c0: b6e9 bc3d 8a20 c23b 0ee0 bd3d ef42 a4bb  ...=. .;...=.B..
000048d0: 2776 bc3d 6c33 83bc fc9b b83d 1a45 ddbc  'v.=l3.....=.E..
000048e0: bb36 b23d fce3 1abd d371 a93d 6187 45bd  .6.=.....q.=a.E.
000048f0: f944 9e3d 1964 6ebd ecc6 903d 9280 8abd  .D.=.dn....=....
00004900: 412c 813d f778 9cbd 85d9 5e3d d1db acbd  A,.=.x....^=....
00004910: 4713 383d d14b bbbd dca1 0d3d 53ad c7bd  G.8=.K.....=S...
00004920: 56be c03c a0d0 d1bd 6c0a 413c 449e d9bd  V..<....l.A<D...
00004930: fdfd e9b9 2fe9 debd 6d9e 53bc 616c e1bd  ..../...m.S.al..
00004940: bae1 d1bc 6143 e1bd 7fdc 1cbd 3858 debd  ....aC......8X..
00004950: 83c7 50bd 77c7 d8bd 4ace 81bd e56c d0bd  ..P.w...J....l..
00004960: ef79 9abd 4c4d c5bd a102 b2bd 3296 b7bd  .y..LM......2...
00004970: 114f c8bd 0a55 a7bd 19ed dcbd 1caa 94bd  .O...U..........
00004980: a78d efbd c8c3 7fbd 0806 00be c730 52bd  .............0R.
00004990: 581f 07be c0c0 20bd 5ef8 0cbe ac0f d8bc  X..... .^.......
000049a0: 9f7f 11be d98e 52bc af84 14be 5fe9 983a  ......R....._..:
000049b0: d617 16be f4af 7e3c cb1b 16be 84d8 f63c  ......~<.......<
000049c0: 9ba6 14be cc5b 373d 26bd 11be 6f40 733d  .....[7=&...o@s=
000049d0: b437 0dbe cb22 973d 3e25 07be d8e1 b33d  .7...".=>%.....=
000049e0: 114b ffbd 5771 cf3d b869 edbd 0d84 e93d  .K..Wq.=.i.....=
000049f0: d2e5 d8bd 43e1 003e 27e0 c1bd c80c 0c3e  ....C..>'......>
00004a00: e97c a8bd 411f 163e 1f1c 8dbd 77f8 1e3e  .|..A..>....w..>
00004a10: 4aa5 5fbd ea76 263e 731b 22bd a97d 2c3e  J._..v&>s."..},>
00004a20: b3cc c3bc 6007 313e 762e ffbb 00f6 333e  ....`.1>v.....3>
00004a30: f944 0d3c 8c4b 353e 1372 ce3c b7f7 343e  .D.<.K5>.r.<..4>
00004a40: 5322 2b3d bcf3 323e 6b6e 6e3d d042 2f3e  S"+=..2>knn=.B/>
00004a50: 981a 983d 8f03 2a3e aefa b73d 8a1f 233e  ...=..*>...=..#>
00004a60: de90 d63d edb4 1a3e d78f f33d a7b2 103e  ...=...>...=...>
00004a70: 9441 073e 2957 053e cd7e 133e 9879 f13d  .A.>)W.>.~.>.y.=
00004a80: c27d 1e3e 98f0 d53d fa20 283e a339 b83d  .}.>...=. (>.9.=
00004a90: 5d4c 303e bbac 983d a3e7 363e e52b 6f3d  ]L0>...=..6>.+o=
00004aa0: ead5 3b3e 3e7e 2a3d 120d 3f3e a18c c73c  ..;>>~*=..?>...<
00004ab0: bf7e 403e 42e1 da3b 221b 403e 3e95 34bc  .~@>B..;".@>>.4.
00004ac0: ccf8 3d3e 8e71 ebbc 882c 3a3e f729 3dbd  ..=>.q...,:>.)=.
00004ad0: 5c94 343e 1eb8 81bd 0743 2d3e 5dd3 a3bd  \.4>.....C->]...
00004ae0: 9242 243e a46f c4bd 73c7 193e f040 e3bd  .B$>.o..s..>.@..
00004af0: e8d5 0d3e 7dfc ffbd 4b9b 003e 7221 0dbe  ...>}...K..>r!..
00004b00: 124a e43d caf4 18be 7610 c53d 845c 23be  .J.=....v..=.\#.
00004b10: 39df a33d a430 2cbe 8e32 813d 035d 33be  9..=.0,..2.=.]3.
00004b20: 2a7a 3a3d bfc9 38be 118c e13c 0360 3cbe  *z:=..8....<.`<.
00004b30: 6612 183c 6728 3ebe 983e 14bc 9f11 3ebe  f..<g(>..>....>.
00004b40: cd30 82be e946 e9bd 09e7 82be bd04 d8bd  .0...F..........
00004b50: 929b 83be 44d2 c8bd f225 84be 9fac bbbd  ....D....%......
00004b60: 57a0 84be fe0a b0bd f705 85be 40d6 a5bd  W...........@...
00004b70: c25a 85be 8cca 9cbd 7aa9 85be 148b 94bd  .Z......z.......
00004b80: b5e8 85be 7f28 8dbd e91d 86be 3e79 86bd  .....(......>y..
00004b90: a846 86be 6c56 80bd 6174 86be bc6f 75bd  .F..lV..at...ou.
00004ba0: 3795 86be df28 6bbd 12b9 86be 27b5 61bd  7....(k.....'.a.
00004bb0: 81d1 86be b514 59bd 4de8 86be b0ef 50bd  ......Y.M.....P.
00004bc0: f200 87be 5f66 49bd 7114 87be 2d63 42bd  ...._fI.q...-cB.
00004bd0: 9527 87be 87d6 3bbd 5c3a 87be a7aa 35bd  .'....;.\:....5.
00004be0: e349 87be e4b1 2fbd 325a 87be 7248 2abd  .I..../.2Z..rH*.
00004bf0: ea64 87be 2e33 25bd 4474 87be 8a7f 20bd  .d...3%.Dt.... .
00004c00: e980 87be 06ae 1bbd e47b 87be 246d 17bd  .........{..$m..
00004c10: c186 87be 7e53 13bd 0a8a 87be 057b 0fbd  ....~S.......{..
00004c20: e493 87be 5ddb 0bbd 949e 87be e6c8 07bd  ....]...........
00004c30: 35a8 87be 5f81 03bd 4ab1 87be fc22 fabc  5..._...J...."..
00004c40: dfc6 87be 500b edbc c8ce 87be 6141 ddbc  ....P.......aA..
00004c50: 50e4 87be ecd6 cbbc d8fe 87be 50ac b5bc  P...........P...
00004c60: de10 88be aeff 9dbc fa1e 88be 43a3 86bc  ............C...
00004c70: 5c26 88be bf9f 61bc 3e31 88be 552e 2dbc  \&....a.>1..U.-.
00004c80: 4e30 88be 8121 edbb 5b32 88be 73ec 8cbb  N0...!..[2..s...
00004c90: 3b26 88be 0949 a2ba 601e 88be d770 d33a  ;&...I..`....p.:
00004ca0: 1c04 88be 0a06 a23b 85da 87be 3f0b 133c  .......;....?..<
00004cb0: b1af 87be 4053 4c3c 5243 87be 3fbd a23c  ....@SL<RC..?..<
00004cc0: 08cd 86be f1ad d93c 852f 86be 22f2 083d  .......<./.."..=
00004cd0: 3991 85be 6a6e 233d 86e4 84be 24ab 3d3d  9...jn#=....$.==
00004ce0: 5c21 84be 7268 573d d350 83be 8f3b 713d  \!..rhW=.P...;q=
00004cf0: 9571 82be 3e34 853d 1e3f 7abe 7adf c23d  .q..>4.=.?z.z..=
00004d00: 665a 6cbe 59ac fc3d 8a55 5bbe 824b 193e  fZl.Y..=.U[..K.>
00004d10: 885b 47be fd00 323e 73b0 30be 453b 483e  .[G...2>s.0.E;H>
00004d20: 67ac 17be 32a1 5b3e b04c f9bd 51e8 6b3e  g...2.[>.L..Q.k>
00004d30: a024 c0bd cbe6 783e 1325 84bd 763f 813e  .$....x>.%..v?.>
00004d40: 9094 0dbd 7738 843e ee8e 84bb 0168 853e  ....w8.>.....h.>
00004d50: f080 d93c 6bc2 843e eef2 673d fc45 823e  ...<k..>..g=.E.>
00004d60: 7a12 b03d 8ee0 7b3e e1f4 e93d 86a1 6f3e  z..=..{>...=..o>
00004d70: 96f7 0f3e 33ee 5f3e c2cd 283e 88d5 4c3e  ...>3._>..(>..L>
00004d80: 15d4 3e3e 3cc7 363e f649 513e dc33 1e3e  ..>><.6>.IQ>.3.>
00004d90: 36d7 5f3e f0a6 033e a0f9 693e c480 d03d  6._>...>..i>...=
00004da0: 46b9 6f3e 8415 9b3d 142e 723e 54f7 523d  F.o>...=..r>T.R=
00004db0: 7937 733e c78a f23c 4271 743e a9c6 0e3c  y7s>...<Bqt>...<
00004dc0: e1dc 753e 2d06 4fbc 9368 763e 1abc 11bd  ..u>-.O..hv>....
00004dd0: 26b0 743e ec61 76bd 2ce1 6f3e 5ab2 afbd  &.t>.av.,.o>Z...
00004de0: 4393 673e 0762 e4bd a4b6 5b3e 42f7 0bbe  C.g>.b....[>B...
00004df0: b592 4c3e 8952 24be 6a51 3a3e f6da 3abe  ..L>.R$.jQ:>..:.
00004e00: 695a 253e 0111 4fbe b9d5 0d3e 33e3 60be  iZ%>..O....>3.`.
00004e10: affb e83d 55b1 6fbe fbb5 b23d af82 7bbe  ...=U.o....=..{.
00004e20: 9618 753d b601 82be c8d8 003d 2d9e 84be  ..u=.......=-...
00004e30: 1efa 303b 7683 85be 1593 d5bc cfc0 84be  ..0;v...........
00004e40: fde4 5ebd 0d57 82be 885b a8bd 8d92 7cbe  ..^..W...[....|.
00004e50: bfc4 debd 6356 71be 6304 09be 3022 63be  ....cVq.c...0"c.
00004e60: 5116 21be bb1a 52be 71ff 36be af97 3ebe  Q.!...R.q.6...>.
00004e70: b481 4abe 95b6 28be a973 5bbe 7dd5 10be  ..J...(..s[.}...
00004e80: e781 69be 0068 eebd ed9e 74be 1962 b8bd  ..i..h....t..b..
00004e90: a09a 7cbe 4152 80bd 50ae 80be 09d4 0dbd  ..|.AR..P.......
00004ea0: d06f 81be c76d cfbb b58c 80be 1aeb b23c  .o...m.........<
00004eb0: 8a1b 7cbe dfbf 4b3d 4af6 73be 6128 9d3d  ..|...K=J.s.a(.=
00004ec0: a8b7 68be 7d89 d23d b6b5 5abe 2432 023e  ..h.}..=..Z.$2.>
00004ed0: e4ea 49be c878 193e 6f9b 36be 42bb 2e3e  ..I..x.>o.6.B..>
00004ee0: 063a 21be f573 413e f0bc 09be cec3 513e  .:!..sA>......Q>
00004ef0: 8365 e1bd 563c 5f3e 1caa acbd 09cc 693e  .e..V<_>......i>
00004f00: 5af4 6bbd 3844 713e 034d f8bc b39e 753e  Z.k.8Dq>.M....u>
00004f10: a8bc 33bb bdcd 763e 14ea ca3c 5cc4 743e  ..3...v>...<\.t>
00004f20: 02a9 533d c58a 6f3e 80ac 9f3d 9547 673e  ..S=..o>...=.Gg>
00004f30: 2bea d23d a9fb 5b3e c7b6 013e 56ef 4d3e  +..=..[>...>V.M>
00004f40: 8d0e 183e f448 3d3e 8572 2c3e 9131 2a3e  ...>.H=>.r,>.1*>
00004f50: d965 3e3e 01fe 143e 8ae3 4d3e 78ce fb3d  .e>>...>..M>x..=
00004f60: 638f 5a3e 3195 ca3d 0663 643e c2c8 963d  c.Z>1..=.cd>...=
00004f70: 4c2e 6b3e 30c1 423d bae4 6e3e 02c6 aa3c  L.k>0.B=..n>...<
00004f80: 4980 6f3e 50bb c3bb 52f0 6c3e e031 06bd  I.o>P...R.l>.1..
00004f90: 2255 673e 11ff 71bd f2b2 5e3e c53f adbd  "Ug>..q...^>.?..
00004fa0: 0228 533e 6512 dfbd 68e1 443e 34f2 06be  .(S>e...h.D>4...
00004fb0: 540d 343e 3b86 1cbe e1d6 203e 6627 30be  T.4>;..... >f'0.
00004fc0: 5493 0b3e 4172 41be e3fd e83d 3a2b 50be  T..>ArA....=:+P.
00004fd0: e3a7 b73d f742 5cbe 8437 843d a45b 65be  ...=.B\..7.=.[e.
00004fe0: 4014 1e3d 278a 6bbe 1a10 463c 51ab 6ebe  @..='.k...F<Q.n.
00004ff0: 98e6 6dbc 1aad 6ebe 80e7 27bd bea2 6bbe  ..m...n...'...k.
00005000: a0f2 88bd 5f86 65be 3625 bcbd d678 5cbe  ...._.e.6%...x\.
00005010: 5a40 edbd 0f8d 50be 7090 0dbe a0f9 41be  Z@....P.p.....A.
00005020: 0bb2 22be 83e4 30be dec4 35be f089 1dbe  .."...0...5.....
00005030: 5e8a 46be 732f 08be 96b9 54be ae13 e2bd  ^.F.s/....T.....
00005040: c039 60be 76e1 b0bd 1be7 68be 93a8 7abd  .9`.v.....h...z.
00005050: f7a0 6ebe 8978 10bd e949 71be 0722 11bc  ..n..x...Iq.."..
00005060: e5e7 70be 88b7 903c c06f 6dbe da56 343d  ..p....<.om..V4=
00005070: c3f6 66be 69fa 8e3d 4d8b 5dbe c5e2 c13d  ..f.i..=M.]....=
00005080: 5253 51be 6c7f f23d c774 42be 8904 103e  RSQ.l..=.tB....>
00005090: b71c 31be bff5 243e ad89 1dbe 83d4 373e  ..1...$>......7>
000050a0: dfea 07be 6e6a 483e 0245 e1bd 4756 563e  ....njH>.E..GVV>
000050b0: 1ec1 afbd 1498 613e 660f 78bd 7a04 6a3e  ......a>f.x.z.j>
000050c0: f567 0dbd 4c76 6f3e 4b8e 04bc 27de 713e  .g..Lvo>K...'.q>
000050d0: b687 973c 5329 713e e998 373d b56c 6d3e  ...<S)q>..7=.lm>
000050e0: 508a 903d 27a6 663e 2674 c33d 32ee 5c3e  P..='.f>&t.=2.\>
000050f0: 41e4 f33d 585e 503e 0f9b 103e 7d27 413e  A..=X^P>...>}'A>
00005100: 9a66 253e 9874 2f3e 630f 383e 8a7e 1b3e  .f%>.t/>c.8>.~.>
00005110: b057 483e 6488 053e 530d 563e c7a7 db3d  .WH>d..>S.V>...=
00005120: 3002 613e 8e63 a93d 700b 693e 30c0 693d  0.a>.c.=p.i>0.i=
00005130: a702 6e3e e989 fb3c d2e3 6f3e f0b7 803b  ..n>...<..o>...;
00005140: 309d 6e3e 51da bbbc 283c 6a3e e2ba 4abd  0.n>Q...(<j>..J.
00005150: 83c7 623e 6883 9abd 6452 583e 62a5 cdbd  ..b>h...dRX>b...
00005160: 18fd 4a3e f322 febd 78ed 3a3e d0b0 15be  ..J>."..x.:>....
00005170: a35d 283e 1853 2abe 9687 133e a6c4 3cbe  .](>.S*....>..<.
00005180: 7d57 f93d 83be 4cbe a72c c83d 4609 5abe  }W.=..L..,.=F.Z.
00005190: ca2c 943d 5375 64be cd0d 3c3d 6dd9 6bbe  .,.=Sud...<=m.k.
000051a0: 0c85 993c 9916 70be 1c51 0fbc 6f21 71be  ...<..p..Q..o!q.
000051b0: 8198 14bd 93f7 6ebe fbee 81bd 4794 69be  ......n.....G.i.
000051c0: b80f b8bd 5a07 61be 9ef9 ebbd ae73 55be  ....Z.a......sU.
000051d0: 608f 0ebe 83f3 46be 5758 25be c9b0 35be  `.....F.WX%...5.
000051e0: 1b20 3abe 79ea 21be e089 4cbe dbdd 0bbe  . :.y.!...L.....
000051f0: 7e64 5cbe ed91 e7bd a770 69be 5104 b4bd  ~d\......pi.Q...
00005200: 307a 73be fe74 7bbd ec6a 7abe b9b8 0abd  0zs..t{..jz.....
00005210: 261f 7ebe 6183 babb 3181 7ebe 12a8 ba3c  &.~.a...1.~....<
00005220: a98e 7bbe f7ae 513d 1055 75be 8e27 a23d  ..{...Q=.Uu..'.=
00005230: f7d5 6bbe a9cd d93d 2b3f 5fbe 338f 073e  ..k....=+?_.3..>
00005240: bdb4 4fbe e0b5 203e 9754 3dbe 2afe 373e  ..O... >.T=.*.7>
00005250: 5d67 28be fe30 4d3e 3024 11be 86f3 5f3e  ]g(..0M>0$...._>
00005260: f69c efbd ba02 703e 227e b9bd 3331 7d3e  ......p>"~..31}>
00005270: 7fb6 80bd 74a9 833e 2897 0bbd 341a 873e  ....t..>(...4..>
00005280: 4517 9abb c7ea 883e 7ccc cc3c 450e 893e  E......>|..<E..>
00005290: d3d3 5f3d ea86 873e eed1 ab3d 584d 843e  .._=...>...=XM.>
000052a0: 8412 e63d 0aca 7e3e f9ef 0e3e 2bd3 713e  ...=..~>...>+.q>
000052b0: 7c4a 293e 27c9 613e 82c5 413e a5e5 4e3e  |J)>'.a>..A>..N>
000052c0: 5c1d 583e db5d 393e 5ffc 6b3e d960 213e  \.X>.]9>_.k>.`!>
000052d0: 4a1a 7d3e dd42 073e 9c97 853e 2d93 d63d  J.}>.B.>...>-..=
000052e0: cc0f 8b3e 32ba 9b3d 42dd 8e3e b33d 3d3d  ...>2..=B..>.===
000052f0: 09f3 903e 2123 803c f74b 913e 261c 7abc  ...>!#.<.K.>&.z.
00005300: 25e5 8f3e dafd 3cbd c6b4 8c3e 0502 9dbd  %..>..<....>....
00005310: 73cc 873e 07ea d9bd 0a2f 813e 8b3d 0abe  s..>...../.>.=..
00005320: b2ed 713e adf6 25be 1073 5e3e 41c5 3fbe  ..q>..%..s^>A.?.
00005330: e924 483e 3d63 57be ee45 2f3e 476c 6cbe  .$H>=cW..E/>Gll.
00005340: 2e20 143e 86b3 7ebe f307 ee3d a7f7 86be  . .>..~....=....
00005350: 13a0 b03d 4cef 8cbe 58a4 613d 1931 91be  ...=L...X.a=.1..
00005360: f50b bd3c 83a4 93be 3231 19bc dc46 94be  ...<....21...F..
00005370: 606e 2bbd a40f 93be 3aa9 97bd f5fd 8fbe  `n+.....:.......
00005380: c003 d8bd 891d 8bbe 10fe 0abe 1b66 84be  .............f..
00005390: b856 28be 25fd 77be 02b7 43be 17d8 63be  .V(.%.w...C...c.
000053a0: 50d7 5cbe 8dc2 4cbe 5753 73be dce7 32be  P.\...L.WSs...2.
000053b0: b768 83be a29d 16be de88 8bbe b856 f0bd  .h...........V..
000053c0: 1ce9 91be f510 b0bd 5076 96be d721 5abd  ........Pv...!Z.
000053d0: 841d 99be bb1c a1bc 15db 99be 07e9 6b3c  ..............k<
000053e0: d6a7 98be 86a5 463d 387e 95be 497f a83d  ......F=8~..I..=
000053f0: d96b 90be 8a00 ec3d a47a 89be 8e90 163e  .k.....=.z.....>
00005400: 4eba 80be 0780 353e 8989 6cbe 0871 523e  N.....5>..l..qR>
00005410: 457c 54be 01fe 6c3e bd83 39be be62 823e  E|T...l>..9..b.>
00005420: e0fa 1bbe f1c3 8c3e bd57 f8bd 427e 953e  .......>.W..B~.>
00005430: c01d b5bd 0176 9c3e 8498 5dbd ca8d a13e  .....v.>..]....>
00005440: d48c 99bc 07b1 a43e 44d7 8c3c 40ce a53e  .......>D..<@..>
00005450: 9249 5a3d 36e7 a43e 8777 b63d 25fe a13e  .IZ=6..>.w.=%..>
00005460: 0a5e fe3d 230f 9d3e 07f7 213e 6626 963e  .^.=#..>..!>f&.>
00005470: 2633 433e fe5f 8d3e 0e64 623e 37cc 823e  &3C>._.>.db>7..>
00005480: 4730 7f3e 1a07 6d3e 9c9e 8c3e 0366 513e  G0.>..m>...>.fQ>
00005490: ec1a 983e 24ea 323e 8fe8 a13e 0203 123e  ...>$.2>...>...>
000054a0: ebea a93e 4034 de3d d000 b03e f1f2 943d  ...>@4.=...>...=
000054b0: f61a b43e 5e6f 123d 5721 b63e b206 0abb  ...>^o.=W!.>....
000054c0: f612 b63e 2a03 25bd dcea b33e 7d89 a0bd  ...>*.%....>}...
000054d0: 1aa8 af3e a173 edbd f85b a93e 213a 1cbe  ...>.s...[.>!:..
000054e0: 8f04 a13e a349 40be a3c2 963e 2f80 62be  ...>.I@....>/.b.
000054f0: 10b3 8a3e 5a33 81be a0dd 793e aace 8fbe  ...>Z3....y>....
00005500: 8e44 5b3e 07ea 9cbe 7dfa 393e 1a5d a8be  .D[>....}.9>.]..
00005510: 6a4e 163e bf05 b2be ca38 e13d c3c1 b9be  jN.>.....8.=....
00005520: fa99 923d ae72 bfbe 069a 033d fe02 c3be  ...=.r.....=....
00005530: 83b0 02bc 1d67 c4be 0bbb 45bd f6a0 c3be  .....g....E.....
00005540: 97e9 b4bd 89a7 c0be 6ac5 02be 087d bbbe  ........j....}..
00005550: b4eb 29be 4f35 b4be 7c60 4fbe 9fda aabe  ..).O5..|`O.....
00005560: cebf 72be 6c85 9fbe 05d0 89be 5e5e 92be  ..r.l.......^^..
00005570: 6fcf 98be 6f7b 83be 9335 a6be bc16 66be  o...o{...5....f.
00005580: d3d2 b1be 916e 42be 5386 bbbe d86f 1cbe  .....nB.S....o..
00005590: 482c c3be 3f00 e9bd 77af c8be 2928 96bd  H,..?...w...)(..
000055a0: 71fe cbbe b66a 02bd e908 cdbe 58cc 273c  q....j......X.'<
000055b0: c4cf cbbe 0a67 563d c94b c8be 85bd c03d  .....gV=.K.....=
000055c0: 218e c2be ad36 0a3e ea8e babe 97b9 323e  !....6.>......2>
000055d0: 4b80 b0be 6957 593e b969 a4be 63b9 7d3e  K...iWY>.i..c.}>
000055e0: 686f 96be b1b3 8f3e f5b6 86be 5d02 9f3e  ho.....>....]..>
000055f0: 23dd 6abe 8491 ac3e cc92 45be 4146 b83e  #.j....>..E.AF.>
00005600: 49e7 1dbe 1cec c13e 4ead e8bd 4970 c93e  I......>N...Ip.>
00005610: 2a8f 92bd 75b6 ce3e 1e68 eabc 21ad d13e  *...u..>.h..!..>
00005620: 4034 733c e051 d23e 96a7 6e3d 7a91 d03e  @4s<.Q.>..n=z..>
00005630: 7121 cf3d a873 cc3e 0d72 123e 57ff c53e  q!.=.s.>.r.>W..>
00005640: a7ce 3b3e e949 bd3e 6b31 633e 216f b23e  ..;>.I.>k1c>!o.>
00005650: 2d0c 843e ca80 a53e de10 953e 75a5 963e  -..>...>...>u..>
00005660: 6771 a43e 8a08 863e c2fc b13e 07ae 673e  gq.>...>...>..g>
00005670: e18a bd3e e595 403e c8f5 c63e 062e 173e  ...>..@>...>...>
00005680: 7620 ce3e f9e4 d73d c9fe d23e 195f 7d3d  v .>...=...>._}=
00005690: c16e d53e 9b3d 8f3c f36e d53e 6613 dfbc  .n.>.=.<.n.>f...
000056a0: 13f8 d23e 82ed 92bd 4214 ce3e a99f ecbd  ...>....B..>....
000056b0: e9d0 c63e dce5 21be cb3e bd3e a0c0 4bbe  ...>..!..>.>..K.
000056c0: b477 b13e e764 73be eb9a a33e 7628 8cbe  .w.>.ds....>v(..
000056d0: 26d3 933e 5113 9dbe 6a47 823e c23a acbe  &..>Q...jG.>.:..
000056e0: 3950 5e3e 1667 b9be 937a 353e 3578 c4be  9P^>.g...z5>5x..
000056f0: da5a 0a3e c654 cdbe 243a bb3d d4d7 d3be  .Z.>.T..$:.=....
00005700: 8c54 3e3d e7ec d7be 7cf7 563a 5388 d9be  .T>=....|.V:S...
00005710: e959 38bd 9c9e d8be d94c b9bd ee2f d5be  .Y8......L.../..
00005720: 9335 0abe 9141 cfbe 264f 36be a3ea c6be  .5...A..&O6.....
00005730: 5166 60be 1c46 bcbe 8709 84be de6d afbe  Qf`..F.......m..
00005740: 2d6d 96be ca87 a0be 071f a7be d4b1 8fbe  -m..............
00005750: 11f7 b5be 264b 7abe bbbe c2be 4426 52be  ....&Kz.....D&R.
00005760: a554 cdbe 2497 27be e696 d5be 4bde f5bd  .T..$.'.....K...
00005770: 1f74 dbbe 3571 99bd 96cf debe 458c ebbc  .t..5q......E...
00005780: 4ba6 dfbe caf1 923c 13f5 ddbe 5f24 843d  K......<...._$.=
00005790: 85bb d9be bc72 e23d cd07 d3be c62a 1f3e  .....r.=.....*.>
000057a0: 41fa c9be a97a 4b3e 799b bebe e4b0 753e  A....zK>y.....u>
000057b0: da14 b1be 34a3 8e3e b18b a1be 53e5 a03e  ....4..>....S..>
000057c0: 7929 90be 6572 b13e 5e50 7abe e514 c03e  y)..er.>^Pz....>
000057d0: f071 51be e3ab cc3e 982d 26be 9104 d73e  .qQ....>.-&....>
000057e0: 96f5 f1bd db0e df3e 52cf 94bd 42b2 e43e  .......>R...B..>
000057f0: 02a8 d6bc 76eb e73e 061e a93c 7d9c e83e  ....v..>...<}..>
00005800: b3f4 893d afd1 e63e 156c e83d 938e e23e  ...=...>.l.=...>
00005810: 9f44 223e 6cd7 db3e 28c7 4e3e 58d0 d23e  .D">l..>(.N>X..>
00005820: 652b 793e 147f c73e ce7d 903e b40d ba3e  e+y>...>.}.>...>
00005830: 18e9 a23e 00a8 aa3e 33a7 b33e 6968 993e  ...>...>3..>ih.>
00005840: 4786 c23e ca93 863e 0968 cf3e 3d98 643e  G..>...>.h.>=.d>
00005850: 0826 da3e 419a 393e 6ba5 e23e baa9 0c3e  .&.>A.9>k..>...>
00005860: e3ca e83e 9380 bc3d 8f8d ec3e d661 3b3d  ...>...=...>.a;=
00005870: e1d5 ed3e 5f90 8aba 3eb9 ec3e ecf5 43bd  ...>_...>..>..C.
00005880: 5622 e93e 95ba c0bd 2226 e33e 80ab 0ebe  V".>...."&.>....
00005890: 65d8 da3e 0873 3bbe b651 d03e da49 66be  e..>.s;..Q.>.If.
000058a0: 17a5 c33e b153 87be bf03 b53e c517 9abe  ...>.S.....>....
000058b0: 878b a43e 553a abbe c870 923e 2195 babe  ...>U:...p.>!...
000058c0: f4c2 7d3e 1cf5 c7be 002c 543e 2043 d3be  ..}>.....,T> C..
000058d0: aa71 283e ef5e dcbe 0874 f63d e826 e3be  .q(>.^...t.=.&..
000058e0: 3fc3 993d 9896 e7be b35e ef3c a198 e9be  ?..=.....^.<....
000058f0: 0d77 88bc 4b3b e9be 89dd 7ebd 1263 e6be  .w..K;....~..c..
00005900: 83f7 dabd b02a e1be fee4 19be 1aa0 d9be  .....*..........
00005910: 5f76 44be e9d6 cfbe a3a5 6cbe 88ea c3be  _vD.......l.....
00005920: df12 89be 6402 b6be de42 9abe 1142 a6be  ....d....B...B..
00005930: 3caa a9be 57d0 94be 7f27 b7be b0e2 81be  <...W....'......
00005940: 678b c2be 0d53 5bbe 60c1 cbbe bcd3 30be  g....S[.`.....0.
00005950: e8a8 d2be 56af 04be 7d36 d7be e3f6 aebd  ....V...}6......
00005960: 5d5c d9be 4780 26bd c310 d9be d2d5 883b  ]\..G.&........;
00005970: ea4a d6be 3d2e 473d 3624 d1be 7ab0 bc3d  .J..=.G=6$..z..=
00005980: 5aaa c9be d762 093e 6cff bfbe ae87 323e  Z....b.>l.....2>
00005990: 3929 b4be 3e31 593e 4068 a6be 520b 7d3e  9)..>1Y>@h..R.}>
000059a0: aacc 96be 4fc9 8e3e fb8b 85be b22f 9d3e  ....O..>...../.>
000059b0: ebd2 65be e6a7 a93e 7e25 3ebe 1605 b43e  ..e....>~%>....>
000059c0: cb8a 14be 5015 bc3e ad24 d3bd e8d2 c13e  ....P..>.$.....>
000059d0: b4ff 76bd 5f27 c53e fd6a 8cbc dc0d c63e  ..v._'.>.j.....>
000059e0: 6b44 d33c 2888 c43e 956c 8b3d 55a9 c03e  kD.<(..>.l.=U..>
000059f0: bab0 df3d 0f66 ba3e 3622 183e 2ee7 b13e  ...=.f.>6".>...>
00005a00: 9c3d 3e3e 2c44 a73e 2daf 613e bb95 9a3e  .=>>,D.>-.a>...>
00005a10: d504 813e fb0e 8c3e e36c 8f3e 75d4 773e  ...>...>.l.>u.w>
00005a20: 8be7 9b3e c985 543e 365a a63e beb7 2e3e  ...>..T>6Z.>...>
00005a30: 079b ae3e 2402 073e 7896 b43e c39e bb3d  ...>$..>x..>...=
00005a40: 1037 b83e bda5 4e3d f477 b93e cb19 103c  .7.>..N=.w.>...<
00005a50: 2756 b83e 0744 06bd 4ad3 b43e de18 97bd  'V.>.D..J..>....
00005a60: 6b0b af3e 3a8b e8bd 6e02 a73e 116a 1bbe  k..>:...n..>.j..
00005a70: 24e1 9c3e 8c4c 40be e4d3 903e 17ba 62be  $..>.L@....>..b.
00005a80: 2ef1 823e a707 81be 56f1 663e 9613 8fbe  ...>....V.f>....
00005a90: 1809 453e 8c3f 9bbe 1dca 203e 516c a5be  ..E>.?.... >Ql..
00005aa0: 1d26 f53d 1879 adbe 20e9 a53d 515c b3be  .&.=.y.. ..=Q\..
00005ab0: 7dd4 293d 46fb b6be 59b7 b63a c553 b8be  }.)=F...Y..:.S..
00005ac0: c106 1ebd b966 b7be b2fc 9fbd 4538 b4be  .....f......E8..
00005ad0: 7f7d eebd 68d1 aebe f90c 1dbe 0d45 a7be  .}..h........E..
00005ae0: 62dc 40be 46c2 9dbe 7d30 62be fa5c 92be  b.@.F...}0b..\..
00005af0: a367 80be e33e 85be 4723 8ebe 9709 6dbe  .g...>..G#....m.
00005b00: 921b 9abe a6df 4cbe df46 a4be 475a 2abe  ......L..F..GZ*.
00005b10: df6f acbe 6d00 06be 4d94 b2be 8c24 c0bd  .o..m...M....$..
00005b20: c78c b6be 1c79 64bd 106e b8be d01a 8dbc  .....yd..n......
00005b30: 5d23 b8be 3e36 af3c c5b1 b5be 19de 733d  ]#..>6.<......s=
00005b40: 171e b1be 0a6d c63d 8789 aabe d326 083e  .....m.=.....&.>
00005b50: 7902 a2be dd4c 2b3e dbaa 97be 1540 4c3e  y....L+>.....@L>
00005b60: a6a3 8bbe 189e 6a3e 6e30 7cbe 970b 833e  ......j>n0|....>
00005b70: 3957 5ebe 4e3d 8f3e 701f 3ebe 21a0 993e  9W^.N=.>p.>.!..>
00005b80: 3fd8 1bbe 8e2d a23e 2e3e f0bd 64c3 a83e  ?....-.>.>..d..>
00005b90: 0771 a6bd 934b ad3e b1a2 36bd bec7 af3e  .q...K.>..6....>
00005ba0: 5536 00bc 9a2d b03e 6189 eb3c 5b89 ae3e  U6...-.>a..<[..>
00005bb0: 6273 843d ecd3 aa3e 2ca9 cb3d 5322 a53e  bs.=...>,..=S".>
00005bc0: b2ef 073e 1c83 9d3e 6ef7 273e f917 943e  ...>...>n.'>...>
00005bd0: 90a6 453e c801 893e 098d 603e dac2 783e  ..E>...>..`>..x>
00005be0: 627d 783e f1d0 5c3e f788 863e 5061 3e3e  b}x>..\>...>Pa>>
00005bf0: 770d 8f3e 3bfc 1d3e e6a7 953e 5601 f83d  w..>;..>...>V..=
00005c00: 353c 9a3e 0fc2 b13d 56d8 9c3e 8b6f 543d  5<.>...=V..>.oT=
00005c10: 996a 9d3e 0215 893c 30ee 9b3e 2810 95bc  .j.>...<0..>(...
00005c20: d371 983e fff9 56bd daf3 923e 6378 afbd  .q.>..V....>cx..
00005c30: 7696 8b3e 813c f0bd f371 823e f366 16be  v..>.<...q.>.f..
00005c40: 9540 6f3e 1a43 32be 26a7 563e 1c66 4bbe  .@o>.C2.&.V>.fK.
00005c50: 9961 3b3e 8e75 61be 35e0 1d3e 391b 74be  .a;>.ua.5..>9.t.
00005c60: 3de3 fc3d 2c91 81be 1f27 bb3d 3029 87be  =..=,....'.=0)..
00005c70: c60e 6f3d f4c1 8abe c9d3 cb3c 614f 8cbe  ..o=.......<aO..
00005c80: 85cd 0dbc 06d4 8bbe 0118 2bbd 0c52 89be  ..........+..R..
00005c90: 526e 97bd 46d3 84be 407f d6bd a4d3 7cbe  Rn..F...@.....|.
00005ca0: dfed 08be 8176 6cbe f163 24be 51b0 58be  .....vl..c$.Q.X.
00005cb0: 9358 3dbe 2cc4 41be db70 53be 390a 28be  .X=.,.A..pS.9.(.
00005cc0: 3d3e 66be 7fe9 0bbe b76a 75be ed9b dbbd  =>f......ju.....
00005cd0: 277c 80be 084c 9cbd e356 84be 6885 35bd  '|...L...V..h.5.
00005ce0: ef3b 86be 5821 40bc fe25 86be ec4d ab3c  .;..X!@..%...M.<
00005cf0: 1608 84be 163f 5a3d 5cfb 7fbe 5bbe ad3d  .....?Z=\...[..=
00005d00: fcf9 73be a4d8 eb3d d95a 64be 6750 133e  ..s....=.Zd.gP.>
00005d10: 0a65 51be 7d7f 2e3e 4353 3bbe f728 473e  .eQ.}..>CS;..(G>
00005d20: b763 22be 2700 5d3e a8e9 06be 61c0 6f3e  .c".'.]>....a.o>
00005d30: ebbd d2bd d817 7f3e a950 94bd ee5f 853e  .......>.P..._.>
00005d40: ea27 27bd 454b 893e d54c 0abc 563c 8b3e  .''.EK.>.L..V<.>
00005d50: a695 c63c 653a 8b3e 5447 683d a839 893e  ...<e:.>TGh=.9.>
00005d60: 7969 b53d e846 853e 097c f43d 91d0 7e3e  yi.=.F.>.|.=..~>
00005d70: a045 183e 1c77 6f3e 0300 1b00 0b00 2b00  .E.>.wo>......+.
00005d80: b13d 803f 0093 b0bb d232 803f 45d9 a9bb  .=.?.....2.?E...
00005d90: 4829 803f 9d2c a3bb 731e 803f 920a 9fbb  H).?.,..s..?....
00005da0: d918 803f 6030 98bb d810 803f 3351 91bb  ...?`0.....?3Q..
00005db0: a70b 803f 12de 8bbb 7b07 803f 2958 86bb  ...?....{..?)X..
00005dc0: 1e05 803f ed3f 84bb 4303 803f e266 81bb  ...?.?..C..?.f..
00005dd0: 1afd 7f3f 760d 7cbb 0bfe 7f3f 67e3 79bb  ...?v.|....?g.y.
00005de0: dcf5 7f3f f3f9 73bb 26f1 7f3f edac 6dbb  ...?..s.&..?..m.
00005df0: 76f0 7f3f d38b 67bb 6aea 7f3f 6068 68bb  v..?..g.j..?`hh.
00005e00: f8ec 7f3f fbd1 64bb c1e8 7f3f e868 61bb  ...?..d....?.ha.
00005e10: 6ee3 7f3f 3a30 5ebb 57e4 7f3f 4277 5fbb  n..?:0^.W..?Bw_.
00005e20: 12e2 7f3f c9ae 5ebb 14dd 7f3f ce04 5dbb  ...?..^....?..].
00005e30: 3ae0 7f3f 7980 5dbb 4ce1 7f3f 925f 5ebb  :..?y.].L..?._^.
00005e40: c1de 7f3f b13b 5dbb 68da 7f3f d717 5bbb  ...?.;].h..?..[.
00005e50: 46d9 7f3f cf02 5abb b0db 7f3f 9d01 59bb  F..?..Z....?..Y.
00005e60: 69d8 7f3f 45ed 5bbb aad7 7f3f cf79 53bb  i..?E.[....?.yS.
00005e70: 83d4 7f3f dd26 5dbb 76d7 7f3f 7d74 66bb  ...?.&].v..?}tf.
00005e80: e2d4 7f3f ab96 67bb 07da 7f3f d10c 62bb  ...?..g....?..b.
00005e90: 44cd 7f3f 5df1 73bb 67ca 7f3f a5e9 73bb  D..?].s.g..?..s.
00005ea0: c1cc 7f3f a619 86bb 85c6 7f3f 5f78 96bb  ...?.......?_x..
00005eb0: 34d2 7f3f 56d7 a4bb f2cf 7f3f 76ac c2bb  4..?V......?v...
00005ec0: 9ec7 7f3f d466 f7bb d6cf 7f3f 0468 1abc  ...?.f.....?.h..
00005ed0: f5c8 7f3f a9dd 4fbc ddc5 7f3f 4cfc 89bc  ...?..O....?L...
00005ee0: 25c1 7f3f e32e bebc 4aaa 7f3f d2d8 06bd  %..?....J..?....
00005ef0: e69a 7f3f ace7 2fbd d840 7f3f 3488 83bd  ...?../..@.?4...
00005f00: 2de4 7e3f e266 afbd 7640 7e3f 077f dabd  -.~?.f..v@~?....
00005f10: 7d9c 7d3f 7ee7 02be 59d8 7c3f e8a6 18be  }.}?~...Y.|?....
00005f20: a3f0 7b3f 4d57 2ebe 97f0 7a3f f9e7 43be  ..{?MW....z?..C.
00005f30: fcd7 793f 1865 59be 638a 723f f3a1 a1be  ..y?.eY.c.r?....
00005f40: 3f69 683f a3bd d4be 5d97 5b3f 82ad 02bf  ?ih?....].[?....
00005f50: 1944 4c3f 005e 19bf d190 3a3f 7a4a 2ebf  .DL?.^....:?zJ..
00005f60: 2ba7 263f bd33 41bf 44e0 103f 68e1 51bf  +.&?.3A.D..?h.Q.
00005f70: 68d8 f23e d318 60bf 4633 c13e a3b0 6bbf  h..>..`.F3.>..k.
00005f80: d959 8d3e 9f8f 74bf ea72 2f3e af9e 7abf  .Y.>..t..r/>..z.
00005f90: 3f1c 853d a0a5 7dbf f1de 2cbd 89b2 7dbf  ?..=..}...,...}.
00005fa0: 9b4a 18be ebe7 7abf 70d4 81be 3d0c 75bf  .J....z.p...=.u.
00005fb0: cef6 b5be ec52 6cbf ca17 e8be 37c6 60bf  .....Rl.....7.`.
00005fc0: e05e 0bbf 979b 52bf 1044 21bf fde7 41bf  .^....R..D!...A.
00005fd0: 7710 35bf 610f 2fbf f295 46bf 6022 1abf  w.5.a./...F.`"..
00005fe0: 36b7 55bf f271 03bf a64e 62bf 8cb4 d6be  6.U..q...Nb.....
00005ff0: 9e40 6cbf 711c a4be 8750 73bf f8ec 5fbe  .@l.q....Ps..._.
00006000: 9f99 77bf ddcf e9bd 1cfe 78bf 3706 11bc  ..w.......x.7...
00006010: fe6b 77bf cb36 c63d 8dee 72bf 5b46 4d3e  .kw..6.=..r.[FM>
00006020: b296 6bbf 038e 9a3e 5782 61bf 7bab cc3e  ..k....>W.a.{..>
00006030: f9cb 54bf 0dec fb3e 3d94 45bf 8736 143f  ..T....>=.E..6.?
00006040: c021 34bf 4073 283f bb93 20bf 32bb 3a3f  .!4.@s(?.. .2.:?
00006050: bd2e 0bbf 65cc 4a3f c26d e8be 2772 583f  ....e.J?.m..'rX?
00006060: 73ff b7be 9c7a 633f 8c7b 85be 00db 6b3f  s....zc?.{....k?
00006070: e448 24be 2057 713f 5b01 6abd 4027 743f  .H$. Wq?[.j.@'t?
00006080: 2908 3e3d c70d 743f 4f9b 173e e623 713f  ).>=..t?O..>.#q?
00006090: d0ce 7e3e 5f75 6b3f e502 b13e fa15 633f  ..~>_uk?...>..c?
000060a0: 3b7c e03e 7216 583f 7cb1 063f a09a 4a3f  ;|.>r.X?|..?..J?
000060b0: f09a 1b3f 4cd2 3a3f 2b91 2e3f 8cf1 283f  ...?L.:?+..?..(?
000060c0: f197 3f3f 5a33 153f d85c 4e3f df87 ff3e  ..??Z3.?.\N?...>
000060d0: afc8 5a3f e195 d13e 6099 643f e6ae a13e  ..Z?...>`.d?...>
000060e0: 66d4 6b3f 4da4 5f3e ca60 703f e9e8 f23d  f.k?M._>.`p?...=
000060f0: 3633 723f 7c1b 8d3c f832 713f 3cc0 aabd  63r?|..<.2q?<...
00006100: b87e 6d3f 949d 3bbe 391e 673f efc9 8fbe  .~m?..;.9.g?....
00006110: e30f 5e3f 6e48 c0be 8f8e 523f 3c79 eebe  ..^?nH....R?<y..
00006120: c7a9 443f add8 0cbf 1b86 343f 990c 21bf  ..D?......4?..!.
00006130: 6e4d 223f 0959 33bf 185f 0e3f 8890 43bf  nM"?.Y3.._.?..C.
00006140: e27c f13e a596 51bf d4a4 c33e 2f30 5dbf  .|.>..Q....>/0].
00006150: 259a 933e cb52 66bf c975 433e 18db 6cbf  %..>.Rf..uC>..l.
00006160: 9f4a bb3d 59b8 70bf 5518 12bc a7cf 71bf  .J.=Y.p.U.....q.
00006170: a79b dfbd e836 70bf a128 55be fbe0 6bbf  .....6p..(U...k.
00006180: 86f9 9bbe 31e0 64bf 9d94 cbbe 0b57 5bbf  ....1.d......W[.
00006190: a521 f9be ed39 4fbf 61d4 11bf e0dc 40bf  .!...9O.a.....@.
000061a0: 0f76 25bf 433c 30bf e030 37bf 8eb6 1dbf  .v%.C<0..07.....
000061b0: a7e6 46bf 1566 09bf 364c 54bf da08 e7be  ..F..f..6LT.....
000061c0: 0248 5fbf b8a0 b8be 8ed4 67bf 8d0a 88be  .H_.......g.....
000061d0: a4b6 6dbf 455a 2cbe 59f0 70bf 305e 8cbd  ..m.EZ,.Y.p.0^..
000061e0: 3366 71bf e457 013d 121d 6fbf b89b 063e  3fq..W.=..o....>
000061f0: b63b 6abf d1f9 6a3e 3eae 62bf 0621 a63e  .;j...j>>.b..!.>
00006200: 729e 58bf eb62 d53e aa10 4cbf 1514 013f  r.X..b.>..L....?
00006210: 1e3b 3dbf 1ee7 153f eb46 2cbf 6b0f 293f  .;=....?.F,.k.)?
00006220: c160 19bf 9b54 3a3f c5d2 04bf b878 493f  .`...T:?.....xI?
00006230: f067 ddbe 4463 563f d1b2 aebe abdd 603f  .g..DcV?......`?
00006240: 1f2f 7cbe b2cf 683f 3325 18be 5325 6e3f  ./|...h?3%..S%n?
00006250: c98a 49bd 70d0 703f e61a 4f3d 17b5 703f  ..I.p.p?..O=..p?
00006260: 53cc 193e 42f0 6d3f 9cd7 7d3e eb7e 683f  S..>B.m?..}>.~h?
00006270: f183 af3e b473 603f 8d08 de3e 94d9 553f  ...>.s`?...>..U?
00006280: d00e 053f 9dd9 483f b296 193f 1e8b 393f  ...?..H?...?..9?
00006290: 9466 2c3f b72f 283f f745 3d3f 6adf 143f  .f,?./(?.E=?j..?
000062a0: a3f4 4b3f a7d1 ff3e f65c 583f 5606 d33e  ..K?...>.\X?V..>
000062b0: ff52 623f 74cb a33e a6b0 693f f059 653e  .Rb?t..>..i?.Ye>
000062c0: 526b 6e3f f698 003e d46c 703f 7e26 d33c  Rkn?...>.lp?~&.<
000062d0: edb0 6f3f 850d 98bd f43b 6c3f 69a8 31be  ..o?.....;l?i.1.
000062e0: d613 663f 229e 8abe 2e4b 5d3f d6cf babe  ..f?"....K]?....
000062f0: eeff 513f a4d3 e8be 534f 443f f618 0abf  ..Q?....SOD?....
00006300: 0c5c 343f 8a2f 1ebf 4562 223f 4973 30bf  .\4?./..Eb"?Is0.
00006310: 248c 0e3f 91b2 40bf 2022 f23e 46b6 4ebf  $..?..@. ".>F.N.
00006320: 3b83 c43e 655a 5abf 1b99 943e 1476 63bf  ;..>eZZ....>.vc.
00006330: 3441 463e 1d01 6abf 7526 c23d 3cc8 6dbf  4AF>..j.u&.=<.m.
00006340: 9318 a2bb 16e0 6ebf ec15 d6bd 333c 6dbf  ......n.....3<m.
00006350: 109e 4fbe 77dc 68bf 21da 98be f7d2 61bf  ..O.w.h.!.....a.
00006360: 1e0a c8be b03d 58bf 96d7 f4be 1233 4cbf  .....=X......3L.
00006370: d461 0fbf 9bda 3dbf 80ab 22bf 4056 2dbf  .a....=...".@V-.
00006380: f00f 34bf 23e9 1abf db5d 43bf c3c3 06bf  ..4.#....]C.....
00006390: 2575 50bf 514c e2be 161f 5bbf 2e9a b4be  %uP.QL....[.....
000063a0: bb49 63bf 33f1 84be efdb 68bf c0da 27be  .Ic.3.....h...'.
000063b0: 08d2 6bbf 8368 88bd cc1a 6cbf c06e ff3c  ..k..h....l..n.<
000063c0: cbc3 69bf fe6f 033e 7ccc 64bf a61c 653e  ..i..o.>|.d...e>
000063d0: c456 5dbf 3806 a23e 266d 53bf ad91 cf3e  .V].8..>&mS....>
000063e0: 9538 47bf 64a6 fa3e 51d9 38bf 7573 113f  .8G.d..>Q.8.us.?
000063f0: f281 28bf e1e8 233f 8d58 16bf 748a 343f  ..(...#?.X..t.4?
00006400: a28c 02bf 1d26 433f b6c3 dabe 669a 4f3f  .....&C?....f.O?
00006410: 6d3a aebe f1bd 593f d7a0 7fbe 7f7f 613f  m:....Y?......a?
00006420: 494c 20be 56cd 663f 2016 7ebd 9f99 693f  IL .V.f? .~...i?
00006430: 27a1 073d 40d9 693f 89b3 023e 8b98 673f  '..=@.i?...>..g?
00006440: 3a0e 623e ddd5 623f cd71 9f3e 0aa9 5b3f  :.b>..b?.q.>..[?
00006450: 3efb cb3e b91e 523f d357 f63e f14f 463f  >..>..R?.W.>.OF?
00006460: 3805 0f3f 2464 383f 8252 213f 6476 283f  8..?$d8?.R!?dv(?
00006470: 12de 313f fabd 163f 0079 403f 8a6d 033f  ..1?...?.y@?.m.?
00006480: 2405 4d3f 255e dd3e 0059 573f 0e87 b13e  $.M?%^.>.YW?...>
00006490: b85a 5f3f 04c6 833e f9f1 643f 8a35 293e  .Z_?...>..d?.5)>
000064a0: f805 683f 1f17 923d 7197 683f 5abd bfbc  ..h?...=q.h?Z...
000064b0: 0aac 663f 1b7d f1bd f736 623f 782a 58be  ..f?.}...6b?x*X.
000064c0: b44f 5b3f 46a2 9abe 6bfb 513f 3a7e c7be  .O[?F...k.Q?:~..
000064d0: ae61 463f 2c38 f2be f696 383f 2e27 0dbf  .aF?,8....8?.'..
000064e0: 2ac2 283f 27a4 1fbf 230f 173f 1a64 30bf  *.(?'...#..?.d0.
000064f0: bfa6 033f 1233 3fbf 2397 dd3e c1e5 4bbf  ...?.3?.#..>..K.
00006500: f067 b13e f458 56bf 7732 833e 9264 5ebf  .g.>.XV.w2.>.d^.
00006510: 520a 273e 97fb 63bf fc7e 8b3d 4c04 67bf  R.'>..c..~.=L.g.
00006520: 9f22 e3bc 4678 67bf aea7 fcbd 0959 65bf  ."..Fxg......Ye.
00006530: f0e4 5ebe d799 60bf c774 9ebe bd5c 59bf  ..^...`..t...\Y.
00006540: d8b7 cbbe 4e9d 4fbf 12b5 f6be 0985 43bf  ....N.O.......C.
00006550: 9573 0fbf 9e37 35bf 21e9 21bf ded4 24bf  .s...75.!.!...$.
00006560: 2490 32bf 6a94 12bf db1b 41bf 4b56 fdbe  $.2.j.....A.KV..
00006570: b47b 4dbf 859c d2be 6178 57bf bf70 a5be  .{M.....axW..p..
00006580: 1b06 5fbf b407 6dbe 2805 64bf b379 0cbe  .._...m.(.d..y..
00006590: 2167 66bf c395 2abd 2c2f 66bf 2b99 5e3d  !gf...*.,/f.+.^=
000065a0: d553 63bf b829 193e 23ec 5dbf bbab 783e  .Sc..).>#.]...x>
000065b0: c405 56bf bfb3 aa3e c9b9 4bbf 8b06 d73e  ..V....>..K....>
000065c0: 8c22 3fbf 0b6f 003f 7c70 30bf 89e5 133f  ."?..o.?|p0....?
000065d0: 91cb 1fbf 57a4 253f 3f64 0dbf 0983 353f  ....W.%??d....5?
000065e0: 2df2 f2be 6e57 433f 4876 c8be 41f9 4e3f  -...nWC?Hv..A.N?
000065f0: f1d8 9bbe 014c 583f ba54 5bbe b437 5f3f  .....LX?.T[..7_?
00006600: 3859 f9bd 42ae 633f 42a9 e6bc d8a8 653f  8Y..B.c?B.....e?
00006610: 8843 863d e124 653f 5340 223e 1526 623f  .C.=.$e?S@">.&b?
00006620: 288d 7f3e a2b2 5c3f 6000 ad3e 11dd 543f  (..>..\?`..>..T?
00006630: 2a4c d83e 68b9 4a3f 849f 003f ac6a 3e3f  *L.>h.J?...?.j>?
00006640: b0af 133f 7f15 303f 0627 253f 08d8 1f3f  ...?..0?.'%?...?
00006650: 27d9 343f cfe1 0d3f 0b8b 423f 9ce2 f43e  '.4?...?..B?...>
00006660: fc2f 4e3f a871 cb3e a79b 573f 01c9 9f3e  ./N?.q.>..W?...>
00006670: 6eb8 5e3f 810b 653e 187b 633f f412 083e  n.^?..e>.{c?...>
00006680: 46cf 653f e5fb 263d b9a9 653f 04e8 53bd  F.e?..&=..e?..S.
00006690: 0218 633f cc2e 13be a51c 5e3f ccd4 6fbe  ..c?......^?..o.
000066a0: 1cc4 563f 03e4 a4be 432a 4d3f 5a12 d0be  ..V?....C*M?Z...
000066b0: 1766 413f c51b f9be fe94 333f 78bd 0fbf  .fA?......3?x...
000066c0: 73db 233f 7467 21bf 9061 123f 815b 31bf  s.#?tg!..a.?.[1.
000066d0: 41ab fe3e 6071 3fbf f6df d53e 6a7d 4bbf  A..>`q?....>j}K.
000066e0: 4ed0 aa3e aa5e 55bf f6eb 7b3e 1e03 5dbf  N..>.^U...{>..].
000066f0: ed6f 1f3e ef42 62bf 1128 823d ba20 65bf  .o.>.Bb..(.=. e.
00006700: 4c9a efbc fc87 65bf faa4 f9bd bf71 63bf  L.....e......qc.
00006710: 4b41 5abe 71ef 5ebf 93bd 9abe 4507 58bf  KAZ.q.^.....E.X.
00006720: 34b1 c6be 7cc5 4ebf ca87 f0be 2c45 43bf  4...|.N.....,EC.
00006730: e9e3 0bbf 029b 35bf c5fa 1dbf 59f9 25bf  ......5.....Y.%.
00006740: 2261 2ebf 7e85 14bf 73dc 3cbf 8f6f 01bf  "a..~...s.<..o..
00006750: 1942 49bf 09d7 d9be 2c78 53bf ee5a aebe  .BI.....,xS..Z..
00006760: 6655 5bbf 98fb 80be 81c7 60bf 3c3a 24be  fU[.......`.<:$.
00006770: c0b8 63bf 9a59 89bd 4e21 64bf f044 dc3c  ..c..Y..N!d..D.<
00006780: bc00 62bf ad06 f73d dd5b 5dbf 3b0d 5a3e  ..b....=.[].;.Z>
00006790: 7a37 56bf 4623 9b3e baa9 4cbf 2e80 c73e  z7V.F#.>..L....>
000067a0: e0d5 40bf 968f f13e 43dc 32bf 636f 0c3f  ..@....>C.2.co.?
000067b0: 53e0 22bf ec7b 1e3f e607 11bf 2dbf 2e3f  S."..{.?....-..?
000067c0: f72e fbbe c406 3d3f 1180 d1be 3e28 493f  ......=?....>(I?
000067d0: e671 a5be d207 533f 6d2b 6fbe 7279 5a3f  .q....S?m+o.ryZ?
000067e0: d4f8 10be 3d76 5f3f c070 44bd 77ef 613f  ....=v_?.pD.w.a?
000067f0: 0383 3c3d c7da 613f f3e1 0e3e 482a 5f3f  ..<=..a?...>H*_?
00006800: 130e 6d3e eef4 593f e422 a43e 1d40 523f  ..m>..Y?.".>.@R?
00006810: c0e1 cf3e 2033 483f 6d2a f93e 6ae3 3b3f  ...> 3H?m*.>j.;?
00006820: 50ce 0f3f 7666 2d3f fd5d 213f 43f3 1c3f  P..?vf-?.]!?C..?
00006830: d015 313f 3abf 0a3f 7fc1 3e3f 65df ed3e  ..1?:..?..>?e..>
00006840: d33e 4a3f e8a7 c33e 8065 533f a02b 973e  .>J?...>.eS?.+.>
00006850: 2a19 5a3f 06dd 513e ad50 5e3f 008a e63d  *.Z?..Q>.P^?...=
00006860: dcf9 5f3f 2444 9a3c f608 5f3f 928e 99bd  .._?$D.<.._?....
00006870: f983 5b3f cbcb 2bbe a182 553f 576a 84be  ..[?..+...U?Wj..
00006880: d709 4d3f 5253 b1be 7d30 423f 5b25 dcbe  ..M?RS..}0B?[%..
00006890: 9e1d 353f b229 02bf b200 263f 55b7 14bf  ..5?.)....&?U...
000068a0: 1d04 153f 4e8a 25bf ed4e 023f 9d6e 34bf  ...?N.%..N.?.n4.
000068b0: 2f3d dc3e 7236 41bf b972 b13e d9b8 4bbf  /=.>r6A..r.>..K.
000068c0: 7fa7 843e 6be3 53bf 29fe 2c3e ec90 59bf  ...>k.S.).,>..Y.
000068d0: 8bbe 9d3d 4cc1 5cbf 3266 81bc d05d 5dbf  ...=L.\.2f...]].
000068e0: 7b55 ddbd f875 5bbf c7b4 4bbe 7f00 57bf  {U...u[...K...W.
000068f0: d429 93be 0f15 50bf de9a bebe 5fd4 46bf  .)....P....._.F.
00006900: fdd2 e7be bc4c 3bbf 2024 07bf 709e 2dbf  .....L;. $..p.-.
00006910: d5c9 18bf d601 1ebf cea5 28bf 6597 0cbf  ..........(.e...
00006920: 1289 36bf 123d f3be 164b 42bf c086 cabe  ..6..=...KB.....
00006930: d3d4 4bbf f9b1 9fbe 25fc 52bf 4d35 66be  ..K.....%.R.M5f.
00006940: f7b0 57bf 0566 0abe 93f3 59bf 6783 35bd  ..W..f....Y.g.5.
00006950: 26b2 59bf 2f2a 403d f2fb 56bf e782 0c3e  &.Y./*@=..V....>
00006960: bbd0 51bf 1533 673e 9a38 4abf f18a 9f3e  ..Q..3g>.8J....>
00006970: b169 40bf b383 c93e a56c 34bf 1b1e f13e  .i@....>.l4....>
00006980: 7c6a 26bf f5e9 0a3f 948f 16bf 96a9 1b3f  |j&....?.......?
00006990: 2512 05bf 849d 2a3f 6d4d e4be e592 373f  %.....*?mM....7?
000069a0: 1ce4 bbbe e576 423f 6276 91be 371b 4b3f  .....vB?bv..7.K?
000069b0: 3439 4bbe f771 513f c4f2 e2bd 4f6f 553f  49K..qQ?....OoU?
000069c0: f0d2 b6bc f60c 573f ed19 883d 3348 563f  ......W?...=3HV?
000069d0: 71da 1d3e a318 533f 4a79 753e ae99 4d3f  q..>..S?Jyu>..M?
000069e0: 8d39 a53e acda 453f 36bd cd3e bfe0 3b3f  .9.>..E?6..>..;?
000069f0: d0de f33e 65df 2f3f eea1 0b3f 13f9 213f  ...>e./?...?..!?
00006a00: 78b9 1b3f 684e 123f 571b 2a3f d3f9 003f  x..?hN.?W.*?...?
00006a10: 2195 363f d492 dc3e c9f9 403f 76be b43e  !.6?...>..@?v..>
00006a20: 8c38 493f 4af6 8a3e 252f 4f3f d459 3f3e  .8I?J..>%/O?.Y?>
00006a30: 2edb 523f 7236 cd3d 4c2a 543f 84bb 503c  ..R?r6.=L*T?..P<
00006a40: fb16 533f 926e 99bd ac9e 4f3f 7e7b 25be  ..S?.n....O?~{%.
00006a50: b1d0 493f 5557 7cbe 5fb2 413f e030 a8be  ..I?UW|._.A?.0..
00006a60: c269 373f c131 d0be c50a 2b3f a2ca f5be  .i7?.1....+?....
00006a70: 31bb 1c3f af45 0cbf f0a7 0c3f 93ff 1bbf  1..?.E.....?....
00006a80: 4bf3 f53e 75ee 29bf 07bc cf3e 0fe0 35bf  K..>u.)....>..5.
00006a90: 0d2a a73e d8b0 3fbf fc65 793e 4942 47bf  .*.>..?..ey>IBG.
00006aa0: 82e1 213e 1c83 4cbf 90ce 903d 1c5a 4fbf  ..!>..L....=.ZO.
00006ab0: 36e8 8dbc e6be 4fbf 8df0 d6bd a3a7 4dbf  6.....O.......M.
00006ac0: 45df 43be ee20 49bf b3d5 8cbe 9c35 42bf  E.C.. I......5B.
00006ad0: b70a b6be 34fd 38bf 4bed dcbe 3b8e 2dbf  ....4.8.K...;.-.
00006ae0: 6d8d 00bf f113 20bf 0619 11bf 2d94 10bf  m..... .....-...
00006af0: 5ec8 1fbf 15c3 febe 417e 2cbf b15f d9be  ^.......A~,.._..
00006b00: ed10 37bf a05c b1be c45f 3fbf b93a 87be  ..7..\..._?..:..
00006b10: 8247 45bf e6e0 36be feb9 48bf 6cc2 babd  .GE...6...H.l...
00006b20: a19d 49bf c8a4 29bb 14f1 47bf ca16 b03d  ..I...)...G....=
00006b30: 4abd 43bf 175f 313e 0d12 3dbf e80d 843e  J.C.._1>..=....>
00006b40: ea08 34bf 8692 ad3e 33a1 28bf f1eb d43e  ..4....>3.(....>
00006b50: e716 1bbf 3965 f93e b8a8 0bbf 803f 0d3f  ....9e.>.....?.?
00006b60: eac6 f4be acf0 1b3f b93e cfbe b88e 283f  .......?.>....(?
00006b70: 6f1c a7be 95f5 323f c0bd 79be 44f7 3a3f  o.....2?..y.D.:?
00006b80: 858e 22be d08c 403f 418d 92bd e096 433f  .."...@?A.....C?
00006b90: 5edf 833c fc11 443f f32f d33d 3803 423f  ^..<..D?./.=8.B?
00006ba0: f430 413e 746d 3d3f d0f0 8a3e 0165 363f  .0A>tm=?...>.e6?
00006bb0: eb56 b33e 8504 2d3f 492c d93e a478 213f  .V.>..-?I,.>.x!?
00006bc0: e521 fc3e fbe5 133f 73e0 0d3f 5b77 043f  .!.>...?s..?[w.?
00006bd0: c5c9 1b3f c1c2 e63e 80aa 273f 53c9 c13e  ...?...>..'?S..>
00006be0: 8d56 313f cf73 9a3e 09ba 383f b0a7 623e  .V1?.s.>..8?..b>
00006bf0: 45c3 3d3f 01e5 0d3e fe69 403f 3db2 5e3d  E.=?...>.i@?=.^=
00006c00: a99b 403f 55c6 f9bc de64 3e3f 30b5 eabd  ..@?U....d>?0...
00006c10: a7ce 393f 96a3 49be 32ed 323f 979c 8dbe  ..9?..I.2.2?....
00006c20: aadc 293f 407e b4be 54bb 1e3f 16ec d8be  ..)?@~..T..?....
00006c30: d9b6 113f deaf fabe 9cf5 023f 0097 0cbf  ...?.......?....
00006c40: 9439 e53e 6a14 1abf ddea c13e 9aab 25bf  .9.>j......>..%.
00006c50: a576 9c3e 3436 2fbf aaad 6a3e 03a9 36bf  .v.>46/...j>..6.
00006c60: 3bc2 193e 26e0 3bbf 006c 8e3d 1dd1 3ebf  ;..>&.;..l.=..>.
00006c70: bff8 39bc 3899 3fbf eec4 bbbd 771f 3ebf  ..9.8.?.....w.>.
00006c80: bbe3 2ebe 376c 3abf e784 7dbe 849a 34bf  ....7l:...}...4.
00006c90: 5b6c a4be 0cb9 2cbf ea19 c8be 66f5 22bf  [l....,.....f.".
00006ca0: 3167 e9be 715f 17bf c9f3 03bf 6c1b 0abf  1g..q_......l...
00006cb0: 0db0 11bf 61c1 f6be 9ebd 1dbf 8991 d6be  ....a...........
00006cc0: ce05 28bf 4535 b4be 2969 30bf bedc 8fbe  ..(.E5..)i0.....
00006cd0: 73cf 36bf b031 54be f437 3bbf 10b7 06be  s.6..1T..7;.....
00006ce0: 7590 3dbf 1133 5fbd a6d6 3dbf 1ffc bc3c  u.=..3_...=....<
00006cf0: f706 3cbf 5bc9 cc3d d52b 38bf 292b 343e  ..<.[..=.+8.)+4>
00006d00: 2662 32bf aa91 7f3e bd9b 2abf 4121 a43e  &b2....>..*.A!.>
00006d10: 0904 21bf c093 c63e 5ca3 15bf a7f4 e63e  ..!....>\......>
00006d20: 94a5 08bf d05a 023f 9466 f4be eac7 0f3f  .....Z.?.f.....?
00006d30: 8acf d4be 80a4 1b3f 54ec b2be b2c9 253f  .......?T.....%?
00006d40: f317 8fbe 0525 2e3f 7358 53be b38c 343f  .....%.?sXS...4?
00006d50: e64b 06be c7f2 383f 9332 5ebd 534e 3b3f  .K....8?.2^.SN;?
00006d60: bc52 be3c 1a96 3b3f c5d6 cd3d d1c3 393f  .R.<..;?...=..9?
00006d70: 25d3 343e dddd 353f 724e 803e 1ee7 2f3f  %.4>..5?rN.>../?
00006d80: 91cf a43e d0ed 273f c17d c73e 410b 1e3f  ...>..'?.}.>A..?
00006d90: b4e3 e73e da5a 123f 77ce 023f b6f4 043f  ...>.Z.?w..?...?
00006da0: 0f30 103f fb1f ec3e ebe0 1b3f 8074 cb3e  .0.?...>...?.t.>
00006db0: 66cc 253f 2075 a83e 7fc7 2d3f 2670 833e  f.%? u.>..-?&p.>
00006dc0: 30b8 333f 1696 393e e191 373f 7e20 d43d  0.3?..9>..7?~ .=
00006dd0: d92d 393f 93c6 c63c 8396 383f d28f 62bd  .-9?...<..8?..b.
00006de0: 70c3 353f 7c81 09be cdbb 303f 8be9 58be  p.5?|.....0?..X.
00006df0: 1391 293f dbef 92be e949 203f fbac b7be  ..)?.....I ?....
00006e00: 5c05 153f 7730 dabe eede 073f bd1f fabe  \..?w0.....?....
00006e10: fce6 f13e 6a84 0bbf 060a d13e 6027 18bf  ...>j......>`'..
00006e20: 038e ad3e f8fe 22bf f3e3 873e 37be 2bbf  ...>.."....>7.+.
00006e30: 3aa6 403e a858 32bf eab1 dd3d d4ab 36bf  :.@>.X2....=..6.
00006e40: 234d dd3c aba7 38bf 2709 60bd 7e4b 38bf  #M.<..8.'.`.~K8.
00006e50: 77e7 0abe 2288 35bf 7b01 5cbe 177b 30bf  w...".5.{.\..{0.
00006e60: 1f20 95be 9c2f 29bf 8f51 babe 09bf 1fbf  . .../)..Q......
00006e70: 5a2c ddbe 9e3b 14bf 4628 fdbe 57df 06bf  Z,...;..F(..W...
00006e80: d2ec 0cbf dbb4 efbe b07b 19bf cca6 cebe  .........{......
00006e90: cf15 24bf 2a2b abbe f59b 2cbf 0e8a 85be  ..$.*+....,.....
00006ea0: a6fc 32bf 2e93 3cbe aa24 37bf 42df d7bd  ..2...<..$7.B...
00006eb0: bb09 39bf 40a9 d0bc 3baa 38bf e89d 5e3d  ..9.@...;.8...^=
00006ec0: 6209 36bf 39c2 083e ac31 31bf 6a16 583e  b.6.9..>.11.j.X>
00006ed0: 6e3b 2abf 6248 923e c037 21bf 5fb8 b63e  n;*.bH.>.7!._..>
00006ee0: 9656 16bf 7ee5 d83e 62af 09bf 3d76 f83e  .V..~..>b...=v.>
00006ef0: 1ec7 f6be 527b 0a3f d870 d7be 6120 173f  ....R{.?.p..a .?
00006f00: b298 b5be 66f3 213f 54a9 91be 31dd 2a3f  ....f.!?T...1.*?
00006f10: 6720 58be 4ec5 313f 95c2 0abe c499 363f  g X.N.1?......6?
00006f20: 8801 70bd b45b 393f d7c4 9c3c fae8 393f  ..p..[9?...<..9?
00006f30: 1e14 c53d ea56 383f 3164 303e 15a8 343f  ...=.V8?1d0>..4?
00006f40: 7b16 7c3e 15f9 2e3f 1970 a23e 6847 273f  {.|>...?.p.>hG'?
00006f50: 6ff5 c43e 16a2 1d3f a90c e53e e234 123f  o..>...?...>.4.?
00006f60: b84c 013f 5e32 053f 4ba0 0e3f 4a5b ed3e  .L.?^2.?K..?J[.>
00006f70: d953 1a3f ebc4 cd3e 744c 243f b1d8 ab3e  .S.?...>tL$?...>
00006f80: fa61 2c3f 151e 883e e983 323f 3786 453e  .a,?...>..2?7.E>
00006f90: e3b0 363f cc6d f13d 49d0 383f f125 2b3d  ..6?.m.=I.8?.%+=
00006fa0: 32ed 383f 0fbb 0ebd 21f5 363f 8c0f e3bd  2.8?....!.6?....
00006fb0: 31f6 323f f069 3ebe ad68 16bf 8e4a 35be  1.2?.i>..h...J5.
00006fc0: 74f4 16bf f696 28be 9e91 17bf f582 1cbe  t.....(.........
00006fd0: 4f05 18bf 330e 12be 776a 18bf 50e7 08be  O...3...wj..P...
00006fe0: 00bb 18bf dbd5 00be 02fe 18bf 885d f3bd  .............]..
00006ff0: 9d3b 19bf 7e6b e6bd a372 19bf 2adf dabd  .;..~k...r..*...
00007000: d79b 19bf f653 d0bd 31be 19bf 91b6 c6bd  .....S..1.......
00007010: 5ae3 19bf d007 bebd 89ff 19bf 3313 b6bd  Z...........3...
00007020: 6c16 1abf a7ae aebd ed2e 1abf 6ef4 a7bd  l...........n...
00007030: ef41 1abf 569a a1bd 7057 1abf 19be 9bbd  .A..V...pW......
00007040: 316a 1abf 984b 96bd 8875 1abf f74a 91bd  1j...K...u...J..
00007050: 1280 1abf aa7f 8cbd 5b95 1abf 53d2 87bd  ........[...S...
00007060: 9b99 1abf 6c8b 83bd f7a9 1abf e973 7fbd  ....l........s..
00007070: 37b7 1abf b1cd 77bd 41ba 1abf c674 70bd  7.....w.A....tp.
00007080: 92be 1abf 1720 6abd 20c4 1abf 71b4 63bd  ..... j. ...q.c.
00007090: f8c8 1abf 28a1 5dbd 0ed1 1abf d3d1 57bd  ....(.].......W.
000070a0: 95db 1abf 3e5c 51bd 81e7 1abf 7ee2 4abd  ....>\Q.....~.J.
000070b0: bbe7 1abf 3366 41bd 4cf5 1abf eeb2 36bd  ....3fA.L.....6.
000070c0: 5604 1bbf 7308 2abd bc0f 1bbf 1510 1dbd  V...s.*.........
000070d0: 2824 1bbf f617 0bbd aa34 1bbf 51e1 f1bc  ($.......4..Q...
000070e0: 9b3c 1bbf bdfa cabc 9b46 1bbf afdc a8bc  .<.......F......
000070f0: b552 1bbf fb3e 7dbc ed4e 1bbf 9da6 27bc  .R...>}..N....'.
00007100: 2b4f 1bbf f08e a6bb fa47 1bbf 4026 6939  +O.......G..@&i9
00007110: c23b 1bbf 23e6 ae3b 732b 1bbf 1a99 3e3c  .;..#..;s+....><
00007120: 2900 1bbf ff1c a13c b1ec 1abf f4cb da3c  )......<.......<
00007130: 4a8b 1abf c69d 2a3d 8b0c 1abf 58bc 643d  J.....*=....X.d=
00007140: 757d 19bf 8b20 8f3d 53e3 18bf d72e ab3d  u}... .=S......=
00007150: 4738 18bf f3ae c63d 3c7f 17bf abfb e13d  G8.....=<......=
00007160: acb7 16bf 9cd5 fc3d 4ae0 15bf 72db 0b3e  .......=J...r..>
00007170: 6da8 10bf 277b 4d3e 0bc9 09bf 2cba 853e  m...'{M>....,..>
00007180: c344 01bf 1822 a33e deb5 eebe 86e0 bd3e  .D...".>.......>
00007190: 8709 d8be 1d8b d63e 6de1 bebe b999 ec3e  .......>m......>
000071a0: 978c a3be 4aab ff3e 3e5c 86be 7bd7 073f  ....J..>>\..{..?
000071b0: d389 4fbe 1724 0e3f 350e 10be e0b9 123f  ..O..$.?5......?
000071c0: e0e4 9dbd b58b 153f a962 51bc 888d 163f  .......?.bQ....?
000071d0: 7ee2 513d d9c0 153f 4cdd ea3d b311 133f  ~.Q=...?L..=...?
000071e0: fcb7 343e df98 0e3f 5139 713e d053 083f  ..4>...?Q9q>.S.?
000071f0: 0820 953e 3250 003f 0c02 af3e 2d82 ed3e  . .>2P.?...>-..>
00007200: a66a c63e 0349 d73e 48de d93e 15f9 be3e  .j.>.I.>H..>...>
00007210: e58d e93e 3152 a53e 9047 f53e 6ec7 8b3e  ...>1R.>.G.>n..>
00007220: 9f29 fe3e 4ee5 663e bf03 033f 47f1 383e  .).>N.f>...?G.8>
00007230: 6dfe 063f 8813 0b3e a6d6 0a3f 137e b43d  m..?...>...?.~.=
00007240: a0ed 0d3f 6aaa 123d 39ab 0f3f 9b5c a8bc  ...?j..=9..?.\..
00007250: e3a5 0f3f 5705 a2bd a0cc 0d3f d84b 0ebe  ...?W......?.K..
00007260: ff0c 0a3f 16b4 4abe d882 043f 4391 82be  ...?..J....?C...
00007270: b97c fa3e 2dc2 9ebe 89e5 e83e bbe8 b8be  .|.>-......>....
00007280: c85d d43e 0421 d1be 2155 bd3e f6d4 e6be  .].>.!..!U.>....
00007290: 42e6 a33e 7bff f9be 23ac 883e 1f13 05bf  B..>{...#..>....
000072a0: 546e 573e 74a6 0bbf 0b18 1b3e f799 10bf  TnW>t......>....
000072b0: 7ce7 b93d 55e5 13bf 2426 ed3c 3387 15bf  |..=U...$&.<3...
000072c0: eb1e 07bd 7c69 15bf e577 c1bd cca0 13bf  ....|i...w......
000072d0: b3a7 1ebe 5b25 10bf 51de 5abe ba0b 0bbf  ....[%..Q.Z.....
000072e0: 2915 8abe 1767 04bf 504b a5be b970 f8be  )....g..PK...p..
000072f0: 057b bebe 525a e5be 3f7a d5be 10a8 cfbe  .{..RZ..?z......
00007300: 1f2a eabe f688 b7be 3fec fbbe 0098 9dbe  .*......?.......
00007310: 5070 05bf c2cc 81be 6865 0bbf c834 49be  Pp......he...4I.
00007320: 1cc7 0fbf 208d 0cbe f976 12bf 8382 9dbd  .... ....v......
00007330: d780 13bf e0c6 7fbc 30e0 12bf 0024 3b3d  ........0....$;=
00007340: 9992 10bf 0a5e d93d 8ca1 0cbf 536d 293e  .....^.=....Sm)>
00007350: f119 07bf 9700 643e 2c11 00bf e6de 8d3e  ......d>,......>
00007360: f321 efbe 8f0c a83e 3077 dbbe 0648 c03e  .!.....>0w...H.>
00007370: 945e c5be 2440 d63e a026 adbe c79b e93e  .^..$@.>.&.....>
00007380: defa 92be 8053 fa3e b07b 6ebe a510 043f  .....S.>.{n....?
00007390: 627a 34be 7e6f 093f dc5c f1bd 3d33 0d3f  bz4.~o.?.\..=3.?
000073a0: 4660 6dbd 3f66 0f3f affe 063b ffe8 0f3f  F`m.?f.?...;...?
000073b0: 98ce 7d3d bbcb 0e3f 7427 f83d ce13 0c3f  ..}=...?t'.=...?
000073c0: 3bc8 363e ebb7 073f b108 6f3e bbdc 013f  ;.6>...?..o>...?
000073d0: 3b58 923e 5215 f53e 6878 ab3e 14ae e33e  ;X.>R..>hx.>...>
000073e0: 047f c23e a8bc cf3e b449 d73e 1a74 b93e  ...>...>.I.>.t.>
000073f0: 8182 e93e 7228 a13e d904 f93e 7f23 873e  ...>r(.>...>.#.>
00007400: 5fce 023f cb39 573e d999 073f 42da 1d3e  _..?.9W>...?B..>
00007410: d9d9 0a3f ed94 c53d 4777 0c3f 223d 1c3d  ...?...=Gw.?"=.=
00007420: fa85 0c3f ab79 abbc 25eb 0a3f e35b a2bd  ...?.y..%..?.[..
00007430: 1ac4 073f 8907 0cbe 2e0a 033f 981d 45be  ...?.......?..E.
00007440: 78a7 f93e 1fa7 7bbe b975 ea3e e09b 97be  x..>..{..u.>....
00007450: f79a d83e de88 afbe 2651 c43e 0b79 c5be  ...>....&Q.>.y..
00007460: 57cc ad3e 3e19 d9be 8065 953e 2227 eabe  W..>>....e.>"'..
00007470: 04a8 763e ec84 f8be 0bda 3f3e cefa 01bf  ..v>......?>....
00007480: 85f8 063e 0839 06bf f562 993d 64e1 08bf  ...>.9...b.=d...
00007490: 226b 8e3c 92fd 09bf 38a0 25bd 158d 09bf  "k.<....8.%.....
000074a0: 81a1 c7bd 8182 07bf 8df8 1cbe 7cef 03bf  ............|...
000074b0: 8f2a 54be c2b7 fdbe f368 84be 93ab f0be  .*T......h......
000074c0: 802e 9dbe b7ec e0be c21c b4be 34ae cebe  ............4...
000074d0: d2f0 c8be 0613 babe 9b6a dbbe 8f6f a3be  .........j...o..
000074e0: b15e ebbe 47f6 8abe 4795 f8be 4afe 61be  .^..G...G...J.a.
000074f0: fe79 01bf ca8f 2bbe d430 05bf 9fb5 e6bd  .y....+..0......
00007500: c460 07bf 5ccd 67bd c409 08bf 07d3 0238  .`..\.g........8
00007510: 4929 07bf 77a1 673d 36be 04bf 7ad8 e53d  I)..w.g=6...z..=
00007520: c5d7 00bf c790 2a3e 1dfb f6be b431 603e  ......*>.....1`>
00007530: 4080 e9be c292 893e e86c d9be 007a a13e  @......>.l...z.>
00007540: 8fee c6be 8b7a b73e 933c b2be e061 cb3e  .....z.>.<...a.>
00007550: b191 9bbe e2f4 dc3e ec2f 83be 2b01 ec3e  .......>./..+..>
00007560: fcc0 52be 3b64 f83e bbd0 1cbe edfb 003f  ..R.;d.>.......?
00007570: c571 cabd 4e4d 043f 1656 32bd 5c21 063f  .q..NM.?.V2.\!.?
00007580: a727 473c d173 063f df79 8a3d bf43 053f  .'G<.s.?.y.=.C.?
00007590: 2660 fa3d 098b 023f fba1 333e ffc2 fc3e  &`.=...?..3>...>
000075a0: c6fd 673e fb95 f13e 8cd0 8c3e bcb5 e33e  ..g>...>...>...>
000075b0: 91ff a33e 9950 d33e 754a b93e 0d82 c03e  ...>.P.>uJ.>...>
000075c0: 4a73 cc3e 0591 ab3e a147 dd3e 8cb2 943e  Js.>...>.G.>...>
000075d0: f194 eb3e 4967 783e 5b26 f73e 6f9c 443e  ...>Igx>[&.>o.D>
000075e0: 8dec ff3e 16aa 0e3e c4dd 023f 5e66 ae3d  ...>...>...?^f.=
000075f0: 3947 043f 1d1d f63c 922c 043f 37c6 cfbc  9G.?...<.,.?7...
00007600: 438a 023f 9e8a a4bd 90d5 fe3e 1d96 09be  C..?.......>....
00007610: faa4 f53e 9144 3fbe fa9a e93e 039f 72be  ...>.D?....>..r.
00007620: 63e1 da3e d18d 91be 7d9e c93e 6012 a8be  c..>....}..>`...
00007630: 270a b63e 629f bcbe f657 a03e 1eed cebe  '..>b....W.>....
00007640: 0bd2 883e d5c9 debe 1859 5f3e b401 ecbe  ...>.....Y_>....
00007650: 1897 2a3e e06f f6be c0a3 e73d 82f8 fdbe  ..*>.o.....=....
00007660: 17bd 6e3d 383d 01bf 2b8d 3a3b 20f6 01bf  ..n=8=..+.:; ...
00007670: 2bfc 56bd 8d24 01bf b483 dbbd 6e96 fdbe  +.V..$......n...
00007680: 3761 24be c8e1 f5be d702 59be 1544 ebbe  7a$.......Y..D..
00007690: 697f 85be 56de ddbe a5dd 9cbe c6d5 cdbe  i...V...........
000076a0: dd4a b2be f25c bbbe d99d c5be b5b3 a6be  .J...\..........
000076b0: b28a d6be 3815 90be 84ed e4be 238b 6fbe  ....8.......#.o.
000076c0: b78d f0be 1f1a 3cbe 2950 f9be 8a78 06be  ......<.)P...x..
000076d0: 711a ffbe 899f 9ebd 8beb 00bf 660c babc  q...........f...
000076e0: 5bc7 00bf 1a31 043d f739 febe 84ca b13d  [....1.=.9.....=
000076f0: 7ee0 f7be 9ea4 0f3e e7a9 eebe ceb6 443e  ~......>......D>
00007700: 179b e2be 3777 773e 31e3 d3be cda4 933e  ....7ww>1......>
00007710: 25b3 c2be 40ce a93e 8539 afbe 0af1 bd3e  %...@..>.9.....>
00007720: 14c1 99be 81e0 cf3e d87e 82be fe61 df3e  .......>.~...a.>
00007730: b773 53be cc45 ec3e 7c82 1fbe 6176 f63e  .sS..E.>|...av.>
00007740: 9b44 d3bd 43c1 fd3e ac9c 4abd 740e 013f  .D..C..>..J.t..?
00007750: f301 9d3b 3abd 013f 433f 713d 97ee 003f  ...;:..?C?q=...?
00007760: c910 e63d 5446 fd3e 3c59 283e d1d5 f53e  ...=TF.><Y(>...>
00007770: f4bd 5b3e 5592 eb3e 1f4c 863e 7ca5 de3e  ..[>U..>.L.>|..>
00007780: 9d2c 9d3e 9b30 cf3e cf40 b23e 0861 bd3e  .,.>.0.>.@.>.a.>
00007790: 933d c53e 6667 a93e 3103 d63e a08d 933e  .=.>fg.>1..>...>
000077a0: 8157 e43e 310c 783e d216 f03e 0b41 463e  .W.>1.x>...>.AF>
000077b0: b913 f93e f432 123e 8642 ff3e fe00 b93d  ...>.2.>.B.>...=
000077c0: 2840 013f 5614 173d 916b 013f 140d 8bbc  (@.?V..=.k.?....
000077d0: 141d 003f 209b 90bd d9b0 fa3e b2cc fcbd  ...? ......>....
000077e0: 0646 f23e 8e00 33be 8c13 e73e 5484 65be  .F.>..3....>T.e.
000077f0: 3d32 d93e f3aa 8abe e7d3 c83e cbf3 a0be  =2.>.......>....
00007800: c32a b63e b455 b5be 1c6b a13e 6e94 c7be  .*.>.U...k.>n...
00007810: 1dd6 8a3e de77 d7be d64b 653e 3ed1 e4be  ...>.w...Ke>>...
00007820: af49 323e 5a83 efbe c37f fa3d 0f5e f7be  .I2>Z......=.^..
00007830: 12d0 8d3d 4249 fcbe 7103 7e3c 553e febe  ...=BI..q.~<U>..
00007840: c307 1dbd 2437 fdbe 709f bbbd bc40 f9be  ....$7..p....@..
00007850: ba39 13be c565 f2be 0fe7 46be f6b3 e8be  .9...e....F.....
00007860: 1f47 78be 4439 dcbe 9954 93be c720 cdbe  .Gx.D9...T... ..
00007870: 1abf a8be 8396 bbbe 8b24 bcbe 6ec3 a7be  .........$..n...
00007880: 3f44 cdbe 37ef 91be c4e3 dbbe edb2 74be  ?D..7.........t.
00007890: 6dd9 e7be f48b 42be b609 f1be 8214 0ebe  m.....B.........
000078a0: 5540 f7be a5cc afbd 2077 fabe 7766 02bd  U@...... w..wf..
000078b0: de9e fabe 0ac6 b83c 48b4 f7be 040e 9d3d  .......<H......=
000078c0: e0cf f1be 3cf9 043e 3df1 e8be 41d8 393e  ....<..>=...A.9>
000078d0: 8a3f ddbe 967b 6c3e e4d8 cebe 7422 8e3e  .?...{l>....t".>
000078e0: d9e1 bdbe ce4d a43e 2e95 aabe eb85 b83e  .....M.>.......>
000078f0: d333 95be a57c ca3e b101 7cbe 6c04 da3e  .3...|.>..|.l..>
00007900: 5e72 4abe 87e5 e63e b363 16be 15fe f03e  ^rJ....>.c.....>
00007910: f0d5 c0bd 7028 f83e 01b2 24bd 5059 fc3e  ....p(.>..$.PY.>
00007920: 27df 6a3c 137e fd3e 96d3 8c3d 3491 fb3e  '.j<.~.>...=4..>
00007930: c1d3 fa3d a2a1 f63e ac0a 333e 64bd ee3e  ...=...>..3>d..>
00007940: c49d 663e b3ee e33e 83d0 8b3e db6a d63e  ..f>...>...>.j.>
00007950: f2af a23e 6a51 c63e f9b4 b73e 28d4 b33e  ...>jQ.>...>(..>
00007960: 7291 ca3e 6024 9f3e 971f db3e 1b8b 883e  r..>`$.>...>...>
00007970: 3e20 e93e a98e 603e b86a f43e b756 2d3e  > .>..`>.j.>.V->
00007980: 32f2 fc3e 71df ef3d 3544 013f 9dfe 813d  2..>q..=5D.?...=
00007990: d88e 023f 6834 123c bb58 023f d73c 3cbd  ...?h4.<.X.?.<<.
000079a0: 709b 003f e48e cdbd e1ce fa3e 0186 1dbe  p..?.......>....
000079b0: 817f f13e db9d 52be df60 e53e 13b7 82be  ...>..R..`.>....
000079c0: 4899 d63e 3ab8 9abe 9553 c53e 5e06 b1be  H..>:....S.>^...
000079d0: b7c3 b13e 455c c5be 521a 9c3e 8484 d7be  ...>E\..R..>....
000079e0: c6a3 843e 364b e7be 8b21 573e d887 f4be  ...>6K...!W>....
000079f0: 7d60 223e 2204 ffbe 3231 d73d 7e4f 03bf  }`">"...21.=~O..
00007a00: f7a9 4d3d bca6 05bf e696 aebb 6e7d 06bf  ..M=........n}..
00007a10: 01f2 79bd eace 05bf e4ed edbd 5b9a 03bf  ..y.........[...
00007a20: 6044 2ebe 71d5 ffbe 36cd 63be 7b88 f5be  `D..q...6.c.{...
00007a30: 046d 8bbe 2b6d e8be c074 a3be d8b6 d8be  .m..+m...t......
00007a40: 7cb7 b9be c27d c6be 36f0 cdbe 2b09 b2be  |....}..6...+...
00007a50: 4fea dfbe 6a84 9bbe c367 efbe 2431 83be  O...j....g..$1..
00007a60: 0f46 fcbe d6a9 52be bf27 03bf 8571 1cbe  .F....R..'...q..
00007a70: 9fbb 06bf 63cc c8bd 5ace 08bf b397 2cbd  ....c...Z.....,.
00007a80: 605e 09bf 2670 6b3c 3562 08bf 2f2b 913d  `^..&pk<5b../+.=
00007a90: cce0 05bf 1ebe 013e 02de 01bf a38f 393e  .......>......9>
00007aa0: ccd4 f8be 6a79 6f3e 1a1a ebbe 1469 913e  ....jyo>.....i.>
00007ab0: 1bbd dabe 527c a93e 7ee3 c7be 34be bf3e  ....R|.>~...4..>
00007ac0: 53c5 b2be 63e6 d33e d79a 9bbe 49be e53e  S...c..>....I..>
00007ad0: e49e 82be fc10 f53e 7d4d 50be 8dd6 003f  .......>}MP....?
00007ae0: 95f4 18be c1b9 053f 9896 bfbd eb1e 093f  .......?.......?
00007af0: b29f 15bd d105 0b3f 4631 ac3c aa59 0b3f  .......?F1.<.Y.?
00007b00: 79cb a03d 0c23 0a3f 088c 0a3e c75c 073f  y..=.#.?...>.\.?
00007b10: 5023 433e 7110 033f cfbb 793e 769a fa3e  P#C>q..?..y>v..>
00007b20: b9ca 963e f13a ec3e 8a18 af3e 0a31 db3e  ...>.:.>...>.1.>
00007b30: f07b c53e 6da6 c73e 28b0 d93e 5dd3 b13e  .{.>m..>(..>]..>
00007b40: 047b eb3e 75f1 993e 5ba8 fa3e 394b 803e  .{.>u..>[..>9K.>
00007b50: 1388 033f 665c 4a3e 1441 083f 29ba 113e  ...?f\J>.A.?)..>
00007b60: 0272 0b3f 3dcc ae3d 2916 0d3f 8408 df3c  .r.?=..=)..?...<
00007b70: 2625 0d3f 9aff ffbc f59a 0b3f e770 b7bd  &%.?.......?.p..
00007b80: 107b 083f c27d 16be 17cd 033f f5ab 4fbe  .{.?.}.....?..O.
00007b90: 8a3a fb3e 3451 83be eefd eb3e e055 9dbe  .:.>4Q.....>.U..
00007ba0: e10f da3e dba2 b5be 71a0 c53e eff2 cbbe  ...>....q..>....
00007bb0: 18e5 ae3e 3efb dfbe 0a1d 963e 9d81 f1be  ...>>......>....
00007bc0: 241d 773e 1025 00bf 0118 3f3e 8517 06bf  $.w>.%....?>....
00007bd0: 2eae 043e 4583 0abf 116a 913d cb5e 0dbf  ...>E....j.=.^..
00007be0: 7d49 3c3c 31a0 0ebf eb2e 46bd 003c 0ebf  }I<<1.....F..<..
00007bf0: f3ce dcbd 112f 0cbf 4e30 2abe 7783 08bf  ...../..N0*.w...
00007c00: dd04 64be ab43 03bf d2ae 8dbe b9f4 f8be  ..d..C..........
00007c10: 5ed0 a7be 7c77 e8be 5502 c0be 3749 d5be  ^...|w..U...7I..
00007c20: f912 d6be a695 bfbe 7fb7 e9be 079d a7be  ................
00007c30: a6b1 fabe 0fae 8dbe 6369 04bf 970e 64be  ........ci....d.
00007c40: 58f3 09bf 9d17 2abe 26ee 0dbf 4f13 dcbd  X.....*.&...O...
00007c50: 2349 10bf c86e 42bd b600 11bf 1c9e 583c  #I...nB.......X<
00007c60: 820d 10bf a73d 973d a975 0dbf 59fa 083e  .....=.=.u..Y..>
00007c70: bf40 09bf d5df 443e da7b 03bf 86ac 7e3e  .@....D>.{....~>
00007c80: ae6d f8be 0ed7 9a3e 3912 e7be c6a7 b43e  .m.....>9......>
00007c90: d114 d3be 3f82 cc3e e6af bcbe b31f e23e  ....?..>.......>
00007ca0: 5a23 a4be 3240 f53e e7b1 89be dbdb 023f  Z#..2@.>.......?
00007cb0: c34b 5bbe 2ca7 093f 4da7 20be 00ee 0e3f  .K[.,..?M. ....?
00007cc0: 843e c8bd a9a9 123f 0705 19bd dac9 143f  .>.....?.......?
00007cd0: 141f c13c 144e 153f aee8 ac3d e72e 143f  ...<.N.?...=...?
00007ce0: eef3 133e 836f 113f 680a 503e 7320 0d3f  ...>.o.?h.P>s .?
00007cf0: 4808 853e 2c45 073f 1bb4 a03e cce9 ff3e  H..>,E.?...>...>
00007d00: 24b7 ba3e e883 ee3e cec2 d23e 3a85 da3e  $..>...>...>:..>
00007d10: 02a5 e83e e02a c43e 441a fc3e d6af ab3e  ...>.*.>D..>...>
00007d20: 3f74 063f 475a 913e a379 0d3f 19da 6a3e  ?t.?GZ.>.y.?..j>
00007d30: 1e0d 133f 787b 303e e212 173f 0e3d e83d  ...?x{0>...?.=.=
00007d40: 9a86 193f 6ee3 593d 3568 1a3f 30d2 fabb  ...?n.Y=5h.?0...
00007d50: 1bb0 193f e752 8cbd 2c68 173f 9ccb 03be  ...?.R..,h.?....
00007d60: e195 133f 521a 40be f43e 0e3f 9e9e 7abe  ...?R.@..>.?..z.
00007d70: d075 073f 4e50 99be b286 fe3e 3fd8 b3be  .u.?NP.....>?...
00007d80: 8099 eb3e d085 ccbe 704b d63e 1c2f e3be  ...>....pK.>./..
00007d90: 5cc9 be3e 1c99 f7be cd54 a53e bfc4 04bf  \..>.....T.>....
00007da0: 5f3a 8a3e 3f6a 0cbf 025e 5b3e d0a7 12bf  _:.>?j...^[>....
00007db0: f716 203e 3473 17bf 1e21 c63d ceb6 1abf  .. >4s...!.=....
00007dc0: 4d88 143d cc71 1cbf 051d cabc 029e 1cbf  M..=.q..........
00007dd0: b3f8 aebd 3135 1bbf 47d9 14be 783e 18bf  ....15..G...x>..
00007de0: 15b7 50be cbbe 13bf 3547 85be 5cc8 0dbf  ..P.....5G..\...
00007df0: c1d5 a0be ed61 06bf 02c2 babe 9e45 fbbe  .....a.......E..
00007e00: 51d4 d2be 1038 e7be 3fb8 e8be bad8 d0be  Q....8..?.......
00007e10: 434b fcbe 6c65 b8be 28a5 06bf 8913 9ebe  CK..le..(.......
00007e20: b9ba 0dbf ff2b 82be d265 13bf eef4 49be  .....+...e....I.
00007e30: e08a 17bf 4f82 0dbe 6c20 1abf 0d7c 9fbd  ....O...l ...|..
00007e40: 1722 1bbf d6fa 89bc be8d 1abf ea3d 353d  ."...........=5=
00007e50: 7a5e 18bf 178e d63d 289d 14bf 3606 283e  z^.....=(...6.(>
00007e60: c555 0fbf 1e0b 633e 7693 08bf e5c4 8d3e  .U....c>v......>
00007e70: 3b66 00bf 8879 a83e 95d8 edbe 8d5b c13e  ;f...y.>.....[.>
00007e80: 8260 d8be f632 d83e 70b0 c0be bcbe ec3e  .`...2.>p......>
00007e90: eef7 a6be 0bbf fe3e 6087 8bbe 0d01 073f  .......>`......?
00007ea0: 0a62 5dbe 6a2b 0d3f 1553 21be 36d2 113f  .b].j+.?.S!.6..?
00007eb0: 133f c7bd 5ee7 143f 84c3 13bd c559 163f  .?..^..?.....Y.?
00007ec0: 5be2 d03c d427 163f 7a7d b13d e856 143f  [..<.'.?z}.=.V.?
00007ed0: 4566 163e cce0 103f cc39 523e 53d3 0b3f  Ef.>...?.9R>S..?
00007ee0: 8ce1 853e 0e3c 053f 181a a13e 933c fa3e  ...>.<.?...>.<.>
00007ef0: d676 ba3e 5a4c e73e 4bca d13e 36ba d13e  .v.>ZL.>K..>6..>
00007f00: 83af e63e 0ccd b93e 8ce8 f83e bdc8 9f3e  ...>...>...>...>
00007f10: 0828 043f 5301 843e 6751 0a3f 5b4d 4d3e  .(.?S..>gQ.?[MM>
00007f20: 80e5 0e3f 6254 103e 59d2 113f 19b1 a33d  ...?bT.>Y..?...=
00007f30: ce11 133f 2674 933c 5f95 123f 8ef5 34bd  ...?&t.<_..?..4.
00007f40: d267 103f bea8 d8bd 2198 0c3f 9807 2abe  .g.?....!..?..*.
00007f50: 6a1c 073f 0aba 65be a91c 003f 0661 8fbe  j..?..e....?.a..
00007f60: 1324 ef3e 9c36 aabe dd5d db3e 6603 c3be  .$.>.6...].>f...
00007f70: c10e c53e f58e d9be 4c75 ac3e 0c96 edbe  ...>....Lu.>....
00007f80: 8ee5 913e 56d6 febe 9353 6b3e d196 06bf  ...>V....Sk>....
00007f90: f420 303e 2538 0cbf 59eb e53d aa32 10bf  . 0>%8..Y..=.2..
00007fa0: bea6 513d 978a 12bf b5d7 29bc 0136 13bf  ..Q=......)..6..
00007fb0: 7a7b 93bd 1f3c 12bf 23e3 07be f393 0fbf  z{...<..#.......
00007fc0: b28f 44be 3249 0bbf 2c07 7fbe 6369 05bf  ..D.2I..,...ci..
00007fd0: df54 9bbe 7423 fcbe db80 b5be 468a eabe  .T..t#......F...
00007fe0: 1d99 cdbe c25b d6be 106e e3be 4ec2 bfbe  .....[...n..N...
00007ff0: 14af f6be 290a a7be 569f 03bf f581 8cbe  ....)...V.......
00008000: 827a 0abf 4edc 60be 94d0 0fbf d93d 26be  .z..N.`......=&.
00008010: 9297 13bf eea1 d3bd 76c1 15bf 16ce 30bd  ........v.....0.
00008020: 6e4c 16bf 8e0c 8e3c b241 15bf 623b 9f3d  nL.....<.A..b;.=
00008030: 459e 12bf 5b81 0c3e 0a66 0ebf 6ae6 473e  E...[..>.f..j.G>
00008040: d9ad 08bf b38e 803e 2c89 01bf 53ce 9b3e  .......>,...S..>
00008050: ff1a f2be f96b b53e 1897 debe f624 cd3e  .....k.>.....$.>
00008060: 71d7 c8be 40a8 e23e 64fc b0be a1cf f53e  q...@..>d......>
00008070: f164 97be 6f39 033f c381 78be 2431 0a3f  .d..o9.?..x.$1.?
00008080: 80c2 3fbe edbc 0f3f 2d16 05be c4d7 133f  ..?....?-......?
00008090: a920 92bd 6070 163f bef2 45bc 0d7f 173f  . ..`p.?..E....?
000080a0: a522 423d d702 173f 7171 d93d 28ff 143f  ."B=...?qq.=(..?
000080b0: e8e1 273e af72 113f 8c48 613e a675 0c3f  ..'>.r.?.Ha>.u.?
000080c0: 4b2e 8c3e bd06 063f 8858 a63e 2072 fc3e  K..>...?.X.> r.>
000080d0: fcc7 be3e 744e ea3e 5d41 d53e 29c0 d53e  ...>tN.>]A.>)..>
000080e0: b181 e93e e1fa be3e d54d fb3e f34b a63e  ...>...>.M.>.K.>
000080f0: 0f47 053f 29dd 8b3e 7086 0b3f 421c 603e  .G.?)..>p..?B.`>
00008100: 4852 103f 8753 263e 0e9e 133f c570 d53d  HR.?.S&>...?.p.=
00008110: d45e 153f 8ca2 383d 538d 153f 178a 6ebc  .^.?..8=S..?..n.
00008120: 0a2b 143f 8f61 97bd ed39 113f bc6a 07be  .+.?.a...9.?.j..
00008130: 64bf 0c3f 0ab0 41be bdc9 063f 0dc8 79be  d..?..A....?..y.
00008140: 80d4 fe3e 2893 97be 8f6a ed3e b893 b0be  ...>(....j.>....
00008150: 657d d93e 8ba6 c7be e13a c33e df8a dcbe  e}.>.....:.>....
00008160: 5ded aa3e a606 efbe 26df 903e 2ff3 febe  ]..>....&..>/...
00008170: 0086 6a3e 940d 06bf 210a 313e 762b 0bbf  ..j>....!.1>v+..
00008180: 2670 eb3d 21c1 0ebf 6122 653d e7cb 10bf  &p.=!...a"e=....
00008190: fd37 6ebb 1d4f 11bf 8c17 81bd 3931 10bf  .7n..O......91..
000081a0: f2e0 f8bd 6c7c 0dbf f4d2 36be 9544 09bf  ....l|....6..D..
000081b0: 0514 6fbe 768a 03bf 7858 92be 2fcf f8be  ..o.v...xX../...
000081c0: 0c6f abbe 2ad2 e7be f495 c2be 8051 d4be  .o..*........Q..
000081d0: b787 d7be 8082 bebe bc05 eabe 7796 a6be  ............w...
000081e0: 08ef f9be d4ee 8cbe c27e 03bf da7f 63be  .........~....c.
000081f0: d827 8c3e a150 23bd 91e9 8b3e eaf0 15bd  .'.>.P#....>....
00008200: 9bc4 8b3e a2c5 0bbd 78a2 8b3e 0cd9 02bd  ...>....x..>....
00008210: cb85 8b3e a1fc f5bc 5a6e 8b3e cf18 e8bc  ...>....Zn.>....
00008220: 4f5b 8b3e 05cd dbbc ed51 8b3e eaa6 d0bc  O[.>.....Q.>....
00008230: d844 8b3e 8598 c6bc 4837 8b3e 898c bdbc  .D.>....H7.>....
00008240: e22b 8b3e 6481 b5bc de23 8b3e 98e9 adbc  .+.>d....#.>....
00008250: c41b 8b3e 48d6 a6bc bc11 8b3e c53e a0bc  ...>H......>.>..
00008260: 2d0e 8b3e 578d 9abc 5608 8b3e cd1e 95bc  -..>W...V..>....
00008270: 9404 8b3e 83f7 8fbc 0d00 8b3e a01f 8bbc  ...>.......>....
00008280: d4f6 8a3e bea8 86bc 09f2 8a3e 2bae 82bc  ...>.......>+...
00008290: 40f3 8a3e 4843 7ebc 82ed 8a3e 02bd 76bc  @..>HC~....>..v.
000082a0: b4ed 8a3e 9adc 6fbc a7ec 8a3e eadc 69bc  ...>..o....>..i.
000082b0: 0fe7 8a3e daa9 63bc cbd6 8a3e b878 5dbc  ...>..c....>.x].
000082c0: d4d3 8a3e 2de5 57bc 7ad3 8a3e af03 53bc  ...>-.W.z..>..S.
000082d0: cfcf 8a3e f337 4ebc f3ce 8a3e 813e 48bc  ...>.7N....>.>H.
000082e0: aecd 8a3e 9fb8 43bc beca 8a3e ba3d 3bbc  ...>..C....>.=;.
000082f0: ccc7 8a3e e81e 32bc c3c9 8a3e fa65 28bc  ...>..2....>.e(.
00008300: a6c6 8a3e 3961 1dbc 3fcb 8a3e fbd1 10bc  ...>9a..?..>....
00008310: 3fc7 8a3e 41a3 02bc f8c5 8a3e 450a ecbb  ?..>A......>E...
00008320: 83c5 8a3e a0d0 d6bb 12c2 8a3e 2232 c0bb  ...>.......>"2..
00008330: c7c2 8a3e ae42 adbb dac4 8a3e 4957 a4bb  ...>.B.....>IW..
00008340: a0c1 8a3e 9636 aabb 13c2 8a3e 9793 bebb  ...>.6.....>....
00008350: c3d0 8a3e 05bc e7bb 63c4 8a3e 4938 19bc  ...>....c..>I8..
00008360: c9cb 8a3e 7e37 40bc 8ab9 8a3e 320f 8dbc  ...>~7@....>2...
00008370: 7082 8a3e cab9 bbbc a53b 8a3e c2a9 e8bc  p..>.....;.>....
00008380: ebdc 893e 864a 0cbd c270 893e f7d6 23bd  ...>.J...p.>..#.
00008390: 03fc 883e 1b0e 3bbd b46e 883e 0833 52bd  ...>..;..n.>.3R.
000083a0: 54d4 873e 3ea2 69bd cfd8 833e 515c aebd  T..>>.i....>Q\..
000083b0: d898 7c3e e65d e5bd e384 6e3e e102 0dbe  ..|>.]....n>....
000083c0: 53d6 5d3e 9d55 25be e89e 4a3e d7b1 3bbe  S.]>.U%...J>..;.
000083d0: 7016 353e c4d6 4fbe 138f 1d3e 7094 61be  p.5>..O....>p.a.
000083e0: fa2a 043e adb2 70be 7626 d33d 29c8 7cbe  .*.>..p.v&.=).|.
000083f0: c56f 9b3d bd07 83be 5593 443d 231b 86be  .o.=....U.D=#...
00008400: 7827 9f3c 70a3 87be a04a 0fbc 5a8a 87be  x'.<p....J..Z...
00008410: af11 18bd 9eea 85be 802d 85bd 7ac2 82be  .........-..z...
00008420: 86fb bbbd 064f 7cbe 3644 f0bd 534f 70be  .....O|.6D..SOp.
00008430: 251a 11be b8b1 61be d77a 28be b0b6 50be  %.....a..z(...P.
00008440: 7e47 3ebe e17d 3dbe 213c 52be f610 28be  ~G>..}=.!<R...(.
00008450: 7eb6 64be d3fd 0fbe dcc3 74be a49f eabd  ~.d.......t.....
00008460: 91ba 80be c6ea afbd 8104 85be aa0a 62bd  ..............b.
00008470: d2f5 86be 8b10 c4bc 94cd 86be 3a2b ed3b  ............:+.;
00008480: 86b5 84be 0f98 193d aaef 80be af5b 883d  .......=.....[.=
00008490: 463f 77be 4631 c13d b7b2 69be 9ae3 f63d  F?w.F1.=..i....=
000084a0: 1c7c 59be 726a 143e f7c2 46be f677 2b3e  .|Y.rj.>..F..w+>
000084b0: 14cf 31be 463a 403e 9cc9 1abe 8496 523e  ..1.F:@>......R>
000084c0: 0efe 01be c74b 623e 7a5b cfbd 1c3a 6f3e  .....Kb>z[...:o>
000084d0: be68 98bd c42a 793e 98de 3ebd 0c19 803e  .h...*y>..>....>
000084e0: 6138 97bc eafc 813e 2fed 253c d84f 823e  a8.....>/.%<.O.>
000084f0: aa5f 1d3d 1003 813e 7161 873d 6045 7c3e  ._.=...>qa.=`E|>
00008500: d05f bf3d 6164 733e c644 f43d 0d94 673e  ._.=ads>.D.=..g>
00008510: 1b1c 133e e5f4 583e c265 2a3e 2aa6 473e  ...>..X>.e*>*.G>
00008520: edc1 3f3e ead5 333e faa7 523e 48e8 1d3e  ..?>..3>..R>H..>
00008530: 3934 633e c1f6 053e 300f 713e 6b9d d83d  94c>...>0.q>k..=
00008540: c1ea 7b3e d6d1 a23d fbee 813e 73b0 553d  ..{>...=...>s.U=
00008550: fc55 843e 57c5 c53c 722b 853e f3c6 8bbb  .U.>W..<r+.>....
00008560: 146a 843e fde3 05bd 9214 823e 6f47 79bd  .j.>.......>oGy.
00008570: 695e 7c3e 350b b5bd a59b 713e 95d7 eabd  i^|>5.....q>....
00008580: ece0 633e 1555 0fbe 4d78 533e 4074 27be  ..c>.U..MxS>@t'.
00008590: 2c8b 403e 8ca3 3dbe 6446 2b3e 82cc 51be  ,.@>..=.dF+>..Q.
000085a0: 2fef 133e e57a 63be 239a f53d 2b91 72be  /..>.zc.#..=+.r.
000085b0: 3e63 c03d 97d8 7ebe aaab 883d 6115 84be  >c.=..~....=a...
000085c0: e4e0 1e3d 6636 87be b5a1 263c 67ca 88be  ...=f6....&<g...
000085d0: cff1 97bc 0ac9 88be 6245 41bd 9d31 87be  ........bEA..1..
000085e0: cd14 9abd 1d0b 84be 25fb d1bd 33a8 7ebe  ........%...3.~.
000085f0: b1f3 03be 1a3c 72be f843 1dbe be13 63be  .....<r..C....c.
00008600: e4ff 34be b822 51be d962 4abe f7e5 3cbe  ..4.."Q..bJ...<.
00008610: 61b4 5dbe 2245 26be bb7d 6ebe 4ab7 0dbe  a.]."E&..}n.J...
00008620: 1b85 7cbe db1b e7bd 36d3 83be adce afbd  ..|.....6.......
00008630: 5ddc 87be 06b1 6dbd 095f 8abe a3a1 f0bc  ].....m.._......
00008640: ff4c 8bbe f414 b7b9 fda0 8abe 2838 eb3c  .L..........(8.<
00008650: 9c57 88be e77b 6a3d 308a 84be 6621 af3d  .W...{j=0...f!.=
00008660: bd74 7ebe 659e e63d cee3 70be f3c3 0d3e  .t~.e..=..p....>
00008670: 3293 60be 7bbe 263e 22b0 4dbe 7dc0 3d3e  2.`.{.&>".M.}.=>
00008680: ea67 38be ada3 523e 8b19 21be 8f0b 653e  .g8...R>..!...e>
00008690: c6e8 07be e2df 743e 3e1f dabd b305 813e  ......t>>......>
000086a0: 8b0c a2bd e915 863e c11b 50bd b29f 893e  .......>..P....>
000086b0: e9b4 b3bc 5b96 8b3e 4ae9 eb3b c0f8 8b3e  ....[..>J..;...>
000086c0: 884a 143d cec2 8a3e 1fc5 843d 7ef4 873e  .J.=...>...=~..>
000086d0: a2ea bd3d 4298 833e 71de f43d 8c83 7b3e  ...=B..>q..=..{>
000086e0: 0a7b 143e c6ee 6c3e e4c9 2c3e 56ac 5b3e  .{.>..l>..,>V.[>
000086f0: f82a 433e 69ee 473e 0d42 573e d7e3 313e  .*C>i.G>.BW>..1>
00008700: 5de8 683e 53e1 193e f4dc 773e 1d12 003e  ].h>S..>..w>...>
00008710: 1900 823e e7b3 c93d 2e92 863e 6402 913d  ...>...=...>d..=
00008720: 559b 893e bc5a 2d3d 330a 8b3e c635 5b3c  U..>.Z-=3..>.5[<
00008730: afe9 8a3e d9d5 80bc f927 893e d2b5 36bd  ...>.....'.>..6.
00008740: 3adb 853e 6166 95bd 1300 813e 7cb4 cdbd  :..>af.....>|...
00008750: 1c5d 753e 96c5 01be 5be3 653e 6834 1bbe  .]u>....[.e>h4..
00008760: e7d1 533e 93d9 32be c850 3f3e dc6e 48be  ..S>..2..P?>.nH.
00008770: 9198 283e 9daf 5bbe 44f1 0f3e f55f 6cbe  ..(>..[.D..>._l.
00008780: 455e eb3d b063 7abe e107 b43d 2cbc 82be  E^.=.cz....=,...
00008790: 968a 753d 6bc1 86be d134 003d 7f3d 89be  ..u=k....4.=.=..
000087a0: 189a 163b be25 8abe 1ebf dabc 0274 89be  ...;.%.......t..
000087b0: c2e9 62bd 5d2e 87be 50df aabd ac5f 83be  ..b.]...P...._..
000087c0: 9f66 e2bd d315 7cbe 75a1 0bbe 7a89 6ebe  .f....|.u...z.n.
000087d0: 7871 24be c147 5ebe 8264 3bbe fb79 4bbe  xq$..G^..d;..yK.
000087e0: 3e35 50be 2458 36be d7a8 62be de1f 1fbe  >5P.$X6...b.....
000087f0: 1a87 72be 4910 06be 4da4 7fbe 3109 d7bd  ..r.I...M...1...
00008800: bfeb 84be 8d76 9fbd 3b89 88be 1926 4cbd  .....v..;....&L.
00008810: 579e 8abe 7c0b aebc 831f 8bbe a51d f93b  W...|..........;
00008820: a516 8abe de1e 153d 8e7e 87be 029f 843d  .......=.~.....=
00008830: e064 83be c33f bd3d 42a5 7bbe d5ba f33d  .d...?.=B.{....=
00008840: 60b5 6dbe 59cb 133e 182b 5dbe 9714 2c3e  `.m.Y..>.+]...,>
00008850: cb2c 4abe c675 423e 75f5 34be 33b5 563e  .,J..uB>u.4.3.V>
00008860: 19c6 1dbe 6998 683e a2dc 04be b4ed 773e  ....i.h>......w>
00008870: 7800 d5bd c547 823e 4af0 9dbd 6f26 873e  x....G.>J...o&.>
00008880: 1e94 4abd bf91 8a3e ea13 aebc 9c7c 8c3e  ..J....>.....|.>
00008890: 6382 e93b 5be0 8c3e 8be5 103d edbd 8b3e  c..;[..>...=...>
000088a0: df77 813d 6c16 893e d7f1 b83d 15f7 843e  .w.=l..>...=...>
000088b0: b066 ee3d b1d9 7e3e 469a 103e 1d0e 713e  .f.=..~>F..>..q>
000088c0: 3e64 283e a4b5 603e 6b54 3e3e 9aee 4d3e  >d(>..`>kT>>..M>
000088d0: 442d 523e 1ffe 383e eebc 633e 8720 223e  D-R>..8>..c>. ">
000088e0: 9cc9 723e 8995 093e 0e2c 7f3e 0839 df3d  ..r>...>.,.>.9.=
000088f0: f764 843e f11a a93d ffbf 873e ff9e 623d  .d.>...=...>..b=
00008900: dba5 893e c50f e23c 0b0b 8a3e 63e6 a0b9  ...>...<...>c...
00008910: 93f6 883e 3140 e6bc 8665 863e 3b46 63bd  ...>1@...e.>;Fc.
00008920: 455f 823e 3b4c a8bd 8edb 793e 62d9 dcbd  E_.>;L....y>b...
00008930: cb53 6c3e 3e54 07be 823e 5c3e f396 1ebe  .Sl>>T...>\>....
00008940: 6fe6 493e 40f9 33be c46b 353e 7b4d 47be  o.I>@.3..k5>{MG.
00008950: c00e 1f3e 8d58 58be 0c0d 073e f4e7 66be  ...>.XX....>..f.
00008960: 2358 db3d 88d6 72be ae63 a63d 6cf5 7bbe  #X.=..r..c.=l.{.
00008970: 5fe1 5f3d dc1f 81be f071 e23c 0ed1 82be  _._=.....q.<....
00008980: 8d7e e939 fe0c 83be c255 dabc c6d2 81be  .~.9.....U......
00008990: 0360 5abd 2846 7ebe a261 a2bd cd12 76be  .`Z.(F~..a....v.
000089a0: ba6e d5bd 3b10 6bbe 14e6 02be 617d 5dbe  .n..;.k.....a}].
000089b0: cd80 19be 1b73 4dbe 6d44 2ebe 9a23 3bbe  .....sM.mD...#;.
000089c0: 72fc 40be 68d1 26be 626b 51be 76ad 10be  r.@.h.&.bkQ.v...
000089d0: 8c6b 5fbe 28ea f1bd 6fd4 6abe 63dc bfbd  .k_.(...o.j.c...
000089e0: 117e 73be f9cf 8bbd 065c 79be 6bb5 2cbd  .~s......\y.k.,.
000089f0: 1a64 7cbe 688c 80bc cc82 7cbe df0a 323c  .d|.h.....|...2<
00008a00: 07c8 79be ed6b 183d 2833 74be dd25 813d  ..y..k.=(3t..%.=
00008a10: 5bd7 6bbe 5a82 b43d ffda 60be 12ab e53d  [.k.Z..=..`....=
00008a20: b567 53be 4a13 0a3e e3ac 43be aaac 1f3e  .gS.J..>..C....>
00008a30: 94ce 31be dc6f 333e e2f6 1dbe 743a 453e  ..1..o3>....t:E>
00008a40: 746b 08be c5d4 543e a5cd e2bd b612 623e  tk....T>......b>
00008a50: cb7e b2bd 1dcd 6c3e ab64 80bd 46f5 743e  .~....l>.d..F.t>
00008a60: d3ef 19bd a56e 7a3e b65f 46bc ba3e 7d3e  .....nz>._F..>}>
00008a70: 9772 5d3c 255b 7d3e 079c 1f3d afca 7a3e  .r]<%[}>...=..z>
00008a80: 7114 833d 7c84 753e a6ef b43d 9ea6 6d3e  q..=|.u>...=..m>
00008a90: 22cf e43d 7040 633e b11b 093e 8166 563e  "..=p@c>...>.fV>
00008aa0: e248 1e3e ca4e 473e cdbd 313e 7521 363e  .H.>.NG>..1>u!6>
00008ab0: 0349 433e 781d 233e 76b9 523e 0a72 0e3e  .IC>x.#>v.R>.r.>
00008ac0: d3ef 5f3e d0b8 f03d 75ba 6a3e 023e c23d  .._>...=u.j>.>.=
00008ad0: ff15 733e 74e2 913d afe0 783e e598 403d  ..s>t..=..x>..@=
00008ae0: 3716 7c3e bbf5 b73c 69b7 7c3e a3ae 0fbb  7.|>...<i.|>....
00008af0: cdc0 7a3e e1c0 dabc 2a3d 763e 8a22 50bd  ..z>....*=v>."P.
00008b00: 283b 6f3e ea04 98bd 46d6 653e d521 c6bd  (;o>....F.e>.!..
00008b10: 2f2e 5a3e acd1 f1bd f863 4c3e 5956 0dbe  /.Z>.....cL>YV..
00008b20: 18aa 3c3e 4033 20be 5c25 2b3e 5846 31be  ..<>@3 .\%+>XF1.
00008b30: 030b 183e 4070 40be 9892 033e 5f79 4dbe  ...>@p@....>_yM.
00008b40: 1ee5 db3d 8c59 58be fbe4 ae3d 97e4 60be  ...=.YX....=..`.
00008b50: 1ba7 803d 5012 67be b53a 233d 36d8 6abe  ...=P.g..:#=6.j.
00008b60: 2215 893c 1d31 6cbe 6338 cebb 7520 6bbe  "..<.1l.c8..u k.
00008b70: 3f36 edbc a7af 67be 88d8 50bd 2fea 61be  ?6....g...P./.a.
00008b80: 98ef 93bd f6ec 59be fd43 bdbd 00ca 4fbe  ......Y..C....O.
00008b90: fc1b e4bd 78ac 43be df09 04be c6ba 35be  ....x.C.......5.
00008ba0: 5664 14be 4811 26be 6cf3 22be c9e4 14be  Vd..H.&.l.".....
00008bb0: cf94 2fbe bf6f 02be 8627 3abe 64da ddbd  ../..o...':.d...
00008bc0: c99b 42be 3117 b5bd 0de1 48be f41b 8bbd  ..B.1.....H.....
00008bd0: fbf6 4cbe 6ed7 40bd b1cb 4ebe a969 d5bc  ..L.n.@...N..i..
00008be0: b758 4ebe 6843 a7bb 39b5 4bbe 243b 7e3c  .XN.hC..9.K.$;~<
00008bf0: c6f3 46be a5e3 113d 412b 40be c741 613d  ..F....=A+@..Aa=
00008c00: 4b70 37be 5460 963d fdd2 2cbe a9d3 b93d  Kp7.T`.=..,....=
00008c10: 3f93 20be a392 da3d abc0 12be de51 f83d  ?. ....=.....Q.=
00008c20: afa4 03be 2a60 093e d3c4 e6bd 02db 143e  ....*`.>.......>
00008c30: db5c c4bd 5c7e 1e3e 4c82 a0bd aa3d 263e  .\..\~.>L....=&>
00008c40: 9fee 76bd e80d 2c3e bc99 2bbd f9bb 2f3e  ..v...,>..+.../>
00008c50: e9a9 bfbc 4073 313e 4099 a5bb 3b2d 313e  ....@s1>@...;-1>
00008c60: da8f 543c 36f0 2e3e b210 fa3c 7dcd 2a3e  ..T<6..>...<}.*>
00008c70: f32c 423d 79d6 243e fbe0 813d 7122 1d3e  .,B=y.$>...=q".>
00008c80: c188 a03d a2d3 133e cec5 bc3d 7c0d 093e  ...=...>...=|..>
00008c90: ef3b d63d 0027 fa3d 95e9 ec3d 5899 df3d  .;.=.'.=...=X..=
00008ca0: 8f34 003e ef34 c33d 764e 083e 5b1d a53d  .4.>.4.=vN.>[..=
00008cb0: 87b9 0e3e d6c1 853d 0166 133e 0f02 4b3d  ...>...=.f.>..K=
00008cc0: 6e4a 163e bc89 093d 0170 173e c9a7 8f3c  nJ.>...=.p.>...<
00008cd0: 1dd2 163e 2b56 d53a 6d83 143e d1c4 64bc  ...>+V.:m..>..d.
00008ce0: 7889 103e ac41 eebc 7c04 0b3e 38a9 32bd  x..>.A..|..>8.2.
00008cf0: 5103 043e 9fbc 6abd 0968 f73d 6881 8fbd  Q..>..j..h.=h...
00008d00: 2742 e43d e583 a7bd e9eb ce3d 2ffc bcbd  'B.=.......=/...
00008d10: a0aa b73d 87e4 cfbd 88c5 9e3d 0b02 e0bd  ...=.......=....
00008d20: d087 843d 6238 edbd d8ad 523d bd62 f7bd  ...=b8....R=.b..
00008d30: 2e34 1b3d 557e febd 4991 c63c f748 01be  .4.=U~..I..<.H..
00008d40: 8fed 2d3c 7cd2 01be 1210 3dbb 4bd9 00be  ..-<|.....=.K...
00008d50: e1b1 83bc 19df fcbd 9a75 ebbc 8346 f5bd  .........u...F..
00008d60: ac45 27bd 29f2 eabd 1c96 55bd 9a46 debd  .E'.).....U..F..
00008d70: 425e 80bd 024d cfbd f3ef 93bd d952 bebd  B^...M.......R..
00008d80: fc88 a5bd 828f abbd c3d3 b4bd 7842 97bd  ............xB..
00008d90: 77b1 c1bd 0da5 81bd 7f14 ccbd 7122 56bd  w...........q"V.
00008da0: cfe9 d3bd 0e9c 27bd 0025 d9bd 3db4 f0bc  ......'..%..=...
00008db0: c5d1 dbbd abbf 91bc 3dfc dbbd f8e9 ccbb  ........=.......
00008dc0: 6bc8 d9bd 5135 a63b e139 d5bd cdd5 833c  k...Q5.;.9.....<
00008dd0: fe5b cebd a3a8 da3c 824d c5bd 6974 163d  .[.....<.M..it.=
00008de0: df4c babd 76e3 3c3d f88e adbd 3318 603d  .L..v.<=....3.`=
00008df0: 964d 9fbd 76ed 7f3d 5cd8 8fbd cf1d 8e3d  .M..v..=\......=
00008e00: 395f 7ebd 0374 9a3d ab17 5bbd 8fcd a43d  9_~..t.=..[....=
00008e10: 4270 36bd 92fb ac3d 21fc 10bd 3c08 b33d  Bp6....=!...<..=
00008e20: 0f5a d6bc e516 b73d e500 8bbc e42c b93d  .Z.....=.....,.=
00008e30: a50a 01bc 8551 b93d 59a8 7a3a 0d81 b73d  .....Q.=Y.z:...=
00008e40: 1917 1d3c 7aff b33d ef16 913c bcaa ae3d  ...<z..=...<...=
00008e50: 998e cf3c 39bf a73d 76a0 043d eb63 9f3d  ...<9..=v..=.c.=
00008e60: 7603 1f3d e2db 953d 439a 363d d939 8b3d  v..=...=C.6=.9.=
00008e70: f54f 4b3d 8c5c 7f3d 5715 5d3d c2d0 663d  .OK=.\.=W.]=..f=
00008e80: 0cbe 6b3d 0238 4d3d 331d 773d 8ee2 323d  ..k=.8M=3.w=..2=
00008e90: a056 7f3d ed47 183d 0545 823d 246d fb3c  .V.=.G.=.E.=$m.<
00008ea0: a378 833d 102a c73c a73b 833d ca53 943c  .x.=.*.<.;.=.S.<
00008eb0: e5a6 813d 18ec 463c 4fb8 7d3d 9483 d43b  ...=..F<O.}=...;
00008ec0: e8f3 753d 0382 9e3a e455 6c3d 7ef3 6ebb  ..u=...:.Ul=~.n.
00008ed0: 8cfa 603d c2f0 03bc c743 543d 1085 43bc  ..`=.....CT=..C.
00008ee0: b385 463d 2655 7abc acfc 373d 9112 94bc  ..F=&Uz...7=....
00008ef0: 0702 293d 6d57 a6bc a80a 1a3d 66ec b3bc  ..)=mW.....=f...
00008f00: cf52 0b3d 6c72 bdbc f34f fa3c b7a2 c2bc  .R.=lr...O.<....
00008f10: fd33 df3c c5e6 c3bc d438 c63c 05a1 c1bc  .3.<.....8.<....
00008f20: 8680 af3c d625 bcbc a3cb 9b3c 99fd b3bc  ...<.%.....<....
00008f30: 5d12 8b3c 8371 a9bc 1dee 7a3c 4905 9dbc  ]..<.q....z<I...
00008f40: 91cb 663c 2f1a 8fbc 5aa0 593c f59a 80bc  ..f</...Z.Y<....
00008f50: 16ff 523c 78ac 63bc 53d4 533c 958b 46bc  ..R<x.c.S.S<..F.
00008f60: 62ab 5b3c 0926 2bbc d5d7 693c 4c93 12bc  b.[<.&+...i<L...
00008f70: 4bb4 7d3c 3ee5 fbbb 0a33 8b3c 347b dcbb  K.}<>....3.<4{..
00008f80: a197 993c 57c7 c7bb 17f2 a93c 533c bebb  ...<W......<S<..
00008f90: 72e1 bb3c 64cb c0bb 71a9 ce3c d0fd d0bb  r..<d...q..<....
00008fa0: 80e3 e13c d218 f1bb 77d3 f43c 41f1 0fbc  ...<....w..<A...
00008fb0: b06b 033d 3c18 2fbc 43d5 0b3d 7f50 55bc  .k.=<./.C..=.PU.
00008fc0: b54b 133d 2d37 81bc 78ab 193d 7804 9bbc  .K.=-7..x..=x...
00008fd0: 2ba6 1e3d 1518 b8bc 0ce3 213d 03b8 d7bc  +..=......!=....
00008fe0: 7133 233d 7dd7 f9bc 5d7b 223d facc 0ebd  q3#=}...]{"=....
00008ff0: 1db2 1f3d 4b5a 21bd 039c 1a3d 024f 34bd  ...=KZ!....=.O4.
00009000: 5e05 133d 6a5a 47bd b5e5 083d e565 5abd  ^..=jZG....=.eZ.
00009010: 827b f83c 2ee5 6cbd 5976 da3c 1599 7ebd  .{.<..l.Yv.<..~.
00009020: fe36 b73c f69b 87bd 670f 903c aa47 8fbd  .6.<....g..<.G..
00009030: 90d7 473c 9521 96bd d43c cf3b 31f5 9bbd  ..G<.!...<.;1...
00009040: 825c c237 a8ab a0bd ccce dabb 6920 a4bd  .\.7........i ..
00009050: b13f 60bc 8b4e a6bd 450d abbc e020 a7bd  .?`..N..E.... ..
00009060: e3b6 e7bc 3c74 a6bd af46 12bd e83b a4bd  ....<t...F...;..
00009070: fbe6 30bd 7762 a0bd 103c 4fbd 6c0c 9bbd  ..0.wb...<O.l...
00009080: c9dd 6cbd 8325 94bd 4984 84bd 98bf 8bbd  ..l..%..I.......
00009090: 0a02 92bd 4ebd 81bd 31a4 9ebd 846d 6cbd  ....N...1....ml.
000090a0: 0b01 aabd 1bf7 52bd f563 b4bd f3b1 36bd  ......R..c....6.
000090b0: ec83 bdbd baf3 17bd 390c c5bd 68d3 eebc  ........9...h...
000090c0: cfca cabd 801a aabc 2ef8 cebd db10 46bc  ..............F.
000090d0: 055d d1bd 9678 4ebb 67d3 d1bd 9413 c23b  .]...xN.g......;
000090e0: b45a d0bd 2755 763c c30c cdbd f7f4 c53c  .Z..'Uv<.......<
000090f0: b4c4 c7bd 7bd1 073d 249b c0bd 4c6a 2b3d  ....{..=$...Lj+=
00009100: fd92 b7bd 2ae3 4d3d e1d5 acbd ca4c 6e3d  ....*.M=.....Ln=
00009110: 6557 a0bd c15a 863d 0b4a 92bd 6c3d 943d  eW...Z.=.J..l=.=
00009120: c7c5 82bd 4ac8 a03d 26d9 63bd d89f ab3d  ....J..=&.c....=
00009130: 0cf1 3fbd 5fca b43d 8a57 1abd a3f0 bb3d  ..?._..=.W.....=
00009140: 18b3 e6bc cd12 c13d 0817 97bc 2547 c43d  .......=....%G.=
00009150: 2b71 0abc 3656 c53d ed1b ca3a 094b c43d  +q..6V.=...:.K.=
00009160: 8ebf 3c3c b804 c13d e19f ad3c eda6 bb3d  ..<<...=...<...=
00009170: de8f fa3c 9636 b43d dec7 213d ceac aa3d  ...<.6.=..!=...=
00009180: df6c 443d aa46 9f3d f274 643d c40b 923d  .lD=.F.=.td=...=
00009190: 7cbb 803d a120 833d 8a79 8d3d b03f 653d  |..=. .=.y.=.?e=
000091a0: 6c58 983d 0286 413d de34 a13d d9d6 1b3d  lX.=..A=.4.=...=
000091b0: 1509 a83d 007f e83c 869f ac3d 5768 963c  ...=...<...=Wh.<
000091c0: 7ef1 ae3d 9c90 043c 87df ae3d e6f9 14bb  ~..=...<...=....
000091d0: a37f ac3d c6ee 4cbc 10bd a73d 9e33 b9bc  ...=..L....=.3..
000091e0: 9c93 a03d 1cee 04bd d132 973d f9db 2bbd  ...=.....2.=..+.
000091f0: 14a3 8b3d 516f 50bd 6a2e 7c3d 3075 72bd  ...=QoP.j.|=0ur.
00009200: cc68 5d3d 1b76 88bd 44cf 3a3d 3142 96bd  .h]=.v..D.:=1B..
00009210: 2ba8 143d 3937 a2bd fee7 d73c 3103 acbd  +..=97.....<1...
00009220: cc4f 823c 8561 b3bd f4ed a43b 9884 b8bd  .O.<.a.....;....
00009230: 21ec c6bb ee42 bbbd b721 8ebc e787 bbbd  !....B...!......
00009240: 2037 ebbc a156 b9bd e9b6 23bd d182 b4bd   7...V....#.....
00009250: 09db 50bd 9241 adbd b37f 7cbd a375 a3bd  ..P..A....|..u..
00009260: 68ea 92bd 4554 97bd cc66 a6bd 87fb 88bd  h...ET...f......
00009270: da3f b8bd 08ed 70bd ba43 c8bd a13a 4cbd  .?....p..C...:L.
00009280: 2a5f d6bd fae4 23bd 2865 e2bd 9355 f0bc  *_....#.(e...U..
00009290: 3dfc ebbd f2d6 93bc e910 f3bd 7c91 ccbb  =...........|...
000092a0: a18c f7bd 2447 c43b a77e f9bd 16f6 963c  ....$G.;.~.....<
000092b0: e3d4 f8bd 3110 ff3c 0856 f5bd 739b 333d  ....1..<.V..s.3=
000092c0: 4c02 efbd 4401 673d 5e0f e6bd 6f9b 8c3d  L...D.g=^...o..=
000092d0: 0f6a dabd 65c2 a43d 083f ccbd baaa bb3d  .j..e..=.?.....=
000092e0: 5ba8 bbbd fa3e d13d 81bd a8bd 4442 e53d  [....>.=....DB.=
000092f0: 0abd 93bd 3c5d f73d 43a2 79bd aaa9 033e  ....<].=C.y....>
00009300: 494a 48bd 8680 0a3e 2935 14bd 300d 103e  IJH....>)5..0..>
00009310: c317 bcbc 7f56 143e b390 17bc f735 173e  .....V.>.....5.>
00009320: ebc6 9c3b cbb6 183e 25b0 9b3c dac2 183e  ...;...>%..<...>
00009330: 7c3d 083d c660 173e b7fc 413d 398f 143e  |=.=.`.>..A=9..>
00009340: 70a5 7a3d 2357 103e d8e7 983d cfb0 0a3e  p.z=#W.>...=...>
00009350: c650 b33d 838c 033e ce5a cc3d 725a f63d  .P.=...>.Z.=rZ.=
00009360: a96c e33d b545 e33d d88e f83d 71f5 cd3d  .l.=.E.=...=q..=
00009370: d0be 053e 1794 b63d e218 0e3e a439 9d3d  ...>...=...>.9.=
00009380: 3727 153e bc5d 823d e1ce 1a3e 1817 4c3d  7'.>.].=...>..L=
00009390: 2d06 1f3e ae44 113d 86b4 213e b7b5 a83c  -..>.D.=..!>...<
000093a0: 32d5 223e 1a5a b43b b975 223e 8bcb 1fbc  2.">.Z.;.u">....
000093b0: d59e 203e 0c6a ccbc 9831 1d3e e7c3 23bd  .. >.j...1.>..#.
000093c0: e13a 183e fa1e 60bd e8c4 113e c44b 8dbd  .:.>..`....>.K..
000093d0: 0ef0 093e 5824 a9bd 3bc7 003e fc6f c3bd  ...>X$..;..>.o..
000093e0: 0ecf ec3d 48d6 dbbd 5ab4 d53d 0c3d f2bd  ...=H...Z..=.=..
000093f0: bb5a bc3d 8722 03be 5f10 a13d 72e8 0bbe  .Z.=.".._..=r...
00009400: aa40 843d 0943 13be 6540 4c3d 0230 19be  .@.=.C..e@L=.0..
00009410: 57e4 0d3d e487 1dbe 75ff 9b3c 9253 20be  W..=....u..<.S .
00009420: f0f3 543b b28e 21be 740a 84be 9e60 e7bd  ..T;..!.t....`..
00009430: 5190 84be 257a d6bd c530 85be 522a c7bd  Q...%z...0..R*..
00009440: 83ac 85be 45f5 b9bd ef17 86be b851 aebd  ....E........Q..
00009450: c870 86be f414 a4bd a9b8 86be 5013 9bbd  .p..........P...
00009460: 73fc 86be 41e5 92bd 8332 87be de91 8bbd  s...A....2......
00009470: 3660 87be d1ef 84bd 7c88 87be 38b8 7dbd  6`......|...8.}.
00009480: 5fad 87be f392 72bd bfc9 87be bd7f 68bd  _.....r.......h.
00009490: e1e4 87be 9327 5fbd 2c02 88be 787d 56bd  .....'_.,...x}V.
000094a0: c818 88be 396c 4ebd 462c 88be 361c 47bd  ....9lN.F,..6.G.
000094b0: dc3e 88be dd2a 40bd 074e 88be 1db2 39bd  .>...*@..N....9.
000094c0: 6a5d 88be 4f98 33bd b06d 88be e4c1 2dbd  j]..O.3..m....-.
000094d0: 867a 88be 2363 28bd f685 88be e05c 23bd  .z..#c(......\#.
000094e0: bf8f 88be a39d 1ebd 629e 88be 501b 1abd  ........b...P...
000094f0: 6999 88be 69c2 15bd d59e 88be ceba 11bd  i...i...........
00009500: 51a7 88be 52e1 0dbd 31ac 88be 264b 0abd  Q...R...1...&K..
00009510: 2cbc 88be f24f 06bd 35c6 88be 9dd9 01bd  ,....O..5.......
00009520: 5dbc 88be c81b f8bc 1ad2 88be f5df eabc  ]...............
00009530: 1cea 88be ecdd dabc 3ffb 88be 3f3b cabc  ........?...?;..
00009540: dc10 89be 039e b3bc 1625 89be 9dbd 9cbc  .........%......
00009550: b728 89be fa85 85bc 3531 89be ccec 5ebc  .(......51....^.
00009560: fa41 89be 18be 2bbc ac40 89be 365a ebbb  .A....+..@..6Z..
00009570: c539 89be 458d 89bb ad36 89be ac31 9dba  .9..E....6...1..
00009580: a322 89be d89b db3a ca17 89be 0bdf a43b  .".....:.......;
00009590: 0ae5 88be 0b53 143c 26c4 88be 8de9 4f3c  .....S.<&.....O<
000095a0: ef58 88be e068 a33c ddde 87be 09a9 da3c  .X...h.<.......<
000095b0: 3e43 87be b453 093d faa7 86be c926 243d  >C...S.=.....&$=
000095c0: 8cee 85be f2a6 3e3d 0a2f 85be e171 583d  ......>=./...qX=
000095d0: 0960 84be 6a1c 723d 1380 83be 01a1 853d  .`..j.r=.......=
000095e0: c96a 7cbe d9c0 c33d 4680 6ebe 2cf7 fd3d  .j|....=F.n.,..=
000095f0: 656c 5dbe 021e 1a3e 8f59 49be 0cfb 323e  el]....>.YI...2>
00009600: 0b9d 32be 695d 493e 0897 19be 87c8 5c3e  ..2.i]I>......\>
00009610: 74e2 fcbd 0b46 6d3e 5566 c3bd 8968 7a3e  t....Fm>Uf...hz>
00009620: b03d 87bd e611 823e 3e49 13bd f91a 853e  .=.....>>I.....>
00009630: 54f3 abbb 1457 863e fbc5 d03c e7bb 853e  T....W.>...<...>
00009640: 3f99 633d 6644 833e 2aa9 ae3d fae5 7d3e  ?.c=fD.>*..=..}>
00009650: 4a88 e83d 40b0 713e 5c88 0f3e 01e9 613e  J..=@.q>\..>..a>
00009660: 2478 283e f5bd 4e3e a290 3e3e 767d 383e  $x(>..N>..>>v}8>
00009670: 751b 513e 6d98 1f3e af55 5f3e 2be1 043e  u.Q>m..>.U_>+..>
00009680: 16fa 683e aeb7 d23d bf21 6e3e 78a7 9d3d  ..h>...=.!n>x..=
00009690: cf08 703e a9c5 5b3d 4a2b 713e b985 063d  ..p>..[=J+q>...=
000096a0: ac33 733e b29d 523c e2a5 753e b3f8 06bc  .3s>..R<..u>....
000096b0: b314 773e fa6f 00bd 3df3 753e c9d6 66bd  ..w>.o..=.u>..f.
000096c0: bd7c 713e 297c a8bd 3c5b 693e 7aec ddbd  .|q>)|..<[i>z...
000096d0: b8a0 5d3e 57e1 08be f481 4e3e f58e 21be  ..]>W.....N>..!.
000096e0: 5b58 3c3e 5d3e 38be 2560 273e 2bab 4cbe  [X<>]>8.%`'>+.L.
000096f0: c41a 103e db71 5ebe b37c ed3d 4076 6dbe  ...>.q^..|.=@vm.
00009700: efb4 b73d ff54 79be 7553 7f3d 0cfa 80be  ...=.Ty.uS.=....
00009710: 697e 0b3d 80aa 83be 6db4 ac3b 26a6 84be  i~.=....m..;&...
00009720: 06e7 bebc 05f1 83be 29d6 53bd 069c 81be  ........).S.....
00009730: 1035 a2bd 6e49 7bbe c6c9 d8bd 8e35 70be  .5..nI{......5p.
00009740: ca0f 06be 451e 62be c103 1ebe 9f49 51be  ....E.b......IQ.
00009750: a0f0 33be 69e9 3dbe 5c6c 47be a935 28be  ..3.i.=.\lG..5(.
00009760: 0242 58be 5683 10be 9f5c 66be 4f25 eebd  .BX.V....\f.O%..
00009770: d677 71be 126b b8bd ac64 79be 77ef 80bd  .wq..k...dy.w...
00009780: bc31 7ebe f3bb 0fbd e2b7 7fbe f19c e6bb  .1~.............
00009790: ad03 7ebe 08ca ab3c af16 79be 4ef9 463d  ..~....<..y.N.F=
000097a0: 3a05 71be 4b67 9a3d 6ced 65be 8cea ce3d  :.q.Kg.=l.e....=
000097b0: 5905 58be 6049 003e a955 47be 136b 173e  Y.X.`I.>.UG..k.>
000097c0: 0931 34be 237c 2c3e 42ea 1ebe fc1c 3f3e  .14.#|,>B.....?>
000097d0: 2ab3 07be 5939 4f3e e19f ddbd df98 5c3e  *...Y9O>......\>
000097e0: 8c6a a9bd 37fc 663e 33ce 66bd 504d 6e3e  .j..7.f>3.f.PMn>
000097f0: 41ff efbc 148d 723e 3988 07bb efa0 733e  A.....r>9.....s>
00009800: 089e cd3c c687 713e d3ca 533d 304d 6c3e  ...<..q>..S=0Ml>
00009810: 174b 9f3d 450f 643e 4d8e d13d d2d1 583e  .K.=E.d>M..=..X>
00009820: 9ea0 003e adda 4a3e d4a8 163e 2355 3a3e  ...>..J>...>#U:>
00009830: a4ac 2a3e fc60 273e 9554 3c3e 795d 123e  ..*>.`'>.T<>y].>
00009840: e16a 4b3e e511 f73d 4ad0 573e 285d c63d  .jK>...=J.W>(].=
00009850: 0754 613e 5f34 933d 36d0 673e d2f0 3c3d  .Ta>_4.=6.g>..<=
00009860: 294b 6b3e 64e9 a13c faa2 6b3e f010 d8bb  )Kk>d..<..k>....
00009870: 1ff1 683e bf84 06bd 1c2f 633e e5ff 70bd  ..h>...../c>..p.
00009880: f879 5a3e 1c6f abbd 0de3 4e3e 754b dcbd  .yZ>.o....N>uK..
00009890: e199 403e 8b0f 05be 74ce 2f3e e427 1abe  ..@>....t./>.'..
000098a0: c7b7 1c3e 8b45 2dbe e3a2 073e e8f0 3dbe  ...>.E-....>..=.
000098b0: 9688 e13d 3b27 4cbe 0bf1 b03d b6a7 57be  ...=;'L....=..W.
000098c0: 40f1 7b3d 8b5a 60be 9bdd 123d 390c 66be  @.{=.Z`....=9.f.
000098d0: 34ab 203c 82b5 68be bde5 85bc 9253 68be  4. <..h......Sh.
000098e0: 4d56 2dbd 5be7 64be 73a1 8abd 307b 5ebe  MV-.[.d.s...0{^.
000098f0: 3ae6 bcbd 6323 55be 0d71 ecbd 61ff 48be  :...c#U..q..a.H.
00009900: 7186 0cbe 0b3e 3abe f1fc 20be 310e 29be  q....>:... .1.).
00009910: cd4f 33be 90ad 15be 4d64 43be 9345 00be  .O3.....MdC..E..
00009920: 5ade 50be 396f d2bd 0cac 5bbe 4e86 a1bd  Z.P.9o....[.N...
00009930: 8ca5 63be 45f4 5cbd f6a6 68be c2c2 e7bc  ..c.E.\...h.....
00009940: 76a4 6abe ff16 11bb 7f99 69be 9faa c33c  v.j.......i....<
00009950: 1883 65be 2bc7 4b3d 6f72 5ebe dd8a 993d  ..e.+.K=or^....=
00009960: ef80 54be 1154 cb3d 29d0 47be 7887 fa3d  ..T..T.=).G.x..=
00009970: 8a7d 38be b842 133e cec9 26be a270 273e  .}8..B.>..&..p'>
00009980: 01f2 12be d578 393e d148 fabd 6828 493e  .....x9>.H..h(I>
00009990: b667 cbbd aa43 563e 6ac5 99bd b99f 603e  .g...CV>j.....`>
000099a0: b55f 4cbd 341d 683e 9a71 c4bc 00a7 6c3e  ._L.4.h>.q....l>
000099b0: 50b3 123b 6220 6e3e e169 e93c ad8d 6c3e  P..;b n>.i.<..l>
000099c0: 1df9 5e3d ebf2 673e 3045 a33d 9359 603e  ..^=..g>0E.=.Y`>
000099d0: 2510 d53d b2dc 553e a120 023e 9d93 483e  %..=..U>. .>..H>
000099e0: c60a 183e a1aa 383e 2c0d 2c3e 0860 263e  ...>..8>,.,>.`&>
000099f0: dbe2 3d3e 51e3 113e 4746 4d3e 81fc f63d  ..=>Q..>GFM>...=
00009a00: 8f0a 5a3e 13e1 c63d d307 643e 450e 943d  ..Z>...=..d>E..=
00009a10: 4513 6b3e 827c 3e3d 510b 6f3e 305f a43c  E.k>.|>=Q.o>0_.<
00009a20: 8ce6 6f3e 2b19 dbbb 8f9a 6d3e 4cdd 08bd  ..o>+.....m>L...
00009a30: 3d36 683e 15c4 74bd 2fca 5f3e 00e6 aebd  =6h>..t./._>....
00009a40: 335f 543e 352c e1bd 6820 463e 7457 08be  3_T>5,..h F>tW..
00009a50: 5341 353e 2c5d 1ebe 5fe2 213e 5a54 32be  SA5>,].._.!>ZT2.
00009a60: 8f53 0c3e 2903 44be 5798 e93d 7e2b 53be  .S.>).D.W..=~+S.
00009a70: 3f5b b73d 2f93 5fbe 2375 823d c910 69be  ?[.=/._.#u.=..i.
00009a80: 5005 173d 9e7b 6fbe 84df 1a3c 13b7 72be  P..=.{o....<..r.
00009a90: c271 95bc e3be 72be e1b5 3bbd c788 6fbe  .q....r...;...o.
00009aa0: 1265 95bd a21d 69be a243 cbbd 4089 5fbe  .e....i..C..@._.
00009ab0: dfb1 febd 50e6 52be 2d8e 17be da64 43be  ....P.R.-....dC.
00009ac0: 8ded 2dbe c82d 31be 2926 42be 0c7f 1cbe  ..-..-1.)&B.....
00009ad0: a9ee 53be ec94 05be 5313 63be 8a80 d9bd  ..S.....S.c.....
00009ae0: e852 6fbe af7d a4bd 6687 78be 13e3 59bd  .Ro..}..f.x...Y.
00009af0: 4b89 7ebe 532c cebc 1ca2 80be c9e2 613b  K.~.S,........a;
00009b00: f651 80be ee0e 043d 66ac 7cbe 5155 793d  .Q.....=f.|.QUy=
00009b10: fb62 75be 2c33 b63d 4edb 6abe f4eb ed3d  .bu.,3.=N.j....=
00009b20: a835 5dbe 697f 113e 2b9d 4cbe 7074 2a3e  .5].i..>+.L.pt*>
00009b30: b03e 39be 9271 413e 4458 23be 4e34 563e  .>9..qA>DX#.N4V>
00009b40: 6127 0bbe 5074 683e 22f0 e1bd 1aec 773e  a'..Pth>".....w>
00009b50: 7d4a aabd 8034 823e ee17 60bd 0ee2 863e  }J...4.>..`....>
00009b60: 6cc3 cfbc cbe5 893e ec52 953b 7242 8b3e  l......>.R.;rB.>
00009b70: 0125 0e3d 85ee 8a3e 4d78 843d 76e7 883e  .%.=...>Mx.=v..>
00009b80: e5d3 c03d ac2e 853e a450 fb3d 9782 7f3e  ...=...>.P.=...>
00009b90: 9d9c 193e d479 713e c8dc 333e 3164 603e  ...>.yq>..3>1d`>
00009ba0: a72d 4c3e ac80 4c3e 4c33 623e 50ee 353e  .-L>..L>L3b>P.5>
00009bb0: 52af 753e 0bfb 1c3e 3f27 833e ddf1 013e  R.u>...>?'.>...>
00009bc0: c5eb 893e 3326 ca3d a310 8f3e 39b8 8d3d  ...>3&.=...>9..=
00009bd0: 7280 923e 543b 1e3d 2e2d 943e 3d0e f33b  r..>T;.=.-.>=..;
00009be0: 7e19 943e d730 c5bc 3737 923e c113 63bd  ~..>.0..77.>..c.
00009bf0: 5e8d 8e3e 0ada b0bd 391e 893e 7063 eebd  ^..>....9..>pc..
00009c00: 3001 823e 21ae 14be 6d7e 723e 9884 30be  0..>!...m~r>..0.
00009c10: 35f5 5d3e ac59 4abe 2799 463e 21dd 61be  5.]>.YJ.'.F>!.a.
00009c20: eaa8 2c3e 94b2 76be 207c 103e f057 84be  ..,>..v. |.>.W..
00009c30: fcbe e43d bec1 8bbe 456a a53d 0b79 91be  ...=....Ej.=.y..
00009c40: a19d 473d 746d 95be 821a 823c 808f 97be  ..G=tm.....<....
00009c50: d290 8dbc decc 97be e2c1 4ebd 612e 96be  ..........N.a...
00009c60: de80 aabd 54af 92be 2dff ebbd 744f 8dbe  ....T...-...tO..
00009c70: d65f 15be 5a21 86be 1c14 33be 5864 7abe  ._..Z!....3.Xdz.
00009c80: eaba 4ebe 583c 65be 1ff5 67be a813 4dbe  ..N.X<e...g...M.
00009c90: c581 7ebe 0a2b 32be 84f7 88be b4ca 14be  ..~..+2.........
00009ca0: f2ff 90be aba5 eabd af3a 97be 183d a8bd  .........:...=..
00009cb0: 099e 9bbe 1b8a 46bd 3f0d 9ebe 1eec 64bc  ......F.?.....d.
00009cc0: c383 9ebe bcb2 ab3c a9fe 9cbe f3e8 643d  .......<......d=
00009cd0: f082 99be a91f b93d d912 94be 4a0f fe3d  .......=....J..=
00009ce0: 9ebb 8cbe 6a38 203e b692 83be 17b9 3f3e  ....j8 >......?>
00009cf0: a359 71be 531f 5d3e f464 58be ee11 783e  .Yq.S.]>.dX...x>
00009d00: 357f 3cbe f217 883e 8f06 1ebe 8295 923e  5.<....>.......>
00009d10: d8a0 fabd 6864 9b3e 736a b5bd 5061 a23e  ....hd.>sj..Pa.>
00009d20: 8392 5abd 4579 a73e ca4f 8cbc b895 aa3e  ..Z.Ey.>.O.....>
00009d30: 4555 a13c 149d ab3e c9ff 673d 579e aa3e  EU.<...>..g=W..>
00009d40: cc0b bf3d 848f a73e 4546 043e f275 a23e  ...=...>EF.>.u.>
00009d50: ddd1 273e 8d60 9b3e ddc8 493e a960 923e  ..'>.`.>..I>.`.>
00009d60: 02ab 693e b58d 873e 1695 833e 0e0f 763e  ..i>...>...>..v>
00009d70: 6ae5 903e add7 593e 74ac 9c3e b6d0 3a3e  j..>..Y>t..>..:>
00009d80: f9bc a63e 2e48 193e a4fa ae3e 1368 eb3d  ...>.H.>...>.h.=
00009d90: b14b b53e 08d4 a03d 8398 b93e f65c 273d  .K.>...=...>.\'=
00009da0: fcd0 bb3e a424 183b dfe7 bb3e 2add 15bd  ...>.$.;...>*...
00009db0: 5add b93e d77a 9abd 71b8 b53e ac0c e9bd  Z..>.z..q..>....
00009dc0: df7a af3e a5c6 1abe 9137 a73e c9af 3fbe  .z.>.....7.>..?.
00009dd0: c7fe 9c3e fabb 62be 24e8 903e 64be 81be  ...>..b.$..>d...
00009de0: ad1a 833e 03c6 90be 4881 673e 554b 9ebe  ...>....H.g>UK..
00009df0: d4fe 453e d62f aabe 020a 223e 663f b4be  ..E>./....">f?..
00009e00: d714 f83d dc64 bcbe 57ae a83d 3a7f c2be  ...=.d..W..=:...
00009e10: 3ad6 2d3d 3074 c6be 1b01 ec3a 0f3c c8be  :.-=0t.....:.<..
00009e20: d817 20bd 66cf c7be 5d67 a3bd 2327 c5be  .. .f...]g..#'..
00009e30: fe88 f5bd b552 c0be 4bb5 22be b851 b9be  .....R..K."..Q..
00009e40: 4705 49be 6c36 b0be 8c44 6dbe 0a17 a5be  G.I.l6...Dm.....
00009e50: 6889 87be b917 98be ce06 97be 0c59 89be  h............Y..
00009e60: c2eb a4be 6109 72be 290f b1be c177 4ebe  ....a.r.)....wN.
00009e70: 3c42 bbbe b574 28be 136f c3be 7274 00be  <B...t(..o..rt..
00009e80: 086b c9be 0ca3 adbd 2f39 cdbe 8e4a 30bd  .k....../9...J0.
00009e90: 9cc2 cebe a60e 2cba be00 cebe 9ca1 2b3d  ......,.......+=
00009ea0: ecef cabe b464 ac3d 6492 c5be 22aa 003e  .....d.=d..."..>
00009eb0: ccfc bdbe c8d0 293e 3842 b4be eb2b 513e  ......)>8B...+Q>
00009ec0: ac7d a8be 3151 763e f2ca 9abe f668 8c3e  .}..1Qv>.....h.>
00009ed0: ea50 8bbe 7727 9c3e 7f78 74be 6f2e aa3e  .P..w'.>.xt.o..>
00009ee0: 5877 4fbe 5757 b63e 6210 28be 407a c03e  XwO.WW.>b.(.@z.>
00009ef0: 4a43 fdbd 4c78 c83e ae47 a7bd 4c39 ce3e  JC..Lx.>.G..L9.>
00009f00: ce94 1ebd 1bb0 d13e c15e 9e3b 44cd d23e  .......>.^.;D..>
00009f10: 3a5f 463d 3d8a d13e 1f85 bb3d 3be5 cd3e  :_F==..>...=;..>
00009f20: 2dfe 083e c4e7 c73e 46c7 323e 98a3 bf3e  -..>...>F.2>...>
00009f30: 58a8 5a3e 3e31 b53e 0014 803e fcaa a83e  X.Z>>1.>...>...>
00009f40: 1b6c 913e fb35 9a3e 4d25 a13e 9ff3 893e  .l.>.5.>M%.>...>
00009f50: 0012 af3e de28 703e 9a05 bb3e 5a9c 493e  ...>.(p>...>Z.I>
00009f60: dcdf c43e 0bba 203e 6281 cc3e d2d2 eb3d  ...>.. >b..>...=
00009f70: b9d5 d13e 435d 933d 62c5 d43e d91e e43c  ...>C].=b..>...<
00009f80: 284a d53e 3196 88bc be54 d33e 164d 7abd  (J.>1....T.>.Mz.
00009f90: f1f7 ce3e dfb8 d6bd 003d c83e a401 17be  ...>.....=.>....
00009fa0: 5830 bf3e 5c0b 41be 1ff5 b33e a5ea 68be  X0.>\.A....>..h.
00009fb0: e69c a63e 161e 87be 5a57 973e dd3e 98be  ...>....ZW.>.>..
00009fc0: cb4b 863e b4a9 a7be a955 673e 6d23 b5be  .K.>.....Ug>m#..
00009fd0: a757 3f3e a295 c0be 1520 153e 51d5 c9be  .W?>..... .>Q...
00009fe0: 5e49 d23d 0dcd d0be 4d53 6f3d cf5f d5be  ^I.=....MSo=._..
00009ff0: 0a25 5b3c 5f7e d7be c5cb 02bd b823 d7be  .%[<_~.......#..
0000a000: 34ac 9dbd ad4c d4be 5a18 f8bd 17f7 cebe  4....L..Z.......
0000a010: 31f0 27be fd40 c7be 32ee 51be d340 bdbe  1.'..@..2.Q..@..
0000a020: 749d 79be 880e b1be 1042 8fbe 20cf a2be  t.y......B.. ...
0000a030: 1c13 a0be 34a0 92be f71d afbe c0b4 80be  ....4...........
0000a040: c223 bcbe b389 5abe 230a c7be 3928 31be  .#....Z.#...9(1.
0000a050: b3a6 cfbe 5daa 05be 6eee d5be c70d b1bd  ....]...n.......
0000a060: ecc0 d9be 0a12 29bd 881a dbbe 67c5 913b  ......).....g..;
0000a070: bdf6 d9be 6fbb 4d3d e450 d6be d79a c33d  ....o.M=.P.....=
0000a080: e13a d0be a719 0f3e f9d0 c7be 58de 3a3e  .:.....>....X.:>
0000a090: ff1a bdbe f69b 643e b042 b0be 87f0 853e  ......d>.B.....>
0000a0a0: 5a6d a1be 7017 983e 98c8 90be 7497 a83e  Zm..p..>....t..>
0000a0b0: 68e7 7cbe 1d3c b73e 7874 55be ace0 c33e  h.|..<.>xtU....>
0000a0c0: df9c 2bbe 3254 ce3e 7c9d ffbd 388e d63e  ..+.2T.>|...8..>
0000a0d0: 610c a5bd d066 dc3e 2b1e 11bd 69e4 df3e  a....f.>+...i..>
0000a0e0: 70c4 263c 30ea e03e 6737 643d 647c df3e  p.&<0..>g7d=d|.>
0000a0f0: 5131 ce3d 29a0 db3e e913 143e c262 d53e  Q1.=)..>...>.b.>
0000a100: ce8e 3f3e b4d4 cc3e d5fe 683e 150e c23e  ..?>...>..h>...>
0000a110: 50f3 873e d630 b53e ecfa 993e 8060 a63e  P..>.0.>...>.`.>
0000a120: a758 aa3e 04c0 953e 7fe4 b83e 5691 833e  .X.>...>...>V..>
0000a130: d97e c53e 14f3 5f3e 5301 d03e 1666 363e  .~.>.._>S..>.f6>
0000a140: c751 d83e 5ed8 0a3e 4452 de3e 17d8 bb3d  .Q.>^..>DR.>...=
0000a150: 07fb e13e e431 403d 1e3b e33e 5b9a d23a  ...>.1@=.;.>[..:
0000a160: 7f17 e23e 93e2 32bd 5e94 de3e 69fb b4bd  ...>..2.^..>i...
0000a170: f5b4 d83e b53b 07be f090 d03e a369 32be  ...>.;.....>.i2.
0000a180: 0240 c63e 4ea0 5bbe 22df b93e ae36 81be  .@.>N.[."..>.6..
0000a190: c894 ab3e 4331 93be 3484 9b3e 228f a3be  ...>C1..4..>"...
0000a1a0: 9ce1 893e 7a23 b2be 5bac 6d3e a7c8 bebe  ...>z#..[.m>....
0000a1b0: ff43 453e 925d c9be cfd9 1a3e 5dc9 d1be  .CE>.].....>]...
0000a1c0: cf1e de3d aee9 d7be 988c 843d 8bbb dbbe  ...=.......=....
0000a1d0: 756f a83c d22d ddbe a772 c1bc 2646 dcbe  uo.<.-...r..&F..
0000a1e0: 4ac8 89bd 2c02 d9be f84e e1bd 086c d3be  J...,....N...l..
0000a1f0: 44e5 1abe 2494 cbbe 093c 43be 4893 c1be  D...$....<C.H...
0000a200: 591c 69be b284 b5be 481b 86be 3297 a7be  Y.i.....H...2...
0000a210: e60d 96be 92e0 97be ee3a a4be 14a5 86be  .........:......
0000a220: 667d b0be ee04 68be 3aa1 babe e763 40be  f}....h.:....c@.
0000a230: 9d9b c2be c0f2 16be d850 c8be 6239 d8bd  .........P..b9..
0000a240: eab3 cbbe 5dec 80bd b5b8 ccbe 5357 a3bc  ....].......SW..
0000a250: d558 cbbe 5ff5 bb3c 8da4 c7be cc6b 853d  .X.._..<.....k.=
0000a260: ac9e c1be 3387 d93d b56c b9be 9a14 153e  ....3..=.l.....>
0000a270: 8714 afbe 635b 3b3e 67c1 a2be e3f1 5e3e  ....c[;>g.....^>
0000a280: 5991 94be 84a3 7f3e d9c6 84be 326f 8e3e  Y......>....2o.>
0000a290: 53f4 66be fb24 9b3e 3bde 41be d2e1 a53e  S.f..$.>;.A....>
0000a2a0: 2bc8 1abe 8980 ae3e 2727 e4bd 0add b43e  +......>''.....>
0000a2b0: 7cab 90bd cde4 b83e 8936 f1bc c394 ba3e  |......>.6.....>
0000a2c0: 1f45 423c d3ea b93e 6580 573d f3e8 b63e  .EB<...>e.W=...>
0000a2d0: 8d44 bd3d f2a2 b13e b8d6 053e 011c aa3e  .D.=...>...>...>
0000a2e0: 7109 2b3e dd71 a03e 49c5 4d3e 26ce 943e  q.+>.q.>I.M>&..>
0000a2f0: 6199 6d3e 3146 873e 4713 853e 1f40 703e  a.m>1F.>G..>.@p>
0000a300: a286 913e 68f3 4e3e 9ef9 9b3e fc1f 2b3e  ...>h.N>...>..+>
0000a310: d75c a43e fa2d 053e 5a95 aa3e a954 bb3d  .\.>.-.>Z..>.T.=
0000a320: 9e7c ae3e 13a8 543d 180d b03e 59c6 403c  .|.>..T=...>Y.@<
0000a330: 3352 af3e 40bb e8bc 3442 ac3e b468 8bbd  3R.>@...4B.>.h..
0000a340: 75e6 a63e 4da5 dabd d668 9f3e cc64 13be  u..>M....h.>.d..
0000a350: 50c8 953e 2688 37be c638 8a3e ba12 59be  P..>&.7..8.>..Y.
0000a360: 9bc7 793e b4cb 77be 18d0 5b3e df9d 89be  ..y>..w...[>....
0000a370: d913 3b3e 7b8f 95be e5c9 173e 4d8d 9fbe  ..;>{......>M...
0000a380: 3551 e53d 077b a7be fff4 973d 7441 adbe  5Q.=.{.....=tA..
0000a390: ec67 113d 4ccd b0be 59c3 70bb 2c20 b2be  .g.=L...Y.p., ..
0000a3a0: 5472 2fbd 1f2e b1be 85f7 a6bd 0507 aebe  Tr/.............
0000a3b0: f73b f4bd 54a7 a8be f32c 1fbe f32a a1be  .;..T....,...*..
0000a3c0: 5848 42be aaac 97be 8806 63be 7753 8cbe  XHB.......c.wS..
0000a3d0: 3b86 80be 9e78 7ebe 2bf8 8dbe b92e 61be  ;....x~.+.....a.
0000a3e0: 5db8 99be cb15 41be bb97 a3be 83a1 1ebe  ].....A.........
0000a3f0: 9280 abbe 8d99 f4bd 985a b1be f01f a9bd  .........Z......
0000a400: 9a1e b5be faee 36bd 9ab0 b6be 6e07 cbbb  ......6.....n...
0000a410: 6520 b6be d6a1 043d df6c b3be e356 903d  e .....=.l...V.=
0000a420: 0d9b aebe 938c dc3d 03bc a7be a20e 133e  .......=.......>
0000a430: 42ea 9ebe dd10 363e 6a3f 94be 06ea 563e  B.....6>j?....V>
0000a440: 90e8 87be bb1b 753e 3314 74be 5b28 883e  ......u>3.t.[(.>
0000a450: bc9c 55be 7028 943e c2b5 34be 3b73 9e3e  ..U.p(.>..4.;s.>
0000a460: 1dd3 11be 3dd1 a63e ecc2 dabd 6436 ad3e  ....=..>....d6.>
0000a470: c1c8 8fbd fd86 b13e 5abc 06bd aab6 b33e  .......>Z......>
0000a480: 685d 953b 62d6 b33e 0af9 2a3d 25d5 b13e  h].;b..>..*=%..>
0000a490: 172f a03d 24c5 ad3e f6a6 e83d 20b0 a73e  ./.=$..>...= ..>
0000a4a0: 78e3 163e 70a6 9f3e f87f 373e 29bd 953e  x..>p..>..7>)..>
0000a4b0: 699e 553e 4a20 8a3e b2f8 703e 04e6 793e  i.U>J .>..p>..y>
0000a4c0: a397 843e f4b2 5c3e 8509 8f3e 640d 3d3e  ...>..\>...>d.=>
0000a4d0: 2ea2 973e 9056 1b3e 3c4d 9e3e 18da ef3d  ...>.V.><M.>...=
0000a4e0: 6cec a23e baaa a63d 0b72 a53e a607 383d  l..>...=.r.>..8=
0000a4f0: 07df a53e 3e99 063c f62f a43e a65c e7bc  ...>>..<./.>.\..
0000a500: 4b68 a03e 8133 83bd d992 9a3e ff54 cabd  Kh.>.3.....>.T..
0000a510: aac1 923e 8d26 07be 501e 893e cc16 27be  ...>.&..P..>..'.
0000a520: 276f 7b3e 2b7b 44be 2b6d 613e 8bff 5ebe  'o{>+{D.+ma>..^.
0000a530: 2da2 443e 5a57 76be 445d 253e e31c 85be  -.D>ZWv.D]%>....
0000a540: f91e 043e 1d2d 8dbe f36c c23d a73b 93be  ...>.-...l.=.;..
0000a550: d5eb 743d 3e36 97be fc75 c53c 8617 99be  ..t=>6...u.<....
0000a560: 9a77 3fbc 02cd 98be d423 41bd aa5f 96be  .w?......#A.._..
0000a570: 1387 a7bd 8cd6 91be 42a5 ebbd bf42 8bbe  ........B....B..
0000a580: 3e14 16be 9abd 82be 7d14 34be 2cea 70be  >.......}.4.,.p.
0000a590: ff6a 4fbe c9f5 58be e0d5 67be 5add 3dbe  .jO...X...g.Z.=.
0000a5a0: a8f8 7cbe c223 20be df36 87be 422a 00be  ..|..# ..6..B*..
0000a5b0: 3100 8ebe a6b9 bcbd fec1 92be cddf 6cbd  1.............l.
0000a5c0: 3570 95be e9ce b9bc 840e 96be 9764 513c  5p...........dQ<
0000a5d0: 558a 94be f8a4 443d abeb 90be 9d47 a93d  U.....D=.....G.=
0000a5e0: 6e3f 8bbe 53dd ed3d 3e92 83be 01ad 173e  n?..S..=>......>
0000a5f0: 880f 74be f15b 363e 9890 5dbe 8d7f 523e  ..t..[6>..]...R>
0000a600: dbe4 43be baba 6b3e bc6a 27be bee9 803e  ..C...k>.j'....>
0000a610: 0773 08be 3f39 8a3e 0bd7 cebd 61aa 913e  .s..?9.>....a..>
0000a620: 82bc 89bd 1e19 973e 4f14 05bd 057a 9a3e  .......>O....z.>
0000a630: 1895 3c3b e4bc 9b3e 4817 1d3d dce4 9a3e  ..<;...>H..=...>
0000a640: 995a 963d 70f1 973e 527c dc3d e9eb 923e  .Z.=p..>R|.=...>
0000a650: 49fa 0f3e 20e6 8b3e 31f0 2f3e 66ee 823e  I..> ..>1./>f..>
0000a660: 1500 5a80 7f3e 99b6 92bd c355 7e3e 1716  ..Z..>.....U~>..
0000a670: 89bd 548c 7d3e 02d0 7ebd 0f41 7d3e 2c2b  ..T.}>..~..A}>,+
0000a680: 6ebd 0aac 7c3e b2f7 5fbd a42a 7c3e ac8b  n...|>.._..*|>..
0000a690: 53bd 9db1 7b3e 970a 48bd dc42 7b3e d132  S...{>..H..B{>.2
0000a6a0: 3ebd fce8 7a3e a6a8 34bd 12dc 7a3e e56e  >...z>..4...z>.n
0000a6b0: 2cbd c399 7a3e fd8c 25bd 9f2e 7a3e 6e57  ,...z>..%...z>nW
0000a6c0: 1ebd aa03 7a3e a3bc 17bd d8ff 793e 5483  ....z>......y>T.
0000a6d0: 11bd 89ca 793e 8b85 0bbd b876 793e 619a  ....y>.....vy>a.
0000a6e0: 07bd a146 793e ed2b 04bd c81e 793e 7fc0  ...Fy>.+....y>..
0000a6f0: febc 431d 793e a36b f5bc 361b 793e fefb  ..C.y>.k..6.y>..
0000a700: ecbc 19f1 783e 22e6 e5bc 38d8 783e 498b  ....x>"...8.x>I.
0000a710: dfbc 24c6 783e d6d8 d9bc aca0 783e 918b  ..$.x>......x>..
0000a720: d3bc 5391 783e 5589 cdbc 8f75 783e 6097  ..S.x>U....ux>`.
0000a730: c8bc 5453 783e 417f c2bc ff4c 783e 0078  ..TSx>A....Lx>.x
0000a740: bdbc 412b 783e 3f61 b9bc 5c05 783e 1186  ..A+x>?a..\.x>..
0000a750: b3bc 5fdf 773e ab2f afbc acdf 773e 2206  .._.w>./....w>".
0000a760: a8bc 17c9 773e 9a92 9fbc 29a6 773e 79b1  ....w>....).w>y.
0000a770: 95bc de80 773e 3d1a 8dbc 6b33 773e 047d  ....w>=...k3w>.}
0000a780: 80bc 7a42 773e 7186 67bc 70fa 763e 510d  ..zBw>q.g.p.v>Q.
0000a790: 49bc a812 773e 8560 2ebc aeca 763e 4fb2  I...w>.`....v>O.
0000a7a0: 17bc 1cab 763e 33a2 00bc dccf 763e 5b63  ....v>3.....v>[c
0000a7b0: e0bb 02d4 763e c698 cbbb 0ce6 763e 8e98  ....v>......v>..
0000a7c0: cdbb 7064 763e cba9 f1bb 021b 763e 12c6  ..pdv>......v>..
0000a7d0: 15bc d765 773e 3977 24bc 9530 773e 8e2b  ...ew>9w$..0w>.+
0000a7e0: 6fbc fb52 773e e1cd a1bc 09b0 763e ae1a  o..Rw>......v>..
0000a7f0: cabc f47f 763e f0cf efbc 0318 763e 879c  ....v>......v>..
0000a800: 0cbd 725d 753e 04da 20bd 4eae 743e 1e8e  ..r]u>.. .N.t>..
0000a810: 36bd 6fc0 733e ca34 4cbd e775 6d3e 413c  6.o.s>.4L..um>A<
0000a820: 99bd a348 643e 3110 cbbd 2a4e 583e 78e7  ...Hd>1...*NX>x.
0000a830: fabd 86bc 493e adfb 13be 73f7 383e 4e95  ....I>....s.8>N.
0000a840: 28be e98d 253e ad94 3bbe a154 103e d431  (...%>..;..T.>.1
0000a850: 4cbe 9d9d f23d d36b 5abe b569 c13d ef27  L....=.kZ..i.=.'
0000a860: 66be 8279 8e3d 2432 6fbe 0a06 333d e751  f..y.=$2o...3=.Q
0000a870: 75be 206d 903c d365 78be 52fe 19bc e795  u. m.<.ex.R.....
0000a880: 78be 61de 10bd 5fe6 75be ecfb 79bd 443a  x.a..._.u...y.D:
0000a890: 70be b2a8 b1bd f7ca 67be 9070 e3bd a2d3  p.......g..p....
0000a8a0: 5cbe 9eb0 09be ba01 4fbe 3023 20be ebfc  \.......O.0# ...
0000a8b0: 3ebe 4d85 35be bf92 2cbe a7af 49be 06fb  >.M.5...,...I...
0000a8c0: 16be 7963 5bbe fe25 fdbd 4172 6abe d1ea  ..yc[..%..Arj...
0000a8d0: c5bd b93d 75be b883 87bd 0a81 7abe 75a7  ...=u.......z.u.
0000a8e0: 0ebd c1b6 7abe c92f 4ebb dd39 76be 17b9  ....z../N..9v...
0000a8f0: d93c 6546 6ebe 8c14 603d 8d47 63be d575  .<eFn...`=.Gc..u
0000a900: a53d 01cc 55be efd4 d63d 0410 46be 0e4f  .=..U....=..F..O
0000a910: 023e a606 34be b643 173e 9c65 20be 4e96  .>..4..C.>.e .N.
0000a920: 293e b9b9 0abe 48d0 393e b5d7 e7bd ac3e  )>....H.9>.....>
0000a930: 473e 1287 b7bd 1550 523e f308 86bd 293a  G>.....PR>....):
0000a940: 5a3e 7e63 25bd f2a8 5f3e c56a 74bc 284d  Z>~c%..._>.jt.(M
0000a950: 623e 08a8 1d3c 6cc6 613e 3896 0d3d 5ac5  b>...<l.a>8..=Z.
0000a960: 5e3e 5d71 713d 38b6 583e c446 a83d 4a50  ^>]qq=8.X>.F.=JP
0000a970: 503e 93b8 d53d 0821 453e c958 ff3d def5  P>...=.!E>.X.=..
0000a980: 373e 1590 133e f319 283e 3979 253e fc37  7>...>..(>9y%>.7
0000a990: 163e 4f1a 353e 419a 023e 580a 423e baf8  .>O.5>A..>X.B>..
0000a9a0: db3d 3726 4d3e d930 af3d 0885 553e c7fb  .=7&M>.0.=..U>..
0000a9b0: 803d 429c 5b3e 964a 203d 04bf 5e3e dcc8  .=B.[>.J =..^>..
0000a9c0: 773c a02b 5f3e 90ac 0fbc 5cde 5c3e f63f  w<.+_>....\.\>.?
0000a9d0: 04bd 88fc 573e 87db 66bd 70b3 503e 4854  ....W>..f.p.P>HT
0000a9e0: a1bd f1e8 463e 6197 cdbd 537f 3a3e 3c09  ....F>a...S.:><.
0000a9f0: f9bd a53e 2c3e 4ca4 0fbe b0cd 1b3e 4bd6  ...>,>L......>K.
0000aa00: 21be d186 093e 95ed 31be fb0d eb3d 71ee  !....>..1....=q.
0000aa10: 3fbe 37b1 c03d a692 4bbe 3ed3 933d 4e41  ?.7..=..K.>..=NA
0000aa20: 55be 4677 4b3d 8308 5cbe 201b d93c 0a5d  U.FwK=..\. ..<.]
0000aa30: 60be 802f 343b 7c10 62be aaa7 aabc b255  `../4;|.b......U
0000aa40: 61be 72b4 35bd ff02 5ebe 98fc 89bd 55ed  a.r.5...^.....U.
0000aa50: 57be 3ab5 b7bd 2c6d 4fbe 0693 e2bd 8b93  W.:...,mO.......
0000aa60: 44be 4886 05be 64ad 37be 3574 18be 3d62  D.H...d.7.5t..=b
0000aa70: 28be 7969 29be dc1e 17be 7782 38be 9255  (.yi).....w.8..U
0000aa80: 04be 43c5 45be 0e70 dfbd 254c 50be cd83  ..C.E..p..%LP...
0000aa90: b4bd 48a5 58be 6311 87bd 3462 5ebe 942d  ..H.X.c...4b^..-
0000aaa0: 31bd fed8 61be 3991 a1bc a28e 62be 158d  1...a.9.....b...
0000aab0: 853b 23a8 60be 726a e13c ed10 5cbe 9b13  .;#.`.rj.<..\...
0000aac0: 4f3d a326 55be 14cc 953d f4a2 4bbe bfdf  O=.&U....=..K...
0000aad0: c13d e92e 40be 2232 eb3d a2ab 32be 58de  .=..@."2.=..2.X.
0000aae0: 083e dbef 22be 8b07 1b3e 3f19 11be fd5e  .>.."....>?....^
0000aaf0: 2b3e 9f05 fcbd 5485 393e 9bb0 d2bd d37a  +>....T.9>.....z
0000ab00: 453e 6925 a7bd d72c 4f3e c3f4 73bd f281  E>i%...,O>..s...
0000ab10: 563e e2e5 16bd 1668 5b3e 9ef0 61bc d0b6  V>.....h[>..a...
0000ab20: 5d3e e885 1b3c 4f7a 5d3e 0b0e 053d dfc0  ]>...<Oz]>...=..
0000ab30: 5a3e 839c 613d 02a2 553e 90ca 9d3d e5df  Z>..a=..U>...=..
0000ab40: 4d3e 138a c83d e3ae 433e dc7e f13d 726c  M>...=..C>.~.=rl
0000ab50: 373e ce76 0b3e 2d0b 293e 6894 1c3e 43b7  7>.v.>-.)>h..>C.
0000ab60: 183e 4bde 2b3e f5bc 063e 2b11 393e d93c  .>K.+>...>+.9>.<
0000ab70: e63d dc04 443e ac55 bc3d 13fa 4c3e 651b  .=..D>.U.=..L>e.
0000ab80: 903d 8d05 533e f978 453d 7ee1 563e 1c42  .=..S>.xE=~.V>.B
0000ab90: d23c 7a12 583e da59 323b 45bd 563e e598  .<z.X>.Y2;E.V>..
0000aba0: a5bc 84db 523e 0033 30bd 3e79 4c3e 5ce1  ....R>.30.>yL>\.
0000abb0: 84bd 31bf 433e 295e b0bd 0a94 383e 2e96  ..1.C>)^....8>..
0000abc0: d9bd b165 2b3e 1619 00be b403 1c3e ceb9  ...e+>.......>..
0000abd0: 11be ac02 0b3e 3aae 21be 4288 f03d 2d87  .....>:.!.B..=-.
0000abe0: 2fbe df6b c83d 0857 3bbe c00a 9e3d 26e1  /..k.=.W;....=&.
0000abf0: 44be 16bd 633d 6902 4cbe be0b 093d 9ea3  D...c=i.L....=..
0000ac00: 50be e2d0 333c 53cf 52be 95ae 3cbc 287e  P...3<S.R...<.(~
0000ac10: 52be 89f4 09bd 82b9 4fbe 00bf 62bd b85f  R.......O...b.._
0000ac20: 4abe cf47 9cbd 21c6 42be 832a c5bd 41f4  J..G..!.B..*..A.
0000ac30: 38be 467b ebbd cf00 2dbe e684 07be fd1c  8.F{....-.......
0000ac40: 1fbe ab97 17be 7a81 0fbe 9cd9 25be 7591  ......z.....%.u.
0000ac50: fcbd c114 32be d283 d7bd 6c3c 3cbe 5f6f  ....2.....l<<._o
0000ac60: b0bd 5141 44be d242 87bd a209 4abe ad05  ..QAD..B....J...
0000ac70: 3abd 7ca2 4dbe 1c53 c8bc 54d3 4ebe bb42  :.|.M..S..T.N..B
0000ac80: 5cbb 45c4 4dbe f571 903c 217d 4abe e7f5  \.E.M..q.<!}J...
0000ac90: 1c3d 9e29 45be 7f99 6f3d 35c8 3dbe 965a  .=.)E...o=5.=..Z
0000aca0: 9f3d 6d72 34be a104 c53d 653c 29be c864  .=mr4....=e<)..d
0000acb0: e83d 597c 1cbe a88d 043e b827 0ebe 577c  .=Y|.....>.'..W|
0000acc0: 133e 491d fdbd c0e3 203e 3275 dbbd 92a1  .>I..... >2u....
0000acd0: 2c3e bfe5 b7bd 6184 363e c0ab 92bd 1db5  ,>....a.6>......
0000ace0: 3e3e 28e1 57bd 2ad7 443e 0b60 09bd b6ff  >>(.W.*.D>.`....
0000acf0: 483e ba08 67bc 843a 4b3e 651e b33b 3868  H>..g..:K>e..;8h
0000ad00: 4b3e 2d99 cb3c b2bf 493e 26f9 333d b21f  K>-..<..I>&.3=..
0000ad10: 463e 1217 803d 3386 403e 7008 a53d 7b2c  F>...=3.@>p..={,
0000ad20: 393e 7c4c c83d 83e6 2f3e 0eb2 e93d 9329  9>|L.=../>...=.)
0000ad30: 253e 6937 043e 00bf 183e 7e6e 123e d4c7  %>i7.>...>~n.>..
0000ad40: 0a3e fe40 1f3e 7c0e f73d c47c 2a3e abeb  .>.@.>|..=.|*>..
0000ad50: d53d 2d0a 343e 9fae b23d bac0 3b3e bcd8  .=-.4>...=..;>..
0000ad60: 8d3d 0da1 413e 5c88 4e3d 59ab 453e 5da5  .=..A>\.N=Y.E>].
0000ad70: ff3c a797 473e c762 3f3c 5075 473e 6f55  .<..G>.b?<PuG>oU
0000ad80: 03bc 403c 453e 7ab4 e1bc 8014 413e f5f7  ..@<E>z.....A>..
0000ad90: 3fbd b9f0 3a3e 3670 86bd 05bd 323e ba90  ?...:>6p....2>..
0000ada0: abbd 2cab 283e 03cb cebd 4fbb 1c3e 22a3  ..,.(>....O..>".
0000adb0: efbd 7726 0f3e a1ef 06be e636 003e a692  ..w&.>.....6.>..
0000adc0: 14be 2595 df3d 3f8d 20be cf55 bc3d c8ae  ..%..=?. ..U.=..
0000add0: 2abe 1a08 973d 79e1 32be 425a 603d d22c  *....=y.2.BZ`=.,
0000ade0: 39be a5fa 103d 9a39 3dbe 703f 7f3c c91b  9....=.9=.p?.<..
0000adf0: 3fbe 0e7a 8cbb a1d6 3ebe 6540 c5bc 9a89  ?..z....>.e@....
0000ae00: 3cbe 8bf3 31bd 240d 38be 3667 7fbd 5181  <...1.$.8.6g..Q.
0000ae10: 31be 83c0 a4bd 1ccf 28be 50ac c7bd a84e  1.......(.P....N
0000ae20: 1ebe 9ce1 e7bd 45ee 11be a797 02be 8fe9  ......E.........
0000ae30: 03be ecaa 0fbe 1324 e9bd 6b06 1bbe 4eb9  .......$..k...N.
0000ae40: c7bd 509a 24be 6668 a4bd 1520 2cbe 3b4d  ..P.$.fh... ,.;M
0000ae50: 7fbd f58e 31be 9913 33bd e1fd 34be a9e0  ....1...3...4...
0000ae60: c9bc 544e 36be 7551 b3bb 88b7 35be 5ea2  ..TN6.uQ....5.^.
0000ae70: 5e3c 9612 33be 0be2 033d 6266 2ebe c618  ^<..3....=bf....
0000ae80: 4f3d 2ece 27be 51e7 8b3d 8ba6 1fbe 3c71  O=..'.Q..=....<q
0000ae90: ae3d c6a3 15be 12b9 ce3d bb23 0abe 0eb5  .=.......=.#....
0000aea0: ec3d d45e fabd 671d 043e 13d9 ddbd 4479  .=.^..g..>....Dy
0000aeb0: 103e a04c bfbd d559 1b3e 24be 9ebd 9693  .>.L...Y.>$.....
0000aec0: 243e a70b 79bd f5ff 2b3e ebfa 31bd 20d2  $>..y...+>..1. .
0000aed0: 313e c2e1 d3bc 1eae 353e d968 02bc 84d3  1>......5>.h....
0000aee0: 373e 4bd2 243c d02a 383e f6c7 e43c 86c1  7>K.$<.*8>...<..
0000aef0: 363e 0453 3b3d 6aa2 333e 5621 813d e39f  6>.S;=j.3>V!.=..
0000af00: 2e3e 297d a33d 1905 283e 1ac1 c43d 33b4  .>)}.=..(>...=3.
0000af10: 1f3e a743 e43d 94cf 153e 6ec8 003e 025f  .>.C.=...>n..>._
0000af20: 0a3e 4778 0e3e 9513 fb3d 5ead 1a3e 479d  .>Gx.>...=^..>G.
0000af30: de3d b371 253e 1bc6 bf3d fac7 2e3e 2b20  .=.q%>...=...>+ 
0000af40: 9f3d 2556 363e 3f08 793d ff30 3c3e 52fc  .=%V6>?.y=.0<>R.
0000af50: 303d 1848 403e f94a cd3c ee72 423e 9492  0=.H@>.J.<.rB>..
0000af60: da3b 60ca 423e 1d6c 44bc e452 413e 306b  .;`.B>.lD..RA>0k
0000af70: fabc d8b8 3d3e 9b5a 48bd d543 383e 952e  ....=>.ZH..C8>..
0000af80: 89bd 1ffe 303e 17cb acbd eadd 273e 22bb  ....0>......'>".
0000af90: cebd a106 1d3e 4cc6 eebd f1bf 103e 7b33  .....>L......>{3
0000afa0: 06be 13d9 023e 6fb7 13be 7032 e73d 92c8  .....>o...p2.=..
0000afb0: 1fbe 962b c63d 0537 2abe 6f3b a33d 33db  ...+.=.7*.o;.=3.
0000afc0: 32be a978 7d3d 3dbd 39be 35d6 313d c1a1  2..x}==.9.5.1=..
0000afd0: 3ebe 7304 ca3c 8386 41be 6282 b63b 6062  >.s..<..A.b..;`b
0000afe0: 42be b497 5abc 3a38 41be b11c 03bd 73fe  B...Z.:8A.....s.
0000aff0: 3dbe fd21 4dbd 1cd5 38be 5b8f 8abd faba  =..!M...8.[.....
0000b000: 31be 0e8e acbd dcd8 28be 5750 ccbd cd3f  1.......(.WP...?
0000b010: 1ebe 3ad4 e9bd 5413 12be a703 02be 8d75  ..:...T........u
0000b020: 04be e3a4 0dbe 8707 ebbd e673 17be 7a26  ...........s..z&
0000b030: cbbd 5579 1fbe f3de a9bd 2e97 25be 3603  ..Uy........%.6.
0000b040: 87bd a2ef 29be d9c4 46bd e12f 2cbe 5661  ....)...F../,.Va
0000b050: fdbc e296 2cbe 7fc0 59bc 5215 2bbe 0651  ....,...Y.R.+..Q
0000b060: 843b dbb5 27be 2acc aa3c 799d 22be b867  .;..'.*..<y."..g
0000b070: 183d 2bd3 1bbe 4931 583d ca71 13be 2aac  .=+...I1X=.q..*.
0000b080: 893d 73bd 09be b25b a53d f537 fdbd 3342  .=s....[.=.7..3B
0000b090: be3d c10c e5bd 7598 d43d 95f5 cabd 1ade  .=....u..=......
0000b0a0: e73d f94c afbd 6fe8 f73d 9884 92bd 419f  .=.L..o..=....A.
0000b0b0: 023e a813 6abd 096b 073e dfae 2dbd 02c8  .>..j..k.>..-...
0000b0c0: 0a3e 34e9 e3bc fb59 0c3e c20c 58bc aa5f  .>4....Y.>..X.._
0000b0d0: 0c3e 75b6 8c3a e3cc 0a3e 809d 743c 71b3  .>u..:...>..t<q.
0000b0e0: 073e 7d0c e63c 0d44 033e 66eb 253d 60d1  .>}..<.D.>f.%=`.
0000b0f0: fa3d 938b 553d 7e9c ec3d e085 803d 5e50  .=..U=~..=...=^P
0000b100: dc3d eb0b 943d a6fd c93d a41e a53d 8d56  .=...=...=...=.V
0000b110: b63d 16b7 b33d c23a a13d bbb4 bf3d 32c7  .=...=.:.=...=2.
0000b120: 8a3d 2f3e c93d 6568 673d b427 d03d 0c70  .=/>.=ehg=.'.=.p
0000b130: 383d 4c43 d43d ccb2 093d fdd5 d53d b85b  8=LC.=...=...=.[
0000b140: b53c e1fd d43d e1b6 323c aadc d13d 8a4c  .<...=..2<...=.L
0000b150: 4836 1a75 cc3d 024b 2cbc 3ffb c43d b1d4  H6.u.=.K,.?..=..
0000b160: a5bc 9991 bb3d 28d4 f2bc 82f1 b03d 87b3  .....=(......=..
0000b170: 1cbd f875 a43d 352a 3cbd 5de1 963d 2c99  ...u.=5*<.]..=,.
0000b180: 58bd f923 883d 2c47 71bd 5ce4 703d 896a  X..#.=,Gq.\.p=.j
0000b190: 83bd 72fc 503d a82c 8cbd 48e2 2f3d 460b  ..r.P=.,..H./=F.
0000b1a0: 93bd f9b2 0e3d 63f6 97bd 1f4d da3c 9231  .....=c....M.<.1
0000b1b0: 9bbd ecee 973c 63e1 9cbd 38e3 303c 7c97  .....<c...8.0<|.
0000b1c0: 9cbd 00d1 493b 31ed 9abd 46c6 88bb 55c4  ....I;1...F...U.
0000b1d0: 97bd 1e09 37bc e5da 92bd 69ba 91bc 671e  ....7.....i...g.
0000b1e0: 8dbd 71f0 c2bc 4801 86bd c003 f0bc 992e  ..q...H.........
0000b1f0: 7cbd 6d94 0cbd fc63 6abd 96d9 1ebd d307  |.m....cj.......
0000b200: 58bd 516f 2fbd e232 44bd 5d66 3cbd 0e49  X.Qo/..2D.]f<..I
0000b210: 2fbd 1548 48bd f2d1 19bd 9845 51bd cd49  /..HH......EQ..I
0000b220: 04bd e289 58bd 71aa ddbc 9a80 5dbd edeb  ....X.q.....]...
0000b230: b2bc 6388 60bd 18d9 88bc 7ca4 62bd 61eb  ..c.`.....|.b.a.
0000b240: 3dbc 6300 62bd fe45 d8bb f557 60bd 965d  =.c.b..E...W`..]
0000b250: e8ba a69a 5cbd f69d 3d3b c3a6 57bd c2b2  ....\...=;..W...
0000b260: ee3b 6666 52bd 3707 3c3c 6d05 4bbd db31  .;ffR.7.<<m.K..1
0000b270: 7b3c d06e 43bd dc61 9c3c ca54 3abd d49a  {<.nC..a.<.T:...
0000b280: b83c a6a0 30bd 3b89 d23c 9bfb 26bd 7384  .<..0.;..<..&.s.
0000b290: e93c b155 1cbd a770 ff3c ce22 12bd 4d6c  .<.U...p.<."..Ml
0000b2a0: 093d 12e5 06bd 9c61 123d f427 f7bc 3322  .=.....a.=.'..3"
0000b2b0: 1a3d b545 e1bc 50d5 203d 503d cabc ffec  .=.E..P. =P=....
0000b2c0: 263d 1576 b5bc 08af 2b3d 33e9 9fbc daaf  &=.v....+=3.....
0000b2d0: 2f3d 615d 8bbc 9dbd 333d c87d 71bc f385  /=a]....3=.}q...
0000b2e0: 363d b509 49bc 0915 393d 8003 27bc 103d  6=..I...9=..'..=
0000b2f0: 3b3d 5958 03bc 75b2 3d3d 3efe c6bb 9307  ;=YX..u.==>.....
0000b300: 403d f4dc 8cbb cb2b 423d c5f4 15bb 2ac1  @=.....+B=....*.
0000b310: 443d c7af 19ba 2c04 483d d5a5 af3a 3275  D=....,.H=...:2u
0000b320: 4b3d c704 503b 8d53 4f3d 9c71 a93b 5dcb  K=..P;.SO=.q.;].
0000b330: 533d 3738 f43b 89a1 583d 7955 233c dd56  S=78.;..X=yU#<.V
0000b340: 5e3d a582 503c 0ae9 633d 01cf 803c 1404  ^=..P<..c=...<..
0000b350: 6a3d c73e 9d3c 7e52 6f3d d2a7 bc3c ad19  j=.>.<~Ro=...<..
0000b360: 753d 4a23 df3c 9ef3 793d 82d2 033d 18c4  u=J#.<..y=...=..
0000b370: 7d3d 7d31 193d c75c 803d d286 303d eec5  }=}1.=.\.=..0=..
0000b380: 803d a493 493d fa5b 803d 527b 643d 1ba4  .=..I=.[.=R{d=..
0000b390: 7d3d 865c 803d 1e93 773d 7a0d 8f3d 1b9a  }=.\.=..w=z..=..
0000b3a0: 6e3d 1820 9e3d fe94 613d 0d95 ad3d c0b1  n=. .=..a=...=..
0000b3b0: 513d 12a7 bc3d 1b22 3e3d 3f9f cb3d ff77  Q=...=.">=?..=.w
0000b3c0: 263d 9fad d93d 961b 0b3d 6c85 e73d b20c  &=...=...=l..=..
0000b3d0: d63c f018 f43d 73d7 8e3c 3ccd fe3d 89f4  .<...=s..<<..=..
0000b3e0: fb3b 7528 043e 4464 38bb decf 073e f677  .;u(.>Dd8....>.w
0000b3f0: 69bc c96b 0a3e 3e06 d9bc 32bb 0b3e 3694  i..k.>>...2..>6.
0000b400: 20bd 4593 0b3e 461e 57bd e930 0a3e 2355   .E..>F.W..0.>#U
0000b410: 87bd d517 073e 6e0a a4bd b671 023e 5a77  .....>n....q.>Zw
0000b420: c0bd 823d f83d 521e dcbd 6e08 e83d a685  ...=.=R...n..=..
0000b430: f7bd dab7 d43d 10c7 08be 241b be3d f7e0  .....=....$..=..
0000b440: 14be 0bcc a43d 521a 20be a14c 883d 7cf9  .....=R. ..L.=|.
0000b450: 29be df80 523d bc8a 32be f89c 0f3d 8553  )...R=..2....=.S
0000b460: 39be b8f0 923c 4367 3ebe b2bf fab7 6acf  9....<Cg>.....j.
0000b470: 41be 4663 97bc 46e8 42be 7269 18bd 983a  A.Fc..F.B.ri...:
0000b480: 42be 8535 65bd d849 3fbe b901 99bd da5b  B..5e..I?......[
0000b490: 3abe 000a bebd 0639 33be b279 e1bd 6cfc  :......93..y..l.
0000b4a0: 29be 25e3 01be ecee 1ebe 7d9c 11be 1cf7  ).%.......}.....
0000b4b0: 11be 1e49 20be 2258 03be e903 2dbe 5630  ...I ."X....-.V0
0000b4c0: e6bd 7926 38be 7da4 c2bd 0a51 41be bd53  ..y&8.}....QA..S
0000b4d0: 9dbd de61 48be b8fd 6abd 7062 4dbe 1448  ...aH...j.pbM..H
0000b4e0: 18bd d5f2 4fbe d9e3 87bc dc57 50be 2dfa  ....O......WP.-.
0000b4f0: 8b3b 2964 4ebe 8060 cb3c e4e7 49be ae8e  .;)dN..`.<..I...
0000b500: 393d b040 43be 3fa2 853d 2b67 3abe e7b7  9=.@C.?..=+g:...
0000b510: ac3d 967c 2fbe b699 d13d ab9e 22be 05c1  .=.|/....=.."...
0000b520: f33d a0cd 13be 2897 093e de4e 03be e468  .=....(..>.N...h
0000b530: 173e 1e18 e3bd a061 233e 9647 bdbd aa26  .>.....a#>.G...&
0000b540: 2d3e b57a 95bd d1af 343e f7dc 57bd 811b  ->.z....4>..W...
0000b550: 3a3e 5315 04bd f915 3d3e 62e3 40bc 39cb  :>S.....=>b.@.9.
0000b560: 3d3e 998a 103c b924 3c3e d3a0 ec3c 7007  =>...<.$<>...<p.
0000b570: 383e c856 463d abe7 313e 6d33 893d 615b  8>.VF=..1>m3.=a[
0000b580: 293e 1c3f ad3d 43fe 1e3e cc4e ce3d 9eab  )>.?.=C..>.N.=..
0000b590: 123e f95a ec3d 91eb 043e c9b1 033e 7176  .>.Z.=...>...>qv
0000b5a0: ea3d e03d 0f3e cc49 c93d 39ab 183e 095d  .=.=.>.I.=9..>.]
0000b5b0: a53d 573f 203e 72f9 7f3d fb8c 253e 6525  .=W? >r..=..%>e%
0000b5c0: 323d f7af 283e a2fb c63c e70e 2a3e 3ea4  2=..(>...<..*>>.
0000b5d0: 9e3b dad1 283e 7f8c 6bbc 018b 253e 994c  .;..(>..k...%>.L
0000b5e0: 09bd 4330 203e 0361 55bd 20a1 183e 8ee9  ..C0 >.aU. ..>..
0000b5f0: 8ebd 8369 0f3e ba59 b1bd 7474 043e 1750  ...i.>.Y..tt.>.P
0000b600: d1bd b061 ef3d 590f efbd 2eed d23d e4dc  ...a.=Y......=..
0000b610: 04be 11d9 b33d da69 10be c915 923d e069  .....=.i.....=.i
0000b620: 1abe 75df 5d3d eb45 22be 2281 133d 0399  ..u.]=.E"."..=..
0000b630: 28be b4c0 8e3c 697c 2cbe 6a69 d6ba 7975  (....<i|,.ji..yu
0000b640: 2ebe 13e9 a9bc ee31 2ebe 4c10 23bd a7b7  .......1..L.#...
0000b650: 2bbe f4fc 6fbd ac64 27be 8722 9dbd 50df  +...o..d'.."..P.
0000b660: 20be ebd2 c0bd e22c 18be 6555 e2bd 07d0   ......,..eU....
0000b670: 0dbe 32ba 00be 1c84 01be f924 0fbe 1dc7  ..2........$....
0000b680: e6bd 2db4 1bbe ae75 c8bd a6bb 26be 880d  ..-....u....&...
0000b690: a7bd 66e7 2fbe ea63 83bd aecf 36be b123  ..f./..c....6..#
0000b6a0: 3cbd bed2 3bbe 3209 ddbc 04aa 3ebe 1ea8  <...;.2.....>...
0000b6b0: 00bc 825d 3fbe bc56 3f3c bec4 3dbe fa8d  ...]?..V?<..=...
0000b6c0: ff3c 362e 3abe 516c 4d3d 6469 34be 86a0  .<6.:.QlM=di4...
0000b6d0: 8c3d da6d 2cbe 53fa b03d 77a4 22be 54a9  .=.m,.S..=w.".T.
0000b6e0: d33d 60ec 16be 3a30 f33d 1196 09be dc2b  .=`...:0.=.....+
0000b6f0: 083e db87 f5bd 1534 153e e75c d5bd 994c  .>.....4.>.\...L
0000b700: 203e 5ff9 b2bd 409f 293e fefd 8ebd 27b3   >_...@.)>....'.
0000b710: 303e cbee 52bd f9dd 353e 8945 07bd 56d3  0>..R...5>.E..V.
0000b720: 383e 7ff5 6cbc 32b4 393e ba3c 7e3b 169a  8>..l.2.9>.<~;..
0000b730: 383e d170 b33c d238 353e 54cc 203d cbdc  8>.p.<.85>T. =..
0000b740: 2f3e b0a1 633d 42b3 283e c30c 913d 67c5  />..c=B.(>...=g.
0000b750: 1f3e 4e9f ad3d 4c37 153e d98b c73d 546b  .>N..=L7.>...=Tk
0000b760: 093e 6fe9 dd3d e9fa f83d 55fc f03d 721e  .>o..=...=U..=r.
0000b770: dd3d 534f 003e 47c0 bf3d 4a39 063e fd9d  .=SO.>G..=J9.>..
0000b780: a13d 8452 0a3e 8594 823d d898 0c3e 26d5  .=.R.>...=...>&.
0000b790: 473d d537 0d3e d923 0b3d ace0 0b3e c923  G=.7.>.#.=...>.#
0000b7a0: a13c 2113 093e f920 c13b c5f7 043e 443c  .<!..>. .;...>D<
0000b7b0: e8bb 450f ff3d 721c 9dbc feb9 f13d 1b2d  ..E..=r......=.-
0000b7c0: f7bc ac85 e23d 2e3e 24bd 62af d13d 01be  .....=.>$.b..=..
0000b7d0: 47bd 893b bf3d 2c90 66bd 330f ac3d 4b4f  G..;.=,.f.3..=KO
0000b7e0: 7fbd 0605 983d 3d42 89bd 9d2f 843d 3095  .....==B.../.=0.
0000b7f0: 90bd 61e8 5f3d 5427 95bd 8fe5 383d 0c3c  ..a._=T'....8=.<
0000b800: 97bd 6bbd 123d 7d1c 97bd 6b96 dc3c fe3c  ..k..=}...k..<.<
0000b810: 95bd ea9f 973c 83a2 91bd 2bb5 303c cb3f  .....<....+.0<.?
0000b820: 8cbd 1578 803b d77d 85bd 6d6c 10bb 08e8  ...x.;.}..ml....
0000b830: 7abd 234e f7bb dc75 69bd f3d1 45bc 759b  z.#N...ui...E.u.
0000b840: 56bd f9bf 80bc 678e 43bd 605f 97bc 92fa  V.....g.C.`_....
0000b850: 2fbd 663e a7bc e585 1cbd 5e02 b1bc a097  /.f>......^.....
0000b860: 0abd f307 b6bc 9989 f1bc 0446 b6bc f66e  ...........F...n
0000b870: d2bc 9f1c b2bc e70a b4bc 8bb0 aabc 4ba5  ..............K.
0000b880: 9bbc 9b02 a1bc 77b9 86bc 9d72 95bc abbc  ......w....r....
0000b890: 68bc d227 87bc 64ca 4ebc bf73 323f 1907  h..'..d.N..s2?..
0000b8a0: 9a3d 1cb5 323f d2c7 8e3d 0dfb 323f e5b2  .=..2?...=..2?..
0000b8b0: 843d 582f 333f 7d11 783d eb5d 333f d44a  .=X/3?}.x=.]3?.J
0000b8c0: 683d 1d82 333f 054b 5a3d eca2 333f 3a06  h=..3?.KZ=..3?:.
0000b8d0: 4e3d 1cb7 333f e1ec 423d e6ce 333f 56d0  N=..3?..B=..3?V.
0000b8e0: 383d 13e5 333f cc2f 303d 47f8 333f 7fc8  8=..3?./0=G.3?..
0000b8f0: 273d be03 343f 69d6 1f3d 7210 343f d233  '=..4?i..=r.4?.3
0000b900: 193d f11a 343f c8ef 123d d425 343f bb2f  .=..4?...=.%4?./
0000b910: 0d3d d330 343f 3a2d 073d 2c3b 343f 7e1a  .=.04?:-.=,;4?~.
0000b920: 023d 2440 343f 4a9b fa3c d243 343f 34ea  .=$@4?J..<.C4?4.
0000b930: f13c ac4c 343f f577 e93c cf51 343f 5d4b  .<.L4?.w.<.Q4?]K
0000b940: e13c a751 343f e8eb d93c 5c5d 343f c904  .<.Q4?...<\]4?..
0000b950: d33c 1362 343f 507a cc3c 8663 343f 27fe  .<.b4?Pz.<.c4?'.
0000b960: c53c 1863 343f 3373 c03c 7962 343f 9aca  .<.c4?3s.<yb4?..
0000b970: ba3c e164 343f 6147 b53c d566 343f 47cb  .<.d4?aG.<.f4?G.
0000b980: af3c e365 343f 062b aa3c e06c 343f 41b3  .<.e4?.+.<.l4?A.
0000b990: a33c 7a71 343f feb3 9b3c 1975 343f 3b0e  .<zq4?...<.u4?;.
0000b9a0: 923c bf7f 343f f292 863c 2c7c 343f ef7a  .<..4?...<,|4?.z
0000b9b0: 733c 2981 343f 3a7b 523c 6d8c 343f 4001  s<).4?:{R<m.4?@.
0000b9c0: 313c c48b 343f 3528 0d3c fe90 343f 93ca  1<..4?5(.<..4?..
0000b9d0: db3b a592 343f bdaf 813b 438d 343f 452d  .;..4?...;C.4?E-
0000b9e0: 6f3a 0294 343f e499 0fbb 1b91 343f 41c0  o:..4?......4?A.
0000b9f0: c3bb 9f86 343f 3183 27bc f672 343f a1e3  ....4?1.'..r4?..
0000ba00: 83bc 5157 343f 72d3 c4bc 6049 343f 860f  ..QW4?r...`I4?..
0000ba10: febc 18f3 333f c52e 42bd 5393 333f 0bcb  ....3?..B.S.3?..
0000ba20: 82bd b913 333f 2a2f a4bd 9779 323f c2fa  ....3?*/...y2?..
0000ba30: c3bd 64d3 313f 1779 e4bd d203 313f bce5  ..d.1?.y....1?..
0000ba40: 01be 7237 303f 2bc6 11be 9350 2f3f 30cb  ..r70?+....P/?0.
0000ba50: 21be 6f7a 293f c34f 6fbe d199 213f 9762  !.oz)?.Oo...!?.b
0000ba60: 9cbe 099c 173f 41ad bfbe f9f7 0b3f eb90  .....?A......?..
0000ba70: dfbe b1e6 fc3e 803b fdbe 7cf6 de3e b8be  .....>.;..|..>..
0000ba80: 0bbf cc58 be3e 0518 17bf 8c44 9b3e e59e  ...X.>.....D.>..
0000ba90: 20bf c6a7 6c3e 8524 28bf 33a6 1f3e f08f   ...l>.$(.3..>..
0000baa0: 2dbf 8dda a33d 2eb5 30bf 5717 2c3b fda6  -....=..0.W.,;..
0000bab0: 31bf 53df 9abd 116a 30bf 969c 1abe 5deb  1.S....j0.....].
0000bac0: 2cbf da48 66be c047 27bf ca16 98be f968  ,..Hf..G'......h
0000bad0: 1fbf ff67 babe 008e 15bf dec9 d9be f4cd  ...g............
0000bae0: 09bf a944 f6be 2fb4 f8be 379c 07bf 0ece  ...D../...7.....
0000baf0: dabe ba17 12bf 158e babe a15a 1abf 0b14  ...........Z....
0000bb00: 99be 7acf 20bf f0c3 6dbe 58a5 25bf 4646  ..z. ...m.X.%.FF
0000bb10: 28be 2203 29bf 3497 c4bd b6e5 2abf 220c  (.".).4.....*.".
0000bb20: d6bc 1c07 2bbf c261 3a3d 0723 29bf 76cc  ....+..a:=.#).v.
0000bb30: f13d fc2a 25bf 86ab 423e 4d13 1fbf 8239  .=.*%...B>M....9
0000bb40: 853e a9e1 16bf 9ec9 a73e 2fcc 0cbf 5d49  .>.......>/...]I
0000bb50: c83e 86d9 00bf e073 e63e feb9 e6be 7bb0  .>.....s.>....{.
0000bb60: 003f 81ca c8be cca2 0c3f 9c52 a8be 6cdd  .?.......?.R..l.
0000bb70: 163f 3f15 86be 780f 1f3f e8aa 43be 4f71  .??...x..?..C.Oq
0000bb80: 253f 9bef f2bd 54b5 293f a4bf 36bd 19f1  %?....T.)?..6...
0000bb90: 2b3f df8b f03c 02fb 2b3f 2066 d33d b1f5  +?...<..+? f.=..
0000bba0: 293f bfca 333e 4ce5 253f a044 7b3e b0ca  )?..3>L.%?.D{>..
0000bbb0: 1f3f 85d2 9f3e f9cf 173f 672f c03e 08ed  .?...>...?g/.>..
0000bbc0: 0d3f b0fc dd3e f169 023f 952f f93e b588  .?...>.i.?./.>..
0000bbd0: ea3e 9478 083f b8bc cd3e 53d9 123f 144d  .>.x.?...>S..?.M
0000bbe0: ae3e 806e 1b3f 72d0 8c3e 411d 223f 6437  .>.n.?r..>A."?d7
0000bbf0: 533e e0cb 263f b9ce 0a3e 0472 293f c285  S>..&?...>.r)?..
0000bc00: 813d 8d0e 2a3f 788f 1fbc a39b 283f da88  .=..*?x.....(?..
0000bc10: a9bd bd1f 253f efa1 1dbe c0ac 1f3f fef3  ....%?.......?..
0000bc20: 64be c942 183f 7ff3 94be f21f 0f3f 5cfd  d..B.?.......?\.
0000bc30: b4be 1240 043f d51e d3be 8e96 ef3e d896  ...@.?.......>..
0000bc40: eebe 72c4 d33e 539c 03bf e483 b53e fc4c  ..r..>S......>.L
0000bc50: 0ebf feed 943e 806a 17bf fbff 653e 1d78  .....>.j....e>.x
0000bc60: 1ebf 1621 1f3e f3a9 23bf 478e ad3d 03de  ...!.>..#.G..=..
0000bc70: 26bf 18fa 4a3c 5e1c 28bf f000 74bd 105c  &...J<^.(...t..\
0000bc80: 27bf 3801 06be 9689 24bf eb1b 4dbe 43c9  '.8.....$...M.C.
0000bc90: 1fbf c4ce 88be d816 19bf 9744 a9be 8ca0  ...........D....
0000bca0: 10bf fde5 c7be 7c59 06bf 74d9 e3be c006  ......|Y..t.....
0000bcb0: f5be 011c fdbe cd88 dabe 21bb 09bf 7a41  ..........!...zA
0000bcc0: bdbe a519 13bf 96f3 9dbe 59e9 1abf 39bf  ..........Y...9.
0000bcd0: 78be 869b 20bf 79bb 33be 2a74 24bf e13a  x... .y.3.*t$..:
0000bce0: d8bd 954a 26bf 7aad 0dbd 8a26 26bf 172b  ...J&.z....&&..+
0000bcf0: 163d e507 24bf e23d dc3d 00e9 1fbf 1a2f  .=..$..=.=...../
0000bd00: 353e 00e0 19bf 1805 7a3e c708 12bf 32d4  5>......z>....2.
0000bd10: 9d3e 6180 08bf 3d97 bc3e 068e fabe bd52  .>a...=..>.....R
0000bd20: d93e 6a38 e1be ab10 f33e 710a c5be bb18  .>j8.....>q.....
0000bd30: 053f d8ce a6be abea 0e3f 034f 86be f927  .?.......?.O...'
0000bd40: 173f dc96 48be 1588 1d3f 9b9d 02be 53f8  .?..H....?....S.
0000bd50: 213f 26ca 6abd 8f7b 243f 5020 593c ecfc  !?&.j..{$?P Y<..
0000bd60: 243f cb6e ab3d f78e 233f 60c2 1c3e 8a26  $?.n.=..#?`..>.&
0000bd70: 203f ecae 613e f3c7 1a3f 6003 923e 739e   ?..a>...?`..>s.
0000bd80: 133f f165 b13e d4a5 0a3f a497 ce3e cd0b  .?.e.>...?...>..
0000bd90: 003f a53c e93e 95cb e73e dc88 003f d9c4  .?.<.>...>...?..
0000bda0: cc3e e9e6 0a3f a24d af3e 4894 133f ebba  .>...?.M.>H..?..
0000bdb0: 8f3e 057e 1a3f 72d1 5c3e c37e 1f3f 89c8  .>.~.?r.\>.~.?..
0000bdc0: 173e db9f 223f d5d0 a13d 98c2 233f 0eb1  .>.."?...=..#?..
0000bdd0: 123c d9ef 223f cb9e 7abd 4425 203f a6a9  .<.."?..z.D% ?..
0000bde0: 05be e96a 1b3f 0ae8 4abe 5cdb 143f e9ce  ...j.?..J.\..?..
0000bdf0: 86be a778 0c3f 1a85 a6be 626a 023f 862b  ...x.?....bj.?.+
0000be00: c4be b490 ed3e 9c69 dfbe 2781 d33e 1eee  .....>.i..'..>..
0000be10: f7be 80ea b63e 0bb6 06bf 0c2b 983e edd4  .....>.....+.>..
0000be20: 0fbf 1252 6f3e 0a32 17bf 016d 2b3e 7dbc  ...Ro>.2...m+>}.
0000be30: 1cbf 0d1e cb3d 9458 20bf fb5f f53c e90a  .....=.X .._.<..
0000be40: 22bf 4003 22bd 7cc6 21bf df2d debd 4795  ".@.".|.!..-..G.
0000be50: 1fbf fe35 34be 7e65 1bbf ddf8 76be 016d  ...54.~e....v..m
0000be60: 15bf 2857 9bbe 80a3 0dbf 8d3b b9be e729  ..(W.......;...)
0000be70: 04bf fae2 d4be 593a f2be 0fe5 edbe a44e  ......Y:.......N
0000be80: d9be 72fc 01bf 6dc2 bdbe 3173 0bbf 0ffe  ..r...m...1s....
0000be90: 9fbe 1f36 13bf 0970 80be 0539 19bf ccc4  ...6...p...9....
0000bea0: 3ebe e059 1dbf 9efc f4bd 179e 1fbf 70ab  >..Y..........p.
0000beb0: 53bd 27f4 1fbf 290f 893c d85c 1ebf 72b2  S.'...)..<.\..r.
0000bec0: ad3d 60e9 1abf 3a40 1b3e 2d97 15bf f6cb  .=`...:@.>-.....
0000bed0: 5d3e 3184 0ebf b0b6 8e3e a6bf 05bf 01c9  ]>1......>......
0000bee0: ac3e eec8 f6be 62b8 c83e 7449 dfbe 7f3d  .>....b..>tI...=
0000bef0: e23e 141b c5be 2b02 f93e eaa6 a8be 445f  .>....+..>....D_
0000bf00: 063f a340 8abe 2faa 0e3f d5a0 54be 4835  .?.@../..?..T.H5
0000bf10: 153f fd2c 12be 0afe 193f e17a 9cbd 9eed  .?.,.....?.z....
0000bf20: 1c3f fc64 16bc 2802 1e3f 34d4 6d3d 0135  .?.d..(..?4.m=.5
0000bf30: 1d3f 2ae6 fe3d 5293 1a3f a6d0 413e 4e18  .?*..=R..?..A>N.
0000bf40: 163f 1be6 803e bad6 0f3f 375d 9f3e e8df  .?...>...?7].>..
0000bf50: 073f 02d8 bb3e cbb6 fc3e f125 d63e e299  .?...>...>.%.>..
0000bf60: e63e 4ae2 ed3e e3e2 cd3e 8360 013f 77b4  .>J..>...>.`.?w.
0000bf70: b23e ba44 0a3f f668 953e 5089 113f febc  .>.D.?.h.>P..?..
0000bf80: 6c3e af08 173f 54cf 2b3e 47c9 1a3f c81a  l>...?T.+>G..?..
0000bf90: d23d 6bac 1c3f dcea 133d cab4 1c3f 5fdc  .=k..?...=...?_.
0000bfa0: fbbc dce0 1a3f f624 c7bd 0136 173f af66  .....?.$...6.?.f
0000bfb0: 26be 9cbd 113f 1237 67be 9987 0a3f 4ea9  &....?.7g....?N.
0000bfc0: 92be 02b3 013f fcf2 afbe e4ad ee3e e024  .....?.......>.$
0000bfd0: cbbe e202 d73e 79ec e3be 02e1 bc3e 5f01  .....>y......>_.
0000bfe0: fabe 6871 a03e 1b8a 06bf 0017 823e cb7a  ..hq.>.......>.z
0000bff0: 0ebf bf5f 443e fdbd 14bf 0b3d 023e c127  ..._D>.....=.>.'
0000c000: 19bf cf60 7a3d d2ce 1bbf ea8c bdbb 3594  ...`z=........5.
0000c010: 1cbf 47b8 94bd 4e72 1bbf 12c1 0dbe 127d  ..G...Nr.......}
0000c020: 18bf a29f 4fbe dda7 13bf c670 87be dc13  ....O......p....
0000c030: 0dbf 907b a5be f7cd 04bf bf79 c1be ecd1  ...{.......y....
0000c040: f5be 482e dbbe d626 dfbe 2e49 f2be b8c8  ..H....&...I....
0000c050: c5be 0637 03bf 4013 aabe 6db0 0bbf 733f  ...7..@...m...s?
0000c060: 8cbe 4e7e 12bf 379c 59be 0489 17bf 8011  ..N~..7.Y.......
0000c070: 18be fcb7 1abf 1978 a9bd ee15 1cbf c338  .......x.......8
0000c080: 83bc fd83 1bbf e146 503d 521c 19bf a993  .......FP=R.....
0000c090: ef3d 2ed0 14bf 0f1d 3a3e e8c1 0ebf ac10  .=......:>......
0000c0a0: 7a3e 06fc 06bf d779 9b3e 953a fbbe 2107  z>.....y.>.:..!.
0000c0b0: b83e c46f e5be 1c4c d23e 09f1 ccbe 0207  .>.o...L.>......
0000c0c0: ea3e c702 b2be 05e2 fe3e 27f2 94be eb52  .>.......>'....R
0000c0d0: 083f b559 6cbe 8493 0f3f 76fd 2bbe 1f16  .?.Yl....?v.+...
0000c0e0: 153f 1d6b d3bd e9d2 183f a406 19bd 77b2  .?.k.....?....w.
0000c0f0: 1a3f a9b3 ec3c c1ba 1a3f e7ed c13d b4dc  .?...<...?...=..
0000c100: 183f 7129 233e 7d34 153f 8b27 633e 49c2  .?q)#>}4.?.'c>I.
0000c110: 0f3f 4231 903e 969a 083f 6e00 ad3e 22a3  .?B1.>...?n..>".
0000c120: ff3e 04ba c73e e921 eb3e 7dfd df3e 8bd6  .>...>.!.>}..>..
0000c130: d33e 5b9b f53e f713 ba3e 3d2b 043f d21c  .>[..>...>=+.?..
0000c140: 9e3e 47f1 0b3f b94c 803e 7d06 123f dbff  .>G..?.L.>}..?..
0000c150: 413e 9257 163f 0918 013e 9eea 183f 88ca  A>.W.?...>...?..
0000c160: 7a3d 6ba3 193f 8211 8bbb 508f 183f 7ba0  z=k..?....P..?{.
0000c170: 8ebd e3aa 153f 5d46 09be f3f5 103f aca8  .....?]F.....?..
0000c180: 49be fa92 0a3f 6ecd 83be 2985 023f 6d25  I....?n...)..?m%
0000c190: a1be cfd5 f13e fd94 bcbe 3dc9 db3e 37c2  .....>....=..>7.
0000c1a0: d5be 4428 c33e 0556 ecbe 7b33 a83e b011  ..D(.>.V..{3.>..
0000c1b0: 00bf d83e 8b3e 2d78 08bf a844 593e b02e  ...>.>-x...DY>..
0000c1c0: 0fbf 4c91 193e c034 14bf 5a1a b03d 4a83  ..L..>.4..Z..=J.
0000c1d0: 17bf 0f95 ab3c effe 18bf 8a3e 35bd 33ac  .....<.....>5.3.
0000c1e0: 18bf 9320 dfbd 2f78 16bf a08d 30be 5b89  ... ../x....0.[.
0000c1f0: 12bf 3051 6fbe abd2 0cbf 72a3 95be 6f7d  ..0Qo.....r...o}
0000c200: 05bf 10ea b1be b316 f9be 41ff cbbe 552d  ..........A...U-
0000c210: e4be 00b4 e3be 5190 ccbe 34b1 f8be 2a79  ......Q...4...*y
0000c220: b2be 8c5b 05bf 0345 96be 27c5 0cbf 2e89  ...[...E..'.....
0000c230: 70be 0f85 12bf aa9a 31be 9a88 16bf 7507  p.......1.....u.
0000c240: e1bd 4ab1 18bf aa27 38bd 4313 19bf 98cc  ..J....'8.C.....
0000c250: a73c 7a9b 17bf 0293 af3d d14e 14bf e09e  .<z......=.N....
0000c260: 193e 0d3c 0fbf 0d9a 593e 1378 08bf 7278  .>.<....Y>.x..rx
0000c270: 8b3e da02 00bf 7a83 a83e 3c16 ecbe c198  .>....z..><.....
0000c280: c33e 873f d5be 3841 dc3e b3dc bbbe 725a  .>.?..8A.>....rZ
0000c290: f23e 723a a0be b7bc 023f 73aa 82be 7cbb  .>r:.....?s...|.
0000c2a0: 0a3f bff3 46be bc11 113f b31a 06be d1a9  .?..F....?......
0000c2b0: 153f b94a 87bd b66e 183f 8dc1 b7b9 f75e  .?.J...n.?.....^
0000c2c0: 193f 9da0 853d 7d76 183f cc35 053e 76bd  .?...=}v.?.5.>v.
0000c2d0: 153f 3219 463e 0b2c 113f 7c42 823e acd6  .?2.F>.,.?|B.>..
0000c2e0: 0a3f a8f1 9f3e 51dc 023f cab5 bb3e efa2  .?...>Q..?...>..
0000c2f0: f23e dd2d d53e bd8f dc3e 130f ec3e c0d0  .>.-.>...>...>..
0000c300: c33e d711 003f f8c7 a83e 7f89 083f 6e9f  .>...?...>...?n.
0000c310: 8b3e 065c 0f3f fab5 593e be75 143f 1a58  .>.\.?..Y>.u.?.X
0000c320: 193e a2b8 173f 1e9b ae3d 1e31 193f aeb3  .>...?...=.1.?..
0000c330: a03c efd0 183f 78d2 3cbd cb95 163f bf1d  .<...?x.<....?..
0000c340: e4bd 3883 123f 7e6a 33be 55ae 0c3f c6a3  ..8..?~j3.U..?..
0000c350: 72be ec23 053f 2177 97be c306 f83e e3ca  r..#.?!w.....>..
0000c360: b3be 29c5 e23e 90e3 cdbe 28bd ca3e b184  ..)..>....(..>..
0000c370: e5be 6a44 b03e cd53 fabe 93ad 933e 990d  ..jD.>.S.....>..
0000c380: 06bf fbae 6a3e 4552 0dbf 3004 2b3e b7d9  ....j>ER..0.+>..
0000c390: 12bf 9c00 d33d 9da0 16bf d37f 1a3d a795  .....=.......=..
0000c3a0: 18bf c14d e5bc a8ac 18bf 8702 bfbd 66e8  ...M..........f.
0000c3b0: 16bf 3b31 21be ac4f 13bf 7ac8 60be 9ff3  ..;1!..O..z.`...
0000c3c0: 0dbf ffda 8ebe 52dc 06bf 208a abbe 7853  ......R... ...xS
0000c3d0: fcbe fd26 c6be fee0 e7be cb52 debe c3a0  ...&.......R....
0000c3e0: d0be 35d6 f3be fcdd b6be 652a 03bf e8f2  ..5.......e*....
0000c3f0: 9abe 03d0 0abf b85f 7abe c8c9 10bf 8cc5  ......._z.......
0000c400: 3bbe cffe 14bf 6a1f f6bd 0364 17bf 5c08  ;.....j....d..\.
0000c410: 63bd 6bfd 17bf f917 223c 5fbd 16bf aa96  c.k....."<_.....
0000c420: 993d 0da0 13bf 9587 0e3e d2c0 0ebf 354d  .=.......>....5M
0000c430: 4e3e b92d 08bf 13d2 853e f6e6 ffbe 5ddb  N>.-.....>....].
0000c440: a23e 9f5a ecbe 24e5 bd3e f3f8 d5be f7a1  .>.Z..$..>......
0000c450: d63e 7909 bdbe eba7 ec3e 45ce a1be 84e6  .>y......>E.....
0000c460: ff3e f1aa 84be 6cfb 073f d1e1 4bbe c25e  .>....l..?..K..^
0000c470: 0e3f ef15 0cbe 1a0c 133f d866 95bd 1eef  .?.......?.f....
0000c480: 153f 5530 05bc 92fc 163f 26f0 673d 113f  .?U0.....?&.g=.?
0000c490: 163f ca2d f73d b7aa 133f 1a8a 3b3e 374c  .?.-.=...?..;>7L
0000c4a0: 0f3f ad2f 793e 9e35 093f 04ec 993e 517c  .?./y>.5.?...>Q|
0000c4b0: 013f fd54 b53e 2266 f03e 737e ce3e b2e5  .?.T.>"f.>s~.>..
0000c4c0: da3e 852e e53e eec8 c23e 9204 f93e 0957  .>...>...>...>.W
0000c4d0: a83e f2f0 043f 68ea 8b3e f2ba 0b3f 428f  .>...?h..>...?B.
0000c4e0: 5b3e 2bd5 103f abd3 1c3e d32b 143f c251  [>+..?...>.+.?.Q
0000c4f0: b83d d5be 153f f77c d33c 1c76 153f 5d4f  .=...?.|.<.v.?]O
0000c500: 1dbd bc64 133f be8a d1bd bb8a 0f3f 8dcf  ...d.?.......?..
0000c510: 28be 64f6 093f b3b3 66be 98b2 023f 3be1  (.d..?..f....?;.
0000c520: 90be 41b1 f33e 0198 acbe d827 df3e 2438  ..A..>.....'.>$8
0000c530: c6be cbe8 c73e 376f ddbe 8c38 ae3e d0e6  .....>7o...8.>..
0000c540: f1be 737a 923e 73b4 01bf 34fb 693e 76da  ..sz.>s...4.i>v.
0000c550: 08bf ce4a 2c3e 4d5d 0ebf 3c1c d93d 4821  ...J,>M]..<..=H!
0000c560: 12bf 786f 2e3d 8720 14bf ce20 aebc 2f50  ..xo.=. ... ../P
0000c570: 14bf f388 adbd 5bb3 12bf 48a0 16be 354f  ......[...H...5O
0000c580: 0fbf 4a92 54be e929 0abf d2f2 87be 4d5e  ..J.T..)......M^
0000c590: 03bf 1fdb a3be 1b01 f6be bcb3 bdbe 7c3e  ..............|>
0000c5a0: e2be 7642 d5be 4edd cbbe 8a25 eabe eff6  ..vB..N....%....
0000c5b0: b2be ab28 fcbe 6105 98be bf87 05bf 0884  ...(..a.........
0000c5c0: 76be 9554 0bbf 4210 3abe e46c 0fbf 4b2e  v..T..B.:..l..K.
0000c5d0: f7bd 21cc 11bf b7b5 6ebd d962 12bf 606a  ..!.....n..b..`j
0000c5e0: 983b f22b 11bf d4d8 893d 6d3e 0ebf 9c1f  .;.+.....=m>....
0000c5f0: 043e f692 09bf a77a 413e e045 03bf 4a6c  .>.....zA>.E..Jl
0000c600: 7c3e 42c9 f6be ff08 9a3e ca11 e4be d6ea  |>B......>......
0000c610: b33e 3eb5 cebe 8294 cb3e abe7 b6be 0aa8  .>>......>......
0000c620: e03e 40e8 9cbe 86f9 f23e 5d35 81be 6e2b  .>@......>]5..n+
0000c630: 013f a7f2 47be 2847 073f c25e 0bbe 84b6  .?..G.(G.?.^....
0000c640: 0b3f 3bc6 9abd 047a 0e3f 4dcd 69bc b38a  .?;....z.?M.i...
0000c650: 0f3f d440 403d 88d9 0e3f 9d0f dc3d 267d  .?.@@=...?...=&}
0000c660: 0c3f 4769 2a3e 0e70 083f 24a1 643e dbc8  .?Gi*>.p.?$.d>..
0000c670: 023f 4ffa 8d3e c241 f73e cad0 a73e ea00  .?O..>.A.>...>..
0000c680: e63e 4894 bf3e 0119 d23e bd01 d53e b4a9  .>H..>...>...>..
0000c690: bb3e cce5 e73e 7229 a33e 08f9 f73e 75c4  .>...>r).>...>u.
0000c6a0: 883e a189 023f b8d2 593e 7689 073f 9e77  .>...?..Y>v..?.w
0000c6b0: 1f3e a9ea 0a3f 90fc c63d b1a8 0c3f 3e6d  .>...?...=...?>m
0000c6c0: 193d 08bd 0c3f 7cf1 b7bc f522 0b3f 9dea  .=...?|....".?..
0000c6d0: a7bd f1de 073f 71df 0fbe 5306 033f ebcf  .....?q...S..?..
0000c6e0: 49be cf5f f93e 5fb1 80be 80b5 e93e 85d1  I.._.>_......>..
0000c6f0: 9abe e154 d73e 7d3b b3be f362 c23e 2c64  ...T.>};...b.>,d
0000c700: c9be 153d ab3e ec2e ddbe e51a 923e 195a  ...=.>.......>.Z
0000c710: eebe b991 6e3e 5ba1 fcbe 62ef 353e 92fd  ....n>[...b.5>..
0000c720: 03bf 1012 f73d dc05 08bf 7ee9 7d3d 9b8c  .....=....~.}=..
0000c730: 0abf 4030 343b 075a 0bbf 45d7 66bd 8682  ..@04;.Z..E.f...
0000c740: 0abf 715a ebbd 7a0e 08bf 5c37 30be affe  ..qZ..z...\70...
0000c750: 03bf 6378 68be 30bc fcbe fbfd 8ebe b190  ..cxh.0.........
0000c760: eebe 2300 a8be aa75 ddbe 6c10 bfbe b0c8  ..#....u..l.....
0000c770: c9be 8cdf d3be f7ba b3be 512b e6be 1577  ..........Q+...w
0000c780: 9bbe 5d96 f5be 2b75 81be f81e 01bf d3c5  ..]...+u........
0000c790: 4bbe 0bde 05bf 51ed 11be aa05 09bf 7c5e  K.....Q.......|^
0000c7a0: adbd 5388 0abf 00f7 d2bc 7b66 0abf af71  ..S.......{f...q
0000c7b0: 093d aa91 08bf 0e35 bd3d ac1d 05bf 6a8e  .=.....5.=....j.
0000c7c0: 193e 8c0a 00bf b50b 533e f7e7 f2be efcb  .>......S>......
0000c7d0: 843e 99d6 e2be 0883 9e3e ca04 d0be 9e4d  .>.......>.....M
0000c7e0: b63e 68a9 babe 1ee1 cb3e e213 a3be c508  .>h......>......
0000c7f0: df3e 0ba1 89be 0456 ef3e eae8 5cbe b6d7  .>.....V.>..\...
0000c800: fc3e a311 24be 7a94 033f a193 d2bd cb2f  .>..$.z..?...../
0000c810: 073f bd55 35bd f01e 093f e513 6f3c e467  .?.U5....?..o<.g
0000c820: 093f 4d37 963d a605 083f c3fe 053e 2c02  .?M7.=...?...>,.
0000c830: 053f 734b 3f3e ff5e 003f e3ea 753e 2b89  .?sK?>.^.?..u>+.
0000c840: f43e 2eca 943e 8b3c e53e bdc4 ac3e 874d  .>...>.<.>...>.M
0000c850: d33e d87f c23e bde5 be3e 7ae4 d53e 8f41  .>...>...>z..>.A
0000c860: a83e 1c8d e63e efb8 8f3e d285 f43e f227  .>...>...>...>.'
0000c870: 6b3e ce78 ff3e 8310 343e a4a6 033f 5a55  k>.x.>..4>...?ZU
0000c880: f63d 75fd 053f 1109 823d 7ec0 063f 7022  .=u..?...=~..?p"
0000c890: cb3b 57ea 053f 6cb2 50bd ee7a 033f 5cc4  .;W..?l.P..z.?\.
0000c8a0: dbbd bc08 ff3e 7f10 26be 5217 f43e f8fd  .....>..&.R..>..
0000c8b0: 5bbe 0964 e63e 867b 87be 8dfe d53e 506c  [..d.>.{.....>Pl
0000c8c0: 9fbe f826 c33e cb54 b5be 7139 ae3e 3f0a  ...&.>.T..q9.>?.
0000c8d0: c9be 0338 973e 1b4d dabe a633 7d3e 13e9  ...8.>.M...3}>..
0000c8e0: e8be 4a44 493e d9d6 f4be cb2a 133e d6e7  ..JDI>.....*.>..
0000c8f0: fdbe 3e1e b73d 7401 02bf 74b2 0c3d f985  ..>..=t...t..=..
0000c900: 03bf 7cd8 abbc 4483 03bf 2a62 9bbd ee07  ..|...D...*b....
0000c910: 02bf 28d8 04be d82a febe 6f27 3abe 2e53  ..(....*..o':..S
0000c920: f5be 3c7a 6dbe b9cb e9be efee 8ebe 21a3  ..<zm.........!.
0000c930: dbbe 067b a5be 4bf6 cabe 6f2f babe e516  ...{..K...o/....
0000c940: b8be 03a8 ccbe e310 a3be d2e6 dcbe 1d52  ...............R
0000c950: 8cbe eca6 eabe 29e0 67be a2ab f5be 15ab  ......).g.......
0000c960: 34be 41fd fdbe 1848 febd 59b4 01bf ec6b  4.A....H..Y....k
0000c970: 90bd 9104 03bf 8e3c 84bc a8cc 02bf ea5c  .......<.......\
0000c980: 1e3d 6826 01bf 5da8 be3d 6104 fcbe 7229  .=h&..]..=a...r)
0000c990: 163e e8ca f2be c66f 4b3e 2fd9 e6be c29f  .>.....oK>/.....
0000c9a0: 7e3e f027 d8be 8e81 973e 0407 c7be 7b1d  ~>.'.....>....{.
0000c9b0: ae3e 3075 b3be 23cc c23e 3fbe 9dbe b462  .>0u..#..>?....b
0000c9c0: d53e 781e 86be c48f e53e 37a0 59be 7c14  .>x......>7.Y.|.
0000c9d0: f33e 2649 24be 06df fd3e d11a d9bd 4ce1  .>&I$....>....L.
0000c9e0: 023f a8f5 4dbd 2351 053f 4b66 d43b 033b  .?..M.#Q.?Kf.;.;
0000c9f0: 063f ece9 813d 9381 053f e869 f53d af3c  .?...=...?.i.=.<
0000ca00: 033f 7f6d 333e 84cb fe3e 9f2e 6a3e 9803  .?.m3>...>..j>..
0000ca10: f43e d832 8f3e 9e5b e63e eec8 a73e 22bb  .>.2.>.[.>...>".
0000ca20: d53e c381 be3e 199a c23e a213 d33e 40fc  .>...>...>...>@.
0000ca30: ac3e 810f e53e 362a 953e 1a88 f43e 74f7  .>...>6*.>...>t.
0000ca40: 763e 9c83 003f aa71 403e f73b 053f 5a52  v>...?.q@>.;.?ZR
0000ca50: 073e ad5f 083f 1396 983d 51de 093f 84ab  .>._.?...=Q..?..
0000ca60: 813c f7be 093f 4b0e 31bd 75e8 073f bb14  .<...?K.1.u..?..
0000ca70: d1bd 237c 043f 7fc8 23be 22c8 fe3e 232e  ..#|.?..#."..>#.
0000ca80: 5dbe 6483 f13e d017 8abe 024e e13e e502  ].d..>.....N.>..
0000ca90: a4be a441 ce3e 4e1b bcbe 2ea6 b83e 92fb  ...A.>N......>..
0000caa0: d1be a6b0 a03e 135b e5be f3b1 863e a210  .....>.[.....>..
0000cab0: f6be 84f5 553e 7de3 01bf a899 1b3e ae2e  ....U>}......>..
0000cac0: 07bf 70d9 be3d 1cda 0abf db45 063d 92d3  ..p..=.....E.=..
0000cad0: 0cbf 8673 323f 4101 9a3d 5fb2 323f 60c9  ...s2?A..=_.2?`.
0000cae0: 8e3d 3cfa 323f 0b92 843d d42c 333f 6212  .=<.2?...=.,3?b.
0000caf0: 783d d35c 333f 5203 683d 1881 333f fe3c  x=.\3?R.h=..3?.<
0000cb00: 5a3d eda0 333f d8c3 4d3d 3ab3 333f 51c4  Z=..3?..M=:.3?Q.
0000cb10: 423d dcca 333f 94e2 383d c1e6 333f 0e21  B=..3?..8=..3?.!
0000cb20: 303d 25f6 333f 83c0 273d 4f01 343f 04d5  0=%.3?..'=O.4?..
0000cb30: 1f3d 8d11 343f 4d34 193d d61a 343f 56d4  .=..4?M4.=..4?V.
0000cb40: 123d 7322 343f a3e5 0c3d 7030 343f 4360  .=s"4?...=p04?C`
0000cb50: 073d 833a 343f 1cdd 013d fc3d 343f 6f9e  .=.:4?...=.=4?o.
0000cb60: fa3c 6543 343f c7f7 f13c 5649 343f 3bb7  .<eC4?...<VI4?;.
0000cb70: e93c 1c51 343f a87d e13c 3e55 343f faca  .<.Q4?.}.<>U4?..
0000cb80: d93c 2c5c 343f 002a d33c 5b63 343f 6230  .<,\4?.*.<[c4?b0
0000cb90: cc3c 3d64 343f 92ca c53c 545e 343f 0d41  .<=d4?...<T^4?.A
0000cba0: c03c c263 343f 78c9 ba3c a661 343f 428e  .<.c4?x..<.a4?B.
0000cbb0: b53c 3968 343f c030 b03c 2a72 343f 6e51  .<9h4?.0.<*r4?nQ
0000cbc0: ab3c 9973 343f b4a7 a33c 2572 343f c4be  .<.s4?...<%r4?..
0000cbd0: 9b3c c677 343f d54a 923c 5786 343f 38c4  .<.w4?.J.<W.4?8.
0000cbe0: 863c a884 343f 7108 753c eb8e 343f f29a  .<..4?q.u<..4?..
0000cbf0: 513c c08c 343f 7f91 313c 9a83 343f 961b  Q<..4?..1<..4?..
0000cc00: 0d3c 7486 343f 2c1d db3b fc94 343f 7269  .<t.4?,..;..4?ri
0000cc10: 7d3b d793 343f 2e60 663a 1392 343f 1450  };..4?.`f:..4?.P
0000cc20: 12bb 619b 343f aaf1 c3bb ec8b 343f dbdb  ..a.4?......4?..
0000cc30: 26bc 4578 343f 1521 83bc f857 343f b467  &.Ex4?.!...W4?.g
0000cc40: c4bc 024d 343f 9f71 02bd acfd 333f abdb  ...M4?.q....3?..
0000cc50: 45bd d69d 333f 946c 83bd 6207 333f 4430  E...3?.l..b.3?D0
0000cc60: a3bd 4573 323f 84b2 c3bd bcc8 313f 034d  ..Es2?......1?.M
0000cc70: e3bd 5c04 313f 80eb 01be 1838 303f e7ae  ..\.1?.....80?..
0000cc80: 11be 9751 2f3f 3d90 21be 387a 293f 0a4e  ...Q/?=.!.8z)?.N
0000cc90: 6fbe e98f 213f a099 9cbe e8b3 173f b372  o...!?.......?.r
0000cca0: bfbe 68ec 0b3f 56cd dfbe dcfe fc3e 122c  ..h..?V......>.,
0000ccb0: fdbe d1d8 de3e 83d0 0bbf 3536 be3e 322c  .....>....56.>2,
0000ccc0: 17bf 342a 9b3e 63bc 20bf 3dbb 6c3e 1625  ..4*.>c. .=.l>.%
0000ccd0: 28bf 002e 203e 7582 2dbf d9c0 a43d 64ae  (... >u.-....=d.
0000cce0: 30bf 606c 163b 92b4 31bf b095 99bd 276c  0.`l.;..1.....'l
0000ccf0: 30bf 71a0 1abe 9ff4 2cbf 92c0 66be 4144  0.q.....,...f.AD
0000cd00: 27bf 5fd4 97be 1573 1fbf 2a1a babe bc98  '._....s..*.....
0000cd10: 15bf efda d9be 38d4 09bf c048 f6be 98b5  ......8....H....
0000cd20: f8be b288 07bf 76fc dabe 5efe 11bf 63ba  ......v...^...c.
0000cd30: babe 2c5f 1abf a118 99be 21ce 20bf 5fc9  ..,_......!. ._.
0000cd40: 6dbe 689d 25bf 90b8 28be b0fa 28bf 6966  m.h.%...(...(.if
0000cd50: c5bd dde6 2abf 7667 d5bc b308 2bbf 7a6f  ....*.vg....+.zo
0000cd60: 3a3d da30 29bf 4ade f13d 8230 25bf 0836  :=.0).J..=.0%..6
0000cd70: 423e ac12 1fbf a642 853e 83ee 16bf 21d8  B>.....B.>....!.
0000cd80: a73e c1d6 0cbf 4918 c83e 79eb 00bf 3d3e  .>....I..>y...=>
0000cd90: e63e 13bf e6be 1bb1 003f a0c6 c8be 99a1  .>.......?......
0000cda0: 0c3f 5957 a8be dbdd 163f 3fdd 85be 582c  .?YW.....??...X,
0000cdb0: 1f3f f7bd 43be 507a 253f 86db f2bd dfbd  .?..C.Pz%?......
0000cdc0: 293f a576 38bd 2fec 2b3f 5e59 f03c a2fc  )?.v8./.+?^Y.<..
0000cdd0: 2b3f 0e39 d33d 63fd 293f 07cc 333e 1be9  +?.9.=c.)?..3>..
0000cde0: 253f 1fc6 7b3e a4d0 1f3f 3bd7 9f3e 7bd4  %?..{>...?;..>{.
0000cdf0: 173f 0e34 c03e 7ef5 0d3f a20a de3e a570  .?.4.>~..?...>.p
0000ce00: 023f 703e f93e 719d ea3e 3496 083f 7299  .?p>.>q..>4..?r.
0000ce10: cd3e 0ae7 123f cc55 ae3e e277 1b3f 41df  .>...?.U.>.w.?A.
0000ce20: 8c3e 861f 223f 4e34 533e 79ce 263f 58c4  .>.."?N4S>y.&?X.
0000ce30: 0a3e f972 293f fd5d 813d 1a0f 2a3f 72b9  .>.r)?.].=..*?r.
0000ce40: 1ebc 539a 283f b377 a9bd 7d21 253f 13f8  ..S.(?.w..}!%?..
0000ce50: 1dbe efad 1f3f 1904 65be 6e51 183f b5bf  .....?..e.nQ.?..
0000ce60: 94be e21e 0f3f 1008 b5be 2347 043f fa33  .....?....#G.?.3
0000ce70: d3be 4dae ef3e 1aae eebe 2bd1 d33e 90a8  ..M..>....+..>..
0000ce80: 03bf c390 b53e e952 0ebf c129 953e 7055  .....>.R...).>pU
0000ce90: 17bf 33e4 653e 3874 1ebf e53a 1f3e f1aa  ..3.e>8t...:.>..
0000cea0: 23bf 9a9c ac3d 7df7 26bf f8c3 4a3c 7629  #....=}.&...J<v)
0000ceb0: 28bf 3525 74bd 5c64 27bf 6efe 05be d195  (.5%t.\d'.n.....
0000cec0: 24bf 8e29 4dbe c1cd 1fbf 04cf 88be 6d18  $..)M.........m.
0000ced0: 19bf 127f a9be 1c97 10bf 83e0 c7be 555e  ..............U^
0000cee0: 06bf 56eb e3be 400f f5be fb2e fdbe eb8a  ..V...@.........
0000cef0: dabe 1fbf 09bf c043 bdbe 7f34 13bf a8d1  .......C...4....
0000cf00: 9dbe 99d9 1abf 1935 79be 1a9b 20bf e1c6  .......5y... ...
0000cf10: 33be 3a6d 24bf 4f21 d9bd 0c52 26bf 1fbb  3.:m$.O!...R&...
0000cf20: 0dbd 302c 26bf 10dd 153d 3809 24bf de3f  ..0,&....=8.$..?
0000cf30: dc3d 59e7 1fbf 17b3 343e 7bf0 19bf 6aa1  .=Y.....4>{...j.
0000cf40: 793e 5812 12bf 48a5 9d3e e97c 08bf 7d92  y>X...H..>.|..}.
0000cf50: bc3e 70a1 fabe 4e10 d93e 4e15 e1be 4b3f  .>p...N..>N...K?
0000cf60: f33e d016 c5be b91e 053f 62ad a6be 7bfc  .>.......?b...{.
0000cf70: 0e3f cf49 86be f227 173f 899d 48be 1788  .?.I...'.?..H...
0000cf80: 1d3f cb87 02be acf5 213f 1e12 6bbd 2475  .?......!?..k.$u
0000cf90: 243f 8e23 593c b200 253f 815c ab3d 648c  $?.#Y<..%?.\.=d.
0000cfa0: 233f d1ba 1c3e 1f26 203f 7cb6 613e d3ca  #?...>.& ?|.a>..
0000cfb0: 1a3f a60e 923e 4098 133f 276a b13e c6a7  .?...>@..?'j.>..
0000cfc0: 0a3f e6a4 ce3e 230c 003f c248 e93e 5ecc  .?...>#..?.H.>^.
0000cfd0: e73e 4e8c 003f c0c5 cc3e 50e7 0a3f f949  .>N..?...>P..?.I
0000cfe0: af3e 3a99 133f c9b8 8f3e af7d 1a3f 40e2  .>:..?...>.}.?@.
0000cff0: 5c3e 4386 1f3f 25d1 173e 58a6 223f d7bf  \>C..?%..>X."?..
0000d000: a13d 3dc9 233f 7cef 123c 07f4 223f c1bc  .==.#?|..<.."?..
0000d010: 7abd bd25 203f 1ca3 05be 726f 1b3f 7ae8  z..% ?....ro.?z.
0000d020: 4abe ead6 143f e3c8 86be 5378 0c3f 9587  J....?....Sx.?..
0000d030: a6be 156c 023f 8d34 c4be 6c8e ed3e ff6c  ...l.?.4..l..>.l
0000d040: dfbe 4c89 d33e 13f6 f7be c3f9 b63e b0bd  ..L..>.......>..
0000d050: 06bf 8334 983e 62d9 0fbf 5251 6f3e 0736  ...4.>b...RQo>.6
0000d060: 17bf b16c 2b3e eabd 1cbf d83b cb3d 1161  ...l+>.....;.=.a
0000d070: 20bf 2f59 f53c ca0e 22bf 4125 22bd b7cb   ./Y.<..".A%"...
0000d080: 21bf ab33 debd 3897 1fbf 9b2a 34be 1572  !..3..8....*4..r
0000d090: 1bbf adfc 76be ff71 15bf 6a59 9bbe 49a7  ....v..q..jY..I.
0000d0a0: 0dbf fc45 b9be 4836 04bf 95e2 d4be f646  ...E..H6.......F
0000d0b0: f2be 84f1 edbe fd53 d9be 4606 02bf 62cf  .......S..F...b.
0000d0c0: bdbe ca7f 0bbf 9c12 a0be 2147 13bf 4b84  ..........!G..K.
0000d0d0: 80be a842 19bf 00e0 3ebe 7860 1dbf acf5  ...B....>.x`....
0000d0e0: f4bd a2a2 1fbf a6b3 53bd 07fb 1fbf 3e35  ........S.....>5
0000d0f0: 893c f262 1ebf b99b ad3d 3eea 1abf da4a  .<.b.....=>....J
0000d100: 1b3e 199d 15bf 1fd7 5d3e 7f87 0ebf b5ba  .>......]>......
0000d110: 8e3e 9fc0 05bf 5fd7 ac3e 48cf f6be 31c3  .>...._..>H...1.
0000d120: c83e 284d dfbe 0846 e23e 4d1b c5be cd09  .>(M...F.>M.....
0000d130: f93e d2b2 a8be 5865 063f 8c47 8abe 83aa  .>....Xe.?.G....
0000d140: 0e3f 2294 54be dc38 153f a02a 12be 1afe  .?".T..8.?.*....
0000d150: 193f 6163 9cbd 35f1 1c3f 4f8b 15bc fdff  .?ac..5..?O.....
0000d160: 1d3f 9f57 6d3d bf39 1d3f f3e0 fe3d 6d92  .?.Wm=.9.?...=m.
0000d170: 1a3f 1ede 413e 6b14 163f 25e7 803e 92d8  .?..A>k..?%..>..
0000d180: 0f3f d35d 9f3e 9be6 073f 23e8 bb3e f0b9  .?.].>...?#..>..
0000d190: fc3e f22a d63e 3ea3 e63e 4dea ed3e bbe5  .>.*.>>..>M..>..
0000d1a0: cd3e 785f 013f 44ad b23e c54a 0a3f 8967  .>x_.?D..>.J.?.g
0000d1b0: 953e eb89 113f 24c9 6c3e 7e0d 173f 5aea  .>...?$.l>~..?Z.
0000d1c0: 2b3e f4cc 1a3f b4f6 d13d e1a9 1c3f 641c  +>...?...=...?d.
0000d1d0: 143d 98ba 1c3f 4f17 fcbc ffe1 1a3f 0c32  .=...?O......?.2
0000d1e0: c7bd 383e 173f ae61 26be 8bc3 113f 3355  ..8>.?.a&....?3U
0000d1f0: 67be 7b90 0a3f 82a8 92be 69b4 013f 86f9  g.{..?....i..?..
0000d200: afbe f3ac ee3e b337 cbbe 3f0b d73e e1fa  .....>.7..?..>..
0000d210: e3be 28e5 bc3e 270c fabe cb72 a03e 768f  ..(..>'....r.>v.
0000d220: 06bf 9e19 823e c280 0ebf fb68 443e 08be  .....>.....hD>..
0000d230: 14bf 943c 023e cd31 19bf 6128 7a3d b6ce  ...<.>.1..a(z=..
0000d240: 1bbf 8e96 bfbb f78e 1cbf f1a3 94bd 7f74  ...............t
0000d250: 1bbf dfcd 0dbe 6a7a 18bf a5a9 4fbe 6fa7  ......jz....O.o.
0000d260: 13bf d174 87be cf18 0dbf 867e a5be cace  ...t.......~....
0000d270: 04bf 1385 c1be dce8 f5be 5340 dbbe 842c  ..........S@...,
0000d280: dfbe 0e52 f2be 79c7 c5be 3835 03bf fd13  ...R..y...85....
0000d290: aabe 27b5 0bbf 6541 8cbe 5e7e 12bf b786  ..'...eA..^~....
0000d2a0: 59be 258d 17bf 7010 18be bfba 1abf 0959  Y.%...p........Y
0000d2b0: a9bd cb16 1cbf a34e 83bc a288 1bbf 4d3d  .......N......M=
0000d2c0: 503d cc1d 19bf acc3 ef3d 45d3 14bf 512a  P=.......=E...Q*
0000d2d0: 3a3e bcc5 0ebf 5e23 7a3e 3cff 06bf e079  :>....^#z><....y
0000d2e0: 9b3e 9942 fbbe bf04 b83e 8b79 e5be 124d  .>.B.....>.y...M
0000d2f0: d23e 36f2 ccbe c709 ea3e 5705 b2be 09e7  .>6......>W.....
0000d300: fe3e 50f9 94be c154 083f 8c5e 6cbe 6a98  .>P....T.?.^l.j.
0000d310: 0f3f 4c04 2cbe bb1e 153f 2977 d3bd 67d0  .?L.,....?)w..g.
0000d320: 183f 73a2 18bd 14b3 1a3f 0f58 ed3c a2b4  .?s......?.X.<..
0000d330: 1a3f 6af8 c13d 36e6 183f 7d2f 233e 813b  .?j..=6..?}/#>.;
0000d340: 153f a035 633e cec0 0f3f f235 903e 9f9a  .?.5c>...?.5.>..
0000d350: 083f 7d04 ad3e e7aa ff3e 58c2 c73e 011b  .?}..>...>X..>..
0000d360: eb3e 970c e03e 40d3 d33e f4a3 f53e 2614  .>...>@..>...>&.
0000d370: ba3e 7a2d 043f ef17 9e3e f5ec 0b3f 2a52  .>z-.?...>...?*R
0000d380: 803e f605 123f d4f2 413e b660 163f 0d15  .>...?..A>.`.?..
0000d390: 013e ecf3 183f e313 7b3d d4b0 193f 465c  .>...?..{=...?F\
0000d3a0: 89bb 6294 183f d78f 8ebd 1aa8 153f 6555  ..b..?.......?eU
0000d3b0: 09be e4fe 103f e7ae 49be ee92 0a3f 08d6  .....?..I....?..
0000d3c0: 83be 0583 023f b931 a1be 9fd5 f13e 8292  .....?.1.....>..
0000d3d0: bcbe 53cc db3e e7c2 d5be 012a c33e 9f57  ..S..>.....*.>.W
0000d3e0: ecbe f92a a83e bd14 00bf a43e 8b3e 5a76  ...*.>.....>.>Zv
0000d3f0: 08bf 7053 593e 1831 0fbf 8aa2 193e e337  ..pSY>.1.....>.7
0000d400: 14bf 9d08 b03d 9983 17bf 8897 ab3c 7200  .....=.......<r.
0000d410: 19bf 360a 35bd fca3 18bf 1227 dfbd c57c  ..6.5......'...|
0000d420: 16bf 8f8a 30be e189 12bf b570 6fbe 9cde  ....0......po...
0000d430: 0cbf 7dba 95be 1a7f 05bf 38ef b1be 2216  ..}.......8...".
0000d440: f9be f70b ccbe 312c e4be 7eb8 e3be 298d  ......1,..~...).
0000d450: ccbe 1dbf f8be 3179 b2be a45f 05bf 9a44  ......1y..._...D
0000d460: 96be e7cc 0cbf d08a 70be af88 12bf 8993  ........p.......
0000d470: 31be d989 16bf ecf8 e0bd 9ab8 18bf a81f  1...............
0000d480: 38bd 6214 19bf c2da a83c 969e 17bf bbbd  8.b......<......
0000d490: af3d b34c 14bf a1a8 193e f73b 0fbf aea0  .=.L.....>.;....
0000d4a0: 593e 8371 08bf 5586 8b3e f703 00bf 5794  Y>.q..U..>....W.
0000d4b0: a83e e01a ecbe 479a c33e 7243 d5be 844b  .>....G..>rC...K
0000d4c0: dc3e 94e1 bbbe 6552 f23e e838 a0be eec0  .>....eR.>.8....
0000d4d0: 023f 359b 82be fbbc 0a3f 35da 46be 9a16  .?5......?5.F...
0000d4e0: 113f f418 06be f2a9 153f 9a5a 87bd 1e70  .?.......?.Z...p
0000d4f0: 183f 64ca fbb9 7861 193f c2b0 853d 777d  .?d...xa.?...=w}
0000d500: 183f 0e44 053e 07bb 153f 0e22 463e b92b  .?.D.>...?."F>.+
0000d510: 113f fe53 823e f5d7 0a3f e4fd 9f3e f1de  .?.S.>...?...>..
0000d520: 023f 40b6 bb3e 9aa2 f23e c732 d53e a685  .?@..>...>.2.>..
0000d530: dc3e 2e11 ec3e dfd6 c33e 6f10 003f 58be  .>...>...>o..?X.
0000d540: a83e f98b 083f 2d9d 8b3e 5c59 0f3f fd99  .>...?-..>\Y.?..
0000d550: 593e 2979 143f b358 193e 35bd 173f d26d  Y>)y.?.X.>5..?.m
0000d560: ae3d f135 193f 6f0d a13c 33cf 183f ce09  .=.5.?o..<3..?..
0000d570: 3dbd a897 163f 3c0f e4bd ae81 123f f572  =....?<......?.r
0000d580: 33be 54ae 0c3f d4ae 72be f521 053f 4a7b  3.T..?..r..!.?J{
0000d590: 97be 5a05 f83e c6c7 b3be f1b6 e23e 89de  ..Z..>.......>..
0000d5a0: cdbe ffb7 ca3e 097e e5be 9a43 b03e de52  .....>.~...C.>.R
0000d5b0: fabe f9a1 933e ca09 06bf 8d8f 6a3e db4f  .....>......j>.O
0000d5c0: 0dbf 82f9 2a3e a8d9 12bf 83e5 d23d 15a0  ....*>.......=..
0000d5d0: 16bf 833e 1a3d 6490 18bf 541e e5bc 82a6  ...>.=d...T.....
0000d5e0: 18bf c327 bfbd 90ea 16bf 4528 21be 914b  ...'......E(!..K
0000d5f0: 13bf 3fde 60be 0bf2 0dbf 45e4 8ebe d1df  ..?.`.....E.....
0000d600: 06bf 0f99 abbe 1c56 fcbe c92f c6be 25dd  .......V.../..%.
0000d610: e7be 025c debe 08a8 d0be 89d4 f3be a7e6  ...\............
0000d620: b6be ab2b 03bf d0ec 9abe b1d4 0abf ce4f  ...+...........O
0000d630: 7abe fecd 10bf 9caf 3bbe c800 15bf f9ed  z.......;.......
0000d640: f5bd cf69 17bf 4abf 62bd 6bfa 17bf 51d6  ...i..J.b.k...Q.
0000d650: 213c bfb6 16bf bd7a 993d 4fa0 13bf 6179  !<.....z.=O...ay
0000d660: 0e3e bdc6 0ebf 5061 4e3e ac2c 08bf d3df  .>....PaN>.,....
0000d670: 853e 71ea ffbe cee0 a23e 055c ecbe f9e0  .>q......>.\....
0000d680: bd3e 23f9 d5be 73a7 d63e bb0e bdbe 68ad  .>#...s..>....h.
0000d690: ec3e adce a1be 53de ff3e 69a5 84be 6501  .>....S..>i...e.
0000d6a0: 083f 51ea 4bbe 3060 0e3f d515 0cbe d80b  .?Q.K.0`.?......
0000d6b0: 133f 2642 95bd 99e8 153f 11e7 05bc d902  .?&B.....?......
0000d6c0: 173f 27cf 673d 253e 163f f11a f73d 95aa  .?'.g=%>.?...=..
0000d6d0: 133f 1792 3b3e 5750 0f3f 783b 793e 5038  .?..;>WP.?x;y>P8
0000d6e0: 093f 28ef 993e e882 013f 864d b53e 245b  .?(..>...?.M.>$[
0000d6f0: f03e 6c82 ce3e b2ef da3e 022e e53e 18d2  .>l..>...>...>..
0000d700: c23e d50e f93e 795c a83e f1ec 043f 03e3  .>...>y\.>...?..
0000d710: 8b3e 86bd 0b3f f9a5 5b3e 00dd 103f 80ce  .>...?..[>...?..
0000d720: 1c3e b531 143f 6c6c b83d 92bb 153f f4d9  .>.1.?ll.=...?..
0000d730: d33c fd7a 153f 2e92 1dbd 0b60 133f 08bf  .<.z.?.....`.?..
0000d740: d1bd 5487 0f3f e3dd 28be 7cef 093f 49bd  ..T..?..(.|..?I.
0000d750: 66be 1eb3 023f 82e5 90be 81b4 f33e ca9e  f....?.......>..
0000d760: acbe 0e2c df3e 913e c6be 4dd8 c73e ad70  ...,.>.>..M..>.p
0000d770: ddbe 7e34 ae3e 82e6 f1be e079 923e 81b5  ..~4.>.....y.>..
0000d780: 01bf ed06 6a3e 7edf 08bf 7838 2c3e d761  ....j>~...x8,>.a
0000d790: 0ebf a71e d93d 9527 12bf 9b74 2e3d bd20  .....=.'...t.=. 
0000d7a0: 14bf ee4c aebc dd4e 14bf 47b8 adbd 3aaf  ...L...N..G...:.
0000d7b0: 12bf f7a9 16be 4050 0fbf 1ba4 54be 762f  ......@P....T.v/
0000d7c0: 0abf fcee 87be cd60 03bf 5ed8 a3be 79fc  .......`..^...y.
0000d7d0: f5be 87c2 bdbe d545 e2be 1641 d5be 1bd7  .......E...A....
0000d7e0: cbbe 1720 eabe e5f6 b2be ae1f fcbe 96f9  ... ............
0000d7f0: 97be 6b85 05bf 3681 76be 8056 0bbf c307  ..k...6.v..V....
0000d800: 3abe 2575 0fbf 0b2e f7bd ebcd 11bf c2c2  :.%u............
0000d810: 6ebd 5365 12bf e1b1 973b c92d 11bf 1a00  n.Se.....;.-....
0000d820: 8a3d 4c3d 0ebf d729 043e 7295 09bf 6f8c  .=L=...).>r...o.
0000d830: 413e 5a44 03bf 6579 7c3e 76c6 f6be 1c13  A>ZD..ey|>v.....
0000d840: 9a3e ed07 e4be 36ec b33e 8cb7 cebe e69f  .>....6..>......
0000d850: cb3e 13d7 b6be 41b4 e03e 36e8 9cbe f507  .>....A..>6.....
0000d860: f33e e52f 81be f82f 013f c2fb 47be 3847  .>./.../.?..G.8G
0000d870: 073f e171 0bbe 2cbc 0b3f fad0 9abd e780  .?.q..,..?......
0000d880: 0e3f 0345 69bc 8590 0f3f f677 403d 6ae1  .?.Ei....?.w@=j.
0000d890: 0e3f c734 dc3d 8b80 0c3f 456c 2a3e 7073  .?.4.=...?El*>ps
0000d8a0: 083f 2aa6 643e a5c9 023f f0fd 8d3e c345  .?*.d>...?...>.E
0000d8b0: f73e 22d8 a73e def8 e53e 359d bf3e 0f0c  .>"..>...>5..>..
0000d8c0: d23e 4f03 d53e cda5 bb3e 23f1 e73e 1a2d  .>O..>...>#..>.-
0000d8d0: a33e ec01 f83e 9dce 883e 298f 023f 14af  .>...>...>)..?..
0000d8e0: 593e 0d87 073f 3481 1f3e 13eb 0a3f e7eb  Y>...?4..>...?..
0000d8f0: c63d 44a3 0c3f 8ab1 193d 92b6 0c3f 7180  .=D..?...=...?q.
0000d900: b8bc cf1e 0b3f 8af4 a7bd a1e7 073f 76d2  .....?.......?v.
0000d910: 0fbe db0b 033f e2e9 49be 335c f93e 37be  .....?..I.3\.>7.
0000d920: 80be 0db2 e93e 22e6 9abe 0957 d73e 2a48  .....>"....W.>*H
0000d930: b3be 9764 c23e 9069 c9be 6527 ab3e ce35  ...d.>.i..e'.>.5
0000d940: ddbe 2812 923e 3c60 eebe 3368 6e3e bdaa  ..(..><`..3hn>..
0000d950: fcbe 12f2 353e 44f8 03bf 2bae f63d 2106  ....5>D...+..=!.
0000d960: 08bf bc2d 7d3d d983 0abf 1993 2c3b 275a  ...-}=......,;'Z
0000d970: 0bbf 032b 67bd 6688 0abf 0d59 ebbd 0f0c  ...+g.f....Y....
0000d980: 08bf 091a 30be 1b03 04bf 356c 68be 0dc1  ....0.....5lh...
0000d990: fcbe 86f3 8ebe f77d eebe a013 a8be ef71  .......}.......q
0000d9a0: ddbe fd12 bfbe 1dc0 c9be e3e5 d3be 7aab  ..............z.
0000d9b0: b3be bf2f e6be 8371 9bbe b1a3 f5be 9880  .../...q........
0000d9c0: 81be 1e26 01bf 48bc 4bbe 91dc 05bf 8b0f  ...&..H.K.......
0000d9d0: 12be 1308 09bf 7970 adbd e082 0abf 5b7e  ......yp......[~
0000d9e0: d2bc 1c63 0abf ec3b 093d ff91 08bf c440  ...c...;.=.....@
0000d9f0: bd3d 6127 05bf 35af 193e 7c16 00bf 2f08  .=a'..5..>|.../.
0000da00: 533e 7d00 f3be 25dd 843e 0cd8 e2be 2892  S>}...%..>....(.
0000da10: 9e3e a908 d0be 9250 b63e 51b4 babe eee7  .>.....P.>Q.....
0000da20: cb3e 8621 a3be 2cfe de3e 3da1 89be da61  .>.!..,..>=....a
0000da30: ef3e 48f2 5cbe d9e5 fc3e 2f09 24be f19a  .>H.\....>/.$...
0000da40: 033f 6297 d2bd 8d32 073f b0fa 34bd 1b28  .?b....2.?..4..(
0000da50: 093f 0f39 6e3c 026a 093f a7f9 953d d108  .?.9n<.j.?...=..
0000da60: 083f 4509 063e a002 053f 7759 3f3e b262  .?E..>...?wY?>.b
0000da70: 003f fa06 763e 2484 f43e 7ce0 943e 2242  .?..v>$..>|..>"B
0000da80: e53e efcb ac3e 8c4b d33e 5073 c23e baf6  .>...>.K.>Ps.>..
0000da90: be3e afe6 d53e 4445 a83e 9b93 e63e 0bc5  .>...>DE.>...>..
0000daa0: 8f3e 237f f43e e218 6b3e 5a7f ff3e bc0f  .>#..>..k>Z..>..
0000dab0: 343e bda9 033f 1d4f f63d 250a 063f acf9  4>...?.O.=%..?..
0000dac0: 813d b0bf 063f 539b cb3b ebe6 053f 7a2f  .=...?S..;...?z/
0000dad0: 51bd f47c 033f 5aed dbbd dbfb fe3e b403  Q..|.?Z......>..
0000dae0: 26be 4c2a f43e 98fc 5bbe f979 e63e 4b8d  &.L*.>..[..y.>K.
0000daf0: 87be 970c d63e d877 9fbe 4c31 c33e e655  .....>.w..L1.>.U
0000db00: b5be 6b31 ae3e b60e c9be 1736 973e 2c5b  ..k1.>.....6.>,[
0000db10: dabe bb40 7d3e 7001 e9be d159 493e 9be7  ...@}>p....YI>..
0000db20: f4be a625 133e 86fc fdbe f83d b73d f105  ...%.>.....=.=..
0000db30: 02bf 96fc 0c3d d18d 03bf 1229 abbc 8d96  .....=.....)....
0000db40: 03bf bc4b 9bbd be15 02bf bbd2 04be 013f  ...K...........?
0000db50: febe 2942 3abe 136c f5be 178b 6dbe bfe7  ..)B:..l....m...
0000db60: e9be 13fb 8ebe d0aa dbbe 8682 a5be cafc  ................
0000db70: cabe 1d37 babe 6812 b8be 6cb7 ccbe a027  ...7..h...l....'
0000db80: a3be d8f6 dcbe f15d 8cbe c7a6 eabe cafd  .......]........
0000db90: 67be a9c7 f5be 07b6 34be 830a febe 32b7  g.......4.....2.
0000dba0: febd 34c2 01bf 6c95 90bd ee07 03bf c392  ..4...l.........
0000dbb0: 84bc 17d8 02bf 396d 1e3d c62e 01bf b2df  ......9m.=......
0000dbc0: be3d 660d fcbe 5f3e 163e 27e9 f2be cc9a  .=f..._>.>'.....
0000dbd0: 4b3e 46e8 e6be 62c7 7e3e 2237 d8be 9994  K>F...b.~>"7....
0000dbe0: 973e d012 c7be 8638 ae3e 7185 b3be 96ed  .>.....8.>q.....
0000dbf0: c23e 22cd 9dbe 0376 d53e 531b 86be 16a1  .>"....v.>S.....
0000dc00: e53e 60a4 59be 9e1b f33e 0d40 24be d2eb  .>`.Y....>.@$...
0000dc10: fd3e 9d07 d9bd ebed 023f a1ec 4dbd e759  .>.......?..M..Y
0000dc20: 053f 64a7 d43b 8039 063f 9be3 813d c486  .?d..;.9.?...=..
0000dc30: 053f bd6a f53d 5041 033f 3b59 333e 44cf  .?.j.=PA.?;Y3>D.
0000dc40: fe3e c306 6a3e 600e f43e cb42 8f3e 8b5b  .>..j>`..>.B.>.[
0000dc50: e63e a3da a73e dad8 d53e 4a7f be3e af9f  .>...>...>J..>..
0000dc60: c23e 540e d33e 020a ad3e cd17 e53e 2540  .>T..>...>...>%@
0000dc70: 953e 9682 f43e 6a00 773e 2f7d 003f fc6d  .>...>j.w>/}.?.m
0000dc80: 403e 903a 053f 2665 073e 3760 083f b0b4  @>.:.?&e.>7`.?..
0000dc90: 983d 1ee4 093f 2aef 813c 3bc4 093f 1177  .=...?*..<;..?.w
0000dca0: 31bd d9ef 073f 5419 d1bd 4579 043f 99b9  1....?T...Ey.?..
0000dcb0: 23be fcd0 fe3e 8935 5dbe bd8f f13e b319  #....>.5]....>..
0000dcc0: 8abe b04c e13e 1322 a4be 113c ce3e a625  ...L.>."...<.>.%
0000dcd0: bcbe a39e b83e 3d0d d2be 7da6 a03e e46e  .....>=...}..>.n
0000dce0: e5be 37b3 863e c723 f6be d3f1 553e 97e2  ..7..>.#....U>..
0000dcf0: 01bf 6390 1b3e a834 07bf 0677 be3d 87d7  ..c..>.4...w.=..
0000dd00: 0abf 8632 063d 97d1 0cbf 67a5 803e 0d65  ...2.=....g..>.e
0000dd10: 9cbd 93d2 7f3e dff4 91bd a1e0 7e3e d50c  .....>......~>..
0000dd20: 88bd d353 7e3e e547 7ebd d981 7d3e e4bb  ...S~>.G~...}>..
0000dd30: 6ebd 4cfc 7c3e 8a9f 61bd 6a65 7c3e 4b03  n.L.|>..a.je|>K.
0000dd40: 56bd 36e7 7b3e d316 4cbd 1485 7b3e b10f  V.6.{>..L...{>..
0000dd50: 42bd 904c 7b3e 5094 38bd c230 7b3e aace  B..L{>P.8..0{>..
0000dd60: 2fbd 69ed 7a3e 3755 28bd 4a77 7a3e fe23  /.i.z>7U(.Jwz>.#
0000dd70: 22bd 151e 7a3e 51f9 1bbd b8b3 793e 8149  "...z>Q.....y>.I
0000dd80: 16bd 19b4 793e acf2 10bd 08d8 793e 6994  ....y>......y>i.
0000dd90: 0cbd 3687 793e ea8f 07bd 372c 793e 4e06  ..6.y>....7,y>N.
0000dda0: 03bd b206 793e d996 fdbc 8501 793e 9fc3  ....y>......y>..
0000ddb0: f6bc cfe6 783e f65f efbc 09d7 783e 858f  ....x>._....x>..
0000ddc0: e8bc 78c0 783e fd55 e2bc 979d 783e c8f6  ..x.x>.U....x>..
0000ddd0: dbbc b946 783e baf6 d4bc a139 783e 9be2  ...Fx>.....9x>..
0000dde0: cfbc d61d 783e 40e9 cabc 361c 783e c4c9  ....x>@...6.x>..
0000ddf0: c6bc 9301 783e 4a97 c1bc b1fc 773e ec40  ....x>J.....w>.@
0000de00: bdbc 9ade 773e 9f25 b6bc 34b5 773e 4539  ....w>.%..4.w>E9
0000de10: aebc a9be 773e bc2e a5bc 62ad 773e 5b6a  ....w>....b.w>[j
0000de20: 9abc 11bd 773e 8a41 8ebc d97b 773e 199c  ....w>.A...{w>..
0000de30: 7abc 5530 773e 2528 57bc f676 763e f25c  z.U0w>%(W..vv>.\
0000de40: 35bc 1bd9 763e 58d8 1dbc cfdc 763e 6749  5...v>X.....v>gI
0000de50: 06bc 38e3 763e 9bad e3bb 0d04 773e fecb  ..8.v>......w>..
0000de60: d2bb 5401 773e 36dd cfbb a269 773e b6be  ..T.w>6....iw>..
0000de70: e9bb 3fae 773e 379d 0ebc 5dc2 773e 03bc  ..?.w>7...].w>..
0000de80: 1dbc cbe7 773e f683 73bc e22d 783e 0b0d  ....w>..s..-x>..
0000de90: a5bc 819e 773e ce4c cbbc 57c1 763e 60f5  ....w>.L..W.v>`.
0000dea0: f3bc dfdf 753e e3ff 0dbd 3d67 753e 9ebf  ....u>....=gu>..
0000deb0: 22bd c68b 743e 2b2e 36bd b8d3 733e 96f6  "...t>+.6...s>..
0000dec0: 4abd 869b 6d3e 34d0 99bd 1d11 643e 598e  J...m>4.....d>Y.
0000ded0: ccbd ec32 583e 502b fcbd afbd 493e 5c1d  ...2X>P+....I>\.
0000dee0: 14be 960b 383e ceb6 29be b5e3 243e 7730  ....8>..)...$>w0
0000def0: 3cbe 93a1 0f3e efbf 4cbe 7a62 f13d 8317  <....>..L.zb.=..
0000df00: 5bbe 4565 c03d bccf 66be b0f4 8c3d 977d  [.Ee.=..f....=.}
0000df10: 6fbe af61 323d 558b 75be 390e 873c f2aa  o..a2=U.u.9..<..
0000df20: 78be 959d 21bc 2c98 78be e1ad 14bd 082e  x...!.,.x.......
0000df30: 76be 89bc 7fbd d75f 70be 0768 b4bd a4ea  v......_p..h....
0000df40: 67be 884d e6bd f4b0 5cbe 7c15 0bbe 9fdd  g..M....\.|.....
0000df50: 4ebe 348d 21be dcd3 3ebe 1928 37be f429  N.4.!...>..(7..)
0000df60: 2cbe e227 4bbe 5dc2 16be 2e45 5dbe 0ae3  ,..'K.]....E]...
0000df70: fcbd 29d4 6cbe 4598 c4bd 9410 78be 6038  ..).l.E.....x.`8
0000df80: 86bd 6175 7dbe 3971 09bd 8c7f 7dbe 2180  ..au}.9q....}.!.
0000df90: dfba a509 79be aff9 ec3c 8cc0 70be de2a  ....y....<..p..*
0000dfa0: 6b3d 169a 65be 9ea8 ab3d 47d2 57be e03e  k=..e....=G.W..>
0000dfb0: de3d 12da 47be ae35 063e 520a 36be 30e7  .=..G..5.>R.6.0.
0000dfc0: 1a3e 38af 21be 48f0 2d3e c94c 0cbe 27f8  .>8.!.H.->.L..'.
0000dfd0: 3d3e 66ba e9bd 87fc 4b3e a18f b9bd 5f04  =>f.....K>...._.
0000dfe0: 573e 9d7f 86bd b666 5f3e 366a 23bd 86fc  W>.....f_>6j#...
0000dff0: 643e 9d0a 72bc 84a7 673e 7496 363c 4d9a  d>..r...g>t.6<M.
0000e000: 673e 00e3 153d f571 643e 2c8e 7a3d ec9b  g>...=.qd>,.z=..
0000e010: 5e3e 0a63 af3d bbda 553e 99be dd3d daa5  ^>.c.=..U>...=..
0000e020: 4a3e dbcc 043e cfb4 3c3e 7d99 183e 99bc  J>...>..<>}..>..
0000e030: 2c3e 74d9 2a3e 3999 1a3e b3ff 3a3e ddbc  ,>t.*>9..>..:>..
0000e040: 063e 9b05 493e 8519 e13d 3c6e 543e d4dd  .>..I>...=<nT>..
0000e050: b33d 784a 5d3e 6d36 843d 4b0d 633e cade  .=xJ]>m6.=K.c>..
0000e060: 243d 0993 663e 5e76 813c e91e 673e 71b0  $=..f>^v.<..g>q.
0000e070: 13bc 5ccd 643e 3fdf 0abd e6d6 5f3e 142b  ..\.d>?....._>.+
0000e080: 6dbd f836 583e 1b7c a7bd 79df 4d3e 35a9  m..6X>.|..y.M>5.
0000e090: d5bd e280 413e de46 00be b073 323e 3feb  ....A>.F...s2>?.
0000e0a0: 14be 369f 213e 778c 27be 9bb4 0e3e 3d19  ..6.!>w.'....>=.
0000e0b0: 38be a631 f43d 2e90 46be 9377 c83d 27a3  8..1.=..F..w.='.
0000e0c0: 52be 89c8 993d fb96 5cbe e8b8 513d 86ce  R....=..\...Q=..
0000e0d0: 63be 9ea9 df3c 503a 68be 8daa 423b 7a36  c....<P:h...B;z6
0000e0e0: 6abe bb91 b3bc 880f 69be cbaf 3dbd b284  j.......i...=...
0000e0f0: 65be 2f1c 8fbd 9355 5fbe af7f bdbd 9681  e./....U_.......
0000e100: 56be a08f eabd 0123 4bbe 6667 0abe 078b  V......#K.fg....
0000e110: 3dbe 32fd 1dbe 049f 2dbe 8bbb 2fbe 57ee  =.2.....-.../.W.
0000e120: 1bbe f535 3fbe 4245 08be 83e9 4cbe 65b4  ...5?.BE....L.e.
0000e130: e5bd e9d7 57be 31c4 b8bd 6ab5 60be d059  ....W.1...j.`..Y
0000e140: 89bd 47c7 66be d544 31bd 48fd 69be f859  ..G.f..D1.H.i..Y
0000e150: 9cbc b1b4 6abe 1cfb be3b 9ac2 68be b34e  ....j....;..h..N
0000e160: f13c e230 64be 4d21 5d3d f6c8 5cbe cd91  .<.0d.M!]=..\...
0000e170: 9d3d c66a 53be 9619 cb3d 2741 47be e4ad  .=.jS....='AG...
0000e180: f73d 06b6 38be 2453 103e 879f 28be 04d3  .=..8.$S.>..(...
0000e190: 223e 943a 16be ed09 343e 5875 02be c27f  ">.:....4>Xu....
0000e1a0: 423e ef59 dabd 8b44 4f3e 4b34 adbd e946  B>.Y...DO>K4...F
0000e1b0: 593e 5fe3 7abd 4256 613e 0c5b 1abd e183  Y>_.z.BVa>.[....
0000e1c0: 663e 514b 5ebc 20fd 683e 5a89 303c a409  f>QK^. .h>Z.0<..
0000e1d0: 693e 83f0 0e3d bd4b 663e ad7c 703d 3802  i>...=.Kf>.|p=8.
0000e1e0: 613e a062 a73d 21f0 583e 2c43 d43d 15ae  a>.b.=!.X>,C.=..
0000e1f0: 4e3e fe26 ff3d a8f4 413e d876 133e 56f1  N>.&.=..A>.v.>V.
0000e200: 323e bcac 253e f4d2 213e 7bc6 353e f101  2>..%>..!>{.5>..
0000e210: 0f3e 8acb 433e d12f f53d 64a7 4f3e d969  .>..C>./.=d.O>.i
0000e220: c93d 47ce 583e 2f97 9b3d f489 5f3e d2d2  .=G.X>/..=.._>..
0000e230: 573d 46c6 633e 840a ec3c 0f33 653e c97e  W=F.c>...<.3e>.~
0000e240: 9b3b 300d 643e bea9 9fbc a10a 603e dabc  .;0.d>......`>..
0000e250: 30bd 2984 593e ed4b 88bd 3b6f 503e 52f0  0.).Y>.K..;oP>R.
0000e260: b5bd 9ffd 443e 7ba0 e1bd 1b1b 373e d426  ....D>{.....7>.&
0000e270: 05be db37 273e 26ce 17be e9a1 153e 5f79  ...7'>&......>_y
0000e280: 28be 4e09 023e b96f 37be 1c13 da3d 71c7  (.N..>.o7....=q.
0000e290: 43be 2e38 ae3d c4f4 4dbe aa8a 7f3d bdaa  C..8.=..M....=..
0000e2a0: 55be 5f2e 213d 7898 5abe cb6d 813c 733d  U._.!=x.Z..m.<s=
0000e2b0: 5dbe 83ba f4bb 70f6 5cbe 6997 fabc 8f51  ].....p.\.i....Q
0000e2c0: 5abe 7fdf 5abd 32fe 54be 5e1f 9abd 6662  Z...Z.2.T.^...fb
0000e2d0: 4dbe 2625 c5bd b955 43be 6e43 edbd 341d  M.&%...UC.nC..4.
0000e2e0: 37be b44d 09be 37cb 28be 541e 1abe 9ebb  7..M..7.(.T.....
0000e2f0: 18be fa02 29be 7236 07be 0c2b 36be 4820  ....).r6...+6.H 
0000e300: e8bd 59d3 40be 77b8 bfbd 547c 49be 6161  ..Y.@.w...T|I.aa
0000e310: 95bd f0ba 4fbe 4732 53bd e1a0 53be f2c4  ....O.G2S...S...
0000e320: f4bc 9b4a 55be b78d 04bc 2e5f 54be 9c2c  ...JU......_T..,
0000e330: 5f3c e881 51be acb8 0f3d 4949 4cbe a971  _<..Q....=IIL..q
0000e340: 653d f6e7 44be 34c8 9b3d 9a98 3bbe 2b19  e=..D.4..=..;.+.
0000e350: c33d e065 30be deb8 e73d 3f6e 23be 4623  .=.e0....=?n#.F#
0000e360: 053e f3f3 14be 9bc9 143e 0a10 05be 6bc3  .>.......>....k.
0000e370: 223e 9dc1 e7bd 8327 2f3e 5f51 c3bd dca9  ">.....'/>_Q....
0000e380: 393e 085e 9dbd 9d44 423e adca 6bbd 49e6  9>.^...DB>..k.I.
0000e390: 483e dce5 1abd f38c 4d3e f817 91bc 2c2b  H>......M>....,+
0000e3a0: 503e b8ca 213b f6c8 503e bc43 b73c f06b  P>..!;..P>.C.<.k
0000e3b0: 4f3e aa61 2c3d 7301 4c3e fce9 7a3d 1b78  O>.a,=s.L>..z=.x
0000e3c0: 463e bfdc a33d d035 3f3e 5540 c83d 6c03  F>...=.5?>U@.=l.
0000e3d0: 363e a11c eb3d 8b1f 2b3e 14a2 053e a579  6>...=..+>...>.y
0000e3e0: 1e3e 0634 143e 715d 103e a4a2 213e 01c6  .>.4.>q].>..!>..
0000e3f0: 003e cc2b 2d3e 3303 e03d b157 373e ca1e  .>.+->3..=.W7>..
0000e400: bc3d 4073 3f3e ec5a 963d b196 453e 9e54  .=@s?>.Z.=..E>.T
0000e410: 5f3d 0dde 493e 732c 0e3d 56ea 4b3e 71d9  _=..I>s,.=V.K>q.
0000e420: 733c 3e18 4c3e d97f acbb 8a20 4a3e 0d82  s<>.L>..... J>..
0000e430: cebc 6b14 463e be38 37bd 8de8 3f3e 2f5c  ..k.F>.87...?>/\
0000e440: 83bd a8cc 373e 6305 a9bd 33ca 2d3e b014  ....7>c...3.->..
0000e450: cdbd 26e4 213e 4498 eebd b559 143e 8ec0  ..&.!>D....Y.>..
0000e460: 06be a407 053e 24d9 14be 578d e93d b3ee  .....>$...W..=..
0000e470: 20be ea12 c63d 1d77 2bbe 3f7c a03d 8719   ....=.w+.?|.=..
0000e480: 34be 54c9 723d f486 3abe 6ff7 213d 97e9  4.T.r=..:.o.!=..
0000e490: 3ebe 7b6c a33c 0308 41be ec8e abb8 2c48  >.{l.<..A.....,H
0000e4a0: 41be 6b2a a4bc 0e3c 3fbe bb1c 22bd 0dfb  A.k*...<?..."...
0000e4b0: 3abe 61e8 70bd 68ac 34be c1ad 9dbd 715d  :.a.p.h.4.....q]
0000e4c0: 2cbe 7ade c0bd 6011 22be 6766 e1bd defa  ,.z...`.".gf....
0000e4d0: 15be 7d92 ffbd bb50 08be 8768 0dbe ad2c  ..}....P...h...,
0000e4e0: f2bd e6f6 18be b278 d1bd f0e9 22be 076d  .......x...."..m
0000e4f0: aebd a9e2 2abe 41a5 89bd 62b4 30be 3dc9  ....*.A...b.0.=.
0000e500: 47bd 41a7 34be bc02 f4bc e872 36be b1e9  G.A.4......r6...
0000e510: 30bc f356 36be 907c 053c 2e29 34be ff3f  0..V6..|.<.)4..?
0000e520: dd3c c1e5 2fbe 00b0 393d f503 2abe 7918  .<../...9=..*.y.
0000e530: 813d 7bf6 21be a047 a33d afb2 18be 95ec  .={.!..G.=......
0000e540: c33d 6795 0dbe 6190 e23d 314c 01be db48  .=g...a..=1L...H
0000e550: fe3d 652c e7bd 2fd3 0b3e e36f c9bd 87ce  .=e,../..>.o....
0000e560: 163e c8d1 a9bd 9a7e 203e ca82 88bd a74b  .>.....~ >.....K
0000e570: 283e 9638 4dbd 9d65 2e3e b2e4 06bd fde3  (>.8M..e.>......
0000e580: 323e 227c 7cbc c383 353e bf02 113b 8883  2>"||...5>...;..
0000e590: 363e 9c29 a23c 1dc8 353e e10f 183d 1840  6>.).<..5>...=.@
0000e5a0: 333e 9b8d 5e3d 1529 2f3e 0662 913d a649  3>..^=.)/>.b.=.I
0000e5b0: 293e c133 b23d 93d2 213e ec83 d13d 9db8  )>.3.=..!>...=..
0000e5c0: 183e 7ce8 ee3d 6d2b 0e3e c024 053e 17fc  .>|..=m+.>.$.>..
0000e5d0: 013e 659c 113e 08c1 e93d b09b 1c3e 1626  .>e..>...=...>.&
0000e5e0: cd3d 3b4e 263e 4f4c ae3d be46 2e3e 469a  .=;N&>OL.=.F.>F.
0000e5f0: 8d3d 0fb8 343e 8fc3 563d 9374 393e d5d1  .=..4>..V=.t9>..
0000e600: 103d 7484 3c3e 62b5 923c 8ab7 3d3e 6c6e  .=t.<>b..<..=>ln
0000e610: 2a39 5225 3d3e a41a 91bc 8cd1 3a3e c12a  *9R%=>......:>.*
0000e620: 11bd 2696 363e 7316 58bd 019a 303e ed4c  ..&.6>s.X...0>.L
0000e630: 8ebd 70fc 283e 52d2 afbd 5387 1f3e ac37  ..p.(>R...S..>.7
0000e640: cfbd 46b9 143e 3e50 edbd 3d56 083e 041f  ..F..>>P..=V.>..
0000e650: 04be fe8d f53d f657 10be fbae d73d 6362  .....=.W.....=cb
0000e660: 1bbe a18e b73d c9a9 24be a62b 963d 9235  .....=..$..+.=.5
0000e670: 2cbe 0dab 653d ce0c 32be eeb4 1e3d e317  ,...e=..2....=..
0000e680: 36be 2481 aa3c 0643 38be ad39 3e3b 627d  6.$..<.C8..9>;b}
0000e690: 38be c996 73bc 17c7 36be da75 05bd 8146  8...s...6..u...F
0000e6a0: 33be 5840 4abd e5ea 2dbe d88e 86bd 2ec0  3.X@J...-.......
0000e6b0: 26be 71dd a5bd f2f2 1dbe 8b63 c3bd a6a8  &.q........c....
0000e6c0: 13be 629c debd 569f 07be 076f f6bd 4268  ..b...V....o..Bh
0000e6d0: f5bd 7bc7 05be 2ec9 d8bd 9888 0ebe cf8b  ..{.............
0000e6e0: babd c4ca 15be d5e3 9abd 672f 1bbe 5b05  ..........g/..[.
0000e6f0: 74bd a1d7 1ebe 0cf0 30bd 41ad 20be 3a27  t.......0.A. .:'
0000e700: d9bc e08d 20be b293 24bc 54ba 1ebe 059f  .... ...$.T.....
0000e710: cb3b 2017 1bbe 0aa5 b43c fdfa 15be 6af2  .; ......<....j.
0000e720: 173d ce47 0fbe dbab 533d 831f 07be 4241  .=.G....S=....BA
0000e730: 853d ec08 fbbd 9dbd 9e3d bde5 e5bd d772  .=.......=.....r
0000e740: b53d a384 cebd f27d c93d 48c2 b5bd e22c  .=.....}.=H....,
0000e750: db3d ce5a 9bbd 34b6 e93d 9c6d 7fbd 3933  .=.Z..4..=.m..93
0000e760: f53d 1f6c 47bd 1abf fd3d 7c80 0ebd 185b  .=.lG....=|....[
0000e770: 013e 2a99 abbc e06f 023e 791d f1bb 19c5  .>*....o.>y.....
0000e780: 013e 48f6 c23b 18c3 ff3d 2cb9 993c dee0  .>H..;...=,..<..
0000e790: f83d eff1 fb3c 1795 ef3d 3a52 2d3d fa8a  .=...<...=:R-=..
0000e7a0: e33d 931b 583d 00e4 d43d db98 7f3d 7d10  .=..X=...=...=}.
0000e7b0: c53d 29ba 903d 2718 b33d 6eb8 9f3d a100  .=)..='..=n..=..
0000e7c0: a03d b254 ac3d 966a 8b3d e441 b63d 2718  .=.T.=.j.=.A.='.
0000e7d0: 6b3d 2bfc bd3d da0a 403d 27cb c23d 261e  k=+..=..@='..=&.
0000e7e0: 133d e73c c53d 34a7 ce3c 3f6f c53d d92b  .=.<.=4..<?o.=.+
0000e7f0: 703c 644a c33d 24a0 8c3b 551b bf3d 3037  p<dJ.=$..;U..=07
0000e800: b7bb db70 b83d 0d33 79bc da78 b03d df36  ...p.=.3y..x.=.6
0000e810: c5bc 10b2 a63d 00e5 03bd e485 9b3d 6d97  .....=.......=m.
0000e820: 23bd 149b 8f3d bab8 3dbd 7ea7 813d 4c72  #....=..=.~..=Lr
0000e830: 56bd 768c 673d aefa 6abd 7432 493d ff85  V.v.g=..j.t2I=..
0000e840: 7bbd a735 2b3d 177c 84bd 8a7b 0c3d f042  {..5+=.|...{.=.B
0000e850: 89bd bab3 da3c 7e96 8cbd a817 9f3c b847  .....<~......<.G
0000e860: 8ebd 1f32 463c d535 8ebd f246 a33b 37e9  ...2F<.5...F.;7.
0000e870: 8cbd 4c95 d3ba 50b3 89bd 6de4 03bc fc39  ..L...P...m....9
0000e880: 85bd 3e02 67bc 72c6 7fbd 216e a2bc b2b6  ..>.g.r...!n....
0000e890: 72bd 719a cabc 820c 64bd d387 efbc f03c  r.q.....d......<
0000e8a0: 53bd d10f 09bd 1a01 42bd b422 17bd 811f  S.......B.."....
0000e8b0: 2fbd 3c1a 24bd 1770 1bbd 8367 2dbd 4482  /.<.$..p...g-.D.
0000e8c0: 07bd e224 35bd dd79 e6bc 1586 3abd 2ecf  ...$5..y....:...
0000e8d0: bcbc b21f 3ebd 7259 95bc c91f 41bd 7fde  ....>.rY....A...
0000e8e0: 5cbc 509c 40bd 6c26 10bc cd93 3fbd f845  \.P.@.l&....?..E
0000e8f0: 89bb 81bc 3cbd 282c eb38 426d 37bd 6392  ....<.(,.8Bm7.c.
0000e900: 8b3b a7a9 31bd d39a 053c b92b 29bd a98c  .;..1....<.+)...
0000e910: 3c3c 3718 22bd 282e 753c 671d 19bd de12  <<7.".(.u<g.....
0000e920: 933c 7a64 0fbd 695e a93c 3699 05bd b857  .<zd..i^.<6....W
0000e930: bc3c 88c3 f3bc 83ee cb3c 4ef5 debc cd7e  .<.......<N....~
0000e940: db3c 4179 c7bc 8b4c e53c f407 b0bc e268  .<Ay...L.<.....h
0000e950: ef3c 9281 9cbc e61a f63c 7b00 85bc 6586  .<.......<{...e.
0000e960: f93c 113a 61bc f829 fc3c 6e9e 3bbc 95f1  .<.:a..).<n.;...
0000e970: f93c dec9 18bc 448f f83c 20d2 f7bb d934  .<....D..< ....4
0000e980: f53c 0e48 bebb 5794 ef3c 7f24 97bb 6f34  .<.H..W..<.$..o4
0000e990: eb3c 84df 69bb 524a e43c 2a8c 2ebb 3037  .<..i.RJ.<*...07
0000e9a0: e03c 3add 15bb 8fb3 db3c 897c fcba 4aec  .<:......<.|..J.
0000e9b0: d73c 2aef 05bb c2a8 d73c 4dce 05bb 52e4  .<*......<M...R.
0000e9c0: d63c 75c3 1bbb 0843 da3c a9f3 33bb 9af8  .<u....C.<..3...
0000e9d0: de3c d2a3 3abb 61d4 e73c 4ea0 4cbb 9136  .<..:.a..<N.L..6
0000e9e0: f43c b87f 42bb 17d5 003d 46d9 2fbb eac4  .<..B....=F./...
0000e9f0: 093d c304 10bb 2404 133d 5914 97ba 5728  .=....$..=Y...W(
0000ea00: 1e3d 04a4 9439 0131 2a3d 61b5 1e3b dbdb  .=...9.1*=a..;..
0000ea10: 353d 4cfc a63b 37cd 423d f4bf 0a3c 177d  5=L..;7.B=...<.}
0000ea20: 4e3d e358 4c3c 8b3c 5a3d 9f15 8c3c df11  N=.XL<.<Z=...<..
0000ea30: 653d c979 b93c 1ce4 6d3d 7816 ea3c a667  e=.y.<..m=x..<.g
0000ea40: 753d dd58 103d 9b1f 793d b4e2 2d3d b284  u=.X.=..y=..-=..
0000ea50: 7b3d a8c1 4c3d 4e94 793d df1b 6d3d e68d  {=..L=N.y=..m=..
0000ea60: 743d 83ac 873d 740e 6b3d 8ffd 983d 4c74  t=...=t.k=...=Lt
0000ea70: 5c3d 5df2 a93d 704f 4b3d cda6 ba3d a9e5  \=]..=pOK=...=..
0000ea80: 333d ad5c ca3d c5f2 183d f585 d93d 2648  3=.\.=...=...=&H
0000ea90: f03c 066c e73d 87b1 a43c 994f f33d a7d5  .<.l.=...<.O.=..
0000eaa0: 273c 94ef fc3d 06c6 82ba bf1f 023e 2d45  '<...=.......>-E
0000eab0: 4fbc 3a9b 043e 50b2 d0bc e5c1 053e 00a4  O.:..>P......>..
0000eac0: 1fbd eb2f 053e 65bc 56bd 46f6 023e 4ef4  .../.>e.V.F..>N.
0000ead0: 87bd 5d0d fe3d b6d4 a4bd 2157 f23d 20fc  ..]..=....!W.= .
0000eae0: c0bd b2c7 e33d 2412 dcbd e87a d13d 7461  .....=$....z.=ta
0000eaf0: f6bd b542 bc3d 449e 07be 84b2 a33d 9bd0  ...B.=D......=..
0000eb00: 12be 36c3 873d 3bb0 1cbe 3e3c 543d 46e0  ..6..=;...><T=F.
0000eb10: 24be 2f22 133d 739b 2bbe 6b85 9e3c b6b3  $./".=s.+.k..<..
0000eb20: 30be bc75 fc3a d5ba 33be 0bd7 80bc 4f1a  0..u.:..3.....O.
0000eb30: 35be 1697 0bbd 7a09 34be fb52 55bd 66c5  5.....z.4..RU.f.
0000eb40: 30be 0d3d 8ebd 14e4 2bbe 28e1 b1bd 84b6  0..=....+.(.....
0000eb50: 24be 96b6 d3bd 87a3 1bbe 4ac4 f3bd ffce  $.........J.....
0000eb60: 10be 7f69 08be b11b 04be 877c 15be af42  ...i.......|...B
0000eb70: ebbd 65f9 20be f5b9 cbbd 3aa3 2abe 2af8  ..e. .....:.*.*.
0000eb80: a9bd ac8d 32be 7b8d 85bd 496a 38be f488  ....2.{...Ij8...
0000eb90: 40bd 3a3a 3cbe d7c1 e5bc ae64 3dbe 4080  @.::<......d=.@.
0000eba0: 13bc 148f 3cbe 0026 263c e59c 39be 6e51  ....<..&&<..9.nQ
0000ebb0: ef3c e06c 34be 03c7 433d 1905 2dbe a788  .<.l4...C=..-...
0000ebc0: 863d a6a3 23be f60e a93d 7a97 18be a4d7  .=..#....=z.....
0000ebd0: c93d 574f 0bbe 71d0 e63d 5926 fabd 554d  .=WO..q..=Y&..UM
0000ebe0: 003e 3967 dabd 08c5 0b3e 22a5 b8bd 9001  .>9g.....>".....
0000ebf0: 153e 0ac3 94bd 6d88 1c3e 5abb 5ebd 2a96  .>....m..>Z.^.*.
0000ec00: 213e 5f1c 14bd 67f1 243e ef0e 90bc ebad  !>_...g.$>......
0000ec10: 253e 11b5 833a 7797 243e a612 9b3c b924  %>...:w.$>...<.$
0000ec20: 213e 673b 153d 7ab8 1b3e 09da 593d b74d  !>g;.=z..>..Y=.M
0000ec30: 143e d16a 8c3d cd00 0b3e 1b63 aa3d a63b  .>.j.=...>.c.=.;
0000ec40: 003e 4ad9 c43d 63a6 e73d 1ab4 dc3d 3c5e  .>J..=c..=...=<^
0000ec50: cc3d dab0 f03d 2821 ae3d f3c0 003e 67eb  .=...=(!.=...>g.
0000ec60: 8e3d 8bb6 063e 9232 5b3d c249 0b3e adca  .=...>.2[=.I.>..
0000ec70: 163d f5e8 0d3e 5011 a23c ac52 0e3e 1d96  .=...>P..<.R.>..
0000ec80: 363b 2afc 0c3e 14c6 69bc 5548 093e 3768  6;*..>..i.UH.>7h
0000ec90: febc 6d25 043e 7929 40bd 54da f93d 9434  ..m%.>y)@.T..=.4
0000eca0: 7fbd b83c e83d 7f16 9dbd fa41 d33d d027  ...<.=.....A.=.'
0000ecb0: b9bd 7076 ba3d 7e9b d1bd 52d8 a03d 3534  ..pv.=~...R..=54
0000ecc0: e7bd 4d9a 833d 18ef f9bd 90b2 493d 889e  ..M..=......I=..
0000ecd0: 04be 8d28 093d 1bd6 0abe 8a05 8a3c 069c  ...(.=.......<..
0000ece0: 0ebe e1f5 9538 d5c6 10be ba1c 8bbc 9cc4  .....8..........
0000ecf0: 10be b4bd 0abd a0e9 0ebe 9630 4fbd 211d  ...........0O.!.
0000ed00: 0bbe bbdc 88bd ff37 05be 098a a8bd 6607  .......7......f.
0000ed10: fbbd e5c3 c6bd 33b9 e7bd a091 e1bd d83c  ......3........<
0000ed20: d1bd 0b52 fabd 446e b7bd 018d 08be 6682  ...R..Dn......f.
0000ed30: 9bbd 53af 11be 2a27 7abd 2460 19be f421  ..S...*'z.$`...!
0000ed40: 38bd 6fd6 1ebe 95dd e8bc f95b 22be 8c6b  8.o........["..k
0000ed50: 34bc 170a 24be 7d9f d13b 0582 23be befb  4...$.}..;..#...
0000ed60: c13c 6319 21be 992b 293d e89a 1cbe 076c  .<c.!..+)=.....l
0000ed70: 6e3d 79fd 15be ef95 983d 3769 0dbe 8b14  n=y......=7i....
0000ed80: b83d c11c 03be 7840 d53d 81b4 eebd 8c62  .=....x@.=.....b
0000ed90: f03d 480d d4bd 07e3 033e f228 b7bd ab53  .=H......>.(...S
0000eda0: 0e3e 6cec 97bd 6096 163e dd7b 6dbd e116  .>l...`..>.{m...
0000edb0: 1d3e c39f 29bd 52db 213e 2f54 c7bc 0d35  .>..).R.!>/T...5
0000edc0: 243e e2f6 f0bb fade 243e cf7f 1c3c 515c  $>......$>...<Q\
0000edd0: 233e b2b7 d63c 65ab 1f3e 528b 2c3d 868b  #>...<e..>R.,=..
0000ede0: 1a3e b98f 693d 5df2 123e 1fb8 913d f626  .>..i=]..>...=.&
0000edf0: 0a3e 4180 ab3d 7378 ff3d 4fa5 c23d 8a6f  .>A..=sx.=O..=.o
0000ee00: e73d b287 d63d 5554 ce3d 4b61 e63d 7018  .=...=UT.=Ka.=p.
0000ee10: b23d 80a6 f33d 039a 953d a466 fc3d f489  .=...=...=.f.=..
0000ee20: 6f3d bfd1 003e ed87 323d cdd3 013e d361  o=...>..2=...>.a
0000ee30: ee3c 6074 003e 85dc 713c 141e fc3d f383  .<`t.>..q<...=..
0000ee40: 963a 495d f33d d83c 44bc 30bd e73d 6a6c  .:I].=.<D.0..=jl
0000ee50: c5bc 8c95 d93d 4ff7 0fbd 42fd c83d 800c  .....=O...B..=..
0000ee60: 38bd abd8 b63d 9ca7 5abd 7909 a33d 9bd0  8....=..Z.y..=..
0000ee70: 78bd 9e2f 8e3d 2815 88bd 90b2 703d 1645  x../.=(.....p=.E
0000ee80: 91bd 7fe6 443d ebf1 96bd f986 173d 077c  ....D=.......=.|
0000ee90: 99bd d86a d93c ebb5 99bd a0e3 843c 2069  ...j.<.......< i
0000eea0: 96bd 68a4 db3b bc7d 91bd 8960 26bb c992  ..h..;.}...`&...
0000eeb0: 89bd c168 35bc 1884 80bd 900f 96bc a342  ...h5..........B
0000eec0: 6bbd aef4 cabc 678c 50bd 85b1 f5bc b28a  k.....g.P.......
0000eed0: 36bd 3454 0bbd 6876 18bd 1dae 18bd e408  6.4T..hv........
0000eee0: f7bc 5599 1fbd 2150 babc 7098 22bd f093  ..U...!P..p."...
0000eef0: 7abc 4e1b 22bd e07a 0dbc 09a4 1abd ab9e  z.N."..z........
0000ef00: f1ba 0fdd 11bd 28e1 813b eaa1 04bd 1dfe  ......(..;......
0000ef10: 193c 4e98 e9bc 5c23 673c ca51 c6bc a321  .<N...\#g<.Q...!
0000ef20: 943c b9be 9dbc 665f ae3c e3ca 68bc fa89  .<....f_.<..h...
0000ef30: be3c 17a4 0cbc d232 c93c 13fc 4cbb f656  .<.....2.<..L..V
0000ef40: cc3c 1100 5849 803f e0ca b8bb 443d 803f  .<..XI.?....D=.?
0000ef50: c8bd b1bb 8634 803f 9afe acbb 6426 803f  .....4.?....d&.?
0000ef60: 45c3 a6bb 1c20 803f a69a 9ebb d71b 803f  E.... .?.......?
0000ef70: 3c22 99bb f913 803f 4aeb 93bb ad0d 803f  <".....?J......?
0000ef80: 1e06 8fbb 6d0c 803f 9c3b 8dbb 7f09 803f  ....m..?.;.....?
0000ef90: af87 86bb 8f06 803f a8b0 83bb c403 803f  .......?.......?
0000efa0: 7f83 81bb d201 803f d539 7ebb b100 803f  .......?.9~....?
0000efb0: 332a 78bb 38f9 7f3f b797 70bb b7f3 7f3f  3*x.8..?..p....?
0000efc0: b980 75bb 19f8 7f3f 720f 71bb 6ff3 7f3f  ..u....?r.q.o..?
0000efd0: 8d30 6abb 3df0 7f3f 78d6 6cbb e9ee 7f3f  .0j.=..?x.l....?
0000efe0: 95dd 69bb 44ee 7f3f 8a9b 69bb 00e9 7f3f  ..i.D..?..i....?
0000eff0: b87d 66bb 66e9 7f3f 64a3 64bb c0e9 7f3f  .}f.f..?d.d....?
0000f000: fc26 66bb 11eb 7f3f 684e 66bb 07e4 7f3f  .&f....?hNf....?
0000f010: da2a 63bb c7e0 7f3f 87f3 62bb 8fdf 7f3f  .*c....?..b....?
0000f020: 4ca8 63bb 06e2 7f3f 22dc 66bb dbd6 7f3f  L.c....?".f....?
0000f030: 4252 65bb 41d9 7f3f 9658 6abb b9db 7f3f  BRe.A..?.Xj....?
0000f040: 233b 66bb 73d3 7f3f 19bf 68bb f9e5 7f3f  #;f.s..?..h....?
0000f050: 2063 79bb edd4 7f3f 56ef 76bb a2d2 7f3f   cy....?V.v....?
0000f060: 8e71 7ebb d0d0 7f3f 6097 8abb 03d8 7f3f  .q~....?`......?
0000f070: b14a 98bb 5ad6 7f3f 2a91 aabb 23d9 7f3f  .J..Z..?*...#..?
0000f080: 4316 c4bb 75d1 7f3f ac3d f7bb 7fd8 7f3f  C...u..?.=.....?
0000f090: 6bfb 1cbc e2d9 7f3f b42a 4fbc 68cf 7f3f  k......?.*O.h..?
0000f0a0: 622f 8abc 35c2 7f3f e2e2 bebc 57a9 7f3f  b/..5..?....W..?
0000f0b0: bc7a 06bd b298 7f3f 1d97 2dbd 014a 7f3f  .z.....?..-..J.?
0000f0c0: 667f 82bd 26f6 7e3f fe98 adbd 6c56 7e3f  f...&.~?....lV~?
0000f0d0: f1fa d9bd 3ab1 7d3f 69b8 02be 13e6 7c3f  ....:.}?i.....|?
0000f0e0: 207b 18be 3102 7c3f e213 2ebe d30d 7b3f   {..1.|?......{?
0000f0f0: 6e8c 43be 54ef 793f c108 59be 0ea0 723f  n.C.T.y?..Y...r?
0000f100: 7d73 a1be 0b84 683f 9278 d4be 8ab4 5b3f  }s....h?.x....[?
0000f110: e6b6 02bf bd92 4c3f 03f0 18bf c7d5 3a3f  ......L?......:?
0000f120: 8b0d 2ebf 4107 273f 84f0 40bf ed78 113f  ....A.'?..@..x.?
0000f130: ce7f 51bf 3003 f43e 8ad2 5fbf 5657 c23e  ..Q.0..>.._.VW.>
0000f140: 3285 6bbf 1cc0 8e3e 5a63 74bf 4fae 333e  2.k....>Zct.O.3>
0000f150: 846f 7abf f918 8c3d ca9c 7dbf 0583 22bd  .oz....=..}...".
0000f160: c7c6 7dbf 04ba 13be 6804 7bbf dc59 7fbe  ..}.....h.{..Y..
0000f170: 9a4f 75bf 8fe6 b3be 8cae 6cbf 7235 e5be  .Ou.......l.r5..
0000f180: 0c56 61bf 3b7e 0abf 4b39 53bf d9db 1fbf  .Va.;~..K9S.....
0000f190: daef 42bf 2bf1 33bf 512b 30bf f0a3 45bf  ..B.+.3.Q+0...E.
0000f1a0: e04e 1bbf abdb 54bf 64d6 04bf 1c8a 61bf  .N....T.d.....a.
0000f1b0: 55ce d9be 2292 6bbf 3c94 a7be 3de2 72bf  U...".k.<...=.r.
0000f1c0: b3a5 66be 1455 77bf c73d f8bd 8ddb 78bf  ..f..Uw..=....x.
0000f1d0: f948 82bc f882 77bf feea b63d be3d 73bf  .H....w....=.=s.
0000f1e0: c9dd 453e c81f 6cbf 53b8 963e e850 62bf  ..E>..l.S..>.Pb.
0000f1f0: e389 c83e 34ca 55bf c747 f83e b0c1 46bf  ...>4.U..G.>..F.
0000f200: df73 123f a67a 35bf f3da 263f cc0f 22bf  .s.?.z5...&?..".
0000f210: 5950 393f fbe7 0cbf e378 493f c71b ecbe  YP9?.....xI?....
0000f220: 7353 573f 5bf2 bbbe 7178 623f ed0b 8abe  sSW?[...qxb?....
0000f230: caf4 6a3f 5ee6 2bbe 3ff4 703f 3cc1 86bd  ..j?^.+.?.p?<...
0000f240: 94db 733f 9fa0 173d f5f6 733f a23a 0f3e  ..s?...=..s?.:.>
0000f250: fb5f 713f bbc9 763e 4ee5 6b3f 86ca ac3e  ._q?..v>N.k?...>
0000f260: a7c1 633f 6d6a dc3e 50fd 583f fcf0 043f  ..c?mj.>P.X?...?
0000f270: 29ac 4b3f 95f6 193f 6d14 3c3f 2c12 2d3f  ).K?...?m.<?,.-?
0000f280: 624d 2a3f 4a38 3e3f f7c4 163f 1247 4d3f  bM*?J8>?...?.GM?
0000f290: 3c62 013f 8fd5 593f 6613 d53e fafe 633f  <b.?..Y?f..>..c?
0000f2a0: 9b10 a53e b15e 6b3f 00ad 663e a81e 703f  ...>.^k?..f>..p?
0000f2b0: b54a 003e 7715 723f 2d4f c83c 0d4a 713f  .J.>w.r?-O.<.Jq?
0000f2c0: a75a 9dbd 25b5 6d3f 5f50 35be b483 673f  .Z..%.m?_P5...g?
0000f2d0: 7cd7 8cbe 93a5 5e3f 4a51 bdbe 2348 533f  |.....^?JQ..#HS?
0000f2e0: 981f ecbe 5d80 453f 2a9f 0bbf d579 353f  ....].E?*....y5?
0000f2f0: 5bed 1fbf 9f71 233f 1021 32bf 2b82 0f3f  [....q#?.!2.+..?
0000f300: d8aa 42bf 28ea f33e 88d3 50bf 560d c63e  ..B.(..>..P.V..>
0000f310: 349f 5cbf 8c67 963e d2c9 65bf 858d 483e  4.\..g.>..e...H>
0000f320: 4182 6cbf 378c c43d 238e 70bf 18fd 6bbb  A.l.7..=#.p...k.
0000f330: 72bd 71bf adfc d5bd fe40 70bf 5c89 4fbe  r.q......@p.\.O.
0000f340: 5809 6cbf 965c 99be 6131 65bf b6fe c8be  X.l..\..a1e.....
0000f350: fabf 5bbf f684 f6be 10d8 4fbf 815e 10bf  ..[.......O..^..
0000f360: 15b5 41bf dc3c 24bf 751e 31bf ff14 36bf  ..A..<$.u.1...6.
0000f370: 29b9 1ebf d3e6 45bf 9583 0abf e95c 53bf  ).....E......\S.
0000f380: 4e84 e9be 0c75 5ebf d64e bbbe 4d2d 67bf  N....u^..N..M-g.
0000f390: 11b1 8abe 3af3 6cbf a551 33be 2a67 70bf  ....:.l..Q3.*gp.
0000f3a0: 7c0c 9bbd 3afc 70bf dd3f c73c 48f1 6ebf  |...:.p..?.<H.n.
0000f3b0: 9fd9 fb3d 923e 6abf 11f7 623e 84dc 62bf  ...=.>j...b>..b.
0000f3c0: 5b68 a23e 0b00 59bf 3f65 d13e 5f9c 4cbf  [h.>..Y.?e.>_.L.
0000f3d0: 1978 fe3e 7bfc 3dbf 8dfd 133f eb3c 2dbf  .x.>{.=....?.<-.
0000f3e0: 3637 273f 8da2 1abf b460 383f 3c03 06bf  67'?.....`8?<...
0000f3f0: feef 473f 8a75 e0be 22c8 543f efe1 b1be  ..G?.u..".T?....
0000f400: db63 5f3f 9d8b 81be 1b85 673f e64a 1fbe  .c_?......g?.J..
0000f410: fefd 6c3f 3e52 68bd 29db 6f3f cb08 313d  ..l?>Rh.).o?..1=
0000f420: 4aea 6f3f 6fc0 113e 244b 6d3f 06e4 753e  J.o?o..>$Km?..u>
0000f430: ad0d 683f a091 ab3e e52c 603f a931 da3e  ..h?...>.,`?.1.>
0000f440: 51af 553f 9c2a 033f 56d8 483f a3c6 173f  Q.U?.*.?V.H?...?
0000f450: ecb0 393f f1a4 2a3f 8376 283f fa8e 3b3f  ..9?..*?.v(?..;?
0000f460: 3b3a 153f b350 4a3f 165a 003f 95df 563f  ;:.?.PJ?.Z.?..V?
0000f470: fd1b d43e 24e1 603f 36f5 a43e f053 683f  ...>$.`?6..>.Sh?
0000f480: f609 683e 7a24 6d3f d956 033e cc3e 6f3f  ..h>z$m?.V.>.>o?
0000f490: 908f e93c e792 6e3f c5fe 91bd bf2f 6b3f  ...<..n?...../k?
0000f4a0: 34a8 2ebe b91a 653f c306 89be bd51 5c3f  4.....e?.....Q\?
0000f4b0: 633a b9be c814 513f 662b e7be 5876 433f  c:....Q?f+..XvC?
0000f4c0: 4b49 09bf d784 333f c45e 1dbf a8a0 213f  KI....3?.^....!?
0000f4d0: 5894 2fbf 3dce 0d3f 42d9 3fbf 9dbb f03e  X./.=..?B.?....>
0000f4e0: 6bd0 4dbf 9d35 c33e 7277 59bf e96c 933e  k.M..5.>rwY..l.>
0000f4f0: e88c 62bf 6dfb 433e 4807 69bf 9e1f be3d  ..b.m.C>H.i....=
0000f500: 39ca 6cbf 7c91 dabb 87da 6dbf 7d1d d9bd  9.l.|.....m.}...
0000f510: 802f 6cbf cbef 50be fcca 67bf d84a 99be  ./l...P...g..J..
0000f520: a0b6 60bf 0a46 c8be 1026 57bf 32fd f4be  ..`..F...&W.2...
0000f530: 3915 4bbf 5c57 0fbf 69c0 3cbf 7a8a 22bf  9.K.\W..i.<.z.".
0000f540: 4a4c 2cbf e1e2 33bf 7fdf 19bf 1213 43bf  JL,...3.......C.
0000f550: bfba 05bf 0912 50bf 6956 e0be 90a4 5abf  ......P.iV....Z.
0000f560: 5ee3 b2be dfbf 62bf 323f 83be 983f 68bf  ^.....b.2?...?h.
0000f570: 27f7 24be d523 6bbf 0512 83bd dc5f 6bbf  '.$..#k......_k.
0000f580: 8007 093d 4dfa 68bf 0a3d 053e 2bfb 63bf  ...=M.h..=.>+.c.
0000f590: f8c0 663e df87 5cbf 1ba2 a23e cf94 52bf  ..f>..\....>..R.
0000f5a0: 26eb cf3e 8866 46bf 0cdc fa3e a106 38bf  &..>.fF....>..8.
0000f5b0: 4f77 113f a6b1 27bf 74d5 233f d78c 15bf  Ow.?..'.t.#?....
0000f5c0: b456 343f cdd3 01bf ffe3 423f 5c5e d9be  .V4?......B?\^..
0000f5d0: c23d 4f3f 96f4 acbe 6150 593f d344 7dbe  .=O?....aPY?.D}.
0000f5e0: 7c0b 613f 9c39 1ebe 104b 663f a09a 76bd  |.a?.9...Kf?..v.
0000f5f0: fc07 693f 1a4e 0e3d 963a 693f 9d2e 043e  ..i?.N.=.:i?...>
0000f600: b2f1 663f 9057 633e a81e 623f 76de 9f3e  ..f?.Wc>..b?v..>
0000f610: 9de1 5a3f 415a cc3e d354 513f b695 f63e  ..Z?AZ.>.TQ?...>
0000f620: ff82 453f 710b 0f3f 9482 373f 2943 213f  ..E?q..?..7?)C!?
0000f630: 298e 273f bdc2 313f 4bd7 153f 8649 403f  ).'?..1?K..?.I@?
0000f640: 4284 023f 9abf 4c3f 718c db3e b9f2 563f  B..?..L?q..>..V?
0000f650: 87ae af3e 2de7 5e3f 68f4 813e 4155 643f  ...>-.^?h..>AUd?
0000f660: 4691 253e 7056 673f 8b07 8b3d acd1 673f  F.%>pVg?...=..g?
0000f670: 0c4a dabc 4dbf 653f 41c8 f7bd dd36 613f  .J..M.e?A....6a?
0000f680: 5f11 5bbe 192e 5a3f 5add 9bbe d1c7 503f  _.[...Z?Z.....P?
0000f690: 3083 c8be f21a 453f 580f f3be 433f 373f  0.....E?X...C?7?
0000f6a0: 7d76 0dbf 7859 273f edc7 1fbf 559e 153f  }v..xY'?....U..?
0000f6b0: bf68 30bf 1035 023f 4118 3fbf e1ae da3e  .h0..5.?A.?....>
0000f6c0: b6a1 4bbf ae78 ae3e 8ae8 55bf 3d5e 803e  ..K..x.>..U.=^.>
0000f6d0: 54d2 5dbf d8bb 213e bd3f 63bf 1a5a 813d  T.]...!>.?c..Z.=
0000f6e0: 5218 66bf ffc5 04bd fa6c 66bf 34a2 02be  R.f......lf.4...
0000f6f0: 7624 64bf 2caa 62be b349 5fbf 7809 a0be  v$d.,.b..I_.x...
0000f700: 87ed 57bf ad04 cdbe 3015 4ebf c3aa f7be  ..W.....0.N.....
0000f710: 67f0 41bf a4bd 0fbf 7e98 33bf 7110 22bf  g.A.....~.3.q.".
0000f720: 472e 23bf a17b 32bf bbed 10bf a5e5 40bf  G.#..{2.......@.
0000f730: a3fd f9be 1d0b 4dbf 1a5c cfbe 31e6 56bf  ......M..\..1.V.
0000f740: 4548 a2be bf49 5ebf 75ec 66be 6720 63bf  EH...I^.u.f.g c.
0000f750: 76ca 06be f265 65bf 252d 15bd 90fc 64bf  v....ee.%-....d.
0000f760: 1a53 723d 3906 62bf bfb9 1d3e 2170 5cbf  .Sr=9.b....>!p\.
0000f770: e6b4 7c3e 0974 54bf 0a5d ac3e 1d0b 4abf  ..|>.tT..].>..J.
0000f780: 4e6a d83e a162 3dbf 4bf7 003f d89b 2ebf  Nj.>.b=.K..?....
0000f790: 343e 143f ffea 1dbf a1d2 253f b577 0bbf  4>.?......%?.w..
0000f7a0: af83 353f ee07 efbe 352a 433f 7093 c4be  ..5?....5*C?p...
0000f7b0: 0396 4e3f fe05 98be 24bd 573f 4ca5 53be  ..N?....$.W?L.S.
0000f7c0: a477 5e3f d04e eabd efc1 623f e54b acbc  .w^?.N....b?.K..
0000f7d0: 4190 643f 9c3e 943d 28d3 633f ddd9 283e  A.d?.>.=(.c?..(>
0000f7e0: 47a2 603f abdc 823e bbfd 5a3f 9bcd af3e  G.`?...>..Z?...>
0000f7f0: b4fd 523f 04ce da3e ecac 483f f3a6 013f  ..R?...>..H?...?
0000f800: 0032 3c3f e482 143f a6b5 2d3f 2dbe 253f  .2<?...?..-?-.%?
0000f810: a763 1d3f db37 353f 5161 0b3f dcba 423f  .c.?.75?Qa.?..B?
0000f820: bbcb ef3e 7313 4e3f 372a c63e f53a 573f  ...>s.N?7*.>.:W?
0000f830: 288e 9a3e c514 5e3f 688c 5a3e e287 623f  (..>..^?h.Z>..b?
0000f840: e999 fb3d 7fa1 643f 6c8d fd3c 7339 643f  ...=..d?l..<s9d?
0000f850: 9448 7abd c867 613f a11c 1cbe 2232 5c3f  .Hz..ga?...."2\?
0000f860: 3308 78be fc9d 543f d396 a8be 96d9 4a3f  3.x...T?......J?
0000f870: 8049 d3be 77f6 3e3f aecc fbbe 5e0c 313f  .I..w.>?....^.1?
0000f880: 1dda 10bf fa3c 213f 8e2e 22bf 3db2 0f3f  .....<!?..".=..?
0000f890: bbd3 31bf de4d f93e c5a3 3fbf a3a3 d03e  ..1..M.>..?....>
0000f8a0: 255f 4bbf a9ba a53e 48f9 54bf 2f22 723e  %_K....>H.T./"r>
0000f8b0: 9757 5cbf ef64 163e 225b 61bf 3188 633d  .W\..d.>"[a.1.c=
0000f8c0: 3cf1 63bf a01f 15bd 682e 64bf 4817 03be  <.c.....h.d.H...
0000f8d0: ade4 61bf 7f59 5fbe ff42 5dbf 9dae 9cbe  ..a..Y_..B].....
0000f8e0: fc51 56bf fd09 c8be 9d0a 4dbf f23d f1be  .QV.......M..=..
0000f8f0: 0a8e 41bf 6fef 0bbf 6af7 33bf c4ba 1dbf  ..A.o...j.3.....
0000f900: be7c 24bf e6e6 2dbf 1c2c 13bf c624 3cbf  .|$...-..,...$<.
0000f910: 4751 00bf c653 48bf 8321 d8be cd5c 52bf  GQ...SH..!...\R.
0000f920: d837 adbe 4922 5abf 0c84 80be 758f 5fbf  .7..I"Z.....u._.
0000f930: e19f 24be fe7b 62bf 15de 8cbd bcfc 62bf  ..$..{b.......b.
0000f940: 7d36 c33c bcf9 60bf 960d ee3d 3c86 5cbf  }6.<..`....=<.\.
0000f950: a24e 543e 989b 55bf 7baf 973e 1958 4cbf  .NT>..U.{..>.XL.
0000f960: df7b c33e 63db 40bf ba13 ed3e d53e 33bf  .{.>c.@....>.>3.
0000f970: e308 0a3f 72b3 23bf e9fc 1b3f d245 12bf  ...?r.#....?.E..
0000f980: 5135 2c3f a299 febe 9b83 3a3f bccd d5be  Q5,?......:?....
0000f990: 96c1 463f 54a8 aabe eecd 503f 7069 7bbe  ..F?T.....P?pi{.
0000f9a0: 2081 583f 1ecd 1ebe 59c8 5d3f bc89 80bd   .X?....Y.]?....
0000f9b0: 1e9e 603f 60c8 f53c 05f9 603f 34a4 fa3d  ..`?`..<..`?4..=
0000f9c0: a2ca 5e3f 71d9 5a3e c51d 5a3f 37b5 9a3e  ..^?q.Z>..Z?7..>
0000f9d0: c3fd 523f ca58 c63e b180 493f 5bb4 ef3e  ..R?.X.>..I?[..>
0000f9e0: 48cc 3d3f ee33 0b3f a9f0 2f3f cdef 1c3f  H.=?.3.?../?...?
0000f9f0: d81c 203f 55ea 2c3f a47d 0e3f 78f8 3a3f  .. ?U.,?.}.?x.:?
0000fa00: b87a f63e dfe8 463f 8b5c cd3e 7e91 503f  .z.>..F?.\.>~.P?
0000fa10: 23c7 a13e b5cf 573f 9dc2 683e 99b1 5c3f  #..>..W?..h>..\?
0000fa20: f6a0 0b3e f802 5f3f 2ade 323d aac2 5e3f  ...>.._?*.2=..^?
0000fa30: 9694 49bd 3603 5c3f a02a 11be 52ca 563f  ..I.6.\?.*..R.V?
0000fa40: 4804 6ebe de1d 4f3f fd14 a4be 520f 453f  H.n...O?....R.E?
0000fa50: 0e35 cfbe d9c5 383f 2de6 f7be 6c63 2a3f  .5....8?-...lc*?
0000fa60: c2df 0ebf cd1e 1a3f 5120 20bf be1d 083f  .......?Q  ....?
0000fa70: 638f 2fbf c519 e93e e4f9 3cbf 5d65 bf3e  c./....>..<.]e.>
0000fa80: d42e 48bf e387 933e 2617 51bf 501f 4c3e  ..H....>&.Q.P.L>
0000fa90: 619f 57bf e583 de3d 76ac 5bbf 961b 893c  a.W....=v.[....<
0000faa0: 7136 5dbf 5b13 9abd 2a38 5cbf b522 2abe  q6].[...*8\.."*.
0000fab0: 3eca 58bf 0aa3 82be 08d5 52bf 9989 aebe  >.X.......R.....
0000fac0: f68b 4abf 7270 d8be 7002 40bf 6fcb ffbe  ..J.rp..p.@.o...
0000fad0: 853c 33bf 0d19 12bf 6589 24bf 44b0 22bf  .<3.....e.$.D.".
0000fae0: eef8 13bf 9c48 31bf d3bd 01bf d2f0 3dbf  .....H1.......=.
0000faf0: bc35 dcbe 0e64 48bf d584 b2be e690 50bf  .5...dH.......P.
0000fb00: 35fc 86be da61 56bf ffd6 33be 5bc9 59bf  5....aV...3.[.Y.
0000fb10: 58d5 afbd aabd 5abf 798d 973b 8841 59bf  X.....Z.y..;.AY.
0000fb20: 0d47 c23d de52 55bf 5f2d 3c3e e202 4fbf  .G.=.RU._-<>..O.
0000fb30: 2180 8a3e af7a 46bf 5c37 b53e e6b6 3bbf  !..>.zF.\7.>..;.
0000fb40: 31da dd3e 61de 2ebf 4bf8 013f b422 20bf  1..>a...K..?." .
0000fb50: e684 133f b2af 0fbf 2d5f 233f f877 fbbe  ...?....-_#?.w..
0000fb60: f070 313f 83c8 d4be dc78 3d3f 2dc3 abbe  .p1?.....x=?-...
0000fb70: 2a67 473f ee2c 81be 1122 4f3f 1199 2abe  *gG?.,..."O?..*.
0000fb80: 79a6 543f 1c0f a2bd 36c9 573f 2fee 133c  y.T?....6.W?/..<
0000fb90: 7ca0 583f ca85 c63d d40f 573f 65ad 3b3e  |.X?...=..W?e.;>
0000fba0: 1b40 533f 012b 893e 3831 4d3f 9ed8 b23e  .@S?.+.>81M?...>
0000fbb0: efd6 443f 7299 da3e f96e 3a3f eadc ff3e  ..D?r..>.n:?...>
0000fbc0: 790b 2e3f 8231 113f 2dd1 1f3f 86e9 203f  y..?.1.?-..?.. ?
0000fbd0: 46d6 0f3f 2dd5 2e3f adc4 fc3e 28e9 3a3f  F..?-..?...>(.:?
0000fbe0: 0c0f d73e 7ae7 443f a61b af3e c2c9 4c3f  ...>z.D?...>..L?
0000fbf0: 5b48 853e a17e 523f d0f4 333e 86e6 553f  [H.>.~R?..3>..U?
0000fc00: 1425 b73d 00fd 563f c69e 0b3b 28b6 553f  .%.=..V?...;(.U?
0000fc10: 728a aebd ed1d 523f b5d8 2fbe d23c 4c3f  r.....R?../..<L?
0000fc20: 734e 83be ef09 443f b01e adbe 3ecb 393f  sN....D?....>.9?
0000fc30: 3b21 d5be 4d72 2d3f 02c2 fabe de31 1f3f  ;!..Mr-?.....1.?
0000fc40: f9cf 0ebf 082b 0f3f 99a6 1ebf 9109 fb3e  .....+.?.......>
0000fc50: 59b7 2cbf 0d03 d53e bce2 38bf ec78 ac3e  Y.,....>..8..x.>
0000fc60: 7fe8 42bf 1811 823e adc6 4abf 9131 2c3e  ..B....>..J..1,>
0000fc70: 565d 50bf ae1b a53d b587 53bf eba5 02bc  V]P....=..S.....
0000fc80: 7653 54bf f7ca c5bd 619e 52bf e36f 3cbe  vST.....a.R..o<.
0000fc90: 4881 4ebf 4aeb 89be f8fd 47bf aff0 b3be  H.N.J.....G.....
0000fca0: 3f28 3fbf 20e0 dbbe 0d12 34bf 4aad 00bf  ?(?. .....4.J...
0000fcb0: 94d5 26bf e5e1 11bf b0a1 17bf c156 21bf  ..&..........V!.
0000fcc0: 93a1 06bf ffcf 2ebf 1be9 e7be 1842 3abf  .............B:.
0000fcd0: 9bd1 bfbe b069 43bf d841 95be 5838 4abf  .....iC..A..X8J.
0000fce0: ab0b 52be 6f7f 4ebf 544c edbd 593d 50bf  ..R.o.N.TL..Y=P.
0000fcf0: a937 cdbc d15a 4fbf 2c2b 873d 61e0 4bbf  .7...ZO.,+.=a.K.
0000fd00: 0b12 203e 06d7 45bf 7349 7a3e 933f 3dbf  .. >..E.sIz>.?=.
0000fd10: 89d4 a83e 513c 32bf 025d d23e c103 25bf  ...>Q<2..].>..%.
0000fd20: 441c f93e 639a 15bf 1260 0e3f 0246 04bf  D..>c....`.?.F..
0000fd30: 6a51 1e3f d775 e2be 0a37 2c3f ba6a b9be  jQ.?.u...7,?.j..
0000fd40: 35da 373f f300 8ebe ca11 413f 5f75 41be  5.7?......A?_uA.
0000fd50: 2ac7 473f 81c8 c8bd 09d3 4b3f e228 c9bb  *.G?......K?.(..
0000fd60: 2c3b 4d3f 1fc0 af3d 06ee 4b3f 6a02 353e  ,;M?...=..K?j.5>
0000fd70: 90e3 473f 41b5 873e 4545 413f fbff b23e  ..G?A..>EEA?...>
0000fd80: 081b 383f afff db3e da88 2c3f df0b 013f  ..8?...>..,?...?
0000fd90: 8bbe 1e3f 175a 123f 3bd6 0e3f a6b1 213f  ...?.Z.?;..?..!?
0000fda0: 8341 fa3e 45f3 2e3f ce89 d33e ccdb 393f  .A.>E..?...>..9?
0000fdb0: 2533 aa3e 7159 423f 6019 7d3e 2465 483f  %3.>qYB?`.}>$eH?
0000fdc0: 1023 233e 6fbc 4b3f 4a23 8d3d 3e71 4c3f  .##>o.K?J#.=>qL?
0000fdd0: a6c4 b5bc fe93 4a3f d517 e7bd f207 463f  ......J?......F?
0000fde0: 93b9 4ebe d003 3f3f e49b 93be 008a 353f  ..N...??......5?
0000fdf0: aad2 bdbe ffba 293f 948d e5be 02e6 1b3f  ......)?.......?
0000fe00: 5934 05bf 71fc 0b3f 14e7 15bf 8cca f43e  Y4..q..?.......>
0000fe10: 0bb1 24bf cdaf ce3e bd52 31bf 0e0f a63e  ..$....>.R1....>
0000fe20: bddc 3bbf 33fd 763e 3efd 43bf a583 1e3e  ..;.3.v>>.C....>
0000fe30: f190 49bf 3b4d 893d 2dd9 4cbf 550b adbc  ..I.;M.=-.L.U...
0000fe40: 6b95 4dbf 7143 dfbd 22c0 4bbf 5027 48be  k.M.qC..".K.P'H.
0000fe50: d593 47bf 9b06 8fbe cceb 40bf 3001 b8be  ..G.......@.0...
0000fe60: d002 38bf 98e5 debe 90fa 2cbf dd73 01bf  ..8.......,..s..
0000fe70: 7ce0 1fbf 52e9 11bf 7dff 10bf a6bd 20bf  |...R...}..... .
0000fe80: 8873 00bf ad86 2dbf 84e2 dcbe ad4c 38bf  .s....-......L8.
0000fe90: b54e b6be 99fa 40bf 42c5 8dbe d564 47bf  .N....@.B....dG.
0000fea0: c563 47be 5f81 4bbf e90a e2bd d13c 4dbf  .cG._.K......<M.
0000feb0: 9d4f ccbc f9aa 4cbf 19ca 793d 96b3 49bf  .O....L...y=..I.
0000fec0: e67b 153e 9e74 44bf 2d70 6a3e f8fd 3cbf  .{.>.tD.-pj>..<.
0000fed0: 1066 9e3e 2b5d 33bf c4aa c53e 0eac 27bf  .f.>+]3....>..'.
0000fee0: 37d3 ea3e 2607 1abf 519b 063f a4ab 0abf  7..>&...Q..?....
0000fef0: f03d 163f 9765 f3be 2018 243f 278e cebe  .=.?.e.. .$?'...
0000ff00: 0323 303f 6247 a7be 9817 3a3f 7e67 7cbe  .#0?bG....:?~g|.
0000ff10: 81f7 413f 270f 27be b170 473f d28d 9fbd  ..A?'.'..pG?....
0000ff20: ad9a 4a3f 7f24 073c 9a6d 4b3f f678 c13d  ..J?.$.<.mK?.x.=
0000ff30: b0dc 493f dece 373e 03f1 453f 6f53 863e  ..I?..7>..E?oS.>
0000ff40: 4e95 3f3f 531e af3e 91e5 363f 11f6 d53e  N.??S..>..6?...>
0000ff50: 9e03 2c3f 1935 fa3e 6f19 1f3f 27a4 0d3f  ..,?.5.>o..?'..?
0000ff60: 553b 103f b689 1c3f 8c4c ff3e c17f 293f  U;.?...?.L.>..)?
0000ff70: 91e1 da3e a25f 343f e8bd b33e 2a12 3d3f  ...>._4?...>*.=?
0000ff80: 3079 8a3e ca73 433f d5c9 3e3e dc5d 473f  0y.>.sC?..>>.]G?
0000ff90: 84b6 cc3d cdcf 483f 1cf8 423c 70a9 473f  ...=..H?..B<p.G?
0000ffa0: ab0f 9cbd 1814 443f fb63 27be 95f6 3d3f  ......D?.c'...=?
0000ffb0: 63a6 7ebe fb75 353f ab66 a9be 7e98 2a3f  c.~..u5?.f..~.*?
0000ffc0: 7e74 d1be fb98 1d3f 67b6 f6be 558c 0e3f  ~t.....?g...U..?
0000ffd0: a77e 0cbf da12 fb3e 79d3 1bbf 99e8 d53e  .~.....>y......>
0000ffe0: 6211 29bf 9606 ae3e e43e 34bf 0ec4 833e  b.)....>.>4....>
0000fff0: 5af4 3cbf 775c 2f3e 0e43 43bf 8ba3 a93d  Z.<.w\/>.CC....=
00010000: 9403 47bf 713e d8bb 6b31 48bf e005 c5bd  ..G.q>..k1H.....
00010010: 3aaa 46bf f29e 3cbe f588 42bf 2513 8abe  :.F...<...B.%...
00010020: 3eec 3bbf 741f b4be e9c4 32bf 81a8 dbbe  >.;.t.....2.....
00010030: 5162 27bf 1432 00bf e0d6 19bf 6ad6 10bf  Qb'..2......j...
00010040: 9e4c 0abf 2a95 1fbf f4f2 f1be f439 2cbf  .L..*........9,.
00010050: ab4d ccbe 80b5 36bf 8f42 a4be c2c4 3ebf  .M....6..B....>.
00010060: 394a 74be a882 44bf cc29 1dbe e0b1 47bf  9Jt...D..)....G.
00010070: 5e5a 88bd 9e63 48bf 0c12 ab3c c8a3 46bf  ^Z...cH....<..F.
00010080: fe1f dd3d 8061 42bf 21f8 453e aeb7 3bbf  ...=.aB.!.E>..;.
00010090: 41a1 8d3e 1acb 32bf 2036 b63e 50bf 27bf  A..>..2. 6.>P.'.
000100a0: 78a8 dc3e c4a9 1abf 0820 003f 1ebf 0bbf  x..>..... .?....
000100b0: c572 103f 724a f6be 9af2 1e3f 524b d2be  .r.?rJ.....?RK..
000100c0: 1494 2b3f 77c2 abbe 9d19 363f 7868 83be  ..+?w.....6?xh..
000100d0: 8e76 3e3f eea8 32be 5d9c 443f 6e00 babd  .v>?..2.].D?n...
000100e0: 3060 483f 726b c5bb 8ad8 493f c4c8 a13d  0`H?rk....I?...=
000100f0: 19e6 483f dc86 263e c18a 453f b15a 7a3e  ..H?..&>..E?.Zz>
00010100: 800a 403f 649b a53e ce4c 383f 720a cc3e  ..@?d..>.L8?r..>
00010110: fd65 2e3f 4e42 f03e 6769 223f 42af 083f  .e.?NB.>gi"?B..?
00010120: 9698 143f d8bb 173f e41e 053f 3a15 253f  ...?...?...?:.%?
00010130: 5531 e83e 1489 303f 5bb1 c33e 31ea 393f  U1.>..0?[..>1.9?
00010140: 41e4 9c3e 5035 413f 4da0 683e 6c37 463f  A..>P5A?M.h>l7F?
00010150: 40aa 143e d907 493f 1c36 7c3d c98f 493f  @..>..I?.6|=..I?
00010160: 0c8d b7bc bce5 473f cac5 d9bd 3be2 433f  ......G?....;.C?
00010170: 8d2b 41be 39a8 3d3f 33c1 89be b595 6939  .+A.9.=?3.....i9
00010180: da17 8eb6 4e19 3639 9183 e535 8ee3 3639  ....N.69...5..69
00010190: aa0b 4bb7 bf01 4839 48ca 2f38 41b8 2739  ..K...H9H./8A.'9
000101a0: c018 16b7 d749 4a39 2dd3 ed37 0ed8 4b39  .....IJ9-..7..K9
000101b0: 086a 1a38 3d39 4639 ea32 2a34 396e 3039  .j.8=9F9.2*49n09
000101c0: 9a29 d437 2bd1 5c39 37c3 5a38 2a8c 5239  .).7+.\97.Z8*.R9
000101d0: 4852 0f38 c6b7 4f39 ae0a 6638 744a 4339  HR.8..O9..f8tJC9
000101e0: 8a8b 0e38 22fa 4339 f84c 0036 d61f 4539  ...8".C9.L.6..E9
000101f0: e3e8 af37 f499 3e39 df03 f337 fb51 3b39  ...7..>9...7.Q;9
00010200: 4fb7 3bb4 0c0b 4339 b6f5 b237 f629 2f39  O.;...C9...7.)/9
00010210: 6f47 bc37 6939 3c39 7e10 b537 5fb8 4b39  oG.7i9<9~..7_.K9
00010220: b49a 9737 2459 4439 5530 c637 41d5 4c39  ...7$YD9U0.7A.L9
00010230: 8fc1 ef37 42a5 4239 1c71 b637 e229 4939  ...7B.B9.q.7.)I9
00010240: dc3c 5f37 76e4 4239 9fd5 8437 6538 4139  .<_7v.B9...7e8A9
00010250: acbf 2037 da32 3d39 7fc5 ee36 878d 4d39  .. 7.2=9...6..M9
00010260: 40de 8437 0513 4139 7cbc 04b6 3354 3f39  @..7..A9|...3T?9
00010270: a191 4537 a821 2939 e1a6 9c37 06d9 4a39  ..E7.!)9...7..J9
00010280: 1daf c236 a3ba 4439 25c5 d637 8dac 3b39  ...6..D9%..7..;9
00010290: 0b2c d636 114f 4c39 513c c6b7 8e6f 5539  .,.6.OL9Q<...oU9
000102a0: 2e6f ab37 79b3 3c39 1d07 ab37 ff7c 3f39  .o.7y.<9...7.|?9
000102b0: 9608 1cb7 270c 3139 58b7 0e38 51bf 3239  ....'.19X..8Q.29
000102c0: 0187 3837 1926 3f39 a6ff 0f38 0d43 4639  ..87.&?9...8.CF9
000102d0: e271 1b38 d561 4c39 9c58 3338 7388 4439  .q.8.aL9.X38s.D9
000102e0: 1626 8e38 c979 5439 d815 fb38 a26d 5f38  .&.8.yT9...8.m_8
000102f0: 3ef6 7e38 e749 1839 dd28 6c39 8db5 3d39  >.~8.I.9.(l9..=9
00010300: bf67 9639 a926 4939 15d6 f939 9922 a039  .g.9.&I9...9.".9
00010310: ead8 e139 0ff1 4839 e3f7 073a 659a 8f39  ...9..H9...:e..9
00010320: 946f 0d3a 7a02 8f39 ad25 243a 0d0e a139  .o.:z..9.%$:...9
00010330: 92a0 353a 128b f939 56d0 8b3a f435 443a  ..5:...9V..:.5D:
00010340: 1118 b53a 9f85 903a 9c57 df3a 78aa c33a  ...:...:.W.:x..:
00010350: a0de fe3a e1fe 003b b790 0b3b 58f1 243b  ...:...;...;X.$;
00010360: ff6b 103b 3f87 4c3b 8bfc 0f3b bfc5 763b  .k.;?.L;...;..v;
00010370: 7d86 073b c8c8 8f3b 99dc f03a d000 a53b  }..;...;...:...;
00010380: 66de c03a a134 b93b c339 823a 31e6 ca3b  f..:.4.;.9.:1..;
00010390: f9df c439 1c27 db3b c8ef bfb9 4818 e83b  ...9.'.;....H..;
000103a0: ed27 9dba ca2b f13b e170 0cbb a50b f63b  .'...+.;.p.....;
000103b0: f9c6 4ebb fee5 f63b 2b55 8bbb 8c4e f13b  ..N....;+U...N.;
000103c0: d940 afbb d0bc e73b d4bd d4bb 05e0 d63b  .@.....;.......;
000103d0: 2c3d fabb 0716 c13b 50ee 0ebc 8381 a53b  ,=.....;P......;
000103e0: ca50 1fbc 9d87 843b b69b 2ebc 0f38 3f3b  .P.....;.....8?;
000103f0: 28a6 3bbc f5aa d83a e9b0 46bc b9e0 9b39  (.;....:..F....9
00010400: e423 4fbc bd06 97ba 9b0a 56bc b712 31bb  .#O.......V...1.
00010410: 28fd 58bc a6b0 8dbb 5ded 59bc 9394 c2bb  (.X.....].Y.....
00010420: 4d55 57bc 9e04 f9bb 7231 51bc d1be 17bc  MUW.....r1Q.....
00010430: 9ffb 47bc 4632 32bc 4c47 3abc 426e 4bbc  ..G.F22.LG:.BnK.
00010440: c49d 29bc 793b 63bc 0587 15bc f3a7 78bc  ..).y;c.......x.
00010450: 9b78 fdbb 10da 85bc b27f c8bb b0b6 8dbc  .x..............
00010460: b29a 8dbb 9052 94bc 9265 20bb e106 99bc  .....R...e .....
00010470: 1c68 ceb9 efe6 9bbc b1ca de3a 7590 9cbc  .h.........:u...
00010480: 74a0 7f3b f928 9bbc 2278 c93b 7dc1 97bc  t..;.(.."x.;}...
00010490: c473 093c 7ed8 91bc 1772 2d3c 92e8 89bc  .s.<~....r-<....
000104a0: eed8 503c f2c6 7fbc 4b68 723c 0e72 67bc  ..P<....Khr<.rg.
000104b0: 7045 893c 8701 4bbc f0d8 973c bb3a 2bbc  pE.<..K....<.:+.
000104c0: d540 a53c 5c3c 08bc b2c2 b03c f155 c3bb  .@.<\<.....<.U..
000104d0: 5530 ba3c fcbf 61bb b3c0 c13c 89f2 59ba  U0.<..a....<..Y.
000104e0: f7ce c63c fd63 f93a ae9b c93c f9e0 983b  ...<.c.:...<...;
000104f0: 5eac c93c 3a2f f53b d767 c73c 5978 283c  ^..<:/.;.g.<Yx(<
00010500: 9c6a c23c 59b4 553c c97f ba3c bc8e 803c  .j.<Y.U<...<...<
00010510: 906e b03c 7a93 953c fa6b a33c d1c4 a83c  .n.<z..<.k.<...<
00010520: 6d01 943c dadc ba3c fb42 823c 26be ca3c  m..<...<.B.<&..<
00010530: 36bd 5c3c 14d4 d83c 7f0b 313c 4150 e43c  6.\<...<..1<AP.<
00010540: aeb9 013c 2022 ed3c 2839 9f3b 5628 f33c  ...< ".<(9.;V(.<
00010550: f797 de3a ca63 f63c 88c2 daba bf89 f63c  ...:.c.<.......<
00010560: c817 a6bb 317e f33c b947 0abc 624e ed3c  ....1~.<.G..bN.<
00010570: 89cc 41bc ddd7 e33c 6cb7 77bc 3c77 d73c  ..A....<l.w.<w.<
00010580: 5eed 95bc 90f8 c73c 0cdb aebc 2658 b53c  ^......<....&X.<
00010590: 9720 c6bc 0452 a03c b57d dbbc 0967 883c  . ...R.<.}...g.<
000105a0: b871 eebc 266b 5d3c 360d ffbc 9934 253c  .q..&k]<6....4%<
000105b0: df5b 06bd 2bce d43b 7398 0bbd a7ec 313b  .[..+..;s.....1;
000105c0: 2d21 0fbd aea2 9dba dd0a 11bd 2e93 a6bb  -!..............
000105d0: 560d 11bd 9ae2 14bc 8350 0fbd d998 55bc  V........P....U.
000105e0: d3a5 0bbd 74fe 89bc 6553 06bd f0a9 a8bc  ....t...eS......
000105f0: 9750 febc 87a3 c5bc 78a5 ecbc 87dd e0bc  .P......x.......
00010600: 9798 d7bc 4cb4 f9bc c611 bfbc 30d0 07bd  ....L.......0...
00010610: f036 a4bc b26d 11bd 4864 86bc 4943 19bd  .6...m..Hd..IC..
00010620: a1b1 4dbc 389f 1fbd ec0b 09bc cbe7 23bd  ..M.8.........#.
00010630: aa7e 86bb 834d 26bd efd1 b939 c69d 26bd  .~...M&....9..&.
00010640: 6e55 9f3b 0ce7 24bd 2241 1a3c ae17 21bd  nU.;..$."A.<..!.
00010650: 7827 643c dc17 1bbd 241d 963c 6d25 13bd  x'd<....$..<m%..
00010660: e71f b93c 831f 09bd e67e da3c a497 fabc  ...<.....~.<....
00010670: c5b1 f93c 094f dfbc 5106 0b3d 98d3 c0bc  ...<.O..Q..=....
00010680: e1ca 173d fa82 9fbc f4d7 223d 4f8c 76bc  ...=......"=O.v.
00010690: 1109 2c3d 5212 2abc 6340 333d 63de b4bb  ..,=R.*.c@3=c...
000106a0: 293c 383d e91f 08ba eb18 3b3d af54 963b  )<8=......;=.T.;
000106b0: 3080 3b3d fbf7 1e3c 0fab 393d c26a 723c  0.;=...<..9=.jr<
000106c0: a56c 353d d4e1 a13c e0e9 2e3d 4efa c83c  .l5=...<...=N..<
000106d0: f10f 263d 3455 ee3c 62e1 1a3d b77b 083d  ..&=4U.<b..=.{.=
000106e0: e298 0d3d 0077 183d b7cc fc3c 9485 263d  ...=.w.=...<..&=
000106f0: 0dfe da3c e6c8 323d b0b5 b53c 2ff4 3c3d  ...<..2=...</.<=
00010700: b49b 8d3c 2de6 443d cb30 473c 4c75 4a3d  ...<-.D=.0G<LuJ=
00010710: 17af dd3b 844d 4d3d 1a24 a53a f7d9 4d3d  ...;.MM=.$.:..M=
00010720: 06d6 8dbb e0ad 4b3d 16e8 22bc f90a 473d  ......K=.."...G=
00010730: 509f 7dbc 40b1 3f3d a5ca aabc 1913 363d  P.}.@.?=......6=
00010740: a349 d5bc 88ef 293d 5e84 fdbc c8b0 1b3d  .I....)=^......=
00010750: a96d 11bd 5b45 0b3d bc84 22bd d827 f23c  .m..[E.=.."..'.<
00010760: caaf 31bd c73f ca3c 29c3 3ebd 07d0 9f3c  ..1..?.<).>....<
00010770: c3a6 49bd 5ca5 653c 7e0f 52bd 3571 083c  ..I.\.e<~.R.5q.<
00010780: 2915 58bd 33ef 223b 3457 5bbd 02db 5fbb  ).X.3.";4W[..._.
00010790: 010d 5cbd 8d49 18bc 791b 5abd 9f0b 78bc  ..\..I..y.Z...x.
000107a0: af6e 55bd 059d aabc 2946 4ebd 555f d7bc  .nU.....)FN.U_..
000107b0: e86a 44bd e5f8 00bd 5a3a 38bd e2cb 14bd  .jD.....Z:8.....
000107c0: 2cbd 29bd 01fe 26bd be1c 19bd af59 37bd  ,.)...&......Y7.
000107d0: 1893 06bd 53af 45bd ad98 e4bc 41bc 51bd  ....S.E.....A.Q.
000107e0: 8e1f b9bc 668b 5bbd a539 8bbc a09f 62bd  ....f.[..9....b.
000107f0: 356a 36bc aa1e 67bd a3f8 a7bb d9fa 68bd  5j6...g.......h.
00010800: b565 853a d156 68bd 566a eb3b 93c8 64bd  .e.:.Vh.Vj.;..d.
00010810: 696d 5a3c c07c 5ebd 6095 9e3c 95a4 55bd  imZ<.|^.`..<..U.
00010820: 98c8 ce3c a835 4abd 93a9 fc3c da38 3cbd  ...<.5J....<.8<.
00010830: fc34 143d e1fb 2bbd 3079 283d 148f 19bd  .4.=..+.0y(=....
00010840: d1fa 3a3d 4035 05bd 3488 4b3d be18 debc  ..:=@5..4.K=....
00010850: 90d8 593d 078d aebc 12bb 653d f22a 79bc  ..Y=......e=.*y.
00010860: 5d06 6f3d e183 10bc eeb2 753d 5932 17bb  ].o=......u=Y2..
00010870: 9a75 793d da82 8d3b 7a67 7a3d 620d 343c  .uy=...;zgz=b.4<
00010880: d662 783d 282a 903c 6062 733d 5765 c53c  .bx=(*.<`bs=We.<
00010890: fc5a 6b3d 099f f83c 4b80 603d 34bf 143d  .Zk=...<K.`=4..=
000108a0: c1c9 523d 10d4 2b3d 8173 423d 1408 413d  ..R=..+=.sB=..A=
000108b0: 8f86 2f3d bb37 543d 9053 1a3d da03 653d  ../=.7T=.S.=..e=
000108c0: deff 023d ee44 733d 5f8b d33c 84d0 7e3d  ...=.Ds=_..<..~=
000108d0: dacb 9d3c 39b5 833d 0227 4b3c 4865 863d  ...<9..=.'K<He.=
000108e0: c660 ae3b 0982 873d 58df f8ba 15fe 863d  .`.;...=X......=
000108f0: e1fd 16bc 80c8 843d 4c0c 87bc a4eb 803d  .......=L......=
00010900: 355d c1bc 6cd3 763d 694f fabc 45be 683d  5]..l.v=iO..E.h=
00010910: a43e 18bd aea1 573d 10ce 31bd af9a 433d  .>....W=..1...C=
00010920: dd6a 49bd 0205 2d3d b8d2 5ebd 9422 143d  .jI...-=..^..".=
00010930: 85a4 71bd ed60 f23c 82db 80bd fb89 b83c  ..q..`.<.......<
00010940: 4e4d 87bd a6d2 783c 7028 8cbd 17a4 f83b  NM....x<p(.....;
00010950: fc53 8fbd 5106 4bb9 30b4 90bd aa44 03bc  .S..Q.K.0....D..
00010960: 655d 90bd d866 81bc 8b31 8ebd 5ccb bfbc  e]...f...1..\...
00010970: d840 8abd 6681 fcbc 3495 84bd f62e 1bbd  .@..f...4.......
00010980: 7777 7abd 6377 36bd 56ae 68bd a99b 4fbd  wwz.cw6.V.h...O.
00010990: bff4 53bd 0b53 66bd db84 3cbd 5f71 7abd  ..S..Sf...<._qz.
000109a0: 6ca5 22bd 13bb 85bd 99a3 06bd 30bd 8cbd  l.".........0...
000109b0: 84ee d1bc 5c12 92bd 4183 93bc e4af 95bd  ....\...A.......
000109c0: 3807 26bc 9795 97bd c81d 08bb 4390 97bd  8.&.........C...
000109d0: f109 c63b b6bc 95bd a64e 673c 3b15 92bd  ...;.....Ng<;...
000109e0: b1b3 b43c daaf 8cbd 0dcb f33c 45ab 85bd  ...<.......<E...
000109f0: 5921 183d 0e05 7abd 6cb2 343d 15db 65bd  Y!.=..z.l.4=..e.
00010a00: e368 4f3d 4af1 4ebd 12f3 673d c63f 35bd  .hO=J.N...g=.?5.
00010a10: 7b13 7e3d 6153 19bd a4b4 883d 1516 f6bc  {.~=aS.....=....
00010a20: 06d7 903d 2520 b6bc 0d4b 973d 9187 66bc  ...=% ...K.=..f.
00010a30: edf0 9b3d 8d19 babb 78b7 9e3d 20f3 373b  ...=....x..= .7;
00010a40: 099e 9f3d 6c3e 393c 4f87 9e3d 36b3 a13c  ...=l>9<O..=6..<
00010a50: 19a8 9b3d 6c43 e53c 4df6 963d 0b4d 133d  ...=lC.<M..=.M.=
00010a60: 284c 903d 9077 323d 95eb 873d faba 4f3d  (L.=.w2=...=..O=
00010a70: e8b9 7b3d 1db6 6a3d 908e 643d e2a7 813d  ..{=..j=..d=...=
00010a80: c56b 4a3d ed60 8c3d 34df 2d3d 3a8b 953d  .kJ=.`.=4.-=:..=
00010a90: 6dcc 0e3d aa1e 9d3d 007c db3c 05cd a23d  m..=...=.|.<...=
00010aa0: 2a63 963c 769b a63d 1025 1e3c 2466 a83d  *c.<v..=.%.<$f.=
00010ab0: 06ff 443a 0559 a83d ef09 07bc 3828 a63d  ..D:.Y.=....8(.=
00010ac0: 0d18 8dbc 70f5 a13d 008e d5bc ebe0 9b3d  ....p..=.......=
00010ad0: 1d28 0ebd 9fcb 933d 37f4 2fbd 2fea 893d  .(.....=7././..=
00010ae0: 172e 50bd 7b79 7c3d 5f33 6ebd cdf0 613d  ..P.{y|=_3n...a=
00010af0: dba4 84bd ba46 443d 0cc1 90bd 9223 243d  .....FD=.....#$=
00010b00: 1657 9bbd 5a94 013d 1314 a4bd e39f ba3c  .W..Z..=.......<
00010b10: 96e2 aabd f3fa 5d3c 46b3 afbd beb1 853b  ......]<F......;
00010b20: f66b b2bd 6856 b5bb acf0 b2bd db17 78bc  .k..hV........x.
00010b30: 1c51 b1bd baf0 c9bc bc8c adbd 9f2a 0bbd  .Q...........*..
00010b40: 13a7 a7bd b3c4 2fbd aca1 9fbd efac 52bd  ....../.......R.
00010b50: e693 95bd 252e 73bd 2791 89bd 3378 88bd  ....%.s.'...3x..
00010b60: 57c0 77bd 9fdc 95bd f0fb 58bd f680 a1bd  W.w.......X.....
00010b70: 0b58 37bd 5b46 abbd 1848 13bd d3f8 b2bd  .X7.[F...H......
00010b80: 9f44 dabc c188 b8bd ca95 8abc 60da bbbd  .D..........`...
00010b90: 8121 e2bb 0cf2 bcbd e1aa 543b 1cb1 bbbd  .!........T;....
00010ba0: 188d 5c3c ab30 b8bd eabb c03c fd5f b2bd  ..\<.0.....<._..
00010bb0: 00b1 083d 534b aabd 0fb7 2f3d 7b1c a0bd  ...=SK..../={...
00010bc0: 86c7 543d 64e4 93bd 1aa4 773d 63d4 85bd  ..T=d.....w=c...
00010bd0: d6cd 8b3d 02fe 6bbd 203e 9a3d 8554 49bd  ...=..k. >.=.TI.
00010be0: 91da a63d 5fec 23bd 4579 b13d 3371 f8bc  ...=_.#.Ey.=3q..
00010bf0: 7703 ba3d 007d a5bc d554 c03d 2169 1fbc  w..=.}...T.=!i..
00010c00: 5156 c43d 09fb 603a 90ee c53d a970 3d3c  QV.=..`:...=.p=<
00010c10: 4a2a c53d bf67 b53c 03f4 c13d cc59 053d  J*.=.g.<...=.Y.=
00010c20: d15b bc3d 6889 2e3d f566 b43d fdf1 553d  .[.=h..=.f.=..U=
00010c30: a739 aa3d 2600 7b3d 78d5 9d3d 9587 8e3d  .9.=&.{=x..=...=
00010c40: ef7e 8f3d 4001 9e3d 207f 7e3d 3386 ab3d  .~.=@..= .~=3..=
00010c50: 0aae 5a3d bf16 b73d 9225 343d f666 c03d  ..Z=...=.%4=.f.=
00010c60: 550a 0b3d d86a c73d 6e16 c03c 490c cc3d  U..=.j.=n..<I..=
00010c70: 553a 4e3c 5f36 ce3d bbd9 cb3a 9dd6 cd3d  U:N<_6.=...:...=
00010c80: 5a3c 1dbc b9ee ca3d 4d26 a9bc 5c96 c53d  Z<.....=M&..\..=
00010c90: 621b 01bd 2fad bd3d c765 2cbd cb89 b33d  b.../..=.e,....=
00010ca0: a78c 55bd 3108 a73d e67b 7cbd 577b 983d  ..U.1..=.{|.W{.=
00010cb0: 2c2d 90bd 7b05 883d e97c a0bd 60a1 6b3d  ,-..{..=.|..`.k=
00010cc0: 0ee7 aebd 830b 443d 4d3f bbbd 110b 1a3d  ......D=M?.....=
00010cd0: ed50 c5bd bce2 db3c 4210 cdbd 33b4 803c  .P.....<B...3..<
00010ce0: 9c50 d2bd ad46 8e3b 4319 d5bd a7ba eabb  .P...F.;C.......
00010cf0: 2e37 d5bd 416a 98bc 3dcd d2bd 2060 f4bc  .7..Aj..=... `..
00010d00: 89c5 cdbd 6123 27bd 6338 c6bd d8e8 51bd  ....a#'.c8....Q.
00010d10: e541 bcbd 2fb5 7abd 2301 b0bd e926 90bd  .A../.z.#....&..
00010d20: 827c a1bd 5d58 a1bd 37fb 90bd 3fa9 b0bd  .|..]X..7...?...
00010d30: 4168 7dbd 45ca bdbd dc98 55bd 41d5 c8bd  Ah}.E.....U.A...
00010d40: b2f9 2abd 9a6b d1bd ee9d fcbc 0e8d d7bd  ..*..k..........
00010d50: 4285 9fbc 1015 dbbd 97b6 00bc cce8 dbbd  B...............
00010d60: d280 7e3b 8931 dabd 4869 803c 18e4 d5bd  ..~;.1..Hi.<....
00010d70: 3a89 df3c 5ce4 cebd 3532 1e3d 1761 c5bd  :..<\...52.=.a..
00010d80: 2f10 4b3d aa81 b9bd 0b6e 753d b56a abbd  /.K=.....nu=.j..
00010d90: 3386 8e3d 3b24 9bbd e1af a03d 9ae8 88bd  3..=;$.....=....
00010da0: cc07 b13d 6d1b 6abd f360 bf3d 695c 3fbd  ...=m.j..`.=i\?.
00010db0: a079 cb3d fe3a 12bd 7236 d53d 0b39 c6bc  .y.=.:..r6.=.9..
00010dc0: 3161 dc3d 1722 4abc 16f9 e03d 0e09 a3b9  1a.=."J....=....
00010dd0: a3f3 e23d 269e 403c 1d34 e23d fcb2 c23c  ...=&.@<.4.=...<
00010de0: 71db de3d 4ba6 113d 4faf d83d 338d 403d  q..=K..=O..=3.@=
00010df0: e307 d03d bd46 6d3d 72db c43d 07b2 8b3d  ...=.Fm=r..=...=
00010e00: e035 b73d d13d 9f3d 7353 a73d 9400 b13d  .5.=.=.=sS.=...=
00010e10: a86f 953d 56cd c03d 4db1 813d ae58 ce3d  .o.=V..=M..=.X.=
00010e20: 4274 583d c398 d93d db9d 2a3d 0843 e23d  BtX=...=..*=.C.=
00010e30: 7f33 f53c f859 e83d 61a2 913c 5993 eb3d  .3.<.Y.=a..<Y..=
00010e40: 5c28 af3b aa13 ec3d 32c5 edbb 56dd e93d  \(.;...=2...V..=
00010e50: 6c82 a2bc 12c5 e43d 9c3f 04bd 23e0 dc3d  l......=.?..#..=
00010e60: efff 35bd 264e d23d 98b7 65bd 6830 c53d  ..5.&N.=..e.h0.=
00010e70: d6a3 89bd 289e b53d 14d5 9ebd 5eb8 a33d  ....(..=....^..=
00010e80: 1147 b2bd 17cd 8f3d 29c6 c3bd e1df 733d  .G.....=).....s=
00010e90: 5e01 d3bd 5401 453d 6de4 dfbd 8862 133d  ^...T.E=m....b.=
00010ea0: 911d eabd cdf9 be3c a49d f1bd d331 293c  .......<.....1)<
00010eb0: 723f f6bd a9ab 3dbb 08ef f7bd 69f6 84bc  r?....=.....i...
00010ec0: f9bb f6bd 2120 f1bc da78 f2bd f6c4 2dbd  ....! ...x....-.
00010ed0: 5f4c ebbd 860e 61bd 9c1f e1bd 2203 89bd  _L....a....."...
00010ee0: 192f d4bd f424 a0bd f4a5 c4bd 5a7c b5bd  ./...$......Z|..
00010ef0: dd91 b2bd 64ce c8bd 6226 9ebd 60b8 d9bd  ....d...b&..`...
00010f00: a88e 87bd 3a47 e8bd d551 5ebd 9ffd f3bd  ....:G...Q^.....
00010f10: 0f68 2abd f1db fcbd d239 e8bc 1957 01be  .h*......9...W..
00010f20: ba38 6fbc f8ac 02be 124c 12ba 2d75 02be  .8o......L..-u..
00010f30: ae89 5e3c a290 00be 0ee8 e23c ca30 fabd  ..^<.......<.0..
00010f40: 3f32 2a3d 560b f0bd 7751 613d 64eb e2bd  ?2*=V...wQa=d...
00010f50: 441f 8b3d fae8 d2bd d2f2 a33d 4501 c0bd  D..=.......=E...
00010f60: 3ff2 ba3d 93a7 aabd acd4 cf3d f3f5 92bd  ?..=.......=....
00010f70: 3c2e e23d 12a6 72bd ebf2 f13d e6e3 3bbd  <..=..r....=..;.
00010f80: c1b9 fe3d 969d 02bd b131 043e bde8 8dbc  ...=.....1.>....
00010f90: 8469 073e 99a4 25bb 8ef2 083e cab0 4b3c  .i.>..%....>..K<
00010fa0: a5ca 083e 5792 df3c 98e9 063e 8cb5 2b3d  ...>W..<...>..+=
00010fb0: 2752 033e c6c0 653d a60a fc3d 8c6b 8e3d  'R.>..e=...=.k.=
00010fc0: 5247 ee3d cd8e a83d 919b dd3d ef70 c03d  RG.=...=...=.p.=
00010fd0: 47ce c93d b938 d63d a2a0 b33d 8975 e93d  G..=.8.=...=.u.=
00010fe0: b5f4 9a3d fcb6 f93d c04f 803d 747e 033e  ...=...=.O.=t~.>
00010ff0: 19e7 473d e487 083e b8b7 0c3d 5acf 0b3e  ..G=...>...=Z..>
00011000: 2380 9e3c 786e 0d3e 2c60 853b e34b 0d3e  #..<xn.>,`.;.K.>
00011010: d7b9 39bc 7765 0b3e 864c dabc 27bc 073e  ..9.we.>.L..'..>
00011020: 62c6 2abd 3d6b 023e 8a6c 66bd 01ad f63d  b.*.=k.>.lf....=
00011030: ce96 8fbd edd1 e53d f747 aabd afbb d13d  .......=.G.....=
00011040: 8804 c3bd a72d bb3d 3773 d9bd ec3f a23d  .....-.=7s...?.=
00011050: 0424 edbd 6628 873d af19 febd 0fc6 543d  .$..f(.=......T=
00011060: a9f7 05be b377 183d 3418 0bbe 5cc4 b33c  .....w.=4...\..<
00011070: 2ecb 0ebe 66be d33b 9086 10be f274 15bc  ....f..;.....t..
00011080: a48f 10be 4738 cabc bddc 0ebe 5ef0 23bd  ....G8......^.#.
00011090: b15b 0bbe bc77 60bd f733 06be 613f 8dbd  .[...w`..3..a?..
000110a0: 8cab febd 10bb a8bd f8ef edbd 3301 c2bd  ............3...
000110b0: df22 dabd a951 d9bd 7ed3 c3bd 63cc edbd  ."...Q..~...c...
000110c0: 3813 abbd 85b1 ffbd 98fc 8fbd a13a 07be  8............:..
000110d0: f877 66bd 92ec 0cbe d41f 2abd c9fb 10be  .wf.......*.....
000110e0: 1255 d6bc d130 13be 9414 2cbc 8dce 13be  .U...0....,.....
000110f0: 53cc b03b 7c93 12be 5052 ae3c 1d96 0fbe  S..;|...PR.<....
00011100: 5d1a 173d b3ba 0abe a3c9 553d 6d40 04be  ]..=......U=m@..
00011110: c3dd 883d 5149 f8bd 1674 a53d 1af4 e4bd  ...=QI...t.=....
00011120: 0806 c03d a0dd cebd 326a d83d 6b48 b6bd  ...=....2j.=kH..
00011130: e651 ee3d 8346 9bbd 69aa 003e de4b 7cbd  .Q.=.F..i..>.K|.
00011140: 23b6 083e 4432 3fbd 4f12 0f3e dd95 febc  #..>D2?.O..>....
00011150: fac1 133e fe3c 79bc c28f 163e 0e5a 943a  ...>.<y....>.Z.:
00011160: e5a9 173e 9a7d 8f3c e6e8 163e 37a6 093d  ...>.}.<...>7..=
00011170: 7954 143e 007e 4a3d eadf 0f3e d081 843d  yT.>.~J=...>...=
00011180: 82ae 093e 594f a23d 64c9 013e 4237 be3d  ...>YO.=d..>B7.=
00011190: 1b89 f03d add5 d73d b89e da3d 5a0a ef3d  ...=...=...=Z..=
000111a0: 7fe7 c13d 4fb0 013e a5a8 a63d f959 0a3e  ...=O..>...=.Y.>
000111b0: 6154 893d fe4d 113e c3b5 543d 7e84 163e  aT.=.M.>..T=~..>
000111c0: a2be 133d ccd9 193e 169c a13c 0679 1b3e  ...=...>...<.y.>
000111d0: 42d5 483b 270e 1b3e eccc 5fbc 28e5 183e  B.H;'..>.._.(..>
000111e0: ceaa f7bc 0fc6 143e 6dbb 3ebd 45e4 0e3e  .......>m.>.E..>
000111f0: cb82 7fbd e13b 073e 779d 9ebd 75a7 fb3d  .....;.>w...u..=
00011200: a1a8 bbbd 97f7 e53d f994 d6bd eb62 cd3d  .......=.....b.=
00011210: 3601 efbd 9a15 b23d 4b3c 02be cfb9 943d  6......=K<.....=
00011220: 817e 0bbe 607e 6a3d 0aed 12be e8be 283d  .~..`~j=......(=
00011230: 4fa9 18be 6e6b c93c 43a6 1cbe fe18 fd3b  O...nk.<C......;
00011240: bfae 1ebe e4c5 19bc 6cc3 1ebe aa3a d8bc  ........l....:..
00011250: 12fb 1cbe 896b 30bd e74e 19be 8305 73bd  .....k0..N....s.
00011260: 8eae 13be 3a4f 99bd 2c57 0cbe c450 b7bd  ....:O..,W...P..
00011270: 2f4a 03be f41b d3bd 8856 f1bd 2483 ecbd  /J.......V..$...
00011280: 1c0a d9bd b082 01be 9f05 bebd c42e 0bbe  ................
00011290: cb16 a1bd 144a 13be 32e5 81bd a9c4 19be  .....J..2.......
000112a0: af5d 42bd 7a5e 1ebe e1f7 fcbc 8a26 21be  .]B.z^.......&!.
000112b0: 2d02 62bc c5f8 21be db6a 5a3b 11e5 20be  -.b...!..jZ;.. .
000112c0: 60e4 a83c 72e5 1dbe 0c30 1a3d 4413 19be  `..<r....0.=D...
000112d0: 9d54 5e3d 495e 12be 54fe 8f3d 73f9 09be  .T^=I^..T..=s...
000112e0: 214e af3d b3c8 ffbd 5cd1 cc3d 6b8a e8bd  !N.=....\..=k...
000112f0: 6fd1 e73d d790 cebd 1ffc ff3d c79c b1bd  o..=.......=....
00011300: 5ddb 0a3e 5fec 92bd 6bfa 133e f131 64bd  ]..>_...k..>.1d.
00011310: 267c 1b3e 03bd 1fbd 9f0f 213e d8b1 b2bc  &|.>......!>....
00011320: 24dd 243e 5640 87bb e4d0 263e 105b 5e3c  $.$>V@....&>.[^<
00011330: b69e 263e e70e 003d 14a9 243e 8341 473d  ..&>...=..$>.AG=
00011340: a09e 203e 6f68 863d d2b3 1a3e 0dd0 a73d  .. >oh.=...>...=
00011350: 61df 123e 6467 c73d 4756 093e c2d6 e43d  a..>dg.=GV.>...=
00011360: d601 fc3d fac8 ff3d 2339 e23d c9f0 0b3e  ...=...=#9.=...>
00011370: ceb4 c53d 7359 163e b968 a63d 01fa 1e3e  ...=sY.>.h.=...>
00011380: de3e 853d 87da 253e 72e0 433d 4cc9 2a3e  .>.=..%>r.C=L.*>
00011390: 59e9 f43c 8fb9 2d3e f392 3a3c af95 2e3e  Y..<..->..:<...>
000113a0: b378 efbb 3f44 2d3e 69be d3bc 4bd8 293e  .x..?D->i...K.)>
000113b0: 6c9e 36bd 9d5f 2339 699e a837 c335 1e39  l.6.._#9i..7.5.9
000113c0: f502 2636 e5ee 1d39 8542 a037 319b 1739  ..&6...9.B.71..9
000113d0: 7b1f bab6 fa45 a738 6734 4bb7 6e07 2239  {....E.8g4K.n."9
000113e0: 4d45 35b7 3b6a 3439 81b9 0137 6e79 2939  ME5.;j49...7ny)9
000113f0: ed0b 8fb7 5545 1739 fb60 31b6 9285 0739  ....UE.9.`1....9
00011400: 420f 1f37 4ac0 2e39 d56a 2b38 c924 1a39  B..7J..9.j+8.$.9
00011410: 8ba8 de37 112e 3439 4a8b 93b7 2383 1c39  ...7..49J...#..9
00011420: 1e26 eeb6 6e55 2039 ecfd 38b5 b555 1b39  .&..nU 9..8..U.9
00011430: 78b4 2c36 5ba2 0f39 8b24 6235 ac0a 2d39  x.,6[..9.$b5..-9
00011440: ed8f 1037 be38 2439 0d4a fab6 7d69 2439  ...7.8$9.J..}i$9
00011450: e123 9db5 7717 2c39 74c5 5636 6c54 2639  .#..w.,9t.V6lT&9
00011460: 16a0 a2b6 7c83 2b39 0b9e 9736 0212 2b39  ....|.+9...6..+9
00011470: a141 9236 391a 2b39 8095 6a37 73bb 2039  .A.69.+9..j7s. 9
00011480: 6b9c c036 45cf 2539 0242 5f37 c9de 2339  k..6E.%9.B_7..#9
00011490: 6ee2 59b6 edea 2739 8cfe a636 9c7e 1739  n.Y...'9...6.~.9
000114a0: 4ee2 1fb6 19ff 1839 52de 65b7 771d 1d39  N......9R.e.w..9
000114b0: 3953 f935 721c 1139 68e1 e737 b9b0 0d39  9S.5r..9h..7...9
000114c0: f095 6835 d9b2 1739 770a 1f38 7b46 1739  ..h5...9w..8{F.9
000114d0: c984 ac37 9b6f 1839 3755 0737 1b13 0f39  ...7.o.97U.7...9
000114e0: 6405 0538 2226 1039 58d4 c237 f0ad 2139  d..8"&.9X..7..!9
000114f0: b207 4037 fa68 1e39 47f4 6337 449b 1e39  ..@7.h.9G.c7D..9
00011500: c6d5 8038 f9a5 1339 8e9b 4538 903b 2539  ...8...9..E8.;%9
00011510: be90 4738 1959 3239 8bbe a538 b575 2b39  ..G8.Y29...8.u+9
00011520: f9c8 0739 8de8 1c39 3fdb a338 5f07 3239  ...9...9?..8_.29
00011530: 1101 5139 4c3a 2f39 48ad ac39 69d0 7b39  ..Q9L:/9H..9i.{9
00011540: ed1f 8539 af3b 0e39 6f79 b139 374b 8139  ...9.;.9oy.97K.9
00011550: b1f1 0a3a 9a38 7939 942b 1b3a e8b3 8439  ...:.8y9.+.:...9
00011560: f025 373a 8980 9f39 5de1 3a3a 34c8 f639  .%7:...9].::4..9
00011570: f225 8e3a bc84 403a 4c5c b73a af70 8a3a  .%.:..@:L\.:.p.:
00011580: d707 e03a 8e24 c03a ccc6 003b bab1 013b  ...:.$.:...;...;
00011590: 42f0 0c3b 715c 253b 19e3 123b 5537 4d3b  B..;q\%;...;U7M;
000115a0: e215 123b 586f 763b ba43 0a3b d995 903b  ...;Xov;.C.;...;
000115b0: 99ef ef3a 81c6 a53b f1a8 c23a e299 b93b  ...:...;...:...;
000115c0: 9aaa 843a cb6f cc3b 0bb8 c539 5fd5 db3b  ...:.o.;...9_..;
000115d0: be0e b7b9 c8d9 e83b 6bb4 9aba c4da f23b  .......;k......;
000115e0: bc72 0cbb ea96 f73b 2707 4fbb 59ed f73b  .r.....;'.O.Y..;
000115f0: 8f86 8bbb 63a6 f23b 002c b0bb 9195 e83b  ....c..;.,.....;
00011600: 1c44 d5bb ea65 d83b 7c16 fabb e2d9 c13b  .D...e.;|......;
00011610: 7883 0fbc dba6 a53b 42de 1fbc 3010 853b  x......;B...0..;
00011620: c45b 2fbc 1b61 3f3b bc74 3cbc 93fc da3a  .[/..a?;.t<....:
00011630: 7762 47bc 0940 9b39 903b 50bc 259c 98ba  wbG..@.9.;P.%...
00011640: 655d 56bc d184 31bb fe55 5abc f19c 8cbb  e]V...1..UZ.....
00011650: 3699 5abc 742e c3bb 9b16 58bc ca25 fabb  6.Z.t.....X..%..
00011660: 990c 52bc 284a 18bc 9666 48bc f8fd 32bc  ..R.(J...fH...2.
00011670: d23b 3bbc 2d4c 4cbc e31c 2abc ff62 63bc  .;;.-LL...*..bc.
00011680: 9647 16bc 2645 79bc aa00 febb f055 86bc  .G..&Ey......U..
00011690: 46a5 c8bb 0d73 8ebc f17a 8ebb 15b0 94bc  F....s...z......
000116a0: 52e8 20bb 1157 99bc ceda d4b9 b12f 9cbc  R. ..W......./..
000116b0: b254 e43a 6bdf 9cbc 2d16 803b 4571 9bbc  .T.:k...-..;Eq..
000116c0: 41b0 c93b 180c 98bc 9e88 093c b852 92bc  A..;.......<.R..
000116d0: 1dce 2d3c 4056 8abc b04c 513c 8f47 80bc  ..-<@V...LQ<.G..
000116e0: c80a 733c 48d8 67bc 19ad 893c e74b 4bbc  ..s<H.g....<.KK.
000116f0: 4753 983c 0eec 2bbc 5a75 a53c 7e75 08bc  GS.<..+.Zu.<~u..
00011700: c214 b13c d81d c3bb d6cc ba3c b398 61bb  ...<.......<..a.
00011710: d929 c23c 99d7 51ba b234 c73c fbd1 f73a  .).<..Q..4.<...:
00011720: 611f ca3c a303 9a3b c224 ca3c 45f7 f63b  a..<...;.$.<E..;
00011730: 57e9 c73c e80a 293c a8a7 c23c 191b 563c  W..<..)<...<..V<
00011740: 28e3 ba3c 54bf 803c 6c94 b03c 36df 953c  (..<T..<l..<6..<
00011750: 7ae2 a33c fd4c a93c 2d65 943c d457 bb3c  z..<.L.<-e.<.W.<
00011760: 7c5e 823c 795a cb3c 0e2f 5d3c e076 d93c  |^.<yZ.<./]<.v.<
00011770: 2838 313c c200 e53c efd1 013c 1ebf ed3c  (81<...<...<...<
00011780: 31a9 9f3b daeb f33c d70d da3a 17f4 f63c  1..;...<...:...<
00011790: ddf8 ddba b00a f73c 6be1 a5bb 0bdb f33c  .......<k......<
000117a0: 969a 0abc 3d91 ed3c 4518 42bc d050 e43c  ....=..<E.B..P.<
000117b0: fd46 78bc 45c2 d73c 2750 96bc 2a2c c83c  .Fx.E..<'P..*,.<
000117c0: 9f50 afbc 6bd3 b53c 89b1 c6bc ef94 a03c  .P..k..<.......<
000117d0: 82c8 dbbc 959d 883c b8e6 eebc e365 5d3c  .......<.....e]<
000117e0: aa55 ffbc f987 253c 4099 06bd 8b6b d43b  .U....%<@....k.;
000117f0: 93e8 0bbd fa51 333b e567 0fbd 004e a0ba  .....Q3;.g...N..
00011800: d442 11bd a5be a7bb 955c 11bd 32a0 15bc  .B.......\..2...
00011810: 1290 0fbd 6ddc 55bc a0f5 0bbd 1962 8abc  ....m.U......b..
00011820: 329a 06bd 6f4b a9bc 239c febc bb2c c6bc  2...oK..#....,..
00011830: c4da ecbc f915 e1bc 5c11 d8bc 9236 fabc  ........\....6..
00011840: 805d bfbc 622e 08bd 9f6d a4bc 2fb0 11bd  .]..b....m../...
00011850: 8991 86bc e399 19bd 315f 4dbc 0ee5 1fbd  ........1_M.....
00011860: e130 09bc 5933 24bd fef7 85bb 257f 26bd  .0..Y3$.....%.&.
00011870: ccec bf39 18c6 26bd a642 a03b 1920 25bd  ...9..&..B.;. %.
00011880: 7cd5 1a3c 3141 21bd 6be8 643c 4f44 1bbd  |..<1A!.k.d<OD..
00011890: 6f7d 963c 6e41 13bd 0774 b93c 6c4c 09bd  o}.<nA...t.<lL..
000118a0: fae4 da3c 25e3 fabc 8e2e fa3c b18a dfbc  ...<%......<....
000118b0: fc33 0b3d 17e1 c0bc 8919 183d e46d 9fbc  .3.=.......=.m..
000118c0: 6f12 233d bf61 76bc ed5d 2c3d b8f4 29bc  o.#=.av..],=..).
000118d0: 8581 333d 4dd9 b4bb 2e80 383d 6060 f6b9  ..3=M.....8=``..
000118e0: 576a 3b3d 24e0 973b f4cf 3b3d f409 203c  Wj;=$..;..;=.. <
000118f0: 400c 3a3d 51f8 723c 6899 353d 4d3f a23c  @.:=Q.r<h.5=M?.<
00011900: 180e 2f3d f596 c93c 731e 263d 6bd4 ee3c  ../=...<s.&=k..<
00011910: 4f06 1b3d 27cb 083d 87c0 0d3d 68ba 183d  O..='..=...=h..=
00011920: 23e9 fc3c 51e9 263d 0318 db3c e635 333d  #..<Q.&=...<.53=
00011930: 49d7 b53c 7741 3d3d f4b8 8d3c db30 453d  I..<wA==...<.0E=
00011940: f1e4 463c cfae 4a3d fc49 dd3b ff9d 4d3d  ..F<..J=.I.;..M=
00011950: b513 a43a 4a25 4e3d aeff 8ebb 56f2 4b3d  ...:J%N=....V.K=
00011960: 574a 23bc 9e37 473d 2710 7ebc c8f2 3f3d  WJ#..7G='.~...?=
00011970: cf51 abbc c328 363d 08ca d5bc 6534 2a3d  .Q...(6=....e4*=
00011980: 1c09 febc b5ca 1b3d 03ad 11bd a95c 0b3d  .......=.....\.=
00011990: 0ac2 22bd 2f25 f23c 1406 32bd 0e76 ca3c  .."./%.<..2..v.<
000119a0: 1c16 3fbd 3fb1 9f3c 8f00 4abd 7acd 653c  ..?.?..<..J.z.e<
000119b0: 3768 52bd b85e 083c d463 58bd a3c3 213b  7hR..^.<.cX...!;
000119c0: 64b0 5bbd 99f5 61bb be5a 5cbd 5064 19bc  d.[...a..Z\.Pd..
000119d0: 2861 5abd fee3 78bc 1e95 55bd 10f8 aabc  (aZ...x...U.....
000119e0: 5865 4ebd bbe2 d7bc e099 44bd 652c 01bd  XeN.......D.e,..
000119f0: 615d 38bd 8823 15bd e5e3 29bd d74d 27bd  a]8..#....)..M'.
00011a00: 9e29 19bd 3fb1 37bd 4bad 06bd 88ec 45bd  .)..?.7.K.....E.
00011a10: e7a6 e4bc 4ef6 51bd de01 b9bc efb4 5bbd  ....N.Q.......[.
00011a20: e62d 8bbc 76d7 62bd e234 36bc 8f73 67bd  .-..v.b..46..sg.
00011a30: b752 a7bb 7e5b 69bd 9e61 8c3a fa79 68bd  .R..~[i..a.:.yh.
00011a40: abee ec3b 5a04 65bd 9950 5b3c e7a8 5ebd  ...;Z.e..P[<..^.
00011a50: f422 9f3c 7fc3 55bd 181a cf3c 7d63 4abd  .".<..U....<}cJ.
00011a60: 1856 fd3c 9d59 3cbd 3666 143d 802c 2cbd  .V.<.Y<.6f.=.,,.
00011a70: 21b6 283d c19f 19bd d72d 3b3d d44d 05bd  !.(=.....-;=.M..
00011a80: 5cc3 4b3d 98e8 ddbc 4e1c 5a3d d58c aebc  \.K=....N.Z=....
00011a90: 1301 663d 11c6 78bc 9a58 6f3d f666 10bc  ..f=..x..Xo=.f..
00011aa0: d4f0 753d fd87 14bb c6c6 793d 6ac2 8e3b  ..u=......y=j..;
00011ab0: d7ad 7a3d bbe6 343c 70ad 783d 4599 903c  ..z=..4<p.x=E..<
00011ac0: 0194 733d e4a8 c53c ff95 6b3d ad2a f93c  ..s=...<..k=.*.<
00011ad0: f2a5 603d bd19 153d 40fc 523d affd 2b3d  ..`=...=@.R=..+=
00011ae0: 1884 423d b458 413d 38ac 2f3d 1e7b 543d  ..B=.XA=8./=.{T=
00011af0: c057 1a3d a14c 653d b505 033d 13ac 733d  .W.=.Le=...=..s=
00011b00: e093 d33c c62e 7f3d 1dd2 9d3c 26dc 833d  ...<...=...<&..=
00011b10: d1f1 4a3c ce8b 863d ad30 ad3b 9aa8 873d  ..J<...=.0.;...=
00011b20: 8547 ffba 9d13 873d c5af 17bc 09dc 843d  .G.....=.......=
00011b30: 9c81 87bc d70d 813d 3e12 c2bc 13f2 763d  .......=>.....v=
00011b40: e2ee fabc 84ee 683d f07d 18bd bdce 573d  ......h=.}....W=
00011b50: 0814 32bd 8bba 433d 09b3 49bd 6520 2d3d  ..2...C=..I.e -=
00011b60: d033 5fbd aa3c 143d 47ff 71bd ba5c f23c  .3_..<.=G.q..\.<
00011b70: 79f9 80bd 3b80 b83c b377 87bd ba54 783c  y...;..<.w...Tx<
00011b80: 9f4f 8cbd 1792 f73b 8780 8fbd cd7c 81b9  .O.....;.....|..
00011b90: 9ee6 90bd d024 04bc 1e7d 90bd 2609 82bc  .....$...}..&...
00011ba0: 0d60 8ebd cb60 c0bc 7159 8abd 092c fdbc  .`...`..qY...,..
00011bb0: 3cb5 84bd 2280 1bbd d0a7 7abd f5a0 36bd  <...".....z...6.
00011bc0: dccd 68bd e0cb 4fbd 3233 54bd 7496 66bd  ..h...O.23T.t.f.
00011bd0: e088 3cbd 40b5 7abd b3c5 22bd 45e9 85bd  ..<.@.z...".E...
00011be0: 2b9f 06bd 6ce0 8cbd c4bf d1bc 9143 92bd  +...l........C..
00011bf0: 063a 93bc 3cde 95bd 358e 25bc 20b4 97bd  .:..<...5.%. ...
00011c00: 4a77 07bb 74b1 97bd b80f c83b 23e3 95bd  Jw..t......;#...
00011c10: 723a 683c ee34 92bd 7157 b53c 94c7 8cbd  r:h<.4..qW.<....
00011c20: c868 f43c ecc0 85bd d65c 183d e03e 7abd  .h.<.....\.=.>z.
00011c30: bf09 353d 23ff 65bd 4cb8 4f3d 0ef7 4ebd  ..5=#.e.L.O=..N.
00011c40: 4450 683d 594a 35bd e272 7e3d 4558 19bd  DPh=YJ5..r~=EX..
00011c50: 3bda 883d e6eb f5bc 9607 913d 2411 b6bc  ;..=.......=$...
00011c60: 5a67 973d 2122 66bc 5518 9c3d 57fe b8bb  Zg.=!"f.U..=W...
00011c70: aae2 9e3d 7999 3a3b 8cd0 9f3d 643c 3a3c  ...=y.:;...=d<:<
00011c80: 89be 9e3d 3101 a23c 81cc 9b3d 6eb2 e53c  ...=1..<...=n..<
00011c90: dfff 963d e7a9 133d 4666 903d 65d3 323d  ...=...=Ff.=e.2=
00011ca0: 56f8 873d b20f 503d f2e3 7b3d 30f9 6a3d  V..=..P=..{=0.j=
00011cb0: 499c 643d bac7 813d b57e 4a3d 2d8f 8c3d  I.d=...=.~J=-..=
00011cc0: dfd0 2d3d 19c0 953d 5fc4 0e3d 314c 9d3d  ..-=...=_..=1L.=
00011cd0: 9d6e db3c badf a23d ec24 963c 85c6 a63d  .n.<...=.$.<...=
00011ce0: ff9e 1d3c 1390 a83d c7c1 343a 2477 a83d  ...<...=..4:$w.=
00011cf0: 76ed 07bc c958 a63d 8a94 8dbc 4f19 a23d  v....X.=....O..=
00011d00: cd1f d6bc 32f4 9b3d 6c6f 0ebd 1dde 933d  ....2..=lo.....=
00011d10: d06d 30bd cff6 893d 716b 50bd 8489 7c3d  .m0....=qkP...|=
00011d20: 8861 6ebd 21dc 613d 71d2 84bd 445a 443d  .an.!.a=q...DZD=
00011d30: 69fa 90bd ca13 243d b589 9bbd 458c 013d  i.....$=....E..=
00011d40: b438 a4bd a47c ba3c 9f1a abbd 6357 5d3c  .8...|.<....cW]<
00011d50: 2de4 afbd c4ce 833b 5992 b2bd 2566 b7bb  -......;Y...%f..
00011d60: 181c b3bd 747b 79bc 1c74 b1bd 82a1 cabc  ....t{y..t......
00011d70: 18be adbd ab6e 0bbd 8bbc a7bd 4823 30bd  .....n......H#0.
00011d80: 6bb2 9fbd b81b 53bd 589f 95bd a786 73bd  k.....S.X.....s.
00011d90: e1a1 89bd 50b1 88bd b6c4 77bd 4409 96bd  ....P.....w.D...
00011da0: e7f6 58bd 3aa2 a1bd 2862 37bd 7077 abbd  ..X.:...(b7.pw..
00011db0: eb2b 13bd f41c b3bd 84e9 d9bc 9bc8 b8bd  .+..............
00011dc0: 8e24 8abc 430c bcbd 70f0 dfbb ef18 bdbd  .$..C...p.......
00011dd0: 7c2e 563b 2cd2 bbbd 7a4a 5d3c 114c b8bd  |.V;,...zJ]<.L..
00011de0: ea59 c13c b687 b2bd af23 093d 5463 aabd  .Y.<.....#.=Tc..
00011df0: e93d 303d 4127 a0bd f22f 553d f2f2 93bd  .=0=A'.../U=....
00011e00: 0321 783d 21e3 85bd ed01 8c3d f20f 6cbd  .!x=!......=..l.
00011e10: d468 9a3d fb48 49bd 4806 a73d ead2 23bd  .h.=.HI.H..=..#.
00011e20: 40af b13d 022a f8bc 403e ba3d ff22 a5bc  @..=.*..@>.=."..
00011e30: c06b c03d a146 1fbc 8291 c43d 9e91 783a  .k.=.F.....=..x:
00011e40: bf10 c63d cc66 3e3c fa57 c53d 3b42 b63c  ...=.f><.W.=;B.<
00011e50: 852c c23d a8af 053d 4f84 bc3d baf8 2e3d  .,.=...=O..=...=
00011e60: 1f8d b43d 6b61 563d 3c49 aa3d 8764 7b3d  ...=kaV=<I.=.d{=
00011e70: fce4 9d3d 0cc4 8e3d ea8b 8f3d 182f 9e3d  ...=...=...=./.=
00011e80: a371 7e3d 4bb5 ab3d 7dd8 5a3d 1b4c b73d  .q~=K..=}.Z=.L.=
00011e90: 6718 343d ea97 c03d 97ed 0a3d cca6 c73d  g.4=...=...=...=
00011ea0: 62a1 bf3c 9b3b cc3d 108c 4d3c fd67 ce3d  b..<.;.=..M<.g.=
00011eb0: e084 c03a 0cfd cd3d 4208 1fbc df16 cb3d  ...:...=B......=
00011ec0: 8be9 a9bc a2b0 c53d 4c80 01bd 48be bd3d  .......=L...H..=
00011ed0: d6b3 2cbd 1298 b33d 47e9 55bd a416 a73d  ..,....=G.U....=
00011ee0: 85f5 7cbd 6b8a 983d 8671 90bd 47ff 873d  ..|.k..=.q..G..=
00011ef0: afd0 a0bd aa7c 6b3d 1f22 afbd 5b12 443d  .....|k=."..[.D=
00011f00: d87c bbbd 01d0 193d fd9a c5bd 899d db3c  .|.....=.......<
00011f10: 5544 cdbd 9a52 803c 4f99 d2bd b1d5 8b3b  UD...R.<O......;
00011f20: 1537 d5bd 3a57 ecbb d963 d5bd 03f7 98bc  .7..:W...c......
00011f30: 3cf9 d2bd fa0a f5bc 78dd cdbd a275 27bd  <.......x....u'.
00011f40: 6e57 c6bd 0d6c 52bd 0153 bcbd a601 7bbd  nW...lR..S....{.
00011f50: 0211 b0bd 7a6e 90bd e189 a1bd 6d88 a1bd  ....zn......m...
00011f60: 9f05 91bd 26db b0bd 6170 7dbd f017 bebd  ....&...ap}.....
00011f70: 8f7e 55bd d810 c9bd d3f4 2abd 61bb d1bd  .~U.......*.a...
00011f80: 0224 fcbc c2a4 d7bd 4b32 9fbc 3f5d dbbd  .$......K2..?]..
00011f90: b1da ffbb 570e dcbd 0a80 823b 4a67 dabd  ....W......;Jg..
00011fa0: 43df 803c 0c0b d6bd 8b84 e03c dc03 cfbd  C..<.......<....
00011fb0: 9f97 1e3d e589 c5bd 2c77 4b3d f595 b9bd  ...=....,wK=....
00011fc0: 54df 753d f584 abbd cbbd 8e3d b92a 9bbd  T.u=.......=.*..
00011fd0: 7809 a13d 08e1 88bd a150 b13d b31c 6abd  x..=.....P.=..j.
00011fe0: 03a1 bf3d 611e 3fbd 28ac cb3d 480f 12bd  ...=a.?.(..=H...
00011ff0: d965 d53d 60d6 c5bc 119c dc3d 2e38 49bc  .e.=`......=.8I.
00012000: f81a e13d 05be 8cb9 e219 e33d 9be8 413c  ...=.......=..A<
00012010: 0063 e23d 6a76 c33c b2f4 de3d 1920 123d  .c.=jv.<...=. .=
00012020: a1d4 d83d cfd9 403d e215 d03d 499a 6d3d  ...=..@=...=I.m=
00012030: 0cef c43d 010d 8c3d 7341 b73d 6a7d 9f3d  ...=...=sA.=j}.=
00012040: fa6a a73d be54 b13d 307f 953d 1318 c13d  .j.=.T.=0..=...=
00012050: d4a6 813d 9da4 ce3d ce59 583d afd4 d93d  ...=...=.YX=...=
00012060: 0d7a 2a3d db7d e23d e119 f53c ba9f e83d  .z*=.}.=...<...=
00012070: 3f0a 913c a9d3 eb3d 4a66 ac3b 8d64 ec3d  ?..<...=Jf.;.d.=
00012080: 214b f0bb 1e0f ea3d 1278 a3bc a3d6 e43d  !K.....=.x.....=
00012090: c8a0 04bd b7f3 dc3d ba7e 36bd 006b d23d  .......=.~6..k.=
000120a0: fb44 66bd e94b c53d a2ea 89bd 78a2 b53d  .Df..K.=....x..=
000120b0: 3437 9fbd afb8 a33d 039d b2bd 81c6 8f3d  47.....=.......=
000120c0: b719 c4bd e2bd 733d f74d d3bd 63cb 443d  ......s=.M..c.D=
000120d0: 4123 e0bd d317 133d a46a eabd 9896 be3c  A#.....=.j.....<
000120e0: ddd8 f1bd 9d67 273c 168d f6bd c19d 46bb  .....g'<......F.
000120f0: 9b28 f8bd 43e1 85bc fbf0 f6bd 5968 f2bc  .(..C.......Yh..
00012100: 07b7 f2bd d231 2ebd c075 ebbd dea6 61bd  .....1...u....a.
00012110: ef58 e1bd 807a 89bd 2a3b d4bd 336c a0bd  .X...z..*;..3l..
00012120: b8c2 c4bd 1ed7 b5bd 8493 b2bd e323 c9bd  .............#..
00012130: fc14 9ebd 3a1b dabd 4186 87bd e495 e8bd  ....:...A.......
00012140: c617 5ebd 264d f4bd d744 2abd 1d38 fdbd  ..^.&M...D*..8..
00012150: 395e e7bc c176 01be bbcf 6dbc fad3 02be  9^...v....m.....
00012160: 228b f3b9 bc8c 02be 1bc5 603c 19ab 00be  ".........`<....
00012170: ffb6 e33c 1357 fabd 2901 2b3d e025 f0bd  ...<.W..).+=.%..
00012180: 5afd 613d fffe e2bd 3d72 8b3d c9ea d2bd  Z.a=....=r.=....
00012190: 6856 a43d bc06 c0bd 2942 bb3d 679f aabd  hV.=....)B.=g...
000121a0: 2748 d03d a9e9 92bd a790 e23d a690 72bd  'H.=.......=..r.
000121b0: c85f f23d bf84 3bbd 5224 ff3d 404f 02bd  ._.=..;.R$.=@O..
000121c0: f05d 043e 0245 8dbc 969d 073e 8a8e 1ebb  .].>.E.....>....
000121d0: c612 093e a063 4d3c a8f4 083e 3ee9 e03c  ...>.cM<...>>..<
000121e0: 9e02 073e e117 2c3d 6556 033e 2a46 663d  ...>..,=eV.>*Ff=
000121f0: 464d fc3d 37da 8e3d 0573 ee3d 91ec a83d  FM.=7..=.s.=...=
00012200: 07a0 dd3d 5bf7 c03d c7e0 c93d 88a4 d63d  ...=[..=...=...=
00012210: ab99 b33d d0eb e93d de03 9b3d 9906 fa3d  ...=...=...=...=
00012220: ed32 803d 37a3 033e 6ac4 473d 0dbb 083e  .2.=7..>j.G=...>
00012230: 4dd9 0b3d 0102 0c3e 3ea7 9d3c 7ca9 0d3e  M..=...>>..<|..>
00012240: 4f78 7e3b 2063 0d3e d2ec 3cbc 5681 0b3e  Ox~; c.>..<.V..>
00012250: 736f dbbc dcec 073e fdb9 2bbd 4383 023e  so.....>..+.C..>
00012260: 7701 67bd 04e6 f63d c2e5 8fbd babb e53d  w.g....=.......=
00012270: 83bf aabd e0ca d13d b06f c3bd 0c0d bb3d  .......=.o.....=
00012280: 2feb d9bd 4c2c a23d 218b edbd b60b 873d  /...L,.=!......=
00012290: 0a75 febd 2a6f 543d 3110 06be c821 183d  .u..*oT=1....!.=
000122a0: af4a 0bbe 4b6d b33c 18e0 0ebe ae87 d23b  .J..Km.<.......;
000122b0: 23aa 10be 63be 17bc ffbd 10be 3412 ccbc  #...c.......4...
000122c0: 1deb 0ebe 2a5f 24bd 8184 0bbe 6b45 61bd  ....*_$.....kEa.
000122d0: f157 06be 33b3 8dbd 5eec febd 4919 a9bd  .W..3...^...I...
000122e0: 8b12 eebd 8891 c2bd 3434 dabd 47dd d9bd  ........44..G...
000122f0: 54de c3bd 9c4e eebd 64c9 aabd f1fb ffbd  T....N..d.......
00012300: 06c4 8fbd bf60 07be f81a 66bd bb05 0dbe  .....`....f.....
00012310: 47d1 29bd 9b2b 11be d406 d6bc ce62 13be  G.)..+.......b..
00012320: b39b 29bc 46eb 13be 1a86 b33b 4fac 12be  ..).F......;O...
00012330: 6d55 af3c 78a8 0fbe bad3 173d f4dd 0abe  mU.<x......=....
00012340: 5a7e 563d af5f 04be 6b53 893d 546d f8bd  Z~V=._..kS.=Tm..
00012350: 70c3 a53d d024 e5bd 8280 c03d 2cbd cebd  p..=.$.....=,...
00012360: 92cc d83d 0442 b6bd 37af ee3d e637 9bbd  ...=.B..7..=.7..
00012370: 5dd8 003e 607d 7cbd 45d2 083e 6b40 3fbd  ]..>`}|.E..>k@?.
00012380: 2a4c 0f3e e8d5 fdbc f0df 133e c535 76bc  *L.>.......>.5v.
00012390: 3bcb 163e 2419 ae3a ded3 173e 3166 903c  ;..>$..:...>1f.<
000123a0: 2608 173e 2c68 0a3d 3767 143e fd76 4b3d  &..>,h.=7g.>.vK=
000123b0: 3ef3 0f3e 9dc6 843d f8be 093e 58b0 a23d  >..>...=...>X..=
000123c0: e8d0 013e 8798 be3d 28a5 f03d f052 d83d  ...>...=(..=.R.=
000123d0: 6bbf da3d cc78 ef3d 16c1 c13d 95e3 013e  k..=.x.=...=...>
000123e0: 2f91 a63d ce8b 0a3e 031d 893d 117c 113e  /..=...>...=.|.>
000123f0: 6469 543d a9bf 163e ac73 133d 2b12 1a3e  diT=...>.s.=+..>
00012400: ac3c a03c c3ab 1b3e 3063 423b 233f 1b3e  .<.<...>0cB;#?.>
00012410: 6d8a 63bc 2e00 193e 3062 f9bc 4eed 143e  m.c....>0b..N..>
00012420: 564c 3fbd fff6 0e3e 6d20 80bd b250 073e  VL?....>m ...P.>
00012430: 62f4 9ebd 69f0 fb3d 5b2b bcbd e0e8 e53d  b...i..=[+.....=
00012440: e1bc d6bd 6d5f cd3d 0360 efbd 650a b23d  ....m_.=.`..e..=
00012450: 8f6f 02be caa7 943d eba2 0bbe ba2d 6a3d  .o.....=.....-j=
00012460: 5240 13be 575f 283d 20ec 18be 70bb c83c  R@..W_(= ...p..<
00012470: b1ce 1cbe b8be f83b a1e8 1ebe 08c1 1bbc  .......;........
00012480: 10fb 1ebe c59f d9bc 9b2f 1dbe 5df2 30bd  ........./..].0.
00012490: 135c 19be a38b 73bd 80db 13be 42c0 99bd  .\....s.....B...
000124a0: 6770 0cbe ce94 b7bd 7049 03be 0e87 d3bd  gp......pI......
000124b0: b665 f1bd dce5 ecbd 0cfa d8bd 8cc8 01be  .e..............
000124c0: cc16 bebd ef84 0bbe f4ce a0bd 3a90 13be  ............:...
000124d0: 629b 81bd e806 1abe b384 41bd fca0 1ebe  b.........A.....
000124e0: 8c02 fbbc 2d4e 21be bcd7 60bc ba2d 22be  ....-N!...`..-".
000124f0: 0271 633b 5304 21be 220c aa3c a205 1ebe  .qc;S.!."..<....
00012500: 0809 1b3d 4415 19be 3f07 5f3d 5770 12be  ...=D...?._=Wp..
00012510: 785d 903d 7d02 0abe f5aa af3d 55f1 ffbd  x].=}......=U...
00012520: df05 cd3d 2b86 e8bd 0b17 e83d 9a34 cebd  ...=+......=.4..
00012530: 2151 003e aeb6 b1bd a400 0b3e 2ea6 92bd  !Q.>.......>....
00012540: 0521 143e ce17 64bd d582 1b3e 7b93 1fbd  .!.>..d....>{...
00012550: d542 213e d31e b1bc ee03 253e 9780 86bb  .B!>......%>....
00012560: d9db 263e ef5f 603c 48bb 263e 0f58 003d  ..&>._`<H.&>.X.=
00012570: 00be 243e eacc 473d a8c2 203e f4b2 863d  ..$>..G=.. >...=
00012580: 95c9 1a3e 4f30 a83d 6302 133e f9cf c73d  ...>O0.=c..>...=
00012590: b44d 093e 3e1f e53d 6318 fc3d e20e 003e  .M.>>..=c..=...>
000125a0: 2c30 e23d e12a 0c3e d77f c53d da86 163e  ,0.=.*.>...=...>
000125b0: a470 a63d b73e 1f3e 270c 853d ed09 263e  .p.=.>.>'..=..&>
000125c0: 75ff 423d f500 2b3e 4968 f33c ecd5 2d3e  u.B=..+>Ih.<..->
000125d0: 4614 383c f4b2 2e3e 466f f2bb ab5e 2d3e  F.8<...>Fo...^->
000125e0: cf49 d6bc 3eeb 293e 7bb3 36bd d9c9 653f  .I..>.)>{.6...e?
000125f0: 6973 21bb b8b4 653f f156 05bb 6fb3 653f  is!...e?.V..o.e?
00012600: cb40 07bb c0ae 653f fb7b 07bb a7b2 653f  .@....e?.{....e?
00012610: 6000 00bb f8aa 653f ecef f3ba 3eaa 653f  `.....e?....>.e?
00012620: 779e faba 17a8 653f f159 f5ba b4a9 653f  w.....e?.Y....e?
00012630: 2576 ffba d3a9 653f 7f79 fcba d1a6 653f  %v....e?.y....e?
00012640: d446 fdba 0caa 653f 6994 01bb 9aa7 653f  .F....e?i.....e?
00012650: af07 00bb 7ea1 653f ea23 fdba 65a4 653f  ....~.e?.#..e.e?
00012660: 60fa f8ba 2ba1 653f ad6a feba 21a5 653f  `...+.e?.j..!.e?
00012670: 34a3 02bb 9da4 653f a40b 01bb f79f 653f  4.....e?......e?
00012680: 6eb7 01bb 17a1 653f 375c 07bb 3ea2 653f  n.....e?7\..>.e?
00012690: 94f5 05bb ba9d 653f 15ff 08bb cba2 653f  ......e?......e?
000126a0: 51de 0dbb a0a4 653f 2a16 10bb c9a1 653f  Q.....e?*.....e?
000126b0: 9b73 11bb 5a9e 653f 20bd 10bb 149e 653f  .s..Z.e? .....e?
000126c0: f54f 0ebb 709d 653f a21a 0fbb b49f 653f  .O..p.e?......e?
000126d0: a1ab 13bb 619a 653f ede4 11bb 739b 653f  ....a.e?....s.e?
000126e0: b2a3 1bbb 27a0 653f e627 2bbb 8da0 653f  ....'.e?.'+...e?
000126f0: 767d 2abb 6aac 653f 7cac 2abb daa5 653f  v}*.j.e?|.*...e?
00012700: c8ab 3cbb b0a5 653f be17 42bb 95ac 653f  ..<...e?..B...e?
00012710: 047e 5abb 91a7 653f 0382 83bb 24ac 653f  .~Z...e?....$.e?
00012720: 3dfb 92bb f9ac 653f 01c3 b2bb 9ba4 653f  =.....e?......e?
00012730: e877 e9bb f8ab 653f 6361 13bc d6a6 653f  .w....e?ca....e?
00012740: 4087 45bc 34a6 653f 5f7c 84bc 019a 653f  @.E.4.e?_|....e?
00012750: 94af b7bc a57f 653f 02a3 02bd 2672 653f  ......e?....&re?
00012760: ff7c 2bbd ab17 653f 19a9 7fbd 52b0 643f  .|+...e?....R.d?
00012770: e081 a9bd 6a2b 643f eeeb d2bd 3062 633f  ....j+d?....0bc?
00012780: 5fe9 fcbd 8a87 623f 1a50 13be 7890 613f  _.....b?.P..x.a?
00012790: 601f 28be d489 603f d9dd 3cbe d75c 5f3f  `.(...`?..<..\_?
000127a0: 2ef9 51be 9eb4 573f 564e 9bbe d532 4d3f  ..Q...W?VN...2M?
000127b0: 2fbd cbbe 55f5 3f3f 242f f9be 7d45 303f  /...U.??$/..}E0?
000127c0: 79a1 11bf aa2b 1e3f 6fb3 24bf 47eb 093f  y....+.?o.$.G..?
000127d0: e9a3 35bf 101b e83e b4f1 43bf e015 b93e  ..5....>..C....>
000127e0: 1dc8 4fbf 9fed 873e 4fb0 58bf 6344 2a3e  ..O....>O.X.cD*>
000127f0: c3ba 5ebf 3f87 843d baca 61bf d93d 18bd  ..^.?..=..a..=..
00012800: 4cca 61bf 238d 0dbe 51ac 5ebf c307 73be  L.a.#...Q.^...s.
00012810: efc0 58bf 9572 aabe d3cd 4fbf 5ae2 d8be  ..X..r....O.Z...
00012820: 8e14 44bf d833 02bf 9fbe 35bf d9cb 15bf  ..D..3....5.....
00012830: 2907 25bf b682 27bf ff17 12bf 78bc 36bf  ).%...'.....x.6.
00012840: b7cf fabe 0a54 43bf d363 cebe 1c3c 4dbf  .....TC..c...<M.
00012850: f77f 9fbe 8873 54bf 50ee 5dbe 47dd 58bf  .....sT.P.].G.X.
00012860: 00c4 f4bd d36e 5abf 2f3a b1bc 8c39 59bf  .....nZ./:...9Y.
00012870: ca70 9d3d d31b 55bf 3d20 323e 9d1a 4ebf  .p.=..U.= 2>..N.
00012880: 6998 893e 3c5d 44bf 55e3 b73e 0602 38bf  i..><]D.U..>..8.
00012890: 199e e33e 6835 29bf cb27 063f b33c 18bf  ...>h5)..'.?.<..
000128a0: d864 183f 0640 05bf 56b1 283f 0259 e1be  .d.?.@..V.(?.Y..
000128b0: 2f82 363f 484c b5be a5e4 413f 6f0e 87be  /.6?HL....A?o...
000128c0: 17a9 4a3f 7481 2ebe 59a2 503f 76b0 9abd  ..J?t...Y.P?v...
000128d0: ccdf 533f e551 a63c da4b 543f 85ef e93d  ..S?.Q.<.KT?...=
000128e0: fdee 513f 5e72 543e 82de 4c3f 324d 983e  ..Q?^rT>..L?2M.>
000128f0: 9e16 453f 31d2 c33e 61d9 3a3f eb08 ed3e  ..E?1..>a.:?...>
00012900: 2d21 2e3f 2b53 093f 6146 1f3f 8156 1a3f  -!.?+S.?aF.?.V.?
00012910: 434a 0e3f 0333 293f fe78 f73e a502 363f  CJ.?.3)?.x.>..6?
00012920: f2c6 ce3e 9733 403f 8f22 a43e 7504 483f  ...>.3@?.".>u.H?
00012930: 57fc 6e3e 7749 4d3f 0918 123e 6cd4 4f3f  W.n>wIM?...>l.O?
00012940: 6963 4d3d 2aa0 4f3f 0899 28bd 7fde 4c3f  icM=*.O?..(...L?
00012950: cd2b 08be dc85 473f e544 63be 6a8d 3f3f  .+....G?.Dc.j.??
00012960: 7fef 9dbe ff39 353f 3306 c8be dcaa 283f  .....95?3.....(?
00012970: 922c efbe 5fe5 193f 00b0 09bf 0447 093f  .,.._..?.....G.?
00012980: 4deb 19bf 9ae9 ed3e b23a 28bf 3679 c63e  M......>.:(.6y.>
00012990: 2349 34bf 6866 9c3e c31b 3ebf bf00 613e  #I4.hf.>..>...a>
000129a0: 4775 45bf cce0 063e 425a 4abf a878 2b3d  GuE....>BZJ..x+=
000129b0: b695 4cbf ff1e 44bd 0246 4cbf 98a8 0bbe  ..L...D..FL.....
000129c0: 4553 49bf e752 65be 5ae1 43bf 81c4 9dbe  ESI..Re.Z.C.....
000129d0: 77fc 3bbf 129f c6be 42aa 31bf 63d0 ecbe  w.;.....B.1.c...
000129e0: 422e 25bf f2f6 07bf e0ac 16bf d8cb 17bf  B.%.............
000129f0: 1847 06bf e09c 25bf dba7 e8be c85e 31bf  .G....%......^1.
00012a00: bf9e c1be 18c3 3abf 7974 98be ced6 41bf  ......:.yt....A.
00012a10: 90d2 5abe 166b 46bf a68f 02be 9d8d 48bf  ..Z..kF.......H.
00012a20: 59a6 22bd bd18 48bf cd08 453d cc16 45bf  Y."...H...E=..E.
00012a30: 7124 0a3e c39f 3fbf 8679 613e d7d2 37bf  q$.>..?..ya>..7.
00012a40: 5191 9a3e 18ae 2dbf 5d81 c23e 545a 21bf  Q..>..-.]..>TZ!.
00012a50: ba88 e73e b628 13bf 97e1 043f ea2b 03bf  ...>.(.....?.+..
00012a60: 4530 143f be61 e3be 5092 213f 5660 bdbe  E0.?.a..P.!?V`..
00012a70: 6208 2d3f 6525 95be e525 363f acb1 56be  b.-?e%...%6?..V.
00012a80: c0f9 3c3f 71bf 00be 5554 413f 7bca 25bd  ..<?q...UTA?{.%.
00012a90: 6a4d 433f e7e9 373d 05dd 423f 1e94 043e  jMC?..7=..B?...>
00012aa0: d6f4 3f3f 5839 593e aba2 3a3f 3443 953e  ..??X9Y>..:?4C.>
00012ab0: cbfb 323f 1e0f bc3e ba26 293f d746 e03e  ..2?...>.&)?.F.>
00012ac0: f13a 1d3f afad 003f 825e 0f3f 7e9d 0f3f  .:.?...?.^.?~..?
00012ad0: f678 ff3e a9a5 1c3f c627 dd3e b9b2 273f  .x.>...?.'.>..'?
00012ae0: 784d b83e 3785 303f 1c3e 913e 131f 373f  xM.>7.0?.>.>..7?
00012af0: 010b 513e b25c 3b3f 81e0 fa3d 1a44 3d3f  ..Q>.\;?...=.D=?
00012b00: 5942 223d e4b8 3c3f 4a1a 32bd dfcd 393f  YB"=..<?J.2...9?
00012b10: 4443 00be df95 343f 975b 52be 3623 2d3f  DC....4?.[R.6#-?
00012b20: 0aac 90be 0c80 233f 531e b6be d5de 173f  ......#?S......?
00012b30: f600 d9be ea61 0a3f 3c0b f9be b65d f63e  .....a.?<....].>
00012b40: 5ae9 0abf 5a15 d53e 5f6f 17bf a138 b13e  Z...Z..>_o...8.>
00012b50: 48f8 21bf d06a 8b3e b96c 2abf 8417 483e  H.!..j.>.l*...H>
00012b60: 2aae 30bf f37c ee3d a0a4 34bf a706 153d  *.0..|.=..4....=
00012b70: 1f5a 36bf 51c1 32bd 00bb 35bf c824 fbbd  .Z6.Q.2...5..$..
00012b80: f8cf 32bf 7a7b 4cbe 22a8 2dbf e40d 8cbe  ..2.z{L.".-.....
00012b90: af5e 26bf 77f0 afbe f802 1dbf ab6f d1be  .^&.w........o..
00012ba0: a6c7 11bf e202 f0be 35c3 04bf 0fb6 05bf  ........5.......
00012bb0: 2461 ecbe 3aad 11bf c87b ccbe c6b9 1bbf  $a..:....{......
00012bc0: 7244 aabe c9cc 23bf 7e02 86be 68c3 29bf  rD....#.~...h.).
00012bd0: 98bb 40be 1c8f 2dbf 827a e7bd 9734 2fbf  ..@...-..z...4/.
00012be0: 420d 17bd a0b0 2ebf 6df6 203d c5fd 2bbf  B.......m. =..+.
00012bf0: b135 ea3d f334 27bf 5a46 403e 4b69 20bf  .5.=.4'.ZF@>Ki .
00012c00: 243d 843e 16b2 17bf 1277 a63e 842a 0dbf  $=.>.....w.>.*..
00012c10: 9364 c63e 36ff 00bf 47b2 e33e 83b8 e6be  .d.>6...G..>....
00012c20: d318 fe3e edc6 c8be 6e93 0a3f 5f92 a8be  ...>....n..?_...
00012c30: 6264 143f 7389 86be 0149 1c3f a041 46be  bd.?s....I.?.AF.
00012c40: c84b 223f 8e14 fbbd 9d44 263f 714f 4fbd  .K"?.....D&?qOO.
00012c50: 6d34 283f 3412 b33c 2e26 283f fa0d bf3d  m4(?4..<.&(?...=
00012c60: 6b10 263f bf57 273e 38f5 213f cf61 6c3e  k.&?.W'>8.!?.al>
00012c70: ebf3 1b3f 443e 973e d40d 143f dd2a b63e  ...?D>.>...?.*.>
00012c80: d873 0a3f 62ae d23e 3980 fe3e bd8c ec3e  .s.?b..>9..>...>
00012c90: d727 e53e 03b2 013f dd3b c93e 8472 0b3f  .'.>...?.;.>.r.?
00012ca0: c0f2 aa3e b07e 133f 9dd4 8a3e 47ac 193f  ...>.~.?...>G..?
00012cb0: f368 523e e7fb 1d3f 95e3 0c3e c351 203f  .hR>...?...>.Q ?
00012cc0: a466 8c3d 92ac 203f 4328 80ba 6818 1f3f  .f.=.. ?C(..h..?
00012cd0: b27e 8fbd 5489 1b3f 3b33 0dbe da18 163f  .~..T..?;3.....?
00012ce0: 1784 50be b9dd 0e3f 5a5e 88be 8ce2 053f  ..P....?Z^.....?
00012cf0: dba9 a6be 879f f63e 29ab c2be 2a8c de3e  .......>)...*..>
00012d00: 4b13 dcbe fac7 c33e 1795 f2be 2cf5 a63e  K......>....,..>
00012d10: 29ec 02bf 6602 883e aedd 0abf 2767 4f3e  )...f..>....'gO>
00012d20: bb0f 11bf 2175 0c3e 5a58 15bf 861b 903d  ....!u.>ZX.....=
00012d30: 18b7 17bf 4f0a 5a3b 9f22 18bf e302 82bd  ....O.Z;."......
00012d40: 199a 16bf e1eb 03be b92f 13bf 1cc2 44be  ........./....D.
00012d50: 3fe1 0dbf 5e33 81be 87d3 06bf c93a 9ebe  ?...^3.......:..
00012d60: de29 fcbe 5713 b9be e58e e7be 8f53 d1be  .)..W........S..
00012d70: cb33 d0be 4091 e6be 943c b6be 29b1 f8be  .3..@....<..)...
00012d80: 2339 9abe 11d2 03bf 2fd0 78be e677 09bf  #9....../.x..w..
00012d90: 2b5f 3abe f75d 0dbf 29a9 f3bd 1d63 0fbf  +_:..]..)....c..
00012da0: eec4 61bd 6692 0fbf 9d5c 133c 3fd4 0dbf  ..a.f....\.<?...
00012db0: b387 943d e84e 0abf 15df 093e 3e11 05bf  ...=.N.....>>...
00012dc0: 823a 473e f635 fcbe e5b2 803e 8448 ebbe  .:G>.5.....>.H..
00012dd0: 440b 9c3e 057a d7be 1219 b53e 8d03 c1be  D..>.z.....>....
00012de0: 22a5 cb3e fb3d a8be 6f63 df3e ca96 8dbe  "..>.=..oc.>....
00012df0: 180c f03e 7f94 62be 77a3 fd3e 45bd 27be  ...>..b.w..>E.'.
00012e00: c5f6 033f 5216 d6bd 5b65 073f 0363 36bd  ...?R...[e.?.c6.
00012e10: 7a0a 093f d5a7 813c c700 093f c903 9a3d  z..?...<...?...=
00012e20: a939 073f 6356 083e 40c0 033f 6da0 413e  .9.?cV.>@..?m.A>
00012e30: 2752 fd3e 31f4 773e ad07 f03e d975 953e  'R.>1.w>...>.u.>
00012e40: 97df df3e 02cf ac3e 250b cd3e 71b9 c13e  ...>...>%..>q..>
00012e50: b8c9 b73e 7510 d43e 9e5b a03e 6b81 e33e  ...>u..>.[.>k..>
00012e60: b931 873e 3512 f03e e71b 593e f977 f93e  .1.>5..>..Y>.w.>
00012e70: 16a8 213e a8b2 ff3e 196c d13d b45b 013f  ..!>...>.l.=.[.?
00012e80: b2c3 3b3d c63a 013f 340b 2bbc 1c0a ff3e  ..;=.:.?4.+....>
00012e90: 62bd 87bd fc53 f83e ab4a f7bd 43a7 ee3e  b....S.>.J..C..>
00012ea0: e74c 31be c903 e23e 9952 64be 11bb d23e  .L1....>.Rd....>
00012eb0: a500 8abe 14e9 c03e 38bb 9fbe a9c3 ac3e  .......>8......>
00012ec0: 4035 b3be 57ad 963e f64b c4be b6a8 7d3e  @5..W..>.K....}>
00012ed0: bab7 d2be 5259 4b3e d33d debe 39d6 163e  ....RYK>.=..9..>
00012ee0: fabd e6be 5340 c23d 5728 ecbe 9e76 2a3d  ....S@.=W(...v*=
00012ef0: 7267 eebe f617 39bc b1ad edbe 1ab7 82bd  rg....9.........
00012f00: 30b7 e9be 6838 ebbd 40c5 e2be 9d89 27be  0...h8..@.....'.
00012f10: 23d4 d8be bf89 56be 511c ccbe 9528 81be  #.....V.Q....(..
00012f20: 8ae1 bcbe 9208 95be e14a abbe 4a97 a6be  .........J..J...
00012f30: 9198 97be b9c5 b5be 6d12 82be 3836 c2be  ........m...86..
00012f40: e800 56be dcd2 cbbe c5a9 25be 6e8f d2be  ..V.......%.n...
00012f50: 910a e7bd 092c d6be 73fb 80bd 84e2 d6be  .....,..s.......
00012f60: 7206 52bc 0a7e d4be 5401 173d d135 cfbe  r.R..~..T..=.5..
00012f70: a3e0 ae3d d101 c7be ed5f 073e 9621 bcbe  ...=....._.>.!..
00012f80: 2b94 343e 95ab aebe afed 5e3e a3e3 9ebe  +.4>......^>....
00012f90: 42b2 823e 7b09 8dbe 9ccd 933e a79a 72be  B..>{......>..r.
00012fa0: d1b6 a23e 6968 48be da0a af3e af8e 1bbe  ...>ihH....>....
00012fb0: 13d0 b83e f821 dabd 5da7 bf3e 388d 75bd  ...>.!..]..>8.u.
00012fc0: d1c6 c33e cafb 54bc 66f6 c43e 049b 093d  ...>..T.f..>...=
00012fd0: 2a4e c33e 8891 a23d adc6 be3e c39d fc3d  *N.>...=...>...=
00012fe0: b78c b73e 6371 293e 58c8 ad3e c27a 513e  ...>cq)>X..>.zQ>
00012ff0: 277e a13e b155 763e 530d 933e 9c93 8b3e  '~.>.Uv>S..>...>
00013000: 5b87 823e fac2 993e 3c89 603e 69c8 a53e  [..>...><.`>i..>
00013010: 78ee 383e 6f37 af3e e90f 0f3e f727 b63e  x.8>o7.>...>.'.>
00013020: af4a c63d 1344 ba3e 0670 593d a2a5 bb3e  .J.=.D.>.pY=...>
00013030: 1aaa 0d3c 3373 ba3e a083 11bd 0a81 b63e  ...<3s.>.......>
00013040: b393 a1bd 63e7 af3e 0100 f8bd ecce a63e  ....c..>.......>
00013050: f804 25be 3552 9b3e 10b7 4bbe 9eae 8d3e  ..%.5R.>..K....>
00013060: ee3d 6fbe 91f1 7b3e ab83 87be 0654 593e  .=o...{>.....TY>
00013070: 1e7e 95be c775 333e 6f23 a1be 3c30 0b3e  .~...u3>o#..<0.>
00013080: f49a aabe 1960 c23d 178d b1be ae8a 563d  .....`.=......V=
00013090: 50f1 b5be 6999 1c3c b6a9 b7be 4702 09bd  P...i..<....G...
000130a0: f7c5 b6be 19b1 9bbd 6b47 b3be b806 f0bd  ........kG......
000130b0: 544e adbe d0a7 20be 88e5 a4be 5092 46be  TN.... .....P.F.
000130c0: 0f25 9abe 5a0c 6abe 9138 8dbe fee8 84be  .%..Z.j..8......
000130d0: 9aad 7cbe e3f5 92be 0f6b 5bbe 70fd 9ebe  ..|......k[.p...
000130e0: d3f3 36be 36a8 a8be af43 10be c514 b0be  ..6.6....C......
000130f0: d95b cebd e9f3 b4be e0aa 74bd 3647 b7be  .[........t.6G..
00013100: 2146 90bc 1912 b7be 1637 cb3c f83f b4be  !F.......7.<.?..
00013110: 84b2 883d 7c0d afbe e0ed dc3d 7150 a7be  ...=|......=qP..
00013120: 7ad6 163e 2357 9dbe c37f 3d3e fa2a 91be  z..>#W....=>.*..
00013130: 7e29 613e 2fe8 82be e4f0 803e bd94 65be  ~)a>/......>..e.
00013140: 4c87 8f3e 182b 42be 4e13 9c3e 1819 1cbe  L..>.+B.N..>....
00013150: daa6 a63e 8544 e8bd d6c3 ae3e 8afa 93bd  ...>.D.....>....
00013160: 778d b43e 7685 f9bc abe0 b73e fb84 433c  w..>v......>..C<
00013170: 4790 b83e 638e 5e3d d4c0 b63e b348 c43d  G..>c.^=...>.H.=
00013180: 6a6a b23e 6486 0b3e 3a95 ab3e 01a7 323e  jj.>d..>:..>..2>
00013190: 8495 a23e 74ca 573e 4a17 973e acc1 793e  ...>t.W>J..>..y>
000131a0: e0c4 893e 6f35 8c3e d694 743e 36c7 993e  ...>o5.>..t>6..>
000131b0: 0166 523e 3313 a53e 5c47 2d3e a939 ae3e  .fR>3..>\G->.9.>
000131c0: 455c 053e cef0 b43e d983 b83d 4827 b93e  E\.>...>...=H'.>
000131d0: 9fec 443d 66f8 ba3e 82fc b33b 2233 ba3e  ..D=f..>...;"3.>
000131e0: 63df 18bd 48c8 b63e 36b2 a3bd 44ea b03e  c...H..>6...D..>
000131f0: 5360 f8bd 767b a83e 6825 25be 63d0 9d3e  S`..v{.>h%%.c..>
00013200: 3489 4bbe 29d8 903e bc73 6fbe 6ada 813e  4.K.)..>.so.j..>
00013210: fd25 88be 1310 623e a8b3 96be 9ef6 3c3e  .%....b>......<>
00013220: d64b a3be 0288 153e 697f adbe 5bf9 d63d  .K.....>i...[..=
00013230: 5c71 b5be 0f27 803d b4d5 babe e060 9b3c  \q...'.=.....`.<
00013240: f18c bdbe 8b0c cebc aeca bdbe b81f 8dbd  ................
00013250: 9344 bbbe 28a2 e5bd e921 b6be 7983 1dbe  .D..(....!..y...
00013260: 407f aebe cb7b 46be 3a46 a4be fa8d 6cbe  @....{F.:F....l.
00013270: f3cc 97be 44cd 87be 3f0b 89be 8d98 97be  ....D...?.......
00013280: 56c6 70be 7248 a5be 1de1 4bbe b3f7 b0be  V.p.rH....K.....
00013290: 1fa1 23be 1419 babe f7e8 f2bd b4b9 c0be  ..#.............
000132a0: 507e 99bd 8abf c4be c59d f9bc fd16 c6be  P~..............
000132b0: f77f 743c fab0 c4be 097a 773d 42ad c0be  ..t<.....zw=B...
000132c0: 42ca d73d 5df7 b9be fd0c 193e 6dc8 b0be  B..=]......>m...
000132d0: fbfa 433e a11a a5be 1a0c 6d3e 862e 97be  ..C>......m>....
000132e0: 716f 893e 6d10 87be deb8 9a3e 7714 6abe  qo.>m......>w.j.
000132f0: bf27 aa3e 57cd 42be 785e b73e b133 18be  .'.>W.B.x^.>.3..
00013300: 7763 c23e e1d9 d7bd c8d6 ca3e c1c6 75bd  wc.>.......>..u.
00013310: 9ad5 d03e f532 5ebc ea25 d43e 4bc4 083d  ...>.2^..%.>K..=
00013320: d3bc d43e 5475 a43d b6b6 d23e 8f8a 013e  ...>Tu.=...>...>
00013330: 13e9 cd3e 120b 303e 5372 c63e 1315 5c3e  ...>..0>Sr.>..\>
00013340: 8b91 bc3e a406 833e 6131 b03e 8385 963e  ...>...>a1.>...>
00013350: 8799 a13e 453b a83e d8e5 903e 301c b83e  ...>E;.>...>0..>
00013360: 5594 7c3e 37d0 c53e 3d29 543e 4850 d13e  U.|>7..>=)T>HP.>
00013370: 887b 283e 1744 da3e bd43 f63d 93a5 e03e  .{(>.D.>.C.=...>
00013380: 1a5d 973d f07c e43e f30e d93c c99c e53e  .].=.|.>...<...>
00013390: fcd0 aebc 2b1f e43e c306 8ebd 8ae9 df3e  ....+..>.......>
000133a0: fbc0 eebd b22a d93e 5bdd 26be e6e0 cf3e  .....*.>[.&....>
000133b0: 6691 54be 320f c43e ffde 7fbe 8909 b63e  f.T.2..>.......>
000133c0: 6953 94be 7beb a53e d205 a7be d6c4 933e  iS..{..>.......>
000133d0: f10c b8be e618 803e eedc c6be e67c 553e  .......>.....|U>
000133e0: 7d83 d3be 4270 283e 2ef4 ddbe c8a6 f23d  }...Bp(>.......=
000133f0: 2acc e5be 365b 913d 671e ebbe 1575 b93c  *...6[.=g....u.<
00013400: 41cf edbe a8f9 d7bc 24e6 edbe 48a7 98bd  A.......$...H...
00013410: 285a ebbe a398 fabd 320b e6be 7ed5 2cbe  (Z......2...~.,.
00013420: 5a45 debe 9a45 5abe b3fa d3be b9cb 82be  ZE...EZ.........
00013430: 4c35 c7be 1bd8 96be 245b b8be 2653 a9be  L5......$[..&S..
00013440: a45b a7be ddc6 b9be 2897 94be 930e c8be  .[......(.......
00013450: 090e 80be 0b2c d4be ba4b 54be 56c6 ddbe  .....,...KT.V...
00013460: 3a7f 26be 85e4 e4be e781 ecbd dd58 e9be  :.&..........X..
00013470: 73b4 8abd 4f26 ebbe a719 9dbc 4047 eabe  s...O&......@G..
00013480: 2ea3 f13c c5a5 e6be 3eba 9e3d 306b e0be  ...<....>..=0k..
00013490: 492a ff3d b591 d7be 5734 2e3e 7a52 ccbe  I*.=....W4.>zR..
000134a0: f49c 5a3e dbaf bebe c327 823e f0e9 aebe  ..Z>.....'.>....
000134b0: a050 953e 6920 9dbe 4faf a63e f090 89be  .P.>i ..O..>....
000134c0: 2ff7 b53e eeb8 68be 2e17 c33e 8413 3cbe  /..>..h....>..<.
000134d0: 0bb8 cd3e a626 0dbe ddc8 d53e 1270 b9bd  ...>.&.....>.p..
000134e0: 4656 db3e bb66 2dbd 8a15 de3e dee2 c53b  FV.>.f-....>...;
000134f0: ee17 de3e 6ea1 5d3d 0d69 db3e 4af8 cf3d  ...>n.]=.i.>J..=
00013500: 9cf9 d53e f196 163e 92dd cd3e 332f 433e  ...>...>...>3/C>
00013510: 6847 c33e 522f 6d3e d929 b63e 810f 8a3e  hG.>R/m>.).>...>
00013520: c3d9 a63e e36a 9b3e c877 953e 3ee1 aa3e  ...>.j.>.w.>>..>
00013530: 933a 823e 361d b83e ebca 5a3e 5eb5 c23e  .:.>6..>..Z>^..>
00013540: e687 2e3e c5cb ca3e 6f14 003e 7c44 d03e  ...>...>o..>|D.>
00013550: 5412 a03d 7ae7 d23e 4a32 fb3c 07c1 d23e  T..=z..>J2.<...>
00013560: b847 8cbc 5fda cf3e 530c 84bd 7b11 ca3e  .G.._..>S...{..>
00013570: 5d3d e3bd 9fb3 c13e 6656 1fbe 5ee5 b63e  ]=.....>fV..^..>
00013580: 6008 4bbe 99ab a93e 8975 73be f53a 9a3e  `.K....>.us..:.>
00013590: 0056 8cbe 1db7 883e 6a0f 9dbe 0926 6b3e  .V.....>j....&k>
000135a0: f688 abbe 51b9 413e 8ad0 b7be 4824 163e  ....Q.A>....H$.>
000135b0: 0492 c1be 9625 d13d 12e2 c8be 5ef6 673d  .....%.=....^.g=
000135c0: cf6e cdbe 50d6 273c 285a cfbe a479 13bd  .n..P.'<(Z...y..
000135d0: 558b cebe 7197 a6bd 4e1d cbbe 6cfe 00be  U...q...N...l...
000135e0: ae1b c5be ccb8 2cbe 5397 bcbe 8339 56be  ......,.S....9V.
000135f0: 1bb6 b1be 88b9 7cbe 8ea8 a4be 2aed 8fbe  ......|.....*...
00013600: 9887 95be 16c4 9fbe d684 84be 7eb3 adbe  ............~...
00013610: db4f 64be 2f5d b9be 378c 3cbe aca8 c2be  .Od./]..7.<.....
00013620: f8b9 12be 0f89 c9be 91a9 cebd 4403 cebe  ............D...
00013630: b0fd 6abd 93f9 cfbe 28c5 5ebc 767b cfbe  ..j.....(.^.v{..
00013640: c4b9 f83c 98ab ccbe 807a 963d a369 c7be  ...<.....z.=.i..
00013650: cc15 ed3d 35ce bfbe 1cef 1f3e 5112 b6be  ...=5......>Q...
00013660: d046 473e f52b aabe 7a5e 6c3e e2a5 9cbe  .FG>.+..z^l>....
00013670: d013 873e 1858 8dbe 6f83 963e 4359 79be  ...>.X..o..>CYy.
00013680: 2b02 a43e 2c52 55be b38f af3e 6514 2fbe  +..>,RU....>e./.
00013690: 8936 b93e 016a 07be 48b7 c03e 3208 bdbd  .6.>.j..H..>2...
000136a0: 8aff c53e 807a 54bd 531c c93e e93a 36bc  ...>.zT.S..>.:6.
000136b0: ac06 ca3e a671 f13c d1bb c83e c13a 8e3d  ...>.q.<...>.:.=
000136c0: 175f c53e 3262 de3d addd bf3e 2f31 153e  ._.>2b.=...>/1.>
000136d0: 846a b83e 5af5 393e 0c05 af3e 1bc9 5b3e  .j.>Z.9>...>..[>
000136e0: 87d3 a33e 1a59 7b3e 2e09 973e bce7 8b3e  ...>.Y{>...>...>
000136f0: ae9b 883e 478c 983e 36dc 713e 568c a33e  ...>G..>6.q>V..>
00013700: 6eea 4f3e 5c9d ac3e 962d 2c3e 36ce b33e  n.O>\..>.-,>6..>
00013710: dae0 063e 4df7 b83e 0478 c03d a108 bc3e  ...>M..>.x.=...>
00013720: d355 643d 4727 bd3e 804f 8a3c f118 bc3e  .Ud=G'.>.O.<...>
00013730: cfed b1bc 3000 b93e cee1 74bd b3e7 b33e  ....0..>..t....>
00013740: da9d c6bd a6cb ac3e 471b 08be 7ebf a33e  .......>G...~..>
00013750: 802d 2bbe 0cf3 983e c52a 4cbe d772 8c3e  .-+....>.*L..r.>
00013760: 068c 6abe b5d0 7c3e 6bfc 82be 08b5 5d3e  ..j...|>k.....]>
00013770: 6e21 8fbe 3e6b 3c3e f884 99be abee 183e  n!..>k<>.......>
00013780: 9121 a2be 76a4 e73d 28a7 a8be 541c 9a3d  .!..v..=(...T..=
00013790: 504a adbe d78a 173d 47c4 afbe 3028 dcba  PJ.....=G...0(..
000137a0: 9e20 b0be 53be 24bd bf3c aebe 1b69 9fbd  . ..S.$..<...i..
000137b0: d143 aabe 69ab eabd 2e29 a4be 9d12 19be  .C..i....)......
000137c0: aa21 9cbe 4434 3bbe 8145 92be 1b9c 5abe  .!..D4;..E....Z.
000137d0: 927e 86be b535 77be 5527 72be 153e 88be  .~...5w.U'r..>..
000137e0: 3c0d 54be 7412 93be 6fd6 33be 553e 9cbe  <.T.t...o.3.U>..
000137f0: 8ff8 10be 5a32 a3be 1145 d9bd 5b35 a8be  ....Z2...E..[5..
00013800: ac1c 8dbd a0e4 aabe 5e30 febc ca45 abbe  ........^0...E..
00013810: df21 e93b 0686 a9be e684 393d ad77 a5be  .!.;......9=.w..
00013820: baba a93d ffff ffff ffff ffff ffff ffff  ...=............
00013830: ffff ffff ffff ffff ffff ffff ffff ffff  ................
00013840: ffff ffff ffff ffff ffff ffff ffff ffff  ................
00013850: ffff ffff ffff ffff ffff ffff ffff ffff  ................
00013860: ffff ffff ffff ffff ffff ffff ffff ffff  ................
00013870: ffff ffff ffff ffff ffff ffff ffff ffff  ................
00013880: ffff ffff ffff ffff ffff ffff ffff ffff  ................
00013890: ffff ffff ffff ffff ffff ffff ffff ffff  ................
000138a0: ffff ffff ffff ffff ffff ffff ffff ffff  ................
000138b0: ffff ffff ffff ffff ffff ffff ffff ffff  ................
000138c0: ffff ffff ffff ffff ffff ffff ffff ffff  ................
000138d0: ffff ffff ffff ffff ffff ffff ffff ffff  ................
000138e0: ffff ffff ffff ffff ffff ffff ffff ffff  ................
000138f0: ffff ffff ffff ffff ffff ffff ffff ffff  ................
00013900: ffff ffff ffff ffff ffff ffff ffff ffff  ................
00013910: ffff ffff ffff ffff ffff ffff ffff ffff  ................
00013920: ffff ffff ffff ffff ffff ffff ffff ffff  ................
00013930: ffff ffff ffff ffff ffff ffff ffff ffff  ................
00013940: ffff ffff ffff ffff ffff ffff ffff ffff  ................
00013950: ffff ffff ffff ffff ffff ffff ffff ffff  ................
00013960: ffff ffff ffff ffff ffff ffff ffff ffff  ................
00013970: ffff ffff ffff ffff ffff ffff ffff ffff  ................
00013980: ffff ffff ffff ffff ffff ffff ffff ffff  ................
00013990: ffff ffff ffff ffff ffff ffff ffff ffff  ................
000139a0: ffff ffff ffff ffff ffff ffff ffff ffff  ................
000139b0: ffff ffff ffff ffff ffff ffff ffff ffff  ................
000139c0: ffff ffff ffff ffff ffff ffff ffff ffff  ................
000139d0: ffff ffff ffff ffff ffff ffff ffff ffff  ................
000139e0: ffff ffff ffff ffff ffff ffff ffff ffff  ................
000139f0: ffff ffff ffff ffff ffff ffff ffff ffff  ................
00013a00: ffff ffff ffff ffff ffff ffff ffff ffff  ................
00013a10: ffff ffff ffff ffff ffff ffff ffff ffff  ................
00013a20: ffff ffff ffff ffff ffff ffff ffff ffff  ................
00013a30: ffff ffff ffff ffff ffff ffff ffff ffff  ................
00013a40: ffff ffff ffff ffff ffff ffff ffff ffff  ................
00013a50: ffff ffff ffff ffff ffff ffff ffff ffff  ................
00013a60: ffff ffff ffff ffff ffff ffff ffff ffff  ................
00013a70: ffff ffff ffff ffff ffff ffff ffff ffff  ................
00013a80: ffff ffff ffff ffff ffff ffff ffff ffff  ................
00013a90: ffff ffff ffff ffff ffff ffff ffff ffff  ................
00013aa0: ffff ffff ffff ffff ffff ffff ffff ffff  ................
00013ab0: ffff ffff ffff ffff ffff ffff ffff ffff  ................
00013ac0: ffff ffff ffff ffff ffff ffff ffff ffff  ................
00013ad0: ffff ffff ffff ffff ffff ffff ffff ffff  ................
00013ae0: ffff ffff ffff ffff ffff ffff ffff ffff  ................
00013af0: ffff ffff ffff ffff ffff ffff ffff ffff  ................
00013b00: ffff ffff ffff ffff ffff ffff ffff ffff  ................
00013b10: ffff ffff ffff ffff ffff ffff ffff ffff  ................
00013b20: ffff ffff ffff ffff ffff ffff ffff ffff  ................
00013b30: ffff ffff ffff ffff ffff ffff ffff ffff  ................
00013b40: ffff ffff ffff ffff ffff ffff ffff ffff  ................
00013b50: ffff ffff ffff ffff ffff ffff ffff ffff  ................
00013b60: ffff ffff ffff ffff ffff ffff ffff ffff  ................
00013b70: ffff ffff ffff ffff ffff ffff ffff ffff  ................
00013b80: ffff ffff ffff ffff ffff ffff ffff ffff  ................
00013b90: ffff ffff ffff ffff ffff ffff ffff ffff  ................
00013ba0: ffff ffff ffff ffff ffff ffff ffff ffff  ................
00013bb0: ffff ffff ffff ffff ffff ffff ffff ffff  ................
00013bc0: ffff ffff ffff ffff ffff ffff ffff ffff  ................
00013bd0: ffff ffff ffff ffff ffff ffff ffff ffff  ................
00013be0: ffff ffff ffff ffff ffff ffff ffff ffff  ................
00013bf0: ffff ffff ffff ffff ffff ffff ffff ffff  ................
00013c00: ffff ffff ffff ffff ffff ffff ffff ffff  ................
00013c10: ffff ffff ffff ffff ffff ffff ffff ffff  ................
00013c20: ffff ffff ffff ffff ffff ffff ffff ffff  ................
00013c30: ffff ffff ffff ffff ffff ffff ffff ffff  ................
00013c40: ffff ffff ffff ffff ffff ffff ffff ffff  ................
00013c50: ffff ffff ffff ffff ffff ffff ffff ffff  ................
00013c60: ffff ffff ffff ffff ffff ffff ffff ffff  ................
00013c70: ffff ffff ffff ffff ffff ffff ffff ffff  ................
00013c80: ffff ffff ffff ffff ffff ffff ffff ffff  ................
00013c90: ffff ffff ffff ffff ffff ffff ffff ffff  ................
00013ca0: ffff ffff ffff ffff ffff ffff ffff ffff  ................
00013cb0: ffff ffff ffff ffff ffff ffff ffff ffff  ................
00013cc0: ffff ffff ffff ffff ffff ffff ffff ffff  ................
00013cd0: ffff ffff ffff ffff ffff ffff ffff ffff  ................
00013ce0: ffff ffff ffff ffff ffff ffff ffff ffff  ................
00013cf0: ffff ffff ffff ffff ffff ffff ffff ffff  ................
00013d00: ffff ffff ffff ffff ffff ffff ffff ffff  ................
00013d10: ffff ffff ffff ffff ffff ffff ffff ffff  ................
00013d20: ffff ffff ffff ffff ffff ffff ffff ffff  ................
00013d30: ffff ffff ffff ffff ffff ffff ffff ffff  ................
00013d40: ffff ffff ffff ffff ffff ffff ffff ffff  ................
00013d50: ffff ffff ffff ffff ffff ffff ffff ffff  ................
00013d60: ffff ffff ffff ffff ffff ffff ffff ffff  ................
00013d70: ffff ffff ffff ffff ffff ffff ffff ffff  ................
00013d80: ffff ffff ffff ffff ffff ffff ffff ffff  ................
00013d90: ffff ffff ffff ffff ffff ffff ffff ffff  ................
00013da0: ffff ffff ffff ffff ffff ffff ffff ffff  ................
00013db0: ffff ffff ffff ffff ffff ffff ffff ffff  ................
00013dc0: ffff ffff ffff ffff ffff ffff ffff ffff  ................
00013dd0: ffff ffff ffff ffff ffff ffff ffff ffff  ................
00013de0: ffff ffff ffff ffff ffff ffff ffff ffff  ................
00013df0: ffff ffff ffff ffff ffff ffff ffff ffff  ................
00013e00: ffff ffff ffff ffff ffff ffff ffff ffff  ................
00013e10: ffff ffff ffff ffff ffff ffff ffff ffff  ................
00013e20: ffff ffff ffff ffff ffff ffff ffff ffff  ................
00013e30: ffff ffff ffff ffff ffff ffff ffff ffff  ................
00013e40: ffff ffff ffff ffff ffff ffff ffff ffff  ................
00013e50: ffff ffff ffff ffff ffff ffff ffff ffff  ................
00013e60: ffff ffff ffff ffff ffff ffff ffff ffff  ................
00013e70: ffff ffff ffff ffff ffff ffff ffff ffff  ................
00013e80: ffff ffff ffff ffff ffff ffff ffff ffff  ................
00013e90: ffff ffff ffff ffff ffff ffff ffff ffff  ................
00013ea0: ffff ffff ffff ffff ffff ffff ffff ffff  ................
00013eb0: ffff ffff ffff ffff ffff ffff ffff ffff  ................
00013ec0: ffff ffff ffff ffff ffff ffff ffff ffff  ................
00013ed0: ffff ffff ffff ffff ffff ffff ffff ffff  ................
00013ee0: ffff ffff ffff ffff ffff ffff ffff ffff  ................
00013ef0: ffff ffff ffff ffff ffff ffff ffff ffff  ................
00013f00: ffff ffff ffff ffff ffff ffff ffff ffff  ................
00013f10: ffff ffff ffff ffff ffff ffff ffff ffff  ................
00013f20: ffff ffff ffff ffff ffff ffff ffff ffff  ................
00013f30: ffff ffff ffff ffff ffff ffff ffff ffff  ................
00013f40: ffff ffff ffff ffff ffff ffff ffff ffff  ................
00013f50: ffff ffff ffff ffff ffff ffff ffff ffff  ................
00013f60: ffff ffff ffff ffff ffff ffff ffff ffff  ................
00013f70: ffff ffff ffff ffff ffff ffff ffff ffff  ................
00013f80: ffff ffff ffff ffff ffff ffff ffff ffff  ................
00013f90: ffff ffff ffff ffff ffff ffff ffff ffff  ................
00013fa0: ffff ffff ffff ffff ffff ffff ffff ffff  ................
00013fb0: ffff ffff ffff ffff ffff ffff ffff ffff  ................
00013fc0: ffff ffff ffff ffff ffff ffff ffff ffff  ................
00013fd0: ffff ffff ffff ffff ffff ffff ffff ffff  ................
00013fe0: ffff ffff ffff ffff ffff ffff ffff ffff  ................
00013ff0: ffff ffff ffff ffff ffff ffff ffff ffff  ................
