ISO-10303-21;
HEADER;
FILE_DESCRIPTION (( 'STEP AP214' ),
    '1' );
FILE_NAME ('Same_Sky_CPG-01-TH-B.step',
    '2024-10-01T18:26:51',
    ( '' ),
    ( '' ),
    'SwSTEP 2.0',
    'SolidWorks 2024',
    '' );
FILE_SCHEMA (( 'AUTOMOTIVE_DESIGN' ));
ENDSEC;

DATA;
#1 = CARTESIAN_POINT ( 'NONE',  ( -2.599109873307885898, 0.9231894049074432784, -0.01011338045173947389 ) ) ;
#2 = EDGE_CURVE ( 'NONE', #381, #1125, #1103, .T. ) ;
#3 = AXIS2_PLACEMENT_3D ( 'NONE', #1129, #176, #598 ) ;
#4 = SURFACE_SIDE_STYLE ('',( #247 ) ) ;
#5 = CIRCLE ( 'NONE', #690, 0.02500000000000000486 ) ;
#6 = AXIS2_PLACEMENT_3D ( 'NONE', #810, #705, #964 ) ;
#7 = FACE_OUTER_BOUND ( 'NONE', #109, .T. ) ;
#8 = EDGE_LOOP ( 'NONE', ( #572, #172, #652, #301, #152 ) ) ;
#9 = CARTESIAN_POINT ( 'NONE',  ( -2.606386099843319037, 0.9121004566210039188, 0.000000000000000000 ) ) ;
#10 = DIRECTION ( 'NONE',  ( 0.000000000000000000, 0.000000000000000000, 1.000000000000000000 ) ) ;
#11 = LINE ( 'NONE', #1159, #1028 ) ;
#12 = DIRECTION ( 'NONE',  ( 1.000000000000000000, -4.081702296416016786E-15, 0.000000000000000000 ) ) ;
#13 = CYLINDRICAL_SURFACE ( 'NONE', #828, 0.02952755905511811677 ) ;
#14 = ORIENTED_EDGE ( 'NONE', *, *, #1084, .T. ) ;
#15 = ORIENTED_EDGE ( 'NONE', *, *, #200, .T. ) ;
#16 = CARTESIAN_POINT ( 'NONE',  ( -2.645325925836756298, 0.8953681731564369084, 0.000000000000000000 ) ) ;
#17 = DIRECTION ( 'NONE',  ( -1.000000000000000000, 0.000000000000000000, 0.000000000000000000 ) ) ;
#18 = DIRECTION ( 'NONE',  ( 0.000000000000000000, 0.000000000000000000, 1.000000000000000000 ) ) ;
#19 = CARTESIAN_POINT ( 'NONE',  ( -2.603349319016547536, 0.9119317162683308053, 0.01604558452659797865 ) ) ;
#20 = ORIENTED_EDGE ( 'NONE', *, *, #63, .F. ) ;
#21 = EDGE_CURVE ( 'NONE', #608, #537, #365, .T. ) ;
#22 = ORIENTED_EDGE ( 'NONE', *, *, #209, .T. ) ;
#23 = CARTESIAN_POINT ( 'NONE',  ( -2.603225491692806148, 0.9297773976749383884, 0.009036937456761083912 ) ) ;
#24 = CARTESIAN_POINT ( 'NONE',  ( -2.598577293425996526, 0.9262100177561096714, -0.004702808441015864614 ) ) ;
#25 = CARTESIAN_POINT ( 'NONE',  ( -2.645325925836756298, 0.9288327400855709293, 2.049113738730807629E-18 ) ) ;
#26 = CARTESIAN_POINT ( 'NONE',  ( -2.597404310158279550, 0.9318862617880055987, 0.001926903171984545955 ) ) ;
#27 = ORIENTED_EDGE ( 'NONE', *, *, #439, .F. ) ;
#28 = VECTOR ( 'NONE', #607, 39.37007874015748143 ) ;
#29 = ORIENTED_EDGE ( 'NONE', *, *, #143, .F. ) ;
#30 = LENGTH_MEASURE_WITH_UNIT ( LENGTH_MEASURE( 0.02539999999999999897 ), #573 );
#31 = CARTESIAN_POINT ( 'NONE',  ( -2.246386581821008033, 0.9121004566210039188, -0.01181102362204724567 ) ) ;
#32 = DIRECTION ( 'NONE',  ( -0.9659258263464068905, 0.2545138243791459920, -0.04701075618315860710 ) ) ;
#33 = EDGE_LOOP ( 'NONE', ( #361, #14, #633, #653, #1357 ) ) ;
#34 = ORIENTED_EDGE ( 'NONE', *, *, #1134, .F. ) ;
#35 = DIRECTION ( 'NONE',  ( -1.000000000000000000, 0.000000000000000000, 0.000000000000000000 ) ) ;
#36 = CARTESIAN_POINT ( 'NONE',  ( -2.735044618032296704, 0.8782678988104847262, -0.009765270498477248567 ) ) ;
#37 = CARTESIAN_POINT ( 'NONE',  ( -2.647937782608409396, 0.9509209282745472169, -0.01941023582677165599 ) ) ;
#38 = EDGE_LOOP ( 'NONE', ( #745, #231, #1156, #1293 ) ) ;
#39 = ORIENTED_EDGE ( 'NONE', *, *, #1010, .F. ) ;
#40 = CARTESIAN_POINT ( 'NONE',  ( -2.606047470039347669, 0.9182098618257743539, 0.01888956461043440893 ) ) ;
#41 = DIRECTION ( 'NONE',  ( -1.000000000000000000, 0.000000000000000000, 0.000000000000000000 ) ) ;
#42 = CARTESIAN_POINT ( 'NONE',  ( -2.798036743900995216, 0.9402122076905371495, -0.02120688396995764474 ) ) ;
#43 = DIRECTION ( 'NONE',  ( 1.000000000000000000, 0.000000000000000000, 0.000000000000000000 ) ) ;
#44 = UNCERTAINTY_MEASURE_WITH_UNIT (LENGTH_MEASURE( 1.000000000000000082E-05 ), #479, 'distance_accuracy_value', 'NONE');
#45 = ORIENTED_EDGE ( 'NONE', *, *, #509, .T. ) ;
#46 = AXIS2_PLACEMENT_3D ( 'NONE', #522, #1150, #1250 ) ;
#47 = VERTEX_POINT ( 'NONE', #60 ) ;
#48 =( CONVERSION_BASED_UNIT ( 'INCH', #30 ) LENGTH_UNIT ( ) NAMED_UNIT ( #1253 ) );
#49 = CARTESIAN_POINT ( 'NONE',  ( -2.380244849537543228, 0.9121004566210039188, -0.02165354330708661734 ) ) ;
#50 = VECTOR ( 'NONE', #961, 39.37007874015748143 ) ;
#51 = AXIS2_PLACEMENT_3D ( 'NONE', #1130, #177, #350 ) ;
#52 = CARTESIAN_POINT ( 'NONE',  ( -2.313315715679275186, 0.9121004566210039188, 0.000000000000000000 ) ) ;
#53 = DIRECTION ( 'NONE',  ( 0.000000000000000000, 0.000000000000000000, -1.000000000000000000 ) ) ;
#54 = VERTEX_POINT ( 'NONE', #473 ) ;
#55 = EDGE_CURVE ( 'NONE', #249, #550, #1091, .T. ) ;
#56 = EDGE_LOOP ( 'NONE', ( #667, #147 ) ) ;
#57 = CARTESIAN_POINT ( 'NONE',  ( -2.600095540748831091, 0.9177969772871753529, -0.01905528566139634561 ) ) ;
#58 = DIRECTION ( 'NONE',  ( -1.000000000000000000, -0.000000000000000000, -0.000000000000000000 ) ) ;
#59 = UNCERTAINTY_MEASURE_WITH_UNIT (LENGTH_MEASURE( 1.000000000000000082E-05 ), #48, 'distance_accuracy_value', 'NONE');
#60 = CARTESIAN_POINT ( 'NONE',  ( -2.242449573946992292, 0.9121004566210039188, -0.007874015748031770040 ) ) ;
#61 =( BOUNDED_CURVE ( )  B_SPLINE_CURVE ( 3, ( #1291, #232, #130, #565, #23, #437, #1204, #865, #40, #1284 ),
 .UNSPECIFIED., .F., .T. ) 
 B_SPLINE_CURVE_WITH_KNOTS ( ( 4, 2, 2, 2, 4 ),
 ( 0.000000000000000000, 0.2500000000156128444, 0.5000000000312330162, 0.7500000000468464156, 1.000000000000000000 ),
 .UNSPECIFIED. ) 
 CURVE ( )  GEOMETRIC_REPRESENTATION_ITEM ( )  RATIONAL_B_SPLINE_CURVE ( ( 0.9999999998826687442, 0.9999999998826631931, 0.9999999998835031878, 0.9999999998866551110, 0.9999999998889674835, 0.9999999998945878765, 0.9999999998978901239, 0.9999999999048829746, 0.9999999999085700253, 0.9999999999121622629 ) ) 
 REPRESENTATION_ITEM ( '' )  );
#62 = DIRECTION ( 'NONE',  ( 0.000000000000000000, 0.000000000000000000, 1.000000000000000000 ) ) ;
#63 = EDGE_CURVE ( 'NONE', #765, #1064, #65, .T. ) ;
#64 = CARTESIAN_POINT ( 'NONE',  ( -2.735044618032295816, 0.9149608599914984541, 0.01548607723421612653 ) ) ;
#65 = B_SPLINE_CURVE_WITH_KNOTS ( 'NONE', 3,
 ( #360, #1208, #689, #1308, #1228, #785, #1021, #456, #369, #701 ),
 .UNSPECIFIED., .F., .F.,
 ( 4, 2, 2, 2, 4 ),
 ( 0.000000000000000000, 0.2499999999684602014, 0.4999999999369141856, 0.7499999999053761357, 1.000000000000000000 ),
 .UNSPECIFIED. ) ;
#66 = LINE ( 'NONE', #1307, #600 ) ;
#67 = DIRECTION ( 'NONE',  ( 0.000000000000000000, 0.000000000000000000, 1.000000000000000000 ) ) ;
#68 = ORIENTED_EDGE ( 'NONE', *, *, #740, .F. ) ;
#69 = CARTESIAN_POINT ( 'NONE',  ( -2.606047470040169678, 0.9110588533931833766, -0.01982562851068329565 ) ) ;
#70 =( BOUNDED_CURVE ( )  B_SPLINE_CURVE ( 3, ( #347, #1192, #855, #1169, #768, #225, #1265, #541, #432, #862 ),
 .UNSPECIFIED., .F., .T. ) 
 B_SPLINE_CURVE_WITH_KNOTS ( ( 4, 2, 2, 2, 4 ),
 ( 0.000000000000000000, 0.2500000000468441397, 0.5000000000312285753, 0.7500000000156141766, 1.000000000000000000 ),
 .UNSPECIFIED. ) 
 CURVE ( )  GEOMETRIC_REPRESENTATION_ITEM ( )  RATIONAL_B_SPLINE_CURVE ( ( 0.9999999968105875991, 0.9999999969410215961, 0.9999999970679613881, 0.9999999972978557139, 0.9999999974007955927, 0.9999999975703899313, 0.9999999976370439470, 0.9999999977267255424, 0.9999999977498317261, 0.9999999977497553427 ) ) 
 REPRESENTATION_ITEM ( '' )  );
#71 = MECHANICAL_DESIGN_GEOMETRIC_PRESENTATION_REPRESENTATION (  '', ( #371 ), #688 ) ;
#72 = CIRCLE ( 'NONE', #400, 0.007874015748031770040 ) ;
#73 = DIRECTION ( 'NONE',  ( 0.000000000000000000, 0.1816356141929389711, 0.9833659052747119045 ) ) ;
#74 = AXIS2_PLACEMENT_3D ( 'NONE', #92, #1346, #514 ) ;
#75 = FACE_OUTER_BOUND ( 'NONE', #141, .T. ) ;
#76 = AXIS2_PLACEMENT_3D ( 'NONE', #1297, #1106, #155 ) ;
#77 = CARTESIAN_POINT ( 'NONE',  ( -2.329063747175339039, 0.8871004566210038966, 0.000000000000000000 ) ) ;
#78 = LINE ( 'NONE', #49, #965 ) ;
#79 = ORIENTED_EDGE ( 'NONE', *, *, #1287, .F. ) ;
#80 = PLANE ( 'NONE',  #162 ) ;
#81 = DIRECTION ( 'NONE',  ( 0.000000000000000000, 0.1816356141929409973, 0.9833659052747116824 ) ) ;
#82 = DIRECTION ( 'NONE',  ( 1.000000000000000000, 0.000000000000000000, 0.000000000000000000 ) ) ;
#83 = EDGE_CURVE ( 'NONE', #435, #990, #798, .T. ) ;
#84 = CARTESIAN_POINT ( 'NONE',  ( -2.642220404370878128, 0.9314580531815297437, -0.003575504216396468635 ) ) ;
#85 = ORIENTED_EDGE ( 'NONE', *, *, #885, .F. ) ;
#86 = CARTESIAN_POINT ( 'NONE',  ( -2.605908699646468651, 0.8968956869417884503, -0.01277134187366886844 ) ) ;
#87 = CARTESIAN_POINT ( 'NONE',  ( -2.602380151023263366, 0.9309899367207472576, -0.006109862741164880963 ) ) ;
#88 = DIRECTION ( 'NONE',  ( 0.000000000000000000, 0.000000000000000000, 1.000000000000000000 ) ) ;
#89 = DIRECTION ( 'NONE',  ( 0.000000000000000000, 0.000000000000000000, 1.000000000000000000 ) ) ;
#90 = ORIENTED_EDGE ( 'NONE', *, *, #2, .F. ) ;
#91 = FACE_OUTER_BOUND ( 'NONE', #1216, .T. ) ;
#92 = CARTESIAN_POINT ( 'NONE',  ( -2.313315715679275186, 0.9121004566210039188, 0.000000000000000000 ) ) ;
#93 = AXIS2_PLACEMENT_3D ( 'NONE', #124, #32, #877 ) ;
#94 = CARTESIAN_POINT ( 'NONE',  ( -2.641782469616281936, 0.9121004566210039188, 0.000000000000000000 ) ) ;
#95 = VECTOR ( 'NONE', #1334, 39.37007874015748143 ) ;
#96 = DIRECTION ( 'NONE',  ( -1.000000000000000000, 4.081702296416016786E-15, 0.000000000000000000 ) ) ;
#97 = AXIS2_PLACEMENT_3D ( 'NONE', #217, #1245, #1353 ) ;
#98 = EDGE_LOOP ( 'NONE', ( #498, #825, #236 ) ) ;
#99 = CARTESIAN_POINT ( 'NONE',  ( -2.313315715679275186, 0.9121004566210039188, -0.02952755905511811677 ) ) ;
#100 = EDGE_CURVE ( 'NONE', #388, #550, #487, .T. ) ;
#101 = CARTESIAN_POINT ( 'NONE',  ( -2.600671859174028100, 0.9213968959522339519, 0.01227605289759860566 ) ) ;
#102 = DIRECTION ( 'NONE',  ( -1.000000000000000000, 4.081702296416016786E-15, 0.000000000000000000 ) ) ;
#103 = ORIENTED_EDGE ( 'NONE', *, *, #1360, .T. ) ;
#104 = CARTESIAN_POINT ( 'NONE',  ( -2.645325925836756298, 0.9121004566210039188, 0.000000000000000000 ) ) ;
#105 = EDGE_CURVE ( 'NONE', #381, #146, #1324, .T. ) ;
#106 = CARTESIAN_POINT ( 'NONE',  ( -2.407803904655653415, 0.9121004566210039188, -0.02500000000000000486 ) ) ;
#107 = CYLINDRICAL_SURFACE ( 'NONE', #578, 0.02500000000000000486 ) ;
#108 = CARTESIAN_POINT ( 'NONE',  ( -2.607704314134657864, 0.9105160875971177736, 0.01978965028575446414 ) ) ;
#109 = EDGE_LOOP ( 'NONE', ( #34, #899, #139, #591 ) ) ;
#110 = CYLINDRICAL_SURFACE ( 'NONE', #712, 0.01968503937007869478 ) ;
#111 = CARTESIAN_POINT ( 'NONE',  ( -2.603349319016547536, 0.9062109095220963750, -0.01492656997024334291 ) ) ;
#112 = EDGE_CURVE ( 'NONE', #171, #996, #248, .T. ) ;
#113 =( BOUNDED_CURVE ( )  B_SPLINE_CURVE ( 3, ( #1026, #717, #1144, #197 ),
 .UNSPECIFIED., .F., .F. ) 
 B_SPLINE_CURVE_WITH_KNOTS ( ( 4, 4 ),
 ( 0.06314145700005398265, 0.9368585429999997105 ),
 .UNSPECIFIED. ) 
 CURVE ( )  GEOMETRIC_REPRESENTATION_ITEM ( )  RATIONAL_B_SPLINE_CURVE ( ( 0.9565783021659584051, 0.7697947703959752142, 0.7697947703959867605, 0.9565783021659931551 ) ) 
 REPRESENTATION_ITEM ( '' )  );
#114 = VECTOR ( 'NONE', #739, 39.37007874015748143 ) ;
#115 = FILL_AREA_STYLE ('',( #442 ) ) ;
#116 = AXIS2_PLACEMENT_3D ( 'NONE', #643, #1348, #10 ) ;
#117 = AXIS2_PLACEMENT_3D ( 'NONE', #630, #984, #1183 ) ;
#118 = CARTESIAN_POINT ( 'NONE',  ( -2.605390151929933396, 0.9038688837285122624, 0.01432663455981865626 ) ) ;
#119 = EDGE_LOOP ( 'NONE', ( #121, #129, #29, #258 ) ) ;
#120 = AXIS2_PLACEMENT_3D ( 'NONE', #902, #1340, #820 ) ;
#121 = ORIENTED_EDGE ( 'NONE', *, *, #1133, .T. ) ;
#122 = CARTESIAN_POINT ( 'NONE',  ( -2.329063747175339039, 0.8871004566210038966, 0.000000000000000000 ) ) ;
#123 = DIRECTION ( 'NONE',  ( 1.000000000000000000, 0.000000000000000000, 0.000000000000000000 ) ) ;
#124 = CARTESIAN_POINT ( 'NONE',  ( -2.598526657363004588, 0.9238756156323953972, -0.01838155666808455324 ) ) ;
#125 = EDGE_CURVE ( 'NONE', #732, #878, #205, .T. ) ;
#126 = CARTESIAN_POINT ( 'NONE',  ( -2.602104036260642239, 0.9172416138393583163, 0.01920638407482360907 ) ) ;
#127 = VERTEX_POINT ( 'NONE', #84 ) ;
#128 = APPLICATION_CONTEXT ( 'automotive_design' ) ;
#129 = ORIENTED_EDGE ( 'NONE', *, *, #1211, .T. ) ;
#130 = CARTESIAN_POINT ( 'NONE',  ( -2.602489977991992554, 0.9318901068894956952, 0.001584369147245550573 ) ) ;
#131 = DIRECTION ( 'NONE',  ( 0.000000000000000000, 0.000000000000000000, 1.000000000000000000 ) ) ;
#132 = CARTESIAN_POINT ( 'NONE',  ( -2.610819495670090973, 0.8927428600604782050, 0.003575504216396477308 ) ) ;
#133 = ORIENTED_EDGE ( 'NONE', *, *, #804, .T. ) ;
#134 = VERTEX_POINT ( 'NONE', #931 ) ;
#135 = CARTESIAN_POINT ( 'NONE',  ( -2.607016638070784431, 0.8956123564257365555, 0.003045485093369688402 ) ) ;
#136 = FACE_OUTER_BOUND ( 'NONE', #8, .T. ) ;
#137 = CIRCLE ( 'NONE', #959, 0.01181102362204724567 ) ;
#138 = CARTESIAN_POINT ( 'NONE',  ( -2.610709668662217098, 0.8941825685792884615, 0.008549255609018228605 ) ) ;
#139 = ORIENTED_EDGE ( 'NONE', *, *, #1287, .T. ) ;
#140 = VECTOR ( 'NONE', #1239, 39.37007874015748143 ) ;
#141 = EDGE_LOOP ( 'NONE', ( #1315, #979 ) ) ;
#142 = CARTESIAN_POINT ( 'NONE',  ( -2.642220404370878128, 0.9156759608374003268, 0.01935759656052582489 ) ) ;
#143 = EDGE_CURVE ( 'NONE', #1281, #1174, #370, .T. ) ;
#144 = FACE_OUTER_BOUND ( 'NONE', #38, .T. ) ;
#145 = FACE_OUTER_BOUND ( 'NONE', #33, .T. ) ;
#146 = VERTEX_POINT ( 'NONE', #77 ) ;
#147 = ORIENTED_EDGE ( 'NONE', *, *, #1108, .F. ) ;
#148 =( NAMED_UNIT ( * ) PLANE_ANGLE_UNIT ( ) SI_UNIT ( $, .RADIAN. ) );
#149 = CARTESIAN_POINT ( 'NONE',  ( -2.641782469616281936, 0.9121004566210039188, 0.000000000000000000 ) ) ;
#150 = EDGE_CURVE ( 'NONE', #1099, #1236, #418, .T. ) ;
#151 = DIRECTION ( 'NONE',  ( -1.000000000000000000, 0.000000000000000000, 0.000000000000000000 ) ) ;
#152 = ORIENTED_EDGE ( 'NONE', *, *, #729, .T. ) ;
#153 = ORIENTED_EDGE ( 'NONE', *, *, #731, .F. ) ;
#154 = SURFACE_STYLE_FILL_AREA ( #1182 ) ;
#155 = DIRECTION ( 'NONE',  ( 0.000000000000000000, 0.1816356141929373613, 0.9833659052747123486 ) ) ;
#156 = CARTESIAN_POINT ( 'NONE',  ( -2.242449573946992292, 0.9121004566210039188, 0.000000000000000000 ) ) ;
#157 = DIRECTION ( 'NONE',  ( 0.5843209219769330831, 0.8115226799911552380, 0.000000000000000000 ) ) ;
#158 = CLOSED_SHELL ( 'NONE', ( #242, #1260, #1309, #323, #780, #687, #1276, #251, #164, #1178, #398, #1343, #1012, #883, #181, #397, #1179, #210, #859, #1185, #463, #1034, #929, #789, #493, #835, #450, #1051, #549, #1076, #815, #322 ) ) ;
#159 = ORIENTED_EDGE ( 'NONE', *, *, #657, .F. ) ;
#160 = CARTESIAN_POINT ( 'NONE',  ( -2.607704314134657864, 0.9035512011209803074, -0.01791788810188374090 ) ) ;
#161 = VECTOR ( 'NONE', #617, 39.37007874015748143 ) ;
#162 = AXIS2_PLACEMENT_3D ( 'NONE', #693, #711, #286 ) ;
#163 = CARTESIAN_POINT ( 'NONE',  ( -2.648260064143842740, 0.9573450591406890142, 0.02262230125984252341 ) ) ;
#164 = ADVANCED_FACE ( 'NONE', ( #496 ), #708, .F. ) ;
#165 = EDGE_CURVE ( 'NONE', #452, #435, #404, .T. ) ;
#166 = ORIENTED_EDGE ( 'NONE', *, *, #967, .F. ) ;
#167 = ORIENTED_EDGE ( 'NONE', *, *, #628, .F. ) ;
#168 = CARTESIAN_POINT ( 'NONE',  ( -2.599109873307885898, 0.9231894049074432784, -0.01011338045173947389 ) ) ;
#169 =( NAMED_UNIT ( * ) SI_UNIT ( $, .STERADIAN. ) SOLID_ANGLE_UNIT ( ) );
#170 = FACE_OUTER_BOUND ( 'NONE', #548, .T. ) ;
#171 = VERTEX_POINT ( 'NONE', #938 ) ;
#172 = ORIENTED_EDGE ( 'NONE', *, *, #804, .F. ) ;
#173 = DIRECTION ( 'NONE',  ( 1.000000000000000000, 0.000000000000000000, 0.000000000000000000 ) ) ;
#174 = CARTESIAN_POINT ( 'NONE',  ( -2.605495332519451868, 0.9136848256446301608, -0.01978965028577505877 ) ) ;
#175 = DIRECTION ( 'NONE',  ( 1.000000000000000000, 0.000000000000000000, 0.000000000000000000 ) ) ;
#176 = DIRECTION ( 'NONE',  ( 1.000000000000000000, -2.731847993664262824E-15, 0.000000000000000000 ) ) ;
#177 = DIRECTION ( 'NONE',  ( -1.000000000000000000, 3.411735842710455523E-15, -6.301751280279218956E-16 ) ) ;
#178 = ORIENTED_EDGE ( 'NONE', *, *, #647, .T. ) ;
#179 = FACE_OUTER_BOUND ( 'NONE', #837, .T. ) ;
#180 = EDGE_CURVE ( 'NONE', #54, #243, #213, .T. ) ;
#181 = ADVANCED_FACE ( 'NONE', ( #503 ), #822, .T. ) ;
#182 = AXIS2_PLACEMENT_3D ( 'NONE', #1116, #1227, #890 ) ;
#183 = DIRECTION ( 'NONE',  ( -1.000000000000000000, 0.000000000000000000, 0.000000000000000000 ) ) ;
#185 = AXIS2_PLACEMENT_3D ( 'NONE', #875, #1264, #318 ) ;
#184 = DIMENSIONAL_EXPONENTS ( 1.000000000000000000, 0.000000000000000000, 0.000000000000000000, 0.000000000000000000, 0.000000000000000000, 0.000000000000000000, 0.000000000000000000 ) ;
#186 = DIRECTION ( 'NONE',  ( -0.7071067811865575647, 8.659560562354809599E-17, -0.7071067811865374697 ) ) ;
#187 = CARTESIAN_POINT ( 'NONE',  ( -2.645325925836756298, 0.9121004566210039188, 0.000000000000000000 ) ) ;
#188 = ORIENTED_EDGE ( 'NONE', *, *, #105, .T. ) ;
#189 = CARTESIAN_POINT ( 'NONE',  ( -2.597249342441743547, 0.9314580531815298547, -0.003575504216396476441 ) ) ;
#190 = CARTESIAN_POINT ( 'NONE',  ( -2.599422634095288398, 0.9252399865094951270, 0.007414631662987779780 ) ) ;
#191 = EDGE_CURVE ( 'NONE', #990, #428, #137, .T. ) ;
#192 = DIRECTION ( 'NONE',  ( -1.000000000000000000, 0.000000000000000000, 0.000000000000000000 ) ) ;
#193 = DIRECTION ( 'NONE',  ( 1.000000000000000000, 0.000000000000000000, 0.000000000000000000 ) ) ;
#194 = ORIENTED_EDGE ( 'NONE', *, *, #753, .F. ) ;
#195 = CARTESIAN_POINT ( 'NONE',  ( -2.647961384979296007, 0.9121004566210039188, -0.02264938475160549469 ) ) ;
#196 = CARTESIAN_POINT ( 'NONE',  ( -2.604474716771382869, 0.9187250802783449855, -0.01871509671148385845 ) ) ;
#197 = CARTESIAN_POINT ( 'NONE',  ( -2.647961384974880428, 0.9121004566210039188, 0.01988188976173164979 ) ) ;
#198 = EDGE_CURVE ( 'NONE', #614, #309, #1302, .T. ) ;
#199 = CARTESIAN_POINT ( 'NONE',  ( -2.644493436929933328, 0.9149608599941210230, 0.01548607724842065991 ) ) ;
#200 = EDGE_CURVE ( 'NONE', #537, #249, #531, .T. ) ;
#201 = EDGE_LOOP ( 'NONE', ( #153, #330 ) ) ;
#202 = CARTESIAN_POINT ( 'NONE',  ( -2.397961384970614063, 0.9121004566210039188, 0.000000000000000000 ) ) ;
#203 = CARTESIAN_POINT ( 'NONE',  ( -2.645977387017858451, 0.9121004566210039188, 0.02490497838582677453 ) ) ;
#204 =( BOUNDED_SURFACE ( )  B_SPLINE_SURFACE ( 3, 2, ( 
 ( #704, #189, #1121 ),
 ( #802, #1231, #698 ),
 ( #389, #281, #589 ),
 ( #168, #794, #583 ),
 ( #1126, #602, #1019 ),
 ( #1032, #817, #917 ),
 ( #593, #57, #1132 ),
 ( #1023, #499, #1311 ),
 ( #483, #907, #69 ),
 ( #490, #271, #1332 ),
 ( #382, #808, #160 ),
 ( #1237, #609, #1015 ),
 ( #1039, #86, #787 ),
 ( #1210, #477, #264 ),
 ( #900, #1317, #1047 ),
 ( #627, #1147, #826 ),
 ( #310, #222, #620 ),
 ( #505, #950, #727 ) ),
 .UNSPECIFIED., .F., .F., .F. ) 
 B_SPLINE_SURFACE_WITH_KNOTS ( ( 4, 2, 2, 2, 2, 2, 2, 2, 4 ),
 ( 3, 3 ),
 ( 3.141592653589790007, 3.534291735288519920, 3.926990816987240063, 4.319689898685969531, 4.712388980384690562, 5.105088062083408929, 5.497787143782140618, 5.890486225480859872, 6.283185307179588897 ),
 ( 0.000000000000000000, 1.000000000000000000 ),
 .UNSPECIFIED. ) 
 GEOMETRIC_REPRESENTATION_ITEM ( )  RATIONAL_B_SPLINE_SURFACE ( (
 ( 1.000000000000000000, 0.6087614290087220992, 1.000000000000000000),
 ( 1.000000000000000000, 0.6087426689377020139, 1.000000000000000000),
 ( 1.000000000000000000, 0.6115441810491800689, 1.000000000000000000),
 ( 1.000000000000000000, 0.6220541179166290124, 1.000000000000000000),
 ( 1.000000000000000000, 0.6297644950341121373, 1.000000000000000000),
 ( 1.000000000000000000, 0.6485056627242731242, 1.000000000000000000),
 ( 1.000000000000000000, 0.6595171359430659352, 1.000000000000000000),
 ( 1.000000000000000000, 0.6828347102274621161, 1.000000000000000000),
 ( 1.000000000000000000, 0.6951286389143762623, 1.000000000000000000),
 ( 1.000000000000000000, 0.7190849234586961236, 1.000000000000000000),
 ( 1.000000000000000000, 0.7307421634084091400, 1.000000000000000000),
 ( 1.000000000000000000, 0.7518540463137702856, 1.000000000000000000),
 ( 1.000000000000000000, 0.7613073273775721184, 1.000000000000000000),
 ( 1.000000000000000000, 0.7768816739432961027, 1.000000000000000000),
 ( 1.000000000000000000, 0.7830027081196379024, 1.000000000000000000),
 ( 1.000000000000000000, 0.7912384540879389139, 1.000000000000000000),
 ( 1.000000000000000000, 0.7933603524305911092, 1.000000000000000000),
 ( 1.000000000000000000, 0.7933533402912338328, 1.000000000000000000) ) ) 
 REPRESENTATION_ITEM ( '' )  SURFACE ( )  );
#205 = CIRCLE ( 'NONE', #867, 0.02952755905511811677 ) ;
#206 = CIRCLE ( 'NONE', #845, 0.01181102362204724567 ) ;
#207 = LINE ( 'NONE', #199, #114 ) ;
#208 = AXIS2_PLACEMENT_3D ( 'NONE', #202, #615, #1054 ) ;
#209 = EDGE_CURVE ( 'NONE', #216, #1224, #207, .T. ) ;
#210 = ADVANCED_FACE ( 'NONE', ( #812 ), #414, .F. ) ;
#211 = VERTEX_POINT ( 'NONE', #1160 ) ;
#212 = CARTESIAN_POINT ( 'NONE',  ( -2.329063747175339039, 0.9121004566210039188, -0.02952755905511811677 ) ) ;
#213 =( BOUNDED_CURVE ( )  B_SPLINE_CURVE ( 3, ( #1044, #718, #948, #1335 ),
 .UNSPECIFIED., .F., .T. ) 
 B_SPLINE_CURVE_WITH_KNOTS ( ( 4, 4 ),
 ( 0.000000000000000000, 1.000000000000000000 ),
 .UNSPECIFIED. ) 
 CURVE ( )  GEOMETRIC_REPRESENTATION_ITEM ( )  RATIONAL_B_SPLINE_CURVE ( ( 0.9565783021585873014, 0.3188594340528622118, 0.3188594340528622118, 0.9565783021585873014 ) ) 
 REPRESENTATION_ITEM ( '' )  );
#214 = FACE_OUTER_BOUND ( 'NONE', #970, .T. ) ;
#215 = CARTESIAN_POINT ( 'NONE',  ( -2.602244612481114494, 0.9159859578577952410, 0.01529673340491582642 ) ) ;
#216 = VERTEX_POINT ( 'NONE', #1356 ) ;
#217 = CARTESIAN_POINT ( 'NONE',  ( -2.645325925836756298, 0.9121004566210039188, 0.000000000000000000 ) ) ;
#218 = DIRECTION ( 'NONE',  ( 1.000000000000000000, 0.000000000000000000, 0.000000000000000000 ) ) ;
#219 = CARTESIAN_POINT ( 'NONE',  ( -2.645325925836756298, 0.9121004566210039188, 0.000000000000000000 ) ) ;
#220 = CARTESIAN_POINT ( 'NONE',  ( -2.602380151024421551, 0.9319261696423049024, -0.001041145691668248115 ) ) ;
#221 = ORIENTED_EDGE ( 'NONE', *, *, #858, .T. ) ;
#222 = CARTESIAN_POINT ( 'NONE',  ( -2.607798523268516355, 0.8922940214026523487, 0.001145514728727069177 ) ) ;
#223 = CARTESIAN_POINT ( 'NONE',  ( -2.643236975523734600, 0.9121004566159571780, -0.02460629921615360358 ) ) ;
#224 = DIRECTION ( 'NONE',  ( 0.5000000005263706138, 0.1573010560678740344, 0.8516198548845375083 ) ) ;
#225 = CARTESIAN_POINT ( 'NONE',  ( -2.609974154974117777, 0.8988181450132161077, 0.01475536112639551541 ) ) ;
#226 = VECTOR ( 'NONE', #186, 39.37007874015748143 ) ;
#227 = AXIS2_PLACEMENT_3D ( 'NONE', #1338, #173, #373 ) ;
#228 = CARTESIAN_POINT ( 'NONE',  ( -2.607016638071665948, 0.8956123564221676325, 0.003045485094028928860 ) ) ;
#229 = ORIENTED_EDGE ( 'NONE', *, *, #533, .T. ) ;
#230 = AXIS2_PLACEMENT_3D ( 'NONE', #358, #880, #1312 ) ;
#231 = ORIENTED_EDGE ( 'NONE', *, *, #657, .T. ) ;
#232 = CARTESIAN_POINT ( 'NONE',  ( -2.602380151023484078, 0.9319261696423107866, -0.001041145691635736795 ) ) ;
#233 = CYLINDRICAL_SURFACE ( 'NONE', #1011, 0.02500000000000000486 ) ;
#234 = CARTESIAN_POINT ( 'NONE',  ( -2.329063747175339039, 0.9371004566210039410, 3.061616997868383942E-18 ) ) ;
#235 = CARTESIAN_POINT ( 'NONE',  ( -2.329063747175339039, 0.9121004566210039188, 0.000000000000000000 ) ) ;
#236 = ORIENTED_EDGE ( 'NONE', *, *, #696, .F. ) ;
#237 = ORIENTED_EDGE ( 'NONE', *, *, #1300, .T. ) ;
#238 = DIRECTION ( 'NONE',  ( 0.000000000000000000, -0.1816356141929458545, -0.9833659052747106832 ) ) ;
#239 = CARTESIAN_POINT ( 'NONE',  ( -2.605390151929933396, 0.8992941447903729513, -0.01044076756716833670 ) ) ;
#240 = DIRECTION ( 'NONE',  ( 0.000000000000000000, -1.000000000000000000, 0.000000000000000000 ) ) ;
#241 = CARTESIAN_POINT ( 'NONE',  ( -2.610819495670090973, 0.8932109765212532526, 0.006109862741124705635 ) ) ;
#242 = ADVANCED_FACE ( 'NONE', ( #214 ), #1005, .T. ) ;
#243 = VERTEX_POINT ( 'NONE', #308 ) ;
#244 = ORIENTED_EDGE ( 'NONE', *, *, #105, .F. ) ;
#245 = CARTESIAN_POINT ( 'NONE',  ( -2.486544062135968236, 0.9121004566210039188, 0.000000000000000000 ) ) ;
#246 = CARTESIAN_POINT ( 'NONE',  ( -2.647961384970614063, 0.9288327400855709293, 2.049113738730816103E-18 ) ) ;
#247 = SURFACE_STYLE_FILL_AREA ( #115 ) ;
#248 = CIRCLE ( 'NONE', #461, 0.02598425196850394359 ) ;
#249 = VERTEX_POINT ( 'NONE', #1361 ) ;
#250 = CIRCLE ( 'NONE', #1240, 0.02500000000000000486 ) ;
#251 = ADVANCED_FACE ( 'NONE', ( #707 ), #843, .T. ) ;
#252 = AXIS2_PLACEMENT_3D ( 'NONE', #449, #17, #424 ) ;
#253 = EDGE_LOOP ( 'NONE', ( #1002, #167, #750, #864 ) ) ;
#254 = DIRECTION ( 'NONE',  ( 0.000000000000000000, 0.000000000000000000, 1.000000000000000000 ) ) ;
#255 = DIRECTION ( 'NONE',  ( 0.000000000000000000, 0.000000000000000000, 1.000000000000000000 ) ) ;
#256 = CARTESIAN_POINT ( 'NONE',  ( -2.642765321584787497, 0.9612658503217910155, -0.02458269685039370100 ) ) ;
#257 = ORIENTED_EDGE ( 'NONE', *, *, #568, .F. ) ;
#258 = ORIENTED_EDGE ( 'NONE', *, *, #1206, .F. ) ;
#259 = FILL_AREA_STYLE_COLOUR ( '', #846 ) ;
#260 = DIRECTION ( 'NONE',  ( 0.000000000000000000, 0.1816356141929373613, 0.9833659052747123486 ) ) ;
#261 = CARTESIAN_POINT ( 'NONE',  ( -2.645977387017858007, 0.9619104133532875300, -0.02490497838582677453 ) ) ;
#262 = DIRECTION ( 'NONE',  ( 1.000000000000000000, 0.000000000000000000, 0.000000000000000000 ) ) ;
#263 = ORIENTED_EDGE ( 'NONE', *, *, #577, .F. ) ;
#264 = CARTESIAN_POINT ( 'NONE',  ( -2.609974155000799545, 0.8944235155670070547, -0.009036937456631437618 ) ) ;
#265 = CARTESIAN_POINT ( 'NONE',  ( -2.645325925836756298, 0.8953681731564369084, 0.000000000000000000 ) ) ;
#266 = EDGE_CURVE ( 'NONE', #388, #1236, #625, .T. ) ;
#267 =( LENGTH_UNIT ( ) NAMED_UNIT ( * ) SI_UNIT ( $, .METRE. ) );
#268 = FACE_OUTER_BOUND ( 'NONE', #1090, .T. ) ;
#269 = CARTESIAN_POINT ( 'NONE',  ( -2.645325925836756298, 0.9288327400855709293, 0.000000000000000000 ) ) ;
#270 = ORIENTED_EDGE ( 'NONE', *, *, #475, .F. ) ;
#271 = CARTESIAN_POINT ( 'NONE',  ( -2.603466810315759883, 0.9050884425200810268, -0.01858946591351418737 ) ) ;
#272 = CIRCLE ( 'NONE', #1306, 0.02165354330708661734 ) ;
#273 = AXIS2_PLACEMENT_3D ( 'NONE', #1040, #594, #506 ) ;
#274 = CARTESIAN_POINT ( 'NONE',  ( -2.607016638070784431, 0.8956123564257365555, 0.003045485093369688402 ) ) ;
#275 = PRODUCT_CONTEXT ( 'NONE', #128, 'mechanical' ) ;
#276 = CIRCLE ( 'NONE', #604, 0.003937007883370519275 ) ;
#277 =( NAMED_UNIT ( * ) PLANE_ANGLE_UNIT ( ) SI_UNIT ( $, .RADIAN. ) );
#278 = DIRECTION ( 'NONE',  ( -1.000000000000000000, 3.411735842710455523E-15, -6.301751280279218956E-16 ) ) ;
#279 = CARTESIAN_POINT ( 'NONE',  ( -2.246386581821008033, 0.9121004566210039188, 0.01181102362204724567 ) ) ;
#280 = EDGE_LOOP ( 'NONE', ( #244, #1344, #489, #851 ) ) ;
#281 = CARTESIAN_POINT ( 'NONE',  ( -2.597404310158279994, 0.9298923903428282234, -0.008867814633773641111 ) ) ;
#282 = LINE ( 'NONE', #122, #95 ) ;
#283 = DIRECTION ( 'NONE',  ( -1.000000000000000000, 2.731847993664262824E-15, 0.000000000000000000 ) ) ;
#284 = DIRECTION ( 'NONE',  ( 0.9848077531189323164, 0.000000000000000000, -0.1736481770616672138 ) ) ;
#285 = EDGE_LOOP ( 'NONE', ( #159, #1078, #22, #980 ) ) ;
#286 = DIRECTION ( 'NONE',  ( 0.000000000000000000, 0.000000000000000000, 1.000000000000000000 ) ) ;
#287 = CARTESIAN_POINT ( 'NONE',  ( -2.647937782608409396, 0.8732799849674605097, 0.01941023582677165599 ) ) ;
#288 = CARTESIAN_POINT ( 'NONE',  ( -2.397961384970614063, 0.9121004566210039188, 0.000000000000000000 ) ) ;
#289 = DIRECTION ( 'NONE',  ( 0.000000000000000000, 0.000000000000000000, -1.000000000000000000 ) ) ;
#290 = ORIENTED_EDGE ( 'NONE', *, *, #1067, .F. ) ;
#291 = FACE_OUTER_BOUND ( 'NONE', #336, .T. ) ;
#292 = EDGE_CURVE ( 'NONE', #504, #1085, #410, .T. ) ;
#293 = AXIS2_PLACEMENT_3D ( 'NONE', #730, #618, #300 ) ;
#294 = AXIS2_PLACEMENT_3D ( 'NONE', #1036, #82, #88 ) ;
#295 = FACE_OUTER_BOUND ( 'NONE', #601, .T. ) ;
#296 = AXIS2_PLACEMENT_3D ( 'NONE', #551, #925, #62 ) ;
#297 = CYLINDRICAL_SURFACE ( 'NONE', #120, 0.02460629921259843006 ) ;
#298 = DIRECTION ( 'NONE',  ( 0.000000000000000000, 0.000000000000000000, 1.000000000000000000 ) ) ;
#299 = AXIS2_PLACEMENT_3D ( 'NONE', #669, #41, #255 ) ;
#300 = DIRECTION ( 'NONE',  ( 0.000000000000000000, 0.000000000000000000, -1.000000000000000000 ) ) ;
#301 = ORIENTED_EDGE ( 'NONE', *, *, #1277, .T. ) ;
#302 = DIRECTION ( 'NONE',  ( 0.000000000000000000, -0.1816356141929373613, -0.9833659052747123486 ) ) ;
#303 = CARTESIAN_POINT ( 'NONE',  ( -2.598687120433870845, 0.9269301539086112207, 0.001452577034367326077 ) ) ;
#304 = LINE ( 'NONE', #830, #161 ) ;
#305 = DIRECTION ( 'NONE',  ( -1.000000000000000000, 0.000000000000000000, 0.000000000000000000 ) ) ;
#306 = ORIENTED_EDGE ( 'NONE', *, *, #635, .F. ) ;
#307 = CARTESIAN_POINT ( 'NONE',  ( -2.642765321584787497, 0.8629350629202163780, -0.02458269685039370100 ) ) ;
#308 = CARTESIAN_POINT ( 'NONE',  ( -2.647961384974880428, 0.9121004566210039188, -0.01988188976173164979 ) ) ;
#309 = VERTEX_POINT ( 'NONE', #1255 ) ;
#310 = CARTESIAN_POINT ( 'NONE',  ( -2.607016638071665948, 0.8952378632979834938, 0.001017998298067491472 ) ) ;
#311 = CARTESIAN_POINT ( 'NONE',  ( -2.599109873307885898, 0.9260705110506581850, 0.005484780532842856507 ) ) ;
#312 = AXIS2_PLACEMENT_3D ( 'NONE', #324, #393, #298 ) ;
#313 = CIRCLE ( 'NONE', #97, 0.01673228346456693064 ) ;
#314 = DIRECTION ( 'NONE',  ( -1.000000000000000000, 0.000000000000000000, 0.000000000000000000 ) ) ;
#315 = AXIS2_PLACEMENT_3D ( 'NONE', #894, #380, #1289 ) ;
#316 = ORIENTED_EDGE ( 'NONE', *, *, #967, .T. ) ;
#317 = CARTESIAN_POINT ( 'NONE',  ( -2.735044618032296260, 0.9121004566210039188, 0.000000000000000000 ) ) ;
#318 = DIRECTION ( 'NONE',  ( 0.000000000000000000, 0.1816356141929389711, 0.9833659052747119045 ) ) ;
#319 = SURFACE_STYLE_USAGE ( .BOTH. , #4 ) ;
#320 = CARTESIAN_POINT ( 'NONE',  ( -2.600095540748831091, 0.9242281956887212768, 0.01576300112424333655 ) ) ;
#321 = VERTEX_POINT ( 'NONE', #953 ) ;
#322 = ADVANCED_FACE ( 'NONE', ( #1062 ), #341, .F. ) ;
#323 = ADVANCED_FACE ( 'NONE', ( #1088 ), #107, .T. ) ;
#324 = CARTESIAN_POINT ( 'NONE',  ( -2.246386581821008033, 0.9121004566210039188, 0.000000000000000000 ) ) ;
#325 = FACE_BOUND ( 'NONE', #666, .T. ) ;
#326 =( NAMED_UNIT ( * ) SI_UNIT ( $, .STERADIAN. ) SOLID_ANGLE_UNIT ( ) );
#327 = CARTESIAN_POINT ( 'NONE',  ( -2.607152176614972561, 0.9131420598488244611, 0.01982562851068329565 ) ) ;
#328 = VERTEX_POINT ( 'NONE', #987 ) ;
#329 = MANIFOLD_SOLID_BREP ( 'solid2', #1136 ) ;
#330 = ORIENTED_EDGE ( 'NONE', *, *, #713, .F. ) ;
#331 = DIRECTION ( 'NONE',  ( 0.000000000000000000, 0.000000000000000000, 1.000000000000000000 ) ) ;
#332 = CARTESIAN_POINT ( 'NONE',  ( -2.643236975523734600, 0.9121004566198991359, 0.02460629921615360358 ) ) ;
#333 = CIRCLE ( 'NONE', #868, 0.01574803149606299885 ) ;
#334 = AXIS2_PLACEMENT_3D ( 'NONE', #396, #1294, #1107 ) ;
#335 = CARTESIAN_POINT ( 'NONE',  ( -2.599422634095288398, 0.9252399865094951270, 0.007414631662987779780 ) ) ;
#336 = EDGE_LOOP ( 'NONE', ( #510, #975 ) ) ;
#337 = CIRCLE ( 'NONE', #1243, 0.02165354330708661734 ) ;
#338 = EDGE_LOOP ( 'NONE', ( #1181, #257 ) ) ;
#339 = CARTESIAN_POINT ( 'NONE',  ( -2.645325925836756298, 0.9121004566210039188, 0.000000000000000000 ) ) ;
#340 = CARTESIAN_POINT ( 'NONE',  ( -2.601692474961429635, 0.9123659289066134992, -0.01564663850280919102 ) ) ;
#341 = PLANE ( 'NONE',  #441 ) ;
#342 = CARTESIAN_POINT ( 'NONE',  ( -2.604006637166154103, 0.9268558177503095630, 0.01328231160473684891 ) ) ;
#343 = ORIENTED_EDGE ( 'NONE', *, *, #200, .F. ) ;
#344 = ORIENTED_EDGE ( 'NONE', *, *, #1060, .F. ) ;
#345 = CARTESIAN_POINT ( 'NONE',  ( -2.606386099843319037, 0.8927428600604782050, 0.003575504216396477308 ) ) ;
#346 = DIRECTION ( 'NONE',  ( 1.000000000000000000, 0.000000000000000000, 0.000000000000000000 ) ) ;
#347 = CARTESIAN_POINT ( 'NONE',  ( -2.606599823329344812, 0.9156759608398790107, 0.01935759656006801749 ) ) ;
#348 = ORIENTED_EDGE ( 'NONE', *, *, #684, .T. ) ;
#349 = ORIENTED_EDGE ( 'NONE', *, *, #858, .F. ) ;
#350 = DIRECTION ( 'NONE',  ( 0.000000000000000000, -0.9833659052747115714, 0.1816356141929414691 ) ) ;
#351 = CARTESIAN_POINT ( 'NONE',  ( -2.246386581821008033, 0.9121004566210039188, 0.01181102362204724567 ) ) ;
#352 = AXIS2_PLACEMENT_3D ( 'NONE', #187, #517, #613 ) ;
#353 = ORIENTED_EDGE ( 'NONE', *, *, #55, .F. ) ;
#354 = CIRCLE ( 'NONE', #294, 0.02165354330708661734 ) ;
#355 = AXIS2_PLACEMENT_3D ( 'NONE', #644, #218, #1075 ) ;
#356 = ORIENTED_EDGE ( 'NONE', *, *, #637, .T. ) ;
#357 = FACE_OUTER_BOUND ( 'NONE', #719, .T. ) ;
#358 = CARTESIAN_POINT ( 'NONE',  ( -2.644493436929933328, 0.9121004566210039188, 0.000000000000000000 ) ) ;
#359 = CARTESIAN_POINT ( 'NONE',  ( -2.380244849537543228, 0.9121004566210039188, 0.02165354330708661734 ) ) ;
#360 = CARTESIAN_POINT ( 'NONE',  ( -2.610819495586869987, 0.8927428600586455598, 0.003575504216734981706 ) ) ;
#361 = ORIENTED_EDGE ( 'NONE', *, *, #520, .F. ) ;
#362 = DIRECTION ( 'NONE',  ( 0.000000000000000000, 0.000000000000000000, 1.000000000000000000 ) ) ;
#363 = CARTESIAN_POINT ( 'NONE',  ( -2.598687120433870845, 0.9269301539086112207, 0.001452577034367326077 ) ) ;
#364 = CARTESIAN_POINT ( 'NONE',  ( -2.313315715679275186, 0.9121004566210039188, 0.02952755905511811677 ) ) ;
#365 = LINE ( 'NONE', #1013, #772 ) ;
#366 = ORIENTED_EDGE ( 'NONE', *, *, #715, .T. ) ;
#367 = FACE_BOUND ( 'NONE', #832, .T. ) ;
#368 = LINE ( 'NONE', #1221, #709 ) ;
#369 = CARTESIAN_POINT ( 'NONE',  ( -2.607152176614972561, 0.9059910514160316453, -0.01888956461036835760 ) ) ;
#370 = CIRCLE ( 'NONE', #823, 0.02598425196850394359 ) ;
#371 = STYLED_ITEM ( 'NONE', ( #1068 ), #329 ) ;
#372 = VERTEX_POINT ( 'NONE', #756 ) ;
#373 = DIRECTION ( 'NONE',  ( 0.000000000000000000, 0.000000000000000000, -1.000000000000000000 ) ) ;
#374 = AXIS2_PLACEMENT_3D ( 'NONE', #706, #947, #1341 ) ;
#375 = VECTOR ( 'NONE', #1298, 39.37007874015748143 ) ;
#376 = CARTESIAN_POINT ( 'NONE',  ( -2.735044618032295816, 0.9092400532452630246, -0.01548607726262517942 ) ) ;
#377 = CARTESIAN_POINT ( 'NONE',  ( -2.647961384977724819, 0.9518642361545958108, 0.01988188976697010876 ) ) ;
#378 = CARTESIAN_POINT ( 'NONE',  ( -2.329063747175339039, 0.9121004566210039188, 0.000000000000000000 ) ) ;
#379 = ORIENTED_EDGE ( 'NONE', *, *, #292, .F. ) ;
#380 = DIRECTION ( 'NONE',  ( 1.000000000000000000, 0.000000000000000000, 0.000000000000000000 ) ) ;
#381 = VERTEX_POINT ( 'NONE', #234 ) ;
#382 = CARTESIAN_POINT ( 'NONE',  ( -2.603901456536232395, 0.9042590292952286113, -0.01414922875714281353 ) ) ;
#383 = CARTESIAN_POINT ( 'NONE',  ( -2.647937782608409396, 0.8732799849674605097, -0.01941023582677165599 ) ) ;
#384 = LINE ( 'NONE', #1074, #226 ) ;
#385 = ADVANCED_FACE ( 'NONE', ( #763 ), #966, .F. ) ;
#386 = CARTESIAN_POINT ( 'NONE',  ( -2.402221934340691867, 0.9121004566210039188, 0.000000000000000000 ) ) ;
#387 = DIRECTION ( 'NONE',  ( -1.000000000000000000, 0.000000000000000000, 0.000000000000000000 ) ) ;
#388 = VERTEX_POINT ( 'NONE', #25 ) ;
#389 = CARTESIAN_POINT ( 'NONE',  ( -2.598687120433870845, 0.9254327441271897881, -0.006654322770593442196 ) ) ;
#390 = CARTESIAN_POINT ( 'NONE',  ( -2.313315715679275186, 0.9121004566210039188, 0.01181102362204724567 ) ) ;
#391 = DIRECTION ( 'NONE',  ( 1.000000000000000000, 0.000000000000000000, 0.000000000000000000 ) ) ;
#392 = DIRECTION ( 'NONE',  ( 0.9659258253109532788, -0.2545138281792304613, 0.04701075688506477918 ) ) ;
#393 = DIRECTION ( 'NONE',  ( 1.000000000000000000, 0.000000000000000000, 0.000000000000000000 ) ) ;
#394 = DIRECTION ( 'NONE',  ( 0.000000000000000000, 0.000000000000000000, -1.000000000000000000 ) ) ;
#395 = ORIENTED_EDGE ( 'NONE', *, *, #1247, .T. ) ;
#396 = CARTESIAN_POINT ( 'NONE',  ( -2.643236975524897669, 0.9121004566210039188, 0.000000000000000000 ) ) ;
#397 = ADVANCED_FACE ( 'NONE', ( #136 ), #419, .F. ) ;
#398 = ADVANCED_FACE ( 'NONE', ( #649 ), #1184, .F. ) ;
#399 = VECTOR ( 'NONE', #96, 39.37007874015748143 ) ;
#400 = AXIS2_PLACEMENT_3D ( 'NONE', #156, #1328, #1008 ) ;
#401 = CARTESIAN_POINT ( 'NONE',  ( -2.644493436929933328, 0.9092400532478868147, -0.01548607724842065991 ) ) ;
#402 = DIRECTION ( 'NONE',  ( 1.000000000000000000, 0.000000000000000000, 0.000000000000000000 ) ) ;
#403 =( BOUNDED_SURFACE ( )  B_SPLINE_SURFACE ( 3, 3, ( 
 ( #784, #256, #1098, #676 ),
 ( #570, #261, #897, #480 ),
 ( #1102, #681, #163, #1000 ),
 ( #1214, #37, #1314, #455 ) ),
 .UNSPECIFIED., .F., .F., .F. ) 
 B_SPLINE_SURFACE_WITH_KNOTS ( ( 4, 4 ),
 ( 4, 4 ),
 ( 0.000000000000000000, 1.000000000000000000 ),
 ( 0.000000000000000000, 1.000000000000000000 ),
 .UNSPECIFIED. ) 
 GEOMETRIC_REPRESENTATION_ITEM ( )  RATIONAL_B_SPLINE_SURFACE ( (
 ( 1.000000000000000000, 0.3333333333333330373, 0.3333333333333330373, 1.000000000000000000),
 ( 0.7553208711179730805, 0.2517736237059909898, 0.2517736237059909898, 0.7553208711179730805),
 ( 0.7553208711179730805, 0.2517736237059909898, 0.2517736237059909898, 0.7553208711179730805),
 ( 1.000000000000000000, 0.3333333333333330373, 0.3333333333333330373, 1.000000000000000000) ) ) 
 REPRESENTATION_ITEM ( '' )  SURFACE ( )  );
#404 = LINE ( 'NONE', #841, #28 ) ;
#405 = ORIENTED_EDGE ( 'NONE', *, *, #983, .T. ) ;
#406 = CARTESIAN_POINT ( 'NONE',  ( -2.397961384970614063, 0.9121004566210039188, 0.000000000000000000 ) ) ;
#407 = EDGE_CURVE ( 'NONE', #760, #801, #638, .T. ) ;
#408 = EDGE_CURVE ( 'NONE', #1131, #765, #70, .T. ) ;
#409 = CARTESIAN_POINT ( 'NONE',  ( -2.602489977991773173, 0.9300183446626910655, -0.008549255609090426061 ) ) ;
#410 = LINE ( 'NONE', #836, #1071 ) ;
#411 = EDGE_LOOP ( 'NONE', ( #884, #1120, #759, #683 ) ) ;
#412 = DIRECTION ( 'NONE',  ( 0.000000000000000000, 0.000000000000000000, 1.000000000000000000 ) ) ;
#413 = CARTESIAN_POINT ( 'NONE',  ( -2.645977387017858451, 0.9121004566210039188, -0.02490497838582677453 ) ) ;
#414 = CYLINDRICAL_SURFACE ( 'NONE', #912, 0.02165354330708661734 ) ;
#415 = ORIENTED_EDGE ( 'NONE', *, *, #684, .F. ) ;
#416 = LINE ( 'NONE', #1263, #623 ) ;
#417 = DIRECTION ( 'NONE',  ( 0.9659258258793961271, -0.2545138260926946283, 0.04701075650172144293 ) ) ;
#418 = CIRCLE ( 'NONE', #645, 0.01673228346456700003 ) ;
#419 = CONICAL_SURFACE ( 'NONE', #1261, 0.01673228346456700003, 0.9467533162545553882 ) ;
#420 = CARTESIAN_POINT ( 'NONE',  ( -2.607671508347256140, 0.8941086268227474987, 0.008359931595588402514 ) ) ;
#421 = ORIENTED_EDGE ( 'NONE', *, *, #165, .T. ) ;
#422 = CARTESIAN_POINT ( 'NONE',  ( -2.646004470509622397, 0.9121004566210040299, -0.02460629922127887531 ) ) ;
#423 = CARTESIAN_POINT ( 'NONE',  ( -2.641782469616281936, 0.9337539999280930481, 0.000000000000000000 ) ) ;
#424 = DIRECTION ( 'NONE',  ( 0.000000000000000000, 0.000000000000000000, 1.000000000000000000 ) ) ;
#425 = DIRECTION ( 'NONE',  ( -1.000000000000000000, 0.000000000000000000, 0.000000000000000000 ) ) ;
#426 = ADVANCED_FACE ( 'NONE', ( #145 ), #754, .T. ) ;
#427 = CARTESIAN_POINT ( 'NONE',  ( -2.607798523268515911, 0.8927428600604780939, 0.003575504216396477308 ) ) ;
#428 = VERTEX_POINT ( 'NONE', #686 ) ;
#429 = ORIENTED_EDGE ( 'NONE', *, *, #180, .T. ) ;
#430 = DIRECTION ( 'NONE',  ( -1.000000000000000000, 0.000000000000000000, 0.000000000000000000 ) ) ;
#431 = DIRECTION ( 'NONE',  ( -0.4108510679564509327, 1.116513515794057606E-16, -0.9117024733755216825 ) ) ;
#432 = CARTESIAN_POINT ( 'NONE',  ( -2.610819495643991850, 0.8932109765210866081, 0.006109862740223042342 ) ) ;
#433 = CARTESIAN_POINT ( 'NONE',  ( -2.609193009528358420, 0.9030635191643725523, 0.01767694105399689186 ) ) ;
#434 =( BOUNDED_CURVE ( )  B_SPLINE_CURVE ( 3, ( #500, #1148, #174, #196, #521, #1339, #1249, #409, #87, #716 ),
 .UNSPECIFIED., .F., .T. ) 
 B_SPLINE_CURVE_WITH_KNOTS ( ( 4, 2, 2, 2, 4 ),
 ( 0.000000000000000000, 0.2499999999053627298, 0.4999999999369103554, 0.7499999999684521246, 1.000000000000000000 ),
 .UNSPECIFIED. ) 
 CURVE ( )  GEOMETRIC_REPRESENTATION_ITEM ( )  RATIONAL_B_SPLINE_CURVE ( ( 0.9999999998914553823, 0.9999999998870163775, 0.9999999998824602443, 0.9999999998738189344, 0.9999999998697379766, 0.9999999998627926434, 0.9999999998599353734, 0.9999999998560402670, 0.9999999998550022084, 0.9999999998550090918 ) ) 
 REPRESENTATION_ITEM ( '' )  );
#435 = VERTEX_POINT ( 'NONE', #351 ) ;
#436 = ORIENTED_EDGE ( 'NONE', *, *, #930, .T. ) ;
#437 = CARTESIAN_POINT ( 'NONE',  ( -2.604006637165274363, 0.9268558177501885487, 0.01328231160487378104 ) ) ;
#438 = EDGE_CURVE ( 'NONE', #1100, #1142, #66, .T. ) ;
#439 = EDGE_CURVE ( 'NONE', #452, #47, #72, .T. ) ;
#440 = CARTESIAN_POINT ( 'NONE',  ( -2.600671859174028100, 0.9163981326058159294, -0.01478699564189599192 ) ) ;
#441 = AXIS2_PLACEMENT_3D ( 'NONE', #1279, #425, #18 ) ;
#442 = FILL_AREA_STYLE_COLOUR ( '', #1172 ) ;
#443 = VECTOR ( 'NONE', #430, 39.37007874015748143 ) ;
#444 = AXIS2_PLACEMENT_3D ( 'NONE', #634, #1363, #1166 ) ;
#445 = CARTESIAN_POINT ( 'NONE',  ( -2.597249342441744879, 0.9319590633300116611, -0.0008630609524320962105 ) ) ;
#446 = ORIENTED_EDGE ( 'NONE', *, *, #1045, .T. ) ;
#447 = ORIENTED_EDGE ( 'NONE', *, *, #942, .T. ) ;
#448 = DIRECTION ( 'NONE',  ( -1.000000000000000000, 0.000000000000000000, 0.000000000000000000 ) ) ;
#449 = CARTESIAN_POINT ( 'NONE',  ( -2.643236975521795706, 0.9121004566210039188, 0.000000000000000000 ) ) ;
#450 = ADVANCED_FACE ( 'NONE', ( #1299, #472 ), #881, .F. ) ;
#451 = DIRECTION ( 'NONE',  ( -0.4108510679564509327, 0.000000000000000000, 0.9117024733755216825 ) ) ;
#452 = VERTEX_POINT ( 'NONE', #1201 ) ;
#453 = ORIENTED_EDGE ( 'NONE', *, *, #100, .F. ) ;
#454 = CYLINDRICAL_SURFACE ( 'NONE', #230, 0.01574803149606298497 ) ;
#455 = CARTESIAN_POINT ( 'NONE',  ( -2.647937782608409396, 0.9121004566210039188, 0.01941023582677165599 ) ) ;
#456 = CARTESIAN_POINT ( 'NONE',  ( -2.607704314134657864, 0.9035512011209803074, -0.01791788810188374090 ) ) ;
#457 = EDGE_LOOP ( 'NONE', ( #682, #659 ) ) ;
#458 = CARTESIAN_POINT ( 'NONE',  ( -2.407803904655653415, 0.9121004566210039188, -0.02500000000000000486 ) ) ;
#459 = CARTESIAN_POINT ( 'NONE',  ( -2.735044618032295816, 0.9149608599914991203, 0.01548607723421615082 ) ) ;
#460 = CYLINDRICAL_SURFACE ( 'NONE', #1154, 0.02500000000000000486 ) ;
#461 = AXIS2_PLACEMENT_3D ( 'NONE', #697, #262, #67 ) ;
#462 = EDGE_CURVE ( 'NONE', #801, #482, #994, .T. ) ;
#463 = ADVANCED_FACE ( 'NONE', ( #268 ), #460, .T. ) ;
#464 = EDGE_LOOP ( 'NONE', ( #1268, #642, #1031, #678 ) ) ;
#465 = CIRCLE ( 'NONE', #374, 0.02500000000000000486 ) ;
#466 = AXIS2_PLACEMENT_3D ( 'NONE', #746, #1358, #302 ) ;
#467 = ORIENTED_EDGE ( 'NONE', *, *, #474, .F. ) ;
#468 = DIRECTION ( 'NONE',  ( -1.000000000000000000, 0.000000000000000000, 0.000000000000000000 ) ) ;
#469 = AXIS2_PLACEMENT_3D ( 'NONE', #977, #998, #1094 ) ;
#470 = LINE ( 'NONE', #458, #988 ) ;
#471 = CARTESIAN_POINT ( 'NONE',  ( -2.604474716772453124, 0.9249735344651701663, 0.01511371398232511792 ) ) ;
#472 = FACE_OUTER_BOUND ( 'NONE', #201, .T. ) ;
#473 = CARTESIAN_POINT ( 'NONE',  ( -2.647961384974880428, 0.9121004566210039188, 0.01988188976173164979 ) ) ;
#474 = EDGE_CURVE ( 'NONE', #1316, #801, #272, .T. ) ;
#475 = EDGE_CURVE ( 'NONE', #504, #211, #554, .T. ) ;
#476 = ORIENTED_EDGE ( 'NONE', *, *, #1134, .T. ) ;
#477 = CARTESIAN_POINT ( 'NONE',  ( -2.606820129607099634, 0.8942095614989391539, -0.008586817054712791650 ) ) ;
#478 = CARTESIAN_POINT ( 'NONE',  ( -2.735044618032295372, 0.9402122076905360393, -0.02120688396995745045 ) ) ;
#479 =( CONVERSION_BASED_UNIT ( 'INCH', #685 ) LENGTH_UNIT ( ) NAMED_UNIT ( #184 ) );
#480 = CARTESIAN_POINT ( 'NONE',  ( -2.645977387017858451, 0.9121004566210039188, 0.02490497838582677453 ) ) ;
#481 = ORIENTED_EDGE ( 'NONE', *, *, #731, .T. ) ;
#482 = VERTEX_POINT ( 'NONE', #576 ) ;
#483 = CARTESIAN_POINT ( 'NONE',  ( -2.602244612481114494, 0.9102651511115609217, -0.01567542109192549341 ) ) ;
#484 =( BOUNDED_SURFACE ( )  B_SPLINE_SURFACE ( 3, 2, ( 
 ( #228, #427, #132 ),
 ( #536, #651, #241 ),
 ( #1077, #420, #138 ),
 ( #527, #547, #957 ),
 ( #856, #863, #1187 ),
 ( #118, #1272, #433 ),
 ( #665, #1267, #764 ),
 ( #658, #556, #108 ),
 ( #19, #1313, #327 ),
 ( #215, #126, #749 ),
 ( #1280, #1007, #1170 ),
 ( #632, #320, #471 ),
 ( #542, #896, #342 ),
 ( #335, #974, #758 ),
 ( #1069, #1180, #1083 ),
 ( #363, #26, #744 ),
 ( #1164, #445, #220 ),
 ( #639, #1319, #1135 ) ),
 .UNSPECIFIED., .F., .F., .T. ) 
 B_SPLINE_SURFACE_WITH_KNOTS ( ( 4, 2, 2, 2, 2, 2, 2, 2, 4 ),
 ( 3, 3 ),
 ( 0.000000000000000000, 0.3926990816987240285, 0.7853981633974479459, 1.178097245096169976, 1.570796326794899889, 1.963495408493619809, 2.356194490192339952, 2.748893571891070753, 3.141592653589790007 ),
 ( 0.000000000000000000, 1.000000000000000000 ),
 .UNSPECIFIED. ) 
 GEOMETRIC_REPRESENTATION_ITEM ( )  RATIONAL_B_SPLINE_SURFACE ( (
 ( 1.000000000000000000, 0.7933533402912338328, 1.000000000000000000),
 ( 1.000000000000000000, 0.7933603524305931076, 1.000000000000000000),
 ( 1.000000000000000000, 0.7912384540879359163, 1.000000000000000000),
 ( 1.000000000000000000, 0.7830027081196399008, 1.000000000000000000),
 ( 1.000000000000000000, 0.7768816739432931051, 1.000000000000000000),
 ( 1.000000000000000000, 0.7613073273775741168, 1.000000000000000000),
 ( 1.000000000000000000, 0.7518540463137712848, 1.000000000000000000),
 ( 1.000000000000000000, 0.7307421634084081408, 1.000000000000000000),
 ( 1.000000000000000000, 0.7190849234586951244, 1.000000000000000000),
 ( 1.000000000000000000, 0.6951286389143772615, 1.000000000000000000),
 ( 1.000000000000000000, 0.6828347102274661129, 1.000000000000000000),
 ( 1.000000000000000000, 0.6595171359430629376, 1.000000000000000000),
 ( 1.000000000000000000, 0.6485056627242761218, 1.000000000000000000),
 ( 1.000000000000000000, 0.6297644950341091397, 1.000000000000000000),
 ( 1.000000000000000000, 0.6220541179166350076, 1.000000000000000000),
 ( 1.000000000000000000, 0.6115441810491750729, 1.000000000000000000),
 ( 1.000000000000000000, 0.6087426689377060107, 1.000000000000000000),
 ( 1.000000000000000000, 0.6087614290087220992, 1.000000000000000000) ) ) 
 REPRESENTATION_ITEM ( '' )  SURFACE ( )  );
#485 = CARTESIAN_POINT ( 'NONE',  ( -2.606906811063792073, 0.8967641232527019390, 0.007024486205265927444 ) ) ;
#486 = DIRECTION ( 'NONE',  ( -1.000000000000000000, 0.000000000000000000, 0.000000000000000000 ) ) ;
#487 = LINE ( 'NONE', #269, #1218 ) ;
#488 = AXIS2_PLACEMENT_3D ( 'NONE', #1016, #58, #903 ) ;
#489 = ORIENTED_EDGE ( 'NONE', *, *, #568, .T. ) ;
#490 = CARTESIAN_POINT ( 'NONE',  ( -2.603349319016547536, 0.9062109095220963750, -0.01492656997024334291 ) ) ;
#491 = AXIS2_PLACEMENT_3D ( 'NONE', #1066, #123, #854 ) ;
#492 = CARTESIAN_POINT ( 'NONE',  ( -2.648260064143842740, 0.8668558541013189345, 0.02262230125984252341 ) ) ;
#493 = ADVANCED_FACE ( 'NONE', ( #170 ), #403, .T. ) ;
#494 = DIRECTION ( 'NONE',  ( -1.000000000000000000, 0.000000000000000000, 0.000000000000000000 ) ) ;
#495 = DIRECTION ( 'NONE',  ( 0.000000000000000000, 0.000000000000000000, 1.000000000000000000 ) ) ;
#496 = FACE_OUTER_BOUND ( 'NONE', #538, .T. ) ;
#497 = DIRECTION ( 'NONE',  ( 0.000000000000000000, 0.000000000000000000, 1.000000000000000000 ) ) ;
#498 = ORIENTED_EDGE ( 'NONE', *, *, #407, .F. ) ;
#499 = CARTESIAN_POINT ( 'NONE',  ( -2.601409834331508186, 0.9126583213198703470, -0.01987103252988211416 ) ) ;
#500 = CARTESIAN_POINT ( 'NONE',  ( -2.606599823328738630, 0.9085249524089746842, -0.01935759656133247478 ) ) ;
#501 = LINE ( 'NONE', #539, #443 ) ;
#502 = PRODUCT_DEFINITION ( 'UNKNOWN', '', #738, #921 ) ;
#503 = FACE_OUTER_BOUND ( 'NONE', #857, .T. ) ;
#504 = VERTEX_POINT ( 'NONE', #590 ) ;
#505 = CARTESIAN_POINT ( 'NONE',  ( -2.607016638071665948, 0.8956123564221676325, 0.003045485094028928860 ) ) ;
#506 = DIRECTION ( 'NONE',  ( 0.000000000000000000, 0.000000000000000000, 1.000000000000000000 ) ) ;
#507 = CARTESIAN_POINT ( 'NONE',  ( -2.246386581821008033, 0.9121004566210039188, 0.000000000000000000 ) ) ;
#508 = CARTESIAN_POINT ( 'NONE',  ( -2.647961384970614063, 0.9121004566210039188, 0.000000000000000000 ) ) ;
#509 = EDGE_CURVE ( 'NONE', #732, #134, #1109, .T. ) ;
#510 = ORIENTED_EDGE ( 'NONE', *, *, #1354, .F. ) ;
#511 = CARTESIAN_POINT ( 'NONE',  ( -2.643236975523734600, 0.9121004566159571780, -0.02460629921615360358 ) ) ;
#512 = AXIS2_PLACEMENT_3D ( 'NONE', #831, #314, #89 ) ;
#513 = AXIS2_PLACEMENT_3D ( 'NONE', #1093, #448, #976 ) ;
#514 = DIRECTION ( 'NONE',  ( 0.000000000000000000, 0.000000000000000000, 1.000000000000000000 ) ) ;
#515 = PLANE ( 'NONE',  #116 ) ;
#516 = AXIS2_PLACEMENT_3D ( 'NONE', #235, #1089, #1063 ) ;
#517 = DIRECTION ( 'NONE',  ( 1.000000000000000000, -4.081702296416016786E-15, 0.000000000000000000 ) ) ;
#518 = ORIENTED_EDGE ( 'NONE', *, *, #266, .T. ) ;
#519 = CARTESIAN_POINT ( 'NONE',  ( -2.313315715679275186, 0.9121004566210039188, -0.02952755905511811677 ) ) ;
#520 = EDGE_CURVE ( 'NONE', #216, #328, #1052, .T. ) ;
#521 = CARTESIAN_POINT ( 'NONE',  ( -2.604006637165067417, 0.9211373940774350011, -0.01767694105410148528 ) ) ;
#522 = CARTESIAN_POINT ( 'NONE',  ( -2.642220404370878128, 0.9121004566210039188, 0.000000000000000000 ) ) ;
#523 = VERTEX_POINT ( 'NONE', #1320 ) ;
#524 = CYLINDRICAL_SURFACE ( 'NONE', #444, 0.01181102362204724567 ) ;
#525 = CARTESIAN_POINT ( 'NONE',  ( -2.598687120433870845, 0.9254327441271897881, -0.006654322770593442196 ) ) ;
#526 = DIRECTION ( 'NONE',  ( 0.000000000000000000, -1.000000000000000000, 0.000000000000000000 ) ) ;
#527 = CARTESIAN_POINT ( 'NONE',  ( -2.606484058189776132, 0.8990074624337330844, 0.01048354389356296462 ) ) ;
#528 = ORIENTED_EDGE ( 'NONE', *, *, #1223, .T. ) ;
#529 = LINE ( 'NONE', #99, #50 ) ;
#530 = CARTESIAN_POINT ( 'NONE',  ( -2.606599823328738630, 0.9085249524089746842, -0.01935759656133247478 ) ) ;
#531 = CIRCLE ( 'NONE', #797, 0.02165354330708661734 ) ;
#532 = AXIS2_PLACEMENT_3D ( 'NONE', #563, #913, #695 ) ;
#533 = EDGE_CURVE ( 'NONE', #523, #127, #368, .T. ) ;
#534 = LENGTH_MEASURE_WITH_UNIT ( LENGTH_MEASURE( 0.02539999999999999897 ), #656 );
#535 = AXIS2_PLACEMENT_3D ( 'NONE', #561, #35, #260 ) ;
#536 = CARTESIAN_POINT ( 'NONE',  ( -2.607016638071665948, 0.8959868496237820557, 0.005072971875688347260 ) ) ;
#537 = VERTEX_POINT ( 'NONE', #1020 ) ;
#538 = EDGE_LOOP ( 'NONE', ( #85, #1165, #15, #660, #453 ) ) ;
#539 = CARTESIAN_POINT ( 'NONE',  ( -2.397961384970614063, 0.9121004566210039188, -0.02598425196850394359 ) ) ;
#540 = CARTESIAN_POINT ( 'NONE',  ( -41.74056560213597322, 0.9121004566210145770, -87.36450009227007740 ) ) ;
#541 = CARTESIAN_POINT ( 'NONE',  ( -2.610709668636040259, 0.8941825685786513045, 0.008549255607387000466 ) ) ;
#542 = CARTESIAN_POINT ( 'NONE',  ( -2.600203779567729079, 0.9229027225895187758, 0.01081093100184082195 ) ) ;
#543 = EDGE_CURVE ( 'NONE', #996, #1281, #501, .T. ) ;
#544 = ORIENTED_EDGE ( 'NONE', *, *, #150, .T. ) ;
#545 = FACE_OUTER_BOUND ( 'NONE', #98, .T. ) ;
#546 = FACE_OUTER_BOUND ( 'NONE', #778, .T. ) ;
#547 = CARTESIAN_POINT ( 'NONE',  ( -2.607184519292138347, 0.8967319402990080457, 0.01255629562239784017 ) ) ;
#548 = EDGE_LOOP ( 'NONE', ( #916, #349, #1209, #415 ) ) ;
#549 = ADVANCED_FACE ( 'NONE', ( #860, #75 ), #515, .F. ) ;
#550 = VERTEX_POINT ( 'NONE', #423 ) ;
#551 = CARTESIAN_POINT ( 'NONE',  ( -2.486544062135968236, 0.9121004566210039188, 0.000000000000000000 ) ) ;
#552 = FACE_OUTER_BOUND ( 'NONE', #587, .T. ) ;
#553 = VECTOR ( 'NONE', #283, 39.37007874015748143 ) ;
#554 = CIRCLE ( 'NONE', #182, 0.02460629921259843006 ) ;
#555 = DIRECTION ( 'NONE',  ( -1.000000000000000000, 2.731847993664262824E-15, 0.000000000000000000 ) ) ;
#556 = CARTESIAN_POINT ( 'NONE',  ( -2.604136830433870120, 0.9096207521970395282, 0.01971506997758660715 ) ) ;
#557 = VERTEX_POINT ( 'NONE', #223 ) ;
#558 = AXIS2_PLACEMENT_3D ( 'NONE', #595, #362, #391 ) ;
#559 = ORIENTED_EDGE ( 'NONE', *, *, #1124, .F. ) ;
#560 = CARTESIAN_POINT ( 'NONE',  ( -2.397961384970614063, 0.8871004566210041187, 0.000000000000000000 ) ) ;
#561 = CARTESIAN_POINT ( 'NONE',  ( -2.735044618032296260, 0.9121004566210039188, 0.000000000000000000 ) ) ;
#562 = CARTESIAN_POINT ( 'NONE',  ( -2.798036743900995216, 0.8839887055462244403, 0.02120688394154873757 ) ) ;
#563 = CARTESIAN_POINT ( 'NONE',  ( -2.644493436929933328, 0.9121004566210039188, 0.000000000000000000 ) ) ;
#564 = ORIENTED_EDGE ( 'NONE', *, *, #1326, .F. ) ;
#565 = CARTESIAN_POINT ( 'NONE',  ( -2.602912730866023594, 0.9308155533496297318, 0.006624623534386150404 ) ) ;
#566 = LINE ( 'NONE', #992, #945 ) ;
#567 = CARTESIAN_POINT ( 'NONE',  ( -2.735044618032295816, 0.9092400532452641349, -0.01548607726262537891 ) ) ;
#568 = EDGE_CURVE ( 'NONE', #1125, #807, #465, .T. ) ;
#569 = EDGE_CURVE ( 'NONE', #807, #1125, #5, .T. ) ;
#570 = CARTESIAN_POINT ( 'NONE',  ( -2.645977387017858451, 0.9121004566210039188, -0.02490497838582677453 ) ) ;
#571 = ORIENTED_EDGE ( 'NONE', *, *, #696, .T. ) ;
#572 = ORIENTED_EDGE ( 'NONE', *, *, #21, .F. ) ;
#573 =( LENGTH_UNIT ( ) NAMED_UNIT ( * ) SI_UNIT ( $, .METRE. ) );
#574 = DIRECTION ( 'NONE',  ( 0.9848077531189323164, 2.126576842163436093E-17, 0.1736481770616672138 ) ) ;
#575 = FACE_OUTER_BOUND ( 'NONE', #1038, .T. ) ;
#576 = CARTESIAN_POINT ( 'NONE',  ( -2.641782469616281936, 0.9121004566210039188, 0.02165354330708661734 ) ) ;
#577 = EDGE_CURVE ( 'NONE', #47, #1112, #384, .T. ) ;
#578 = AXIS2_PLACEMENT_3D ( 'NONE', #1082, #555, #526 ) ;
#579 = DIRECTION ( 'NONE',  ( 0.000000000000000000, 0.000000000000000000, 1.000000000000000000 ) ) ;
#580 = VECTOR ( 'NONE', #468, 39.37007874015748143 ) ;
#581 = CONICAL_SURFACE ( 'NONE', #1009, 0.007874015748031495954, 0.7853981633974340681 ) ;
#582 = ORIENTED_EDGE ( 'NONE', *, *, #1084, .F. ) ;
#583 = CARTESIAN_POINT ( 'NONE',  ( -2.602912730866941082, 0.9272141706634972058, -0.01287307773517161989 ) ) ;
#584 = AXIS2_PLACEMENT_3D ( 'NONE', #887, #1029, #497 ) ;
#585 =( BOUNDED_CURVE ( )  B_SPLINE_CURVE ( 3, ( #596, #1213, #377, #911 ),
 .UNSPECIFIED., .F., .T. ) 
 B_SPLINE_CURVE_WITH_KNOTS ( ( 4, 4 ),
 ( 0.000000000000000000, 1.000000000000000000 ),
 .UNSPECIFIED. ) 
 CURVE ( )  GEOMETRIC_REPRESENTATION_ITEM ( )  RATIONAL_B_SPLINE_CURVE ( ( 0.9565783021585873014, 0.3188594340528622118, 0.3188594340528622118, 0.9565783021585873014 ) ) 
 REPRESENTATION_ITEM ( '' )  );
#586 = DIRECTION ( 'NONE',  ( -1.000000000000000000, 0.000000000000000000, 0.000000000000000000 ) ) ;
#587 = EDGE_LOOP ( 'NONE', ( #194, #79 ) ) ;
#588 = EDGE_LOOP ( 'NONE', ( #1274, #995, #467 ) ) ;
#589 = CARTESIAN_POINT ( 'NONE',  ( -2.602489977992925585, 0.9300183446627194872, -0.008549255609018228605 ) ) ;
#590 = CARTESIAN_POINT ( 'NONE',  ( -2.486544062135968236, 0.9121004566210039188, 0.02460629921259843006 ) ) ;
#591 = ORIENTED_EDGE ( 'NONE', *, *, #509, .F. ) ;
#592 = EDGE_LOOP ( 'NONE', ( #1362, #178, #1331, #379 ) ) ;
#593 = CARTESIAN_POINT ( 'NONE',  ( -2.600671859174028100, 0.9163981326058159294, -0.01478699564189599192 ) ) ;
#594 = DIRECTION ( 'NONE',  ( -1.000000000000000000, 0.000000000000000000, 0.000000000000000000 ) ) ;
#595 = CARTESIAN_POINT ( 'NONE',  ( 0.000000000000000000, 0.000000000000000000, 0.000000000000000000 ) ) ;
#596 = CARTESIAN_POINT ( 'NONE',  ( -2.647961384974880428, 0.9121004566210039188, -0.01988188976173164979 ) ) ;
#597 = LINE ( 'NONE', #919, #140 ) ;
#598 = DIRECTION ( 'NONE',  ( 0.000000000000000000, -1.000000000000000000, 0.000000000000000000 ) ) ;
#599 = CYLINDRICAL_SURFACE ( 'NONE', #76, 0.01574803149606298497 ) ;
#600 = VECTOR ( 'NONE', #151, 39.37007874015748143 ) ;
#601 = EDGE_LOOP ( 'NONE', ( #1018, #270, #1203, #640 ) ) ;
#602 = CARTESIAN_POINT ( 'NONE',  ( -2.598426427205524636, 0.9248291536652668565, -0.01527857084509682065 ) ) ;
#603 = CIRCLE ( 'NONE', #1096, 0.02598425196850394359 ) ;
#604 = AXIS2_PLACEMENT_3D ( 'NONE', #1327, #81, #392 ) ;
#605 = CARTESIAN_POINT ( 'NONE',  ( -2.603349319016547536, 0.9119317162683308053, 0.01604558452659797865 ) ) ;
#606 = DIRECTION ( 'NONE',  ( 0.000000000000000000, 0.000000000000000000, 1.000000000000000000 ) ) ;
#607 = DIRECTION ( 'NONE',  ( -0.7071067811865575647, 0.000000000000000000, 0.7071067811865374697 ) ) ;
#608 = VERTEX_POINT ( 'NONE', #16 ) ;
#609 = CARTESIAN_POINT ( 'NONE',  ( -2.605354780433870587, 0.8986578205861012192, -0.01461256878663169147 ) ) ;
#610 = CYLINDRICAL_SURFACE ( 'NONE', #273, 0.02460629921259843006 ) ;
#611 = CARTESIAN_POINT ( 'NONE',  ( -2.397961384970614063, 0.9121004566210040299, 0.000000000000000000 ) ) ;
#612 = EDGE_CURVE ( 'NONE', #146, #807, #282, .T. ) ;
#613 = DIRECTION ( 'NONE',  ( 0.000000000000000000, 1.000000000000000000, 0.000000000000000000 ) ) ;
#614 = VERTEX_POINT ( 'NONE', #700 ) ;
#615 = DIRECTION ( 'NONE',  ( -1.000000000000000000, 0.000000000000000000, 0.000000000000000000 ) ) ;
#616 = CARTESIAN_POINT ( 'NONE',  ( -2.607016638070784431, 0.8956123564257365555, 0.003045485093369688402 ) ) ;
#617 = DIRECTION ( 'NONE',  ( -1.000000000000000000, 0.000000000000000000, 0.000000000000000000 ) ) ;
#618 = DIRECTION ( 'NONE',  ( 1.000000000000000000, 0.000000000000000000, 0.000000000000000000 ) ) ;
#619 = ORIENTED_EDGE ( 'NONE', *, *, #191, .F. ) ;
#620 = CARTESIAN_POINT ( 'NONE',  ( -2.610819495670090973, 0.8922747435997029353, 0.001041145691668248115 ) ) ;
#621 = AXIS2_PLACEMENT_3D ( 'NONE', #1128, #175, #853 ) ;
#622 = CARTESIAN_POINT ( 'NONE',  ( -2.645977387017858007, 0.8622904998887204187, 0.02490497838582677453 ) ) ;
#623 = VECTOR ( 'NONE', #1252, 39.37007874015748143 ) ;
#624 =( GEOMETRIC_REPRESENTATION_CONTEXT ( 3 ) GLOBAL_UNCERTAINTY_ASSIGNED_CONTEXT ( ( #44 ) ) GLOBAL_UNIT_ASSIGNED_CONTEXT ( ( #479, #277, #169 ) ) REPRESENTATION_CONTEXT ( 'NONE', 'WORKASPACE' ) );
#625 = LINE ( 'NONE', #1139, #399 ) ;
#626 = ORIENTED_EDGE ( 'NONE', *, *, #876, .F. ) ;
#627 = CARTESIAN_POINT ( 'NONE',  ( -2.606906811063792073, 0.8952667134712805064, -0.001082413599694841263 ) ) ;
#628 = EDGE_CURVE ( 'NONE', #435, #1112, #206, .T. ) ;
#629 = EDGE_CURVE ( 'NONE', #1112, #435, #1325, .T. ) ;
#630 = CARTESIAN_POINT ( 'NONE',  ( -2.329063747175339039, 0.8822185668572244399, 0.02988188976377953443 ) ) ;
#631 = DIRECTION ( 'NONE',  ( 0.000000000000000000, 0.000000000000000000, 1.000000000000000000 ) ) ;
#632 = CARTESIAN_POINT ( 'NONE',  ( -2.600671859174028100, 0.9213968959522339519, 0.01227605289759860566 ) ) ;
#633 = ORIENTED_EDGE ( 'NONE', *, *, #1326, .T. ) ;
#634 = CARTESIAN_POINT ( 'NONE',  ( -2.246386581821008033, 0.9121004566210039188, 0.000000000000000000 ) ) ;
#635 = EDGE_CURVE ( 'NONE', #1174, #1281, #889, .T. ) ;
#636 = CARTESIAN_POINT ( 'NONE',  ( -2.602244612481114494, 0.9102651511115609217, -0.01567542109192549341 ) ) ;
#637 = EDGE_CURVE ( 'NONE', #677, #1100, #250, .T. ) ;
#638 = LINE ( 'NONE', #663, #1197 ) ;
#639 = CARTESIAN_POINT ( 'NONE',  ( -2.598577293425996526, 0.9265845109190089524, -0.002675321652205436395 ) ) ;
#640 = ORIENTED_EDGE ( 'NONE', *, *, #1117, .F. ) ;
#641 = DIRECTION ( 'NONE',  ( 0.000000000000000000, 0.1816356141929373613, 0.9833659052747123486 ) ) ;
#642 = ORIENTED_EDGE ( 'NONE', *, *, #112, .F. ) ;
#643 = CARTESIAN_POINT ( 'NONE',  ( -2.397961384970614063, 0.8858043936288779729, -0.02629606299212599446 ) ) ;
#644 = CARTESIAN_POINT ( 'NONE',  ( -2.407803904655653415, 0.9121004566210039188, 0.000000000000000000 ) ) ;
#645 = AXIS2_PLACEMENT_3D ( 'NONE', #508, #102, #724 ) ;
#646 = CIRCLE ( 'NONE', #1220, 0.02500000000000000486 ) ;
#647 = EDGE_CURVE ( 'NONE', #211, #557, #722, .T. ) ;
#648 = CIRCLE ( 'NONE', #296, 0.02460629921259843006 ) ;
#649 = FACE_OUTER_BOUND ( 'NONE', #1301, .T. ) ;
#650 = CIRCLE ( 'NONE', #1200, 0.01968503937007874335 ) ;
#651 = CARTESIAN_POINT ( 'NONE',  ( -2.607798523268515467, 0.8931916987183038392, 0.006005493704065885223 ) ) ;
#652 = ORIENTED_EDGE ( 'NONE', *, *, #100, .T. ) ;
#653 = ORIENTED_EDGE ( 'NONE', *, *, #1010, .T. ) ;
#654 = CARTESIAN_POINT ( 'NONE',  ( -2.610819495586869987, 0.8927428600586455598, 0.003575504216734981706 ) ) ;
#655 = CARTESIAN_POINT ( 'NONE',  ( -2.407803904655653415, 0.9121004566210039188, 0.000000000000000000 ) ) ;
#656 =( LENGTH_UNIT ( ) NAMED_UNIT ( * ) SI_UNIT ( $, .METRE. ) );
#657 = EDGE_CURVE ( 'NONE', #328, #372, #597, .T. ) ;
#658 = CARTESIAN_POINT ( 'NONE',  ( -2.603901456536232395, 0.9098309384732782279, 0.01601680193748167627 ) ) ;
#659 = ORIENTED_EDGE ( 'NONE', *, *, #920, .T. ) ;
#660 = ORIENTED_EDGE ( 'NONE', *, *, #55, .T. ) ;
#661 = SURFACE_SIDE_STYLE ('',( #154 ) ) ;
#662 = CARTESIAN_POINT ( 'NONE',  ( -2.602380151024421551, 0.9275865338655966408, -0.002860403344758521722 ) ) ;
#663 = CARTESIAN_POINT ( 'NONE',  ( -41.74056560213597322, 0.9121004566210039188, 87.36450009227007740 ) ) ;
#664 = PRODUCT_DEFINITION_SHAPE ( 'NONE', 'NONE',  #502 ) ;
#665 = CARTESIAN_POINT ( 'NONE',  ( -2.604922072323634374, 0.9057987347740756867, 0.01515715907656847543 ) ) ;
#666 = EDGE_LOOP ( 'NONE', ( #237, #188 ) ) ;
#667 = ORIENTED_EDGE ( 'NONE', *, *, #983, .F. ) ;
#668 = LINE ( 'NONE', #345, #824 ) ;
#669 = CARTESIAN_POINT ( 'NONE',  ( -41.74056560213597322, 0.9121004566210039188, 0.000000000000000000 ) ) ;
#670 = CARTESIAN_POINT ( 'NONE',  ( -2.380244849537543228, 0.9121004566210039188, 0.000000000000000000 ) ) ;
#671 = CIRCLE ( 'NONE', #6, 0.01673228346456700003 ) ;
#672 = ORIENTED_EDGE ( 'NONE', *, *, #1133, .F. ) ;
#673 = ORIENTED_EDGE ( 'NONE', *, *, #1117, .T. ) ;
#674 = CARTESIAN_POINT ( 'NONE',  ( -2.644493436929933328, 0.9121004566210039188, 0.000000000000000000 ) ) ;
#675 = CARTESIAN_POINT ( 'NONE',  ( -2.380244849537543228, 0.9121004566210039188, 0.000000000000000000 ) ) ;
#676 = CARTESIAN_POINT ( 'NONE',  ( -2.642765321584787941, 0.9121004566210039188, 0.02458269685039370447 ) ) ;
#677 = VERTEX_POINT ( 'NONE', #747 ) ;
#678 = ORIENTED_EDGE ( 'NONE', *, *, #635, .T. ) ;
#679 = CARTESIAN_POINT ( 'NONE',  ( -2.313315715679275186, 0.9121004566210039188, 0.02952755905511811677 ) ) ;
#680 = DIRECTION ( 'NONE',  ( -1.000000000000000000, 0.000000000000000000, 0.000000000000000000 ) ) ;
#681 = CARTESIAN_POINT ( 'NONE',  ( -2.648260064143842740, 0.9573450591406890142, -0.02262230125984252341 ) ) ;
#682 = ORIENTED_EDGE ( 'NONE', *, *, #439, .T. ) ;
#683 = ORIENTED_EDGE ( 'NONE', *, *, #779, .F. ) ;
#684 = EDGE_CURVE ( 'NONE', #1085, #54, #113, .T. ) ;
#685 = LENGTH_MEASURE_WITH_UNIT ( LENGTH_MEASURE( 0.02539999999999999897 ), #267 );
#686 = CARTESIAN_POINT ( 'NONE',  ( -2.313315715679275186, 0.9121004566210039188, -0.01181102362204724567 ) ) ;
#687 = ADVANCED_FACE ( 'NONE', ( #811 ), #1233, .T. ) ;
#688 =( GEOMETRIC_REPRESENTATION_CONTEXT ( 3 ) GLOBAL_UNCERTAINTY_ASSIGNED_CONTEXT ( ( #1234 ) ) GLOBAL_UNIT_ASSIGNED_CONTEXT ( ( #1163, #849, #326 ) ) REPRESENTATION_CONTEXT ( 'NONE', 'WORKASPACE' ) );
#689 = CARTESIAN_POINT ( 'NONE',  ( -2.610709668662217098, 0.8923108063525116984, -0.001584369147182729514 ) ) ;
#690 = AXIS2_PLACEMENT_3D ( 'NONE', #611, #971, #821 ) ;
#691 = CIRCLE ( 'NONE', #1158, 0.01968503937007874335 ) ;
#692 = ORIENTED_EDGE ( 'NONE', *, *, #993, .T. ) ;
#693 = CARTESIAN_POINT ( 'NONE',  ( -2.313315715679275186, 0.8822185668572244399, -0.02988188976377953443 ) ) ;
#694 = CARTESIAN_POINT ( 'NONE',  ( -2.735044618032295372, 0.9459330144262763085, 0.009765270470068443745 ) ) ;
#695 = DIRECTION ( 'NONE',  ( 0.000000000000000000, -0.1816356141929373613, -0.9833659052747123486 ) ) ;
#696 = EDGE_CURVE ( 'NONE', #801, #1316, #354, .T. ) ;
#697 = CARTESIAN_POINT ( 'NONE',  ( -2.397961384970614063, 0.9121004566210039188, 0.000000000000000000 ) ) ;
#698 = CARTESIAN_POINT ( 'NONE',  ( -2.602380151024421551, 0.9309899367207546961, -0.006109862741124705635 ) ) ;
#699 = CARTESIAN_POINT ( 'NONE',  ( -2.798036743900995216, 0.8782678988104845041, -0.009765270498477248567 ) ) ;
#700 = CARTESIAN_POINT ( 'NONE',  ( -2.642220404370878128, 0.9085249524046075109, -0.01935759656052582489 ) ) ;
#701 = CARTESIAN_POINT ( 'NONE',  ( -2.606599823328738630, 0.9085249524089746842, -0.01935759656133247478 ) ) ;
#702 = DIRECTION ( 'NONE',  ( -1.000000000000000000, 0.000000000000000000, 0.000000000000000000 ) ) ;
#703 = ORIENTED_EDGE ( 'NONE', *, *, #740, .T. ) ;
#704 = CARTESIAN_POINT ( 'NONE',  ( -2.598577293425996526, 0.9265845109190089524, -0.002675321652205436395 ) ) ;
#705 = DIRECTION ( 'NONE',  ( -1.000000000000000000, 4.081702296416016786E-15, 0.000000000000000000 ) ) ;
#706 = CARTESIAN_POINT ( 'NONE',  ( -2.397961384970614063, 0.9121004566210040299, 0.000000000000000000 ) ) ;
#707 = FACE_OUTER_BOUND ( 'NONE', #119, .T. ) ;
#708 = CONICAL_SURFACE ( 'NONE', #352, 0.01673228346456700003, 0.9467533162545553882 ) ;
#709 = VECTOR ( 'NONE', #278, 39.37007874015748143 ) ;
#710 = ORIENTED_EDGE ( 'NONE', *, *, #165, .F. ) ;
#711 = DIRECTION ( 'NONE',  ( -1.000000000000000000, 0.000000000000000000, 0.000000000000000000 ) ) ;
#712 = AXIS2_PLACEMENT_3D ( 'NONE', #9, #1269, #1345 ) ;
#713 = EDGE_CURVE ( 'NONE', #1142, #321, #646, .T. ) ;
#714 = VECTOR ( 'NONE', #431, 39.37007874015748143 ) ;
#715 = EDGE_CURVE ( 'NONE', #1112, #428, #304, .T. ) ;
#716 = CARTESIAN_POINT ( 'NONE',  ( -2.602380151024421551, 0.9314580531812363118, -0.003575504217984897676 ) ) ;
#717 = CARTESIAN_POINT ( 'NONE',  ( -2.646004470509621953, 0.9121004566210040299, 0.02460629922127913899 ) ) ;
#718 = CARTESIAN_POINT ( 'NONE',  ( -2.647961384977724819, 0.8723366770874118048, 0.01988188976697010876 ) ) ;
#719 = EDGE_LOOP ( 'NONE', ( #263, #27, #421, #871 ) ) ;
#720 = CYLINDRICAL_SURFACE ( 'NONE', #1285, 0.01673228346456700003 ) ;
#721 = CARTESIAN_POINT ( 'NONE',  ( -2.598577292805893890, 0.9265845105996742825, -0.002675321580048965926 ) ) ;
#722 = LINE ( 'NONE', #1149, #734 ) ;
#723 = ADVANCED_BREP_SHAPE_REPRESENTATION ( 'Same_Sky_CPG-01-TH-B', ( #329, #809, #558 ), #624 ) ;
#724 = DIRECTION ( 'NONE',  ( 0.000000000000000000, -1.000000000000000000, 0.000000000000000000 ) ) ;
#725 =( BOUNDED_SURFACE ( )  B_SPLINE_SURFACE ( 3, 3, ( 
 ( #834, #1254, #307, #728 ),
 ( #203, #622, #1359, #413 ),
 ( #839, #492, #1257, #918 ),
 ( #1333, #287, #383, #1232 ) ),
 .UNSPECIFIED., .F., .F., .F. ) 
 B_SPLINE_SURFACE_WITH_KNOTS ( ( 4, 4 ),
 ( 4, 4 ),
 ( 0.000000000000000000, 1.000000000000000000 ),
 ( 0.000000000000000000, 1.000000000000000000 ),
 .UNSPECIFIED. ) 
 GEOMETRIC_REPRESENTATION_ITEM ( )  RATIONAL_B_SPLINE_SURFACE ( (
 ( 1.000000000000000000, 0.3333333333333330373, 0.3333333333333330373, 1.000000000000000000),
 ( 0.7553208711179730805, 0.2517736237059909898, 0.2517736237059909898, 0.7553208711179730805),
 ( 0.7553208711179730805, 0.2517736237059909898, 0.2517736237059909898, 0.7553208711179730805),
 ( 1.000000000000000000, 0.3333333333333330373, 0.3333333333333330373, 1.000000000000000000) ) ) 
 REPRESENTATION_ITEM ( '' )  SURFACE ( )  );
#726 = EDGE_LOOP ( 'NONE', ( #1352, #133, #316, #544 ) ) ;
#727 = CARTESIAN_POINT ( 'NONE',  ( -2.610819495670090973, 0.8927428600604782050, 0.003575504216396477308 ) ) ;
#728 = CARTESIAN_POINT ( 'NONE',  ( -2.642765321584787941, 0.9121004566210039188, -0.02458269685039370447 ) ) ;
#729 = EDGE_CURVE ( 'NONE', #482, #537, #1138, .T. ) ;
#730 = CARTESIAN_POINT ( 'NONE',  ( -2.407803904655653415, 0.9121004566210039188, 0.000000000000000000 ) ) ;
#731 = EDGE_CURVE ( 'NONE', #321, #1142, #985, .T. ) ;
#732 = VERTEX_POINT ( 'NONE', #679 ) ;
#733 = CARTESIAN_POINT ( 'NONE',  ( -2.242449573946992292, 0.9121004566210039188, 0.000000000000000000 ) ) ;
#734 = VECTOR ( 'NONE', #928, 39.37007874015748143 ) ;
#735 = STYLED_ITEM ( 'NONE', ( #1086 ), #809 ) ;
#736 = CARTESIAN_POINT ( 'NONE',  ( -2.606906811063792073, 0.8952667134712805064, -0.001082413599694841263 ) ) ;
#737 = AXIS2_PLACEMENT_3D ( 'NONE', #339, #761, #981 ) ;
#738 = PRODUCT_DEFINITION_FORMATION_WITH_SPECIFIED_SOURCE ( 'ANY', '', #873, .NOT_KNOWN. ) ;
#739 = DIRECTION ( 'NONE',  ( -1.000000000000000000, 0.000000000000000000, 0.000000000000000000 ) ) ;
#740 = EDGE_CURVE ( 'NONE', #765, #309, #668, .T. ) ;
#741 = ORIENTED_EDGE ( 'NONE', *, *, #1186, .T. ) ;
#742 = DIRECTION ( 'NONE',  ( -1.000000000000000000, 0.000000000000000000, 0.000000000000000000 ) ) ;
#743 = CARTESIAN_POINT ( 'NONE',  ( -2.397961384970614063, 0.9371004566210040521, 3.061616997868383942E-18 ) ) ;
#744 = CARTESIAN_POINT ( 'NONE',  ( -2.602489977992925585, 0.9318901068894962503, 0.001584369147182729514 ) ) ;
#745 = ORIENTED_EDGE ( 'NONE', *, *, #520, .T. ) ;
#746 = CARTESIAN_POINT ( 'NONE',  ( -2.644493436929933328, 0.9121004566210039188, 0.000000000000000000 ) ) ;
#747 = CARTESIAN_POINT ( 'NONE',  ( -2.407803904655653415, 0.9121004566210039188, 0.02500000000000000486 ) ) ;
#748 = CARTESIAN_POINT ( 'NONE',  ( -2.598577292805893890, 0.9265845105996742825, -0.002675321580048965926 ) ) ;
#749 = CARTESIAN_POINT ( 'NONE',  ( -2.606047470040169678, 0.9182098618259763034, 0.01888956461036835760 ) ) ;
#750 = ORIENTED_EDGE ( 'NONE', *, *, #83, .T. ) ;
#751 = CARTESIAN_POINT ( 'NONE',  ( -2.242449573946991848, 0.9121004566210039188, 0.000000000000000000 ) ) ;
#752 = CARTESIAN_POINT ( 'NONE',  ( -2.607016638071665948, 0.8952378632979834938, 0.001017998298067491472 ) ) ;
#753 = EDGE_CURVE ( 'NONE', #134, #1070, #1006, .T. ) ;
#754 = CONICAL_SURFACE ( 'NONE', #532, 0.01574803149606298497, 1.047197550588797155 ) ;
#755 = AXIS2_PLACEMENT_3D ( 'NONE', #317, #742, #641 ) ;
#756 = CARTESIAN_POINT ( 'NONE',  ( -2.735044618032296260, 0.9092400532415343406, -0.01548607724724730336 ) ) ;
#757 = CONICAL_SURFACE ( 'NONE', #299, 87.36450009227007740, 1.147408967649623968 ) ;
#758 = CARTESIAN_POINT ( 'NONE',  ( -2.603225491693712979, 0.9297773976750007829, 0.009036937456631437618 ) ) ;
#759 = ORIENTED_EDGE ( 'NONE', *, *, #143, .T. ) ;
#760 = VERTEX_POINT ( 'NONE', #1003 ) ;
#761 = DIRECTION ( 'NONE',  ( 1.000000000000000000, 0.000000000000000000, 0.000000000000000000 ) ) ;
#762 = DIRECTION ( 'NONE',  ( -4.654243531782910837E-10, 0.1816356124925144755, 0.9833659055887942202 ) ) ;
#763 = FACE_OUTER_BOUND ( 'NONE', #56, .T. ) ;
#764 = CARTESIAN_POINT ( 'NONE',  ( -2.608724929922059399, 0.9054758329634359226, 0.01871509671140070968 ) ) ;
#765 = VERTEX_POINT ( 'NONE', #654 ) ;
#766 = ORIENTED_EDGE ( 'NONE', *, *, #408, .F. ) ;
#767 = DIRECTION ( 'NONE',  ( 0.000000000000000000, 0.000000000000000000, -1.000000000000000000 ) ) ;
#768 = CARTESIAN_POINT ( 'NONE',  ( -2.609193009501130867, 0.9030635191593794353, 0.01767694105137130114 ) ) ;
#769 = ORIENTED_EDGE ( 'NONE', *, *, #930, .F. ) ;
#770 = EDGE_LOOP ( 'NONE', ( #1119, #366, #528, #906 ) ) ;
#771 = DIRECTION ( 'NONE',  ( 0.000000000000000000, 0.000000000000000000, 1.000000000000000000 ) ) ;
#772 = VECTOR ( 'NONE', #904, 39.37007874015748854 ) ;
#773 = CARTESIAN_POINT ( 'NONE',  ( -2.735044618032295816, 0.9149608599914974549, 0.01548607723421632776 ) ) ;
#774 = AXIS2_PLACEMENT_3D ( 'NONE', #94, #1275, #782 ) ;
#775 = CARTESIAN_POINT ( 'NONE',  ( -2.486544062135968236, 0.8868004566210039297, 0.02530000000000000998 ) ) ;
#776 = VECTOR ( 'NONE', #946, 39.37007874015748854 ) ;
#777 = CIRCLE ( 'NONE', #584, 0.01181102362204724567 ) ;
#778 = EDGE_LOOP ( 'NONE', ( #893, #356, #1322, #306 ) ) ;
#779 = EDGE_CURVE ( 'NONE', #171, #1174, #1105, .T. ) ;
#780 = ADVANCED_FACE ( 'NONE', ( #545 ), #1115, .F. ) ;
#781 = ORIENTED_EDGE ( 'NONE', *, *, #1277, .F. ) ;
#782 = DIRECTION ( 'NONE',  ( 0.000000000000000000, 0.000000000000000000, -1.000000000000000000 ) ) ;
#783 = FACE_OUTER_BOUND ( 'NONE', #285, .T. ) ;
#784 = CARTESIAN_POINT ( 'NONE',  ( -2.642765321584787941, 0.9121004566210039188, -0.02458269685039370447 ) ) ;
#785 = CARTESIAN_POINT ( 'NONE',  ( -2.609193009528358420, 0.8973450954916983857, -0.01328231160473684891 ) ) ;
#786 = EDGE_LOOP ( 'NONE', ( #1046, #229, #564, #559, #68, #766 ) ) ;
#787 = CARTESIAN_POINT ( 'NONE',  ( -2.609193009528358420, 0.8973450954916983857, -0.01328231160473684891 ) ) ;
#788 = EDGE_CURVE ( 'NONE', #328, #216, #333, .T. ) ;
#789 = ADVANCED_FACE ( 'NONE', ( #357 ), #581, .T. ) ;
#790 = DIRECTION ( 'NONE',  ( 0.000000000000000000, 0.000000000000000000, 1.000000000000000000 ) ) ;
#791 = DIRECTION ( 'NONE',  ( 0.000000000000000000, -1.000000000000000000, 0.000000000000000000 ) ) ;
#792 = ORIENTED_EDGE ( 'NONE', *, *, #612, .T. ) ;
#793 = EDGE_LOOP ( 'NONE', ( #1151, #1230 ) ) ;
#794 = CARTESIAN_POINT ( 'NONE',  ( -2.597997431063791662, 0.9268086787916279823, -0.01337606903473992533 ) ) ;
#795 = EDGE_CURVE ( 'NONE', #523, #1131, #61, .T. ) ;
#796 = DIRECTION ( 'NONE',  ( -1.000000000000000000, 2.731847993664262824E-15, 0.000000000000000000 ) ) ;
#797 = AXIS2_PLACEMENT_3D ( 'NONE', #1342, #193, #394 ) ;
#798 = LINE ( 'NONE', #279, #1114 ) ;
#799 = AXIS2_PLACEMENT_3D ( 'NONE', #775, #43, #53 ) ;
#800 = CIRCLE ( 'NONE', #252, 0.02460629921259843006 ) ;
#801 = VERTEX_POINT ( 'NONE', #1296 ) ;
#802 = CARTESIAN_POINT ( 'NONE',  ( -2.598577293425996526, 0.9262100177561096714, -0.004702808441015864614 ) ) ;
#803 = DIRECTION ( 'NONE',  ( 0.000000000000000000, 0.000000000000000000, 1.000000000000000000 ) ) ;
#804 = EDGE_CURVE ( 'NONE', #388, #608, #1198, .T. ) ;
#805 = VERTEX_POINT ( 'NONE', #142 ) ;
#806 = FACE_OUTER_BOUND ( 'NONE', #1014, .T. ) ;
#807 = VERTEX_POINT ( 'NONE', #560 ) ;
#808 = CARTESIAN_POINT ( 'NONE',  ( -2.604136830433871008, 0.9027415848446840307, -0.01752838946753993571 ) ) ;
#809 = MANIFOLD_SOLID_BREP ( 'solid1', #158 ) ;
#810 = CARTESIAN_POINT ( 'NONE',  ( -2.647961384970614063, 0.9121004566210039188, 0.000000000000000000 ) ) ;
#811 = FACE_OUTER_BOUND ( 'NONE', #411, .T. ) ;
#812 = FACE_OUTER_BOUND ( 'NONE', #1073, .T. ) ;
#813 = CYLINDRICAL_SURFACE ( 'NONE', #848, 0.02165354330708661734 ) ;
#814 = EDGE_CURVE ( 'NONE', #211, #504, #648, .T. ) ;
#815 = ADVANCED_FACE ( 'NONE', ( #1113, #179 ), #80, .F. ) ;
#816 = ORIENTED_EDGE ( 'NONE', *, *, #795, .T. ) ;
#817 = CARTESIAN_POINT ( 'NONE',  ( -2.599480777796075337, 0.9203043217335915571, -0.01811213105295880060 ) ) ;
#818 = CARTESIAN_POINT ( 'NONE',  ( -2.605390151929933396, 0.9038688837285122624, 0.01432663455981865626 ) ) ;
#819 = DIMENSIONAL_EXPONENTS ( 1.000000000000000000, 0.000000000000000000, 0.000000000000000000, 0.000000000000000000, 0.000000000000000000, 0.000000000000000000, 0.000000000000000000 ) ;
#820 = DIRECTION ( 'NONE',  ( 0.000000000000000000, 0.000000000000000000, 1.000000000000000000 ) ) ;
#821 = DIRECTION ( 'NONE',  ( 0.000000000000000000, -1.000000000000000000, 0.000000000000000000 ) ) ;
#822 = CYLINDRICAL_SURFACE ( 'NONE', #512, 0.02500000000000000486 ) ;
#823 = AXIS2_PLACEMENT_3D ( 'NONE', #386, #1145, #289 ) ;
#824 = VECTOR ( 'NONE', #1304, 39.37007874015748143 ) ;
#825 = ORIENTED_EDGE ( 'NONE', *, *, #1153, .T. ) ;
#826 = CARTESIAN_POINT ( 'NONE',  ( -2.610709668662217098, 0.8923108063525116984, -0.001584369147182729514 ) ) ;
#827 = MECHANICAL_DESIGN_GEOMETRIC_PRESENTATION_REPRESENTATION (  '', ( #735 ), #1118 ) ;
#828 = AXIS2_PLACEMENT_3D ( 'NONE', #52, #978, #790 ) ;
#829 = CARTESIAN_POINT ( 'NONE',  ( -2.606171297402374520, 0.9004725844212232433, 0.01198937059397608106 ) ) ;
#830 = CARTESIAN_POINT ( 'NONE',  ( -2.246386581821008033, 0.9121004566210039188, -0.01181102362204724567 ) ) ;
#831 = CARTESIAN_POINT ( 'NONE',  ( -2.407803904655653415, 0.9121004566210039188, 0.000000000000000000 ) ) ;
#832 = EDGE_LOOP ( 'NONE', ( #1001, #344 ) ) ;
#833 = DIRECTION ( 'NONE',  ( 1.000000000000000000, 0.000000000000000000, 0.000000000000000000 ) ) ;
#834 = CARTESIAN_POINT ( 'NONE',  ( -2.642765321584787941, 0.9121004566210039188, 0.02458269685039370447 ) ) ;
#835 = ADVANCED_FACE ( 'NONE', ( #367, #291 ), #1323, .F. ) ;
#836 = CARTESIAN_POINT ( 'NONE',  ( -2.486544062135968236, 0.9121004566210039188, 0.02460629921259843006 ) ) ;
#837 = EDGE_LOOP ( 'NONE', ( #969, #476 ) ) ;
#838 = CYLINDRICAL_SURFACE ( 'NONE', #208, 0.02598425196850394359 ) ;
#839 = CARTESIAN_POINT ( 'NONE',  ( -2.648260064143843184, 0.9121004566210039188, 0.02262230125984253035 ) ) ;
#840 = ADVANCED_FACE ( 'NONE', ( #1217 ), #204, .T. ) ;
#841 = CARTESIAN_POINT ( 'NONE',  ( -2.242449573946991848, 0.9121004566210039188, 0.007874015748031495954 ) ) ;
#842 = ORIENTED_EDGE ( 'NONE', *, *, #577, .T. ) ;
#843 = CONICAL_SURFACE ( 'NONE', #293, 0.02500000000000000486, 0.1745329245848326605 ) ;
#844 = DIRECTION ( 'NONE',  ( 0.000000000000000000, 0.000000000000000000, 1.000000000000000000 ) ) ;
#845 = AXIS2_PLACEMENT_3D ( 'NONE', #507, #1049, #495 ) ;
#846 = COLOUR_RGB ( '',0.7921568627450980005, 0.8196078431372548767, 0.9333333333333333481 ) ;
#847 = CARTESIAN_POINT ( 'NONE',  ( -2.606171297402374520, 0.8969568808703964891, -0.007044468228315295399 ) ) ;
#848 = AXIS2_PLACEMENT_3D ( 'NONE', #675, #387, #1101 ) ;
#849 =( NAMED_UNIT ( * ) PLANE_ANGLE_UNIT ( ) SI_UNIT ( $, .RADIAN. ) );
#850 = CARTESIAN_POINT ( 'NONE',  ( -2.380244849537543228, 0.9121004566210039188, -0.02165354330708661734 ) ) ;
#851 = ORIENTED_EDGE ( 'NONE', *, *, #612, .F. ) ;
#852 = FACE_OUTER_BOUND ( 'NONE', #726, .T. ) ;
#853 = DIRECTION ( 'NONE',  ( 0.000000000000000000, 0.000000000000000000, -1.000000000000000000 ) ) ;
#854 = DIRECTION ( 'NONE',  ( 0.000000000000000000, 0.000000000000000000, 1.000000000000000000 ) ) ;
#855 = CARTESIAN_POINT ( 'NONE',  ( -2.607704314106269461, 0.9105160875899932504, 0.01978965028516100830 ) ) ;
#856 = CARTESIAN_POINT ( 'NONE',  ( -2.606171297402374520, 0.9004725844212232433, 0.01198937059397608106 ) ) ;
#857 = EDGE_LOOP ( 'NONE', ( #1092, #1058, #436, #481 ) ) ;
#858 = EDGE_CURVE ( 'NONE', #243, #557, #1110, .T. ) ;
#859 = ADVANCED_FACE ( 'NONE', ( #955 ), #838, .T. ) ;
#860 = FACE_BOUND ( 'NONE', #338, .T. ) ;
#861 = CARTESIAN_POINT ( 'NONE',  ( -2.402221934340691867, 0.9121004566210039188, 0.02598425196850410665 ) ) ;
#862 = CARTESIAN_POINT ( 'NONE',  ( -2.610819495586869987, 0.8927428600586455598, 0.003575504216734981706 ) ) ;
#863 = CARTESIAN_POINT ( 'NONE',  ( -2.606820129607098746, 0.8984575124237430543, 0.01441137151801515602 ) ) ;
#864 = ORIENTED_EDGE ( 'NONE', *, *, #191, .T. ) ;
#865 = CARTESIAN_POINT ( 'NONE',  ( -2.605495332519648155, 0.9206497121208375711, 0.01791788810197440102 ) ) ;
#866 = CARTESIAN_POINT ( 'NONE',  ( -2.647961384970614063, 0.8953681731564369084, 0.000000000000000000 ) ) ;
#867 = AXIS2_PLACEMENT_3D ( 'NONE', #1027, #1111, #579 ) ;
#868 = AXIS2_PLACEMENT_3D ( 'NONE', #674, #874, #238 ) ;
#869 = CARTESIAN_POINT ( 'NONE',  ( -2.645325925836756298, 0.9121004566210039188, 0.000000000000000000 ) ) ;
#870 = CIRCLE ( 'NONE', #315, 0.02952755905511811677 ) ;
#871 = ORIENTED_EDGE ( 'NONE', *, *, #628, .T. ) ;
#872 = ORIENTED_EDGE ( 'NONE', *, *, #729, .F. ) ;
#873 = PRODUCT ( 'Same_Sky_CPG-01-TH-B', 'Same_Sky_CPG-01-TH-B', '', ( #275 ) ) ;
#874 = DIRECTION ( 'NONE',  ( -1.000000000000000000, -0.000000000000000000, -0.000000000000000000 ) ) ;
#875 = CARTESIAN_POINT ( 'NONE',  ( -2.642220404370878128, 0.9121004566210039188, 0.000000000000000000 ) ) ;
#876 = EDGE_CURVE ( 'NONE', #878, #1070, #529, .T. ) ;
#877 = DIRECTION ( 'NONE',  ( -0.2588190448885304695, -0.9498585246533581827, 0.1754465307332536417 ) ) ;
#878 = VERTEX_POINT ( 'NONE', #519 ) ;
#879 = DIRECTION ( 'NONE',  ( -1.000000000000000000, 0.000000000000000000, 0.000000000000000000 ) ) ;
#880 = DIRECTION ( 'NONE',  ( -1.000000000000000000, 0.000000000000000000, 0.000000000000000000 ) ) ;
#881 = PLANE ( 'NONE',  #799 ) ;
#882 = ADVANCED_FACE ( 'NONE', ( #91 ), #1350, .T. ) ;
#883 = ADVANCED_FACE ( 'NONE', ( #852 ), #720, .F. ) ;
#884 = ORIENTED_EDGE ( 'NONE', *, *, #908, .F. ) ;
#885 = EDGE_CURVE ( 'NONE', #608, #388, #313, .T. ) ;
#886 = ORIENTED_EDGE ( 'NONE', *, *, #920, .F. ) ;
#887 = CARTESIAN_POINT ( 'NONE',  ( -2.313315715679275186, 0.9121004566210039188, 0.000000000000000000 ) ) ;
#888 = CARTESIAN_POINT ( 'NONE',  ( -2.735044618032296704, 0.9149608599914977880, 0.01548607723421634857 ) ) ;
#889 = CIRCLE ( 'NONE', #621, 0.02598425196850394359 ) ;
#890 = DIRECTION ( 'NONE',  ( 0.000000000000000000, 0.000000000000000000, 1.000000000000000000 ) ) ;
#891 = CIRCLE ( 'NONE', #185, 0.01968503937007874335 ) ;
#892 = CARTESIAN_POINT ( 'NONE',  ( -2.641782469616281936, 0.9121004566210039188, 0.000000000000000000 ) ) ;
#893 = ORIENTED_EDGE ( 'NONE', *, *, #1211, .F. ) ;
#894 = CARTESIAN_POINT ( 'NONE',  ( -2.329063747175339039, 0.9121004566210039188, 0.000000000000000000 ) ) ;
#895 = CARTESIAN_POINT ( 'NONE',  ( -2.735044618032295816, 0.9092400532452645789, -0.01548607726262530779 ) ) ;
#896 = CARTESIAN_POINT ( 'NONE',  ( -2.599480777796075781, 0.9262331763007594088, 0.01398638368265868459 ) ) ;
#897 = CARTESIAN_POINT ( 'NONE',  ( -2.645977387017858007, 0.9619104133532875300, 0.02490497838582677453 ) ) ;
#898 = ORIENTED_EDGE ( 'NONE', *, *, #63, .T. ) ;
#899 = ORIENTED_EDGE ( 'NONE', *, *, #876, .T. ) ;
#900 = CARTESIAN_POINT ( 'NONE',  ( -2.606484058189776132, 0.8961263562905182889, -0.005114617091019364042 ) ) ;
#901 = CARTESIAN_POINT ( 'NONE',  ( -2.798036743900995216, 0.9459330144262773077, 0.009765270470068242517 ) ) ;
#902 = CARTESIAN_POINT ( 'NONE',  ( -2.486544062135968236, 0.9121004566210039188, 0.000000000000000000 ) ) ;
#903 = DIRECTION ( 'NONE',  ( 0.000000000000000000, -0.1816356141929458545, -0.9833659052747106832 ) ) ;
#904 = DIRECTION ( 'NONE',  ( 0.5843209219769264218, -0.8115226799911599009, 9.938286524866529075E-17 ) ) ;
#905 = B_SPLINE_CURVE_WITH_KNOTS ( 'NONE', 3,
 ( #274, #909, #485, #1199, #829, #818, #1238, #1127, #605, #1033, #1143, #101, #952, #190, #311, #303, #1056, #721 ),
 .UNSPECIFIED., .F., .F.,
 ( 4, 2, 2, 2, 2, 2, 2, 2, 4 ),
 ( 0.000000000000000000, 0.1250000000000000833, 0.2500000000000001665, 0.3749999999999996114, 0.5000000000000015543, 0.6250000000000003331, 0.7499999999999992228, 0.8750000000000014433, 1.000000000000000000 ),
 .UNSPECIFIED. ) ;
#906 = ORIENTED_EDGE ( 'NONE', *, *, #83, .F. ) ;
#907 = CARTESIAN_POINT ( 'NONE',  ( -2.602104036260642239, 0.9100413163515395087, -0.01977565746376457392 ) ) ;
#908 = EDGE_CURVE ( 'NONE', #996, #171, #603, .T. ) ;
#909 = CARTESIAN_POINT ( 'NONE',  ( -2.607016638071665948, 0.8959868496237820557, 0.005072971875688347260 ) ) ;
#910 = APPLICATION_PROTOCOL_DEFINITION ( 'draft international standard', 'automotive_design', 1998, #934 ) ;
#911 = CARTESIAN_POINT ( 'NONE',  ( -2.647961384974880428, 0.9121004566210039188, 0.01988188976173164979 ) ) ;
#912 = AXIS2_PLACEMENT_3D ( 'NONE', #1259, #305, #631 ) ;
#913 = DIRECTION ( 'NONE',  ( 1.000000000000000000, 0.000000000000000000, 0.000000000000000000 ) ) ;
#914 = AXIS2_PLACEMENT_3D ( 'NONE', #219, #973, #240 ) ;
#915 = EDGE_LOOP ( 'NONE', ( #1262, #103, #405, #1188, #816 ) ) ;
#916 = ORIENTED_EDGE ( 'NONE', *, *, #951, .T. ) ;
#917 = CARTESIAN_POINT ( 'NONE',  ( -2.604006637166154103, 0.9211373940776353963, -0.01767694105399689186 ) ) ;
#918 = CARTESIAN_POINT ( 'NONE',  ( -2.648260064143843184, 0.9121004566210039188, -0.02262230125984253035 ) ) ;
#919 = CARTESIAN_POINT ( 'NONE',  ( -2.644493436929933328, 0.9092400532478868147, -0.01548607724842065991 ) ) ;
#920 = EDGE_CURVE ( 'NONE', #47, #452, #986, .T. ) ;
#921 = PRODUCT_DEFINITION_CONTEXT ( 'detailed design', #934, 'design' ) ;
#922 = CARTESIAN_POINT ( 'NONE',  ( -2.313315715679275186, 0.9121004566210039188, 0.000000000000000000 ) ) ;
#923 = CYLINDRICAL_SURFACE ( 'NONE', #1030, 0.01181102362204724567 ) ;
#924 = ORIENTED_EDGE ( 'NONE', *, *, #1060, .T. ) ;
#925 = DIRECTION ( 'NONE',  ( 1.000000000000000000, 0.000000000000000000, 0.000000000000000000 ) ) ;
#926 = CARTESIAN_POINT ( 'NONE',  ( -2.397961384970614063, 0.9121004566210039188, -0.02598425196850394359 ) ) ;
#927 = SHAPE_DEFINITION_REPRESENTATION ( #664, #723 ) ;
#928 = DIRECTION ( 'NONE',  ( -1.000000000000000000, 0.000000000000000000, 0.000000000000000000 ) ) ;
#929 = ADVANCED_FACE ( 'NONE', ( #1059 ), #524, .T. ) ;
#930 = EDGE_CURVE ( 'NONE', #677, #321, #416, .T. ) ;
#931 = CARTESIAN_POINT ( 'NONE',  ( -2.329063747175339039, 0.9121004566210039188, 0.02952755905511811677 ) ) ;
#932 = ORIENTED_EDGE ( 'NONE', *, *, #474, .T. ) ;
#933 = DIRECTION ( 'NONE',  ( 0.000000000000000000, -1.000000000000000000, 0.000000000000000000 ) ) ;
#934 = APPLICATION_CONTEXT ( 'automotive_design' ) ;
#935 = CYLINDRICAL_SURFACE ( 'NONE', #74, 0.02952755905511811677 ) ;
#936 = FACE_OUTER_BOUND ( 'NONE', #592, .T. ) ;
#937 = DIRECTION ( 'NONE',  ( 0.000000000000000000, 0.000000000000000000, 1.000000000000000000 ) ) ;
#938 = CARTESIAN_POINT ( 'NONE',  ( -2.397961384970614063, 0.9121004566210039188, 0.02598425196850394359 ) ) ;
#939 = AXIS2_PLACEMENT_3D ( 'NONE', #892, #1321, #1202 ) ;
#940 = ORIENTED_EDGE ( 'NONE', *, *, #198, .F. ) ;
#941 = DIRECTION ( 'NONE',  ( -1.000000000000000000, 4.081702296416016786E-15, 0.000000000000000000 ) ) ;
#942 = EDGE_CURVE ( 'NONE', #372, #1224, #1176, .T. ) ;
#943 = CIRCLE ( 'NONE', #334, 0.02460629921970877362 ) ;
#944 = ADVANCED_FACE ( 'NONE', ( #1065 ), #110, .T. ) ;
#945 = VECTOR ( 'NONE', #574, 39.37007874015748143 ) ;
#946 = DIRECTION ( 'NONE',  ( 0.5000000005263706138, -0.1573010560678739511, -0.8516198548845375083 ) ) ;
#947 = DIRECTION ( 'NONE',  ( 1.000000000000000000, -2.731847993664262824E-15, 0.000000000000000000 ) ) ;
#948 = CARTESIAN_POINT ( 'NONE',  ( -2.647961384977724819, 0.8723366770874118048, -0.01988188976697010876 ) ) ;
#949 = ORIENTED_EDGE ( 'NONE', *, *, #198, .T. ) ;
#950 = CARTESIAN_POINT ( 'NONE',  ( -2.607798523268515911, 0.8927428600604780939, 0.003575504216396477308 ) ) ;
#951 = EDGE_CURVE ( 'NONE', #1085, #557, #943, .T. ) ;
#952 = CARTESIAN_POINT ( 'NONE',  ( -2.600203779567729079, 0.9229027225895187758, 0.01081093100184082195 ) ) ;
#953 = CARTESIAN_POINT ( 'NONE',  ( -2.486544062135968236, 0.9121004566210039188, 0.02500000000000000486 ) ) ;
#954 = EDGE_LOOP ( 'NONE', ( #571, #741, #343, #872, #1171 ) ) ;
#955 = FACE_OUTER_BOUND ( 'NONE', #464, .T. ) ;
#956 = CARTESIAN_POINT ( 'NONE',  ( -2.604922072323634374, 0.9007999714276576642, -0.01190588946292612388 ) ) ;
#957 = CARTESIAN_POINT ( 'NONE',  ( -2.610286915788201156, 0.8969867425785106319, 0.01287307773517161989 ) ) ;
#958 = ORIENTED_EDGE ( 'NONE', *, *, #713, .T. ) ;
#959 = AXIS2_PLACEMENT_3D ( 'NONE', #922, #1037, #1349 ) ;
#960 = B_SPLINE_CURVE_WITH_KNOTS ( 'NONE', 3,
 ( #1292, #24, #525, #1, #1087, #1061, #440, #340, #636, #111, #972, #956, #239, #847, #1286, #736, #752, #135 ),
 .UNSPECIFIED., .F., .F.,
 ( 4, 2, 2, 2, 2, 2, 2, 2, 4 ),
 ( 0.000000000000000000, 0.1250000000000016098, 0.2500000000000001110, 0.3750000000000015543, 0.5000000000000003331, 0.6249999999999983347, 0.7500000000000004441, 0.8749999999999986677, 1.000000000000000000 ),
 .UNSPECIFIED. ) ;
#961 = DIRECTION ( 'NONE',  ( -1.000000000000000000, 0.000000000000000000, 0.000000000000000000 ) ) ;
#962 = AXIS2_PLACEMENT_3D ( 'NONE', #288, #192, #606 ) ;
#963 = CIRCLE ( 'NONE', #355, 0.02500000000000000486 ) ;
#964 = DIRECTION ( 'NONE',  ( 0.000000000000000000, -1.000000000000000000, 0.000000000000000000 ) ) ;
#965 = VECTOR ( 'NONE', #702, 39.37007874015748143 ) ;
#966 = PLANE ( 'NONE',  #93 ) ;
#967 = EDGE_CURVE ( 'NONE', #608, #1099, #1212, .T. ) ;
#968 = FACE_OUTER_BOUND ( 'NONE', #915, .T. ) ;
#969 = ORIENTED_EDGE ( 'NONE', *, *, #125, .T. ) ;
#970 = EDGE_LOOP ( 'NONE', ( #886, #842, #1104, #710 ) ) ;
#971 = DIRECTION ( 'NONE',  ( 1.000000000000000000, -2.731847993664262824E-15, 0.000000000000000000 ) ) ;
#972 = CARTESIAN_POINT ( 'NONE',  ( -2.603901456536232395, 0.9042590292952286113, -0.01414922875714281353 ) ) ;
#973 = DIRECTION ( 'NONE',  ( -1.000000000000000000, 4.081702296416016786E-15, 0.000000000000000000 ) ) ;
#974 = CARTESIAN_POINT ( 'NONE',  ( -2.598426427205524192, 0.9294472177030969062, 0.009723391150933376539 ) ) ;
#975 = ORIENTED_EDGE ( 'NONE', *, *, #180, .F. ) ;
#976 = DIRECTION ( 'NONE',  ( 0.000000000000000000, 0.000000000000000000, 1.000000000000000000 ) ) ;
#977 = CARTESIAN_POINT ( 'NONE',  ( -2.407803904655653415, 0.9121004566210039188, 0.000000000000000000 ) ) ;
#978 = DIRECTION ( 'NONE',  ( -1.000000000000000000, 0.000000000000000000, 0.000000000000000000 ) ) ;
#979 = ORIENTED_EDGE ( 'NONE', *, *, #908, .T. ) ;
#980 = ORIENTED_EDGE ( 'NONE', *, *, #942, .F. ) ;
#981 = DIRECTION ( 'NONE',  ( 0.000000000000000000, 0.000000000000000000, 1.000000000000000000 ) ) ;
#982 = ADVANCED_FACE ( 'NONE', ( #575 ), #1246, .F. ) ;
#983 = EDGE_CURVE ( 'NONE', #1022, #1146, #905, .T. ) ;
#984 = DIRECTION ( 'NONE',  ( 1.000000000000000000, 0.000000000000000000, 0.000000000000000000 ) ) ;
#985 = CIRCLE ( 'NONE', #1155, 0.02500000000000000486 ) ;
#986 = CIRCLE ( 'NONE', #1329, 0.007874015748031770040 ) ;
#987 = CARTESIAN_POINT ( 'NONE',  ( -2.644493436929933328, 0.9092400532478868147, -0.01548607724842065991 ) ) ;
#988 = VECTOR ( 'NONE', #284, 39.37007874015748143 ) ;
#989 = EDGE_LOOP ( 'NONE', ( #626, #1273, #45, #1283 ) ) ;
#990 = VERTEX_POINT ( 'NONE', #390 ) ;
#991 = SURFACE_STYLE_USAGE ( .BOTH. , #661 ) ;
#992 = CARTESIAN_POINT ( 'NONE',  ( -2.407803904655653415, 0.9121004566210039188, 0.02500000000000000486 ) ) ;
#993 = EDGE_CURVE ( 'NONE', #1064, #523, #434, .T. ) ;
#994 = LINE ( 'NONE', #359, #1095 ) ;
#995 = ORIENTED_EDGE ( 'NONE', *, *, #407, .T. ) ;
#996 = VERTEX_POINT ( 'NONE', #926 ) ;
#997 = DIRECTION ( 'NONE',  ( 1.000000000000000000, 0.000000000000000000, 0.000000000000000000 ) ) ;
#998 = DIRECTION ( 'NONE',  ( 1.000000000000000000, 0.000000000000000000, 0.000000000000000000 ) ) ;
#999 = CARTESIAN_POINT ( 'NONE',  ( -2.735044618032296704, 0.9092400532452632467, -0.01548607726262510829 ) ) ;
#1000 = CARTESIAN_POINT ( 'NONE',  ( -2.648260064143843184, 0.9121004566210039188, 0.02262230125984253035 ) ) ;
#1001 = ORIENTED_EDGE ( 'NONE', *, *, #150, .F. ) ;
#1002 = ORIENTED_EDGE ( 'NONE', *, *, #715, .F. ) ;
#1003 = CARTESIAN_POINT ( 'NONE',  ( -2.370486861978488680, 0.9121004566210039188, -5.335640612625514099E-18 ) ) ;
#1004 = CARTESIAN_POINT ( 'NONE',  ( -2.402221934340691867, 0.9121004566210039188, -0.02598425196850410665 ) ) ;
#1005 = CONICAL_SURFACE ( 'NONE', #1258, 0.007874015748031495954, 0.7853981633974340681 ) ;
#1006 = CIRCLE ( 'NONE', #1173, 0.02952755905511811677 ) ;
#1007 = CARTESIAN_POINT ( 'NONE',  ( -2.601409834331508186, 0.9197200116836596884, 0.01836059714369430926 ) ) ;
#1008 = DIRECTION ( 'NONE',  ( 0.000000000000000000, 0.000000000000000000, 1.000000000000000000 ) ) ;
#1009 = AXIS2_PLACEMENT_3D ( 'NONE', #751, #879, #1080 ) ;
#1010 = EDGE_CURVE ( 'NONE', #127, #614, #691, .T. ) ;
#1011 = AXIS2_PLACEMENT_3D ( 'NONE', #655, #1081, #131 ) ;
#1012 = ADVANCED_FACE ( 'NONE', ( #295 ), #610, .T. ) ;
#1013 = CARTESIAN_POINT ( 'NONE',  ( -2.645325925836756298, 0.8953681731564369084, 2.049113738730816103E-18 ) ) ;
#1014 = EDGE_LOOP ( 'NONE', ( #1310, #1053, #20, #703, #940, #39 ) ) ;
#1015 = CARTESIAN_POINT ( 'NONE',  ( -2.608724929922059399, 0.8992273787768377824, -0.01511371398232511792 ) ) ;
#1016 = CARTESIAN_POINT ( 'NONE',  ( -2.644493436929933328, 0.9121004566210039188, 0.000000000000000000 ) ) ;
#1017 = ORIENTED_EDGE ( 'NONE', *, *, #885, .T. ) ;
#1018 = ORIENTED_EDGE ( 'NONE', *, *, #647, .F. ) ;
#1019 = CARTESIAN_POINT ( 'NONE',  ( -2.603225491693712979, 0.9253827682257408371, -0.01475536112930557475 ) ) ;
#1020 = CARTESIAN_POINT ( 'NONE',  ( -2.641782469616281936, 0.8904469133139147896, 2.651794250122535496E-18 ) ) ;
#1021 = CARTESIAN_POINT ( 'NONE',  ( -2.608724929922059399, 0.8992273787768377824, -0.01511371398232511792 ) ) ;
#1022 = VERTEX_POINT ( 'NONE', #616 ) ;
#1023 = CARTESIAN_POINT ( 'NONE',  ( -2.601692474961429635, 0.9123659289066134992, -0.01564663850280919102 ) ) ;
#1024 = LINE ( 'NONE', #401, #776 ) ;
#1025 = APPLICATION_PROTOCOL_DEFINITION ( 'draft international standard', 'automotive_design', 1998, #128 ) ;
#1026 = CARTESIAN_POINT ( 'NONE',  ( -2.643236975523734156, 0.9121004566198991359, 0.02460629921615360358 ) ) ;
#1027 = CARTESIAN_POINT ( 'NONE',  ( -2.313315715679275186, 0.9121004566210039188, 0.000000000000000000 ) ) ;
#1028 = VECTOR ( 'NONE', #224, 39.37007874015748854 ) ;
#1029 = DIRECTION ( 'NONE',  ( 1.000000000000000000, 0.000000000000000000, 0.000000000000000000 ) ) ;
#1030 = AXIS2_PLACEMENT_3D ( 'NONE', #1336, #680, #771 ) ;
#1031 = ORIENTED_EDGE ( 'NONE', *, *, #779, .T. ) ;
#1032 = CARTESIAN_POINT ( 'NONE',  ( -2.600203779567729079, 0.9183279836513794647, -0.01395647112514617275 ) ) ;
#1033 = CARTESIAN_POINT ( 'NONE',  ( -2.602244612481114494, 0.9159859578577952410, 0.01529673340491582642 ) ) ;
#1034 = ADVANCED_FACE ( 'NONE', ( #1152 ), #935, .T. ) ;
#1035 = DIRECTION ( 'NONE',  ( 0.000000000000000000, 0.1816356141929389711, 0.9833659052747119045 ) ) ;
#1036 = CARTESIAN_POINT ( 'NONE',  ( -2.380244849537543228, 0.9121004566210039188, 0.000000000000000000 ) ) ;
#1037 = DIRECTION ( 'NONE',  ( 1.000000000000000000, 0.000000000000000000, 0.000000000000000000 ) ) ;
#1038 = EDGE_LOOP ( 'NONE', ( #395, #447 ) ) ;
#1039 = CARTESIAN_POINT ( 'NONE',  ( -2.605390151929933396, 0.8992941447903729513, -0.01044076756716833670 ) ) ;
#1040 = CARTESIAN_POINT ( 'NONE',  ( -2.486544062135968236, 0.9121004566210039188, 0.000000000000000000 ) ) ;
#1041 = CARTESIAN_POINT ( 'NONE',  ( -2.642220404370878128, 0.9121004566210039188, 0.000000000000000000 ) ) ;
#1042 = CARTESIAN_POINT ( 'NONE',  ( -2.407803904655653415, 0.9121004566210039188, 0.000000000000000000 ) ) ;
#1043 = PRODUCT_RELATED_PRODUCT_CATEGORY ( 'part', '', ( #873 ) ) ;
#1044 = CARTESIAN_POINT ( 'NONE',  ( -2.647961384974880428, 0.9121004566210039188, 0.01988188976173164979 ) ) ;
#1045 = EDGE_CURVE ( 'NONE', #328, #614, #1024, .T. ) ;
#1046 = ORIENTED_EDGE ( 'NONE', *, *, #795, .F. ) ;
#1047 = CARTESIAN_POINT ( 'NONE',  ( -2.610286915788201156, 0.8933853598923410244, -0.006624623534271483448 ) ) ;
#1048 = CARTESIAN_POINT ( 'NONE',  ( -2.642220404370878128, 0.9121004566210039188, 0.000000000000000000 ) ) ;
#1049 = DIRECTION ( 'NONE',  ( 1.000000000000000000, 0.000000000000000000, 0.000000000000000000 ) ) ;
#1050 = DIRECTION ( 'NONE',  ( -1.000000000000000000, 0.000000000000000000, 0.000000000000000000 ) ) ;
#1051 = ADVANCED_FACE ( 'NONE', ( #1355 ), #725, .T. ) ;
#1052 = CIRCLE ( 'NONE', #488, 0.01574803149606299885 ) ;
#1053 = ORIENTED_EDGE ( 'NONE', *, *, #993, .F. ) ;
#1054 = DIRECTION ( 'NONE',  ( 0.000000000000000000, 0.000000000000000000, 1.000000000000000000 ) ) ;
#1055 = CIRCLE ( 'NONE', #1222, 0.003937007887199890123 ) ;
#1056 = CARTESIAN_POINT ( 'NONE',  ( -2.598577293425996526, 0.9269590040819081223, -0.0006478348633950082843 ) ) ;
#1057 = DIRECTION ( 'NONE',  ( -1.000000000000000000, 0.000000000000000000, 0.000000000000000000 ) ) ;
#1058 = ORIENTED_EDGE ( 'NONE', *, *, #637, .F. ) ;
#1059 = FACE_OUTER_BOUND ( 'NONE', #253, .T. ) ;
#1060 = EDGE_CURVE ( 'NONE', #1236, #1099, #671, .T. ) ;
#1061 = CARTESIAN_POINT ( 'NONE',  ( -2.600203779567729079, 0.9183279836513794647, -0.01395647112514617275 ) ) ;
#1062 = FACE_OUTER_BOUND ( 'NONE', #457, .T. ) ;
#1063 = DIRECTION ( 'NONE',  ( 0.000000000000000000, -1.000000000000000000, 0.000000000000000000 ) ) ;
#1064 = VERTEX_POINT ( 'NONE', #530 ) ;
#1065 = FACE_OUTER_BOUND ( 'NONE', #786, .T. ) ;
#1066 = CARTESIAN_POINT ( 'NONE',  ( -2.313315715679275186, 0.9121004566210039188, 0.000000000000000000 ) ) ;
#1067 = EDGE_CURVE ( 'NONE', #1146, #523, #1055, .T. ) ;
#1068 = PRESENTATION_STYLE_ASSIGNMENT (( #319 ) ) ;
#1069 = CARTESIAN_POINT ( 'NONE',  ( -2.599109873307885898, 0.9260705110506581850, 0.005484780532842856507 ) ) ;
#1070 = VERTEX_POINT ( 'NONE', #212 ) ;
#1071 = VECTOR ( 'NONE', #1057, 39.37007874015748143 ) ;
#1072 = CARTESIAN_POINT ( 'NONE',  ( -2.647961384974880428, 0.9121004566210039188, -0.01988188976173164979 ) ) ;
#1073 = EDGE_LOOP ( 'NONE', ( #1193, #932, #1337, #781, #353 ) ) ;
#1074 = CARTESIAN_POINT ( 'NONE',  ( -2.242449573946991848, 0.9121004566210039188, -0.007874015748031495954 ) ) ;
#1075 = DIRECTION ( 'NONE',  ( 0.000000000000000000, 0.000000000000000000, 1.000000000000000000 ) ) ;
#1076 = ADVANCED_FACE ( 'NONE', ( #325, #552 ), #1177, .F. ) ;
#1077 = CARTESIAN_POINT ( 'NONE',  ( -2.606906811063792073, 0.8967641232527019390, 0.007024486205265927444 ) ) ;
#1078 = ORIENTED_EDGE ( 'NONE', *, *, #788, .T. ) ;
#1079 = EDGE_LOOP ( 'NONE', ( #221, #673, #348, #429 ) ) ;
#1080 = DIRECTION ( 'NONE',  ( 0.000000000000000000, 0.000000000000000000, 1.000000000000000000 ) ) ;
#1081 = DIRECTION ( 'NONE',  ( -1.000000000000000000, 0.000000000000000000, 0.000000000000000000 ) ) ;
#1082 = CARTESIAN_POINT ( 'NONE',  ( -2.329063747175339039, 0.9121004566210039188, 0.000000000000000000 ) ) ;
#1083 = CARTESIAN_POINT ( 'NONE',  ( -2.602912730866941082, 0.9308155533496669243, 0.006624623534271483448 ) ) ;
#1084 = EDGE_CURVE ( 'NONE', #216, #805, #11, .T. ) ;
#1085 = VERTEX_POINT ( 'NONE', #332 ) ;
#1086 = PRESENTATION_STYLE_ASSIGNMENT (( #991 ) ) ;
#1087 = CARTESIAN_POINT ( 'NONE',  ( -2.599422634095288398, 0.9217242829586682618, -0.01161920715930359581 ) ) ;
#1088 = FACE_OUTER_BOUND ( 'NONE', #280, .T. ) ;
#1089 = DIRECTION ( 'NONE',  ( 1.000000000000000000, -2.731847993664262824E-15, 0.000000000000000000 ) ) ;
#1090 = EDGE_LOOP ( 'NONE', ( #90, #1295, #792, #1303 ) ) ;
#1091 = CIRCLE ( 'NONE', #939, 0.02165354330708661734 ) ;
#1092 = ORIENTED_EDGE ( 'NONE', *, *, #438, .F. ) ;
#1093 = CARTESIAN_POINT ( 'NONE',  ( -41.74056560213597322, 0.9121004566210039188, 0.000000000000000000 ) ) ;
#1094 = DIRECTION ( 'NONE',  ( 0.000000000000000000, 0.000000000000000000, -1.000000000000000000 ) ) ;
#1095 = VECTOR ( 'NONE', #486, 39.37007874015748143 ) ;
#1096 = AXIS2_PLACEMENT_3D ( 'NONE', #406, #833, #412 ) ;
#1097 = CIRCLE ( 'NONE', #516, 0.02500000000000000486 ) ;
#1098 = CARTESIAN_POINT ( 'NONE',  ( -2.642765321584787497, 0.9612658503217910155, 0.02458269685039370100 ) ) ;
#1099 = VERTEX_POINT ( 'NONE', #866 ) ;
#1100 = VERTEX_POINT ( 'NONE', #106 ) ;
#1101 = DIRECTION ( 'NONE',  ( 0.000000000000000000, 0.000000000000000000, 1.000000000000000000 ) ) ;
#1102 = CARTESIAN_POINT ( 'NONE',  ( -2.648260064143843184, 0.9121004566210039188, -0.02262230125984253035 ) ) ;
#1103 = LINE ( 'NONE', #1330, #553 ) ;
#1104 = ORIENTED_EDGE ( 'NONE', *, *, #629, .T. ) ;
#1105 = LINE ( 'NONE', #1195, #580 ) ;
#1106 = DIRECTION ( 'NONE',  ( -1.000000000000000000, 0.000000000000000000, 0.000000000000000000 ) ) ;
#1107 = DIRECTION ( 'NONE',  ( 0.000000000000000000, 0.000000000000000000, -1.000000000000000000 ) ) ;
#1108 = EDGE_CURVE ( 'NONE', #1146, #1022, #960, .T. ) ;
#1109 = LINE ( 'NONE', #364, #1282 ) ;
#1110 =( BOUNDED_CURVE ( )  B_SPLINE_CURVE ( 3, ( #1072, #195, #422, #511 ),
 .UNSPECIFIED., .F., .T. ) 
 B_SPLINE_CURVE_WITH_KNOTS ( ( 4, 4 ),
 ( 0.06314145699999992867, 0.9368585429998880221 ),
 .UNSPECIFIED. ) 
 CURVE ( )  GEOMETRIC_REPRESENTATION_ITEM ( )  RATIONAL_B_SPLINE_CURVE ( ( 0.9565783021659933771, 0.7697947703959991950, 0.7697947703959753252, 0.9565783021659214347 ) ) 
 REPRESENTATION_ITEM ( '' )  );
#1111 = DIRECTION ( 'NONE',  ( 1.000000000000000000, 0.000000000000000000, 0.000000000000000000 ) ) ;
#1112 = VERTEX_POINT ( 'NONE', #31 ) ;
#1113 = FACE_BOUND ( 'NONE', #1123, .T. ) ;
#1114 = VECTOR ( 'NONE', #1215, 39.37007874015748143 ) ;
#1115 = CONICAL_SURFACE ( 'NONE', #513, 87.36450009227007740, 1.147408967649623968 ) ;
#1116 = CARTESIAN_POINT ( 'NONE',  ( -2.486544062135968236, 0.9121004566210039188, 0.000000000000000000 ) ) ;
#1117 = EDGE_CURVE ( 'NONE', #557, #1085, #800, .T. ) ;
#1118 =( GEOMETRIC_REPRESENTATION_CONTEXT ( 3 ) GLOBAL_UNCERTAINTY_ASSIGNED_CONTEXT ( ( #59 ) ) GLOBAL_UNIT_ASSIGNED_CONTEXT ( ( #48, #148, #1226 ) ) REPRESENTATION_CONTEXT ( 'NONE', 'WORKASPACE' ) );
#1119 = ORIENTED_EDGE ( 'NONE', *, *, #629, .F. ) ;
#1120 = ORIENTED_EDGE ( 'NONE', *, *, #543, .T. ) ;
#1121 = CARTESIAN_POINT ( 'NONE',  ( -2.602380151024421551, 0.9314580531815297437, -0.003575504216396477308 ) ) ;
#1122 = DIRECTION ( 'NONE',  ( 1.000000000000000000, 0.000000000000000000, 0.000000000000000000 ) ) ;
#1123 = EDGE_LOOP ( 'NONE', ( #619, #1161 ) ) ;
#1124 = EDGE_CURVE ( 'NONE', #309, #805, #891, .T. ) ;
#1125 = VERTEX_POINT ( 'NONE', #743 ) ;
#1126 = CARTESIAN_POINT ( 'NONE',  ( -2.599422634095288398, 0.9217242829586682618, -0.01161920715930359581 ) ) ;
#1127 = CARTESIAN_POINT ( 'NONE',  ( -2.603901456536232395, 0.9098309384732782279, 0.01601680193748167627 ) ) ;
#1128 = CARTESIAN_POINT ( 'NONE',  ( -2.402221934340691867, 0.9121004566210039188, 0.000000000000000000 ) ) ;
#1129 = CARTESIAN_POINT ( 'NONE',  ( -2.329063747175339039, 0.9121004566210039188, 0.000000000000000000 ) ) ;
#1130 = CARTESIAN_POINT ( 'NONE',  ( -2.606386099843319037, 0.9121004566210039188, 0.000000000000000000 ) ) ;
#1131 = VERTEX_POINT ( 'NONE', #1162 ) ;
#1132 = CARTESIAN_POINT ( 'NONE',  ( -2.604474716772453124, 0.9187250802785720261, -0.01871509671140070968 ) ) ;
#1133 = EDGE_CURVE ( 'NONE', #1100, #677, #963, .T. ) ;
#1134 = EDGE_CURVE ( 'NONE', #878, #732, #1140, .T. ) ;
#1135 = CARTESIAN_POINT ( 'NONE',  ( -2.602380151024421551, 0.9314580531815297437, -0.003575504216396477308 ) ) ;
#1136 = CLOSED_SHELL ( 'NONE', ( #1248, #426, #944, #1205, #882, #1266, #1318, #840, #385, #982 ) ) ;
#1137 = DIRECTION ( 'NONE',  ( 1.000000000000000000, 0.000000000000000000, 0.000000000000000000 ) ) ;
#1138 = CIRCLE ( 'NONE', #774, 0.02165354330708661734 ) ;
#1139 = CARTESIAN_POINT ( 'NONE',  ( -2.645325925836756298, 0.9288327400855709293, 2.049113738730816103E-18 ) ) ;
#1140 = CIRCLE ( 'NONE', #491, 0.02952755905511811677 ) ;
#1141 = CIRCLE ( 'NONE', #535, 0.01574803149606298497 ) ;
#1142 = VERTEX_POINT ( 'NONE', #1271 ) ;
#1143 = CARTESIAN_POINT ( 'NONE',  ( -2.601692474961429635, 0.9179378380846630048, 0.01451939219181529878 ) ) ;
#1144 = CARTESIAN_POINT ( 'NONE',  ( -2.647961384979296007, 0.9121004566210039188, 0.02264938475160571674 ) ) ;
#1145 = DIRECTION ( 'NONE',  ( 1.000000000000000000, 0.000000000000000000, 0.000000000000000000 ) ) ;
#1146 = VERTEX_POINT ( 'NONE', #748 ) ;
#1147 = CARTESIAN_POINT ( 'NONE',  ( -2.607671508347257472, 0.8923093754353246254, -0.001381123192985521603 ) ) ;
#1148 = CARTESIAN_POINT ( 'NONE',  ( -2.606047470039154490, 0.9110588533929211419, -0.01982562851067042053 ) ) ;
#1149 = CARTESIAN_POINT ( 'NONE',  ( -2.486544062135968236, 0.9121004566210039188, -0.02460629921259843006 ) ) ;
#1150 = DIRECTION ( 'NONE',  ( -1.000000000000000000, 0.000000000000000000, 0.000000000000000000 ) ) ;
#1151 = ORIENTED_EDGE ( 'NONE', *, *, #475, .T. ) ;
#1152 = FACE_OUTER_BOUND ( 'NONE', #989, .T. ) ;
#1153 = EDGE_CURVE ( 'NONE', #760, #1316, #1168, .T. ) ;
#1154 = AXIS2_PLACEMENT_3D ( 'NONE', #378, #796, #791 ) ;
#1155 = AXIS2_PLACEMENT_3D ( 'NONE', #245, #1190, #254 ) ;
#1156 = ORIENTED_EDGE ( 'NONE', *, *, #1247, .F. ) ;
#1157 = DIRECTION ( 'NONE',  ( 1.000000000000000000, 0.000000000000000000, 0.000000000000000000 ) ) ;
#1158 = AXIS2_PLACEMENT_3D ( 'NONE', #1048, #183, #73 ) ;
#1159 = CARTESIAN_POINT ( 'NONE',  ( -2.644493436929933328, 0.9149608599941210230, 0.01548607724842065991 ) ) ;
#1160 = CARTESIAN_POINT ( 'NONE',  ( -2.486544062135968236, 0.9121004566210039188, -0.02460629921259843006 ) ) ;
#1161 = ORIENTED_EDGE ( 'NONE', *, *, #1223, .F. ) ;
#1162 = CARTESIAN_POINT ( 'NONE',  ( -2.606599823329344812, 0.9156759608398790107, 0.01935759656006801749 ) ) ;
#1163 =( CONVERSION_BASED_UNIT ( 'INCH', #534 ) LENGTH_UNIT ( ) NAMED_UNIT ( #819 ) );
#1164 = CARTESIAN_POINT ( 'NONE',  ( -2.598577293425996526, 0.9269590040819081223, -0.0006478348633950082843 ) ) ;
#1165 = ORIENTED_EDGE ( 'NONE', *, *, #21, .T. ) ;
#1166 = DIRECTION ( 'NONE',  ( 0.000000000000000000, 0.000000000000000000, 1.000000000000000000 ) ) ;
#1167 = CARTESIAN_POINT ( 'NONE',  ( -2.486544062135968236, 0.9121004566210039188, 0.000000000000000000 ) ) ;
#1168 = LINE ( 'NONE', #540, #714 ) ;
#1169 = CARTESIAN_POINT ( 'NONE',  ( -2.608724929894467692, 0.9054758329576149123, 0.01871509670923425170 ) ) ;
#1170 = CARTESIAN_POINT ( 'NONE',  ( -2.605495332520485263, 0.9206497121210275303, 0.01791788810188374090 ) ) ;
#1171 = ORIENTED_EDGE ( 'NONE', *, *, #462, .F. ) ;
#1172 = COLOUR_RGB ( '',0.7921568627450980005, 0.8196078431372548767, 0.9333333333333333481 ) ;
#1173 = AXIS2_PLACEMENT_3D ( 'NONE', #1175, #997, #331 ) ;
#1174 = VERTEX_POINT ( 'NONE', #861 ) ;
#1175 = CARTESIAN_POINT ( 'NONE',  ( -2.329063747175339039, 0.9121004566210039188, 0.000000000000000000 ) ) ;
#1176 = CIRCLE ( 'NONE', #755, 0.01574803149606298497 ) ;
#1177 = PLANE ( 'NONE',  #117 ) ;
#1178 = ADVANCED_FACE ( 'NONE', ( #1278 ), #233, .T. ) ;
#1179 = ADVANCED_FACE ( 'NONE', ( #546 ), #1351, .T. ) ;
#1180 = CARTESIAN_POINT ( 'NONE',  ( -2.597997431063791662, 0.9306164998927729526, 0.007239279232115504274 ) ) ;
#1181 = ORIENTED_EDGE ( 'NONE', *, *, #569, .F. ) ;
#1182 = FILL_AREA_STYLE ('',( #259 ) ) ;
#1183 = DIRECTION ( 'NONE',  ( 0.000000000000000000, 0.000000000000000000, -1.000000000000000000 ) ) ;
#1184 = CYLINDRICAL_SURFACE ( 'NONE', #914, 0.01673228346456700003 ) ;
#1185 = ADVANCED_FACE ( 'NONE', ( #1229 ), #757, .F. ) ;
#1186 = EDGE_CURVE ( 'NONE', #1316, #249, #78, .T. ) ;
#1187 = CARTESIAN_POINT ( 'NONE',  ( -2.609974155000799545, 0.8988181450162671116, 0.01475536112930557475 ) ) ;
#1188 = ORIENTED_EDGE ( 'NONE', *, *, #1067, .T. ) ;
#1189 = ORIENTED_EDGE ( 'NONE', *, *, #1108, .T. ) ;
#1190 = DIRECTION ( 'NONE',  ( 1.000000000000000000, 0.000000000000000000, 0.000000000000000000 ) ) ;
#1191 = FACE_OUTER_BOUND ( 'NONE', #770, .T. ) ;
#1192 = CARTESIAN_POINT ( 'NONE',  ( -2.607152176586115200, 0.9131420598413837464, 0.01982562851101326434 ) ) ;
#1193 = ORIENTED_EDGE ( 'NONE', *, *, #1186, .F. ) ;
#1194 = EDGE_LOOP ( 'NONE', ( #672, #1225, #958, #769 ) ) ;
#1195 = CARTESIAN_POINT ( 'NONE',  ( -2.397961384970614063, 0.9121004566210039188, 0.02598425196850394359 ) ) ;
#1196 = FACE_OUTER_BOUND ( 'NONE', #954, .T. ) ;
#1197 = VECTOR ( 'NONE', #451, 39.37007874015748143 ) ;
#1198 = CIRCLE ( 'NONE', #737, 0.01673228346456693064 ) ;
#1199 = CARTESIAN_POINT ( 'NONE',  ( -2.606484058189776132, 0.8990074624337330844, 0.01048354389356296462 ) ) ;
#1200 = AXIS2_PLACEMENT_3D ( 'NONE', #1041, #494, #1035 ) ;
#1201 = CARTESIAN_POINT ( 'NONE',  ( -2.242449573946992292, 0.9121004566210039188, 0.007874015748031770040 ) ) ;
#1202 = DIRECTION ( 'NONE',  ( 0.000000000000000000, 0.000000000000000000, -1.000000000000000000 ) ) ;
#1203 = ORIENTED_EDGE ( 'NONE', *, *, #292, .T. ) ;
#1204 = CARTESIAN_POINT ( 'NONE',  ( -2.604474716771587151, 0.9249735344650229507, 0.01511371398245353950 ) ) ;
#1205 = ADVANCED_FACE ( 'NONE', ( #806 ), #1207, .T. ) ;
#1206 = EDGE_CURVE ( 'NONE', #1100, #1281, #470, .T. ) ;
#1207 = CYLINDRICAL_SURFACE ( 'NONE', #51, 0.01968503937007869478 ) ;
#1208 = CARTESIAN_POINT ( 'NONE',  ( -2.610819495670090973, 0.8922747435997029353, 0.001041145691668248115 ) ) ;
#1209 = ORIENTED_EDGE ( 'NONE', *, *, #1354, .T. ) ;
#1210 = CARTESIAN_POINT ( 'NONE',  ( -2.606171297402374520, 0.8969568808703964891, -0.007044468228315295399 ) ) ;
#1211 = EDGE_CURVE ( 'NONE', #677, #1174, #566, .T. ) ;
#1212 = LINE ( 'NONE', #265, #375 ) ;
#1213 = CARTESIAN_POINT ( 'NONE',  ( -2.647961384977724819, 0.9518642361545958108, -0.01988188976697010876 ) ) ;
#1214 = CARTESIAN_POINT ( 'NONE',  ( -2.647937782608409396, 0.9121004566210039188, -0.01941023582677165599 ) ) ;
#1215 = DIRECTION ( 'NONE',  ( -1.000000000000000000, 0.000000000000000000, 0.000000000000000000 ) ) ;
#1216 = EDGE_LOOP ( 'NONE', ( #582, #1244, #446, #949, #1290 ) ) ;
#1217 = FACE_OUTER_BOUND ( 'NONE', #1256, .T. ) ;
#1218 = VECTOR ( 'NONE', #157, 39.37007874015748143 ) ;
#1219 = CARTESIAN_POINT ( 'NONE',  ( -2.735044618032296704, 0.8839887055462245513, 0.02120688394154873410 ) ) ;
#1220 = AXIS2_PLACEMENT_3D ( 'NONE', #1167, #402, #937 ) ;
#1221 = CARTESIAN_POINT ( 'NONE',  ( -2.606386099843319037, 0.9314580531815297437, -0.003575504216396475140 ) ) ;
#1222 = AXIS2_PLACEMENT_3D ( 'NONE', #662, #762, #417 ) ;
#1223 = EDGE_CURVE ( 'NONE', #428, #990, #777, .T. ) ;
#1224 = VERTEX_POINT ( 'NONE', #1305 ) ;
#1225 = ORIENTED_EDGE ( 'NONE', *, *, #438, .T. ) ;
#1226 =( NAMED_UNIT ( * ) SI_UNIT ( $, .STERADIAN. ) SOLID_ANGLE_UNIT ( ) );
#1227 = DIRECTION ( 'NONE',  ( 1.000000000000000000, 0.000000000000000000, 0.000000000000000000 ) ) ;
#1228 = CARTESIAN_POINT ( 'NONE',  ( -2.609974155000799545, 0.8944235155670070547, -0.009036937456631437618 ) ) ;
#1229 = FACE_OUTER_BOUND ( 'NONE', #588, .T. ) ;
#1230 = ORIENTED_EDGE ( 'NONE', *, *, #814, .T. ) ;
#1231 = CARTESIAN_POINT ( 'NONE',  ( -2.597249342441743991, 0.9309570430330476043, -0.006287947480360854720 ) ) ;
#1232 = CARTESIAN_POINT ( 'NONE',  ( -2.647937782608409396, 0.9121004566210039188, -0.01941023582677165599 ) ) ;
#1233 = CYLINDRICAL_SURFACE ( 'NONE', #962, 0.02598425196850394359 ) ;
#1234 = UNCERTAINTY_MEASURE_WITH_UNIT (LENGTH_MEASURE( 1.000000000000000082E-05 ), #1163, 'distance_accuracy_value', 'NONE');
#1235 = DIRECTION ( 'NONE',  ( 0.000000000000000000, 0.000000000000000000, 1.000000000000000000 ) ) ;
#1236 = VERTEX_POINT ( 'NONE', #246 ) ;
#1237 = CARTESIAN_POINT ( 'NONE',  ( -2.604922072323634374, 0.9007999714276576642, -0.01190588946292612388 ) ) ;
#1238 = CARTESIAN_POINT ( 'NONE',  ( -2.604922072323634374, 0.9057987347740756867, 0.01515715907656847543 ) ) ;
#1239 = DIRECTION ( 'NONE',  ( -1.000000000000000000, 0.000000000000000000, 0.000000000000000000 ) ) ;
#1240 = AXIS2_PLACEMENT_3D ( 'NONE', #1042, #1137, #1270 ) ;
#1241 = CARTESIAN_POINT ( 'NONE',  ( -2.242449573946991848, 0.9121004566210039188, 0.000000000000000000 ) ) ;
#1242 = PRESENTATION_LAYER_ASSIGNMENT (  '', '', ( #735 ) ) ;
#1243 = AXIS2_PLACEMENT_3D ( 'NONE', #149, #346, #767 ) ;
#1244 = ORIENTED_EDGE ( 'NONE', *, *, #788, .F. ) ;
#1245 = DIRECTION ( 'NONE',  ( 1.000000000000000000, 0.000000000000000000, 0.000000000000000000 ) ) ;
#1246 =( BOUNDED_SURFACE ( )  B_SPLINE_SURFACE ( 3, 3, ( 
 ( #376, #567, #895, #999 ),
 ( #478, #42, #699, #36 ),
 ( #694, #901, #562, #1219 ),
 ( #773, #64, #459, #888 ) ),
 .UNSPECIFIED., .F., .F., .F. ) 
 B_SPLINE_SURFACE_WITH_KNOTS ( ( 4, 4 ),
 ( 4, 4 ),
 ( 0.000000000000000000, 1.000000000000000000 ),
 ( 0.000000000000000000, 1.000000000000000000 ),
 .UNSPECIFIED. ) 
 GEOMETRIC_REPRESENTATION_ITEM ( )  RATIONAL_B_SPLINE_SURFACE ( (
 ( 1.000000000000000000, 0.3333333333333320381, 0.3333333333333320381, 1.000000000000000000),
 ( 0.3333333339448032451, 0.1111111113149339802, 0.1111111113149339802, 0.3333333339448032451),
 ( 0.3333333339448032451, 0.1111111113149339802, 0.1111111113149339802, 0.3333333339448032451),
 ( 1.000000000000000000, 0.3333333333333320381, 0.3333333333333320381, 1.000000000000000000) ) ) 
 REPRESENTATION_ITEM ( '' )  SURFACE ( )  );
#1247 = EDGE_CURVE ( 'NONE', #1224, #372, #1141, .T. ) ;
#1248 = ADVANCED_FACE ( 'NONE', ( #144 ), #454, .T. ) ;
#1249 = CARTESIAN_POINT ( 'NONE',  ( -2.602912730865807767, 0.9272141706634035030, -0.01287307773528757401 ) ) ;
#1250 = DIRECTION ( 'NONE',  ( 0.000000000000000000, 0.1816356141929389711, 0.9833659052747119045 ) ) ;
#1251 = ORIENTED_EDGE ( 'NONE', *, *, #1360, .F. ) ;
#1252 = DIRECTION ( 'NONE',  ( -1.000000000000000000, 0.000000000000000000, 0.000000000000000000 ) ) ;
#1253 = DIMENSIONAL_EXPONENTS ( 1.000000000000000000, 0.000000000000000000, 0.000000000000000000, 0.000000000000000000, 0.000000000000000000, 0.000000000000000000, 0.000000000000000000 ) ;
#1254 = CARTESIAN_POINT ( 'NONE',  ( -2.642765321584787497, 0.8629350629202163780, 0.02458269685039370100 ) ) ;
#1255 = CARTESIAN_POINT ( 'NONE',  ( -2.642220404370878128, 0.8927428600604782050, 0.003575504216396499426 ) ) ;
#1256 = EDGE_LOOP ( 'NONE', ( #898, #692, #290, #1189, #1251 ) ) ;
#1257 = CARTESIAN_POINT ( 'NONE',  ( -2.648260064143842740, 0.8668558541013189345, -0.02262230125984252341 ) ) ;
#1258 = AXIS2_PLACEMENT_3D ( 'NONE', #1241, #1050, #1235 ) ;
#1259 = CARTESIAN_POINT ( 'NONE',  ( -2.380244849537543228, 0.9121004566210039188, 0.000000000000000000 ) ) ;
#1260 = ADVANCED_FACE ( 'NONE', ( #1191 ), #923, .T. ) ;
#1261 = AXIS2_PLACEMENT_3D ( 'NONE', #869, #12, #1288 ) ;
#1262 = ORIENTED_EDGE ( 'NONE', *, *, #408, .T. ) ;
#1263 = CARTESIAN_POINT ( 'NONE',  ( -2.407803904655653415, 0.9121004566210039188, 0.02500000000000000486 ) ) ;
#1264 = DIRECTION ( 'NONE',  ( -1.000000000000000000, 0.000000000000000000, 0.000000000000000000 ) ) ;
#1265 = CARTESIAN_POINT ( 'NONE',  ( -2.610286915761748539, 0.8969867425763379254, 0.01287307773247061554 ) ) ;
#1266 = ADVANCED_FACE ( 'NONE', ( #783 ), #599, .T. ) ;
#1267 = CARTESIAN_POINT ( 'NONE',  ( -2.605354780433870143, 0.9047648325598662833, 0.01845048101661758352 ) ) ;
#1268 = ORIENTED_EDGE ( 'NONE', *, *, #543, .F. ) ;
#1269 = DIRECTION ( 'NONE',  ( -1.000000000000000000, 3.411735842710455523E-15, -6.301751280279218956E-16 ) ) ;
#1270 = DIRECTION ( 'NONE',  ( 0.000000000000000000, 0.000000000000000000, 1.000000000000000000 ) ) ;
#1271 = CARTESIAN_POINT ( 'NONE',  ( -2.486544062135968236, 0.9121004566210039188, -0.02500000000000000486 ) ) ;
#1272 = CARTESIAN_POINT ( 'NONE',  ( -2.605908699646469540, 0.9024612309643261776, 0.01736022819526741520 ) ) ;
#1273 = ORIENTED_EDGE ( 'NONE', *, *, #125, .F. ) ;
#1274 = ORIENTED_EDGE ( 'NONE', *, *, #1153, .F. ) ;
#1275 = DIRECTION ( 'NONE',  ( 1.000000000000000000, 0.000000000000000000, 0.000000000000000000 ) ) ;
#1276 = ADVANCED_FACE ( 'NONE', ( #1196 ), #813, .F. ) ;
#1277 = EDGE_CURVE ( 'NONE', #550, #482, #337, .T. ) ;
#1278 = FACE_OUTER_BOUND ( 'NONE', #1194, .T. ) ;
#1279 = CARTESIAN_POINT ( 'NONE',  ( -2.242449573946991848, 0.9041319526839961540, -0.007968503937007875848 ) ) ;
#1280 = CARTESIAN_POINT ( 'NONE',  ( -2.601692474961429635, 0.9179378380846630048, 0.01451939219181529878 ) ) ;
#1281 = VERTEX_POINT ( 'NONE', #1004 ) ;
#1282 = VECTOR ( 'NONE', #586, 39.37007874015748143 ) ;
#1283 = ORIENTED_EDGE ( 'NONE', *, *, #753, .T. ) ;
#1284 = CARTESIAN_POINT ( 'NONE',  ( -2.606599823329344812, 0.9156759608398790107, 0.01935759656006801749 ) ) ;
#1285 = AXIS2_PLACEMENT_3D ( 'NONE', #104, #941, #933 ) ;
#1286 = CARTESIAN_POINT ( 'NONE',  ( -2.606484058189776132, 0.8961263562905182889, -0.005114617091019364042 ) ) ;
#1287 = EDGE_CURVE ( 'NONE', #1070, #134, #870, .T. ) ;
#1288 = DIRECTION ( 'NONE',  ( 0.000000000000000000, 1.000000000000000000, 0.000000000000000000 ) ) ;
#1289 = DIRECTION ( 'NONE',  ( 0.000000000000000000, 0.000000000000000000, 1.000000000000000000 ) ) ;
#1290 = ORIENTED_EDGE ( 'NONE', *, *, #1124, .T. ) ;
#1291 = CARTESIAN_POINT ( 'NONE',  ( -2.602380151024421551, 0.9314580531812363118, -0.003575504217984897676 ) ) ;
#1292 = CARTESIAN_POINT ( 'NONE',  ( -2.598577292805893890, 0.9265845105996742825, -0.002675321580048965926 ) ) ;
#1293 = ORIENTED_EDGE ( 'NONE', *, *, #209, .F. ) ;
#1294 = DIRECTION ( 'NONE',  ( -1.000000000000000000, 5.551115122104704023E-15, 0.000000000000000000 ) ) ;
#1295 = ORIENTED_EDGE ( 'NONE', *, *, #1300, .F. ) ;
#1296 = CARTESIAN_POINT ( 'NONE',  ( -2.380244849537543228, 0.9121004566210039188, 0.02165354330708661734 ) ) ;
#1297 = CARTESIAN_POINT ( 'NONE',  ( -2.644493436929933328, 0.9121004566210039188, 0.000000000000000000 ) ) ;
#1298 = DIRECTION ( 'NONE',  ( -1.000000000000000000, 4.081702296416016786E-15, 0.000000000000000000 ) ) ;
#1299 = FACE_BOUND ( 'NONE', #793, .T. ) ;
#1300 = EDGE_CURVE ( 'NONE', #146, #381, #1097, .T. ) ;
#1301 = EDGE_LOOP ( 'NONE', ( #1017, #518, #924, #166 ) ) ;
#1302 = CIRCLE ( 'NONE', #46, 0.01968503937007874335 ) ;
#1303 = ORIENTED_EDGE ( 'NONE', *, *, #569, .T. ) ;
#1304 = DIRECTION ( 'NONE',  ( -1.000000000000000000, 3.411735842710455523E-15, -6.301751280279218956E-16 ) ) ;
#1305 = CARTESIAN_POINT ( 'NONE',  ( -2.735044618032296260, 0.9149608599922670615, 0.01548607724876312035 ) ) ;
#1306 = AXIS2_PLACEMENT_3D ( 'NONE', #670, #1122, #803 ) ;
#1307 = CARTESIAN_POINT ( 'NONE',  ( -2.407803904655653415, 0.9121004566210039188, -0.02500000000000000486 ) ) ;
#1308 = CARTESIAN_POINT ( 'NONE',  ( -2.610286915788201156, 0.8933853598923410244, -0.006624623534271483448 ) ) ;
#1309 = ADVANCED_FACE ( 'NONE', ( #7 ), #13, .T. ) ;
#1310 = ORIENTED_EDGE ( 'NONE', *, *, #533, .F. ) ;
#1311 = CARTESIAN_POINT ( 'NONE',  ( -2.605495332520485263, 0.9136848256448901751, -0.01978965028575446414 ) ) ;
#1312 = DIRECTION ( 'NONE',  ( 0.000000000000000000, 0.1816356141929373613, 0.9833659052747123486 ) ) ;
#1313 = CARTESIAN_POINT ( 'NONE',  ( -2.603466810315760327, 0.9121918039696125247, 0.01986776888236692698 ) ) ;
#1314 = CARTESIAN_POINT ( 'NONE',  ( -2.647937782608409396, 0.9509209282745472169, 0.01941023582677165599 ) ) ;
#1315 = ORIENTED_EDGE ( 'NONE', *, *, #112, .T. ) ;
#1316 = VERTEX_POINT ( 'NONE', #850 ) ;
#1317 = CARTESIAN_POINT ( 'NONE',  ( -2.607184519292137015, 0.8932605338415425811, -0.006237721006940543517 ) ) ;
#1318 = ADVANCED_FACE ( 'NONE', ( #968 ), #484, .T. ) ;
#1319 = CARTESIAN_POINT ( 'NONE',  ( -2.597249342441743547, 0.9314580531815298547, -0.003575504216396476441 ) ) ;
#1320 = CARTESIAN_POINT ( 'NONE',  ( -2.602380151024421551, 0.9314580531812363118, -0.003575504217984897676 ) ) ;
#1321 = DIRECTION ( 'NONE',  ( 1.000000000000000000, 0.000000000000000000, 0.000000000000000000 ) ) ;
#1322 = ORIENTED_EDGE ( 'NONE', *, *, #1206, .T. ) ;
#1323 = PLANE ( 'NONE',  #227 ) ;
#1324 = CIRCLE ( 'NONE', #3, 0.02500000000000000486 ) ;
#1325 = CIRCLE ( 'NONE', #312, 0.01181102362204724567 ) ;
#1326 = EDGE_CURVE ( 'NONE', #805, #127, #650, .T. ) ;
#1327 = CARTESIAN_POINT ( 'NONE',  ( -2.610819495670090973, 0.8966143793726191191, 0.002860403373110546876 ) ) ;
#1328 = DIRECTION ( 'NONE',  ( 1.000000000000000000, 0.000000000000000000, 0.000000000000000000 ) ) ;
#1329 = AXIS2_PLACEMENT_3D ( 'NONE', #733, #1157, #844 ) ;
#1330 = CARTESIAN_POINT ( 'NONE',  ( -2.329063747175339039, 0.9371004566210039410, 3.061616997868383942E-18 ) ) ;
#1331 = ORIENTED_EDGE ( 'NONE', *, *, #951, .F. ) ;
#1332 = CARTESIAN_POINT ( 'NONE',  ( -2.607152176614972561, 0.9059910514160316453, -0.01888956461036835760 ) ) ;
#1333 = CARTESIAN_POINT ( 'NONE',  ( -2.647937782608409396, 0.9121004566210039188, 0.01941023582677165599 ) ) ;
#1334 = DIRECTION ( 'NONE',  ( -1.000000000000000000, 2.731847993664262824E-15, 0.000000000000000000 ) ) ;
#1335 = CARTESIAN_POINT ( 'NONE',  ( -2.647961384974880428, 0.9121004566210039188, -0.01988188976173164979 ) ) ;
#1336 = CARTESIAN_POINT ( 'NONE',  ( -2.246386581821008033, 0.9121004566210039188, 0.000000000000000000 ) ) ;
#1337 = ORIENTED_EDGE ( 'NONE', *, *, #462, .T. ) ;
#1338 = CARTESIAN_POINT ( 'NONE',  ( -2.647961384970614063, 0.8919799841800590823, 0.02012047244094487819 ) ) ;
#1339 = CARTESIAN_POINT ( 'NONE',  ( -2.603225491692592986, 0.9253827682256114961, -0.01475536112942768714 ) ) ;
#1340 = DIRECTION ( 'NONE',  ( -1.000000000000000000, 0.000000000000000000, 0.000000000000000000 ) ) ;
#1341 = DIRECTION ( 'NONE',  ( 0.000000000000000000, -1.000000000000000000, 0.000000000000000000 ) ) ;
#1342 = CARTESIAN_POINT ( 'NONE',  ( -2.641782469616281936, 0.9121004566210039188, 0.000000000000000000 ) ) ;
#1343 = ADVANCED_FACE ( 'NONE', ( #936 ), #297, .T. ) ;
#1344 = ORIENTED_EDGE ( 'NONE', *, *, #2, .T. ) ;
#1345 = DIRECTION ( 'NONE',  ( 0.000000000000000000, -0.9833659052747115714, 0.1816356141929414691 ) ) ;
#1346 = DIRECTION ( 'NONE',  ( -1.000000000000000000, 0.000000000000000000, 0.000000000000000000 ) ) ;
#1347 = PRESENTATION_LAYER_ASSIGNMENT (  '', '', ( #371 ) ) ;
#1348 = DIRECTION ( 'NONE',  ( -1.000000000000000000, 0.000000000000000000, 0.000000000000000000 ) ) ;
#1349 = DIRECTION ( 'NONE',  ( 0.000000000000000000, 0.000000000000000000, 1.000000000000000000 ) ) ;
#1350 = CONICAL_SURFACE ( 'NONE', #466, 0.01574803149606298497, 1.047197550588797155 ) ;
#1351 = CONICAL_SURFACE ( 'NONE', #469, 0.02500000000000000486, 0.1745329245848326605 ) ;
#1352 = ORIENTED_EDGE ( 'NONE', *, *, #266, .F. ) ;
#1353 = DIRECTION ( 'NONE',  ( 0.000000000000000000, 0.000000000000000000, 1.000000000000000000 ) ) ;
#1354 = EDGE_CURVE ( 'NONE', #243, #54, #585, .T. ) ;
#1355 = FACE_OUTER_BOUND ( 'NONE', #1079, .T. ) ;
#1356 = CARTESIAN_POINT ( 'NONE',  ( -2.644493436929933328, 0.9149608599941210230, 0.01548607724842065991 ) ) ;
#1357 = ORIENTED_EDGE ( 'NONE', *, *, #1045, .F. ) ;
#1358 = DIRECTION ( 'NONE',  ( 1.000000000000000000, 0.000000000000000000, 0.000000000000000000 ) ) ;
#1359 = CARTESIAN_POINT ( 'NONE',  ( -2.645977387017858007, 0.8622904998887204187, -0.02490497838582677453 ) ) ;
#1360 = EDGE_CURVE ( 'NONE', #765, #1022, #276, .T. ) ;
#1361 = CARTESIAN_POINT ( 'NONE',  ( -2.641782469616281936, 0.9121004566210039188, -0.02165354330708661734 ) ) ;
#1362 = ORIENTED_EDGE ( 'NONE', *, *, #814, .F. ) ;
#1363 = DIRECTION ( 'NONE',  ( -1.000000000000000000, 0.000000000000000000, 0.000000000000000000 ) ) ;
ENDSEC;
END-ISO-10303-21;
