ISO-10303-21;
HEADER;
FILE_DESCRIPTION(('FreeCAD Model'),'2;1');
FILE_NAME('Open CASCADE Shape Model','2026-07-27T10:56:45',(''),(''),
  'Open CASCADE STEP processor 7.9','FreeCAD','Unknown');
FILE_SCHEMA(('AUTOMOTIVE_DESIGN { 1 0 10303 214 1 1 1 1 }'));
ENDSEC;
DATA;
#1 = APPLICATION_PROTOCOL_DEFINITION('international standard',
  'automotive_design',2000,#2);
#2 = APPLICATION_CONTEXT(
  'core data for automotive mechanical design processes');
#3 = SHAPE_DEFINITION_REPRESENTATION(#4,#10);
#4 = PRODUCT_DEFINITION_SHAPE('','',#5);
#5 = PRODUCT_DEFINITION('design','',#6,#9);
#6 = PRODUCT_DEFINITION_FORMATION('','',#7);
#7 = PRODUCT('case_bottom','case_bottom','',(#8));
#8 = PRODUCT_CONTEXT('',#2,'mechanical');
#9 = PRODUCT_DEFINITION_CONTEXT('part definition',#2,'design');
#10 = SHAPE_REPRESENTATION('',(#11,#15),#19);
#11 = AXIS2_PLACEMENT_3D('',#12,#13,#14);
#12 = CARTESIAN_POINT('',(0.,0.,0.));
#13 = DIRECTION('',(0.,0.,1.));
#14 = DIRECTION('',(1.,0.,-0.));
#15 = AXIS2_PLACEMENT_3D('',#16,#17,#18);
#16 = CARTESIAN_POINT('',(0.,0.,0.));
#17 = DIRECTION('',(0.,0.,1.));
#18 = DIRECTION('',(1.,0.,0.));
#19 = ( GEOMETRIC_REPRESENTATION_CONTEXT(3) 
GLOBAL_UNCERTAINTY_ASSIGNED_CONTEXT((#23)) GLOBAL_UNIT_ASSIGNED_CONTEXT(
(#20,#21,#22)) REPRESENTATION_CONTEXT('Context #1',
  '3D Context with UNIT and UNCERTAINTY') );
#20 = ( LENGTH_UNIT() NAMED_UNIT(*) SI_UNIT(.MILLI.,.METRE.) );
#21 = ( NAMED_UNIT(*) PLANE_ANGLE_UNIT() SI_UNIT($,.RADIAN.) );
#22 = ( NAMED_UNIT(*) SI_UNIT($,.STERADIAN.) SOLID_ANGLE_UNIT() );
#23 = UNCERTAINTY_MEASURE_WITH_UNIT(LENGTH_MEASURE(2.E-06),#20,
  'distance_accuracy_value','confusion accuracy');
#24 = PRODUCT_RELATED_PRODUCT_CATEGORY('part',$,(#7));
#25 = SHAPE_DEFINITION_REPRESENTATION(#26,#32);
#26 = PRODUCT_DEFINITION_SHAPE('','',#27);
#27 = PRODUCT_DEFINITION('design','',#28,#31);
#28 = PRODUCT_DEFINITION_FORMATION('','',#29);
#29 = PRODUCT('Body','Body','',(#30));
#30 = PRODUCT_CONTEXT('',#2,'mechanical');
#31 = PRODUCT_DEFINITION_CONTEXT('part definition',#2,'design');
#32 = ADVANCED_BREP_SHAPE_REPRESENTATION('',(#11,#33),#2755);
#33 = MANIFOLD_SOLID_BREP('',#34);
#34 = CLOSED_SHELL('',(#35,#92,#125,#157,#188,#267,#300,#333,#381,#412,
    #444,#477,#547,#804,#902,#919,#1011,#1053,#1112,#1154,#1217,#1234,
    #1251,#1293,#1352,#1386,#1403,#1415,#1440,#1465,#1490,#1515,#1540,
    #1565,#1590,#1615,#1640,#1665,#1690,#1715,#1740,#1765,#1790,#1815,
    #1840,#1865,#1890,#1915,#1927,#1959,#1983,#2008,#2025,#2049,#2074,
    #2098,#2123,#2140,#2337,#2354,#2371,#2388,#2405,#2417,#2434,#2451,
    #2468,#2485,#2497,#2514,#2536,#2548,#2565,#2577,#2589,#2645,#2676,
    #2701,#2725,#2743));
#35 = ADVANCED_FACE('',(#36),#87,.T.);
#36 = FACE_BOUND('',#37,.T.);
#37 = EDGE_LOOP('',(#38,#48,#57,#65,#73,#81));
#38 = ORIENTED_EDGE('',*,*,#39,.F.);
#39 = EDGE_CURVE('',#40,#42,#44,.T.);
#40 = VERTEX_POINT('',#41);
#41 = CARTESIAN_POINT('',(17.5,2.775,1.630000119209));
#42 = VERTEX_POINT('',#43);
#43 = CARTESIAN_POINT('',(17.5,17.,1.630000119209));
#44 = LINE('',#45,#46);
#45 = CARTESIAN_POINT('',(17.5,-10.,1.630000119209));
#46 = VECTOR('',#47,1.);
#47 = DIRECTION('',(0.,1.,-1.570092458684E-16));
#48 = ORIENTED_EDGE('',*,*,#49,.F.);
#49 = EDGE_CURVE('',#50,#40,#52,.T.);
#50 = VERTEX_POINT('',#51);
#51 = CARTESIAN_POINT('',(17.5,-2.775,1.630000119209));
#52 = CIRCLE('',#53,2.775);
#53 = AXIS2_PLACEMENT_3D('',#54,#55,#56);
#54 = CARTESIAN_POINT('',(17.5,-7.1E-15,1.630000119209));
#55 = DIRECTION('',(1.,0.,0.));
#56 = DIRECTION('',(0.,1.,0.));
#57 = ORIENTED_EDGE('',*,*,#58,.F.);
#58 = EDGE_CURVE('',#59,#50,#61,.T.);
#59 = VERTEX_POINT('',#60);
#60 = CARTESIAN_POINT('',(17.5,-17.,1.630000119209));
#61 = LINE('',#62,#63);
#62 = CARTESIAN_POINT('',(17.5,-10.,1.630000119209));
#63 = VECTOR('',#64,1.);
#64 = DIRECTION('',(0.,1.,-1.570092458684E-16));
#65 = ORIENTED_EDGE('',*,*,#66,.T.);
#66 = EDGE_CURVE('',#59,#67,#69,.T.);
#67 = VERTEX_POINT('',#68);
#68 = CARTESIAN_POINT('',(17.5,-17.,-9.999999880791));
#69 = LINE('',#70,#71);
#70 = CARTESIAN_POINT('',(17.5,-17.,1.630000119209));
#71 = VECTOR('',#72,1.);
#72 = DIRECTION('',(0.,0.,-1.));
#73 = ORIENTED_EDGE('',*,*,#74,.T.);
#74 = EDGE_CURVE('',#67,#75,#77,.T.);
#75 = VERTEX_POINT('',#76);
#76 = CARTESIAN_POINT('',(17.5,17.,-9.999999880791));
#77 = LINE('',#78,#79);
#78 = CARTESIAN_POINT('',(17.5,-10.,-9.999999880791));
#79 = VECTOR('',#80,1.);
#80 = DIRECTION('',(0.,1.,0.));
#81 = ORIENTED_EDGE('',*,*,#82,.F.);
#82 = EDGE_CURVE('',#42,#75,#83,.T.);
#83 = LINE('',#84,#85);
#84 = CARTESIAN_POINT('',(17.5,17.,1.630000119209));
#85 = VECTOR('',#86,1.);
#86 = DIRECTION('',(0.,0.,-1.));
#87 = PLANE('',#88);
#88 = AXIS2_PLACEMENT_3D('',#89,#90,#91);
#89 = CARTESIAN_POINT('',(17.5,-1.857897914538E-15,-4.184999880791));
#90 = DIRECTION('',(1.,0.,0.));
#91 = DIRECTION('',(0.,0.,1.));
#92 = ADVANCED_FACE('',(#93),#120,.T.);
#93 = FACE_BOUND('',#94,.F.);
#94 = EDGE_LOOP('',(#95,#104,#112,#119));
#95 = ORIENTED_EDGE('',*,*,#96,.T.);
#96 = EDGE_CURVE('',#42,#97,#99,.T.);
#97 = VERTEX_POINT('',#98);
#98 = CARTESIAN_POINT('',(14.5,20.,1.630000119209));
#99 = CIRCLE('',#100,3.);
#100 = AXIS2_PLACEMENT_3D('',#101,#102,#103);
#101 = CARTESIAN_POINT('',(14.5,17.,1.630000119209));
#102 = DIRECTION('',(0.,-0.,1.));
#103 = DIRECTION('',(0.,1.,0.));
#104 = ORIENTED_EDGE('',*,*,#105,.T.);
#105 = EDGE_CURVE('',#97,#106,#108,.T.);
#106 = VERTEX_POINT('',#107);
#107 = CARTESIAN_POINT('',(14.5,20.,-9.999999880791));
#108 = LINE('',#109,#110);
#109 = CARTESIAN_POINT('',(14.5,20.,1.630000119209));
#110 = VECTOR('',#111,1.);
#111 = DIRECTION('',(0.,0.,-1.));
#112 = ORIENTED_EDGE('',*,*,#113,.F.);
#113 = EDGE_CURVE('',#75,#106,#114,.T.);
#114 = CIRCLE('',#115,3.);
#115 = AXIS2_PLACEMENT_3D('',#116,#117,#118);
#116 = CARTESIAN_POINT('',(14.5,17.,-9.999999880791));
#117 = DIRECTION('',(0.,-0.,1.));
#118 = DIRECTION('',(0.,1.,0.));
#119 = ORIENTED_EDGE('',*,*,#82,.F.);
#120 = CYLINDRICAL_SURFACE('',#121,3.);
#121 = AXIS2_PLACEMENT_3D('',#122,#123,#124);
#122 = CARTESIAN_POINT('',(14.5,17.,1.630000119209));
#123 = DIRECTION('',(0.,0.,-1.));
#124 = DIRECTION('',(1.,0.,0.));
#125 = ADVANCED_FACE('',(#126),#152,.F.);
#126 = FACE_BOUND('',#127,.F.);
#127 = EDGE_LOOP('',(#128,#136,#137,#145));
#128 = ORIENTED_EDGE('',*,*,#129,.F.);
#129 = EDGE_CURVE('',#40,#130,#132,.T.);
#130 = VERTEX_POINT('',#131);
#131 = CARTESIAN_POINT('',(15.1,2.775,1.630000119209));
#132 = LINE('',#133,#134);
#133 = CARTESIAN_POINT('',(17.5,2.775,1.630000119209));
#134 = VECTOR('',#135,1.);
#135 = DIRECTION('',(-1.,-0.,-0.));
#136 = ORIENTED_EDGE('',*,*,#49,.F.);
#137 = ORIENTED_EDGE('',*,*,#138,.F.);
#138 = EDGE_CURVE('',#139,#50,#141,.T.);
#139 = VERTEX_POINT('',#140);
#140 = CARTESIAN_POINT('',(15.1,-2.775,1.630000119209));
#141 = LINE('',#142,#143);
#142 = CARTESIAN_POINT('',(17.5,-2.775,1.630000119209));
#143 = VECTOR('',#144,1.);
#144 = DIRECTION('',(1.,0.,0.));
#145 = ORIENTED_EDGE('',*,*,#146,.T.);
#146 = EDGE_CURVE('',#139,#130,#147,.T.);
#147 = CIRCLE('',#148,2.775);
#148 = AXIS2_PLACEMENT_3D('',#149,#150,#151);
#149 = CARTESIAN_POINT('',(15.1,-7.1E-15,1.630000119209));
#150 = DIRECTION('',(1.,0.,0.));
#151 = DIRECTION('',(0.,1.,0.));
#152 = CYLINDRICAL_SURFACE('',#153,2.775);
#153 = AXIS2_PLACEMENT_3D('',#154,#155,#156);
#154 = CARTESIAN_POINT('',(17.5,-7.1E-15,1.630000119209));
#155 = DIRECTION('',(1.,0.,0.));
#156 = DIRECTION('',(0.,1.,0.));
#157 = ADVANCED_FACE('',(#158),#183,.T.);
#158 = FACE_BOUND('',#159,.T.);
#159 = EDGE_LOOP('',(#160,#168,#169,#177));
#160 = ORIENTED_EDGE('',*,*,#161,.F.);
#161 = EDGE_CURVE('',#97,#162,#164,.T.);
#162 = VERTEX_POINT('',#163);
#163 = CARTESIAN_POINT('',(-14.5,20.,1.630000119209));
#164 = LINE('',#165,#166);
#165 = CARTESIAN_POINT('',(8.75,20.,1.630000119209));
#166 = VECTOR('',#167,1.);
#167 = DIRECTION('',(-1.,0.,0.));
#168 = ORIENTED_EDGE('',*,*,#105,.T.);
#169 = ORIENTED_EDGE('',*,*,#170,.T.);
#170 = EDGE_CURVE('',#106,#171,#173,.T.);
#171 = VERTEX_POINT('',#172);
#172 = CARTESIAN_POINT('',(-14.5,20.,-9.999999880791));
#173 = LINE('',#174,#175);
#174 = CARTESIAN_POINT('',(8.75,20.,-9.999999880791));
#175 = VECTOR('',#176,1.);
#176 = DIRECTION('',(-1.,0.,0.));
#177 = ORIENTED_EDGE('',*,*,#178,.T.);
#178 = EDGE_CURVE('',#171,#162,#179,.T.);
#179 = LINE('',#180,#181);
#180 = CARTESIAN_POINT('',(-14.5,20.,-9.999999880791));
#181 = VECTOR('',#182,1.);
#182 = DIRECTION('',(0.,0.,1.));
#183 = PLANE('',#184);
#184 = AXIS2_PLACEMENT_3D('',#185,#186,#187);
#185 = CARTESIAN_POINT('',(0.,20.,-4.184999880791));
#186 = DIRECTION('',(0.,1.,0.));
#187 = DIRECTION('',(0.,0.,1.));
#188 = ADVANCED_FACE('',(#189),#262,.T.);
#189 = FACE_BOUND('',#190,.T.);
#190 = EDGE_LOOP('',(#191,#201,#209,#215,#216,#224,#232,#240,#248,#256)
  );
#191 = ORIENTED_EDGE('',*,*,#192,.F.);
#192 = EDGE_CURVE('',#193,#195,#197,.T.);
#193 = VERTEX_POINT('',#194);
#194 = CARTESIAN_POINT('',(15.1,-16.2125,0.));
#195 = VERTEX_POINT('',#196);
#196 = CARTESIAN_POINT('',(15.1,-6.5125,0.));
#197 = LINE('',#198,#199);
#198 = CARTESIAN_POINT('',(15.1,-16.2125,0.));
#199 = VECTOR('',#200,1.);
#200 = DIRECTION('',(0.,1.,0.));
#201 = ORIENTED_EDGE('',*,*,#202,.T.);
#202 = EDGE_CURVE('',#193,#203,#205,.T.);
#203 = VERTEX_POINT('',#204);
#204 = CARTESIAN_POINT('',(15.1,-16.2125,1.630000119209));
#205 = LINE('',#206,#207);
#206 = CARTESIAN_POINT('',(15.1,-16.2125,0.));
#207 = VECTOR('',#208,1.);
#208 = DIRECTION('',(0.,0.,1.));
#209 = ORIENTED_EDGE('',*,*,#210,.T.);
#210 = EDGE_CURVE('',#203,#139,#211,.T.);
#211 = LINE('',#212,#213);
#212 = CARTESIAN_POINT('',(15.1,-8.10625,1.630000119209));
#213 = VECTOR('',#214,1.);
#214 = DIRECTION('',(0.,1.,-1.570092458684E-16));
#215 = ORIENTED_EDGE('',*,*,#146,.T.);
#216 = ORIENTED_EDGE('',*,*,#217,.T.);
#217 = EDGE_CURVE('',#130,#218,#220,.T.);
#218 = VERTEX_POINT('',#219);
#219 = CARTESIAN_POINT('',(15.1,16.2125,1.630000119209));
#220 = LINE('',#221,#222);
#221 = CARTESIAN_POINT('',(15.1,-8.10625,1.630000119209));
#222 = VECTOR('',#223,1.);
#223 = DIRECTION('',(0.,1.,-1.570092458684E-16));
#224 = ORIENTED_EDGE('',*,*,#225,.F.);
#225 = EDGE_CURVE('',#226,#218,#228,.T.);
#226 = VERTEX_POINT('',#227);
#227 = CARTESIAN_POINT('',(15.1,16.2125,0.));
#228 = LINE('',#229,#230);
#229 = CARTESIAN_POINT('',(15.1,16.2125,0.));
#230 = VECTOR('',#231,1.);
#231 = DIRECTION('',(0.,0.,1.));
#232 = ORIENTED_EDGE('',*,*,#233,.F.);
#233 = EDGE_CURVE('',#234,#226,#236,.T.);
#234 = VERTEX_POINT('',#235);
#235 = CARTESIAN_POINT('',(15.1,6.5125,0.));
#236 = LINE('',#237,#238);
#237 = CARTESIAN_POINT('',(15.1,-16.2125,0.));
#238 = VECTOR('',#239,1.);
#239 = DIRECTION('',(0.,1.,0.));
#240 = ORIENTED_EDGE('',*,*,#241,.T.);
#241 = EDGE_CURVE('',#234,#242,#244,.T.);
#242 = VERTEX_POINT('',#243);
#243 = CARTESIAN_POINT('',(15.1,6.5125,-4.999999880791));
#244 = LINE('',#245,#246);
#245 = CARTESIAN_POINT('',(15.1,6.5125,1.630000119209));
#246 = VECTOR('',#247,1.);
#247 = DIRECTION('',(-0.,-0.,-1.));
#248 = ORIENTED_EDGE('',*,*,#249,.T.);
#249 = EDGE_CURVE('',#242,#250,#252,.T.);
#250 = VERTEX_POINT('',#251);
#251 = CARTESIAN_POINT('',(15.1,-6.5125,-4.999999880791));
#252 = LINE('',#253,#254);
#253 = CARTESIAN_POINT('',(15.1,3.25625,-4.999999880791));
#254 = VECTOR('',#255,1.);
#255 = DIRECTION('',(-0.,-1.,-0.));
#256 = ORIENTED_EDGE('',*,*,#257,.F.);
#257 = EDGE_CURVE('',#195,#250,#258,.T.);
#258 = LINE('',#259,#260);
#259 = CARTESIAN_POINT('',(15.1,-6.5125,1.630000119209));
#260 = VECTOR('',#261,1.);
#261 = DIRECTION('',(-0.,-0.,-1.));
#262 = PLANE('',#263);
#263 = AXIS2_PLACEMENT_3D('',#264,#265,#266);
#264 = CARTESIAN_POINT('',(15.1,-8.187024224607E-15,-0.443161477419));
#265 = DIRECTION('',(-1.,0.,2.700226037984E-16));
#266 = DIRECTION('',(-2.700226037984E-16,0.,-1.));
#267 = ADVANCED_FACE('',(#268),#295,.T.);
#268 = FACE_BOUND('',#269,.F.);
#269 = EDGE_LOOP('',(#270,#279,#280,#289));
#270 = ORIENTED_EDGE('',*,*,#271,.T.);
#271 = EDGE_CURVE('',#272,#171,#274,.T.);
#272 = VERTEX_POINT('',#273);
#273 = CARTESIAN_POINT('',(-17.5,17.,-9.999999880791));
#274 = CIRCLE('',#275,3.);
#275 = AXIS2_PLACEMENT_3D('',#276,#277,#278);
#276 = CARTESIAN_POINT('',(-14.5,17.,-9.999999880791));
#277 = DIRECTION('',(-0.,-0.,-1.));
#278 = DIRECTION('',(0.,-1.,0.));
#279 = ORIENTED_EDGE('',*,*,#178,.T.);
#280 = ORIENTED_EDGE('',*,*,#281,.F.);
#281 = EDGE_CURVE('',#282,#162,#284,.T.);
#282 = VERTEX_POINT('',#283);
#283 = CARTESIAN_POINT('',(-17.5,17.,1.630000119209));
#284 = CIRCLE('',#285,3.);
#285 = AXIS2_PLACEMENT_3D('',#286,#287,#288);
#286 = CARTESIAN_POINT('',(-14.5,17.,1.630000119209));
#287 = DIRECTION('',(-0.,-0.,-1.));
#288 = DIRECTION('',(0.,-1.,0.));
#289 = ORIENTED_EDGE('',*,*,#290,.F.);
#290 = EDGE_CURVE('',#272,#282,#291,.T.);
#291 = LINE('',#292,#293);
#292 = CARTESIAN_POINT('',(-17.5,17.,-9.999999880791));
#293 = VECTOR('',#294,1.);
#294 = DIRECTION('',(0.,0.,1.));
#295 = CYLINDRICAL_SURFACE('',#296,3.);
#296 = AXIS2_PLACEMENT_3D('',#297,#298,#299);
#297 = CARTESIAN_POINT('',(-14.5,17.,-9.999999880791));
#298 = DIRECTION('',(0.,0.,1.));
#299 = DIRECTION('',(-1.,0.,0.));
#300 = ADVANCED_FACE('',(#301),#328,.F.);
#301 = FACE_BOUND('',#302,.T.);
#302 = EDGE_LOOP('',(#303,#312,#313,#322));
#303 = ORIENTED_EDGE('',*,*,#304,.F.);
#304 = EDGE_CURVE('',#226,#305,#307,.T.);
#305 = VERTEX_POINT('',#306);
#306 = CARTESIAN_POINT('',(13.4125,17.9,0.));
#307 = CIRCLE('',#308,1.6875);
#308 = AXIS2_PLACEMENT_3D('',#309,#310,#311);
#309 = CARTESIAN_POINT('',(13.4125,16.2125,0.));
#310 = DIRECTION('',(0.,0.,1.));
#311 = DIRECTION('',(1.,0.,0.));
#312 = ORIENTED_EDGE('',*,*,#225,.T.);
#313 = ORIENTED_EDGE('',*,*,#314,.F.);
#314 = EDGE_CURVE('',#315,#218,#317,.T.);
#315 = VERTEX_POINT('',#316);
#316 = CARTESIAN_POINT('',(13.4125,17.9,1.630000119209));
#317 = CIRCLE('',#318,1.6875);
#318 = AXIS2_PLACEMENT_3D('',#319,#320,#321);
#319 = CARTESIAN_POINT('',(13.4125,16.2125,1.630000119209));
#320 = DIRECTION('',(0.,0.,-1.));
#321 = DIRECTION('',(1.,0.,0.));
#322 = ORIENTED_EDGE('',*,*,#323,.F.);
#323 = EDGE_CURVE('',#305,#315,#324,.T.);
#324 = LINE('',#325,#326);
#325 = CARTESIAN_POINT('',(13.4125,17.9,0.));
#326 = VECTOR('',#327,1.);
#327 = DIRECTION('',(0.,0.,1.));
#328 = CYLINDRICAL_SURFACE('',#329,1.6875);
#329 = AXIS2_PLACEMENT_3D('',#330,#331,#332);
#330 = CARTESIAN_POINT('',(13.4125,16.2125,0.));
#331 = DIRECTION('',(-0.,-0.,-1.));
#332 = DIRECTION('',(1.,0.,0.));
#333 = ADVANCED_FACE('',(#334),#376,.T.);
#334 = FACE_BOUND('',#335,.T.);
#335 = EDGE_LOOP('',(#336,#346,#355,#361,#362,#370));
#336 = ORIENTED_EDGE('',*,*,#337,.F.);
#337 = EDGE_CURVE('',#338,#340,#342,.T.);
#338 = VERTEX_POINT('',#339);
#339 = CARTESIAN_POINT('',(-17.5,-2.775,1.630000119209));
#340 = VERTEX_POINT('',#341);
#341 = CARTESIAN_POINT('',(-17.5,-17.,1.630000119209));
#342 = LINE('',#343,#344);
#343 = CARTESIAN_POINT('',(-17.5,10.,1.630000119209));
#344 = VECTOR('',#345,1.);
#345 = DIRECTION('',(0.,-1.,1.570092458684E-16));
#346 = ORIENTED_EDGE('',*,*,#347,.F.);
#347 = EDGE_CURVE('',#348,#338,#350,.T.);
#348 = VERTEX_POINT('',#349);
#349 = CARTESIAN_POINT('',(-17.5,2.775,1.630000119209));
#350 = CIRCLE('',#351,2.775);
#351 = AXIS2_PLACEMENT_3D('',#352,#353,#354);
#352 = CARTESIAN_POINT('',(-17.5,7.1E-15,1.630000119209));
#353 = DIRECTION('',(-1.,0.,0.));
#354 = DIRECTION('',(0.,-1.,0.));
#355 = ORIENTED_EDGE('',*,*,#356,.F.);
#356 = EDGE_CURVE('',#282,#348,#357,.T.);
#357 = LINE('',#358,#359);
#358 = CARTESIAN_POINT('',(-17.5,10.,1.630000119209));
#359 = VECTOR('',#360,1.);
#360 = DIRECTION('',(0.,-1.,1.570092458684E-16));
#361 = ORIENTED_EDGE('',*,*,#290,.F.);
#362 = ORIENTED_EDGE('',*,*,#363,.T.);
#363 = EDGE_CURVE('',#272,#364,#366,.T.);
#364 = VERTEX_POINT('',#365);
#365 = CARTESIAN_POINT('',(-17.5,-17.,-9.999999880791));
#366 = LINE('',#367,#368);
#367 = CARTESIAN_POINT('',(-17.5,10.,-9.999999880791));
#368 = VECTOR('',#369,1.);
#369 = DIRECTION('',(0.,-1.,0.));
#370 = ORIENTED_EDGE('',*,*,#371,.F.);
#371 = EDGE_CURVE('',#340,#364,#372,.T.);
#372 = LINE('',#373,#374);
#373 = CARTESIAN_POINT('',(-17.5,-17.,1.630000119209));
#374 = VECTOR('',#375,1.);
#375 = DIRECTION('',(0.,0.,-1.));
#376 = PLANE('',#377);
#377 = AXIS2_PLACEMENT_3D('',#378,#379,#380);
#378 = CARTESIAN_POINT('',(-17.5,-1.100976541949E-15,-4.184999880791));
#379 = DIRECTION('',(-1.,-0.,-0.));
#380 = DIRECTION('',(0.,0.,-1.));
#381 = ADVANCED_FACE('',(#382),#407,.F.);
#382 = FACE_BOUND('',#383,.F.);
#383 = EDGE_LOOP('',(#384,#392,#400,#406));
#384 = ORIENTED_EDGE('',*,*,#385,.F.);
#385 = EDGE_CURVE('',#386,#305,#388,.T.);
#386 = VERTEX_POINT('',#387);
#387 = CARTESIAN_POINT('',(-13.4125,17.9,0.));
#388 = LINE('',#389,#390);
#389 = CARTESIAN_POINT('',(-13.4125,17.9,0.));
#390 = VECTOR('',#391,1.);
#391 = DIRECTION('',(1.,0.,0.));
#392 = ORIENTED_EDGE('',*,*,#393,.T.);
#393 = EDGE_CURVE('',#386,#394,#396,.T.);
#394 = VERTEX_POINT('',#395);
#395 = CARTESIAN_POINT('',(-13.4125,17.9,1.630000119209));
#396 = LINE('',#397,#398);
#397 = CARTESIAN_POINT('',(-13.4125,17.9,0.));
#398 = VECTOR('',#399,1.);
#399 = DIRECTION('',(0.,0.,1.));
#400 = ORIENTED_EDGE('',*,*,#401,.T.);
#401 = EDGE_CURVE('',#394,#315,#402,.T.);
#402 = LINE('',#403,#404);
#403 = CARTESIAN_POINT('',(-6.70625,17.9,1.630000119209));
#404 = VECTOR('',#405,1.);
#405 = DIRECTION('',(1.,0.,0.));
#406 = ORIENTED_EDGE('',*,*,#323,.F.);
#407 = PLANE('',#408);
#408 = AXIS2_PLACEMENT_3D('',#409,#410,#411);
#409 = CARTESIAN_POINT('',(-13.4125,17.9,0.));
#410 = DIRECTION('',(0.,1.,0.));
#411 = DIRECTION('',(1.,0.,0.));
#412 = ADVANCED_FACE('',(#413),#439,.F.);
#413 = FACE_BOUND('',#414,.F.);
#414 = EDGE_LOOP('',(#415,#423,#424,#432));
#415 = ORIENTED_EDGE('',*,*,#416,.F.);
#416 = EDGE_CURVE('',#338,#417,#419,.T.);
#417 = VERTEX_POINT('',#418);
#418 = CARTESIAN_POINT('',(-15.1,-2.775,1.630000119209));
#419 = LINE('',#420,#421);
#420 = CARTESIAN_POINT('',(-17.5,-2.775,1.630000119209));
#421 = VECTOR('',#422,1.);
#422 = DIRECTION('',(1.,0.,0.));
#423 = ORIENTED_EDGE('',*,*,#347,.F.);
#424 = ORIENTED_EDGE('',*,*,#425,.F.);
#425 = EDGE_CURVE('',#426,#348,#428,.T.);
#426 = VERTEX_POINT('',#427);
#427 = CARTESIAN_POINT('',(-15.1,2.775,1.630000119209));
#428 = LINE('',#429,#430);
#429 = CARTESIAN_POINT('',(-17.5,2.775,1.630000119209));
#430 = VECTOR('',#431,1.);
#431 = DIRECTION('',(-1.,0.,0.));
#432 = ORIENTED_EDGE('',*,*,#433,.T.);
#433 = EDGE_CURVE('',#426,#417,#434,.T.);
#434 = CIRCLE('',#435,2.775);
#435 = AXIS2_PLACEMENT_3D('',#436,#437,#438);
#436 = CARTESIAN_POINT('',(-15.1,7.1E-15,1.630000119209));
#437 = DIRECTION('',(-1.,0.,0.));
#438 = DIRECTION('',(0.,-1.,0.));
#439 = CYLINDRICAL_SURFACE('',#440,2.775);
#440 = AXIS2_PLACEMENT_3D('',#441,#442,#443);
#441 = CARTESIAN_POINT('',(-17.5,7.1E-15,1.630000119209));
#442 = DIRECTION('',(-1.,0.,0.));
#443 = DIRECTION('',(0.,-1.,0.));
#444 = ADVANCED_FACE('',(#445),#472,.F.);
#445 = FACE_BOUND('',#446,.T.);
#446 = EDGE_LOOP('',(#447,#456,#457,#466));
#447 = ORIENTED_EDGE('',*,*,#448,.F.);
#448 = EDGE_CURVE('',#386,#449,#451,.T.);
#449 = VERTEX_POINT('',#450);
#450 = CARTESIAN_POINT('',(-15.1,16.2125,0.));
#451 = CIRCLE('',#452,1.6875);
#452 = AXIS2_PLACEMENT_3D('',#453,#454,#455);
#453 = CARTESIAN_POINT('',(-13.4125,16.2125,0.));
#454 = DIRECTION('',(0.,0.,1.));
#455 = DIRECTION('',(1.,0.,0.));
#456 = ORIENTED_EDGE('',*,*,#393,.T.);
#457 = ORIENTED_EDGE('',*,*,#458,.F.);
#458 = EDGE_CURVE('',#459,#394,#461,.T.);
#459 = VERTEX_POINT('',#460);
#460 = CARTESIAN_POINT('',(-15.1,16.2125,1.630000119209));
#461 = CIRCLE('',#462,1.6875);
#462 = AXIS2_PLACEMENT_3D('',#463,#464,#465);
#463 = CARTESIAN_POINT('',(-13.4125,16.2125,1.630000119209));
#464 = DIRECTION('',(0.,0.,-1.));
#465 = DIRECTION('',(1.,0.,0.));
#466 = ORIENTED_EDGE('',*,*,#467,.F.);
#467 = EDGE_CURVE('',#449,#459,#468,.T.);
#468 = LINE('',#469,#470);
#469 = CARTESIAN_POINT('',(-15.1,16.2125,0.));
#470 = VECTOR('',#471,1.);
#471 = DIRECTION('',(0.,0.,1.));
#472 = CYLINDRICAL_SURFACE('',#473,1.6875);
#473 = AXIS2_PLACEMENT_3D('',#474,#475,#476);
#474 = CARTESIAN_POINT('',(-13.4125,16.2125,0.));
#475 = DIRECTION('',(-0.,-0.,-1.));
#476 = DIRECTION('',(1.,0.,0.));
#477 = ADVANCED_FACE('',(#478),#542,.T.);
#478 = FACE_BOUND('',#479,.T.);
#479 = EDGE_LOOP('',(#480,#488,#489,#495,#496,#504,#512,#520,#528,#536)
  );
#480 = ORIENTED_EDGE('',*,*,#481,.F.);
#481 = EDGE_CURVE('',#449,#482,#484,.T.);
#482 = VERTEX_POINT('',#483);
#483 = CARTESIAN_POINT('',(-15.1,6.5125,0.));
#484 = LINE('',#485,#486);
#485 = CARTESIAN_POINT('',(-15.1,16.2125,0.));
#486 = VECTOR('',#487,1.);
#487 = DIRECTION('',(0.,-1.,0.));
#488 = ORIENTED_EDGE('',*,*,#467,.T.);
#489 = ORIENTED_EDGE('',*,*,#490,.T.);
#490 = EDGE_CURVE('',#459,#426,#491,.T.);
#491 = LINE('',#492,#493);
#492 = CARTESIAN_POINT('',(-15.1,8.10625,1.630000119209));
#493 = VECTOR('',#494,1.);
#494 = DIRECTION('',(0.,-1.,1.570092458684E-16));
#495 = ORIENTED_EDGE('',*,*,#433,.T.);
#496 = ORIENTED_EDGE('',*,*,#497,.T.);
#497 = EDGE_CURVE('',#417,#498,#500,.T.);
#498 = VERTEX_POINT('',#499);
#499 = CARTESIAN_POINT('',(-15.1,-16.2125,1.630000119209));
#500 = LINE('',#501,#502);
#501 = CARTESIAN_POINT('',(-15.1,8.10625,1.630000119209));
#502 = VECTOR('',#503,1.);
#503 = DIRECTION('',(0.,-1.,1.570092458684E-16));
#504 = ORIENTED_EDGE('',*,*,#505,.F.);
#505 = EDGE_CURVE('',#506,#498,#508,.T.);
#506 = VERTEX_POINT('',#507);
#507 = CARTESIAN_POINT('',(-15.1,-16.2125,0.));
#508 = LINE('',#509,#510);
#509 = CARTESIAN_POINT('',(-15.1,-16.2125,0.));
#510 = VECTOR('',#511,1.);
#511 = DIRECTION('',(0.,0.,1.));
#512 = ORIENTED_EDGE('',*,*,#513,.F.);
#513 = EDGE_CURVE('',#514,#506,#516,.T.);
#514 = VERTEX_POINT('',#515);
#515 = CARTESIAN_POINT('',(-15.1,-6.5125,0.));
#516 = LINE('',#517,#518);
#517 = CARTESIAN_POINT('',(-15.1,16.2125,0.));
#518 = VECTOR('',#519,1.);
#519 = DIRECTION('',(0.,-1.,0.));
#520 = ORIENTED_EDGE('',*,*,#521,.T.);
#521 = EDGE_CURVE('',#514,#522,#524,.T.);
#522 = VERTEX_POINT('',#523);
#523 = CARTESIAN_POINT('',(-15.1,-6.5125,-4.999999880791));
#524 = LINE('',#525,#526);
#525 = CARTESIAN_POINT('',(-15.1,-6.5125,1.630000119209));
#526 = VECTOR('',#527,1.);
#527 = DIRECTION('',(-0.,-0.,-1.));
#528 = ORIENTED_EDGE('',*,*,#529,.F.);
#529 = EDGE_CURVE('',#530,#522,#532,.T.);
#530 = VERTEX_POINT('',#531);
#531 = CARTESIAN_POINT('',(-15.1,6.5125,-4.999999880791));
#532 = LINE('',#533,#534);
#533 = CARTESIAN_POINT('',(-15.1,3.25625,-4.999999880791));
#534 = VECTOR('',#535,1.);
#535 = DIRECTION('',(-0.,-1.,-0.));
#536 = ORIENTED_EDGE('',*,*,#537,.F.);
#537 = EDGE_CURVE('',#482,#530,#538,.T.);
#538 = LINE('',#539,#540);
#539 = CARTESIAN_POINT('',(-15.1,6.5125,1.630000119209));
#540 = VECTOR('',#541,1.);
#541 = DIRECTION('',(-0.,-0.,-1.));
#542 = PLANE('',#543);
#543 = AXIS2_PLACEMENT_3D('',#544,#545,#546);
#544 = CARTESIAN_POINT('',(-15.1,-7.914123417121E-15,-0.443161477419));
#545 = DIRECTION('',(1.,0.,0.));
#546 = DIRECTION('',(0.,0.,1.));
#547 = ADVANCED_FACE('',(#548,#579,#590,#601,#612,#623,#634,#645,#656,
    #667,#678,#689,#700,#711,#722,#733,#744,#755,#766,#777,#788),#799,
  .T.);
#548 = FACE_BOUND('',#549,.T.);
#549 = EDGE_LOOP('',(#550,#560,#567,#568,#569,#570,#571,#572));
#550 = ORIENTED_EDGE('',*,*,#551,.F.);
#551 = EDGE_CURVE('',#552,#554,#556,.T.);
#552 = VERTEX_POINT('',#553);
#553 = CARTESIAN_POINT('',(-14.5,-20.,-9.999999880791));
#554 = VERTEX_POINT('',#555);
#555 = CARTESIAN_POINT('',(14.5,-20.,-9.999999880791));
#556 = LINE('',#557,#558);
#557 = CARTESIAN_POINT('',(-8.75,-20.,-9.999999880791));
#558 = VECTOR('',#559,1.);
#559 = DIRECTION('',(1.,0.,0.));
#560 = ORIENTED_EDGE('',*,*,#561,.F.);
#561 = EDGE_CURVE('',#364,#552,#562,.T.);
#562 = CIRCLE('',#563,3.);
#563 = AXIS2_PLACEMENT_3D('',#564,#565,#566);
#564 = CARTESIAN_POINT('',(-14.5,-17.,-9.999999880791));
#565 = DIRECTION('',(0.,-0.,1.));
#566 = DIRECTION('',(0.,1.,0.));
#567 = ORIENTED_EDGE('',*,*,#363,.F.);
#568 = ORIENTED_EDGE('',*,*,#271,.T.);
#569 = ORIENTED_EDGE('',*,*,#170,.F.);
#570 = ORIENTED_EDGE('',*,*,#113,.F.);
#571 = ORIENTED_EDGE('',*,*,#74,.F.);
#572 = ORIENTED_EDGE('',*,*,#573,.T.);
#573 = EDGE_CURVE('',#67,#554,#574,.T.);
#574 = CIRCLE('',#575,3.);
#575 = AXIS2_PLACEMENT_3D('',#576,#577,#578);
#576 = CARTESIAN_POINT('',(14.5,-17.,-9.999999880791));
#577 = DIRECTION('',(0.,0.,-1.));
#578 = DIRECTION('',(0.,1.,0.));
#579 = FACE_BOUND('',#580,.T.);
#580 = EDGE_LOOP('',(#581));
#581 = ORIENTED_EDGE('',*,*,#582,.F.);
#582 = EDGE_CURVE('',#583,#583,#585,.T.);
#583 = VERTEX_POINT('',#584);
#584 = CARTESIAN_POINT('',(12.6,-13.8,-9.999999880791));
#585 = CIRCLE('',#586,1.6);
#586 = AXIS2_PLACEMENT_3D('',#587,#588,#589);
#587 = CARTESIAN_POINT('',(11.,-13.8,-9.999999880791));
#588 = DIRECTION('',(0.,0.,-1.));
#589 = DIRECTION('',(1.,0.,0.));
#590 = FACE_BOUND('',#591,.T.);
#591 = EDGE_LOOP('',(#592));
#592 = ORIENTED_EDGE('',*,*,#593,.F.);
#593 = EDGE_CURVE('',#594,#594,#596,.T.);
#594 = VERTEX_POINT('',#595);
#595 = CARTESIAN_POINT('',(8.499999999997,-9.5,-9.999999880791));
#596 = CIRCLE('',#597,1.);
#597 = AXIS2_PLACEMENT_3D('',#598,#599,#600);
#598 = CARTESIAN_POINT('',(7.499999999997,-9.5,-9.999999880791));
#599 = DIRECTION('',(0.,0.,-1.));
#600 = DIRECTION('',(1.,0.,0.));
#601 = FACE_BOUND('',#602,.T.);
#602 = EDGE_LOOP('',(#603));
#603 = ORIENTED_EDGE('',*,*,#604,.F.);
#604 = EDGE_CURVE('',#605,#605,#607,.T.);
#605 = VERTEX_POINT('',#606);
#606 = CARTESIAN_POINT('',(5.999999999999,-9.5,-9.999999880791));
#607 = CIRCLE('',#608,1.);
#608 = AXIS2_PLACEMENT_3D('',#609,#610,#611);
#609 = CARTESIAN_POINT('',(4.999999999999,-9.5,-9.999999880791));
#610 = DIRECTION('',(0.,0.,-1.));
#611 = DIRECTION('',(1.,0.,0.));
#612 = FACE_BOUND('',#613,.T.);
#613 = EDGE_LOOP('',(#614));
#614 = ORIENTED_EDGE('',*,*,#615,.F.);
#615 = EDGE_CURVE('',#616,#616,#618,.T.);
#616 = VERTEX_POINT('',#617);
#617 = CARTESIAN_POINT('',(3.5,-9.5,-9.999999880791));
#618 = CIRCLE('',#619,1.);
#619 = AXIS2_PLACEMENT_3D('',#620,#621,#622);
#620 = CARTESIAN_POINT('',(2.5,-9.5,-9.999999880791));
#621 = DIRECTION('',(0.,0.,-1.));
#622 = DIRECTION('',(1.,0.,0.));
#623 = FACE_BOUND('',#624,.T.);
#624 = EDGE_LOOP('',(#625));
#625 = ORIENTED_EDGE('',*,*,#626,.F.);
#626 = EDGE_CURVE('',#627,#627,#629,.T.);
#627 = VERTEX_POINT('',#628);
#628 = CARTESIAN_POINT('',(1.,-9.5,-9.999999880791));
#629 = CIRCLE('',#630,1.);
#630 = AXIS2_PLACEMENT_3D('',#631,#632,#633);
#631 = CARTESIAN_POINT('',(0.,-9.5,-9.999999880791));
#632 = DIRECTION('',(0.,0.,-1.));
#633 = DIRECTION('',(1.,0.,0.));
#634 = FACE_BOUND('',#635,.T.);
#635 = EDGE_LOOP('',(#636));
#636 = ORIENTED_EDGE('',*,*,#637,.F.);
#637 = EDGE_CURVE('',#638,#638,#640,.T.);
#638 = VERTEX_POINT('',#639);
#639 = CARTESIAN_POINT('',(-1.500000000001,-9.5,-9.999999880791));
#640 = CIRCLE('',#641,1.);
#641 = AXIS2_PLACEMENT_3D('',#642,#643,#644);
#642 = CARTESIAN_POINT('',(-2.500000000001,-9.5,-9.999999880791));
#643 = DIRECTION('',(0.,0.,-1.));
#644 = DIRECTION('',(1.,0.,0.));
#645 = FACE_BOUND('',#646,.T.);
#646 = EDGE_LOOP('',(#647));
#647 = ORIENTED_EDGE('',*,*,#648,.F.);
#648 = EDGE_CURVE('',#649,#649,#651,.T.);
#649 = VERTEX_POINT('',#650);
#650 = CARTESIAN_POINT('',(-4.000000000003,-9.5,-9.999999880791));
#651 = CIRCLE('',#652,1.);
#652 = AXIS2_PLACEMENT_3D('',#653,#654,#655);
#653 = CARTESIAN_POINT('',(-5.000000000003,-9.5,-9.999999880791));
#654 = DIRECTION('',(0.,0.,-1.));
#655 = DIRECTION('',(1.,0.,0.));
#656 = FACE_BOUND('',#657,.T.);
#657 = EDGE_LOOP('',(#658));
#658 = ORIENTED_EDGE('',*,*,#659,.F.);
#659 = EDGE_CURVE('',#660,#660,#662,.T.);
#660 = VERTEX_POINT('',#661);
#661 = CARTESIAN_POINT('',(-9.4,-13.8,-9.999999880791));
#662 = CIRCLE('',#663,1.6);
#663 = AXIS2_PLACEMENT_3D('',#664,#665,#666);
#664 = CARTESIAN_POINT('',(-11.,-13.8,-9.999999880791));
#665 = DIRECTION('',(0.,0.,-1.));
#666 = DIRECTION('',(1.,0.,0.));
#667 = FACE_BOUND('',#668,.T.);
#668 = EDGE_LOOP('',(#669));
#669 = ORIENTED_EDGE('',*,*,#670,.F.);
#670 = EDGE_CURVE('',#671,#671,#673,.T.);
#671 = VERTEX_POINT('',#672);
#672 = CARTESIAN_POINT('',(-6.500000000007,-9.5,-9.999999880791));
#673 = CIRCLE('',#674,1.);
#674 = AXIS2_PLACEMENT_3D('',#675,#676,#677);
#675 = CARTESIAN_POINT('',(-7.500000000007,-9.5,-9.999999880791));
#676 = DIRECTION('',(0.,0.,-1.));
#677 = DIRECTION('',(1.,0.,0.));
#678 = FACE_BOUND('',#679,.T.);
#679 = EDGE_LOOP('',(#680));
#680 = ORIENTED_EDGE('',*,*,#681,.F.);
#681 = EDGE_CURVE('',#682,#682,#684,.T.);
#682 = VERTEX_POINT('',#683);
#683 = CARTESIAN_POINT('',(8.499999999965,9.5,-9.999999880791));
#684 = CIRCLE('',#685,1.);
#685 = AXIS2_PLACEMENT_3D('',#686,#687,#688);
#686 = CARTESIAN_POINT('',(7.499999999965,9.5,-9.999999880791));
#687 = DIRECTION('',(0.,0.,-1.));
#688 = DIRECTION('',(1.,0.,0.));
#689 = FACE_BOUND('',#690,.T.);
#690 = EDGE_LOOP('',(#691));
#691 = ORIENTED_EDGE('',*,*,#692,.F.);
#692 = EDGE_CURVE('',#693,#693,#695,.T.);
#693 = VERTEX_POINT('',#694);
#694 = CARTESIAN_POINT('',(12.6,13.8,-9.999999880791));
#695 = CIRCLE('',#696,1.6);
#696 = AXIS2_PLACEMENT_3D('',#697,#698,#699);
#697 = CARTESIAN_POINT('',(11.,13.8,-9.999999880791));
#698 = DIRECTION('',(0.,0.,-1.));
#699 = DIRECTION('',(1.,0.,0.));
#700 = FACE_BOUND('',#701,.T.);
#701 = EDGE_LOOP('',(#702));
#702 = ORIENTED_EDGE('',*,*,#703,.F.);
#703 = EDGE_CURVE('',#704,#704,#706,.T.);
#704 = VERTEX_POINT('',#705);
#705 = CARTESIAN_POINT('',(5.99999999997,9.5,-9.999999880791));
#706 = CIRCLE('',#707,1.);
#707 = AXIS2_PLACEMENT_3D('',#708,#709,#710);
#708 = CARTESIAN_POINT('',(4.99999999997,9.5,-9.999999880791));
#709 = DIRECTION('',(0.,0.,-1.));
#710 = DIRECTION('',(1.,0.,0.));
#711 = FACE_BOUND('',#712,.T.);
#712 = EDGE_LOOP('',(#713));
#713 = ORIENTED_EDGE('',*,*,#714,.F.);
#714 = EDGE_CURVE('',#715,#715,#717,.T.);
#715 = VERTEX_POINT('',#716);
#716 = CARTESIAN_POINT('',(3.499999999982,9.5,-9.999999880791));
#717 = CIRCLE('',#718,1.);
#718 = AXIS2_PLACEMENT_3D('',#719,#720,#721);
#719 = CARTESIAN_POINT('',(2.499999999982,9.5,-9.999999880791));
#720 = DIRECTION('',(0.,0.,-1.));
#721 = DIRECTION('',(1.,0.,0.));
#722 = FACE_BOUND('',#723,.T.);
#723 = EDGE_LOOP('',(#724));
#724 = ORIENTED_EDGE('',*,*,#725,.F.);
#725 = EDGE_CURVE('',#726,#726,#728,.T.);
#726 = VERTEX_POINT('',#727);
#727 = CARTESIAN_POINT('',(3.499999999982,12.5,-9.999999880791));
#728 = CIRCLE('',#729,1.);
#729 = AXIS2_PLACEMENT_3D('',#730,#731,#732);
#730 = CARTESIAN_POINT('',(2.499999999982,12.5,-9.999999880791));
#731 = DIRECTION('',(0.,0.,-1.));
#732 = DIRECTION('',(1.,0.,0.));
#733 = FACE_BOUND('',#734,.T.);
#734 = EDGE_LOOP('',(#735));
#735 = ORIENTED_EDGE('',*,*,#736,.F.);
#736 = EDGE_CURVE('',#737,#737,#739,.T.);
#737 = VERTEX_POINT('',#738);
#738 = CARTESIAN_POINT('',(1.,9.5,-9.999999880791));
#739 = CIRCLE('',#740,1.);
#740 = AXIS2_PLACEMENT_3D('',#741,#742,#743);
#741 = CARTESIAN_POINT('',(0.,9.5,-9.999999880791));
#742 = DIRECTION('',(0.,0.,-1.));
#743 = DIRECTION('',(1.,0.,0.));
#744 = FACE_BOUND('',#745,.T.);
#745 = EDGE_LOOP('',(#746));
#746 = ORIENTED_EDGE('',*,*,#747,.F.);
#747 = EDGE_CURVE('',#748,#748,#750,.T.);
#748 = VERTEX_POINT('',#749);
#749 = CARTESIAN_POINT('',(-1.499999999976,9.5,-9.999999880791));
#750 = CIRCLE('',#751,1.);
#751 = AXIS2_PLACEMENT_3D('',#752,#753,#754);
#752 = CARTESIAN_POINT('',(-2.499999999976,9.5,-9.999999880791));
#753 = DIRECTION('',(0.,0.,-1.));
#754 = DIRECTION('',(1.,0.,0.));
#755 = FACE_BOUND('',#756,.T.);
#756 = EDGE_LOOP('',(#757));
#757 = ORIENTED_EDGE('',*,*,#758,.F.);
#758 = EDGE_CURVE('',#759,#759,#761,.T.);
#759 = VERTEX_POINT('',#760);
#760 = CARTESIAN_POINT('',(-3.999999999945,9.5,-9.999999880791));
#761 = CIRCLE('',#762,1.);
#762 = AXIS2_PLACEMENT_3D('',#763,#764,#765);
#763 = CARTESIAN_POINT('',(-4.999999999945,9.5,-9.999999880791));
#764 = DIRECTION('',(0.,0.,-1.));
#765 = DIRECTION('',(1.,0.,0.));
#766 = FACE_BOUND('',#767,.T.);
#767 = EDGE_LOOP('',(#768));
#768 = ORIENTED_EDGE('',*,*,#769,.F.);
#769 = EDGE_CURVE('',#770,#770,#772,.T.);
#770 = VERTEX_POINT('',#771);
#771 = CARTESIAN_POINT('',(-1.499999999976,12.5,-9.999999880791));
#772 = CIRCLE('',#773,1.);
#773 = AXIS2_PLACEMENT_3D('',#774,#775,#776);
#774 = CARTESIAN_POINT('',(-2.499999999976,12.5,-9.999999880791));
#775 = DIRECTION('',(0.,0.,-1.));
#776 = DIRECTION('',(1.,0.,0.));
#777 = FACE_BOUND('',#778,.T.);
#778 = EDGE_LOOP('',(#779));
#779 = ORIENTED_EDGE('',*,*,#780,.F.);
#780 = EDGE_CURVE('',#781,#781,#783,.T.);
#781 = VERTEX_POINT('',#782);
#782 = CARTESIAN_POINT('',(-6.499999999907,9.5,-9.999999880791));
#783 = CIRCLE('',#784,1.);
#784 = AXIS2_PLACEMENT_3D('',#785,#786,#787);
#785 = CARTESIAN_POINT('',(-7.499999999907,9.5,-9.999999880791));
#786 = DIRECTION('',(0.,0.,-1.));
#787 = DIRECTION('',(1.,0.,0.));
#788 = FACE_BOUND('',#789,.T.);
#789 = EDGE_LOOP('',(#790));
#790 = ORIENTED_EDGE('',*,*,#791,.F.);
#791 = EDGE_CURVE('',#792,#792,#794,.T.);
#792 = VERTEX_POINT('',#793);
#793 = CARTESIAN_POINT('',(-9.4,13.8,-9.999999880791));
#794 = CIRCLE('',#795,1.6);
#795 = AXIS2_PLACEMENT_3D('',#796,#797,#798);
#796 = CARTESIAN_POINT('',(-11.,13.8,-9.999999880791));
#797 = DIRECTION('',(0.,0.,-1.));
#798 = DIRECTION('',(1.,0.,0.));
#799 = PLANE('',#800);
#800 = AXIS2_PLACEMENT_3D('',#801,#802,#803);
#801 = CARTESIAN_POINT('',(0.,0.,-9.999999880791));
#802 = DIRECTION('',(0.,0.,-1.));
#803 = DIRECTION('',(-1.,0.,0.));
#804 = ADVANCED_FACE('',(#805,#861),#897,.T.);
#805 = FACE_BOUND('',#806,.T.);
#806 = EDGE_LOOP('',(#807,#808,#809,#810,#819,#827,#834,#835,#836,#837,
    #846,#854));
#807 = ORIENTED_EDGE('',*,*,#58,.T.);
#808 = ORIENTED_EDGE('',*,*,#138,.F.);
#809 = ORIENTED_EDGE('',*,*,#210,.F.);
#810 = ORIENTED_EDGE('',*,*,#811,.T.);
#811 = EDGE_CURVE('',#203,#812,#814,.T.);
#812 = VERTEX_POINT('',#813);
#813 = CARTESIAN_POINT('',(13.4125,-17.9,1.630000119209));
#814 = CIRCLE('',#815,1.6875);
#815 = AXIS2_PLACEMENT_3D('',#816,#817,#818);
#816 = CARTESIAN_POINT('',(13.4125,-16.2125,1.630000119209));
#817 = DIRECTION('',(0.,0.,-1.));
#818 = DIRECTION('',(1.,0.,0.));
#819 = ORIENTED_EDGE('',*,*,#820,.T.);
#820 = EDGE_CURVE('',#812,#821,#823,.T.);
#821 = VERTEX_POINT('',#822);
#822 = CARTESIAN_POINT('',(-13.4125,-17.9,1.630000119209));
#823 = LINE('',#824,#825);
#824 = CARTESIAN_POINT('',(6.70625,-17.9,1.630000119209));
#825 = VECTOR('',#826,1.);
#826 = DIRECTION('',(-1.,0.,0.));
#827 = ORIENTED_EDGE('',*,*,#828,.T.);
#828 = EDGE_CURVE('',#821,#498,#829,.T.);
#829 = CIRCLE('',#830,1.6875);
#830 = AXIS2_PLACEMENT_3D('',#831,#832,#833);
#831 = CARTESIAN_POINT('',(-13.4125,-16.2125,1.630000119209));
#832 = DIRECTION('',(0.,0.,-1.));
#833 = DIRECTION('',(1.,0.,0.));
#834 = ORIENTED_EDGE('',*,*,#497,.F.);
#835 = ORIENTED_EDGE('',*,*,#416,.F.);
#836 = ORIENTED_EDGE('',*,*,#337,.T.);
#837 = ORIENTED_EDGE('',*,*,#838,.T.);
#838 = EDGE_CURVE('',#340,#839,#841,.T.);
#839 = VERTEX_POINT('',#840);
#840 = CARTESIAN_POINT('',(-14.5,-20.,1.630000119209));
#841 = CIRCLE('',#842,3.);
#842 = AXIS2_PLACEMENT_3D('',#843,#844,#845);
#843 = CARTESIAN_POINT('',(-14.5,-17.,1.630000119209));
#844 = DIRECTION('',(0.,-0.,1.));
#845 = DIRECTION('',(0.,1.,0.));
#846 = ORIENTED_EDGE('',*,*,#847,.T.);
#847 = EDGE_CURVE('',#839,#848,#850,.T.);
#848 = VERTEX_POINT('',#849);
#849 = CARTESIAN_POINT('',(14.5,-20.,1.630000119209));
#850 = LINE('',#851,#852);
#851 = CARTESIAN_POINT('',(-8.75,-20.,1.630000119209));
#852 = VECTOR('',#853,1.);
#853 = DIRECTION('',(1.,0.,0.));
#854 = ORIENTED_EDGE('',*,*,#855,.F.);
#855 = EDGE_CURVE('',#59,#848,#856,.T.);
#856 = CIRCLE('',#857,3.);
#857 = AXIS2_PLACEMENT_3D('',#858,#859,#860);
#858 = CARTESIAN_POINT('',(14.5,-17.,1.630000119209));
#859 = DIRECTION('',(0.,0.,-1.));
#860 = DIRECTION('',(0.,1.,0.));
#861 = FACE_BOUND('',#862,.T.);
#862 = EDGE_LOOP('',(#863,#874,#882,#891));
#863 = ORIENTED_EDGE('',*,*,#864,.F.);
#864 = EDGE_CURVE('',#865,#867,#869,.T.);
#865 = VERTEX_POINT('',#866);
#866 = CARTESIAN_POINT('',(-5.,-18.45,1.630000119209));
#867 = VERTEX_POINT('',#868);
#868 = CARTESIAN_POINT('',(-5.,-19.45,1.630000119209));
#869 = CIRCLE('',#870,0.5);
#870 = AXIS2_PLACEMENT_3D('',#871,#872,#873);
#871 = CARTESIAN_POINT('',(-5.,-18.95,1.630000119209));
#872 = DIRECTION('',(0.,0.,1.));
#873 = DIRECTION('',(1.,0.,0.));
#874 = ORIENTED_EDGE('',*,*,#875,.T.);
#875 = EDGE_CURVE('',#865,#876,#878,.T.);
#876 = VERTEX_POINT('',#877);
#877 = CARTESIAN_POINT('',(5.,-18.45,1.630000119209));
#878 = LINE('',#879,#880);
#879 = CARTESIAN_POINT('',(8.E-16,-18.45,1.630000119209));
#880 = VECTOR('',#881,1.);
#881 = DIRECTION('',(1.,0.,0.));
#882 = ORIENTED_EDGE('',*,*,#883,.F.);
#883 = EDGE_CURVE('',#884,#876,#886,.T.);
#884 = VERTEX_POINT('',#885);
#885 = CARTESIAN_POINT('',(5.,-19.45,1.630000119209));
#886 = CIRCLE('',#887,0.5);
#887 = AXIS2_PLACEMENT_3D('',#888,#889,#890);
#888 = CARTESIAN_POINT('',(5.000000000001,-18.95,1.630000119209));
#889 = DIRECTION('',(0.,0.,1.));
#890 = DIRECTION('',(-1.,-1.224646799147E-16,0.));
#891 = ORIENTED_EDGE('',*,*,#892,.F.);
#892 = EDGE_CURVE('',#867,#884,#893,.T.);
#893 = LINE('',#894,#895);
#894 = CARTESIAN_POINT('',(-5.,-19.45,1.630000119209));
#895 = VECTOR('',#896,1.);
#896 = DIRECTION('',(1.,7.105427357601E-16,0.));
#897 = PLANE('',#898);
#898 = AXIS2_PLACEMENT_3D('',#899,#900,#901);
#899 = CARTESIAN_POINT('',(1.691011419428E-15,-7.1E-15,1.630000119209));
#900 = DIRECTION('',(0.,1.570092458684E-16,1.));
#901 = DIRECTION('',(0.,1.,-1.570092458684E-16));
#902 = ADVANCED_FACE('',(#903),#914,.T.);
#903 = FACE_BOUND('',#904,.T.);
#904 = EDGE_LOOP('',(#905,#906,#912,#913));
#905 = ORIENTED_EDGE('',*,*,#855,.T.);
#906 = ORIENTED_EDGE('',*,*,#907,.T.);
#907 = EDGE_CURVE('',#848,#554,#908,.T.);
#908 = LINE('',#909,#910);
#909 = CARTESIAN_POINT('',(14.5,-20.,1.630000119209));
#910 = VECTOR('',#911,1.);
#911 = DIRECTION('',(0.,0.,-1.));
#912 = ORIENTED_EDGE('',*,*,#573,.F.);
#913 = ORIENTED_EDGE('',*,*,#66,.F.);
#914 = CYLINDRICAL_SURFACE('',#915,3.);
#915 = AXIS2_PLACEMENT_3D('',#916,#917,#918);
#916 = CARTESIAN_POINT('',(14.5,-17.,1.630000119209));
#917 = DIRECTION('',(0.,0.,-1.));
#918 = DIRECTION('',(1.,0.,0.));
#919 = ADVANCED_FACE('',(#920),#1006,.T.);
#920 = FACE_BOUND('',#921,.T.);
#921 = EDGE_LOOP('',(#922,#931,#932,#941,#949,#956,#957,#966,#974,#983,
    #991,#1000));
#922 = ORIENTED_EDGE('',*,*,#923,.F.);
#923 = EDGE_CURVE('',#514,#924,#926,.T.);
#924 = VERTEX_POINT('',#925);
#925 = CARTESIAN_POINT('',(-14.1,-7.987288120375,0.));
#926 = CIRCLE('',#927,1.5875);
#927 = AXIS2_PLACEMENT_3D('',#928,#929,#930);
#928 = CARTESIAN_POINT('',(-13.5125,-6.5125,0.));
#929 = DIRECTION('',(0.,0.,1.));
#930 = DIRECTION('',(1.,0.,0.));
#931 = ORIENTED_EDGE('',*,*,#513,.T.);
#932 = ORIENTED_EDGE('',*,*,#933,.T.);
#933 = EDGE_CURVE('',#506,#934,#936,.T.);
#934 = VERTEX_POINT('',#935);
#935 = CARTESIAN_POINT('',(-13.4125,-17.9,0.));
#936 = CIRCLE('',#937,1.6875);
#937 = AXIS2_PLACEMENT_3D('',#938,#939,#940);
#938 = CARTESIAN_POINT('',(-13.4125,-16.2125,0.));
#939 = DIRECTION('',(0.,0.,1.));
#940 = DIRECTION('',(1.,0.,0.));
#941 = ORIENTED_EDGE('',*,*,#942,.F.);
#942 = EDGE_CURVE('',#943,#934,#945,.T.);
#943 = VERTEX_POINT('',#944);
#944 = CARTESIAN_POINT('',(13.4125,-17.9,0.));
#945 = LINE('',#946,#947);
#946 = CARTESIAN_POINT('',(13.4125,-17.9,0.));
#947 = VECTOR('',#948,1.);
#948 = DIRECTION('',(-1.,0.,0.));
#949 = ORIENTED_EDGE('',*,*,#950,.T.);
#950 = EDGE_CURVE('',#943,#193,#951,.T.);
#951 = CIRCLE('',#952,1.6875);
#952 = AXIS2_PLACEMENT_3D('',#953,#954,#955);
#953 = CARTESIAN_POINT('',(13.4125,-16.2125,0.));
#954 = DIRECTION('',(0.,0.,1.));
#955 = DIRECTION('',(1.,0.,0.));
#956 = ORIENTED_EDGE('',*,*,#192,.T.);
#957 = ORIENTED_EDGE('',*,*,#958,.F.);
#958 = EDGE_CURVE('',#959,#195,#961,.T.);
#959 = VERTEX_POINT('',#960);
#960 = CARTESIAN_POINT('',(14.1,-7.987288120375,0.));
#961 = CIRCLE('',#962,1.5875);
#962 = AXIS2_PLACEMENT_3D('',#963,#964,#965);
#963 = CARTESIAN_POINT('',(13.5125,-6.5125,0.));
#964 = DIRECTION('',(0.,0.,1.));
#965 = DIRECTION('',(1.,0.,0.));
#966 = ORIENTED_EDGE('',*,*,#967,.F.);
#967 = EDGE_CURVE('',#968,#959,#970,.T.);
#968 = VERTEX_POINT('',#969);
#969 = CARTESIAN_POINT('',(14.1,-16.2125,0.));
#970 = LINE('',#971,#972);
#971 = CARTESIAN_POINT('',(14.1,-16.2125,0.));
#972 = VECTOR('',#973,1.);
#973 = DIRECTION('',(0.,1.,0.));
#974 = ORIENTED_EDGE('',*,*,#975,.T.);
#975 = EDGE_CURVE('',#968,#976,#978,.T.);
#976 = VERTEX_POINT('',#977);
#977 = CARTESIAN_POINT('',(13.4125,-16.9,0.));
#978 = CIRCLE('',#979,0.6875);
#979 = AXIS2_PLACEMENT_3D('',#980,#981,#982);
#980 = CARTESIAN_POINT('',(13.4125,-16.2125,0.));
#981 = DIRECTION('',(0.,0.,-1.));
#982 = DIRECTION('',(1.,0.,0.));
#983 = ORIENTED_EDGE('',*,*,#984,.T.);
#984 = EDGE_CURVE('',#976,#985,#987,.T.);
#985 = VERTEX_POINT('',#986);
#986 = CARTESIAN_POINT('',(-13.4125,-16.9,0.));
#987 = LINE('',#988,#989);
#988 = CARTESIAN_POINT('',(13.4125,-16.9,0.));
#989 = VECTOR('',#990,1.);
#990 = DIRECTION('',(-1.,0.,0.));
#991 = ORIENTED_EDGE('',*,*,#992,.T.);
#992 = EDGE_CURVE('',#985,#993,#995,.T.);
#993 = VERTEX_POINT('',#994);
#994 = CARTESIAN_POINT('',(-14.1,-16.2125,0.));
#995 = CIRCLE('',#996,0.6875);
#996 = AXIS2_PLACEMENT_3D('',#997,#998,#999);
#997 = CARTESIAN_POINT('',(-13.4125,-16.2125,0.));
#998 = DIRECTION('',(0.,0.,-1.));
#999 = DIRECTION('',(1.,0.,0.));
#1000 = ORIENTED_EDGE('',*,*,#1001,.F.);
#1001 = EDGE_CURVE('',#924,#993,#1002,.T.);
#1002 = LINE('',#1003,#1004);
#1003 = CARTESIAN_POINT('',(-14.1,16.2125,0.));
#1004 = VECTOR('',#1005,1.);
#1005 = DIRECTION('',(0.,-1.,0.));
#1006 = PLANE('',#1007);
#1007 = AXIS2_PLACEMENT_3D('',#1008,#1009,#1010);
#1008 = CARTESIAN_POINT('',(4.167856560179E-16,-3.334285248144E-15,0.));
#1009 = DIRECTION('',(0.,0.,1.));
#1010 = DIRECTION('',(1.,0.,0.));
#1011 = ADVANCED_FACE('',(#1012),#1048,.F.);
#1012 = FACE_BOUND('',#1013,.F.);
#1013 = EDGE_LOOP('',(#1014,#1025,#1033,#1040,#1041,#1042));
#1014 = ORIENTED_EDGE('',*,*,#1015,.F.);
#1015 = EDGE_CURVE('',#1016,#1018,#1020,.T.);
#1016 = VERTEX_POINT('',#1017);
#1017 = CARTESIAN_POINT('',(13.5125,-8.1,-1.));
#1018 = VERTEX_POINT('',#1019);
#1019 = CARTESIAN_POINT('',(14.1,-7.987288120375,-1.));
#1020 = CIRCLE('',#1021,1.5875);
#1021 = AXIS2_PLACEMENT_3D('',#1022,#1023,#1024);
#1022 = CARTESIAN_POINT('',(13.5125,-6.5125,-1.));
#1023 = DIRECTION('',(0.,0.,1.));
#1024 = DIRECTION('',(1.,0.,0.));
#1025 = ORIENTED_EDGE('',*,*,#1026,.T.);
#1026 = EDGE_CURVE('',#1016,#1027,#1029,.T.);
#1027 = VERTEX_POINT('',#1028);
#1028 = CARTESIAN_POINT('',(13.5125,-8.1,-4.999999880791));
#1029 = LINE('',#1030,#1031);
#1030 = CARTESIAN_POINT('',(13.5125,-8.1,1.630000119209));
#1031 = VECTOR('',#1032,1.);
#1032 = DIRECTION('',(-0.,-0.,-1.));
#1033 = ORIENTED_EDGE('',*,*,#1034,.T.);
#1034 = EDGE_CURVE('',#1027,#250,#1035,.T.);
#1035 = CIRCLE('',#1036,1.5875);
#1036 = AXIS2_PLACEMENT_3D('',#1037,#1038,#1039);
#1037 = CARTESIAN_POINT('',(13.5125,-6.5125,-4.999999880791));
#1038 = DIRECTION('',(0.,0.,1.));
#1039 = DIRECTION('',(1.,0.,0.));
#1040 = ORIENTED_EDGE('',*,*,#257,.F.);
#1041 = ORIENTED_EDGE('',*,*,#958,.F.);
#1042 = ORIENTED_EDGE('',*,*,#1043,.F.);
#1043 = EDGE_CURVE('',#1018,#959,#1044,.T.);
#1044 = LINE('',#1045,#1046);
#1045 = CARTESIAN_POINT('',(14.1,-7.987288120375,1.630000119209));
#1046 = VECTOR('',#1047,1.);
#1047 = DIRECTION('',(0.,0.,1.));
#1048 = CYLINDRICAL_SURFACE('',#1049,1.5875);
#1049 = AXIS2_PLACEMENT_3D('',#1050,#1051,#1052);
#1050 = CARTESIAN_POINT('',(13.5125,-6.5125,1.630000119209));
#1051 = DIRECTION('',(0.,0.,1.));
#1052 = DIRECTION('',(1.,0.,0.));
#1053 = ADVANCED_FACE('',(#1054),#1107,.F.);
#1054 = FACE_BOUND('',#1055,.F.);
#1055 = EDGE_LOOP('',(#1056,#1065,#1066,#1067,#1075,#1084,#1092,#1101));
#1056 = ORIENTED_EDGE('',*,*,#1057,.F.);
#1057 = EDGE_CURVE('',#242,#1058,#1060,.T.);
#1058 = VERTEX_POINT('',#1059);
#1059 = CARTESIAN_POINT('',(13.5125,8.1,-4.999999880791));
#1060 = CIRCLE('',#1061,1.5875);
#1061 = AXIS2_PLACEMENT_3D('',#1062,#1063,#1064);
#1062 = CARTESIAN_POINT('',(13.5125,6.5125,-4.999999880791));
#1063 = DIRECTION('',(0.,0.,1.));
#1064 = DIRECTION('',(1.,0.,0.));
#1065 = ORIENTED_EDGE('',*,*,#249,.T.);
#1066 = ORIENTED_EDGE('',*,*,#1034,.F.);
#1067 = ORIENTED_EDGE('',*,*,#1068,.T.);
#1068 = EDGE_CURVE('',#1027,#1069,#1071,.T.);
#1069 = VERTEX_POINT('',#1070);
#1070 = CARTESIAN_POINT('',(10.8875,-8.1,-4.999999880791));
#1071 = LINE('',#1072,#1073);
#1072 = CARTESIAN_POINT('',(6.75625,-8.1,-4.999999880791));
#1073 = VECTOR('',#1074,1.);
#1074 = DIRECTION('',(-1.,0.,0.));
#1075 = ORIENTED_EDGE('',*,*,#1076,.F.);
#1076 = EDGE_CURVE('',#1077,#1069,#1079,.T.);
#1077 = VERTEX_POINT('',#1078);
#1078 = CARTESIAN_POINT('',(9.3,-6.5125,-4.999999880791));
#1079 = CIRCLE('',#1080,1.5875);
#1080 = AXIS2_PLACEMENT_3D('',#1081,#1082,#1083);
#1081 = CARTESIAN_POINT('',(10.8875,-6.5125,-4.999999880791));
#1082 = DIRECTION('',(0.,0.,1.));
#1083 = DIRECTION('',(1.,0.,0.));
#1084 = ORIENTED_EDGE('',*,*,#1085,.T.);
#1085 = EDGE_CURVE('',#1077,#1086,#1088,.T.);
#1086 = VERTEX_POINT('',#1087);
#1087 = CARTESIAN_POINT('',(9.3,6.5125,-4.999999880791));
#1088 = LINE('',#1089,#1090);
#1089 = CARTESIAN_POINT('',(9.3,-3.25625,-4.999999880791));
#1090 = VECTOR('',#1091,1.);
#1091 = DIRECTION('',(0.,1.,0.));
#1092 = ORIENTED_EDGE('',*,*,#1093,.F.);
#1093 = EDGE_CURVE('',#1094,#1086,#1096,.T.);
#1094 = VERTEX_POINT('',#1095);
#1095 = CARTESIAN_POINT('',(10.8875,8.1,-4.999999880791));
#1096 = CIRCLE('',#1097,1.5875);
#1097 = AXIS2_PLACEMENT_3D('',#1098,#1099,#1100);
#1098 = CARTESIAN_POINT('',(10.8875,6.5125,-4.999999880791));
#1099 = DIRECTION('',(0.,0.,1.));
#1100 = DIRECTION('',(1.,0.,0.));
#1101 = ORIENTED_EDGE('',*,*,#1102,.T.);
#1102 = EDGE_CURVE('',#1094,#1058,#1103,.T.);
#1103 = LINE('',#1104,#1105);
#1104 = CARTESIAN_POINT('',(5.44375,8.1,-4.999999880791));
#1105 = VECTOR('',#1106,1.);
#1106 = DIRECTION('',(1.,0.,0.));
#1107 = PLANE('',#1108);
#1108 = AXIS2_PLACEMENT_3D('',#1109,#1110,#1111);
#1109 = CARTESIAN_POINT('',(0.,0.,-4.999999880791));
#1110 = DIRECTION('',(0.,0.,-1.));
#1111 = DIRECTION('',(-1.,0.,0.));
#1112 = ADVANCED_FACE('',(#1113),#1149,.F.);
#1113 = FACE_BOUND('',#1114,.F.);
#1114 = EDGE_LOOP('',(#1115,#1124,#1125,#1126,#1134,#1143));
#1115 = ORIENTED_EDGE('',*,*,#1116,.F.);
#1116 = EDGE_CURVE('',#234,#1117,#1119,.T.);
#1117 = VERTEX_POINT('',#1118);
#1118 = CARTESIAN_POINT('',(14.1,7.987288120375,0.));
#1119 = CIRCLE('',#1120,1.5875);
#1120 = AXIS2_PLACEMENT_3D('',#1121,#1122,#1123);
#1121 = CARTESIAN_POINT('',(13.5125,6.5125,0.));
#1122 = DIRECTION('',(0.,0.,1.));
#1123 = DIRECTION('',(1.,0.,0.));
#1124 = ORIENTED_EDGE('',*,*,#241,.T.);
#1125 = ORIENTED_EDGE('',*,*,#1057,.T.);
#1126 = ORIENTED_EDGE('',*,*,#1127,.F.);
#1127 = EDGE_CURVE('',#1128,#1058,#1130,.T.);
#1128 = VERTEX_POINT('',#1129);
#1129 = CARTESIAN_POINT('',(13.5125,8.1,-1.));
#1130 = LINE('',#1131,#1132);
#1131 = CARTESIAN_POINT('',(13.5125,8.1,1.630000119209));
#1132 = VECTOR('',#1133,1.);
#1133 = DIRECTION('',(-0.,-0.,-1.));
#1134 = ORIENTED_EDGE('',*,*,#1135,.F.);
#1135 = EDGE_CURVE('',#1136,#1128,#1138,.T.);
#1136 = VERTEX_POINT('',#1137);
#1137 = CARTESIAN_POINT('',(14.1,7.987288120375,-1.));
#1138 = CIRCLE('',#1139,1.5875);
#1139 = AXIS2_PLACEMENT_3D('',#1140,#1141,#1142);
#1140 = CARTESIAN_POINT('',(13.5125,6.5125,-1.));
#1141 = DIRECTION('',(0.,0.,1.));
#1142 = DIRECTION('',(1.,0.,0.));
#1143 = ORIENTED_EDGE('',*,*,#1144,.T.);
#1144 = EDGE_CURVE('',#1136,#1117,#1145,.T.);
#1145 = LINE('',#1146,#1147);
#1146 = CARTESIAN_POINT('',(14.1,7.987288120375,1.630000119209));
#1147 = VECTOR('',#1148,1.);
#1148 = DIRECTION('',(0.,0.,1.));
#1149 = CYLINDRICAL_SURFACE('',#1150,1.5875);
#1150 = AXIS2_PLACEMENT_3D('',#1151,#1152,#1153);
#1151 = CARTESIAN_POINT('',(13.5125,6.5125,1.630000119209));
#1152 = DIRECTION('',(0.,0.,1.));
#1153 = DIRECTION('',(1.,0.,0.));
#1154 = ADVANCED_FACE('',(#1155),#1212,.T.);
#1155 = FACE_BOUND('',#1156,.T.);
#1156 = EDGE_LOOP('',(#1157,#1158,#1159,#1160,#1169,#1177,#1186,#1194,
    #1203,#1209,#1210,#1211));
#1157 = ORIENTED_EDGE('',*,*,#385,.F.);
#1158 = ORIENTED_EDGE('',*,*,#448,.T.);
#1159 = ORIENTED_EDGE('',*,*,#481,.T.);
#1160 = ORIENTED_EDGE('',*,*,#1161,.F.);
#1161 = EDGE_CURVE('',#1162,#482,#1164,.T.);
#1162 = VERTEX_POINT('',#1163);
#1163 = CARTESIAN_POINT('',(-14.1,7.987288120375,0.));
#1164 = CIRCLE('',#1165,1.5875);
#1165 = AXIS2_PLACEMENT_3D('',#1166,#1167,#1168);
#1166 = CARTESIAN_POINT('',(-13.5125,6.5125,0.));
#1167 = DIRECTION('',(0.,0.,1.));
#1168 = DIRECTION('',(1.,0.,0.));
#1169 = ORIENTED_EDGE('',*,*,#1170,.F.);
#1170 = EDGE_CURVE('',#1171,#1162,#1173,.T.);
#1171 = VERTEX_POINT('',#1172);
#1172 = CARTESIAN_POINT('',(-14.1,16.2125,0.));
#1173 = LINE('',#1174,#1175);
#1174 = CARTESIAN_POINT('',(-14.1,16.2125,0.));
#1175 = VECTOR('',#1176,1.);
#1176 = DIRECTION('',(0.,-1.,0.));
#1177 = ORIENTED_EDGE('',*,*,#1178,.T.);
#1178 = EDGE_CURVE('',#1171,#1179,#1181,.T.);
#1179 = VERTEX_POINT('',#1180);
#1180 = CARTESIAN_POINT('',(-13.4125,16.9,0.));
#1181 = CIRCLE('',#1182,0.6875);
#1182 = AXIS2_PLACEMENT_3D('',#1183,#1184,#1185);
#1183 = CARTESIAN_POINT('',(-13.4125,16.2125,0.));
#1184 = DIRECTION('',(0.,0.,-1.));
#1185 = DIRECTION('',(1.,0.,0.));
#1186 = ORIENTED_EDGE('',*,*,#1187,.T.);
#1187 = EDGE_CURVE('',#1179,#1188,#1190,.T.);
#1188 = VERTEX_POINT('',#1189);
#1189 = CARTESIAN_POINT('',(13.4125,16.9,0.));
#1190 = LINE('',#1191,#1192);
#1191 = CARTESIAN_POINT('',(-13.4125,16.9,0.));
#1192 = VECTOR('',#1193,1.);
#1193 = DIRECTION('',(1.,0.,0.));
#1194 = ORIENTED_EDGE('',*,*,#1195,.T.);
#1195 = EDGE_CURVE('',#1188,#1196,#1198,.T.);
#1196 = VERTEX_POINT('',#1197);
#1197 = CARTESIAN_POINT('',(14.1,16.2125,0.));
#1198 = CIRCLE('',#1199,0.6875);
#1199 = AXIS2_PLACEMENT_3D('',#1200,#1201,#1202);
#1200 = CARTESIAN_POINT('',(13.4125,16.2125,0.));
#1201 = DIRECTION('',(0.,0.,-1.));
#1202 = DIRECTION('',(1.,0.,0.));
#1203 = ORIENTED_EDGE('',*,*,#1204,.F.);
#1204 = EDGE_CURVE('',#1117,#1196,#1205,.T.);
#1205 = LINE('',#1206,#1207);
#1206 = CARTESIAN_POINT('',(14.1,-16.2125,0.));
#1207 = VECTOR('',#1208,1.);
#1208 = DIRECTION('',(0.,1.,0.));
#1209 = ORIENTED_EDGE('',*,*,#1116,.F.);
#1210 = ORIENTED_EDGE('',*,*,#233,.T.);
#1211 = ORIENTED_EDGE('',*,*,#304,.T.);
#1212 = PLANE('',#1213);
#1213 = AXIS2_PLACEMENT_3D('',#1214,#1215,#1216);
#1214 = CARTESIAN_POINT('',(4.167856560179E-16,-3.334285248144E-15,0.));
#1215 = DIRECTION('',(0.,0.,1.));
#1216 = DIRECTION('',(1.,0.,0.));
#1217 = ADVANCED_FACE('',(#1218),#1229,.F.);
#1218 = FACE_BOUND('',#1219,.T.);
#1219 = EDGE_LOOP('',(#1220,#1221,#1227,#1228));
#1220 = ORIENTED_EDGE('',*,*,#950,.F.);
#1221 = ORIENTED_EDGE('',*,*,#1222,.T.);
#1222 = EDGE_CURVE('',#943,#812,#1223,.T.);
#1223 = LINE('',#1224,#1225);
#1224 = CARTESIAN_POINT('',(13.4125,-17.9,0.));
#1225 = VECTOR('',#1226,1.);
#1226 = DIRECTION('',(0.,0.,1.));
#1227 = ORIENTED_EDGE('',*,*,#811,.F.);
#1228 = ORIENTED_EDGE('',*,*,#202,.F.);
#1229 = CYLINDRICAL_SURFACE('',#1230,1.6875);
#1230 = AXIS2_PLACEMENT_3D('',#1231,#1232,#1233);
#1231 = CARTESIAN_POINT('',(13.4125,-16.2125,0.));
#1232 = DIRECTION('',(-0.,-0.,-1.));
#1233 = DIRECTION('',(1.,0.,0.));
#1234 = ADVANCED_FACE('',(#1235),#1246,.T.);
#1235 = FACE_BOUND('',#1236,.F.);
#1236 = EDGE_LOOP('',(#1237,#1238,#1244,#1245));
#1237 = ORIENTED_EDGE('',*,*,#838,.T.);
#1238 = ORIENTED_EDGE('',*,*,#1239,.T.);
#1239 = EDGE_CURVE('',#839,#552,#1240,.T.);
#1240 = LINE('',#1241,#1242);
#1241 = CARTESIAN_POINT('',(-14.5,-20.,1.630000119209));
#1242 = VECTOR('',#1243,1.);
#1243 = DIRECTION('',(0.,0.,-1.));
#1244 = ORIENTED_EDGE('',*,*,#561,.F.);
#1245 = ORIENTED_EDGE('',*,*,#371,.F.);
#1246 = CYLINDRICAL_SURFACE('',#1247,3.);
#1247 = AXIS2_PLACEMENT_3D('',#1248,#1249,#1250);
#1248 = CARTESIAN_POINT('',(-14.5,-17.,1.630000119209));
#1249 = DIRECTION('',(0.,0.,-1.));
#1250 = DIRECTION('',(-1.,-0.,-0.));
#1251 = ADVANCED_FACE('',(#1252),#1288,.F.);
#1252 = FACE_BOUND('',#1253,.F.);
#1253 = EDGE_LOOP('',(#1254,#1265,#1273,#1280,#1281,#1282));
#1254 = ORIENTED_EDGE('',*,*,#1255,.F.);
#1255 = EDGE_CURVE('',#1256,#1258,#1260,.T.);
#1256 = VERTEX_POINT('',#1257);
#1257 = CARTESIAN_POINT('',(-13.5125,8.1,-1.));
#1258 = VERTEX_POINT('',#1259);
#1259 = CARTESIAN_POINT('',(-14.1,7.987288120375,-1.));
#1260 = CIRCLE('',#1261,1.5875);
#1261 = AXIS2_PLACEMENT_3D('',#1262,#1263,#1264);
#1262 = CARTESIAN_POINT('',(-13.5125,6.5125,-1.));
#1263 = DIRECTION('',(0.,0.,1.));
#1264 = DIRECTION('',(1.,0.,0.));
#1265 = ORIENTED_EDGE('',*,*,#1266,.T.);
#1266 = EDGE_CURVE('',#1256,#1267,#1269,.T.);
#1267 = VERTEX_POINT('',#1268);
#1268 = CARTESIAN_POINT('',(-13.5125,8.1,-4.999999880791));
#1269 = LINE('',#1270,#1271);
#1270 = CARTESIAN_POINT('',(-13.5125,8.1,1.630000119209));
#1271 = VECTOR('',#1272,1.);
#1272 = DIRECTION('',(-0.,-0.,-1.));
#1273 = ORIENTED_EDGE('',*,*,#1274,.T.);
#1274 = EDGE_CURVE('',#1267,#530,#1275,.T.);
#1275 = CIRCLE('',#1276,1.5875);
#1276 = AXIS2_PLACEMENT_3D('',#1277,#1278,#1279);
#1277 = CARTESIAN_POINT('',(-13.5125,6.5125,-4.999999880791));
#1278 = DIRECTION('',(0.,0.,1.));
#1279 = DIRECTION('',(1.,0.,0.));
#1280 = ORIENTED_EDGE('',*,*,#537,.F.);
#1281 = ORIENTED_EDGE('',*,*,#1161,.F.);
#1282 = ORIENTED_EDGE('',*,*,#1283,.F.);
#1283 = EDGE_CURVE('',#1258,#1162,#1284,.T.);
#1284 = LINE('',#1285,#1286);
#1285 = CARTESIAN_POINT('',(-14.1,7.987288120375,1.630000119209));
#1286 = VECTOR('',#1287,1.);
#1287 = DIRECTION('',(0.,0.,1.));
#1288 = CYLINDRICAL_SURFACE('',#1289,1.5875);
#1289 = AXIS2_PLACEMENT_3D('',#1290,#1291,#1292);
#1290 = CARTESIAN_POINT('',(-13.5125,6.5125,1.630000119209));
#1291 = DIRECTION('',(0.,0.,1.));
#1292 = DIRECTION('',(1.,0.,0.));
#1293 = ADVANCED_FACE('',(#1294),#1347,.F.);
#1294 = FACE_BOUND('',#1295,.F.);
#1295 = EDGE_LOOP('',(#1296,#1306,#1315,#1323,#1330,#1331,#1332,#1340));
#1296 = ORIENTED_EDGE('',*,*,#1297,.F.);
#1297 = EDGE_CURVE('',#1298,#1300,#1302,.T.);
#1298 = VERTEX_POINT('',#1299);
#1299 = CARTESIAN_POINT('',(-9.3,-6.5125,-4.999999880791));
#1300 = VERTEX_POINT('',#1301);
#1301 = CARTESIAN_POINT('',(-9.3,6.5125,-4.999999880791));
#1302 = LINE('',#1303,#1304);
#1303 = CARTESIAN_POINT('',(-9.3,-3.25625,-4.999999880791));
#1304 = VECTOR('',#1305,1.);
#1305 = DIRECTION('',(0.,1.,0.));
#1306 = ORIENTED_EDGE('',*,*,#1307,.F.);
#1307 = EDGE_CURVE('',#1308,#1298,#1310,.T.);
#1308 = VERTEX_POINT('',#1309);
#1309 = CARTESIAN_POINT('',(-10.8875,-8.1,-4.999999880791));
#1310 = CIRCLE('',#1311,1.5875);
#1311 = AXIS2_PLACEMENT_3D('',#1312,#1313,#1314);
#1312 = CARTESIAN_POINT('',(-10.8875,-6.5125,-4.999999880791));
#1313 = DIRECTION('',(0.,0.,1.));
#1314 = DIRECTION('',(1.,0.,0.));
#1315 = ORIENTED_EDGE('',*,*,#1316,.F.);
#1316 = EDGE_CURVE('',#1317,#1308,#1319,.T.);
#1317 = VERTEX_POINT('',#1318);
#1318 = CARTESIAN_POINT('',(-13.5125,-8.1,-4.999999880791));
#1319 = LINE('',#1320,#1321);
#1320 = CARTESIAN_POINT('',(-6.75625,-8.1,-4.999999880791));
#1321 = VECTOR('',#1322,1.);
#1322 = DIRECTION('',(1.,0.,0.));
#1323 = ORIENTED_EDGE('',*,*,#1324,.F.);
#1324 = EDGE_CURVE('',#522,#1317,#1325,.T.);
#1325 = CIRCLE('',#1326,1.5875);
#1326 = AXIS2_PLACEMENT_3D('',#1327,#1328,#1329);
#1327 = CARTESIAN_POINT('',(-13.5125,-6.5125,-4.999999880791));
#1328 = DIRECTION('',(0.,0.,1.));
#1329 = DIRECTION('',(1.,0.,0.));
#1330 = ORIENTED_EDGE('',*,*,#529,.F.);
#1331 = ORIENTED_EDGE('',*,*,#1274,.F.);
#1332 = ORIENTED_EDGE('',*,*,#1333,.F.);
#1333 = EDGE_CURVE('',#1334,#1267,#1336,.T.);
#1334 = VERTEX_POINT('',#1335);
#1335 = CARTESIAN_POINT('',(-10.8875,8.1,-4.999999880791));
#1336 = LINE('',#1337,#1338);
#1337 = CARTESIAN_POINT('',(-5.44375,8.1,-4.999999880791));
#1338 = VECTOR('',#1339,1.);
#1339 = DIRECTION('',(-1.,0.,0.));
#1340 = ORIENTED_EDGE('',*,*,#1341,.F.);
#1341 = EDGE_CURVE('',#1300,#1334,#1342,.T.);
#1342 = CIRCLE('',#1343,1.5875);
#1343 = AXIS2_PLACEMENT_3D('',#1344,#1345,#1346);
#1344 = CARTESIAN_POINT('',(-10.8875,6.5125,-4.999999880791));
#1345 = DIRECTION('',(0.,0.,1.));
#1346 = DIRECTION('',(1.,0.,0.));
#1347 = PLANE('',#1348);
#1348 = AXIS2_PLACEMENT_3D('',#1349,#1350,#1351);
#1349 = CARTESIAN_POINT('',(0.,0.,-4.999999880791));
#1350 = DIRECTION('',(0.,0.,-1.));
#1351 = DIRECTION('',(-1.,0.,0.));
#1352 = ADVANCED_FACE('',(#1353),#1381,.F.);
#1353 = FACE_BOUND('',#1354,.F.);
#1354 = EDGE_LOOP('',(#1355,#1356,#1357,#1358,#1366,#1375));
#1355 = ORIENTED_EDGE('',*,*,#923,.F.);
#1356 = ORIENTED_EDGE('',*,*,#521,.T.);
#1357 = ORIENTED_EDGE('',*,*,#1324,.T.);
#1358 = ORIENTED_EDGE('',*,*,#1359,.F.);
#1359 = EDGE_CURVE('',#1360,#1317,#1362,.T.);
#1360 = VERTEX_POINT('',#1361);
#1361 = CARTESIAN_POINT('',(-13.5125,-8.1,-1.));
#1362 = LINE('',#1363,#1364);
#1363 = CARTESIAN_POINT('',(-13.5125,-8.1,1.630000119209));
#1364 = VECTOR('',#1365,1.);
#1365 = DIRECTION('',(-0.,-0.,-1.));
#1366 = ORIENTED_EDGE('',*,*,#1367,.F.);
#1367 = EDGE_CURVE('',#1368,#1360,#1370,.T.);
#1368 = VERTEX_POINT('',#1369);
#1369 = CARTESIAN_POINT('',(-14.1,-7.987288120375,-1.));
#1370 = CIRCLE('',#1371,1.5875);
#1371 = AXIS2_PLACEMENT_3D('',#1372,#1373,#1374);
#1372 = CARTESIAN_POINT('',(-13.5125,-6.5125,-1.));
#1373 = DIRECTION('',(0.,0.,1.));
#1374 = DIRECTION('',(1.,0.,0.));
#1375 = ORIENTED_EDGE('',*,*,#1376,.T.);
#1376 = EDGE_CURVE('',#1368,#924,#1377,.T.);
#1377 = LINE('',#1378,#1379);
#1378 = CARTESIAN_POINT('',(-14.1,-7.987288120375,1.630000119209));
#1379 = VECTOR('',#1380,1.);
#1380 = DIRECTION('',(0.,0.,1.));
#1381 = CYLINDRICAL_SURFACE('',#1382,1.5875);
#1382 = AXIS2_PLACEMENT_3D('',#1383,#1384,#1385);
#1383 = CARTESIAN_POINT('',(-13.5125,-6.5125,1.630000119209));
#1384 = DIRECTION('',(0.,0.,1.));
#1385 = DIRECTION('',(1.,0.,0.));
#1386 = ADVANCED_FACE('',(#1387),#1398,.F.);
#1387 = FACE_BOUND('',#1388,.T.);
#1388 = EDGE_LOOP('',(#1389,#1390,#1391,#1392));
#1389 = ORIENTED_EDGE('',*,*,#933,.F.);
#1390 = ORIENTED_EDGE('',*,*,#505,.T.);
#1391 = ORIENTED_EDGE('',*,*,#828,.F.);
#1392 = ORIENTED_EDGE('',*,*,#1393,.F.);
#1393 = EDGE_CURVE('',#934,#821,#1394,.T.);
#1394 = LINE('',#1395,#1396);
#1395 = CARTESIAN_POINT('',(-13.4125,-17.9,0.));
#1396 = VECTOR('',#1397,1.);
#1397 = DIRECTION('',(0.,0.,1.));
#1398 = CYLINDRICAL_SURFACE('',#1399,1.6875);
#1399 = AXIS2_PLACEMENT_3D('',#1400,#1401,#1402);
#1400 = CARTESIAN_POINT('',(-13.4125,-16.2125,0.));
#1401 = DIRECTION('',(-0.,-0.,-1.));
#1402 = DIRECTION('',(1.,0.,0.));
#1403 = ADVANCED_FACE('',(#1404),#1410,.T.);
#1404 = FACE_BOUND('',#1405,.T.);
#1405 = EDGE_LOOP('',(#1406,#1407,#1408,#1409));
#1406 = ORIENTED_EDGE('',*,*,#847,.F.);
#1407 = ORIENTED_EDGE('',*,*,#1239,.T.);
#1408 = ORIENTED_EDGE('',*,*,#551,.T.);
#1409 = ORIENTED_EDGE('',*,*,#907,.F.);
#1410 = PLANE('',#1411);
#1411 = AXIS2_PLACEMENT_3D('',#1412,#1413,#1414);
#1412 = CARTESIAN_POINT('',(-3.047577678576E-16,-20.,-4.184999880791));
#1413 = DIRECTION('',(-0.,-1.,-0.));
#1414 = DIRECTION('',(0.,0.,-1.));
#1415 = ADVANCED_FACE('',(#1416),#1435,.F.);
#1416 = FACE_BOUND('',#1417,.F.);
#1417 = EDGE_LOOP('',(#1418,#1426,#1427,#1428));
#1418 = ORIENTED_EDGE('',*,*,#1419,.F.);
#1419 = EDGE_CURVE('',#583,#1420,#1422,.T.);
#1420 = VERTEX_POINT('',#1421);
#1421 = CARTESIAN_POINT('',(12.6,-13.8,-1.));
#1422 = LINE('',#1423,#1424);
#1423 = CARTESIAN_POINT('',(12.6,-13.8,-9.999999880791));
#1424 = VECTOR('',#1425,1.);
#1425 = DIRECTION('',(0.,0.,1.));
#1426 = ORIENTED_EDGE('',*,*,#582,.F.);
#1427 = ORIENTED_EDGE('',*,*,#1419,.T.);
#1428 = ORIENTED_EDGE('',*,*,#1429,.T.);
#1429 = EDGE_CURVE('',#1420,#1420,#1430,.T.);
#1430 = CIRCLE('',#1431,1.6);
#1431 = AXIS2_PLACEMENT_3D('',#1432,#1433,#1434);
#1432 = CARTESIAN_POINT('',(11.,-13.8,-1.));
#1433 = DIRECTION('',(0.,0.,-1.));
#1434 = DIRECTION('',(1.,0.,0.));
#1435 = CYLINDRICAL_SURFACE('',#1436,1.6);
#1436 = AXIS2_PLACEMENT_3D('',#1437,#1438,#1439);
#1437 = CARTESIAN_POINT('',(11.,-13.8,-9.999999880791));
#1438 = DIRECTION('',(0.,0.,-1.));
#1439 = DIRECTION('',(1.,0.,0.));
#1440 = ADVANCED_FACE('',(#1441),#1460,.F.);
#1441 = FACE_BOUND('',#1442,.F.);
#1442 = EDGE_LOOP('',(#1443,#1451,#1452,#1453));
#1443 = ORIENTED_EDGE('',*,*,#1444,.F.);
#1444 = EDGE_CURVE('',#594,#1445,#1447,.T.);
#1445 = VERTEX_POINT('',#1446);
#1446 = CARTESIAN_POINT('',(8.499999999997,-9.5,-1.));
#1447 = LINE('',#1448,#1449);
#1448 = CARTESIAN_POINT('',(8.499999999997,-9.5,-9.999999880791));
#1449 = VECTOR('',#1450,1.);
#1450 = DIRECTION('',(0.,0.,1.));
#1451 = ORIENTED_EDGE('',*,*,#593,.F.);
#1452 = ORIENTED_EDGE('',*,*,#1444,.T.);
#1453 = ORIENTED_EDGE('',*,*,#1454,.T.);
#1454 = EDGE_CURVE('',#1445,#1445,#1455,.T.);
#1455 = CIRCLE('',#1456,1.);
#1456 = AXIS2_PLACEMENT_3D('',#1457,#1458,#1459);
#1457 = CARTESIAN_POINT('',(7.499999999997,-9.5,-1.));
#1458 = DIRECTION('',(0.,0.,-1.));
#1459 = DIRECTION('',(1.,0.,0.));
#1460 = CYLINDRICAL_SURFACE('',#1461,1.);
#1461 = AXIS2_PLACEMENT_3D('',#1462,#1463,#1464);
#1462 = CARTESIAN_POINT('',(7.499999999997,-9.5,-9.999999880791));
#1463 = DIRECTION('',(0.,0.,-1.));
#1464 = DIRECTION('',(1.,0.,0.));
#1465 = ADVANCED_FACE('',(#1466),#1485,.F.);
#1466 = FACE_BOUND('',#1467,.F.);
#1467 = EDGE_LOOP('',(#1468,#1476,#1477,#1478));
#1468 = ORIENTED_EDGE('',*,*,#1469,.F.);
#1469 = EDGE_CURVE('',#605,#1470,#1472,.T.);
#1470 = VERTEX_POINT('',#1471);
#1471 = CARTESIAN_POINT('',(5.999999999999,-9.5,-1.));
#1472 = LINE('',#1473,#1474);
#1473 = CARTESIAN_POINT('',(5.999999999999,-9.5,-9.999999880791));
#1474 = VECTOR('',#1475,1.);
#1475 = DIRECTION('',(0.,0.,1.));
#1476 = ORIENTED_EDGE('',*,*,#604,.F.);
#1477 = ORIENTED_EDGE('',*,*,#1469,.T.);
#1478 = ORIENTED_EDGE('',*,*,#1479,.T.);
#1479 = EDGE_CURVE('',#1470,#1470,#1480,.T.);
#1480 = CIRCLE('',#1481,1.);
#1481 = AXIS2_PLACEMENT_3D('',#1482,#1483,#1484);
#1482 = CARTESIAN_POINT('',(4.999999999999,-9.5,-1.));
#1483 = DIRECTION('',(0.,0.,-1.));
#1484 = DIRECTION('',(1.,0.,0.));
#1485 = CYLINDRICAL_SURFACE('',#1486,1.);
#1486 = AXIS2_PLACEMENT_3D('',#1487,#1488,#1489);
#1487 = CARTESIAN_POINT('',(4.999999999999,-9.5,-9.999999880791));
#1488 = DIRECTION('',(0.,0.,-1.));
#1489 = DIRECTION('',(1.,0.,0.));
#1490 = ADVANCED_FACE('',(#1491),#1510,.F.);
#1491 = FACE_BOUND('',#1492,.F.);
#1492 = EDGE_LOOP('',(#1493,#1501,#1502,#1503));
#1493 = ORIENTED_EDGE('',*,*,#1494,.F.);
#1494 = EDGE_CURVE('',#616,#1495,#1497,.T.);
#1495 = VERTEX_POINT('',#1496);
#1496 = CARTESIAN_POINT('',(3.5,-9.5,-1.));
#1497 = LINE('',#1498,#1499);
#1498 = CARTESIAN_POINT('',(3.5,-9.5,-9.999999880791));
#1499 = VECTOR('',#1500,1.);
#1500 = DIRECTION('',(0.,0.,1.));
#1501 = ORIENTED_EDGE('',*,*,#615,.F.);
#1502 = ORIENTED_EDGE('',*,*,#1494,.T.);
#1503 = ORIENTED_EDGE('',*,*,#1504,.T.);
#1504 = EDGE_CURVE('',#1495,#1495,#1505,.T.);
#1505 = CIRCLE('',#1506,1.);
#1506 = AXIS2_PLACEMENT_3D('',#1507,#1508,#1509);
#1507 = CARTESIAN_POINT('',(2.5,-9.5,-1.));
#1508 = DIRECTION('',(0.,0.,-1.));
#1509 = DIRECTION('',(1.,0.,0.));
#1510 = CYLINDRICAL_SURFACE('',#1511,1.);
#1511 = AXIS2_PLACEMENT_3D('',#1512,#1513,#1514);
#1512 = CARTESIAN_POINT('',(2.5,-9.5,-9.999999880791));
#1513 = DIRECTION('',(0.,0.,-1.));
#1514 = DIRECTION('',(1.,0.,0.));
#1515 = ADVANCED_FACE('',(#1516),#1535,.F.);
#1516 = FACE_BOUND('',#1517,.F.);
#1517 = EDGE_LOOP('',(#1518,#1526,#1527,#1528));
#1518 = ORIENTED_EDGE('',*,*,#1519,.F.);
#1519 = EDGE_CURVE('',#627,#1520,#1522,.T.);
#1520 = VERTEX_POINT('',#1521);
#1521 = CARTESIAN_POINT('',(1.,-9.5,-1.));
#1522 = LINE('',#1523,#1524);
#1523 = CARTESIAN_POINT('',(1.,-9.5,-9.999999880791));
#1524 = VECTOR('',#1525,1.);
#1525 = DIRECTION('',(0.,0.,1.));
#1526 = ORIENTED_EDGE('',*,*,#626,.F.);
#1527 = ORIENTED_EDGE('',*,*,#1519,.T.);
#1528 = ORIENTED_EDGE('',*,*,#1529,.T.);
#1529 = EDGE_CURVE('',#1520,#1520,#1530,.T.);
#1530 = CIRCLE('',#1531,1.);
#1531 = AXIS2_PLACEMENT_3D('',#1532,#1533,#1534);
#1532 = CARTESIAN_POINT('',(0.,-9.5,-1.));
#1533 = DIRECTION('',(0.,0.,-1.));
#1534 = DIRECTION('',(1.,0.,0.));
#1535 = CYLINDRICAL_SURFACE('',#1536,1.);
#1536 = AXIS2_PLACEMENT_3D('',#1537,#1538,#1539);
#1537 = CARTESIAN_POINT('',(0.,-9.5,-9.999999880791));
#1538 = DIRECTION('',(0.,0.,-1.));
#1539 = DIRECTION('',(1.,0.,0.));
#1540 = ADVANCED_FACE('',(#1541),#1560,.F.);
#1541 = FACE_BOUND('',#1542,.F.);
#1542 = EDGE_LOOP('',(#1543,#1551,#1552,#1553));
#1543 = ORIENTED_EDGE('',*,*,#1544,.F.);
#1544 = EDGE_CURVE('',#638,#1545,#1547,.T.);
#1545 = VERTEX_POINT('',#1546);
#1546 = CARTESIAN_POINT('',(-1.500000000001,-9.5,-1.));
#1547 = LINE('',#1548,#1549);
#1548 = CARTESIAN_POINT('',(-1.500000000001,-9.5,-9.999999880791));
#1549 = VECTOR('',#1550,1.);
#1550 = DIRECTION('',(0.,0.,1.));
#1551 = ORIENTED_EDGE('',*,*,#637,.F.);
#1552 = ORIENTED_EDGE('',*,*,#1544,.T.);
#1553 = ORIENTED_EDGE('',*,*,#1554,.T.);
#1554 = EDGE_CURVE('',#1545,#1545,#1555,.T.);
#1555 = CIRCLE('',#1556,1.);
#1556 = AXIS2_PLACEMENT_3D('',#1557,#1558,#1559);
#1557 = CARTESIAN_POINT('',(-2.500000000001,-9.5,-1.));
#1558 = DIRECTION('',(0.,0.,-1.));
#1559 = DIRECTION('',(1.,0.,0.));
#1560 = CYLINDRICAL_SURFACE('',#1561,1.);
#1561 = AXIS2_PLACEMENT_3D('',#1562,#1563,#1564);
#1562 = CARTESIAN_POINT('',(-2.500000000001,-9.5,-9.999999880791));
#1563 = DIRECTION('',(0.,0.,-1.));
#1564 = DIRECTION('',(1.,0.,0.));
#1565 = ADVANCED_FACE('',(#1566),#1585,.F.);
#1566 = FACE_BOUND('',#1567,.F.);
#1567 = EDGE_LOOP('',(#1568,#1576,#1577,#1578));
#1568 = ORIENTED_EDGE('',*,*,#1569,.F.);
#1569 = EDGE_CURVE('',#649,#1570,#1572,.T.);
#1570 = VERTEX_POINT('',#1571);
#1571 = CARTESIAN_POINT('',(-4.000000000003,-9.5,-1.));
#1572 = LINE('',#1573,#1574);
#1573 = CARTESIAN_POINT('',(-4.000000000003,-9.5,-9.999999880791));
#1574 = VECTOR('',#1575,1.);
#1575 = DIRECTION('',(0.,0.,1.));
#1576 = ORIENTED_EDGE('',*,*,#648,.F.);
#1577 = ORIENTED_EDGE('',*,*,#1569,.T.);
#1578 = ORIENTED_EDGE('',*,*,#1579,.T.);
#1579 = EDGE_CURVE('',#1570,#1570,#1580,.T.);
#1580 = CIRCLE('',#1581,1.);
#1581 = AXIS2_PLACEMENT_3D('',#1582,#1583,#1584);
#1582 = CARTESIAN_POINT('',(-5.000000000003,-9.5,-1.));
#1583 = DIRECTION('',(0.,0.,-1.));
#1584 = DIRECTION('',(1.,0.,0.));
#1585 = CYLINDRICAL_SURFACE('',#1586,1.);
#1586 = AXIS2_PLACEMENT_3D('',#1587,#1588,#1589);
#1587 = CARTESIAN_POINT('',(-5.000000000003,-9.5,-9.999999880791));
#1588 = DIRECTION('',(0.,0.,-1.));
#1589 = DIRECTION('',(1.,0.,0.));
#1590 = ADVANCED_FACE('',(#1591),#1610,.F.);
#1591 = FACE_BOUND('',#1592,.F.);
#1592 = EDGE_LOOP('',(#1593,#1601,#1602,#1603));
#1593 = ORIENTED_EDGE('',*,*,#1594,.F.);
#1594 = EDGE_CURVE('',#660,#1595,#1597,.T.);
#1595 = VERTEX_POINT('',#1596);
#1596 = CARTESIAN_POINT('',(-9.4,-13.8,-1.));
#1597 = LINE('',#1598,#1599);
#1598 = CARTESIAN_POINT('',(-9.4,-13.8,-9.999999880791));
#1599 = VECTOR('',#1600,1.);
#1600 = DIRECTION('',(0.,0.,1.));
#1601 = ORIENTED_EDGE('',*,*,#659,.F.);
#1602 = ORIENTED_EDGE('',*,*,#1594,.T.);
#1603 = ORIENTED_EDGE('',*,*,#1604,.T.);
#1604 = EDGE_CURVE('',#1595,#1595,#1605,.T.);
#1605 = CIRCLE('',#1606,1.6);
#1606 = AXIS2_PLACEMENT_3D('',#1607,#1608,#1609);
#1607 = CARTESIAN_POINT('',(-11.,-13.8,-1.));
#1608 = DIRECTION('',(0.,0.,-1.));
#1609 = DIRECTION('',(1.,0.,0.));
#1610 = CYLINDRICAL_SURFACE('',#1611,1.6);
#1611 = AXIS2_PLACEMENT_3D('',#1612,#1613,#1614);
#1612 = CARTESIAN_POINT('',(-11.,-13.8,-9.999999880791));
#1613 = DIRECTION('',(0.,0.,-1.));
#1614 = DIRECTION('',(1.,0.,0.));
#1615 = ADVANCED_FACE('',(#1616),#1635,.F.);
#1616 = FACE_BOUND('',#1617,.F.);
#1617 = EDGE_LOOP('',(#1618,#1626,#1627,#1628));
#1618 = ORIENTED_EDGE('',*,*,#1619,.F.);
#1619 = EDGE_CURVE('',#671,#1620,#1622,.T.);
#1620 = VERTEX_POINT('',#1621);
#1621 = CARTESIAN_POINT('',(-6.500000000007,-9.5,-1.));
#1622 = LINE('',#1623,#1624);
#1623 = CARTESIAN_POINT('',(-6.500000000007,-9.5,-9.999999880791));
#1624 = VECTOR('',#1625,1.);
#1625 = DIRECTION('',(0.,0.,1.));
#1626 = ORIENTED_EDGE('',*,*,#670,.F.);
#1627 = ORIENTED_EDGE('',*,*,#1619,.T.);
#1628 = ORIENTED_EDGE('',*,*,#1629,.T.);
#1629 = EDGE_CURVE('',#1620,#1620,#1630,.T.);
#1630 = CIRCLE('',#1631,1.);
#1631 = AXIS2_PLACEMENT_3D('',#1632,#1633,#1634);
#1632 = CARTESIAN_POINT('',(-7.500000000007,-9.5,-1.));
#1633 = DIRECTION('',(0.,0.,-1.));
#1634 = DIRECTION('',(1.,0.,0.));
#1635 = CYLINDRICAL_SURFACE('',#1636,1.);
#1636 = AXIS2_PLACEMENT_3D('',#1637,#1638,#1639);
#1637 = CARTESIAN_POINT('',(-7.500000000007,-9.5,-9.999999880791));
#1638 = DIRECTION('',(0.,0.,-1.));
#1639 = DIRECTION('',(1.,0.,0.));
#1640 = ADVANCED_FACE('',(#1641),#1660,.F.);
#1641 = FACE_BOUND('',#1642,.F.);
#1642 = EDGE_LOOP('',(#1643,#1651,#1652,#1653));
#1643 = ORIENTED_EDGE('',*,*,#1644,.F.);
#1644 = EDGE_CURVE('',#682,#1645,#1647,.T.);
#1645 = VERTEX_POINT('',#1646);
#1646 = CARTESIAN_POINT('',(8.499999999965,9.5,-1.));
#1647 = LINE('',#1648,#1649);
#1648 = CARTESIAN_POINT('',(8.499999999965,9.5,-9.999999880791));
#1649 = VECTOR('',#1650,1.);
#1650 = DIRECTION('',(0.,0.,1.));
#1651 = ORIENTED_EDGE('',*,*,#681,.F.);
#1652 = ORIENTED_EDGE('',*,*,#1644,.T.);
#1653 = ORIENTED_EDGE('',*,*,#1654,.T.);
#1654 = EDGE_CURVE('',#1645,#1645,#1655,.T.);
#1655 = CIRCLE('',#1656,1.);
#1656 = AXIS2_PLACEMENT_3D('',#1657,#1658,#1659);
#1657 = CARTESIAN_POINT('',(7.499999999965,9.5,-1.));
#1658 = DIRECTION('',(0.,0.,-1.));
#1659 = DIRECTION('',(1.,0.,0.));
#1660 = CYLINDRICAL_SURFACE('',#1661,1.);
#1661 = AXIS2_PLACEMENT_3D('',#1662,#1663,#1664);
#1662 = CARTESIAN_POINT('',(7.499999999965,9.5,-9.999999880791));
#1663 = DIRECTION('',(0.,0.,-1.));
#1664 = DIRECTION('',(1.,0.,0.));
#1665 = ADVANCED_FACE('',(#1666),#1685,.F.);
#1666 = FACE_BOUND('',#1667,.F.);
#1667 = EDGE_LOOP('',(#1668,#1676,#1677,#1678));
#1668 = ORIENTED_EDGE('',*,*,#1669,.F.);
#1669 = EDGE_CURVE('',#693,#1670,#1672,.T.);
#1670 = VERTEX_POINT('',#1671);
#1671 = CARTESIAN_POINT('',(12.6,13.8,-1.));
#1672 = LINE('',#1673,#1674);
#1673 = CARTESIAN_POINT('',(12.6,13.8,-9.999999880791));
#1674 = VECTOR('',#1675,1.);
#1675 = DIRECTION('',(0.,0.,1.));
#1676 = ORIENTED_EDGE('',*,*,#692,.F.);
#1677 = ORIENTED_EDGE('',*,*,#1669,.T.);
#1678 = ORIENTED_EDGE('',*,*,#1679,.T.);
#1679 = EDGE_CURVE('',#1670,#1670,#1680,.T.);
#1680 = CIRCLE('',#1681,1.6);
#1681 = AXIS2_PLACEMENT_3D('',#1682,#1683,#1684);
#1682 = CARTESIAN_POINT('',(11.,13.8,-1.));
#1683 = DIRECTION('',(0.,0.,-1.));
#1684 = DIRECTION('',(1.,0.,0.));
#1685 = CYLINDRICAL_SURFACE('',#1686,1.6);
#1686 = AXIS2_PLACEMENT_3D('',#1687,#1688,#1689);
#1687 = CARTESIAN_POINT('',(11.,13.8,-9.999999880791));
#1688 = DIRECTION('',(0.,0.,-1.));
#1689 = DIRECTION('',(1.,0.,0.));
#1690 = ADVANCED_FACE('',(#1691),#1710,.F.);
#1691 = FACE_BOUND('',#1692,.F.);
#1692 = EDGE_LOOP('',(#1693,#1701,#1702,#1703));
#1693 = ORIENTED_EDGE('',*,*,#1694,.F.);
#1694 = EDGE_CURVE('',#704,#1695,#1697,.T.);
#1695 = VERTEX_POINT('',#1696);
#1696 = CARTESIAN_POINT('',(5.99999999997,9.5,-1.));
#1697 = LINE('',#1698,#1699);
#1698 = CARTESIAN_POINT('',(5.99999999997,9.5,-9.999999880791));
#1699 = VECTOR('',#1700,1.);
#1700 = DIRECTION('',(0.,0.,1.));
#1701 = ORIENTED_EDGE('',*,*,#703,.F.);
#1702 = ORIENTED_EDGE('',*,*,#1694,.T.);
#1703 = ORIENTED_EDGE('',*,*,#1704,.T.);
#1704 = EDGE_CURVE('',#1695,#1695,#1705,.T.);
#1705 = CIRCLE('',#1706,1.);
#1706 = AXIS2_PLACEMENT_3D('',#1707,#1708,#1709);
#1707 = CARTESIAN_POINT('',(4.99999999997,9.5,-1.));
#1708 = DIRECTION('',(0.,0.,-1.));
#1709 = DIRECTION('',(1.,0.,0.));
#1710 = CYLINDRICAL_SURFACE('',#1711,1.);
#1711 = AXIS2_PLACEMENT_3D('',#1712,#1713,#1714);
#1712 = CARTESIAN_POINT('',(4.99999999997,9.5,-9.999999880791));
#1713 = DIRECTION('',(0.,0.,-1.));
#1714 = DIRECTION('',(1.,0.,0.));
#1715 = ADVANCED_FACE('',(#1716),#1735,.F.);
#1716 = FACE_BOUND('',#1717,.F.);
#1717 = EDGE_LOOP('',(#1718,#1726,#1727,#1728));
#1718 = ORIENTED_EDGE('',*,*,#1719,.F.);
#1719 = EDGE_CURVE('',#715,#1720,#1722,.T.);
#1720 = VERTEX_POINT('',#1721);
#1721 = CARTESIAN_POINT('',(3.499999999982,9.5,-1.));
#1722 = LINE('',#1723,#1724);
#1723 = CARTESIAN_POINT('',(3.499999999982,9.5,-9.999999880791));
#1724 = VECTOR('',#1725,1.);
#1725 = DIRECTION('',(0.,0.,1.));
#1726 = ORIENTED_EDGE('',*,*,#714,.F.);
#1727 = ORIENTED_EDGE('',*,*,#1719,.T.);
#1728 = ORIENTED_EDGE('',*,*,#1729,.T.);
#1729 = EDGE_CURVE('',#1720,#1720,#1730,.T.);
#1730 = CIRCLE('',#1731,1.);
#1731 = AXIS2_PLACEMENT_3D('',#1732,#1733,#1734);
#1732 = CARTESIAN_POINT('',(2.499999999982,9.5,-1.));
#1733 = DIRECTION('',(0.,0.,-1.));
#1734 = DIRECTION('',(1.,0.,0.));
#1735 = CYLINDRICAL_SURFACE('',#1736,1.);
#1736 = AXIS2_PLACEMENT_3D('',#1737,#1738,#1739);
#1737 = CARTESIAN_POINT('',(2.499999999982,9.5,-9.999999880791));
#1738 = DIRECTION('',(0.,0.,-1.));
#1739 = DIRECTION('',(1.,0.,0.));
#1740 = ADVANCED_FACE('',(#1741),#1760,.F.);
#1741 = FACE_BOUND('',#1742,.F.);
#1742 = EDGE_LOOP('',(#1743,#1751,#1752,#1753));
#1743 = ORIENTED_EDGE('',*,*,#1744,.F.);
#1744 = EDGE_CURVE('',#726,#1745,#1747,.T.);
#1745 = VERTEX_POINT('',#1746);
#1746 = CARTESIAN_POINT('',(3.499999999982,12.5,-1.));
#1747 = LINE('',#1748,#1749);
#1748 = CARTESIAN_POINT('',(3.499999999982,12.5,-9.999999880791));
#1749 = VECTOR('',#1750,1.);
#1750 = DIRECTION('',(0.,0.,1.));
#1751 = ORIENTED_EDGE('',*,*,#725,.F.);
#1752 = ORIENTED_EDGE('',*,*,#1744,.T.);
#1753 = ORIENTED_EDGE('',*,*,#1754,.T.);
#1754 = EDGE_CURVE('',#1745,#1745,#1755,.T.);
#1755 = CIRCLE('',#1756,1.);
#1756 = AXIS2_PLACEMENT_3D('',#1757,#1758,#1759);
#1757 = CARTESIAN_POINT('',(2.499999999982,12.5,-1.));
#1758 = DIRECTION('',(0.,0.,-1.));
#1759 = DIRECTION('',(1.,0.,0.));
#1760 = CYLINDRICAL_SURFACE('',#1761,1.);
#1761 = AXIS2_PLACEMENT_3D('',#1762,#1763,#1764);
#1762 = CARTESIAN_POINT('',(2.499999999982,12.5,-9.999999880791));
#1763 = DIRECTION('',(0.,0.,-1.));
#1764 = DIRECTION('',(1.,0.,0.));
#1765 = ADVANCED_FACE('',(#1766),#1785,.F.);
#1766 = FACE_BOUND('',#1767,.F.);
#1767 = EDGE_LOOP('',(#1768,#1776,#1777,#1778));
#1768 = ORIENTED_EDGE('',*,*,#1769,.F.);
#1769 = EDGE_CURVE('',#737,#1770,#1772,.T.);
#1770 = VERTEX_POINT('',#1771);
#1771 = CARTESIAN_POINT('',(1.,9.5,-1.));
#1772 = LINE('',#1773,#1774);
#1773 = CARTESIAN_POINT('',(1.,9.5,-9.999999880791));
#1774 = VECTOR('',#1775,1.);
#1775 = DIRECTION('',(0.,0.,1.));
#1776 = ORIENTED_EDGE('',*,*,#736,.F.);
#1777 = ORIENTED_EDGE('',*,*,#1769,.T.);
#1778 = ORIENTED_EDGE('',*,*,#1779,.T.);
#1779 = EDGE_CURVE('',#1770,#1770,#1780,.T.);
#1780 = CIRCLE('',#1781,1.);
#1781 = AXIS2_PLACEMENT_3D('',#1782,#1783,#1784);
#1782 = CARTESIAN_POINT('',(0.,9.5,-1.));
#1783 = DIRECTION('',(0.,0.,-1.));
#1784 = DIRECTION('',(1.,0.,0.));
#1785 = CYLINDRICAL_SURFACE('',#1786,1.);
#1786 = AXIS2_PLACEMENT_3D('',#1787,#1788,#1789);
#1787 = CARTESIAN_POINT('',(0.,9.5,-9.999999880791));
#1788 = DIRECTION('',(0.,0.,-1.));
#1789 = DIRECTION('',(1.,0.,0.));
#1790 = ADVANCED_FACE('',(#1791),#1810,.F.);
#1791 = FACE_BOUND('',#1792,.F.);
#1792 = EDGE_LOOP('',(#1793,#1801,#1802,#1803));
#1793 = ORIENTED_EDGE('',*,*,#1794,.F.);
#1794 = EDGE_CURVE('',#748,#1795,#1797,.T.);
#1795 = VERTEX_POINT('',#1796);
#1796 = CARTESIAN_POINT('',(-1.499999999976,9.5,-1.));
#1797 = LINE('',#1798,#1799);
#1798 = CARTESIAN_POINT('',(-1.499999999976,9.5,-9.999999880791));
#1799 = VECTOR('',#1800,1.);
#1800 = DIRECTION('',(0.,0.,1.));
#1801 = ORIENTED_EDGE('',*,*,#747,.F.);
#1802 = ORIENTED_EDGE('',*,*,#1794,.T.);
#1803 = ORIENTED_EDGE('',*,*,#1804,.T.);
#1804 = EDGE_CURVE('',#1795,#1795,#1805,.T.);
#1805 = CIRCLE('',#1806,1.);
#1806 = AXIS2_PLACEMENT_3D('',#1807,#1808,#1809);
#1807 = CARTESIAN_POINT('',(-2.499999999976,9.5,-1.));
#1808 = DIRECTION('',(0.,0.,-1.));
#1809 = DIRECTION('',(1.,0.,0.));
#1810 = CYLINDRICAL_SURFACE('',#1811,1.);
#1811 = AXIS2_PLACEMENT_3D('',#1812,#1813,#1814);
#1812 = CARTESIAN_POINT('',(-2.499999999976,9.5,-9.999999880791));
#1813 = DIRECTION('',(0.,0.,-1.));
#1814 = DIRECTION('',(1.,0.,0.));
#1815 = ADVANCED_FACE('',(#1816),#1835,.F.);
#1816 = FACE_BOUND('',#1817,.F.);
#1817 = EDGE_LOOP('',(#1818,#1826,#1827,#1828));
#1818 = ORIENTED_EDGE('',*,*,#1819,.F.);
#1819 = EDGE_CURVE('',#759,#1820,#1822,.T.);
#1820 = VERTEX_POINT('',#1821);
#1821 = CARTESIAN_POINT('',(-3.999999999945,9.5,-1.));
#1822 = LINE('',#1823,#1824);
#1823 = CARTESIAN_POINT('',(-3.999999999945,9.5,-9.999999880791));
#1824 = VECTOR('',#1825,1.);
#1825 = DIRECTION('',(0.,0.,1.));
#1826 = ORIENTED_EDGE('',*,*,#758,.F.);
#1827 = ORIENTED_EDGE('',*,*,#1819,.T.);
#1828 = ORIENTED_EDGE('',*,*,#1829,.T.);
#1829 = EDGE_CURVE('',#1820,#1820,#1830,.T.);
#1830 = CIRCLE('',#1831,1.);
#1831 = AXIS2_PLACEMENT_3D('',#1832,#1833,#1834);
#1832 = CARTESIAN_POINT('',(-4.999999999945,9.5,-1.));
#1833 = DIRECTION('',(0.,0.,-1.));
#1834 = DIRECTION('',(1.,0.,0.));
#1835 = CYLINDRICAL_SURFACE('',#1836,1.);
#1836 = AXIS2_PLACEMENT_3D('',#1837,#1838,#1839);
#1837 = CARTESIAN_POINT('',(-4.999999999945,9.5,-9.999999880791));
#1838 = DIRECTION('',(0.,0.,-1.));
#1839 = DIRECTION('',(1.,0.,0.));
#1840 = ADVANCED_FACE('',(#1841),#1860,.F.);
#1841 = FACE_BOUND('',#1842,.F.);
#1842 = EDGE_LOOP('',(#1843,#1851,#1852,#1853));
#1843 = ORIENTED_EDGE('',*,*,#1844,.F.);
#1844 = EDGE_CURVE('',#770,#1845,#1847,.T.);
#1845 = VERTEX_POINT('',#1846);
#1846 = CARTESIAN_POINT('',(-1.499999999976,12.5,-1.));
#1847 = LINE('',#1848,#1849);
#1848 = CARTESIAN_POINT('',(-1.499999999976,12.5,-9.999999880791));
#1849 = VECTOR('',#1850,1.);
#1850 = DIRECTION('',(0.,0.,1.));
#1851 = ORIENTED_EDGE('',*,*,#769,.F.);
#1852 = ORIENTED_EDGE('',*,*,#1844,.T.);
#1853 = ORIENTED_EDGE('',*,*,#1854,.T.);
#1854 = EDGE_CURVE('',#1845,#1845,#1855,.T.);
#1855 = CIRCLE('',#1856,1.);
#1856 = AXIS2_PLACEMENT_3D('',#1857,#1858,#1859);
#1857 = CARTESIAN_POINT('',(-2.499999999976,12.5,-1.));
#1858 = DIRECTION('',(0.,0.,-1.));
#1859 = DIRECTION('',(1.,0.,0.));
#1860 = CYLINDRICAL_SURFACE('',#1861,1.);
#1861 = AXIS2_PLACEMENT_3D('',#1862,#1863,#1864);
#1862 = CARTESIAN_POINT('',(-2.499999999976,12.5,-9.999999880791));
#1863 = DIRECTION('',(0.,0.,-1.));
#1864 = DIRECTION('',(1.,0.,0.));
#1865 = ADVANCED_FACE('',(#1866),#1885,.F.);
#1866 = FACE_BOUND('',#1867,.F.);
#1867 = EDGE_LOOP('',(#1868,#1876,#1877,#1878));
#1868 = ORIENTED_EDGE('',*,*,#1869,.F.);
#1869 = EDGE_CURVE('',#781,#1870,#1872,.T.);
#1870 = VERTEX_POINT('',#1871);
#1871 = CARTESIAN_POINT('',(-6.499999999907,9.5,-1.));
#1872 = LINE('',#1873,#1874);
#1873 = CARTESIAN_POINT('',(-6.499999999907,9.5,-9.999999880791));
#1874 = VECTOR('',#1875,1.);
#1875 = DIRECTION('',(0.,0.,1.));
#1876 = ORIENTED_EDGE('',*,*,#780,.F.);
#1877 = ORIENTED_EDGE('',*,*,#1869,.T.);
#1878 = ORIENTED_EDGE('',*,*,#1879,.T.);
#1879 = EDGE_CURVE('',#1870,#1870,#1880,.T.);
#1880 = CIRCLE('',#1881,1.);
#1881 = AXIS2_PLACEMENT_3D('',#1882,#1883,#1884);
#1882 = CARTESIAN_POINT('',(-7.499999999907,9.5,-1.));
#1883 = DIRECTION('',(0.,0.,-1.));
#1884 = DIRECTION('',(1.,0.,0.));
#1885 = CYLINDRICAL_SURFACE('',#1886,1.);
#1886 = AXIS2_PLACEMENT_3D('',#1887,#1888,#1889);
#1887 = CARTESIAN_POINT('',(-7.499999999907,9.5,-9.999999880791));
#1888 = DIRECTION('',(0.,0.,-1.));
#1889 = DIRECTION('',(1.,0.,0.));
#1890 = ADVANCED_FACE('',(#1891),#1910,.F.);
#1891 = FACE_BOUND('',#1892,.F.);
#1892 = EDGE_LOOP('',(#1893,#1901,#1902,#1903));
#1893 = ORIENTED_EDGE('',*,*,#1894,.F.);
#1894 = EDGE_CURVE('',#792,#1895,#1897,.T.);
#1895 = VERTEX_POINT('',#1896);
#1896 = CARTESIAN_POINT('',(-9.4,13.8,-1.));
#1897 = LINE('',#1898,#1899);
#1898 = CARTESIAN_POINT('',(-9.4,13.8,-9.999999880791));
#1899 = VECTOR('',#1900,1.);
#1900 = DIRECTION('',(0.,0.,1.));
#1901 = ORIENTED_EDGE('',*,*,#791,.F.);
#1902 = ORIENTED_EDGE('',*,*,#1894,.T.);
#1903 = ORIENTED_EDGE('',*,*,#1904,.T.);
#1904 = EDGE_CURVE('',#1895,#1895,#1905,.T.);
#1905 = CIRCLE('',#1906,1.6);
#1906 = AXIS2_PLACEMENT_3D('',#1907,#1908,#1909);
#1907 = CARTESIAN_POINT('',(-11.,13.8,-1.));
#1908 = DIRECTION('',(0.,0.,-1.));
#1909 = DIRECTION('',(1.,0.,0.));
#1910 = CYLINDRICAL_SURFACE('',#1911,1.6);
#1911 = AXIS2_PLACEMENT_3D('',#1912,#1913,#1914);
#1912 = CARTESIAN_POINT('',(-11.,13.8,-9.999999880791));
#1913 = DIRECTION('',(0.,0.,-1.));
#1914 = DIRECTION('',(1.,0.,0.));
#1915 = ADVANCED_FACE('',(#1916),#1922,.F.);
#1916 = FACE_BOUND('',#1917,.F.);
#1917 = EDGE_LOOP('',(#1918,#1919,#1920,#1921));
#1918 = ORIENTED_EDGE('',*,*,#942,.F.);
#1919 = ORIENTED_EDGE('',*,*,#1222,.T.);
#1920 = ORIENTED_EDGE('',*,*,#820,.T.);
#1921 = ORIENTED_EDGE('',*,*,#1393,.F.);
#1922 = PLANE('',#1923);
#1923 = AXIS2_PLACEMENT_3D('',#1924,#1925,#1926);
#1924 = CARTESIAN_POINT('',(13.4125,-17.9,0.));
#1925 = DIRECTION('',(0.,-1.,0.));
#1926 = DIRECTION('',(-1.,0.,0.));
#1927 = ADVANCED_FACE('',(#1928),#1954,.F.);
#1928 = FACE_BOUND('',#1929,.F.);
#1929 = EDGE_LOOP('',(#1930,#1938,#1947,#1953));
#1930 = ORIENTED_EDGE('',*,*,#1931,.T.);
#1931 = EDGE_CURVE('',#865,#1932,#1934,.T.);
#1932 = VERTEX_POINT('',#1933);
#1933 = CARTESIAN_POINT('',(-5.,-18.45,1.130000119209));
#1934 = LINE('',#1935,#1936);
#1935 = CARTESIAN_POINT('',(-5.,-18.45,1.630000119209));
#1936 = VECTOR('',#1937,1.);
#1937 = DIRECTION('',(-0.,-0.,-1.));
#1938 = ORIENTED_EDGE('',*,*,#1939,.T.);
#1939 = EDGE_CURVE('',#1932,#1940,#1942,.T.);
#1940 = VERTEX_POINT('',#1941);
#1941 = CARTESIAN_POINT('',(-5.,-19.45,1.130000119209));
#1942 = CIRCLE('',#1943,0.5);
#1943 = AXIS2_PLACEMENT_3D('',#1944,#1945,#1946);
#1944 = CARTESIAN_POINT('',(-5.,-18.95,1.130000119209));
#1945 = DIRECTION('',(0.,0.,1.));
#1946 = DIRECTION('',(1.,0.,0.));
#1947 = ORIENTED_EDGE('',*,*,#1948,.F.);
#1948 = EDGE_CURVE('',#867,#1940,#1949,.T.);
#1949 = LINE('',#1950,#1951);
#1950 = CARTESIAN_POINT('',(-5.,-19.45,1.630000119209));
#1951 = VECTOR('',#1952,1.);
#1952 = DIRECTION('',(-0.,-0.,-1.));
#1953 = ORIENTED_EDGE('',*,*,#864,.F.);
#1954 = CYLINDRICAL_SURFACE('',#1955,0.5);
#1955 = AXIS2_PLACEMENT_3D('',#1956,#1957,#1958);
#1956 = CARTESIAN_POINT('',(-5.,-18.95,1.630000119209));
#1957 = DIRECTION('',(0.,0.,1.));
#1958 = DIRECTION('',(1.,0.,0.));
#1959 = ADVANCED_FACE('',(#1960),#1978,.F.);
#1960 = FACE_BOUND('',#1961,.F.);
#1961 = EDGE_LOOP('',(#1962,#1963,#1971,#1977));
#1962 = ORIENTED_EDGE('',*,*,#1948,.T.);
#1963 = ORIENTED_EDGE('',*,*,#1964,.T.);
#1964 = EDGE_CURVE('',#1940,#1965,#1967,.T.);
#1965 = VERTEX_POINT('',#1966);
#1966 = CARTESIAN_POINT('',(5.,-19.45,1.130000119209));
#1967 = LINE('',#1968,#1969);
#1968 = CARTESIAN_POINT('',(-2.E-16,-19.45,1.130000119209));
#1969 = VECTOR('',#1970,1.);
#1970 = DIRECTION('',(1.,0.,0.));
#1971 = ORIENTED_EDGE('',*,*,#1972,.F.);
#1972 = EDGE_CURVE('',#884,#1965,#1973,.T.);
#1973 = LINE('',#1974,#1975);
#1974 = CARTESIAN_POINT('',(5.,-19.45,1.630000119209));
#1975 = VECTOR('',#1976,1.);
#1976 = DIRECTION('',(-0.,-0.,-1.));
#1977 = ORIENTED_EDGE('',*,*,#892,.F.);
#1978 = PLANE('',#1979);
#1979 = AXIS2_PLACEMENT_3D('',#1980,#1981,#1982);
#1980 = CARTESIAN_POINT('',(1.189313198189E-13,-19.45,1.380000119209));
#1981 = DIRECTION('',(3.5527136788E-16,-1.,0.));
#1982 = DIRECTION('',(-1.,-3.5527136788E-16,0.));
#1983 = ADVANCED_FACE('',(#1984),#2003,.F.);
#1984 = FACE_BOUND('',#1985,.F.);
#1985 = EDGE_LOOP('',(#1986,#1987,#1996,#2002));
#1986 = ORIENTED_EDGE('',*,*,#1972,.T.);
#1987 = ORIENTED_EDGE('',*,*,#1988,.T.);
#1988 = EDGE_CURVE('',#1965,#1989,#1991,.T.);
#1989 = VERTEX_POINT('',#1990);
#1990 = CARTESIAN_POINT('',(5.,-18.45,1.130000119209));
#1991 = CIRCLE('',#1992,0.5);
#1992 = AXIS2_PLACEMENT_3D('',#1993,#1994,#1995);
#1993 = CARTESIAN_POINT('',(5.000000000001,-18.95,1.130000119209));
#1994 = DIRECTION('',(0.,0.,1.));
#1995 = DIRECTION('',(-1.,-1.224646799147E-16,0.));
#1996 = ORIENTED_EDGE('',*,*,#1997,.F.);
#1997 = EDGE_CURVE('',#876,#1989,#1998,.T.);
#1998 = LINE('',#1999,#2000);
#1999 = CARTESIAN_POINT('',(5.,-18.45,1.630000119209));
#2000 = VECTOR('',#2001,1.);
#2001 = DIRECTION('',(-0.,-0.,-1.));
#2002 = ORIENTED_EDGE('',*,*,#883,.F.);
#2003 = CYLINDRICAL_SURFACE('',#2004,0.5);
#2004 = AXIS2_PLACEMENT_3D('',#2005,#2006,#2007);
#2005 = CARTESIAN_POINT('',(5.000000000001,-18.95,1.630000119209));
#2006 = DIRECTION('',(0.,0.,1.));
#2007 = DIRECTION('',(-1.,-1.224646799147E-16,0.));
#2008 = ADVANCED_FACE('',(#2009),#2020,.F.);
#2009 = FACE_BOUND('',#2010,.F.);
#2010 = EDGE_LOOP('',(#2011,#2012,#2013,#2014));
#2011 = ORIENTED_EDGE('',*,*,#1931,.F.);
#2012 = ORIENTED_EDGE('',*,*,#875,.T.);
#2013 = ORIENTED_EDGE('',*,*,#1997,.T.);
#2014 = ORIENTED_EDGE('',*,*,#2015,.F.);
#2015 = EDGE_CURVE('',#1932,#1989,#2016,.T.);
#2016 = LINE('',#2017,#2018);
#2017 = CARTESIAN_POINT('',(-5.,-18.45,1.130000119209));
#2018 = VECTOR('',#2019,1.);
#2019 = DIRECTION('',(1.,7.105427357601E-16,0.));
#2020 = PLANE('',#2021);
#2021 = AXIS2_PLACEMENT_3D('',#2022,#2023,#2024);
#2022 = CARTESIAN_POINT('',(1.059469972071E-14,-18.45,1.380000119209));
#2023 = DIRECTION('',(-3.5527136788E-16,1.,0.));
#2024 = DIRECTION('',(1.,3.5527136788E-16,0.));
#2025 = ADVANCED_FACE('',(#2026),#2044,.F.);
#2026 = FACE_BOUND('',#2027,.F.);
#2027 = EDGE_LOOP('',(#2028,#2029,#2030,#2038));
#2028 = ORIENTED_EDGE('',*,*,#1001,.F.);
#2029 = ORIENTED_EDGE('',*,*,#1376,.F.);
#2030 = ORIENTED_EDGE('',*,*,#2031,.T.);
#2031 = EDGE_CURVE('',#1368,#2032,#2034,.T.);
#2032 = VERTEX_POINT('',#2033);
#2033 = CARTESIAN_POINT('',(-14.1,-16.2125,-1.));
#2034 = LINE('',#2035,#2036);
#2035 = CARTESIAN_POINT('',(-14.1,16.2125,-1.));
#2036 = VECTOR('',#2037,1.);
#2037 = DIRECTION('',(0.,-1.,0.));
#2038 = ORIENTED_EDGE('',*,*,#2039,.F.);
#2039 = EDGE_CURVE('',#993,#2032,#2040,.T.);
#2040 = LINE('',#2041,#2042);
#2041 = CARTESIAN_POINT('',(-14.1,-16.2125,0.));
#2042 = VECTOR('',#2043,1.);
#2043 = DIRECTION('',(0.,0.,-1.));
#2044 = PLANE('',#2045);
#2045 = AXIS2_PLACEMENT_3D('',#2046,#2047,#2048);
#2046 = CARTESIAN_POINT('',(-14.1,16.2125,0.));
#2047 = DIRECTION('',(-1.,-0.,-0.));
#2048 = DIRECTION('',(0.,-1.,0.));
#2049 = ADVANCED_FACE('',(#2050),#2069,.F.);
#2050 = FACE_BOUND('',#2051,.T.);
#2051 = EDGE_LOOP('',(#2052,#2060,#2067,#2068));
#2052 = ORIENTED_EDGE('',*,*,#2053,.T.);
#2053 = EDGE_CURVE('',#985,#2054,#2056,.T.);
#2054 = VERTEX_POINT('',#2055);
#2055 = CARTESIAN_POINT('',(-13.4125,-16.9,-1.));
#2056 = LINE('',#2057,#2058);
#2057 = CARTESIAN_POINT('',(-13.4125,-16.9,0.));
#2058 = VECTOR('',#2059,1.);
#2059 = DIRECTION('',(0.,0.,-1.));
#2060 = ORIENTED_EDGE('',*,*,#2061,.T.);
#2061 = EDGE_CURVE('',#2054,#2032,#2062,.T.);
#2062 = CIRCLE('',#2063,0.6875);
#2063 = AXIS2_PLACEMENT_3D('',#2064,#2065,#2066);
#2064 = CARTESIAN_POINT('',(-13.4125,-16.2125,-1.));
#2065 = DIRECTION('',(0.,0.,-1.));
#2066 = DIRECTION('',(1.,0.,0.));
#2067 = ORIENTED_EDGE('',*,*,#2039,.F.);
#2068 = ORIENTED_EDGE('',*,*,#992,.F.);
#2069 = CYLINDRICAL_SURFACE('',#2070,0.6875);
#2070 = AXIS2_PLACEMENT_3D('',#2071,#2072,#2073);
#2071 = CARTESIAN_POINT('',(-13.4125,-16.2125,0.));
#2072 = DIRECTION('',(0.,0.,1.));
#2073 = DIRECTION('',(1.,0.,0.));
#2074 = ADVANCED_FACE('',(#2075),#2093,.T.);
#2075 = FACE_BOUND('',#2076,.T.);
#2076 = EDGE_LOOP('',(#2077,#2085,#2091,#2092));
#2077 = ORIENTED_EDGE('',*,*,#2078,.T.);
#2078 = EDGE_CURVE('',#976,#2079,#2081,.T.);
#2079 = VERTEX_POINT('',#2080);
#2080 = CARTESIAN_POINT('',(13.4125,-16.9,-1.));
#2081 = LINE('',#2082,#2083);
#2082 = CARTESIAN_POINT('',(13.4125,-16.9,0.));
#2083 = VECTOR('',#2084,1.);
#2084 = DIRECTION('',(0.,0.,-1.));
#2085 = ORIENTED_EDGE('',*,*,#2086,.T.);
#2086 = EDGE_CURVE('',#2079,#2054,#2087,.T.);
#2087 = LINE('',#2088,#2089);
#2088 = CARTESIAN_POINT('',(13.4125,-16.9,-1.));
#2089 = VECTOR('',#2090,1.);
#2090 = DIRECTION('',(-1.,0.,0.));
#2091 = ORIENTED_EDGE('',*,*,#2053,.F.);
#2092 = ORIENTED_EDGE('',*,*,#984,.F.);
#2093 = PLANE('',#2094);
#2094 = AXIS2_PLACEMENT_3D('',#2095,#2096,#2097);
#2095 = CARTESIAN_POINT('',(13.4125,-16.9,0.));
#2096 = DIRECTION('',(0.,1.,0.));
#2097 = DIRECTION('',(-1.,0.,0.));
#2098 = ADVANCED_FACE('',(#2099),#2118,.F.);
#2099 = FACE_BOUND('',#2100,.T.);
#2100 = EDGE_LOOP('',(#2101,#2109,#2116,#2117));
#2101 = ORIENTED_EDGE('',*,*,#2102,.T.);
#2102 = EDGE_CURVE('',#968,#2103,#2105,.T.);
#2103 = VERTEX_POINT('',#2104);
#2104 = CARTESIAN_POINT('',(14.1,-16.2125,-1.));
#2105 = LINE('',#2106,#2107);
#2106 = CARTESIAN_POINT('',(14.1,-16.2125,0.));
#2107 = VECTOR('',#2108,1.);
#2108 = DIRECTION('',(0.,0.,-1.));
#2109 = ORIENTED_EDGE('',*,*,#2110,.T.);
#2110 = EDGE_CURVE('',#2103,#2079,#2111,.T.);
#2111 = CIRCLE('',#2112,0.6875);
#2112 = AXIS2_PLACEMENT_3D('',#2113,#2114,#2115);
#2113 = CARTESIAN_POINT('',(13.4125,-16.2125,-1.));
#2114 = DIRECTION('',(0.,0.,-1.));
#2115 = DIRECTION('',(1.,0.,0.));
#2116 = ORIENTED_EDGE('',*,*,#2078,.F.);
#2117 = ORIENTED_EDGE('',*,*,#975,.F.);
#2118 = CYLINDRICAL_SURFACE('',#2119,0.6875);
#2119 = AXIS2_PLACEMENT_3D('',#2120,#2121,#2122);
#2120 = CARTESIAN_POINT('',(13.4125,-16.2125,0.));
#2121 = DIRECTION('',(0.,0.,1.));
#2122 = DIRECTION('',(1.,0.,0.));
#2123 = ADVANCED_FACE('',(#2124),#2135,.F.);
#2124 = FACE_BOUND('',#2125,.F.);
#2125 = EDGE_LOOP('',(#2126,#2127,#2128,#2134));
#2126 = ORIENTED_EDGE('',*,*,#967,.F.);
#2127 = ORIENTED_EDGE('',*,*,#2102,.T.);
#2128 = ORIENTED_EDGE('',*,*,#2129,.T.);
#2129 = EDGE_CURVE('',#2103,#1018,#2130,.T.);
#2130 = LINE('',#2131,#2132);
#2131 = CARTESIAN_POINT('',(14.1,-16.2125,-1.));
#2132 = VECTOR('',#2133,1.);
#2133 = DIRECTION('',(0.,1.,0.));
#2134 = ORIENTED_EDGE('',*,*,#1043,.T.);
#2135 = PLANE('',#2136);
#2136 = AXIS2_PLACEMENT_3D('',#2137,#2138,#2139);
#2137 = CARTESIAN_POINT('',(14.1,-16.2125,0.));
#2138 = DIRECTION('',(1.,0.,0.));
#2139 = DIRECTION('',(0.,1.,0.));
#2140 = ADVANCED_FACE('',(#2141,#2272,#2275,#2278,#2281,#2284,#2287,
    #2290,#2293,#2296,#2299,#2302,#2305,#2308,#2311,#2314,#2317,#2320,
    #2323,#2326,#2329),#2332,.T.);
#2141 = FACE_BOUND('',#2142,.T.);
#2142 = EDGE_LOOP('',(#2143,#2154,#2160,#2161,#2169,#2178,#2186,#2195,
    #2201,#2202,#2203,#2204,#2205,#2206,#2207,#2208,#2216,#2225,#2233,
    #2242,#2248,#2249,#2257,#2266));
#2143 = ORIENTED_EDGE('',*,*,#2144,.F.);
#2144 = EDGE_CURVE('',#2145,#2147,#2149,.T.);
#2145 = VERTEX_POINT('',#2146);
#2146 = CARTESIAN_POINT('',(-14.1,16.2125,-1.));
#2147 = VERTEX_POINT('',#2148);
#2148 = CARTESIAN_POINT('',(-13.4125,16.9,-1.));
#2149 = CIRCLE('',#2150,0.6875);
#2150 = AXIS2_PLACEMENT_3D('',#2151,#2152,#2153);
#2151 = CARTESIAN_POINT('',(-13.4125,16.2125,-1.));
#2152 = DIRECTION('',(0.,0.,-1.));
#2153 = DIRECTION('',(1.,0.,0.));
#2154 = ORIENTED_EDGE('',*,*,#2155,.T.);
#2155 = EDGE_CURVE('',#2145,#1258,#2156,.T.);
#2156 = LINE('',#2157,#2158);
#2157 = CARTESIAN_POINT('',(-14.1,16.2125,-1.));
#2158 = VECTOR('',#2159,1.);
#2159 = DIRECTION('',(0.,-1.,0.));
#2160 = ORIENTED_EDGE('',*,*,#1255,.F.);
#2161 = ORIENTED_EDGE('',*,*,#2162,.F.);
#2162 = EDGE_CURVE('',#2163,#1256,#2165,.T.);
#2163 = VERTEX_POINT('',#2164);
#2164 = CARTESIAN_POINT('',(-10.8875,8.1,-1.));
#2165 = LINE('',#2166,#2167);
#2166 = CARTESIAN_POINT('',(-5.44375,8.1,-1.));
#2167 = VECTOR('',#2168,1.);
#2168 = DIRECTION('',(-1.,0.,0.));
#2169 = ORIENTED_EDGE('',*,*,#2170,.F.);
#2170 = EDGE_CURVE('',#2171,#2163,#2173,.T.);
#2171 = VERTEX_POINT('',#2172);
#2172 = CARTESIAN_POINT('',(-9.3,6.5125,-1.));
#2173 = CIRCLE('',#2174,1.5875);
#2174 = AXIS2_PLACEMENT_3D('',#2175,#2176,#2177);
#2175 = CARTESIAN_POINT('',(-10.8875,6.5125,-1.));
#2176 = DIRECTION('',(0.,0.,1.));
#2177 = DIRECTION('',(1.,0.,0.));
#2178 = ORIENTED_EDGE('',*,*,#2179,.F.);
#2179 = EDGE_CURVE('',#2180,#2171,#2182,.T.);
#2180 = VERTEX_POINT('',#2181);
#2181 = CARTESIAN_POINT('',(-9.3,-6.5125,-1.));
#2182 = LINE('',#2183,#2184);
#2183 = CARTESIAN_POINT('',(-9.3,-3.25625,-1.));
#2184 = VECTOR('',#2185,1.);
#2185 = DIRECTION('',(0.,1.,0.));
#2186 = ORIENTED_EDGE('',*,*,#2187,.F.);
#2187 = EDGE_CURVE('',#2188,#2180,#2190,.T.);
#2188 = VERTEX_POINT('',#2189);
#2189 = CARTESIAN_POINT('',(-10.8875,-8.1,-1.));
#2190 = CIRCLE('',#2191,1.5875);
#2191 = AXIS2_PLACEMENT_3D('',#2192,#2193,#2194);
#2192 = CARTESIAN_POINT('',(-10.8875,-6.5125,-1.));
#2193 = DIRECTION('',(0.,0.,1.));
#2194 = DIRECTION('',(1.,0.,0.));
#2195 = ORIENTED_EDGE('',*,*,#2196,.F.);
#2196 = EDGE_CURVE('',#1360,#2188,#2197,.T.);
#2197 = LINE('',#2198,#2199);
#2198 = CARTESIAN_POINT('',(-6.75625,-8.1,-1.));
#2199 = VECTOR('',#2200,1.);
#2200 = DIRECTION('',(1.,0.,0.));
#2201 = ORIENTED_EDGE('',*,*,#1367,.F.);
#2202 = ORIENTED_EDGE('',*,*,#2031,.T.);
#2203 = ORIENTED_EDGE('',*,*,#2061,.F.);
#2204 = ORIENTED_EDGE('',*,*,#2086,.F.);
#2205 = ORIENTED_EDGE('',*,*,#2110,.F.);
#2206 = ORIENTED_EDGE('',*,*,#2129,.T.);
#2207 = ORIENTED_EDGE('',*,*,#1015,.F.);
#2208 = ORIENTED_EDGE('',*,*,#2209,.T.);
#2209 = EDGE_CURVE('',#1016,#2210,#2212,.T.);
#2210 = VERTEX_POINT('',#2211);
#2211 = CARTESIAN_POINT('',(10.8875,-8.1,-1.));
#2212 = LINE('',#2213,#2214);
#2213 = CARTESIAN_POINT('',(6.75625,-8.1,-1.));
#2214 = VECTOR('',#2215,1.);
#2215 = DIRECTION('',(-1.,0.,0.));
#2216 = ORIENTED_EDGE('',*,*,#2217,.F.);
#2217 = EDGE_CURVE('',#2218,#2210,#2220,.T.);
#2218 = VERTEX_POINT('',#2219);
#2219 = CARTESIAN_POINT('',(9.3,-6.5125,-1.));
#2220 = CIRCLE('',#2221,1.5875);
#2221 = AXIS2_PLACEMENT_3D('',#2222,#2223,#2224);
#2222 = CARTESIAN_POINT('',(10.8875,-6.5125,-1.));
#2223 = DIRECTION('',(0.,0.,1.));
#2224 = DIRECTION('',(1.,0.,0.));
#2225 = ORIENTED_EDGE('',*,*,#2226,.T.);
#2226 = EDGE_CURVE('',#2218,#2227,#2229,.T.);
#2227 = VERTEX_POINT('',#2228);
#2228 = CARTESIAN_POINT('',(9.3,6.5125,-1.));
#2229 = LINE('',#2230,#2231);
#2230 = CARTESIAN_POINT('',(9.3,-3.25625,-1.));
#2231 = VECTOR('',#2232,1.);
#2232 = DIRECTION('',(0.,1.,0.));
#2233 = ORIENTED_EDGE('',*,*,#2234,.F.);
#2234 = EDGE_CURVE('',#2235,#2227,#2237,.T.);
#2235 = VERTEX_POINT('',#2236);
#2236 = CARTESIAN_POINT('',(10.8875,8.1,-1.));
#2237 = CIRCLE('',#2238,1.5875);
#2238 = AXIS2_PLACEMENT_3D('',#2239,#2240,#2241);
#2239 = CARTESIAN_POINT('',(10.8875,6.5125,-1.));
#2240 = DIRECTION('',(0.,0.,1.));
#2241 = DIRECTION('',(1.,0.,0.));
#2242 = ORIENTED_EDGE('',*,*,#2243,.T.);
#2243 = EDGE_CURVE('',#2235,#1128,#2244,.T.);
#2244 = LINE('',#2245,#2246);
#2245 = CARTESIAN_POINT('',(5.44375,8.1,-1.));
#2246 = VECTOR('',#2247,1.);
#2247 = DIRECTION('',(1.,0.,0.));
#2248 = ORIENTED_EDGE('',*,*,#1135,.F.);
#2249 = ORIENTED_EDGE('',*,*,#2250,.T.);
#2250 = EDGE_CURVE('',#1136,#2251,#2253,.T.);
#2251 = VERTEX_POINT('',#2252);
#2252 = CARTESIAN_POINT('',(14.1,16.2125,-1.));
#2253 = LINE('',#2254,#2255);
#2254 = CARTESIAN_POINT('',(14.1,-16.2125,-1.));
#2255 = VECTOR('',#2256,1.);
#2256 = DIRECTION('',(0.,1.,0.));
#2257 = ORIENTED_EDGE('',*,*,#2258,.F.);
#2258 = EDGE_CURVE('',#2259,#2251,#2261,.T.);
#2259 = VERTEX_POINT('',#2260);
#2260 = CARTESIAN_POINT('',(13.4125,16.9,-1.));
#2261 = CIRCLE('',#2262,0.6875);
#2262 = AXIS2_PLACEMENT_3D('',#2263,#2264,#2265);
#2263 = CARTESIAN_POINT('',(13.4125,16.2125,-1.));
#2264 = DIRECTION('',(0.,0.,-1.));
#2265 = DIRECTION('',(1.,0.,0.));
#2266 = ORIENTED_EDGE('',*,*,#2267,.F.);
#2267 = EDGE_CURVE('',#2147,#2259,#2268,.T.);
#2268 = LINE('',#2269,#2270);
#2269 = CARTESIAN_POINT('',(-13.4125,16.9,-1.));
#2270 = VECTOR('',#2271,1.);
#2271 = DIRECTION('',(1.,0.,0.));
#2272 = FACE_BOUND('',#2273,.T.);
#2273 = EDGE_LOOP('',(#2274));
#2274 = ORIENTED_EDGE('',*,*,#1604,.T.);
#2275 = FACE_BOUND('',#2276,.T.);
#2276 = EDGE_LOOP('',(#2277));
#2277 = ORIENTED_EDGE('',*,*,#1629,.T.);
#2278 = FACE_BOUND('',#2279,.T.);
#2279 = EDGE_LOOP('',(#2280));
#2280 = ORIENTED_EDGE('',*,*,#1579,.T.);
#2281 = FACE_BOUND('',#2282,.T.);
#2282 = EDGE_LOOP('',(#2283));
#2283 = ORIENTED_EDGE('',*,*,#1554,.T.);
#2284 = FACE_BOUND('',#2285,.T.);
#2285 = EDGE_LOOP('',(#2286));
#2286 = ORIENTED_EDGE('',*,*,#1529,.T.);
#2287 = FACE_BOUND('',#2288,.T.);
#2288 = EDGE_LOOP('',(#2289));
#2289 = ORIENTED_EDGE('',*,*,#1504,.T.);
#2290 = FACE_BOUND('',#2291,.T.);
#2291 = EDGE_LOOP('',(#2292));
#2292 = ORIENTED_EDGE('',*,*,#1479,.T.);
#2293 = FACE_BOUND('',#2294,.T.);
#2294 = EDGE_LOOP('',(#2295));
#2295 = ORIENTED_EDGE('',*,*,#1429,.T.);
#2296 = FACE_BOUND('',#2297,.T.);
#2297 = EDGE_LOOP('',(#2298));
#2298 = ORIENTED_EDGE('',*,*,#1454,.T.);
#2299 = FACE_BOUND('',#2300,.T.);
#2300 = EDGE_LOOP('',(#2301));
#2301 = ORIENTED_EDGE('',*,*,#1879,.T.);
#2302 = FACE_BOUND('',#2303,.T.);
#2303 = EDGE_LOOP('',(#2304));
#2304 = ORIENTED_EDGE('',*,*,#1904,.T.);
#2305 = FACE_BOUND('',#2306,.T.);
#2306 = EDGE_LOOP('',(#2307));
#2307 = ORIENTED_EDGE('',*,*,#1829,.T.);
#2308 = FACE_BOUND('',#2309,.T.);
#2309 = EDGE_LOOP('',(#2310));
#2310 = ORIENTED_EDGE('',*,*,#1804,.T.);
#2311 = FACE_BOUND('',#2312,.T.);
#2312 = EDGE_LOOP('',(#2313));
#2313 = ORIENTED_EDGE('',*,*,#1779,.T.);
#2314 = FACE_BOUND('',#2315,.T.);
#2315 = EDGE_LOOP('',(#2316));
#2316 = ORIENTED_EDGE('',*,*,#1854,.T.);
#2317 = FACE_BOUND('',#2318,.T.);
#2318 = EDGE_LOOP('',(#2319));
#2319 = ORIENTED_EDGE('',*,*,#1729,.T.);
#2320 = FACE_BOUND('',#2321,.T.);
#2321 = EDGE_LOOP('',(#2322));
#2322 = ORIENTED_EDGE('',*,*,#1704,.T.);
#2323 = FACE_BOUND('',#2324,.T.);
#2324 = EDGE_LOOP('',(#2325));
#2325 = ORIENTED_EDGE('',*,*,#1754,.T.);
#2326 = FACE_BOUND('',#2327,.T.);
#2327 = EDGE_LOOP('',(#2328));
#2328 = ORIENTED_EDGE('',*,*,#1654,.T.);
#2329 = FACE_BOUND('',#2330,.T.);
#2330 = EDGE_LOOP('',(#2331));
#2331 = ORIENTED_EDGE('',*,*,#1679,.T.);
#2332 = PLANE('',#2333);
#2333 = AXIS2_PLACEMENT_3D('',#2334,#2335,#2336);
#2334 = CARTESIAN_POINT('',(0.,0.,-1.));
#2335 = DIRECTION('',(0.,0.,1.));
#2336 = DIRECTION('',(1.,0.,0.));
#2337 = ADVANCED_FACE('',(#2338),#2349,.T.);
#2338 = FACE_BOUND('',#2339,.T.);
#2339 = EDGE_LOOP('',(#2340,#2341,#2342,#2343));
#2340 = ORIENTED_EDGE('',*,*,#2209,.F.);
#2341 = ORIENTED_EDGE('',*,*,#1026,.T.);
#2342 = ORIENTED_EDGE('',*,*,#1068,.T.);
#2343 = ORIENTED_EDGE('',*,*,#2344,.F.);
#2344 = EDGE_CURVE('',#2210,#1069,#2345,.T.);
#2345 = LINE('',#2346,#2347);
#2346 = CARTESIAN_POINT('',(10.8875,-8.1,1.630000119209));
#2347 = VECTOR('',#2348,1.);
#2348 = DIRECTION('',(-0.,-0.,-1.));
#2349 = PLANE('',#2350);
#2350 = AXIS2_PLACEMENT_3D('',#2351,#2352,#2353);
#2351 = CARTESIAN_POINT('',(13.5125,-8.1,1.630000119209));
#2352 = DIRECTION('',(0.,1.,0.));
#2353 = DIRECTION('',(-1.,0.,0.));
#2354 = ADVANCED_FACE('',(#2355),#2366,.T.);
#2355 = FACE_BOUND('',#2356,.T.);
#2356 = EDGE_LOOP('',(#2357,#2358,#2364,#2365));
#2357 = ORIENTED_EDGE('',*,*,#2243,.F.);
#2358 = ORIENTED_EDGE('',*,*,#2359,.T.);
#2359 = EDGE_CURVE('',#2235,#1094,#2360,.T.);
#2360 = LINE('',#2361,#2362);
#2361 = CARTESIAN_POINT('',(10.8875,8.1,1.630000119209));
#2362 = VECTOR('',#2363,1.);
#2363 = DIRECTION('',(-0.,-0.,-1.));
#2364 = ORIENTED_EDGE('',*,*,#1102,.T.);
#2365 = ORIENTED_EDGE('',*,*,#1127,.F.);
#2366 = PLANE('',#2367);
#2367 = AXIS2_PLACEMENT_3D('',#2368,#2369,#2370);
#2368 = CARTESIAN_POINT('',(10.8875,8.1,1.630000119209));
#2369 = DIRECTION('',(0.,-1.,0.));
#2370 = DIRECTION('',(1.,0.,0.));
#2371 = ADVANCED_FACE('',(#2372),#2383,.F.);
#2372 = FACE_BOUND('',#2373,.F.);
#2373 = EDGE_LOOP('',(#2374,#2375,#2376,#2377));
#2374 = ORIENTED_EDGE('',*,*,#2234,.F.);
#2375 = ORIENTED_EDGE('',*,*,#2359,.T.);
#2376 = ORIENTED_EDGE('',*,*,#1093,.T.);
#2377 = ORIENTED_EDGE('',*,*,#2378,.F.);
#2378 = EDGE_CURVE('',#2227,#1086,#2379,.T.);
#2379 = LINE('',#2380,#2381);
#2380 = CARTESIAN_POINT('',(9.3,6.5125,1.630000119209));
#2381 = VECTOR('',#2382,1.);
#2382 = DIRECTION('',(-0.,-0.,-1.));
#2383 = CYLINDRICAL_SURFACE('',#2384,1.5875);
#2384 = AXIS2_PLACEMENT_3D('',#2385,#2386,#2387);
#2385 = CARTESIAN_POINT('',(10.8875,6.5125,1.630000119209));
#2386 = DIRECTION('',(0.,0.,1.));
#2387 = DIRECTION('',(1.,0.,0.));
#2388 = ADVANCED_FACE('',(#2389),#2400,.T.);
#2389 = FACE_BOUND('',#2390,.T.);
#2390 = EDGE_LOOP('',(#2391,#2392,#2398,#2399));
#2391 = ORIENTED_EDGE('',*,*,#2226,.F.);
#2392 = ORIENTED_EDGE('',*,*,#2393,.T.);
#2393 = EDGE_CURVE('',#2218,#1077,#2394,.T.);
#2394 = LINE('',#2395,#2396);
#2395 = CARTESIAN_POINT('',(9.3,-6.5125,1.630000119209));
#2396 = VECTOR('',#2397,1.);
#2397 = DIRECTION('',(-0.,-0.,-1.));
#2398 = ORIENTED_EDGE('',*,*,#1085,.T.);
#2399 = ORIENTED_EDGE('',*,*,#2378,.F.);
#2400 = PLANE('',#2401);
#2401 = AXIS2_PLACEMENT_3D('',#2402,#2403,#2404);
#2402 = CARTESIAN_POINT('',(9.3,-6.5125,1.630000119209));
#2403 = DIRECTION('',(1.,0.,0.));
#2404 = DIRECTION('',(0.,1.,0.));
#2405 = ADVANCED_FACE('',(#2406),#2412,.F.);
#2406 = FACE_BOUND('',#2407,.F.);
#2407 = EDGE_LOOP('',(#2408,#2409,#2410,#2411));
#2408 = ORIENTED_EDGE('',*,*,#2217,.F.);
#2409 = ORIENTED_EDGE('',*,*,#2393,.T.);
#2410 = ORIENTED_EDGE('',*,*,#1076,.T.);
#2411 = ORIENTED_EDGE('',*,*,#2344,.F.);
#2412 = CYLINDRICAL_SURFACE('',#2413,1.5875);
#2413 = AXIS2_PLACEMENT_3D('',#2414,#2415,#2416);
#2414 = CARTESIAN_POINT('',(10.8875,-6.5125,1.630000119209));
#2415 = DIRECTION('',(0.,0.,1.));
#2416 = DIRECTION('',(1.,0.,0.));
#2417 = ADVANCED_FACE('',(#2418),#2429,.F.);
#2418 = FACE_BOUND('',#2419,.F.);
#2419 = EDGE_LOOP('',(#2420,#2421,#2422,#2423));
#2420 = ORIENTED_EDGE('',*,*,#1204,.F.);
#2421 = ORIENTED_EDGE('',*,*,#1144,.F.);
#2422 = ORIENTED_EDGE('',*,*,#2250,.T.);
#2423 = ORIENTED_EDGE('',*,*,#2424,.F.);
#2424 = EDGE_CURVE('',#1196,#2251,#2425,.T.);
#2425 = LINE('',#2426,#2427);
#2426 = CARTESIAN_POINT('',(14.1,16.2125,0.));
#2427 = VECTOR('',#2428,1.);
#2428 = DIRECTION('',(0.,0.,-1.));
#2429 = PLANE('',#2430);
#2430 = AXIS2_PLACEMENT_3D('',#2431,#2432,#2433);
#2431 = CARTESIAN_POINT('',(14.1,-16.2125,0.));
#2432 = DIRECTION('',(1.,0.,0.));
#2433 = DIRECTION('',(0.,1.,0.));
#2434 = ADVANCED_FACE('',(#2435),#2446,.F.);
#2435 = FACE_BOUND('',#2436,.T.);
#2436 = EDGE_LOOP('',(#2437,#2443,#2444,#2445));
#2437 = ORIENTED_EDGE('',*,*,#2438,.T.);
#2438 = EDGE_CURVE('',#1188,#2259,#2439,.T.);
#2439 = LINE('',#2440,#2441);
#2440 = CARTESIAN_POINT('',(13.4125,16.9,0.));
#2441 = VECTOR('',#2442,1.);
#2442 = DIRECTION('',(0.,0.,-1.));
#2443 = ORIENTED_EDGE('',*,*,#2258,.T.);
#2444 = ORIENTED_EDGE('',*,*,#2424,.F.);
#2445 = ORIENTED_EDGE('',*,*,#1195,.F.);
#2446 = CYLINDRICAL_SURFACE('',#2447,0.6875);
#2447 = AXIS2_PLACEMENT_3D('',#2448,#2449,#2450);
#2448 = CARTESIAN_POINT('',(13.4125,16.2125,0.));
#2449 = DIRECTION('',(0.,0.,1.));
#2450 = DIRECTION('',(1.,0.,0.));
#2451 = ADVANCED_FACE('',(#2452),#2463,.T.);
#2452 = FACE_BOUND('',#2453,.T.);
#2453 = EDGE_LOOP('',(#2454,#2460,#2461,#2462));
#2454 = ORIENTED_EDGE('',*,*,#2455,.T.);
#2455 = EDGE_CURVE('',#1179,#2147,#2456,.T.);
#2456 = LINE('',#2457,#2458);
#2457 = CARTESIAN_POINT('',(-13.4125,16.9,0.));
#2458 = VECTOR('',#2459,1.);
#2459 = DIRECTION('',(0.,0.,-1.));
#2460 = ORIENTED_EDGE('',*,*,#2267,.T.);
#2461 = ORIENTED_EDGE('',*,*,#2438,.F.);
#2462 = ORIENTED_EDGE('',*,*,#1187,.F.);
#2463 = PLANE('',#2464);
#2464 = AXIS2_PLACEMENT_3D('',#2465,#2466,#2467);
#2465 = CARTESIAN_POINT('',(-13.4125,16.9,0.));
#2466 = DIRECTION('',(0.,-1.,0.));
#2467 = DIRECTION('',(1.,0.,0.));
#2468 = ADVANCED_FACE('',(#2469),#2480,.F.);
#2469 = FACE_BOUND('',#2470,.T.);
#2470 = EDGE_LOOP('',(#2471,#2477,#2478,#2479));
#2471 = ORIENTED_EDGE('',*,*,#2472,.T.);
#2472 = EDGE_CURVE('',#1171,#2145,#2473,.T.);
#2473 = LINE('',#2474,#2475);
#2474 = CARTESIAN_POINT('',(-14.1,16.2125,0.));
#2475 = VECTOR('',#2476,1.);
#2476 = DIRECTION('',(0.,0.,-1.));
#2477 = ORIENTED_EDGE('',*,*,#2144,.T.);
#2478 = ORIENTED_EDGE('',*,*,#2455,.F.);
#2479 = ORIENTED_EDGE('',*,*,#1178,.F.);
#2480 = CYLINDRICAL_SURFACE('',#2481,0.6875);
#2481 = AXIS2_PLACEMENT_3D('',#2482,#2483,#2484);
#2482 = CARTESIAN_POINT('',(-13.4125,16.2125,0.));
#2483 = DIRECTION('',(0.,0.,1.));
#2484 = DIRECTION('',(1.,0.,0.));
#2485 = ADVANCED_FACE('',(#2486),#2492,.F.);
#2486 = FACE_BOUND('',#2487,.F.);
#2487 = EDGE_LOOP('',(#2488,#2489,#2490,#2491));
#2488 = ORIENTED_EDGE('',*,*,#1170,.F.);
#2489 = ORIENTED_EDGE('',*,*,#2472,.T.);
#2490 = ORIENTED_EDGE('',*,*,#2155,.T.);
#2491 = ORIENTED_EDGE('',*,*,#1283,.T.);
#2492 = PLANE('',#2493);
#2493 = AXIS2_PLACEMENT_3D('',#2494,#2495,#2496);
#2494 = CARTESIAN_POINT('',(-14.1,16.2125,0.));
#2495 = DIRECTION('',(-1.,-0.,-0.));
#2496 = DIRECTION('',(0.,-1.,0.));
#2497 = ADVANCED_FACE('',(#2498),#2509,.F.);
#2498 = FACE_BOUND('',#2499,.F.);
#2499 = EDGE_LOOP('',(#2500,#2501,#2507,#2508));
#2500 = ORIENTED_EDGE('',*,*,#2162,.F.);
#2501 = ORIENTED_EDGE('',*,*,#2502,.T.);
#2502 = EDGE_CURVE('',#2163,#1334,#2503,.T.);
#2503 = LINE('',#2504,#2505);
#2504 = CARTESIAN_POINT('',(-10.8875,8.1,1.630000119209));
#2505 = VECTOR('',#2506,1.);
#2506 = DIRECTION('',(-0.,-0.,-1.));
#2507 = ORIENTED_EDGE('',*,*,#1333,.T.);
#2508 = ORIENTED_EDGE('',*,*,#1266,.F.);
#2509 = PLANE('',#2510);
#2510 = AXIS2_PLACEMENT_3D('',#2511,#2512,#2513);
#2511 = CARTESIAN_POINT('',(-10.8875,8.1,1.630000119209));
#2512 = DIRECTION('',(0.,1.,0.));
#2513 = DIRECTION('',(-1.,0.,0.));
#2514 = ADVANCED_FACE('',(#2515),#2531,.F.);
#2515 = FACE_BOUND('',#2516,.F.);
#2516 = EDGE_LOOP('',(#2517,#2518,#2524,#2525));
#2517 = ORIENTED_EDGE('',*,*,#2179,.F.);
#2518 = ORIENTED_EDGE('',*,*,#2519,.T.);
#2519 = EDGE_CURVE('',#2180,#1298,#2520,.T.);
#2520 = LINE('',#2521,#2522);
#2521 = CARTESIAN_POINT('',(-9.3,-6.5125,1.630000119209));
#2522 = VECTOR('',#2523,1.);
#2523 = DIRECTION('',(-0.,-0.,-1.));
#2524 = ORIENTED_EDGE('',*,*,#1297,.T.);
#2525 = ORIENTED_EDGE('',*,*,#2526,.F.);
#2526 = EDGE_CURVE('',#2171,#1300,#2527,.T.);
#2527 = LINE('',#2528,#2529);
#2528 = CARTESIAN_POINT('',(-9.3,6.5125,1.630000119209));
#2529 = VECTOR('',#2530,1.);
#2530 = DIRECTION('',(-0.,-0.,-1.));
#2531 = PLANE('',#2532);
#2532 = AXIS2_PLACEMENT_3D('',#2533,#2534,#2535);
#2533 = CARTESIAN_POINT('',(-9.3,-6.5125,1.630000119209));
#2534 = DIRECTION('',(1.,0.,0.));
#2535 = DIRECTION('',(0.,1.,0.));
#2536 = ADVANCED_FACE('',(#2537),#2543,.F.);
#2537 = FACE_BOUND('',#2538,.F.);
#2538 = EDGE_LOOP('',(#2539,#2540,#2541,#2542));
#2539 = ORIENTED_EDGE('',*,*,#2170,.F.);
#2540 = ORIENTED_EDGE('',*,*,#2526,.T.);
#2541 = ORIENTED_EDGE('',*,*,#1341,.T.);
#2542 = ORIENTED_EDGE('',*,*,#2502,.F.);
#2543 = CYLINDRICAL_SURFACE('',#2544,1.5875);
#2544 = AXIS2_PLACEMENT_3D('',#2545,#2546,#2547);
#2545 = CARTESIAN_POINT('',(-10.8875,6.5125,1.630000119209));
#2546 = DIRECTION('',(0.,0.,1.));
#2547 = DIRECTION('',(1.,0.,0.));
#2548 = ADVANCED_FACE('',(#2549),#2560,.F.);
#2549 = FACE_BOUND('',#2550,.F.);
#2550 = EDGE_LOOP('',(#2551,#2552,#2553,#2554));
#2551 = ORIENTED_EDGE('',*,*,#2196,.F.);
#2552 = ORIENTED_EDGE('',*,*,#1359,.T.);
#2553 = ORIENTED_EDGE('',*,*,#1316,.T.);
#2554 = ORIENTED_EDGE('',*,*,#2555,.F.);
#2555 = EDGE_CURVE('',#2188,#1308,#2556,.T.);
#2556 = LINE('',#2557,#2558);
#2557 = CARTESIAN_POINT('',(-10.8875,-8.1,1.630000119209));
#2558 = VECTOR('',#2559,1.);
#2559 = DIRECTION('',(-0.,-0.,-1.));
#2560 = PLANE('',#2561);
#2561 = AXIS2_PLACEMENT_3D('',#2562,#2563,#2564);
#2562 = CARTESIAN_POINT('',(-13.5125,-8.1,1.630000119209));
#2563 = DIRECTION('',(0.,-1.,0.));
#2564 = DIRECTION('',(1.,0.,0.));
#2565 = ADVANCED_FACE('',(#2566),#2572,.F.);
#2566 = FACE_BOUND('',#2567,.F.);
#2567 = EDGE_LOOP('',(#2568,#2569,#2570,#2571));
#2568 = ORIENTED_EDGE('',*,*,#2187,.F.);
#2569 = ORIENTED_EDGE('',*,*,#2555,.T.);
#2570 = ORIENTED_EDGE('',*,*,#1307,.T.);
#2571 = ORIENTED_EDGE('',*,*,#2519,.F.);
#2572 = CYLINDRICAL_SURFACE('',#2573,1.5875);
#2573 = AXIS2_PLACEMENT_3D('',#2574,#2575,#2576);
#2574 = CARTESIAN_POINT('',(-10.8875,-6.5125,1.630000119209));
#2575 = DIRECTION('',(0.,0.,1.));
#2576 = DIRECTION('',(1.,0.,0.));
#2577 = ADVANCED_FACE('',(#2578),#2584,.T.);
#2578 = FACE_BOUND('',#2579,.T.);
#2579 = EDGE_LOOP('',(#2580,#2581,#2582,#2583));
#2580 = ORIENTED_EDGE('',*,*,#2015,.F.);
#2581 = ORIENTED_EDGE('',*,*,#1939,.T.);
#2582 = ORIENTED_EDGE('',*,*,#1964,.T.);
#2583 = ORIENTED_EDGE('',*,*,#1988,.T.);
#2584 = PLANE('',#2585);
#2585 = AXIS2_PLACEMENT_3D('',#2586,#2587,#2588);
#2586 = CARTESIAN_POINT('',(1.060407800216E-13,-18.95,1.130000119209));
#2587 = DIRECTION('',(0.,0.,1.));
#2588 = DIRECTION('',(1.,0.,0.));
#2589 = ADVANCED_FACE('',(#2590,#2604),#2640,.T.);
#2590 = FACE_BOUND('',#2591,.T.);
#2591 = EDGE_LOOP('',(#2592,#2593,#2594,#2595,#2596,#2597,#2598,#2599,
    #2600,#2601,#2602,#2603));
#2592 = ORIENTED_EDGE('',*,*,#39,.T.);
#2593 = ORIENTED_EDGE('',*,*,#96,.T.);
#2594 = ORIENTED_EDGE('',*,*,#161,.T.);
#2595 = ORIENTED_EDGE('',*,*,#281,.F.);
#2596 = ORIENTED_EDGE('',*,*,#356,.T.);
#2597 = ORIENTED_EDGE('',*,*,#425,.F.);
#2598 = ORIENTED_EDGE('',*,*,#490,.F.);
#2599 = ORIENTED_EDGE('',*,*,#458,.T.);
#2600 = ORIENTED_EDGE('',*,*,#401,.T.);
#2601 = ORIENTED_EDGE('',*,*,#314,.T.);
#2602 = ORIENTED_EDGE('',*,*,#217,.F.);
#2603 = ORIENTED_EDGE('',*,*,#129,.F.);
#2604 = FACE_BOUND('',#2605,.T.);
#2605 = EDGE_LOOP('',(#2606,#2616,#2625,#2633));
#2606 = ORIENTED_EDGE('',*,*,#2607,.F.);
#2607 = EDGE_CURVE('',#2608,#2610,#2612,.T.);
#2608 = VERTEX_POINT('',#2609);
#2609 = CARTESIAN_POINT('',(5.,19.4,1.630000119209));
#2610 = VERTEX_POINT('',#2611);
#2611 = CARTESIAN_POINT('',(-5.,19.4,1.630000119209));
#2612 = LINE('',#2613,#2614);
#2613 = CARTESIAN_POINT('',(-2.5,19.4,1.630000119209));
#2614 = VECTOR('',#2615,1.);
#2615 = DIRECTION('',(-1.,0.,0.));
#2616 = ORIENTED_EDGE('',*,*,#2617,.F.);
#2617 = EDGE_CURVE('',#2618,#2608,#2620,.T.);
#2618 = VERTEX_POINT('',#2619);
#2619 = CARTESIAN_POINT('',(5.,18.5,1.630000119209));
#2620 = CIRCLE('',#2621,0.45);
#2621 = AXIS2_PLACEMENT_3D('',#2622,#2623,#2624);
#2622 = CARTESIAN_POINT('',(5.,18.95,1.630000119209));
#2623 = DIRECTION('',(0.,0.,1.));
#2624 = DIRECTION('',(-1.,-1.224646799147E-16,0.));
#2625 = ORIENTED_EDGE('',*,*,#2626,.T.);
#2626 = EDGE_CURVE('',#2618,#2627,#2629,.T.);
#2627 = VERTEX_POINT('',#2628);
#2628 = CARTESIAN_POINT('',(-5.,18.5,1.630000119209));
#2629 = LINE('',#2630,#2631);
#2630 = CARTESIAN_POINT('',(-2.5,18.5,1.630000119209));
#2631 = VECTOR('',#2632,1.);
#2632 = DIRECTION('',(-1.,0.,0.));
#2633 = ORIENTED_EDGE('',*,*,#2634,.F.);
#2634 = EDGE_CURVE('',#2610,#2627,#2635,.T.);
#2635 = CIRCLE('',#2636,0.45);
#2636 = AXIS2_PLACEMENT_3D('',#2637,#2638,#2639);
#2637 = CARTESIAN_POINT('',(-5.,18.95,1.630000119209));
#2638 = DIRECTION('',(0.,0.,1.));
#2639 = DIRECTION('',(1.,0.,0.));
#2640 = PLANE('',#2641);
#2641 = AXIS2_PLACEMENT_3D('',#2642,#2643,#2644);
#2642 = CARTESIAN_POINT('',(3.484425171481E-15,14.375972849699,
    1.630000119209));
#2643 = DIRECTION('',(0.,0.,1.));
#2644 = DIRECTION('',(1.,0.,0.));
#2645 = ADVANCED_FACE('',(#2646),#2671,.F.);
#2646 = FACE_BOUND('',#2647,.F.);
#2647 = EDGE_LOOP('',(#2648,#2658,#2664,#2665));
#2648 = ORIENTED_EDGE('',*,*,#2649,.F.);
#2649 = EDGE_CURVE('',#2650,#2652,#2654,.T.);
#2650 = VERTEX_POINT('',#2651);
#2651 = CARTESIAN_POINT('',(-5.,19.4,2.080000119209));
#2652 = VERTEX_POINT('',#2653);
#2653 = CARTESIAN_POINT('',(5.,19.4,2.080000119209));
#2654 = LINE('',#2655,#2656);
#2655 = CARTESIAN_POINT('',(-5.,19.4,2.080000119209));
#2656 = VECTOR('',#2657,1.);
#2657 = DIRECTION('',(1.,0.,0.));
#2658 = ORIENTED_EDGE('',*,*,#2659,.T.);
#2659 = EDGE_CURVE('',#2650,#2610,#2660,.T.);
#2660 = LINE('',#2661,#2662);
#2661 = CARTESIAN_POINT('',(-5.,19.4,2.080000119209));
#2662 = VECTOR('',#2663,1.);
#2663 = DIRECTION('',(-0.,-0.,-1.));
#2664 = ORIENTED_EDGE('',*,*,#2607,.F.);
#2665 = ORIENTED_EDGE('',*,*,#2666,.F.);
#2666 = EDGE_CURVE('',#2652,#2608,#2667,.T.);
#2667 = LINE('',#2668,#2669);
#2668 = CARTESIAN_POINT('',(5.,19.4,2.080000119209));
#2669 = VECTOR('',#2670,1.);
#2670 = DIRECTION('',(-0.,-0.,-1.));
#2671 = PLANE('',#2672);
#2672 = AXIS2_PLACEMENT_3D('',#2673,#2674,#2675);
#2673 = CARTESIAN_POINT('',(-5.,19.4,2.080000119209));
#2674 = DIRECTION('',(0.,-1.,0.));
#2675 = DIRECTION('',(1.,0.,0.));
#2676 = ADVANCED_FACE('',(#2677),#2696,.T.);
#2677 = FACE_BOUND('',#2678,.T.);
#2678 = EDGE_LOOP('',(#2679,#2688,#2689,#2690));
#2679 = ORIENTED_EDGE('',*,*,#2680,.F.);
#2680 = EDGE_CURVE('',#2650,#2681,#2683,.T.);
#2681 = VERTEX_POINT('',#2682);
#2682 = CARTESIAN_POINT('',(-5.,18.5,2.080000119209));
#2683 = CIRCLE('',#2684,0.45);
#2684 = AXIS2_PLACEMENT_3D('',#2685,#2686,#2687);
#2685 = CARTESIAN_POINT('',(-5.,18.95,2.080000119209));
#2686 = DIRECTION('',(0.,0.,1.));
#2687 = DIRECTION('',(1.,0.,0.));
#2688 = ORIENTED_EDGE('',*,*,#2659,.T.);
#2689 = ORIENTED_EDGE('',*,*,#2634,.T.);
#2690 = ORIENTED_EDGE('',*,*,#2691,.F.);
#2691 = EDGE_CURVE('',#2681,#2627,#2692,.T.);
#2692 = LINE('',#2693,#2694);
#2693 = CARTESIAN_POINT('',(-5.,18.5,2.080000119209));
#2694 = VECTOR('',#2695,1.);
#2695 = DIRECTION('',(-0.,-0.,-1.));
#2696 = CYLINDRICAL_SURFACE('',#2697,0.45);
#2697 = AXIS2_PLACEMENT_3D('',#2698,#2699,#2700);
#2698 = CARTESIAN_POINT('',(-5.,18.95,2.080000119209));
#2699 = DIRECTION('',(0.,0.,1.));
#2700 = DIRECTION('',(1.,0.,0.));
#2701 = ADVANCED_FACE('',(#2702),#2720,.T.);
#2702 = FACE_BOUND('',#2703,.T.);
#2703 = EDGE_LOOP('',(#2704,#2712,#2713,#2714));
#2704 = ORIENTED_EDGE('',*,*,#2705,.F.);
#2705 = EDGE_CURVE('',#2681,#2706,#2708,.T.);
#2706 = VERTEX_POINT('',#2707);
#2707 = CARTESIAN_POINT('',(5.,18.5,2.080000119209));
#2708 = LINE('',#2709,#2710);
#2709 = CARTESIAN_POINT('',(-5.,18.5,2.080000119209));
#2710 = VECTOR('',#2711,1.);
#2711 = DIRECTION('',(1.,0.,0.));
#2712 = ORIENTED_EDGE('',*,*,#2691,.T.);
#2713 = ORIENTED_EDGE('',*,*,#2626,.F.);
#2714 = ORIENTED_EDGE('',*,*,#2715,.F.);
#2715 = EDGE_CURVE('',#2706,#2618,#2716,.T.);
#2716 = LINE('',#2717,#2718);
#2717 = CARTESIAN_POINT('',(5.,18.5,2.080000119209));
#2718 = VECTOR('',#2719,1.);
#2719 = DIRECTION('',(-0.,-0.,-1.));
#2720 = PLANE('',#2721);
#2721 = AXIS2_PLACEMENT_3D('',#2722,#2723,#2724);
#2722 = CARTESIAN_POINT('',(-5.,18.5,2.080000119209));
#2723 = DIRECTION('',(0.,-1.,0.));
#2724 = DIRECTION('',(1.,0.,0.));
#2725 = ADVANCED_FACE('',(#2726),#2738,.T.);
#2726 = FACE_BOUND('',#2727,.T.);
#2727 = EDGE_LOOP('',(#2728,#2735,#2736,#2737));
#2728 = ORIENTED_EDGE('',*,*,#2729,.F.);
#2729 = EDGE_CURVE('',#2706,#2652,#2730,.T.);
#2730 = CIRCLE('',#2731,0.45);
#2731 = AXIS2_PLACEMENT_3D('',#2732,#2733,#2734);
#2732 = CARTESIAN_POINT('',(5.,18.95,2.080000119209));
#2733 = DIRECTION('',(0.,0.,1.));
#2734 = DIRECTION('',(-1.,-1.224646799147E-16,0.));
#2735 = ORIENTED_EDGE('',*,*,#2715,.T.);
#2736 = ORIENTED_EDGE('',*,*,#2617,.T.);
#2737 = ORIENTED_EDGE('',*,*,#2666,.F.);
#2738 = CYLINDRICAL_SURFACE('',#2739,0.45);
#2739 = AXIS2_PLACEMENT_3D('',#2740,#2741,#2742);
#2740 = CARTESIAN_POINT('',(5.,18.95,2.080000119209));
#2741 = DIRECTION('',(0.,0.,1.));
#2742 = DIRECTION('',(-1.,-1.224646799147E-16,0.));
#2743 = ADVANCED_FACE('',(#2744),#2750,.T.);
#2744 = FACE_BOUND('',#2745,.T.);
#2745 = EDGE_LOOP('',(#2746,#2747,#2748,#2749));
#2746 = ORIENTED_EDGE('',*,*,#2649,.F.);
#2747 = ORIENTED_EDGE('',*,*,#2680,.T.);
#2748 = ORIENTED_EDGE('',*,*,#2705,.T.);
#2749 = ORIENTED_EDGE('',*,*,#2729,.T.);
#2750 = PLANE('',#2751);
#2751 = AXIS2_PLACEMENT_3D('',#2752,#2753,#2754);
#2752 = CARTESIAN_POINT('',(-9.943736655338E-16,18.95,2.080000119209));
#2753 = DIRECTION('',(0.,0.,1.));
#2754 = DIRECTION('',(1.,0.,0.));
#2755 = ( GEOMETRIC_REPRESENTATION_CONTEXT(3) 
GLOBAL_UNCERTAINTY_ASSIGNED_CONTEXT((#2759)) 
GLOBAL_UNIT_ASSIGNED_CONTEXT((#2756,#2757,#2758)) REPRESENTATION_CONTEXT
('Context #1','3D Context with UNIT and UNCERTAINTY') );
#2756 = ( LENGTH_UNIT() NAMED_UNIT(*) SI_UNIT(.MILLI.,.METRE.) );
#2757 = ( NAMED_UNIT(*) PLANE_ANGLE_UNIT() SI_UNIT($,.RADIAN.) );
#2758 = ( NAMED_UNIT(*) SI_UNIT($,.STERADIAN.) SOLID_ANGLE_UNIT() );
#2759 = UNCERTAINTY_MEASURE_WITH_UNIT(LENGTH_MEASURE(2.E-06),#2756,
  'distance_accuracy_value','confusion accuracy');
#2760 = CONTEXT_DEPENDENT_SHAPE_REPRESENTATION(#2761,#2763);
#2761 = ( REPRESENTATION_RELATIONSHIP('','',#32,#10) 
REPRESENTATION_RELATIONSHIP_WITH_TRANSFORMATION(#2762) 
SHAPE_REPRESENTATION_RELATIONSHIP() );
#2762 = ITEM_DEFINED_TRANSFORMATION('','',#11,#15);
#2763 = PRODUCT_DEFINITION_SHAPE('Placement','Placement of an item',
  #2764);
#2764 = NEXT_ASSEMBLY_USAGE_OCCURRENCE('1','Body','',#5,#27,$);
#2765 = PRODUCT_RELATED_PRODUCT_CATEGORY('part',$,(#29));
#2766 = MECHANICAL_DESIGN_GEOMETRIC_PRESENTATION_REPRESENTATION('',(
    #2767),#2755);
#2767 = STYLED_ITEM('color',(#2768),#33);
#2768 = PRESENTATION_STYLE_ASSIGNMENT((#2769,#2775));
#2769 = SURFACE_STYLE_USAGE(.BOTH.,#2770);
#2770 = SURFACE_SIDE_STYLE('',(#2771));
#2771 = SURFACE_STYLE_FILL_AREA(#2772);
#2772 = FILL_AREA_STYLE('',(#2773));
#2773 = FILL_AREA_STYLE_COLOUR('',#2774);
#2774 = COLOUR_RGB('',0.301960791261,0.301960791261,0.301960791261);
#2775 = CURVE_STYLE('',#2776,POSITIVE_LENGTH_MEASURE(0.1),#2777);
#2776 = DRAUGHTING_PRE_DEFINED_CURVE_FONT('continuous');
#2777 = COLOUR_RGB('',9.803921802644E-02,9.803921802644E-02,
  9.803921802644E-02);
ENDSEC;
END-ISO-10303-21;
