#VRML V2.0 utf8
# META "generator" "CAD Exchanger 3.10.2 (cadexchanger.com)"
DEF __1 Transform {
  children [
    DEF Same_Sky_CPG-01-TH-B Group {
      children [
        DEF Same_Sky_CPG-01-TH-B_1 Shape {
          appearance DEF __4 Appearance {
            material DEF __5 Material {
              ambientIntensity 0.24331574142
              diffuseColor 0.792156875134 0.819607853889 0.933333337307
              shininess 0
            }
          }
          geometry DEF __6 IndexedFaceSet {
            solid FALSE
            coord Coordinate {
              point [
                -0.067170133298 0.0232400058439 0.00039334636211,
                -0.067170133298 0.0230946973525 -0.00039334636211,
                -0.069470133298 0.0230946973523 -0.00039334636208,
                -0.069470133298 0.0232400058438 0.000393346362119,
                -0.067112398271 0.0232581694053 0.000491682952637,
                -0.067112398271 0.0236590345508 -9.08178070965e-05,
                -0.067112398271 0.0230765337911 -0.000491682952637,
                -0.066100455836 0.0236590345508 -9.08178071368e-05,
                -0.0662076355126 0.0232581694053 0.000491682952626,
                -0.067112398271 0.0226756686455 9.08178070965e-05,
                -0.0663148151879 0.0226756686455 9.08178071051e-05,
                -0.0662076355125 0.0230765337912 -0.000491682952658,
                -0.066218222607 0.0227485538532 7.73553213716e-05,
                -0.0660038632373 0.0235352465692 -6.79531681332e-05,
                -0.067170133298 0.0233072059416 0.000374754269663,
                -0.067170133298 0.0233701566359 0.000344775458368,
                -0.067170133298 0.0234269452017 0.000304320819235,
                -0.067170133298 0.0234758461472 0.000254619546003,
                -0.067170133298 0.023515373642 0.00019718178671,
                -0.067170133298 0.0235443266631 0.000133752758606,
                -0.067170133298 0.0235618254876 6.62597206138e-05,
                -0.067170133298 0.0235673384226 -3.24658545984e-06,
                -0.067170133298 0.0235606979603 -7.26542456772e-05,
                -0.067170133298 0.0235421058678 -0.000139854343404,
                -0.067170133298 0.0235121270565 -0.000202805037677,
                -0.067170133298 0.0234716724174 -0.000259593603504,
                -0.067170133298 0.0234219711442 -0.00030849454905,
                -0.067170133298 0.0233645333849 -0.000348022043828,
                -0.067170133298 0.0233011043568 -0.000376975064912,
                -0.067170133298 0.0232336113188 -0.000394473889407,
                -0.067170133298 0.0231641050127 -0.000399986824387,
                -0.069470133298 0.023303757618 0.000376023134617,
                -0.069470133298 0.0233637885914 0.000348442976228,
                -0.069470133298 0.0234184612758 0.000311358201769,
                -0.069470133298 0.0234662843427 0.000265780387213,
                -0.069470133298 0.0235059533037 0.00021295277653,
                -0.069470133298 0.0235363860928 0.000154316369228,
                -0.069470133298 0.0235567525828 9.14706136452e-05,
                -0.069470133298 0.0235664972291 2.61297781676e-05,
                -0.069470133298 0.0235653542231 -3.99238095433e-05,
                -0.069470133298 0.023553354743 -0.000104888379803,
                -0.069470133298 0.0235308261033 -0.000166991868485,
                -0.069470133298 0.0234983828266 -0.000224540254309,
                -0.069470133298 0.0234569098809 -0.000275963767326,
                -0.069470133298 0.0234075385402 -0.000319859708152,
                -0.069470133298 0.0233516155257 -0.00035503070995,
                -0.069470133298 0.0232906662717 -0.000380517399474,
                -0.069470133298 0.0232263533148 -0.000395624566272,
                -0.069470133298 0.0231604309449 -0.000399940126216,
                -0.067112398271 0.023333967447 0.00047142248452,
                -0.067112398271 0.0234056628536 0.000439554030272,
                -0.067112398271 0.0234714902462 0.000396862297003,
                -0.067112398271 0.0235298287359 0.000344398496871,
                -0.067112398271 0.0235792418354 0.000283454462753,
                -0.067112398271 0.0236185128304 0.000215530839031,
                -0.067112398271 0.0236466747384 0.000142300130746,
                -0.067112398271 0.02366303412 6.55655209747e-05,
                -0.067112398271 0.0236671881528 -1.27835295224e-05,
                -0.067112398271 0.0236357944353 -0.000174817929256,
                -0.067112398271 0.0235983209211 -0.000253506297096,
                -0.067112398271 0.0235477526222 -0.00032449200438,
                -0.067112398271 0.0234856260307 -0.000385618186312,
                -0.067112398271 0.0234138288316 -0.000435027554785,
                -0.067112398271 0.0233345425464 -0.00047121883114,
                -0.067112398271 0.0232501762489 -0.000493092361759,
                -0.067112398271 0.0231632933663 -0.000499983530483,
                -0.0661009756018 0.0236655521927 -4.21821486547e-05,
                -0.0661025217587 0.0236672745884 6.85375340472e-06,
                -0.0661050745958 0.0236642087989 5.58218787418e-05,
                -0.0661086144025 0.023656361885 0.000104254207057,
                -0.0661131146115 0.0236437723801 0.000151677012127,
                -0.0661185243747 0.0236265983236 0.000197639952208,
                -0.0661247875604 0.0236050260356 0.00024171008372,
                -0.0661318480365 0.0235792418359 0.000283454463083,
                -0.0661396435724 0.023549462728 0.000322449627574,
                -0.0661480933541 0.0235160067133 0.000358341619914,
                -0.0661571133743 0.0234792116088 0.000390801754688,
                -0.066166619626 0.0234394152316 0.000419501346477,
                -0.0661765236892 0.0233969801195 0.000444132209965,
                -0.0661867270867 0.0233523355215 0.000464489024474,
                -0.0661971307255 0.023305919322 0.000480397401521,
                -0.067112398271 0.0226989087611 0.000174817929256,
                -0.067112398271 0.0227363822752 0.000253506297096,
                -0.067112398271 0.0227869505741 0.00032449200438,
                -0.067112398271 0.0228490771657 0.000385618186312,
                -0.067112398271 0.0229208743648 0.000435027554785,
                -0.067112398271 0.0230001606499 0.00047121883114,
                -0.067112398271 0.0230845269474 0.000493092361759,
                -0.067112398271 0.02317140983 0.000499983530483,
                -0.0662181402991 0.02320953865 0.000498199688997,
                -0.0662285439378 0.0231605022038 0.000499922185465,
                -0.0662387473353 0.0231115313548 0.000496856899064,
                -0.0662486513988 0.0230630973909 0.000489010286826,
                -0.0662581576508 0.0230156745846 0.000476420781709,
                -0.0662671776712 0.0229697116447 0.000459246725228,
                -0.0662756274529 0.0229256415139 0.000437674437252,
                -0.0662834229888 0.022883897135 0.000411890237654,
                -0.0662904834648 0.0228449019703 0.000382111129377,
                -0.0662967466501 0.0228090099776 0.000348655114012,
                -0.0663021564131 0.0227765498428 0.000311860009409,
                -0.0663066566219 0.0227478502517 0.000272063633414,
                -0.0663101964286 0.0227232196907 0.000229630156674,
                -0.066312749266 0.0227028633792 0.000184988282325,
                -0.0663142954228 0.0226869551024 0.000138572626942,
                -0.0661971307255 0.0231251645464 -0.000498199689009,
                -0.0661867270867 0.0231742009924 -0.000499922185477,
                -0.0661765236892 0.0232231718413 -0.000496856899088,
                -0.066166619626 0.0232716058052 -0.000489010286869,
                -0.0661571133743 0.0233190286116 -0.000476420781764,
                -0.0661480933541 0.0233649915515 -0.000459246725292,
                -0.0661396435724 0.0234090616823 -0.000437674437324,
                -0.0661318480365 0.0234508060612 -0.000411890237731,
                -0.0661247875604 0.023489801226 -0.000382111129454,
                -0.0661185243747 0.0235256932187 -0.000348655114087,
                -0.0661131146114 0.0235581533535 -0.000311860009478,
                -0.0661086144025 0.0235868529446 -0.000272063633474,
                -0.0661050745958 0.0236114835056 -0.000229630156723,
                -0.0661025217587 0.0236318398171 -0.000184988282363,
                -0.0661009756018 0.0236477480939 -0.000138572626973,
                -0.0663142954232 0.0226691510036 4.21821486419e-05,
                -0.0663127492666 0.0226674286079 -6.85375340745e-06,
                -0.0663101964293 0.0226704943974 -5.58218787404e-05,
                -0.0663066566225 0.0226783413113 -0.000104254207054,
                -0.0663021564137 0.0226909308162 -0.000151677012124,
                -0.0662967466508 0.0227081048727 -0.000197639952205,
                -0.0662904834654 0.0227296771608 -0.000241710083717,
                -0.0662834229895 0.0227554613604 -0.000283454463079,
                -0.0662756274536 0.0227852404683 -0.00032244962757,
                -0.0662671776719 0.022818696483 -0.000358341619909,
                -0.0662581576515 0.0228554915875 -0.000390801754679,
                -0.0662486513995 0.0228952879647 -0.00041950134646,
                -0.0662387473361 0.0229377230769 -0.000444132209958,
                -0.0662285439384 0.0229823676749 -0.000464489024474,
                -0.0662181402996 0.0230287838744 -0.000480397401533,
                -0.067112398271 0.0230007357493 -0.00047142248452,
                -0.067112398271 0.0229290403427 -0.000439554030272,
                -0.067112398271 0.0228632129502 -0.000396862297003,
                -0.067112398271 0.0228048744605 -0.000344398496871,
                -0.067112398271 0.0227554613609 -0.000283454462753,
                -0.067112398271 0.022716190366 -0.000215530839031,
                -0.067112398271 0.0226880284579 -0.000142300130746,
                -0.067112398271 0.0226716690763 -6.55655209747e-05,
                -0.067112398271 0.0226675150435 1.27835295224e-05,
                -0.067170133298 0.0230274972548 -0.000374754269663,
                -0.067170133298 0.0229645465605 -0.000344775458368,
                -0.067170133298 0.0229077579947 -0.000304320819235,
                -0.067170133298 0.0228588570491 -0.000254619546003,
                -0.067170133298 0.0228193295543 -0.00019718178671,
                -0.067170133298 0.0227903765333 -0.000133752758606,
                -0.067170133298 0.0227728777088 -6.62597206138e-05,
                -0.067170133298 0.0227673647738 3.24658545984e-06,
                -0.067170133298 0.0227740052361 7.26542456772e-05,
                -0.067170133298 0.0227925973285 0.000139854343404,
                -0.067170133298 0.0228225761398 0.000202805037677,
                -0.067170133298 0.0228630307789 0.000259593603504,
                -0.067170133298 0.0229127320522 0.00030849454905,
                -0.067170133298 0.0229701698115 0.000348022043828,
                -0.067170133298 0.0230335988396 0.000376975064912,
                -0.067170133298 0.0231010918776 0.000394473889407,
                -0.067170133298 0.0231705981836 0.000399986824387,
                -0.069470133298 0.0230274972546 -0.000374754269609,
                -0.069470133298 0.0229645465604 -0.000344775458294,
                -0.069470133298 0.0229077579946 -0.000304320819146,
                -0.069470133298 0.022858857049 -0.000254619545905,
                -0.069470133298 0.0228193295543 -0.000197181786606,
                -0.069470133298 0.0227903765332 -0.000133752758503,
                -0.069470133298 0.0227728777087 -6.6259720515e-05,
                -0.069470133298 0.0227673647738 3.24658555099e-06,
                -0.069470133298 0.0227740052361 7.26542457578e-05,
                -0.069470133298 0.0227925973285 0.000139854343473,
                -0.069470133298 0.0228225761398 0.000202805037732,
                -0.069470133298 0.022863030779 0.000259593603546,
                -0.069470133298 0.0229127320522 0.000308494549079,
                -0.069470133298 0.0229701698115 0.000348022043846,
                -0.069470133298 0.0230335988396 0.000376975064921,
                -0.069470133298 0.0231010918776 0.00039447388941,
                -0.069470133298 0.0231705981836 0.000399986824386,
                -0.0662985256409 0.0226769820948 9.05752024275e-05,
                -0.066282671242 0.0226808873559 8.98538691977e-05,
                -0.0662676755152 0.0226872801062 8.86730766661e-05,
                -0.0662539390463 0.0226959895738 8.70643677389e-05,
                -0.0662418287822 0.0227067831 8.50707163963e-05,
                -0.0662316682285 0.0227193723536 8.27453797142e-05,
                -0.0662237288073 0.0227334210337 8.01504751898e-05,
                -0.066217702841 0.0227575830191 0.000115559176846,
                -0.0662161566838 0.0227703096406 0.000152691701174,
                -0.0662136038463 0.0227865946896 0.000188405200822,
                -0.0662100640395 0.0228062991382 0.000222351982255,
                -0.0662055638307 0.0228292588111 0.000254189082911,
                -0.0662001540678 0.0228552269193 0.000283625166457,
                -0.0661938908824 0.0228839405137 0.000310389978702,
                -0.0661868304065 0.0229151366455 0.000334213265453,
                -0.0661790348706 0.0229485321486 0.000354840625283,
                -0.0661705850889 0.0229837882532 0.000372098455678,
                -0.0661615650685 0.0230205586052 0.000385837700817,
                -0.0661520588165 0.0230584968502 0.000395909304878,
                -0.0661421547531 0.0230972440213 0.000402186594702,
                -0.0661319513555 0.0231364207004 0.000404638823896,
                -0.0661215477168 0.0231756498572 0.000403260826794,
                -0.06611104293 0.0232145544614 0.00039804743773,
                -0.0661005381433 0.0232527543948 0.000389018996805,
                -0.0660901345046 0.0232898873543 0.000376292295105,
                -0.066079931107 0.0233256030326 0.000360006843444,
                -0.0660700270435 0.0233595511223 0.000340302152636,
                -0.0660605207916 0.023391388224 0.000317342479237,
                -0.0660515007711 0.0234208243076 0.000291374371452,
                -0.0660430509894 0.0234475891194 0.00026266077756,
                -0.0660352554535 0.0234714124056 0.000231464645843,
                -0.0660281949776 0.0234920397651 0.000198069142237,
                -0.0660219317923 0.0235092975956 0.000162813037034,
                -0.0660165220293 0.0235230368409 0.00012604268505,
                -0.0660120218205 0.023533108445 8.81044411036e-05,
                -0.0660084820135 0.0235393859761 4.93585784697e-05,
                -0.0660059291742 0.0235418386066 1.01840782998e-05,
                -0.0660043830123 0.0235404606875 -2.90446427774e-05,
                -0.0660009086434 0.0235513504728 -7.09276886148e-05,
                -0.0660007106242 0.0235677132121 -7.39500185156e-05,
                -0.0660032746788 0.0235838816901 -7.69364667716e-05,
                -0.0660085298053 0.0235994081806 -7.98043347703e-05,
                -0.0660163304824 0.023613862735 -8.24742075398e-05,
                -0.0660264606993 0.0236268450881 -8.48721528519e-05,
                -0.0660386399371 0.0236379957418 -8.69317685014e-05,
                -0.0660525309371 0.0236470059199 -8.85960210687e-05,
                -0.0660677490396 0.0236536261191 -8.9818825249e-05,
                -0.0660838728354 0.0236576730174 -9.05663200138e-05,
                -0.0660043830123 0.0235262174085 -0.000106157024761,
                -0.0660059291742 0.0235134907897 -0.000143289549673,
                -0.0660084820135 0.0234972057415 -0.000179003049512,
                -0.0660120218205 0.0234775012927 -0.000212949830924,
                -0.0660165220293 0.0234545416197 -0.000244786931556,
                -0.0660219317923 0.0234285735118 -0.000274223015137,
                -0.0660281949776 0.0233998599176 -0.000300987827434,
                -0.0660352554535 0.0233686637859 -0.000324811114213,
                -0.0660430509894 0.0233352682829 -0.000345438474043,
                -0.0660515007711 0.0233000121782 -0.000362696304437,
                -0.0660605207916 0.0232632418263 -0.000376435549576,
                -0.0660700270435 0.0232253035812 -0.000386507153638,
                -0.066079931107 0.0231865564102 -0.000392784443462,
                -0.0660901345046 0.0231473797311 -0.000395236672656,
                -0.0661005381433 0.0231081505743 -0.000393858675554,
                -0.06611104293 0.02306924597 -0.00038864528649,
                -0.0661215477168 0.0230310460367 -0.000379616845564,
                -0.0661319513555 0.0229939130771 -0.000366890143864,
                -0.0661421547531 0.0229581973988 -0.000350604692203,
                -0.0661520588165 0.0229242493092 -0.000330900001395,
                -0.0661615650685 0.0228924122075 -0.000307940327997,
                -0.0661705850889 0.0228629761239 -0.000281972220211,
                -0.0661790348706 0.0228362113121 -0.00025325862632,
                -0.0661868304065 0.0228123880259 -0.000222062494603,
                -0.0661938908824 0.0227917606662 -0.000188666990969,
                -0.0662001540678 0.0227745028354 -0.000153410885714,
                -0.0662055638307 0.02276076359 -0.000116640533695,
                -0.0662100640395 0.022750691986 -7.87022897721e-05,
                -0.0662136038463 0.022744414455 -3.99564271595e-05,
                -0.0662161566838 0.0227419618236 -7.81926798061e-07,
                -0.066217702841 0.0227433397402 3.84467948623e-05,
                -0.0660819655493 0.0236651205264 7.90109269054e-06,
                -0.0660607340981 0.0236580735555 8.91630099351e-06,
                -0.0660405718149 0.0236456708437 9.80159244149e-06,
                -0.0660234508416 0.0236283082594 1.04590970245e-05,
                -0.0660110351019 0.0236073142055 1.08199609191e-05,
                -0.0660041844407 0.0235846376675 1.0866023314e-05,
                -0.0660027794524 0.0235622887571 1.06312754688e-05,
                -0.0660091987183 0.0235529622609 9.26331472271e-05,
                -0.0660196230262 0.0235277175956 0.000171116391272,
                -0.0660336096171 0.0234876817483 0.000243039416455,
                -0.0660506223531 0.0234343804976 0.000305592064614,
                -0.0660699733881 0.0233700074358 0.00035644940042,
                -0.0660909240849 0.0232970141305 0.000393636007226,
                -0.066112655507 0.0232182844591 0.000415862578096,
                -0.06613434127 0.0231368044002 0.000422240544147,
                -0.0661551548612 0.0230557063121 0.000412674279096,
                -0.0661743015398 0.0229780743061 0.000387463927462,
                -0.0661910676809 0.0229068291656 0.000347701094281,
                -0.0662048039943 0.022844709952 0.000294821532268,
                -0.0662150132297 0.0227940003917 0.000230933089364,
                -0.0662212859209 0.0227566972306 0.000158400797129,
                -0.0662290018668 0.0227435377793 0.000164075239587,
                -0.0662392504774 0.0227314495991 0.000169465785431,
                -0.0662517506962 0.0227210294847 0.000174318972111,
                -0.066266010431 0.0227127643251 0.000178413211942,
                -0.066281388569 0.0227069584974 0.000181591195543,
                -0.0662971874691 0.0227036985876 0.000183779149228,
                -0.066290995985 0.0227480226627 0.000270037834394,
                -0.0662809201202 0.0228082904405 0.000346065920462,
                -0.0662673659905 0.0228821531306 0.000409057998341,
                -0.0662508265742 0.0229669221762 0.00045650674973,
                -0.0662319449286 0.0230593636922 0.000486688563594,
                -0.0662114273741 0.0231560227422 0.000498281821509,
                -0.066190059231 0.0232532349599 0.000490896681563,
                -0.0661686563796 0.0233472689154 0.000464611793253,
                -0.0661480326483 0.0234345479348 0.000420452562996,
                -0.0661289933997 0.02351160739 0.000359926398068,
                -0.0661122628798 0.0235754849373 0.000285373608609,
                -0.0660985144546 0.0236235222849 0.000199561072784,
                -0.0660882714399 0.0236538601265 0.000105853686613,
                -0.0662226040769 0.0227821848809 0.000239523651718,
                -0.0662121855107 0.022834721221 0.000306071758841,
                -0.0661981579876 0.0228991112635 0.000361285724536,
                -0.0662327928305 0.0227714300673 0.000247743815178,
                -0.0662452984345 0.0227622874343 0.000255201570833,
                -0.0662222731367 0.0228257822404 0.000316863266184,
                -0.0662081033783 0.022892429202 0.000374319373412,
                -0.066234786726 0.0228183815839 0.00032666259095,
                -0.066220626685 0.0228871860893 0.0003861236476,
                -0.0661810200342 0.0229730289744 0.000402969060647,
                -0.0661614242727 0.0230536808815 0.000429618069823,
                -0.0661400916665 0.0231380690695 0.000440055069434,
                -0.0661178248583 0.0232230273562 0.000433914543419,
                -0.0661907811629 0.0229689988657 0.000417831767494,
                -0.0661709589049 0.0230526379503 0.000445830043024,
                -0.0662033144126 0.0229662730109 0.000431228286468,
                -0.066183500427 0.0230527177306 0.00046034582068,
                -0.0661493596266 0.023140270278 0.000457058266464,
                -0.0661267879532 0.0232286424281 0.000451091880884,
                -0.0661619062555 0.0231433603616 0.000472159671088,
                -0.066139334241 0.0232348525754 0.000466204993373,
                -0.066259617762 0.0227551981022 0.000261549343925,
                -0.0662750903356 0.0227504250564 0.000266535856739,
                -0.0662492051687 0.0228128959901 0.000334994975934,
                -0.0662351824842 0.0228836714069 0.000396095610867,
                -0.0662648356351 0.0228095295578 0.00034151790618,
                -0.0662510326756 0.0228820107843 0.000403806026552,
                -0.0662180445621 0.0229650257219 0.000442429496156,
                -0.0661984395305 0.0230539468057 0.000472317307777,
                -0.0662341753625 0.0229652825535 0.000450927142785,
                -0.0662149093208 0.0230562282833 0.00048116975749,
                -0.0661770852072 0.0231471825444 0.000484408053984,
                -0.066154779108 0.0232412814179 0.000478226120802,
                -0.0661939471403 0.0231514957815 0.000493180585118,
                -0.0661720802931 0.0232475255912 0.000486509014426,
                -0.0660954676639 0.0233053014151 0.000411225489814,
                -0.0660738646219 0.0233817802119 0.000372831790535,
                -0.0660538650208 0.0234494114542 0.000320008125321,
                -0.0660362396636 0.0235055751775 0.000254748401421,
                -0.0661040957102 0.0233143815648 0.000427902045603,
                -0.0660821359672 0.0233942512279 0.000388298064805,
                -0.0661166355205 0.0233237097633 0.000442419709212,
                -0.0660946619014 0.0234065775804 0.000401605637467,
                -0.0660617749003 0.0234650396635 0.000333545766602,
                -0.066043801955 0.0235239661426 0.00026566536907,
                -0.0660742807533 0.0234801106311 0.00034504086008,
                -0.066056282958 0.0235413979288 0.000274790950616,
                -0.0660217169873 0.0235478900314 0.000179460050584,
                -0.0660108724697 0.023574664019 9.70843554035e-05,
                -0.0660289705156 0.0235684739701 0.000187144064027,
                -0.0660178810951 0.0235967176453 0.000101051249625,
                -0.0660414254571 0.0235877495926 0.00019342134607,
                -0.0660303129131 0.0236172099348 0.000104116685864,
                -0.0661323646512 0.0233326577467 0.000453713843985,
                -0.0661106844736 0.0234178555363 0.000411705853962,
                -0.0661501396305 0.0233406474439 0.000461145356795,
                -0.0661289539211 0.0234273288228 0.000418001183332,
                -0.0660905929568 0.0234934369996 0.000353525210122,
                -0.0660728665317 0.0235564118727 0.000281309035219,
                -0.0661093549402 0.0235040912655 0.000358479064825,
                -0.06609209447 0.0235679277103 0.000284811593178,
                -0.0660582450354 0.0236040245532 0.000197699132099,
                -0.0660473166059 0.0236342777565 0.000105972710836,
                -0.0660778814141 0.0236160953559 0.000199710403149,
                -0.0660672736243 0.0236466326578 0.000106514329164,
                -0.0662971874692 0.0226686406435 -6.02276275393e-06,
                -0.066281388569 0.0226724670542 -5.14370962703e-06,
                -0.066266010431 0.0226790250625 -4.24942624637e-06,
                -0.0662517506963 0.0226882074414 -3.37788751829e-06,
                -0.0662392504775 0.0226996737023 -2.56729088997e-06,
                -0.0662290018668 0.022712889925 -1.85067237294e-06,
                -0.066221285921 0.0227272081491 -1.25157817267e-06,
                -0.0662150132298 0.0227361393311 -8.23237264934e-05,
                -0.0662048039943 0.0227606801477 -0.000160111520985,
                -0.066191067681 0.0227998104609 -0.000231692687242,
                -0.0661743015398 0.022852150215 -0.000294282647263,
                -0.0661551548612 0.0229156539717 -0.000345561912636,
                -0.06613434127 0.0229879836224 -0.000383467518555,
                -0.066112655507 0.0230663657748 -0.000406617392326,
                -0.066090924085 0.0231478405923 -0.000413981882703,
                -0.0660699733881 0.0232293016981 -0.000405324251411,
                -0.0660506223531 0.0233075949245 -0.000380818529723,
                -0.0660336096171 0.0233797247904 -0.000341434020476,
                -0.0660196230262 0.02344281191 -0.000288558639002,
                -0.0660091987183 0.0234944273115 -0.0002242720692,
                -0.0660027794524 0.0235324318265 -0.000151012616958,
                -0.0660041844407 0.0235532222303 -0.000159215544073,
                -0.0660110351019 0.0235744189572 -0.000167273227563,
                -0.0660234508416 0.0235941566715 -0.000174435849791,
                -0.0660405718149 0.0236106084999 -0.00018002413996,
                -0.0660607340981 0.023622509095 -0.000183627865323,
                -0.0660819655493 0.023629453747 -0.000185197022615,
                -0.0660882714399 0.0235839448799 -0.000272663875041,
                -0.0660985144546 0.0235221338671 -0.000349350624567,
                -0.0661122628798 0.0234466114806 -0.000412340680906,
                -0.0661289933998 0.0233603163808 -0.000459155371197,
                -0.0661480326483 0.0232667198655 -0.000488160001941,
                -0.0661686563796 0.0231694248397 -0.000498226917335,
                -0.066190059231 0.0230722058137 -0.000489185837368,
                -0.0662114273741 0.0229787697662 -0.000461356705027,
                -0.0662319449286 0.0228926300122 -0.000415999033629,
                -0.0662508265742 0.0228170698694 -0.000354785958348,
                -0.0662673659905 0.0227548441874 -0.000280186095154,
                -0.0662809201202 0.0227083577466 -0.000194964562125,
                -0.066290995985 0.0226792260194 -0.000102423666409,
                -0.0660108724697 0.023513107024 -0.000236182060706,
                -0.0660217169873 0.0234586727149 -0.000303557928483,
                -0.0660362396636 0.023392254774 -0.000358762455138,
                -0.0660178810952 0.0235322883982 -0.00024776539208,
                -0.0660303129132 0.0235503334838 -0.000257948992341,
                -0.0660289705156 0.0234751535148 -0.00031808809809,
                -0.066043801955 0.0234055323957 -0.000375528866193,
                -0.0660414254571 0.0234909148497 -0.00033083698875,
                -0.0660562829581 0.0234185540624 -0.000390279446097,
                -0.0660538650209 0.0233164842653 -0.000399652862281,
                -0.0660738646219 0.0232344454139 -0.000424831254001,
                -0.066095467664 0.0231492975918 -0.000433371213143,
                -0.0661178248583 0.0230643470441 -0.000425172533134,
                -0.0660617749004 0.0233262452467 -0.000417880091834,
                -0.0660821359673 0.0232405685604 -0.000443732020037,
                -0.0660742807534 0.0233362154114 -0.000434000484407,
                -0.0660946619015 0.0232473277385 -0.000460564844107,
                -0.0661040957102 0.0231518212645 -0.000452191088501,
                -0.0661267879532 0.0230634553815 -0.000443222322386,
                -0.0661166355206 0.0231553478367 -0.000469083131936,
                -0.0661393342411 0.0230638569297 -0.00045955666833,
                -0.0660473166059 0.0235656120945 -0.000265779664251,
                -0.0660672736243 0.0235769583008 -0.000270699068319,
                -0.0660582450354 0.0235045877925 -0.000340646394084,
                -0.0660728665317 0.0234302488954 -0.000401730857209,
                -0.0660778814142 0.023515143644 -0.000346836990662,
                -0.06609209447 0.0234397536699 -0.000409116091754,
                -0.0660905929569 0.0233456316142 -0.000446685570783,
                -0.0661106844737 0.0232542534556 -0.000474027425824,
                -0.0661093549403 0.0233538132215 -0.000455118563177,
                -0.0661289539212 0.0232608527949 -0.000483291498797,
                -0.0661323646512 0.0231596708181 -0.000482828520914,
                -0.0661547791081 0.0230655672881 -0.000473081171801,
                -0.0661501396305 0.0231644785827 -0.000492623828108,
                -0.0661720802931 0.0230684405661 -0.000483048132187,
                -0.0661400916665 0.0229828009883 -0.00040055836412,
                -0.0661614242728 0.0229077093796 -0.000360664159739,
                -0.0661810200343 0.0228418989132 -0.00030696236886,
                -0.0661981579876 0.0227877489914 -0.000241623908028,
                -0.0661493596267 0.0229787829271 -0.000417225973783,
                -0.066170958905 0.0229009438846 -0.00037543385362,
                -0.0661619062555 0.0229762744651 -0.000432434808581,
                -0.066183500427 0.0228958329507 -0.00038902033661,
                -0.0661907811629 0.0228328253402 -0.000319404719989,
                -0.0662081033783 0.022776851841 -0.000251410534678,
                -0.0662033144126 0.0228254937265 -0.00033094354341,
                -0.0662206266851 0.022767737861 -0.000260562938019,
                -0.0662121855107 0.022747331601 -0.000167051164128,
                -0.066222604077 0.0227220346491 -8.6126620176e-05,
                -0.0662222731367 0.0227351274067 -0.000173937356525,
                -0.0662327928305 0.0227090529933 -8.99624662846e-05,
                -0.0662347867261 0.0227247144692 -0.000180446366797,
                -0.0662452984346 0.0226978494954 -9.36621274374e-05,
                -0.0661770852072 0.0229754689768 -0.000445240399279,
                -0.0661984395306 0.0228927043708 -0.000400640969843,
                -0.0661939471403 0.0229763638151 -0.000454974903926,
                -0.0662149093208 0.022891672962 -0.000409724317321,
                -0.0662180445622 0.0228203273455 -0.00034096009649,
                -0.0662351824842 0.0227608928179 -0.000268621376416,
                -0.0662341753625 0.0228175316287 -0.000348988790531,
                -0.0662510326757 0.0227565873877 -0.000275229814019,
                -0.0662492051687 0.0227166142656 -0.00018626934541,
                -0.0662596177621 0.0226889603329 -9.70585437035e-05,
                -0.0662648356351 0.0227111397837 -0.00019115928747,
                -0.0662750903356 0.0226827209023 -0.000100010963299,
                -0.0695192119497 0.0231381001401 0.000395898519558,
                -0.069537333298 0.0231489900888 0.000393887058195,
                -0.0695545168596 0.0231646808369 0.000390988850478,
                -0.0695689568274 0.0231852705062 0.000387185772478,
                -0.0695786871441 0.0232099890324 0.00038262006133,
                -0.069582133298 0.0232370996739 0.000377612507168,
                -0.0695786871441 0.0232642103155 0.000372604953005,
                -0.0695689568274 0.0232889288416 0.000368039241857,
                -0.0695545168596 0.023309518511 0.000364236163857,
                -0.069537333298 0.023325209259 0.00036133795614,
                -0.0695192119497 0.0233360992077 0.000359326494777,
                -0.069501493298 0.023342831176 0.000358083045935,
                -0.0695192119497 0.0233981294345 0.000323005999629,
                -0.069537333298 0.0234520424991 0.000272828243667,
                -0.0695545168596 0.0234996268268 0.000206088783189,
                -0.0695689568274 0.0235347293378 0.000123561750076,
                -0.0695786871441 0.023551229381 2.92217383087e-05,
                -0.0695821332979 0.0235449641054 -6.97480761469e-05,
                -0.0695786871441 0.023515461137 -0.000164425701327,
                -0.0695689568274 0.0234663488713 -0.000246646590434,
                -0.0695545168596 0.0234040815175 -0.00031118862416,
                -0.069537333298 0.023335795706 -0.000356525935363,
                -0.0695192119497 0.0232675150603 -0.000384133527475,
                -0.069501493298 0.0232033350244 -0.000397141969122,
                -0.0695192119497 0.0231966030561 -0.00039589852028,
                -0.069537333298 0.0231857131074 -0.000393887058917,
                -0.0695545168596 0.0231700223593 -0.0003909888512,
                -0.0695689568274 0.02314943269 -0.0003871857732,
                -0.0695786871441 0.0231247141638 -0.000382620062052,
                -0.069582133298 0.0230976035223 -0.000377612507889,
                -0.0695786871441 0.0230704928807 -0.000372604953727,
                -0.0695689568274 0.0230457743546 -0.000368039242579,
                -0.0695545168596 0.0230251846852 -0.000364236164579,
                -0.069537333298 0.0230094939372 -0.000361337956862,
                -0.0695192119497 0.0229986039885 -0.000359326495499,
                -0.069501493298 0.0229918720202 -0.000358083046656,
                -0.0695192119497 0.0229365737617 -0.00032300600035,
                -0.069537333298 0.0228826606971 -0.000272828244389,
                -0.0695545168596 0.0228350763694 -0.00020608878391,
                -0.0695689568274 0.0227999738584 -0.000123561750798,
                -0.0695786871441 0.0227834738152 -2.92217390302e-05,
                -0.0695821332979 0.0227897390908 6.97480754253e-05,
                -0.0695786871441 0.0228192420592 0.000164425700606,
                -0.0695689568274 0.0228683543249 0.000246646589712,
                -0.0695545168596 0.0229306216787 0.000311188623438,
                -0.069537333298 0.0229989074902 0.000356525934641,
                -0.0695192119497 0.0230671881359 0.000384133526754,
                -0.069501493298 0.0231313681718 0.000397141968401,
                -0.0695469417818 0.0232569794759 -0.000382187520058,
                -0.0695753018373 0.0232399366188 -0.000379039566882,
                -0.0695753018373 0.0233213700597 -0.000353861402129,
                -0.0696141332979 0.0232980344553 -0.000349551127781,
                -0.0696021942492 0.0232153804722 -0.000374503848545,
                -0.0696247929146 0.0231831574744 -0.000368552000953,
                -0.0696509552157 0.0232644114238 -0.000343340682675,
                -0.0696818980038 0.0232202907038 -0.00033519122982,
                -0.0696400209384 0.0231444727826 -0.000361406626365,
                -0.0696454141968 0.023102044411 -0.000353569763913,
                -0.0697027486825 0.0231673224335 -0.000325407563077,
                -0.0697101332979 0.0231092282016 -0.000314677089876,
                -0.0696021942491 0.0233859671214 -0.000307842749096,
                -0.0696509552157 0.0233566644218 -0.000302430304139,
                -0.0696247929146 0.0234451346855 -0.000242728159209,
                -0.0696818980037 0.0234108176203 -0.000236389520464,
                -0.0696400209383 0.0234921581698 -0.000160121455336,
                -0.0697027486824 0.0234544621935 -0.000153158704469,
                -0.0696454141967 0.0235209213615 -6.53071874264e-05,
                -0.0697101332978 0.0234820286875 -5.81233968492e-05,
                -0.0696971927837 0.0233144437202 -0.000294631800011,
                -0.0697360478828 0.0232590409895 -0.000284398468802,
                -0.0697360478828 0.0233613719857 -0.000227256512957,
                -0.0697815519829 0.0232964885739 -0.000215272023468,
                -0.069762230242 0.0231925283214 -0.000272113042529,
                -0.0697715031608 0.0231195789434 -0.000258638704035,
                -0.0698122147457 0.0232185940588 -0.000200884278261,
                -0.0698230744742 0.0231331613649 -0.000185104170616,
                -0.0697622302419 0.0234001480658 -0.000143126446993,
                -0.0698122147457 0.0233288761334 -0.000129961946232,
                -0.0697715031608 0.0234259903017 -4.77726550088e-05,
                -0.0698230744742 0.0233524557683 -3.41902335893e-05,
                -0.0698458966113 0.0232433120045 -0.000114157561499,
                -0.0698578256054 0.0231494674761 -9.68237201787e-05,
                -0.0698578256054 0.0232641753179 -1.78841223572e-05,
                -0.0698701332977 0.0231673515981 -3.60794676409e-13,
                -0.0696400209384 0.0230596160394 -0.000345732901461,
                -0.0696247929146 0.0230209313476 -0.000338587526873,
                -0.0697027486825 0.0230511339697 -0.000303946616674,
                -0.0696818980038 0.0229981656994 -0.000294162949931,
                -0.0696021942492 0.0229887083498 -0.000332635679281,
                -0.0695753018373 0.0229641522032 -0.000328099960944,
                -0.0696509552157 0.0229540449794 -0.000286013497076,
                -0.0696141332979 0.0229204219479 -0.00027980305197,
                -0.0695469417818 0.0229471093461 -0.000324952007768,
                -0.0695753018373 0.0228970863435 -0.000275492777622,
                -0.069762230242 0.0230466295655 -0.000245164365542,
                -0.0697360478828 0.0229801168973 -0.000232878939268,
                -0.0698122147457 0.0230477286709 -0.00016932406297,
                -0.0697815519829 0.0229698341558 -0.000154936317764,
                -0.0696971927837 0.0229247141667 -0.000222645608059,
                -0.0696509552157 0.0228824934651 -0.000214847103931,
                -0.0697360478828 0.022904950744 -0.000142951828275,
                -0.0696818980037 0.0228555051095 -0.000133818820767,
                -0.0698458966113 0.0230556229477 -7.94898788586e-05,
                -0.0698122147457 0.0229700588188 -6.36854941255e-05,
                -0.0698578256054 0.0230705278783 1.78841216356e-05,
                -0.0698230744742 0.0229822474279 3.41902328677e-05,
                -0.0697622302419 0.0228987868864 -5.05209933647e-05,
                -0.0697027486824 0.0228444727587 -4.04887358883e-05,
                -0.0697715031608 0.0229087128945 4.77726542872e-05,
                -0.0697101332978 0.0228526745087 5.81233961276e-05,
                -0.0696021942491 0.0228531907655 -0.000209434658975,
                -0.0696247929146 0.0228211880442 -0.000127480182022,
                -0.0696400209383 0.0228067767824 -3.3525985021e-05,
                -0.0696454141967 0.0228137818347 6.53071867049e-05,
                -0.0696400209383 0.0235279264138 3.35259842994e-05,
                -0.0697027486824 0.0234902304375 4.04887351667e-05,
                -0.0696247929146 0.023513515152 0.0001274801813,
                -0.0696818980037 0.0234791980867 0.000133818820046,
                -0.0696021942491 0.0234815124307 0.000209434658253,
                -0.0696509552157 0.0234522097311 0.00021484710321,
                -0.0695753018373 0.0234376168527 0.0002754927769,
                -0.0696141332979 0.0234142812483 0.000279803051248,
                -0.0697622302419 0.0234359163098 5.05209926431e-05,
                -0.0698122147457 0.0233646443774 6.36854934039e-05,
                -0.0697360478828 0.0234297524522 0.000142951827553,
                -0.0697815519829 0.0233648690404 0.000154936317042,
                -0.0698458966113 0.0232790802485 7.9489878137e-05,
                -0.0698578256054 0.0231852357201 9.68237194571e-05,
                -0.0698122147457 0.0232869745253 0.000169324062248,
                -0.0698230744742 0.0232015418313 0.000185104169894,
                -0.0696971927837 0.0234099890295 0.000222645607338,
                -0.0697360478828 0.0233545862989 0.000232878938547,
                -0.0696509552157 0.0233806582168 0.000286013496355,
                -0.0696818980038 0.0233365374968 0.000294162949209,
                -0.069762230242 0.0232880736307 0.00024516436482,
                -0.0697715031608 0.0232151242528 0.000258638703314,
                -0.0697027486825 0.0232835692265 0.000303946615952,
                -0.0697101332979 0.0232254749946 0.000314677089154,
                -0.0695469417818 0.0233875938501 0.000324952007047,
                -0.0695753018373 0.023370550993 0.000328099960223,
                -0.0696021942492 0.0233459948464 0.00033263567856,
                -0.0696247929146 0.0233137718486 0.000338587526151,
                -0.0696400209384 0.0232750871568 0.000345732900739,
                -0.0696454141968 0.0232326587852 0.000353569763191,
                -0.0698458966113 0.0230913911917 0.000114157560777,
                -0.0698122147457 0.0230058270628 0.00012996194551,
                -0.0698122147457 0.0231161091374 0.00020088427754,
                -0.0697815519829 0.0230382146223 0.000215272022746,
                -0.0697622302419 0.0229345551304 0.000143126446271,
                -0.0697027486824 0.0228802410027 0.000153158703747,
                -0.0697360478828 0.0229733312105 0.000227256512235,
                -0.0696818980037 0.022923885576 0.000236389519742,
                -0.069762230242 0.0231421748748 0.000272113041807,
                -0.0697360478828 0.0230756622067 0.000284398468081,
                -0.0697027486825 0.0231673807627 0.000325407562356,
                -0.0696818980038 0.0231144124924 0.000335191229099,
                -0.0696971927837 0.023020259476 0.000294631799289,
                -0.0696509552157 0.0229780387744 0.000302430303417,
                -0.0696509552157 0.0230702917724 0.000343340681953,
                -0.0696141332979 0.0230366687409 0.00034955112706,
                -0.0696400209383 0.0228425450264 0.000160121454615,
                -0.0696247929146 0.0228895685107 0.000242728158488,
                -0.0696021942491 0.0229487360748 0.000307842748374,
                -0.0695753018373 0.0230133331365 0.000353861401408,
                -0.0696400209384 0.0231902304136 0.000361406625643,
                -0.0696247929146 0.0231515457218 0.000368552000232,
                -0.0696021942492 0.023119322724 0.000374503847823,
                -0.0695753018373 0.0230947665774 0.00037903956616,
                -0.0695469417818 0.0230777237203 0.000382187519336

              ]
            }
            normal Normal {
              vector [
                0 0.18163562 0.98336589,
                0 0.34963587 0.93688565,
                0 0.50701261 0.86193866,
                0 0.64898401 0.76080203,
                0 0.77123636 0.63654888,
                0 0.87005514 0.49295446,
                0 0.94243765 0.33438191,
                0 0.98618472 0.16564929,
                0 0.99996704 -0.0081164632,
                0 0.98336589 -0.18163562,
                0 0.93688565 -0.34963587,
                0 0.86193866 -0.50701261,
                0 0.76080203 -0.64898401,
                0 0.63654888 -0.77123636,
                0 0.49295446 -0.87005514,
                0 0.33438191 -0.94243765,
                0 0.16564929 -0.98618472,
                0 -0.0081164632 -0.99996704,
                0 -0.18163562 -0.98336589,
                0 -0.18163562 -0.98336589,
                0 -0.017301634 -0.99985033,
                0 0.14750428 -0.98906142,
                0 0.3082867 -0.95129353,
                0 0.46065983 -0.88757676,
                0 0.60046738 -0.7996493,
                0 0.72389573 -0.6899094,
                0 0.82757807 -0.56135064,
                0 0.90868628 -0.41747966,
                0 0.96500784 -0.26222095,
                0 0.99500656 -0.099809527,
                0 0.99786407 0.065324448,
                0 0.97350246 0.22867653,
                0 0.92258626 0.38579091,
                0 0.84650427 0.53238195,
                0 0.74733186 0.66445094,
                0 0.62777418 0.77839553,
                0 0.49109247 0.87110746,
                0 0.34101504 0.94005781,
                0 0.18163562 0.98336589,
                -0.86602539 -0.090817809 -0.49168295,
                -0.86602539 -0.0040582316 -0.49998352,
                -0.86602539 0.082824647 -0.49309236,
                -0.86602539 0.16719095 -0.47121882,
                -0.86602539 0.24647723 -0.43502757,
                -0.86602539 0.31827444 -0.38561818,
                -0.86602539 0.38040102 -0.32449201,
                -0.86602539 0.43096933 -0.2535063,
                -0.86602539 0.46844283 -0.17481793,
                -0.86602539 0.49168295 -0.090817809,
                -0.86602539 0.49998352 -0.0040582316,
                -0.86602539 0.49309236 0.082824647,
                -0.86602539 0.47121882 0.16719095,
                -0.86602539 0.43502757 0.24647723,
                -0.86602539 0.38561818 0.31827444,
                -0.86602539 0.32449201 0.38040102,
                -0.86602539 0.2535063 0.43096933,
                -0.86602539 0.17481793 0.46844283,
                -0.86602539 0.090817809 0.49168295,
                -0.86602539 0.090817809 0.49168295,
                -0.86602539 0.16661584 0.47142249,
                -0.86602539 0.23831126 0.43955404,
                -0.86602539 0.30413866 0.3968623,
                -0.86602539 0.36247712 0.3443985,
                -0.86602539 0.41189024 0.28345448,
                -0.86602539 0.45116124 0.21553084,
                -0.86602539 0.47932315 0.14230013,
                -0.86602539 0.49568251 0.065565519,
                -0.86602539 0.49983656 -0.012783529,
                -0.86602539 0.49168295 -0.090817809,
                -0.86602539 0.46844283 -0.17481793,
                -0.86602539 0.43096933 -0.2535063,
                -0.86602539 0.38040102 -0.32449201,
                -0.86602539 0.31827444 -0.38561818,
                -0.86602539 0.24647723 -0.43502757,
                -0.86602539 0.16719095 -0.47121882,
                -0.86602539 0.082824647 -0.49309236,
                -0.86602539 -0.0040582316 -0.49998352,
                -0.86602539 -0.090817809 -0.49168295,
                0 0.18163562 0.98336589,
                0 0.27714521 0.96082807,
                0 0.36999071 0.92903548,
                0 0.45927292 0.88829523,
                0 0.54412729 0.83900267,
                0 0.62374169 0.78163058,
                0 0.6973533 0.7167275,
                0 0.76424867 0.64492172,
                0 0.82378048 0.5669089,
                0 0.87537926 0.48343679,
                0 0.91855019 0.39530435,
                0 0.95287454 0.30336457,
                0 0.97802055 0.20850843,
                0 0.99374789 0.11164748,
                0 0.99990606 0.01370831,
                0 0.99643475 -0.084366992,
                0 0.98336589 -0.18163562,
                0 0.98336589 -0.18163562,
                0 0.99967313 -0.025567058,
                0 0.99136502 0.13113104,
                0 0.9586463 0.28460026,
                0 0.90232247 0.43106169,
                0 0.82378048 0.5669089,
                0 0.72495425 0.688797,
                0 0.60827732 0.7937246,
                0 0.47662252 0.87910807,
                0 0.33323169 0.94284499,
                0 0.18163562 0.98336589,
                0 0.0081164632 0.99996704,
                0 -0.16564929 0.98618472,
                0 -0.33438191 0.94243765,
                0 -0.49295446 0.87005514,
                0 -0.63654888 0.77123636,
                0 -0.76080203 0.64898401,
                0 -0.86193866 0.50701261,
                0 -0.93688565 0.34963587,
                0 -0.98336589 0.18163562,
                0 -0.98336589 0.18163562,
                0 -0.96082532 0.27715471,
                0 -0.92903227 0.36999878,
                0 -0.88829374 0.45927575,
                0 -0.83900267 0.54412729,
                0 -0.78163058 0.62374169,
                0 -0.7167275 0.6973533,
                0 -0.64492172 0.76424867,
                0 -0.5669089 0.82378048,
                0 -0.48343679 0.87537926,
                0 -0.39530435 0.91855019,
                0 -0.30336457 0.95287454,
                0 -0.20850842 0.97802055,
                0 -0.11164432 0.99374825,
                0 -0.013699617 0.99990618,
                0 0.084376879 0.99643391,
                0 0.98336589 -0.18163562,
                0 0.98336589 -0.18163562,
                0 0.96082532 -0.27715471,
                0 0.92903227 -0.36999878,
                0 0.88829374 -0.45927575,
                0 0.83900267 -0.54412729,
                0 0.78163058 -0.62374169,
                0 0.7167275 -0.6973533,
                0 0.64492172 -0.76424867,
                0 0.5669089 -0.82378048,
                0 0.48343679 -0.87537926,
                0 0.39530435 -0.91855019,
                0 0.30336457 -0.95287454,
                0 0.20850842 -0.97802055,
                0 0.11164432 -0.99374825,
                0 0.013699617 -0.99990618,
                0 -0.084376879 -0.99643391,
                0 -0.18163562 -0.98336589,
                0 -0.27714521 -0.96082807,
                0 -0.36999071 -0.92903548,
                0 -0.45927292 -0.88829523,
                0 -0.54412729 -0.83900267,
                0 -0.62374169 -0.78163058,
                0 -0.6973533 -0.7167275,
                0 -0.76424867 -0.64492172,
                0 -0.82378048 -0.5669089,
                0 -0.87537926 -0.48343679,
                0 -0.91855019 -0.39530435,
                0 -0.95287454 -0.30336457,
                0 -0.97802055 -0.20850843,
                0 -0.99374789 -0.11164748,
                0 -0.99990606 -0.01370831,
                0 -0.99643475 0.084366992,
                0 -0.98336589 0.18163562,
                0 -0.98336589 0.18163562,
                0 -0.99967313 0.025567058,
                0 -0.99136502 -0.13113104,
                0 -0.9586463 -0.28460026,
                0 -0.90232247 -0.43106169,
                0 -0.82378048 -0.5669089,
                0 -0.72495425 -0.688797,
                0 -0.60827732 -0.7937246,
                0 -0.47662252 -0.87910807,
                0 -0.33323169 -0.94284499,
                0 -0.18163562 -0.98336589,
                0 -0.0081164632 -0.99996704,
                0 0.16564929 -0.98618472,
                0 0.33438191 -0.94243765,
                0 0.49295446 -0.87005514,
                0 0.63654888 -0.77123636,
                0 0.76080203 -0.64898401,
                0 0.86193866 -0.50701261,
                0 0.93688565 -0.34963587,
                -0.86602539 0.090817809 0.49168295,
                -0.86602539 0.090817809 0.49168295,
                -0.86602539 0.0040582316 0.49998352,
                -0.86602539 -0.082824647 0.49309236,
                -0.86602539 -0.16719095 0.47121882,
                -0.86602539 -0.24647723 0.43502757,
                -0.86602539 -0.31827444 0.38561818,
                -0.86602539 -0.38040102 0.32449201,
                -0.86602539 -0.43096933 0.2535063,
                -0.86602539 -0.46844283 0.17481793,
                -0.86602539 -0.49168295 0.090817809,
                -0.86602539 -0.49998352 0.0040582316,
                -0.86602539 -0.49309236 -0.082824647,
                -0.86602539 -0.47121882 -0.16719095,
                -0.86602539 -0.43502757 -0.24647723,
                -0.86602539 -0.38561818 -0.31827444,
                -0.86602539 -0.32449201 -0.38040102,
                -0.86602539 -0.2535063 -0.43096933,
                -0.86602539 -0.17481793 -0.46844283,
                -0.86602539 -0.090817809 -0.49168295,
                -0.86602539 -0.090817809 -0.49168295,
                -0.86602539 -0.16661584 -0.47142249,
                -0.86602539 -0.23831126 -0.43955404,
                -0.86602539 -0.30413866 -0.3968623,
                -0.86602539 -0.36247712 -0.3443985,
                -0.86602539 -0.41189024 -0.28345448,
                -0.86602539 -0.45116124 -0.21553084,
                -0.86602539 -0.47932315 -0.14230013,
                -0.86602539 -0.49568251 -0.065565519,
                -0.86602539 -0.49983656 0.012783529,
                -0.86602539 -0.49168295 0.090817809,
                -0.86602539 -0.46844283 0.17481793,
                -0.86602539 -0.43096933 0.2535063,
                -0.86602539 -0.38040102 0.32449201,
                -0.86602539 -0.31827444 0.38561818,
                -0.86602539 -0.24647723 0.43502757,
                -0.86602539 -0.16719095 0.47121882,
                -0.86602539 -0.082824647 0.49309236,
                -0.86602539 0.0040582316 0.49998352,
                0 -0.18163562 -0.98336589,
                0 -0.18163562 -0.98336589,
                0 -0.34963587 -0.93688565,
                0 -0.50701261 -0.86193866,
                0 -0.64898401 -0.76080203,
                0 -0.77123636 -0.63654888,
                0 -0.87005514 -0.49295446,
                0 -0.94243765 -0.33438191,
                0 -0.98618472 -0.16564929,
                0 -0.99996704 0.0081164632,
                0 -0.98336589 0.18163562,
                0 -0.93688565 0.34963587,
                0 -0.86193866 0.50701261,
                0 -0.76080203 0.64898401,
                0 -0.63654888 0.77123636,
                0 -0.49295446 0.87005514,
                0 -0.33438191 0.94243765,
                0 -0.16564929 0.98618472,
                0 0.0081164632 0.99996704,
                0 0.18163562 0.98336589,
                0 0.18163562 0.98336589,
                0 0.0081164641 0.99996704,
                0 -0.16564929 0.98618472,
                0 -0.33438191 0.94243765,
                0 -0.49295446 0.87005514,
                0 -0.63654888 0.77123636,
                0 -0.76080203 0.64898401,
                0 -0.86193866 0.50701261,
                0 -0.93688565 0.34963587,
                0 -0.98336589 0.18163562,
                0 -0.99996704 0.0081164641,
                0 -0.98618472 -0.16564929,
                0 -0.94243765 -0.33438191,
                0 -0.87005514 -0.49295446,
                0 -0.77123636 -0.63654888,
                0 -0.64898401 -0.76080203,
                0 -0.50701261 -0.86193866,
                0 -0.34963587 -0.93688565,
                -3.6641075e-09 0.18163562 0.98336589,
                -0.00010069153 0.083927289 0.99647188,
                1.7323469e-05 -0.013703274 0.99990612,
                0.00011585566 -0.11119809 0.99379826,
                1.0693705e-08 -0.20850842 0.97802055,
                -6.1794257e-05 -0.30380392 0.95273459,
                6.7612142e-05 -0.39531541 0.91854542,
                0.00012539291 -0.48304117 0.87559766,
                1.4045868e-08 -0.56690896 0.82378048,
                -1.2991902e-05 -0.64528155 0.76394486,
                0.00010851346 -0.71673656 0.69734406,
                0.00011531826 -0.78134286 0.624102,
                2.1957128e-08 -0.83900267 0.54412729,
                4.2629577e-05 -0.88850594 0.45886508,
                0.00013626779 -0.92903429 0.3699936,
                8.6994602e-05 -0.96069837 0.27759436,
                2.1138382e-08 -0.98336589 0.18163562,
                0.16289549 -0.97023147 0.17920928,
                0.32143947 -0.93117893 0.17199537,
                0.47139674 -0.86725157 0.1601869,
                0.60876143 -0.78015691 0.14409958,
                0.72986406 -0.67222166 0.12416322,
                0.8314696 -0.54632902 0.10091037,
                0.91086382 -0.4058421 0.07496196,
                0.96592581 -0.25451383 0.047010761,
                0.96592581 -0.25451383 0.047010753,
                0.96592581 -0.25451383 0.04701075,
                0.96592581 -0.25451383 0.04701075,
                0.96592581 -0.25451383 0.047010753,
                0.96592581 -0.25451383 0.047010757,
                0.96592581 -0.25451383 0.047010757,
                0.96592581 -0.25451383 0.047010753,
                0.96592581 -0.25451383 0.04701075,
                0.96592581 -0.25451383 0.04701075,
                0.96592581 -0.25451383 0.047010746,
                0.96592581 -0.25451383 0.047010742,
                0.96592581 -0.25451383 0.047010742,
                0.96592581 -0.25451383 0.047010746,
                0.96592581 -0.25451383 0.047010746,
                0.96592581 -0.25451383 0.047010742,
                0.96592581 -0.25451383 0.047010735,
                0.96592581 -0.25451383 0.047010731,
                0.96592581 -0.25451383 0.047010731,
                0.96592581 -0.25451383 0.047010735,
                0.96592581 -0.25451383 0.047010738,
                0.96592581 -0.25451383 0.047010738,
                0.96592581 -0.25451383 0.047010738,
                0.96592581 -0.25451386 0.047010738,
                0.96592581 -0.25451386 0.047010742,
                0.96592581 -0.25451386 0.047010738,
                0.96592581 -0.25451386 0.047010738,
                0.96592581 -0.25451386 0.047010742,
                0.96592581 -0.25451386 0.047010746,
                0.96592581 -0.25451386 0.047010753,
                0.96592581 -0.25451386 0.047010761,
                0.96592581 -0.25451386 0.047010764,
                0.96592581 -0.25451386 0.047010764,
                0.99547189 -0.093474627 0.017266899,
                0.99745214 0.070153318 -0.012953407,
                0.97181159 0.23183872 -0.042814575,
                0.91926032 0.38710409 -0.071490616,
                0.84125352 0.53164989 -0.098188028,
                0.73995137 0.66147339 -0.12216773,
                0.618159 0.77297962 -0.1427656,
                0.47924897 0.86308086 -0.15941089,
                0.32706797 0.92928225 -0.17164207,
                0.16583 0.96975076 -0.17911965,
                2.2049814e-14 0.98336589 -0.18163562,
                -6.4682965e-05 0.99647331 -0.083910562,
                -9.7386277e-05 0.99990606 0.013704367,
                -2.1458764e-05 0.99379921 0.1111894,
                1.0589036e-09 0.97802055 0.20850842,
                -9.9926023e-05 0.95273411 0.30380541,
                -8.2951985e-05 0.91855413 0.39529526,
                2.6083784e-05 0.875606 0.48302606,
                4.452906e-09 0.82378048 0.56690896,
                -0.00012511625 0.76395708 0.64526701,
                -6.8794638e-05 0.69736212 0.71671897,
                5.9857128e-05 0.62410229 0.78134263,
                1.0839075e-09 0.54412729 0.83900267,
                -0.000123997 0.45887551 0.88850057,
                -3.2253873e-05 0.36999699 0.92903292,
                9.164511e-05 0.27758053 0.96070236,
                0.20547135 0.97836488 0.024158981,
                0.41780579 0.90788883 0.034295257,
                0.61945605 0.78384525 0.043137301,
                0.79069048 0.61019474 0.04970805,
                0.91486204 0.4002305 0.053319931,
                0.98337203 0.17345314 0.053791318,
                0.99742097 -0.050031163 0.051461045,
                0.99415684 -0.055975668 0.092297815,
                0.98901439 -0.07031922 0.13002211,
                0.9823842 -0.091820389 0.16275845,
                0.97471589 -0.11893489 0.18916504,
                0.96646237 -0.14995068 0.20848323,
                0.95803797 -0.18321167 0.22044662,
                0.94980007 -0.21721384 0.22516216,
                0.94203073 -0.25064597 0.22305772,
                0.93496537 -0.2824192 0.2146605,
                0.92875659 -0.3116473 0.2007167,
                0.92355311 -0.33758864 0.18188904,
                0.91941214 -0.35971138 0.15902527,
                0.91643393 -0.37750128 0.13282183,
                0.91461307 -0.39069098 0.10413229,
                0.83743262 -0.52232021 0.16089796,
                0.73493427 -0.64321601 0.21481346,
                0.60993677 -0.74741334 0.26334473,
                0.46736526 -0.83005077 0.30427861,
                0.3136287 -0.88809353 0.33604604,
                0.15569614 -0.92068291 0.3579129,
                0.15660638 -0.8372786 0.52386928,
                0.15832862 -0.72392082 0.67146903,
                0.16057 -0.58434898 0.79545808,
                0.16355202 -0.42318487 0.89115953,
                0.16706471 -0.24584539 0.95480335,
                0.17117573 -0.058465265 0.9835043,
                0.17576282 0.13229118 0.97550321,
                0.18068109 0.31936073 0.93024892,
                0.18586978 0.49545431 0.84851485,
                0.1909408 0.65338778 0.73254764,
                0.19585158 0.78621149 0.58610034,
                0.20002191 0.88780022 0.41449001,
                0.20342962 0.95300299 0.22450319,
                0.84052545 -0.4956564 0.21872745,
                0.84558046 -0.45961609 0.27156353,
                0.85265005 -0.41476765 0.31773534,
                0.73863792 -0.60320455 0.3009291,
                0.6135819 -0.69463086 0.37550664,
                0.74469364 -0.54901183 0.37949628,
                0.75319612 -0.48158824 0.44807184,
                0.61956084 -0.62301546 0.47748935,
                0.62796307 -0.53401935 0.5661146,
                0.86156261 -0.3620941 0.35580581,
                0.87227124 -0.30267349 0.38409841,
                0.8845253 -0.23797409 0.40122727,
                0.89810658 -0.16978486 0.40568182,
                0.76394391 -0.40238914 0.50445288,
                0.77692497 -0.31310281 0.54621816,
                0.63861185 -0.42964453 0.63842034,
                0.6515097 -0.312305 0.69137591,
                0.79184151 -0.21594532 0.57127458,
                0.80847561 -0.11363413 0.57745516,
                0.66637218 -0.18503866 0.72229415,
                0.68301272 -0.051532649 0.72858632,
                0.47038859 -0.76552421 0.43898436,
                0.31566286 -0.81325465 0.48884949,
                0.47539693 -0.67786527 0.56079984,
                0.48240507 -0.56916618 0.66583419,
                0.31912842 -0.71152622 0.62600917,
                0.32390314 -0.5857724 0.7429384,
                0.49132219 -0.44212005 0.75042146,
                0.50211871 -0.30001426 0.81109077,
                0.33003643 -0.43956232 0.83538073,
                0.33742079 -0.27719948 0.89961529,
                0.51458371 -0.146823 0.84477609,
                0.52856404 0.01275578 0.84879756,
                0.34596997 -0.1037082 0.93249631,
                0.3555522 0.07519751 0.9316265,
                0.91260558 -0.10030914 0.39634466,
                0.92755002 -0.032222912 0.37230712,
                0.94229335 0.031394184 0.3333132,
                0.95608371 0.087113909 0.27984828,
                0.82632297 -0.0094858333 0.56311661,
                0.84483659 0.092487261 0.52696985,
                0.70091778 0.0838072 0.70830119,
                0.71957725 0.2157508 0.66004556,
                0.8631925 0.1876967 0.46868825,
                0.8804608 0.27102357 0.38901794,
                0.73812312 0.33842379 0.58364683,
                0.75565082 0.44534144 0.48027375,
                0.96807677 0.13141027 0.21344486,
                0.97741932 0.16104192 0.13680989,
                0.89553821 0.33726594 0.29028082,
                0.90733308 0.38157818 0.1764788,
                0.77097547 0.53004444 0.35305768,
                0.78301489 0.58650106 0.20713316,
                0.54361665 0.17328568 0.82125086,
                0.55935156 0.32853037 0.76104772,
                0.36585689 0.25316924 0.89557469,
                0.37665707 0.42326322 0.82400101,
                0.57498276 0.47169703 0.66850334,
                0.58981508 0.59548086 0.54545462,
                0.38734239 0.57823831 0.71805733,
                0.39753568 0.71063924 0.58048016,
                0.60275733 0.69281346 0.39584476,
                0.61297798 0.75717932 0.2256934,
                0.40636951 0.8135314 0.41596937,
                0.4134078 0.8807283 0.2311096,
                2.1138204e-08 -0.98336589 0.18163562,
                8.6994602e-05 -0.99647325 0.083911031,
                0.00013626779 -0.99990612 -0.013702741,
                4.2629588e-05 -0.99379939 -0.11118809,
                2.1967562e-08 -0.97802055 -0.20850842,
                0.00011531827 -0.95273459 -0.30380392,
                0.00010851348 -0.91855532 -0.39529246,
                -1.2991883e-05 -0.87560683 -0.48302451,
                1.4067322e-08 -0.82378048 -0.5669089,
                0.00012539294 -0.76395714 -0.64526701,
                6.7612171e-05 -0.69736195 -0.71671915,
                -6.1794228e-05 -0.624102 -0.78134286,
                1.0727195e-08 -0.54412729 -0.83900267,
                0.0001158557 -0.45887402 -0.88850135,
                1.7323509e-05 -0.3699941 -0.92903411,
                -0.00010069148 -0.27757868 -0.9607029,
                -3.6169161e-09 -0.18163562 -0.98336589,
                9.1645161e-05 -0.083925359 -0.99647206,
                -3.2253833e-05 0.013706412 -0.99990606,
                -0.00012399697 0.11119975 -0.99379808,
                1.1208589e-09 0.20850842 -0.97802055,
                5.9857161e-05 0.30380428 -0.95273447,
                -6.8794609e-05 0.39531559 -0.91854537,
                -0.00012511622 0.48304111 -0.87559766,
                4.4786961e-09 0.5669089 -0.82378048,
                2.6083806e-05 0.64528018 -0.763946,
                -8.2951963e-05 0.71673441 -0.69734621,
                -9.9926008e-05 0.78134191 -0.62410325,
                1.0720709e-09 0.83900267 -0.54412729,
                -2.1458753e-05 0.88850534 -0.45886624,
                -9.738627e-05 0.9290337 -0.36999512,
                -6.4682958e-05 0.96069825 -0.2775948,
                -1.8977822e-13 0.98336589 -0.18163562,
                0.16583 0.96975034 -0.17912187,
                0.32706797 0.92928088 -0.17164953,
                0.47924897 0.86307836 -0.15942463,
                0.618159 0.77297604 -0.14278486,
                0.73995137 0.66146916 -0.12219043,
                0.84125352 0.5316456 -0.098211229,
                0.91926032 0.38710031 -0.071511179,
                0.97181159 0.23183589 -0.042829864,
                0.99745214 0.070151716 -0.012962065,
                0.99547189 -0.093475118 0.017264226,
                0.96592581 -0.25451383 0.047010757,
                0.96592581 -0.25451386 0.047010764,
                0.96592581 -0.25451386 0.047010768,
                0.96592581 -0.25451386 0.047010772,
                0.96592581 -0.25451386 0.047010779,
                0.96592581 -0.25451386 0.047010779,
                0.96592581 -0.25451383 0.047010779,
                0.96592581 -0.25451383 0.047010779,
                0.96592581 -0.25451383 0.047010779,
                0.96592581 -0.25451383 0.047010779,
                0.96592581 -0.25451383 0.047010779,
                0.96592581 -0.25451383 0.047010779,
                0.96592581 -0.25451383 0.047010779,
                0.96592581 -0.25451383 0.047010783,
                0.96592581 -0.25451383 0.047010783,
                0.96592581 -0.25451383 0.047010779,
                0.96592581 -0.25451383 0.047010776,
                0.96592581 -0.25451383 0.047010768,
                0.96592581 -0.25451383 0.047010764,
                0.96592581 -0.25451383 0.047010764,
                0.96592581 -0.25451383 0.047010768,
                0.96592581 -0.25451383 0.047010768,
                0.96592581 -0.25451383 0.047010764,
                0.96592581 -0.25451383 0.047010761,
                0.96592581 -0.25451383 0.047010761,
                0.96592581 -0.25451383 0.047010757,
                0.96592581 -0.25451383 0.047010753,
                0.96592581 -0.25451383 0.047010753,
                0.96592581 -0.25451383 0.047010757,
                0.96592581 -0.25451383 0.047010761,
                0.96592581 -0.25451383 0.047010761,
                0.96592581 -0.25451383 0.047010757,
                0.96592581 -0.25451383 0.047010753,
                0.91086382 -0.40584198 0.074962623,
                0.8314696 -0.54632866 0.10091231,
                0.72986406 -0.67222106 0.1241662,
                0.60876143 -0.78015631 0.14410287,
                0.47139674 -0.86725104 0.16018972,
                0.32143947 -0.93117863 0.1719971,
                0.16289549 -0.97023135 0.17920986,
                0.15569614 -0.98779023 -0.0054025147,
                0.3136287 -0.94953966 0.0033796341,
                0.46736526 -0.88397855 0.012316403,
                0.60993677 -0.792171 0.021028919,
                0.73493427 -0.67751217 0.029135682,
                0.83743262 -0.54533333 0.036306262,
                0.91461301 -0.40211105 0.042304639,
                0.91643393 -0.40004039 0.010796389,
                0.91941214 -0.39278492 -0.020033134,
                0.92355311 -0.38028947 -0.049291171,
                0.92875659 -0.36278561 -0.076143511,
                0.93496537 -0.34046721 -0.099608362,
                0.94203073 -0.31379017 -0.11880182,
                0.94980007 -0.28331578 -0.13271031,
                0.95803797 -0.24987262 -0.14045244,
                0.96646237 -0.21453266 -0.14116022,
                0.97471589 -0.17866236 -0.13419643,
                0.9823842 -0.14390378 -0.1192183,
                0.98901439 -0.11212695 -0.096322834,
                0.99415684 -0.085253641 -0.066211618,
                0.99742097 -0.065113306 -0.030192932,
                0.98337203 0.14279239 -0.11220442,
                0.91486204 0.35477468 -0.19277547,
                0.79069048 0.55217516 -0.26440716,
                0.61945605 0.71671492 -0.32030287,
                0.41780579 0.8357324 -0.35635617,
                0.20547135 0.90517914 -0.37206477,
                0.20342962 0.80992204 -0.55012965,
                0.20002191 0.68115288 -0.7042883,
                0.19585158 0.52496314 -0.82828486,
                0.1909408 0.34858835 -0.91762072,
                0.18586978 0.15964904 -0.96951771,
                0.18068109 -0.034023106 -0.98295307,
                0.17576282 -0.22491537 -0.95839477,
                0.17117573 -0.40594336 -0.89772427,
                0.16706471 -0.57070678 -0.80397958,
                0.16355202 -0.71360946 -0.68118447,
                0.16057 -0.82995218 -0.53422523,
                0.15832862 -0.91602224 -0.36855835,
                0.15660638 -0.96917349 -0.19020301,
                0.97741932 0.10154349 -0.18531153,
                0.96807677 0.046490829 -0.24630462,
                0.95608371 -0.018603923 -0.29250264,
                0.90733308 0.29335725 -0.30114484,
                0.78301489 0.47380811 -0.4029808,
                0.89553821 0.21131553 -0.39160824,
                0.8804608 0.11417231 -0.46016672,
                0.77097547 0.36894822 -0.51910889,
                0.75565082 0.244389 -0.60767251,
                0.94229335 -0.089746282 -0.3225351,
                0.92755002 -0.16309547 -0.33623025,
                0.91260558 -0.23527606 -0.33435935,
                0.89810658 -0.30350307 -0.31826171,
                0.8631925 0.0078830933 -0.50481343,
                0.84483659 -0.101864 -0.52523792,
                0.73812312 0.10759827 -0.6660307,
                0.71957725 -0.034272198 -0.69356614,
                0.82632297 -0.21002126 -0.52257192,
                0.80847561 -0.31241968 -0.4987596,
                0.70091778 -0.17474806 -0.6915037,
                0.68301272 -0.30840418 -0.66210306,
                0.61297798 0.62659419 -0.48128754,
                0.4134078 0.74005628 -0.53048158,
                0.60275733 0.50569254 -0.61721849,
                0.58981508 0.36133733 -0.72218663,
                0.40636951 0.611256 -0.67913908,
                0.39753568 0.45638505 -0.79603899,
                0.57498276 0.20176458 -0.79289711,
                0.55935156 0.034984976 -0.82819194,
                0.38734239 0.28357387 -0.87724096,
                0.37665707 0.10097836 -0.92083269,
                0.54361665 -0.13152248 -0.82896489,
                0.52856404 -0.29130059 -0.79734808,
                0.36585689 -0.083460458 -0.92692131,
                0.3555522 -0.26256782 -0.89701772,
                0.8845253 -0.36560169 -0.28974193,
                0.87227124 -0.41991311 -0.25063083,
                0.86156261 -0.46530604 -0.20297833,
                0.85265005 -0.50090414 -0.14860338,
                0.79184151 -0.40577218 -0.45643833,
                0.77692497 -0.48756805 -0.39832777,
                0.66637218 -0.43085334 -0.60853392,
                0.6515097 -0.53867739 -0.53419262,
                0.76394391 -0.55604327 -0.32742268,
                0.75319612 -0.60987568 -0.24646965,
                0.63861185 -0.62935722 -0.44281417,
                0.62796307 -0.70101547 -0.33799368,
                0.84558046 -0.52629948 -0.089456983,
                0.84052545 -0.54108721 -0.02723255,
                0.74469364 -0.64835328 -0.15833327,
                0.73863792 -0.67090374 -0.065591015,
                0.61956084 -0.75247991 -0.22342427,
                0.6135819 -0.78293872 -0.10258763,
                0.51458365 -0.43891332 -0.73658586,
                0.50211871 -0.56996316 -0.65039897,
                0.34596997 -0.42997953 -0.83391988,
                0.33742079 -0.58027726 -0.7412324,
                0.49132219 -0.6810196 -0.54296851,
                0.48240507 -0.76946586 -0.41857806,
                0.33003643 -0.7089805 -0.62323558,
                0.32390314 -0.81252021 -0.48466244,
                0.47539693 -0.83347142 -0.28164375,
                0.47038859 -0.87183034 -0.13655178,
                0.31912842 -0.88820595 -0.33052576,
                0.31566286 -0.93422467 -0.16607599,
                0.96592581 -0.25451383 0.047010757,
                0.96592581 -0.25451383 0.047010757,
                0.96592581 -0.25451383 0.047010757,
                0.96592581 -0.25451383 0.047010757,
                0.96592581 -0.25451383 0.047010757,
                0.96592581 -0.25451383 0.047010757,
                0.96592581 -0.25451383 0.047010757,
                0.96592581 -0.25451383 0.047010757,
                0.96592581 -0.25451383 0.047010757,
                0.96592581 -0.25451383 0.047010757,
                0.96592581 -0.25451383 0.047010757,
                0.96592581 -0.25451383 0.047010757,
                0.96592581 -0.25451383 0.047010757,
                0.96592581 -0.25451383 0.047010757,
                0.96592581 -0.25451383 0.047010757,
                0.96592581 -0.25451383 0.047010757,
                0.96592581 -0.25451383 0.047010757,
                0.96592581 -0.25451383 0.047010757,
                0.96592581 -0.25451383 0.047010757,
                0.96592581 -0.25451383 0.047010757,
                0.96592581 -0.25451383 0.047010757,
                0.96592581 -0.25451383 0.047010757,
                0.96592581 -0.25451383 0.047010757,
                0.96592581 -0.25451383 0.047010757,
                0.96592581 -0.25451383 0.047010757,
                0.96592581 -0.25451383 0.047010757,
                0.96592581 -0.25451383 0.047010757,
                0.96592581 -0.25451383 0.047010757,
                0.96592581 -0.25451383 0.047010757,
                0.96592581 -0.25451383 0.047010757,
                0.96592581 -0.25451383 0.047010757,
                0.96592581 -0.25451383 0.047010757,
                0.96592581 -0.25451383 0.047010757,
                0.96592581 -0.25451383 0.047010757,
                0.96592581 -0.25451383 0.047010757,
                0.96592581 -0.25451383 0.047010757,
                0.96592581 -0.25451383 0.047010757,
                0.96592581 -0.25451383 0.047010757,
                0.96592581 -0.25451383 0.047010757,
                0.96592581 -0.25451383 0.047010757,
                0.96592581 -0.25451383 0.047010757,
                0.96592581 -0.25451383 0.047010757,
                0.96592581 -0.25451383 0.047010757,
                0.96592581 -0.25451383 0.047010757,
                0.96592581 -0.25451383 0.047010757,
                0.96592581 -0.25451383 0.047010757,
                0.96592581 -0.25451383 0.047010757,
                0.96592581 -0.25451383 0.047010757,
                0.96592581 -0.25451383 0.047010757,
                0.96592581 -0.25451383 0.047010757,
                0.96592581 -0.25451383 0.047010757,
                0.96592581 -0.25451383 0.047010757,
                0.96592581 -0.25451383 0.047010757,
                0.96592581 -0.25451383 0.047010757,
                0.96592581 -0.25451383 0.047010757,
                0.96592581 -0.25451383 0.047010757,
                0.96592581 -0.25451383 0.047010757,
                0.96592581 -0.25451383 0.047010757,
                0.96592581 -0.25451383 0.047010757,
                0.96592581 -0.25451383 0.047010757,
                0.96592581 -0.25451383 0.047010757,
                0.96592581 -0.25451383 0.047010757,
                0.96592581 -0.25451383 0.047010757,
                0.96592581 -0.25451383 0.047010757,
                4.8900503e-14 0.18163562 0.98336589,
                -4.3090104e-14 0.18163562 0.98336589,
                -2.9942405e-14 0.0081010908 0.99996716,
                -3.1818118e-14 -0.16564672 0.98618513,
                -3.4968993e-14 -0.33438438 0.94243681,
                -2.2184962e-14 -0.49295464 0.87005502,
                -1.6735292e-14 -0.63654894 0.77123636,
                -1.6985694e-14 -0.76080233 0.64898366,
                -1.7545303e-14 -0.86193883 0.50701225,
                -2.6231914e-14 -0.93688571 0.34963572,
                -9.2759942e-15 -0.98336589 0.18163562,
                -2.6874546e-14 -0.99996704 0.0081166057,
                -5.3677399e-14 -0.98618478 -0.16564891,
                -1.6711137e-14 -0.94243783 -0.33438149,
                -1.5489056e-14 -0.87005514 -0.4929544,
                -1.3555623e-14 -0.77123648 -0.6365487,
                -3.5945869e-14 -0.64898598 -0.76080036,
                -5.8005656e-14 -0.50701034 -0.86193997,
                -5.2318562e-14 -0.34965026 -0.93688029,
                -4.4496308e-14 -0.18163562 -0.98336589,
                4.9765964e-14 -0.18163562 -0.98336589,
                3.5027672e-14 -0.017289625 -0.99985051,
                3.7314241e-14 0.1475011 -0.98906189,
                3.0083117e-14 0.30828983 -0.95129246,
                4.1160766e-14 0.4606607 -0.88757634,
                2.5156684e-14 0.60046786 -0.79964888,
                2.547159e-14 0.72389573 -0.6899094,
                3.3809262e-14 0.82757807 -0.56135064,
                2.6477647e-14 0.90868628 -0.41747957,
                2.6823282e-14 0.9650079 -0.26222089,
                3.5698217e-14 0.99500656 -0.099809587,
                5.3490693e-14 0.99786407 0.065324336,
                7.9122703e-14 0.97350246 0.22867651,
                -1.2630407e-15 0.92258626 0.38579088,
                3.7981916e-14 0.84650457 0.53238142,
                6.202268e-14 0.74733251 0.66445023,
                1.4379136e-14 0.62777674 0.77839345,
                5.391797e-14 0.49108967 0.87110901,
                4.8799367e-14 0.34102634 0.94005376,
                -0.12269663 -0.073128648 0.98974627,
                -0.168 -0.045903772 0.98471767,
                -0.2109589 -0.0066769035 0.97747213,
                -0.24705882 0.044797271 0.96796441,
                -0.27138463 0.10659359 0.95655018,
                -0.28 0.17437018 0.9440313,
                -0.27138463 0.24214679 0.93151236,
                -0.24705882 0.3039431 0.92009813,
                -0.2109589 0.35541728 0.91059041,
                -0.168 0.39464414 0.90334487,
                -0.12269663 0.42186904 0.89831626,
                -0.078400001 0.43869895 0.89520764,
                -0.12269663 0.57694459 0.80751503,
                -0.168 0.71172726 0.68207061,
                -0.2109589 0.83068806 0.51522195,
                -0.24705882 0.91844434 0.30890438,
                -0.27138463 0.95969445 0.073054343,
                -0.28 0.9440313 -0.17437018,
                -0.27138463 0.87027383 -0.41106427,
                -0.24705882 0.74749321 -0.61661649,
                -0.2109589 0.59182477 -0.77797157,
                -0.168 0.42111027 -0.89131486,
                -0.12269663 0.25040865 -0.96033382,
                -0.078400001 0.089958563 -0.99285489,
                -0.12269663 0.073128648 -0.98974627,
                -0.168 0.045903772 -0.98471767,
                -0.2109589 0.0066769035 -0.97747213,
                -0.24705882 -0.044797271 -0.96796441,
                -0.27138463 -0.10659359 -0.95655018,
                -0.28 -0.17437018 -0.9440313,
                -0.27138463 -0.24214679 -0.93151236,
                -0.24705882 -0.3039431 -0.92009813,
                -0.2109589 -0.35541728 -0.91059041,
                -0.168 -0.39464414 -0.90334487,
                -0.12269663 -0.42186904 -0.89831626,
                -0.078400001 -0.43869895 -0.89520764,
                -0.12269663 -0.57694459 -0.80751503,
                -0.168 -0.71172726 -0.68207061,
                -0.2109589 -0.83068806 -0.51522195,
                -0.24705882 -0.91844434 -0.30890438,
                -0.27138463 -0.95969445 -0.073054343,
                -0.28 -0.9440313 0.17437018,
                -0.27138463 -0.87027383 0.41106427,
                -0.24705882 -0.74749321 0.61661649,
                -0.2109589 -0.59182477 0.77797157,
                -0.168 -0.42111027 0.89131486,
                -0.12269663 -0.25040865 0.96033382,
                -0.078400001 -0.089958563 0.99285489,
                -0.19202121 0.2240697 -0.95546877,
                -0.26292136 0.18146256 -0.94759893,
                -0.26292136 0.38504615 -0.88465351,
                -0.36000001 0.32670715 -0.87387782,
                -0.33015239 0.12007219 -0.93625963,
                -0.38664904 0.039514691 -0.92137998,
                -0.4520548 0.24264957 -0.85835171,
                -0.52941179 0.13234776 -0.83797807,
                -0.4247191 -0.057197038 -0.90351659,
                -0.43820226 -0.16326797 -0.88392442,
                -0.58153844 -7.291128e-05 -0.81351888,
                -0.60000002 -0.14530849 -0.78669274,
                -0.33015239 0.54653883 -0.76960689,
                -0.4520548 0.47328207 -0.75607574,
                -0.38664904 0.69445771 -0.6068204,
                -0.52941179 0.60866505 -0.59097379,
                -0.4247191 0.81201643 -0.40030363,
                -0.58153844 0.71777648 -0.38289675,
                -0.43820226 0.88392442 -0.16326797,
                -0.60000002 0.78669274 -0.14530849,
                -0.56764871 0.36773032 -0.73657948,
                -0.66478646 0.22922347 -0.71099615,
                -0.66478646 0.48505098 -0.56814128,
                -0.77854669 0.32284245 -0.53818005,
                -0.73024237 0.062941812 -0.68028259,
                -0.75342464 -0.11943164 -0.64659673,
                -0.85520363 0.12810615 -0.50221068,
                -0.88235295 -0.085475586 -0.46276042,
                -0.73024237 0.5819912 -0.35781613,
                -0.85520363 0.40381134 -0.32490486,
                -0.75342464 0.64659679 -0.11943164,
                -0.88235295 0.46276042 -0.085475586,
                -0.9394083 0.18990101 -0.28539389,
                -0.96923077 -0.044710305 -0.24205931,
                -0.96923077 0.24205931 -0.044710305,
                -1 2.9695749e-14 -5.4850444e-15,
                -0.4247191 -0.26933891 -0.86433226,
                -0.38664904 -0.36605063 -0.84646881,
                -0.58153844 -0.29054406 -0.75986654,
                -0.52941179 -0.42296475 -0.73540735,
                -0.33015239 -0.44660813 -0.83158922,
                -0.26292136 -0.50799847 -0.82024992,
                -0.4520548 -0.53326654 -0.71503377,
                -0.36000001 -0.61732411 -0.69950765,
                -0.19202121 -0.55060565 -0.81238002,
                -0.26292136 -0.67566311 -0.68873197,
                -0.73024237 -0.30180508 -0.61291093,
                -0.66478646 -0.46808675 -0.58219737,
                -0.85520363 -0.2990573 -0.42331016,
                -0.77854669 -0.49379361 -0.38734078,
                -0.56764871 -0.60659361 -0.55661404,
                -0.4520548 -0.71214533 -0.53711778,
                -0.66478646 -0.65600216 -0.35737956,
                -0.52941179 -0.77961624 -0.33454704,
                -0.9394083 -0.27932164 -0.1987247,
                -0.85520363 -0.49323195 -0.15921374,
                -0.96923077 -0.24205931 0.044710305,
                -0.88235295 -0.46276042 0.085475586,
                -0.73024237 -0.67141175 -0.12630248,
                -0.58153844 -0.80719709 -0.10122184,
                -0.75342464 -0.64659679 0.11943164,
                -0.60000002 -0.78669274 0.14530849,
                -0.33015239 -0.78540206 -0.52358663,
                -0.38664904 -0.8654089 -0.31870046,
                -0.4247191 -0.90143704 -0.083814964,
                -0.43820226 -0.88392442 0.16326797,
                -0.4247191 0.90143704 0.083814964,
                -0.58153844 0.80719709 0.10122184,
                -0.38664904 0.8654089 0.31870046,
                -0.52941179 0.77961624 0.33454704,
                -0.33015239 0.78540206 0.52358663,
                -0.4520548 0.71214533 0.53711778,
                -0.26292136 0.67566311 0.68873197,
                -0.36000001 0.61732411 0.69950765,
                -0.73024237 0.67141175 0.12630248,
                -0.85520363 0.49323195 0.15921374,
                -0.66478646 0.65600216 0.35737956,
                -0.77854669 0.49379361 0.38734078,
                -0.9394083 0.27932164 0.1987247,
                -0.96923077 0.044710305 0.24205931,
                -0.85520363 0.2990573 0.42331016,
                -0.88235295 0.085475586 0.46276042,
                -0.56764871 0.60659361 0.55661404,
                -0.66478646 0.46808675 0.58219737,
                -0.4520548 0.53326654 0.71503377,
                -0.52941179 0.42296475 0.73540735,
                -0.73024237 0.30180508 0.61291093,
                -0.75342464 0.11943164 0.64659673,
                -0.58153844 0.29054406 0.75986654,
                -0.60000002 0.14530849 0.78669274,
                -0.19202121 0.55060565 0.81238002,
                -0.26292136 0.50799847 0.82024992,
                -0.33015239 0.44660813 0.83158922,
                -0.38664904 0.36605063 0.84646881,
                -0.4247191 0.26933891 0.86433226,
                -0.43820226 0.16326797 0.88392442,
                -0.9394083 -0.18990101 0.28539389,
                -0.85520363 -0.40381134 0.32490486,
                -0.85520363 -0.12810615 0.50221068,
                -0.77854669 -0.32284245 0.53818005,
                -0.73024237 -0.5819912 0.35781613,
                -0.58153844 -0.71777648 0.38289675,
                -0.66478646 -0.48505098 0.56814128,
                -0.52941179 -0.60866505 0.59097379,
                -0.73024237 -0.062941812 0.68028259,
                -0.66478646 -0.22922347 0.71099615,
                -0.58153844 7.291128e-05 0.81351888,
                -0.52941179 -0.13234776 0.83797807,
                -0.56764871 -0.36773032 0.73657948,
                -0.4520548 -0.47328207 0.75607574,
                -0.4520548 -0.24264957 0.85835171,
                -0.36000001 -0.32670715 0.87387782,
                -0.4247191 -0.81201643 0.40030363,
                -0.38664904 -0.69445771 0.6068204,
                -0.33015239 -0.54653883 0.76960689,
                -0.26292136 -0.38504615 0.88465351,
                -0.4247191 0.057197038 0.90351659,
                -0.38664904 -0.039514691 0.92137998,
                -0.33015239 -0.12007219 0.93625963,
                -0.26292136 -0.18146256 0.94759893,
                -0.19202121 -0.2240697 0.95546877

              ]
            }
            coordIndex [
              33 15 16 -1 
              34 16 17 -1 
              35 17 18 -1 
              36 18 19 -1 
              37 19 20 -1 
              38 20 21 -1 
              39 21 22 -1 
              40 22 23 -1 
              41 23 24 -1 
              42 24 25 -1 
              43 25 26 -1 
              44 26 27 -1 
              45 27 28 -1 
              46 28 29 -1 
              47 29 30 -1 
              48 30 1 -1 
              32 14 15 -1 
              48 1 2 -1 
              31 0 14 -1 
              47 30 48 -1 
              46 29 47 -1 
              45 28 46 -1 
              44 27 45 -1 
              43 26 44 -1 
              42 25 43 -1 
              41 24 42 -1 
              40 23 41 -1 
              39 22 40 -1 
              38 21 39 -1 
              37 20 38 -1 
              36 19 37 -1 
              35 18 36 -1 
              34 17 35 -1 
              33 16 34 -1 
              32 15 33 -1 
              31 14 32 -1 
              3 0 31 -1 
              52 17 16 -1 
              51 16 15 -1 
              50 15 14 -1 
              49 14 0 -1 
              53 18 17 -1 
              49 0 4 -1 
              54 19 18 -1 
              50 14 49 -1 
              55 20 19 -1 
              51 15 50 -1 
              56 21 20 -1 
              52 16 51 -1 
              53 17 52 -1 
              57 22 21 -1 
              54 18 53 -1 
              5 23 22 -1 
              55 19 54 -1 
              58 24 23 -1 
              56 20 55 -1 
              59 25 24 -1 
              57 21 56 -1 
              60 26 25 -1 
              5 22 57 -1 
              58 23 5 -1 
              62 28 27 -1 
              59 24 58 -1 
              63 29 28 -1 
              60 25 59 -1 
              64 30 29 -1 
              61 26 60 -1 
              65 1 30 -1 
              63 28 62 -1 
              64 29 63 -1 
              65 30 64 -1 
              6 1 65 -1 
              26 62 27 -1 
              62 26 61 -1 
              49 8 80 -1 
              49 80 79 -1 
              50 79 78 -1 
              50 78 77 -1 
              51 77 76 -1 
              52 76 75 -1 
              52 75 74 -1 
              53 74 73 -1 
              54 73 72 -1 
              54 72 71 -1 
              55 71 70 -1 
              55 70 69 -1 
              56 69 68 -1 
              57 68 67 -1 
              57 67 66 -1 
              5 66 7 -1 
              57 66 5 -1 
              56 68 57 -1 
              55 69 56 -1 
              54 71 55 -1 
              53 73 54 -1 
              52 74 53 -1 
              51 76 52 -1 
              50 77 51 -1 
              49 79 50 -1 
              4 8 49 -1 
              96 85 84 -1 
              82 100 83 -1 
              81 101 82 -1 
              9 103 81 -1 
              98 84 83 -1 
              103 9 10 -1 
              102 81 103 -1 
              101 81 102 -1 
              95 86 85 -1 
              100 82 101 -1 
              99 83 100 -1 
              98 83 99 -1 
              93 87 86 -1 
              97 84 98 -1 
              96 84 97 -1 
              95 85 96 -1 
              91 88 87 -1 
              94 86 95 -1 
              93 86 94 -1 
              92 87 93 -1 
              91 87 92 -1 
              89 4 88 -1 
              90 88 91 -1 
              89 8 4 -1 
              89 88 90 -1 
              118 5 7 -1 
              58 5 118 -1 
              58 118 117 -1 
              58 117 116 -1 
              59 116 115 -1 
              59 115 114 -1 
              60 114 113 -1 
              60 113 112 -1 
              61 112 111 -1 
              62 111 110 -1 
              62 110 109 -1 
              63 109 108 -1 
              63 108 107 -1 
              64 107 106 -1 
              64 106 105 -1 
              65 105 104 -1 
              65 104 11 -1 
              6 11 133 -1 
              134 133 132 -1 
              134 132 131 -1 
              135 131 130 -1 
              136 130 129 -1 
              136 129 128 -1 
              137 128 127 -1 
              137 127 126 -1 
              138 126 125 -1 
              139 125 124 -1 
              139 124 123 -1 
              140 123 122 -1 
              141 122 121 -1 
              141 121 120 -1 
              142 120 119 -1 
              9 119 10 -1 
              142 119 9 -1 
              141 120 142 -1 
              140 122 141 -1 
              139 123 140 -1 
              138 125 139 -1 
              137 126 138 -1 
              136 128 137 -1 
              135 130 136 -1 
              134 131 135 -1 
              6 133 134 -1 
              65 11 6 -1 
              64 105 65 -1 
              63 107 64 -1 
              62 109 63 -1 
              61 111 62 -1 
              60 112 61 -1 
              59 114 60 -1 
              58 116 59 -1 
              159 4 0 -1 
              88 4 159 -1 
              87 159 158 -1 
              86 158 157 -1 
              85 157 156 -1 
              142 150 141 -1 
              141 149 140 -1 
              139 148 147 -1 
              138 147 146 -1 
              137 146 145 -1 
              136 145 144 -1 
              135 144 143 -1 
              134 143 1 -1 
              140 149 148 -1 
              134 1 6 -1 
              141 150 149 -1 
              135 143 134 -1 
              142 151 150 -1 
              136 144 135 -1 
              9 152 151 -1 
              137 145 136 -1 
              81 153 152 -1 
              138 146 137 -1 
              139 147 138 -1 
              82 154 153 -1 
              140 148 139 -1 
              83 155 154 -1 
              9 151 142 -1 
              84 156 155 -1 
              81 152 9 -1 
              82 153 81 -1 
              83 154 82 -1 
              84 155 83 -1 
              85 156 84 -1 
              86 157 85 -1 
              87 158 86 -1 
              88 159 87 -1 
              143 2 1 -1 
              160 143 161 -1 
              162 145 163 -1 
              164 147 165 -1 
              166 149 167 -1 
              168 151 169 -1 
              170 153 171 -1 
              172 155 173 -1 
              174 157 175 -1 
              176 159 3 -1 
              169 151 152 -1 
              170 152 153 -1 
              171 153 154 -1 
              172 154 155 -1 
              173 155 156 -1 
              174 156 157 -1 
              175 157 158 -1 
              176 158 159 -1 
              3 159 0 -1 
              175 158 176 -1 
              168 150 151 -1 
              173 156 174 -1 
              167 149 150 -1 
              171 154 172 -1 
              166 148 149 -1 
              169 152 170 -1 
              165 147 148 -1 
              167 150 168 -1 
              164 146 147 -1 
              165 148 166 -1 
              163 145 146 -1 
              163 146 164 -1 
              162 144 145 -1 
              161 144 162 -1 
              161 143 144 -1 
              160 2 143 -1 
              288 91 287 -1 
              287 93 286 -1 
              286 95 285 -1 
              285 97 284 -1 
              284 97 98 -1 
              283 101 282 -1 
              282 177 281 -1 
              177 103 10 -1 
              284 99 283 -1 
              281 178 280 -1 
              99 100 283 -1 
              289 89 288 -1 
              278 182 277 -1 
              279 180 181 -1 
              277 182 183 -1 
              184 183 12 -1 
              276 183 184 -1 
              278 181 182 -1 
              179 180 279 -1 
              275 186 187 -1 
              274 188 189 -1 
              95 96 285 -1 
              273 190 191 -1 
              93 94 286 -1 
              272 192 193 -1 
              91 92 287 -1 
              271 194 195 -1 
              89 90 288 -1 
              270 196 197 -1 
              80 8 289 -1 
              269 198 199 -1 
              269 199 200 -1 
              200 201 268 -1 
              268 201 202 -1 
              202 203 267 -1 
              267 203 204 -1 
              204 205 266 -1 
              266 205 206 -1 
              206 207 265 -1 
              70 71 294 -1 
              264 208 209 -1 
              263 212 262 -1 
              262 216 261 -1 
              215 214 13 -1 
              262 214 215 -1 
              261 217 260 -1 
              219 220 259 -1 
              258 221 222 -1 
              257 222 223 -1 
              256 223 224 -1 
              66 224 7 -1 
              256 224 66 -1 
              256 66 67 -1 
              258 220 221 -1 
              294 71 72 -1 
              293 73 74 -1 
              292 75 76 -1 
              291 77 78 -1 
              256 67 68 -1 
              256 68 295 -1 
              260 218 219 -1 
              257 223 256 -1 
              260 217 218 -1 
              258 222 257 -1 
              210 211 263 -1 
              259 220 258 -1 
              261 216 217 -1 
              260 219 259 -1 
              263 211 212 -1 
              262 215 216 -1 
              262 212 213 -1 
              262 213 214 -1 
              264 209 210 -1 
              265 207 208 -1 
              264 210 263 -1 
              265 208 264 -1 
              72 73 293 -1 
              266 206 265 -1 
              74 75 292 -1 
              267 204 266 -1 
              76 77 291 -1 
              268 202 267 -1 
              78 79 290 -1 
              270 197 198 -1 
              269 200 268 -1 
              271 195 196 -1 
              270 198 269 -1 
              272 193 194 -1 
              271 196 270 -1 
              273 191 192 -1 
              272 194 271 -1 
              274 189 190 -1 
              273 192 272 -1 
              275 187 188 -1 
              274 190 273 -1 
              276 185 186 -1 
              275 188 274 -1 
              276 184 185 -1 
              276 186 275 -1 
              277 183 276 -1 
              280 178 179 -1 
              279 181 278 -1 
              281 177 178 -1 
              280 179 279 -1 
              283 100 101 -1 
              282 103 177 -1 
              282 101 102 -1 
              282 102 103 -1 
              284 98 99 -1 
              285 96 97 -1 
              286 94 95 -1 
              287 92 93 -1 
              288 90 91 -1 
              289 8 89 -1 
              290 79 80 -1 
              290 80 289 -1 
              291 78 290 -1 
              292 76 291 -1 
              293 74 292 -1 
              295 69 70 -1 
              294 72 293 -1 
              295 68 69 -1 
              295 70 294 -1 
              276 275 277 -1 
              296 277 275 -1 
              275 274 296 -1 
              297 296 274 -1 
              274 273 297 -1 
              298 297 273 -1 
              277 296 278 -1 
              299 278 296 -1 
              278 299 279 -1 
              300 279 299 -1 
              296 297 299 -1 
              301 299 297 -1 
              297 298 301 -1 
              302 301 298 -1 
              299 301 300 -1 
              303 300 301 -1 
              301 302 303 -1 
              304 303 302 -1 
              273 272 298 -1 
              305 298 272 -1 
              272 271 305 -1 
              306 305 271 -1 
              271 270 306 -1 
              307 306 270 -1 
              270 269 307 -1 
              308 307 269 -1 
              298 305 302 -1 
              309 302 305 -1 
              305 306 309 -1 
              310 309 306 -1 
              302 309 304 -1 
              311 304 309 -1 
              309 310 311 -1 
              312 311 310 -1 
              306 307 310 -1 
              313 310 307 -1 
              307 308 313 -1 
              314 313 308 -1 
              310 313 312 -1 
              315 312 313 -1 
              313 314 315 -1 
              316 315 314 -1 
              279 300 280 -1 
              317 280 300 -1 
              280 317 281 -1 
              318 281 317 -1 
              300 303 317 -1 
              319 317 303 -1 
              303 304 319 -1 
              320 319 304 -1 
              317 319 318 -1 
              321 318 319 -1 
              319 320 321 -1 
              322 321 320 -1 
              281 318 282 -1 
              283 282 318 -1 
              318 321 283 -1 
              284 283 321 -1 
              321 322 284 -1 
              285 284 322 -1 
              304 311 320 -1 
              323 320 311 -1 
              311 312 323 -1 
              324 323 312 -1 
              320 323 322 -1 
              325 322 323 -1 
              323 324 325 -1 
              326 325 324 -1 
              312 315 324 -1 
              327 324 315 -1 
              315 316 327 -1 
              328 327 316 -1 
              324 327 326 -1 
              329 326 327 -1 
              327 328 329 -1 
              330 329 328 -1 
              322 325 285 -1 
              286 285 325 -1 
              325 326 286 -1 
              287 286 326 -1 
              326 329 287 -1 
              288 287 329 -1 
              329 330 288 -1 
              289 288 330 -1 
              269 268 308 -1 
              331 308 268 -1 
              268 267 331 -1 
              332 331 267 -1 
              267 266 332 -1 
              333 332 266 -1 
              266 265 333 -1 
              334 333 265 -1 
              308 331 314 -1 
              335 314 331 -1 
              331 332 335 -1 
              336 335 332 -1 
              314 335 316 -1 
              337 316 335 -1 
              335 336 337 -1 
              338 337 336 -1 
              332 333 336 -1 
              339 336 333 -1 
              333 334 339 -1 
              340 339 334 -1 
              336 339 338 -1 
              341 338 339 -1 
              339 340 341 -1 
              342 341 340 -1 
              265 264 334 -1 
              343 334 264 -1 
              264 263 343 -1 
              344 343 263 -1 
              263 262 344 -1 
              261 344 262 -1 
              334 343 340 -1 
              345 340 343 -1 
              343 344 345 -1 
              346 345 344 -1 
              340 345 342 -1 
              347 342 345 -1 
              345 346 347 -1 
              348 347 346 -1 
              344 261 346 -1 
              260 346 261 -1 
              346 260 348 -1 
              259 348 260 -1 
              316 337 328 -1 
              349 328 337 -1 
              337 338 349 -1 
              350 349 338 -1 
              328 349 330 -1 
              351 330 349 -1 
              349 350 351 -1 
              352 351 350 -1 
              338 341 350 -1 
              353 350 341 -1 
              341 342 353 -1 
              354 353 342 -1 
              350 353 352 -1 
              355 352 353 -1 
              353 354 355 -1 
              356 355 354 -1 
              330 351 289 -1 
              290 289 351 -1 
              351 352 290 -1 
              291 290 352 -1 
              352 355 291 -1 
              292 291 355 -1 
              355 356 292 -1 
              293 292 356 -1 
              342 347 354 -1 
              357 354 347 -1 
              347 348 357 -1 
              358 357 348 -1 
              354 357 356 -1 
              359 356 357 -1 
              357 358 359 -1 
              360 359 358 -1 
              348 259 358 -1 
              258 358 259 -1 
              358 258 360 -1 
              257 360 258 -1 
              356 359 293 -1 
              294 293 359 -1 
              359 360 294 -1 
              295 294 360 -1 
              360 257 295 -1 
              256 295 257 -1 
              366 182 365 -1 
              119 120 361 -1 
              361 121 400 -1 
              398 127 397 -1 
              397 129 396 -1 
              396 131 395 -1 
              395 133 394 -1 
              394 104 393 -1 
              393 106 392 -1 
              392 108 391 -1 
              391 110 390 -1 
              390 112 389 -1 
              389 114 388 -1 
              387 223 386 -1 
              7 224 118 -1 
              389 112 113 -1 
              388 116 387 -1 
              387 118 224 -1 
              386 222 385 -1 
              177 119 361 -1 
              220 385 221 -1 
              382 216 381 -1 
              218 217 383 -1 
              381 216 215 -1 
              225 215 13 -1 
              381 215 225 -1 
              382 217 216 -1 
              384 220 219 -1 
              380 227 228 -1 
              379 229 230 -1 
              110 111 390 -1 
              378 231 232 -1 
              108 109 391 -1 
              377 233 234 -1 
              106 107 392 -1 
              376 235 236 -1 
              104 105 393 -1 
              375 237 238 -1 
              133 11 394 -1 
              374 239 240 -1 
              131 132 395 -1 
              373 241 242 -1 
              129 130 396 -1 
              372 243 244 -1 
              127 128 397 -1 
              371 245 246 -1 
              125 126 398 -1 
              370 247 248 -1 
              399 125 398 -1 
              400 123 399 -1 
              123 124 399 -1 
              369 249 250 -1 
              368 253 367 -1 
              183 255 12 -1 
              367 183 366 -1 
              251 252 368 -1 
              361 120 121 -1 
              177 362 178 -1 
              177 10 119 -1 
              364 180 179 -1 
              363 179 178 -1 
              364 181 180 -1 
              362 177 361 -1 
              363 178 362 -1 
              365 182 181 -1 
              364 179 363 -1 
              366 183 182 -1 
              365 181 364 -1 
              368 252 253 -1 
              367 255 183 -1 
              367 253 254 -1 
              367 254 255 -1 
              369 250 251 -1 
              370 248 249 -1 
              369 251 368 -1 
              371 246 247 -1 
              370 249 369 -1 
              372 244 245 -1 
              371 247 370 -1 
              373 242 243 -1 
              372 245 371 -1 
              374 240 241 -1 
              373 243 372 -1 
              375 238 239 -1 
              374 241 373 -1 
              376 236 237 -1 
              375 239 374 -1 
              377 234 235 -1 
              376 237 375 -1 
              378 232 233 -1 
              377 235 376 -1 
              379 230 231 -1 
              378 233 377 -1 
              380 228 229 -1 
              379 231 378 -1 
              381 226 227 -1 
              380 229 379 -1 
              381 225 226 -1 
              381 227 380 -1 
              383 219 218 -1 
              385 222 221 -1 
              383 217 382 -1 
              114 115 388 -1 
              384 219 383 -1 
              386 223 222 -1 
              385 220 384 -1 
              388 115 116 -1 
              387 224 223 -1 
              387 116 117 -1 
              387 117 118 -1 
              389 113 114 -1 
              390 111 112 -1 
              391 109 110 -1 
              392 107 108 -1 
              393 105 106 -1 
              394 11 104 -1 
              395 132 133 -1 
              396 130 131 -1 
              397 128 129 -1 
              398 126 127 -1 
              399 124 125 -1 
              400 122 123 -1 
              400 121 122 -1 
              381 380 382 -1 
              401 382 380 -1 
              380 379 401 -1 
              402 401 379 -1 
              379 378 402 -1 
              403 402 378 -1 
              382 401 383 -1 
              404 383 401 -1 
              383 404 384 -1 
              405 384 404 -1 
              401 402 404 -1 
              406 404 402 -1 
              402 403 406 -1 
              407 406 403 -1 
              404 406 405 -1 
              408 405 406 -1 
              406 407 408 -1 
              409 408 407 -1 
              378 377 403 -1 
              410 403 377 -1 
              377 376 410 -1 
              411 410 376 -1 
              376 375 411 -1 
              412 411 375 -1 
              375 374 412 -1 
              413 412 374 -1 
              403 410 407 -1 
              414 407 410 -1 
              410 411 414 -1 
              415 414 411 -1 
              407 414 409 -1 
              416 409 414 -1 
              414 415 416 -1 
              417 416 415 -1 
              411 412 415 -1 
              418 415 412 -1 
              412 413 418 -1 
              419 418 413 -1 
              415 418 417 -1 
              420 417 418 -1 
              418 419 420 -1 
              421 420 419 -1 
              384 405 385 -1 
              422 385 405 -1 
              385 422 386 -1 
              423 386 422 -1 
              405 408 422 -1 
              424 422 408 -1 
              408 409 424 -1 
              425 424 409 -1 
              422 424 423 -1 
              426 423 424 -1 
              424 425 426 -1 
              427 426 425 -1 
              386 423 387 -1 
              388 387 423 -1 
              423 426 388 -1 
              389 388 426 -1 
              426 427 389 -1 
              390 389 427 -1 
              409 416 425 -1 
              428 425 416 -1 
              416 417 428 -1 
              429 428 417 -1 
              425 428 427 -1 
              430 427 428 -1 
              428 429 430 -1 
              431 430 429 -1 
              417 420 429 -1 
              432 429 420 -1 
              420 421 432 -1 
              433 432 421 -1 
              429 432 431 -1 
              434 431 432 -1 
              432 433 434 -1 
              435 434 433 -1 
              427 430 390 -1 
              391 390 430 -1 
              430 431 391 -1 
              392 391 431 -1 
              431 434 392 -1 
              393 392 434 -1 
              434 435 393 -1 
              394 393 435 -1 
              374 373 413 -1 
              436 413 373 -1 
              373 372 436 -1 
              437 436 372 -1 
              372 371 437 -1 
              438 437 371 -1 
              371 370 438 -1 
              439 438 370 -1 
              413 436 419 -1 
              440 419 436 -1 
              436 437 440 -1 
              441 440 437 -1 
              419 440 421 -1 
              442 421 440 -1 
              440 441 442 -1 
              443 442 441 -1 
              437 438 441 -1 
              444 441 438 -1 
              438 439 444 -1 
              445 444 439 -1 
              441 444 443 -1 
              446 443 444 -1 
              444 445 446 -1 
              447 446 445 -1 
              370 369 439 -1 
              448 439 369 -1 
              369 368 448 -1 
              449 448 368 -1 
              368 367 449 -1 
              366 449 367 -1 
              439 448 445 -1 
              450 445 448 -1 
              448 449 450 -1 
              451 450 449 -1 
              445 450 447 -1 
              452 447 450 -1 
              450 451 452 -1 
              453 452 451 -1 
              449 366 451 -1 
              365 451 366 -1 
              451 365 453 -1 
              364 453 365 -1 
              421 442 433 -1 
              454 433 442 -1 
              442 443 454 -1 
              455 454 443 -1 
              433 454 435 -1 
              456 435 454 -1 
              454 455 456 -1 
              457 456 455 -1 
              443 446 455 -1 
              458 455 446 -1 
              446 447 458 -1 
              459 458 447 -1 
              455 458 457 -1 
              460 457 458 -1 
              458 459 460 -1 
              461 460 459 -1 
              435 456 394 -1 
              395 394 456 -1 
              456 457 395 -1 
              396 395 457 -1 
              457 460 396 -1 
              397 396 460 -1 
              460 461 397 -1 
              398 397 461 -1 
              447 452 459 -1 
              462 459 452 -1 
              452 453 462 -1 
              463 462 453 -1 
              459 462 461 -1 
              464 461 462 -1 
              462 463 464 -1 
              465 464 463 -1 
              453 364 463 -1 
              363 463 364 -1 
              463 363 465 -1 
              362 465 363 -1 
              461 464 398 -1 
              399 398 464 -1 
              464 465 399 -1 
              400 399 465 -1 
              465 362 400 -1 
              361 400 362 -1 
              214 225 13 -1 
              213 226 225 -1 
              212 227 226 -1 
              211 228 227 -1 
              210 229 228 -1 
              209 230 229 -1 
              208 231 230 -1 
              207 232 231 -1 
              206 233 232 -1 
              205 234 233 -1 
              204 235 234 -1 
              203 236 235 -1 
              202 237 236 -1 
              201 238 237 -1 
              200 239 238 -1 
              199 240 239 -1 
              198 241 240 -1 
              197 242 241 -1 
              196 243 242 -1 
              195 244 243 -1 
              194 245 244 -1 
              193 246 245 -1 
              192 247 246 -1 
              191 248 247 -1 
              190 249 248 -1 
              189 250 249 -1 
              188 251 250 -1 
              187 252 251 -1 
              186 253 252 -1 
              185 254 253 -1 
              184 255 254 -1 
              184 12 255 -1 
              185 184 254 -1 
              186 185 253 -1 
              187 186 252 -1 
              188 187 251 -1 
              189 188 250 -1 
              190 189 249 -1 
              191 190 248 -1 
              192 191 247 -1 
              193 192 246 -1 
              194 193 245 -1 
              195 194 244 -1 
              196 195 243 -1 
              197 196 242 -1 
              198 197 241 -1 
              199 198 240 -1 
              200 199 239 -1 
              201 200 238 -1 
              202 201 237 -1 
              203 202 236 -1 
              204 203 235 -1 
              205 204 234 -1 
              206 205 233 -1 
              207 206 232 -1 
              208 207 231 -1 
              209 208 230 -1 
              210 209 229 -1 
              211 210 228 -1 
              212 211 227 -1 
              213 212 226 -1 
              214 213 225 -1 
              31 477 3 -1 
              43 485 42 -1 
              507 506 167 -1 
              488 46 47 -1 
              510 172 173 -1 
              512 174 175 -1 
              513 175 176 -1 
              484 41 42 -1 
              466 513 3 -1 
              467 466 3 -1 
              513 176 3 -1 
              40 41 484 -1 
              40 483 39 -1 
              468 467 3 -1 
              469 468 3 -1 
              37 38 482 -1 
              470 469 3 -1 
              471 470 3 -1 
              481 36 37 -1 
              472 471 3 -1 
              34 35 479 -1 
              473 472 3 -1 
              32 478 477 -1 
              474 473 3 -1 
              34 479 33 -1 
              475 474 3 -1 
              478 32 33 -1 
              476 475 3 -1 
              477 31 32 -1 
              477 476 3 -1 
              480 35 36 -1 
              482 38 39 -1 
              479 478 33 -1 
              480 479 35 -1 
              486 43 44 -1 
              481 480 36 -1 
              487 44 45 -1 
              482 481 37 -1 
              487 45 46 -1 
              483 482 39 -1 
              489 47 48 -1 
              484 483 40 -1 
              485 484 42 -1 
              489 48 2 -1 
              486 485 43 -1 
              507 168 169 -1 
              487 486 44 -1 
              501 2 160 -1 
              488 487 46 -1 
              489 488 47 -1 
              490 489 2 -1 
              491 490 2 -1 
              492 491 2 -1 
              493 492 2 -1 
              166 167 506 -1 
              494 493 2 -1 
              495 494 2 -1 
              166 505 165 -1 
              496 495 2 -1 
              497 496 2 -1 
              161 502 501 -1 
              498 497 2 -1 
              163 503 162 -1 
              499 498 2 -1 
              502 161 162 -1 
              500 499 2 -1 
              501 160 161 -1 
              501 500 2 -1 
              504 164 165 -1 
              504 163 164 -1 
              507 167 168 -1 
              503 502 162 -1 
              504 503 163 -1 
              508 169 170 -1 
              505 504 165 -1 
              509 170 171 -1 
              506 505 166 -1 
              510 171 172 -1 
              508 507 169 -1 
              509 508 170 -1 
              511 173 174 -1 
              510 509 171 -1 
              511 510 173 -1 
              512 511 174 -1 
              513 512 175 -1 
              489 490 488 -1 
              514 488 490 -1 
              490 491 514 -1 
              515 514 491 -1 
              488 514 487 -1 
              516 487 514 -1 
              514 515 516 -1 
              517 516 515 -1 
              491 492 515 -1 
              518 515 492 -1 
              492 493 518 -1 
              519 518 493 -1 
              515 518 517 -1 
              520 517 518 -1 
              518 519 520 -1 
              521 520 519 -1 
              493 494 519 -1 
              522 519 494 -1 
              494 495 522 -1 
              523 522 495 -1 
              519 522 521 -1 
              524 521 522 -1 
              522 523 524 -1 
              525 524 523 -1 
              487 516 486 -1 
              526 486 516 -1 
              516 517 526 -1 
              527 526 517 -1 
              486 526 485 -1 
              528 485 526 -1 
              526 527 528 -1 
              529 528 527 -1 
              485 528 484 -1 
              530 484 528 -1 
              528 529 530 -1 
              531 530 529 -1 
              484 530 483 -1 
              532 483 530 -1 
              530 531 532 -1 
              533 532 531 -1 
              517 520 527 -1 
              534 527 520 -1 
              520 521 534 -1 
              535 534 521 -1 
              527 534 529 -1 
              536 529 534 -1 
              534 535 536 -1 
              537 536 535 -1 
              521 524 535 -1 
              538 535 524 -1 
              524 525 538 -1 
              539 538 525 -1 
              535 538 537 -1 
              540 537 538 -1 
              538 539 540 -1 
              541 540 539 -1 
              529 536 531 -1 
              542 531 536 -1 
              536 537 542 -1 
              543 542 537 -1 
              531 542 533 -1 
              544 533 542 -1 
              542 543 544 -1 
              545 544 543 -1 
              537 540 543 -1 
              546 543 540 -1 
              540 541 546 -1 
              547 546 541 -1 
              543 546 545 -1 
              548 545 546 -1 
              546 547 548 -1 
              549 548 547 -1 
              495 496 523 -1 
              550 523 496 -1 
              496 497 550 -1 
              551 550 497 -1 
              523 550 525 -1 
              552 525 550 -1 
              550 551 552 -1 
              553 552 551 -1 
              497 498 551 -1 
              554 551 498 -1 
              498 499 554 -1 
              555 554 499 -1 
              551 554 553 -1 
              556 553 554 -1 
              554 555 556 -1 
              557 556 555 -1 
              499 500 555 -1 
              558 555 500 -1 
              500 501 558 -1 
              502 558 501 -1 
              555 558 557 -1 
              559 557 558 -1 
              558 502 559 -1 
              503 559 502 -1 
              525 552 539 -1 
              560 539 552 -1 
              552 553 560 -1 
              561 560 553 -1 
              539 560 541 -1 
              562 541 560 -1 
              560 561 562 -1 
              563 562 561 -1 
              553 556 561 -1 
              564 561 556 -1 
              556 557 564 -1 
              565 564 557 -1 
              561 564 563 -1 
              566 563 564 -1 
              564 565 566 -1 
              567 566 565 -1 
              541 562 547 -1 
              568 547 562 -1 
              562 563 568 -1 
              569 568 563 -1 
              547 568 549 -1 
              570 549 568 -1 
              568 569 570 -1 
              571 570 569 -1 
              563 566 569 -1 
              572 569 566 -1 
              566 567 572 -1 
              573 572 567 -1 
              569 572 571 -1 
              574 571 572 -1 
              572 573 574 -1 
              575 574 573 -1 
              557 559 565 -1 
              576 565 559 -1 
              559 503 576 -1 
              504 576 503 -1 
              565 576 567 -1 
              577 567 576 -1 
              576 504 577 -1 
              505 577 504 -1 
              567 577 573 -1 
              578 573 577 -1 
              577 505 578 -1 
              506 578 505 -1 
              573 578 575 -1 
              579 575 578 -1 
              578 506 579 -1 
              507 579 506 -1 
              483 532 482 -1 
              580 482 532 -1 
              532 533 580 -1 
              581 580 533 -1 
              482 580 481 -1 
              582 481 580 -1 
              580 581 582 -1 
              583 582 581 -1 
              481 582 480 -1 
              584 480 582 -1 
              582 583 584 -1 
              585 584 583 -1 
              480 584 479 -1 
              586 479 584 -1 
              584 585 586 -1 
              587 586 585 -1 
              533 544 581 -1 
              588 581 544 -1 
              544 545 588 -1 
              589 588 545 -1 
              581 588 583 -1 
              590 583 588 -1 
              588 589 590 -1 
              591 590 589 -1 
              545 548 589 -1 
              592 589 548 -1 
              548 549 592 -1 
              593 592 549 -1 
              589 592 591 -1 
              594 591 592 -1 
              592 593 594 -1 
              595 594 593 -1 
              583 590 585 -1 
              596 585 590 -1 
              590 591 596 -1 
              597 596 591 -1 
              585 596 587 -1 
              598 587 596 -1 
              596 597 598 -1 
              599 598 597 -1 
              591 594 597 -1 
              600 597 594 -1 
              594 595 600 -1 
              601 600 595 -1 
              597 600 599 -1 
              602 599 600 -1 
              600 601 602 -1 
              603 602 601 -1 
              479 586 478 -1 
              604 478 586 -1 
              586 587 604 -1 
              605 604 587 -1 
              478 604 477 -1 
              476 477 604 -1 
              604 605 476 -1 
              475 476 605 -1 
              587 598 605 -1 
              606 605 598 -1 
              598 599 606 -1 
              607 606 599 -1 
              605 606 475 -1 
              474 475 606 -1 
              606 607 474 -1 
              473 474 607 -1 
              599 602 607 -1 
              608 607 602 -1 
              602 603 608 -1 
              609 608 603 -1 
              607 608 473 -1 
              472 473 608 -1 
              608 609 472 -1 
              471 472 609 -1 
              549 570 593 -1 
              610 593 570 -1 
              570 571 610 -1 
              611 610 571 -1 
              593 610 595 -1 
              612 595 610 -1 
              610 611 612 -1 
              613 612 611 -1 
              571 574 611 -1 
              614 611 574 -1 
              574 575 614 -1 
              615 614 575 -1 
              611 614 613 -1 
              616 613 614 -1 
              614 615 616 -1 
              617 616 615 -1 
              595 612 601 -1 
              618 601 612 -1 
              612 613 618 -1 
              619 618 613 -1 
              601 618 603 -1 
              620 603 618 -1 
              618 619 620 -1 
              621 620 619 -1 
              613 616 619 -1 
              622 619 616 -1 
              616 617 622 -1 
              623 622 617 -1 
              619 622 621 -1 
              624 621 622 -1 
              622 623 624 -1 
              625 624 623 -1 
              575 579 615 -1 
              626 615 579 -1 
              579 507 626 -1 
              508 626 507 -1 
              615 626 617 -1 
              627 617 626 -1 
              626 508 627 -1 
              509 627 508 -1 
              617 627 623 -1 
              628 623 627 -1 
              627 509 628 -1 
              510 628 509 -1 
              623 628 625 -1 
              629 625 628 -1 
              628 510 629 -1 
              511 629 510 -1 
              603 620 609 -1 
              630 609 620 -1 
              620 621 630 -1 
              631 630 621 -1 
              609 630 471 -1 
              470 471 630 -1 
              630 631 470 -1 
              469 470 631 -1 
              621 624 631 -1 
              632 631 624 -1 
              624 625 632 -1 
              633 632 625 -1 
              631 632 469 -1 
              468 469 632 -1 
              632 633 468 -1 
              467 468 633 -1 
              625 629 633 -1 
              634 633 629 -1 
              629 511 634 -1 
              512 634 511 -1 
              633 634 467 -1 
              466 467 634 -1 
              634 512 466 -1 
              513 466 512 -1 
            ]
            normalIndex [
              35 2 3 -1 
              34 3 4 -1 
              33 4 5 -1 
              32 5 6 -1 
              31 6 7 -1 
              30 7 8 -1 
              29 8 9 -1 
              28 9 10 -1 
              27 10 11 -1 
              26 11 12 -1 
              25 12 13 -1 
              24 13 14 -1 
              23 14 15 -1 
              22 15 16 -1 
              21 16 17 -1 
              20 17 18 -1 
              36 1 2 -1 
              20 18 19 -1 
              37 0 1 -1 
              21 17 20 -1 
              22 16 21 -1 
              23 15 22 -1 
              24 14 23 -1 
              25 13 24 -1 
              26 12 25 -1 
              27 11 26 -1 
              28 10 27 -1 
              29 9 28 -1 
              30 8 29 -1 
              31 7 30 -1 
              32 6 31 -1 
              33 5 32 -1 
              34 4 33 -1 
              35 3 34 -1 
              36 2 35 -1 
              37 1 36 -1 
              38 0 37 -1 
              62 53 54 -1 
              61 54 55 -1 
              60 55 56 -1 
              59 56 57 -1 
              63 52 53 -1 
              59 57 58 -1 
              64 51 52 -1 
              60 56 59 -1 
              65 50 51 -1 
              61 55 60 -1 
              66 49 50 -1 
              62 54 61 -1 
              63 53 62 -1 
              67 48 49 -1 
              64 52 63 -1 
              68 47 48 -1 
              65 51 64 -1 
              69 46 47 -1 
              66 50 65 -1 
              70 45 46 -1 
              67 49 66 -1 
              71 44 45 -1 
              68 48 67 -1 
              69 47 68 -1 
              73 42 43 -1 
              70 46 69 -1 
              74 41 42 -1 
              71 45 70 -1 
              75 40 41 -1 
              72 44 71 -1 
              76 39 40 -1 
              74 42 73 -1 
              75 41 74 -1 
              76 40 75 -1 
              77 39 76 -1 
              44 73 43 -1 
              73 44 72 -1 
              104 78 79 -1 
              104 79 80 -1 
              103 80 81 -1 
              103 81 82 -1 
              102 82 83 -1 
              101 83 84 -1 
              101 84 85 -1 
              100 85 86 -1 
              99 86 87 -1 
              99 87 88 -1 
              98 88 89 -1 
              98 89 90 -1 
              97 90 91 -1 
              96 91 92 -1 
              96 92 93 -1 
              95 93 94 -1 
              96 93 95 -1 
              97 91 96 -1 
              98 90 97 -1 
              99 88 98 -1 
              100 86 99 -1 
              101 85 100 -1 
              102 83 101 -1 
              103 82 102 -1 
              104 80 103 -1 
              105 78 104 -1 
              123 109 110 -1 
              112 119 111 -1 
              113 118 112 -1 
              114 116 113 -1 
              121 110 111 -1 
              116 114 115 -1 
              117 113 116 -1 
              118 113 117 -1 
              124 108 109 -1 
              119 112 118 -1 
              120 111 119 -1 
              121 111 120 -1 
              126 107 108 -1 
              122 110 121 -1 
              123 110 122 -1 
              124 109 123 -1 
              128 106 107 -1 
              125 108 124 -1 
              126 108 125 -1 
              127 107 126 -1 
              128 107 127 -1 
              130 105 106 -1 
              129 106 128 -1 
              130 78 105 -1 
              130 106 129 -1 
              133 131 132 -1 
              183 131 133 -1 
              183 133 134 -1 
              183 134 135 -1 
              182 135 136 -1 
              182 136 137 -1 
              181 137 138 -1 
              181 138 139 -1 
              180 139 140 -1 
              179 140 141 -1 
              179 141 142 -1 
              178 142 143 -1 
              178 143 144 -1 
              177 144 145 -1 
              177 145 146 -1 
              176 146 147 -1 
              176 147 148 -1 
              175 148 149 -1 
              174 149 150 -1 
              174 150 151 -1 
              173 151 152 -1 
              172 152 153 -1 
              172 153 154 -1 
              171 154 155 -1 
              171 155 156 -1 
              170 156 157 -1 
              169 157 158 -1 
              169 158 159 -1 
              168 159 160 -1 
              167 160 161 -1 
              167 161 162 -1 
              166 162 163 -1 
              165 163 164 -1 
              166 163 165 -1 
              167 162 166 -1 
              168 160 167 -1 
              169 159 168 -1 
              170 157 169 -1 
              171 156 170 -1 
              172 154 171 -1 
              173 152 172 -1 
              174 151 173 -1 
              175 149 174 -1 
              176 148 175 -1 
              177 146 176 -1 
              178 144 177 -1 
              179 142 178 -1 
              180 140 179 -1 
              181 139 180 -1 
              182 137 181 -1 
              183 135 182 -1 
              186 184 185 -1 
              222 184 186 -1 
              221 186 187 -1 
              220 187 188 -1 
              219 188 189 -1 
              213 195 212 -1 
              212 196 211 -1 
              210 197 198 -1 
              209 198 199 -1 
              208 199 200 -1 
              207 200 201 -1 
              206 201 202 -1 
              205 202 203 -1 
              211 196 197 -1 
              205 203 204 -1 
              212 195 196 -1 
              206 202 205 -1 
              213 194 195 -1 
              207 201 206 -1 
              214 193 194 -1 
              208 200 207 -1 
              215 192 193 -1 
              209 199 208 -1 
              210 198 209 -1 
              216 191 192 -1 
              211 197 210 -1 
              217 190 191 -1 
              214 194 213 -1 
              218 189 190 -1 
              215 193 214 -1 
              216 192 215 -1 
              217 191 216 -1 
              218 190 217 -1 
              219 189 218 -1 
              220 188 219 -1 
              221 187 220 -1 
              222 186 221 -1 
              225 223 224 -1 
              260 225 259 -1 
              258 227 257 -1 
              256 229 255 -1 
              254 231 253 -1 
              252 233 251 -1 
              250 235 249 -1 
              248 237 247 -1 
              246 239 245 -1 
              244 241 243 -1 
              251 233 234 -1 
              250 234 235 -1 
              249 235 236 -1 
              248 236 237 -1 
              247 237 238 -1 
              246 238 239 -1 
              245 239 240 -1 
              244 240 241 -1 
              243 241 242 -1 
              245 240 244 -1 
              252 232 233 -1 
              247 238 246 -1 
              253 231 232 -1 
              249 236 248 -1 
              254 230 231 -1 
              251 234 250 -1 
              255 229 230 -1 
              253 232 252 -1 
              256 228 229 -1 
              255 230 254 -1 
              257 227 228 -1 
              257 228 256 -1 
              258 226 227 -1 
              259 226 258 -1 
              259 225 226 -1 
              260 223 225 -1 
              376 264 375 -1 
              375 266 374 -1 
              374 268 373 -1 
              373 270 372 -1 
              372 270 271 -1 
              371 274 370 -1 
              370 278 369 -1 
              278 276 277 -1 
              372 272 371 -1 
              369 279 368 -1 
              272 273 371 -1 
              377 262 376 -1 
              366 283 365 -1 
              367 281 282 -1 
              365 283 284 -1 
              286 284 285 -1 
              364 284 286 -1 
              366 282 283 -1 
              280 281 367 -1 
              363 288 289 -1 
              362 290 291 -1 
              268 269 373 -1 
              361 292 293 -1 
              266 267 374 -1 
              360 294 295 -1 
              264 265 375 -1 
              359 296 297 -1 
              262 263 376 -1 
              358 298 299 -1 
              343 261 377 -1 
              357 300 301 -1 
              357 301 302 -1 
              302 303 356 -1 
              356 303 304 -1 
              304 305 355 -1 
              355 305 306 -1 
              306 307 354 -1 
              354 307 308 -1 
              308 309 353 -1 
              333 334 382 -1 
              352 310 311 -1 
              351 314 350 -1 
              350 319 349 -1 
              318 316 317 -1 
              350 316 318 -1 
              349 320 348 -1 
              322 323 347 -1 
              346 324 325 -1 
              345 325 326 -1 
              344 326 327 -1 
              329 327 328 -1 
              344 327 329 -1 
              344 329 330 -1 
              346 323 324 -1 
              382 334 335 -1 
              381 336 337 -1 
              380 338 339 -1 
              379 340 341 -1 
              344 330 331 -1 
              344 331 383 -1 
              348 321 322 -1 
              345 326 344 -1 
              348 320 321 -1 
              346 325 345 -1 
              312 313 351 -1 
              347 323 346 -1 
              349 319 320 -1 
              348 322 347 -1 
              351 313 314 -1 
              350 318 319 -1 
              350 314 315 -1 
              350 315 316 -1 
              352 311 312 -1 
              353 309 310 -1 
              352 312 351 -1 
              353 310 352 -1 
              335 336 381 -1 
              354 308 353 -1 
              337 338 380 -1 
              355 306 354 -1 
              339 340 379 -1 
              356 304 355 -1 
              341 342 378 -1 
              358 299 300 -1 
              357 302 356 -1 
              359 297 298 -1 
              358 300 357 -1 
              360 295 296 -1 
              359 298 358 -1 
              361 293 294 -1 
              360 296 359 -1 
              362 291 292 -1 
              361 294 360 -1 
              363 289 290 -1 
              362 292 361 -1 
              364 287 288 -1 
              363 290 362 -1 
              364 286 287 -1 
              364 288 363 -1 
              365 284 364 -1 
              368 279 280 -1 
              367 282 366 -1 
              369 278 279 -1 
              368 280 367 -1 
              371 273 274 -1 
              370 276 278 -1 
              370 274 275 -1 
              370 275 276 -1 
              372 271 272 -1 
              373 269 270 -1 
              374 267 268 -1 
              375 265 266 -1 
              376 263 264 -1 
              377 261 262 -1 
              378 342 343 -1 
              378 343 377 -1 
              379 341 378 -1 
              380 339 379 -1 
              381 337 380 -1 
              383 332 333 -1 
              382 335 381 -1 
              383 331 332 -1 
              383 333 382 -1 
              364 363 365 -1 
              384 365 363 -1 
              363 362 384 -1 
              385 384 362 -1 
              362 361 385 -1 
              386 385 361 -1 
              365 384 366 -1 
              387 366 384 -1 
              366 387 367 -1 
              388 367 387 -1 
              384 385 387 -1 
              389 387 385 -1 
              385 386 389 -1 
              390 389 386 -1 
              387 389 388 -1 
              391 388 389 -1 
              389 390 391 -1 
              392 391 390 -1 
              361 360 386 -1 
              393 386 360 -1 
              360 359 393 -1 
              394 393 359 -1 
              359 358 394 -1 
              395 394 358 -1 
              358 357 395 -1 
              396 395 357 -1 
              386 393 390 -1 
              397 390 393 -1 
              393 394 397 -1 
              398 397 394 -1 
              390 397 392 -1 
              399 392 397 -1 
              397 398 399 -1 
              400 399 398 -1 
              394 395 398 -1 
              401 398 395 -1 
              395 396 401 -1 
              402 401 396 -1 
              398 401 400 -1 
              403 400 401 -1 
              401 402 403 -1 
              404 403 402 -1 
              367 388 368 -1 
              405 368 388 -1 
              368 405 369 -1 
              406 369 405 -1 
              388 391 405 -1 
              407 405 391 -1 
              391 392 407 -1 
              408 407 392 -1 
              405 407 406 -1 
              409 406 407 -1 
              407 408 409 -1 
              410 409 408 -1 
              369 406 370 -1 
              371 370 406 -1 
              406 409 371 -1 
              372 371 409 -1 
              409 410 372 -1 
              373 372 410 -1 
              392 399 408 -1 
              411 408 399 -1 
              399 400 411 -1 
              412 411 400 -1 
              408 411 410 -1 
              413 410 411 -1 
              411 412 413 -1 
              414 413 412 -1 
              400 403 412 -1 
              415 412 403 -1 
              403 404 415 -1 
              416 415 404 -1 
              412 415 414 -1 
              417 414 415 -1 
              415 416 417 -1 
              418 417 416 -1 
              410 413 373 -1 
              374 373 413 -1 
              413 414 374 -1 
              375 374 414 -1 
              414 417 375 -1 
              376 375 417 -1 
              417 418 376 -1 
              377 376 418 -1 
              357 356 396 -1 
              419 396 356 -1 
              356 355 419 -1 
              420 419 355 -1 
              355 354 420 -1 
              421 420 354 -1 
              354 353 421 -1 
              422 421 353 -1 
              396 419 402 -1 
              423 402 419 -1 
              419 420 423 -1 
              424 423 420 -1 
              402 423 404 -1 
              425 404 423 -1 
              423 424 425 -1 
              426 425 424 -1 
              420 421 424 -1 
              427 424 421 -1 
              421 422 427 -1 
              428 427 422 -1 
              424 427 426 -1 
              429 426 427 -1 
              427 428 429 -1 
              430 429 428 -1 
              353 352 422 -1 
              431 422 352 -1 
              352 351 431 -1 
              432 431 351 -1 
              351 350 432 -1 
              349 432 350 -1 
              422 431 428 -1 
              433 428 431 -1 
              431 432 433 -1 
              434 433 432 -1 
              428 433 430 -1 
              435 430 433 -1 
              433 434 435 -1 
              436 435 434 -1 
              432 349 434 -1 
              348 434 349 -1 
              434 348 436 -1 
              347 436 348 -1 
              404 425 416 -1 
              437 416 425 -1 
              425 426 437 -1 
              438 437 426 -1 
              416 437 418 -1 
              439 418 437 -1 
              437 438 439 -1 
              440 439 438 -1 
              426 429 438 -1 
              441 438 429 -1 
              429 430 441 -1 
              442 441 430 -1 
              438 441 440 -1 
              443 440 441 -1 
              441 442 443 -1 
              444 443 442 -1 
              418 439 377 -1 
              378 377 439 -1 
              439 440 378 -1 
              379 378 440 -1 
              440 443 379 -1 
              380 379 443 -1 
              443 444 380 -1 
              381 380 444 -1 
              430 435 442 -1 
              445 442 435 -1 
              435 436 445 -1 
              446 445 436 -1 
              442 445 444 -1 
              447 444 445 -1 
              445 446 447 -1 
              448 447 446 -1 
              436 347 446 -1 
              346 446 347 -1 
              446 346 448 -1 
              345 448 346 -1 
              444 447 381 -1 
              382 381 447 -1 
              447 448 382 -1 
              383 382 448 -1 
              448 345 383 -1 
              344 383 345 -1 
              537 526 536 -1 
              450 451 532 -1 
              532 452 571 -1 
              569 458 568 -1 
              568 460 567 -1 
              567 462 566 -1 
              566 464 565 -1 
              565 466 564 -1 
              564 468 563 -1 
              563 470 562 -1 
              562 472 561 -1 
              561 474 560 -1 
              560 476 559 -1 
              558 483 557 -1 
              481 482 480 -1 
              560 474 475 -1 
              559 478 558 -1 
              558 480 482 -1 
              557 484 556 -1 
              531 450 532 -1 
              486 556 485 -1 
              553 490 552 -1 
              488 489 554 -1 
              552 490 491 -1 
              493 491 492 -1 
              552 491 493 -1 
              553 489 490 -1 
              555 486 487 -1 
              551 495 496 -1 
              550 497 498 -1 
              472 473 561 -1 
              549 499 500 -1 
              470 471 562 -1 
              548 501 502 -1 
              468 469 563 -1 
              547 503 504 -1 
              466 467 564 -1 
              546 505 506 -1 
              464 465 565 -1 
              545 507 508 -1 
              462 463 566 -1 
              544 509 510 -1 
              460 461 567 -1 
              543 511 512 -1 
              458 459 568 -1 
              542 513 514 -1 
              456 457 569 -1 
              541 515 516 -1 
              570 456 569 -1 
              571 454 570 -1 
              454 455 570 -1 
              540 517 518 -1 
              539 521 538 -1 
              525 523 524 -1 
              538 525 537 -1 
              519 520 539 -1 
              532 451 452 -1 
              531 533 530 -1 
              531 449 450 -1 
              535 528 529 -1 
              534 529 530 -1 
              535 527 528 -1 
              533 531 532 -1 
              534 530 533 -1 
              536 526 527 -1 
              535 529 534 -1 
              537 525 526 -1 
              536 527 535 -1 
              539 520 521 -1 
              538 523 525 -1 
              538 521 522 -1 
              538 522 523 -1 
              540 518 519 -1 
              541 516 517 -1 
              540 519 539 -1 
              542 514 515 -1 
              541 517 540 -1 
              543 512 513 -1 
              542 515 541 -1 
              544 510 511 -1 
              543 513 542 -1 
              545 508 509 -1 
              544 511 543 -1 
              546 506 507 -1 
              545 509 544 -1 
              547 504 505 -1 
              546 507 545 -1 
              548 502 503 -1 
              547 505 546 -1 
              549 500 501 -1 
              548 503 547 -1 
              550 498 499 -1 
              549 501 548 -1 
              551 496 497 -1 
              550 499 549 -1 
              552 494 495 -1 
              551 497 550 -1 
              552 493 494 -1 
              552 495 551 -1 
              554 487 488 -1 
              556 484 485 -1 
              554 489 553 -1 
              476 477 559 -1 
              555 487 554 -1 
              557 483 484 -1 
              556 486 555 -1 
              559 477 478 -1 
              558 482 483 -1 
              558 478 479 -1 
              558 479 480 -1 
              560 475 476 -1 
              561 473 474 -1 
              562 471 472 -1 
              563 469 470 -1 
              564 467 468 -1 
              565 465 466 -1 
              566 463 464 -1 
              567 461 462 -1 
              568 459 460 -1 
              569 457 458 -1 
              570 455 456 -1 
              571 453 454 -1 
              571 452 453 -1 
              552 551 553 -1 
              572 553 551 -1 
              551 550 572 -1 
              573 572 550 -1 
              550 549 573 -1 
              574 573 549 -1 
              553 572 554 -1 
              575 554 572 -1 
              554 575 555 -1 
              576 555 575 -1 
              572 573 575 -1 
              577 575 573 -1 
              573 574 577 -1 
              578 577 574 -1 
              575 577 576 -1 
              579 576 577 -1 
              577 578 579 -1 
              580 579 578 -1 
              549 548 574 -1 
              581 574 548 -1 
              548 547 581 -1 
              582 581 547 -1 
              547 546 582 -1 
              583 582 546 -1 
              546 545 583 -1 
              584 583 545 -1 
              574 581 578 -1 
              585 578 581 -1 
              581 582 585 -1 
              586 585 582 -1 
              578 585 580 -1 
              587 580 585 -1 
              585 586 587 -1 
              588 587 586 -1 
              582 583 586 -1 
              589 586 583 -1 
              583 584 589 -1 
              590 589 584 -1 
              586 589 588 -1 
              591 588 589 -1 
              589 590 591 -1 
              592 591 590 -1 
              555 576 556 -1 
              593 556 576 -1 
              556 593 557 -1 
              594 557 593 -1 
              576 579 593 -1 
              595 593 579 -1 
              579 580 595 -1 
              596 595 580 -1 
              593 595 594 -1 
              597 594 595 -1 
              595 596 597 -1 
              598 597 596 -1 
              557 594 558 -1 
              559 558 594 -1 
              594 597 559 -1 
              560 559 597 -1 
              597 598 560 -1 
              561 560 598 -1 
              580 587 596 -1 
              599 596 587 -1 
              587 588 599 -1 
              600 599 588 -1 
              596 599 598 -1 
              601 598 599 -1 
              599 600 601 -1 
              602 601 600 -1 
              588 591 600 -1 
              603 600 591 -1 
              591 592 603 -1 
              604 603 592 -1 
              600 603 602 -1 
              605 602 603 -1 
              603 604 605 -1 
              606 605 604 -1 
              598 601 561 -1 
              562 561 601 -1 
              601 602 562 -1 
              563 562 602 -1 
              602 605 563 -1 
              564 563 605 -1 
              605 606 564 -1 
              565 564 606 -1 
              545 544 584 -1 
              607 584 544 -1 
              544 543 607 -1 
              608 607 543 -1 
              543 542 608 -1 
              609 608 542 -1 
              542 541 609 -1 
              610 609 541 -1 
              584 607 590 -1 
              611 590 607 -1 
              607 608 611 -1 
              612 611 608 -1 
              590 611 592 -1 
              613 592 611 -1 
              611 612 613 -1 
              614 613 612 -1 
              608 609 612 -1 
              615 612 609 -1 
              609 610 615 -1 
              616 615 610 -1 
              612 615 614 -1 
              617 614 615 -1 
              615 616 617 -1 
              618 617 616 -1 
              541 540 610 -1 
              619 610 540 -1 
              540 539 619 -1 
              620 619 539 -1 
              539 538 620 -1 
              537 620 538 -1 
              610 619 616 -1 
              621 616 619 -1 
              619 620 621 -1 
              622 621 620 -1 
              616 621 618 -1 
              623 618 621 -1 
              621 622 623 -1 
              624 623 622 -1 
              620 537 622 -1 
              536 622 537 -1 
              622 536 624 -1 
              535 624 536 -1 
              592 613 604 -1 
              625 604 613 -1 
              613 614 625 -1 
              626 625 614 -1 
              604 625 606 -1 
              627 606 625 -1 
              625 626 627 -1 
              628 627 626 -1 
              614 617 626 -1 
              629 626 617 -1 
              617 618 629 -1 
              630 629 618 -1 
              626 629 628 -1 
              631 628 629 -1 
              629 630 631 -1 
              632 631 630 -1 
              606 627 565 -1 
              566 565 627 -1 
              627 628 566 -1 
              567 566 628 -1 
              628 631 567 -1 
              568 567 631 -1 
              631 632 568 -1 
              569 568 632 -1 
              618 623 630 -1 
              633 630 623 -1 
              623 624 633 -1 
              634 633 624 -1 
              630 633 632 -1 
              635 632 633 -1 
              633 634 635 -1 
              636 635 634 -1 
              624 535 634 -1 
              534 634 535 -1 
              634 534 636 -1 
              533 636 534 -1 
              632 635 569 -1 
              570 569 635 -1 
              635 636 570 -1 
              571 570 636 -1 
              636 533 571 -1 
              532 571 533 -1 
              700 638 637 -1 
              699 639 638 -1 
              698 640 639 -1 
              697 641 640 -1 
              696 642 641 -1 
              695 643 642 -1 
              694 644 643 -1 
              693 645 644 -1 
              692 646 645 -1 
              691 647 646 -1 
              690 648 647 -1 
              689 649 648 -1 
              688 650 649 -1 
              687 651 650 -1 
              686 652 651 -1 
              685 653 652 -1 
              684 654 653 -1 
              683 655 654 -1 
              682 656 655 -1 
              681 657 656 -1 
              680 658 657 -1 
              679 659 658 -1 
              678 660 659 -1 
              677 661 660 -1 
              676 662 661 -1 
              675 663 662 -1 
              674 664 663 -1 
              673 665 664 -1 
              672 666 665 -1 
              671 667 666 -1 
              670 668 667 -1 
              670 669 668 -1 
              671 670 667 -1 
              672 671 666 -1 
              673 672 665 -1 
              674 673 664 -1 
              675 674 663 -1 
              676 675 662 -1 
              677 676 661 -1 
              678 677 660 -1 
              679 678 659 -1 
              680 679 658 -1 
              681 680 657 -1 
              682 681 656 -1 
              683 682 655 -1 
              684 683 654 -1 
              685 684 653 -1 
              686 685 652 -1 
              687 686 651 -1 
              688 687 650 -1 
              689 688 649 -1 
              690 689 648 -1 
              691 690 647 -1 
              692 691 646 -1 
              693 692 645 -1 
              694 693 644 -1 
              695 694 643 -1 
              696 695 642 -1 
              697 696 641 -1 
              698 697 640 -1 
              699 698 639 -1 
              700 699 638 -1 
              739 751 701 -1 
              727 759 728 -1 
              781 780 712 -1 
              762 724 723 -1 
              784 707 706 -1 
              786 705 704 -1 
              787 704 703 -1 
              758 729 728 -1 
              740 787 702 -1 
              741 740 702 -1 
              787 703 702 -1 
              730 729 758 -1 
              730 757 731 -1 
              742 741 702 -1 
              743 742 702 -1 
              733 732 756 -1 
              744 743 702 -1 
              745 744 702 -1 
              755 734 733 -1 
              746 745 701 -1 
              736 735 753 -1 
              747 746 701 -1 
              738 752 751 -1 
              748 747 701 -1 
              736 753 737 -1 
              749 748 701 -1 
              752 738 737 -1 
              750 749 701 -1 
              751 739 738 -1 
              751 750 701 -1 
              754 735 734 -1 
              756 732 731 -1 
              753 752 737 -1 
              754 753 735 -1 
              760 727 726 -1 
              755 754 734 -1 
              761 726 725 -1 
              756 755 733 -1 
              761 725 724 -1 
              757 756 731 -1 
              763 723 722 -1 
              758 757 730 -1 
              759 758 728 -1 
              763 722 721 -1 
              760 759 727 -1 
              781 711 710 -1 
              761 760 726 -1 
              775 720 719 -1 
              762 761 724 -1 
              763 762 723 -1 
              764 763 721 -1 
              765 764 721 -1 
              766 765 721 -1 
              767 766 721 -1 
              713 712 780 -1 
              768 767 721 -1 
              769 768 721 -1 
              713 779 714 -1 
              770 769 720 -1 
              771 770 720 -1 
              718 776 775 -1 
              772 771 720 -1 
              716 777 717 -1 
              773 772 720 -1 
              776 718 717 -1 
              774 773 720 -1 
              775 719 718 -1 
              775 774 720 -1 
              778 715 714 -1 
              778 716 715 -1 
              781 712 711 -1 
              777 776 717 -1 
              778 777 716 -1 
              782 710 709 -1 
              779 778 714 -1 
              783 709 708 -1 
              780 779 713 -1 
              784 708 707 -1 
              782 781 710 -1 
              783 782 709 -1 
              785 706 705 -1 
              784 783 708 -1 
              785 784 706 -1 
              786 785 705 -1 
              787 786 704 -1 
              763 764 762 -1 
              788 762 764 -1 
              764 765 788 -1 
              789 788 765 -1 
              762 788 761 -1 
              790 761 788 -1 
              788 789 790 -1 
              791 790 789 -1 
              765 766 789 -1 
              792 789 766 -1 
              766 767 792 -1 
              793 792 767 -1 
              789 792 791 -1 
              794 791 792 -1 
              792 793 794 -1 
              795 794 793 -1 
              767 768 793 -1 
              796 793 768 -1 
              768 769 796 -1 
              797 796 769 -1 
              793 796 795 -1 
              798 795 796 -1 
              796 797 798 -1 
              799 798 797 -1 
              761 790 760 -1 
              800 760 790 -1 
              790 791 800 -1 
              801 800 791 -1 
              760 800 759 -1 
              802 759 800 -1 
              800 801 802 -1 
              803 802 801 -1 
              759 802 758 -1 
              804 758 802 -1 
              802 803 804 -1 
              805 804 803 -1 
              758 804 757 -1 
              806 757 804 -1 
              804 805 806 -1 
              807 806 805 -1 
              791 794 801 -1 
              808 801 794 -1 
              794 795 808 -1 
              809 808 795 -1 
              801 808 803 -1 
              810 803 808 -1 
              808 809 810 -1 
              811 810 809 -1 
              795 798 809 -1 
              812 809 798 -1 
              798 799 812 -1 
              813 812 799 -1 
              809 812 811 -1 
              814 811 812 -1 
              812 813 814 -1 
              815 814 813 -1 
              803 810 805 -1 
              816 805 810 -1 
              810 811 816 -1 
              817 816 811 -1 
              805 816 807 -1 
              818 807 816 -1 
              816 817 818 -1 
              819 818 817 -1 
              811 814 817 -1 
              820 817 814 -1 
              814 815 820 -1 
              821 820 815 -1 
              817 820 819 -1 
              822 819 820 -1 
              820 821 822 -1 
              823 822 821 -1 
              769 770 797 -1 
              824 797 770 -1 
              770 771 824 -1 
              825 824 771 -1 
              797 824 799 -1 
              826 799 824 -1 
              824 825 826 -1 
              827 826 825 -1 
              771 772 825 -1 
              828 825 772 -1 
              772 773 828 -1 
              829 828 773 -1 
              825 828 827 -1 
              830 827 828 -1 
              828 829 830 -1 
              831 830 829 -1 
              773 774 829 -1 
              832 829 774 -1 
              774 775 832 -1 
              776 832 775 -1 
              829 832 831 -1 
              833 831 832 -1 
              832 776 833 -1 
              777 833 776 -1 
              799 826 813 -1 
              834 813 826 -1 
              826 827 834 -1 
              835 834 827 -1 
              813 834 815 -1 
              836 815 834 -1 
              834 835 836 -1 
              837 836 835 -1 
              827 830 835 -1 
              838 835 830 -1 
              830 831 838 -1 
              839 838 831 -1 
              835 838 837 -1 
              840 837 838 -1 
              838 839 840 -1 
              841 840 839 -1 
              815 836 821 -1 
              842 821 836 -1 
              836 837 842 -1 
              843 842 837 -1 
              821 842 823 -1 
              844 823 842 -1 
              842 843 844 -1 
              845 844 843 -1 
              837 840 843 -1 
              846 843 840 -1 
              840 841 846 -1 
              847 846 841 -1 
              843 846 845 -1 
              848 845 846 -1 
              846 847 848 -1 
              849 848 847 -1 
              831 833 839 -1 
              850 839 833 -1 
              833 777 850 -1 
              778 850 777 -1 
              839 850 841 -1 
              851 841 850 -1 
              850 778 851 -1 
              779 851 778 -1 
              841 851 847 -1 
              852 847 851 -1 
              851 779 852 -1 
              780 852 779 -1 
              847 852 849 -1 
              853 849 852 -1 
              852 780 853 -1 
              781 853 780 -1 
              757 806 756 -1 
              854 756 806 -1 
              806 807 854 -1 
              855 854 807 -1 
              756 854 755 -1 
              856 755 854 -1 
              854 855 856 -1 
              857 856 855 -1 
              755 856 754 -1 
              858 754 856 -1 
              856 857 858 -1 
              859 858 857 -1 
              754 858 753 -1 
              860 753 858 -1 
              858 859 860 -1 
              861 860 859 -1 
              807 818 855 -1 
              862 855 818 -1 
              818 819 862 -1 
              863 862 819 -1 
              855 862 857 -1 
              864 857 862 -1 
              862 863 864 -1 
              865 864 863 -1 
              819 822 863 -1 
              866 863 822 -1 
              822 823 866 -1 
              867 866 823 -1 
              863 866 865 -1 
              868 865 866 -1 
              866 867 868 -1 
              869 868 867 -1 
              857 864 859 -1 
              870 859 864 -1 
              864 865 870 -1 
              871 870 865 -1 
              859 870 861 -1 
              872 861 870 -1 
              870 871 872 -1 
              873 872 871 -1 
              865 868 871 -1 
              874 871 868 -1 
              868 869 874 -1 
              875 874 869 -1 
              871 874 873 -1 
              876 873 874 -1 
              874 875 876 -1 
              877 876 875 -1 
              753 860 752 -1 
              878 752 860 -1 
              860 861 878 -1 
              879 878 861 -1 
              752 878 751 -1 
              750 751 878 -1 
              878 879 750 -1 
              749 750 879 -1 
              861 872 879 -1 
              880 879 872 -1 
              872 873 880 -1 
              881 880 873 -1 
              879 880 749 -1 
              748 749 880 -1 
              880 881 748 -1 
              747 748 881 -1 
              873 876 881 -1 
              882 881 876 -1 
              876 877 882 -1 
              883 882 877 -1 
              881 882 747 -1 
              746 747 882 -1 
              882 883 746 -1 
              745 746 883 -1 
              823 844 867 -1 
              884 867 844 -1 
              844 845 884 -1 
              885 884 845 -1 
              867 884 869 -1 
              886 869 884 -1 
              884 885 886 -1 
              887 886 885 -1 
              845 848 885 -1 
              888 885 848 -1 
              848 849 888 -1 
              889 888 849 -1 
              885 888 887 -1 
              890 887 888 -1 
              888 889 890 -1 
              891 890 889 -1 
              869 886 875 -1 
              892 875 886 -1 
              886 887 892 -1 
              893 892 887 -1 
              875 892 877 -1 
              894 877 892 -1 
              892 893 894 -1 
              895 894 893 -1 
              887 890 893 -1 
              896 893 890 -1 
              890 891 896 -1 
              897 896 891 -1 
              893 896 895 -1 
              898 895 896 -1 
              896 897 898 -1 
              899 898 897 -1 
              849 853 889 -1 
              900 889 853 -1 
              853 781 900 -1 
              782 900 781 -1 
              889 900 891 -1 
              901 891 900 -1 
              900 782 901 -1 
              783 901 782 -1 
              891 901 897 -1 
              902 897 901 -1 
              901 783 902 -1 
              784 902 783 -1 
              897 902 899 -1 
              903 899 902 -1 
              902 784 903 -1 
              785 903 784 -1 
              877 894 883 -1 
              904 883 894 -1 
              894 895 904 -1 
              905 904 895 -1 
              883 904 745 -1 
              744 745 904 -1 
              904 905 744 -1 
              743 744 905 -1 
              895 898 905 -1 
              906 905 898 -1 
              898 899 906 -1 
              907 906 899 -1 
              905 906 743 -1 
              742 743 906 -1 
              906 907 742 -1 
              741 742 907 -1 
              899 903 907 -1 
              908 907 903 -1 
              903 785 908 -1 
              786 908 785 -1 
              907 908 741 -1 
              740 741 908 -1 
              908 786 740 -1 
              787 740 786 -1 
            ]
          }
        }
        DEF Same_Sky_CPG-01-TH-B_2 Shape {
          appearance DEF __8 Appearance {
            material DEF __9 Material {
              ambientIntensity 0.24331574142
              diffuseColor 0.792156875134 0.819607853889 0.933333337307
              shininess 0
            }
          }
          geometry DEF __10 IndexedFaceSet {
            solid FALSE
            coord Coordinate {
              point [
                -0.0569582191783 0.0231673515982 -0.0002,
                -0.0569582191783 0.0231673515982 0.0002,
                -0.0570582191783 0.0231673515982 -0.0003,
                -0.0570582191783 0.0231673515982 0.0003,
                -0.0587582191783 0.0231673515982 -0.0003,
                -0.0587582191783 0.0231673515982 0.0003,
                -0.0587582191783 0.0231673515982 -0.00075,
                -0.0587582191783 0.0231673515982 0.00075,
                -0.0591582191783 0.0231673515982 -0.00075,
                -0.0591582191783 0.0231673515982 0.00075,
                -0.0591582191783 0.0238023515982 7.77650717459e-20,
                -0.0591582191783 0.0225323515982 0,
                -0.0609082191783 0.0238023515982 7.77650717459e-20,
                -0.0609082191783 0.0225323515982 0,
                -0.0604582191783 0.0231673515982 0.00055,
                -0.0604582191783 0.0231673515982 -0.00055,
                -0.0602103662943 0.0231673515982 -1.35525271561e-19,
                -0.0609082191783 0.0231673515982 -0.00066,
                -0.0609082191783 0.0231673515982 0.00066,
                -0.0610164371323 0.0231673515982 -0.00066,
                -0.0610164371323 0.0231673515982 0.00066,
                -0.0671012747283 0.0231673515982 0.00055,
                -0.0671012747283 0.0226173515982 6.73555739531e-20,
                -0.0671012747283 0.0231673515982 -0.00055,
                -0.0611582191783 0.0231673515982 -0.000635,
                -0.0611582191783 0.0231673515982 0.000635,
                -0.0671912785163 0.0235923515982 5.20474889638e-20,
                -0.0671012747283 0.0237173515982 0,
                -0.0671912785163 0.0227423515982 0,
                -0.0631582191783 0.0231673515982 -0.000635,
                -0.0631582191783 0.0231673515982 0.000635,
                -0.0672582191783 0.0227423515982 0,
                -0.0672582191783 0.0235923515982 5.20474889638e-20,
                -0.0631582191783 0.0231673515982 -0.000625,
                -0.0631582191783 0.0231673515982 0.000625,
                -0.0671382191783 0.023167351598 -0.00062500000009,
                -0.0671382191783 0.0231673515981 0.00062500000009,
                -0.0672582191784 0.0231673515982 -0.000504999999948,
                -0.0672582191784 0.0231673515982 0.000504999999948,
                -0.0569582191783 0.0232020812337 -0.000196961550602,
                -0.0569582191783 0.0232357556268 -0.000187938524157,
                -0.0569582191783 0.0232673515982 -0.000173205080757,
                -0.0569582191783 0.0232959091201 -0.000153208888624,
                -0.0569582191783 0.0233205604868 -0.000128557521937,
                -0.0569582191783 0.0233405566789 -0.0001,
                -0.0569582191783 0.0233552901223 -6.84040286651e-05,
                -0.0569582191783 0.0233643131488 -3.47296355334e-05,
                -0.0569582191783 0.0233673515982 -3.67394039744e-20,
                -0.0569582191783 0.0233643131488 3.47296355334e-05,
                -0.0569582191783 0.0233552901223 6.84040286651e-05,
                -0.0569582191783 0.0233405566789 0.0001,
                -0.0569582191783 0.0233205604868 0.000128557521937,
                -0.0569582191783 0.0232959091201 0.000153208888624,
                -0.0569582191783 0.0232673515982 0.000173205080757,
                -0.0569582191783 0.0232357556268 0.000187938524157,
                -0.0569582191783 0.0232020812337 0.000196961550602,
                -0.0570582191783 0.0232194460515 -0.000295442325904,
                -0.0570582191783 0.0232699576412 -0.000281907786236,
                -0.0570582191783 0.0233173515982 -0.000259807621135,
                -0.0570582191783 0.0233601878811 -0.000229813332936,
                -0.0570582191783 0.0233971649311 -0.000192836282906,
                -0.0570582191783 0.0234271592193 -0.00015,
                -0.0570582191783 0.0234492593844 -0.000102606042998,
                -0.0570582191783 0.0234627939241 -5.20944533001e-05,
                -0.0570582191783 0.0234673515982 -5.51091059616e-20,
                -0.0570582191783 0.0234627939241 5.20944533001e-05,
                -0.0570582191783 0.0234492593844 0.000102606042998,
                -0.0570582191783 0.0234271592193 0.00015,
                -0.0570582191783 0.0233971649311 0.000192836282906,
                -0.0570582191783 0.0233601878811 0.000229813332936,
                -0.0570582191783 0.0233173515982 0.000259807621135,
                -0.0570582191783 0.0232699576412 0.000281907786236,
                -0.0570582191783 0.0232194460515 0.000295442325904,
                -0.0587582191783 0.0232194460515 -0.000295442325904,
                -0.0587582191783 0.0232699576412 -0.000281907786236,
                -0.0587582191783 0.0233173515982 -0.000259807621135,
                -0.0587582191783 0.0233601878811 -0.000229813332936,
                -0.0587582191783 0.0233971649311 -0.000192836282906,
                -0.0587582191783 0.0234271592193 -0.00015,
                -0.0587582191783 0.0234492593844 -0.000102606042998,
                -0.0587582191783 0.0234627939241 -5.20944533001e-05,
                -0.0587582191783 0.0234673515982 -5.51091059616e-20,
                -0.0587582191783 0.0234627939241 5.20944533001e-05,
                -0.0587582191783 0.0234492593844 0.000102606042998,
                -0.0587582191783 0.0234271592193 0.00015,
                -0.0587582191783 0.0233971649311 0.000192836282906,
                -0.0587582191783 0.0233601878811 0.000229813332936,
                -0.0587582191783 0.0233173515982 0.000259807621135,
                -0.0587582191783 0.0232699576412 0.000281907786236,
                -0.0587582191783 0.0232194460515 0.000295442325904,
                -0.0587582191783 0.0232975877314 -0.000738605814759,
                -0.0587582191783 0.0234238667057 -0.000704769465589,
                -0.0587582191783 0.0235423515982 -0.000649519052838,
                -0.0587582191783 0.0236494423054 -0.000574533332339,
                -0.0587582191783 0.0237418849305 -0.000482090707265,
                -0.0587582191783 0.023816870651 -0.000375,
                -0.0587582191783 0.0238721210638 -0.000256515107494,
                -0.0587582191783 0.0239059574129 -0.00013023613325,
                -0.0587582191783 0.0239173515982 -1.37772764904e-19,
                -0.0587582191783 0.0239059574129 0.00013023613325,
                -0.0587582191783 0.0238721210638 0.000256515107494,
                -0.0587582191783 0.023816870651 0.000375,
                -0.0587582191783 0.0237418849305 0.000482090707265,
                -0.0587582191783 0.0236494423054 0.000574533332339,
                -0.0587582191783 0.0235423515982 0.000649519052838,
                -0.0587582191783 0.0234238667057 0.000704769465589,
                -0.0587582191783 0.0232975877314 0.000738605814759,
                -0.0591582191783 0.0232975877314 -0.000738605814759,
                -0.0591582191783 0.0234238667057 -0.000704769465589,
                -0.0591582191783 0.0235423515982 -0.000649519052838,
                -0.0591582191783 0.0236494423054 -0.000574533332339,
                -0.0591582191783 0.0237418849305 -0.000482090707265,
                -0.0591582191783 0.023816870651 -0.000375,
                -0.0591582191783 0.0238721210638 -0.000256515107494,
                -0.0591582191783 0.0239059574129 -0.00013023613325,
                -0.0591582191783 0.0239173515982 -1.37772764904e-19,
                -0.0591582191783 0.0239059574129 0.00013023613325,
                -0.0591582191783 0.0238721210638 0.000256515107494,
                -0.0591582191783 0.023816870651 0.000375,
                -0.0591582191783 0.0237418849305 0.000482090707265,
                -0.0591582191783 0.0236494423054 0.000574533332339,
                -0.0591582191783 0.0235423515982 0.000649519052838,
                -0.0591582191783 0.0234238667057 0.000704769465589,
                -0.0591582191783 0.0232975877314 0.000738605814759,
                -0.0591582191783 0.0237927045213 0.000110266592819,
                -0.0591582191783 0.0237640564124 0.000217182791012,
                -0.0591582191783 0.0237172777296 0.0003175,
                -0.0591582191783 0.0236537898196 0.000408170132151,
                -0.0591582191783 0.0235755217303 0.000486438221381,
                -0.0591582191783 0.0234848515982 0.000549926131403,
                -0.0591582191783 0.0233845343892 0.000596704814199,
                -0.0591582191783 0.023277618191 0.000625352923163,
                -0.0591582191783 0.0231673515982 0.000635,
                -0.0591582191783 0.0230570850054 0.000625352923163,
                -0.0591582191783 0.0229501688072 0.000596704814199,
                -0.0591582191783 0.0228498515982 0.000549926131403,
                -0.0591582191783 0.022759181466 0.000486438221381,
                -0.0591582191783 0.0226809133768 0.000408170132151,
                -0.0591582191783 0.0226174254668 0.0003175,
                -0.0591582191783 0.022570646784 0.000217182791012,
                -0.0591582191783 0.022541998675 0.000110266592819,
                -0.0609082191783 0.0237927045213 0.000110266592819,
                -0.0609082191783 0.0237640564124 0.000217182791012,
                -0.0609082191783 0.0237172777296 0.0003175,
                -0.0609082191783 0.0236537898196 0.000408170132151,
                -0.0609082191783 0.0235755217303 0.000486438221381,
                -0.0609082191783 0.0234848515982 0.000549926131403,
                -0.0609082191783 0.0233845343892 0.000596704814199,
                -0.0609082191783 0.023277618191 0.000625352923163,
                -0.0609082191783 0.0231673515982 0.000635,
                -0.0609082191783 0.0230570850054 0.000625352923163,
                -0.0609082191783 0.0229501688072 0.000596704814199,
                -0.0609082191783 0.0228498515982 0.000549926131403,
                -0.0609082191783 0.022759181466 0.000486438221381,
                -0.0609082191783 0.0226809133768 0.000408170132151,
                -0.0609082191783 0.0226174254668 0.0003175,
                -0.0609082191783 0.022570646784 0.000217182791012,
                -0.0609082191783 0.022541998675 0.000110266592819,
                -0.0604582191783 0.0230718451005 0.000541644264157,
                -0.0604582191783 0.0229792405193 0.000516830941432,
                -0.0604582191783 0.0228923515982 0.000476313972081,
                -0.0604582191783 0.0228138184128 0.000421324443715,
                -0.0604582191783 0.0227460271545 0.000353533185328,
                -0.0604582191783 0.0226910376261 0.000275,
                -0.0604582191783 0.0226505206567 0.000188111078829,
                -0.0604582191783 0.022625707334 9.55064977168e-05,
                -0.0604582191783 0.0226173515982 3.36777869766e-20,
                -0.0604582191783 0.022625707334 -9.55064977168e-05,
                -0.0604582191783 0.0226505206567 -0.000188111078829,
                -0.0604582191783 0.0226910376261 -0.000275,
                -0.0604582191783 0.0227460271545 -0.000353533185328,
                -0.0604582191783 0.0228138184128 -0.000421324443715,
                -0.0604582191783 0.0228923515982 -0.000476313972081,
                -0.0604582191783 0.0229792405193 -0.000516830941432,
                -0.0604582191783 0.0230718451005 -0.000541644264157,
                -0.0609082191783 0.0232819593954 -0.000649973116988,
                -0.0609082191783 0.0233930848928 -0.000620197129719,
                -0.0609082191783 0.0234973515982 -0.000571576766498,
                -0.0609082191783 0.0235915914206 -0.000505589332459,
                -0.0609082191783 0.0236729409306 -0.000424239822393,
                -0.0609082191783 0.0237389283647 -0.00033,
                -0.0609082191783 0.0237875487279 -0.000225733294595,
                -0.0609082191783 0.0238173247152 -0.00011460779726,
                -0.0609082191783 0.0238273515982 -1.21240033116e-19,
                -0.0609082191783 0.0238173247152 0.00011460779726,
                -0.0609082191783 0.0237875487279 0.000225733294595,
                -0.0609082191783 0.0237389283647 0.00033,
                -0.0609082191783 0.0236729409306 0.000424239822393,
                -0.0609082191783 0.0235915914206 0.000505589332459,
                -0.0609082191783 0.0234973515982 0.000571576766498,
                -0.0609082191783 0.0233930848928 0.000620197129719,
                -0.0609082191783 0.0232819593954 0.000649973116988,
                -0.0610164371323 0.0232819593954 -0.000649973116988,
                -0.0610164371323 0.0233930848928 -0.000620197129719,
                -0.0610164371323 0.0234973515982 -0.000571576766498,
                -0.0610164371323 0.0235915914206 -0.000505589332459,
                -0.0610164371323 0.0236729409306 -0.000424239822393,
                -0.0610164371323 0.0237389283647 -0.00033,
                -0.0610164371323 0.0237875487279 -0.000225733294595,
                -0.0610164371323 0.0238173247152 -0.00011460779726,
                -0.0610164371323 0.0238273515982 -4.04133443719e-20,
                -0.0610164371323 0.0238173247152 0.00011460779726,
                -0.0610164371323 0.0237875487279 0.000225733294595,
                -0.0610164371323 0.0237389283647 0.00033,
                -0.0610164371323 0.0236729409306 0.000424239822393,
                -0.0610164371323 0.0235915914206 0.000505589332459,
                -0.0610164371323 0.0234973515982 0.000571576766498,
                -0.0610164371323 0.0233930848928 0.000620197129719,
                -0.0610164371323 0.0232819593954 0.000649973116988,
                -0.0671012747283 0.0230718451005 0.000541644264157,
                -0.0671012747283 0.0229792405193 0.000516830941432,
                -0.0671012747283 0.0228923515982 0.000476313972081,
                -0.0671012747283 0.0228138184128 0.000421324443715,
                -0.0671012747283 0.0227460271545 0.000353533185328,
                -0.0671012747283 0.0226910376261 0.000275,
                -0.0671012747283 0.0226505206567 0.000188111078829,
                -0.0671012747283 0.022625707334 9.55064977168e-05,
                -0.0671012747283 0.022625707334 -9.55064977168e-05,
                -0.0671012747283 0.0226505206567 -0.000188111078829,
                -0.0671012747283 0.0226910376261 -0.000275,
                -0.0671012747283 0.0227460271545 -0.000353533185328,
                -0.0671012747283 0.0228138184128 -0.000421324443715,
                -0.0671012747283 0.0228923515982 -0.000476313972081,
                -0.0671012747283 0.0229792405193 -0.000516830941432,
                -0.0671012747283 0.0230718451005 -0.000541644264157,
                -0.0611582191783 0.023277618191 -0.000625352923163,
                -0.0611582191783 0.0233845343892 -0.000596704814199,
                -0.0611582191783 0.0234848515982 -0.000549926131403,
                -0.0611582191783 0.0235755217303 -0.000486438221381,
                -0.0611582191783 0.0236537898196 -0.000408170132151,
                -0.0611582191783 0.0237172777296 -0.0003175,
                -0.0611582191783 0.0237640564124 -0.000217182791012,
                -0.0611582191783 0.0237927045213 -0.000110266592819,
                -0.0611582191783 0.0238023515982 -1.16647607619e-19,
                -0.0611582191783 0.0237927045213 0.000110266592819,
                -0.0611582191783 0.0237640564124 0.000217182791012,
                -0.0611582191783 0.0237172777296 0.0003175,
                -0.0611582191783 0.0236537898196 0.000408170132151,
                -0.0611582191783 0.0235755217303 0.000486438221381,
                -0.0611582191783 0.0234848515982 0.000549926131403,
                -0.0611582191783 0.0233845343892 0.000596704814199,
                -0.0611582191783 0.023277618191 0.000625352923163,
                -0.0671012747283 0.0232628580959 -0.000541644264157,
                -0.0671012747283 0.023355462677 -0.000516830941432,
                -0.0671012747283 0.0234423515982 -0.000476313972081,
                -0.0671012747283 0.0235208847835 -0.000421324443715,
                -0.0671012747283 0.0235886760419 -0.000353533185328,
                -0.0671012747283 0.0236436655703 -0.000275,
                -0.0671012747283 0.0236841825396 -0.000188111078829,
                -0.0671012747283 0.0237089958623 -9.55064977168e-05,
                -0.0671912785163 0.0227488083031 -7.38004755084e-05,
                -0.0671912785163 0.0227679822343 -0.000145358560913,
                -0.0671912785163 0.0227992908016 -0.0002125,
                -0.0671912785163 0.0228417827098 -0.000273184734117,
                -0.0671912785163 0.0228941668641 -0.000325568888326,
                -0.0671912785163 0.0229548515982 -0.000368060796608,
                -0.0671912785163 0.0230219930373 -0.000399369363834,
                -0.0671912785163 0.0230935511227 -0.00041854329503,
                -0.0671912785163 0.0231673515982 -0.000425,
                -0.0671912785163 0.0232411520737 -0.00041854329503,
                -0.0671912785163 0.0233127101591 -0.000399369363834,
                -0.0671912785163 0.0233798515982 -0.000368060796608,
                -0.0671912785163 0.0234405363323 -0.000325568888326,
                -0.0671912785163 0.0234929204865 -0.000273184734117,
                -0.0671912785163 0.0235354123948 -0.0002125,
                -0.0671912785163 0.023566720962 -0.000145358560913,
                -0.0671912785163 0.0235858948932 -7.38004755084e-05,
                -0.0631582191783 0.023277618191 -0.000625352923163,
                -0.0631582191783 0.0233845343892 -0.000596704814199,
                -0.0631582191783 0.0234848515982 -0.000549926131403,
                -0.0631582191783 0.0235755217303 -0.000486438221381,
                -0.0631582191783 0.0236537898196 -0.000408170132151,
                -0.0631582191783 0.0237172777296 -0.0003175,
                -0.0631582191783 0.0237640564124 -0.000217182791012,
                -0.0631582191783 0.0237927045213 -0.000110266592819,
                -0.0631582191783 0.0238023515982 -1.16647607619e-19,
                -0.0631582191783 0.0237927045213 0.000110266592819,
                -0.0631582191783 0.0237640564124 0.000217182791012,
                -0.0631582191783 0.0237172777296 0.0003175,
                -0.0631582191783 0.0236537898196 0.000408170132151,
                -0.0631582191783 0.0235755217303 0.000486438221381,
                -0.0631582191783 0.0234848515982 0.000549926131403,
                -0.0631582191783 0.0233845343892 0.000596704814199,
                -0.0631582191783 0.023277618191 0.000625352923163,
                -0.0672582191783 0.0235858948932 -7.38004755084e-05,
                -0.0672582191783 0.023566720962 -0.000145358560913,
                -0.0672582191783 0.0235354123948 -0.0002125,
                -0.0672582191783 0.0234929204865 -0.000273184734117,
                -0.0672582191783 0.0234405363323 -0.000325568888326,
                -0.0672582191783 0.0233798515982 -0.000368060796608,
                -0.0672582191783 0.0233127101591 -0.000399369363834,
                -0.0672582191783 0.0232411520737 -0.00041854329503,
                -0.0672582191783 0.0231673515982 -0.000425,
                -0.0672582191783 0.0230935511227 -0.00041854329503,
                -0.0672582191783 0.0230219930373 -0.000399369363834,
                -0.0672582191783 0.0229548515982 -0.000368060796608,
                -0.0672582191783 0.0228941668641 -0.000325568888326,
                -0.0672582191783 0.0228417827098 -0.000273184734117,
                -0.0672582191783 0.0227992908016 -0.0002125,
                -0.0672582191783 0.0227679822343 -0.000145358560913,
                -0.0672582191783 0.0227488083031 -7.38004755084e-05,
                -0.0631582191783 0.0232758817092 -0.000615504845633,
                -0.0631582191783 0.0233811141878 -0.000587307887991,
                -0.0631582191783 0.0234798515982 -0.000541265877365,
                -0.0631582191783 0.0235690938542 -0.000478777776949,
                -0.0631582191783 0.0236461293751 -0.000401742256054,
                -0.0631582191783 0.0237086174755 -0.0003125,
                -0.0631582191783 0.0237546594862 -0.000213762589579,
                -0.0631582191783 0.0237828564438 -0.000108530111042,
                -0.0631582191783 0.0237923515982 -1.1481063742e-19,
                -0.0631582191783 0.0237828564438 0.000108530111042,
                -0.0631582191783 0.0237546594862 0.000213762589579,
                -0.0631582191783 0.0237086174755 0.0003125,
                -0.0631582191783 0.0236461293751 0.000401742256054,
                -0.0631582191783 0.0235690938542 0.000478777776949,
                -0.0631582191783 0.0234798515982 0.000541265877365,
                -0.0631582191783 0.0233811141878 0.000587307887991,
                -0.0631582191783 0.0232758817092 0.000615504845633,
                -0.0671382191783 0.0232702232171 0.000616475814809,
                -0.0671382191783 0.0233702887665 0.000591135776242,
                -0.0671382191783 0.0234648187189 0.000549671094674,
                -0.0671382191783 0.0235512345437 0.000493212818529,
                -0.0671382191783 0.0236271790425 0.000423300982404,
                -0.0671382191783 0.0236905806472 0.000341842598941,
                -0.0671382191783 0.0237397099275 0.000251059640497,
                -0.0671382191783 0.0237732267646 0.000153428429523,
                -0.0671382191783 0.0237902169065 5.16120909498e-05,
                -0.0671382191783 0.0237902169065 -5.16120909219e-05,
                -0.0671382191783 0.0237732267646 -0.000153428429496,
                -0.0671382191783 0.0237397099275 -0.000251059640471,
                -0.0671382191783 0.0236905806472 -0.000341842598918,
                -0.0671382191783 0.0236271790425 -0.000423300982383,
                -0.0671382191783 0.0235512345437 -0.000493212818512,
                -0.0671382191783 0.0234648187189 -0.000549671094661,
                -0.0671382191783 0.0233702887665 -0.000591135776233,
                -0.0671382191783 0.0232702232171 -0.000616475814805,
                -0.0631582191783 0.0230588214871 0.000615504845633,
                -0.0631582191783 0.0229535890086 0.000587307887991,
                -0.0631582191783 0.0228548515982 0.000541265877365,
                -0.0631582191783 0.0227656093421 0.000478777776949,
                -0.0631582191783 0.0226885738212 0.000401742256054,
                -0.0631582191783 0.0226260857208 0.0003125,
                -0.0631582191783 0.0225800437102 0.000213762589579,
                -0.0631582191783 0.0225518467525 0.000108530111042,
                -0.0631582191783 0.0225423515982 3.82702124734e-20,
                -0.0631582191783 0.0225518467525 -0.000108530111042,
                -0.0631582191783 0.0225800437102 -0.000213762589579,
                -0.0631582191783 0.0226260857208 -0.0003125,
                -0.0631582191783 0.0226885738212 -0.000401742256054,
                -0.0631582191783 0.0227656093421 -0.000478777776949,
                -0.0631582191783 0.0228548515982 -0.000541265877365,
                -0.0631582191783 0.0229535890086 -0.000587307887991,
                -0.0631582191783 0.0230588214871 -0.000615504845633,
                -0.0671382191783 0.023058821487 -0.000615504845612,
                -0.0671382191783 0.0229535890085 -0.000587307887952,
                -0.0671382191783 0.0228548515981 -0.000541265877312,
                -0.0671382191783 0.022765609342 -0.000478777776885,
                -0.0671382191783 0.0226885738212 -0.000401742255983,
                -0.0671382191783 0.0226260857208 -0.000312499999926,
                -0.0671382191783 0.0225800437102 -0.000213762589505,
                -0.0671382191783 0.0225518467525 -0.000108530110972,
                -0.0671382191783 0.0225423515982 6.40925052895e-14,
                -0.0671382191783 0.0225518467526 0.000108530111098,
                -0.0671382191783 0.0225800437102 0.000213762589625,
                -0.0671382191783 0.0226260857208 0.000312500000037,
                -0.0671382191783 0.0226885738212 0.000401742256081,
                -0.0671382191783 0.0227656093421 0.000478777776968,
                -0.0671382191783 0.0228548515982 0.000541265877376,
                -0.0671382191783 0.0229535890086 0.000587307887996,
                -0.0671382191783 0.0230588214871 0.000615504845634,
                -0.0671912785163 0.0235858948932 7.38004755084e-05,
                -0.0671912785163 0.023566720962 0.000145358560913,
                -0.0671912785163 0.0235354123948 0.0002125,
                -0.0671912785163 0.0234929204865 0.000273184734117,
                -0.0671912785163 0.0234405363323 0.000325568888326,
                -0.0671912785163 0.0233798515982 0.000368060796608,
                -0.0671912785163 0.0233127101591 0.000399369363834,
                -0.0671912785163 0.0232411520737 0.00041854329503,
                -0.0671912785163 0.0231673515982 0.000425,
                -0.0671912785163 0.0230935511227 0.00041854329503,
                -0.0671912785163 0.0230219930373 0.000399369363834,
                -0.0671912785163 0.0229548515982 0.000368060796608,
                -0.0671912785163 0.0228941668641 0.000325568888326,
                -0.0671912785163 0.0228417827098 0.000273184734117,
                -0.0671912785163 0.0227992908016 0.0002125,
                -0.0671912785163 0.0227679822343 0.000145358560913,
                -0.0671912785163 0.0227488083031 7.38004755084e-05,
                -0.0672582191783 0.0227488083031 7.38004755084e-05,
                -0.0672582191783 0.0227679822343 0.000145358560913,
                -0.0672582191783 0.0227992908016 0.0002125,
                -0.0672582191783 0.0228417827098 0.000273184734117,
                -0.0672582191783 0.0228941668641 0.000325568888326,
                -0.0672582191783 0.0229548515982 0.000368060796608,
                -0.0672582191783 0.0230219930373 0.000399369363834,
                -0.0672582191783 0.0230935511227 0.00041854329503,
                -0.0672582191783 0.0231673515982 0.000425,
                -0.0672582191783 0.0232411520737 0.00041854329503,
                -0.0672582191783 0.0233127101591 0.000399369363834,
                -0.0672582191783 0.0233798515982 0.000368060796608,
                -0.0672582191783 0.0234405363323 0.000325568888326,
                -0.0672582191783 0.0234929204865 0.000273184734117,
                -0.0672582191783 0.0235354123948 0.0002125,
                -0.0672582191783 0.023566720962 0.000145358560913,
                -0.0672582191783 0.0235858948932 7.38004755084e-05,
                -0.0611582191783 0.0230570850054 0.000625352923163,
                -0.0611582191783 0.0229501688072 0.000596704814199,
                -0.0611582191783 0.0228498515982 0.000549926131403,
                -0.0611582191783 0.022759181466 0.000486438221381,
                -0.0611582191783 0.0226809133768 0.000408170132151,
                -0.0611582191783 0.0226174254668 0.0003175,
                -0.0611582191783 0.022570646784 0.000217182791012,
                -0.0611582191783 0.022541998675 0.000110266592819,
                -0.0611582191783 0.0225323515982 3.88825358729e-20,
                -0.0611582191783 0.022541998675 -0.000110266592819,
                -0.0611582191783 0.022570646784 -0.000217182791012,
                -0.0611582191783 0.0226174254668 -0.0003175,
                -0.0611582191783 0.0226809133768 -0.000408170132151,
                -0.0611582191783 0.022759181466 -0.000486438221381,
                -0.0611582191783 0.0228498515982 -0.000549926131403,
                -0.0611582191783 0.0229501688072 -0.000596704814199,
                -0.0611582191783 0.0230570850054 -0.000625352923163,
                -0.0631582191783 0.0230570850054 0.000625352923163,
                -0.0631582191783 0.0229501688072 0.000596704814199,
                -0.0631582191783 0.0228498515982 0.000549926131403,
                -0.0631582191783 0.022759181466 0.000486438221381,
                -0.0631582191783 0.0226809133768 0.000408170132151,
                -0.0631582191783 0.0226174254668 0.0003175,
                -0.0631582191783 0.022570646784 0.000217182791012,
                -0.0631582191783 0.022541998675 0.000110266592819,
                -0.0631582191783 0.0225323515982 3.88825358729e-20,
                -0.0631582191783 0.022541998675 -0.000110266592819,
                -0.0631582191783 0.022570646784 -0.000217182791012,
                -0.0631582191783 0.0226174254668 -0.0003175,
                -0.0631582191783 0.0226809133768 -0.000408170132151,
                -0.0631582191783 0.022759181466 -0.000486438221381,
                -0.0631582191783 0.0228498515982 -0.000549926131403,
                -0.0631582191783 0.0229501688072 -0.000596704814199,
                -0.0631582191783 0.0230570850054 -0.000625352923163,
                -0.0671012747283 0.0237089958623 9.55064977168e-05,
                -0.0671012747283 0.0236841825396 0.000188111078829,
                -0.0671012747283 0.0236436655703 0.000275,
                -0.0671012747283 0.0235886760419 0.000353533185328,
                -0.0671012747283 0.0235208847835 0.000421324443715,
                -0.0671012747283 0.0234423515982 0.000476313972081,
                -0.0671012747283 0.023355462677 0.000516830941432,
                -0.0671012747283 0.0232628580959 0.000541644264157,
                -0.0610164371323 0.0230527438009 0.000649973116988,
                -0.0610164371323 0.0229416183036 0.000620197129719,
                -0.0610164371323 0.0228373515982 0.000571576766498,
                -0.0610164371323 0.0227431117758 0.000505589332459,
                -0.0610164371323 0.0226617622657 0.000424239822393,
                -0.0610164371323 0.0225957748317 0.00033,
                -0.0610164371323 0.0225471544685 0.000225733294595,
                -0.0610164371323 0.0225173784812 0.00011460779726,
                -0.0610164371323 0.0225073515982 1.21240033116e-19,
                -0.0610164371323 0.0225173784812 -0.00011460779726,
                -0.0610164371323 0.0225471544685 -0.000225733294595,
                -0.0610164371323 0.0225957748317 -0.00033,
                -0.0610164371323 0.0226617622657 -0.000424239822393,
                -0.0610164371323 0.0227431117758 -0.000505589332459,
                -0.0610164371323 0.0228373515982 -0.000571576766498,
                -0.0610164371323 0.0229416183036 -0.000620197129719,
                -0.0610164371323 0.0230527438009 -0.000649973116988,
                -0.0604582191783 0.0232628580959 -0.000541644264157,
                -0.0604582191783 0.023355462677 -0.000516830941432,
                -0.0604582191783 0.0234423515982 -0.000476313972081,
                -0.0604582191783 0.0235208847835 -0.000421324443715,
                -0.0604582191783 0.0235886760419 -0.000353533185328,
                -0.0604582191783 0.0236436655703 -0.000275,
                -0.0604582191783 0.0236841825396 -0.000188111078829,
                -0.0604582191783 0.0237089958623 -9.55064977168e-05,
                -0.0604582191783 0.0237173515982 -1.0103336093e-19,
                -0.0604582191783 0.0237089958623 9.55064977168e-05,
                -0.0604582191783 0.0236841825396 0.000188111078829,
                -0.0604582191783 0.0236436655703 0.000275,
                -0.0604582191783 0.0235886760419 0.000353533185328,
                -0.0604582191783 0.0235208847835 0.000421324443715,
                -0.0604582191783 0.0234423515982 0.000476313972081,
                -0.0604582191783 0.023355462677 0.000516830941432,
                -0.0604582191783 0.0232628580959 0.000541644264157,
                -0.0609082191783 0.0230527438009 0.000649973116988,
                -0.0609082191783 0.0229416183036 0.000620197129719,
                -0.0609082191783 0.0228373515982 0.000571576766498,
                -0.0609082191783 0.0227431117758 0.000505589332459,
                -0.0609082191783 0.0226617622657 0.000424239822393,
                -0.0609082191783 0.0225957748317 0.00033,
                -0.0609082191783 0.0225471544685 0.000225733294595,
                -0.0609082191783 0.0225173784812 0.00011460779726,
                -0.0609082191783 0.0225073515982 4.04133443719e-20,
                -0.0609082191783 0.0225173784812 -0.00011460779726,
                -0.0609082191783 0.0225471544685 -0.000225733294595,
                -0.0609082191783 0.0225957748317 -0.00033,
                -0.0609082191783 0.0226617622657 -0.000424239822393,
                -0.0609082191783 0.0227431117758 -0.000505589332459,
                -0.0609082191783 0.0228373515982 -0.000571576766498,
                -0.0609082191783 0.0229416183036 -0.000620197129719,
                -0.0609082191783 0.0230527438009 -0.000649973116988,
                -0.0591582191783 0.022541998675 -0.000110266592819,
                -0.0591582191783 0.022570646784 -0.000217182791012,
                -0.0591582191783 0.0226174254668 -0.0003175,
                -0.0591582191783 0.0226809133768 -0.000408170132151,
                -0.0591582191783 0.022759181466 -0.000486438221381,
                -0.0591582191783 0.0228498515982 -0.000549926131403,
                -0.0591582191783 0.0229501688072 -0.000596704814199,
                -0.0591582191783 0.0230570850054 -0.000625352923163,
                -0.0591582191783 0.0231673515982 -0.000635,
                -0.0591582191783 0.023277618191 -0.000625352923163,
                -0.0591582191783 0.0233845343892 -0.000596704814199,
                -0.0591582191783 0.0234848515982 -0.000549926131403,
                -0.0591582191783 0.0235755217303 -0.000486438221381,
                -0.0591582191783 0.0236537898196 -0.000408170132151,
                -0.0591582191783 0.0237172777296 -0.0003175,
                -0.0591582191783 0.0237640564124 -0.000217182791012,
                -0.0591582191783 0.0237927045213 -0.000110266592819,
                -0.0609082191783 0.022541998675 -0.000110266592819,
                -0.0609082191783 0.022570646784 -0.000217182791012,
                -0.0609082191783 0.0226174254668 -0.0003175,
                -0.0609082191783 0.0226809133768 -0.000408170132151,
                -0.0609082191783 0.022759181466 -0.000486438221381,
                -0.0609082191783 0.0228498515982 -0.000549926131403,
                -0.0609082191783 0.0229501688072 -0.000596704814199,
                -0.0609082191783 0.0230570850054 -0.000625352923163,
                -0.0609082191783 0.0231673515982 -0.000635,
                -0.0609082191783 0.023277618191 -0.000625352923163,
                -0.0609082191783 0.0233845343892 -0.000596704814199,
                -0.0609082191783 0.0234848515982 -0.000549926131403,
                -0.0609082191783 0.0235755217303 -0.000486438221381,
                -0.0609082191783 0.0236537898196 -0.000408170132151,
                -0.0609082191783 0.0237172777296 -0.0003175,
                -0.0609082191783 0.0237640564124 -0.000217182791012,
                -0.0609082191783 0.0237927045213 -0.000110266592819,
                -0.0587582191783 0.0230371154649 0.000738605814759,
                -0.0587582191783 0.0229108364907 0.000704769465589,
                -0.0587582191783 0.0227923515982 0.000649519052838,
                -0.0587582191783 0.0226852608909 0.000574533332339,
                -0.0587582191783 0.0225928182658 0.000482090707265,
                -0.0587582191783 0.0225178325453 0.000375,
                -0.0587582191783 0.0224625821326 0.000256515107494,
                -0.0587582191783 0.0224287457834 0.00013023613325,
                -0.0587582191783 0.0224173515982 4.5924254968e-20,
                -0.0587582191783 0.0224287457834 -0.00013023613325,
                -0.0587582191783 0.0224625821326 -0.000256515107494,
                -0.0587582191783 0.0225178325453 -0.000375,
                -0.0587582191783 0.0225928182658 -0.000482090707265,
                -0.0587582191783 0.0226852608909 -0.000574533332339,
                -0.0587582191783 0.0227923515982 -0.000649519052838,
                -0.0587582191783 0.0229108364907 -0.000704769465589,
                -0.0587582191783 0.0230371154649 -0.000738605814759,
                -0.0591582191783 0.0230371154649 0.000738605814759,
                -0.0591582191783 0.0229108364907 0.000704769465589,
                -0.0591582191783 0.0227923515982 0.000649519052838,
                -0.0591582191783 0.0226852608909 0.000574533332339,
                -0.0591582191783 0.0225928182658 0.000482090707265,
                -0.0591582191783 0.0225178325453 0.000375,
                -0.0591582191783 0.0224625821326 0.000256515107494,
                -0.0591582191783 0.0224287457834 0.00013023613325,
                -0.0591582191783 0.0224173515982 4.5924254968e-20,
                -0.0591582191783 0.0224287457834 -0.00013023613325,
                -0.0591582191783 0.0224625821326 -0.000256515107494,
                -0.0591582191783 0.0225178325453 -0.000375,
                -0.0591582191783 0.0225928182658 -0.000482090707265,
                -0.0591582191783 0.0226852608909 -0.000574533332339,
                -0.0591582191783 0.0227923515982 -0.000649519052838,
                -0.0591582191783 0.0229108364907 -0.000704769465589,
                -0.0591582191783 0.0230371154649 -0.000738605814759,
                -0.0570582191783 0.0231152571449 0.000295442325904,
                -0.0570582191783 0.0230647455552 0.000281907786236,
                -0.0570582191783 0.0230173515982 0.000259807621135,
                -0.0570582191783 0.0229745153153 0.000229813332936,
                -0.0570582191783 0.0229375382652 0.000192836282906,
                -0.0570582191783 0.022907543977 0.00015,
                -0.0570582191783 0.0228854438119 0.000102606042998,
                -0.0570582191783 0.0228719092723 5.20944533001e-05,
                -0.0570582191783 0.0228673515982 1.83697019872e-20,
                -0.0570582191783 0.0228719092723 -5.20944533001e-05,
                -0.0570582191783 0.0228854438119 -0.000102606042998,
                -0.0570582191783 0.022907543977 -0.00015,
                -0.0570582191783 0.0229375382652 -0.000192836282906,
                -0.0570582191783 0.0229745153153 -0.000229813332936,
                -0.0570582191783 0.0230173515982 -0.000259807621135,
                -0.0570582191783 0.0230647455552 -0.000281907786236,
                -0.0570582191783 0.0231152571449 -0.000295442325904,
                -0.0587582191783 0.0231152571449 0.000295442325904,
                -0.0587582191783 0.0230647455552 0.000281907786236,
                -0.0587582191783 0.0230173515982 0.000259807621135,
                -0.0587582191783 0.0229745153153 0.000229813332936,
                -0.0587582191783 0.0229375382652 0.000192836282906,
                -0.0587582191783 0.022907543977 0.00015,
                -0.0587582191783 0.0228854438119 0.000102606042998,
                -0.0587582191783 0.0228719092723 5.20944533001e-05,
                -0.0587582191783 0.0228673515982 1.83697019872e-20,
                -0.0587582191783 0.0228719092723 -5.20944533001e-05,
                -0.0587582191783 0.0228854438119 -0.000102606042998,
                -0.0587582191783 0.022907543977 -0.00015,
                -0.0587582191783 0.0229375382652 -0.000192836282906,
                -0.0587582191783 0.0229745153153 -0.000229813332936,
                -0.0587582191783 0.0230173515982 -0.000259807621135,
                -0.0587582191783 0.0230647455552 -0.000281907786236,
                -0.0587582191783 0.0231152571449 -0.000295442325904,
                -0.0569582191783 0.0231326219626 0.000196961550602,
                -0.0569582191783 0.0230989475695 0.000187938524157,
                -0.0569582191783 0.0230673515982 0.000173205080757,
                -0.0569582191783 0.0230387940762 0.000153208888624,
                -0.0569582191783 0.0230141427095 0.000128557521937,
                -0.0569582191783 0.0229941465174 0.0001,
                -0.0569582191783 0.022979413074 6.84040286651e-05,
                -0.0569582191783 0.0229703900476 3.47296355334e-05,
                -0.0569582191783 0.0229673515982 1.22464679915e-20,
                -0.0569582191783 0.0229703900476 -3.47296355334e-05,
                -0.0569582191783 0.022979413074 -6.84040286651e-05,
                -0.0569582191783 0.0229941465174 -0.0001,
                -0.0569582191783 0.0230141427095 -0.000128557521937,
                -0.0569582191783 0.0230387940762 -0.000153208888624,
                -0.0569582191783 0.0230673515982 -0.000173205080757,
                -0.0569582191783 0.0230989475695 -0.000187938524157,
                -0.0569582191783 0.0231326219626 -0.000196961550602,
                -0.0672577337674 0.0231673515982 -0.000515782532532,
                -0.0672562158226 0.0231673515982 -0.000526835566308,
                -0.0672535870534 0.0231673515982 -0.000538018985831,
                -0.0672497937745 0.0231673515982 -0.000549171365225,
                -0.0672448132592 0.0231673515982 -0.000560115351268,
                -0.0672386586398 0.0231673515982 -0.000570665170527,
                -0.0672313815609 0.0231673515982 -0.000580635775305,
                -0.0672230719922 0.0231673515982 -0.00058985281389,
                -0.0672138549536 0.0231673515981 -0.000598162382663,
                -0.0672038843488 0.0231673515981 -0.000605439461502,
                -0.0671933345296 0.0231673515981 -0.000611594080973,
                -0.0671823905435 0.0231673515981 -0.000616574596275,
                -0.0671712381641 0.0231673515981 -0.00062036787512,
                -0.0671600547446 0.0231673515981 -0.000622996644335,
                -0.0671490017109 0.0231673515981 -0.000624514589142,
                -0.0672582191784 0.0232343869964 -0.000500530973407,
                -0.0672582191784 0.0233087515982 -0.000484799999964,
                -0.0672582191784 0.023348187142 -0.000471511936307,
                -0.0672582191784 0.023388643733 -0.000453932584241,
                -0.0672582191784 0.0234295919543 -0.000431572700272,
                -0.0672582191784 0.0234703515982 -0.000403999999978,
                -0.0672582191784 0.0235100893031 -0.000370885245883,
                -0.0672582191784 0.0235478310503 -0.000332054794505,
                -0.0672582191784 0.023582493947 -0.000287544483973,
                -0.0672582191784 0.0236129398335 -0.000237647058814,
                -0.0672582191784 0.0236380497115 -0.000182943396219,
                -0.0672582191784 0.0236568131367 -0.000124307692303,
                -0.0672582191784 0.0236684216372 -6.28793774296e-05,
                -0.0672582191784 0.0236723515983 0,
                -0.0672582191784 0.0236684216372 6.28793774296e-05,
                -0.0672582191784 0.0236568131367 0.000124307692303,
                -0.0672582191784 0.0236380497115 0.000182943396219,
                -0.0672582191784 0.0236129398335 0.000237647058814,
                -0.0672582191784 0.023582493947 0.000287544483973,
                -0.0672582191784 0.0235478310503 0.000332054794505,
                -0.0672582191784 0.0235100893031 0.000370885245883,
                -0.0672582191784 0.0234703515982 0.000403999999978,
                -0.0672582191784 0.0234295919543 0.000431572700272,
                -0.0672582191784 0.023388643733 0.000453932584241,
                -0.0672582191784 0.023348187142 0.000471511936307,
                -0.0672582191784 0.0233087515982 0.000484799999964,
                -0.0672582191784 0.0232343869964 0.000500530973407,
                -0.0671490017109 0.0231673515981 0.000624514589142,
                -0.0671600547446 0.0231673515982 0.000622996644335,
                -0.0671712381641 0.0231673515982 0.00062036787512,
                -0.0671823905435 0.0231673515982 0.000616574596275,
                -0.0671933345296 0.0231673515982 0.000611594080973,
                -0.0672038843488 0.0231673515982 0.000605439461502,
                -0.0672138549536 0.0231673515982 0.000598162382663,
                -0.0672230719922 0.0231673515982 0.00058985281389,
                -0.0672313815609 0.0231673515982 0.000580635775305,
                -0.0672386586398 0.0231673515982 0.000570665170527,
                -0.0672448132592 0.0231673515982 0.000560115351268,
                -0.0672497937745 0.0231673515982 0.000549171365225,
                -0.0672535870534 0.0231673515982 0.000538018985831,
                -0.0672562158226 0.0231673515982 0.000526835566308,
                -0.0672577337674 0.0231673515982 0.000515782532532,
                -0.0672582191784 0.0231003161999 0.000500530973407,
                -0.0672582191784 0.0230259515982 0.000484799999964,
                -0.0672582191784 0.0229865160544 0.000471511936307,
                -0.0672582191784 0.0229460594633 0.000453932584241,
                -0.0672582191784 0.0229051112421 0.000431572700272,
                -0.0672582191784 0.0228643515981 0.000403999999978,
                -0.0672582191784 0.0228246138932 0.000370885245883,
                -0.0672582191784 0.0227868721461 0.000332054794505,
                -0.0672582191784 0.0227522092494 0.000287544483973,
                -0.0672582191784 0.0227217633628 0.000237647058814,
                -0.0672582191784 0.0226966534849 0.000182943396219,
                -0.0672582191784 0.0226778900596 0.000124307692303,
                -0.0672582191784 0.0226662815592 6.28793774296e-05,
                -0.0672582191784 0.0226623515981 0,
                -0.0672582191784 0.0226662815592 -6.28793774296e-05,
                -0.0672582191784 0.0226778900596 -0.000124307692303,
                -0.0672582191784 0.0226966534849 -0.000182943396219,
                -0.0672582191784 0.0227217633628 -0.000237647058814,
                -0.0672582191784 0.0227522092494 -0.000287544483973,
                -0.0672582191784 0.0227868721461 -0.000332054794505,
                -0.0672582191784 0.0228246138932 -0.000370885245883,
                -0.0672582191784 0.0228643515981 -0.000403999999978,
                -0.0672582191784 0.0229051112421 -0.000431572700272,
                -0.0672582191784 0.0229460594633 -0.000453932584241,
                -0.0672582191784 0.0229865160544 -0.000471511936307,
                -0.0672582191784 0.0230259515982 -0.000484799999964,
                -0.0672582191784 0.0231003161999 -0.000500530973407,
                -0.0672562158227 0.0233982121272 0.000473560059582,
                -0.0672562158227 0.0234834529379 0.000421468453021,
                -0.0672562158227 0.0235642825043 0.000346412427126,
                -0.0672562158227 0.0236322065096 0.00024792261939,
                -0.0672562158227 0.0236779768393 0.000129682600873,
                -0.0672562158227 0.0236941871644 -7.76443808333e-14,
                -0.0672562158227 0.0236779768393 -0.000129682601021,
                -0.0672562158227 0.0236322065095 -0.000247922619519,
                -0.0672562158227 0.0235642825042 -0.000346412427229,
                -0.0672562158227 0.0234834529378 -0.000421468453095,
                -0.0672562158227 0.0233982121271 -0.000473560059631,
                -0.0672562158227 0.0233148655566 -0.000505762143664,
                -0.0672497937746 0.0233211195803 -0.000527204510618,
                -0.0672386586398 0.0233271378458 -0.000547838563715,
                -0.0672230719922 0.0233325103859 -0.00056625870136,
                -0.0672038843489 0.0233368746472 -0.000581221883091,
                -0.0671823905436 0.023339992485 -0.000591911612499,
                -0.0671600547446 0.0233417906584 -0.000598076778662,
                -0.0671600547446 0.0234403501276 -0.00055999698379,
                -0.0671600547446 0.0235411495846 -0.000498397315601,
                -0.0671600547446 0.0236367326314 -0.000409641629293,
                -0.0671600547446 0.0237170545195 -0.00029317489159,
                -0.0671600547446 0.0237711791149 -0.000153353020266,
                -0.0671600547446 0.0237903482424 -9.18164828105e-14,
                -0.0671600547446 0.0237711791149 0.00015335302009,
                -0.0671600547446 0.0237170545196 0.000293174891438,
                -0.0671600547446 0.0236367326315 0.000409641629172,
                -0.0671600547446 0.0235411495847 0.000498397315513,
                -0.0671600547446 0.0234403501277 0.000559996983732,
                -0.0671600547446 0.0233417906586 0.000598076778629,
                -0.0671823905436 0.0233399924851 0.000591911612467,
                -0.0672038843489 0.0233368746473 0.000581221883059,
                -0.0672230719922 0.023332510386 0.000566258701328,
                -0.0672386586398 0.0233271378459 0.000547838563684,
                -0.0672497937746 0.0233211195804 0.000527204510589,
                -0.0672562158227 0.0233148655567 0.000505762143637,
                -0.0671823905436 0.0234375359716 -0.000554224356297,
                -0.0671823905436 0.0235372963557 -0.000493259677131,
                -0.0671823905436 0.023631894102 -0.000405418912742,
                -0.0671823905436 0.0237113880065 -0.000290152751313,
                -0.0671823905436 0.0237649546682 -0.000151772208428,
                -0.0671823905436 0.0237839261943 -9.08700092252e-14,
                -0.0672038843489 0.0234326565305 -0.000544215246363,
                -0.0672038843489 0.0235306152749 -0.00048435156929,
                -0.0672230719922 0.0234258264265 -0.000530204776577,
                -0.0672230719922 0.0235212632863 -0.00047188225118,
                -0.0672038843489 0.0236235046169 -0.00039809718027,
                -0.0672038843489 0.0237015628875 -0.000284912687876,
                -0.0672038843489 0.023754162153 -0.000149031252168,
                -0.0672038843489 0.0237727910595 -8.92289266895e-14,
                -0.0672230719922 0.0236117612523 -0.000387848425657,
                -0.0672230719922 0.0236878099632 -0.000277577794869,
                -0.0672230719922 0.0237390550945 -0.000145194538901,
                -0.0672230719922 0.0237572044119 -8.69317856413e-14,
                -0.0671823905436 0.0237649546683 0.000151772208255,
                -0.0671823905436 0.0237113880065 0.000290152751162,
                -0.0671823905436 0.0236318941021 0.000405418912622,
                -0.0671823905436 0.0235372963559 0.000493259677044,
                -0.0671823905436 0.0234375359718 0.000554224356239,
                -0.0672038843489 0.023754162153 0.000149031251998,
                -0.0672038843489 0.0237015628876 0.000284912687728,
                -0.0672038843489 0.023623504617 0.000398097180152,
                -0.0672038843489 0.023530615275 0.000484351569205,
                -0.0672230719922 0.0237390550946 0.000145194538735,
                -0.0672230719922 0.0236878099632 0.000277577794724,
                -0.0672230719922 0.0236117612524 0.000387848425542,
                -0.0672230719922 0.0235212632864 0.000471882251096,
                -0.0672038843489 0.0234326565307 0.000544215246307,
                -0.0672230719922 0.0234258264267 0.000530204776522,
                -0.0672386586398 0.0234174183581 -0.000512957456684,
                -0.0672386586398 0.0235097507003 -0.000456532136474,
                -0.0672497937746 0.0234079997244 -0.000493637182248,
                -0.0672497937746 0.0234968544172 -0.000439337092225,
                -0.0672386586398 0.0235973048087 -0.000375231893021,
                -0.0672386586398 0.0236708796896 -0.000268548315628,
                -0.0672386586398 0.0237204578402 -0.000140471426681,
                -0.0672386586398 0.0237380167685 -8.41039342487e-14,
                -0.0672497937746 0.0235811108458 -0.000361098979939,
                -0.0672497937746 0.0236519145673 -0.000258433583715,
                -0.0672497937746 0.0236996253828 -0.000135180643833,
                -0.0672497937746 0.0237165229633 -8.0936203534e-14,
                -0.0672386586398 0.0237204578402 0.000140471426521,
                -0.0672386586398 0.0236708796897 0.000268548315488,
                -0.0672386586398 0.0235973048087 0.00037523189291,
                -0.0672386586398 0.0235097507004 0.000456532136393,
                -0.0672497937746 0.0236996253828 0.000135180643678,
                -0.0672497937746 0.0236519145674 0.00025843358358,
                -0.0672497937746 0.0235811108459 0.000361098979832,
                -0.0672497937746 0.0234968544173 0.000439337092147,
                -0.0672386586398 0.0234174183582 0.000512957456631,
                -0.0672497937746 0.0234079997245 0.000493637182197,
                -0.0672562158227 0.0229364910691 -0.000473560059588,
                -0.0672562158227 0.0228512502584 -0.000421468453033,
                -0.0672562158227 0.0227704206921 -0.000346412427151,
                -0.0672562158227 0.0227024966868 -0.000247922619431,
                -0.0672562158227 0.022656726357 -0.000129682600933,
                -0.0672562158227 0.0226405160319 -4.67923980711e-18,
                -0.0672562158227 0.022656726357 0.000129682600933,
                -0.0672562158227 0.0227024966868 0.000247922619431,
                -0.0672562158227 0.0227704206921 0.000346412427151,
                -0.0672562158227 0.0228512502584 0.000421468453033,
                -0.0672562158227 0.0229364910691 0.000473560059588,
                -0.0672562158227 0.0230198376396 0.00050576214364,
                -0.0672497937746 0.0230135836159 0.000527204510598,
                -0.0672386586398 0.0230075653505 0.000547838563698,
                -0.0672230719922 0.0230021928103 0.000566258701345,
                -0.0672038843488 0.022997828549 0.000581221883075,
                -0.0671823905435 0.0229947107113 0.000591911612478,
                -0.0671600547446 0.0229929125378 0.000598076778634,
                -0.0671600547446 0.0228943530687 0.000559996983739,
                -0.0671600547446 0.0227935536116 0.000498397315528,
                -0.0671600547446 0.0226979705648 0.000409641629201,
                -0.0671600547446 0.0226176486768 0.000293174891487,
                -0.0671600547446 0.0225635240814 0.000153353020162,
                -0.0671600547446 0.0225443549539 -5.53332175111e-18,
                -0.0671600547446 0.0225635240814 -0.000153353020162,
                -0.0671600547446 0.0226176486768 -0.000293174891487,
                -0.0671600547446 0.0226979705648 -0.000409641629201,
                -0.0671600547446 0.0227935536116 -0.000498397315528,
                -0.0671600547446 0.0228943530687 -0.000559996983739,
                -0.0671600547446 0.0229929125378 -0.000598076778634,
                -0.0671823905435 0.0229947107113 -0.000591911612478,
                -0.0672038843488 0.022997828549 -0.000581221883075,
                -0.0672230719922 0.0230021928103 -0.000566258701345,
                -0.0672386586398 0.0230075653505 -0.000547838563698,
                -0.0672497937746 0.0230135836159 -0.000527204510598,
                -0.0672562158227 0.0230198376396 -0.00050576214364,
                -0.0671823905435 0.0228971672246 0.000554224356253,
                -0.0671823905435 0.0227974068405 0.000493259677065,
                -0.0671823905435 0.0227028090942 0.000405418912656,
                -0.0671823905435 0.0226233151898 0.000290152751215,
                -0.0671823905435 0.0225697485281 0.000151772208328,
                -0.0671823905435 0.022550777002 -5.47628250597e-18,
                -0.0672038843488 0.0229020466657 0.000544215246325,
                -0.0672038843488 0.0228040879214 0.000484351569229,
                -0.0672230719922 0.0229088767697 0.00053020477654,
                -0.0672230719922 0.0228134399099 0.000471882251121,
                -0.0672038843488 0.0227111985794 0.000398097180188,
                -0.0672038843488 0.0226331403088 0.000284912687782,
                -0.0672038843488 0.0225805410433 0.00014903125207,
                -0.0672038843488 0.0225619121368 -5.37738264171e-18,
                -0.0672230719922 0.022722941944 0.000387848425579,
                -0.0672230719922 0.0226468932331 0.000277577794777,
                -0.0672230719922 0.0225956481018 0.000145194538806,
                -0.0672230719922 0.0225774987844 -5.23894540106e-18,
                -0.0671823905435 0.0225697485281 -0.000151772208328,
                -0.0671823905435 0.0226233151898 -0.000290152751215,
                -0.0671823905435 0.0227028090942 -0.000405418912656,
                -0.0671823905435 0.0227974068405 -0.000493259677065,
                -0.0671823905435 0.0228971672246 -0.000554224356253,
                -0.0672038843488 0.0225805410433 -0.00014903125207,
                -0.0672038843488 0.0226331403088 -0.000284912687782,
                -0.0672038843488 0.0227111985794 -0.000398097180188,
                -0.0672038843488 0.0228040879214 -0.000484351569229,
                -0.0672230719922 0.0225956481018 -0.000145194538806,
                -0.0672230719922 0.0226468932331 -0.000277577794777,
                -0.0672230719922 0.022722941944 -0.000387848425579,
                -0.0672230719922 0.0228134399099 -0.000471882251121,
                -0.0672038843488 0.0229020466657 -0.000544215246325,
                -0.0672230719922 0.0229088767697 -0.00053020477654,
                -0.0672386586398 0.0229172848381 0.000512957456647,
                -0.0672386586398 0.0228249524959 0.000456532136415,
                -0.0672497937746 0.0229267034719 0.000493637182208,
                -0.0672497937746 0.0228378487791 0.000439337092165,
                -0.0672386586398 0.0227373983876 0.000375231892944,
                -0.0672386586398 0.0226638235067 0.000268548315538,
                -0.0672386586398 0.0226142453561 0.000140471426589,
                -0.0672386586398 0.0225966864278 -5.0685248933e-18,
                -0.0672497937746 0.0227535923505 0.000361098979862,
                -0.0672497937746 0.0226827886289 0.000258433583627,
                -0.0672497937746 0.0226350778135 0.000135180643743,
                -0.0672497937746 0.022618180233 -4.87762155294e-18,
                -0.0672386586398 0.0226142453561 -0.000140471426589,
                -0.0672386586398 0.0226638235067 -0.000268548315538,
                -0.0672386586398 0.0227373983876 -0.000375231892944,
                -0.0672386586398 0.0228249524959 -0.000456532136415,
                -0.0672497937746 0.0226350778135 -0.000135180643743,
                -0.0672497937746 0.0226827886289 -0.000258433583627,
                -0.0672497937746 0.0227535923505 -0.000361098979862,
                -0.0672497937746 0.0228378487791 -0.000439337092165,
                -0.0672386586398 0.0229172848381 -0.000512957456647,
                -0.0672497937746 0.0229267034719 -0.000493637182208

              ]
            }
            normal Normal {
              vector [
                0.70710677 0 0.70710677,
                0.70710677 0.1227878 0.69636422,
                0.70710677 0.24184476 0.66446304,
                0.70710677 0.35355338 0.61237246,
                0.70710677 0.45451948 0.54167521,
                0.70710677 0.54167521 0.45451948,
                0.70710677 0.61237246 0.35355338,
                0.70710677 0.66446304 0.24184476,
                0.70710677 0.69636422 0.1227878,
                0.70710677 0.70710677 4.3297803e-17,
                0.70710677 0.69636422 -0.1227878,
                0.70710677 0.66446304 -0.24184476,
                0.70710677 0.61237246 -0.35355338,
                0.70710677 0.54167521 -0.45451948,
                0.70710677 0.45451948 -0.54167521,
                0.70710677 0.35355338 -0.61237246,
                0.70710677 0.24184476 -0.66446304,
                0.70710677 0.1227878 -0.69636422,
                0.70710677 0 -0.70710677,
                0.70710677 0 -0.70710677,
                0.70710677 0.1227878 -0.69636422,
                0.70710677 0.24184476 -0.66446304,
                0.70710677 0.35355338 -0.61237246,
                0.70710677 0.45451948 -0.54167521,
                0.70710677 0.54167521 -0.45451948,
                0.70710677 0.61237246 -0.35355338,
                0.70710677 0.66446304 -0.24184476,
                0.70710677 0.69636422 -0.1227878,
                0.70710677 0.70710677 4.3297803e-17,
                0.70710677 0.69636422 0.1227878,
                0.70710677 0.66446304 0.24184476,
                0.70710677 0.61237246 0.35355338,
                0.70710677 0.54167521 0.45451948,
                0.70710677 0.45451948 0.54167521,
                0.70710677 0.35355338 0.61237246,
                0.70710677 0.24184476 0.66446304,
                0.70710677 0.1227878 0.69636422,
                0.70710677 0 0.70710677,
                0 0 1,
                0 0.17364818 0.98480773,
                0 0.34202015 0.93969262,
                0 0.5 0.86602539,
                0 0.64278764 0.76604444,
                0 0.76604444 0.64278764,
                0 0.86602539 0.5,
                0 0.93969262 0.34202015,
                0 0.98480773 0.17364818,
                0 1 6.1232343e-17,
                0 0.98480773 -0.17364818,
                0 0.93969262 -0.34202015,
                0 0.86602539 -0.5,
                0 0.76604444 -0.64278764,
                0 0.64278764 -0.76604444,
                0 0.5 -0.86602539,
                0 0.34202015 -0.93969262,
                0 0.17364818 -0.98480773,
                0 0 -1,
                0 0 -1,
                0 0.17364818 -0.98480773,
                0 0.34202015 -0.93969262,
                0 0.5 -0.86602539,
                0 0.64278764 -0.76604444,
                0 0.76604444 -0.64278764,
                0 0.86602539 -0.5,
                0 0.93969262 -0.34202015,
                0 0.98480773 -0.17364818,
                0 1 6.1232343e-17,
                0 0.98480773 0.17364818,
                0 0.93969262 0.34202015,
                0 0.86602539 0.5,
                0 0.76604444 0.64278764,
                0 0.64278764 0.76604444,
                0 0.5 0.86602539,
                0 0.34202015 0.93969262,
                0 0.17364818 0.98480773,
                0 0 1,
                0 0 1,
                0 0.17364818 0.98480773,
                0 0.34202015 0.93969262,
                0 0.5 0.86602539,
                0 0.64278764 0.76604444,
                0 0.76604444 0.64278764,
                0 0.86602539 0.5,
                0 0.93969262 0.34202015,
                0 0.98480773 0.17364818,
                0 1 6.1232343e-17,
                0 0.98480773 -0.17364818,
                0 0.93969262 -0.34202015,
                0 0.86602539 -0.5,
                0 0.76604444 -0.64278764,
                0 0.64278764 -0.76604444,
                0 0.5 -0.86602539,
                0 0.34202015 -0.93969262,
                0 0.17364818 -0.98480773,
                0 0 -1,
                0 0 -1,
                0 0.17364818 -0.98480773,
                0 0.34202015 -0.93969262,
                0 0.5 -0.86602539,
                0 0.64278764 -0.76604444,
                0 0.76604444 -0.64278764,
                0 0.86602539 -0.5,
                0 0.93969262 -0.34202015,
                0 0.98480773 -0.17364818,
                0 1 6.1232343e-17,
                0 0.98480773 0.17364818,
                0 0.93969262 0.34202015,
                0 0.86602539 0.5,
                0 0.76604444 0.64278764,
                0 0.64278764 0.76604444,
                0 0.5 0.86602539,
                0 0.34202015 0.93969262,
                0 0.17364818 0.98480773,
                0 0 1,
                0 -1 0,
                0 -0.98480773 0.17364818,
                0 -0.93969262 0.34202015,
                0 -0.86602539 0.5,
                0 -0.76604444 0.64278764,
                0 -0.64278764 0.76604444,
                0 -0.5 0.86602539,
                0 -0.34202015 0.93969262,
                0 -0.17364818 0.98480773,
                0 0 1,
                0 0.17364818 0.98480773,
                0 0.34202015 0.93969262,
                0 0.5 0.86602539,
                0 0.64278764 0.76604444,
                0 0.76604444 0.64278764,
                0 0.86602539 0.5,
                0 0.93969262 0.34202015,
                0 0.98480773 0.17364818,
                0 1 1.2246469e-16,
                0 1 1.2246469e-16,
                0 0.98480773 0.17364818,
                0 0.93969262 0.34202015,
                0 0.86602539 0.5,
                0 0.76604444 0.64278764,
                0 0.64278764 0.76604444,
                0 0.5 0.86602539,
                0 0.34202015 0.93969262,
                0 0.17364818 0.98480773,
                0 0 1,
                0 -0.17364818 0.98480773,
                0 -0.34202015 0.93969262,
                0 -0.5 0.86602539,
                0 -0.64278764 0.76604444,
                0 -0.76604444 0.64278764,
                0 -0.86602539 0.5,
                0 -0.93969262 0.34202015,
                0 -0.98480773 0.17364818,
                0 -1 0,
                -0.91170245 -0 -0.41085106,
                -0.91170245 0.071343541 -0.40460932,
                -0.91170245 0.14051934 -0.38607371,
                -0.91170245 0.20542553 -0.35580745,
                -0.91170245 0.26408997 -0.31473017,
                -0.91170245 0.31473017 -0.26408997,
                -0.91170245 0.35580745 -0.20542553,
                -0.91170245 0.38607371 -0.14051934,
                -0.91170245 0.40460932 -0.071343541,
                -0.91170245 0.41085106 7.5472118e-17,
                -0.91170245 0.40460932 0.071343541,
                -0.91170245 0.38607371 0.14051934,
                -0.91170245 0.35580745 0.20542553,
                -0.91170245 0.31473017 0.26408997,
                -0.91170245 0.26408997 0.31473017,
                -0.91170245 0.20542553 0.35580745,
                -0.91170245 0.14051934 0.38607371,
                -0.91170245 0.071343541 0.40460932,
                -0.91170245 -0 0.41085106,
                -0.96085238 0.2770609 5.2036923e-17,
                -0.96085238 0.2770609 5.2036923e-17,
                0 0 1,
                0 0.17364818 0.98480773,
                0 0.34202015 0.93969262,
                0 0.5 0.86602539,
                0 0.64278764 0.76604444,
                0 0.76604444 0.64278764,
                0 0.86602539 0.5,
                0 0.93969262 0.34202015,
                0 0.98480773 0.17364818,
                0 1 6.1232343e-17,
                0 0.98480773 -0.17364818,
                0 0.93969262 -0.34202015,
                0 0.86602539 -0.5,
                0 0.76604444 -0.64278764,
                0 0.64278764 -0.76604444,
                0 0.5 -0.86602539,
                0 0.34202015 -0.93969262,
                0 0.17364818 -0.98480773,
                0 0 -1,
                0 0 -1,
                0 0.17364818 -0.98480773,
                0 0.34202015 -0.93969262,
                0 0.5 -0.86602539,
                0 0.64278764 -0.76604444,
                0 0.76604444 -0.64278764,
                0 0.86602539 -0.5,
                0 0.93969262 -0.34202015,
                0 0.98480773 -0.17364818,
                0 1 6.1232343e-17,
                0 0.98480773 0.17364818,
                0 0.93969262 0.34202015,
                0 0.86602539 0.5,
                0 0.76604444 0.64278764,
                0 0.64278764 0.76604444,
                0 0.5 0.86602539,
                0 0.34202015 0.93969262,
                0 0.17364818 0.98480773,
                0 0 1,
                -0 -0 -1,
                -0 -0 -1,
                -0 0.17364818 -0.98480773,
                -0 0.34202015 -0.93969262,
                -0 0.5 -0.86602539,
                -0 0.64278764 -0.76604444,
                -0 0.76604444 -0.64278764,
                -0 0.86602539 -0.5,
                -0 0.93969262 -0.34202015,
                -0 0.98480773 -0.17364818,
                -0 1 1.8369701e-16,
                -0 0.98480773 0.17364818,
                -0 0.93969262 0.34202015,
                -0 0.86602539 0.5,
                -0 0.76604444 0.64278764,
                -0 0.64278764 0.76604444,
                -0 0.5 0.86602539,
                -0 0.34202015 0.93969262,
                -0 0.17364818 0.98480773,
                -0 -0 1,
                -0 -0 1,
                -0 0.17364818 0.98480773,
                -0 0.34202015 0.93969262,
                -0 0.5 0.86602539,
                -0 0.64278764 0.76604444,
                -0 0.76604444 0.64278764,
                -0 0.86602539 0.5,
                -0 0.93969262 0.34202015,
                -0 0.98480773 0.17364818,
                -0 1 1.8369701e-16,
                -0 0.98480773 -0.17364818,
                -0 0.93969262 -0.34202015,
                -0 0.86602539 -0.5,
                -0 0.76604444 -0.64278764,
                -0 0.64278764 -0.76604444,
                -0 0.5 -0.86602539,
                -0 0.34202015 -0.93969262,
                -0 0.17364818 -0.98480773,
                -0.17364818 0 -0.98480773,
                -0.17364818 0.17101008 -0.96984631,
                -0.17364818 0.33682409 -0.92541659,
                -0.17364818 0.49240386 -0.85286856,
                -0.17364818 0.63302225 -0.75440651,
                -0.17364818 0.75440651 -0.63302225,
                -0.17364818 0.85286856 -0.49240386,
                -0.17364818 0.92541659 -0.33682409,
                -0.17364818 0.96984631 -0.17101008,
                -0.17364818 0.98480773 -6.0302082e-17,
                -0.17364818 0.96984631 0.17101008,
                -0.17364818 0.92541659 0.33682409,
                -0.17364818 0.85286856 0.49240386,
                -0.17364818 0.75440651 0.63302225,
                -0.17364818 0.63302225 0.75440651,
                -0.17364818 0.49240386 0.85286856,
                -0.17364818 0.33682409 0.92541659,
                -0.17364818 0.17101008 0.96984631,
                -0.17364818 0 0.98480773,
                -0.17364818 0 0.98480773,
                -0.17364818 0.17101008 0.96984631,
                -0.17364818 0.33682409 0.92541659,
                -0.17364818 0.49240386 0.85286856,
                -0.17364818 0.63302225 0.75440651,
                -0.17364818 0.75440651 0.63302225,
                -0.17364818 0.85286856 0.49240386,
                -0.17364818 0.92541659 0.33682409,
                -0.17364818 0.96984631 0.17101008,
                -0.17364818 0.98480773 -6.0302082e-17,
                -0.17364818 0.96984631 -0.17101008,
                -0.17364818 0.92541659 -0.33682409,
                -0.17364818 0.85286856 -0.49240386,
                -0.17364818 0.75440651 -0.63302225,
                -0.17364818 0.63302225 -0.75440651,
                -0.17364818 0.49240386 -0.85286856,
                -0.17364818 0.33682409 -0.92541659,
                -0.17364818 0.17101008 -0.96984631,
                -0.17364818 0 -0.98480773,
                0.81152266 -0.5843209 1.4311735e-16,
                0.81152266 -0.5843209 1.4311735e-16,
                0.81152266 -0.57544374 0.10146626,
                0.81152266 -0.54908204 0.19984953,
                0.81152266 -0.50603676 0.29216045,
                0.81152266 -0.4476158 0.37559426,
                0.81152266 -0.37559426 0.4476158,
                0.81152266 -0.29216045 0.50603676,
                0.81152266 -0.19984953 0.54908204,
                0.81152266 -0.10146626 0.57544374,
                0.81152266 -3.7744089e-15 0.5843209,
                0.81152266 0.10146626 0.57544374,
                0.81152266 0.19984953 0.54908204,
                0.81152266 0.29216045 0.50603676,
                0.81152266 0.37559426 0.4476158,
                0.81152266 0.4476158 0.37559426,
                0.81152266 0.50603676 0.29216045,
                0.81152266 0.54908204 0.19984953,
                0.81152266 0.57544374 0.10146626,
                0.81152266 0.5843209 -7.1558673e-17,
                0.81152266 0.5843209 -7.1558673e-17,
                0.81152266 0.57544374 0.10146626,
                0.81152266 0.54908204 0.19984953,
                0.81152266 0.50603676 0.29216045,
                0.81152266 0.4476158 0.37559426,
                0.81152266 0.37559426 0.4476158,
                0.81152266 0.29216045 0.50603676,
                0.81152266 0.19984953 0.54908204,
                0.81152266 0.10146626 0.57544374,
                0.81152266 -4.8845294e-15 0.5843209,
                0.81152266 -0.10146626 0.57544374,
                0.81152266 -0.19984953 0.54908204,
                0.81152266 -0.29216045 0.50603676,
                0.81152266 -0.37559426 0.4476158,
                0.81152266 -0.4476158 0.37559426,
                0.81152266 -0.50603676 0.29216045,
                0.81152266 -0.54908204 0.19984953,
                0.81152266 -0.57544374 0.10146626,
                0 0 1,
                0 0.17364818 0.98480773,
                0 0.34202015 0.93969262,
                0 0.5 0.86602539,
                0 0.64278764 0.76604444,
                0 0.76604444 0.64278764,
                0 0.86602539 0.5,
                0 0.93969262 0.34202015,
                0 0.98480773 0.17364818,
                0 1 6.1232343e-17,
                0 0.98480773 -0.17364818,
                0 0.93969262 -0.34202015,
                0 0.86602539 -0.5,
                0 0.76604444 -0.64278764,
                0 0.64278764 -0.76604444,
                0 0.5 -0.86602539,
                0 0.34202015 -0.93969262,
                0 0.17364818 -0.98480773,
                0 0 -1,
                0 0 -1,
                0 0.17364818 -0.98480773,
                0 0.34202015 -0.93969262,
                0 0.5 -0.86602539,
                0 0.64278764 -0.76604444,
                0 0.76604444 -0.64278764,
                0 0.86602539 -0.5,
                0 0.93969262 -0.34202015,
                0 0.98480773 -0.17364818,
                0 1 6.1232343e-17,
                0 0.98480773 0.17364818,
                0 0.93969262 0.34202015,
                0 0.86602539 0.5,
                0 0.76604444 0.64278764,
                0 0.64278764 0.76604444,
                0 0.5 0.86602539,
                0 0.34202015 0.93969262,
                0 0.17364818 0.98480773,
                0 0 1,
                -0 1 2.4492937e-16,
                -0 1 2.4492937e-16,
                -0 0.98480773 0.17364818,
                -0 0.93969262 0.34202015,
                -0 0.86602539 0.5,
                -0 0.76604444 0.64278764,
                -0 0.64278764 0.76604444,
                -0 0.5 0.86602539,
                -0 0.34202015 0.93969262,
                -0 0.17364818 0.98480773,
                -0 -0 1,
                -0 -0.17364818 0.98480773,
                -0 -0.34202015 0.93969262,
                -0 -0.5 0.86602539,
                -0 -0.64278764 0.76604444,
                -0 -0.76604444 0.64278764,
                -0 -0.86602539 0.5,
                -0 -0.93969262 0.34202015,
                -0 -0.98480773 0.17364818,
                -0 -1 -1.2246469e-16,
                -0 -1 -1.2246469e-16,
                -0 -0.98480773 0.17364818,
                -0 -0.93969262 0.34202015,
                -0 -0.86602539 0.5,
                -0 -0.76604444 0.64278764,
                -0 -0.64278764 0.76604444,
                -0 -0.5 0.86602539,
                -0 -0.34202015 0.93969262,
                -0 -0.17364818 0.98480773,
                -0 -0 1,
                -0 0.17364818 0.98480773,
                -0 0.34202015 0.93969262,
                -0 0.5 0.86602539,
                -0 0.64278764 0.76604444,
                -0 0.76604444 0.64278764,
                -0 0.86602539 0.5,
                -0 0.93969262 0.34202015,
                -0 0.98480773 0.17364818,
                0 0 1,
                0 0.17364818 0.98480773,
                0 0.34202015 0.93969262,
                0 0.5 0.86602539,
                0 0.64278764 0.76604444,
                0 0.76604444 0.64278764,
                0 0.86602539 0.5,
                0 0.93969262 0.34202015,
                0 0.98480773 0.17364818,
                0 1 6.1232343e-17,
                0 0.98480773 -0.17364818,
                0 0.93969262 -0.34202015,
                0 0.86602539 -0.5,
                0 0.76604444 -0.64278764,
                0 0.64278764 -0.76604444,
                0 0.5 -0.86602539,
                0 0.34202015 -0.93969262,
                0 0.17364818 -0.98480773,
                0 0 -1,
                0 0 -1,
                0 0.16459459 -0.98636132,
                0 0.32469946 -0.94581723,
                0 0.47594738 -0.87947375,
                0 0.61421269 -0.78914052,
                0 0.73572391 -0.67728156,
                0 0.83716649 -0.54694813,
                0 0.91577333 -0.40169543,
                0 0.96940029 -0.24548548,
                0 0.99658448 -0.082579345,
                0 0.99658448 0.082579345,
                0 0.96940029 0.24548548,
                0 0.91577333 0.40169543,
                0 0.83716649 0.54694813,
                0 0.73572391 0.67728156,
                0 0.61421269 0.78914052,
                0 0.47594738 0.87947375,
                0 0.32469946 0.94581723,
                0 0.16459459 0.98636132,
                0 0 1,
                0 0 -1,
                0 0 -1,
                0 -0.17364818 -0.98480773,
                0 -0.34202015 -0.93969262,
                0 -0.5 -0.86602539,
                0 -0.64278764 -0.76604444,
                0 -0.76604444 -0.64278764,
                0 -0.86602539 -0.5,
                0 -0.93969262 -0.34202015,
                0 -0.98480773 -0.17364818,
                0 -1 -1.8369701e-16,
                0 -0.98480773 0.17364818,
                0 -0.93969262 0.34202015,
                0 -0.86602539 0.5,
                0 -0.76604444 0.64278764,
                0 -0.64278764 0.76604444,
                0 -0.5 0.86602539,
                0 -0.34202015 0.93969262,
                0 -0.17364818 0.98480773,
                0 0 1,
                0 0 1,
                0 -0.17364818 0.98480773,
                0 -0.34202015 0.93969262,
                0 -0.5 0.86602539,
                0 -0.64278764 0.76604444,
                0 -0.76604444 0.64278764,
                0 -0.86602539 0.5,
                0 -0.93969262 0.34202015,
                0 -0.98480773 0.17364818,
                0 -1 1.0254801e-10,
                0 -0.98480773 -0.17364818,
                0 -0.93969262 -0.34202015,
                0 -0.86602539 -0.5,
                0 -0.76604444 -0.64278764,
                0 -0.64278764 -0.76604444,
                0 -0.5 -0.86602539,
                0 -0.34202015 -0.93969262,
                0 -0.17364818 -0.98480773,
                -0 -1 -1.2246469e-16,
                -0 -0.98480773 -0.17364818,
                -0 -0.93969262 -0.34202015,
                -0 -0.86602539 -0.5,
                -0 -0.76604444 -0.64278764,
                -0 -0.64278764 -0.76604444,
                -0 -0.5 -0.86602539,
                -0 -0.34202015 -0.93969262,
                -0 -0.17364818 -0.98480773,
                -0 -0 -1,
                -0 0.17364818 -0.98480773,
                -0 0.34202015 -0.93969262,
                -0 0.5 -0.86602539,
                -0 0.64278764 -0.76604444,
                -0 0.76604444 -0.64278764,
                -0 0.86602539 -0.5,
                -0 0.93969262 -0.34202015,
                -0 0.98480773 -0.17364818,
                -0 1 -0,
                -0 1 -0,
                -0 0.98480773 -0.17364818,
                -0 0.93969262 -0.34202015,
                -0 0.86602539 -0.5,
                -0 0.76604444 -0.64278764,
                -0 0.64278764 -0.76604444,
                -0 0.5 -0.86602539,
                -0 0.34202015 -0.93969262,
                -0 0.17364818 -0.98480773,
                -0 -0 -1,
                -0 -0.17364818 -0.98480773,
                -0 -0.34202015 -0.93969262,
                -0 -0.5 -0.86602539,
                -0 -0.64278764 -0.76604444,
                -0 -0.76604444 -0.64278764,
                -0 -0.86602539 -0.5,
                -0 -0.93969262 -0.34202015,
                -0 -0.98480773 -0.17364818,
                -0 -1 -1.2246469e-16,
                0 0 -1,
                0 0 -1,
                0 -0.17364818 -0.98480773,
                0 -0.34202015 -0.93969262,
                0 -0.5 -0.86602539,
                0 -0.64278764 -0.76604444,
                0 -0.76604444 -0.64278764,
                0 -0.86602539 -0.5,
                0 -0.93969262 -0.34202015,
                0 -0.98480773 -0.17364818,
                0 -1 -1.8369701e-16,
                0 -0.98480773 0.17364818,
                0 -0.93969262 0.34202015,
                0 -0.86602539 0.5,
                0 -0.76604444 0.64278764,
                0 -0.64278764 0.76604444,
                0 -0.5 0.86602539,
                0 -0.34202015 0.93969262,
                0 -0.17364818 0.98480773,
                0 0 1,
                0 0 1,
                0 -0.17364818 0.98480773,
                0 -0.34202015 0.93969262,
                0 -0.5 0.86602539,
                0 -0.64278764 0.76604444,
                0 -0.76604444 0.64278764,
                0 -0.86602539 0.5,
                0 -0.93969262 0.34202015,
                0 -0.98480773 0.17364818,
                0 -1 -1.8369701e-16,
                0 -0.98480773 -0.17364818,
                0 -0.93969262 -0.34202015,
                0 -0.86602539 -0.5,
                0 -0.76604444 -0.64278764,
                0 -0.64278764 -0.76604444,
                0 -0.5 -0.86602539,
                0 -0.34202015 -0.93969262,
                0 -0.17364818 -0.98480773,
                0.81152266 0.5843209 -7.1558673e-17,
                0.81152266 0.57544374 -0.10146626,
                0.81152266 0.54908204 -0.19984953,
                0.81152266 0.50603676 -0.29216045,
                0.81152266 0.4476158 -0.37559426,
                0.81152266 0.37559426 -0.4476158,
                0.81152266 0.29216045 -0.50603676,
                0.81152266 0.19984953 -0.54908204,
                0.81152266 0.10146626 -0.57544374,
                0.81152266 -3.7744089e-15 -0.5843209,
                0.81152266 -0.10146626 -0.57544374,
                0.81152266 -0.19984953 -0.54908204,
                0.81152266 -0.29216045 -0.50603676,
                0.81152266 -0.37559426 -0.4476158,
                0.81152266 -0.4476158 -0.37559426,
                0.81152266 -0.50603676 -0.29216045,
                0.81152266 -0.54908204 -0.19984953,
                0.81152266 -0.57544374 -0.10146626,
                0.81152266 -0.5843209 -0,
                0.81152266 -0.5843209 -0,
                0.81152266 -0.57544374 -0.10146626,
                0.81152266 -0.54908204 -0.19984953,
                0.81152266 -0.50603676 -0.29216045,
                0.81152266 -0.4476158 -0.37559426,
                0.81152266 -0.37559426 -0.4476158,
                0.81152266 -0.29216045 -0.50603676,
                0.81152266 -0.19984953 -0.54908204,
                0.81152266 -0.10146626 -0.57544374,
                0.81152266 -4.8845294e-15 -0.5843209,
                0.81152266 0.10146626 -0.57544374,
                0.81152266 0.19984953 -0.54908204,
                0.81152266 0.29216045 -0.50603676,
                0.81152266 0.37559426 -0.4476158,
                0.81152266 0.4476158 -0.37559426,
                0.81152266 0.50603676 -0.29216045,
                0.81152266 0.54908204 -0.19984953,
                0.81152266 0.57544374 -0.10146626,
                0.81152266 0.5843209 -7.1558673e-17,
                -0.17364818 0 0.98480773,
                -0.17364818 0 0.98480773,
                -0.17364818 -0.17101008 0.96984631,
                -0.17364818 -0.33682409 0.92541659,
                -0.17364818 -0.49240386 0.85286856,
                -0.17364818 -0.63302225 0.75440651,
                -0.17364818 -0.75440651 0.63302225,
                -0.17364818 -0.85286856 0.49240386,
                -0.17364818 -0.92541659 0.33682409,
                -0.17364818 -0.96984631 0.17101008,
                -0.17364818 -0.98480773 1.8090625e-16,
                -0.17364818 -0.96984631 -0.17101008,
                -0.17364818 -0.92541659 -0.33682409,
                -0.17364818 -0.85286856 -0.49240386,
                -0.17364818 -0.75440651 -0.63302225,
                -0.17364818 -0.63302225 -0.75440651,
                -0.17364818 -0.49240386 -0.85286856,
                -0.17364818 -0.33682409 -0.92541659,
                -0.17364818 -0.17101008 -0.96984631,
                -0.17364818 0 -0.98480773,
                -0.17364818 0 -0.98480773,
                -0.17364818 -0.17101008 -0.96984631,
                -0.17364818 -0.33682409 -0.92541659,
                -0.17364818 -0.49240386 -0.85286856,
                -0.17364818 -0.63302225 -0.75440651,
                -0.17364818 -0.75440651 -0.63302225,
                -0.17364818 -0.85286856 -0.49240386,
                -0.17364818 -0.92541659 -0.33682409,
                -0.17364818 -0.96984631 -0.17101008,
                -0.17364818 -0.98480773 1.8090625e-16,
                -0.17364818 -0.96984631 0.17101008,
                -0.17364818 -0.92541659 0.33682409,
                -0.17364818 -0.85286856 0.49240386,
                -0.17364818 -0.75440651 0.63302225,
                -0.17364818 -0.63302225 0.75440651,
                -0.17364818 -0.49240386 0.85286856,
                -0.17364818 -0.33682409 0.92541659,
                -0.17364818 -0.17101008 0.96984631,
                -0 -0 1,
                -0 -0.17364818 0.98480773,
                -0 -0.34202015 0.93969262,
                -0 -0.5 0.86602539,
                -0 -0.64278764 0.76604444,
                -0 -0.76604444 0.64278764,
                -0 -0.86602539 0.5,
                -0 -0.93969262 0.34202015,
                -0 -0.98480773 0.17364818,
                -0 -1 -6.1232343e-17,
                -0 -0.98480773 -0.17364818,
                -0 -0.93969262 -0.34202015,
                -0 -0.86602539 -0.5,
                -0 -0.76604444 -0.64278764,
                -0 -0.64278764 -0.76604444,
                -0 -0.5 -0.86602539,
                -0 -0.34202015 -0.93969262,
                -0 -0.17364818 -0.98480773,
                -0 -0 -1,
                -0 -0 -1,
                -0 -0.17364818 -0.98480773,
                -0 -0.34202015 -0.93969262,
                -0 -0.5 -0.86602539,
                -0 -0.64278764 -0.76604444,
                -0 -0.76604444 -0.64278764,
                -0 -0.86602539 -0.5,
                -0 -0.93969262 -0.34202015,
                -0 -0.98480773 -0.17364818,
                -0 -1 -6.1232343e-17,
                -0 -0.98480773 0.17364818,
                -0 -0.93969262 0.34202015,
                -0 -0.86602539 0.5,
                -0 -0.76604444 0.64278764,
                -0 -0.64278764 0.76604444,
                -0 -0.5 0.86602539,
                -0 -0.34202015 0.93969262,
                -0 -0.17364818 0.98480773,
                -0 -0 1,
                0 0 -1,
                0 0 -1,
                0 -0.17364818 -0.98480773,
                0 -0.34202015 -0.93969262,
                0 -0.5 -0.86602539,
                0 -0.64278764 -0.76604444,
                0 -0.76604444 -0.64278764,
                0 -0.86602539 -0.5,
                0 -0.93969262 -0.34202015,
                0 -0.98480773 -0.17364818,
                0 -1 -1.8369701e-16,
                0 -0.98480773 0.17364818,
                0 -0.93969262 0.34202015,
                0 -0.86602539 0.5,
                0 -0.76604444 0.64278764,
                0 -0.64278764 0.76604444,
                0 -0.5 0.86602539,
                0 -0.34202015 0.93969262,
                0 -0.17364818 0.98480773,
                0 0 1,
                0 0 1,
                0 -0.17364818 0.98480773,
                0 -0.34202015 0.93969262,
                0 -0.5 0.86602539,
                0 -0.64278764 0.76604444,
                0 -0.76604444 0.64278764,
                0 -0.86602539 0.5,
                0 -0.93969262 0.34202015,
                0 -0.98480773 0.17364818,
                0 -1 -1.8369701e-16,
                0 -0.98480773 -0.17364818,
                0 -0.93969262 -0.34202015,
                0 -0.86602539 -0.5,
                0 -0.76604444 -0.64278764,
                0 -0.64278764 -0.76604444,
                0 -0.5 -0.86602539,
                0 -0.34202015 -0.93969262,
                0 -0.17364818 -0.98480773,
                -0.91170245 -0 0.41085106,
                -0.91170245 -0.071343541 0.40460932,
                -0.91170245 -0.14051934 0.38607371,
                -0.91170245 -0.20542553 0.35580745,
                -0.91170245 -0.26408997 0.31473017,
                -0.91170245 -0.31473017 0.26408997,
                -0.91170245 -0.35580745 0.20542553,
                -0.91170245 -0.38607371 0.14051934,
                -0.91170245 -0.40460932 0.071343541,
                -0.91170245 -0.41085106 -2.5157372e-17,
                -0.91170245 -0.40460932 -0.071343541,
                -0.91170245 -0.38607371 -0.14051934,
                -0.91170245 -0.35580745 -0.20542553,
                -0.91170245 -0.31473017 -0.26408997,
                -0.91170245 -0.26408997 -0.31473017,
                -0.91170245 -0.20542553 -0.35580745,
                -0.91170245 -0.14051934 -0.38607371,
                -0.91170245 -0.071343541 -0.40460932,
                -0.91170245 -0 -0.41085106,
                -0.96085238 -0.2770609 5.2036923e-17,
                -0.96085238 -0.2770609 5.2036923e-17,
                0 1 1.2246469e-16,
                0 1 1.2246469e-16,
                0 0.98480773 -0.17364818,
                0 0.93969262 -0.34202015,
                0 0.86602539 -0.5,
                0 0.76604444 -0.64278764,
                0 0.64278764 -0.76604444,
                0 0.5 -0.86602539,
                0 0.34202015 -0.93969262,
                0 0.17364818 -0.98480773,
                0 0 -1,
                0 -0.17364818 -0.98480773,
                0 -0.34202015 -0.93969262,
                0 -0.5 -0.86602539,
                0 -0.64278764 -0.76604444,
                0 -0.76604444 -0.64278764,
                0 -0.86602539 -0.5,
                0 -0.93969262 -0.34202015,
                0 -0.98480773 -0.17364818,
                0 -1 -2.4492937e-16,
                0 -1 -2.4492937e-16,
                0 -0.98480773 -0.17364818,
                0 -0.93969262 -0.34202015,
                0 -0.86602539 -0.5,
                0 -0.76604444 -0.64278764,
                0 -0.64278764 -0.76604444,
                0 -0.5 -0.86602539,
                0 -0.34202015 -0.93969262,
                0 -0.17364818 -0.98480773,
                0 0 -1,
                0 0.17364818 -0.98480773,
                0 0.34202015 -0.93969262,
                0 0.5 -0.86602539,
                0 0.64278764 -0.76604444,
                0 0.76604444 -0.64278764,
                0 0.86602539 -0.5,
                0 0.93969262 -0.34202015,
                0 0.98480773 -0.17364818,
                0 0 -1,
                0 0 -1,
                0 -0.17364818 -0.98480773,
                0 -0.34202015 -0.93969262,
                0 -0.5 -0.86602539,
                0 -0.64278764 -0.76604444,
                0 -0.76604444 -0.64278764,
                0 -0.86602539 -0.5,
                0 -0.93969262 -0.34202015,
                0 -0.98480773 -0.17364818,
                0 -1 -1.8369701e-16,
                0 -0.98480773 0.17364818,
                0 -0.93969262 0.34202015,
                0 -0.86602539 0.5,
                0 -0.76604444 0.64278764,
                0 -0.64278764 0.76604444,
                0 -0.5 0.86602539,
                0 -0.34202015 0.93969262,
                0 -0.17364818 0.98480773,
                0 0 1,
                0 0 1,
                0 -0.17364818 0.98480773,
                0 -0.34202015 0.93969262,
                0 -0.5 0.86602539,
                0 -0.64278764 0.76604444,
                0 -0.76604444 0.64278764,
                0 -0.86602539 0.5,
                0 -0.93969262 0.34202015,
                0 -0.98480773 0.17364818,
                0 -1 -1.8369701e-16,
                0 -0.98480773 -0.17364818,
                0 -0.93969262 -0.34202015,
                0 -0.86602539 -0.5,
                0 -0.76604444 -0.64278764,
                0 -0.64278764 -0.76604444,
                0 -0.5 -0.86602539,
                0 -0.34202015 -0.93969262,
                0 -0.17364818 -0.98480773,
                0 0 -1,
                0 0 -1,
                0 -0.17364818 -0.98480773,
                0 -0.34202015 -0.93969262,
                0 -0.5 -0.86602539,
                0 -0.64278764 -0.76604444,
                0 -0.76604444 -0.64278764,
                0 -0.86602539 -0.5,
                0 -0.93969262 -0.34202015,
                0 -0.98480773 -0.17364818,
                0 -1 -1.8369701e-16,
                0 -0.98480773 0.17364818,
                0 -0.93969262 0.34202015,
                0 -0.86602539 0.5,
                0 -0.76604444 0.64278764,
                0 -0.64278764 0.76604444,
                0 -0.5 0.86602539,
                0 -0.34202015 0.93969262,
                0 -0.17364818 0.98480773,
                0 0 1,
                0 0 1,
                0 -0.17364818 0.98480773,
                0 -0.34202015 0.93969262,
                0 -0.5 0.86602539,
                0 -0.64278764 0.76604444,
                0 -0.76604444 0.64278764,
                0 -0.86602539 0.5,
                0 -0.93969262 0.34202015,
                0 -0.98480773 0.17364818,
                0 -1 -1.8369701e-16,
                0 -0.98480773 -0.17364818,
                0 -0.93969262 -0.34202015,
                0 -0.86602539 -0.5,
                0 -0.76604444 -0.64278764,
                0 -0.64278764 -0.76604444,
                0 -0.5 -0.86602539,
                0 -0.34202015 -0.93969262,
                0 -0.17364818 -0.98480773,
                0.70710677 0 -0.70710677,
                0.70710677 0 -0.70710677,
                0.70710677 -0.1227878 -0.69636422,
                0.70710677 -0.24184476 -0.66446304,
                0.70710677 -0.35355338 -0.61237246,
                0.70710677 -0.45451948 -0.54167521,
                0.70710677 -0.54167521 -0.45451948,
                0.70710677 -0.61237246 -0.35355338,
                0.70710677 -0.66446304 -0.24184476,
                0.70710677 -0.69636422 -0.1227878,
                0.70710677 -0.70710677 -1.298934e-16,
                0.70710677 -0.69636422 0.1227878,
                0.70710677 -0.66446304 0.24184476,
                0.70710677 -0.61237246 0.35355338,
                0.70710677 -0.54167521 0.45451948,
                0.70710677 -0.45451948 0.54167521,
                0.70710677 -0.35355338 0.61237246,
                0.70710677 -0.24184476 0.66446304,
                0.70710677 -0.1227878 0.69636422,
                0.70710677 0 0.70710677,
                0.70710677 0 0.70710677,
                0.70710677 -0.1227878 0.69636422,
                0.70710677 -0.24184476 0.66446304,
                0.70710677 -0.35355338 0.61237246,
                0.70710677 -0.45451948 0.54167521,
                0.70710677 -0.54167521 0.45451948,
                0.70710677 -0.61237246 0.35355338,
                0.70710677 -0.66446304 0.24184476,
                0.70710677 -0.69636422 0.1227878,
                0.70710677 -0.70710677 -1.298934e-16,
                0.70710677 -0.69636422 -0.1227878,
                0.70710677 -0.66446304 -0.24184476,
                0.70710677 -0.61237246 -0.35355338,
                0.70710677 -0.54167521 -0.45451948,
                0.70710677 -0.45451948 -0.54167521,
                0.70710677 -0.35355338 -0.61237246,
                0.70710677 -0.24184476 -0.66446304,
                0.70710677 -0.1227878 -0.69636422,
                5.6755639e-10 -1.8569907e-16 1,
                4.3603388e-10 0.16460644 0.9863593,
                5.538928e-11 0.32469642 0.94581831,
                -5.3277255e-10 0.4759503 0.8794722,
                -1.2647782e-09 0.61421347 0.78913993,
                -2.06162e-09 0.73572433 0.67728114,
                -2.8366138e-09 0.83716649 0.54694813,
                -3.5058974e-09 0.91577333 0.4016954,
                -3.9969392e-09 0.96940029 0.24548538,
                -4.2565813e-09 0.99658448 0.082579285,
                -4.256572e-09 0.99658448 -0.082579285,
                -3.996997e-09 0.96940029 -0.24548538,
                -3.5060523e-09 0.91577333 -0.4016954,
                -2.83664e-09 0.83716649 -0.54694813,
                -2.0615707e-09 0.73572433 -0.67728114,
                -1.2648241e-09 0.61421347 -0.78913993,
                -5.3270693e-10 0.4759503 -0.8794722,
                5.555921e-11 0.32469642 -0.94581831,
                4.3598067e-10 0.16460644 -0.9863593,
                5.6755639e-10 -1.8569907e-16 -1,
                -0.089854442 -1.9149278e-10 -0.99595493,
                -0.18196306 -1.764503e-10 -0.98330539,
                -0.27515823 -1.6019536e-10 -0.96139896,
                -0.36809471 -1.4301191e-10 -0.92978829,
                -0.45929459 -1.2524025e-10 -0.88828403,
                -0.54720974 -1.0727806e-10 -0.83699548,
                -0.63029814 -8.9542734e-11 -0.77635318,
                -0.70710677 -7.2487821e-11 -0.70710677,
                -0.77635318 -5.6541705e-11 -0.63029814,
                -0.83699548 -4.2058558e-11 -0.54720974,
                -0.88828403 -2.9381293e-11 -0.45929459,
                -0.92978829 -1.8829577e-11 -0.36809471,
                -0.96139896 -1.053648e-11 -0.27515823,
                -0.98330539 -4.6494232e-12 -0.18196306,
                -0.99595493 -1.0920205e-12 -0.089854434,
                -1 -6.2873224e-24 1.6579959e-09,
                -1 -2.2003079e-10 1.6432289e-09,
                -1 -4.641682e-10 1.5915389e-09,
                -1 -5.9367034e-10 1.5479815e-09,
                -1 -7.2645745e-10 1.4902027e-09,
                -1 -8.6091989e-10 1.4168281e-09,
                -1 -9.9473529e-10 1.3263383e-09,
                -1 -1.1251557e-09 1.2175815e-09,
                -1 -1.2490791e-09 1.0901053e-09,
                -1 -1.3627977e-09 9.4395591e-10,
                -1 -1.4627852e-09 7.8016044e-10,
                -1 -1.5451956e-09 6.0056976e-10,
                -1 -1.606708e-09 4.0806042e-10,
                -1 -1.6448526e-09 2.0641658e-10,
                -1 -1.657843e-09 -1.2516122e-23,
                -1 -1.6448901e-09 -2.0642314e-10,
                -1 -1.6068183e-09 -4.0808465e-10,
                -1 -1.5452287e-09 -6.0058658e-10,
                -1 -1.4627818e-09 -7.8016693e-10,
                -1 -1.3628347e-09 -9.4396368e-10,
                -1 -1.2490393e-09 -1.0901e-09,
                -1 -1.1251503e-09 -1.2175865e-09,
                -1 -9.9465014e-10 -1.3262491e-09,
                -1 -8.6090984e-10 -1.4168683e-09,
                -1 -7.2650685e-10 -1.4902705e-09,
                -1 -5.9367961e-10 -1.5480057e-09,
                -1 -4.6419604e-10 -1.5915818e-09,
                -1 -2.2006569e-10 -1.643268e-09,
                -1 2.9417671e-14 -1.6579577e-09,
                -0.99595493 -2.2161054e-13 0.089854434,
                -0.98330539 -1.0047921e-12 0.18196306,
                -0.96139896 -2.2703616e-12 0.27515823,
                -0.92978829 -4.1003095e-12 0.36809471,
                -0.88828403 -6.4271045e-12 0.45929459,
                -0.83699548 -9.1964309e-12 0.54720974,
                -0.77635318 -1.235277e-11 0.63029814,
                -0.70710677 -1.585841e-11 0.70710677,
                -0.63029814 -1.9582939e-11 0.77635318,
                -0.54720974 -2.3466038e-11 0.83699548,
                -0.45929459 -2.7400377e-11 0.88828403,
                -0.36809471 -3.129836e-11 0.92978829,
                -0.27515823 -3.505872e-11 0.96139896,
                -0.18196306 -3.8624437e-11 0.98330539,
                -0.089854434 -4.1916595e-11 0.99595493,
                -0.98330539 0.07973662 0.1635623,
                -0.98330539 0.10917783 0.14557044,
                -0.98330539 0.13709545 0.11964694,
                -0.98330539 0.16055563 0.085629672,
                -0.98330539 0.17636418 0.044790905,
                -0.98330539 0.18196306 -2.6817491e-11,
                -0.98330539 0.17636418 -0.044790905,
                -0.98330539 0.16055563 -0.085629672,
                -0.98330539 0.13709545 -0.11964694,
                -0.98330539 0.10917783 -0.14557044,
                -0.98330539 0.07973662 -0.1635623,
                -0.98330539 0.050949655 -0.17468452,
                -0.92978829 0.10306652 -0.35337093,
                -0.83699548 0.15321873 -0.52532136,
                -0.70710677 0.1979899 -0.67882252,
                -0.54720974 0.23435874 -0.80351567,
                -0.36809471 0.26034072 -0.89259678,
                -0.18196306 0.27532551 -0.94397312,
                -0.18196306 0.43088663 -0.88387001,
                -0.18196306 0.58998322 -0.78664428,
                -0.18196306 0.74084651 -0.64655697,
                -0.18196306 0.86762238 -0.46273193,
                -0.18196306 0.95304984 -0.2420444,
                -0.18196306 0.98330539 -1.4491834e-10,
                -0.18196306 0.95304984 0.2420444,
                -0.18196306 0.86762238 0.46273193,
                -0.18196306 0.74084651 0.64655697,
                -0.18196306 0.58998322 0.78664428,
                -0.18196306 0.43088663 0.88387001,
                -0.18196306 0.27532551 0.94397312,
                -0.36809471 0.26034072 0.89259678,
                -0.54720974 0.23435874 0.80351567,
                -0.70710677 0.1979899 0.67882252,
                -0.83699548 0.15321873 0.52532136,
                -0.92978829 0.10306652 0.35337093,
                -0.98330539 0.050949655 0.17468452,
                -0.36809471 0.40743533 -0.83576477,
                -0.36809471 0.55787295 -0.74383062,
                -0.36809471 0.7005254 -0.61136764,
                -0.36809471 0.82040143 -0.43754745,
                -0.36809471 0.90117943 -0.22887097,
                -0.36809471 0.92978829 -1.3703107e-10,
                -0.54720974 0.36677331 -0.75235552,
                -0.54720974 0.50219733 -0.66959643,
                -0.70710677 0.30985579 -0.63560158,
                -0.70710677 0.42426407 -0.56568545,
                -0.54720974 0.63061303 -0.55035323,
                -0.54720974 0.73852545 -0.39388025,
                -0.54720974 0.81124181 -0.20602967,
                -0.54720974 0.83699548 -1.2335537e-10,
                -0.70710677 0.53275168 -0.46494693,
                -0.70710677 0.62391776 -0.33275613,
                -0.70710677 0.68534964 -0.17405705,
                -0.70710677 0.70710677 -1.0421253e-10,
                -0.36809471 0.90117943 0.22887097,
                -0.36809471 0.82040143 0.43754745,
                -0.36809471 0.7005254 0.61136764,
                -0.36809471 0.55787295 0.74383062,
                -0.36809471 0.40743533 0.83576477,
                -0.54720974 0.81124181 0.20602967,
                -0.54720974 0.73852545 0.39388025,
                -0.54720974 0.63061303 0.55035323,
                -0.54720974 0.50219733 0.66959643,
                -0.70710677 0.68534964 0.17405705,
                -0.70710677 0.62391776 0.33275613,
                -0.70710677 0.53275168 0.46494693,
                -0.70710677 0.42426407 0.56568545,
                -0.54720974 0.36677331 0.75235552,
                -0.70710677 0.30985579 0.63560158,
                -0.83699548 0.23978855 -0.49187395,
                -0.83699548 0.32832584 -0.4377678,
                -0.92978829 0.16129993 -0.33087164,
                -0.92978829 0.22085683 -0.29447576,
                -0.83699548 0.41228133 -0.35980916,
                -0.83699548 0.48283213 -0.25751048,
                -0.83699548 0.53037256 -0.13469778,
                -0.83699548 0.54720974 -8.0647107e-11,
                -0.92978829 0.27733162 -0.24203488,
                -0.92978829 0.32478943 -0.17322104,
                -0.92978829 0.35676873 -0.090607926,
                -0.92978829 0.36809471 -5.4249348e-11,
                -0.83699548 0.53037256 0.13469778,
                -0.83699548 0.48283213 0.25751048,
                -0.83699548 0.41228133 0.35980916,
                -0.83699548 0.32832584 0.4377678,
                -0.92978829 0.35676873 0.090607926,
                -0.92978829 0.32478943 0.17322104,
                -0.92978829 0.27733162 0.24203488,
                -0.92978829 0.22085683 0.29447576,
                -0.83699548 0.23978855 0.49187395,
                -0.92978829 0.16129993 0.33087164,
                -1 -0 -0,
                -1 -0 -0,
                -1 -0 -0,
                -1 -0 -0,
                -1 -0 -0,
                -1 -0 -0,
                -1 -0 -0,
                -1 -0 -0,
                -1 -0 -0,
                -1 -0 -0,
                -1 -0 -0,
                -1 -0 -0,
                -1 -0 -0,
                -1 -0 -0,
                -1 -0 -0,
                -1 -0 -0,
                -1 -0 -0,
                -1 -0 -0,
                -1 -0 -0,
                -1 -0 -0,
                -1 -0 -0,
                -1 -0 -0,
                -1 -0 -0,
                -1 -0 -0,
                -1 -0 -0,
                -1 -0 -0,
                -1 -0 -0,
                -1 -0 -0,
                -1 -0 -0,
                -1 -0 -0,
                -1 -0 -0,
                -1 -0 -0,
                -1 -0 -0,
                -1 -0 -0,
                -1 -0 -0,
                -1 -0 -0,
                -1 -0 -0,
                -1 -0 -0,
                -1 -0 -0,
                -1 -0 -0,
                -1 -0 -0,
                -1 -0 -0,
                -1 -0 -0,
                -1 -0 -0,
                -1 -0 -0,
                -1 -0 -0,
                -1 -0 -0,
                -1 -0 -0,
                -1 -0 -0,
                -1 -0 -0,
                -1 -0 -0,
                -1 -0 -0,
                -1 -0 -0,
                -1 -0 -0,
                -1 -0 -0,
                -1 -0 -0,
                -1 -0 -0,
                -1 -0 -0,
                -1 -0 -0,
                -1 -0 -0,
                -1 -0 -0,
                -1 -0 -0,
                -1 -0 -0,
                -1 -0 -0,
                -1 -0 -0,
                -1 -0 -0,
                -1 -0 -0,
                -1 -0 -0,
                -1 -0 -0,
                -1 -0 -0,
                -1 -0 -0,
                -1 -0 -0,
                -1 -0 -0,
                -1 -0 -0,
                -1 -0 -0,
                -1 -0 -0,
                -1 -0 -0,
                -1 -0 -0,
                -1 -0 -0,
                -1 -0 -0,
                -1 -0 -0,
                -1 -0 -0,
                -1 -0 -0,
                -1 -0 -0,
                -1 -0 -0,
                -1 -0 -0,
                -1 -0 -0,
                -1 -0 -0,
                -1 -0 -0,
                -1 -0 -0,
                -1 -0 -0,
                -1 -0 -0,
                -1 -0 -0,
                -1 -0 -0,
                -1 -0 -0,
                -1 -0 -0,
                -1 -0 -0,
                -1 -0 -0,
                -1 -0 -0,
                -1 -0 -0,
                -1 -0 -0,
                -1 -0 -0,
                -1 -0 -0,
                -1 -0 -0,
                -1 -0 -0,
                -1 -0 -0,
                -1 -0 -0,
                -1 -0 -0,
                -1 -0 -0,
                -1 -0 -0,
                -1 -0 -0,
                -1 -0 -0,
                -1 -0 -0,
                -1 -0 -0,
                -1 -0 -0,
                -1 -0 -0,
                -1 -0 -0,
                -1 -0 -0,
                -1 -0 -0,
                -1 -0 -0,
                -1 -0 -0,
                -1 -0 -0,
                -1 -0 -0,
                -1 -0 -0,
                -1 -0 -0,
                -1 -0 -0,
                -1 -0 -0,
                -1 -0 -0,
                -1 -0 -0,
                -1 -0 -0,
                -1 -0 -0,
                -1 -0 -0,
                -1 -0 -0,
                -1 -0 -0,
                -1 -0 -0,
                -1 -0 -0,
                -1 -0 -0,
                -1 -0 -0,
                -1 -0 -0,
                -1 -0 -0,
                -1 -0 -0,
                -1 -0 -0,
                -1 -0 -0,
                -1 -0 -0,
                -1 -0 -0,
                -1 -0 -0,
                -1 -0 -0,
                -1 -0 -0,
                -1 -0 -0,
                -1 -0 -0,
                -1 -0 -0,
                -1 -0 -0,
                -1 -0 -0,
                -1 -0 -0,
                -1 -0 -0,
                -1 -0 -0,
                -1 -0 -0,
                -1 -0 -0,
                -1 -0 -0,
                -1 -0 -0,
                -1 -0 -0,
                -1 -0 -0,
                -1 -0 -0,
                -1 -0 -0,
                -1 -2.0005577e-23 1.6580342e-09,
                -0.99595493 -1.1805306e-12 -0.089854434,
                -0.98330539 -4.7077325e-12 -0.18196306,
                -0.96139896 -1.0608241e-11 -0.27515823,
                -0.92978829 -1.8885303e-11 -0.36809471,
                -0.88828403 -2.943476e-11 -0.45929459,
                -0.83699548 -4.2109458e-11 -0.54720974,
                -0.77635318 -5.6589372e-11 -0.63029814,
                -0.70710677 -7.2521641e-11 -0.70710677,
                -0.63029814 -8.9583015e-11 -0.77635318,
                -0.54720974 -1.0730643e-10 -0.83699548,
                -0.45929459 -1.2525898e-10 -0.88828403,
                -0.36809471 -1.4304009e-10 -0.92978829,
                -0.27515823 -1.6021247e-10 -0.96139896,
                -0.18196306 -1.7647112e-10 -0.98330539,
                -0.089854442 -1.9150563e-10 -0.99595493,
                -5.2277643e-10 -2.0510423e-10 -1,
                1.0776787e-09 -0.17366332 -0.98480511,
                6.5601585e-10 -0.34201768 -0.93969351,
                9.8111094e-12 -0.50000226 -0.86602408,
                -7.8292778e-10 -0.64278775 -0.76604432,
                -1.626288e-09 -0.7660445 -0.64278758,
                -2.4188958e-09 -0.86602563 -0.49999961,
                -3.0650056e-09 -0.93969274 -0.34201977,
                -3.486669e-09 -0.98480779 -0.17364804,
                -3.6332024e-09 -1 1.0254797e-10,
                -3.4866594e-09 -0.98480779 0.17364804,
                -3.064945e-09 -0.93969274 0.34201977,
                -2.4189351e-09 -0.86602563 0.49999961,
                -1.6262413e-09 -0.7660445 0.64278758,
                -7.8277901e-10 -0.64278775 0.76604432,
                9.8058801e-12 -0.50000226 0.86602408,
                6.5591427e-10 -0.34201768 0.93969351,
                1.0777106e-09 -0.17366332 0.98480511,
                1.2240478e-09 1.8569911e-16 1,
                -0.089854434 -4.1920769e-11 0.99595493,
                -0.18196306 -3.8630082e-11 0.98330539,
                -0.27515823 -3.5080164e-11 0.96139896,
                -0.36809471 -3.1322021e-11 0.92978829,
                -0.45929459 -2.7429566e-11 0.88828403,
                -0.54720974 -2.35007e-11 0.83699548,
                -0.63029814 -1.9623305e-11 0.77635318,
                -0.70710677 -1.5882535e-11 0.70710677,
                -0.77635318 -1.2402427e-11 0.63029814,
                -0.83699548 -9.2370903e-12 0.54720974,
                -0.88828403 -6.4564517e-12 0.45929459,
                -0.92978829 -4.1447466e-12 0.36809471,
                -0.96139896 -2.3593033e-12 0.27515823,
                -0.98330539 -1.0651787e-12 0.18196306,
                -0.99595493 -2.6672409e-13 0.089854434,
                -1 -2.9417671e-14 -3.2142672e-10,
                -1 2.2004229e-10 -1.6433148e-09,
                -1 4.6419604e-10 -1.5915818e-09,
                -1 5.9365657e-10 -1.5479867e-09,
                -1 7.2646833e-10 -1.4902586e-09,
                -1 8.6090984e-10 -1.4168683e-09,
                -1 9.9465669e-10 -1.3262824e-09,
                -1 1.1251503e-09 -1.2175865e-09,
                -1 1.2490694e-09 -1.0901164e-09,
                -1 1.3628263e-09 -9.4397579e-10,
                -1 1.4627852e-09 -7.8016044e-10,
                -1 1.5451599e-09 -6.0055977e-10,
                -1 1.6068183e-09 -4.0808465e-10,
                -1 1.6448903e-09 -2.0642131e-10,
                -1 1.6577282e-09 -1.0674859e-23,
                -1 1.6448523e-09 2.064184e-10,
                -1 1.6067435e-09 4.0807324e-10,
                -1 1.5452658e-09 6.0059308e-10,
                -1 1.462817e-09 7.8017742e-10,
                -1 1.3628634e-09 9.4398356e-10,
                -1 1.2490995e-09 1.090133e-09,
                -1 1.1251775e-09 1.2176051e-09,
                -1 9.9471698e-10 1.3263137e-09,
                -1 8.6095259e-10 1.4169103e-09,
                -1 7.2649364e-10 1.4902769e-09,
                -1 5.9362426e-10 1.5479436e-09,
                -1 4.6418192e-10 1.5915859e-09,
                -1 2.2006569e-10 1.643268e-09,
                -0.98330539 -0.07973662 -0.1635623,
                -0.98330539 -0.10917783 -0.14557044,
                -0.98330539 -0.13709545 -0.11964694,
                -0.98330539 -0.16055563 -0.085629672,
                -0.98330539 -0.17636418 -0.044790905,
                -0.98330539 -0.18196306 -1.6161565e-15,
                -0.98330539 -0.17636418 0.044790905,
                -0.98330539 -0.16055563 0.085629672,
                -0.98330539 -0.13709545 0.11964694,
                -0.98330539 -0.10917783 0.14557044,
                -0.98330539 -0.07973662 0.1635623,
                -0.98330539 -0.050949655 0.17468452,
                -0.92978829 -0.10306652 0.35337093,
                -0.83699548 -0.15321873 0.52532136,
                -0.70710677 -0.1979899 0.67882252,
                -0.54720974 -0.23435874 0.80351567,
                -0.36809471 -0.26034072 0.89259678,
                -0.18196306 -0.27532551 0.94397312,
                -0.18196306 -0.43088663 0.88387001,
                -0.18196306 -0.58998322 0.78664428,
                -0.18196306 -0.74084651 0.64655697,
                -0.18196306 -0.86762238 0.46273193,
                -0.18196306 -0.95304984 0.2420444,
                -0.18196306 -0.98330539 -8.733506e-15,
                -0.18196306 -0.95304984 -0.2420444,
                -0.18196306 -0.86762238 -0.46273193,
                -0.18196306 -0.74084651 -0.64655697,
                -0.18196306 -0.58998322 -0.78664428,
                -0.18196306 -0.43088663 -0.88387001,
                -0.18196306 -0.27532551 -0.94397312,
                -0.36809471 -0.26034072 -0.89259678,
                -0.54720974 -0.23435874 -0.80351567,
                -0.70710677 -0.1979899 -0.67882252,
                -0.83699548 -0.15321873 -0.52532136,
                -0.92978829 -0.10306652 -0.35337093,
                -0.98330539 -0.050949655 -0.17468452,
                -0.36809471 -0.40743533 0.83576477,
                -0.36809471 -0.55787295 0.74383062,
                -0.36809471 -0.7005254 0.61136764,
                -0.36809471 -0.82040143 0.43754745,
                -0.36809471 -0.90117943 0.22887097,
                -0.36809471 -0.92978829 -8.2581791e-15,
                -0.54720974 -0.36677331 0.75235552,
                -0.54720974 -0.50219733 0.66959643,
                -0.70710677 -0.30985579 0.63560158,
                -0.70710677 -0.42426407 0.56568545,
                -0.54720974 -0.63061303 0.55035323,
                -0.54720974 -0.73852545 0.39388025,
                -0.54720974 -0.81124181 0.20602967,
                -0.54720974 -0.83699548 -7.4340135e-15,
                -0.70710677 -0.53275168 0.46494693,
                -0.70710677 -0.62391776 0.33275613,
                -0.70710677 -0.68534964 0.17405705,
                -0.70710677 -0.70710677 -6.2803698e-15,
                -0.36809471 -0.90117943 -0.22887097,
                -0.36809471 -0.82040143 -0.43754745,
                -0.36809471 -0.7005254 -0.61136764,
                -0.36809471 -0.55787295 -0.74383062,
                -0.36809471 -0.40743533 -0.83576477,
                -0.54720974 -0.81124181 -0.20602967,
                -0.54720974 -0.73852545 -0.39388025,
                -0.54720974 -0.63061303 -0.55035323,
                -0.54720974 -0.50219733 -0.66959643,
                -0.70710677 -0.68534964 -0.17405705,
                -0.70710677 -0.62391776 -0.33275613,
                -0.70710677 -0.53275168 -0.46494693,
                -0.70710677 -0.42426407 -0.56568545,
                -0.54720974 -0.36677331 -0.75235552,
                -0.70710677 -0.30985579 -0.63560158,
                -0.83699548 -0.23978855 0.49187395,
                -0.83699548 -0.32832584 0.4377678,
                -0.92978829 -0.16129993 0.33087164,
                -0.92978829 -0.22085683 0.29447576,
                -0.83699548 -0.41228133 0.35980916,
                -0.83699548 -0.48283213 0.25751048,
                -0.83699548 -0.53037256 0.13469778,
                -0.83699548 -0.54720974 -4.8601988e-15,
                -0.92978829 -0.27733162 0.24203488,
                -0.92978829 -0.32478943 0.17322104,
                -0.92978829 -0.35676873 0.090607926,
                -0.92978829 -0.36809471 -3.2693377e-15,
                -0.83699548 -0.53037256 -0.13469778,
                -0.83699548 -0.48283213 -0.25751048,
                -0.83699548 -0.41228133 -0.35980916,
                -0.83699548 -0.32832584 -0.4377678,
                -0.92978829 -0.35676873 -0.090607926,
                -0.92978829 -0.32478943 -0.17322104,
                -0.92978829 -0.27733162 -0.24203488,
                -0.92978829 -0.22085683 -0.29447576,
                -0.83699548 -0.23978855 -0.49187395,
                -0.92978829 -0.16129993 -0.33087164,
                1 -0 -0,
                1 -0 -0,
                1 -0 -0,
                1 -0 -0,
                1 -0 -0,
                1 -0 -0,
                1 -0 -0,
                1 -0 -0,
                1 -0 -0,
                1 -0 -0,
                1 -0 -0,
                1 -0 -0,
                1 -0 -0,
                1 -0 -0,
                1 -0 -0,
                1 -0 -0,
                1 -0 -0,
                1 -0 -0,
                1 -0 -0,
                1 -0 -0,
                1 -0 -0,
                1 -0 -0,
                1 -0 -0,
                1 -0 -0,
                1 -0 -0,
                1 -0 -0,
                1 -0 -0,
                1 -0 -0,
                1 -0 -0,
                1 -0 -0,
                1 -0 -0,
                1 -0 -0,
                1 -0 -0,
                1 -0 -0,
                1 -0 -0,
                1 -0 -0,
                1 -0 -0,
                1 -0 -0,
                1 -0 -0,
                1 -0 -0,
                1 -0 -0,
                1 -0 -0,
                1 -0 -0,
                1 -0 -0,
                1 -0 -0,
                1 -0 -0,
                1 -0 -0,
                1 -0 -0,
                1 -0 -0,
                1 -0 -0,
                1 -0 -0,
                1 -0 -0,
                1 -0 -0,
                1 -0 -0,
                1 -0 -0,
                1 -0 -0,
                1 -0 -0,
                1 -0 -0,
                1 -0 -0,
                1 -0 -0,
                1 -0 -0,
                1 -0 -0,
                1 -0 -0,
                1 -0 -0,
                1 -0 -0,
                1 -0 -0,
                1 -0 -0,
                1 -0 -0,
                1 -0 -0,
                1 -0 -0,
                1 -0 -0,
                1 -0 -0,
                -1 -0 -0,
                -1 -0 -0,
                -1 -0 -0,
                -1 -0 -0,
                -1 -0 -0,
                -1 -0 -0,
                -1 -0 -0,
                -1 -0 -0,
                -1 -0 -0,
                -1 -0 -0,
                -1 -0 -0,
                -1 -0 -0,
                -1 -0 -0,
                -1 -0 -0,
                -1 -0 -0,
                -1 -0 -0,
                -1 -0 -0,
                -1 -0 -0,
                -1 -0 -0,
                -1 -0 -0,
                -1 -0 -0,
                -1 -0 -0,
                -1 -0 -0,
                -1 -0 -0,
                -1 -0 -0,
                -1 -0 -0,
                -1 -0 -0,
                -1 -0 -0,
                -1 -0 -0,
                -1 -0 -0,
                -1 -0 -0,
                -1 -0 -0,
                -1 -0 -0,
                -1 -0 -0,
                -1 -0 -0,
                -1 -0 -0,
                -1 -0 -0,
                -1 -0 -0,
                -1 -0 -0,
                -1 -0 -0,
                -1 -0 -0,
                -1 -0 -0,
                -1 -0 -0,
                -1 -0 -0,
                -1 -0 -0,
                -1 -0 -0,
                -1 -0 -0,
                -1 -0 -0,
                -1 -0 -0,
                -1 -0 -0,
                -1 -0 -0,
                -1 -0 -0,
                -1 -0 -0,
                -1 -0 -0,
                -1 -0 -0,
                -1 -0 -0,
                -1 -0 -0,
                -1 -0 -0,
                -1 -0 -0,
                -1 -0 -0,
                -1 -0 -0,
                -1 -0 -0,
                -1 -0 -0,
                -1 -0 -0,
                -1 -0 -0,
                -1 -0 -0,
                -1 -0 -0,
                -1 -0 -0,
                -1 -0 -0,
                -1 -0 -0,
                -1 -0 -0,
                -1 -0 -0,
                1 -0 -0,
                1 -0 -0,
                1 -0 -0,
                1 -0 -0,
                1 -0 -0,
                1 -0 -0,
                1 -0 -0,
                1 -0 -0,
                1 -0 -0,
                1 -0 -0,
                1 -0 -0,
                1 -0 -0,
                1 -0 -0,
                1 -0 -0,
                1 -0 -0,
                1 -0 -0,
                1 -0 -0,
                1 -0 -0,
                1 -0 -0,
                1 -0 -0,
                1 -0 -0,
                1 -0 -0,
                1 -0 -0,
                1 -0 -0,
                1 -0 -0,
                1 -0 -0,
                1 -0 -0,
                1 -0 -0,
                1 -0 -0,
                1 -0 -0,
                1 -0 -0,
                1 -0 -0,
                1 -0 -0,
                1 -0 -0,
                1 -0 -0,
                1 -0 -0,
                1 -0 -0,
                1 -0 -0,
                1 -0 -0,
                1 -0 -0,
                1 -0 -0,
                1 -0 -0,
                1 -0 -0,
                1 -0 -0,
                1 -0 -0,
                1 -0 -0,
                1 -0 -0,
                1 -0 -0,
                1 -0 -0,
                1 -0 -0,
                1 -0 -0,
                1 -0 -0,
                1 -0 -0,
                1 -0 -0,
                1 -0 -0,
                1 -0 -0,
                1 -0 -0,
                1 -0 -0,
                1 -0 -0,
                1 -0 -0,
                1 -0 -0,
                1 -0 -0,
                1 -0 -0,
                1 -0 -0,
                1 -0 -0,
                1 -0 -0,
                1 -0 -0,
                1 -0 -0,
                1 -0 -0,
                1 -0 -0,
                1 -0 -0,
                1 -0 -0,
                1 -0 -0,
                1 -0 -0,
                1 -0 -0,
                1 -0 -0,
                1 -0 -0,
                1 -0 -0,
                1 -0 -0,
                1 -0 -0,
                1 -0 -0,
                1 -0 -0,
                1 -0 -0,
                1 -0 -0,
                1 -0 -0,
                1 -0 -0,
                1 -0 -0,
                1 -0 -0,
                1 -0 -0,
                1 -0 -0,
                1 -0 -0,
                1 -0 -0,
                1 -0 -0,
                1 -0 -0,
                1 -0 -0,
                1 -0 -0,
                1 -0 -0,
                1 -0 -0,
                1 -0 -0,
                1 -0 -0,
                1 -0 -0,
                1 -0 -0,
                1 -0 -0,
                1 -0 -0,
                1 -0 -0,
                1 -0 -0,
                1 -0 -0,
                1 -0 -0

              ]
            }
            coordIndex [
              59 43 42 -1 
              58 42 41 -1 
              57 41 40 -1 
              56 40 39 -1 
              2 39 0 -1 
              60 44 43 -1 
              56 39 2 -1 
              61 45 44 -1 
              57 40 56 -1 
              58 41 57 -1 
              62 46 45 -1 
              59 42 58 -1 
              63 47 46 -1 
              60 43 59 -1 
              64 48 47 -1 
              61 44 60 -1 
              65 49 48 -1 
              62 45 61 -1 
              66 50 49 -1 
              63 46 62 -1 
              67 51 50 -1 
              64 47 63 -1 
              68 52 51 -1 
              65 48 64 -1 
              69 53 52 -1 
              66 49 65 -1 
              70 54 53 -1 
              67 50 66 -1 
              71 55 54 -1 
              68 51 67 -1 
              72 1 55 -1 
              69 52 68 -1 
              70 53 69 -1 
              71 54 70 -1 
              72 55 71 -1 
              3 1 72 -1 
              85 69 68 -1 
              84 68 67 -1 
              83 67 66 -1 
              82 66 65 -1 
              81 65 64 -1 
              80 64 63 -1 
              79 63 62 -1 
              78 62 61 -1 
              77 61 60 -1 
              76 60 59 -1 
              75 59 58 -1 
              74 58 57 -1 
              73 57 56 -1 
              4 56 2 -1 
              86 70 69 -1 
              73 56 4 -1 
              87 71 70 -1 
              74 57 73 -1 
              88 72 71 -1 
              75 58 74 -1 
              89 3 72 -1 
              76 59 75 -1 
              77 60 76 -1 
              78 61 77 -1 
              79 62 78 -1 
              80 63 79 -1 
              81 64 80 -1 
              82 65 81 -1 
              83 66 82 -1 
              84 67 83 -1 
              85 68 84 -1 
              86 69 85 -1 
              87 70 86 -1 
              88 71 87 -1 
              89 72 88 -1 
              5 3 89 -1 
              113 97 96 -1 
              112 96 95 -1 
              111 95 94 -1 
              110 94 93 -1 
              109 93 92 -1 
              108 92 91 -1 
              107 91 90 -1 
              8 90 6 -1 
              107 90 8 -1 
              114 98 97 -1 
              108 91 107 -1 
              115 99 98 -1 
              109 92 108 -1 
              116 100 99 -1 
              110 93 109 -1 
              117 101 100 -1 
              111 94 110 -1 
              118 102 101 -1 
              112 95 111 -1 
              119 103 102 -1 
              113 96 112 -1 
              120 104 103 -1 
              114 97 113 -1 
              121 105 104 -1 
              115 98 114 -1 
              116 99 115 -1 
              122 106 105 -1 
              117 100 116 -1 
              123 7 106 -1 
              118 101 117 -1 
              119 102 118 -1 
              120 103 119 -1 
              121 104 120 -1 
              122 105 121 -1 
              123 106 122 -1 
              9 7 123 -1 
              153 137 136 -1 
              152 136 135 -1 
              151 135 134 -1 
              150 134 133 -1 
              149 133 132 -1 
              148 132 131 -1 
              147 131 130 -1 
              146 130 129 -1 
              145 129 128 -1 
              144 128 127 -1 
              143 127 126 -1 
              142 126 125 -1 
              141 125 124 -1 
              12 124 10 -1 
              154 138 137 -1 
              141 124 12 -1 
              155 139 138 -1 
              142 125 141 -1 
              156 140 139 -1 
              143 126 142 -1 
              157 11 140 -1 
              144 127 143 -1 
              145 128 144 -1 
              146 129 145 -1 
              147 130 146 -1 
              148 131 147 -1 
              149 132 148 -1 
              150 133 149 -1 
              151 134 150 -1 
              152 135 151 -1 
              153 136 152 -1 
              154 137 153 -1 
              155 138 154 -1 
              156 139 155 -1 
              157 140 156 -1 
              13 11 157 -1 
              16 158 14 -1 
              16 159 158 -1 
              16 160 159 -1 
              16 161 160 -1 
              16 162 161 -1 
              16 163 162 -1 
              16 164 163 -1 
              16 165 164 -1 
              16 166 165 -1 
              16 167 166 -1 
              170 169 16 -1 
              171 170 16 -1 
              172 171 16 -1 
              173 172 16 -1 
              174 173 16 -1 
              15 174 16 -1 
              16 168 167 -1 
              16 169 168 -1 
              194 178 177 -1 
              193 177 176 -1 
              192 176 175 -1 
              19 175 17 -1 
              195 179 178 -1 
              192 175 19 -1 
              196 180 179 -1 
              193 176 192 -1 
              197 181 180 -1 
              194 177 193 -1 
              198 182 181 -1 
              195 178 194 -1 
              199 183 182 -1 
              196 179 195 -1 
              200 184 183 -1 
              197 180 196 -1 
              201 185 184 -1 
              198 181 197 -1 
              202 186 185 -1 
              199 182 198 -1 
              203 187 186 -1 
              200 183 199 -1 
              201 184 200 -1 
              204 188 187 -1 
              202 185 201 -1 
              205 189 188 -1 
              203 186 202 -1 
              206 190 189 -1 
              204 187 203 -1 
              207 191 190 -1 
              205 188 204 -1 
              208 18 191 -1 
              206 189 205 -1 
              207 190 206 -1 
              208 191 207 -1 
              20 18 208 -1 
              209 21 14 -1 
              158 209 14 -1 
              159 210 209 -1 
              160 211 210 -1 
              161 212 211 -1 
              162 213 212 -1 
              163 214 213 -1 
              164 215 214 -1 
              165 216 215 -1 
              166 22 216 -1 
              167 217 22 -1 
              168 218 217 -1 
              169 219 218 -1 
              170 220 219 -1 
              171 221 220 -1 
              172 222 221 -1 
              173 223 222 -1 
              174 224 223 -1 
              15 23 224 -1 
              174 15 224 -1 
              173 174 223 -1 
              172 173 222 -1 
              171 172 221 -1 
              170 171 220 -1 
              169 170 219 -1 
              168 169 218 -1 
              167 168 217 -1 
              166 167 22 -1 
              165 166 216 -1 
              164 165 215 -1 
              163 164 214 -1 
              162 163 213 -1 
              161 162 212 -1 
              160 161 211 -1 
              159 160 210 -1 
              158 159 209 -1 
              205 237 238 -1 
              206 238 239 -1 
              207 239 240 -1 
              208 240 241 -1 
              20 241 25 -1 
              204 236 237 -1 
              208 241 20 -1 
              203 235 236 -1 
              207 240 208 -1 
              202 234 235 -1 
              206 239 207 -1 
              205 238 206 -1 
              201 233 234 -1 
              204 237 205 -1 
              200 232 233 -1 
              203 236 204 -1 
              199 231 232 -1 
              202 235 203 -1 
              198 230 231 -1 
              201 234 202 -1 
              197 229 230 -1 
              200 233 201 -1 
              196 228 229 -1 
              199 232 200 -1 
              195 227 228 -1 
              198 231 199 -1 
              194 226 227 -1 
              197 230 198 -1 
              193 225 226 -1 
              196 229 197 -1 
              192 24 225 -1 
              195 228 196 -1 
              194 227 195 -1 
              193 226 194 -1 
              192 225 193 -1 
              19 24 192 -1 
              249 27 26 -1 
              266 249 26 -1 
              265 248 249 -1 
              264 247 248 -1 
              263 246 247 -1 
              262 245 246 -1 
              261 244 245 -1 
              260 243 244 -1 
              259 242 243 -1 
              258 23 242 -1 
              257 224 23 -1 
              256 223 224 -1 
              255 222 223 -1 
              254 221 222 -1 
              253 220 221 -1 
              252 219 220 -1 
              217 218 250 -1 
              22 217 28 -1 
              251 218 219 -1 
              250 28 217 -1 
              251 250 218 -1 
              252 251 219 -1 
              253 252 220 -1 
              254 253 221 -1 
              255 254 222 -1 
              256 255 223 -1 
              257 256 224 -1 
              258 257 23 -1 
              259 258 242 -1 
              260 259 243 -1 
              261 260 244 -1 
              262 261 245 -1 
              263 262 246 -1 
              264 263 247 -1 
              265 264 248 -1 
              266 265 249 -1 
              280 239 238 -1 
              279 238 237 -1 
              278 237 236 -1 
              277 236 235 -1 
              276 235 234 -1 
              275 234 233 -1 
              274 233 232 -1 
              273 232 231 -1 
              272 231 230 -1 
              271 230 229 -1 
              270 229 228 -1 
              269 228 227 -1 
              268 227 226 -1 
              267 226 225 -1 
              29 225 24 -1 
              281 240 239 -1 
              267 225 29 -1 
              282 241 240 -1 
              268 226 267 -1 
              283 25 241 -1 
              269 227 268 -1 
              270 228 269 -1 
              271 229 270 -1 
              272 230 271 -1 
              273 231 272 -1 
              274 232 273 -1 
              275 233 274 -1 
              276 234 275 -1 
              277 235 276 -1 
              278 236 277 -1 
              279 237 278 -1 
              280 238 279 -1 
              281 239 280 -1 
              282 240 281 -1 
              283 241 282 -1 
              30 25 283 -1 
              300 31 28 -1 
              250 300 28 -1 
              251 299 300 -1 
              252 298 299 -1 
              253 297 298 -1 
              254 296 297 -1 
              255 295 296 -1 
              256 294 295 -1 
              257 293 294 -1 
              258 292 293 -1 
              259 291 292 -1 
              260 290 291 -1 
              261 289 290 -1 
              262 288 289 -1 
              263 287 288 -1 
              264 286 287 -1 
              284 285 266 -1 
              32 284 26 -1 
              265 285 286 -1 
              266 26 284 -1 
              265 266 285 -1 
              264 265 286 -1 
              263 264 287 -1 
              262 263 288 -1 
              261 262 289 -1 
              260 261 290 -1 
              259 260 291 -1 
              258 259 292 -1 
              257 258 293 -1 
              256 257 294 -1 
              255 256 295 -1 
              254 255 296 -1 
              253 254 297 -1 
              252 253 298 -1 
              251 252 299 -1 
              250 251 300 -1 
              318 34 317 -1 
              319 317 316 -1 
              320 316 315 -1 
              321 315 314 -1 
              322 314 313 -1 
              323 313 312 -1 
              324 312 311 -1 
              325 311 310 -1 
              326 310 309 -1 
              327 309 308 -1 
              328 308 307 -1 
              329 307 306 -1 
              330 306 305 -1 
              331 305 304 -1 
              332 304 303 -1 
              333 303 302 -1 
              334 302 301 -1 
              335 301 33 -1 
              335 33 35 -1 
              334 301 335 -1 
              333 302 334 -1 
              332 303 333 -1 
              331 304 332 -1 
              330 305 331 -1 
              329 306 330 -1 
              328 307 329 -1 
              327 308 328 -1 
              326 309 327 -1 
              325 310 326 -1 
              324 311 325 -1 
              323 312 324 -1 
              322 313 323 -1 
              321 314 322 -1 
              320 315 321 -1 
              319 316 320 -1 
              318 317 319 -1 
              36 34 318 -1 
              352 35 33 -1 
              353 352 354 -1 
              355 350 356 -1 
              357 348 358 -1 
              359 346 360 -1 
              361 344 362 -1 
              363 342 364 -1 
              365 340 366 -1 
              367 338 368 -1 
              369 336 36 -1 
              362 344 343 -1 
              363 343 342 -1 
              364 342 341 -1 
              365 341 340 -1 
              366 340 339 -1 
              367 339 338 -1 
              368 338 337 -1 
              34 36 336 -1 
              369 337 336 -1 
              368 337 369 -1 
              361 345 344 -1 
              366 339 367 -1 
              360 346 345 -1 
              364 341 365 -1 
              359 347 346 -1 
              362 343 363 -1 
              358 348 347 -1 
              360 345 361 -1 
              357 349 348 -1 
              358 347 359 -1 
              356 350 349 -1 
              356 349 357 -1 
              355 351 350 -1 
              354 351 355 -1 
              354 352 351 -1 
              353 35 352 -1 
              371 402 403 -1 
              372 401 402 -1 
              373 400 401 -1 
              374 399 400 -1 
              376 397 398 -1 
              377 396 397 -1 
              378 395 396 -1 
              379 394 395 -1 
              386 388 385 -1 
              382 391 392 -1 
              388 389 385 -1 
              387 388 386 -1 
              28 387 386 -1 
              28 31 387 -1 
              383 390 391 -1 
              384 389 390 -1 
              380 393 394 -1 
              381 392 393 -1 
              375 398 399 -1 
              384 385 389 -1 
              370 403 32 -1 
              383 384 390 -1 
              382 383 391 -1 
              381 382 392 -1 
              380 381 393 -1 
              379 380 394 -1 
              378 379 395 -1 
              377 378 396 -1 
              376 377 397 -1 
              375 376 398 -1 
              374 375 399 -1 
              373 374 400 -1 
              372 373 401 -1 
              371 372 402 -1 
              370 371 403 -1 
              26 370 32 -1 
              420 29 24 -1 
              437 420 436 -1 
              435 418 434 -1 
              433 416 432 -1 
              431 414 430 -1 
              429 412 428 -1 
              427 410 426 -1 
              425 408 424 -1 
              423 406 422 -1 
              421 404 30 -1 
              428 412 411 -1 
              427 411 410 -1 
              426 410 409 -1 
              425 409 408 -1 
              424 408 407 -1 
              423 407 406 -1 
              422 406 405 -1 
              421 405 404 -1 
              30 404 25 -1 
              422 405 421 -1 
              429 413 412 -1 
              424 407 423 -1 
              430 414 413 -1 
              426 409 425 -1 
              431 415 414 -1 
              428 411 427 -1 
              432 416 415 -1 
              430 413 429 -1 
              433 417 416 -1 
              432 415 431 -1 
              434 418 417 -1 
              434 417 433 -1 
              435 419 418 -1 
              436 419 435 -1 
              436 420 419 -1 
              437 29 420 -1 
              386 216 22 -1 
              385 215 216 -1 
              384 214 215 -1 
              383 213 214 -1 
              381 211 212 -1 
              380 210 211 -1 
              379 209 210 -1 
              378 21 209 -1 
              376 444 445 -1 
              375 443 444 -1 
              374 442 443 -1 
              439 440 371 -1 
              26 438 370 -1 
              370 438 439 -1 
              26 27 438 -1 
              373 441 442 -1 
              372 440 441 -1 
              377 445 21 -1 
              371 370 439 -1 
              382 212 213 -1 
              372 371 440 -1 
              373 372 441 -1 
              374 373 442 -1 
              375 374 443 -1 
              376 375 444 -1 
              377 376 445 -1 
              378 377 21 -1 
              379 378 209 -1 
              380 379 210 -1 
              381 380 211 -1 
              382 381 212 -1 
              383 382 213 -1 
              384 383 214 -1 
              385 384 215 -1 
              386 385 216 -1 
              28 386 22 -1 
              404 20 25 -1 
              446 404 447 -1 
              448 406 449 -1 
              450 408 451 -1 
              452 410 453 -1 
              454 412 455 -1 
              456 414 457 -1 
              457 414 415 -1 
              458 415 416 -1 
              459 416 417 -1 
              460 417 418 -1 
              461 418 419 -1 
              462 419 420 -1 
              19 420 24 -1 
              456 413 414 -1 
              462 420 19 -1 
              455 412 413 -1 
              461 419 462 -1 
              454 411 412 -1 
              460 418 461 -1 
              453 410 411 -1 
              459 417 460 -1 
              457 415 458 -1 
              458 416 459 -1 
              452 409 410 -1 
              455 413 456 -1 
              451 408 409 -1 
              453 411 454 -1 
              450 407 408 -1 
              451 409 452 -1 
              449 406 407 -1 
              449 407 450 -1 
              448 405 406 -1 
              447 405 448 -1 
              447 404 405 -1 
              446 20 404 -1 
              242 23 463 -1 
              243 242 464 -1 
              244 243 465 -1 
              245 244 466 -1 
              246 245 467 -1 
              247 246 468 -1 
              248 247 469 -1 
              249 248 470 -1 
              27 249 471 -1 
              438 27 472 -1 
              439 438 473 -1 
              440 439 474 -1 
              441 440 475 -1 
              442 441 476 -1 
              443 442 477 -1 
              444 443 478 -1 
              445 444 479 -1 
              21 445 14 -1 
              479 14 445 -1 
              478 479 444 -1 
              477 478 443 -1 
              476 477 442 -1 
              475 476 441 -1 
              474 475 440 -1 
              473 474 439 -1 
              472 473 438 -1 
              471 472 27 -1 
              470 471 249 -1 
              469 470 248 -1 
              468 469 247 -1 
              467 468 246 -1 
              466 467 245 -1 
              465 466 244 -1 
              464 465 243 -1 
              463 464 242 -1 
              15 463 23 -1 
              496 19 17 -1 
              462 19 496 -1 
              461 496 495 -1 
              460 495 494 -1 
              459 494 493 -1 
              458 493 492 -1 
              450 485 484 -1 
              449 484 483 -1 
              448 483 482 -1 
              447 482 481 -1 
              446 481 480 -1 
              20 480 18 -1 
              451 486 485 -1 
              446 480 20 -1 
              452 487 486 -1 
              447 481 446 -1 
              453 488 487 -1 
              448 482 447 -1 
              454 489 488 -1 
              449 483 448 -1 
              455 490 489 -1 
              450 484 449 -1 
              456 491 490 -1 
              451 485 450 -1 
              457 492 491 -1 
              452 486 451 -1 
              453 487 452 -1 
              454 488 453 -1 
              455 489 454 -1 
              456 490 455 -1 
              457 491 456 -1 
              458 492 457 -1 
              459 493 458 -1 
              460 494 459 -1 
              461 495 460 -1 
              462 496 461 -1 
              463 15 16 -1 
              464 463 16 -1 
              465 464 16 -1 
              466 465 16 -1 
              467 466 16 -1 
              16 468 467 -1 
              16 469 468 -1 
              16 470 469 -1 
              16 471 470 -1 
              16 472 471 -1 
              16 473 472 -1 
              16 474 473 -1 
              16 475 474 -1 
              478 477 16 -1 
              479 478 16 -1 
              14 479 16 -1 
              16 476 475 -1 
              16 477 476 -1 
              513 12 10 -1 
              530 513 529 -1 
              528 511 527 -1 
              526 509 525 -1 
              524 507 523 -1 
              522 505 521 -1 
              520 503 519 -1 
              518 501 517 -1 
              516 499 515 -1 
              514 497 13 -1 
              521 505 504 -1 
              520 504 503 -1 
              519 503 502 -1 
              518 502 501 -1 
              517 501 500 -1 
              516 500 499 -1 
              515 499 498 -1 
              514 498 497 -1 
              13 497 11 -1 
              515 498 514 -1 
              522 506 505 -1 
              517 500 516 -1 
              523 507 506 -1 
              519 502 518 -1 
              524 508 507 -1 
              521 504 520 -1 
              525 509 508 -1 
              523 506 522 -1 
              526 510 509 -1 
              525 508 524 -1 
              527 511 510 -1 
              527 510 526 -1 
              528 512 511 -1 
              529 512 528 -1 
              529 513 512 -1 
              530 12 513 -1 
              547 8 6 -1 
              564 547 563 -1 
              562 545 561 -1 
              560 543 559 -1 
              558 541 557 -1 
              556 539 555 -1 
              554 537 553 -1 
              552 535 551 -1 
              550 533 549 -1 
              548 531 9 -1 
              555 539 538 -1 
              554 538 537 -1 
              553 537 536 -1 
              552 536 535 -1 
              551 535 534 -1 
              550 534 533 -1 
              549 533 532 -1 
              548 532 531 -1 
              9 531 7 -1 
              549 532 548 -1 
              556 540 539 -1 
              551 534 550 -1 
              557 541 540 -1 
              553 536 552 -1 
              558 542 541 -1 
              555 538 554 -1 
              559 543 542 -1 
              557 540 556 -1 
              560 544 543 -1 
              559 542 558 -1 
              561 545 544 -1 
              561 544 560 -1 
              562 546 545 -1 
              563 546 562 -1 
              563 547 546 -1 
              564 8 547 -1 
              581 4 2 -1 
              598 581 597 -1 
              596 579 595 -1 
              594 577 593 -1 
              592 575 591 -1 
              590 573 589 -1 
              588 571 587 -1 
              586 569 585 -1 
              584 567 583 -1 
              582 565 5 -1 
              589 573 572 -1 
              588 572 571 -1 
              587 571 570 -1 
              586 570 569 -1 
              585 569 568 -1 
              584 568 567 -1 
              583 567 566 -1 
              582 566 565 -1 
              5 565 3 -1 
              583 566 582 -1 
              590 574 573 -1 
              585 568 584 -1 
              591 575 574 -1 
              587 570 586 -1 
              592 576 575 -1 
              589 572 588 -1 
              593 577 576 -1 
              591 574 590 -1 
              594 578 577 -1 
              593 576 592 -1 
              595 579 578 -1 
              595 578 594 -1 
              596 580 579 -1 
              597 580 596 -1 
              597 581 580 -1 
              598 4 581 -1 
              615 2 0 -1 
              581 615 580 -1 
              579 613 578 -1 
              577 611 576 -1 
              575 609 574 -1 
              573 607 572 -1 
              571 605 570 -1 
              570 605 604 -1 
              569 604 603 -1 
              568 603 602 -1 
              567 602 601 -1 
              566 601 600 -1 
              565 600 599 -1 
              3 599 1 -1 
              571 606 605 -1 
              565 599 3 -1 
              572 607 606 -1 
              566 600 565 -1 
              573 608 607 -1 
              567 601 566 -1 
              574 609 608 -1 
              568 602 567 -1 
              570 604 569 -1 
              569 603 568 -1 
              575 610 609 -1 
              572 606 571 -1 
              576 611 610 -1 
              574 608 573 -1 
              577 612 611 -1 
              576 610 575 -1 
              578 613 612 -1 
              578 612 577 -1 
              579 614 613 -1 
              580 614 579 -1 
              580 615 614 -1 
              581 2 615 -1 
              729 658 318 -1 
              728 319 320 -1 
              731 664 663 -1 
              726 322 323 -1 
              723 326 327 -1 
              722 328 329 -1 
              718 334 717 -1 
              332 719 331 -1 
              717 334 335 -1 
              630 335 35 -1 
              717 335 630 -1 
              727 321 322 -1 
              718 333 334 -1 
              729 318 319 -1 
              332 333 719 -1 
              658 36 318 -1 
              330 721 329 -1 
              716 627 626 -1 
              620 713 621 -1 
              711 618 617 -1 
              711 617 616 -1 
              631 616 37 -1 
              711 616 631 -1 
              711 631 632 -1 
              618 711 712 -1 
              710 634 635 -1 
              713 622 621 -1 
              714 624 623 -1 
              708 638 639 -1 
              706 641 642 -1 
              725 323 324 -1 
              705 643 644 -1 
              645 646 704 -1 
              646 647 704 -1 
              647 648 703 -1 
              648 649 703 -1 
              734 670 669 -1 
              701 651 652 -1 
              701 652 653 -1 
              700 653 654 -1 
              700 654 655 -1 
              700 655 735 -1 
              735 656 657 -1 
              672 657 38 -1 
              735 657 672 -1 
              735 672 671 -1 
              735 670 734 -1 
              671 670 735 -1 
              734 669 668 -1 
              733 668 667 -1 
              667 666 733 -1 
              663 662 731 -1 
              729 660 659 -1 
              658 729 659 -1 
              702 649 650 -1 
              702 650 651 -1 
              705 644 645 -1 
              701 653 700 -1 
              706 642 643 -1 
              702 651 701 -1 
              707 640 641 -1 
              703 649 702 -1 
              707 639 640 -1 
              704 647 703 -1 
              708 637 638 -1 
              705 645 704 -1 
              709 636 637 -1 
              706 643 705 -1 
              709 635 636 -1 
              707 641 706 -1 
              710 633 634 -1 
              708 639 707 -1 
              711 632 633 -1 
              709 637 708 -1 
              710 635 709 -1 
              620 619 712 -1 
              711 633 710 -1 
              712 619 618 -1 
              714 623 622 -1 
              715 625 624 -1 
              713 620 712 -1 
              715 626 625 -1 
              714 622 713 -1 
              716 628 627 -1 
              715 624 714 -1 
              717 629 628 -1 
              716 626 715 -1 
              717 630 629 -1 
              717 628 716 -1 
              720 330 331 -1 
              722 327 328 -1 
              719 333 718 -1 
              724 325 326 -1 
              720 331 719 -1 
              724 324 325 -1 
              721 330 720 -1 
              722 329 721 -1 
              723 327 722 -1 
              724 326 723 -1 
              727 320 321 -1 
              725 324 724 -1 
              726 323 725 -1 
              727 322 726 -1 
              660 729 730 -1 
              728 320 727 -1 
              662 661 730 -1 
              729 319 728 -1 
              730 661 660 -1 
              732 665 664 -1 
              732 666 665 -1 
              731 662 730 -1 
              732 664 731 -1 
              733 666 732 -1 
              734 668 733 -1 
              735 655 656 -1 
              717 716 718 -1 
              736 718 716 -1 
              718 736 719 -1 
              737 719 736 -1 
              719 737 720 -1 
              738 720 737 -1 
              720 738 721 -1 
              739 721 738 -1 
              721 739 722 -1 
              740 722 739 -1 
              722 740 723 -1 
              741 723 740 -1 
              716 715 736 -1 
              742 736 715 -1 
              736 742 737 -1 
              743 737 742 -1 
              715 714 742 -1 
              744 742 714 -1 
              742 744 743 -1 
              745 743 744 -1 
              737 743 738 -1 
              746 738 743 -1 
              738 746 739 -1 
              747 739 746 -1 
              739 747 740 -1 
              748 740 747 -1 
              740 748 741 -1 
              749 741 748 -1 
              743 745 746 -1 
              750 746 745 -1 
              746 750 747 -1 
              751 747 750 -1 
              747 751 748 -1 
              752 748 751 -1 
              748 752 749 -1 
              753 749 752 -1 
              723 741 724 -1 
              754 724 741 -1 
              724 754 725 -1 
              755 725 754 -1 
              725 755 726 -1 
              756 726 755 -1 
              726 756 727 -1 
              757 727 756 -1 
              727 757 728 -1 
              758 728 757 -1 
              728 758 729 -1 
              730 729 758 -1 
              741 749 754 -1 
              759 754 749 -1 
              754 759 755 -1 
              760 755 759 -1 
              755 760 756 -1 
              761 756 760 -1 
              756 761 757 -1 
              762 757 761 -1 
              749 753 759 -1 
              763 759 753 -1 
              759 763 760 -1 
              764 760 763 -1 
              760 764 761 -1 
              765 761 764 -1 
              761 765 762 -1 
              766 762 765 -1 
              757 762 758 -1 
              767 758 762 -1 
              758 767 730 -1 
              731 730 767 -1 
              762 766 767 -1 
              768 767 766 -1 
              767 768 731 -1 
              732 731 768 -1 
              714 713 744 -1 
              769 744 713 -1 
              744 769 745 -1 
              770 745 769 -1 
              713 712 769 -1 
              771 769 712 -1 
              769 771 770 -1 
              772 770 771 -1 
              745 770 750 -1 
              773 750 770 -1 
              750 773 751 -1 
              774 751 773 -1 
              751 774 752 -1 
              775 752 774 -1 
              752 775 753 -1 
              776 753 775 -1 
              770 772 773 -1 
              777 773 772 -1 
              773 777 774 -1 
              778 774 777 -1 
              774 778 775 -1 
              779 775 778 -1 
              775 779 776 -1 
              780 776 779 -1 
              712 711 771 -1 
              710 771 711 -1 
              771 710 772 -1 
              709 772 710 -1 
              772 709 777 -1 
              708 777 709 -1 
              777 708 778 -1 
              707 778 708 -1 
              778 707 779 -1 
              706 779 707 -1 
              779 706 780 -1 
              705 780 706 -1 
              753 776 763 -1 
              781 763 776 -1 
              763 781 764 -1 
              782 764 781 -1 
              764 782 765 -1 
              783 765 782 -1 
              765 783 766 -1 
              784 766 783 -1 
              776 780 781 -1 
              785 781 780 -1 
              781 785 782 -1 
              786 782 785 -1 
              782 786 783 -1 
              787 783 786 -1 
              783 787 784 -1 
              788 784 787 -1 
              766 784 768 -1 
              789 768 784 -1 
              768 789 732 -1 
              733 732 789 -1 
              784 788 789 -1 
              790 789 788 -1 
              789 790 733 -1 
              734 733 790 -1 
              780 705 785 -1 
              704 785 705 -1 
              785 704 786 -1 
              703 786 704 -1 
              786 703 787 -1 
              702 787 703 -1 
              787 702 788 -1 
              701 788 702 -1 
              788 701 790 -1 
              700 790 701 -1 
              790 700 734 -1 
              735 734 700 -1 
              642 285 284 -1 
              640 286 285 -1 
              651 650 400 -1 
              674 394 393 -1 
              673 395 394 -1 
              657 396 395 -1 
              656 397 396 -1 
              642 641 285 -1 
              38 657 395 -1 
              676 393 392 -1 
              673 38 395 -1 
              678 392 391 -1 
              674 673 394 -1 
              675 674 393 -1 
              679 391 390 -1 
              676 675 393 -1 
              677 676 392 -1 
              681 390 389 -1 
              678 677 392 -1 
              682 389 388 -1 
              679 678 391 -1 
              680 679 390 -1 
              684 388 387 -1 
              681 680 390 -1 
              685 387 31 -1 
              682 681 389 -1 
              687 31 300 -1 
              683 682 388 -1 
              688 300 299 -1 
              684 683 388 -1 
              685 684 387 -1 
              690 299 298 -1 
              686 685 31 -1 
              691 298 297 -1 
              687 686 31 -1 
              688 687 300 -1 
              693 297 296 -1 
              689 688 299 -1 
              694 296 295 -1 
              690 689 299 -1 
              691 690 298 -1 
              696 295 294 -1 
              692 691 297 -1 
              698 294 293 -1 
              693 692 297 -1 
              694 693 296 -1 
              699 293 292 -1 
              695 694 295 -1 
              696 695 295 -1 
              631 292 291 -1 
              697 696 294 -1 
              698 697 294 -1 
              632 291 290 -1 
              699 698 293 -1 
              634 290 289 -1 
              37 699 292 -1 
              636 289 288 -1 
              631 37 292 -1 
              637 288 287 -1 
              632 631 291 -1 
              633 632 290 -1 
              639 287 286 -1 
              634 633 290 -1 
              635 634 289 -1 
              636 635 289 -1 
              637 636 288 -1 
              638 637 287 -1 
              639 638 287 -1 
              643 284 32 -1 
              640 639 286 -1 
              645 32 403 -1 
              641 640 285 -1 
              646 403 402 -1 
              643 642 284 -1 
              648 402 401 -1 
              644 643 32 -1 
              645 644 32 -1 
              649 401 400 -1 
              646 645 403 -1 
              651 400 399 -1 
              647 646 402 -1 
              648 647 402 -1 
              652 399 398 -1 
              649 648 401 -1 
              654 398 397 -1 
              650 649 400 -1 
              652 651 399 -1 
              653 652 398 -1 
              654 653 398 -1 
              655 654 397 -1 
              656 655 397 -1 
              657 656 396 -1 
              278 313 279 -1 
              437 352 29 -1 
              352 33 29 -1 
              436 352 437 -1 
              424 340 425 -1 
              421 30 336 -1 
              29 301 267 -1 
              29 33 301 -1 
              267 302 268 -1 
              267 301 302 -1 
              268 303 269 -1 
              268 302 303 -1 
              269 304 270 -1 
              269 303 304 -1 
              270 305 271 -1 
              270 304 305 -1 
              271 305 306 -1 
              272 306 307 -1 
              272 271 306 -1 
              273 307 308 -1 
              273 272 307 -1 
              274 308 309 -1 
              274 273 308 -1 
              275 309 310 -1 
              275 274 309 -1 
              276 310 311 -1 
              276 275 310 -1 
              277 311 312 -1 
              277 276 311 -1 
              278 312 313 -1 
              278 277 312 -1 
              279 314 280 -1 
              279 313 314 -1 
              280 315 281 -1 
              280 314 315 -1 
              281 316 282 -1 
              281 315 316 -1 
              282 317 283 -1 
              282 316 317 -1 
              283 317 34 -1 
              30 34 336 -1 
              30 283 34 -1 
              421 336 337 -1 
              422 337 338 -1 
              422 421 337 -1 
              423 338 339 -1 
              423 422 338 -1 
              424 339 340 -1 
              424 423 339 -1 
              425 341 426 -1 
              425 340 341 -1 
              426 342 427 -1 
              426 341 342 -1 
              427 343 428 -1 
              427 342 343 -1 
              428 344 429 -1 
              428 343 344 -1 
              429 345 430 -1 
              429 344 345 -1 
              430 345 346 -1 
              431 346 347 -1 
              431 430 346 -1 
              432 347 348 -1 
              432 431 347 -1 
              433 348 349 -1 
              433 432 348 -1 
              434 349 350 -1 
              434 433 349 -1 
              435 350 351 -1 
              435 434 350 -1 
              436 351 352 -1 
              436 435 351 -1 
              699 616 826 -1 
              618 826 617 -1 
              823 624 822 -1 
              626 822 625 -1 
              626 627 821 -1 
              820 629 630 -1 
              353 630 35 -1 
              622 824 621 -1 
              820 354 819 -1 
              793 691 692 -1 
              628 820 821 -1 
              826 697 698 -1 
              823 623 624 -1 
              699 37 616 -1 
              814 361 362 -1 
              812 363 364 -1 
              809 368 808 -1 
              809 367 368 -1 
              658 369 36 -1 
              808 369 658 -1 
              808 658 659 -1 
              366 367 810 -1 
              365 811 364 -1 
              807 661 662 -1 
              359 360 815 -1 
              668 804 667 -1 
              668 669 803 -1 
              802 671 672 -1 
              673 672 38 -1 
              802 672 673 -1 
              801 677 800 -1 
              670 802 803 -1 
              801 676 677 -1 
              805 665 666 -1 
              805 664 665 -1 
              799 680 681 -1 
              797 683 684 -1 
              796 685 686 -1 
              795 687 688 -1 
              795 688 689 -1 
              794 689 690 -1 
              794 690 691 -1 
              793 692 693 -1 
              694 792 693 -1 
              695 792 694 -1 
              696 791 695 -1 
              697 791 696 -1 
              826 791 697 -1 
              699 826 698 -1 
              825 618 619 -1 
              825 619 620 -1 
              796 686 687 -1 
              792 695 791 -1 
              797 684 685 -1 
              793 693 792 -1 
              798 682 683 -1 
              794 691 793 -1 
              798 681 682 -1 
              795 689 794 -1 
              799 679 680 -1 
              796 687 795 -1 
              800 678 679 -1 
              797 685 796 -1 
              800 677 678 -1 
              798 683 797 -1 
              801 675 676 -1 
              799 681 798 -1 
              802 674 675 -1 
              800 679 799 -1 
              803 669 670 -1 
              802 675 801 -1 
              802 670 671 -1 
              802 673 674 -1 
              804 666 667 -1 
              806 663 664 -1 
              804 668 803 -1 
              806 662 663 -1 
              805 666 804 -1 
              807 660 661 -1 
              806 664 805 -1 
              808 659 660 -1 
              807 662 806 -1 
              808 368 369 -1 
              808 660 807 -1 
              811 365 366 -1 
              813 362 363 -1 
              810 367 809 -1 
              814 360 361 -1 
              811 366 810 -1 
              816 358 359 -1 
              812 364 811 -1 
              817 357 358 -1 
              813 363 812 -1 
              817 356 357 -1 
              814 362 813 -1 
              818 355 356 -1 
              815 360 814 -1 
              816 359 815 -1 
              819 354 355 -1 
              817 358 816 -1 
              819 355 818 -1 
              818 356 817 -1 
              821 627 628 -1 
              820 353 354 -1 
              820 628 629 -1 
              820 630 353 -1 
              822 624 625 -1 
              823 622 623 -1 
              822 626 821 -1 
              824 620 621 -1 
              824 622 823 -1 
              825 620 824 -1 
              826 616 617 -1 
              826 618 825 -1 
              808 807 809 -1 
              827 809 807 -1 
              809 827 810 -1 
              828 810 827 -1 
              810 828 811 -1 
              829 811 828 -1 
              811 829 812 -1 
              830 812 829 -1 
              812 830 813 -1 
              831 813 830 -1 
              813 831 814 -1 
              832 814 831 -1 
              807 806 827 -1 
              833 827 806 -1 
              827 833 828 -1 
              834 828 833 -1 
              806 805 833 -1 
              835 833 805 -1 
              833 835 834 -1 
              836 834 835 -1 
              828 834 829 -1 
              837 829 834 -1 
              829 837 830 -1 
              838 830 837 -1 
              830 838 831 -1 
              839 831 838 -1 
              831 839 832 -1 
              840 832 839 -1 
              834 836 837 -1 
              841 837 836 -1 
              837 841 838 -1 
              842 838 841 -1 
              838 842 839 -1 
              843 839 842 -1 
              839 843 840 -1 
              844 840 843 -1 
              814 832 815 -1 
              845 815 832 -1 
              815 845 816 -1 
              846 816 845 -1 
              816 846 817 -1 
              847 817 846 -1 
              817 847 818 -1 
              848 818 847 -1 
              818 848 819 -1 
              849 819 848 -1 
              819 849 820 -1 
              821 820 849 -1 
              832 840 845 -1 
              850 845 840 -1 
              845 850 846 -1 
              851 846 850 -1 
              846 851 847 -1 
              852 847 851 -1 
              847 852 848 -1 
              853 848 852 -1 
              840 844 850 -1 
              854 850 844 -1 
              850 854 851 -1 
              855 851 854 -1 
              851 855 852 -1 
              856 852 855 -1 
              852 856 853 -1 
              857 853 856 -1 
              848 853 849 -1 
              858 849 853 -1 
              849 858 821 -1 
              822 821 858 -1 
              853 857 858 -1 
              859 858 857 -1 
              858 859 822 -1 
              823 822 859 -1 
              805 804 835 -1 
              860 835 804 -1 
              835 860 836 -1 
              861 836 860 -1 
              804 803 860 -1 
              862 860 803 -1 
              860 862 861 -1 
              863 861 862 -1 
              836 861 841 -1 
              864 841 861 -1 
              841 864 842 -1 
              865 842 864 -1 
              842 865 843 -1 
              866 843 865 -1 
              843 866 844 -1 
              867 844 866 -1 
              861 863 864 -1 
              868 864 863 -1 
              864 868 865 -1 
              869 865 868 -1 
              865 869 866 -1 
              870 866 869 -1 
              866 870 867 -1 
              871 867 870 -1 
              803 802 862 -1 
              801 862 802 -1 
              862 801 863 -1 
              800 863 801 -1 
              863 800 868 -1 
              799 868 800 -1 
              868 799 869 -1 
              798 869 799 -1 
              869 798 870 -1 
              797 870 798 -1 
              870 797 871 -1 
              796 871 797 -1 
              844 867 854 -1 
              872 854 867 -1 
              854 872 855 -1 
              873 855 872 -1 
              855 873 856 -1 
              874 856 873 -1 
              856 874 857 -1 
              875 857 874 -1 
              867 871 872 -1 
              876 872 871 -1 
              872 876 873 -1 
              877 873 876 -1 
              873 877 874 -1 
              878 874 877 -1 
              874 878 875 -1 
              879 875 878 -1 
              857 875 859 -1 
              880 859 875 -1 
              859 880 823 -1 
              824 823 880 -1 
              875 879 880 -1 
              881 880 879 -1 
              880 881 824 -1 
              825 824 881 -1 
              871 796 876 -1 
              795 876 796 -1 
              876 795 877 -1 
              794 877 795 -1 
              877 794 878 -1 
              793 878 794 -1 
              878 793 879 -1 
              792 879 793 -1 
              879 792 881 -1 
              791 881 792 -1 
              881 791 825 -1 
              826 825 791 -1 
              186 143 142 -1 
              480 481 150 -1 
              150 149 18 -1 
              480 150 18 -1 
              488 157 487 -1 
              493 517 492 -1 
              180 527 179 -1 
              182 183 530 -1 
              18 148 191 -1 
              18 149 148 -1 
              190 147 146 -1 
              191 148 147 -1 
              189 146 145 -1 
              190 191 147 -1 
              188 145 144 -1 
              189 190 146 -1 
              187 144 143 -1 
              188 189 145 -1 
              187 188 144 -1 
              186 187 143 -1 
              185 142 141 -1 
              185 186 142 -1 
              184 141 12 -1 
              184 185 141 -1 
              183 12 530 -1 
              183 184 12 -1 
              182 530 529 -1 
              181 529 528 -1 
              181 182 529 -1 
              180 528 527 -1 
              180 181 528 -1 
              179 526 178 -1 
              179 527 526 -1 
              178 525 177 -1 
              178 526 525 -1 
              177 524 176 -1 
              177 525 524 -1 
              176 524 523 -1 
              175 523 522 -1 
              175 176 523 -1 
              17 522 521 -1 
              17 175 522 -1 
              496 521 520 -1 
              496 17 521 -1 
              495 520 519 -1 
              495 496 520 -1 
              494 519 518 -1 
              494 495 519 -1 
              493 518 517 -1 
              493 494 518 -1 
              492 516 491 -1 
              492 517 516 -1 
              491 515 490 -1 
              491 516 515 -1 
              490 514 489 -1 
              490 515 514 -1 
              489 13 488 -1 
              489 514 13 -1 
              487 157 156 -1 
              488 13 157 -1 
              486 156 155 -1 
              485 155 154 -1 
              486 487 156 -1 
              485 486 155 -1 
              484 154 153 -1 
              484 485 154 -1 
              483 153 152 -1 
              483 484 153 -1 
              482 152 151 -1 
              482 483 152 -1 
              481 151 150 -1 
              481 482 151 -1 
              554 139 140 -1 
              9 132 133 -1 
              119 127 128 -1 
              113 512 513 -1 
              112 511 512 -1 
              108 507 508 -1 
              561 560 501 -1 
              504 505 8 -1 
              564 504 8 -1 
              563 503 504 -1 
              555 554 140 -1 
              107 506 507 -1 
              8 505 506 -1 
              109 508 509 -1 
              107 8 506 -1 
              110 509 510 -1 
              108 107 507 -1 
              111 510 511 -1 
              109 108 508 -1 
              110 109 509 -1 
              111 110 510 -1 
              114 513 10 -1 
              112 111 511 -1 
              115 10 124 -1 
              113 112 512 -1 
              116 124 125 -1 
              114 113 513 -1 
              117 125 126 -1 
              115 114 10 -1 
              116 115 124 -1 
              118 126 127 -1 
              117 116 125 -1 
              120 128 129 -1 
              118 117 126 -1 
              121 129 130 -1 
              119 118 127 -1 
              122 130 131 -1 
              120 119 128 -1 
              123 131 132 -1 
              121 120 129 -1 
              122 121 130 -1 
              548 133 134 -1 
              123 122 131 -1 
              9 123 132 -1 
              549 134 135 -1 
              548 9 133 -1 
              550 135 136 -1 
              549 548 134 -1 
              551 136 137 -1 
              550 549 135 -1 
              552 137 138 -1 
              551 550 136 -1 
              553 138 139 -1 
              552 551 137 -1 
              555 140 11 -1 
              553 552 138 -1 
              556 11 497 -1 
              554 553 139 -1 
              557 497 498 -1 
              558 498 499 -1 
              556 555 11 -1 
              559 499 500 -1 
              557 556 497 -1 
              560 500 501 -1 
              558 557 498 -1 
              561 501 502 -1 
              559 558 499 -1 
              562 502 503 -1 
              560 559 500 -1 
              562 561 502 -1 
              563 562 503 -1 
              564 563 504 -1 
              6 4 598 -1 
              92 75 74 -1 
              98 81 80 -1 
              99 82 81 -1 
              100 83 82 -1 
              101 84 83 -1 
              102 85 84 -1 
              539 540 590 -1 
              88 87 105 -1 
              89 88 106 -1 
              5 89 7 -1 
              582 5 7 -1 
              531 582 7 -1 
              532 583 582 -1 
              533 584 583 -1 
              534 585 584 -1 
              535 586 585 -1 
              536 587 586 -1 
              543 593 542 -1 
              539 590 589 -1 
              598 597 547 -1 
              546 597 596 -1 
              103 86 85 -1 
              104 87 86 -1 
              106 7 89 -1 
              105 106 88 -1 
              104 105 87 -1 
              103 104 86 -1 
              102 103 85 -1 
              97 80 79 -1 
              101 102 84 -1 
              96 79 78 -1 
              100 101 83 -1 
              95 78 77 -1 
              99 100 82 -1 
              94 77 76 -1 
              98 99 81 -1 
              93 76 75 -1 
              97 98 80 -1 
              91 74 73 -1 
              96 97 79 -1 
              90 73 4 -1 
              95 96 78 -1 
              94 95 77 -1 
              93 94 76 -1 
              92 93 75 -1 
              91 92 74 -1 
              545 596 595 -1 
              90 91 73 -1 
              544 595 594 -1 
              6 90 4 -1 
              543 594 593 -1 
              547 6 598 -1 
              542 593 592 -1 
              546 547 597 -1 
              541 592 591 -1 
              545 546 596 -1 
              540 591 590 -1 
              544 545 595 -1 
              538 589 588 -1 
              543 544 594 -1 
              537 588 587 -1 
              541 542 592 -1 
              540 541 591 -1 
              538 539 589 -1 
              537 538 588 -1 
              536 537 587 -1 
              535 536 586 -1 
              534 535 585 -1 
              533 534 584 -1 
              532 533 583 -1 
              531 532 582 -1 
              54 55 1 -1 
              53 54 1 -1 
              52 53 1 -1 
              51 52 1 -1 
              50 51 1 -1 
              49 50 1 -1 
              48 49 1 -1 
              47 48 1 -1 
              46 47 1 -1 
              45 46 1 -1 
              44 45 1 -1 
              43 44 1 -1 
              42 43 1 -1 
              41 42 1 -1 
              40 41 1 -1 
              39 40 1 -1 
              0 39 1 -1 
              615 0 1 -1 
              614 615 1 -1 
              613 614 1 -1 
              612 613 1 -1 
              611 612 1 -1 
              610 611 1 -1 
              609 610 1 -1 
              608 609 1 -1 
              607 608 1 -1 
              606 607 1 -1 
              605 606 1 -1 
              604 605 1 -1 
              603 604 1 -1 
              602 603 1 -1 
              601 602 1 -1 
              600 601 1 -1 
              599 600 1 -1 
            ]
            normalIndex [
              23 13 14 -1 
              22 14 15 -1 
              21 15 16 -1 
              20 16 17 -1 
              19 17 18 -1 
              24 12 13 -1 
              20 17 19 -1 
              25 11 12 -1 
              21 16 20 -1 
              22 15 21 -1 
              26 10 11 -1 
              23 14 22 -1 
              27 9 10 -1 
              24 13 23 -1 
              28 8 9 -1 
              25 12 24 -1 
              29 7 8 -1 
              26 11 25 -1 
              30 6 7 -1 
              27 10 26 -1 
              31 5 6 -1 
              28 9 27 -1 
              32 4 5 -1 
              29 8 28 -1 
              33 3 4 -1 
              30 7 29 -1 
              34 2 3 -1 
              31 6 30 -1 
              35 1 2 -1 
              32 5 31 -1 
              36 0 1 -1 
              33 4 32 -1 
              34 3 33 -1 
              35 2 34 -1 
              36 1 35 -1 
              37 0 36 -1 
              70 42 43 -1 
              69 43 44 -1 
              68 44 45 -1 
              67 45 46 -1 
              66 46 47 -1 
              65 47 48 -1 
              64 48 49 -1 
              63 49 50 -1 
              62 50 51 -1 
              61 51 52 -1 
              60 52 53 -1 
              59 53 54 -1 
              58 54 55 -1 
              57 55 56 -1 
              71 41 42 -1 
              58 55 57 -1 
              72 40 41 -1 
              59 54 58 -1 
              73 39 40 -1 
              60 53 59 -1 
              74 38 39 -1 
              61 52 60 -1 
              62 51 61 -1 
              63 50 62 -1 
              64 49 63 -1 
              65 48 64 -1 
              66 47 65 -1 
              67 46 66 -1 
              68 45 67 -1 
              69 44 68 -1 
              70 43 69 -1 
              71 42 70 -1 
              72 41 71 -1 
              73 40 72 -1 
              74 39 73 -1 
              75 38 74 -1 
              102 86 87 -1 
              101 87 88 -1 
              100 88 89 -1 
              99 89 90 -1 
              98 90 91 -1 
              97 91 92 -1 
              96 92 93 -1 
              95 93 94 -1 
              96 93 95 -1 
              103 85 86 -1 
              97 92 96 -1 
              104 84 85 -1 
              98 91 97 -1 
              105 83 84 -1 
              99 90 98 -1 
              106 82 83 -1 
              100 89 99 -1 
              107 81 82 -1 
              101 88 100 -1 
              108 80 81 -1 
              102 87 101 -1 
              109 79 80 -1 
              103 86 102 -1 
              110 78 79 -1 
              104 85 103 -1 
              105 84 104 -1 
              111 77 78 -1 
              106 83 105 -1 
              112 76 77 -1 
              107 82 106 -1 
              108 81 107 -1 
              109 80 108 -1 
              110 79 109 -1 
              111 78 110 -1 
              112 77 111 -1 
              113 76 112 -1 
              146 118 119 -1 
              145 119 120 -1 
              144 120 121 -1 
              143 121 122 -1 
              142 122 123 -1 
              141 123 124 -1 
              140 124 125 -1 
              139 125 126 -1 
              138 126 127 -1 
              137 127 128 -1 
              136 128 129 -1 
              135 129 130 -1 
              134 130 131 -1 
              133 131 132 -1 
              147 117 118 -1 
              134 131 133 -1 
              148 116 117 -1 
              135 130 134 -1 
              149 115 116 -1 
              136 129 135 -1 
              150 114 115 -1 
              137 128 136 -1 
              138 127 137 -1 
              139 126 138 -1 
              140 125 139 -1 
              141 124 140 -1 
              142 123 141 -1 
              143 122 142 -1 
              144 121 143 -1 
              145 120 144 -1 
              146 119 145 -1 
              147 118 146 -1 
              148 117 147 -1 
              149 116 148 -1 
              150 115 149 -1 
              151 114 150 -1 
              172 153 152 -1 
              172 154 153 -1 
              172 155 154 -1 
              172 156 155 -1 
              172 157 156 -1 
              172 158 157 -1 
              172 159 158 -1 
              172 160 159 -1 
              172 161 160 -1 
              171 162 161 -1 
              165 164 171 -1 
              166 165 171 -1 
              167 166 171 -1 
              168 167 171 -1 
              169 168 171 -1 
              170 169 171 -1 
              171 163 162 -1 
              171 164 163 -1 
              195 187 188 -1 
              194 188 189 -1 
              193 189 190 -1 
              192 190 191 -1 
              196 186 187 -1 
              193 190 192 -1 
              197 185 186 -1 
              194 189 193 -1 
              198 184 185 -1 
              195 188 194 -1 
              199 183 184 -1 
              196 187 195 -1 
              200 182 183 -1 
              197 186 196 -1 
              201 181 182 -1 
              198 185 197 -1 
              202 180 181 -1 
              199 184 198 -1 
              203 179 180 -1 
              200 183 199 -1 
              204 178 179 -1 
              201 182 200 -1 
              202 181 201 -1 
              205 177 178 -1 
              203 180 202 -1 
              206 176 177 -1 
              204 179 203 -1 
              207 175 176 -1 
              205 178 204 -1 
              208 174 175 -1 
              206 177 205 -1 
              209 173 174 -1 
              207 176 206 -1 
              208 175 207 -1 
              209 174 208 -1 
              210 173 209 -1 
              213 212 211 -1 
              248 213 211 -1 
              247 214 213 -1 
              246 215 214 -1 
              245 216 215 -1 
              244 217 216 -1 
              243 218 217 -1 
              242 219 218 -1 
              241 220 219 -1 
              240 221 220 -1 
              239 222 221 -1 
              238 223 222 -1 
              237 224 223 -1 
              236 225 224 -1 
              235 226 225 -1 
              234 227 226 -1 
              233 228 227 -1 
              232 229 228 -1 
              231 230 229 -1 
              232 231 229 -1 
              233 232 228 -1 
              234 233 227 -1 
              235 234 226 -1 
              236 235 225 -1 
              237 236 224 -1 
              238 237 223 -1 
              239 238 222 -1 
              240 239 221 -1 
              241 240 220 -1 
              242 241 219 -1 
              243 242 218 -1 
              244 243 217 -1 
              245 244 216 -1 
              246 245 215 -1 
              247 246 214 -1 
              248 247 213 -1 
              272 262 263 -1 
              271 263 264 -1 
              270 264 265 -1 
              269 265 266 -1 
              268 266 267 -1 
              273 261 262 -1 
              269 266 268 -1 
              274 260 261 -1 
              270 265 269 -1 
              275 259 260 -1 
              271 264 270 -1 
              272 263 271 -1 
              276 258 259 -1 
              273 262 272 -1 
              277 257 258 -1 
              274 261 273 -1 
              278 256 257 -1 
              275 260 274 -1 
              279 255 256 -1 
              276 259 275 -1 
              280 254 255 -1 
              277 258 276 -1 
              281 253 254 -1 
              278 257 277 -1 
              282 252 253 -1 
              279 256 278 -1 
              283 251 252 -1 
              280 255 279 -1 
              284 250 251 -1 
              281 254 280 -1 
              285 249 250 -1 
              282 253 281 -1 
              283 252 282 -1 
              284 251 283 -1 
              285 250 284 -1 
              286 249 285 -1 
              289 288 287 -1 
              324 289 287 -1 
              323 290 289 -1 
              322 291 290 -1 
              321 292 291 -1 
              320 293 292 -1 
              319 294 293 -1 
              318 295 294 -1 
              317 296 295 -1 
              316 297 296 -1 
              315 298 297 -1 
              314 299 298 -1 
              313 300 299 -1 
              312 301 300 -1 
              311 302 301 -1 
              310 303 302 -1 
              305 304 308 -1 
              306 305 307 -1 
              309 304 303 -1 
              308 307 305 -1 
              309 308 304 -1 
              310 309 303 -1 
              311 310 302 -1 
              312 311 301 -1 
              313 312 300 -1 
              314 313 299 -1 
              315 314 298 -1 
              316 315 297 -1 
              317 316 296 -1 
              318 317 295 -1 
              319 318 294 -1 
              320 319 293 -1 
              321 320 292 -1 
              322 321 291 -1 
              323 322 290 -1 
              324 323 289 -1 
              358 328 329 -1 
              357 329 330 -1 
              356 330 331 -1 
              355 331 332 -1 
              354 332 333 -1 
              353 333 334 -1 
              352 334 335 -1 
              351 335 336 -1 
              350 336 337 -1 
              349 337 338 -1 
              348 338 339 -1 
              347 339 340 -1 
              346 340 341 -1 
              345 341 342 -1 
              344 342 343 -1 
              359 327 328 -1 
              345 342 344 -1 
              360 326 327 -1 
              346 341 345 -1 
              361 325 326 -1 
              347 340 346 -1 
              348 339 347 -1 
              349 338 348 -1 
              350 337 349 -1 
              351 336 350 -1 
              352 335 351 -1 
              353 334 352 -1 
              354 333 353 -1 
              355 332 354 -1 
              356 331 355 -1 
              357 330 356 -1 
              358 329 357 -1 
              359 328 358 -1 
              360 327 359 -1 
              361 326 360 -1 
              362 325 361 -1 
              365 364 363 -1 
              400 365 363 -1 
              399 366 365 -1 
              398 367 366 -1 
              397 368 367 -1 
              396 369 368 -1 
              395 370 369 -1 
              394 371 370 -1 
              393 372 371 -1 
              392 373 372 -1 
              391 374 373 -1 
              390 375 374 -1 
              389 376 375 -1 
              388 377 376 -1 
              387 378 377 -1 
              386 379 378 -1 
              381 380 384 -1 
              382 381 383 -1 
              385 380 379 -1 
              384 383 381 -1 
              385 384 380 -1 
              386 385 379 -1 
              387 386 378 -1 
              388 387 377 -1 
              389 388 376 -1 
              390 389 375 -1 
              391 390 374 -1 
              392 391 373 -1 
              393 392 372 -1 
              394 393 371 -1 
              395 394 370 -1 
              396 395 369 -1 
              397 396 368 -1 
              398 397 367 -1 
              399 398 366 -1 
              400 399 365 -1 
              438 401 402 -1 
              437 402 403 -1 
              436 403 404 -1 
              435 404 405 -1 
              434 405 406 -1 
              433 406 407 -1 
              432 407 408 -1 
              431 408 409 -1 
              430 409 410 -1 
              429 410 411 -1 
              428 411 412 -1 
              427 412 413 -1 
              426 413 414 -1 
              425 414 415 -1 
              424 415 416 -1 
              423 416 417 -1 
              422 417 418 -1 
              421 418 419 -1 
              421 419 420 -1 
              422 418 421 -1 
              423 417 422 -1 
              424 416 423 -1 
              425 415 424 -1 
              426 414 425 -1 
              427 413 426 -1 
              428 412 427 -1 
              429 411 428 -1 
              430 410 429 -1 
              431 409 430 -1 
              432 408 431 -1 
              433 407 432 -1 
              434 406 433 -1 
              435 405 434 -1 
              436 404 435 -1 
              437 403 436 -1 
              438 402 437 -1 
              439 401 438 -1 
              442 440 441 -1 
              477 442 476 -1 
              475 444 474 -1 
              473 446 472 -1 
              471 448 470 -1 
              469 450 468 -1 
              467 452 466 -1 
              465 454 464 -1 
              463 456 462 -1 
              461 458 460 -1 
              468 450 451 -1 
              467 451 452 -1 
              466 452 453 -1 
              465 453 454 -1 
              464 454 455 -1 
              463 455 456 -1 
              462 456 457 -1 
              459 460 458 -1 
              461 457 458 -1 
              462 457 461 -1 
              469 449 450 -1 
              464 455 463 -1 
              470 448 449 -1 
              466 453 465 -1 
              471 447 448 -1 
              468 451 467 -1 
              472 446 447 -1 
              470 449 469 -1 
              473 445 446 -1 
              472 447 471 -1 
              474 444 445 -1 
              474 445 473 -1 
              475 443 444 -1 
              476 443 475 -1 
              476 442 443 -1 
              477 440 442 -1 
              513 480 479 -1 
              512 481 480 -1 
              511 482 481 -1 
              510 483 482 -1 
              508 485 484 -1 
              507 486 485 -1 
              506 487 486 -1 
              505 488 487 -1 
              498 494 499 -1 
              502 491 490 -1 
              494 493 499 -1 
              495 494 498 -1 
              497 495 498 -1 
              497 496 495 -1 
              501 492 491 -1 
              500 493 492 -1 
              504 489 488 -1 
              503 490 489 -1 
              509 484 483 -1 
              500 499 493 -1 
              514 479 478 -1 
              501 500 492 -1 
              502 501 491 -1 
              503 502 490 -1 
              504 503 489 -1 
              505 504 488 -1 
              506 505 487 -1 
              507 506 486 -1 
              508 507 485 -1 
              509 508 484 -1 
              510 509 483 -1 
              511 510 482 -1 
              512 511 481 -1 
              513 512 480 -1 
              514 513 479 -1 
              515 514 478 -1 
              518 516 517 -1 
              553 518 552 -1 
              551 520 550 -1 
              549 522 548 -1 
              547 524 546 -1 
              545 526 544 -1 
              543 528 542 -1 
              541 530 540 -1 
              539 532 538 -1 
              537 534 536 -1 
              544 526 527 -1 
              543 527 528 -1 
              542 528 529 -1 
              541 529 530 -1 
              540 530 531 -1 
              539 531 532 -1 
              538 532 533 -1 
              537 533 534 -1 
              536 534 535 -1 
              538 533 537 -1 
              545 525 526 -1 
              540 531 539 -1 
              546 524 525 -1 
              542 529 541 -1 
              547 523 524 -1 
              544 527 543 -1 
              548 522 523 -1 
              546 525 545 -1 
              549 521 522 -1 
              548 523 547 -1 
              550 520 521 -1 
              550 521 549 -1 
              551 519 520 -1 
              552 519 551 -1 
              552 518 519 -1 
              553 516 518 -1 
              590 555 554 -1 
              589 556 555 -1 
              588 557 556 -1 
              587 558 557 -1 
              585 560 559 -1 
              584 561 560 -1 
              583 562 561 -1 
              582 563 562 -1 
              580 565 564 -1 
              579 566 565 -1 
              578 567 566 -1 
              570 569 575 -1 
              573 571 574 -1 
              574 571 570 -1 
              573 572 571 -1 
              577 568 567 -1 
              576 569 568 -1 
              581 564 563 -1 
              575 574 570 -1 
              586 559 558 -1 
              576 575 569 -1 
              577 576 568 -1 
              578 577 567 -1 
              579 578 566 -1 
              580 579 565 -1 
              581 580 564 -1 
              582 581 563 -1 
              583 582 562 -1 
              584 583 561 -1 
              585 584 560 -1 
              586 585 559 -1 
              587 586 558 -1 
              588 587 557 -1 
              589 588 556 -1 
              590 589 555 -1 
              591 590 554 -1 
              594 592 593 -1 
              629 594 628 -1 
              627 596 626 -1 
              625 598 624 -1 
              623 600 622 -1 
              621 602 620 -1 
              619 604 618 -1 
              618 604 605 -1 
              617 605 606 -1 
              616 606 607 -1 
              615 607 608 -1 
              614 608 609 -1 
              613 609 610 -1 
              612 610 611 -1 
              619 603 604 -1 
              613 610 612 -1 
              620 602 603 -1 
              614 609 613 -1 
              621 601 602 -1 
              615 608 614 -1 
              622 600 601 -1 
              616 607 615 -1 
              618 605 617 -1 
              617 606 616 -1 
              623 599 600 -1 
              620 603 619 -1 
              624 598 599 -1 
              622 601 621 -1 
              625 597 598 -1 
              624 599 623 -1 
              626 596 597 -1 
              626 597 625 -1 
              627 595 596 -1 
              628 595 627 -1 
              628 594 595 -1 
              629 592 594 -1 
              631 630 666 -1 
              632 631 665 -1 
              633 632 664 -1 
              634 633 663 -1 
              635 634 662 -1 
              636 635 661 -1 
              637 636 660 -1 
              638 637 659 -1 
              639 638 658 -1 
              640 639 657 -1 
              641 640 656 -1 
              642 641 655 -1 
              643 642 654 -1 
              644 643 653 -1 
              645 644 652 -1 
              646 645 651 -1 
              647 646 650 -1 
              648 647 649 -1 
              650 649 647 -1 
              651 650 646 -1 
              652 651 645 -1 
              653 652 644 -1 
              654 653 643 -1 
              655 654 642 -1 
              656 655 641 -1 
              657 656 640 -1 
              658 657 639 -1 
              659 658 638 -1 
              660 659 637 -1 
              661 660 636 -1 
              662 661 635 -1 
              663 662 634 -1 
              664 663 633 -1 
              665 664 632 -1 
              666 665 631 -1 
              667 666 630 -1 
              670 668 669 -1 
              705 668 670 -1 
              704 670 671 -1 
              703 671 672 -1 
              702 672 673 -1 
              701 673 674 -1 
              693 681 682 -1 
              692 682 683 -1 
              691 683 684 -1 
              690 684 685 -1 
              689 685 686 -1 
              688 686 687 -1 
              694 680 681 -1 
              689 686 688 -1 
              695 679 680 -1 
              690 685 689 -1 
              696 678 679 -1 
              691 684 690 -1 
              697 677 678 -1 
              692 683 691 -1 
              698 676 677 -1 
              693 682 692 -1 
              699 675 676 -1 
              694 681 693 -1 
              700 674 675 -1 
              695 680 694 -1 
              696 679 695 -1 
              697 678 696 -1 
              698 677 697 -1 
              699 676 698 -1 
              700 675 699 -1 
              701 674 700 -1 
              702 673 701 -1 
              703 672 702 -1 
              704 671 703 -1 
              705 670 704 -1 
              707 706 726 -1 
              708 707 726 -1 
              709 708 726 -1 
              710 709 726 -1 
              711 710 726 -1 
              726 712 711 -1 
              726 713 712 -1 
              726 714 713 -1 
              726 715 714 -1 
              725 716 715 -1 
              725 717 716 -1 
              725 718 717 -1 
              725 719 718 -1 
              722 721 725 -1 
              723 722 725 -1 
              724 723 725 -1 
              725 720 719 -1 
              725 721 720 -1 
              729 727 728 -1 
              764 729 763 -1 
              762 731 761 -1 
              760 733 759 -1 
              758 735 757 -1 
              756 737 755 -1 
              754 739 753 -1 
              752 741 751 -1 
              750 743 749 -1 
              748 745 747 -1 
              755 737 738 -1 
              754 738 739 -1 
              753 739 740 -1 
              752 740 741 -1 
              751 741 742 -1 
              750 742 743 -1 
              749 743 744 -1 
              748 744 745 -1 
              747 745 746 -1 
              749 744 748 -1 
              756 736 737 -1 
              751 742 750 -1 
              757 735 736 -1 
              753 740 752 -1 
              758 734 735 -1 
              755 738 754 -1 
              759 733 734 -1 
              757 736 756 -1 
              760 732 733 -1 
              759 734 758 -1 
              761 731 732 -1 
              761 732 760 -1 
              762 730 731 -1 
              763 730 762 -1 
              763 729 730 -1 
              764 727 729 -1 
              767 765 766 -1 
              802 767 801 -1 
              800 769 799 -1 
              798 771 797 -1 
              796 773 795 -1 
              794 775 793 -1 
              792 777 791 -1 
              790 779 789 -1 
              788 781 787 -1 
              786 783 785 -1 
              793 775 776 -1 
              792 776 777 -1 
              791 777 778 -1 
              790 778 779 -1 
              789 779 780 -1 
              788 780 781 -1 
              787 781 782 -1 
              786 782 783 -1 
              785 783 784 -1 
              787 782 786 -1 
              794 774 775 -1 
              789 780 788 -1 
              795 773 774 -1 
              791 778 790 -1 
              796 772 773 -1 
              793 776 792 -1 
              797 771 772 -1 
              795 774 794 -1 
              798 770 771 -1 
              797 772 796 -1 
              799 769 770 -1 
              799 770 798 -1 
              800 768 769 -1 
              801 768 800 -1 
              801 767 768 -1 
              802 765 767 -1 
              805 803 804 -1 
              840 805 839 -1 
              838 807 837 -1 
              836 809 835 -1 
              834 811 833 -1 
              832 813 831 -1 
              830 815 829 -1 
              828 817 827 -1 
              826 819 825 -1 
              824 821 823 -1 
              831 813 814 -1 
              830 814 815 -1 
              829 815 816 -1 
              828 816 817 -1 
              827 817 818 -1 
              826 818 819 -1 
              825 819 820 -1 
              824 820 821 -1 
              823 821 822 -1 
              825 820 824 -1 
              832 812 813 -1 
              827 818 826 -1 
              833 811 812 -1 
              829 816 828 -1 
              834 810 811 -1 
              831 814 830 -1 
              835 809 810 -1 
              833 812 832 -1 
              836 808 809 -1 
              835 810 834 -1 
              837 807 808 -1 
              837 808 836 -1 
              838 806 807 -1 
              839 806 838 -1 
              839 805 806 -1 
              840 803 805 -1 
              843 841 842 -1 
              878 843 877 -1 
              876 845 875 -1 
              874 847 873 -1 
              872 849 871 -1 
              870 851 869 -1 
              868 853 867 -1 
              867 853 854 -1 
              866 854 855 -1 
              865 855 856 -1 
              864 856 857 -1 
              863 857 858 -1 
              862 858 859 -1 
              861 859 860 -1 
              868 852 853 -1 
              862 859 861 -1 
              869 851 852 -1 
              863 858 862 -1 
              870 850 851 -1 
              864 857 863 -1 
              871 849 850 -1 
              865 856 864 -1 
              867 854 866 -1 
              866 855 865 -1 
              872 848 849 -1 
              869 852 868 -1 
              873 847 848 -1 
              871 850 870 -1 
              874 846 847 -1 
              873 848 872 -1 
              875 845 846 -1 
              875 846 874 -1 
              876 844 845 -1 
              877 844 876 -1 
              877 843 844 -1 
              878 841 843 -1 
              987 957 880 -1 
              986 881 882 -1 
              989 951 952 -1 
              984 884 885 -1 
              981 888 889 -1 
              980 890 891 -1 
              976 896 975 -1 
              894 977 893 -1 
              975 896 897 -1 
              899 897 898 -1 
              975 897 899 -1 
              985 883 884 -1 
              976 895 896 -1 
              987 880 881 -1 
              894 895 977 -1 
              957 879 880 -1 
              892 979 891 -1 
              974 902 903 -1 
              909 971 908 -1 
              969 911 912 -1 
              969 912 913 -1 
              915 913 914 -1 
              969 913 915 -1 
              969 915 916 -1 
              911 969 970 -1 
              968 918 919 -1 
              971 907 908 -1 
              972 905 906 -1 
              966 922 923 -1 
              964 925 926 -1 
              983 885 886 -1 
              963 927 928 -1 
              929 930 962 -1 
              930 931 962 -1 
              931 932 961 -1 
              932 933 961 -1 
              992 945 946 -1 
              959 935 936 -1 
              959 936 937 -1 
              958 937 938 -1 
              958 938 939 -1 
              958 939 993 -1 
              993 940 941 -1 
              943 941 942 -1 
              993 941 943 -1 
              993 943 944 -1 
              993 945 992 -1 
              944 945 993 -1 
              992 946 947 -1 
              991 947 948 -1 
              948 949 991 -1 
              952 953 989 -1 
              987 955 956 -1 
              957 987 956 -1 
              960 933 934 -1 
              960 934 935 -1 
              963 928 929 -1 
              959 937 958 -1 
              964 926 927 -1 
              960 935 959 -1 
              965 924 925 -1 
              961 933 960 -1 
              965 923 924 -1 
              962 931 961 -1 
              966 921 922 -1 
              963 929 962 -1 
              967 920 921 -1 
              964 927 963 -1 
              967 919 920 -1 
              965 925 964 -1 
              968 917 918 -1 
              966 923 965 -1 
              969 916 917 -1 
              967 921 966 -1 
              968 919 967 -1 
              909 910 970 -1 
              969 917 968 -1 
              970 910 911 -1 
              972 906 907 -1 
              973 904 905 -1 
              971 909 970 -1 
              973 903 904 -1 
              972 907 971 -1 
              974 901 902 -1 
              973 905 972 -1 
              975 900 901 -1 
              974 903 973 -1 
              975 899 900 -1 
              975 901 974 -1 
              978 892 893 -1 
              980 889 890 -1 
              977 895 976 -1 
              982 887 888 -1 
              978 893 977 -1 
              982 886 887 -1 
              979 892 978 -1 
              980 891 979 -1 
              981 889 980 -1 
              982 888 981 -1 
              985 882 883 -1 
              983 886 982 -1 
              984 885 983 -1 
              985 884 984 -1 
              955 987 988 -1 
              986 882 985 -1 
              953 954 988 -1 
              987 881 986 -1 
              988 954 955 -1 
              990 950 951 -1 
              990 949 950 -1 
              989 953 988 -1 
              990 951 989 -1 
              991 949 990 -1 
              992 947 991 -1 
              993 939 940 -1 
              975 974 976 -1 
              994 976 974 -1 
              976 994 977 -1 
              995 977 994 -1 
              977 995 978 -1 
              996 978 995 -1 
              978 996 979 -1 
              997 979 996 -1 
              979 997 980 -1 
              998 980 997 -1 
              980 998 981 -1 
              999 981 998 -1 
              974 973 994 -1 
              1000 994 973 -1 
              994 1000 995 -1 
              1001 995 1000 -1 
              973 972 1000 -1 
              1002 1000 972 -1 
              1000 1002 1001 -1 
              1003 1001 1002 -1 
              995 1001 996 -1 
              1004 996 1001 -1 
              996 1004 997 -1 
              1005 997 1004 -1 
              997 1005 998 -1 
              1006 998 1005 -1 
              998 1006 999 -1 
              1007 999 1006 -1 
              1001 1003 1004 -1 
              1008 1004 1003 -1 
              1004 1008 1005 -1 
              1009 1005 1008 -1 
              1005 1009 1006 -1 
              1010 1006 1009 -1 
              1006 1010 1007 -1 
              1011 1007 1010 -1 
              981 999 982 -1 
              1012 982 999 -1 
              982 1012 983 -1 
              1013 983 1012 -1 
              983 1013 984 -1 
              1014 984 1013 -1 
              984 1014 985 -1 
              1015 985 1014 -1 
              985 1015 986 -1 
              1016 986 1015 -1 
              986 1016 987 -1 
              988 987 1016 -1 
              999 1007 1012 -1 
              1017 1012 1007 -1 
              1012 1017 1013 -1 
              1018 1013 1017 -1 
              1013 1018 1014 -1 
              1019 1014 1018 -1 
              1014 1019 1015 -1 
              1020 1015 1019 -1 
              1007 1011 1017 -1 
              1021 1017 1011 -1 
              1017 1021 1018 -1 
              1022 1018 1021 -1 
              1018 1022 1019 -1 
              1023 1019 1022 -1 
              1019 1023 1020 -1 
              1024 1020 1023 -1 
              1015 1020 1016 -1 
              1025 1016 1020 -1 
              1016 1025 988 -1 
              989 988 1025 -1 
              1020 1024 1025 -1 
              1026 1025 1024 -1 
              1025 1026 989 -1 
              990 989 1026 -1 
              972 971 1002 -1 
              1027 1002 971 -1 
              1002 1027 1003 -1 
              1028 1003 1027 -1 
              971 970 1027 -1 
              1029 1027 970 -1 
              1027 1029 1028 -1 
              1030 1028 1029 -1 
              1003 1028 1008 -1 
              1031 1008 1028 -1 
              1008 1031 1009 -1 
              1032 1009 1031 -1 
              1009 1032 1010 -1 
              1033 1010 1032 -1 
              1010 1033 1011 -1 
              1034 1011 1033 -1 
              1028 1030 1031 -1 
              1035 1031 1030 -1 
              1031 1035 1032 -1 
              1036 1032 1035 -1 
              1032 1036 1033 -1 
              1037 1033 1036 -1 
              1033 1037 1034 -1 
              1038 1034 1037 -1 
              970 969 1029 -1 
              968 1029 969 -1 
              1029 968 1030 -1 
              967 1030 968 -1 
              1030 967 1035 -1 
              966 1035 967 -1 
              1035 966 1036 -1 
              965 1036 966 -1 
              1036 965 1037 -1 
              964 1037 965 -1 
              1037 964 1038 -1 
              963 1038 964 -1 
              1011 1034 1021 -1 
              1039 1021 1034 -1 
              1021 1039 1022 -1 
              1040 1022 1039 -1 
              1022 1040 1023 -1 
              1041 1023 1040 -1 
              1023 1041 1024 -1 
              1042 1024 1041 -1 
              1034 1038 1039 -1 
              1043 1039 1038 -1 
              1039 1043 1040 -1 
              1044 1040 1043 -1 
              1040 1044 1041 -1 
              1045 1041 1044 -1 
              1041 1045 1042 -1 
              1046 1042 1045 -1 
              1024 1042 1026 -1 
              1047 1026 1042 -1 
              1026 1047 990 -1 
              991 990 1047 -1 
              1042 1046 1047 -1 
              1048 1047 1046 -1 
              1047 1048 991 -1 
              992 991 1048 -1 
              1038 963 1043 -1 
              962 1043 963 -1 
              1043 962 1044 -1 
              961 1044 962 -1 
              1044 961 1045 -1 
              960 1045 961 -1 
              1045 960 1046 -1 
              959 1046 960 -1 
              1046 959 1048 -1 
              958 1048 959 -1 
              1048 958 992 -1 
              993 992 958 -1 
              1125 1051 1050 -1 
              1123 1052 1051 -1 
              1134 1133 1081 -1 
              1087 1075 1074 -1 
              1086 1076 1075 -1 
              1140 1077 1076 -1 
              1139 1078 1077 -1 
              1125 1124 1051 -1 
              1085 1140 1076 -1 
              1089 1074 1073 -1 
              1086 1085 1076 -1 
              1091 1073 1072 -1 
              1087 1086 1075 -1 
              1088 1087 1074 -1 
              1092 1072 1071 -1 
              1089 1088 1074 -1 
              1090 1089 1073 -1 
              1094 1071 1070 -1 
              1091 1090 1073 -1 
              1095 1070 1069 -1 
              1092 1091 1072 -1 
              1093 1092 1071 -1 
              1097 1069 1068 -1 
              1094 1093 1071 -1 
              1098 1068 1067 -1 
              1095 1094 1070 -1 
              1100 1067 1066 -1 
              1096 1095 1069 -1 
              1101 1066 1065 -1 
              1097 1096 1069 -1 
              1098 1097 1068 -1 
              1103 1065 1064 -1 
              1099 1098 1067 -1 
              1104 1064 1063 -1 
              1100 1099 1067 -1 
              1101 1100 1066 -1 
              1106 1063 1062 -1 
              1102 1101 1065 -1 
              1107 1062 1061 -1 
              1103 1102 1065 -1 
              1104 1103 1064 -1 
              1109 1061 1060 -1 
              1105 1104 1063 -1 
              1111 1060 1059 -1 
              1106 1105 1063 -1 
              1107 1106 1062 -1 
              1112 1059 1058 -1 
              1108 1107 1061 -1 
              1109 1108 1061 -1 
              1114 1058 1057 -1 
              1110 1109 1060 -1 
              1111 1110 1060 -1 
              1115 1057 1056 -1 
              1112 1111 1059 -1 
              1117 1056 1055 -1 
              1113 1112 1058 -1 
              1119 1055 1054 -1 
              1114 1113 1058 -1 
              1120 1054 1053 -1 
              1115 1114 1057 -1 
              1116 1115 1056 -1 
              1122 1053 1052 -1 
              1117 1116 1056 -1 
              1118 1117 1055 -1 
              1119 1118 1055 -1 
              1120 1119 1054 -1 
              1121 1120 1053 -1 
              1122 1121 1053 -1 
              1126 1050 1049 -1 
              1123 1122 1052 -1 
              1128 1049 1084 -1 
              1124 1123 1051 -1 
              1129 1084 1083 -1 
              1126 1125 1050 -1 
              1131 1083 1082 -1 
              1127 1126 1049 -1 
              1128 1127 1049 -1 
              1132 1082 1081 -1 
              1129 1128 1084 -1 
              1134 1081 1080 -1 
              1130 1129 1083 -1 
              1131 1130 1083 -1 
              1135 1080 1079 -1 
              1132 1131 1082 -1 
              1137 1079 1078 -1 
              1133 1132 1081 -1 
              1135 1134 1080 -1 
              1136 1135 1079 -1 
              1137 1136 1079 -1 
              1138 1137 1078 -1 
              1139 1138 1078 -1 
              1140 1139 1077 -1 
              1189 1146 1190 -1 
              1212 1160 1177 -1 
              1160 1159 1177 -1 
              1211 1160 1212 -1 
              1199 1172 1200 -1 
              1196 1195 1176 -1 
              1177 1158 1178 -1 
              1177 1159 1158 -1 
              1178 1157 1179 -1 
              1178 1158 1157 -1 
              1179 1156 1180 -1 
              1179 1157 1156 -1 
              1180 1155 1181 -1 
              1180 1156 1155 -1 
              1181 1154 1182 -1 
              1181 1155 1154 -1 
              1182 1154 1153 -1 
              1183 1153 1152 -1 
              1183 1182 1153 -1 
              1184 1152 1151 -1 
              1184 1183 1152 -1 
              1185 1151 1150 -1 
              1185 1184 1151 -1 
              1186 1150 1149 -1 
              1186 1185 1150 -1 
              1187 1149 1148 -1 
              1187 1186 1149 -1 
              1188 1148 1147 -1 
              1188 1187 1148 -1 
              1189 1147 1146 -1 
              1189 1188 1147 -1 
              1190 1145 1191 -1 
              1190 1146 1145 -1 
              1191 1144 1192 -1 
              1191 1145 1144 -1 
              1192 1143 1193 -1 
              1192 1144 1143 -1 
              1193 1142 1194 -1 
              1193 1143 1142 -1 
              1194 1142 1141 -1 
              1195 1141 1176 -1 
              1195 1194 1141 -1 
              1196 1176 1175 -1 
              1197 1175 1174 -1 
              1197 1196 1175 -1 
              1198 1174 1173 -1 
              1198 1197 1174 -1 
              1199 1173 1172 -1 
              1199 1198 1173 -1 
              1200 1171 1201 -1 
              1200 1172 1171 -1 
              1201 1170 1202 -1 
              1201 1171 1170 -1 
              1202 1169 1203 -1 
              1202 1170 1169 -1 
              1203 1168 1204 -1 
              1203 1169 1168 -1 
              1204 1167 1205 -1 
              1204 1168 1167 -1 
              1205 1167 1166 -1 
              1206 1166 1165 -1 
              1206 1205 1166 -1 
              1207 1165 1164 -1 
              1207 1206 1165 -1 
              1208 1164 1163 -1 
              1208 1207 1164 -1 
              1209 1163 1162 -1 
              1209 1208 1163 -1 
              1210 1162 1161 -1 
              1210 1209 1162 -1 
              1211 1161 1160 -1 
              1211 1210 1161 -1 
              1290 1214 1326 -1 
              1216 1326 1215 -1 
              1323 1222 1322 -1 
              1224 1322 1223 -1 
              1224 1225 1321 -1 
              1320 1227 1228 -1 
              1230 1228 1229 -1 
              1220 1324 1219 -1 
              1320 1231 1319 -1 
              1293 1282 1283 -1 
              1226 1320 1321 -1 
              1326 1288 1289 -1 
              1323 1221 1222 -1 
              1290 1213 1214 -1 
              1314 1238 1239 -1 
              1312 1240 1241 -1 
              1309 1245 1308 -1 
              1309 1244 1245 -1 
              1248 1246 1247 -1 
              1308 1246 1248 -1 
              1308 1248 1249 -1 
              1243 1244 1310 -1 
              1242 1311 1241 -1 
              1307 1251 1252 -1 
              1236 1237 1315 -1 
              1258 1304 1257 -1 
              1258 1259 1303 -1 
              1302 1261 1262 -1 
              1264 1262 1263 -1 
              1302 1262 1264 -1 
              1301 1268 1300 -1 
              1260 1302 1303 -1 
              1301 1267 1268 -1 
              1305 1255 1256 -1 
              1305 1254 1255 -1 
              1299 1271 1272 -1 
              1297 1274 1275 -1 
              1296 1276 1277 -1 
              1295 1278 1279 -1 
              1295 1279 1280 -1 
              1294 1280 1281 -1 
              1294 1281 1282 -1 
              1293 1283 1284 -1 
              1285 1292 1284 -1 
              1286 1292 1285 -1 
              1287 1291 1286 -1 
              1288 1291 1287 -1 
              1326 1291 1288 -1 
              1290 1326 1289 -1 
              1325 1216 1217 -1 
              1325 1217 1218 -1 
              1296 1277 1278 -1 
              1292 1286 1291 -1 
              1297 1275 1276 -1 
              1293 1284 1292 -1 
              1298 1273 1274 -1 
              1294 1282 1293 -1 
              1298 1272 1273 -1 
              1295 1280 1294 -1 
              1299 1270 1271 -1 
              1296 1278 1295 -1 
              1300 1269 1270 -1 
              1297 1276 1296 -1 
              1300 1268 1269 -1 
              1298 1274 1297 -1 
              1301 1266 1267 -1 
              1299 1272 1298 -1 
              1302 1265 1266 -1 
              1300 1270 1299 -1 
              1303 1259 1260 -1 
              1302 1266 1301 -1 
              1302 1260 1261 -1 
              1302 1264 1265 -1 
              1304 1256 1257 -1 
              1306 1253 1254 -1 
              1304 1258 1303 -1 
              1306 1252 1253 -1 
              1305 1256 1304 -1 
              1307 1250 1251 -1 
              1306 1254 1305 -1 
              1308 1249 1250 -1 
              1307 1252 1306 -1 
              1308 1245 1246 -1 
              1308 1250 1307 -1 
              1311 1242 1243 -1 
              1313 1239 1240 -1 
              1310 1244 1309 -1 
              1314 1237 1238 -1 
              1311 1243 1310 -1 
              1316 1235 1236 -1 
              1312 1241 1311 -1 
              1317 1234 1235 -1 
              1313 1240 1312 -1 
              1317 1233 1234 -1 
              1314 1239 1313 -1 
              1318 1232 1233 -1 
              1315 1237 1314 -1 
              1316 1236 1315 -1 
              1319 1231 1232 -1 
              1317 1235 1316 -1 
              1319 1232 1318 -1 
              1318 1233 1317 -1 
              1321 1225 1226 -1 
              1320 1230 1231 -1 
              1320 1226 1227 -1 
              1320 1228 1230 -1 
              1322 1222 1223 -1 
              1323 1220 1221 -1 
              1322 1224 1321 -1 
              1324 1218 1219 -1 
              1324 1220 1323 -1 
              1325 1218 1324 -1 
              1326 1214 1215 -1 
              1326 1216 1325 -1 
              1308 1307 1309 -1 
              1327 1309 1307 -1 
              1309 1327 1310 -1 
              1328 1310 1327 -1 
              1310 1328 1311 -1 
              1329 1311 1328 -1 
              1311 1329 1312 -1 
              1330 1312 1329 -1 
              1312 1330 1313 -1 
              1331 1313 1330 -1 
              1313 1331 1314 -1 
              1332 1314 1331 -1 
              1307 1306 1327 -1 
              1333 1327 1306 -1 
              1327 1333 1328 -1 
              1334 1328 1333 -1 
              1306 1305 1333 -1 
              1335 1333 1305 -1 
              1333 1335 1334 -1 
              1336 1334 1335 -1 
              1328 1334 1329 -1 
              1337 1329 1334 -1 
              1329 1337 1330 -1 
              1338 1330 1337 -1 
              1330 1338 1331 -1 
              1339 1331 1338 -1 
              1331 1339 1332 -1 
              1340 1332 1339 -1 
              1334 1336 1337 -1 
              1341 1337 1336 -1 
              1337 1341 1338 -1 
              1342 1338 1341 -1 
              1338 1342 1339 -1 
              1343 1339 1342 -1 
              1339 1343 1340 -1 
              1344 1340 1343 -1 
              1314 1332 1315 -1 
              1345 1315 1332 -1 
              1315 1345 1316 -1 
              1346 1316 1345 -1 
              1316 1346 1317 -1 
              1347 1317 1346 -1 
              1317 1347 1318 -1 
              1348 1318 1347 -1 
              1318 1348 1319 -1 
              1349 1319 1348 -1 
              1319 1349 1320 -1 
              1321 1320 1349 -1 
              1332 1340 1345 -1 
              1350 1345 1340 -1 
              1345 1350 1346 -1 
              1351 1346 1350 -1 
              1346 1351 1347 -1 
              1352 1347 1351 -1 
              1347 1352 1348 -1 
              1353 1348 1352 -1 
              1340 1344 1350 -1 
              1354 1350 1344 -1 
              1350 1354 1351 -1 
              1355 1351 1354 -1 
              1351 1355 1352 -1 
              1356 1352 1355 -1 
              1352 1356 1353 -1 
              1357 1353 1356 -1 
              1348 1353 1349 -1 
              1358 1349 1353 -1 
              1349 1358 1321 -1 
              1322 1321 1358 -1 
              1353 1357 1358 -1 
              1359 1358 1357 -1 
              1358 1359 1322 -1 
              1323 1322 1359 -1 
              1305 1304 1335 -1 
              1360 1335 1304 -1 
              1335 1360 1336 -1 
              1361 1336 1360 -1 
              1304 1303 1360 -1 
              1362 1360 1303 -1 
              1360 1362 1361 -1 
              1363 1361 1362 -1 
              1336 1361 1341 -1 
              1364 1341 1361 -1 
              1341 1364 1342 -1 
              1365 1342 1364 -1 
              1342 1365 1343 -1 
              1366 1343 1365 -1 
              1343 1366 1344 -1 
              1367 1344 1366 -1 
              1361 1363 1364 -1 
              1368 1364 1363 -1 
              1364 1368 1365 -1 
              1369 1365 1368 -1 
              1365 1369 1366 -1 
              1370 1366 1369 -1 
              1366 1370 1367 -1 
              1371 1367 1370 -1 
              1303 1302 1362 -1 
              1301 1362 1302 -1 
              1362 1301 1363 -1 
              1300 1363 1301 -1 
              1363 1300 1368 -1 
              1299 1368 1300 -1 
              1368 1299 1369 -1 
              1298 1369 1299 -1 
              1369 1298 1370 -1 
              1297 1370 1298 -1 
              1370 1297 1371 -1 
              1296 1371 1297 -1 
              1344 1367 1354 -1 
              1372 1354 1367 -1 
              1354 1372 1355 -1 
              1373 1355 1372 -1 
              1355 1373 1356 -1 
              1374 1356 1373 -1 
              1356 1374 1357 -1 
              1375 1357 1374 -1 
              1367 1371 1372 -1 
              1376 1372 1371 -1 
              1372 1376 1373 -1 
              1377 1373 1376 -1 
              1373 1377 1374 -1 
              1378 1374 1377 -1 
              1374 1378 1375 -1 
              1379 1375 1378 -1 
              1357 1375 1359 -1 
              1380 1359 1375 -1 
              1359 1380 1323 -1 
              1324 1323 1380 -1 
              1375 1379 1380 -1 
              1381 1380 1379 -1 
              1380 1381 1324 -1 
              1325 1324 1381 -1 
              1371 1296 1376 -1 
              1295 1376 1296 -1 
              1376 1295 1377 -1 
              1294 1377 1295 -1 
              1377 1294 1378 -1 
              1293 1378 1294 -1 
              1378 1293 1379 -1 
              1292 1379 1293 -1 
              1379 1292 1381 -1 
              1291 1381 1292 -1 
              1381 1291 1325 -1 
              1326 1325 1291 -1 
              1424 1385 1384 -1 
              1453 1452 1392 -1 
              1392 1391 1418 -1 
              1453 1392 1418 -1 
              1445 1399 1446 -1 
              1440 1404 1441 -1 
              1430 1414 1431 -1 
              1428 1427 1417 -1 
              1418 1390 1419 -1 
              1418 1391 1390 -1 
              1420 1389 1388 -1 
              1419 1390 1389 -1 
              1421 1388 1387 -1 
              1420 1419 1389 -1 
              1422 1387 1386 -1 
              1421 1420 1388 -1 
              1423 1386 1385 -1 
              1422 1421 1387 -1 
              1423 1422 1386 -1 
              1424 1423 1385 -1 
              1425 1384 1383 -1 
              1425 1424 1384 -1 
              1426 1383 1382 -1 
              1426 1425 1383 -1 
              1427 1382 1417 -1 
              1427 1426 1382 -1 
              1428 1417 1416 -1 
              1429 1416 1415 -1 
              1429 1428 1416 -1 
              1430 1415 1414 -1 
              1430 1429 1415 -1 
              1431 1413 1432 -1 
              1431 1414 1413 -1 
              1432 1412 1433 -1 
              1432 1413 1412 -1 
              1433 1411 1434 -1 
              1433 1412 1411 -1 
              1434 1411 1410 -1 
              1435 1410 1409 -1 
              1435 1434 1410 -1 
              1436 1409 1408 -1 
              1436 1435 1409 -1 
              1437 1408 1407 -1 
              1437 1436 1408 -1 
              1438 1407 1406 -1 
              1438 1437 1407 -1 
              1439 1406 1405 -1 
              1439 1438 1406 -1 
              1440 1405 1404 -1 
              1440 1439 1405 -1 
              1441 1403 1442 -1 
              1441 1404 1403 -1 
              1442 1402 1443 -1 
              1442 1403 1402 -1 
              1443 1401 1444 -1 
              1443 1402 1401 -1 
              1444 1400 1445 -1 
              1444 1401 1400 -1 
              1446 1399 1398 -1 
              1445 1400 1399 -1 
              1447 1398 1397 -1 
              1448 1397 1396 -1 
              1447 1446 1398 -1 
              1448 1447 1397 -1 
              1449 1396 1395 -1 
              1449 1448 1396 -1 
              1450 1395 1394 -1 
              1450 1449 1395 -1 
              1451 1394 1393 -1 
              1451 1450 1394 -1 
              1452 1393 1392 -1 
              1452 1451 1393 -1 
              1515 1456 1455 -1 
              1508 1463 1462 -1 
              1503 1468 1467 -1 
              1497 1474 1473 -1 
              1496 1475 1474 -1 
              1492 1479 1478 -1 
              1522 1521 1485 -1 
              1482 1481 1490 -1 
              1525 1482 1490 -1 
              1524 1483 1482 -1 
              1516 1515 1455 -1 
              1491 1480 1479 -1 
              1490 1481 1480 -1 
              1493 1478 1477 -1 
              1491 1490 1480 -1 
              1494 1477 1476 -1 
              1492 1491 1479 -1 
              1495 1476 1475 -1 
              1493 1492 1478 -1 
              1494 1493 1477 -1 
              1495 1494 1476 -1 
              1498 1473 1472 -1 
              1496 1495 1475 -1 
              1499 1472 1471 -1 
              1497 1496 1474 -1 
              1500 1471 1470 -1 
              1498 1497 1473 -1 
              1501 1470 1469 -1 
              1499 1498 1472 -1 
              1500 1499 1471 -1 
              1502 1469 1468 -1 
              1501 1500 1470 -1 
              1504 1467 1466 -1 
              1502 1501 1469 -1 
              1505 1466 1465 -1 
              1503 1502 1468 -1 
              1506 1465 1464 -1 
              1504 1503 1467 -1 
              1507 1464 1463 -1 
              1505 1504 1466 -1 
              1506 1505 1465 -1 
              1509 1462 1461 -1 
              1507 1506 1464 -1 
              1508 1507 1463 -1 
              1510 1461 1460 -1 
              1509 1508 1462 -1 
              1511 1460 1459 -1 
              1510 1509 1461 -1 
              1512 1459 1458 -1 
              1511 1510 1460 -1 
              1513 1458 1457 -1 
              1512 1511 1459 -1 
              1514 1457 1456 -1 
              1513 1512 1458 -1 
              1516 1455 1454 -1 
              1514 1513 1457 -1 
              1517 1454 1489 -1 
              1515 1514 1456 -1 
              1518 1489 1488 -1 
              1519 1488 1487 -1 
              1517 1516 1454 -1 
              1520 1487 1486 -1 
              1518 1517 1489 -1 
              1521 1486 1485 -1 
              1519 1518 1488 -1 
              1522 1485 1484 -1 
              1520 1519 1487 -1 
              1523 1484 1483 -1 
              1521 1520 1486 -1 
              1523 1522 1484 -1 
              1524 1523 1483 -1 
              1525 1524 1482 -1 
              1580 1526 1561 -1 
              1577 1529 1528 -1 
              1571 1535 1534 -1 
              1570 1536 1535 -1 
              1569 1537 1536 -1 
              1568 1538 1537 -1 
              1567 1539 1538 -1 
              1589 1588 1553 -1 
              1542 1541 1564 -1 
              1543 1542 1563 -1 
              1544 1543 1562 -1 
              1545 1544 1562 -1 
              1597 1545 1562 -1 
              1596 1546 1545 -1 
              1595 1547 1546 -1 
              1594 1548 1547 -1 
              1593 1549 1548 -1 
              1592 1550 1549 -1 
              1585 1556 1586 -1 
              1589 1553 1552 -1 
              1561 1560 1581 -1 
              1582 1560 1559 -1 
              1566 1540 1539 -1 
              1565 1541 1540 -1 
              1563 1562 1543 -1 
              1564 1563 1542 -1 
              1565 1564 1541 -1 
              1566 1565 1540 -1 
              1567 1566 1539 -1 
              1572 1534 1533 -1 
              1568 1567 1538 -1 
              1573 1533 1532 -1 
              1569 1568 1537 -1 
              1574 1532 1531 -1 
              1570 1569 1536 -1 
              1575 1531 1530 -1 
              1571 1570 1535 -1 
              1576 1530 1529 -1 
              1572 1571 1534 -1 
              1578 1528 1527 -1 
              1573 1572 1533 -1 
              1579 1527 1526 -1 
              1574 1573 1532 -1 
              1575 1574 1531 -1 
              1576 1575 1530 -1 
              1577 1576 1529 -1 
              1578 1577 1528 -1 
              1583 1559 1558 -1 
              1579 1578 1527 -1 
              1584 1558 1557 -1 
              1580 1579 1526 -1 
              1585 1557 1556 -1 
              1581 1580 1561 -1 
              1586 1556 1555 -1 
              1582 1581 1560 -1 
              1587 1555 1554 -1 
              1583 1582 1559 -1 
              1588 1554 1553 -1 
              1584 1583 1558 -1 
              1590 1552 1551 -1 
              1585 1584 1557 -1 
              1591 1551 1550 -1 
              1587 1586 1555 -1 
              1588 1587 1554 -1 
              1590 1589 1552 -1 
              1591 1590 1551 -1 
              1592 1591 1550 -1 
              1593 1592 1549 -1 
              1594 1593 1548 -1 
              1595 1594 1547 -1 
              1596 1595 1546 -1 
              1597 1596 1545 -1 
              1600 1599 1598 -1 
              1601 1600 1598 -1 
              1602 1601 1598 -1 
              1603 1602 1598 -1 
              1604 1603 1598 -1 
              1605 1604 1598 -1 
              1606 1605 1598 -1 
              1607 1606 1598 -1 
              1608 1607 1598 -1 
              1609 1608 1598 -1 
              1610 1609 1598 -1 
              1611 1610 1598 -1 
              1612 1611 1598 -1 
              1613 1612 1598 -1 
              1614 1613 1598 -1 
              1615 1614 1598 -1 
              1616 1615 1598 -1 
              1617 1616 1598 -1 
              1618 1617 1598 -1 
              1619 1618 1598 -1 
              1620 1619 1598 -1 
              1621 1620 1598 -1 
              1622 1621 1598 -1 
              1623 1622 1598 -1 
              1624 1623 1598 -1 
              1625 1624 1598 -1 
              1626 1625 1598 -1 
              1627 1626 1598 -1 
              1628 1627 1598 -1 
              1629 1628 1598 -1 
              1630 1629 1598 -1 
              1631 1630 1598 -1 
              1632 1631 1598 -1 
              1633 1632 1598 -1 
            ]
          }
        }
      ]
    }
  ]
}
