time, current, power, resistance
0.0028781890869140625, 0.0, 0.0, 2584.647
2.002985715866089, 0.0, 0.0, 2584.708
4.003082275390625, 0.0, 0.0, 2584.749
6.003183364868164, 0.0, 0.0, 2584.816
8.00329303741455, 0.0, 0.0, 2584.865
10.003392457962036, 0.0, 0.0, 2584.912
12.003565549850464, 0.0, 0.0, 2584.945
14.0037100315094, 0.0, 0.0, 2584.992
16.003822326660156, 0.0, 0.0, 2585.003
18.003918170928955, 0.0, 0.0, 2585.036
20.004002571105957, 0.0, 0.0, 2585.078
22.004119396209717, 0.0, 0.0, 2585.107
24.004215240478516, 0.0, 0.0, 2585.139
26.00431513786316, 0.0, 0.0, 2585.149
28.004424571990967, 0.0, 0.0, 2585.226
30.004520893096924, 0.0, 0.0, 2585.276
32.00462746620178, 0.0, 0.0, 2585.317
34.004722118377686, 0.0, 0.0, 2585.334
36.00501799583435, 0.0, 0.0, 2585.385
38.005155086517334, 0.0, 0.0, 2585.419
40.00529670715332, 0.0, 0.0, 2585.442
42.005398750305176, 0.0, 0.0, 2585.488
44.00549912452698, 0.0, 0.0, 2585.543
46.0055992603302, 0.0, 0.0, 2585.655
48.00571084022522, 0.0, 0.0, 2585.7
50.00581192970276, 0.0, 0.0, 2585.733
52.00589609146118, 0.0, 0.0, 2585.774
54.00603723526001, 0.0, 0.0, 2585.796
56.006139039993286, 0.0, 0.0, 2585.832
58.00624656677246, 0.0, 0.0, 2585.887
60.006388902664185, 0.0, 0.0, 2585.93
62.00822901725769, 0.0, 0.0, 2571.461
64.0083110332489, 1.2014, 2.8462, 2460.938
66.00839591026306, 1.2014, 2.8646, 2380.018
68.00847911834717, 1.2014, 2.8762, 2313.044
70.00856804847717, 1.2014, 2.8873, 2256.25
72.00866937637329, 1.2014, 2.8977, 2208.451
74.00876259803772, 1.2014, 2.904, 2166.514
76.00886154174805, 1.2014, 2.9106, 2129.455
78.00896072387695, 1.2014, 2.9165, 2096.24
80.00905632972717, 1.2014, 2.9217, 2066.648
82.00920867919922, 1.2014, 2.9266, 2039.202
84.00930976867676, 1.2014, 2.9309, 2014.253
86.00941157341003, 1.2014, 2.9349, 1989.475
88.00949478149414, 1.2014, 2.9386, 1968.868
90.00957870483398, 1.2014, 2.9421, 1948.697
92.00967860221863, 1.2014, 2.9455, 1929.69
94.00975942611694, 1.2014, 2.9486, 1911.722
96.00989246368408, 1.2013, 2.9516, 1894.742
98.00998067855835, 1.2014, 2.954, 1878.671
100.01009058952332, 1.2013, 2.957, 1863.237
102.01019358634949, 1.2013, 2.9591, 1848.474
104.01028537750244, 1.2013, 2.9618, 1834.441
106.01037621498108, 1.2013, 2.9641, 1820.679
108.01046228408813, 1.2013, 2.9664, 1807.459
110.01056432723999, 1.2013, 2.9686, 1794.756
112.01066541671753, 1.2014, 2.9709, 1782.586
114.01076626777649, 1.2014, 2.973, 1770.734
116.01086568832397, 1.2013, 2.9749, 1759.462
118.01096677780151, 1.2013, 2.977, 1748.358
120.01106715202332, 1.2013, 2.979, 1737.398
122.01116847991943, 1.2013, 2.9806, 1726.813
124.0112726688385, 1.2013, 2.9823, 1716.521
126.01138138771057, 1.2013, 2.9841, 1706.505
128.01148009300232, 1.2014, 2.9858, 1696.854
130.01156949996948, 1.2014, 2.9878, 1687.364
132.01167249679565, 1.2013, 2.9893, 1678.108
134.01178121566772, 1.2013, 2.9911, 1669.018
136.01188111305237, 1.2013, 2.9926, 1660.297
138.01198148727417, 1.2013, 2.9942, 1651.642
140.01207399368286, 1.2013, 2.9959, 1642.482
142.0121569633484, 1.2013, 2.9974, 1635.177
144.01224732398987, 1.2013, 2.9987, 1627.206
146.01235914230347, 1.2013, 3.0004, 1619.394
148.01245951652527, 1.2013, 3.0014, 1611.867
150.01255583763123, 1.2013, 3.0029, 1604.38
152.01263785362244, 1.2013, 3.0043, 1596.917
154.01272869110107, 1.2013, 3.0058, 1589.582
156.0128209590912, 1.2013, 3.0072, 1582.539
158.01291036605835, 1.2013, 3.0085, 1575.521
160.01299810409546, 1.2013, 3.0098, 1568.555
162.01313281059265, 1.2013, 3.0112, 1561.918
164.0135293006897, 1.2013, 3.0123, 1555.382
166.0136661529541, 1.2013, 3.0133, 1548.933
168.01376748085022, 1.2013, 3.0148, 1542.717
170.01385378837585, 1.2013, 3.0159, 1536.559
172.01399540901184, 1.2013, 3.0173, 1530.497
174.01409602165222, 1.2013, 3.0182, 1524.598
176.01419520378113, 1.2013, 3.0194, 1518.752
178.01429677009583, 1.2013, 3.0205, 1512.914
180.01439714431763, 1.2013, 3.0216, 1507.195
182.01449728012085, 1.2013, 3.0228, 1501.489
184.01459860801697, 1.2013, 3.024, 1495.849
186.01472806930542, 1.2013, 3.0251, 1490.518
188.01482820510864, 1.2013, 3.0261, 1485.407
190.01492762565613, 1.2013, 3.0272, 1480.291
192.0150284767151, 1.2013, 3.0282, 1475.147
194.01511216163635, 1.2013, 3.029, 1470.119
196.01521158218384, 1.2013, 3.0302, 1465.046
198.0153112411499, 1.2013, 3.0311, 1460.106
200.01544761657715, 1.2013, 3.0321, 1455.268
202.01554226875305, 1.2013, 3.0332, 1450.431
204.01562309265137, 1.2013, 3.0341, 1445.768
206.01572489738464, 1.2013, 3.0352, 1441.113
208.01581382751465, 1.2013, 3.0361, 1436.495
210.01592087745667, 1.2013, 3.0369, 1431.984
212.0160105228424, 1.2013, 3.038, 1427.479
214.01608872413635, 1.2013, 3.0389, 1423.106
216.01619267463684, 1.2012, 3.0399, 1418.881
218.0163242816925, 1.2013, 3.0407, 1414.631
220.0164601802826, 1.2012, 3.0417, 1410.428
222.01657009124756, 1.2013, 3.0424, 1406.423
224.01670932769775, 1.2012, 3.0435, 1402.525
226.01679873466492, 1.2012, 3.0441, 1398.63
228.01689624786377, 1.2012, 3.045, 1394.479
230.01699376106262, 1.2012, 3.0458, 1390.786
232.01708459854126, 1.2012, 3.0466, 1387.112
234.0171902179718, 1.2012, 3.0474, 1383.518
236.01727724075317, 1.2012, 3.0481, 1379.836
238.01742219924927, 1.2012, 3.049, 1376.152
240.01756262779236, 1.2012, 3.0496, 1372.561
242.01765537261963, 1.2012, 3.0503, 1368.88
244.01774716377258, 1.2012, 3.0513, 1365.294
246.0178506374359, 1.2012, 3.052, 1361.901
248.0179557800293, 1.2012, 3.0527, 1358.356
250.0180561542511, 1.2012, 3.0535, 1354.925
252.0181634426117, 1.2012, 3.0543, 1351.557
254.01826930046082, 1.2012, 3.0549, 1348.29
256.0183699131012, 1.2012, 3.0556, 1345.028
258.01845598220825, 1.2012, 3.0565, 1341.903
260.0185582637787, 1.2012, 3.0571, 1338.878
262.0186536312103, 1.2012, 3.0578, 1335.805
264.0187494754791, 1.2012, 3.0584, 1332.774
266.0188329219818, 1.2012, 3.0592, 1329.819
268.0189731121063, 1.2012, 3.0597, 1326.929
270.0190644264221, 1.2012, 3.0606, 1324.058
272.01916337013245, 1.2012, 3.0612, 1321.233
274.01929807662964, 1.2012, 3.0618, 1318.445
276.01942348480225, 1.2012, 3.0624, 1315.64
278.01956582069397, 1.2012, 3.063, 1313.037
280.01966667175293, 1.2011, 3.0635, 1310.618
282.0197682380676, 1.2012, 3.0642, 1308.028
284.0198631286621, 1.2012, 3.0649, 1305.356
286.02000403404236, 1.2012, 3.0654, 1302.682
288.0201327800751, 1.2012, 3.066, 1300.011
290.0202314853668, 1.2011, 3.0667, 1297.418
292.0203273296356, 1.2011, 3.0672, 1294.829
294.0204403400421, 1.2012, 3.0678, 1292.263
296.02057099342346, 1.2011, 3.0683, 1289.746
298.0206677913666, 1.2012, 3.069, 1287.438
300.02079701423645, 1.2011, 3.0695, 1285.086
302.0209288597107, 1.2011, 3.0701, 1282.64
304.02102160453796, 1.2011, 3.0707, 1280.244
306.02113580703735, 1.2012, 3.0712, 1277.904
308.0212414264679, 1.2012, 3.0718, 1275.642
310.0213758945465, 1.2012, 3.0723, 1273.394
312.02153730392456, 1.2012, 3.0728, 1271.18
314.0216381549835, 1.2011, 3.0732, 1269.112
316.02174162864685, 1.2011, 3.0737, 1267.084
318.021831035614, 1.2011, 3.0742, 1265.027
320.0219233036041, 1.2012, 3.0746, 1262.967
322.0220239162445, 1.2011, 3.0751, 1261.006
324.0221333503723, 1.2011, 3.0755, 1259.045
326.0222454071045, 1.2011, 3.076, 1257.121
328.02234506607056, 1.2011, 3.0765, 1255.157
330.02246284484863, 1.2011, 3.0769, 1253.224
332.02256178855896, 1.2011, 3.0774, 1251.298
334.022664308548, 1.2011, 3.078, 1249.449
336.02276825904846, 1.2011, 3.0784, 1247.724
338.022864818573, 1.2011, 3.0788, 1246.066
340.0229682922363, 1.2011, 3.0793, 1244.382
342.0230989456177, 1.2011, 3.0797, 1242.705
344.0232448577881, 1.2011, 3.08, 1241.026
346.023375749588, 1.2011, 3.0804, 1239.275
348.0235085487366, 1.2011, 3.0808, 1237.57
350.0236232280731, 1.2011, 3.0813, 1235.88
352.0237684249878, 1.2011, 3.0816, 1234.186
354.0239107608795, 1.2011, 3.0821, 1232.52
356.0240161418915, 1.2011, 3.0826, 1230.638
358.0241153240204, 1.2011, 3.0829, 1228.807
360.0242521762848, 1.2011, 3.0834, 1227.092
362.0243365764618, 1.2011, 3.0838, 1225.45
364.024493932724, 1.2011, 3.0841, 1223.821
366.024596452713, 1.2011, 3.0844, 1222.201
368.0247049331665, 1.2011, 3.085, 1220.628
370.0248465538025, 1.2011, 3.0853, 1219.039
372.02499628067017, 1.201, 3.0856, 1217.519
374.0251131057739, 1.2011, 3.086, 1216.098
376.025253534317, 1.2011, 3.0863, 1214.716
378.0253646373749, 1.2011, 3.0868, 1213.277
380.02546644210815, 1.2011, 3.0872, 1211.812
382.02556800842285, 1.2011, 3.0876, 1210.333
384.02565693855286, 1.201, 3.0879, 1208.975
386.0257592201233, 1.2011, 3.0882, 1207.633
388.025847196579, 1.201, 3.0885, 1206.305
390.02594661712646, 1.2011, 3.0889, 1205.024
392.02605152130127, 1.201, 3.0893, 1203.68
394.02618765830994, 1.201, 3.0895, 1202.29
396.02628540992737, 1.201, 3.0898, 1200.963
398.0263810157776, 1.201, 3.0902, 1199.594
400.0264871120453, 1.201, 3.0904, 1198.279
402.0265905857086, 1.201, 3.0908, 1197.095
404.02669525146484, 1.201, 3.091, 1195.847
406.0268015861511, 1.201, 3.0913, 1194.517
408.026917219162, 1.201, 3.0916, 1193.13
410.02705240249634, 1.201, 3.0921, 1191.806
412.0271556377411, 1.201, 3.0922, 1190.541
414.0272572040558, 1.201, 3.0927, 1189.336
416.0273938179016, 1.201, 3.0929, 1188.111
418.02749586105347, 1.201, 3.0933, 1186.917
420.0276222229004, 1.201, 3.0934, 1185.903
422.0277211666107, 1.201, 3.0938, 1184.884
424.0278730392456, 1.201, 3.0941, 1183.764
426.0280132293701, 1.201, 3.0944, 1182.787
428.0281195640564, 1.201, 3.0946, 1181.796
430.0282483100891, 1.201, 3.0948, 1180.799
432.02839398384094, 1.201, 3.0951, 1179.653
434.0285151004791, 1.201, 3.0954, 1178.533
436.02862882614136, 1.201, 3.0957, 1177.469
438.0287311077118, 1.201, 3.096, 1176.454
440.02882838249207, 1.201, 3.0962, 1175.406
442.02896308898926, 1.201, 3.0966, 1174.252
444.02907395362854, 1.201, 3.0969, 1173.064
446.0292067527771, 1.201, 3.0971, 1171.974
448.0293068885803, 1.201, 3.0976, 1170.95
450.02941155433655, 1.201, 3.0978, 1169.953
452.0294964313507, 1.201, 3.098, 1168.938
454.02960109710693, 1.201, 3.0982, 1167.959
456.0297405719757, 1.201, 3.0985, 1166.944
458.02982687950134, 1.201, 3.0988, 1165.9
460.0299210548401, 1.201, 3.099, 1164.895
462.03005838394165, 1.201, 3.0992, 1163.924
464.030145406723, 1.201, 3.0996, 1162.99
466.0302321910858, 1.201, 3.0997, 1162.016
468.03053736686707, 1.2008, 3.0999, 1160.899
470.03067684173584, 1.201, 3.1003, 1159.862
472.03076338768005, 1.2008, 3.1005, 1158.836
474.0308508872986, 1.201, 3.1008, 1157.834
476.0309383869171, 1.201, 3.101, 1156.898
478.0310287475586, 1.201, 3.1013, 1156.054
480.03111839294434, 1.2008, 3.1014, 1155.294
482.03121995925903, 1.2008, 3.1018, 1154.505
484.03135204315186, 1.201, 3.102, 1153.645
486.0314631462097, 1.2008, 3.1021, 1152.793
488.031617641449, 1.2008, 3.1023, 1151.95
490.0317487716675, 1.2008, 3.1026, 1151.14
492.0318651199341, 1.2008, 3.1027, 1150.418
494.03197050094604, 1.201, 3.103, 1149.719
496.0320703983307, 1.2008, 3.1031, 1149.063
498.03247475624084, 1.2008, 3.1033, 1148.298
500.0325758457184, 1.2008, 3.1035, 1147.581
502.03267669677734, 1.2008, 3.1038, 1146.894
504.0327835083008, 1.2008, 3.104, 1146.158
506.0328755378723, 1.2008, 3.1041, 1145.352
508.0329740047455, 1.2008, 3.1043, 1144.521
510.03306818008423, 1.2008, 3.1044, 1143.753
512.0331690311432, 1.2008, 3.1047, 1143.008
514.033271074295, 1.2008, 3.1048, 1142.191
516.0333876609802, 1.2008, 3.1052, 1141.344
518.0334982872009, 1.2008, 3.1053, 1140.517
520.0335750579834, 1.2008, 3.1056, 1139.764
522.033668756485, 1.2008, 3.1057, 1139.008
524.033772945404, 1.2008, 3.106, 1138.254
526.0338830947876, 1.2008, 3.1062, 1137.529
528.0340259075165, 1.2008, 3.1064, 1136.893
530.0341610908508, 1.2008, 3.1066, 1136.284
532.0342659950256, 1.2008, 3.1066, 1135.67
534.0343487262726, 1.2008, 3.1068, 1135.008
536.0344846248627, 1.2008, 3.1069, 1134.52
538.0346302986145, 1.2008, 3.1071, 1134.275
540.0347526073456, 1.2008, 3.1073, 1133.847
542.0348343849182, 1.2008, 3.1074, 1133.265
544.0349705219269, 1.2008, 3.1076, 1132.605
546.035074710846, 1.2008, 3.1078, 1131.829
548.0351850986481, 1.2008, 3.1079, 1131.026
550.035318851471, 1.2008, 3.1082, 1130.298
552.0354061126709, 1.2008, 3.1083, 1129.672
554.0354890823364, 1.2008, 3.1085, 1129.066
556.0355710983276, 1.2008, 3.1088, 1128.356
558.0356733798981, 1.2008, 3.1089, 1127.699
560.0357694625854, 1.2008, 3.1091, 1127.002
562.0358719825745, 1.2008, 3.1092, 1126.33
564.0359735488892, 1.2008, 3.1093, 1125.858
566.036075592041, 1.2008, 3.1094, 1125.394
568.0361764431, 1.2008, 3.1097, 1124.8
570.0362782478333, 1.2007, 3.1097, 1124.215
572.0363812446594, 1.2008, 3.1099, 1123.615
574.0365138053894, 1.2008, 3.1102, 1122.962
576.0366475582123, 1.2008, 3.1102, 1122.378
578.0367527008057, 1.2008, 3.1103, 1121.846
580.0369100570679, 1.2008, 3.1104, 1121.297
582.036990404129, 1.2008, 3.1107, 1120.757
584.0370762348175, 1.2008, 3.1108, 1120.228
586.0371646881104, 1.2008, 3.111, 1119.652
588.0372602939606, 1.2008, 3.1112, 1119.114
590.0373630523682, 1.2008, 3.1113, 1118.616
592.0374822616577, 1.2008, 3.1113, 1118.091
594.0375916957855, 1.2008, 3.1115, 1117.575
596.0377275943756, 1.2008, 3.1117, 1117.065
598.0378220081329, 1.2008, 3.1119, 1116.539
600.037914276123, 1.2007, 3.1119, 1115.996
602.0380501747131, 1.2007, 3.1122, 1115.413
604.0381550788879, 1.2007, 3.1123, 1114.857
606.0382571220398, 1.2008, 3.1124, 1114.353
608.0383501052856, 1.2007, 3.1126, 1113.828
610.0384509563446, 1.2007, 3.1126, 1113.261
612.0385329723358, 1.2007, 3.1128, 1112.777
614.0386271476746, 1.2008, 3.1129, 1112.552
616.0387103557587, 1.2008, 3.1131, 1112.206
618.0388088226318, 1.2008, 3.1132, 1111.647
620.0388920307159, 1.2007, 3.1134, 1111.026
622.0389959812164, 1.2008, 3.1135, 1110.48
624.0391042232513, 1.2008, 3.1137, 1109.982
626.0392067432404, 1.2007, 3.1137, 1109.476
628.0392909049988, 1.2007, 3.1138, 1109.039
630.0393905639648, 1.2007, 3.1141, 1108.763
632.0394892692566, 1.2007, 3.1142, 1108.496
634.0395696163177, 1.2007, 3.1143, 1108.152
636.0396647453308, 1.2007, 3.1144, 1107.593
638.039767742157, 1.2007, 3.1145, 1107.055
640.0398745536804, 1.2007, 3.1145, 1106.505
642.039986371994, 1.2007, 3.1148, 1106.03
644.040118932724, 1.2007, 3.1149, 1105.759
646.0402529239655, 1.2007, 3.1151, 1105.172
648.0403475761414, 1.2007, 3.1152, 1104.677
650.0404510498047, 1.2007, 3.1152, 1104.157
652.040554523468, 1.2007, 3.1154, 1103.729
654.0406563282013, 1.2007, 3.1155, 1103.213
656.0407588481903, 1.2007, 3.1157, 1102.671
658.0408446788788, 1.2007, 3.1158, 1102.077
660.0409424304962, 1.2007, 3.1161, 1101.417
662.041045665741, 1.2007, 3.1161, 1100.931
664.0411546230316, 1.2007, 3.1163, 1100.59
666.0412447452545, 1.2007, 3.1163, 1100.261
668.0413513183594, 1.2007, 3.1164, 1099.924
670.0414366722107, 1.2007, 3.1166, 1099.499
672.0415463447571, 1.2007, 3.1166, 1099.088
674.0416405200958, 1.2007, 3.1168, 1098.703
676.0417408943176, 1.2007, 3.1169, 1098.316
678.0418741703033, 1.2007, 3.1169, 1097.878
680.0420095920563, 1.2007, 3.117, 1097.512
682.0421137809753, 1.2007, 3.1172, 1097.129
684.0422232151031, 1.2007, 3.1173, 1096.716
686.0423300266266, 1.2007, 3.1173, 1096.269
688.0424692630768, 1.2007, 3.1176, 1095.796
690.0426552295685, 1.2006, 3.1175, 1095.505
692.042763710022, 1.2007, 3.1176, 1095.216
694.0428862571716, 1.2007, 3.1179, 1094.79
696.0430197715759, 1.2007, 3.1179, 1094.379
698.0431065559387, 1.2007, 3.1181, 1093.971
700.0431942939758, 1.2007, 3.1182, 1093.625
702.0432832241058, 1.2007, 3.1183, 1093.189
704.0433874130249, 1.2007, 3.1184, 1092.671
706.0434737205505, 1.2007, 3.1185, 1092.19
708.043607711792, 1.2007, 3.1186, 1091.799
710.0437092781067, 1.2007, 3.1187, 1091.625
712.0438101291656, 1.2007, 3.1188, 1091.328
714.0439114570618, 1.2007, 3.1189, 1091.0
716.044011592865, 1.2007, 3.119, 1090.593
718.0441491603851, 1.2007, 3.1191, 1090.434
720.0442521572113, 1.2007, 3.1191, 1090.018
722.0443406105042, 1.2007, 3.1193, 1089.542
724.0444431304932, 1.2007, 3.1194, 1089.22
726.0445468425751, 1.2007, 3.1194, 1088.777
728.044686794281, 1.2007, 3.1196, 1088.313
730.0447692871094, 1.2006, 3.1197, 1087.968
732.0449113845825, 1.2007, 3.1198, 1087.754
734.045001745224, 1.2006, 3.1198, 1087.499
736.0451369285583, 1.2007, 3.1199, 1087.208
738.0452425479889, 1.2006, 3.1199, 1086.869
740.0453293323517, 1.2006, 3.12, 1086.502
742.0454123020172, 1.2006, 3.1202, 1086.199
744.0455095767975, 1.2006, 3.1202, 1085.919
746.0456168651581, 1.2006, 3.1204, 1085.553
748.0457193851471, 1.2006, 3.1205, 1085.23
750.0458288192749, 1.2006, 3.1206, 1084.932
752.0459322929382, 1.2006, 3.1206, 1084.674
754.046017408371, 1.2006, 3.1207, 1084.436
756.0461049079895, 1.2006, 3.1208, 1084.207
758.0462045669556, 1.2007, 3.1208, 1083.984
760.0463056564331, 1.2007, 3.121, 1083.599
762.0463995933533, 1.2006, 3.121, 1083.183
764.0465395450592, 1.2007, 3.1211, 1082.976
766.0466465950012, 1.2007, 3.1211, 1082.948
768.0467450618744, 1.2006, 3.1213, 1082.829
770.0468430519104, 1.2007, 3.1214, 1082.404
772.0469508171082, 1.2006, 3.1213, 1081.909
774.0470485687256, 1.2007, 3.1214, 1081.603
776.0471534729004, 1.2006, 3.1215, 1081.395
778.0472524166107, 1.2006, 3.1216, 1081.33
780.0473527908325, 1.2006, 3.1216, 1080.937
782.0474553108215, 1.2006, 3.1216, 1080.818
784.0475506782532, 1.2007, 3.1218, 1080.495
786.0476870536804, 1.2006, 3.1219, 1080.34
788.0477874279022, 1.2006, 3.122, 1079.907
790.0478894710541, 1.2006, 3.122, 1079.583
792.0479958057404, 1.2006, 3.1222, 1079.271
794.0480763912201, 1.2007, 3.1221, 1079.036
796.0481779575348, 1.2007, 3.1223, 1078.655
798.0482661724091, 1.2006, 3.1224, 1078.306
800.0483438968658, 1.2007, 3.1225, 1078.083
802.0484366416931, 1.2006, 3.1226, 1077.874
804.0485377311707, 1.2006, 3.1226, 1077.713
806.0486507415771, 1.2006, 3.1226, 1077.416
808.0487549304962, 1.2006, 3.1228, 1077.098
810.0488574504852, 1.2006, 3.1228, 1076.776
812.0489401817322, 1.2006, 3.1229, 1076.517
814.0490438938141, 1.2006, 3.1229, 1076.316
816.0491292476654, 1.2006, 3.1231, 1075.964
818.0492663383484, 1.2006, 3.1232, 1075.656
820.0493721961975, 1.2006, 3.1233, 1075.596
822.0494740009308, 1.2006, 3.1232, 1075.413
824.0495760440826, 1.2006, 3.1233, 1075.118
826.0496790409088, 1.2006, 3.1234, 1074.693
828.0497834682465, 1.2006, 3.1236, 1074.248
830.0498881340027, 1.2006, 3.1235, 1073.883
832.0499889850616, 1.2006, 3.1238, 1073.567
834.0500934123993, 1.2006, 3.1239, 1073.275
836.050192117691, 1.2006, 3.1239, 1073.024
838.0502903461456, 1.2006, 3.124, 1072.771
840.0503888130188, 1.2006, 3.124, 1072.53
842.050491809845, 1.2006, 3.1242, 1072.248
844.0505928993225, 1.2006, 3.1243, 1072.029
846.0506949424744, 1.2006, 3.1242, 1071.776
848.0508313179016, 1.2006, 3.1243, 1071.526
850.0509328842163, 1.2006, 3.1245, 1071.3
852.0510189533234, 1.2006, 3.1246, 1071.048
854.051108121872, 1.2006, 3.1246, 1070.763
856.0511984825134, 1.2006, 3.1247, 1070.499
858.0513007640839, 1.2006, 3.1247, 1070.226
860.0513858795166, 1.2006, 3.1248, 1069.983
862.0514822006226, 1.2006, 3.1248, 1069.724
864.051586151123, 1.2006, 3.1249, 1069.445
866.0516929626465, 1.2006, 3.1251, 1069.265
868.0518035888672, 1.2006, 3.1251, 1069.094
870.0519042015076, 1.2006, 3.1252, 1068.864
872.0520029067993, 1.2006, 3.1252, 1068.569
874.0521020889282, 1.2006, 3.1252, 1068.166
876.0522015094757, 1.2006, 3.1253, 1067.812
878.0523006916046, 1.2006, 3.1254, 1067.511
880.0524015426636, 1.2006, 3.1254, 1067.373
882.0525004863739, 1.2006, 3.1255, 1067.246
884.0526020526886, 1.2006, 3.1255, 1067.045
886.0526938438416, 1.2006, 3.1257, 1066.872
888.0527946949005, 1.2006, 3.1257, 1066.74
890.0528967380524, 1.2006, 3.1257, 1066.495
892.0529878139496, 1.2006, 3.1258, 1066.232
894.053074836731, 1.2006, 3.1259, 1066.364
896.05317902565, 1.2006, 3.1258, 1066.388
898.0532677173615, 1.2006, 3.126, 1066.054
900.0533716678619, 1.2006, 3.1257, 1065.784
902.0534558296204, 1.2006, 3.126, 1065.549
904.0535461902618, 1.2006, 3.126, 1065.343
906.0536365509033, 1.2006, 3.126, 1065.082
908.0537333488464, 1.2006, 3.1262, 1064.893
910.0538327693939, 1.2006, 3.1262, 1064.645
912.0539183616638, 1.2006, 3.1263, 1064.383
914.0540030002594, 1.2006, 3.1264, 1064.085
916.0540888309479, 1.2006, 3.1264, 1063.914
918.0541706085205, 1.2005, 3.1264, 1063.767
920.0542597770691, 1.2005, 3.1265, 1063.516
922.0543551445007, 1.2006, 3.1265, 1063.281
924.0544581413269, 1.2006, 3.1267, 1062.971
926.0545556545258, 1.2006, 3.1268, 1062.607
928.0546519756317, 1.2006, 3.1268, 1062.346
930.0547368526459, 1.2006, 3.1268, 1062.147
932.0548784732819, 1.2006, 3.1269, 1061.915
934.0549831390381, 1.2006, 3.127, 1061.745
936.0550982952118, 1.2005, 3.127, 1061.582
938.0551841259003, 1.2006, 3.1271, 1061.341
940.0552904605865, 1.2005, 3.1272, 1061.104
942.0553934574127, 1.2006, 3.1272, 1060.881
944.0554962158203, 1.2006, 3.1273, 1060.6
946.0555951595306, 1.2006, 3.1274, 1060.511
948.0556967258453, 1.2006, 3.1273, 1060.376
950.0557794570923, 1.2005, 3.1275, 1060.194
952.0558819770813, 1.2006, 3.1275, 1060.006
954.055983543396, 1.2006, 3.1276, 1059.796
956.0560812950134, 1.2006, 3.1276, 1059.528
958.056182384491, 1.2005, 3.1277, 1059.291
960.0562696456909, 1.2006, 3.1279, 1059.223
962.0563526153564, 1.2006, 3.1278, 1059.114
964.0564453601837, 1.2006, 3.1279, 1058.823
966.0565390586853, 1.2006, 3.1281, 1058.383
968.0566463470459, 1.2006, 3.1281, 1058.08
970.0567500591278, 1.2006, 3.128, 1057.896
972.0568544864655, 1.2006, 3.1282, 1057.707
974.0569612979889, 1.2006, 3.1283, 1057.507
976.0570659637451, 1.2006, 3.1284, 1057.229
978.0571529865265, 1.2006, 3.1283, 1056.966
980.0572588443756, 1.2006, 3.1284, 1056.682
982.0573627948761, 1.2006, 3.1285, 1056.459
984.0574679374695, 1.2006, 3.1286, 1056.279
986.0575687885284, 1.2006, 3.1287, 1056.182
988.0576663017273, 1.2006, 3.1287, 1056.132
990.057769536972, 1.2006, 3.1288, 1056.005
992.0578708648682, 1.2006, 3.1289, 1055.885
994.0579752922058, 1.2006, 3.1289, 1055.776
996.0580701828003, 1.2006, 3.1289, 1055.678
998.0582075119019, 1.2006, 3.129, 1055.615
1000.058351278305, 1.2006, 3.129, 1055.507
1002.0584869384766, 1.2006, 3.1291, 1055.312
1004.0585744380951, 1.2006, 3.1292, 1055.193
1006.0586767196655, 1.2006, 3.1292, 1055.152
1008.058776140213, 1.2006, 3.129, 1055.307
1010.0588617324829, 1.2006, 3.129, 1055.284
1012.058965921402, 1.2006, 3.129, 1055.127
1014.0590693950653, 1.2006, 3.1292, 1054.908
1016.0591695308685, 1.2006, 3.1292, 1054.749
1018.0592720508575, 1.2006, 3.1292, 1054.637
1020.0593571662903, 1.2006, 3.1292, 1054.555
1022.0594415664673, 1.2006, 3.1292, 1054.531
1024.0595443248749, 1.2006, 3.1293, 1054.405
1026.059650182724, 1.2006, 3.1293, 1054.461
1028.0597503185272, 1.2006, 3.1295, 1054.236
1030.059856414795, 1.2006, 3.1293, 1054.052
1032.059957742691, 1.2005, 3.1294, 1053.886
1034.06005692482, 1.2006, 3.1295, 1053.701
1036.0601460933685, 1.2006, 3.1294, 1053.355
1038.0602328777313, 1.2005, 3.1295, 1053.309
1040.0603346824646, 1.2006, 3.1295, 1053.319
1042.0604209899902, 1.2005, 3.1296, 1053.128
1044.0605206489563, 1.2005, 3.1296, 1052.907
1046.0605981349945, 1.2006, 3.1298, 1052.694
1048.0606784820557, 1.2005, 3.1297, 1052.608
1050.0607788562775, 1.2005, 3.1298, 1052.502
1052.0608773231506, 1.2005, 3.1298, 1052.354
1054.0609726905823, 1.2006, 3.13, 1052.123
1056.061054944992, 1.2006, 3.13, 1052.133
1058.0611364841461, 1.2006, 3.13, 1052.197
1060.0612194538116, 1.2005, 3.13, 1051.915
1062.0613198280334, 1.2005, 3.1301, 1051.582
1064.0614211559296, 1.2005, 3.1301, 1051.322
1066.0615241527557, 1.2005, 3.1302, 1051.124
1068.0616319179535, 1.2006, 3.1303, 1050.994
1070.061733007431, 1.2006, 3.1303, 1050.905
1072.0618336200714, 1.2005, 3.1304, 1050.727
1074.061915397644, 1.2005, 3.1304, 1050.478
1076.062017917633, 1.2006, 3.1306, 1050.248
1078.0621209144592, 1.2006, 3.1305, 1050.101
1080.0622227191925, 1.2006, 3.1307, 1049.92
1082.0623261928558, 1.2006, 3.1306, 1049.723
1084.0624148845673, 1.2005, 3.1307, 1049.473
1086.0625157356262, 1.2005, 3.1308, 1049.388
1088.062617778778, 1.2005, 3.1308, 1049.298
1090.0627110004425, 1.2005, 3.1308, 1049.085
1092.0627949237823, 1.2005, 3.1309, 1048.741
1094.06289768219, 1.2006, 3.131, 1048.429
1096.0629997253418, 1.2006, 3.1312, 1048.137
1098.0630843639374, 1.2005, 3.1311, 1048.068
1100.0631909370422, 1.2006, 3.1311, 1048.087
1102.0632874965668, 1.2006, 3.1312, 1048.071
1104.0633826255798, 1.2005, 3.1312, 1047.889
1106.0634779930115, 1.2006, 3.1312, 1047.667
1108.0635755062103, 1.2006, 3.1313, 1047.52
1110.0636727809906, 1.2006, 3.1313, 1047.357
1112.063770532608, 1.2006, 3.1313, 1047.183
1114.06387257576, 1.2006, 3.1314, 1046.916
1116.063958644867, 1.2006, 3.1314, 1046.871
1118.064045906067, 1.2006, 3.1315, 1046.928
1120.0641512870789, 1.2006, 3.1315, 1046.74
1122.064287185669, 1.2006, 3.1315, 1046.734
1124.0643973350525, 1.2006, 3.1316, 1046.755
1126.0645017623901, 1.2006, 3.1316, 1046.651
1128.0645916461945, 1.2005, 3.1315, 1046.611
1130.0646872520447, 1.2006, 3.1318, 1046.461
1132.064773797989, 1.2005, 3.1317, 1046.287
1134.0648589134216, 1.2005, 3.1316, 1046.194
1136.0649616718292, 1.2005, 3.1318, 1045.991
1138.0650432109833, 1.2005, 3.1317, 1045.695
1140.0651268959045, 1.2005, 3.1318, 1045.372
1142.0652153491974, 1.2005, 3.1318, 1045.166
1144.0653290748596, 1.2005, 3.1318, 1044.942
1146.0654332637787, 1.2005, 3.1321, 1044.664
1148.065535068512, 1.2005, 3.1322, 1044.481
1150.0656175613403, 1.2005, 3.1322, 1044.322
1152.0657029151917, 1.2005, 3.1322, 1044.21
1154.0658054351807, 1.2005, 3.1323, 1043.904
1156.0659050941467, 1.2005, 3.1324, 1043.612
1158.066005706787, 1.2005, 3.1324, 1043.373
1160.0661118030548, 1.2005, 3.1324, 1043.551
1162.0662117004395, 1.2005, 3.1323, 1043.652
1164.0663228034973, 1.2005, 3.1324, 1043.65
1166.0664329528809, 1.2005, 3.1323, 1043.605
1168.0665228366852, 1.2005, 3.1324, 1043.463
1170.0666208267212, 1.2005, 3.1324, 1043.379
1172.0667209625244, 1.2005, 3.1324, 1043.3
1174.066812992096, 1.2005, 3.1325, 1043.198
1176.066914319992, 1.2005, 3.1327, 1042.959
1178.0669980049133, 1.2005, 3.1327, 1042.794
1180.067088842392, 1.2005, 3.1327, 1042.763
1182.0671772956848, 1.2005, 3.1328, 1042.714
1184.0672614574432, 1.2005, 3.1327, 1042.831
1186.067363500595, 1.2005, 3.1327, 1042.676
1188.067466020584, 1.2005, 3.1328, 1042.42
1190.0675661563873, 1.2005, 3.1329, 1042.312
1192.067654132843, 1.2005, 3.133, 1042.269
1194.0677556991577, 1.2005, 3.1329, 1042.137
1196.0678548812866, 1.2005, 3.133, 1041.791
1198.0679550170898, 1.2005, 3.1329, 1041.633
1200.0680530071259, 1.2005, 3.1331, 1041.64
1202.0681529045105, 1.2005, 3.1331, 1041.541
1204.0682528018951, 1.2005, 3.1332, 1041.371
1206.068350315094, 1.2005, 3.1334, 1041.137
1208.068454027176, 1.2005, 3.1334, 1040.916
1210.0685548782349, 1.2005, 3.1335, 1040.535
1212.068664073944, 1.2005, 3.1335, 1040.15
1214.068764448166, 1.2005, 3.1335, 1039.925
1216.0688650608063, 1.2005, 3.1336, 1039.781
1218.068968296051, 1.2005, 3.1337, 1039.849
1220.0690693855286, 1.2005, 3.1337, 1039.624
1222.0691573619843, 1.2005, 3.1336, 1039.409
1224.069274187088, 1.2005, 3.1338, 1039.181
1226.0693800449371, 1.2005, 3.1337, 1039.04
1228.0694839954376, 1.2005, 3.1338, 1038.946
1230.0695850849152, 1.2005, 3.1339, 1038.873
1232.0696902275085, 1.2005, 3.1338, 1038.839
1234.069791316986, 1.2005, 3.1339, 1038.752
1236.069893836975, 1.2005, 3.1339, 1038.581
1238.0699977874756, 1.2005, 3.1339, 1038.455
1240.0700874328613, 1.2005, 3.134, 1038.265
1242.0701925754547, 1.2005, 3.1341, 1038.136
1244.070298910141, 1.2005, 3.1343, 1037.968
1246.070395708084, 1.2005, 3.1342, 1037.624
1248.0704908370972, 1.2005, 3.1342, 1037.45
1250.070592880249, 1.2005, 3.1343, 1037.311
1252.0706758499146, 1.2005, 3.1344, 1037.239
1254.0707771778107, 1.2005, 3.1346, 1037.105
1256.0708830356598, 1.2005, 3.1344, 1036.846
1258.0709824562073, 1.2005, 3.1346, 1036.706
1260.0710818767548, 1.2005, 3.1346, 1036.494
1262.0711815357208, 1.2005, 3.1346, 1036.451
1264.0712807178497, 1.2005, 3.1347, 1036.375
1266.0713815689087, 1.2005, 3.1347, 1036.206
1268.0714802742004, 1.2005, 3.1348, 1035.99
1270.0715808868408, 1.2005, 3.1349, 1035.741
1272.071681022644, 1.2005, 3.1349, 1035.553
1274.0717797279358, 1.2005, 3.1348, 1035.399
1276.0718796253204, 1.2005, 3.1348, 1035.27
1278.0719792842865, 1.2005, 3.1349, 1035.211
1280.0720794200897, 1.2005, 3.135, 1035.205
1282.0721807479858, 1.2005, 3.1348, 1035.071
1284.0722796916962, 1.2005, 3.135, 1035.031
1286.0723831653595, 1.2005, 3.135, 1034.758
1288.0724816322327, 1.2005, 3.135, 1034.66
1290.072560787201, 1.2005, 3.1351, 1034.5
1292.072645187378, 1.2005, 3.1351, 1034.414
1294.072725534439, 1.2005, 3.1352, 1034.248
1296.0728085041046, 1.2005, 3.1353, 1034.095
1298.0728905200958, 1.2005, 3.1355, 1033.911
1300.0729899406433, 1.2005, 3.1354, 1033.587
1302.0730912685394, 1.2005, 3.1353, 1033.327
1304.0731852054596, 1.2005, 3.1354, 1033.124
1306.0732882022858, 1.2005, 3.1355, 1033.028
1308.0734250545502, 1.2005, 3.1356, 1033.005
1310.0735278129578, 1.2005, 3.1354, 1033.026
1312.0736360549927, 1.2005, 3.1355, 1033.053
1314.073736667633, 1.2005, 3.1355, 1033.113
1316.0738379955292, 1.2005, 3.1355, 1033.2
1318.0739393234253, 1.2005, 3.1354, 1033.169
1320.07403922081, 1.2005, 3.1356, 1033.15
1322.0741398334503, 1.2005, 3.1354, 1033.203
1324.074242591858, 1.2005, 3.1355, 1033.21
1326.0743479728699, 1.2005, 3.1355, 1033.26
1328.074437379837, 1.2005, 3.1355, 1033.326
1330.0745401382446, 1.2005, 3.1356, 1033.345
1332.074649810791, 1.2005, 3.1355, 1033.266
1334.0747368335724, 1.2005, 3.1355, 1032.995
1336.0748264789581, 1.2005, 3.1356, 1032.915
1338.0749294757843, 1.2005, 3.1356, 1032.734
1340.0750141143799, 1.2005, 3.1357, 1032.223
1342.0750982761383, 1.2005, 3.1358, 1032.166
1344.0751807689667, 1.2005, 3.1359, 1031.899
1346.0752799510956, 1.2005, 3.1359, 1031.725
1348.0753650665283, 1.2005, 3.136, 1031.724
1350.0754663944244, 1.2005, 3.1359, 1031.809
1352.0755517482758, 1.2005, 3.1359, 1032.098
1354.0756442546844, 1.2005, 3.1358, 1032.342
1356.0757372379303, 1.2005, 3.1359, 1032.355
1358.075825214386, 1.2005, 3.1358, 1032.186
1360.075912952423, 1.2005, 3.136, 1032.119
1362.0760130882263, 1.2005, 3.1359, 1032.068
1364.0760967731476, 1.2005, 3.136, 1032.022
1366.0761876106262, 1.2005, 3.1361, 1031.833
1368.0762734413147, 1.2005, 3.1362, 1031.354
1370.0763783454895, 1.2005, 3.1362, 1031.114
1372.0764787197113, 1.2005, 3.1362, 1030.97
1374.0765812397003, 1.2005, 3.1363, 1030.819
1376.0767154693604, 1.2005, 3.1363, 1030.603
1378.0768158435822, 1.2005, 3.1364, 1030.719
1380.076914548874, 1.2005, 3.1365, 1030.609
1382.0770149230957, 1.2005, 3.1364, 1030.346
1384.0771057605743, 1.2005, 3.1365, 1030.205
1386.0772061347961, 1.2005, 3.1366, 1030.124
1388.0773096084595, 1.2005, 3.1366, 1030.293
1390.07741355896, 1.2005, 3.1365, 1030.299
1392.0775158405304, 1.2005, 3.1366, 1029.927
1394.0776171684265, 1.2005, 3.1367, 1029.71
1396.0777049064636, 1.2005, 3.1367, 1029.706
1398.077807188034, 1.2005, 3.1366, 1029.845
1400.0779075622559, 1.2005, 3.1367, 1029.855
1402.078007221222, 1.2005, 3.1367, 1029.786
1404.0780980587006, 1.2005, 3.1369, 1029.573
1406.0782299041748, 1.2005, 3.137, 1029.184
1408.0783171653748, 1.2005, 3.137, 1028.935
1410.0784177780151, 1.2005, 3.1369, 1028.936
1412.0785200595856, 1.2005, 3.1369, 1028.835
1414.0786221027374, 1.2005, 3.137, 1028.831
1416.0787184238434, 1.2005, 3.1369, 1028.631
1418.078813791275, 1.2004, 3.1369, 1028.47
1420.0788991451263, 1.2005, 3.1371, 1028.343
1422.0790343284607, 1.2005, 3.137, 1028.142
1424.0791687965393, 1.2005, 3.1373, 1027.882
1426.0792689323425, 1.2005, 3.1372, 1027.876
1428.0793747901917, 1.2005, 3.1372, 1027.929
1430.0794794559479, 1.2005, 3.1372, 1027.706
1432.0795736312866, 1.2005, 3.1372, 1027.618
1434.079671382904, 1.2005, 3.1373, 1027.391
1436.0797576904297, 1.2005, 3.1373, 1027.121
1438.0798439979553, 1.2005, 3.1374, 1026.918
1440.079931974411, 1.2005, 3.1374, 1026.784
1442.0800199508667, 1.2005, 3.1375, 1026.703
1444.0801107883453, 1.2005, 3.1376, 1026.538
1446.0802521705627, 1.2005, 3.1377, 1026.462
1448.080337524414, 1.2005, 3.1377, 1026.41
1450.080439567566, 1.2005, 3.1376, 1026.423
1452.0805439949036, 1.2005, 3.1377, 1026.292
1454.0806562900543, 1.2005, 3.1377, 1026.284
1456.0807757377625, 1.2005, 3.1378, 1026.267
1458.080867767334, 1.2005, 3.1378, 1026.269
1460.0809524059296, 1.2005, 3.1377, 1026.353
1462.0810496807098, 1.2005, 3.1378, 1026.327
1464.0811975002289, 1.2005, 3.1378, 1026.159
1466.0812866687775, 1.2005, 3.1377, 1025.931
1468.0813744068146, 1.2005, 3.1378, 1025.658
1470.0814635753632, 1.2005, 3.138, 1025.376
1472.0816037654877, 1.2005, 3.138, 1025.168
1474.0816943645477, 1.2005, 3.138, 1025.011
1476.081775188446, 1.2005, 3.1381, 1024.876
1478.0818538665771, 1.2005, 3.1381, 1024.701
1480.081958770752, 1.2005, 3.1381, 1024.626
1482.082037448883, 1.2005, 3.1381, 1024.579
1484.082129240036, 1.2005, 3.1382, 1024.617
1486.0822083950043, 1.2005, 3.138, 1024.566
1488.0823006629944, 1.2005, 3.138, 1024.593
1490.0824358463287, 1.2005, 3.1381, 1024.605
1492.0825188159943, 1.2005, 3.1383, 1024.538
1494.0826215744019, 1.2005, 3.1382, 1024.415
1496.082755804062, 1.2005, 3.1383, 1024.326
1498.0828561782837, 1.2005, 3.1382, 1024.406
1500.082989692688, 1.2005, 3.1383, 1024.579
1502.0830750465393, 1.2005, 3.1383, 1024.334
1504.083174943924, 1.2005, 3.1383, 1024.077
1506.0832750797272, 1.2005, 3.1383, 1023.985
1508.0833766460419, 1.2005, 3.1383, 1023.767
1510.083473443985, 1.2004, 3.1385, 1023.524
1512.083606004715, 1.2004, 3.1385, 1023.41
1514.0837090015411, 1.2004, 3.1386, 1023.414
1516.0838124752045, 1.2005, 3.1385, 1023.403
1518.0839030742645, 1.2005, 3.1386, 1023.28
1520.0840334892273, 1.2005, 3.1386, 1023.265
1522.0841674804688, 1.2004, 3.1386, 1023.344
1524.08425116539, 1.2004, 3.1385, 1023.365
1526.0843832492828, 1.2005, 3.1386, 1023.296
1528.0845155715942, 1.2005, 3.1386, 1023.194
1530.0846161842346, 1.2005, 3.1388, 1023.102
1532.0847175121307, 1.2005, 3.1389, 1022.954
1534.0848009586334, 1.2005, 3.1389, 1022.862
1536.0849025249481, 1.2005, 3.1389, 1022.758
1538.0850026607513, 1.2005, 3.1389, 1022.741
1540.0851080417633, 1.2005, 3.1389, 1022.757
1542.085208415985, 1.2005, 3.1389, 1022.794
1544.0853095054626, 1.2005, 3.139, 1022.798
1546.0854125022888, 1.2005, 3.139, 1022.68
1548.085521221161, 1.2005, 3.1391, 1022.319
1550.0856218338013, 1.2005, 3.1391, 1022.213
1552.0857219696045, 1.2005, 3.139, 1022.17
1554.0858228206635, 1.2005, 3.1389, 1022.154
1556.0859298706055, 1.2005, 3.1391, 1022.2
1558.0860295295715, 1.2005, 3.139, 1022.279
1560.0861294269562, 1.2005, 3.1391, 1022.248
1562.0862305164337, 1.2005, 3.139, 1022.156
1564.0863296985626, 1.2005, 3.1391, 1021.95
1566.086430311203, 1.2005, 3.1391, 1021.715
1568.0865111351013, 1.2005, 3.1391, 1021.723
1570.0866088867188, 1.2005, 3.1391, 1021.7
1572.0866956710815, 1.2004, 3.1391, 1021.641
1574.0868282318115, 1.2005, 3.1391, 1021.433
1576.0869281291962, 1.2005, 3.1393, 1021.278
1578.0870270729065, 1.2004, 3.1393, 1021.088
1580.0871686935425, 1.2005, 3.1393, 1021.169
1582.0872685909271, 1.2005, 3.1391, 1021.305
1584.087368965149, 1.2005, 3.1393, 1021.241
1586.0874717235565, 1.2005, 3.1392, 1021.171
1588.0876116752625, 1.2004, 3.1393, 1021.167
1590.0877027511597, 1.2005, 3.1393, 1021.095
1592.087786436081, 1.2004, 3.1393, 1020.995
1594.087887763977, 1.2005, 3.1393, 1021.165
1596.0879895687103, 1.2005, 3.1392, 1021.421
1598.088080406189, 1.2004, 3.1391, 1021.396
1600.0881900787354, 1.2005, 3.1393, 1021.153
1602.088280916214, 1.2005, 3.1393, 1020.988
1604.0883803367615, 1.2005, 3.1393, 1020.951
1606.0884802341461, 1.2004, 3.1394, 1020.821
1608.088562488556, 1.2005, 3.1395, 1020.746
1610.088663816452, 1.2005, 3.1394, 1020.836
1612.0887470245361, 1.2004, 3.1394, 1020.804
1614.088840007782, 1.2005, 3.1396, 1020.596
1616.088944196701, 1.2004, 3.1395, 1020.36
1618.0890338420868, 1.2004, 3.1395, 1020.21
1620.0891199111938, 1.2005, 3.1394, 1020.096
1622.0892033576965, 1.2005, 3.1396, 1019.906
1624.0892870426178, 1.2005, 3.1397, 1019.867
1626.0893743038177, 1.2004, 3.1396, 1019.821
1628.0894849300385, 1.2004, 3.1397, 1019.571
1630.0895845890045, 1.2005, 3.1399, 1019.435
1632.0897269248962, 1.2005, 3.1399, 1019.356
1634.0898303985596, 1.2004, 3.1398, 1019.319
1636.0899186134338, 1.2004, 3.14, 1019.496
1638.0900213718414, 1.2005, 3.14, 1019.479
1640.0901250839233, 1.2005, 3.1398, 1019.401
1642.090228319168, 1.2005, 3.1401, 1019.553
1644.090324640274, 1.2005, 3.14, 1019.351
1646.090470790863, 1.2005, 3.1401, 1018.979
1648.0905528068542, 1.2005, 3.1401, 1018.688
1650.0906422138214, 1.2005, 3.1402, 1018.357
1652.090730190277, 1.2005, 3.1402, 1018.1
1654.0908081531525, 1.2005, 3.1402, 1017.869
1656.090894460678, 1.2005, 3.1403, 1017.874
1658.0909786224365, 1.2005, 3.1403, 1017.865
1660.0911121368408, 1.2005, 3.1405, 1017.773
1662.0912549495697, 1.2005, 3.1405, 1017.684
1664.0913422107697, 1.2005, 3.1405, 1017.641
1666.091427564621, 1.2005, 3.1405, 1017.504
1668.0915825366974, 1.2005, 3.1405, 1017.454
1670.091671705246, 1.2005, 3.1405, 1017.297
1672.0917754173279, 1.2005, 3.1407, 1017.072
1674.0919106006622, 1.2005, 3.1406, 1016.849
1676.0919976234436, 1.2005, 3.1407, 1016.722
1678.0921127796173, 1.2005, 3.1406, 1016.661
1680.0921993255615, 1.2005, 3.1406, 1016.947
1682.092303276062, 1.2005, 3.1406, 1017.236
1684.092402458191, 1.2005, 3.1406, 1017.191
1686.0924940109253, 1.2005, 3.1407, 1017.044
1688.0926010608673, 1.2005, 3.1406, 1016.975
1690.092700958252, 1.2005, 3.1406, 1016.812
1692.0928010940552, 1.2005, 3.1407, 1016.554
1694.0929024219513, 1.2005, 3.1408, 1016.583
1696.093002319336, 1.2005, 3.1407, 1016.791
1698.0931029319763, 1.2005, 3.1407, 1016.73
1700.0932025909424, 1.2005, 3.1408, 1016.641
1702.0933032035828, 1.2005, 3.1407, 1016.679
1704.093384027481, 1.2005, 3.1407, 1016.714
1706.0934917926788, 1.2005, 3.1406, 1016.833
1708.0935938358307, 1.2005, 3.1408, 1017.113
1710.0936923027039, 1.2005, 3.1408, 1017.023
1712.0937948226929, 1.2005, 3.1409, 1017.065
1714.0938966274261, 1.2005, 3.1409, 1016.832
1716.0939979553223, 1.2005, 3.1412, 1016.673
1718.0940988063812, 1.2005, 3.1412, 1016.451
1720.094182729721, 1.2005, 3.1413, 1016.225
1722.0942850112915, 1.2005, 3.1413, 1015.98
1724.0944187641144, 1.2005, 3.1413, 1015.76
1726.0945174694061, 1.2005, 3.1414, 1015.665
1728.094617843628, 1.2005, 3.1414, 1015.361
1730.094697713852, 1.2005, 3.1415, 1015.274
1732.0948004722595, 1.2005, 3.1415, 1015.319
1734.0948798656464, 1.2005, 3.1415, 1015.266
1736.0950157642365, 1.2005, 3.1414, 1015.325
1738.0951058864594, 1.2004, 3.1413, 1015.543
1740.0951929092407, 1.2005, 3.1412, 1015.419
1742.0952897071838, 1.2005, 3.1413, 1015.227
1744.0953991413116, 1.2005, 3.1413, 1015.331
1746.0954847335815, 1.2004, 3.1412, 1015.251
1748.0955700874329, 1.2004, 3.1414, 1015.119
1750.0956709384918, 1.2004, 3.1416, 1014.803
1752.095772266388, 1.2005, 3.1417, 1014.536
1754.0958724021912, 1.2005, 3.1416, 1014.399
1756.0959706306458, 1.2005, 3.1417, 1014.567
1758.0960710048676, 1.2005, 3.1416, 1014.674
1760.0961706638336, 1.2005, 3.1417, 1014.704
1762.0962569713593, 1.2005, 3.1416, 1014.653
1764.0963416099548, 1.2005, 3.1417, 1014.532
1766.096429824829, 1.2005, 3.1418, 1014.374
1768.096512079239, 1.2005, 3.1417, 1014.215
1770.0966122150421, 1.2005, 3.1419, 1014.14
1772.0966942310333, 1.2005, 3.1418, 1014.066
1774.0967774391174, 1.2005, 3.1418, 1013.947
1776.0969133377075, 1.2005, 3.1419, 1013.875
1778.0970010757446, 1.2005, 3.1419, 1013.81
1780.0971031188965, 1.2005, 3.142, 1013.749
1782.0972385406494, 1.2005, 3.1419, 1013.681
1784.0973207950592, 1.2005, 3.1419, 1013.64
1786.097415447235, 1.2004, 3.1417, 1013.576
1788.0975036621094, 1.2005, 3.1418, 1013.431
1790.0975937843323, 1.2004, 3.1418, 1013.338
1792.097680091858, 1.2005, 3.1419, 1013.456
1794.0977804660797, 1.2005, 3.142, 1013.479
1796.0979120731354, 1.2005, 3.1421, 1013.067
1798.098013162613, 1.2004, 3.1421, 1012.858
1800.098114490509, 1.2004, 3.1421, 1012.727
1802.0982110500336, 1.2004, 3.142, 1012.653
1804.098299741745, 1.2004, 3.142, 1012.747
1806.0984373092651, 1.2005, 3.1421, 1012.702
1808.0985276699066, 1.2005, 3.1422, 1012.739
1810.0986306667328, 1.2004, 3.1421, 1012.592
1812.098711490631, 1.2004, 3.142, 1012.699
1814.0987915992737, 1.2004, 3.1421, 1012.571
1816.0988705158234, 1.2004, 3.1421, 1012.564
1818.0989558696747, 1.2004, 3.1422, 1012.487
1820.099045753479, 1.2004, 3.1422, 1012.414
1822.0991296768188, 1.2005, 3.1423, 1012.672
1824.0992305278778, 1.2004, 3.1423, 1012.609
1826.0993130207062, 1.2005, 3.1423, 1012.414
1828.0993926525116, 1.2005, 3.1423, 1012.231
1830.0994787216187, 1.2005, 3.1422, 1012.693
1832.099579334259, 1.2004, 3.1423, 1012.869
1834.0996601581573, 1.2004, 3.1423, 1012.736
1836.0997414588928, 1.2004, 3.1425, 1012.685
1838.0998203754425, 1.2005, 3.1424, 1012.667
1840.0999026298523, 1.2005, 3.1426, 1012.465
1842.0999820232391, 1.2004, 3.1424, 1012.367
1844.1000638008118, 1.2005, 3.1426, 1012.324
1846.1001596450806, 1.2005, 3.1427, 1012.262
1848.1002933979034, 1.2005, 3.1426, 1012.172
1850.1003897190094, 1.2005, 3.1427, 1012.065
1852.1004922389984, 1.2005, 3.1427, 1011.775
1854.100575208664, 1.2005, 3.1428, 1011.622
1856.1006591320038, 1.2005, 3.1427, 1011.735
1858.1007933616638, 1.2005, 3.1428, 1011.917
1860.100878238678, 1.2005, 3.1428, 1011.864
1862.100971698761, 1.2005, 3.1427, 1011.616
1864.1010558605194, 1.2005, 3.1427, 1011.556
1866.1011443138123, 1.2005, 3.1429, 1011.44
1868.1012494564056, 1.2005, 3.1428, 1011.154
1870.1013343334198, 1.2005, 3.1428, 1011.141
1872.1014378070831, 1.2005, 3.143, 1011.147
1874.1015317440033, 1.2004, 3.143, 1010.899
1876.101615190506, 1.2005, 3.143, 1010.678
1878.1016998291016, 1.2005, 3.1432, 1010.612
1880.1017923355103, 1.2005, 3.1432, 1010.367
1882.1018748283386, 1.2005, 3.1432, 1010.137
1884.1019563674927, 1.2005, 3.1431, 1010.03
1886.1020469665527, 1.2005, 3.1431, 1009.934
1888.1021838188171, 1.2005, 3.1433, 1009.926
1890.1023287773132, 1.2005, 3.1432, 1009.845
1892.1024103164673, 1.2005, 3.1433, 1009.872
1894.1024942398071, 1.2005, 3.1432, 1009.784
1896.102573633194, 1.2005, 3.1432, 1010.039
1898.1026575565338, 1.2005, 3.1431, 1010.327
1900.1027383804321, 1.2005, 3.1432, 1010.299
1902.102828502655, 1.2005, 3.1433, 1010.017
1904.102911233902, 1.2005, 3.1433, 1009.981
1906.1029915809631, 1.2005, 3.1434, 1009.795
1908.1030750274658, 1.2005, 3.1434, 1009.755
1910.1031658649445, 1.2005, 3.1432, 1009.678
1912.1032440662384, 1.2005, 3.1434, 1009.629
1914.103324174881, 1.2005, 3.1433, 1009.592
1916.1034018993378, 1.2005, 3.1435, 1009.494
1918.1034922599792, 1.2005, 3.1434, 1009.415
1920.1035785675049, 1.2005, 3.1434, 1009.463
1922.1036586761475, 1.2004, 3.1434, 1009.29
1924.1037454605103, 1.2005, 3.1435, 1009.403
1926.10382604599, 1.2005, 3.1434, 1009.667
1928.103928565979, 1.2005, 3.1434, 1009.361
1930.1040358543396, 1.2005, 3.1435, 1009.336
1932.104116678238, 1.2005, 3.1434, 1009.257
1934.1042149066925, 1.2005, 3.1435, 1009.388
1936.104317188263, 1.2005, 3.1436, 1009.698
1938.1044478416443, 1.2005, 3.1436, 1009.277
1940.104552268982, 1.2005, 3.1437, 1008.826
1942.104637145996, 1.2005, 3.1437, 1008.578
1944.1047222614288, 1.2005, 3.1437, 1008.425
1946.1048276424408, 1.2005, 3.1438, 1008.209
1948.1049132347107, 1.2005, 3.1439, 1008.047
1950.1049933433533, 1.2005, 3.1439, 1007.905
1952.105078458786, 1.2005, 3.144, 1007.838
1954.1051800251007, 1.2005, 3.1439, 1008.029
1956.105269908905, 1.2005, 3.1439, 1008.342
1958.1053705215454, 1.2005, 3.1439, 1008.214
1960.1054532527924, 1.2005, 3.144, 1007.971
1962.1055402755737, 1.2005, 3.144, 1007.84
1964.105642080307, 1.2005, 3.1439, 1007.78
1966.1057436466217, 1.2005, 3.1439, 1008.02
1968.105845451355, 1.2005, 3.144, 1008.3
1970.1059291362762, 1.2005, 3.1439, 1008.252
1972.1060321331024, 1.2005, 3.1439, 1008.236
1974.1061344146729, 1.2005, 3.144, 1008.174
1976.1062355041504, 1.2005, 3.144, 1008.113
1978.1063449382782, 1.2005, 3.144, 1008.052
1980.10644364357, 1.2005, 3.1441, 1007.936
1982.1065447330475, 1.2005, 3.1441, 1007.777
1984.1066224575043, 1.2005, 3.1442, 1007.767
1986.1067235469818, 1.2005, 3.1441, 1007.884
1988.1068251132965, 1.2005, 3.1442, 1007.899
1990.1069259643555, 1.2005, 3.1442, 1007.783
1992.1070079803467, 1.2005, 3.1442, 1007.672
1994.1071090698242, 1.2005, 3.1441, 1007.564
1996.1072092056274, 1.2005, 3.1443, 1007.266
1998.1073114871979, 1.2005, 3.1443, 1007.141
2000.107416152954, 1.2005, 3.1443, 1006.961
2002.1075420379639, 1.2005, 3.1443, 1006.774
2004.1076755523682, 1.2005, 3.1445, 1006.594
2006.1078100204468, 1.2005, 3.1444, 1006.536
2008.1079058647156, 1.2005, 3.1444, 1006.363
2010.1080150604248, 1.2005, 3.1444, 1006.144
2012.1081159114838, 1.2004, 3.1445, 1005.979
2014.1082482337952, 1.2005, 3.1445, 1005.894
2016.1083552837372, 1.2005, 3.1447, 1005.842
2018.1084568500519, 1.2005, 3.1446, 1005.828
2020.1085555553436, 1.2005, 3.1446, 1005.895
2022.1086552143097, 1.2005, 3.1446, 1005.909
2024.1087572574615, 1.2005, 3.1445, 1006.063
2026.1088409423828, 1.2005, 3.1445, 1006.205
2028.1089415550232, 1.2005, 3.1446, 1006.144
2030.1090219020844, 1.2005, 3.1446, 1006.13
2032.109121799469, 1.2005, 3.1446, 1006.233
2034.109209537506, 1.2005, 3.1446, 1006.316
2036.1092920303345, 1.2005, 3.1445, 1006.429
2038.1093809604645, 1.2005, 3.1446, 1006.583
2040.109482049942, 1.2005, 3.1445, 1006.541
2042.109617471695, 1.2005, 3.1445, 1006.423
2044.1097197532654, 1.2005, 3.1446, 1006.423
2046.1098217964172, 1.2005, 3.1446, 1006.428
2048.109963655472, 1.2005, 3.1445, 1006.337
2050.1100618839264, 1.2005, 3.1445, 1006.345
2052.1101624965668, 1.2005, 3.1446, 1006.345
2054.110247850418, 1.2005, 3.1447, 1006.373
2056.1103518009186, 1.2005, 3.1447, 1006.456
2058.1104674339294, 1.2005, 3.1446, 1006.56
2060.110602617264, 1.2005, 3.1446, 1006.507
2062.110703229904, 1.2005, 3.1447, 1006.463
2064.110803604126, 1.2005, 3.1448, 1006.552
2066.1109046936035, 1.2005, 3.1446, 1006.685
2068.111005306244, 1.2005, 3.1448, 1006.669
2070.111109018326, 1.2005, 3.1447, 1006.391
2072.1112253665924, 1.2005, 3.1448, 1006.033
2074.1113357543945, 1.2005, 3.1448, 1005.852
2076.111469268799, 1.2005, 3.1448, 1006.027
2078.1115493774414, 1.2005, 3.1449, 1006.151
2080.111649990082, 1.2005, 3.1448, 1005.995
2082.1117424964905, 1.2005, 3.1448, 1005.866
2084.1118445396423, 1.2005, 3.1449, 1005.492
2086.1119792461395, 1.2005, 3.1448, 1005.421
2088.1120715141296, 1.2005, 3.1448, 1005.419
2090.1121706962585, 1.2005, 3.145, 1005.124
2092.1122574806213, 1.2005, 3.145, 1005.055
2094.1123399734497, 1.2005, 3.145, 1005.105
2096.1124308109283, 1.2005, 3.1449, 1005.132
2098.1125190258026, 1.2005, 3.1449, 1005.242
2100.1126053333282, 1.2005, 3.1448, 1005.351
2102.1126868724823, 1.2005, 3.1449, 1005.376
2104.112788915634, 1.2005, 3.1448, 1005.314
2106.1128685474396, 1.2005, 3.1448, 1005.255
2108.112973213196, 1.2005, 3.1448, 1005.188
2110.113097190857, 1.2005, 3.1447, 1005.009
2112.1131987571716, 1.2005, 3.1449, 1004.943
2114.1133031845093, 1.2005, 3.1449, 1004.778
2116.1133897304535, 1.2005, 3.145, 1004.705
2118.1134877204895, 1.2005, 3.1449, 1004.697
2120.1135890483856, 1.2005, 3.1449, 1004.914
2122.1136939525604, 1.2005, 3.145, 1004.919
2124.1137812137604, 1.2005, 3.145, 1004.704
2126.1138863563538, 1.2005, 3.1451, 1004.699
2128.1139879226685, 1.2005, 3.1452, 1004.704
2130.1140813827515, 1.2005, 3.1453, 1004.468
2132.114217042923, 1.2005, 3.1453, 1004.246
2134.114317893982, 1.2005, 3.1452, 1004.249
2136.1144518852234, 1.2005, 3.1451, 1004.422
2138.114594221115, 1.2005, 3.1451, 1004.287
2140.1147015094757, 1.2005, 3.1453, 1004.239
2142.1148476600647, 1.2005, 3.1453, 1004.154
2144.114948272705, 1.2005, 3.1454, 1003.843
2146.1150510311127, 1.2005, 3.1453, 1003.893
2148.115158557892, 1.2005, 3.1454, 1003.997
2150.115261077881, 1.2005, 3.1453, 1003.989
2152.115358352661, 1.2005, 3.1453, 1004.023
2154.1154980659485, 1.2005, 3.1454, 1004.045
2156.115603685379, 1.2005, 3.1453, 1003.961
2158.1157455444336, 1.2005, 3.1454, 1003.718
2160.115880727768, 1.2005, 3.1455, 1003.427
2162.1159834861755, 1.2005, 3.1454, 1003.148
2164.1160941123962, 1.2005, 3.1455, 1002.956
2166.1161954402924, 1.2005, 3.1456, 1002.789
2168.116293668747, 1.2005, 3.1456, 1003.014
2170.11639380455, 1.2005, 3.1458, 1002.801
2172.1164796352386, 1.2005, 3.1457, 1002.681
2174.116612672806, 1.2005, 3.1458, 1002.545
2176.1167125701904, 1.2005, 3.1457, 1002.396
2178.11679148674, 1.2005, 3.1457, 1002.503
2180.1168711185455, 1.2005, 3.1457, 1002.555
2182.116961956024, 1.2005, 3.1457, 1002.61
2184.117068052292, 1.2005, 3.1457, 1002.519
2186.117154121399, 1.2005, 3.1457, 1002.676
2188.1172568798065, 1.2005, 3.1457, 1002.806
2190.1173601150513, 1.2005, 3.1456, 1002.906
2192.1174697875977, 1.2005, 3.1457, 1003.102
2194.117573738098, 1.2005, 3.1456, 1003.059
2196.117650270462, 1.2005, 3.1456, 1003.164
2198.1177537441254, 1.2005, 3.1455, 1003.316
2200.11785531044, 1.2005, 3.1455, 1003.337
2202.117935180664, 1.2005, 3.1457, 1003.121
2204.118042945862, 1.2005, 3.1456, 1002.918
2206.11812210083, 1.2005, 3.1457, 1003.003
2208.118220090866, 1.2005, 3.1456, 1003.076
2210.1183092594147, 1.2005, 3.1457, 1003.062
2212.118421792984, 1.2005, 3.1458, 1003.028
2214.118505716324, 1.2005, 3.1458, 1002.974
2216.1186072826385, 1.2005, 3.1458, 1002.865
2218.1187121868134, 1.2005, 3.1459, 1002.717
2220.1188180446625, 1.2005, 3.146, 1002.72
2222.118900537491, 1.2005, 3.1459, 1002.617
2224.1190164089203, 1.2005, 3.1458, 1002.405
2226.1191534996033, 1.2005, 3.1459, 1002.409
2228.1192605495453, 1.2005, 3.1459, 1002.309
2230.11936211586, 1.2005, 3.1459, 1002.258
2232.119444847107, 1.2005, 3.146, 1002.246
2234.119546890259, 1.2005, 3.1461, 1002.192
2236.1196477413177, 1.2005, 3.146, 1002.032
2238.119748353958, 1.2005, 3.1461, 1001.922
2240.1198496818542, 1.2005, 3.1461, 1001.89
2242.1199519634247, 1.2005, 3.1461, 1001.778
2244.1200404167175, 1.2005, 3.146, 1001.674
2246.120132446289, 1.2005, 3.1462, 1001.566
2248.120224237442, 1.2005, 3.1461, 1001.473
2250.1203072071075, 1.2005, 3.1463, 1001.415
2252.1204097270966, 1.2005, 3.1464, 1001.312
2254.120512008667, 1.2005, 3.1464, 1001.346
2256.120614051819, 1.2005, 3.1463, 1001.436
2258.1207180023193, 1.2005, 3.1463, 1001.473
2260.1208534240723, 1.2005, 3.1462, 1001.349
2262.120955467224, 1.2005, 3.1463, 1001.218
2264.1210432052612, 1.2005, 3.1463, 1001.132
2266.121211051941, 1.2005, 3.1464, 1001.163
2268.121312856674, 1.2005, 3.1464, 1001.261
2270.1214566230774, 1.2005, 3.1464, 1001.255
2272.1215481758118, 1.2005, 3.1464, 1001.19
2274.121687889099, 1.2005, 3.1465, 1001.082
2276.1217987537384, 1.2005, 3.1466, 1000.702
2278.1219086647034, 1.2005, 3.1466, 1000.334
2280.122013092041, 1.2005, 3.1466, 1000.121
2282.122145652771, 1.2005, 3.1468, 1000.054
2284.122248649597, 1.2005, 3.1468, 999.8082
2286.122327566147, 1.2005, 3.1467, 999.8418
2288.122430562973, 1.2005, 3.1467, 1000.131
2290.122532606125, 1.2005, 3.1466, 1000.22
2292.1226143836975, 1.2005, 3.1465, 1000.242
2294.122704744339, 1.2005, 3.1466, 1000.346
2296.122808933258, 1.2005, 3.1467, 1000.304
2298.1229112148285, 1.2005, 3.1465, 1000.308
2300.1230120658875, 1.2005, 3.1467, 1000.377
2302.12309551239, 1.2005, 3.1468, 1000.29
2304.123180627823, 1.2005, 3.1466, 1000.545
2306.1232738494873, 1.2005, 3.1465, 1000.65
2308.12340426445, 1.2005, 3.1465, 1000.804
2310.1235620975494, 1.2005, 3.1465, 1000.946
2312.1236650943756, 1.2005, 3.1464, 1001.006
2314.123955488205, 1.2005, 3.1465, 1000.965
2316.1240632534027, 1.2005, 3.1463, 1000.898
2318.124166250229, 1.2005, 3.1465, 1000.868
2320.124268770218, 1.2005, 3.1466, 1000.814
2322.1243500709534, 1.2005, 3.1465, 1000.973
2324.1244461536407, 1.2005, 3.1466, 1000.976
2326.124534368515, 1.2005, 3.1466, 1000.684
2328.1246695518494, 1.2005, 3.1466, 1000.494
2330.124772787094, 1.2005, 3.1466, 1000.443
2332.12487244606, 1.2005, 3.1467, 1000.468
2334.1249799728394, 1.2005, 3.1466, 1000.556
2336.125081539154, 1.2005, 3.1466, 1000.404
2338.1251645088196, 1.2005, 3.1466, 1000.361
2340.1252422332764, 1.2005, 3.1466, 1000.339
2342.1253452301025, 1.2005, 3.1465, 1000.47
2344.1254484653473, 1.2005, 3.1465, 1000.65
2346.125551223755, 1.2005, 3.1465, 1000.751
2348.1256835460663, 1.2005, 3.1466, 1000.719
2350.1258301734924, 1.2005, 3.1467, 1000.363
2352.125931739807, 1.2005, 3.1465, 1000.091
2354.126012325287, 1.2005, 3.1467, 999.8674
2356.126114845276, 1.2005, 3.1467, 999.7894
2358.12619805336, 1.2005, 3.1467, 999.6924
2360.1262934207916, 1.2005, 3.1469, 999.4939
2362.1263949871063, 1.2005, 3.1469, 999.3299
2364.126498937607, 1.2005, 3.1469, 999.3389
2366.1265802383423, 1.2005, 3.1468, 999.3465
2368.12668299675, 1.2005, 3.1469, 999.4604
2370.1267631053925, 1.2005, 3.1468, 999.5279
2372.126847267151, 1.2005, 3.1469, 999.6342
2374.126934528351, 1.2005, 3.1468, 999.5934
2376.127014398575, 1.2005, 3.1466, 999.6695
2378.127150297165, 1.2005, 3.1468, 999.6687
2380.127249479294, 1.2005, 3.1468, 999.7055
2382.127362728119, 1.2005, 3.1468, 999.817
2384.127463579178, 1.2005, 3.1467, 999.8869
2386.1275613307953, 1.2004, 3.1468, 999.8439
2388.1276438236237, 1.2005, 3.1469, 999.7015
2390.127743959427, 1.2004, 3.1467, 999.523
2392.1278495788574, 1.2005, 3.1468, 999.4656
2394.127950191498, 1.2005, 3.1468, 999.4333
2396.1280558109283, 1.2005, 3.1468, 999.2928
2398.1281893253326, 1.2005, 3.1468, 999.1442
2400.128345966339, 1.2005, 3.1469, 999.0113
2402.1284465789795, 1.2005, 3.1469, 998.9276
2404.128536462784, 1.2004, 3.1469, 998.8503
2406.1286273002625, 1.2005, 3.1469, 998.5644
2408.1287269592285, 1.2005, 3.147, 998.2748
2410.1288290023804, 1.2005, 3.147, 998.1642
2412.1289076805115, 1.2005, 3.1471, 998.0181
2414.1290085315704, 1.2005, 3.1472, 997.8952
2416.1291093826294, 1.2005, 3.1471, 997.9498
2418.129217147827, 1.2005, 3.1473, 997.8738
2420.1293473243713, 1.2005, 3.1473, 997.7983
2422.129435300827, 1.2005, 3.1472, 997.7675
2424.1295359134674, 1.2005, 3.1473, 997.6447
2426.1296377182007, 1.2005, 3.1472, 997.9214
2428.129740715027, 1.2005, 3.1474, 997.8845
2430.1298191547394, 1.2005, 3.1473, 997.7397
2432.1299250125885, 1.2005, 3.1474, 997.5459
2434.130011320114, 1.2005, 3.1475, 997.4076
2436.1300966739655, 1.2005, 3.1474, 997.5367
2438.130180835724, 1.2005, 3.1475, 997.4092
2440.1302692890167, 1.2005, 3.1475, 997.123
2442.130349636078, 1.2005, 3.1475, 997.2287
2444.1304919719696, 1.2005, 3.1476, 997.1704
2446.13059425354, 1.2005, 3.1475, 997.1044
2448.130693435669, 1.2005, 3.1477, 997.1332
2450.130793571472, 1.2005, 3.1476, 997.1795
2452.1309003829956, 1.2005, 3.1476, 997.1009
2454.1309909820557, 1.2005, 3.1476, 997.0516
2456.131131887436, 1.2005, 3.1476, 996.8144
2458.1312165260315, 1.2005, 3.1476, 996.657
2460.1313009262085, 1.2005, 3.1478, 996.5775
2462.1313853263855, 1.2005, 3.1476, 996.5461
2464.131486415863, 1.2005, 3.1478, 996.4327
2466.131552696228, 1.2005, 3.1478, 996.4059
2468.1316537857056, 1.2005, 3.1478, 996.2679
2470.1317393779755, 1.2005, 3.1479, 996.0631
2472.1318397521973, 1.2005, 3.1479, 995.9313
2474.1319403648376, 1.2005, 3.148, 995.8936
2476.132024049759, 1.2004, 3.1479, 995.9453
2478.1321110725403, 1.2005, 3.1478, 996.174
2480.132244348526, 1.2005, 3.1478, 996.2916
2482.132345676422, 1.2005, 3.1478, 996.4365
2484.1324229240417, 1.2005, 3.1479, 996.4619
2486.132557153702, 1.2005, 3.1478, 996.37
2488.1326379776, 1.2005, 3.1479, 996.3854
2490.1327233314514, 1.2005, 3.1479, 996.4372
2492.132805585861, 1.2005, 3.1479, 996.4459
2494.1328949928284, 1.2005, 3.1479, 996.398
2496.132976770401, 1.2005, 3.1479, 996.434
2498.1330800056458, 1.2005, 3.1478, 996.5373
2500.13321352005, 1.2005, 3.1478, 996.7219
2502.1332943439484, 1.2005, 3.1478, 996.8854
2504.133378267288, 1.2005, 3.1477, 996.8189
2506.133460998535, 1.2005, 3.1477, 996.6484
2508.1335945129395, 1.2005, 3.1477, 996.4166
2510.1337270736694, 1.2005, 3.1479, 996.223
2512.133859872818, 1.2005, 3.1479, 996.0326
2514.13396191597, 1.2004, 3.148, 995.9607
2516.1341047286987, 1.2005, 3.1478, 996.2437
2518.1342420578003, 1.2005, 3.1478, 996.6459
2520.134337902069, 1.2005, 3.1478, 996.9174
2522.1344695091248, 1.2005, 3.1478, 997.0368
2524.1345710754395, 1.2005, 3.1478, 996.9922
2526.1346774101257, 1.2005, 3.1478, 996.9002
2528.1347799301147, 1.2005, 3.1478, 996.7473
2530.1348900794983, 1.2005, 3.1478, 996.6644
2532.1349906921387, 1.2005, 3.1479, 996.5381
2534.135091304779, 1.2005, 3.1479, 996.4135
2536.135191679001, 1.2005, 3.1478, 996.2111
2538.135268688202, 1.2005, 3.1478, 996.0593
2540.135368824005, 1.2005, 3.148, 995.9678
2542.1354701519012, 1.2005, 3.1479, 995.9177
2544.135570526123, 1.2005, 3.148, 996.0773
2546.1356575489044, 1.2005, 3.148, 995.9775
2548.1357402801514, 1.2005, 3.148, 995.7683
2550.135839700699, 1.2004, 3.148, 995.5006
2552.1359419822693, 1.2005, 3.1481, 995.239
2554.136073589325, 1.2005, 3.1481, 995.0401
2556.1361598968506, 1.2005, 3.1482, 994.8141
2558.1362674236298, 1.2004, 3.1482, 994.4822
2560.13635969162, 1.2005, 3.1483, 994.1894
2562.136494398117, 1.2005, 3.1484, 994.1102
2564.1366312503815, 1.2005, 3.1484, 994.0148
2566.136718273163, 1.2005, 3.1483, 993.9163
2568.13680434227, 1.2005, 3.1485, 993.9192
2570.136895418167, 1.2005, 3.1486, 993.9948
2572.136995077133, 1.2005, 3.1485, 993.9156
2574.1370797157288, 1.2005, 3.1485, 993.7504
2576.137170314789, 1.2005, 3.1485, 993.5887
2578.137252807617, 1.2005, 3.1485, 993.4775
2580.137336730957, 1.2005, 3.1486, 993.3364
2582.137479543686, 1.2005, 3.1486, 993.2593
2584.137573480606, 1.2005, 3.1487, 993.3131
2586.1377041339874, 1.2005, 3.1486, 993.2004
2588.1378009319305, 1.2005, 3.1486, 993.0735
2590.137899875641, 1.2005, 3.1488, 992.9268
2592.137981414795, 1.2005, 3.1488, 992.7039
2594.1381285190582, 1.2005, 3.1489, 992.4771
2596.1382145881653, 1.2005, 3.1488, 992.2855
2598.13835477829, 1.2005, 3.1489, 992.2745
2600.1384375095367, 1.2005, 3.1489, 992.3966
2602.1385383605957, 1.2005, 3.1488, 992.4126
2604.1386168003082, 1.2005, 3.1488, 992.6758
2606.138715982437, 1.2005, 3.1488, 993.0855
2608.138817548752, 1.2004, 3.1486, 993.319
2610.1389083862305, 1.2005, 3.1486, 993.3855
2612.1390132904053, 1.2005, 3.1487, 993.4557
2614.1391139030457, 1.2005, 3.1487, 993.2281
2616.139246225357, 1.2005, 3.1488, 992.9577
2618.1393477916718, 1.2005, 3.1488, 992.9592
2620.1394340991974, 1.2004, 3.1488, 992.9201
2622.139536380768, 1.2005, 3.1488, 992.9694
2624.139638900757, 1.2005, 3.1488, 993.059
2626.13974070549, 1.2005, 3.1488, 993.1191
2628.1398153305054, 1.2005, 3.1487, 993.2722
2630.1399161815643, 1.2005, 3.1487, 993.2885
2632.1400105953217, 1.2005, 3.1487, 993.2018
2634.1401419639587, 1.2005, 3.1489, 993.056
2636.1402525901794, 1.2005, 3.1488, 993.0045
2638.1403493881226, 1.2005, 3.1488, 993.0235
2640.140451669693, 1.2005, 3.1488, 993.1507
2642.140547990799, 1.2005, 3.1486, 993.2523
2644.140649318695, 1.2005, 3.1487, 993.3961
2646.140729188919, 1.2005, 3.1487, 993.4802
2648.140813112259, 1.2005, 3.1486, 993.5386
2650.1409125328064, 1.2005, 3.1486, 993.586
2652.1410188674927, 1.2005, 3.1486, 993.6276
2654.1411044597626, 1.2005, 3.1488, 993.5592
2656.1412065029144, 1.2005, 3.1487, 993.5823
2658.1413209438324, 1.2005, 3.1487, 993.6728
2660.1414201259613, 1.2005, 3.1486, 993.8202
2662.1415252685547, 1.2005, 3.1487, 994.054
2664.1416249275208, 1.2005, 3.1485, 994.2431
2666.141731262207, 1.2005, 3.1485, 994.3125
2668.1418709754944, 1.2005, 3.1484, 994.3263
2670.142008781433, 1.2005, 3.1484, 994.3819
2672.142115831375, 1.2005, 3.1483, 994.42
2674.142254114151, 1.2005, 3.1484, 994.327
2676.1423375606537, 1.2005, 3.1485, 994.347
2678.1424367427826, 1.2005, 3.1485, 994.0283
2680.1425201892853, 1.2005, 3.1486, 993.8795
2682.1425969600677, 1.2005, 3.1485, 993.7554
2684.1426820755005, 1.2005, 3.1485, 993.6814
2686.142829179764, 1.2005, 3.1484, 993.6215
2688.1429450511932, 1.2005, 3.1484, 993.7769
2690.1430456638336, 1.2005, 3.1484, 993.7981
2692.143146753311, 1.2005, 3.1483, 993.6375
2694.143250465393, 1.2005, 3.1485, 993.5678
2696.143392801285, 1.2005, 3.1486, 993.5079
2698.143478155136, 1.2004, 3.1485, 993.3745
2700.1435537338257, 1.2005, 3.1485, 993.4125
2702.1436944007874, 1.2005, 3.1486, 993.464
2704.143778562546, 1.2005, 3.1485, 993.2918
2706.143860578537, 1.2005, 3.1487, 993.033
2708.1439430713654, 1.2005, 3.1487, 992.8275
2710.144022464752, 1.2005, 3.1489, 992.7215
2712.1441082954407, 1.2005, 3.1488, 992.6521
2714.144194126129, 1.2005, 3.1489, 992.4635
2716.1443326473236, 1.2005, 3.1489, 992.2936
2718.1444091796875, 1.2005, 3.1489, 992.2016
2720.144509792328, 1.2005, 3.1489, 992.2005
2722.144610643387, 1.2005, 3.1489, 992.3272
2724.1447126865387, 1.2004, 3.1489, 992.558
2726.144823551178, 1.2004, 3.1488, 992.8498
2728.144954442978, 1.2005, 3.1488, 993.0855
2730.145089864731, 1.2004, 3.1487, 993.3263
2732.145231485367, 1.2005, 3.1487, 993.5094
2734.145332813263, 1.2004, 3.1486, 993.7382
2736.145416021347, 1.2005, 3.1487, 993.5405
2738.145514011383, 1.2005, 3.1486, 993.6195
2740.1456019878387, 1.2005, 3.1486, 993.7399
2742.145706176758, 1.2004, 3.1486, 993.8599
2744.1458139419556, 1.2004, 3.1485, 993.9362
2746.1458961963654, 1.2005, 3.1487, 993.8986
2748.1459851264954, 1.2005, 3.1486, 993.891
2750.1460840702057, 1.2005, 3.1486, 993.7962
2752.1461896896362, 1.2005, 3.1486, 993.7165
2754.1462700366974, 1.2005, 3.1486, 993.651
2756.14635682106, 1.2005, 3.1486, 993.446
2758.146445274353, 1.2005, 3.1487, 993.1709
2760.1465311050415, 1.2005, 3.1486, 993.0259
2762.1466150283813, 1.2005, 3.1487, 992.9076
2764.146699666977, 1.2005, 3.1487, 992.8031
2766.1467978954315, 1.2005, 3.1489, 992.7196
2768.1468982696533, 1.2005, 3.149, 992.5674
2770.146996974945, 1.2005, 3.149, 992.5002
2772.1470823287964, 1.2004, 3.149, 992.3496
2774.147218465805, 1.2005, 3.149, 992.0992
2776.147310733795, 1.2004, 3.1491, 992.0958
2778.147414445877, 1.2005, 3.1489, 992.1449
2780.147552728653, 1.2005, 3.1489, 992.1593
2782.147639274597, 1.2005, 3.149, 992.1546
2784.1477205753326, 1.2004, 3.1489, 992.2499
2786.1478061676025, 1.2004, 3.1489, 992.3643
2788.1478967666626, 1.2004, 3.1489, 992.4177
2790.147971391678, 1.2004, 3.1489, 992.4928
2792.148111343384, 1.2005, 3.1489, 992.5443
2794.148214817047, 1.2005, 3.1491, 992.4685
2796.14830160141, 1.2005, 3.1489, 992.3443
2798.1483879089355, 1.2005, 3.1489, 992.2849
2800.1485199928284, 1.2004, 3.149, 992.3481
2802.148602247238, 1.2005, 3.149, 992.3314
2804.1486859321594, 1.2005, 3.149, 992.3204
2806.148821115494, 1.2004, 3.1489, 992.2493
2808.1489119529724, 1.2005, 3.1489, 992.0883
2810.149045228958, 1.2004, 3.1489, 992.0748
2812.1491601467133, 1.2005, 3.1489, 992.0407
2814.1492536067963, 1.2005, 3.1489, 992.0188
2816.1493577957153, 1.2005, 3.1491, 992.0461
2818.1494615077972, 1.2005, 3.149, 992.2369
2820.149557352066, 1.2005, 3.149, 992.1012
2822.1496620178223, 1.2005, 3.1491, 991.8598
2824.149752855301, 1.2005, 3.149, 991.7572
2826.1498296260834, 1.2005, 3.1492, 991.8651
2828.1499614715576, 1.2005, 3.1492, 991.6094
2830.1500561237335, 1.2004, 3.1492, 991.4794
2832.1501858234406, 1.2005, 3.1492, 991.4797
2834.1503212451935, 1.2005, 3.1492, 991.5922
2836.1504118442535, 1.2005, 3.1492, 991.4912
2838.1504940986633, 1.2005, 3.1493, 991.2562
2840.1505987644196, 1.2005, 3.1494, 991.2768
2842.1507329940796, 1.2005, 3.1494, 991.2388
2844.150771379471, 1.2005, 3.1494, 991.3963
2846.150905609131, 1.2005, 3.1495, 991.4869
2848.151035785675, 1.2005, 3.1493, 991.6072
2850.1511385440826, 1.2005, 3.1494, 991.6603
2852.15127158165, 1.2004, 3.1493, 991.6083
2854.151388645172, 1.2005, 3.1493, 991.5535
2856.151490688324, 1.2005, 3.1493, 991.4021
2858.151570558548, 1.2005, 3.1493, 991.1746
2860.1516647338867, 1.2005, 3.1494, 990.9224
2862.1517560482025, 1.2005, 3.1494, 990.8007
2864.15185713768, 1.2005, 3.1495, 990.7658
2866.151937484741, 1.2005, 3.1495, 990.6868
2868.1520364284515, 1.2005, 3.1496, 990.5508
2870.1521158218384, 1.2005, 3.1496, 990.4629
2872.1521983146667, 1.2005, 3.1495, 990.4949
2874.1522977352142, 1.2005, 3.1495, 990.7162
2876.152443885803, 1.2005, 3.1494, 990.8512
2878.152530193329, 1.2005, 3.1494, 991.0119
2880.1526074409485, 1.2005, 3.1493, 991.1872
2882.1526927948, 1.2005, 3.1492, 991.2924
2884.1527919769287, 1.2005, 3.1493, 991.3797
2886.1528944969177, 1.2005, 3.1493, 991.2765
2888.1529927253723, 1.2005, 3.1494, 991.2455
2890.1530928611755, 1.2005, 3.1493, 991.1074
2892.1531953811646, 1.2005, 3.1494, 990.9181
2894.1532759666443, 1.2005, 3.1494, 990.8949
2896.153376340866, 1.2005, 3.1494, 990.8839
2898.153450489044, 1.2005, 3.1494, 990.7365
2900.1535477638245, 1.2005, 3.1495, 990.5417
2902.1536469459534, 1.2005, 3.1495, 990.5842
2904.153753757477, 1.2005, 3.1495, 990.6329
2906.15385389328, 1.2004, 3.1495, 990.5954
2908.1539344787598, 1.2005, 3.1494, 990.7908
2910.1540207862854, 1.2004, 3.1494, 990.8346
2912.1541056632996, 1.2005, 3.1494, 990.7397
2914.154194831848, 1.2005, 3.1494, 990.5786
2916.154286146164, 1.2005, 3.1494, 990.5161
2918.154386281967, 1.2004, 3.1493, 990.6276
2920.1544649600983, 1.2004, 3.1492, 990.8527
2922.1545457839966, 1.2004, 3.1493, 990.9008
2924.154637813568, 1.2005, 3.1493, 990.8571
2926.154747247696, 1.2005, 3.1493, 990.5842
2928.1548364162445, 1.2005, 3.1494, 990.4057
2930.1549203395844, 1.2005, 3.1495, 990.3167
2932.1550028324127, 1.2004, 3.1495, 990.0713
2934.1550855636597, 1.2005, 3.1495, 989.9468
2936.1551694869995, 1.2005, 3.1496, 989.9048
2938.155252933502, 1.2004, 3.1496, 989.8769
2940.1553547382355, 1.2005, 3.1496, 989.8393
2942.155437231064, 1.2005, 3.1496, 989.8272
2944.155529499054, 1.2005, 3.1496, 989.7496
2946.155658721924, 1.2005, 3.1496, 989.5459
2948.155759334564, 1.2005, 3.1496, 989.4254
2950.1558442115784, 1.2005, 3.1498, 989.3319
2952.1559257507324, 1.2005, 3.1499, 989.2998
2954.1560640335083, 1.2005, 3.1499, 989.2057
2956.156192779541, 1.2004, 3.1499, 989.0517
2958.156275033951, 1.2004, 3.15, 988.9046
2960.1563551425934, 1.2005, 3.1499, 988.7276
2962.1564383506775, 1.2005, 3.1502, 988.7419
2964.1565210819244, 1.2005, 3.1502, 988.83
2966.1566059589386, 1.2005, 3.1502, 988.9378
2968.1567034721375, 1.2004, 3.1503, 988.7419
2970.1567857265472, 1.2005, 3.1503, 988.6219
2972.156884431839, 1.2005, 3.1503, 988.3571
2974.156982898712, 1.2005, 3.1504, 988.138
2976.1570658683777, 1.2004, 3.1503, 988.0982
2978.1571502685547, 1.2004, 3.1502, 988.2017
2980.1572353839874, 1.2005, 3.1503, 988.1584
2982.157330274582, 1.2005, 3.1504, 988.0646
2984.157424926758, 1.2005, 3.1504, 988.148
2986.1575100421906, 1.2005, 3.1504, 988.2607
2988.15758728981, 1.2004, 3.1503, 988.3325
2990.157675266266, 1.2005, 3.1503, 988.3578
2992.1578102111816, 1.2005, 3.1504, 988.425
2994.1579463481903, 1.2005, 3.1504, 988.5689
2996.1580879688263, 1.2005, 3.1504, 988.7263
2998.1581795215607, 1.2005, 3.1503, 988.9287
3000.1582765579224, 1.2005, 3.1504, 989.1065
3002.1584186553955, 1.2005, 3.1503, 989.0913
3004.1585533618927, 1.2005, 3.1503, 989.0369
3006.1586322784424, 1.2005, 3.1503, 989.0859
3008.158760547638, 1.2005, 3.15, 989.1401
3010.1588957309723, 1.2005, 3.1502, 989.1367
3012.158992767334, 1.2005, 3.1503, 988.8702
3014.1590943336487, 1.2005, 3.1503, 988.6072
3016.159194946289, 1.2005, 3.1503, 988.4889
3018.159275531769, 1.2005, 3.1503, 988.5242
3020.1593770980835, 1.2005, 3.1505, 988.4423
3022.1594824790955, 1.2005, 3.1505, 988.3793
3024.1595582962036, 1.2005, 3.1504, 988.3017
3026.159658908844, 1.2005, 3.1506, 988.2678
3028.1597559452057, 1.2005, 3.1506, 988.0451
3030.1598465442657, 1.2005, 3.1505, 987.8816
3032.159931898117, 1.2005, 3.1505, 987.8721
3034.1600148677826, 1.2005, 3.1505, 987.6901
3036.1600971221924, 1.2005, 3.1506, 987.6295
3038.160235643387, 1.2005, 3.1506, 987.7506
3040.1603350639343, 1.2005, 3.1504, 987.7793
3042.160412788391, 1.2005, 3.1506, 987.7465
3044.1605150699615, 1.2005, 3.1505, 987.8048
3046.1606142520905, 1.2005, 3.1506, 987.8996
3048.1607472896576, 1.2005, 3.1506, 987.9384
3050.1608469486237, 1.2005, 3.1506, 987.9183
3052.160947561264, 1.2004, 3.1506, 987.9309
3054.1610476970673, 1.2005, 3.1506, 987.9189
3056.161139011383, 1.2005, 3.1506, 987.8291
3058.1612362861633, 1.2005, 3.1507, 987.7912
3060.1613235473633, 1.2005, 3.1505, 987.7332
3062.161408185959, 1.2005, 3.1506, 987.7441
3064.1614944934845, 1.2005, 3.1507, 987.8512
3066.161592245102, 1.2005, 3.1507, 987.8853
3068.1616802215576, 1.2005, 3.1506, 987.9492
3070.1617867946625, 1.2005, 3.1505, 987.9706
3072.161866903305, 1.2004, 3.1505, 987.9338
3074.1619713306427, 1.2004, 3.1506, 987.909
3076.1620631217957, 1.2004, 3.1505, 987.8082
3078.1621437072754, 1.2005, 3.1506, 987.821
3080.162247657776, 1.2004, 3.1506, 987.9017
3082.1623392105103, 1.2005, 3.1505, 987.9384
3084.162451028824, 1.2004, 3.1503, 987.9761
3086.1625838279724, 1.2005, 3.1504, 987.9235
3088.162733078003, 1.2005, 3.1506, 987.9132
3090.1628675460815, 1.2005, 3.1505, 987.9314
3092.1629569530487, 1.2004, 3.1505, 987.6403
3094.1630597114563, 1.2004, 3.1505, 987.4126
3096.163161277771, 1.2005, 3.1505, 987.4172
3098.163256406784, 1.2004, 3.1505, 987.536
3100.1633400917053, 1.2004, 3.1504, 987.7519
3102.1634793281555, 1.2004, 3.1505, 987.8871
3104.163559436798, 1.2004, 3.1504, 987.8386
3106.163647413254, 1.2005, 3.1504, 987.703
3108.1637279987335, 1.2004, 3.1503, 987.5509
3110.1638276576996, 1.2005, 3.1504, 987.4513
3112.1639111042023, 1.2004, 3.1503, 987.4216
3114.1639909744263, 1.2004, 3.1504, 987.3012
3116.1641314029694, 1.2004, 3.1505, 987.2991
3118.1642348766327, 1.2004, 3.1505, 987.2875
3120.1643369197845, 1.2004, 3.1505, 987.2871
3122.1644382476807, 1.2005, 3.1506, 987.3773
3124.1645410060883, 1.2005, 3.1505, 987.4363
3126.1646966934204, 1.2004, 3.1506, 987.5408
3128.1647980213165, 1.2004, 3.1505, 987.67
3130.164887189865, 1.2004, 3.1504, 987.7014
3132.1649713516235, 1.2004, 3.1504, 987.7006
3134.1650564670563, 1.2005, 3.1506, 987.5779
3136.1651589870453, 1.2004, 3.1506, 987.4903
3138.1652908325195, 1.2004, 3.1506, 987.393
3140.165372610092, 1.2004, 3.1506, 987.3298
3142.165507078171, 1.2004, 3.1506, 987.1296
3144.1656086444855, 1.2005, 3.1507, 987.1274
3146.165712118149, 1.2005, 3.1507, 986.8362
3148.1658465862274, 1.2004, 3.1508, 986.7325
3150.165920495987, 1.2004, 3.1506, 987.0904
3152.166023492813, 1.2005, 3.1506, 987.4491
3154.166125059128, 1.2005, 3.1506, 987.608
3156.166223049164, 1.2005, 3.1505, 987.6187
3158.1663088798523, 1.2005, 3.1505, 988.0359
3160.1663975715637, 1.2005, 3.1504, 988.2797
3162.166498184204, 1.2004, 3.1504, 988.4922
3164.166604280472, 1.2004, 3.1504, 988.4319
3166.166705608368, 1.2005, 3.1503, 988.4753
3168.1667885780334, 1.2004, 3.1503, 988.592
3170.166899204254, 1.2004, 3.1502, 988.55
3172.1669998168945, 1.2004, 3.1502, 988.5247
3174.167128801346, 1.2005, 3.1502, 988.6405
3176.1672246456146, 1.2004, 3.1503, 988.7468
3178.1673271656036, 1.2004, 3.1502, 988.8705
3180.1674280166626, 1.2005, 3.1503, 988.8894
3182.167537212372, 1.2005, 3.1503, 988.8274
3184.1676347255707, 1.2004, 3.1502, 988.7305
3186.1677162647247, 1.2005, 3.1503, 988.5365
3188.1678075790405, 1.2004, 3.1502, 988.6201
3190.167903661728, 1.2005, 3.1502, 988.7138
3192.168001651764, 1.2005, 3.1502, 988.847
3194.168101787567, 1.2005, 3.1503, 988.8702
3196.1682007312775, 1.2005, 3.1503, 988.7765
3198.1683020591736, 1.2004, 3.15, 988.5956
3200.168399333954, 1.2005, 3.1503, 988.4256
3202.1685988903046, 1.2004, 3.1504, 988.2992
3204.1686820983887, 1.2005, 3.1503, 988.1423
3206.168775320053, 1.2005, 3.1504, 988.1521
3208.168871164322, 1.2005, 3.1504, 987.9424
3210.1689670085907, 1.2004, 3.1504, 987.7154
3212.169059753418, 1.2005, 3.1506, 987.6822
3214.169143676758, 1.2005, 3.1506, 987.5898
3216.169242620468, 1.2005, 3.1505, 987.5304
3218.1693272590637, 1.2004, 3.1507, 987.3505
3220.169426679611, 1.2005, 3.1507, 987.1327
3222.1695051193237, 1.2005, 3.1508, 986.9295
3224.1695907115936, 1.2004, 3.1507, 986.7468
3226.169691324234, 1.2004, 3.1508, 986.6353
3228.1697924137115, 1.2004, 3.1508, 986.4662
3230.1698908805847, 1.2005, 3.1509, 986.3986
3232.1699924468994, 1.2005, 3.1508, 986.3381
3234.170079469681, 1.2005, 3.1509, 986.3453
3236.170214176178, 1.2005, 3.1509, 986.4537
3238.170344352722, 1.2005, 3.1509, 986.5508
3240.170433998108, 1.2004, 3.1507, 986.7012
3242.1705203056335, 1.2004, 3.1508, 986.8628
3244.1706755161285, 1.2005, 3.1508, 986.9889
3246.1707701683044, 1.2005, 3.1508, 986.9964
3248.1708772182465, 1.2005, 3.1508, 987.1486
3250.1709802150726, 1.2004, 3.1506, 987.4805
3252.171083211899, 1.2004, 3.1507, 987.6755
3254.1711914539337, 1.2004, 3.1505, 987.5643
3256.17129611969, 1.2004, 3.1506, 987.3293
3258.17138004303, 1.2004, 3.1507, 987.1209
3260.1715104579926, 1.2004, 3.1505, 987.3152
3262.1716046333313, 1.2004, 3.1506, 987.6204
3264.1716899871826, 1.2004, 3.1507, 987.6754
3266.1717846393585, 1.2005, 3.1506, 987.6681
3268.171889066696, 1.2005, 3.1507, 987.8835
3270.1719896793365, 1.2005, 3.1506, 987.9807
3272.172099351883, 1.2005, 3.1505, 988.0465
3274.172200202942, 1.2005, 3.1505, 988.2052
3276.1722774505615, 1.2004, 3.1505, 988.0463
3278.172379016876, 1.2004, 3.1505, 988.0212
3280.1724791526794, 1.2004, 3.1506, 988.1485
3282.172574043274, 1.2004, 3.1505, 988.0956
3284.172669649124, 1.2004, 3.1506, 988.0756
3286.1727578639984, 1.2004, 3.1504, 987.948
3288.172862291336, 1.2004, 3.1505, 987.7071
3290.172959089279, 1.2005, 3.1506, 987.5684
3292.1730601787567, 1.2005, 3.1506, 987.4457
3294.1731436252594, 1.2004, 3.1506, 987.4314
3296.1732816696167, 1.2004, 3.1506, 987.3652
3298.1733663082123, 1.2005, 3.1507, 987.5834
3300.1734671592712, 1.2004, 3.1506, 987.6303
3302.1735734939575, 1.2005, 3.1505, 987.5668
3304.1736755371094, 1.2004, 3.1506, 987.535
3306.173776626587, 1.2004, 3.1506, 987.4272
3308.1738588809967, 1.2004, 3.1506, 987.3655
3310.17396235466, 1.2004, 3.1507, 987.2684
3312.174045562744, 1.2005, 3.1507, 987.2153
3314.174134016037, 1.2005, 3.1508, 987.1137
3316.174219608307, 1.2005, 3.1508, 986.8618
3318.174307823181, 1.2005, 3.1509, 986.6285
3320.174407482147, 1.2005, 3.1508, 986.4753
3322.174504995346, 1.2005, 3.151, 986.2881
3324.174593448639, 1.2005, 3.1508, 986.1183
3326.174696445465, 1.2005, 3.151, 985.8937
3328.1747975349426, 1.2005, 3.1511, 985.8117
3330.1748785972595, 1.2005, 3.1511, 985.7122
3332.1749811172485, 1.2005, 3.1511, 985.6192
3334.175110578537, 1.2005, 3.1512, 985.6158
3336.1752450466156, 1.2005, 3.1511, 985.6894
3338.1753389835358, 1.2005, 3.1511, 985.7102
3340.175435066223, 1.2005, 3.1512, 985.6504
3342.1755650043488, 1.2005, 3.1512, 985.7539
3344.1756706237793, 1.2005, 3.1513, 985.8804
3346.175813436508, 1.2004, 3.151, 985.8642
3348.175891160965, 1.2004, 3.151, 985.9613
3350.1759901046753, 1.2004, 3.151, 985.9788
3352.176085472107, 1.2004, 3.1509, 985.9521
3354.1761894226074, 1.2004, 3.151, 985.8716
3356.1762964725494, 1.2005, 3.151, 985.7605
3358.1763966083527, 1.2005, 3.1509, 985.773
3360.1764957904816, 1.2004, 3.151, 985.7677
3362.176596879959, 1.2004, 3.151, 985.8375
3364.1766946315765, 1.2004, 3.1511, 985.8857
3366.176773548126, 1.2004, 3.151, 985.8445
3368.176900625229, 1.2004, 3.1512, 985.8046
3370.1769936084747, 1.2004, 3.1511, 985.8325
3372.177093744278, 1.2004, 3.1512, 985.7614
3374.1771898269653, 1.2004, 3.1512, 985.7522
3376.1772842407227, 1.2004, 3.1511, 985.6437
3378.1773846149445, 1.2005, 3.1512, 985.518
3380.1774797439575, 1.2004, 3.1512, 985.4341
3382.177578687668, 1.2005, 3.1513, 985.4505
3384.177658557892, 1.2004, 3.1514, 985.4677
3386.17773103714, 1.2004, 3.1513, 985.2687
3388.1778309345245, 1.2004, 3.1514, 985.2147
3390.177929878235, 1.2005, 3.1515, 985.0741
3392.178030014038, 1.2004, 3.1513, 984.9881
3394.178129673004, 1.2004, 3.1514, 984.7619
3396.178229570389, 1.2004, 3.1515, 984.6824
3398.1783118247986, 1.2005, 3.1514, 984.6451
3400.1783940792084, 1.2004, 3.1515, 984.8167
3402.178473711014, 1.2004, 3.1514, 984.9368
3404.17857170105, 1.2004, 3.1515, 984.954
3406.1786649227142, 1.2004, 3.1515, 984.9857
3408.1787638664246, 1.2004, 3.1516, 985.0418
3410.1788597106934, 1.2005, 3.1515, 985.1353
3412.1789593696594, 1.2005, 3.1516, 985.2445
3414.179058074951, 1.2004, 3.1515, 985.3839
3416.179157972336, 1.2005, 3.1514, 985.542
3418.1792566776276, 1.2005, 3.1514, 985.6943
3420.1793370246887, 1.2005, 3.1514, 985.8302
3422.1794381141663, 1.2005, 3.1514, 985.9166
3424.1795377731323, 1.2005, 3.1513, 985.9289
3426.17964220047, 1.2005, 3.1513, 985.7525
3428.1797819137573, 1.2004, 3.1514, 985.6494
3430.1798832416534, 1.2004, 3.1514, 985.6966
3432.179969549179, 1.2004, 3.1516, 985.3986
3434.1801006793976, 1.2004, 3.1515, 985.4505
3436.1802003383636, 1.2005, 3.1515, 985.4955
3438.1802818775177, 1.2004, 3.1514, 985.4599
3440.1803727149963, 1.2004, 3.1513, 985.3784
3442.1804530620575, 1.2004, 3.1514, 985.1651
3444.1805515289307, 1.2005, 3.1516, 984.9237
3446.1806466579437, 1.2004, 3.1515, 984.7626
3448.180745601654, 1.2004, 3.1515, 984.8756
3450.180824279785, 1.2004, 3.1515, 984.9099
3452.180924654007, 1.2004, 3.1516, 984.9439
3454.181013584137, 1.2004, 3.1516, 984.8732
3456.1810913085938, 1.2004, 3.1515, 984.9309
3458.181190252304, 1.2004, 3.1515, 985.1094
3460.1812875270844, 1.2004, 3.1515, 985.2286
3462.1813843250275, 1.2004, 3.1516, 985.3559
3464.1815247535706, 1.2004, 3.1515, 985.4747
3466.181610584259, 1.2005, 3.1516, 985.6922
3468.1817107200623, 1.2004, 3.1514, 985.8173
3470.181809902191, 1.2004, 3.1516, 985.5678
3472.1819093227386, 1.2004, 3.1514, 985.4279
3474.1819911003113, 1.2004, 3.1515, 985.389
3476.1821234226227, 1.2004, 3.1515, 985.4103
3478.1822578907013, 1.2005, 3.1514, 985.5325
3480.1823422908783, 1.2005, 3.1514, 985.7707
3482.182431459427, 1.2005, 3.1515, 985.7184
3484.182532310486, 1.2005, 3.1515, 985.6059
3486.1826314926147, 1.2005, 3.1515, 985.5758
3488.1827194690704, 1.2005, 3.1515, 985.4755
3490.1828207969666, 1.2005, 3.1516, 985.311
3492.1829028129578, 1.2005, 3.1516, 985.2457
3494.182980775833, 1.2005, 3.1517, 985.3159
3496.1830780506134, 1.2005, 3.1516, 984.9207
3498.183178663254, 1.2005, 3.1516, 984.6589
3500.18327999115, 1.2004, 3.1517, 984.275
3502.1833806037903, 1.2005, 3.1518, 984.0603
3504.183484315872, 1.2005, 3.1518, 984.0031
3506.183589220047, 1.2005, 3.1519, 983.7825
3508.183722257614, 1.2004, 3.1519, 983.6674
3510.1838080883026, 1.2004, 3.1517, 983.7564
3512.18391084671, 1.2005, 3.1519, 983.9025
3514.1839973926544, 1.2005, 3.1519, 983.9607
3516.184137582779, 1.2004, 3.1518, 984.0244
3518.184273481369, 1.2005, 3.1519, 984.1027
3520.1843724250793, 1.2005, 3.1519, 983.9604
3522.1844568252563, 1.2005, 3.1521, 983.9704
3524.1846027374268, 1.2004, 3.152, 983.9312
3526.1847422122955, 1.2004, 3.1519, 983.8773
3528.184823036194, 1.2004, 3.1519, 984.0647
3530.184924840927, 1.2005, 3.1518, 984.2098
3532.1850225925446, 1.2005, 3.1519, 984.3352
3534.1851222515106, 1.2005, 3.1519, 984.4047
3536.1852247714996, 1.2005, 3.1519, 984.3136
3538.1853268146515, 1.2004, 3.1517, 984.2482
3540.1854271888733, 1.2004, 3.1518, 984.0487
3542.185528755188, 1.2005, 3.152, 984.0227
3544.185629606247, 1.2005, 3.1519, 983.9797
3546.1857092380524, 1.2005, 3.1519, 984.0673
3548.185804128647, 1.2005, 3.1518, 984.0376
3550.1859064102173, 1.2005, 3.1519, 984.1174
3552.185985803604, 1.2005, 3.1519, 983.934
3554.186087369919, 1.2004, 3.1519, 983.7226
3556.186189174652, 1.2005, 3.152, 983.5999
3558.186288356781, 1.2004, 3.152, 983.5976
3560.186486721039, 1.2005, 3.152, 983.5003
3562.1865956783295, 1.2005, 3.152, 983.417
3564.1866800785065, 1.2005, 3.1522, 983.3803
3566.186768054962, 1.2005, 3.152, 983.4462
3568.186853647232, 1.2005, 3.1522, 983.448
3570.186944246292, 1.2005, 3.1521, 983.584
3572.1870448589325, 1.2005, 3.1521, 983.6435
3574.18714261055, 1.2005, 3.1521, 983.7483
3576.1872429847717, 1.2005, 3.152, 983.7767
3578.1873445510864, 1.2005, 3.1521, 983.8669
3580.1874437332153, 1.2005, 3.1522, 984.0545
3582.1875364780426, 1.2005, 3.1521, 983.8677
3584.18763589859, 1.2005, 3.1521, 983.6763
3586.1877381801605, 1.2005, 3.1521, 983.6114
3588.187877893448, 1.2005, 3.1522, 983.8271
3590.1880176067352, 1.2005, 3.1523, 983.7769
3592.188119649887, 1.2005, 3.1521, 983.6265
3594.1882197856903, 1.2005, 3.1522, 983.5169
3596.188355922699, 1.2005, 3.1521, 983.5518
3598.188456058502, 1.2005, 3.1522, 983.5964
3600.188538312912, 1.2004, 3.1522, 983.4948
3602.188637971878, 1.2005, 3.1521, 983.3796
3604.1887381076813, 1.2005, 3.1521, 983.3859
3606.188876390457, 1.2005, 3.1522, 983.2562
3608.1889781951904, 1.2004, 3.1522, 982.9373
3610.189078092575, 1.2005, 3.1522, 982.7995
3612.1891770362854, 1.2005, 3.1524, 982.7845
3614.1892652511597, 1.2004, 3.1523, 982.5288
3616.189365386963, 1.2005, 3.1524, 982.375
3618.189444541931, 1.2004, 3.1524, 982.5139
3620.1895430088043, 1.2004, 3.1524, 982.5612
3622.189642906189, 1.2005, 3.1524, 982.4854
3624.189727306366, 1.2004, 3.1524, 982.3495
3626.189823627472, 1.2004, 3.1524, 982.2368
3628.1899075508118, 1.2004, 3.1524, 982.2791
3630.190009355545, 1.2005, 3.1523, 982.4628
3632.190109014511, 1.2005, 3.1523, 982.5874
3634.1902101039886, 1.2005, 3.1523, 982.5223
3636.19029211998, 1.2005, 3.1523, 982.4458
3638.190432071686, 1.2005, 3.1522, 982.5321
3640.190514087677, 1.2005, 3.1523, 982.7226
3642.1906175613403, 1.2005, 3.1523, 982.9003
3644.1907107830048, 1.2005, 3.1523, 982.9456
3646.190848350525, 1.2005, 3.1523, 982.864
3648.190946817398, 1.2005, 3.1524, 982.705
3650.191044807434, 1.2005, 3.1523, 982.5799
3652.191145658493, 1.2004, 3.1525, 982.4261
3654.1912252902985, 1.2004, 3.1525, 982.3267
3656.1913480758667, 1.2004, 3.1524, 982.3996
3658.191476583481, 1.2004, 3.1525, 982.6276
3660.1915714740753, 1.2004, 3.1523, 982.9639
3662.191653728485, 1.2004, 3.1522, 982.998
3664.1932332515717, 0.0, 0.0, 988.1384
3666.1933686733246, 0.0, 0.0, 1027.832
3668.193452358246, 0.0, 0.0, 1059.184
3670.193550825119, 0.0, 0.0, 1086.409
3672.1936419010162, 0.0, 0.0, 1109.755
3674.1937386989594, 0.0, 0.0, 1130.621
3676.1938326358795, 0.0, 0.0, 1149.525
3678.1939294338226, 0.0, 0.0, 1166.565
3680.194014072418, 0.0, 0.0, 1182.536
3682.1941571235657, 0.0, 0.0, 1197.464
3684.1942870616913, 0.0, 0.0, 1211.281
3686.194386959076, 0.0, 0.0, 1224.444
3688.194489002228, 0.0, 0.0, 1237.042
3690.194580078125, 0.0, 0.0, 1248.946
3692.1946630477905, 0.0, 0.0, 1260.434
3694.1947944164276, 0.0, 0.0, 1271.684
3696.1949191093445, 0.0, 0.0, 1282.492
3698.1950132846832, 0.0, 0.0, 1292.992
3700.1951036453247, 0.0, 0.0, 1303.319
3702.1952028274536, 0.0, 0.0, 1313.281
3704.1952850818634, 0.0, 0.0, 1323.28
3706.1953735351562, 0.0, 0.0, 1333.127
3708.195454120636, 0.0, 0.0, 1342.569
3710.195550918579, 0.0, 0.0, 1352.028
3712.195652484894, 0.0, 0.0, 1361.156
3714.1957614421844, 0.0, 0.0, 1370.169
3716.195863008499, 0.0, 0.0, 1379.572
3718.195957660675, 0.0, 0.0, 1388.7
3720.196057319641, 0.0, 0.0, 1397.273
3722.196158885956, 0.0, 0.0, 1405.912
3724.196259498596, 0.0, 0.0, 1414.199
3726.1963365077972, 0.0, 0.0, 1422.791
3728.1964733600616, 0.0, 0.0, 1431.517
3730.196573495865, 0.0, 0.0, 1440.12
3732.1966576576233, 0.0, 0.0, 1448.509
3734.1968047618866, 0.0, 0.0, 1456.549
3736.196943283081, 0.0, 0.0, 1464.929
3738.1970434188843, 0.0, 0.0, 1472.977
3740.1971435546875, 0.0, 0.0, 1480.607
3742.197247505188, 0.0, 0.0, 1488.457
3744.1973292827606, 0.0, 0.0, 1496.595
3746.197425365448, 0.0, 0.0, 1504.638
3748.1975226402283, 0.0, 0.0, 1512.497
3750.197605609894, 0.0, 0.0, 1520.129
3752.1977009773254, 0.0, 0.0, 1527.919
3754.197779893875, 0.0, 0.0, 1535.198
3756.1978800296783, 0.0, 0.0, 1542.253
3758.197962999344, 0.0, 0.0, 1549.025
3760.19806265831, 0.0, 0.0, 1555.869
3762.1981501579285, 0.0, 0.0, 1562.808
3764.1982827186584, 0.0, 0.0, 1569.749
3766.198381662369, 0.0, 0.0, 1576.321
3768.198480606079, 0.0, 0.0, 1583.037
3770.1985800266266, 0.0, 0.0, 1589.524
3772.198679447174, 0.0, 0.0, 1595.915
3774.198780298233, 0.0, 0.0, 1602.811
3776.1988809108734, 0.0, 0.0, 1609.767
3778.1989817619324, 0.0, 0.0, 1616.427
3780.199060678482, 0.0, 0.0, 1622.819
3782.199159383774, 0.0, 0.0, 1629.008
3784.1992609500885, 0.0, 0.0, 1635.214
3786.199342727661, 0.0, 0.0, 1641.235
3788.199432373047, 0.0, 0.0, 1647.192
3790.199543952942, 0.0, 0.0, 1653.347
3792.1996462345123, 0.0, 0.0, 1659.289
3794.199743747711, 0.0, 0.0, 1665.071
3796.1998901367188, 0.0, 0.0, 1670.841
3798.199966907501, 0.0, 0.0, 1676.61
3800.2001008987427, 0.0, 0.0, 1682.404
3802.200202703476, 0.0, 0.0, 1688.259
3804.200339078903, 0.0, 0.0, 1694.348
3806.200441122055, 0.0, 0.0, 1700.556
3808.2005422115326, 0.0, 0.0, 1706.478
3810.2006397247314, 0.0, 0.0, 1712.232
3812.2007377147675, 0.0, 0.0, 1717.845
3814.2008373737335, 0.0, 0.0, 1723.431
3816.2009365558624, 0.0, 0.0, 1728.703
3818.201065301895, 0.0, 0.0, 1734.155
3820.2012009620667, 0.0, 0.0, 1739.523
3822.2013125419617, 0.0, 0.0, 1744.759
3824.201397418976, 0.0, 0.0, 1749.941
3826.2014837265015, 0.0, 0.0, 1755.089
3828.2015810012817, 0.0, 0.0, 1760.023
3830.2017114162445, 0.0, 0.0, 1765.306
3832.2018127441406, 0.0, 0.0, 1770.695
3834.2018916606903, 0.0, 0.0, 1775.92
3836.2019810676575, 0.0, 0.0, 1781.129
3838.2020757198334, 0.0, 0.0, 1786.105
3840.2021758556366, 0.0, 0.0, 1791.184
3842.2022771835327, 0.0, 0.0, 1796.169
3844.202381849289, 0.0, 0.0, 1801.137
3846.2024807929993, 0.0, 0.0, 1806.129
3848.2025666236877, 0.0, 0.0, 1810.946
3850.202705860138, 0.0, 0.0, 1815.818
3852.202795267105, 0.0, 0.0, 1820.187
3854.203162431717, 0.0, 0.0, 1824.374
3856.203295469284, 0.0, 0.0, 1828.726
3858.2033870220184, 0.0, 0.0, 1833.307
3860.203463077545, 0.0, 0.0, 1837.677
3862.20356297493, 0.0, 0.0, 1842.127
3864.203666448593, 0.0, 0.0, 1846.281
3866.203800678253, 0.0, 0.0, 1850.544
3868.2038943767548, 0.0, 0.0, 1854.791
3870.203971862793, 0.0, 0.0, 1858.802
3872.2040569782257, 0.0, 0.0, 1862.72
3874.204189300537, 0.0, 0.0, 1866.646
3876.204324245453, 0.0, 0.0, 1870.514
3878.2044594287872, 0.0, 0.0, 1874.282
3880.204591989517, 0.0, 0.0, 1878.283
3882.204738378525, 0.0, 0.0, 1882.296
3884.2048258781433, 0.0, 0.0, 1886.122
3886.2049281597137, 0.0, 0.0, 1890.132
3888.2050065994263, 0.0, 0.0, 1894.005
3890.2050817012787, 0.0, 0.0, 1897.72
3892.205181837082, 0.0, 0.0, 1901.494
3894.205281972885, 0.0, 0.0, 1905.237
3896.2053623199463, 0.0, 0.0, 1908.921
3898.2054624557495, 0.0, 0.0, 1912.625
3900.2055656909943, 0.0, 0.0, 1916.417
3902.2056591510773, 0.0, 0.0, 1920.006
3904.2057597637177, 0.0, 0.0, 1923.442
3906.205841064453, 0.0, 0.0, 1927.176
3908.2059412002563, 0.0, 0.0, 1930.887
3910.206027507782, 0.0, 0.0, 1934.48
3912.206128835678, 0.0, 0.0, 1938.064
3914.2062351703644, 0.0, 0.0, 1941.359
3916.2063167095184, 0.0, 0.0, 1944.602
3918.206420660019, 0.0, 0.0, 1947.812
3920.206531047821, 0.0, 0.0, 1951.217
3922.2066662311554, 0.0, 0.0, 1954.835
3924.2067642211914, 0.0, 0.0, 1958.268
3926.206891298294, 0.0, 0.0, 1961.691
3928.2070219516754, 0.0, 0.0, 1965.105
3930.207120656967, 0.0, 0.0, 1968.406
3932.2072196006775, 0.0, 0.0, 1971.663
3934.207314491272, 0.0, 0.0, 1974.863
3936.2074077129364, 0.0, 0.0, 1977.938
3938.207508325577, 0.0, 0.0, 1980.689
3940.207647562027, 0.0, 0.0, 1983.41
3942.2077367305756, 0.0, 0.0, 1986.328
3944.207825422287, 0.0, 0.0, 1989.227
3946.2079253196716, 0.0, 0.0, 1992.104
3948.2080249786377, 0.0, 0.0, 1994.954
3950.208127260208, 0.0, 0.0, 1997.649
3952.2082278728485, 0.0, 0.0, 2000.292
3954.2083609104156, 0.0, 0.0, 2002.831
3956.208493232727, 0.0, 0.0, 2005.539
3958.20862531662, 0.0, 0.0, 2008.183
3960.20876121521, 0.0, 0.0, 2010.742
3962.208847284317, 0.0, 0.0, 2013.319
3964.2089500427246, 0.0, 0.0, 2015.996
3966.2090520858765, 0.0, 0.0, 2018.606
3968.209139108658, 0.0, 0.0, 2021.246
3970.209239721298, 0.0, 0.0, 2023.651
3972.2093381881714, 0.0, 0.0, 2026.239
3974.209441423416, 0.0, 0.0, 2029.007
3976.2095408439636, 0.0, 0.0, 2031.652
3978.209623813629, 0.0, 0.0, 2034.161
3980.2097260951996, 0.0, 0.0, 2036.622
3982.2098293304443, 0.0, 0.0, 2038.993
3984.209929227829, 0.0, 0.0, 2041.388
3986.210040330887, 0.0, 0.0, 2043.852
3988.2101352214813, 0.0, 0.0, 2046.402
3990.2102329730988, 0.0, 0.0, 2048.731
3992.2103753089905, 0.0, 0.0, 2050.973
3994.2104580402374, 0.0, 0.0, 2053.181
3996.210540294647, 0.0, 0.0, 2055.427
3998.2106330394745, 0.0, 0.0, 2057.88
4000.210781097412, 0.0, 0.0, 2060.345
4002.2108669281006, 0.0, 0.0, 2062.428
4004.2109594345093, 0.0, 0.0, 2064.679
4006.211055994034, 0.0, 0.0, 2067.249
4008.2111706733704, 0.0, 0.0, 2069.737
4010.211253643036, 0.0, 0.0, 2071.993
4012.211357831955, 0.0, 0.0, 2073.969
4014.211490392685, 0.0, 0.0, 2076.08
4016.211621761322, 0.0, 0.0, 2078.436
4018.211710214615, 0.0, 0.0, 2080.606
4020.2118027210236, 0.0, 0.0, 2082.777
4022.211907148361, 0.0, 0.0, 2084.925
4024.211992740631, 0.0, 0.0, 2087.014
4026.2121000289917, 0.0, 0.0, 2089.182
4028.2122027873993, 0.0, 0.0, 2091.072
4030.212302684784, 0.0, 0.0, 2092.892
4032.212379217148, 0.0, 0.0, 2094.751
4034.2124791145325, 0.0, 0.0, 2096.625
4036.212577342987, 0.0, 0.0, 2099.749
4038.2126784324646, 0.0, 0.0, 2101.778
4040.212813138962, 0.0, 0.0, 2103.82
4042.21289563179, 0.0, 0.0, 2105.791
4044.212987422943, 0.0, 0.0, 2107.674
4046.2130692005157, 0.0, 0.0, 2109.476
4048.2131690979004, 0.0, 0.0, 2111.24
4050.213254928589, 0.0, 0.0, 2113.235
4052.2133536338806, 0.0, 0.0, 2115.143
4054.2134544849396, 0.0, 0.0, 2117.061
4056.2135529518127, 0.0, 0.0, 2118.837
4058.213652610779, 0.0, 0.0, 2120.5
4060.213751554489, 0.0, 0.0, 2122.062
4062.2138538360596, 0.0, 0.0, 2123.599
4064.2139372825623, 0.0, 0.0, 2125.235
4066.214075088501, 0.0, 0.0, 2126.86
4068.214154481888, 0.0, 0.0, 2128.393
4070.214244365692, 0.0, 0.0, 2129.967
4072.2143387794495, 0.0, 0.0, 2131.687
4074.2144737243652, 0.0, 0.0, 2133.445
4076.214574575424, 0.0, 0.0, 2135.171
4078.21470952034, 0.0, 0.0, 2136.732
4080.214843273163, 0.0, 0.0, 2138.369
4082.214944601059, 0.0, 0.0, 2139.956
4084.2150440216064, 0.0, 0.0, 2141.348
4086.215127468109, 0.0, 0.0, 2142.699
4088.2152485847473, 0.0, 0.0, 2143.937
4090.215384721756, 0.0, 0.0, 2145.298
4092.2154865264893, 0.0, 0.0, 2146.696
4094.215619325638, 0.0, 0.0, 2148.285
4096.21576333046, 0.0, 0.0, 2149.963
4098.215849399567, 0.0, 0.0, 2151.529
4100.2159814834595, 0.0, 0.0, 2153.19
4102.216078996658, 0.0, 0.0, 2154.643
4104.2161655426025, 0.0, 0.0, 2156.101
4106.21626496315, 0.0, 0.0, 2157.605
4108.216361045837, 0.0, 0.0, 2159.432
4110.216459512711, 0.0, 0.0, 2161.083
4112.216544628143, 0.0, 0.0, 2162.633
4114.216682195663, 0.0, 0.0, 2163.975
4116.216817140579, 0.0, 0.0, 2165.281
4118.216952800751, 0.0, 0.0, 2166.837
4120.21709394455, 0.0, 0.0, 2168.36
4122.217195034027, 0.0, 0.0, 2169.747
4124.217285633087, 0.0, 0.0, 2171.009
4126.217385292053, 0.0, 0.0, 2172.22
4128.217489242554, 0.0, 0.0, 2173.682
4130.2176241874695, 0.0, 0.0, 2175.045
4132.217759370804, 0.0, 0.0, 2176.37
4134.217862606049, 0.0, 0.0, 2177.627
4136.217964410782, 0.0, 0.0, 2178.81
4138.2181005477905, 0.0, 0.0, 2180.012
4140.218202352524, 0.0, 0.0, 2181.355
4142.21830534935, 0.0, 0.0, 2182.648
4144.218393564224, 0.0, 0.0, 2183.979
4146.218497276306, 0.0, 0.0, 2185.436
4148.218582391739, 0.0, 0.0, 2186.992
4150.218685626984, 0.0, 0.0, 2188.494
4152.218789100647, 0.0, 0.0, 2189.846
4154.21889257431, 0.0, 0.0, 2191.203
4156.218998193741, 0.0, 0.0, 2192.501
4158.219078779221, 0.0, 0.0, 2193.752
4160.219189405441, 0.0, 0.0, 2194.891
4162.2192902565, 0.0, 0.0, 2195.923
4164.219400405884, 0.0, 0.0, 2196.905
4166.219501256943, 0.0, 0.0, 2198.013
4168.219602584839, 0.0, 0.0, 2199.272
4170.219695091248, 0.0, 0.0, 2200.561
4172.219796180725, 0.0, 0.0, 2201.783
4174.2198803424835, 0.0, 0.0, 2203.006
4176.219977855682, 0.0, 0.0, 2203.938
4178.22007894516, 0.0, 0.0, 2204.76
4180.220178842545, 0.0, 0.0, 2205.722
4182.220279932022, 0.0, 0.0, 2206.748
4184.220380783081, 0.0, 0.0, 2207.681
4186.220482110977, 0.0, 0.0, 2208.884
4188.220571517944, 0.0, 0.0, 2210.118
4190.220658063889, 0.0, 0.0, 2211.421
4192.2207589149475, 0.0, 0.0, 2212.678
4194.220854043961, 0.0, 0.0, 2213.917
4196.220955371857, 0.0, 0.0, 2215.184
4198.2210557460785, 0.0, 0.0, 2216.31
4200.221145629883, 0.0, 0.0, 2217.316
4202.221246480942, 0.0, 0.0, 2218.286
4204.221347570419, 0.0, 0.0, 2219.194
4206.2214431762695, 0.0, 0.0, 2220.302
4208.221546173096, 0.0, 0.0, 2221.4
4210.221648454666, 0.0, 0.0, 2222.393
4212.221732616425, 0.0, 0.0, 2223.363
4214.221816062927, 0.0, 0.0, 2224.276
4216.221893072128, 0.0, 0.0, 2225.152
4218.221993923187, 0.0, 0.0, 2226.096
4220.22207403183, 0.0, 0.0, 2227.081
4222.222175359726, 0.0, 0.0, 2228.092
4224.22226190567, 0.0, 0.0, 2229.02
4226.222345352173, 0.0, 0.0, 2229.826
4228.222428560257, 0.0, 0.0, 2230.624
4230.222558736801, 0.0, 0.0, 2231.54
4232.22269487381, 0.0, 0.0, 2232.301
4234.222795724869, 0.0, 0.0, 2233.019
4236.222895622253, 0.0, 0.0, 2233.88
4238.222982645035, 0.0, 0.0, 2234.83
4240.223084449768, 0.0, 0.0, 2235.838
4242.223162889481, 0.0, 0.0, 2236.836
4244.223262310028, 0.0, 0.0, 2237.847
4246.223345756531, 0.0, 0.0, 2238.893
4248.223424911499, 0.0, 0.0, 2239.916
4250.223512172699, 0.0, 0.0, 2240.876
4252.223613977432, 0.0, 0.0, 2241.811
4254.223713874817, 0.0, 0.0, 2242.776
4256.223854541779, 0.0, 0.0, 2243.771
4258.223950624466, 0.0, 0.0, 2244.743
4260.224084615707, 0.0, 0.0, 2245.593
4262.224165439606, 0.0, 0.0, 2246.373
4264.22425866127, 0.0, 0.0, 2247.209
4266.224338054657, 0.0, 0.0, 2248.032
4268.224417209625, 0.0, 0.0, 2248.856
4270.2245218753815, 0.0, 0.0, 2249.701
4272.22462105751, 0.0, 0.0, 2250.465
4274.224721908569, 0.0, 0.0, 2251.209
4276.224820613861, 0.0, 0.0, 2251.769
4278.224917650223, 0.0, 0.0, 2252.359
4280.225017309189, 0.0, 0.0, 2253.141
4282.225115776062, 0.0, 0.0, 2254.004
4284.2251942157745, 0.0, 0.0, 2254.997
4286.225291967392, 0.0, 0.0, 2255.977
4288.225381374359, 0.0, 0.0, 2256.805
4290.225523948669, 0.0, 0.0, 2257.573
4292.22566652298, 0.0, 0.0, 2258.476
4294.225805044174, 0.0, 0.0, 2259.304
4296.225939273834, 0.0, 0.0, 2260.065
4298.226028680801, 0.0, 0.0, 2260.948
4300.226139307022, 0.0, 0.0, 2261.85
4302.226221323013, 0.0, 0.0, 2262.759
4304.226318836212, 0.0, 0.0, 2263.632
4306.226412534714, 0.0, 0.0, 2264.413
4308.226493597031, 0.0, 0.0, 2265.174
4310.226598739624, 0.0, 0.0, 2265.869
4312.226737499237, 0.0, 0.0, 2266.502
4314.226837873459, 0.0, 0.0, 2267.133
4316.226938486099, 0.0, 0.0, 2267.793
4318.227038383484, 0.0, 0.0, 2268.397
4320.227120399475, 0.0, 0.0, 2269.043
4322.22722363472, 0.0, 0.0, 2269.894
4324.2273645401, 0.0, 0.0, 2270.716
4326.227465867996, 0.0, 0.0, 2271.555
4328.227595806122, 0.0, 0.0, 2272.319
4330.227733373642, 0.0, 0.0, 2273.126
4332.227833509445, 0.0, 0.0, 2273.899
4334.227929592133, 0.0, 0.0, 2274.575
4336.22802734375, 0.0, 0.0, 2275.223
4338.228114128113, 0.0, 0.0, 2275.921
4340.228239774704, 0.0, 0.0, 2276.603
4342.228334188461, 0.0, 0.0, 2277.321
4344.228434801102, 0.0, 0.0, 2277.944
4346.228531360626, 0.0, 0.0, 2278.523
4348.228632211685, 0.0, 0.0, 2279.081
4350.22873210907, 0.0, 0.0, 2279.655
4352.228829860687, 0.0, 0.0, 2280.313
4354.228930473328, 0.0, 0.0, 2281.004
4356.229020833969, 0.0, 0.0, 2281.841
4358.229121208191, 0.0, 0.0, 2282.675
4360.229202747345, 0.0, 0.0, 2283.514
4362.2293021678925, 0.0, 0.0, 2284.301
4364.229403018951, 0.0, 0.0, 2285.11
4366.229504585266, 0.0, 0.0, 2285.865
4368.229599475861, 0.0, 0.0, 2286.662
4370.229683637619, 0.0, 0.0, 2287.391
4372.2297875881195, 0.0, 0.0, 2288.022
4374.2298884391785, 0.0, 0.0, 2288.634
4376.229990243912, 0.0, 0.0, 2289.117
4378.230089902878, 0.0, 0.0, 2289.523
4380.230187892914, 0.0, 0.0, 2290.123
4382.230267286301, 0.0, 0.0, 2290.722
4384.230368852615, 0.0, 0.0, 2291.49
4386.230468511581, 0.0, 0.0, 2292.3
4388.230570077896, 0.0, 0.0, 2293.085
4390.230669975281, 0.0, 0.0, 2293.801
4392.230771780014, 0.0, 0.0, 2294.507
4394.230873584747, 0.0, 0.0, 2295.199
4396.231235027313, 0.0, 0.0, 2295.866
4398.23139834404, 0.0, 0.0, 2296.431
4400.231501817703, 0.0, 0.0, 2296.981
4402.231608867645, 0.0, 0.0, 2297.492
4404.2317090034485, 0.0, 0.0, 2298.057
4406.231807231903, 0.0, 0.0, 2298.632
4408.231908559799, 0.0, 0.0, 2299.328
4410.232008934021, 0.0, 0.0, 2300.159
4412.23210144043, 0.0, 0.0, 2300.906
4414.232202768326, 0.0, 0.0, 2301.606
4416.232301712036, 0.0, 0.0, 2302.265
4418.232402086258, 0.0, 0.0, 2302.974
4420.23254776001, 0.0, 0.0, 2303.517
4422.23264837265, 0.0, 0.0, 2303.965
4424.232761859894, 0.0, 0.0, 2304.471
4426.23286318779, 0.0, 0.0, 2305.122
4428.2329568862915, 0.0, 0.0, 2305.856
4430.233091831207, 0.0, 0.0, 2306.466
4432.233234167099, 0.0, 0.0, 2307.021
4434.233322381973, 0.0, 0.0, 2307.632
4436.233421087265, 0.0, 0.0, 2308.27
4438.233520269394, 0.0, 0.0, 2308.893
4440.23361158371, 0.0, 0.0, 2309.458
4442.233711481094, 0.0, 0.0, 2309.913
4444.233825206757, 0.0, 0.0, 2310.462
4446.233960390091, 0.0, 0.0, 2311.057
4448.2341022491455, 0.0, 0.0, 2311.656
4450.234241724014, 0.0, 0.0, 2312.232
4452.234350204468, 0.0, 0.0, 2312.778
4454.23446559906, 0.0, 0.0, 2313.285
4456.234565496445, 0.0, 0.0, 2313.765
4458.234668016434, 0.0, 0.0, 2314.266
4460.234767198563, 0.0, 0.0, 2314.693
4462.234868764877, 0.0, 0.0, 2315.104
4464.234959363937, 0.0, 0.0, 2315.587
4466.235042333603, 0.0, 0.0, 2316.042
4468.235175848007, 0.0, 0.0, 2316.498
4470.235270500183, 0.0, 0.0, 2316.903
4472.235373735428, 0.0, 0.0, 2317.374
4474.235492706299, 0.0, 0.0, 2317.824
4476.23563170433, 0.0, 0.0, 2318.363
4478.235733985901, 0.0, 0.0, 2319.014
4480.235865116119, 0.0, 0.0, 2319.681
4482.236000061035, 0.0, 0.0, 2320.293
4484.2360990047455, 0.0, 0.0, 2320.831
4486.236231327057, 0.0, 0.0, 2321.363
4488.236330509186, 0.0, 0.0, 2321.951
4490.236427783966, 0.0, 0.0, 2322.4
4492.236525774002, 0.0, 0.0, 2322.842
4494.236625432968, 0.0, 0.0, 2323.451
4496.236726760864, 0.0, 0.0, 2324.156
4498.236824274063, 0.0, 0.0, 2324.917
4500.236928224564, 0.0, 0.0, 2325.573
4502.237014532089, 0.0, 0.0, 2326.12
4504.2371072769165, 0.0, 0.0, 2326.631
4506.23720908165, 0.0, 0.0, 2327.246
4508.23731303215, 0.0, 0.0, 2327.904
4510.237411975861, 0.0, 0.0, 2328.566
4512.237513542175, 0.0, 0.0, 2329.068
4514.237617492676, 0.0, 0.0, 2329.538
4516.2377026081085, 0.0, 0.0, 2329.974
4518.237780332565, 0.0, 0.0, 2330.414
4520.2378804683685, 0.0, 0.0, 2330.991
4522.237970352173, 0.0, 0.0, 2331.635
4524.238069057465, 0.0, 0.0, 2332.266
4526.238175392151, 0.0, 0.0, 2332.83
4528.238283157349, 0.0, 0.0, 2333.274
4530.238393545151, 0.0, 0.0, 2333.625
4532.238531589508, 0.0, 0.0, 2333.937
4534.238633394241, 0.0, 0.0, 2334.297
4536.238723516464, 0.0, 0.0, 2334.756
4538.238856554031, 0.0, 0.0, 2335.188
4540.238960981369, 0.0, 0.0, 2335.698
4542.239094734192, 0.0, 0.0, 2336.096
4544.239195823669, 0.0, 0.0, 2336.45
4546.239284038544, 0.0, 0.0, 2336.805
4548.23939037323, 0.0, 0.0, 2337.067
4550.239567041397, 0.0, 0.0, 2337.379
4552.239665746689, 0.0, 0.0, 2337.74
4554.239747047424, 0.0, 0.0, 2338.118
4556.239876508713, 0.0, 0.0, 2338.545
4558.23997759819, 0.0, 0.0, 2338.984
4560.240078926086, 0.0, 0.0, 2339.469
4562.240156888962, 0.0, 0.0, 2340.044
4564.240265369415, 0.0, 0.0, 2340.671
4566.240353345871, 0.0, 0.0, 2341.22
4568.240453243256, 0.0, 0.0, 2341.855
4570.240553855896, 0.0, 0.0, 2342.531
4572.240635633469, 0.0, 0.0, 2343.179
4574.240741014481, 0.0, 0.0, 2343.712
4576.2408447265625, 0.0, 0.0, 2344.153
4578.240938425064, 0.0, 0.0, 2344.648
4580.241010665894, 0.0, 0.0, 2345.18
4582.241111040115, 0.0, 0.0, 2345.608
4584.241198539734, 0.0, 0.0, 2345.945
4586.241344213486, 0.0, 0.0, 2346.329
4588.241468667984, 0.0, 0.0, 2346.675
4590.241584539413, 0.0, 0.0, 2347.038
4592.2417323589325, 0.0, 0.0, 2347.417
4594.241874456406, 0.0, 0.0, 2347.721
4596.242011547089, 0.0, 0.0, 2348.182
4598.242111682892, 0.0, 0.0, 2348.583
4600.242212772369, 0.0, 0.0, 2348.977
4602.242313623428, 0.0, 0.0, 2349.458
4604.2424149513245, 0.0, 0.0, 2349.877
4606.242518901825, 0.0, 0.0, 2350.269
4608.242624282837, 0.0, 0.0, 2350.562
4610.242710590363, 0.0, 0.0, 2350.962
4612.242793560028, 0.0, 0.0, 2351.339
4614.2428822517395, 0.0, 0.0, 2351.774
4616.243043661118, 0.0, 0.0, 2352.248
4618.24313378334, 0.0, 0.0, 2352.719
4620.243222951889, 0.0, 0.0, 2353.212
4622.243357181549, 0.0, 0.0, 2353.585
4624.243501186371, 0.0, 0.0, 2353.906
4626.243560552597, 0.0, 0.0, 2354.287
4628.243666410446, 0.0, 0.0, 2354.675
4630.243787288666, 0.0, 0.0, 2355.274
4632.243887424469, 0.0, 0.0, 2355.844
4634.243980169296, 0.0, 0.0, 2356.38
4636.244065761566, 0.0, 0.0, 2356.888
4638.244171380997, 0.0, 0.0, 2357.375
4640.244313716888, 0.0, 0.0, 2357.737
4642.244409799576, 0.0, 0.0, 2358.036
4644.244545459747, 0.0, 0.0, 2358.38
4646.24462389946, 0.0, 0.0, 2358.843
4648.2447681427, 0.0, 0.0, 2359.319
4650.244868516922, 0.0, 0.0, 2359.839
4652.244966030121, 0.0, 0.0, 2360.279
4654.245048284531, 0.0, 0.0, 2360.716
4656.245148658752, 0.0, 0.0, 2361.17
4658.245249032974, 0.0, 0.0, 2361.582
4660.245349407196, 0.0, 0.0, 2361.965
4662.245449304581, 0.0, 0.0, 2362.299
4664.245554924011, 0.0, 0.0, 2362.666
4666.245654344559, 0.0, 0.0, 2363.128
4668.2457547187805, 0.0, 0.0, 2363.539
4670.245853900909, 0.0, 0.0, 2363.926
4672.245952606201, 0.0, 0.0, 2364.39
4674.24605345726, 0.0, 0.0, 2364.69
4676.246139287949, 0.0, 0.0, 2364.967
4678.2462458610535, 0.0, 0.0, 2365.227
4680.246378660202, 0.0, 0.0, 2365.652
4682.246511459351, 0.0, 0.0, 2366.044
4684.246613264084, 0.0, 0.0, 2366.353
4686.246714353561, 0.0, 0.0, 2366.619
4688.246815443039, 0.0, 0.0, 2366.908
4690.246916055679, 0.0, 0.0, 2367.218
4692.247017860413, 0.0, 0.0, 2367.616
4694.247117996216, 0.0, 0.0, 2367.998
4696.247220993042, 0.0, 0.0, 2368.352
4698.247305870056, 0.0, 0.0, 2368.691
4700.247401237488, 0.0, 0.0, 2369.129
4702.247555732727, 0.0, 0.0, 2369.573
4704.247651100159, 0.0, 0.0, 2369.946
4706.247753143311, 0.0, 0.0, 2370.468
4708.247854948044, 0.0, 0.0, 2370.988
4710.247955560684, 0.0, 0.0, 2371.455
4712.248057842255, 0.0, 0.0, 2371.86
4714.248165369034, 0.0, 0.0, 2372.285
4716.248243808746, 0.0, 0.0, 2372.575
4718.248341560364, 0.0, 0.0, 2372.86
4720.2484447956085, 0.0, 0.0, 2373.184
4722.2485473155975, 0.0, 0.0, 2373.56
4724.248646974564, 0.0, 0.0, 2373.99
4726.248748540878, 0.0, 0.0, 2374.439
4728.248847484589, 0.0, 0.0, 2374.938
4730.248952150345, 0.0, 0.0, 2375.407
4732.249085664749, 0.0, 0.0, 2375.9
4734.249179840088, 0.0, 0.0, 2376.35
4736.249285459518, 0.0, 0.0, 2376.721
4738.249388933182, 0.0, 0.0, 2377.054
4740.249526262283, 0.0, 0.0, 2377.353
4742.249659061432, 0.0, 0.0, 2377.661
4744.249763250351, 0.0, 0.0, 2377.965
4746.249896287918, 0.0, 0.0, 2378.284
4748.249997854233, 0.0, 0.0, 2378.711
4750.250112771988, 0.0, 0.0, 2379.135
4752.250213623047, 0.0, 0.0, 2379.555
4754.25031542778, 0.0, 0.0, 2379.907
4756.2504160404205, 0.0, 0.0, 2380.282
4758.250521183014, 0.0, 0.0, 2380.623
4760.250627994537, 0.0, 0.0, 2380.97
4762.2507293224335, 0.0, 0.0, 2381.226
4764.250822067261, 0.0, 0.0, 2381.523
4766.25092625618, 0.0, 0.0, 2381.826
4768.251027345657, 0.0, 0.0, 2382.141
4770.251131296158, 0.0, 0.0, 2382.412
4772.251213788986, 0.0, 0.0, 2382.72
4774.251352787018, 0.0, 0.0, 2383.006
4776.25145316124, 0.0, 0.0, 2383.272
4778.251580476761, 0.0, 0.0, 2383.595
4780.251686096191, 0.0, 0.0, 2384.017
4782.251812696457, 0.0, 0.0, 2384.515
4784.251910209656, 0.0, 0.0, 2384.914
4786.252008676529, 0.0, 0.0, 2385.343
4788.25214099884, 0.0, 0.0, 2385.665
4790.252243518829, 0.0, 0.0, 2385.997
4792.25233912468, 0.0, 0.0, 2386.362
4794.252439260483, 0.0, 0.0, 2386.712
4796.252541780472, 0.0, 0.0, 2387.052
4798.252638101578, 0.0, 0.0, 2387.371
4800.252780675888, 0.0, 0.0, 2387.677
4802.252861499786, 0.0, 0.0, 2388.014
4804.252995491028, 0.0, 0.0, 2388.358
4806.253094673157, 0.0, 0.0, 2388.665
4808.253192186356, 0.0, 0.0, 2389.042
4810.253299474716, 0.0, 0.0, 2389.361
4812.2534391880035, 0.0, 0.0, 2389.668
4814.253583192825, 0.0, 0.0, 2389.984
4816.253666877747, 0.0, 0.0, 2390.338
4818.253757953644, 0.0, 0.0, 2390.73
4820.253861665726, 0.0, 0.0, 2391.166
4822.253959417343, 0.0, 0.0, 2391.567
4824.254062175751, 0.0, 0.0, 2391.946
4826.25416135788, 0.0, 0.0, 2392.287
4828.254262924194, 0.0, 0.0, 2392.535
4830.254363059998, 0.0, 0.0, 2392.82
4832.254494428635, 0.0, 0.0, 2393.16
4834.254606485367, 0.0, 0.0, 2393.405
4836.254706859589, 0.0, 0.0, 2393.722
4838.25480723381, 0.0, 0.0, 2393.995
4840.254898309708, 0.0, 0.0, 2394.228
4842.254987716675, 0.0, 0.0, 2394.586
4844.255087375641, 0.0, 0.0, 2395.06
4846.255188941956, 0.0, 0.0, 2395.451
4848.255267858505, 0.0, 0.0, 2395.827
4850.255356550217, 0.0, 0.0, 2396.133
4852.255459785461, 0.0, 0.0, 2396.499
4854.255561351776, 0.0, 0.0, 2396.807
4856.255666971207, 0.0, 0.0, 2397.126
4858.255766153336, 0.0, 0.0, 2397.423
4860.255874872208, 0.0, 0.0, 2397.779
4862.2559559345245, 0.0, 0.0, 2398.05
4864.256056308746, 0.0, 0.0, 2398.31
4866.2561593055725, 0.0, 0.0, 2398.537
4868.256258010864, 0.0, 0.0, 2398.85
4870.256358385086, 0.0, 0.0, 2399.23
4872.256456851959, 0.0, 0.0, 2399.527
4874.256539344788, 0.0, 0.0, 2399.961
4876.256626844406, 0.0, 0.0, 2400.41
4878.2567138671875, 0.0, 0.0, 2400.869
4880.256851673126, 0.0, 0.0, 2401.306
4882.256981611252, 0.0, 0.0, 2401.619
4884.257071495056, 0.0, 0.0, 2401.912
4886.257169246674, 0.0, 0.0, 2402.113
4888.257308244705, 0.0, 0.0, 2402.316
4890.257404088974, 0.0, 0.0, 2402.526
4892.257494688034, 0.0, 0.0, 2402.816
4894.257597446442, 0.0, 0.0, 2403.197
4896.257686853409, 0.0, 0.0, 2403.615
4898.257791519165, 0.0, 0.0, 2403.985
4900.257899522781, 0.0, 0.0, 2404.344
4902.257991552353, 0.0, 0.0, 2404.602
4904.258076906204, 0.0, 0.0, 2404.933
4906.2581782341, 0.0, 0.0, 2405.2
4908.258284807205, 0.0, 0.0, 2405.476
4910.258396863937, 0.0, 0.0, 2405.816
4912.2584817409515, 0.0, 0.0, 2406.175
4914.258567094803, 0.0, 0.0, 2406.534
4916.258671998978, 0.0, 0.0, 2406.801
4918.2587995529175, 0.0, 0.0, 2407.009
4920.258947610855, 0.0, 0.0, 2407.231
4922.259029865265, 0.0, 0.0, 2407.523
4924.259163141251, 0.0, 0.0, 2407.909
4926.259264945984, 0.0, 0.0, 2408.322
4928.2593693733215, 0.0, 0.0, 2408.623
4930.259470701218, 0.0, 0.0, 2408.921
4932.259604692459, 0.0, 0.0, 2409.173
4934.259693145752, 0.0, 0.0, 2409.41
4936.259795188904, 0.0, 0.0, 2409.648
4938.259903669357, 0.0, 0.0, 2409.91
4940.260007381439, 0.0, 0.0, 2410.237
4942.2601108551025, 0.0, 0.0, 2410.542
4944.260572195053, 0.0, 0.0, 2410.794
4946.260673999786, 0.0, 0.0, 2410.994
4948.260814905167, 0.0, 0.0, 2411.208
4950.2609305381775, 0.0, 0.0, 2411.389
4952.261032104492, 0.0, 0.0, 2411.653
4954.26113319397, 0.0, 0.0, 2411.967
4956.261215209961, 0.0, 0.0, 2412.275
4958.261312007904, 0.0, 0.0, 2412.561
4960.261412620544, 0.0, 0.0, 2412.798
4962.261514186859, 0.0, 0.0, 2413.137
4964.261617183685, 0.0, 0.0, 2413.499
4966.26175570488, 0.0, 0.0, 2413.934
4968.261848211288, 0.0, 0.0, 2414.303
4970.261949300766, 0.0, 0.0, 2414.674
4972.2620503902435, 0.0, 0.0, 2414.926
4974.262183904648, 0.0, 0.0, 2415.212
4976.262319564819, 0.0, 0.0, 2415.565
4978.262402296066, 0.0, 0.0, 2415.889
4980.2625041008, 0.0, 0.0, 2416.165
4982.262589454651, 0.0, 0.0, 2416.425
4984.262730360031, 0.0, 0.0, 2416.692
4986.262863874435, 0.0, 0.0, 2417.003
4988.262997865677, 0.0, 0.0, 2417.269
4990.263136148453, 0.0, 0.0, 2417.535
4992.263236522675, 0.0, 0.0, 2417.868
4994.263338088989, 0.0, 0.0, 2418.207
4996.263478517532, 0.0, 0.0, 2418.513
4998.2635798454285, 0.0, 0.0, 2418.877
5000.263709068298, 0.0, 0.0, 2419.227
5002.26381278038, 0.0, 0.0, 2419.56
5004.263914108276, 0.0, 0.0, 2419.795
5006.264014720917, 0.0, 0.0, 2420.038
5008.264111757278, 0.0, 0.0, 2420.221
5010.264209508896, 0.0, 0.0, 2420.446
5012.264351129532, 0.0, 0.0, 2420.696
5014.264445304871, 0.0, 0.0, 2421.035
5016.264548778534, 0.0, 0.0, 2421.37
5018.264631271362, 0.0, 0.0, 2421.683
5020.264731168747, 0.0, 0.0, 2421.956
5022.264818906784, 0.0, 0.0, 2422.199
5024.264923334122, 0.0, 0.0, 2422.456
5026.265030384064, 0.0, 0.0, 2422.719
5028.265166282654, 0.0, 0.0, 2423.02
5030.265296697617, 0.0, 0.0, 2423.262
5032.265430927277, 0.0, 0.0, 2423.55
5034.265537023544, 0.0, 0.0, 2423.756
5036.265639066696, 0.0, 0.0, 2424.022
5038.265740871429, 0.0, 0.0, 2424.237
5040.265831232071, 0.0, 0.0, 2424.473
5042.265914201736, 0.0, 0.0, 2424.704
5044.2660484313965, 0.0, 0.0, 2424.926
5046.266152381897, 0.0, 0.0, 2425.144
5048.266254425049, 0.0, 0.0, 2425.346
5050.266354799271, 0.0, 0.0, 2425.567
5052.266456127167, 0.0, 0.0, 2425.804
5054.266539096832, 0.0, 0.0, 2426.088
5056.2666273117065, 0.0, 0.0, 2426.413
5058.266717910767, 0.0, 0.0, 2426.812
5060.266854047775, 0.0, 0.0, 2427.228
5062.266941785812, 0.0, 0.0, 2427.696
5064.267036676407, 0.0, 0.0, 2427.972
5066.267138004303, 0.0, 0.0, 2428.245
5068.267239570618, 0.0, 0.0, 2428.513
5070.267337560654, 0.0, 0.0, 2428.782
5072.267422914505, 0.0, 0.0, 2429.097
5074.267505407333, 0.0, 0.0, 2429.456
5076.267607927322, 0.0, 0.0, 2429.811
5078.267706394196, 0.0, 0.0, 2430.098
5080.2678010463715, 0.0, 0.0, 2430.419
5082.267899751663, 0.0, 0.0, 2430.713
5084.268030643463, 0.0, 0.0, 2431.024
5086.268165588379, 0.0, 0.0, 2431.314
5088.268245458603, 0.0, 0.0, 2431.495
5090.268348693848, 0.0, 0.0, 2431.613
5092.268444061279, 0.0, 0.0, 2431.776
5094.268531084061, 0.0, 0.0, 2431.986
5096.268621683121, 0.0, 0.0, 2432.207
5098.268706083298, 0.0, 0.0, 2432.476
5100.2687895298, 0.0, 0.0, 2432.719
5102.26887178421, 0.0, 0.0, 2432.949
5104.268969535828, 0.0, 0.0, 2433.159
5106.269069194794, 0.0, 0.0, 2433.391
5108.269160032272, 0.0, 0.0, 2433.644
5110.269271612167, 0.0, 0.0, 2433.973
5112.269356012344, 0.0, 0.0, 2434.238
5114.269447803497, 0.0, 0.0, 2434.451
5116.269584417343, 0.0, 0.0, 2434.727
5118.269671201706, 0.0, 0.0, 2435.031
5120.2697632312775, 0.0, 0.0, 2435.347
5122.269858837128, 0.0, 0.0, 2435.581
5124.26994228363, 0.0, 0.0, 2435.803
5126.27002620697, 0.0, 0.0, 2435.968
5128.270128488541, 0.0, 0.0, 2436.202
5130.270213127136, 0.0, 0.0, 2436.452
5132.270349025726, 0.0, 0.0, 2436.752
5134.270445823669, 0.0, 0.0, 2437.06
5136.270531415939, 0.0, 0.0, 2437.34
5138.270665407181, 0.0, 0.0, 2437.566
5140.270795345306, 0.0, 0.0, 2437.841
5142.270879983902, 0.0, 0.0, 2438.101
5144.270993471146, 0.0, 0.0, 2438.392
5146.271088600159, 0.0, 0.0, 2438.701
5148.271186828613, 0.0, 0.0, 2439.044
5150.271285533905, 0.0, 0.0, 2439.385
5152.2713787555695, 0.0, 0.0, 2439.686
5154.27148270607, 0.0, 0.0, 2440.012
5156.271615743637, 0.0, 0.0, 2440.285
5158.271753311157, 0.0, 0.0, 2440.543
5160.271852970123, 0.0, 0.0, 2440.82
5162.271949052811, 0.0, 0.0, 2441.071
5164.272063493729, 0.0, 0.0, 2441.301
5166.272148609161, 0.0, 0.0, 2441.482
5168.272245645523, 0.0, 0.0, 2441.72
5170.272358417511, 0.0, 0.0, 2441.936
5172.272497415543, 0.0, 0.0, 2442.134
5174.272582054138, 0.0, 0.0, 2442.425
5176.272664308548, 0.0, 0.0, 2442.658
5178.272744894028, 0.0, 0.0, 2442.874
5180.272846698761, 0.0, 0.0, 2443.013
5182.272936820984, 0.0, 0.0, 2443.172
5184.273020267487, 0.0, 0.0, 2443.349
5186.273126125336, 0.0, 0.0, 2443.561
5188.273228645325, 0.0, 0.0, 2443.788
5190.273366928101, 0.0, 0.0, 2444.021
5192.27346944809, 0.0, 0.0, 2444.248
5194.273555278778, 0.0, 0.0, 2444.511
5196.273653745651, 0.0, 0.0, 2444.699
5198.2737419605255, 0.0, 0.0, 2444.91
5200.2738790512085, 0.0, 0.0, 2445.13
5202.273970127106, 0.0, 0.0, 2445.313
5204.274070739746, 0.0, 0.0, 2445.507
5206.274172067642, 0.0, 0.0, 2445.749
5208.274278640747, 0.0, 0.0, 2446.059
5210.274359464645, 0.0, 0.0, 2446.293
5212.274447441101, 0.0, 0.0, 2446.523
5214.274534463882, 0.0, 0.0, 2446.833
5216.27464056015, 0.0, 0.0, 2447.027
5218.274729728699, 0.0, 0.0, 2447.179
5220.274814128876, 0.0, 0.0, 2447.318
5222.274899482727, 0.0, 0.0, 2447.527
5224.275004148483, 0.0, 0.0, 2447.702
5226.275092840195, 0.0, 0.0, 2447.917
5228.275193929672, 0.0, 0.0, 2448.113
5230.275297403336, 0.0, 0.0, 2448.346
5232.275390386581, 0.0, 0.0, 2448.614
5234.2754945755005, 0.0, 0.0, 2448.917
5236.275594472885, 0.0, 0.0, 2449.134
5238.275689840317, 0.0, 0.0, 2449.427
5240.2757999897, 0.0, 0.0, 2449.605
5242.275902032852, 0.0, 0.0, 2449.796
5244.275988340378, 0.0, 0.0, 2449.913
5246.276090145111, 0.0, 0.0, 2450.159
5248.276172399521, 0.0, 0.0, 2450.313
5250.276259422302, 0.0, 0.0, 2450.559
5252.276360988617, 0.0, 0.0, 2450.8
5254.276447057724, 0.0, 0.0, 2451.109
5256.276526689529, 0.0, 0.0, 2451.399
5258.27662563324, 0.0, 0.0, 2451.656
5260.276726484299, 0.0, 0.0, 2451.88
5262.276830911636, 0.0, 0.0, 2452.13
5264.276916027069, 0.0, 0.0, 2452.344
5266.276998758316, 0.0, 0.0, 2452.617
5268.277097940445, 0.0, 0.0, 2452.862
5270.2772352695465, 0.0, 0.0, 2453.097
5272.2773270606995, 0.0, 0.0, 2453.336
5274.277423620224, 0.0, 0.0, 2453.668
5276.277522087097, 0.0, 0.0, 2453.897
5278.277610301971, 0.0, 0.0, 2454.141
5280.2776935100555, 0.0, 0.0, 2454.304
5282.277774095535, 0.0, 0.0, 2454.444
5284.277906417847, 0.0, 0.0, 2454.612
5286.277995347977, 0.0, 0.0, 2454.796
5288.278081893921, 0.0, 0.0, 2455.042
5290.278188705444, 0.0, 0.0, 2455.227
5292.278328180313, 0.0, 0.0, 2455.444
5294.278431653976, 0.0, 0.0, 2455.639
5296.278518676758, 0.0, 0.0, 2455.86
5298.278608322144, 0.0, 0.0, 2456.044
5300.278692722321, 0.0, 0.0, 2456.272
5302.278778791428, 0.0, 0.0, 2456.545
5304.278866291046, 0.0, 0.0, 2456.755
5306.278968334198, 0.0, 0.0, 2456.984
5308.279081106186, 0.0, 0.0, 2457.209
5310.279168844223, 0.0, 0.0, 2457.44
5312.279271602631, 0.0, 0.0, 2457.745
5314.279372215271, 0.0, 0.0, 2457.971
5316.279477119446, 0.0, 0.0, 2458.112
5318.2797791957855, 0.0, 0.0, 2458.308
5320.279912948608, 0.0, 0.0, 2458.478
5322.280010223389, 0.0, 0.0, 2458.731
5324.280114650726, 0.0, 0.0, 2458.924
5326.280203580856, 0.0, 0.0, 2459.147
5328.280341386795, 0.0, 0.0, 2459.439
5330.280448436737, 0.0, 0.0, 2459.66
5332.280544996262, 0.0, 0.0, 2459.845
5334.28062748909, 0.0, 0.0, 2460.105
5336.280761003494, 0.0, 0.0, 2460.297
5338.280861616135, 0.0, 0.0, 2460.462
5340.2809937000275, 0.0, 0.0, 2460.6
5342.281099796295, 0.0, 0.0, 2460.752
5344.281192302704, 0.0, 0.0, 2460.944
5346.281330108643, 0.0, 0.0, 2461.149
5348.281458854675, 0.0, 0.0, 2461.309
5350.281546831131, 0.0, 0.0, 2461.518
5352.281639814377, 0.0, 0.0, 2461.714
5354.281737327576, 0.0, 0.0, 2461.964
5356.281831502914, 0.0, 0.0, 2462.227
5358.281968593597, 0.0, 0.0, 2462.537
5360.282053947449, 0.0, 0.0, 2462.845
5362.2821452617645, 0.0, 0.0, 2463.153
5364.282276630402, 0.0, 0.0, 2463.406
5366.282412290573, 0.0, 0.0, 2463.643
5368.282517194748, 0.0, 0.0, 2463.816
5370.282663822174, 0.0, 0.0, 2464.018
5372.282809257507, 0.0, 0.0, 2464.187
5374.282952070236, 0.0, 0.0, 2464.359
5376.283059835434, 0.0, 0.0, 2464.519
5378.283160686493, 0.0, 0.0, 2464.715
5380.283259391785, 0.0, 0.0, 2464.874
5382.283338069916, 0.0, 0.0, 2465.049
5384.283437728882, 0.0, 0.0, 2465.207
5386.283537387848, 0.0, 0.0, 2465.355
5388.283636808395, 0.0, 0.0, 2465.49
5390.283727884293, 0.0, 0.0, 2465.668
5392.283814430237, 0.0, 0.0, 2465.834
5394.283896684647, 0.0, 0.0, 2465.978
5396.283972978592, 0.0, 0.0, 2466.112
5398.284078359604, 0.0, 0.0, 2466.352
5400.284158706665, 0.0, 0.0, 2466.567
5402.284238100052, 0.0, 0.0, 2466.756
5404.284339427948, 0.0, 0.0, 2466.932
5406.284437656403, 0.0, 0.0, 2467.117
5408.284534215927, 0.0, 0.0, 2467.303
5410.284627199173, 0.0, 0.0, 2467.492
5412.284742355347, 0.0, 0.0, 2467.717
5414.284840106964, 0.0, 0.0, 2467.918
5416.284936666489, 0.0, 0.0, 2468.122
5418.285043954849, 0.0, 0.0, 2468.285
5420.285157203674, 0.0, 0.0, 2468.465
5422.2852964401245, 0.0, 0.0, 2468.668
5424.285429954529, 0.0, 0.0, 2468.877
5426.285554409027, 0.0, 0.0, 2469.105
5428.285654783249, 0.0, 0.0, 2469.341
5430.2857575416565, 0.0, 0.0, 2469.537
5432.285850286484, 0.0, 0.0, 2469.726
5434.285961389542, 0.0, 0.0, 2469.898
5436.286063909531, 0.0, 0.0, 2470.123
5438.286149263382, 0.0, 0.0, 2470.337
5440.286250114441, 0.0, 0.0, 2470.523
5442.286351680756, 0.0, 0.0, 2470.724
5444.286454916, 0.0, 0.0, 2470.96
5446.286559820175, 0.0, 0.0, 2471.185
5448.286645412445, 0.0, 0.0, 2471.318
5450.286733150482, 0.0, 0.0, 2471.521
5452.286872386932, 0.0, 0.0, 2471.686
5454.286963701248, 0.0, 0.0, 2471.857
5456.287059545517, 0.0, 0.0, 2472.003
5458.287142753601, 0.0, 0.0, 2472.195
5460.287259101868, 0.0, 0.0, 2472.384
5462.287367105484, 0.0, 0.0, 2472.547
5464.2874584198, 0.0, 0.0, 2472.803
5466.28755235672, 0.0, 0.0, 2473.051
5468.28768658638, 0.0, 0.0, 2473.26
5470.287781238556, 0.0, 0.0, 2473.47
5472.28787446022, 0.0, 0.0, 2473.648
5474.287951231003, 0.0, 0.0, 2473.86
5476.288050174713, 0.0, 0.0, 2474.048
5478.288128376007, 0.0, 0.0, 2474.24
5480.288214206696, 0.0, 0.0, 2474.425
5482.288347005844, 0.0, 0.0, 2474.652
5484.288429737091, 0.0, 0.0, 2474.816
5486.28852725029, 0.0, 0.0, 2474.946
5488.28862786293, 0.0, 0.0, 2475.145
5490.288711071014, 0.0, 0.0, 2475.309
5492.28879737854, 0.0, 0.0, 2475.482
5494.288902759552, 0.0, 0.0, 2475.667
5496.289006948471, 0.0, 0.0, 2475.82
5498.289144515991, 0.0, 0.0, 2476.085
5500.289267539978, 0.0, 0.0, 2476.219
5502.289402723312, 0.0, 0.0, 2476.391
5504.289506673813, 0.0, 0.0, 2476.503
5506.289640665054, 0.0, 0.0, 2476.623
5508.289745807648, 0.0, 0.0, 2476.815
5510.289827823639, 0.0, 0.0, 2477.002
5512.289911270142, 0.0, 0.0, 2477.228
5514.289994001389, 0.0, 0.0, 2477.525
5516.290072917938, 0.0, 0.0, 2477.763
5518.29017162323, 0.0, 0.0, 2478.003
5520.290263175964, 0.0, 0.0, 2478.177
5522.290345668793, 0.0, 0.0, 2478.365
5524.29043006897, 0.0, 0.0, 2478.449
5526.290563344955, 0.0, 0.0, 2478.603
5528.290647745132, 0.0, 0.0, 2478.751
5530.290747880936, 0.0, 0.0, 2478.927
5532.290831327438, 0.0, 0.0, 2479.086
5534.2909688949585, 0.0, 0.0, 2479.246
5536.291056871414, 0.0, 0.0, 2479.383
5538.291137456894, 0.0, 0.0, 2479.629
5540.291239023209, 0.0, 0.0, 2479.872
5542.291313409805, 0.0, 0.0, 2480.111
5544.291393995285, 0.0, 0.0, 2480.336
5546.291475057602, 0.0, 0.0, 2480.517
5548.291554450989, 0.0, 0.0, 2480.689
5550.291635990143, 0.0, 0.0, 2480.836
5552.291713953018, 0.0, 0.0, 2480.999
5554.291808843613, 0.0, 0.0, 2481.082
5556.29189825058, 0.0, 0.0, 2481.274
5558.291982412338, 0.0, 0.0, 2481.492
5560.2920734882355, 0.0, 0.0, 2481.635
5562.292151212692, 0.0, 0.0, 2481.767
5564.2922303676605, 0.0, 0.0, 2481.915
5566.292319059372, 0.0, 0.0, 2482.111
5568.292407989502, 0.0, 0.0, 2482.289
5570.292498826981, 0.0, 0.0, 2482.464
5572.292578697205, 0.0, 0.0, 2482.639
5574.292657375336, 0.0, 0.0, 2482.866
5576.292753696442, 0.0, 0.0, 2483.09
5578.292850494385, 0.0, 0.0, 2483.248
5580.292937994003, 0.0, 0.0, 2483.367
5582.293039083481, 0.0, 0.0, 2483.531
5584.293139696121, 0.0, 0.0, 2483.708
5586.2932324409485, 0.0, 0.0, 2483.94
5588.293310403824, 0.0, 0.0, 2484.09
5590.293409109116, 0.0, 0.0, 2484.294
5592.29350399971, 0.0, 0.0, 2484.491
5594.293602466583, 0.0, 0.0, 2484.657
5596.2937026023865, 0.0, 0.0, 2484.777
5598.293803215027, 0.0, 0.0, 2484.972
5600.293881893158, 0.0, 0.0, 2485.205
5602.293981790543, 0.0, 0.0, 2485.398
5604.294064998627, 0.0, 0.0, 2485.607
5606.294151067734, 0.0, 0.0, 2485.783
5608.294252872467, 0.0, 0.0, 2485.953
5610.294354915619, 0.0, 0.0, 2486.133
5612.294440984726, 0.0, 0.0, 2486.362
5614.294529914856, 0.0, 0.0, 2486.563
5616.294610500336, 0.0, 0.0, 2486.77
5618.294693231583, 0.0, 0.0, 2487.031
5620.294788360596, 0.0, 0.0, 2487.199
5622.294892311096, 0.0, 0.0, 2487.422
5624.294995307922, 0.0, 0.0, 2487.589
5626.295129776001, 0.0, 0.0, 2487.722
5628.295231580734, 0.0, 0.0, 2487.842
5630.29532456398, 0.0, 0.0, 2487.958
5632.29546713829, 0.0, 0.0, 2488.067
5634.295611143112, 0.0, 0.0, 2488.152
5636.2957174777985, 0.0, 0.0, 2488.234
5638.295818567276, 0.0, 0.0, 2488.333
5640.295917510986, 0.0, 0.0, 2488.489
5642.295998096466, 0.0, 0.0, 2488.621
5644.296099424362, 0.0, 0.0, 2488.82
5646.29620885849, 0.0, 0.0, 2489.057
5648.2963099479675, 0.0, 0.0, 2489.329
5650.296416521072, 0.0, 0.0, 2489.563
5652.296553373337, 0.0, 0.0, 2489.74
5654.296660423279, 0.0, 0.0, 2489.893
5656.2967441082, 0.0, 0.0, 2490.078
5658.296828508377, 0.0, 0.0, 2490.263
5660.296956539154, 0.0, 0.0, 2490.388
5662.297088861465, 0.0, 0.0, 2490.554
5664.297177314758, 0.0, 0.0, 2490.693
5666.297278165817, 0.0, 0.0, 2490.82
5668.297378540039, 0.0, 0.0, 2490.919
5670.297458648682, 0.0, 0.0, 2491.062
5672.297546625137, 0.0, 0.0, 2491.24
5674.297645807266, 0.0, 0.0, 2491.368
5676.297742843628, 0.0, 0.0, 2491.52
5678.297840595245, 0.0, 0.0, 2491.657
5680.297935009003, 0.0, 0.0, 2491.837
5682.29803609848, 0.0, 0.0, 2492.054
5684.298138380051, 0.0, 0.0, 2492.227
5686.29824090004, 0.0, 0.0, 2492.357
5688.298342227936, 0.0, 0.0, 2492.528
5690.298424720764, 0.0, 0.0, 2492.684
5692.298515319824, 0.0, 0.0, 2492.9
5694.298598766327, 0.0, 0.0, 2493.1
5696.298697710037, 0.0, 0.0, 2493.263
5698.298799037933, 0.0, 0.0, 2493.413
5700.298900604248, 0.0, 0.0, 2493.552
5702.298984527588, 0.0, 0.0, 2493.696
5704.299084186554, 0.0, 0.0, 2493.838
5706.299185037613, 0.0, 0.0, 2493.941
5708.299280405045, 0.0, 0.0, 2494.093
5710.2993812561035, 0.0, 0.0, 2494.225
5712.2994821071625, 0.0, 0.0, 2494.434
5714.299565315247, 0.0, 0.0, 2494.617
5716.299666404724, 0.0, 0.0, 2494.74
5718.299766302109, 0.0, 0.0, 2494.896
5720.2998678684235, 0.0, 0.0, 2495.06
5722.299966335297, 0.0, 0.0, 2495.216
5724.300067186356, 0.0, 0.0, 2495.333
5726.300170660019, 0.0, 0.0, 2495.468
5728.300304412842, 0.0, 0.0, 2495.627
5730.300407171249, 0.0, 0.0, 2495.763
5732.300490856171, 0.0, 0.0, 2495.869
5734.300594806671, 0.0, 0.0, 2496.051
5736.300695180893, 0.0, 0.0, 2496.186
5738.300796747208, 0.0, 0.0, 2496.308
5740.300888061523, 0.0, 0.0, 2496.487
5742.3009877204895, 0.0, 0.0, 2496.552
5744.301068544388, 0.0, 0.0, 2496.7
5746.30121254921, 0.0, 0.0, 2496.846
5748.30130147934, 0.0, 0.0, 2496.965
5750.30140542984, 0.0, 0.0, 2497.128
5752.301491975784, 0.0, 0.0, 2497.264
5754.301593780518, 0.0, 0.0, 2497.423
5756.30168223381, 0.0, 0.0, 2497.583
5758.301783800125, 0.0, 0.0, 2497.729
5760.301883935928, 0.0, 0.0, 2497.921
5762.301979541779, 0.0, 0.0, 2498.114
5764.302081823349, 0.0, 0.0, 2498.272
5766.302179813385, 0.0, 0.0, 2498.482
5768.302265167236, 0.0, 0.0, 2498.628
5770.302350282669, 0.0, 0.0, 2498.758
5772.302458763123, 0.0, 0.0, 2498.909
5774.30256152153, 0.0, 0.0, 2499.017
5776.302668094635, 0.0, 0.0, 2499.172
5778.302770853043, 0.0, 0.0, 2499.292
5780.302867889404, 0.0, 0.0, 2499.456
5782.302958011627, 0.0, 0.0, 2499.662
5784.3030569553375, 0.0, 0.0, 2499.88
5786.303208351135, 0.0, 0.0, 2500.127
5788.303350925446, 0.0, 0.0, 2500.27
5790.303458213806, 0.0, 0.0, 2500.473
5792.303591012955, 0.0, 0.0, 2500.65
5794.303729295731, 0.0, 0.0, 2500.807
5796.303821563721, 0.0, 0.0, 2500.97
5798.303919792175, 0.0, 0.0, 2501.118
5800.304018974304, 0.0, 0.0, 2501.22
5802.304114103317, 0.0, 0.0, 2501.312
5804.304204702377, 0.0, 0.0, 2501.408
5806.30430150032, 0.0, 0.0, 2501.483
5808.304402112961, 0.0, 0.0, 2501.606
5810.30450463295, 0.0, 0.0, 2501.782
5812.3046061992645, 0.0, 0.0, 2501.918
5814.304706811905, 0.0, 0.0, 2502.086
5816.304800987244, 0.0, 0.0, 2502.284
5818.304906606674, 0.0, 0.0, 2502.41
5820.305016517639, 0.0, 0.0, 2502.605
5822.305098056793, 0.0, 0.0, 2502.751
5824.3051998615265, 0.0, 0.0, 2502.936
5826.305303573608, 0.0, 0.0, 2503.055
5828.305405378342, 0.0, 0.0, 2503.223
5830.305511236191, 0.0, 0.0, 2503.352
5832.30561542511, 0.0, 0.0, 2503.495
5834.305716753006, 0.0, 0.0, 2503.621
5836.305821657181, 0.0, 0.0, 2503.74
5838.30596113205, 0.0, 0.0, 2503.873
5840.306059837341, 0.0, 0.0, 2504.018
5842.3061628341675, 0.0, 0.0, 2504.153
5844.306259870529, 0.0, 0.0, 2504.333
5846.306396484375, 0.0, 0.0, 2504.487
5848.306530714035, 0.0, 0.0, 2504.591
5850.306627988815, 0.0, 0.0, 2504.742
5852.306734085083, 0.0, 0.0, 2504.9
5854.3068380355835, 0.0, 0.0, 2505.066
5856.306938648224, 0.0, 0.0, 2505.182
5858.307078838348, 0.0, 0.0, 2505.313
5860.307168722153, 0.0, 0.0, 2505.431
5862.30724978447, 0.0, 0.0, 2505.542
5864.307385444641, 0.0, 0.0, 2505.665
5866.307466983795, 0.0, 0.0, 2505.812
5868.307567119598, 0.0, 0.0, 2505.964
5870.307643651962, 0.0, 0.0, 2506.11
5872.307729482651, 0.0, 0.0, 2506.26
5874.307864665985, 0.0, 0.0, 2506.41
5876.307965517044, 0.0, 0.0, 2506.505
5878.308053016663, 0.0, 0.0, 2506.665
5880.308176994324, 0.0, 0.0, 2506.804
5882.308258533478, 0.0, 0.0, 2506.944
5884.308357715607, 0.0, 0.0, 2507.048
5886.308465242386, 0.0, 0.0, 2507.172
5888.3085906505585, 0.0, 0.0, 2507.306
5890.30871963501, 0.0, 0.0, 2507.472
5892.308820724487, 0.0, 0.0, 2507.581
5894.308922290802, 0.0, 0.0, 2507.704
5896.309022426605, 0.0, 0.0, 2507.852
5898.309118270874, 0.0, 0.0, 2507.959
5900.30921792984, 0.0, 0.0, 2508.075
5902.309318065643, 0.0, 0.0, 2508.213
5904.3094046115875, 0.0, 0.0, 2508.281
5906.3095099925995, 0.0, 0.0, 2508.422
5908.309611320496, 0.0, 0.0, 2508.55
5910.309753656387, 0.0, 0.0, 2508.641
5912.30988740921, 0.0, 0.0, 2508.751
5914.309991836548, 0.0, 0.0, 2508.89
5916.3101098537445, 0.0, 0.0, 2509.085
5918.3102247715, 0.0, 0.0, 2509.249
5920.310339450836, 0.0, 0.0, 2509.442
5922.310440778732, 0.0, 0.0, 2509.596
5924.310544490814, 0.0, 0.0, 2509.677
5926.310627937317, 0.0, 0.0, 2509.818
5928.310733795166, 0.0, 0.0, 2509.915
5930.310845851898, 0.0, 0.0, 2510.051
5932.3109562397, 0.0, 0.0, 2510.162
5934.311100244522, 0.0, 0.0, 2510.325
5936.311191558838, 0.0, 0.0, 2510.47
5938.3112914562225, 0.0, 0.0, 2510.626
5940.311447381973, 0.0, 0.0, 2510.763
5942.31155705452, 0.0, 0.0, 2510.889
5944.311651706696, 0.0, 0.0, 2511.011
5946.311793088913, 0.0, 0.0, 2511.118
5948.3119168281555, 0.0, 0.0, 2511.251
5950.3120131492615, 0.0, 0.0, 2511.362
5952.312112569809, 0.0, 0.0, 2511.504
5954.312215805054, 0.0, 0.0, 2511.59
5956.312303781509, 0.0, 0.0, 2511.746
5958.312398433685, 0.0, 0.0, 2511.865
5960.312484502792, 0.0, 0.0, 2512.002
5962.312618255615, 0.0, 0.0, 2512.106
5964.312718153, 0.0, 0.0, 2512.221
5966.312831163406, 0.0, 0.0, 2512.347
5968.312929868698, 0.0, 0.0, 2512.461
5970.313016176224, 0.0, 0.0, 2512.608
5972.313109397888, 0.0, 0.0, 2512.764
5974.31325006485, 0.0, 0.0, 2512.909
5976.313349485397, 0.0, 0.0, 2513.082
5978.313452959061, 0.0, 0.0, 2513.28
5980.31359744072, 0.0, 0.0, 2513.454
5982.313708782196, 0.0, 0.0, 2513.541
5984.313851118088, 0.0, 0.0, 2513.67
5986.313984870911, 0.0, 0.0, 2513.801
5988.314118146896, 0.0, 0.0, 2513.898
5990.314229726791, 0.0, 0.0, 2513.995
5992.314338684082, 0.0, 0.0, 2514.118
5994.31443977356, 0.0, 0.0, 2514.228
5996.31454372406, 0.0, 0.0, 2514.323
5998.3146595954895, 0.0, 0.0, 2514.44
6000.314758300781, 0.0, 0.0, 2514.551
6002.314918041229, 0.0, 0.0, 2514.668
6004.315034389496, 0.0, 0.0, 2514.789
6006.315169095993, 0.0, 0.0, 2514.887
6008.315262556076, 0.0, 0.0, 2515.017
6010.3153483867645, 0.0, 0.0, 2515.123
6012.3154509067535, 0.0, 0.0, 2515.275
6014.3155925273895, 0.0, 0.0, 2515.387
6016.315727233887, 0.0, 0.0, 2515.555
6018.315862417221, 0.0, 0.0, 2515.654
6020.316024541855, 0.0, 0.0, 2515.746
6022.316135168076, 0.0, 0.0, 2515.892
6024.316265821457, 0.0, 0.0, 2516.006
6026.316350698471, 0.0, 0.0, 2516.13
6028.316458940506, 0.0, 0.0, 2516.275
6030.316599369049, 0.0, 0.0, 2516.389
6032.316699504852, 0.0, 0.0, 2516.509
6034.316786527634, 0.0, 0.0, 2516.587
6036.316921234131, 0.0, 0.0, 2516.74
6038.317047357559, 0.0, 0.0, 2516.827
6040.317145824432, 0.0, 0.0, 2516.991
6042.317281007767, 0.0, 0.0, 2517.128
6044.317389011383, 0.0, 0.0, 2517.26
6046.317503929138, 0.0, 0.0, 2517.361
6048.317642688751, 0.0, 0.0, 2517.473
6050.317748308182, 0.0, 0.0, 2517.647
6052.317838668823, 0.0, 0.0, 2517.761
6054.317942380905, 0.0, 0.0, 2517.91
6056.318074941635, 0.0, 0.0, 2518.038
6058.318177700043, 0.0, 0.0, 2518.153
6060.318289041519, 0.0, 0.0, 2518.301
6062.318378686905, 0.0, 0.0, 2518.458
6064.318480014801, 0.0, 0.0, 2518.551
6066.318568229675, 0.0, 0.0, 2518.701
6068.318665504456, 0.0, 0.0, 2518.798
6070.318803071976, 0.0, 0.0, 2518.913
6072.318937778473, 0.0, 0.0, 2519.026
6074.319071769714, 0.0, 0.0, 2519.142
6076.319157600403, 0.0, 0.0, 2519.278
6078.319256305695, 0.0, 0.0, 2519.397
6080.319362163544, 0.0, 0.0, 2519.518
6082.319466352463, 0.0, 0.0, 2519.655
6084.319608926773, 0.0, 0.0, 2519.716
6086.319702625275, 0.0, 0.0, 2519.864
6088.319813966751, 0.0, 0.0, 2520.033
6090.319898366928, 0.0, 0.0, 2520.18
6092.32001376152, 0.0, 0.0, 2520.299
6094.320149183273, 0.0, 0.0, 2520.442
6096.320252656937, 0.0, 0.0, 2520.543
6098.320353507996, 0.0, 0.0, 2520.683
6100.320437431335, 0.0, 0.0, 2520.825
6102.320520162582, 0.0, 0.0, 2520.905
6104.320603609085, 0.0, 0.0, 2521.024
6106.320686101913, 0.0, 0.0, 2521.135
6108.320786714554, 0.0, 0.0, 2521.222
6110.320887804031, 0.0, 0.0, 2521.341
6112.321036100388, 0.0, 0.0, 2521.464
6114.321115255356, 0.0, 0.0, 2521.59
6116.321213722229, 0.0, 0.0, 2521.699
6118.321348428726, 0.0, 0.0, 2521.85
6120.321438550949, 0.0, 0.0, 2521.99
6122.321519851685, 0.0, 0.0, 2522.122
6124.321604967117, 0.0, 0.0, 2522.259
6126.3216943740845, 0.0, 0.0, 2522.382
6128.321827411652, 0.0, 0.0, 2522.545
6130.321973085403, 0.0, 0.0, 2522.675
6132.322074890137, 0.0, 0.0, 2522.827
6134.322176933289, 0.0, 0.0, 2522.912
6136.322278261185, 0.0, 0.0, 2522.981
6138.322412967682, 0.0, 0.0, 2523.12
6140.322502613068, 0.0, 0.0, 2523.261
6142.3225877285, 0.0, 0.0, 2523.365
6144.322681427002, 0.0, 0.0, 2523.463
6146.322816371918, 0.0, 0.0, 2523.57
6148.322896718979, 0.0, 0.0, 2523.677
6150.322997093201, 0.0, 0.0, 2523.789
6152.323097705841, 0.0, 0.0, 2523.881
6154.323197841644, 0.0, 0.0, 2523.982
6156.323299646378, 0.0, 0.0, 2524.078
6158.323402404785, 0.0, 0.0, 2524.214
6160.323505401611, 0.0, 0.0, 2524.325
6162.32360625267, 0.0, 0.0, 2524.478
6164.323705673218, 0.0, 0.0, 2524.606
6166.323789834976, 0.0, 0.0, 2524.774
6168.323891878128, 0.0, 0.0, 2524.912
6170.323981285095, 0.0, 0.0, 2525.029
6172.324083566666, 0.0, 0.0, 2525.123
6174.324184417725, 0.0, 0.0, 2525.233
6176.324320316315, 0.0, 0.0, 2525.332
6178.324420213699, 0.0, 0.0, 2525.436
6180.324522972107, 0.0, 0.0, 2525.512
6182.324623823166, 0.0, 0.0, 2525.602
6184.3247237205505, 0.0, 0.0, 2525.704
6186.324825048447, 0.0, 0.0, 2525.836
6188.324913978577, 0.0, 0.0, 2525.96
6190.325022935867, 0.0, 0.0, 2526.063
6192.325125455856, 0.0, 0.0, 2526.16
6194.32522559166, 0.0, 0.0, 2526.279
6196.325328826904, 0.0, 0.0, 2526.405
6198.325410366058, 0.0, 0.0, 2526.505
6200.325504779816, 0.0, 0.0, 2526.59
6202.325603485107, 0.0, 0.0, 2526.798
6204.325687170029, 0.0, 0.0, 2526.893
6206.325797080994, 0.0, 0.0, 2527.003
6208.325900316238, 0.0, 0.0, 2527.097
6210.325980901718, 0.0, 0.0, 2527.159
6212.32607126236, 0.0, 0.0, 2527.223
6214.326162338257, 0.0, 0.0, 2527.281
6216.32624745369, 0.0, 0.0, 2527.444
6218.326349258423, 0.0, 0.0, 2527.561
6220.326449871063, 0.0, 0.0, 2527.648
6222.32653427124, 0.0, 0.0, 2527.789
6224.3266179561615, 0.0, 0.0, 2527.906
6226.326704502106, 0.0, 0.0, 2528.066
6228.32679271698, 0.0, 0.0, 2528.252
6230.326879739761, 0.0, 0.0, 2528.345
6232.32701420784, 0.0, 0.0, 2528.428
6234.327104091644, 0.0, 0.0, 2528.541
6236.32719707489, 0.0, 0.0, 2528.675
6238.32733798027, 0.0, 0.0, 2528.779
6240.327449798584, 0.0, 0.0, 2528.9
6242.327554941177, 0.0, 0.0, 2529.038
6244.327708482742, 0.0, 0.0, 2529.147
6246.327844381332, 0.0, 0.0, 2529.285
6248.327955007553, 0.0, 0.0, 2529.355
6250.328056335449, 0.0, 0.0, 2529.444
6252.32815861702, 0.0, 0.0, 2529.555
6254.328244686127, 0.0, 0.0, 2529.656
6256.328328847885, 0.0, 0.0, 2529.762
6258.3284323215485, 0.0, 0.0, 2529.895
6260.328534603119, 0.0, 0.0, 2530.043
6262.32862329483, 0.0, 0.0, 2530.162
6264.328708410263, 0.0, 0.0, 2530.275
6266.328808307648, 0.0, 0.0, 2530.367
6268.32889008522, 0.0, 0.0, 2530.43
6270.328991174698, 0.0, 0.0, 2530.518
6272.329074144363, 0.0, 0.0, 2530.626
6274.329162120819, 0.0, 0.0, 2530.696
6276.329252004623, 0.0, 0.0, 2530.77
6278.3293364048, 0.0, 0.0, 2530.887
6280.329464197159, 0.0, 0.0, 2530.996
6282.329577922821, 0.0, 0.0, 2531.095
6284.32968378067, 0.0, 0.0, 2531.222
6286.329769611359, 0.0, 0.0, 2531.365
6288.329872131348, 0.0, 0.0, 2531.467
6290.3299741744995, 0.0, 0.0, 2531.597
6292.330074310303, 0.0, 0.0, 2531.635
6294.330174446106, 0.0, 0.0, 2531.724
6296.330276727676, 0.0, 0.0, 2531.841
6298.33037853241, 0.0, 0.0, 2531.934
6300.330478191376, 0.0, 0.0, 2532.051
6302.330577135086, 0.0, 0.0, 2532.146
6304.3306765556335, 0.0, 0.0, 2532.214
6306.330775499344, 0.0, 0.0, 2532.301
6308.33087515831, 0.0, 0.0, 2532.376
6310.331008911133, 0.0, 0.0, 2532.459
6312.331110715866, 0.0, 0.0, 2532.554
6314.331204891205, 0.0, 0.0, 2532.685
6316.331304550171, 0.0, 0.0, 2532.786
6318.331396102905, 0.0, 0.0, 2532.946
6320.331485509872, 0.0, 0.0, 2533.068
6322.33158159256, 0.0, 0.0, 2533.146
6324.331717252731, 0.0, 0.0, 2533.211
6326.331814050674, 0.0, 0.0, 2533.279
6328.331962823868, 0.0, 0.0, 2533.392
6330.332062482834, 0.0, 0.0, 2533.491
6332.332167625427, 0.0, 0.0, 2533.619
6334.332279205322, 0.0, 0.0, 2533.703
6336.332368373871, 0.0, 0.0, 2533.782
6338.33247089386, 0.0, 0.0, 2533.806
6340.332574129105, 0.0, 0.0, 2533.943
6342.332663059235, 0.0, 0.0, 2534.077
6344.332798719406, 0.0, 0.0, 2534.187
6346.332904577255, 0.0, 0.0, 2534.347
6348.333007335663, 0.0, 0.0, 2534.497
6350.333111286163, 0.0, 0.0, 2534.64
6352.333215475082, 0.0, 0.0, 2534.787
6354.333316326141, 0.0, 0.0, 2534.914
6356.333425998688, 0.0, 0.0, 2535.006
6358.33352971077, 0.0, 0.0, 2535.078
6360.33367061615, 0.0, 0.0, 2535.174
6362.333755493164, 0.0, 0.0, 2535.259
6364.333894252777, 0.0, 0.0, 2535.37
6366.333996772766, 0.0, 0.0, 2535.461
6368.334098339081, 0.0, 0.0, 2535.56
6370.3342316150665, 0.0, 0.0, 2535.611
6372.334333658218, 0.0, 0.0, 2535.715
6374.334432840347, 0.0, 0.0, 2535.81
6376.334532499313, 0.0, 0.0, 2535.932
6378.334634065628, 0.0, 0.0, 2535.976
6380.33473277092, 0.0, 0.0, 2536.059
6382.334833860397, 0.0, 0.0, 2536.136
6384.334933280945, 0.0, 0.0, 2536.269
6386.3350348472595, 0.0, 0.0, 2536.373
6388.335136175156, 0.0, 0.0, 2536.479
6390.335233449936, 0.0, 0.0, 2536.615
6392.335330963135, 0.0, 0.0, 2536.714
6394.335430383682, 0.0, 0.0, 2536.784
6396.335546731949, 0.0, 0.0, 2536.905
6398.335649013519, 0.0, 0.0, 2537.016
6400.3357491493225, 0.0, 0.0, 2537.142
6402.335832834244, 0.0, 0.0, 2537.235
6404.335933685303, 0.0, 0.0, 2537.358
6406.336035728455, 0.0, 0.0, 2537.465
6408.336122751236, 0.0, 0.0, 2537.566
6410.3362329006195, 0.0, 0.0, 2537.649
6412.336337089539, 0.0, 0.0, 2537.779
6414.3364181518555, 0.0, 0.0, 2537.869
6416.336516857147, 0.0, 0.0, 2537.957
6418.336619138718, 0.0, 0.0, 2538.022
6420.336721658707, 0.0, 0.0, 2538.085
6422.336822271347, 0.0, 0.0, 2538.185
6424.336918354034, 0.0, 0.0, 2538.249
6426.337020397186, 0.0, 0.0, 2538.397
6428.337120056152, 0.0, 0.0, 2538.467
6430.33721780777, 0.0, 0.0, 2538.568
6432.337313175201, 0.0, 0.0, 2538.65
6434.337414979935, 0.0, 0.0, 2538.733
6436.337514638901, 0.0, 0.0, 2538.846
6438.3376524448395, 0.0, 0.0, 2538.926
6440.3377430438995, 0.0, 0.0, 2539.022
6442.337841033936, 0.0, 0.0, 2539.094
6444.337934970856, 0.0, 0.0, 2539.172
6446.33803153038, 0.0, 0.0, 2539.254
6448.338116168976, 0.0, 0.0, 2539.34
6450.3382160663605, 0.0, 0.0, 2539.376
6452.338315010071, 0.0, 0.0, 2539.532
6454.33841252327, 0.0, 0.0, 2539.639
6456.338558673859, 0.0, 0.0, 2539.714
6458.3386607170105, 0.0, 0.0, 2539.826
6460.338761329651, 0.0, 0.0, 2539.924
6462.338860750198, 0.0, 0.0, 2539.999
6464.338957309723, 0.0, 0.0, 2540.13
6466.339059352875, 0.0, 0.0, 2540.213
6468.339160919189, 0.0, 0.0, 2540.328
6470.339262962341, 0.0, 0.0, 2540.422
6472.3393659591675, 0.0, 0.0, 2540.494
6474.339468002319, 0.0, 0.0, 2540.567
6476.33956861496, 0.0, 0.0, 2540.665
6478.339668035507, 0.0, 0.0, 2540.775
6480.339769363403, 0.0, 0.0, 2540.887
6482.339848041534, 0.0, 0.0, 2540.995
6484.3399493694305, 0.0, 0.0, 2541.056
6486.34005188942, 0.0, 0.0, 2541.1
6488.340127468109, 0.0, 0.0, 2541.164
6490.340221405029, 0.0, 0.0, 2541.246
6492.34032034874, 0.0, 0.0, 2541.355
6494.340415477753, 0.0, 0.0, 2541.429
6496.340499162674, 0.0, 0.0, 2541.521
6498.340584039688, 0.0, 0.0, 2541.655
6500.340751171112, 0.0, 0.0, 2541.722
6502.340843677521, 0.0, 0.0, 2541.854
6504.340950250626, 0.0, 0.0, 2542.004
6506.341054201126, 0.0, 0.0, 2542.148
6508.341156959534, 0.0, 0.0, 2542.23
6510.3412573337555, 0.0, 0.0, 2542.289
6512.341361761093, 0.0, 0.0, 2542.378
6514.341496229172, 0.0, 0.0, 2542.432
6516.341624736786, 0.0, 0.0, 2542.539
6518.341731309891, 0.0, 0.0, 2542.613
6520.341825723648, 0.0, 0.0, 2542.713
6522.341960668564, 0.0, 0.0, 2542.794
6524.342084884644, 0.0, 0.0, 2542.878
6526.342170476913, 0.0, 0.0, 2542.99
6528.34227514267, 0.0, 0.0, 2543.056
6530.342374324799, 0.0, 0.0, 2543.146
6532.34247636795, 0.0, 0.0, 2543.258
6534.342567205429, 0.0, 0.0, 2543.345
6536.3426632881165, 0.0, 0.0, 2543.479
6538.342780351639, 0.0, 0.0, 2543.533
6540.342926025391, 0.0, 0.0, 2543.643
6542.3430325984955, 0.0, 0.0, 2543.657
6544.343132257462, 0.0, 0.0, 2543.762
6546.343234300613, 0.0, 0.0, 2543.876
6548.343332767487, 0.0, 0.0, 2543.996
6550.3434715271, 0.0, 0.0, 2544.083
6552.343612670898, 0.0, 0.0, 2544.198
6554.343713521957, 0.0, 0.0, 2544.296
6556.3438086509705, 0.0, 0.0, 2544.363
6558.343909025192, 0.0, 0.0, 2544.488
6560.344014883041, 0.0, 0.0, 2544.536
6562.344098329544, 0.0, 0.0, 2544.617
6564.344198942184, 0.0, 0.0, 2544.702
6566.344300746918, 0.0, 0.0, 2544.77
6568.344402313232, 0.0, 0.0, 2544.837
6570.344503164291, 0.0, 0.0, 2544.902
6572.34458732605, 0.0, 0.0, 2545.01
6574.344722747803, 0.0, 0.0, 2545.124
6576.34482884407, 0.0, 0.0, 2545.178
6578.344929933548, 0.0, 0.0, 2545.292
6580.345015764236, 0.0, 0.0, 2545.388
6582.345114707947, 0.0, 0.0, 2545.473
6584.34521484375, 0.0, 0.0, 2545.591
6586.345314741135, 0.0, 0.0, 2545.699
6588.345418930054, 0.0, 0.0, 2545.766
6590.345724105835, 0.0, 0.0, 2545.875
6592.345809698105, 0.0, 0.0, 2545.979
6594.345906496048, 0.0, 0.0, 2546.043
6596.346044778824, 0.0, 0.0, 2546.133
6598.346127271652, 0.0, 0.0, 2546.201
6600.346212387085, 0.0, 0.0, 2546.324
6602.346314191818, 0.0, 0.0, 2546.401
6604.346399307251, 0.0, 0.0, 2546.461
6606.346485853195, 0.0, 0.0, 2546.563
6608.346574306488, 0.0, 0.0, 2546.634
6610.346662759781, 0.0, 0.0, 2546.715
6612.346766471863, 0.0, 0.0, 2546.815
6614.3468708992, 0.0, 0.0, 2546.903
6616.346961736679, 0.0, 0.0, 2547.0
6618.347056627274, 0.0, 0.0, 2547.106
6620.347159147263, 0.0, 0.0, 2547.208
6622.347268819809, 0.0, 0.0, 2547.328
6624.347367286682, 0.0, 0.0, 2547.386
6626.347457885742, 0.0, 0.0, 2547.446
6628.347599029541, 0.0, 0.0, 2547.506
6630.347683429718, 0.0, 0.0, 2547.587
6632.347789287567, 0.0, 0.0, 2547.665
6634.347896814346, 0.0, 0.0, 2547.722
6636.347995758057, 0.0, 0.0, 2547.818
6638.348088264465, 0.0, 0.0, 2547.892
6640.348178625107, 0.0, 0.0, 2547.951
6642.348279237747, 0.0, 0.0, 2548.007
6644.348380088806, 0.0, 0.0, 2548.083
6646.348466873169, 0.0, 0.0, 2548.201
6648.348571062088, 0.0, 0.0, 2548.25
6650.3486750125885, 0.0, 0.0, 2548.31
6652.348776817322, 0.0, 0.0, 2548.387
6654.348884820938, 0.0, 0.0, 2548.522
6656.348984718323, 0.0, 0.0, 2548.595
6658.349086999893, 0.0, 0.0, 2548.684
6660.349189758301, 0.0, 0.0, 2548.736
6662.349292039871, 0.0, 0.0, 2548.817
6664.349395513535, 0.0, 0.0, 2548.873
6666.3494918346405, 0.0, 0.0, 2548.96
6668.349585771561, 0.0, 0.0, 2549.026
6670.349688768387, 0.0, 0.0, 2549.127
6672.349830389023, 0.0, 0.0, 2549.222
6674.349970579147, 0.0, 0.0, 2549.325
6676.35006403923, 0.0, 0.0, 2549.349
6678.350150823593, 0.0, 0.0, 2549.441
6680.350238084793, 0.0, 0.0, 2549.533
6682.350327730179, 0.0, 0.0, 2549.611
6684.350434303284, 0.0, 0.0, 2549.703
6686.350568056107, 0.0, 0.0, 2549.792
6688.35070848465, 0.0, 0.0, 2549.893
6690.350811004639, 0.0, 0.0, 2549.976
6692.350893974304, 0.0, 0.0, 2550.049
6694.350979804993, 0.0, 0.0, 2550.154
6696.351078510284, 0.0, 0.0, 2550.236
6698.351177215576, 0.0, 0.0, 2550.35
6700.351266622543, 0.0, 0.0, 2550.421
6702.3513560295105, 0.0, 0.0, 2550.51
6704.351454734802, 0.0, 0.0, 2550.533
6706.351554393768, 0.0, 0.0, 2550.644
6708.351638793945, 0.0, 0.0, 2550.688
6710.351739406586, 0.0, 0.0, 2550.825
6712.35184264183, 0.0, 0.0, 2550.912
6714.351941585541, 0.0, 0.0, 2550.967
6716.352042198181, 0.0, 0.0, 2551.029
6718.352143526077, 0.0, 0.0, 2551.129
6720.352243900299, 0.0, 0.0, 2551.239
6722.352321624756, 0.0, 0.0, 2551.354
6724.352412700653, 0.0, 0.0, 2551.441
6726.352513790131, 0.0, 0.0, 2551.578
6728.352615356445, 0.0, 0.0, 2551.652
6730.352716445923, 0.0, 0.0, 2551.781
6732.352823495865, 0.0, 0.0, 2551.861
6734.352965593338, 0.0, 0.0, 2551.965
6736.353109836578, 0.0, 0.0, 2552.058
6738.35320019722, 0.0, 0.0, 2552.123
6740.35330247879, 0.0, 0.0, 2552.203
6742.353405714035, 0.0, 0.0, 2552.279
6744.3535096645355, 0.0, 0.0, 2552.327
6746.353610754013, 0.0, 0.0, 2552.407
6748.353712558746, 0.0, 0.0, 2552.509
6750.353812932968, 0.0, 0.0, 2552.549
6752.35390996933, 0.0, 0.0, 2552.591
6754.354009628296, 0.0, 0.0, 2552.677
6756.354111671448, 0.0, 0.0, 2552.778
6758.354212284088, 0.0, 0.0, 2552.84
6760.354313373566, 0.0, 0.0, 2552.905
6762.3544092178345, 0.0, 0.0, 2552.982
6764.354544639587, 0.0, 0.0, 2553.097
6766.354646921158, 0.0, 0.0, 2553.198
6768.354749441147, 0.0, 0.0, 2553.276
6770.354854106903, 0.0, 0.0, 2553.373
6772.354956626892, 0.0, 0.0, 2553.439
6774.355058670044, 0.0, 0.0, 2553.51
6776.355187416077, 0.0, 0.0, 2553.621
6778.35554599762, 0.0, 0.0, 2553.679
6780.355646848679, 0.0, 0.0, 2553.762
6782.355725765228, 0.0, 0.0, 2553.836
6784.3558712005615, 0.0, 0.0, 2553.904
6786.355952978134, 0.0, 0.0, 2553.995
6788.3560519218445, 0.0, 0.0, 2554.055
6790.3561544418335, 0.0, 0.0, 2554.143
6792.356290578842, 0.0, 0.0, 2554.208
6794.356387853622, 0.0, 0.0, 2554.298
6796.356489658356, 0.0, 0.0, 2554.374
6798.356597661972, 0.0, 0.0, 2554.476
6800.3567316532135, 0.0, 0.0, 2554.545
6802.356828451157, 0.0, 0.0, 2554.63
6804.3569276332855, 0.0, 0.0, 2554.696
6806.357022285461, 0.0, 0.0, 2554.752
6808.35712313652, 0.0, 0.0, 2554.836
6810.3572199344635, 0.0, 0.0, 2554.923
6812.357323884964, 0.0, 0.0, 2555.0
6814.357430458069, 0.0, 0.0, 2555.075
6816.357530117035, 0.0, 0.0, 2555.17
6818.357629776001, 0.0, 0.0, 2555.251
6820.357729673386, 0.0, 0.0, 2555.358
6822.357830286026, 0.0, 0.0, 2555.471
6824.357930421829, 0.0, 0.0, 2555.574
6826.358031272888, 0.0, 0.0, 2555.61
6828.358129024506, 0.0, 0.0, 2555.651
6830.35823392868, 0.0, 0.0, 2555.717
6832.358332395554, 0.0, 0.0, 2555.797
6834.358433246613, 0.0, 0.0, 2555.838
6836.35853433609, 0.0, 0.0, 2555.92
6838.358634233475, 0.0, 0.0, 2555.979
6840.358737945557, 0.0, 0.0, 2556.029
6842.358831167221, 0.0, 0.0, 2556.129
6844.358931064606, 0.0, 0.0, 2556.25
6846.3590342998505, 0.0, 0.0, 2556.338
6848.359133720398, 0.0, 0.0, 2556.434
6850.359234333038, 0.0, 0.0, 2556.533
6852.35933637619, 0.0, 0.0, 2556.598
6854.359438419342, 0.0, 0.0, 2556.644
6856.359539985657, 0.0, 0.0, 2556.72
6858.359641075134, 0.0, 0.0, 2556.795
6860.359711885452, 0.0, 0.0, 2556.87
6862.3598046302795, 0.0, 0.0, 2556.968
6864.35990524292, 0.0, 0.0, 2557.067
6866.359991073608, 0.0, 0.0, 2557.099
6868.36009478569, 0.0, 0.0, 2557.165
6870.360213756561, 0.0, 0.0, 2557.205
6872.360317468643, 0.0, 0.0, 2557.32
6874.360414028168, 0.0, 0.0, 2557.39
6876.360515356064, 0.0, 0.0, 2557.439
6878.360596179962, 0.0, 0.0, 2557.502
6880.360696315765, 0.0, 0.0, 2557.561
6882.360794305801, 0.0, 0.0, 2557.644
6884.3608939647675, 0.0, 0.0, 2557.707
6886.360989570618, 0.0, 0.0, 2557.798
6888.361071586609, 0.0, 0.0, 2557.823
6890.361214160919, 0.0, 0.0, 2557.913
6892.361305713654, 0.0, 0.0, 2557.991
6894.361393928528, 0.0, 0.0, 2558.058
6896.361483335495, 0.0, 0.0, 2558.148
6898.361581325531, 0.0, 0.0, 2558.243
6900.361684322357, 0.0, 0.0, 2558.339
6902.361785173416, 0.0, 0.0, 2558.41
6904.3618767261505, 0.0, 0.0, 2558.53
6906.362009763718, 0.0, 0.0, 2558.59
6908.362148761749, 0.0, 0.0, 2558.64
6910.362260103226, 0.0, 0.0, 2558.716
6912.362373113632, 0.0, 0.0, 2558.817
6914.362455844879, 0.0, 0.0, 2558.871
6916.362565279007, 0.0, 0.0, 2558.963
6918.362672805786, 0.0, 0.0, 2559.041
6920.362805604935, 0.0, 0.0, 2559.11
6922.362901210785, 0.0, 0.0, 2559.16
6924.363009214401, 0.0, 0.0, 2559.231
6926.363098859787, 0.0, 0.0, 2559.303
6928.363190174103, 0.0, 0.0, 2559.359
6930.36333155632, 0.0, 0.0, 2559.437
6932.363415718079, 0.0, 0.0, 2559.514
6934.3635420799255, 0.0, 0.0, 2559.597
6936.363684415817, 0.0, 0.0, 2559.639
6938.363816022873, 0.0, 0.0, 2559.704
6940.3639087677, 0.0, 0.0, 2559.775
6942.364008665085, 0.0, 0.0, 2559.816
6944.364107847214, 0.0, 0.0, 2559.935
6946.3642065525055, 0.0, 0.0, 2560.003
6948.3643014431, 0.0, 0.0, 2560.057
6950.36439871788, 0.0, 0.0, 2560.126
6952.3645033836365, 0.0, 0.0, 2560.194
6954.364602804184, 0.0, 0.0, 2560.279
6956.36470580101, 0.0, 0.0, 2560.34
6958.3648426532745, 0.0, 0.0, 2560.417
6960.364977836609, 0.0, 0.0, 2560.461
6962.3650805950165, 0.0, 0.0, 2560.519
6964.365224838257, 0.0, 0.0, 2560.612
6966.365337371826, 0.0, 0.0, 2560.706
6968.365418672562, 0.0, 0.0, 2560.734
6970.365516424179, 0.0, 0.0, 2560.815
6972.365653753281, 0.0, 0.0, 2560.894
6974.36575460434, 0.0, 0.0, 2561.002
6976.365843772888, 0.0, 0.0, 2561.045
6978.36594581604, 0.0, 0.0, 2561.087
6980.366042375565, 0.0, 0.0, 2561.185
6982.366185426712, 0.0, 0.0, 2561.217
6984.366274833679, 0.0, 0.0, 2561.348
6986.366355895996, 0.0, 0.0, 2561.349
6988.3664581775665, 0.0, 0.0, 2561.433
6990.366560459137, 0.0, 0.0, 2561.466
6992.366656780243, 0.0, 0.0, 2561.547
6994.366791963577, 0.0, 0.0, 2561.614
6996.366877794266, 0.0, 0.0, 2561.648
6998.366961479187, 0.0, 0.0, 2561.75
7000.36706495285, 0.0, 0.0, 2561.817
7002.367165803909, 0.0, 0.0, 2561.863
7004.367265224457, 0.0, 0.0, 2561.884
7006.3673729896545, 0.0, 0.0, 2561.97
7008.367469549179, 0.0, 0.0, 2562.005
7010.367568969727, 0.0, 0.0, 2562.091
7012.367655038834, 0.0, 0.0, 2562.168
7014.367754936218, 0.0, 0.0, 2562.248
7016.367852926254, 0.0, 0.0, 2562.299
7018.367986679077, 0.0, 0.0, 2562.401
7020.368098020554, 0.0, 0.0, 2562.462
7022.3681790828705, 0.0, 0.0, 2562.508
7024.368320226669, 0.0, 0.0, 2562.573
7026.368418216705, 0.0, 0.0, 2562.641
7028.3685121536255, 0.0, 0.0, 2562.714
7030.368603229523, 0.0, 0.0, 2562.788
7032.368735074997, 0.0, 0.0, 2562.825
7034.368835449219, 0.0, 0.0, 2562.891
7036.368941068649, 0.0, 0.0, 2562.975
7038.3690819740295, 0.0, 0.0, 2563.025
7040.369161367416, 0.0, 0.0, 2563.105
7042.369296550751, 0.0, 0.0, 2563.192
7044.369440793991, 0.0, 0.0, 2563.222
7046.369574308395, 0.0, 0.0, 2563.313
7048.369710683823, 0.0, 0.0, 2563.388
7050.369857549667, 0.0, 0.0, 2563.461
7052.369993686676, 0.0, 0.0, 2563.491
7054.370099544525, 0.0, 0.0, 2563.535
7056.370226860046, 0.0, 0.0, 2563.617
7058.370308637619, 0.0, 0.0, 2563.674
7060.370416879654, 0.0, 0.0, 2563.766
7062.370500564575, 0.0, 0.0, 2563.875
7064.370602607727, 0.0, 0.0, 2563.96
7066.370733976364, 0.0, 0.0, 2564.017
7068.370877504349, 0.0, 0.0, 2564.128
7070.370980262756, 0.0, 0.0, 2564.187
7072.371073722839, 0.0, 0.0, 2564.274
7074.371177434921, 0.0, 0.0, 2564.316
7076.371270895004, 0.0, 0.0, 2564.348
7078.371373653412, 0.0, 0.0, 2564.409
7080.371465682983, 0.0, 0.0, 2564.496
7082.3715624809265, 0.0, 0.0, 2564.578
7084.37165760994, 0.0, 0.0, 2564.642
7086.371790409088, 0.0, 0.0, 2564.748
7088.371922969818, 0.0, 0.0, 2564.809
7090.372008800507, 0.0, 0.0, 2564.9
7092.372109889984, 0.0, 0.0, 2564.934
7094.372188091278, 0.0, 0.0, 2565.011
7096.372325658798, 0.0, 0.0, 2565.023
7098.372407197952, 0.0, 0.0, 2565.067
7100.372515439987, 0.0, 0.0, 2565.149
7102.37264752388, 0.0, 0.0, 2565.223
7104.372732639313, 0.0, 0.0, 2565.279
7106.372834682465, 0.0, 0.0, 2565.348
7108.372970819473, 0.0, 0.0, 2565.413
7110.373106241226, 0.0, 0.0, 2565.446
7112.373184680939, 0.0, 0.0, 2565.513
7114.373268604279, 0.0, 0.0, 2565.556
7116.373374700546, 0.0, 0.0, 2565.643
7118.373472452164, 0.0, 0.0, 2565.707
7120.373574733734, 0.0, 0.0, 2565.752
7122.373668670654, 0.0, 0.0, 2565.804
7124.37376499176, 0.0, 0.0, 2565.853
7126.373867273331, 0.0, 0.0, 2565.923
7128.37397146225, 0.0, 0.0, 2565.964
7130.374057531357, 0.0, 0.0, 2566.047
7132.374153852463, 0.0, 0.0, 2566.115
7134.374242305756, 0.0, 0.0, 2566.166
7136.374344825745, 0.0, 0.0, 2566.229
7138.374444484711, 0.0, 0.0, 2566.327
7140.374541282654, 0.0, 0.0, 2566.374
7142.374622106552, 0.0, 0.0, 2566.422
7144.374710798264, 0.0, 0.0, 2566.485
7146.374813318253, 0.0, 0.0, 2566.542
7148.374897480011, 0.0, 0.0, 2566.578
7150.37499666214, 0.0, 0.0, 2566.675
7152.375092744827, 0.0, 0.0, 2566.714
7154.375180244446, 0.0, 0.0, 2566.774
7156.37526845932, 0.0, 0.0, 2566.834
7158.375359773636, 0.0, 0.0, 2566.917
7160.375448942184, 0.0, 0.0, 2566.948
7162.375579833984, 0.0, 0.0, 2567.049
7164.375680208206, 0.0, 0.0, 2567.109
7166.3757565021515, 0.0, 0.0, 2567.147
7168.375860929489, 0.0, 0.0, 2567.209
7170.375961780548, 0.0, 0.0, 2567.26
7172.3760640621185, 0.0, 0.0, 2567.341
7174.376163244247, 0.0, 0.0, 2567.38
7176.376262426376, 0.0, 0.0, 2567.472
7178.376353025436, 0.0, 0.0, 2567.583
7180.3764543533325, 0.0, 0.0, 2567.654
7182.376548528671, 0.0, 0.0, 2567.691
7184.376625061035, 0.0, 0.0, 2567.776
7186.3767240047455, 0.0, 0.0, 2567.81
7188.376809120178, 0.0, 0.0, 2567.877
7190.37690615654, 0.0, 0.0, 2567.937
7192.377001285553, 0.0, 0.0, 2568.007
7194.377098083496, 0.0, 0.0, 2568.078
7196.377181768417, 0.0, 0.0, 2568.09
7198.377318382263, 0.0, 0.0, 2568.171
7200.377420663834, 0.0, 0.0, 2568.196
7202.377510070801, 0.0, 0.0, 2568.256
7204.377647638321, 0.0, 0.0, 2568.311
7206.377784013748, 0.0, 0.0, 2568.392
7208.3779191970825, 0.0, 0.0, 2568.443
7210.378014564514, 0.0, 0.0, 2568.518
7212.378102302551, 0.0, 0.0, 2568.573
7214.378207921982, 0.0, 0.0, 2568.668
7216.378339767456, 0.0, 0.0, 2568.726
7218.378443002701, 0.0, 0.0, 2568.749
7220.378522634506, 0.0, 0.0, 2568.841
7222.378607273102, 0.0, 0.0, 2568.879
7224.378690242767, 0.0, 0.0, 2568.949
7226.378777980804, 0.0, 0.0, 2569.035
7228.378871440887, 0.0, 0.0, 2569.099
7230.378957033157, 0.0, 0.0, 2569.181
7232.379041671753, 0.0, 0.0, 2569.259
7234.379135847092, 0.0, 0.0, 2569.339
7236.379238605499, 0.0, 0.0, 2569.409
7238.379327774048, 0.0, 0.0, 2569.483
7240.379456281662, 0.0, 0.0, 2569.546
7242.379549503326, 0.0, 0.0, 2569.645
7244.379685878754, 0.0, 0.0, 2569.707
7246.379786968231, 0.0, 0.0, 2569.74
7248.3798887729645, 0.0, 0.0, 2569.831
7250.379991054535, 0.0, 0.0, 2569.891
7252.38009262085, 0.0, 0.0, 2569.946
7254.380193948746, 0.0, 0.0, 2570.032
7256.380282878876, 0.0, 0.0, 2570.068
7258.380417346954, 0.0, 0.0, 2570.104
7260.380518436432, 0.0, 0.0, 2570.193
7262.380616426468, 0.0, 0.0, 2570.278
7264.380698442459, 0.0, 0.0, 2570.3
