time, current, power, resistance
0.0028672218322753906, 0.0, 0.0, 2562.571
2.0029616355895996, 0.0, 0.0, 2562.632
4.003066301345825, 0.0, 0.0, 2562.674
6.0031468868255615, 0.0, 0.0, 2562.745
8.003230810165405, 0.0, 0.0, 2562.808
10.003339290618896, 0.0, 0.0, 2562.883
12.003474235534668, 0.0, 0.0, 2562.97
14.003567457199097, 0.0, 0.0, 2563.031
16.003652095794678, 0.0, 0.0, 2563.097
18.00374960899353, 0.0, 0.0, 2563.215
20.003851890563965, 0.0, 0.0, 2563.316
22.00399160385132, 0.0, 0.0, 2563.424
24.00407576560974, 0.0, 0.0, 2563.506
26.004271030426025, 0.0, 0.0, 2563.613
28.004359483718872, 0.0, 0.0, 2563.74
30.004499197006226, 0.0, 0.0, 2563.809
32.004639625549316, 0.0, 0.0, 2563.866
34.004722118377686, 0.0, 0.0, 2563.939
36.00482225418091, 0.0, 0.0, 2564.067
38.004918813705444, 0.0, 0.0, 2564.106
40.00499606132507, 0.0, 0.0, 2564.156
42.005070209503174, 0.0, 0.0, 2564.228
44.00517439842224, 0.0, 0.0, 2564.249
46.005303144454956, 0.0, 0.0, 2564.345
48.00543403625488, 0.0, 0.0, 2564.413
50.00553560256958, 0.0, 0.0, 2564.498
52.005637884140015, 0.0, 0.0, 2564.563
54.00575041770935, 0.0, 0.0, 2564.621
56.0058867931366, 0.0, 0.0, 2564.701
58.0059871673584, 0.0, 0.0, 2564.729
60.00612950325012, 0.0, 0.0, 2564.8
62.00774693489075, 0.0, 0.0, 2545.304
64.00785183906555, 1.4012, 3.3407, 2398.064
66.00793814659119, 1.4012, 3.3653, 2291.425
68.00803208351135, 1.4012, 3.3876, 2204.428
70.00819516181946, 1.4012, 3.4052, 2131.642
72.00829267501831, 1.4012, 3.4195, 2070.761
74.00838470458984, 1.4011, 3.4318, 2017.722
76.0084764957428, 1.4012, 3.4423, 1968.497
78.00857019424438, 1.4011, 3.4517, 1929.49
80.00866675376892, 1.4011, 3.4601, 1892.503
82.00876379013062, 1.4011, 3.4678, 1858.913
84.00885939598083, 1.4012, 3.4745, 1828.247
86.00895595550537, 1.4011, 3.481, 1800.197
88.00908517837524, 1.4011, 3.487, 1774.011
90.00918316841125, 1.4011, 3.4925, 1749.899
92.00928163528442, 1.4011, 3.497, 1727.062
94.00938296318054, 1.4011, 3.5029, 1705.777
96.00946760177612, 1.4011, 3.5067, 1685.481
98.00955200195312, 1.4011, 3.5114, 1666.1
100.00965237617493, 1.4011, 3.5155, 1647.541
102.00975108146667, 1.4011, 3.5197, 1630.138
104.00984573364258, 1.4011, 3.5237, 1613.404
106.00994539260864, 1.4011, 3.5276, 1597.18
108.01004672050476, 1.4011, 3.5314, 1581.873
110.01014947891235, 1.4011, 3.535, 1566.923
112.01029229164124, 1.4011, 3.5384, 1552.41
114.01039814949036, 1.4011, 3.5418, 1538.713
116.01053428649902, 1.4011, 3.5445, 1525.328
118.01063370704651, 1.4011, 3.5483, 1512.381
120.01076030731201, 1.4011, 3.5508, 1499.786
122.01089668273926, 1.4011, 3.5539, 1487.563
124.010977268219, 1.4011, 3.557, 1475.792
126.01117873191833, 1.4011, 3.5598, 1464.105
128.0112624168396, 1.4011, 3.5626, 1453.005
130.01134657859802, 1.4011, 3.5655, 1442.149
132.01143789291382, 1.4011, 3.5682, 1431.698
134.01157212257385, 1.4011, 3.5708, 1421.472
136.01168012619019, 1.4011, 3.5734, 1411.28
138.01176810264587, 1.4011, 3.5757, 1401.483
140.01185584068298, 1.4011, 3.5786, 1391.743
142.01199460029602, 1.4011, 3.5806, 1382.424
144.01207900047302, 1.4011, 3.583, 1373.331
146.01218795776367, 1.4011, 3.5856, 1364.3
148.0122685432434, 1.4011, 3.5878, 1355.531
150.0123999118805, 1.4011, 3.5902, 1347.144
152.01249814033508, 1.4011, 3.5927, 1338.7
154.01259851455688, 1.4011, 3.5949, 1330.383
156.01269626617432, 1.4011, 3.5971, 1322.463
158.01282668113708, 1.4011, 3.5993, 1314.662
160.0129280090332, 1.4011, 3.6016, 1306.98
162.01302909851074, 1.4011, 3.6036, 1299.511
164.01316738128662, 1.4011, 3.6054, 1292.184
166.0132749080658, 1.4011, 3.6073, 1284.939
168.01337909698486, 1.4011, 3.6094, 1277.814
170.0134837627411, 1.4011, 3.6114, 1271.064
172.01357054710388, 1.4011, 3.6132, 1264.336
174.013671875, 1.401, 3.6152, 1257.719
176.01380944252014, 1.401, 3.6171, 1251.049
178.0139081478119, 1.4011, 3.6191, 1244.42
180.0140187740326, 1.401, 3.621, 1237.978
182.01410460472107, 1.4011, 3.6228, 1231.524
184.01420545578003, 1.4011, 3.6246, 1225.731
186.01434898376465, 1.401, 3.6264, 1219.919
188.0144817829132, 1.401, 3.6278, 1214.115
190.01457571983337, 1.4011, 3.63, 1208.249
192.0146803855896, 1.401, 3.6314, 1202.347
194.01481175422668, 1.4011, 3.6332, 1196.529
196.01491475105286, 1.401, 3.6349, 1191.017
198.01501560211182, 1.401, 3.6366, 1185.653
200.0151572227478, 1.401, 3.6382, 1180.37
202.0152633190155, 1.401, 3.6398, 1175.146
204.0154001712799, 1.401, 3.6414, 1170.038
206.01548624038696, 1.401, 3.643, 1164.844
208.01562190055847, 1.401, 3.6447, 1159.889
210.0157265663147, 1.401, 3.646, 1155.008
212.01583194732666, 1.401, 3.6475, 1150.5
214.01596236228943, 1.401, 3.6491, 1145.917
216.01625752449036, 1.401, 3.6505, 1141.387
218.01635122299194, 1.401, 3.6519, 1136.969
220.01648020744324, 1.401, 3.6533, 1132.47
222.01657390594482, 1.401, 3.6548, 1127.789
224.01668167114258, 1.401, 3.6564, 1123.273
226.0167634487152, 1.401, 3.6577, 1119.15
228.01686477661133, 1.401, 3.6591, 1114.905
230.01696610450745, 1.401, 3.6603, 1110.662
232.0170600414276, 1.401, 3.6619, 1106.805
234.01716256141663, 1.401, 3.6631, 1103.002
236.01725673675537, 1.401, 3.6643, 1099.033
238.01734280586243, 1.401, 3.6659, 1095.103
240.01747250556946, 1.401, 3.6669, 1091.271
242.01755595207214, 1.401, 3.6681, 1087.678
244.01765847206116, 1.401, 3.6694, 1084.095
246.01775765419006, 1.401, 3.6707, 1080.52
248.01785707473755, 1.401, 3.6719, 1077.0
250.01795649528503, 1.401, 3.6731, 1073.481
252.01805710792542, 1.401, 3.6745, 1070.092
254.0181577205658, 1.401, 3.6756, 1066.732
256.018296957016, 1.401, 3.6769, 1063.262
258.0183947086334, 1.401, 3.678, 1059.759
260.0184986591339, 1.401, 3.6789, 1056.36
262.0186002254486, 1.401, 3.68, 1053.125
264.01870131492615, 1.401, 3.6812, 1050.0
266.0188100337982, 1.4009, 3.6823, 1046.926
268.01891112327576, 1.4009, 3.6835, 1043.756
270.0190165042877, 1.401, 3.6846, 1040.905
272.0191402435303, 1.401, 3.6856, 1037.95
274.0192427635193, 1.4009, 3.6867, 1034.809
276.01934599876404, 1.4009, 3.6878, 1031.775
278.01945877075195, 1.4009, 3.6889, 1028.777
280.01959466934204, 1.4009, 3.6899, 1025.884
282.0197298526764, 1.4009, 3.6907, 1023.055
284.0198652744293, 1.4009, 3.692, 1020.24
286.01995277404785, 1.4009, 3.6929, 1017.484
288.02006578445435, 1.4009, 3.694, 1014.719
290.02019476890564, 1.4009, 3.6948, 1012.268
292.02029395103455, 1.4009, 3.6958, 1009.777
294.0204291343689, 1.4009, 3.6969, 1007.317
296.0205659866333, 1.4009, 3.6977, 1004.825
298.0206677913666, 1.4009, 3.6986, 1002.332
300.0208041667938, 1.4009, 3.6995, 999.6791
302.0208899974823, 1.4009, 3.7004, 997.1654
304.0210084915161, 1.4009, 3.7015, 994.715
306.02114248275757, 1.4009, 3.7024, 992.1852
308.0212435722351, 1.4009, 3.7032, 989.8307
310.0213544368744, 1.4009, 3.7042, 987.55
312.02143955230713, 1.4009, 3.7051, 985.2031
314.02153730392456, 1.4008, 3.7059, 982.9576
316.0216372013092, 1.4008, 3.7068, 980.6838
318.02172350883484, 1.4009, 3.7075, 978.3629
320.0218143463135, 1.4009, 3.7084, 976.101
322.02191519737244, 1.4008, 3.7092, 973.9572
324.0220139026642, 1.4008, 3.7102, 971.8233
326.0220959186554, 1.4008, 3.711, 969.6911
328.0221824645996, 1.4009, 3.7118, 967.5585
330.02228569984436, 1.4009, 3.7125, 965.4234
332.02259492874146, 1.4009, 3.7135, 963.3126
334.02267837524414, 1.4008, 3.7141, 961.2444
336.02277183532715, 1.4008, 3.7149, 959.3986
338.02285408973694, 1.4009, 3.7157, 957.8655
340.0229387283325, 1.4008, 3.7164, 955.8965
342.0230269432068, 1.4008, 3.717, 953.9984
344.0231628417969, 1.4008, 3.7178, 952.2276
346.02326464653015, 1.4008, 3.7185, 950.5794
348.02339911460876, 1.4008, 3.7194, 948.7975
350.02352929115295, 1.4008, 3.72, 947.1593
352.0236117839813, 1.4008, 3.7207, 945.4973
354.0236978530884, 1.4009, 3.7213, 943.5614
356.02383732795715, 1.4008, 3.722, 941.8832
358.02396869659424, 1.4008, 3.7227, 940.203
360.0241045951843, 1.4008, 3.7235, 938.5569
362.02423787117004, 1.4008, 3.7241, 936.9008
364.02433681488037, 1.4008, 3.7247, 935.1476
366.02442479133606, 1.4008, 3.7254, 933.4774
368.02452278137207, 1.4008, 3.726, 931.7208
370.0246195793152, 1.4008, 3.7268, 929.9589
372.0247220993042, 1.4008, 3.7273, 928.2366
374.02482414245605, 1.4008, 3.7283, 926.7574
376.02492332458496, 1.4008, 3.7287, 925.3823
378.025018453598, 1.4008, 3.7295, 924.3224
380.0251123905182, 1.4008, 3.7299, 922.8995
382.0252125263214, 1.4008, 3.7305, 921.3661
384.02531266212463, 1.4008, 3.7312, 919.8686
386.0254108905792, 1.4008, 3.7317, 918.4481
388.025509595871, 1.4008, 3.7322, 917.262
390.02560782432556, 1.4008, 3.7328, 915.9644
392.0257077217102, 1.4008, 3.7334, 914.4733
394.0258069038391, 1.4008, 3.7339, 912.9807
396.02590584754944, 1.4008, 3.7345, 911.5884
398.0260043144226, 1.4008, 3.7349, 910.1562
400.0261023044586, 1.4008, 3.7354, 908.85
402.0261824131012, 1.4008, 3.7362, 907.7712
404.0262839794159, 1.4008, 3.7366, 906.4451
406.02638268470764, 1.4008, 3.7372, 904.9304
408.0264678001404, 1.4008, 3.7378, 903.482
410.02655124664307, 1.4008, 3.7384, 902.076
412.0266511440277, 1.4007, 3.739, 900.7422
414.0267493724823, 1.4007, 3.7394, 899.4403
416.0268430709839, 1.4008, 3.7399, 898.2087
418.0269412994385, 1.4008, 3.7406, 896.932
420.0270416736603, 1.4008, 3.7411, 895.7643
422.02713203430176, 1.4008, 3.7416, 894.531
424.0272092819214, 1.4007, 3.7421, 893.3097
426.0272901058197, 1.4008, 3.7425, 892.2882
428.0273895263672, 1.4008, 3.743, 891.4314
430.02748823165894, 1.4007, 3.7435, 890.2889
432.0275876522064, 1.4008, 3.744, 888.9952
434.0276699066162, 1.4007, 3.7444, 887.8029
436.0277647972107, 1.4008, 3.7449, 886.7051
438.02786016464233, 1.4008, 3.7453, 885.605
440.0279428958893, 1.4008, 3.7458, 884.7296
442.02804374694824, 1.4008, 3.7462, 883.857
444.02814769744873, 1.4007, 3.7467, 882.9539
446.02823662757874, 1.4007, 3.747, 882.111
448.0283737182617, 1.4007, 3.7472, 881.2111
450.0285143852234, 1.4007, 3.7477, 880.5732
452.0286023616791, 1.4007, 3.7481, 879.4168
454.02868366241455, 1.4007, 3.7485, 878.3157
456.0288140773773, 1.4007, 3.749, 877.3567
458.02894735336304, 1.4007, 3.7493, 876.271
460.02909660339355, 1.4007, 3.7497, 875.3947
462.0292000770569, 1.4007, 3.7502, 874.5944
464.02928471565247, 1.4007, 3.7505, 873.5092
466.0294187068939, 1.4007, 3.7511, 872.4327
468.0295190811157, 1.4007, 3.7514, 871.355
470.02965235710144, 1.4007, 3.7519, 870.4007
472.0297327041626, 1.4007, 3.7523, 869.6124
474.02983021736145, 1.4007, 3.7526, 868.7108
476.0299324989319, 1.4007, 3.7528, 867.7437
478.0300316810608, 1.4007, 3.7533, 866.8625
480.03013134002686, 1.4006, 3.7536, 866.1069
482.0302324295044, 1.4007, 3.7542, 865.4318
484.03033781051636, 1.4007, 3.7545, 864.6502
486.0304353237152, 1.4007, 3.7549, 863.6971
488.03053092956543, 1.4007, 3.7553, 862.8762
490.0306317806244, 1.4007, 3.7558, 862.0106
492.03077030181885, 1.4007, 3.7562, 861.0126
494.0309178829193, 1.4007, 3.7565, 860.0798
496.0310227870941, 1.4007, 3.7569, 859.2565
498.0311667919159, 1.4007, 3.7572, 858.5107
500.03126287460327, 1.4007, 3.7575, 857.775
502.03134846687317, 1.4007, 3.758, 856.7267
504.03144884109497, 1.4007, 3.7583, 855.8431
506.03155064582825, 1.4006, 3.7586, 855.0093
508.03165197372437, 1.4007, 3.759, 854.1391
510.03173637390137, 1.4007, 3.7592, 853.3548
512.0318224430084, 1.4007, 3.7598, 852.6849
514.0319681167603, 1.4007, 3.7601, 852.2775
516.0321023464203, 1.4007, 3.7603, 851.6128
518.0322372913361, 1.4007, 3.7607, 850.8997
520.032347202301, 1.4007, 3.7609, 850.196
522.0324413776398, 1.4007, 3.7613, 849.4173
524.0325653553009, 1.4007, 3.7615, 848.7148
526.0326657295227, 1.4007, 3.7619, 847.9036
528.0327641963959, 1.4006, 3.7623, 847.195
530.0328679084778, 1.4006, 3.7626, 846.4366
532.0329682826996, 1.4007, 3.7628, 845.5997
534.0330691337585, 1.4007, 3.7632, 844.8031
536.0331728458405, 1.4006, 3.7634, 844.1641
538.0332744121552, 1.4006, 3.7637, 843.5323
540.0333800315857, 1.4006, 3.7642, 842.9326
542.0334594249725, 1.4006, 3.7644, 842.5717
544.0335614681244, 1.4006, 3.7645, 842.1884
546.0336537361145, 1.4006, 3.7649, 841.411
548.0337595939636, 1.4006, 3.7651, 840.7408
550.0338895320892, 1.4006, 3.7655, 840.196
552.0339910984039, 1.4006, 3.7657, 839.8852
554.0340957641602, 1.4006, 3.766, 839.2747
556.0341956615448, 1.4006, 3.7662, 838.6084
558.0343401432037, 1.4006, 3.7664, 837.9666
560.0344440937042, 1.4006, 3.7668, 837.3701
562.0345804691315, 1.4006, 3.7669, 836.706
564.0346832275391, 1.4006, 3.7673, 836.0938
566.0347836017609, 1.4006, 3.7675, 835.8123
568.0348703861237, 1.4006, 3.7677, 835.5002
570.0349745750427, 1.4006, 3.768, 834.7913
572.0350687503815, 1.4006, 3.7683, 834.0596
574.0351581573486, 1.4006, 3.7685, 833.3627
576.0352637767792, 1.4006, 3.7687, 832.7709
578.0353665351868, 1.4006, 3.7689, 832.26
580.0354695320129, 1.4006, 3.7693, 831.5727
582.0355563163757, 1.4006, 3.7695, 830.9054
584.0357048511505, 1.4006, 3.7698, 830.4236
586.0358364582062, 1.4006, 3.7699, 829.9456
588.0359678268433, 1.4006, 3.7703, 829.4164
590.0360717773438, 1.4006, 3.7705, 828.7437
592.0362057685852, 1.4006, 3.7708, 828.0548
594.0362946987152, 1.4006, 3.771, 827.4365
596.036372423172, 1.4006, 3.7714, 826.8775
598.0364799499512, 1.4006, 3.7716, 826.2928
600.0365598201752, 1.4006, 3.7718, 826.0564
602.0366408824921, 1.4006, 3.772, 825.6793
604.0367233753204, 1.4006, 3.7722, 825.0873
606.0368256568909, 1.4006, 3.7726, 824.42
608.0369107723236, 1.4006, 3.7729, 823.8428
610.0369973182678, 1.4006, 3.7731, 823.2498
612.0370991230011, 1.4006, 3.7733, 822.6642
614.0371949672699, 1.4006, 3.7736, 822.0741
616.0372936725616, 1.4005, 3.7737, 821.5408
618.0373821258545, 1.4006, 3.774, 821.0147
620.0374827384949, 1.4005, 3.7741, 820.5719
622.0375733375549, 1.4006, 3.7744, 820.1623
624.0376760959625, 1.4005, 3.7747, 819.7449
626.037778377533, 1.4005, 3.7749, 819.3456
628.0378797054291, 1.4006, 3.7751, 818.9237
630.0379810333252, 1.4005, 3.7752, 818.4431
632.0380775928497, 1.4005, 3.7755, 818.0635
634.0381779670715, 1.4005, 3.7757, 817.7178
636.0382823944092, 1.4005, 3.776, 817.4276
638.0383813381195, 1.4005, 3.7762, 816.8065
640.0384769439697, 1.4005, 3.7762, 816.3684
642.03857421875, 1.4005, 3.7764, 816.1077
644.0386731624603, 1.4005, 3.7766, 815.7401
646.0387754440308, 1.4005, 3.7768, 815.1023
648.038872718811, 1.4005, 3.777, 814.5528
650.0389709472656, 1.4005, 3.7773, 814.1903
652.0390732288361, 1.4005, 3.7774, 813.7219
654.0391721725464, 1.4005, 3.7777, 813.2558
656.039314031601, 1.4005, 3.7779, 813.006
658.0394103527069, 1.4005, 3.7781, 812.65
660.03950548172, 1.4005, 3.7783, 812.2304
662.0396389961243, 1.4005, 3.7785, 811.7384
664.0397343635559, 1.4005, 3.7786, 811.1046
666.0398313999176, 1.4005, 3.7789, 810.5266
668.0399377346039, 1.4005, 3.7792, 810.0851
670.0400669574738, 1.4005, 3.7794, 809.78
672.0401966571808, 1.4005, 3.7795, 809.4306
674.0402941703796, 1.4005, 3.7796, 809.1094
676.0403943061829, 1.4005, 3.7797, 808.7981
678.0408930778503, 1.4005, 3.78, 808.3702
680.0409927368164, 1.4005, 3.7801, 807.967
682.0410950183868, 1.4005, 3.7804, 807.4604
684.041225194931, 1.4005, 3.7805, 807.0194
686.0413362979889, 1.4005, 3.7806, 806.5541
688.0414702892303, 1.4005, 3.7808, 806.201
690.041615486145, 1.4005, 3.7811, 805.9778
692.0417165756226, 1.4005, 3.7812, 805.8406
694.0418140888214, 1.4005, 3.7813, 805.5108
696.0419144630432, 1.4004, 3.7815, 805.0443
698.0420515537262, 1.4005, 3.7817, 804.6256
700.042138338089, 1.4005, 3.782, 804.1725
702.0422689914703, 1.4005, 3.7821, 804.1349
704.0423803329468, 1.4005, 3.7823, 804.0226
706.0424721240997, 1.4005, 3.7826, 803.5618
708.0425815582275, 1.4005, 3.7825, 803.0832
710.0427157878876, 1.4004, 3.7826, 802.7131
712.0428576469421, 1.4005, 3.7829, 802.5223
714.0429999828339, 1.4005, 3.783, 802.1445
716.0431349277496, 1.4004, 3.7831, 801.8653
718.0432198047638, 1.4004, 3.7833, 801.4897
720.0433735847473, 1.4005, 3.7834, 801.0183
722.043479681015, 1.4005, 3.7837, 800.5497
724.0436182022095, 1.4004, 3.7838, 800.2457
726.0437223911285, 1.4005, 3.7839, 799.8708
728.0438160896301, 1.4005, 3.7841, 799.6857
730.0439035892487, 1.4004, 3.7843, 799.3059
732.0440022945404, 1.4005, 3.7845, 799.0254
734.0440998077393, 1.4004, 3.7847, 798.6185
736.0442001819611, 1.4004, 3.7848, 798.3591
738.0442883968353, 1.4004, 3.7849, 797.9381
740.0443880558014, 1.4005, 3.7851, 797.5632
742.0444941520691, 1.4005, 3.7852, 797.0949
744.0446264743805, 1.4005, 3.7855, 796.8544
746.0447340011597, 1.4005, 3.7857, 796.5332
748.0448250770569, 1.4005, 3.7858, 796.1957
750.0449261665344, 1.4005, 3.7859, 795.9049
752.0450141429901, 1.4004, 3.7861, 795.7151
754.0451242923737, 1.4004, 3.7862, 795.3888
756.0452494621277, 1.4005, 3.7864, 794.9716
758.045346736908, 1.4004, 3.7865, 794.5486
760.0454306602478, 1.4005, 3.7867, 794.1371
762.0455248355865, 1.4005, 3.7868, 793.8183
764.0456223487854, 1.4004, 3.7871, 793.4695
766.0457270145416, 1.4005, 3.7873, 793.1214
768.0458245277405, 1.4004, 3.7874, 792.92
770.0459189414978, 1.4004, 3.7876, 792.6205
772.046053647995, 1.4005, 3.7876, 792.2297
774.046154499054, 1.4004, 3.7878, 791.9364
776.046247959137, 1.4004, 3.788, 791.6332
778.0463395118713, 1.4004, 3.7881, 791.552
780.046454668045, 1.4004, 3.7883, 791.3147
782.046550989151, 1.4004, 3.7884, 790.8033
784.0466773509979, 1.4005, 3.7885, 790.4836
786.046774148941, 1.4005, 3.7887, 790.0827
788.0468842983246, 1.4004, 3.7888, 789.8959
790.0469858646393, 1.4004, 3.7891, 789.7019
792.0470881462097, 1.4005, 3.7892, 789.3559
794.0471789836884, 1.4005, 3.7893, 788.9726
796.0472724437714, 1.4005, 3.7894, 788.6071
798.0474071502686, 1.4004, 3.7895, 788.3553
800.0475091934204, 1.4004, 3.7895, 788.2607
802.0476298332214, 1.4004, 3.7897, 788.1178
804.047758102417, 1.4004, 3.7899, 787.85
806.0478510856628, 1.4004, 3.7901, 787.5583
808.0479397773743, 1.4004, 3.7901, 787.2397
810.048070192337, 1.4004, 3.7903, 786.8432
812.0482068061829, 1.4004, 3.7906, 786.4838
814.0482876300812, 1.4004, 3.7905, 786.2443
816.0483870506287, 1.4004, 3.7906, 785.8877
818.0484836101532, 1.4004, 3.7907, 785.7326
820.0485668182373, 1.4004, 3.791, 785.4407
822.0487062931061, 1.4004, 3.7912, 785.1303
824.0488052368164, 1.4004, 3.7913, 784.8373
826.048905134201, 1.4004, 3.7915, 784.3724
828.0490050315857, 1.4004, 3.7916, 784.0549
830.0491151809692, 1.4004, 3.7917, 783.711
832.0492289066315, 1.4004, 3.7919, 783.494
834.0493309497833, 1.4004, 3.7919, 783.3404
836.0494284629822, 1.4004, 3.7922, 783.1492
838.0495166778564, 1.4004, 3.7923, 783.2266
840.049608707428, 1.4004, 3.7923, 782.9616
842.0496926307678, 1.4004, 3.7925, 782.7166
844.0497767925262, 1.4004, 3.7925, 782.5225
846.0498986244202, 1.4004, 3.7927, 782.526
848.0499861240387, 1.4004, 3.7925, 782.4547
850.0500736236572, 1.4004, 3.7927, 782.3447
852.0501749515533, 1.4004, 3.7927, 782.1694
854.0502715110779, 1.4004, 3.7926, 782.0754
856.0503590106964, 1.4004, 3.7928, 781.8031
858.0504558086395, 1.4004, 3.7929, 781.6909
860.0505595207214, 1.4004, 3.793, 781.5596
862.0507020950317, 1.4004, 3.7932, 781.4192
864.0508394241333, 1.4004, 3.7933, 781.1569
866.0509414672852, 1.4004, 3.7934, 780.8046
868.0510251522064, 1.4004, 3.7934, 780.734
870.0511577129364, 1.4004, 3.7937, 780.5165
872.0512924194336, 1.4004, 3.7937, 780.11
874.051393032074, 1.4004, 3.7938, 779.8617
876.0514965057373, 1.4004, 3.7938, 779.7147
878.0516314506531, 1.4004, 3.794, 779.5232
880.0517308712006, 1.4004, 3.7942, 779.1522
882.0518319606781, 1.4004, 3.7943, 778.7538
884.0519337654114, 1.4004, 3.7943, 778.4878
886.0520353317261, 1.4004, 3.7946, 778.1909
888.0521700382233, 1.4004, 3.7947, 777.9284
890.052304983139, 1.4004, 3.7948, 777.6603
892.0524470806122, 1.4004, 3.795, 777.3216
894.0525779724121, 1.4004, 3.795, 777.0825
896.0526700019836, 1.4004, 3.7953, 776.8591
898.0527520179749, 1.4004, 3.7953, 776.4933
900.052848815918, 1.4004, 3.7954, 776.2374
902.0529291629791, 1.4004, 3.7956, 775.971
904.0530292987823, 1.4004, 3.7956, 775.8673
906.0531311035156, 1.4004, 3.7957, 776.1688
908.053234577179, 1.4004, 3.7958, 775.8561
910.0533344745636, 1.4004, 3.7958, 775.614
912.053436756134, 1.4004, 3.796, 775.3985
914.0535781383514, 1.4004, 3.796, 775.1829
916.053676366806, 1.4004, 3.7962, 775.0059
918.0538086891174, 1.4004, 3.7962, 774.8105
920.0538940429688, 1.4004, 3.7964, 774.4862
922.0540256500244, 1.4004, 3.7965, 774.1219
924.0541565418243, 1.4004, 3.7966, 773.7668
926.0542857646942, 1.4004, 3.7969, 773.5151
928.0544195175171, 1.4004, 3.7969, 773.3599
930.0545196533203, 1.4004, 3.7971, 773.0823
932.0546185970306, 1.4003, 3.7972, 772.7067
934.0546991825104, 1.4004, 3.7974, 772.4648
936.0547850131989, 1.4004, 3.7975, 772.1689
938.0549178123474, 1.4004, 3.7975, 771.8794
940.0550246238708, 1.4004, 3.7976, 771.6371
942.0551242828369, 1.4004, 3.7978, 771.4891
944.0552599430084, 1.4004, 3.7979, 771.3249
946.0553946495056, 1.4004, 3.798, 771.1794
948.0555346012115, 1.4004, 3.7981, 771.0631
950.0556745529175, 1.4004, 3.7983, 771.0225
952.0557610988617, 1.4004, 3.7984, 771.0059
954.0558669567108, 1.4004, 3.7984, 770.9431
956.0560102462769, 1.4004, 3.7985, 770.6005
958.056111574173, 1.4003, 3.7986, 770.478
960.056248664856, 1.4003, 3.7986, 770.383
962.056325674057, 1.4004, 3.7986, 770.2218
964.0564184188843, 1.4003, 3.7987, 769.9843
966.0565521717072, 1.4003, 3.7989, 770.0053
968.0566935539246, 1.4003, 3.799, 769.7427
970.0568263530731, 1.4003, 3.799, 769.6048
972.0569653511047, 1.4004, 3.7991, 769.512
974.057067155838, 1.4004, 3.7992, 769.2684
976.0572001934052, 1.4004, 3.7994, 769.0219
978.0573344230652, 1.4004, 3.7994, 768.9535
980.0574679374695, 1.4003, 3.7995, 768.4538
982.0575687885284, 1.4003, 3.7996, 768.1808
984.0576503276825, 1.4004, 3.7997, 767.9439
986.0577838420868, 1.4003, 3.7997, 767.691
988.0579249858856, 1.4004, 3.8, 767.4687
990.0580263137817, 1.4003, 3.8001, 767.2786
992.0581254959106, 1.4003, 3.8003, 766.9983
994.0582256317139, 1.4003, 3.8002, 766.7563
996.0583045482635, 1.4003, 3.8004, 766.5613
998.0583951473236, 1.4003, 3.8004, 766.4288
1000.0584950447083, 1.4003, 3.8006, 766.1853
1002.0585789680481, 1.4003, 3.8007, 766.0089
1004.0586757659912, 1.4003, 3.8008, 765.8565
1006.0587584972382, 1.4003, 3.8008, 765.7145
1008.0588510036469, 1.4003, 3.8008, 765.4795
1010.0589501857758, 1.4003, 3.801, 765.4046
1012.0590493679047, 1.4003, 3.8011, 765.1318
1014.0591421127319, 1.4003, 3.8014, 764.9444
1016.0592360496521, 1.4003, 3.8015, 764.8485
1018.0593271255493, 1.4003, 3.8015, 764.8369
1020.0594127178192, 1.4003, 3.8015, 764.7309
1022.059511423111, 1.4003, 3.8017, 764.4036
1024.0596089363098, 1.4003, 3.8017, 764.2069
1026.059739112854, 1.4003, 3.8017, 763.9955
1028.0598697662354, 1.4003, 3.8019, 763.6989
1030.059954404831, 1.4003, 3.802, 763.466
1032.0600912570953, 1.4004, 3.8021, 763.2128
1034.0602297782898, 1.4003, 3.8022, 762.8635
1036.0603749752045, 1.4003, 3.8024, 762.7209
1038.0605127811432, 1.4003, 3.8025, 762.594
1040.0606248378754, 1.4003, 3.8026, 762.5572
1042.0607151985168, 1.4003, 3.8026, 762.223
1044.06081199646, 1.4003, 3.8028, 762.2482
1046.0609464645386, 1.4003, 3.8028, 761.9992
1048.0610466003418, 1.4003, 3.8028, 761.7884
1050.0611517429352, 1.4003, 3.803, 761.8115
1052.0612461566925, 1.4003, 3.803, 761.5524
1054.0613522529602, 1.4003, 3.8032, 761.5723
1056.0614414215088, 1.4003, 3.8031, 761.5453
1058.0615365505219, 1.4003, 3.8032, 761.404
1060.0616357326508, 1.4003, 3.8032, 761.2203
1062.061723947525, 1.4003, 3.8033, 760.9804
1064.0618615150452, 1.4003, 3.8033, 761.0574
1066.0619678497314, 1.4003, 3.8034, 760.9535
1068.062105178833, 1.4003, 3.8034, 760.701
1070.0621938705444, 1.4003, 3.8035, 760.5607
1072.062394618988, 1.4003, 3.8035, 760.4423
1074.0624952316284, 1.4003, 3.8037, 760.282
1076.0625958442688, 1.4003, 3.8036, 760.2
1078.0626964569092, 1.4003, 3.8035, 760.2853
1080.0627732276917, 1.4003, 3.8036, 760.3735
1082.0628559589386, 1.4003, 3.8036, 760.0258
1084.0629563331604, 1.4003, 3.8037, 759.8346
1086.063054561615, 1.4003, 3.8037, 759.9372
1088.0631580352783, 1.4003, 3.8038, 760.0097
1090.0632605552673, 1.4003, 3.804, 759.6935
1092.0633685588837, 1.4003, 3.804, 759.4005
1094.0634706020355, 1.4003, 3.8042, 759.2565
1096.0635750293732, 1.4003, 3.8042, 759.0749
1098.0636541843414, 1.4003, 3.8044, 759.0298
1100.0637571811676, 1.4003, 3.8045, 758.7578
1102.0638580322266, 1.4003, 3.8045, 758.5099
1104.0639598369598, 1.4003, 3.8047, 758.1223
1106.0640609264374, 1.4003, 3.8048, 757.89
1108.0641615390778, 1.4003, 3.8049, 757.7371
1110.064267873764, 1.4003, 3.8049, 757.4326
1112.0643751621246, 1.4003, 3.805, 757.4281
1114.0644764900208, 1.4003, 3.8051, 757.4778
1116.0645740032196, 1.4003, 3.8053, 757.0638
1118.0646617412567, 1.4003, 3.8052, 756.8862
1120.0647609233856, 1.4003, 3.8052, 756.7291
1122.0648596286774, 1.4003, 3.8053, 756.7346
1124.0649592876434, 1.4003, 3.8054, 756.7133
1126.065059185028, 1.4003, 3.8054, 756.5773
1128.0651602745056, 1.4003, 3.8055, 756.6539
1130.0652635097504, 1.4003, 3.8056, 756.9475
1132.065369606018, 1.4003, 3.8058, 756.7406
1134.0654730796814, 1.4003, 3.8057, 756.6485
1136.0655581951141, 1.4003, 3.8058, 756.6726
1138.0656578540802, 1.4003, 3.8058, 756.6349
1140.065750360489, 1.4003, 3.8058, 756.6156
1142.065833568573, 1.4003, 3.8057, 756.5232
1144.065932750702, 1.4003, 3.8058, 756.2042
1146.0660350322723, 1.4003, 3.806, 755.8015
1148.0661330223083, 1.4003, 3.8061, 755.5955
1150.066234111786, 1.4003, 3.8062, 755.4134
1152.0663316249847, 1.4003, 3.8063, 755.3588
1154.0664374828339, 1.4003, 3.8065, 755.2985
1156.0665185451508, 1.4003, 3.8064, 755.3472
1158.0666151046753, 1.4003, 3.8062, 755.2872
1160.0667185783386, 1.4003, 3.8064, 755.0878
1162.0668172836304, 1.4003, 3.8065, 754.6647
1164.0669150352478, 1.4003, 3.8066, 754.432
1166.067057609558, 1.4003, 3.8067, 754.2885
1168.0671491622925, 1.4003, 3.8069, 754.1264
1170.067242383957, 1.4003, 3.8069, 754.0695
1172.0673887729645, 1.4003, 3.807, 754.2486
1174.0675303936005, 1.4003, 3.807, 754.0199
1176.067625284195, 1.4003, 3.8072, 753.775
1178.0677263736725, 1.4003, 3.8072, 753.5774
1180.0678172111511, 1.4003, 3.8072, 753.5204
1182.0679080486298, 1.4003, 3.8074, 753.4069
1184.0680513381958, 1.4003, 3.8073, 753.2124
1186.0681371688843, 1.4003, 3.8075, 753.0487
1188.068219423294, 1.4003, 3.8075, 752.8063
1190.0683071613312, 1.4003, 3.8076, 752.7775
1192.0684077739716, 1.4003, 3.8078, 752.7197
1194.0684902668, 1.4003, 3.8077, 752.5668
1196.0686194896698, 1.4003, 3.8078, 752.4806
1198.0687489509583, 1.4003, 3.8078, 752.5486
1200.068841934204, 1.4003, 3.8079, 752.3195
1202.0689418315887, 1.4003, 3.8079, 752.3055
1204.069081544876, 1.4003, 3.8082, 751.9994
1206.0691804885864, 1.4003, 3.8082, 751.8714
1208.0693080425262, 1.4003, 3.8082, 751.8349
1210.069390296936, 1.4003, 3.8081, 751.548
1212.069489479065, 1.4003, 3.8083, 751.4874
1214.069586277008, 1.4003, 3.8085, 751.4171
1216.069720029831, 1.4003, 3.8084, 751.3379
1218.0698509216309, 1.4003, 3.8086, 751.1082
1220.0699517726898, 1.4003, 3.8085, 751.092
1222.0700528621674, 1.4003, 3.8087, 750.9972
1224.0701463222504, 1.4003, 3.8087, 750.7407
1226.0702488422394, 1.4003, 3.8087, 750.5032
1228.0703554153442, 1.4003, 3.809, 750.36
1230.070456981659, 1.4003, 3.8091, 750.2821
1232.0705552101135, 1.4003, 3.8091, 750.2668
1234.0706541538239, 1.4003, 3.8091, 750.1897
1236.0707547664642, 1.4003, 3.8094, 749.9118
1238.0708434581757, 1.4003, 3.8093, 749.6826
1240.0709455013275, 1.4003, 3.8094, 749.5152
1242.071048259735, 1.4003, 3.8096, 749.3021
1244.0711529254913, 1.4003, 3.8096, 749.2054
1246.071237564087, 1.4003, 3.8095, 749.3107
1248.071322441101, 1.4003, 3.8095, 749.5884
1250.071426153183, 1.4003, 3.8095, 749.5671
1252.0715279579163, 1.4003, 3.8096, 749.5217
1254.0716288089752, 1.4003, 3.8095, 749.4899
1256.0717296600342, 1.4003, 3.8096, 749.4155
1258.0718295574188, 1.4003, 3.8096, 749.3452
1260.0719306468964, 1.4003, 3.8097, 749.2556
1262.0720098018646, 1.4003, 3.8097, 749.1948
1264.0721430778503, 1.4003, 3.8096, 749.3336
1266.0722453594208, 1.4003, 3.8097, 749.2042
1268.0723514556885, 1.4003, 3.8097, 749.0551
1270.072452545166, 1.4003, 3.8099, 748.9197
1272.0725531578064, 1.4003, 3.8099, 748.7713
1274.072645187378, 1.4003, 3.8101, 748.5811
1276.0727434158325, 1.4003, 3.8102, 748.3622
1278.0728442668915, 1.4003, 3.8103, 748.1446
1280.0729484558105, 1.4003, 3.8104, 748.0181
1282.0730504989624, 1.4003, 3.8104, 747.8861
1284.0731880664825, 1.4003, 3.8105, 747.6034
1286.0733184814453, 1.4003, 3.8106, 747.5291
1288.0734088420868, 1.4003, 3.8107, 747.3202
1290.0735085010529, 1.4003, 3.8108, 747.1194
1292.0736145973206, 1.4003, 3.8108, 746.97
1294.0737161636353, 1.4003, 3.8109, 746.7425
1296.073847770691, 1.4003, 3.811, 746.5377
1298.0739488601685, 1.4003, 3.8111, 746.4823
1300.0740349292755, 1.4004, 3.8113, 746.3258
1302.0741209983826, 1.4003, 3.8114, 746.089
1304.074254989624, 1.4003, 3.8114, 745.8186
1306.0743618011475, 1.4003, 3.8116, 745.5699
1308.0744624137878, 1.4003, 3.8117, 745.3201
1310.0745611190796, 1.4003, 3.8118, 745.1102
1312.0746636390686, 1.4003, 3.8119, 744.8414
1314.0747656822205, 1.4003, 3.812, 744.6524
1316.0748672485352, 1.4003, 3.812, 744.5645
1318.074990272522, 1.4003, 3.8121, 744.493
1320.075091123581, 1.4003, 3.8123, 744.2979
1322.0751931667328, 1.4003, 3.8124, 744.1101
1324.075290441513, 1.4003, 3.8124, 744.0637
1326.0753936767578, 1.4003, 3.8126, 744.0214
1328.0754902362823, 1.4003, 3.8125, 744.1057
1330.0755724906921, 1.4003, 3.8126, 744.0344
1332.075660943985, 1.4003, 3.8125, 743.8734
1334.0757472515106, 1.4003, 3.8125, 743.692
1336.0758340358734, 1.4003, 3.8127, 743.579
1338.0759346485138, 1.4003, 3.8126, 743.5703
1340.076404094696, 1.4003, 3.8127, 743.4499
1342.0765352249146, 1.4003, 3.8128, 743.3532
1344.076621055603, 1.4003, 3.8127, 743.2182
1346.0767214298248, 1.4003, 3.8129, 743.1349
1348.0768220424652, 1.4003, 3.8131, 743.0327
1350.076916694641, 1.4003, 3.8131, 743.1048
1352.0770568847656, 1.4003, 3.813, 743.2593
1354.0771398544312, 1.4003, 3.8131, 743.3718
1356.0772831439972, 1.4003, 3.8131, 743.3277
1358.0773689746857, 1.4003, 3.8131, 743.2879
1360.0775091648102, 1.4003, 3.8132, 743.2668
1362.077598810196, 1.4003, 3.8132, 742.9207
1364.0776839256287, 1.4003, 3.8134, 742.6095
1366.07776927948, 1.4003, 3.8133, 742.3404
1368.0778708457947, 1.4003, 3.8134, 742.1228
1370.0780041217804, 1.4003, 3.8135, 742.003
1372.0781106948853, 1.4003, 3.8136, 741.9256
1374.0782072544098, 1.4003, 3.8137, 741.7558
1376.0783472061157, 1.4003, 3.8136, 741.5707
1378.078488111496, 1.4003, 3.8137, 741.538
1380.07856965065, 1.4003, 3.814, 741.3136
1382.0787098407745, 1.4003, 3.8139, 741.0945
1384.0788116455078, 1.4003, 3.814, 741.1065
1386.0789024829865, 1.4003, 3.814, 741.0768
1388.0790388584137, 1.4003, 3.8142, 740.7775
1390.0791800022125, 1.4003, 3.8142, 740.5309
1392.079272031784, 1.4003, 3.8143, 740.5105
1394.0793623924255, 1.4003, 3.8144, 740.4402
1396.0794661045074, 1.4003, 3.8144, 740.3327
1398.079570531845, 1.4003, 3.8145, 740.108
1400.0796527862549, 1.4003, 3.8146, 739.8347
1402.0797350406647, 1.4003, 3.8147, 739.8176
1404.079832315445, 1.4003, 3.8147, 739.7288
1406.0799367427826, 1.4003, 3.8149, 739.7838
1408.0800375938416, 1.4003, 3.8148, 739.7335
1410.0801408290863, 1.4003, 3.8149, 739.7397
1412.0802443027496, 1.4003, 3.8149, 739.8896
1414.0803430080414, 1.4003, 3.8149, 739.8556
1416.0804471969604, 1.4003, 3.8149, 739.7579
1418.0805523395538, 1.4003, 3.8149, 739.8099
1420.0806367397308, 1.4003, 3.8149, 739.7038
1422.0807263851166, 1.4003, 3.8149, 739.6474
1424.0808579921722, 1.4003, 3.815, 739.5543
1426.0809400081635, 1.4003, 3.815, 739.421
1428.0810425281525, 1.4003, 3.815, 739.2332
1430.081184387207, 1.4003, 3.8152, 739.128
1432.081270456314, 1.4003, 3.8151, 738.9306
1434.0814089775085, 1.4003, 3.8153, 738.9113
1436.0815002918243, 1.4003, 3.8154, 738.8378
1438.081617116928, 1.4003, 3.8155, 738.7725
1440.0817110538483, 1.4003, 3.8156, 738.6119
1442.08180975914, 1.4003, 3.8156, 738.3279
1444.0819120407104, 1.4003, 3.8158, 738.325
1446.0820446014404, 1.4003, 3.8158, 738.1393
1448.0821249485016, 1.4003, 3.8158, 738.037
1450.0822188854218, 1.4003, 3.8159, 737.8242
1452.0823285579681, 1.4003, 3.816, 737.7448
1454.0824303627014, 1.4003, 3.8161, 737.4918
1456.0825176239014, 1.4003, 3.8161, 737.1875
1458.082602262497, 1.4003, 3.8162, 737.048
1460.0827388763428, 1.4003, 3.8164, 736.8846
1462.0828742980957, 1.4003, 3.8164, 736.8098
1464.0829784870148, 1.4003, 3.8165, 736.6448
1466.083083152771, 1.4003, 3.8166, 736.7138
1468.0831866264343, 1.4003, 3.8167, 736.6895
1470.0832872390747, 1.4003, 3.8166, 736.5818
1472.0833885669708, 1.4003, 3.8167, 736.3616
1474.0834891796112, 1.4003, 3.8167, 736.2499
1476.0835692882538, 1.4003, 3.8168, 736.1834
1478.0836517810822, 1.4003, 3.8169, 736.2243
1480.0837869644165, 1.4003, 3.8168, 736.0794
1482.0838694572449, 1.4003, 3.817, 735.9773
1484.0839505195618, 1.4003, 3.8169, 735.7871
1486.0840504169464, 1.4003, 3.8171, 735.6628
1488.084218263626, 1.4003, 3.8172, 735.395
1490.0843727588654, 1.4003, 3.8174, 735.2652
1492.0844638347626, 1.4003, 3.8174, 735.1239
1494.0845510959625, 1.4003, 3.8175, 735.0001
1496.0846309661865, 1.4003, 3.8176, 734.9059
1498.0847177505493, 1.4003, 3.8176, 735.019
1500.0848026275635, 1.4003, 3.8173, 735.1819
1502.0849356651306, 1.4003, 3.8174, 735.0596
1504.0850777626038, 1.4003, 3.8176, 734.9756
1506.0852193832397, 1.4003, 3.8177, 734.8119
1508.085304260254, 1.4003, 3.8178, 734.6256
1510.0854032039642, 1.4003, 3.818, 734.4578
1512.085482120514, 1.4003, 3.8178, 734.5848
1514.0855886936188, 1.4003, 3.818, 734.3492
1516.0856902599335, 1.4003, 3.8178, 734.1835
1518.085793018341, 1.4003, 3.818, 734.5016
1520.0858933925629, 1.4003, 3.8181, 734.3666
1522.0859942436218, 1.4003, 3.8181, 734.3223
1524.0860953330994, 1.4003, 3.8178, 734.4621
1526.0861961841583, 1.4003, 3.818, 734.7445
1528.0862832069397, 1.4003, 3.8177, 734.5515
1530.0863630771637, 1.4003, 3.8178, 734.3928
1532.0864465236664, 1.4003, 3.8177, 734.2771
1534.0865325927734, 1.4003, 3.8181, 734.2916
1536.0866327285767, 1.4003, 3.8182, 734.2739
1538.086731672287, 1.4003, 3.8181, 734.1379
1540.0868299007416, 1.4003, 3.8182, 734.1374
1542.0869283676147, 1.4003, 3.8183, 733.9691
1544.0870296955109, 1.4003, 3.8183, 734.1955
1546.087168455124, 1.4003, 3.8182, 734.3075
1548.087251663208, 1.4003, 3.8183, 734.2374
1550.0873506069183, 1.4003, 3.8184, 733.7426
1552.0874392986298, 1.4003, 3.8185, 733.5101
1554.0875425338745, 1.4003, 3.8185, 733.2613
1556.0876524448395, 1.4003, 3.8185, 733.1171
1558.0877559185028, 1.4003, 3.8185, 733.0878
1560.0878574848175, 1.4003, 3.8187, 733.0212
1562.0879573822021, 1.4003, 3.8186, 733.2022
1564.0880570411682, 1.4003, 3.8187, 733.0923
1566.0881567001343, 1.4003, 3.8186, 732.7723
1568.0882205963135, 1.4003, 3.8187, 732.6597
1570.0883243083954, 1.4003, 3.8187, 732.7545
1572.0884296894073, 1.4003, 3.8188, 732.8082
1574.0885112285614, 1.4003, 3.8187, 732.6853
1576.0885925292969, 1.4003, 3.8188, 732.5469
1578.088696718216, 1.4003, 3.819, 732.2871
1580.0887870788574, 1.4003, 3.8189, 732.1781
1582.0888702869415, 1.4003, 3.8191, 732.1386
1584.0889494419098, 1.4003, 3.819, 732.1703
1586.089054107666, 1.4003, 3.8191, 732.2375
1588.0891525745392, 1.4003, 3.8192, 731.9813
1590.089285850525, 1.4003, 3.8192, 731.8314
1592.0893957614899, 1.4003, 3.8191, 731.7657
1594.089499950409, 1.4003, 3.8193, 731.8957
1596.0896022319794, 1.4003, 3.8194, 731.8608
1598.0897145271301, 1.4003, 3.8195, 731.4509
1600.089854478836, 1.4003, 3.8196, 731.2513
1602.0899317264557, 1.4003, 3.8195, 731.2454
1604.0900111198425, 1.4003, 3.8197, 731.3099
1606.0901539325714, 1.4003, 3.8196, 731.2824
1608.0902783870697, 1.4003, 3.8197, 731.3696
1610.0903708934784, 1.4003, 3.8199, 731.1687
1612.0904693603516, 1.4003, 3.8198, 730.9145
1614.0905511379242, 1.4003, 3.82, 730.6212
1616.0906493663788, 1.4003, 3.82, 730.5509
1618.0907499790192, 1.4003, 3.8199, 730.7274
1620.0908274650574, 1.4003, 3.82, 730.6753
1622.0909593105316, 1.4003, 3.82, 730.4645
1624.0910470485687, 1.4003, 3.8201, 730.4177
1626.09113407135, 1.4003, 3.8201, 730.2673
1628.0912127494812, 1.4003, 3.8202, 730.0644
1630.0912990570068, 1.4003, 3.8201, 730.0434
1632.091391801834, 1.4003, 3.8203, 729.9866
1634.09152841568, 1.4003, 3.8202, 730.0419
1636.091661453247, 1.4003, 3.8205, 729.985
1638.0917434692383, 1.4003, 3.8205, 729.8985
1640.0918419361115, 1.4003, 3.8205, 729.7537
1642.0919425487518, 1.4003, 3.8206, 729.7887
1644.092035293579, 1.4003, 3.8206, 729.7265
1646.0921342372894, 1.4003, 3.8205, 729.5848
1648.0922195911407, 1.4003, 3.8206, 729.4624
1650.092322587967, 1.4003, 3.8207, 729.321
1652.092425107956, 1.4003, 3.8208, 729.3008
1654.0925266742706, 1.4003, 3.8207, 729.263
1656.0926022529602, 1.4003, 3.8208, 729.2113
1658.0926854610443, 1.4003, 3.8209, 729.1054
1660.0928225517273, 1.4003, 3.8208, 728.9946
1662.0929007530212, 1.4003, 3.821, 728.8353
1664.0930042266846, 1.4003, 3.821, 728.7132
1666.0931029319763, 1.4003, 3.821, 728.6397
1668.0932395458221, 1.4003, 3.8211, 728.4645
1670.0933248996735, 1.4003, 3.8211, 728.2455
1672.0934154987335, 1.4003, 3.8212, 728.063
1674.0935192108154, 1.4003, 3.8214, 727.9497
1676.0936212539673, 1.4003, 3.8213, 727.8781
1678.0937259197235, 1.4003, 3.8214, 727.8272
1680.0938262939453, 1.4003, 3.8215, 727.6644
1682.0939292907715, 1.4003, 3.8216, 727.4667
1684.0940194129944, 1.4003, 3.8216, 727.5802
1686.0941026210785, 1.4003, 3.8217, 727.6691
1688.094204902649, 1.4003, 3.8217, 727.8273
1690.0943038463593, 1.4003, 3.8217, 728.0094
1692.0943882465363, 1.4003, 3.8217, 728.0349
1694.0944888591766, 1.4003, 3.8216, 727.9676
1696.0945847034454, 1.4003, 3.8216, 727.8749
1698.0949189662933, 1.4003, 3.8216, 727.6577
1700.0950207710266, 1.4003, 3.8215, 727.4443
1702.0951204299927, 1.4003, 3.8216, 727.4412
1704.095222711563, 1.4003, 3.8217, 727.2529
1706.0953607559204, 1.4003, 3.8218, 727.0048
1708.095461845398, 1.4003, 3.8219, 726.9472
1710.095541715622, 1.4003, 3.8219, 726.9142
1712.0956363677979, 1.4003, 3.8218, 726.7092
1714.095745563507, 1.4003, 3.822, 726.4012
1716.0958411693573, 1.4003, 3.8222, 726.3173
1718.095953464508, 1.4003, 3.8223, 726.1688
1720.0960416793823, 1.4003, 3.8224, 726.1484
1722.0961537361145, 1.4003, 3.8224, 726.2372
1724.0962536334991, 1.4003, 3.8223, 726.326
1726.096352815628, 1.4003, 3.8223, 726.2736
1728.096432685852, 1.4003, 3.8224, 726.3849
1730.0965373516083, 1.4003, 3.8221, 726.8417
1732.0966386795044, 1.4003, 3.8221, 727.2482
1734.0967276096344, 1.4003, 3.822, 727.4381
1736.096832036972, 1.4003, 3.8219, 727.2109
1738.0969338417053, 1.4003, 3.822, 727.1868
1740.0970146656036, 1.4003, 3.822, 726.9176
1742.0970993041992, 1.4003, 3.822, 726.8026
1744.0971851348877, 1.4003, 3.8223, 726.6204
1746.0972645282745, 1.4003, 3.8222, 726.7808
1748.0974073410034, 1.4003, 3.8221, 726.9419
1750.097501039505, 1.4003, 3.8221, 727.174
1752.0976314544678, 1.4003, 3.8219, 727.1046
1754.097737312317, 1.4003, 3.8219, 727.095
1756.0978729724884, 1.4003, 3.822, 727.3095
1758.097957611084, 1.4003, 3.8219, 727.3972
1760.0980451107025, 1.4003, 3.8219, 727.374
1762.0981476306915, 1.4003, 3.8219, 727.4016
1764.0982298851013, 1.4003, 3.822, 727.3072
1766.0983119010925, 1.4003, 3.822, 727.2861
1768.0984380245209, 1.4003, 3.8221, 727.0931
1770.0985779762268, 1.4003, 3.8221, 726.7777
1772.0986800193787, 1.4003, 3.8222, 726.4961
1774.098780632019, 1.4003, 3.8221, 726.4494
1776.0988705158234, 1.4003, 3.8222, 726.3824
1778.0989563465118, 1.4003, 3.8222, 726.5105
1780.0990567207336, 1.4003, 3.8224, 726.6761
1782.099135875702, 1.4003, 3.8224, 726.4613
1784.099237203598, 1.4003, 3.8225, 726.1413
1786.0993399620056, 1.4003, 3.8227, 725.8661
1788.0994400978088, 1.4003, 3.8227, 725.6445
1790.0995376110077, 1.4003, 3.8227, 725.7048
1792.0996417999268, 1.4001, 3.8228, 725.5593
1794.0997784137726, 1.4003, 3.823, 725.2225
1796.099882364273, 1.4003, 3.823, 725.0344
1798.0999898910522, 1.4003, 3.8231, 725.043
1800.100070476532, 1.4003, 3.8232, 724.9585
1802.100153207779, 1.4003, 3.8232, 724.7974
1804.1002538204193, 1.4003, 3.8232, 724.6146
1806.1003532409668, 1.4003, 3.8233, 724.7203
1808.1004350185394, 1.4003, 3.8233, 725.149
1810.1005222797394, 1.4003, 3.8232, 725.2628
1812.1006262302399, 1.4003, 3.8231, 725.1875
1814.100732088089, 1.4003, 3.8232, 724.9023
1816.1008701324463, 1.4003, 3.8233, 724.8494
1818.100971698761, 1.4003, 3.8234, 724.7541
1820.1010694503784, 1.4003, 3.8234, 724.476
1822.101152896881, 1.4003, 3.8236, 724.3285
1824.1012542247772, 1.4003, 3.8237, 724.0354
1826.1013536453247, 1.4003, 3.8238, 723.8508
1828.101437330246, 1.4003, 3.8239, 723.5213
1830.1015796661377, 1.4003, 3.824, 723.3506
1832.1017134189606, 1.4003, 3.8241, 723.1547
1834.1018149852753, 1.4003, 3.8241, 722.9143
1836.1019043922424, 1.4003, 3.8242, 722.8854
1838.1020019054413, 1.4003, 3.8243, 722.842
1840.1021378040314, 1.4003, 3.8243, 722.8057
1842.102264881134, 1.4003, 3.8244, 722.8014
1844.102373123169, 1.4003, 3.8244, 722.891
1846.1024968624115, 1.4003, 3.8244, 722.9302
1848.1025824546814, 1.4003, 3.8243, 722.9571
1850.102683544159, 1.4003, 3.8242, 722.9697
1852.1027915477753, 1.4003, 3.8244, 722.8001
1854.1028745174408, 1.4003, 3.8245, 722.6283
1856.1029994487762, 1.4003, 3.8246, 722.4125
1858.103106021881, 1.4004, 3.8246, 722.2792
1860.103189945221, 1.4003, 3.8247, 722.2544
1862.1032922267914, 1.4003, 3.8247, 722.1581
1864.1033773422241, 1.4003, 3.8247, 722.0531
1866.1035084724426, 1.4003, 3.8246, 722.021
1868.103598833084, 1.4003, 3.8247, 721.8366
1870.1036868095398, 1.4003, 3.8248, 721.7942
1872.1037728786469, 1.4003, 3.8249, 721.5725
1874.103904247284, 1.4003, 3.8252, 721.4394
1876.1039938926697, 1.4003, 3.825, 721.4937
1878.10409450531, 1.4003, 3.8251, 721.6321
1880.1041929721832, 1.4003, 3.8251, 721.714
1882.104293346405, 1.4003, 3.8251, 721.5562
1884.1043841838837, 1.4003, 3.8251, 721.3727
1886.1045153141022, 1.4003, 3.8251, 721.2843
1888.104618549347, 1.4003, 3.8253, 721.4548
1890.1046957969666, 1.4003, 3.8252, 721.4339
1892.1048331260681, 1.4003, 3.8253, 721.2631
1894.1049361228943, 1.4003, 3.8252, 721.1192
1896.1050260066986, 1.4003, 3.8253, 721.0811
1898.1051313877106, 1.4003, 3.8252, 720.9662
1900.105221271515, 1.4003, 3.8252, 721.0436
1902.1053557395935, 1.4003, 3.8252, 721.198
1904.1054413318634, 1.4003, 3.8252, 721.2615
1906.1055328845978, 1.4003, 3.8252, 721.1295
1908.10560464859, 1.4003, 3.8253, 721.0098
1910.1056983470917, 1.4003, 3.8253, 720.9356
1912.105997800827, 1.4003, 3.8254, 720.9277
1914.1060991287231, 1.4003, 3.8253, 720.9249
1916.1062002182007, 1.4003, 3.8254, 720.7012
1918.1062986850739, 1.4003, 3.8256, 720.403
1920.1064426898956, 1.4003, 3.8256, 720.4205
1922.1065413951874, 1.4003, 3.8257, 720.4775
1924.1066222190857, 1.4003, 3.8257, 720.5158
1926.106699705124, 1.4003, 3.8258, 720.4612
1928.1067979335785, 1.4003, 3.8257, 720.3879
1930.106938123703, 1.4003, 3.8257, 720.3423
1932.107042312622, 1.4003, 3.8257, 720.3505
1934.1071410179138, 1.4003, 3.8258, 720.1338
1936.1072406768799, 1.4003, 3.8258, 720.2164
1938.107340335846, 1.4003, 3.8259, 720.3632
1940.1074304580688, 1.4003, 3.8259, 720.4
1942.1075131893158, 1.4003, 3.826, 720.1985
1944.107594013214, 1.4003, 3.826, 719.9591
1946.107680797577, 1.4003, 3.826, 719.7612
1948.1077711582184, 1.4003, 3.826, 719.7336
1950.1078548431396, 1.4003, 3.8261, 719.8004
1952.1079876422882, 1.4003, 3.8259, 719.9077
1954.1080811023712, 1.4003, 3.826, 719.8779
1956.1081898212433, 1.4003, 3.826, 719.6577
1958.1082904338837, 1.4003, 3.826, 719.3909
1960.1083750724792, 1.4003, 3.826, 719.3755
1962.1084513664246, 1.4003, 3.8261, 719.6474
1964.1085391044617, 1.4003, 3.8261, 719.6658
1966.108634710312, 1.4003, 3.8263, 719.7199
1968.1087310314178, 1.4003, 3.8261, 719.7603
1970.108871459961, 1.4003, 3.8261, 719.6255
1972.1089596748352, 1.4003, 3.8263, 719.4762
1974.1090598106384, 1.4003, 3.8262, 719.2726
1976.109143257141, 1.4003, 3.8263, 719.1152
1978.1092438697815, 1.4003, 3.8265, 719.0138
1980.1093256473541, 1.4003, 3.8265, 718.8708
1982.109474658966, 1.4003, 3.8264, 718.7309
1984.1095588207245, 1.4003, 3.8266, 718.6879
1986.10964179039, 1.4003, 3.8266, 718.6396
1988.1097321510315, 1.4003, 3.8265, 718.7314
1990.109842300415, 1.4003, 3.8268, 718.7526
1992.1099827289581, 1.4003, 3.8267, 718.5591
1994.1100704669952, 1.4003, 3.8267, 718.4716
1996.1101582050323, 1.4003, 3.8267, 718.4736
1998.1102452278137, 1.4003, 3.8267, 718.4685
2000.1103465557098, 1.4003, 3.8266, 718.391
2002.1104514598846, 1.4003, 3.8268, 718.2654
2004.1105341911316, 1.4003, 3.8268, 718.0619
2006.1106605529785, 1.4003, 3.8268, 717.9285
2008.110759973526, 1.4003, 3.8272, 717.7965
2010.1108598709106, 1.4003, 3.8272, 717.8075
2012.110993385315, 1.4003, 3.8274, 717.6819
2014.1111314296722, 1.4003, 3.8274, 717.4753
2016.1112141609192, 1.4003, 3.8274, 717.2924
2018.1115250587463, 1.4003, 3.8275, 717.2417
2020.1116302013397, 1.4003, 3.8274, 717.1601
2022.1117124557495, 1.4001, 3.8276, 716.9275
2024.1117973327637, 1.4003, 3.8277, 716.7705
2026.1118955612183, 1.4003, 3.8277, 716.6802
2028.1120007038116, 1.4003, 3.8276, 716.7391
2030.1121091842651, 1.4003, 3.8277, 716.8013
2032.112196445465, 1.4003, 3.8277, 716.8262
2034.1122779846191, 1.4003, 3.8277, 716.8905
2036.1123642921448, 1.4003, 3.8276, 716.9393
2038.112471818924, 1.4003, 3.8277, 716.8858
2040.1125721931458, 1.4003, 3.8278, 716.854
2042.1127076148987, 1.4003, 3.8277, 716.7343
2044.1128454208374, 1.4001, 3.8277, 716.6468
2046.1129853725433, 1.4003, 3.8278, 716.7119
2048.113085269928, 1.4003, 3.8279, 716.5763
2050.113181591034, 1.4003, 3.8279, 716.4141
2052.1132657527924, 1.4003, 3.828, 716.367
2054.1133983135223, 1.4003, 3.8279, 716.2741
2056.1134786605835, 1.4003, 3.8282, 716.1742
2058.113576412201, 1.4003, 3.8282, 715.9631
2060.1136796474457, 1.4003, 3.8282, 715.7422
2062.1138191223145, 1.4003, 3.8283, 715.7112
2064.1139199733734, 1.4003, 3.8283, 715.666
2066.114058971405, 1.4003, 3.8283, 715.5901
2068.114200592041, 1.4003, 3.8284, 715.5026
2070.114282131195, 1.4003, 3.8285, 715.3688
2072.1143839359283, 1.4003, 3.8283, 715.3803
2074.114485025406, 1.4003, 3.8283, 715.4028
2076.114586353302, 1.4003, 3.8283, 715.5226
2078.1146852970123, 1.4003, 3.8284, 715.5642
2080.1147754192352, 1.4003, 3.8284, 715.7174
2082.1148767471313, 1.4003, 3.8285, 715.9606
2084.115010023117, 1.4003, 3.8284, 716.0575
2086.11514210701, 1.4001, 3.8285, 715.71
2088.1152272224426, 1.4001, 3.8285, 715.4915
2090.1153285503387, 1.4001, 3.8287, 715.4471
2092.115424633026, 1.4003, 3.8287, 715.2288
2094.1155681610107, 1.4003, 3.8287, 714.9461
2096.115661382675, 1.4003, 3.8288, 714.805
2098.116112470627, 1.4003, 3.8287, 714.7655
2100.1162135601044, 1.4003, 3.8288, 714.9228
2102.116315126419, 1.4003, 3.8291, 714.8314
2104.1164157390594, 1.4003, 3.829, 714.6739
2106.116493701935, 1.4003, 3.829, 714.8701
2108.116589307785, 1.4003, 3.8289, 714.9546
2110.1166894435883, 1.4003, 3.8289, 714.9573
2112.1167736053467, 1.4003, 3.8291, 714.8433
2114.11687207222, 1.4003, 3.8289, 714.8764
2116.1169562339783, 1.4003, 3.829, 714.9279
2118.1170580387115, 1.4003, 3.829, 714.777
2120.1171622276306, 1.4003, 3.8289, 714.7815
2122.1172647476196, 1.4003, 3.8289, 714.6976
2124.117344856262, 1.4003, 3.829, 714.6487
2126.1174471378326, 1.4003, 3.829, 714.4699
2128.1175467967987, 1.4003, 3.829, 714.4713
2130.1176328659058, 1.4003, 3.8291, 714.4672
2132.1177730560303, 1.4003, 3.8291, 714.4
2134.1178743839264, 1.4003, 3.829, 714.5821
2136.1179749965668, 1.4003, 3.829, 714.7386
2138.11806845665, 1.4003, 3.8291, 714.6204
2140.118151664734, 1.4003, 3.8291, 714.5623
2142.118234872818, 1.4003, 3.829, 714.5929
2144.1183354854584, 1.4003, 3.829, 714.6203
2146.118436574936, 1.4003, 3.829, 714.6966
2148.1185297966003, 1.4003, 3.8289, 714.8036
2150.1186764240265, 1.4003, 3.8289, 714.5881
2152.1187765598297, 1.4003, 3.829, 714.6311
2154.1188764572144, 1.4003, 3.829, 714.8274
2156.118960618973, 1.4003, 3.8291, 714.752
2158.1190605163574, 1.4003, 3.8291, 714.5656
2160.119140625, 1.4003, 3.8292, 714.5376
2162.1192212104797, 1.4003, 3.8293, 714.304
2164.1193177700043, 1.4003, 3.8292, 714.139
2166.1194608211517, 1.4003, 3.8293, 714.2007
2168.119564771652, 1.4003, 3.8291, 714.1961
2170.119663476944, 1.4003, 3.8292, 714.2566
2172.1197628974915, 1.4003, 3.8292, 714.0441
2174.119861841202, 1.4003, 3.8292, 714.0505
2176.1199498176575, 1.4003, 3.8293, 713.9356
2178.120027065277, 1.4003, 3.8292, 713.8027
2180.120124101639, 1.4003, 3.8294, 713.6849
2182.1202063560486, 1.4003, 3.8294, 713.634
2184.1202886104584, 1.4003, 3.8294, 713.3875
2186.120368003845, 1.4003, 3.8296, 713.1883
2188.1204555034637, 1.4003, 3.8297, 713.1871
2190.1205389499664, 1.4003, 3.8298, 713.2037
2192.120623588562, 1.4003, 3.8297, 713.3689
2194.120707511902, 1.4003, 3.8299, 713.1482
2196.120789051056, 1.4003, 3.8298, 713.0332
2198.1208741664886, 1.4003, 3.8299, 712.8814
2200.1209740638733, 1.4003, 3.8299, 712.9852
2202.1210865974426, 1.4003, 3.8299, 712.8433
2204.12117600441, 1.4003, 3.83, 712.7754
2206.12127161026, 1.4003, 3.8299, 712.7588
2208.121406316757, 1.4003, 3.83, 712.5202
2210.1215386390686, 1.4003, 3.8301, 712.5242
2212.12162733078, 1.4003, 3.8302, 712.6223
2214.1217119693756, 1.4003, 3.8301, 712.5659
2216.1217980384827, 1.4003, 3.8303, 712.4564
2218.1218955516815, 1.4003, 3.8303, 712.2714
2220.1219911575317, 1.4003, 3.8302, 712.2296
2222.1220948696136, 1.4003, 3.8302, 712.3466
2224.1222372055054, 1.4003, 3.8303, 712.5255
2226.1223413944244, 1.4003, 3.8301, 712.5947
2228.1224460601807, 1.4003, 3.8302, 712.5869
2230.1225447654724, 1.4003, 3.8303, 712.4413
2232.122627735138, 1.4003, 3.8304, 712.1508
2234.122722864151, 1.4003, 3.8305, 711.9315
2236.1228194236755, 1.4003, 3.8305, 711.7546
2238.1229124069214, 1.4003, 3.8305, 711.6247
2240.123012304306, 1.4003, 3.8305, 711.7429
2242.1231014728546, 1.4003, 3.8306, 712.0631
2244.1232013702393, 1.4003, 3.8305, 712.1389
2246.1233294010162, 1.4003, 3.8306, 712.0195
2248.123424768448, 1.4003, 3.8306, 711.9859
2250.123510360718, 1.4003, 3.8307, 711.9274
2252.123645544052, 1.4003, 3.8307, 711.8456
2254.1237468719482, 1.4003, 3.8306, 711.9552
2256.1238503456116, 1.4003, 3.8307, 711.8364
2258.123953104019, 1.4003, 3.8305, 711.7593
2260.1240441799164, 1.4003, 3.8305, 711.8706
2262.1241369247437, 1.4003, 3.8306, 711.8059
2264.1242406368256, 1.4003, 3.8306, 711.5795
2266.124344587326, 1.4003, 3.8307, 711.4179
2268.12442779541, 1.4003, 3.8307, 711.3571
2270.1245527267456, 1.4003, 3.8308, 711.2018
2272.124657392502, 1.4003, 3.8308, 711.234
2274.1247613430023, 1.4003, 3.8308, 711.1938
2276.124897003174, 1.4003, 3.8309, 711.2084
2278.1250245571136, 1.4003, 3.8309, 711.2268
2280.1251168251038, 1.4003, 3.8309, 711.3392
2282.1252176761627, 1.4003, 3.8309, 711.4918
2284.125317335129, 1.4003, 3.831, 711.6629
2286.1254036426544, 1.4003, 3.8308, 711.8411
2288.1255056858063, 1.4003, 3.8309, 711.6718
2290.1256070137024, 1.4003, 3.8309, 711.3961
2292.125707387924, 1.4003, 3.8311, 711.2284
2294.1258070468903, 1.4003, 3.831, 711.186
2296.125907897949, 1.4003, 3.831, 711.1617
2298.125991344452, 1.4003, 3.8308, 711.1966
2300.1260929107666, 1.4003, 3.8311, 711.1954
2302.126194000244, 1.4003, 3.8311, 711.1234
2304.1262748241425, 1.4003, 3.8312, 710.9554
2306.1264295578003, 1.4003, 3.8312, 710.7698
2308.126512527466, 1.4003, 3.8312, 710.775
2310.1266016960144, 1.4003, 3.8313, 710.7847
2312.126697778702, 1.4003, 3.8311, 710.8268
2314.1267786026, 1.4003, 3.8312, 710.9035
2316.126859664917, 1.4003, 3.8312, 710.9444
2318.126941204071, 1.4003, 3.8313, 710.6662
2320.127033472061, 1.4003, 3.8312, 710.5526
2322.127111196518, 1.4003, 3.8313, 710.5319
2324.1271929740906, 1.4003, 3.8314, 710.435
2326.127290248871, 1.4003, 3.8313, 710.3399
2328.1273725032806, 1.4003, 3.8314, 710.2598
2330.1274778842926, 1.4003, 3.8316, 710.1589
2332.127582550049, 1.4003, 3.8316, 710.2345
2334.1277174949646, 1.4003, 3.8315, 710.2162
2336.127822160721, 1.4003, 3.8317, 710.1458
2338.127957344055, 1.4003, 3.8317, 710.101
2340.1280541419983, 1.4003, 3.8317, 710.1199
2342.1281583309174, 1.4003, 3.8317, 710.0545
2344.1282947063446, 1.4003, 3.8318, 709.8675
2346.1283819675446, 1.4003, 3.8318, 709.6893
2348.1284861564636, 1.4003, 3.8318, 709.7116
2350.1285705566406, 1.4003, 3.8319, 709.6516
2352.128655433655, 1.4001, 3.8318, 709.5087
2354.128743171692, 1.4003, 3.832, 709.4729
2356.1288254261017, 1.4003, 3.8321, 709.4545
2358.1289010047913, 1.4003, 3.8321, 709.5083
2360.1289834976196, 1.4003, 3.832, 709.2477
2362.1290678977966, 1.4003, 3.832, 709.1054
2364.1291460990906, 1.4003, 3.832, 709.1687
2366.129233121872, 1.4003, 3.832, 709.2486
2368.1293268203735, 1.4003, 3.832, 709.4368
2370.129413843155, 1.4003, 3.832, 709.445
2372.129494667053, 1.4003, 3.8321, 709.3445
2374.1295821666718, 1.4003, 3.8321, 709.4966
2376.1296598911285, 1.4003, 3.8318, 709.7752
2378.1297483444214, 1.4003, 3.8317, 709.7799
2380.129843235016, 1.4003, 3.8317, 710.115
2382.129944086075, 1.4003, 3.8315, 710.5454
2384.1300230026245, 1.4003, 3.8314, 710.4891
2386.1301062107086, 1.4003, 3.8315, 710.4252
2388.130187511444, 1.4003, 3.8315, 710.3984
2390.130269050598, 1.4003, 3.8315, 710.2216
2392.13037109375, 1.4003, 3.8316, 710.1027
2394.1304557323456, 1.4003, 3.8318, 710.022
2396.1305401325226, 1.4003, 3.8318, 710.0539
2398.1306228637695, 1.4003, 3.8319, 709.8985
2400.1307039260864, 1.4003, 3.8319, 709.5889
2402.1307849884033, 1.4003, 3.8319, 709.6407
2404.130870103836, 1.4003, 3.8321, 709.7062
2406.130950689316, 1.4003, 3.832, 709.6514
2408.1310546398163, 1.4003, 3.8321, 709.46
2410.131145477295, 1.4003, 3.832, 709.537
2412.131227493286, 1.4001, 3.8319, 709.4695
2414.131324529648, 1.4003, 3.8321, 709.6714
2416.131425857544, 1.4003, 3.832, 709.5751
2418.131505727768, 1.4003, 3.832, 709.5654
2420.1316039562225, 1.4003, 3.832, 709.3488
2422.1317048072815, 1.4003, 3.8322, 709.188
2424.131801366806, 1.4003, 3.8323, 709.0173
2426.1319060325623, 1.4003, 3.8324, 709.0322
2428.1320073604584, 1.4003, 3.8323, 708.8709
2430.132085084915, 1.4003, 3.8324, 708.7162
2432.1321651935577, 1.4003, 3.8325, 708.5446
2434.132252216339, 1.4003, 3.8325, 708.3882
2436.1323392391205, 1.4003, 3.8325, 708.3764
2438.1324410438538, 1.4003, 3.8326, 708.3302
2440.132551908493, 1.4003, 3.8326, 708.3341
2442.132682323456, 1.4003, 3.8327, 708.2654
2444.132819414139, 1.4003, 3.8326, 708.4257
2446.1329593658447, 1.4003, 3.8326, 708.4443
2448.1330404281616, 1.4003, 3.8324, 708.6303
2450.1331403255463, 1.4003, 3.8325, 708.6768
2452.133275270462, 1.4003, 3.8324, 708.7096
2454.1334121227264, 1.4003, 3.8325, 708.7094
2456.1335015296936, 1.4003, 3.8324, 708.567
2458.133584022522, 1.4003, 3.8325, 708.3927
2460.1336669921875, 1.4003, 3.8327, 708.2248
2462.1337490081787, 1.4003, 3.8325, 708.2386
2464.133880376816, 1.4003, 3.8327, 708.1243
2466.13396191597, 1.4003, 3.8329, 708.0084
2468.134097337723, 1.4003, 3.833, 707.8983
2470.1342000961304, 1.4003, 3.8329, 707.8911
2472.1342854499817, 1.4003, 3.8329, 708.0107
2474.134390592575, 1.4003, 3.833, 708.0241
2476.1344804763794, 1.4003, 3.8327, 708.0524
2478.13458609581, 1.4003, 3.8329, 707.9615
2480.1347212791443, 1.4003, 3.833, 707.9721
2482.1348662376404, 1.4003, 3.833, 708.1499
2484.1349527835846, 1.4003, 3.8331, 708.2689
2486.1350576877594, 1.4003, 3.833, 708.3511
2488.135148048401, 1.4003, 3.8331, 707.9372
2490.1352512836456, 1.4003, 3.8332, 707.7678
2492.13534283638, 1.4003, 3.8331, 707.7764
2494.1354367733, 1.4003, 3.8331, 707.8249
2496.1355221271515, 1.4003, 3.8332, 707.8096
2498.1356222629547, 1.4003, 3.8333, 707.7188
2500.135706424713, 1.4003, 3.8333, 707.6593
2502.1357905864716, 1.4003, 3.8334, 707.6618
2504.1358914375305, 1.4003, 3.8333, 707.4636
2506.1360309123993, 1.4003, 3.8333, 707.3301
2508.136134147644, 1.4003, 3.8333, 707.3116
2510.1362206935883, 1.4003, 3.8333, 707.2939
2512.1363077163696, 1.4003, 3.8333, 707.2026
2514.136405944824, 1.4003, 3.8332, 707.1022
2516.13654756546, 1.4003, 3.8332, 707.1146
2518.1366481781006, 1.4003, 3.8333, 707.0437
2520.136732339859, 1.4003, 3.8334, 706.95
2522.1368420124054, 1.4003, 3.8335, 706.7136
2524.136937856674, 1.4003, 3.8336, 706.6759
2526.1370215415955, 1.4003, 3.8336, 706.7513
2528.137115716934, 1.4003, 3.8336, 706.7823
2530.137215614319, 1.4003, 3.8335, 706.7206
2532.1373479366302, 1.4003, 3.8335, 706.6298
2534.137454032898, 1.4003, 3.8334, 706.5751
2536.137570142746, 1.4003, 3.8335, 706.5767
2538.137652158737, 1.4003, 3.8334, 706.5596
2540.1377606391907, 1.4003, 3.8335, 706.7544
2542.137862443924, 1.4003, 3.8335, 706.7244
2544.137964487076, 1.4003, 3.8335, 706.6247
2546.1380608081818, 1.4001, 3.8334, 706.565
2548.138163805008, 1.4001, 3.8337, 706.3264
2550.1382653713226, 1.4001, 3.8336, 706.2077
2552.138373851776, 1.4001, 3.8337, 706.1891
2554.1385085582733, 1.4003, 3.8336, 706.2888
2556.13858795166, 1.4003, 3.8338, 706.3388
2558.1386909484863, 1.4003, 3.8337, 706.4816
2560.1388268470764, 1.4003, 3.8337, 706.5612
2562.1389281749725, 1.4003, 3.8337, 706.5121
2564.1390244960785, 1.4001, 3.8337, 706.4791
2566.1391277313232, 1.4003, 3.8336, 706.3836
2568.139235019684, 1.4001, 3.8336, 706.2077
2570.1393270492554, 1.4003, 3.8337, 706.0452
2572.139427423477, 1.4003, 3.8339, 705.8956
2574.1395070552826, 1.4003, 3.834, 705.9147
2576.139608860016, 1.4003, 3.834, 705.9383
2578.1396923065186, 1.4001, 3.834, 705.9635
2580.139787197113, 1.4003, 3.834, 706.0377
2582.139890193939, 1.4003, 3.834, 705.8055
2584.1399903297424, 1.4003, 3.8341, 705.6196
2586.1400921344757, 1.4003, 3.8341, 705.4512
2588.140192747116, 1.4003, 3.8343, 705.2935
2590.1403250694275, 1.4003, 3.8343, 705.4074
2592.14040184021, 1.4003, 3.8343, 705.5996
2594.1404836177826, 1.4003, 3.8342, 705.7428
2596.1405634880066, 1.4003, 3.8342, 705.7489
2598.1406643390656, 1.4003, 3.8342, 705.5601
2600.1408019065857, 1.4003, 3.8342, 705.3528
2602.1408808231354, 1.4003, 3.8341, 705.3111
2604.14098072052, 1.4003, 3.8342, 705.2477
2606.1410834789276, 1.4003, 3.8342, 705.391
2608.141180753708, 1.4003, 3.8342, 705.477
2610.141259908676, 1.4003, 3.8341, 705.633
2612.14134144783, 1.4003, 3.8344, 705.7123
2614.141432762146, 1.4003, 3.8343, 705.6117
2616.141518354416, 1.4003, 3.8344, 705.7125
2618.1416015625, 1.4003, 3.8344, 705.8549
2620.141684293747, 1.4003, 3.8343, 705.8214
2622.1418244838715, 1.4003, 3.8343, 705.703
2624.1419100761414, 1.4003, 3.8342, 705.5621
2626.1419966220856, 1.4003, 3.8342, 705.4118
2628.1420814990997, 1.4003, 3.8344, 705.1123
2630.1421658992767, 1.4003, 3.8343, 705.0633
2632.1423020362854, 1.4003, 3.8345, 704.9196
2634.142393350601, 1.4003, 3.8346, 704.7589
2636.1424930095673, 1.4003, 3.8346, 704.6546
2638.1426000595093, 1.4003, 3.8347, 704.3917
2640.1427290439606, 1.4003, 3.8347, 704.3662
2642.142861843109, 1.4003, 3.8349, 704.1872
2644.1429970264435, 1.4003, 3.835, 704.1192
2646.1430826187134, 1.4003, 3.8351, 704.025
2648.1431856155396, 1.4003, 3.835, 703.8719
2650.1433227062225, 1.4003, 3.8352, 703.9495
2652.143474817276, 1.4003, 3.835, 704.0899
2654.1436100006104, 1.4003, 3.835, 703.9465
2656.143709421158, 1.4003, 3.835, 703.8385
2658.1438117027283, 1.4003, 3.8351, 704.1141
2660.1439135074615, 1.4003, 3.835, 704.2906
2662.1440143585205, 1.4003, 3.835, 704.2338
2664.144095182419, 1.4003, 3.835, 704.0949
2666.1442358493805, 1.4003, 3.8351, 704.2227
2668.1443343162537, 1.4003, 3.8349, 704.2603
2670.14444065094, 1.4003, 3.8352, 704.1743
2672.1445438861847, 1.4003, 3.8351, 704.0097
2674.144644021988, 1.4003, 3.8351, 703.8428
2676.144744157791, 1.4003, 3.8352, 703.7002
2678.1448447704315, 1.4003, 3.8353, 703.716
2680.144944667816, 1.4003, 3.8351, 703.6962
2682.1450238227844, 1.4003, 3.8352, 703.7056
2684.145127058029, 1.4003, 3.8351, 703.7148
2686.145206928253, 1.4003, 3.8352, 703.8354
2688.1453082561493, 1.4003, 3.8351, 703.7396
2690.145430326462, 1.4003, 3.8352, 703.8227
2692.1455705165863, 1.4003, 3.8354, 703.5818
2694.145673751831, 1.4003, 3.8353, 703.3686
2696.1457810401917, 1.4003, 3.8353, 703.2551
2698.145915746689, 1.4003, 3.8355, 703.1482
2700.1459934711456, 1.4003, 3.8354, 702.9399
2702.1461458206177, 1.4003, 3.8357, 702.8156
2704.1462802886963, 1.4003, 3.8355, 702.7423
2706.146386384964, 1.4003, 3.8356, 702.7492
2708.1464941501617, 1.4003, 3.8356, 702.7789
2710.146594285965, 1.4003, 3.8356, 702.848
2712.146730899811, 1.4003, 3.8356, 702.9246
2714.1470680236816, 1.4003, 3.8357, 702.794
2716.147201061249, 1.4003, 3.8357, 702.6299
2718.1472947597504, 1.4001, 3.8357, 702.6204
2720.147396802902, 1.4003, 3.8357, 702.6315
2722.147496700287, 1.4003, 3.8357, 702.742
2724.1476287841797, 1.4003, 3.8357, 702.9557
2726.1477587223053, 1.4003, 3.8356, 703.3397
2728.1478707790375, 1.4003, 3.8357, 703.5777
2730.148000717163, 1.4003, 3.8357, 703.8781
2732.1480979919434, 1.4003, 3.8356, 703.672
2734.148200750351, 1.4003, 3.8354, 703.9152
2736.148286342621, 1.4003, 3.8351, 704.0021
2738.1483902931213, 1.4003, 3.8351, 703.9601
2740.1484956741333, 1.4003, 3.8353, 704.047
2742.148630619049, 1.4003, 3.8352, 703.8882
2744.1487543582916, 1.4003, 3.8352, 703.8996
2746.148858308792, 1.4001, 3.8353, 703.819
2748.148996591568, 1.4003, 3.8353, 703.8074
2750.1490840911865, 1.4003, 3.8352, 703.7914
2752.1491734981537, 1.4003, 3.8352, 703.9611
2754.1492669582367, 1.4001, 3.8351, 703.9899
2756.1493520736694, 1.4003, 3.8351, 704.1388
2758.1494500637054, 1.4003, 3.8352, 704.2288
2760.1495537757874, 1.4001, 3.8352, 704.1575
2762.149655342102, 1.4001, 3.8353, 704.1864
2764.149755716324, 1.4003, 3.8351, 704.1196
2766.1498560905457, 1.4001, 3.835, 703.842
2768.1499581336975, 1.4003, 3.8352, 703.6905
2770.1500403881073, 1.4003, 3.8353, 703.4564
2772.1501388549805, 1.4003, 3.8354, 703.253
2774.1502389907837, 1.4003, 3.8355, 703.2492
2776.150340795517, 1.4003, 3.8353, 703.3713
2778.1504340171814, 1.4003, 3.8354, 703.4926
2780.1505777835846, 1.4003, 3.8353, 703.4163
2782.1507103443146, 1.4003, 3.8353, 703.3915
2784.1508004665375, 1.4003, 3.8354, 703.2931
2786.1509368419647, 1.4003, 3.8354, 703.179
2788.151065826416, 1.4003, 3.8355, 703.1872
2790.151149749756, 1.4003, 3.8354, 703.1491
2792.151284456253, 1.4003, 3.8355, 703.1405
2794.151422023773, 1.4003, 3.8354, 703.1612
2796.1515316963196, 1.4001, 3.8355, 703.0566
2798.151632785797, 1.4001, 3.8355, 702.8538
2800.1517672538757, 1.4003, 3.8356, 702.8513
2802.151898622513, 1.4001, 3.8357, 702.8337
2804.152027130127, 1.4003, 3.8358, 702.9601
2806.1521360874176, 1.4003, 3.8357, 703.1465
2808.152197122574, 1.4001, 3.8355, 703.4101
2810.1523299217224, 1.4001, 3.8354, 703.5074
2812.1524708271027, 1.4003, 3.8353, 703.7119
2814.1525967121124, 1.4003, 3.8354, 703.7143
2816.152700662613, 1.4003, 3.8353, 703.6545
2818.152834415436, 1.4003, 3.8353, 703.6056
2820.152931213379, 1.4003, 3.8354, 703.5804
2822.1530644893646, 1.4003, 3.8353, 703.7769
2824.1531682014465, 1.4003, 3.8354, 704.0493
2826.153256893158, 1.4003, 3.8351, 704.0091
2828.1533393859863, 1.4003, 3.8352, 703.7456
2830.153426885605, 1.4003, 3.8352, 703.5686
2832.153526544571, 1.4003, 3.8354, 703.5199
2834.1536271572113, 1.4003, 3.8354, 703.4044
2836.1537659168243, 1.4003, 3.8354, 703.375
2838.153898000717, 1.4003, 3.8356, 703.1082
2840.1539907455444, 1.4003, 3.8356, 702.7226
2842.1540937423706, 1.4003, 3.8357, 702.6056
2844.1541764736176, 1.4003, 3.8359, 702.5132
2846.154265165329, 1.4003, 3.8359, 702.3699
2848.154365539551, 1.4003, 3.8361, 702.6466
2850.154529094696, 1.4003, 3.8361, 702.4813
2852.154630422592, 1.4003, 3.8363, 702.3071
2854.154729604721, 1.4003, 3.8363, 702.1203
2856.154831647873, 1.4003, 3.8363, 702.1248
2858.1549332141876, 1.4003, 3.8362, 702.0625
2860.155016183853, 1.4003, 3.8363, 702.0422
2862.155096769333, 1.4003, 3.8362, 701.9715
2864.155173301697, 1.4003, 3.8364, 701.8886
2866.1552798748016, 1.4003, 3.8365, 701.7702
2868.1553666591644, 1.4003, 3.8365, 701.8763
2870.155476331711, 1.4003, 3.8365, 701.9416
2872.155610561371, 1.4003, 3.8365, 701.9921
2874.1557052135468, 1.4003, 3.8364, 701.9119
2876.1558108329773, 1.4003, 3.8364, 701.8901
2878.1559088230133, 1.4003, 3.8365, 701.8987
2880.1560084819794, 1.4003, 3.8364, 702.0359
2882.156107187271, 1.4003, 3.8364, 702.087
2884.156198501587, 1.4003, 3.8364, 702.4137
2886.156283378601, 1.4003, 3.8363, 702.6398
2888.15638422966, 1.4003, 3.8364, 702.6152
2890.1564888954163, 1.4003, 3.8364, 702.5529
2892.156590461731, 1.4003, 3.8364, 702.3798
2894.1566908359528, 1.4003, 3.8363, 702.2363
2896.156790971756, 1.4003, 3.8366, 702.1011
2898.1568796634674, 1.4003, 3.8366, 702.1231
2900.1569831371307, 1.4003, 3.8365, 702.1148
2902.1570641994476, 1.4003, 3.8365, 702.1273
2904.1571447849274, 1.4003, 3.8364, 702.3792
2906.157249212265, 1.4003, 3.8364, 702.6735
2908.157351255417, 1.4003, 3.8363, 702.6038
2910.1574544906616, 1.4003, 3.8363, 702.6025
2912.157557249069, 1.4003, 3.8363, 702.5038
2914.1576578617096, 1.4003, 3.8364, 702.5063
2916.157739877701, 1.4003, 3.8364, 702.3354
2918.157835483551, 1.4003, 3.8363, 702.1687
2920.157923221588, 1.4003, 3.8363, 702.2842
2922.158028125763, 1.4003, 3.8363, 702.4118
2924.1581647396088, 1.4003, 3.8361, 702.4739
2926.1582555770874, 1.4003, 3.8361, 702.6543
2928.1583485603333, 1.4003, 3.8362, 702.47
2930.1584548950195, 1.4003, 3.8362, 702.3179
2932.1585557460785, 1.4003, 3.8363, 702.1344
2934.1586372852325, 1.4003, 3.8365, 701.9561
2936.1587386131287, 1.4003, 3.8365, 701.8461
2938.1588447093964, 1.4003, 3.8363, 701.9449
2940.1589291095734, 1.4003, 3.8364, 702.0551
2942.159029483795, 1.4003, 3.8365, 702.1423
2944.159113407135, 1.4003, 3.8362, 702.445
2946.159197330475, 1.4003, 3.8361, 702.6033
2948.159298658371, 1.4003, 3.8361, 702.8281
2950.159405708313, 1.4003, 3.8361, 702.7847
2952.1594846248627, 1.4003, 3.8362, 702.8171
2954.159618616104, 1.4003, 3.8363, 702.5546
2956.1597187519073, 1.4003, 3.8364, 702.4036
2958.1598155498505, 1.4003, 3.8364, 702.2487
2960.1599152088165, 1.4003, 3.8363, 702.1332
2962.1599979400635, 1.4003, 3.8365, 701.9939
2964.1600999832153, 1.4003, 3.8364, 701.9516
2966.1602432727814, 1.4003, 3.8364, 701.8161
2968.1604237556458, 1.4003, 3.8365, 701.665
2970.1605010032654, 1.4003, 3.8366, 701.6617
2972.16060256958, 1.4003, 3.8366, 701.6072
2974.160705804825, 1.4003, 3.8366, 701.6133
2976.1608052253723, 1.4003, 3.8363, 701.8328
2978.1608905792236, 1.4003, 3.8363, 702.0384
2980.1609768867493, 1.4003, 3.8365, 701.9391
2982.1610610485077, 1.4003, 3.8365, 701.8339
2984.161150932312, 1.4003, 3.8365, 701.8802
2986.161237478256, 1.4003, 3.8365, 701.936
2988.1613199710846, 1.4003, 3.8366, 701.8987
2990.161400794983, 1.4003, 3.8366, 701.9881
2992.1614904403687, 1.4003, 3.8366, 701.9558
2994.1615710258484, 1.4003, 3.8366, 701.9689
2996.161643266678, 1.4001, 3.8365, 701.9269
2998.1617460250854, 1.4003, 3.8365, 702.0243
3000.1618475914, 1.4003, 3.8365, 702.0041
3002.1619262695312, 1.4003, 3.8364, 701.9831
3004.1620240211487, 1.4003, 3.8364, 702.1143
3006.1621067523956, 1.4003, 3.8359, 702.6575
3008.1622076034546, 1.4003, 3.8358, 702.9291
3010.1622915267944, 1.4003, 3.8357, 703.0161
3012.1623780727386, 1.4003, 3.8358, 703.0375
3014.1625118255615, 1.4003, 3.8358, 703.032
3016.1626451015472, 1.4003, 3.8358, 703.1619
3018.162750482559, 1.4003, 3.8357, 703.0182
3020.162884950638, 1.4003, 3.8357, 702.9471
3022.16299033165, 1.4003, 3.8357, 702.9339
3024.1630680561066, 1.4003, 3.8357, 702.8574
3026.1631722450256, 1.4003, 3.8358, 702.5662
3028.1633031368256, 1.4001, 3.8358, 702.387
3030.1634097099304, 1.4003, 3.8358, 702.1854
3032.1635105609894, 1.4003, 3.8359, 702.1524
3034.1635975837708, 1.4001, 3.8361, 702.0161
3036.163704395294, 1.4003, 3.8361, 701.9538
3038.163792848587, 1.4003, 3.8363, 701.9256
3040.163894891739, 1.4003, 3.8363, 701.9311
3042.1639754772186, 1.4001, 3.8363, 702.1516
3044.1640615463257, 1.4003, 3.8365, 702.2691
3046.1641607284546, 1.4003, 3.8366, 702.1529
3048.1642034053802, 1.4003, 3.8364, 702.1826
3050.1643409729004, 1.4001, 3.8362, 702.188
3052.1644451618195, 1.4003, 3.8365, 702.3195
3054.1645317077637, 1.4003, 3.8365, 702.2732
3056.1646230220795, 1.4003, 3.8365, 702.1665
3058.1647226810455, 1.4003, 3.8365, 701.9013
3060.1648008823395, 1.4003, 3.8366, 701.6659
3062.1648886203766, 1.4001, 3.8366, 701.5521
3064.1649861335754, 1.4003, 3.8366, 701.6517
3066.1650941371918, 1.4003, 3.8367, 701.6656
3068.1652359962463, 1.4003, 3.8365, 701.8172
3070.1653156280518, 1.4003, 3.8365, 701.8377
3072.1654241085052, 1.4003, 3.8364, 701.9306
3074.165506839752, 1.4001, 3.8365, 701.7806
3076.16560959816, 1.4003, 3.8365, 701.657
3078.1657366752625, 1.4003, 3.8366, 701.5527
3080.1658709049225, 1.4003, 3.8365, 701.6255
3082.1659727096558, 1.4003, 3.8365, 701.44
3084.166075706482, 1.4003, 3.8366, 701.2313
3086.1661779880524, 1.4003, 3.8367, 701.2643
3088.166266679764, 1.4003, 3.8366, 701.3391
3090.166362762451, 1.4003, 3.8368, 701.3086
3092.166455745697, 1.4003, 3.8368, 701.2199
3094.1665592193604, 1.4003, 3.8368, 701.2933
3096.1666617393494, 1.4003, 3.8369, 701.3178
3098.166748046875, 1.4003, 3.8367, 701.2476
3100.166851758957, 1.4003, 3.837, 701.2291
3102.1669549942017, 1.4003, 3.8369, 701.2459
3104.167038679123, 1.4003, 3.8367, 701.4479
3106.1671476364136, 1.4003, 3.8366, 701.4063
3108.1672508716583, 1.4003, 3.8367, 701.3656
3110.16735124588, 1.4003, 3.8366, 701.3372
3112.1674518585205, 1.4003, 3.8367, 701.3478
3114.167530298233, 1.4003, 3.8366, 701.2771
3116.167630672455, 1.4003, 3.8366, 701.1681
3118.167739868164, 1.4003, 3.8368, 701.1634
3120.1678376197815, 1.4003, 3.8367, 701.2775
3122.167922973633, 1.4003, 3.8369, 701.5124
3124.1680257320404, 1.4001, 3.8367, 701.6604
3126.1681191921234, 1.4003, 3.8366, 701.8826
3128.168219089508, 1.4003, 3.8366, 701.9067
3130.16831946373, 1.4003, 3.8366, 701.7442
3132.168421983719, 1.4003, 3.8366, 701.6149
3134.1685178279877, 1.4003, 3.8366, 701.5911
3136.1686193943024, 1.4003, 3.8366, 701.4998
3138.168720960617, 1.4003, 3.8365, 701.502
3140.1688244342804, 1.4003, 3.8366, 701.3148
3142.1689245700836, 1.4003, 3.8367, 701.4806
3144.1690270900726, 1.4003, 3.8369, 701.3566
3146.169127225876, 1.4003, 3.8369, 701.1373
3148.169229030609, 1.4003, 3.8368, 701.1329
3150.169306755066, 1.4003, 3.8369, 700.9047
3152.169417142868, 1.4003, 3.837, 700.7119
3154.169516324997, 1.4003, 3.837, 700.7123
3156.1696162223816, 1.4003, 3.837, 700.7613
3158.1697170734406, 1.4003, 3.837, 700.6514
3160.169802904129, 1.4001, 3.8371, 700.4557
3162.1699028015137, 1.4003, 3.8373, 700.3217
3164.1700026988983, 1.4003, 3.8373, 700.1485
3166.1701056957245, 1.4003, 3.8374, 700.0515
3168.1702041625977, 1.4003, 3.8375, 699.8983
3170.1703009605408, 1.4003, 3.8374, 699.9287
3172.1704063415527, 1.4003, 3.8374, 699.9705
3174.1705050468445, 1.4003, 3.8377, 699.8952
3176.170603275299, 1.4003, 3.8375, 699.7522
3178.1707031726837, 1.4003, 3.8377, 699.7626
3180.1708035469055, 1.4003, 3.8377, 699.5922
3182.170887708664, 1.4003, 3.8376, 699.5735
3184.171020746231, 1.4003, 3.8377, 699.4624
3186.1711246967316, 1.4003, 3.8377, 699.6038
3188.171229362488, 1.4003, 3.8376, 699.7184
3190.171329975128, 1.4003, 3.8376, 699.9921
3192.171413898468, 1.4003, 3.8376, 700.1597
3194.1715149879456, 1.4003, 3.8375, 700.5793
3196.171616077423, 1.4003, 3.8376, 700.4667
3198.171703338623, 1.4003, 3.8375, 700.4205
3200.171811580658, 1.4003, 3.8373, 700.4677
3202.171912431717, 1.4003, 3.8373, 700.5128
3204.1719920635223, 1.4003, 3.8373, 700.7074
3206.1720929145813, 1.4003, 3.8372, 700.6759
3208.1721937656403, 1.4003, 3.8374, 700.5307
3210.17232465744, 1.4003, 3.8373, 700.4136
3212.1724576950073, 1.4003, 3.8375, 700.4731
3214.172558784485, 1.4003, 3.8375, 700.5295
3216.1726591587067, 1.4003, 3.8376, 700.2554
3218.1727497577667, 1.4003, 3.8377, 700.1549
3220.172834634781, 1.4003, 3.8377, 700.0607
3222.172912120819, 1.4003, 3.8378, 700.0223
3224.1730115413666, 1.4003, 3.8377, 700.1797
3226.1731040477753, 1.4003, 3.8377, 700.1735
3228.173210144043, 1.4003, 3.8376, 700.2315
3230.173304080963, 1.4003, 3.8377, 700.1596
3232.1734154224396, 1.4003, 3.8377, 700.0066
3234.173515319824, 1.4003, 3.8376, 699.8691
3236.173622608185, 1.4003, 3.8378, 699.6129
3238.173723936081, 1.4003, 3.8378, 699.5967
3240.1738016605377, 1.4003, 3.8379, 699.4755
3242.173882961273, 1.4003, 3.8379, 699.4237
3244.1739869117737, 1.4003, 3.838, 699.3104
3246.1740889549255, 1.4003, 3.8379, 699.3775
3248.174188375473, 1.4003, 3.8379, 699.3901
3250.1742963790894, 1.4003, 3.8379, 699.2531
3252.174396276474, 1.4003, 3.838, 699.1614
3254.174498319626, 1.4003, 3.838, 699.0119
3256.1746118068695, 1.4003, 3.8381, 698.9924
3258.1746923923492, 1.4003, 3.8381, 698.9237
3260.174795627594, 1.4003, 3.8383, 698.9547
3262.174893140793, 1.4003, 3.8381, 699.0347
3264.174993276596, 1.4003, 3.8381, 699.2074
3266.175094127655, 1.4003, 3.8381, 699.2627
3268.1751980781555, 1.4003, 3.8381, 699.2468
3270.1753027439117, 1.4003, 3.8381, 699.5596
3272.1754519939423, 1.4003, 3.8379, 699.515
3274.1755590438843, 1.4003, 3.8378, 699.6089
3276.1756389141083, 1.4003, 3.8377, 699.6933
3278.1757724285126, 1.4001, 3.8376, 699.7567
3280.175874710083, 1.4003, 3.8378, 699.7474
3282.1759748458862, 1.4003, 3.8378, 700.0108
3284.1760790348053, 1.4003, 3.8378, 700.1609
3286.176188468933, 1.4003, 3.8378, 699.7245
3288.176290512085, 1.4003, 3.8379, 699.607
3290.1763830184937, 1.4003, 3.8379, 699.4108
3292.176527738571, 1.4003, 3.838, 699.4326
3294.1766130924225, 1.4003, 3.8379, 699.2942
3296.1767468452454, 1.4003, 3.8381, 699.0222
3298.176836013794, 1.4003, 3.838, 698.9307
3300.176934480667, 1.4003, 3.8381, 698.8935
3302.177013397217, 1.4003, 3.8381, 698.8582
3304.1771156787872, 1.4003, 3.8381, 698.8455
3306.1772170066833, 1.4003, 3.8382, 698.6781
3308.177314758301, 1.4003, 3.8384, 698.5656
3310.1774203777313, 1.4003, 3.8383, 698.5346
3312.1775209903717, 1.4003, 3.8383, 698.5011
3314.177619934082, 1.4001, 3.8383, 698.4098
3316.177718400955, 1.4003, 3.8383, 698.41
3318.177815914154, 1.4003, 3.8385, 698.6085
3320.1779024600983, 1.4003, 3.8383, 698.9208
3322.177992582321, 1.4001, 3.8383, 698.9858
3324.178094148636, 1.4003, 3.8383, 698.8305
3326.1781952381134, 1.4003, 3.8381, 698.701
3328.178295135498, 1.4003, 3.8382, 698.6009
3330.178375482559, 1.4003, 3.8383, 698.3369
3332.1784670352936, 1.4003, 3.8384, 698.5631
3334.1785640716553, 1.4003, 3.8384, 698.6129
3336.1786673069, 1.4003, 3.8383, 698.5022
3338.178771495819, 1.4003, 3.8384, 698.3717
3340.178874731064, 1.4003, 3.8383, 698.4273
3342.1789774894714, 1.4003, 3.8385, 698.4783
3344.179075717926, 1.4003, 3.8384, 698.4701
3346.1791751384735, 1.4003, 3.8384, 698.3297
3348.179254770279, 1.4003, 3.8385, 698.0107
3350.1793591976166, 1.4001, 3.8386, 697.8568
3352.179461479187, 1.4001, 3.8388, 697.7773
3354.17955994606, 1.4001, 3.8388, 697.7442
3356.1796503067017, 1.4003, 3.8388, 697.6457
3358.17972946167, 1.4003, 3.839, 697.4975
3360.179833650589, 1.4003, 3.8391, 697.1813
3362.179914712906, 1.4003, 3.839, 697.1267
3364.1800150871277, 1.4003, 3.8391, 697.079
3366.180104970932, 1.4003, 3.8391, 696.983
3368.1802113056183, 1.4003, 3.8391, 697.2288
3370.180336713791, 1.4003, 3.8389, 697.4314
3372.1804785728455, 1.4003, 3.8388, 697.6982
3374.180612564087, 1.4001, 3.8387, 698.147
3376.1807148456573, 1.4001, 3.8384, 698.5997
3378.180816888809, 1.4003, 3.8383, 698.957
3380.1809055805206, 1.4001, 3.8382, 699.0854
3382.181008338928, 1.4003, 3.8383, 698.929
3384.1810863018036, 1.4003, 3.8384, 698.7479
3386.18119430542, 1.4001, 3.8383, 698.6021
3388.1812992095947, 1.4003, 3.8382, 698.2941
3390.1814448833466, 1.4003, 3.8384, 698.1359
3392.181580066681, 1.4003, 3.8386, 698.2792
3394.1816787719727, 1.4003, 3.8385, 698.4155
3396.181761264801, 1.4003, 3.8385, 698.5451
3398.181864500046, 1.4003, 3.8385, 698.6357
3400.1819965839386, 1.4003, 3.8385, 698.4802
3402.182079553604, 1.4003, 3.8387, 698.2502
3404.1822187900543, 1.4003, 3.8387, 698.0801
3406.182331085205, 1.4003, 3.8388, 697.8908
3408.182431459427, 1.4003, 3.8388, 697.7085
3410.1825342178345, 1.4003, 3.8389, 697.6828
3412.1826667785645, 1.4003, 3.8389, 697.5366
3414.182770729065, 1.4003, 3.839, 697.4845
3416.1829035282135, 1.4003, 3.8389, 697.3435
3418.1830060482025, 1.4003, 3.8391, 697.2388
3420.1830866336823, 1.4003, 3.839, 697.1651
3422.1831691265106, 1.4003, 3.8392, 697.0626
3424.183304309845, 1.4003, 3.839, 697.0577
3426.1834437847137, 1.4003, 3.8392, 697.0305
3428.1835741996765, 1.4003, 3.8392, 697.0633
3430.183671951294, 1.4001, 3.8392, 697.0197
3432.1837742328644, 1.4003, 3.8392, 697.1018
3434.1838750839233, 1.4003, 3.8393, 697.0195
3436.1839768886566, 1.4003, 3.8393, 696.9857
3438.1840767860413, 1.4003, 3.8393, 696.9736
3440.184182882309, 1.4003, 3.8393, 697.1104
3442.184276819229, 1.4003, 3.8393, 696.8248
3444.1843600273132, 1.4003, 3.8394, 696.5665
3446.184462070465, 1.4003, 3.8395, 696.603
3448.1845626831055, 1.4003, 3.8394, 696.8144
3450.1846635341644, 1.4003, 3.8395, 696.9423
3452.184757709503, 1.4003, 3.8393, 697.3237
3454.1848952770233, 1.4003, 3.8393, 697.266
3456.1849777698517, 1.4003, 3.8391, 697.1966
3458.1850633621216, 1.4003, 3.839, 697.5261
3460.185158729553, 1.4003, 3.8389, 697.824
3462.185245037079, 1.4001, 3.8389, 697.8013
3464.185337781906, 1.4001, 3.8389, 697.8936
3466.1854615211487, 1.4003, 3.839, 698.019
3468.1856021881104, 1.4003, 3.8388, 698.0527
3470.1857447624207, 1.4003, 3.8389, 698.0532
3472.1858520507812, 1.4003, 3.8388, 698.0237
3474.185939311981, 1.4003, 3.8387, 698.0892
3476.186069250107, 1.4003, 3.8387, 698.0493
3478.186181306839, 1.4003, 3.8388, 698.0194
3480.186270236969, 1.4003, 3.8386, 697.9235
3482.1864047050476, 1.4003, 3.8387, 697.8506
3484.186505794525, 1.4003, 3.8386, 697.8626
3486.1866064071655, 1.4003, 3.8388, 697.8572
3488.18674826622, 1.4003, 3.8387, 697.8223
3490.186857700348, 1.4001, 3.8387, 697.851
3492.1869382858276, 1.4003, 3.8388, 697.654
3494.187070131302, 1.4001, 3.8389, 697.4874
3496.1871650218964, 1.4001, 3.8388, 697.3188
3498.187260866165, 1.4003, 3.8387, 697.2493
3500.187342643738, 1.4003, 3.8388, 697.2385
3502.1874346733093, 1.4003, 3.8388, 697.2207
3504.187516450882, 1.4003, 3.8389, 697.3151
3506.1875998973846, 1.4003, 3.839, 697.6024
3508.1877019405365, 1.4003, 3.8389, 697.7664
3510.1877825260162, 1.4003, 3.839, 697.4665
3512.187883615494, 1.4003, 3.8391, 697.4823
3514.188022375107, 1.4003, 3.8392, 697.5024
3516.1881227493286, 1.4003, 3.839, 697.5114
3518.1882116794586, 1.4001, 3.8388, 697.9773
3520.1883175373077, 1.4003, 3.839, 697.9247
3522.1884224414825, 1.4003, 3.8388, 698.2735
3524.188524246216, 1.4003, 3.8387, 698.0842
3526.1886224746704, 1.4003, 3.8388, 697.9558
3528.188700437546, 1.4003, 3.8387, 698.0789
3530.1888008117676, 1.4003, 3.8387, 698.0076
3532.188900947571, 1.4003, 3.8387, 697.9468
3534.1889827251434, 1.4003, 3.8386, 697.8856
3536.189078092575, 1.4003, 3.8388, 697.6532
3538.1891787052155, 1.4003, 3.8389, 697.284
3540.189269065857, 1.4003, 3.839, 697.1396
3542.189356327057, 1.4003, 3.8392, 697.0278
3544.1894409656525, 1.4003, 3.8393, 696.7628
3546.189526319504, 1.4003, 3.8395, 696.7513
3548.1896591186523, 1.4003, 3.8394, 696.7693
3550.189799308777, 1.4001, 3.8393, 696.7987
3552.189928293228, 1.4003, 3.8394, 696.6856
3554.1900255680084, 1.4003, 3.8394, 696.4379
3556.1901524066925, 1.4003, 3.8395, 696.561
3558.1902894973755, 1.4003, 3.8393, 696.7199
3560.1903932094574, 1.4003, 3.8394, 696.6641
3562.190544128418, 1.4003, 3.8395, 696.4528
3564.19065117836, 1.4003, 3.8395, 696.4354
3566.190787792206, 1.4003, 3.8395, 696.558
3568.190886735916, 1.4003, 3.8394, 696.691
3570.190981864929, 1.4003, 3.8395, 697.0627
3572.191067457199, 1.4003, 3.8394, 697.2912
3574.1911585330963, 1.4003, 3.8395, 697.188
3576.1912689208984, 1.4003, 3.8396, 696.8746
3578.191403865814, 1.4003, 3.8395, 696.6394
3580.1915333271027, 1.4003, 3.8395, 696.5394
3582.1916189193726, 1.4003, 3.8397, 696.4114
3584.1917057037354, 1.4001, 3.8395, 696.3956
3586.1918017864227, 1.4003, 3.8397, 696.3439
3588.1919338703156, 1.4003, 3.8396, 696.3213
3590.1920158863068, 1.4003, 3.8396, 696.5083
3592.1921133995056, 1.4003, 3.8395, 696.9979
3594.1922166347504, 1.4003, 3.8395, 697.1199
3596.192314386368, 1.4003, 3.8394, 697.1359
3598.192413330078, 1.4003, 3.8394, 696.8331
3600.192491531372, 1.4003, 3.8395, 696.7443
3602.1925976276398, 1.4003, 3.8393, 696.9414
3604.1926991939545, 1.4001, 3.8394, 697.0155
3606.192793369293, 1.4003, 3.8395, 696.5996
3608.1928873062134, 1.4003, 3.8394, 696.5355
3610.192988395691, 1.4001, 3.8394, 696.649
3612.1930751800537, 1.4003, 3.8393, 696.8007
3614.193219423294, 1.4001, 3.8394, 696.6994
3616.193351984024, 1.4003, 3.8395, 696.5529
3618.1934864521027, 1.4003, 3.8395, 696.4119
3620.19358253479, 1.4001, 3.8394, 696.2048
3622.193689107895, 1.4003, 3.8395, 696.219
3624.1938321590424, 1.4003, 3.8397, 696.0496
3626.1941714286804, 1.4001, 3.8397, 695.8976
3628.1942777633667, 1.4001, 3.8397, 695.8111
3630.1943686008453, 1.4001, 3.8397, 695.6894
3632.1944711208344, 1.4003, 3.8399, 695.4976
3634.194572210312, 1.4003, 3.8401, 695.3013
3636.19465136528, 1.4001, 3.8399, 695.2917
3638.1947526931763, 1.4003, 3.8401, 695.3733
3640.1948409080505, 1.4003, 3.8401, 695.5494
3642.1949400901794, 1.4001, 3.84, 695.5933
3644.1950397491455, 1.4003, 3.8401, 695.8139
3646.195145368576, 1.4003, 3.8399, 695.8191
3648.195245742798, 1.4003, 3.8399, 695.8513
3650.195327758789, 1.4003, 3.8398, 695.9664
3652.1954147815704, 1.4003, 3.8398, 696.0829
3654.195517063141, 1.4001, 3.8396, 696.0349
3656.195620059967, 1.4001, 3.8398, 696.0658
3658.1957206726074, 1.4003, 3.8398, 696.1048
3660.195818424225, 1.4003, 3.8397, 696.1362
3662.1959190368652, 1.4003, 3.8397, 696.1621
3664.205113887787, 0.0, 0.0, 700.7739
3666.205202102661, 0.0, 0.0, 737.7723
3668.205311059952, 0.0, 0.0, 767.2059
3670.205449104309, 0.0, 0.0, 792.4607
3672.2055406570435, 0.0, 0.0, 814.6211
3674.2056460380554, 0.0, 0.0, 834.5001
3676.2057826519012, 0.0, 0.0, 852.6566
3678.205864429474, 0.0, 0.0, 869.1399
3680.2059605121613, 0.0, 0.0, 884.5716
3682.206060409546, 0.0, 0.0, 899.155
3684.206156730652, 0.0, 0.0, 913.0152
3686.2062571048737, 0.0, 0.0, 926.1599
3688.206358909607, 0.0, 0.0, 938.9148
3690.206459760666, 0.0, 0.0, 951.4045
3692.2065918445587, 0.0, 0.0, 963.5399
3694.2066946029663, 0.0, 0.0, 974.9785
3696.2067980766296, 0.0, 0.0, 986.2523
3698.2069013118744, 0.0, 0.0, 996.8629
3700.207001686096, 0.0, 0.0, 1007.194
3702.2070848941803, 0.0, 0.0, 1017.519
3704.2071981430054, 0.0, 0.0, 1027.865
3706.207283973694, 0.0, 0.0, 1038.142
3708.207373380661, 0.0, 0.0, 1047.885
3710.207459449768, 0.0, 0.0, 1057.559
3712.2075674533844, 0.0, 0.0, 1067.383
3714.207659482956, 0.0, 0.0, 1077.633
3716.207749605179, 0.0, 0.0, 1087.911
3718.2078540325165, 0.0, 0.0, 1097.552
3720.2079467773438, 0.0, 0.0, 1106.954
3722.208043575287, 0.0, 0.0, 1116.836
3724.208212375641, 0.0, 0.0, 1126.179
3726.2082948684692, 0.0, 0.0, 1135.072
3728.2083973884583, 0.0, 0.0, 1143.906
3730.208498477936, 0.0, 0.0, 1152.849
3732.2085950374603, 0.0, 0.0, 1161.8
3734.208744287491, 0.0, 0.0, 1170.569
3736.208839893341, 0.0, 0.0, 1179.357
3738.208927154541, 0.0, 0.0, 1187.951
3740.2090146541595, 0.0, 0.0, 1196.711
3742.2091488838196, 0.0, 0.0, 1205.113
3744.2092344760895, 0.0, 0.0, 1213.535
3746.209310054779, 0.0, 0.0, 1221.862
3748.2093918323517, 0.0, 0.0, 1230.234
3750.209479570389, 0.0, 0.0, 1238.312
3752.2095849514008, 0.0, 0.0, 1246.308
3754.2096831798553, 0.0, 0.0, 1254.583
3756.209818840027, 0.0, 0.0, 1263.109
3758.2099034786224, 0.0, 0.0, 1271.411
3760.209985733032, 0.0, 0.0, 1279.249
3762.2100636959076, 0.0, 0.0, 1287.14
3764.2101485729218, 0.0, 0.0, 1294.77
3766.2102439403534, 0.0, 0.0, 1302.567
3768.2103447914124, 0.0, 0.0, 1310.069
3770.210446834564, 0.0, 0.0, 1317.631
3772.210549354553, 0.0, 0.0, 1324.879
3774.210650205612, 0.0, 0.0, 1332.176
3776.2107956409454, 0.0, 0.0, 1339.649
3778.2108809947968, 0.0, 0.0, 1346.969
3780.210967063904, 0.0, 0.0, 1354.134
3782.2110698223114, 0.0, 0.0, 1361.554
3784.2111728191376, 0.0, 0.0, 1369.025
3786.2112667560577, 0.0, 0.0, 1376.397
3788.211360692978, 0.0, 0.0, 1383.883
3790.2114613056183, 0.0, 0.0, 1391.136
3792.2115440368652, 0.0, 0.0, 1398.134
3794.211681127548, 0.0, 0.0, 1404.979
3796.211765766144, 0.0, 0.0, 1411.802
3798.2118520736694, 0.0, 0.0, 1418.453
3800.21195602417, 0.0, 0.0, 1425.259
3802.212055683136, 0.0, 0.0, 1431.673
3804.2122230529785, 0.0, 0.0, 1438.322
3806.2123279571533, 0.0, 0.0, 1445.204
3808.2126610279083, 0.0, 0.0, 1452.316
3810.2127487659454, 0.0, 0.0, 1458.756
3812.2128508090973, 0.0, 0.0, 1465.069
3814.2129333019257, 0.0, 0.0, 1471.336
3816.213016271591, 0.0, 0.0, 1477.599
3818.21311378479, 0.0, 0.0, 1483.844
3820.213201522827, 0.0, 0.0, 1490.135
3822.2133026123047, 0.0, 0.0, 1496.554
3824.213400363922, 0.0, 0.0, 1502.874
3826.213501214981, 0.0, 0.0, 1508.916
3828.213606595993, 0.0, 0.0, 1515.002
3830.213706254959, 0.0, 0.0, 1520.946
3832.2140080928802, 0.0, 0.0, 1527.143
3834.214114189148, 0.0, 0.0, 1533.18
3836.2142090797424, 0.0, 0.0, 1539.028
3838.2143111228943, 0.0, 0.0, 1544.787
3840.214414358139, 0.0, 0.0, 1550.605
3842.2145190238953, 0.0, 0.0, 1556.518
3844.2146673202515, 0.0, 0.0, 1562.482
3846.2147686481476, 0.0, 0.0, 1568.287
3848.214909553528, 0.0, 0.0, 1573.963
3850.2150514125824, 0.0, 0.0, 1579.329
3852.2151577472687, 0.0, 0.0, 1584.897
3854.215261220932, 0.0, 0.0, 1590.212
3856.215360403061, 0.0, 0.0, 1595.767
3858.215492963791, 0.0, 0.0, 1601.283
3860.2155871391296, 0.0, 0.0, 1606.364
3862.2156875133514, 0.0, 0.0, 1611.677
3864.215791940689, 0.0, 0.0, 1617.266
3866.2158942222595, 0.0, 0.0, 1622.486
3868.215996026993, 0.0, 0.0, 1627.723
3870.2160732746124, 0.0, 0.0, 1632.992
3872.216187953949, 0.0, 0.0, 1638.154
3874.216288089752, 0.0, 0.0, 1642.877
3876.2163722515106, 0.0, 0.0, 1647.493
3878.2164556980133, 0.0, 0.0, 1652.27
3880.2165570259094, 0.0, 0.0, 1656.913
3882.2166607379913, 0.0, 0.0, 1661.76
3884.2167448997498, 0.0, 0.0, 1666.493
3886.216846227646, 0.0, 0.0, 1671.064
3888.2169263362885, 0.0, 0.0, 1675.871
3890.217030763626, 0.0, 0.0, 1680.419
3892.217134952545, 0.0, 0.0, 1685.199
3894.2172331809998, 0.0, 0.0, 1689.731
3896.2173430919647, 0.0, 0.0, 1694.332
3898.2174487113953, 0.0, 0.0, 1699.03
3900.217549085617, 0.0, 0.0, 1703.467
3902.217651128769, 0.0, 0.0, 1707.929
3904.217782020569, 0.0, 0.0, 1712.282
3906.2178649902344, 0.0, 0.0, 1716.613
3908.217951774597, 0.0, 0.0, 1721.029
3910.2180535793304, 0.0, 0.0, 1725.464
3912.2181565761566, 0.0, 0.0, 1729.81
3914.2182581424713, 0.0, 0.0, 1734.485
3916.2183468341827, 0.0, 0.0, 1738.76
3918.218432188034, 0.0, 0.0, 1742.738
3920.2185413837433, 0.0, 0.0, 1746.771
3922.2186942100525, 0.0, 0.0, 1750.888
3924.2187991142273, 0.0, 0.0, 1754.68
3926.2192029953003, 0.0, 0.0, 1758.529
3928.2193052768707, 0.0, 0.0, 1762.556
3930.2194452285767, 0.0, 0.0, 1766.373
3932.219575405121, 0.0, 0.0, 1770.119
3934.219701528549, 0.0, 0.0, 1773.848
3936.2198054790497, 0.0, 0.0, 1777.336
3938.2199404239655, 0.0, 0.0, 1780.685
3940.2200763225555, 0.0, 0.0, 1784.383
3942.2201623916626, 0.0, 0.0, 1788.483
3944.2202599048615, 0.0, 0.0, 1792.212
3946.2203619480133, 0.0, 0.0, 1795.733
3948.2204604148865, 0.0, 0.0, 1799.142
3950.2205622196198, 0.0, 0.0, 1802.871
3952.2206568717957, 0.0, 0.0, 1806.566
3954.2207605838776, 0.0, 0.0, 1810.74
3956.2209067344666, 0.0, 0.0, 1814.941
3958.221002101898, 0.0, 0.0, 1818.85
3960.2211015224457, 0.0, 0.0, 1822.217
3962.221182823181, 0.0, 0.0, 1825.362
3964.221267223358, 0.0, 0.0, 1828.443
3966.221373319626, 0.0, 0.0, 1831.53
3968.221515893936, 0.0, 0.0, 1834.45
3970.2216188907623, 0.0, 0.0, 1837.402
3972.2217042446136, 0.0, 0.0, 1840.398
3974.221792459488, 0.0, 0.0, 1843.419
3976.221891641617, 0.0, 0.0, 1846.762
3978.221994161606, 0.0, 0.0, 1849.984
3980.2220952510834, 0.0, 0.0, 1853.439
3982.2221755981445, 0.0, 0.0, 1856.764
3984.2222776412964, 0.0, 0.0, 1859.986
3986.2223541736603, 0.0, 0.0, 1863.427
3988.2224543094635, 0.0, 0.0, 1866.875
3990.2225544452667, 0.0, 0.0, 1870.315
3992.2226555347443, 0.0, 0.0, 1873.637
3994.2227585315704, 0.0, 0.0, 1876.438
3996.2228598594666, 0.0, 0.0, 1879.188
3998.2229590415955, 0.0, 0.0, 1882.063
4000.2230594158173, 0.0, 0.0, 1885.212
4002.2231583595276, 0.0, 0.0, 1888.175
4004.223254919052, 0.0, 0.0, 1891.116
4006.2233555316925, 0.0, 0.0, 1894.013
4008.2234568595886, 0.0, 0.0, 1897.043
4010.2235584259033, 0.0, 0.0, 1899.626
4012.223656654358, 0.0, 0.0, 1901.995
4014.2237577438354, 0.0, 0.0, 1904.381
4016.2238504886627, 0.0, 0.0, 1906.67
4018.223991394043, 0.0, 0.0, 1909.175
4020.2241339683533, 0.0, 0.0, 1911.658
4022.224237680435, 0.0, 0.0, 1914.321
4024.224339723587, 0.0, 0.0, 1917.239
4026.2244267463684, 0.0, 0.0, 1919.896
4028.2245333194733, 0.0, 0.0, 1922.339
4030.2246770858765, 0.0, 0.0, 1925.056
4032.22482585907, 0.0, 0.0, 1927.858
4034.2249212265015, 0.0, 0.0, 1930.664
4036.225054502487, 0.0, 0.0, 1932.939
4038.2251315116882, 0.0, 0.0, 1935.498
4040.225229024887, 0.0, 0.0, 1937.923
4042.225327730179, 0.0, 0.0, 1939.951
4044.2254638671875, 0.0, 0.0, 1942.519
4046.225554704666, 0.0, 0.0, 1944.831
4048.225654602051, 0.0, 0.0, 1947.182
4050.2257628440857, 0.0, 0.0, 1949.447
4052.225902557373, 0.0, 0.0, 1951.733
4054.2260117530823, 0.0, 0.0, 1953.969
4056.2261192798615, 0.0, 0.0, 1955.977
4058.2262210845947, 0.0, 0.0, 1958.006
4060.2263572216034, 0.0, 0.0, 1960.183
4062.226491212845, 0.0, 0.0, 1962.404
4064.226607322693, 0.0, 0.0, 1964.594
4066.2267100811005, 0.0, 0.0, 1966.671
4068.226813554764, 0.0, 0.0, 1968.827
4070.2269122600555, 0.0, 0.0, 1970.924
4072.2270262241364, 0.0, 0.0, 1972.969
4074.227118253708, 0.0, 0.0, 1975.009
4076.227222919464, 0.0, 0.0, 1977.034
4078.2273285388947, 0.0, 0.0, 1978.97
4080.227434158325, 0.0, 0.0, 1981.09
4082.2275235652924, 0.0, 0.0, 1983.216
4084.22762465477, 0.0, 0.0, 1985.508
4086.227706193924, 0.0, 0.0, 1987.653
4088.227786540985, 0.0, 0.0, 1989.517
4090.227870464325, 0.0, 0.0, 1991.491
4092.2279567718506, 0.0, 0.0, 1993.538
4094.2280435562134, 0.0, 0.0, 1995.545
4096.228153467178, 0.0, 0.0, 1997.356
4098.228235721588, 0.0, 0.0, 1999.236
4100.228363990784, 0.0, 0.0, 2001.163
4102.2285051345825, 0.0, 0.0, 2003.027
4104.228586673737, 0.0, 0.0, 2005.117
4106.228686094284, 0.0, 0.0, 2007.027
4108.228789806366, 0.0, 0.0, 2008.926
4110.228924751282, 0.0, 0.0, 2010.538
4112.2290279865265, 0.0, 0.0, 2012.289
4114.229130029678, 0.0, 0.0, 2014.121
4116.229270458221, 0.0, 0.0, 2015.828
4118.229359388351, 0.0, 0.0, 2017.676
4120.229462146759, 0.0, 0.0, 2019.592
4122.229563951492, 0.0, 0.0, 2021.452
4124.229662895203, 0.0, 0.0, 2023.339
4126.229800224304, 0.0, 0.0, 2025.288
4128.229902982712, 0.0, 0.0, 2027.372
4130.22999048233, 0.0, 0.0, 2029.314
4132.230082511902, 0.0, 0.0, 2030.956
4134.2302231788635, 0.0, 0.0, 2032.549
4136.230321884155, 0.0, 0.0, 2034.265
4138.230406761169, 0.0, 0.0, 2035.647
4140.230499505997, 0.0, 0.0, 2037.202
4142.23058962822, 0.0, 0.0, 2038.859
4144.230680704117, 0.0, 0.0, 2040.665
4146.230785369873, 0.0, 0.0, 2042.164
4148.23092341423, 0.0, 0.0, 2043.619
4150.231153964996, 0.0, 0.0, 2045.062
4152.231295585632, 0.0, 0.0, 2046.935
4154.231397390366, 0.0, 0.0, 2048.413
4156.2315011024475, 0.0, 0.0, 2050.158
4158.231584310532, 0.0, 0.0, 2052.034
4160.2316727638245, 0.0, 0.0, 2053.806
4162.2317707538605, 0.0, 0.0, 2055.253
4164.231865644455, 0.0, 0.0, 2056.517
4166.231960773468, 0.0, 0.0, 2058.105
4168.232065200806, 0.0, 0.0, 2059.695
4170.232167482376, 0.0, 0.0, 2061.51
4172.232269048691, 0.0, 0.0, 2063.217
4174.232367038727, 0.0, 0.0, 2064.845
4176.23245215416, 0.0, 0.0, 2066.28
4178.232552051544, 0.0, 0.0, 2068.246
4180.2326810359955, 0.0, 0.0, 2069.833
4182.232815980911, 0.0, 0.0, 2071.156
4184.232918739319, 0.0, 0.0, 2072.696
4186.23299908638, 0.0, 0.0, 2074.045
4188.233107805252, 0.0, 0.0, 2075.21
4190.233191013336, 0.0, 0.0, 2076.587
4192.233291864395, 0.0, 0.0, 2078.182
4194.2334241867065, 0.0, 0.0, 2079.399
4196.233535766602, 0.0, 0.0, 2080.735
4198.233676433563, 0.0, 0.0, 2082.222
4200.233805656433, 0.0, 0.0, 2083.474
4202.233898639679, 0.0, 0.0, 2084.755
4204.234250307083, 0.0, 0.0, 2085.894
4206.234334230423, 0.0, 0.0, 2087.007
4208.234436750412, 0.0, 0.0, 2088.213
4210.234543800354, 0.0, 0.0, 2089.563
4212.23463010788, 0.0, 0.0, 2090.806
4214.234733581543, 0.0, 0.0, 2091.909
4216.23486828804, 0.0, 0.0, 2093.318
4218.2349507808685, 0.0, 0.0, 2094.955
4220.235046625137, 0.0, 0.0, 2096.387
4222.235161304474, 0.0, 0.0, 2098.813
4224.235251665115, 0.0, 0.0, 2099.917
4226.235341310501, 0.0, 0.0, 2101.365
4228.235432386398, 0.0, 0.0, 2102.911
4230.235532999039, 0.0, 0.0, 2104.459
4232.235625982285, 0.0, 0.0, 2105.921
4234.235724210739, 0.0, 0.0, 2106.981
4236.235820531845, 0.0, 0.0, 2107.98
4238.235924959183, 0.0, 0.0, 2109.117
4240.236028909683, 0.0, 0.0, 2110.206
4242.236145496368, 0.0, 0.0, 2111.325
4244.236278057098, 0.0, 0.0, 2112.559
4246.236372947693, 0.0, 0.0, 2113.649
4248.236506700516, 0.0, 0.0, 2115.078
4250.2366099357605, 0.0, 0.0, 2116.345
4252.23673081398, 0.0, 0.0, 2117.437
4254.23687171936, 0.0, 0.0, 2118.651
4256.236968040466, 0.0, 0.0, 2119.804
4258.237097978592, 0.0, 0.0, 2120.925
4260.237211942673, 0.0, 0.0, 2121.908
4262.237345933914, 0.0, 0.0, 2122.774
4264.237480163574, 0.0, 0.0, 2123.656
4266.2376227378845, 0.0, 0.0, 2124.69
4268.237753868103, 0.0, 0.0, 2125.53
4270.237884759903, 0.0, 0.0, 2126.308
4272.23801779747, 0.0, 0.0, 2127.402
4274.238146305084, 0.0, 0.0, 2128.585
4276.238248825073, 0.0, 0.0, 2129.619
4278.238337516785, 0.0, 0.0, 2130.784
4280.238436222076, 0.0, 0.0, 2131.839
4282.238537311554, 0.0, 0.0, 2132.958
4284.2386384010315, 0.0, 0.0, 2134.109
4286.23876452446, 0.0, 0.0, 2135.139
4288.23885846138, 0.0, 0.0, 2136.176
4290.238964319229, 0.0, 0.0, 2137.224
4292.2390694618225, 0.0, 0.0, 2138.417
4294.239154815674, 0.0, 0.0, 2139.439
4296.239288568497, 0.0, 0.0, 2140.497
4298.2393934726715, 0.0, 0.0, 2141.661
4300.239496707916, 0.0, 0.0, 2142.8
4302.239635467529, 0.0, 0.0, 2143.629
4304.239768981934, 0.0, 0.0, 2144.48
4306.239902257919, 0.0, 0.0, 2145.542
4308.2400052547455, 0.0, 0.0, 2146.467
4310.240106582642, 0.0, 0.0, 2147.48
4312.240208387375, 0.0, 0.0, 2148.495
4314.240340232849, 0.0, 0.0, 2149.499
4316.240443706512, 0.0, 0.0, 2150.549
4318.240576505661, 0.0, 0.0, 2151.61
4320.24067568779, 0.0, 0.0, 2152.653
4322.240807771683, 0.0, 0.0, 2153.773
4324.240901231766, 0.0, 0.0, 2154.84
4326.240981340408, 0.0, 0.0, 2155.897
4328.241077184677, 0.0, 0.0, 2157.007
4330.24116396904, 0.0, 0.0, 2158.293
4332.241265773773, 0.0, 0.0, 2159.218
4334.241353273392, 0.0, 0.0, 2160.085
4336.241491317749, 0.0, 0.0, 2161.122
4338.2415935993195, 0.0, 0.0, 2162.176
4340.241681098938, 0.0, 0.0, 2163.222
4342.241811752319, 0.0, 0.0, 2164.208
4344.241947412491, 0.0, 0.0, 2165.05
4346.242040634155, 0.0, 0.0, 2165.765
4348.242129325867, 0.0, 0.0, 2166.514
4350.242213487625, 0.0, 0.0, 2167.276
4352.242346286774, 0.0, 0.0, 2168.053
4354.242441415787, 0.0, 0.0, 2169.052
4356.242541313171, 0.0, 0.0, 2170.146
4358.2426335811615, 0.0, 0.0, 2171.55
4360.242730855942, 0.0, 0.0, 2172.911
4362.242828130722, 0.0, 0.0, 2174.165
4364.242929458618, 0.0, 0.0, 2175.274
4366.243039369583, 0.0, 0.0, 2176.47
4368.243138551712, 0.0, 0.0, 2177.637
4370.243236064911, 0.0, 0.0, 2178.542
4372.2433385849, 0.0, 0.0, 2179.315
4374.24343919754, 0.0, 0.0, 2179.92
4376.243527412415, 0.0, 0.0, 2180.772
4378.243625879288, 0.0, 0.0, 2181.627
4380.243727207184, 0.0, 0.0, 2182.269
4382.243866205215, 0.0, 0.0, 2183.144
4384.243965625763, 0.0, 0.0, 2184.005
4386.244072675705, 0.0, 0.0, 2184.79
4388.244203329086, 0.0, 0.0, 2185.631
4390.244299650192, 0.0, 0.0, 2186.688
4392.244391679764, 0.0, 0.0, 2187.746
4394.244532585144, 0.0, 0.0, 2188.659
4396.244629383087, 0.0, 0.0, 2189.4
4398.244732141495, 0.0, 0.0, 2190.145
4400.244863033295, 0.0, 0.0, 2191.036
4402.244965553284, 0.0, 0.0, 2191.912
4404.245101451874, 0.0, 0.0, 2192.854
4406.245214939117, 0.0, 0.0, 2193.839
4408.245347976685, 0.0, 0.0, 2194.491
4410.245436668396, 0.0, 0.0, 2195.236
4412.245577812195, 0.0, 0.0, 2196.059
4414.245713710785, 0.0, 0.0, 2196.814
4416.245819091797, 0.0, 0.0, 2197.607
4418.245965242386, 0.0, 0.0, 2198.414
4420.246064424515, 0.0, 0.0, 2199.205
4422.246161222458, 0.0, 0.0, 2200.031
4424.24626493454, 0.0, 0.0, 2200.812
4426.246364116669, 0.0, 0.0, 2201.385
4428.246450662613, 0.0, 0.0, 2202.054
4430.246542453766, 0.0, 0.0, 2202.884
4432.246645450592, 0.0, 0.0, 2203.639
4434.246741771698, 0.0, 0.0, 2204.394
4436.246839761734, 0.0, 0.0, 2205.053
4438.2469391822815, 0.0, 0.0, 2205.872
4440.247028827667, 0.0, 0.0, 2206.694
4442.247129917145, 0.0, 0.0, 2207.245
4444.247259616852, 0.0, 0.0, 2207.76
4446.247340679169, 0.0, 0.0, 2208.286
4448.247423410416, 0.0, 0.0, 2208.84
4450.247506380081, 0.0, 0.0, 2209.411
4452.247611999512, 0.0, 0.0, 2210.098
4454.247710227966, 0.0, 0.0, 2210.724
4456.247808456421, 0.0, 0.0, 2211.649
4458.247908115387, 0.0, 0.0, 2212.506
4460.247992038727, 0.0, 0.0, 2213.465
4462.248094797134, 0.0, 0.0, 2214.156
4464.248198270798, 0.0, 0.0, 2214.912
4466.248301744461, 0.0, 0.0, 2215.858
4468.248400211334, 0.0, 0.0, 2216.608
4470.248500108719, 0.0, 0.0, 2217.17
4472.248605728149, 0.0, 0.0, 2217.784
4474.248708486557, 0.0, 0.0, 2218.426
4476.248796701431, 0.0, 0.0, 2219.049
4478.248889684677, 0.0, 0.0, 2219.631
4480.248988866806, 0.0, 0.0, 2220.283
4482.249089479446, 0.0, 0.0, 2220.916
4484.249227762222, 0.0, 0.0, 2221.68
4486.249325037003, 0.0, 0.0, 2222.381
4488.24942612648, 0.0, 0.0, 2223.009
4490.2495222091675, 0.0, 0.0, 2223.662
4492.249620437622, 0.0, 0.0, 2224.354
4494.249719381332, 0.0, 0.0, 2225.196
4496.24982047081, 0.0, 0.0, 2226.042
4498.249920606613, 0.0, 0.0, 2226.627
4500.250015497208, 0.0, 0.0, 2227.337
4502.250118970871, 0.0, 0.0, 2227.992
4504.25022315979, 0.0, 0.0, 2228.484
4506.250312566757, 0.0, 0.0, 2228.81
4508.250414848328, 0.0, 0.0, 2229.383
4510.250549316406, 0.0, 0.0, 2230.019
4512.250651359558, 0.0, 0.0, 2230.688
4514.250786066055, 0.0, 0.0, 2231.431
4516.250890016556, 0.0, 0.0, 2232.304
4518.2509796619415, 0.0, 0.0, 2232.95
4520.251081228256, 0.0, 0.0, 2233.602
4522.251179218292, 0.0, 0.0, 2234.35
4524.251282453537, 0.0, 0.0, 2235.205
4526.251382112503, 0.0, 0.0, 2235.957
4528.251521348953, 0.0, 0.0, 2236.679
4530.251611471176, 0.0, 0.0, 2237.47
4532.251714229584, 0.0, 0.0, 2238.122
4534.25181388855, 0.0, 0.0, 2238.848
4536.251898288727, 0.0, 0.0, 2239.514
4538.25198674202, 0.0, 0.0, 2240.302
4540.252099990845, 0.0, 0.0, 2241.0
4542.252200126648, 0.0, 0.0, 2241.453
4544.252305030823, 0.0, 0.0, 2242.003
4546.252399682999, 0.0, 0.0, 2242.544
4548.2524933815, 0.0, 0.0, 2243.209
4550.252594470978, 0.0, 0.0, 2243.982
4552.252696275711, 0.0, 0.0, 2244.733
4554.252796888351, 0.0, 0.0, 2245.259
4556.2528874874115, 0.0, 0.0, 2245.722
4558.252984523773, 0.0, 0.0, 2246.219
4560.25310754776, 0.0, 0.0, 2246.783
4562.25319981575, 0.0, 0.0, 2247.26
4564.253299236298, 0.0, 0.0, 2247.724
4566.253389596939, 0.0, 0.0, 2248.259
4568.25349354744, 0.0, 0.0, 2248.942
4570.25359749794, 0.0, 0.0, 2249.428
4572.253680706024, 0.0, 0.0, 2249.872
4574.253778934479, 0.0, 0.0, 2250.621
4576.253878116608, 0.0, 0.0, 2251.351
4578.254018783569, 0.0, 0.0, 2251.971
4580.254154443741, 0.0, 0.0, 2252.632
4582.2542514801025, 0.0, 0.0, 2253.252
4584.2543432712555, 0.0, 0.0, 2253.949
4586.254445075989, 0.0, 0.0, 2254.379
4588.254554510117, 0.0, 0.0, 2254.881
4590.254634380341, 0.0, 0.0, 2255.562
4592.25471663475, 0.0, 0.0, 2256.228
4594.254799365997, 0.0, 0.0, 2256.942
4596.254886388779, 0.0, 0.0, 2257.565
4598.2549731731415, 0.0, 0.0, 2258.193
4600.255077600479, 0.0, 0.0, 2258.754
4602.255181789398, 0.0, 0.0, 2259.286
4604.25531578064, 0.0, 0.0, 2259.849
4606.255397081375, 0.0, 0.0, 2260.541
4608.255539178848, 0.0, 0.0, 2261.103
4610.255674123764, 0.0, 0.0, 2261.629
4612.255772590637, 0.0, 0.0, 2262.207
4614.25587272644, 0.0, 0.0, 2262.645
4616.255975246429, 0.0, 0.0, 2263.089
4618.256074428558, 0.0, 0.0, 2263.594
4620.256192207336, 0.0, 0.0, 2264.025
4622.256292581558, 0.0, 0.0, 2264.495
4624.2563943862915, 0.0, 0.0, 2264.948
4626.256495475769, 0.0, 0.0, 2265.481
4628.256593942642, 0.0, 0.0, 2266.022
4630.256694078445, 0.0, 0.0, 2266.551
4632.256797075272, 0.0, 0.0, 2266.993
4634.256932735443, 0.0, 0.0, 2267.339
4636.2570378780365, 0.0, 0.0, 2267.788
4638.2571341991425, 0.0, 0.0, 2268.409
4640.257230997086, 0.0, 0.0, 2269.182
4642.25736284256, 0.0, 0.0, 2269.862
4644.257451057434, 0.0, 0.0, 2270.442
4646.257552623749, 0.0, 0.0, 2270.963
4648.257643699646, 0.0, 0.0, 2271.775
4650.257753610611, 0.0, 0.0, 2272.571
4652.257839679718, 0.0, 0.0, 2273.329
4654.257928133011, 0.0, 0.0, 2273.797
4656.258051395416, 0.0, 0.0, 2274.485
4658.258157491684, 0.0, 0.0, 2275.39
4660.258268356323, 0.0, 0.0, 2276.052
4662.2583527565, 0.0, 0.0, 2276.689
4664.258679389954, 0.0, 0.0, 2277.317
4666.258806228638, 0.0, 0.0, 2277.978
4668.258895158768, 0.0, 0.0, 2278.588
4670.259001731873, 0.0, 0.0, 2279.23
4672.259091377258, 0.0, 0.0, 2279.764
4674.259197235107, 0.0, 0.0, 2280.335
4676.259293317795, 0.0, 0.0, 2280.974
4678.259383440018, 0.0, 0.0, 2281.545
4680.259471893311, 0.0, 0.0, 2281.962
4682.259600639343, 0.0, 0.0, 2282.507
4684.259743452072, 0.0, 0.0, 2283.021
4686.259843587875, 0.0, 0.0, 2283.686
4688.259979724884, 0.0, 0.0, 2284.312
4690.260081291199, 0.0, 0.0, 2284.763
4692.260214328766, 0.0, 0.0, 2285.207
4694.260554552078, 0.0, 0.0, 2285.615
4696.260632514954, 0.0, 0.0, 2286.298
4698.260716676712, 0.0, 0.0, 2286.653
4700.2608008384705, 0.0, 0.0, 2287.036
4702.2608807086945, 0.0, 0.0, 2287.496
4704.260969161987, 0.0, 0.0, 2288.183
4706.2610585689545, 0.0, 0.0, 2288.672
4708.261161804199, 0.0, 0.0, 2289.014
4710.261267185211, 0.0, 0.0, 2289.419
4712.261376142502, 0.0, 0.0, 2289.742
4714.2614805698395, 0.0, 0.0, 2290.23
4716.261582136154, 0.0, 0.0, 2290.809
4718.261684656143, 0.0, 0.0, 2291.229
4720.261821746826, 0.0, 0.0, 2291.753
4722.2619569301605, 0.0, 0.0, 2292.27
4724.262088060379, 0.0, 0.0, 2293.006
4726.262187957764, 0.0, 0.0, 2293.663
4728.262288570404, 0.0, 0.0, 2294.091
4730.262387752533, 0.0, 0.0, 2294.514
4732.262501478195, 0.0, 0.0, 2295.015
4734.262587547302, 0.0, 0.0, 2295.64
4736.262719869614, 0.0, 0.0, 2296.099
4738.262853860855, 0.0, 0.0, 2296.627
4740.262934923172, 0.0, 0.0, 2296.946
4742.2630360126495, 0.0, 0.0, 2297.373
4744.263139247894, 0.0, 0.0, 2297.8
4746.263478279114, 0.0, 0.0, 2298.299
4748.263563871384, 0.0, 0.0, 2298.799
4750.263666152954, 0.0, 0.0, 2299.338
4752.263799190521, 0.0, 0.0, 2299.752
4754.263933181763, 0.0, 0.0, 2300.151
4756.264023542404, 0.0, 0.0, 2300.62
4758.264125585556, 0.0, 0.0, 2301.18
4760.264229297638, 0.0, 0.0, 2301.579
4762.264369010925, 0.0, 0.0, 2302.054
4764.264511346817, 0.0, 0.0, 2302.659
4766.264611721039, 0.0, 0.0, 2303.115
4768.264748096466, 0.0, 0.0, 2303.529
4770.264834165573, 0.0, 0.0, 2304.129
4772.264937162399, 0.0, 0.0, 2304.688
4774.2650780677795, 0.0, 0.0, 2305.206
4776.2651789188385, 0.0, 0.0, 2305.571
4778.265285491943, 0.0, 0.0, 2305.957
4780.265383481979, 0.0, 0.0, 2306.415
4782.265533924103, 0.0, 0.0, 2306.939
4784.265669584274, 0.0, 0.0, 2307.459
4786.265774726868, 0.0, 0.0, 2308.09
4788.265910863876, 0.0, 0.0, 2308.669
4790.266011238098, 0.0, 0.0, 2309.203
4792.2661509513855, 0.0, 0.0, 2309.656
4794.266233682632, 0.0, 0.0, 2310.193
4796.266334533691, 0.0, 0.0, 2310.607
4798.26643538475, 0.0, 0.0, 2311.065
4800.266538619995, 0.0, 0.0, 2311.578
4802.266671657562, 0.0, 0.0, 2312.137
4804.2667734622955, 0.0, 0.0, 2312.641
4806.26691031456, 0.0, 0.0, 2313.25
4808.267020225525, 0.0, 0.0, 2313.658
4810.267167568207, 0.0, 0.0, 2314.096
4812.267268657684, 0.0, 0.0, 2314.463
4814.26735663414, 0.0, 0.0, 2314.9
4816.26750087738, 0.0, 0.0, 2315.398
4818.267603397369, 0.0, 0.0, 2315.802
4820.267741203308, 0.0, 0.0, 2316.289
4822.267842292786, 0.0, 0.0, 2316.827
4824.267976284027, 0.0, 0.0, 2317.271
4826.268119096756, 0.0, 0.0, 2317.607
4828.268252372742, 0.0, 0.0, 2318.113
4830.268347501755, 0.0, 0.0, 2318.444
4832.268446683884, 0.0, 0.0, 2318.915
4834.2685470581055, 0.0, 0.0, 2319.283
4836.268646001816, 0.0, 0.0, 2319.676
4838.268746376038, 0.0, 0.0, 2320.173
4840.268846273422, 0.0, 0.0, 2320.812
4842.26894569397, 0.0, 0.0, 2321.316
4844.269069910049, 0.0, 0.0, 2321.75
4846.269173383713, 0.0, 0.0, 2322.19
4848.269274711609, 0.0, 0.0, 2322.71
4850.269372701645, 0.0, 0.0, 2323.138
4852.26947927475, 0.0, 0.0, 2323.588
4854.26958155632, 0.0, 0.0, 2324.012
4856.269681215286, 0.0, 0.0, 2324.379
4858.269781112671, 0.0, 0.0, 2324.759
4860.2698884010315, 0.0, 0.0, 2325.154
4862.269991159439, 0.0, 0.0, 2325.667
4864.27009510994, 0.0, 0.0, 2326.149
4866.270196199417, 0.0, 0.0, 2326.742
4868.2702968120575, 0.0, 0.0, 2327.315
4870.270398616791, 0.0, 0.0, 2327.863
4872.270502090454, 0.0, 0.0, 2328.326
4874.270604610443, 0.0, 0.0, 2328.873
4876.270703792572, 0.0, 0.0, 2329.213
4878.270802974701, 0.0, 0.0, 2329.585
4880.270896196365, 0.0, 0.0, 2329.883
4882.270993471146, 0.0, 0.0, 2330.259
4884.271093606949, 0.0, 0.0, 2330.822
4886.271190404892, 0.0, 0.0, 2331.33
4888.271291017532, 0.0, 0.0, 2331.703
4890.271391868591, 0.0, 0.0, 2332.003
4892.27149271965, 0.0, 0.0, 2332.344
4894.271594285965, 0.0, 0.0, 2332.819
4896.2716817855835, 0.0, 0.0, 2333.163
4898.271784067154, 0.0, 0.0, 2333.556
4900.271888494492, 0.0, 0.0, 2334.057
4902.271988630295, 0.0, 0.0, 2334.563
4904.2721292972565, 0.0, 0.0, 2335.2
4906.272209405899, 0.0, 0.0, 2335.774
4908.272290945053, 0.0, 0.0, 2336.341
4910.272377729416, 0.0, 0.0, 2336.88
4912.272478818893, 0.0, 0.0, 2337.414
4914.272563695908, 0.0, 0.0, 2337.903
4916.272680044174, 0.0, 0.0, 2338.544
4918.272795200348, 0.0, 0.0, 2339.043
4920.272881031036, 0.0, 0.0, 2339.349
4922.272975683212, 0.0, 0.0, 2339.607
4924.273087501526, 0.0, 0.0, 2339.954
4926.273189067841, 0.0, 0.0, 2340.367
4928.273320198059, 0.0, 0.0, 2340.622
4930.273415565491, 0.0, 0.0, 2340.957
4932.273517131805, 0.0, 0.0, 2341.226
4934.273614168167, 0.0, 0.0, 2341.621
4936.27371430397, 0.0, 0.0, 2342.0
4938.273816585541, 0.0, 0.0, 2342.317
4940.273916244507, 0.0, 0.0, 2342.701
4942.274016618729, 0.0, 0.0, 2343.014
4944.274099826813, 0.0, 0.0, 2343.495
4946.274204015732, 0.0, 0.0, 2343.862
4948.27428817749, 0.0, 0.0, 2344.357
4950.274390220642, 0.0, 0.0, 2344.825
4952.2744908332825, 0.0, 0.0, 2345.23
4954.27459192276, 0.0, 0.0, 2345.492
4956.274689674377, 0.0, 0.0, 2345.866
4958.274791717529, 0.0, 0.0, 2346.324
4960.274892807007, 0.0, 0.0, 2346.762
4962.274993181229, 0.0, 0.0, 2347.085
4964.275094747543, 0.0, 0.0, 2347.362
4966.275196313858, 0.0, 0.0, 2347.811
4968.275297641754, 0.0, 0.0, 2348.242
4970.275393009186, 0.0, 0.0, 2348.764
4972.27548623085, 0.0, 0.0, 2349.23
4974.275586128235, 0.0, 0.0, 2349.629
4976.275686740875, 0.0, 0.0, 2350.045
4978.275789499283, 0.0, 0.0, 2350.39
4980.275889873505, 0.0, 0.0, 2350.849
4982.275990486145, 0.0, 0.0, 2351.257
4984.276090860367, 0.0, 0.0, 2351.561
4986.276191949844, 0.0, 0.0, 2351.901
4988.276287555695, 0.0, 0.0, 2352.354
4990.276388883591, 0.0, 0.0, 2352.731
4992.276496887207, 0.0, 0.0, 2353.189
4994.276597738266, 0.0, 0.0, 2353.705
4996.276700496674, 0.0, 0.0, 2353.984
4998.276782512665, 0.0, 0.0, 2354.183
5000.276867866516, 0.0, 0.0, 2354.468
5002.2769510746, 0.0, 0.0, 2354.818
5004.277032136917, 0.0, 0.0, 2355.159
5006.277119874954, 0.0, 0.0, 2355.554
5008.277219772339, 0.0, 0.0, 2356.049
5010.277302265167, 0.0, 0.0, 2356.435
5012.277399301529, 0.0, 0.0, 2356.71
5014.277500629425, 0.0, 0.0, 2357.015
5016.277596950531, 0.0, 0.0, 2357.309
5018.277692556381, 0.0, 0.0, 2357.722
5020.277778625488, 0.0, 0.0, 2357.982
5022.277874708176, 0.0, 0.0, 2358.326
5024.2779705524445, 0.0, 0.0, 2358.714
5026.2780702114105, 0.0, 0.0, 2359.251
5028.2781710624695, 0.0, 0.0, 2359.739
5030.278270721436, 0.0, 0.0, 2360.163
5032.278370380402, 0.0, 0.0, 2360.609
5034.278471469879, 0.0, 0.0, 2360.882
5036.278570890427, 0.0, 0.0, 2361.172
5038.27867102623, 0.0, 0.0, 2361.438
5040.278769493103, 0.0, 0.0, 2361.832
5042.278868436813, 0.0, 0.0, 2362.202
5044.278969287872, 0.0, 0.0, 2362.419
5046.27906870842, 0.0, 0.0, 2362.752
5048.279208183289, 0.0, 0.0, 2363.022
5050.2793090343475, 0.0, 0.0, 2363.363
5052.279411554337, 0.0, 0.0, 2363.774
5054.279512643814, 0.0, 0.0, 2364.23
5056.279613018036, 0.0, 0.0, 2364.69
5058.279714345932, 0.0, 0.0, 2365.088
5060.279847383499, 0.0, 0.0, 2365.588
5062.279948472977, 0.0, 0.0, 2365.919
5064.280044794083, 0.0, 0.0, 2366.201
5066.280126571655, 0.0, 0.0, 2366.573
5068.280259847641, 0.0, 0.0, 2367.024
5070.2803428173065, 0.0, 0.0, 2367.452
5072.2804479599, 0.0, 0.0, 2367.881
5074.280548334122, 0.0, 0.0, 2368.208
5076.280649423599, 0.0, 0.0, 2368.7
5078.280750989914, 0.0, 0.0, 2369.114
5080.280852556229, 0.0, 0.0, 2369.354
5082.280930757523, 0.0, 0.0, 2369.559
5084.281022787094, 0.0, 0.0, 2369.896
5086.281124353409, 0.0, 0.0, 2370.318
5088.2812259197235, 0.0, 0.0, 2370.666
5090.281329870224, 0.0, 0.0, 2371.024
5092.281469583511, 0.0, 0.0, 2371.369
5094.281561136246, 0.0, 0.0, 2371.632
5096.281699180603, 0.0, 0.0, 2372.028
5098.281811714172, 0.0, 0.0, 2372.362
5100.281910419464, 0.0, 0.0, 2372.716
5102.282057285309, 0.0, 0.0, 2373.011
5104.282158374786, 0.0, 0.0, 2373.274
5106.282244682312, 0.0, 0.0, 2373.581
5108.282345294952, 0.0, 0.0, 2373.817
5110.282440662384, 0.0, 0.0, 2374.158
5112.282541036606, 0.0, 0.0, 2374.566
5114.282620191574, 0.0, 0.0, 2374.834
5116.282702922821, 0.0, 0.0, 2375.215
5118.282804489136, 0.0, 0.0, 2375.59
5120.282901287079, 0.0, 0.0, 2375.994
5122.283002376556, 0.0, 0.0, 2376.396
5124.283101797104, 0.0, 0.0, 2376.871
5126.283204317093, 0.0, 0.0, 2377.258
5128.283336877823, 0.0, 0.0, 2377.672
5130.283427000046, 0.0, 0.0, 2378.104
5132.283527612686, 0.0, 0.0, 2378.455
5134.2836265563965, 0.0, 0.0, 2378.661
5136.2837109565735, 0.0, 0.0, 2378.903
5138.283791303635, 0.0, 0.0, 2379.146
5140.283891201019, 0.0, 0.0, 2379.402
5142.2839884758, 0.0, 0.0, 2379.814
5144.284072637558, 0.0, 0.0, 2380.234
5146.284154891968, 0.0, 0.0, 2380.477
5148.2842400074005, 0.0, 0.0, 2380.854
5150.284332990646, 0.0, 0.0, 2381.216
5152.284435510635, 0.0, 0.0, 2381.586
5154.284539699554, 0.0, 0.0, 2382.013
5156.284641742706, 0.0, 0.0, 2382.343
5158.284742355347, 0.0, 0.0, 2382.648
5160.284827470779, 0.0, 0.0, 2382.992
5162.2849214077, 0.0, 0.0, 2383.262
5164.285026550293, 0.0, 0.0, 2383.559
5166.285137414932, 0.0, 0.0, 2383.858
5168.28528046608, 0.0, 0.0, 2384.105
5170.285384178162, 0.0, 0.0, 2384.356
5172.2855224609375, 0.0, 0.0, 2384.768
5174.285624027252, 0.0, 0.0, 2385.26
5176.285723686218, 0.0, 0.0, 2385.607
5178.28582572937, 0.0, 0.0, 2385.94
5180.285927534103, 0.0, 0.0, 2386.244
5182.286022424698, 0.0, 0.0, 2386.589
5184.286123275757, 0.0, 0.0, 2386.942
5186.286223649979, 0.0, 0.0, 2387.197
5188.286325454712, 0.0, 0.0, 2387.471
5190.286428689957, 0.0, 0.0, 2387.724
5192.286531686783, 0.0, 0.0, 2388.008
5194.286633491516, 0.0, 0.0, 2388.353
5196.286733865738, 0.0, 0.0, 2388.695
5198.286836147308, 0.0, 0.0, 2389.088
5200.286936759949, 0.0, 0.0, 2389.425
5202.287036418915, 0.0, 0.0, 2389.727
5204.287134408951, 0.0, 0.0, 2390.022
5206.28723692894, 0.0, 0.0, 2390.436
5208.287321329117, 0.0, 0.0, 2390.855
5210.2874228954315, 0.0, 0.0, 2391.201
5212.28750872612, 0.0, 0.0, 2391.47
5214.287607908249, 0.0, 0.0, 2391.743
5216.28773856163, 0.0, 0.0, 2391.956
5218.287832975388, 0.0, 0.0, 2392.187
5220.287966251373, 0.0, 0.0, 2392.57
5222.288048505783, 0.0, 0.0, 2392.899
5224.288152456284, 0.0, 0.0, 2393.256
5226.288259983063, 0.0, 0.0, 2393.704
5228.288352251053, 0.0, 0.0, 2393.995
5230.288452863693, 0.0, 0.0, 2394.289
5232.288554191589, 0.0, 0.0, 2394.612
5234.288635730743, 0.0, 0.0, 2394.87
5236.288736581802, 0.0, 0.0, 2395.137
5238.288825273514, 0.0, 0.0, 2395.422
5240.288908004761, 0.0, 0.0, 2395.768
5242.288990974426, 0.0, 0.0, 2396.145
5244.289080858231, 0.0, 0.0, 2396.395
5246.289183855057, 0.0, 0.0, 2396.589
5248.2892854213715, 0.0, 0.0, 2396.87
5250.2894332408905, 0.0, 0.0, 2397.188
5252.289568901062, 0.0, 0.0, 2397.526
5254.289672374725, 0.0, 0.0, 2397.994
5256.289777755737, 0.0, 0.0, 2398.299
5258.289906263351, 0.0, 0.0, 2398.645
5260.290003299713, 0.0, 0.0, 2399.089
5262.290087938309, 0.0, 0.0, 2399.458
5264.290191650391, 0.0, 0.0, 2399.714
5266.290291070938, 0.0, 0.0, 2400.079
5268.290394067764, 0.0, 0.0, 2400.412
5270.290482521057, 0.0, 0.0, 2400.813
5272.290575742722, 0.0, 0.0, 2401.199
5274.2906749248505, 0.0, 0.0, 2401.537
5276.290779352188, 0.0, 0.0, 2401.772
5278.29087972641, 0.0, 0.0, 2402.005
5280.29098534584, 0.0, 0.0, 2402.327
5282.291065692902, 0.0, 0.0, 2402.665
5284.291165828705, 0.0, 0.0, 2402.939
5286.291267156601, 0.0, 0.0, 2403.238
5288.291371107101, 0.0, 0.0, 2403.527
5290.291471481323, 0.0, 0.0, 2403.848
5292.291570901871, 0.0, 0.0, 2404.117
5294.2916712760925, 0.0, 0.0, 2404.405
5296.291759490967, 0.0, 0.0, 2404.573
5298.291847229004, 0.0, 0.0, 2404.773
5300.291950941086, 0.0, 0.0, 2404.94
5302.292052030563, 0.0, 0.0, 2405.263
5304.292133331299, 0.0, 0.0, 2405.582
5306.292220592499, 0.0, 0.0, 2405.926
5308.292320489883, 0.0, 0.0, 2406.312
5310.292428016663, 0.0, 0.0, 2406.595
5312.2925617694855, 0.0, 0.0, 2406.816
5314.29269361496, 0.0, 0.0, 2407.107
5316.292777299881, 0.0, 0.0, 2407.358
5318.292880535126, 0.0, 0.0, 2407.608
5320.293014287949, 0.0, 0.0, 2407.977
5322.293116569519, 0.0, 0.0, 2408.34
5324.293248653412, 0.0, 0.0, 2408.808
5326.293352365494, 0.0, 0.0, 2409.141
5328.293436527252, 0.0, 0.0, 2409.457
5330.293531179428, 0.0, 0.0, 2409.686
5332.293639421463, 0.0, 0.0, 2410.008
5334.293747186661, 0.0, 0.0, 2410.381
5336.293852567673, 0.0, 0.0, 2410.67
5338.293940067291, 0.0, 0.0, 2410.847
5340.294036149979, 0.0, 0.0, 2410.997
5342.2941198349, 0.0, 0.0, 2411.212
5344.294212341309, 0.0, 0.0, 2411.389
5346.294302940369, 0.0, 0.0, 2411.735
5348.294398784637, 0.0, 0.0, 2412.091
5350.294496059418, 0.0, 0.0, 2412.405
5352.29457950592, 0.0, 0.0, 2412.7
5354.294683456421, 0.0, 0.0, 2413.014
5356.29478597641, 0.0, 0.0, 2413.315
5358.294896841049, 0.0, 0.0, 2413.616
5360.295001029968, 0.0, 0.0, 2413.978
5362.295104980469, 0.0, 0.0, 2414.257
5364.295203924179, 0.0, 0.0, 2414.613
5366.295308351517, 0.0, 0.0, 2414.884
5368.295441389084, 0.0, 0.0, 2415.08
5370.295528411865, 0.0, 0.0, 2415.297
5372.295617580414, 0.0, 0.0, 2415.463
5374.295725107193, 0.0, 0.0, 2415.692
5376.295818567276, 0.0, 0.0, 2415.855
5378.295930624008, 0.0, 0.0, 2416.123
5380.296035051346, 0.0, 0.0, 2416.337
5382.296135425568, 0.0, 0.0, 2416.645
5384.296231269836, 0.0, 0.0, 2416.887
5386.296328544617, 0.0, 0.0, 2417.079
5388.296423435211, 0.0, 0.0, 2417.335
5390.296524047852, 0.0, 0.0, 2417.568
5392.296621084213, 0.0, 0.0, 2417.87
5394.296720743179, 0.0, 0.0, 2418.161
5396.296805381775, 0.0, 0.0, 2418.549
5398.2969126701355, 0.0, 0.0, 2418.804
5400.2969970703125, 0.0, 0.0, 2419.063
5402.297098636627, 0.0, 0.0, 2419.341
5404.297204017639, 0.0, 0.0, 2419.608
5406.297288656235, 0.0, 0.0, 2419.905
5408.297390937805, 0.0, 0.0, 2420.207
5410.297493219376, 0.0, 0.0, 2420.426
5412.297589302063, 0.0, 0.0, 2420.626
5414.2976903915405, 0.0, 0.0, 2420.826
5416.297801971436, 0.0, 0.0, 2421.143
5418.2978951931, 0.0, 0.0, 2421.451
5420.297998428345, 0.0, 0.0, 2421.724
5422.298145771027, 0.0, 0.0, 2421.944
5424.298237323761, 0.0, 0.0, 2422.188
5426.29833984375, 0.0, 0.0, 2422.492
5428.298442840576, 0.0, 0.0, 2422.726
5430.298572540283, 0.0, 0.0, 2422.921
5432.298675298691, 0.0, 0.0, 2423.123
5434.298774242401, 0.0, 0.0, 2423.289
5436.29886007309, 0.0, 0.0, 2423.631
5438.2989621162415, 0.0, 0.0, 2423.937
5440.299062252045, 0.0, 0.0, 2424.159
5442.299162387848, 0.0, 0.0, 2424.34
5444.299262046814, 0.0, 0.0, 2424.63
5446.299373626709, 0.0, 0.0, 2424.936
5448.299459934235, 0.0, 0.0, 2425.211
5450.299562454224, 0.0, 0.0, 2425.475
5452.299672365189, 0.0, 0.0, 2425.873
5454.299806594849, 0.0, 0.0, 2426.204
5456.299893379211, 0.0, 0.0, 2426.526
5458.30002450943, 0.0, 0.0, 2426.751
5460.30011677742, 0.0, 0.0, 2426.894
5462.300204277039, 0.0, 0.0, 2427.077
5464.3003623485565, 0.0, 0.0, 2427.363
5466.300466299057, 0.0, 0.0, 2427.551
5468.300603151321, 0.0, 0.0, 2427.678
5470.300705909729, 0.0, 0.0, 2427.899
5472.300846815109, 0.0, 0.0, 2428.13
5474.30094742775, 0.0, 0.0, 2428.343
5476.301048517227, 0.0, 0.0, 2428.579
5478.301144599915, 0.0, 0.0, 2428.882
5480.301241159439, 0.0, 0.0, 2429.193
5482.301350355148, 0.0, 0.0, 2429.462
5484.301449775696, 0.0, 0.0, 2429.666
5486.301532268524, 0.0, 0.0, 2429.881
5488.301616191864, 0.0, 0.0, 2430.106
5490.301696777344, 0.0, 0.0, 2430.421
5492.3017954826355, 0.0, 0.0, 2430.716
5494.301881074905, 0.0, 0.0, 2431.024
5496.301971197128, 0.0, 0.0, 2431.289
5498.302075147629, 0.0, 0.0, 2431.473
5500.302177906036, 0.0, 0.0, 2431.625
5502.302259206772, 0.0, 0.0, 2431.798
5504.30237698555, 0.0, 0.0, 2432.077
5506.302509307861, 0.0, 0.0, 2432.356
5508.302611351013, 0.0, 0.0, 2432.632
5510.3027131557465, 0.0, 0.0, 2432.938
5512.302815198898, 0.0, 0.0, 2433.167
5514.302948474884, 0.0, 0.0, 2433.438
5516.303047180176, 0.0, 0.0, 2433.708
5518.303139209747, 0.0, 0.0, 2433.988
5520.303240776062, 0.0, 0.0, 2434.195
5522.303324460983, 0.0, 0.0, 2434.375
5524.303430080414, 0.0, 0.0, 2434.478
5526.303530216217, 0.0, 0.0, 2434.629
5528.30363202095, 0.0, 0.0, 2434.803
5530.303734302521, 0.0, 0.0, 2435.006
5532.30383682251, 0.0, 0.0, 2435.295
5534.303973913193, 0.0, 0.0, 2435.434
5536.304076433182, 0.0, 0.0, 2435.706
5538.304161310196, 0.0, 0.0, 2436.014
5540.304259300232, 0.0, 0.0, 2436.28
5542.304346561432, 0.0, 0.0, 2436.515
5544.304431438446, 0.0, 0.0, 2436.74
5546.30451130867, 0.0, 0.0, 2436.974
5548.304615497589, 0.0, 0.0, 2437.24
5550.304698467255, 0.0, 0.0, 2437.506
5552.304788827896, 0.0, 0.0, 2437.798
5554.304892301559, 0.0, 0.0, 2438.036
5556.304995059967, 0.0, 0.0, 2438.227
5558.305097818375, 0.0, 0.0, 2438.337
5560.305180549622, 0.0, 0.0, 2438.532
5562.305258989334, 0.0, 0.0, 2438.764
5564.305368185043, 0.0, 0.0, 2438.991
5566.305469512939, 0.0, 0.0, 2439.159
5568.305571079254, 0.0, 0.0, 2439.421
5570.305705547333, 0.0, 0.0, 2439.631
5572.30584192276, 0.0, 0.0, 2439.804
5574.305944681168, 0.0, 0.0, 2439.994
5576.3060421943665, 0.0, 0.0, 2440.224
5578.3061237335205, 0.0, 0.0, 2440.504
5580.306222915649, 0.0, 0.0, 2440.677
5582.306325912476, 0.0, 0.0, 2440.798
5584.306482553482, 0.0, 0.0, 2440.981
5586.306560993195, 0.0, 0.0, 2441.294
5588.3066437244415, 0.0, 0.0, 2441.599
5590.306742191315, 0.0, 0.0, 2441.878
5592.3068318367, 0.0, 0.0, 2442.048
5594.306935071945, 0.0, 0.0, 2442.339
5596.307037115097, 0.0, 0.0, 2442.622
5598.307140111923, 0.0, 0.0, 2442.818
5600.307242870331, 0.0, 0.0, 2443.137
5602.30734705925, 0.0, 0.0, 2443.521
5604.307567358017, 0.0, 0.0, 2443.806
5606.307667255402, 0.0, 0.0, 2444.087
5608.307753324509, 0.0, 0.0, 2444.355
5610.307838916779, 0.0, 0.0, 2444.547
5612.307941436768, 0.0, 0.0, 2444.644
5614.308044910431, 0.0, 0.0, 2444.744
5616.30814409256, 0.0, 0.0, 2444.86
5618.3082275390625, 0.0, 0.0, 2444.994
5620.308324813843, 0.0, 0.0, 2445.193
5622.308418035507, 0.0, 0.0, 2445.417
5624.3085107803345, 0.0, 0.0, 2445.615
5626.308610200882, 0.0, 0.0, 2445.833
5628.308700799942, 0.0, 0.0, 2446.027
5630.308804035187, 0.0, 0.0, 2446.249
5632.308911085129, 0.0, 0.0, 2446.452
5634.308993816376, 0.0, 0.0, 2446.637
5636.309077978134, 0.0, 0.0, 2446.841
5638.309184551239, 0.0, 0.0, 2447.046
5640.309288740158, 0.0, 0.0, 2447.236
5642.309400320053, 0.0, 0.0, 2447.515
5644.309490919113, 0.0, 0.0, 2447.713
5646.309570074081, 0.0, 0.0, 2447.932
5648.309673786163, 0.0, 0.0, 2448.209
5650.309768199921, 0.0, 0.0, 2448.475
5652.309903860092, 0.0, 0.0, 2448.64
5654.310006380081, 0.0, 0.0, 2448.789
5656.31010723114, 0.0, 0.0, 2448.931
5658.310207605362, 0.0, 0.0, 2449.083
5660.310306310654, 0.0, 0.0, 2449.369
5662.310415029526, 0.0, 0.0, 2449.685
5664.310516357422, 0.0, 0.0, 2449.907
5666.310617446899, 0.0, 0.0, 2450.095
5668.310720205307, 0.0, 0.0, 2450.284
5670.310822248459, 0.0, 0.0, 2450.485
5672.310921192169, 0.0, 0.0, 2450.688
5674.311022520065, 0.0, 0.0, 2450.896
5676.311124324799, 0.0, 0.0, 2451.123
5678.311223983765, 0.0, 0.0, 2451.335
5680.311329126358, 0.0, 0.0, 2451.539
5682.3114132881165, 0.0, 0.0, 2451.722
5684.311597108841, 0.0, 0.0, 2451.867
5686.3116817474365, 0.0, 0.0, 2452.131
5688.311785936356, 0.0, 0.0, 2452.426
5690.3118686676025, 0.0, 0.0, 2452.65
5692.311971187592, 0.0, 0.0, 2452.921
5694.312056541443, 0.0, 0.0, 2453.184
5696.312187433243, 0.0, 0.0, 2453.302
5698.312284231186, 0.0, 0.0, 2453.426
5700.312374830246, 0.0, 0.0, 2453.651
5702.312464952469, 0.0, 0.0, 2453.802
5704.312553405762, 0.0, 0.0, 2453.983
5706.312649488449, 0.0, 0.0, 2454.205
5708.312752008438, 0.0, 0.0, 2454.525
5710.312852859497, 0.0, 0.0, 2454.803
5712.312957286835, 0.0, 0.0, 2455.074
5714.313060760498, 0.0, 0.0, 2455.342
5716.313191413879, 0.0, 0.0, 2455.626
5718.313293933868, 0.0, 0.0, 2455.856
5720.313404560089, 0.0, 0.0, 2456.14
5722.313506603241, 0.0, 0.0, 2456.327
5724.3136074543, 0.0, 0.0, 2456.545
5726.313710927963, 0.0, 0.0, 2456.792
5728.313809394836, 0.0, 0.0, 2456.984
5730.313895702362, 0.0, 0.0, 2457.215
5732.313985824585, 0.0, 0.0, 2457.486
5734.314070701599, 0.0, 0.0, 2457.786
5736.314160585403, 0.0, 0.0, 2458.139
5738.314263343811, 0.0, 0.0, 2458.414
5740.314366817474, 0.0, 0.0, 2458.646
5742.314467191696, 0.0, 0.0, 2458.852
5744.314552307129, 0.0, 0.0, 2459.093
5746.31463599205, 0.0, 0.0, 2459.32
5748.314735174179, 0.0, 0.0, 2459.524
5750.314816474915, 0.0, 0.0, 2459.745
5752.314918756485, 0.0, 0.0, 2459.949
5754.315005064011, 0.0, 0.0, 2460.224
5756.315141916275, 0.0, 0.0, 2460.425
5758.315283298492, 0.0, 0.0, 2460.597
5760.315425395966, 0.0, 0.0, 2460.759
5762.315517902374, 0.0, 0.0, 2461.057
5764.315618991852, 0.0, 0.0, 2461.352
5766.315718889236, 0.0, 0.0, 2461.548
5768.315807104111, 0.0, 0.0, 2461.681
5770.315892457962, 0.0, 0.0, 2461.832
5772.315980911255, 0.0, 0.0, 2461.991
5774.316114664078, 0.0, 0.0, 2462.115
5776.316197395325, 0.0, 0.0, 2462.262
5778.316286563873, 0.0, 0.0, 2462.424
5780.316432476044, 0.0, 0.0, 2462.591
5782.31657242775, 0.0, 0.0, 2462.775
5784.316674232483, 0.0, 0.0, 2462.969
5786.316815137863, 0.0, 0.0, 2463.169
5788.316951274872, 0.0, 0.0, 2463.369
5790.317054271698, 0.0, 0.0, 2463.64
5792.317165613174, 0.0, 0.0, 2463.832
5794.31725025177, 0.0, 0.0, 2464.037
5796.317366361618, 0.0, 0.0, 2464.257
5798.317455768585, 0.0, 0.0, 2464.432
5800.317589521408, 0.0, 0.0, 2464.613
5802.317680835724, 0.0, 0.0, 2464.794
5804.317812681198, 0.0, 0.0, 2464.973
5806.317916154861, 0.0, 0.0, 2465.179
5808.31800031662, 0.0, 0.0, 2465.445
5810.318082332611, 0.0, 0.0, 2465.69
5812.318168878555, 0.0, 0.0, 2465.926
5814.318254232407, 0.0, 0.0, 2466.105
5816.318341732025, 0.0, 0.0, 2466.332
5818.31843662262, 0.0, 0.0, 2466.549
5820.318526029587, 0.0, 0.0, 2466.744
5822.318607568741, 0.0, 0.0, 2467.004
5824.318701028824, 0.0, 0.0, 2467.298
5826.31883597374, 0.0, 0.0, 2467.463
5828.318936109543, 0.0, 0.0, 2467.651
5830.3190495967865, 0.0, 0.0, 2467.782
5832.319163799286, 0.0, 0.0, 2467.968
5834.3192682266235, 0.0, 0.0, 2468.134
5836.319363117218, 0.0, 0.0, 2468.358
5838.319500923157, 0.0, 0.0, 2468.551
5840.319584846497, 0.0, 0.0, 2468.779
5842.319669485092, 0.0, 0.0, 2469.082
5844.319772005081, 0.0, 0.0, 2469.34
5846.319860696793, 0.0, 0.0, 2469.565
5848.319998264313, 0.0, 0.0, 2469.795
5850.320136547089, 0.0, 0.0, 2470.025
5852.320271253586, 0.0, 0.0, 2470.253
5854.320355176926, 0.0, 0.0, 2470.489
5856.320459604263, 0.0, 0.0, 2470.7
5858.320581912994, 0.0, 0.0, 2470.89
5860.320682048798, 0.0, 0.0, 2471.082
5862.320832252502, 0.0, 0.0, 2471.203
5864.320944309235, 0.0, 0.0, 2471.423
5866.321046829224, 0.0, 0.0, 2471.69
5868.321147203445, 0.0, 0.0, 2471.968
5870.321223020554, 0.0, 0.0, 2472.207
5872.32132267952, 0.0, 0.0, 2472.361
5874.321407318115, 0.0, 0.0, 2472.526
5876.321507930756, 0.0, 0.0, 2472.651
5878.321608304977, 0.0, 0.0, 2472.743
5880.321709394455, 0.0, 0.0, 2472.894
5882.321799516678, 0.0, 0.0, 2473.08
5884.321893215179, 0.0, 0.0, 2473.374
5886.321982145309, 0.0, 0.0, 2473.67
5888.322060108185, 0.0, 0.0, 2473.932
5890.322143793106, 0.0, 0.0, 2474.152
5892.322244644165, 0.0, 0.0, 2474.316
5894.322330713272, 0.0, 0.0, 2474.49
5896.322421312332, 0.0, 0.0, 2474.637
5898.322525024414, 0.0, 0.0, 2474.81
5900.322643518448, 0.0, 0.0, 2475.009
5902.322732925415, 0.0, 0.0, 2475.202
5904.322832107544, 0.0, 0.0, 2475.33
5906.322911500931, 0.0, 0.0, 2475.54
5908.322993040085, 0.0, 0.0, 2475.668
5910.323094844818, 0.0, 0.0, 2475.883
5912.323228359222, 0.0, 0.0, 2476.092
5914.323373556137, 0.0, 0.0, 2476.224
5916.323477268219, 0.0, 0.0, 2476.339
5918.3235692977905, 0.0, 0.0, 2476.547
5920.3236763477325, 0.0, 0.0, 2476.756
5922.323810815811, 0.0, 0.0, 2476.895
5924.323912858963, 0.0, 0.0, 2477.036
5926.324017047882, 0.0, 0.0, 2477.232
5928.3241131305695, 0.0, 0.0, 2477.439
5930.324218034744, 0.0, 0.0, 2477.721
5932.324316740036, 0.0, 0.0, 2477.948
5934.324423313141, 0.0, 0.0, 2478.181
5936.324505805969, 0.0, 0.0, 2478.346
5938.324595212936, 0.0, 0.0, 2478.528
5940.324696302414, 0.0, 0.0, 2478.722
5942.324795007706, 0.0, 0.0, 2478.91
5944.32487821579, 0.0, 0.0, 2479.029
5946.324980020523, 0.0, 0.0, 2479.148
5948.325069189072, 0.0, 0.0, 2479.273
5950.325148820877, 0.0, 0.0, 2479.478
5952.325233459473, 0.0, 0.0, 2479.74
5954.325314998627, 0.0, 0.0, 2480.012
5956.325399637222, 0.0, 0.0, 2480.214
5958.325499534607, 0.0, 0.0, 2480.413
5960.325577735901, 0.0, 0.0, 2480.534
5962.325679063797, 0.0, 0.0, 2480.668
5964.325779676437, 0.0, 0.0, 2480.855
5966.325880050659, 0.0, 0.0, 2481.005
5968.325972318649, 0.0, 0.0, 2481.188
5970.326062440872, 0.0, 0.0, 2481.44
5972.326141119003, 0.0, 0.0, 2481.658
5974.326226234436, 0.0, 0.0, 2481.787
5976.326327323914, 0.0, 0.0, 2481.904
5978.326407194138, 0.0, 0.0, 2482.059
5980.326506137848, 0.0, 0.0, 2482.189
5982.326590538025, 0.0, 0.0, 2482.407
5984.326685428619, 0.0, 0.0, 2482.631
5986.326772212982, 0.0, 0.0, 2482.836
5988.326864480972, 0.0, 0.0, 2483.05
5990.327000379562, 0.0, 0.0, 2483.169
5992.3270835876465, 0.0, 0.0, 2483.311
5994.3271770477295, 0.0, 0.0, 2483.429
5996.327254295349, 0.0, 0.0, 2483.547
5998.327333450317, 0.0, 0.0, 2483.741
6000.327419996262, 0.0, 0.0, 2483.929
6002.327502965927, 0.0, 0.0, 2484.132
6004.327605247498, 0.0, 0.0, 2484.372
6006.327705860138, 0.0, 0.0, 2484.496
6008.327786684036, 0.0, 0.0, 2484.667
6010.327880859375, 0.0, 0.0, 2484.831
6012.327962636948, 0.0, 0.0, 2485.029
6014.328056812286, 0.0, 0.0, 2485.147
6016.328157663345, 0.0, 0.0, 2485.331
6018.328256368637, 0.0, 0.0, 2485.44
6020.328337430954, 0.0, 0.0, 2485.636
6022.3284277915955, 0.0, 0.0, 2485.754
6024.328508853912, 0.0, 0.0, 2485.882
6026.328611373901, 0.0, 0.0, 2486.059
6028.328694105148, 0.0, 0.0, 2486.222
6030.328784704208, 0.0, 0.0, 2486.338
6032.328919410706, 0.0, 0.0, 2486.483
6034.328999042511, 0.0, 0.0, 2486.615
6036.329081058502, 0.0, 0.0, 2486.747
6038.329172372818, 0.0, 0.0, 2486.892
6040.329251527786, 0.0, 0.0, 2487.02
6042.3293306827545, 0.0, 0.0, 2487.134
6044.329419851303, 0.0, 0.0, 2487.297
6046.329497337341, 0.0, 0.0, 2487.473
6048.329576015472, 0.0, 0.0, 2487.604
6050.329664468765, 0.0, 0.0, 2487.723
6052.329760551453, 0.0, 0.0, 2487.859
6054.3298416137695, 0.0, 0.0, 2488.023
6056.329940795898, 0.0, 0.0, 2488.139
6058.330021381378, 0.0, 0.0, 2488.282
6060.330106496811, 0.0, 0.0, 2488.486
6062.330187320709, 0.0, 0.0, 2488.641
6064.330267190933, 0.0, 0.0, 2488.789
6066.330367803574, 0.0, 0.0, 2489.02
6068.330450534821, 0.0, 0.0, 2489.226
6070.33053278923, 0.0, 0.0, 2489.336
6072.33061504364, 0.0, 0.0, 2489.445
6074.330694198608, 0.0, 0.0, 2489.617
6076.330773830414, 0.0, 0.0, 2489.803
6078.330874443054, 0.0, 0.0, 2489.953
6080.33097410202, 0.0, 0.0, 2490.118
6082.3310742378235, 0.0, 0.0, 2490.366
6084.331152915955, 0.0, 0.0, 2490.515
6086.331228733063, 0.0, 0.0, 2490.745
6088.331307649612, 0.0, 0.0, 2490.977
6090.331387758255, 0.0, 0.0, 2491.24
6092.331467866898, 0.0, 0.0, 2491.46
6094.331547737122, 0.0, 0.0, 2491.657
6096.331649303436, 0.0, 0.0, 2491.867
6098.331750154495, 0.0, 0.0, 2492.054
6100.331851243973, 0.0, 0.0, 2492.23
6102.331951856613, 0.0, 0.0, 2492.333
6104.332047224045, 0.0, 0.0, 2492.479
6106.332148551941, 0.0, 0.0, 2492.611
6108.332253456116, 0.0, 0.0, 2492.742
6110.332337856293, 0.0, 0.0, 2492.895
6112.3324201107025, 0.0, 0.0, 2493.006
6114.3324983119965, 0.0, 0.0, 2493.187
6116.332579374313, 0.0, 0.0, 2493.39
6118.332659482956, 0.0, 0.0, 2493.534
6120.332750320435, 0.0, 0.0, 2493.645
6122.33282995224, 0.0, 0.0, 2493.807
6124.3329310417175, 0.0, 0.0, 2494.046
6126.3330078125, 0.0, 0.0, 2494.223
6128.3331072330475, 0.0, 0.0, 2494.36
6130.333208799362, 0.0, 0.0, 2494.544
6132.333311796188, 0.0, 0.0, 2494.671
6134.333421707153, 0.0, 0.0, 2494.854
6136.333513259888, 0.0, 0.0, 2495.025
6138.33362531662, 0.0, 0.0, 2495.162
6140.333756685257, 0.0, 0.0, 2495.31
6142.333846330643, 0.0, 0.0, 2495.44
6144.333928823471, 0.0, 0.0, 2495.591
6146.334009647369, 0.0, 0.0, 2495.698
6148.334112405777, 0.0, 0.0, 2495.83
6150.334207057953, 0.0, 0.0, 2495.967
6152.334291934967, 0.0, 0.0, 2496.122
6154.334372758865, 0.0, 0.0, 2496.308
6156.334458351135, 0.0, 0.0, 2496.469
6158.3345375061035, 0.0, 0.0, 2496.626
6160.334634780884, 0.0, 0.0, 2496.78
6162.334741353989, 0.0, 0.0, 2496.915
6164.334830522537, 0.0, 0.0, 2497.016
6166.334966421127, 0.0, 0.0, 2497.115
6168.335112333298, 0.0, 0.0, 2497.247
6170.335224151611, 0.0, 0.0, 2497.353
6172.335367202759, 0.0, 0.0, 2497.572
6174.335503101349, 0.0, 0.0, 2497.755
6176.335634946823, 0.0, 0.0, 2497.947
6178.335739135742, 0.0, 0.0, 2498.087
6180.335839986801, 0.0, 0.0, 2498.286
6182.335942268372, 0.0, 0.0, 2498.367
6184.336025953293, 0.0, 0.0, 2498.486
6186.336112499237, 0.0, 0.0, 2498.594
6188.336198091507, 0.0, 0.0, 2498.791
6190.336334228516, 0.0, 0.0, 2498.974
6192.3364408016205, 0.0, 0.0, 2499.145
6194.336579322815, 0.0, 0.0, 2499.323
6196.336681365967, 0.0, 0.0, 2499.557
6198.336769104004, 0.0, 0.0, 2499.748
6200.336874008179, 0.0, 0.0, 2499.845
6202.336978197098, 0.0, 0.0, 2499.952
6204.337079286575, 0.0, 0.0, 2500.094
6206.337180376053, 0.0, 0.0, 2500.219
6208.337282896042, 0.0, 0.0, 2500.353
6210.337386369705, 0.0, 0.0, 2500.5
6212.337486028671, 0.0, 0.0, 2500.58
6214.337616682053, 0.0, 0.0, 2500.751
6216.337747812271, 0.0, 0.0, 2500.906
6218.3378529548645, 0.0, 0.0, 2501.119
6220.337937116623, 0.0, 0.0, 2501.307
6222.338032484055, 0.0, 0.0, 2501.538
6224.338169336319, 0.0, 0.0, 2501.691
6226.338267326355, 0.0, 0.0, 2501.799
6228.338359832764, 0.0, 0.0, 2501.897
6230.338452100754, 0.0, 0.0, 2502.033
6232.338539838791, 0.0, 0.0, 2502.129
6234.338630199432, 0.0, 0.0, 2502.294
6236.338733673096, 0.0, 0.0, 2502.441
6238.338870048523, 0.0, 0.0, 2502.562
6240.338961839676, 0.0, 0.0, 2502.794
6242.339065551758, 0.0, 0.0, 2503.007
6244.339157581329, 0.0, 0.0, 2503.245
6246.339262485504, 0.0, 0.0, 2503.442
6248.339343547821, 0.0, 0.0, 2503.613
6250.339453935623, 0.0, 0.0, 2503.739
6252.3395438194275, 0.0, 0.0, 2503.853
6254.339637756348, 0.0, 0.0, 2503.958
6256.339720726013, 0.0, 0.0, 2504.074
6258.339811086655, 0.0, 0.0, 2504.125
6260.339946746826, 0.0, 0.0, 2504.221
6262.340051651001, 0.0, 0.0, 2504.358
6264.340216159821, 0.0, 0.0, 2504.432
6266.340306997299, 0.0, 0.0, 2504.559
6268.340407133102, 0.0, 0.0, 2504.66
6270.340542793274, 0.0, 0.0, 2504.818
6272.340643167496, 0.0, 0.0, 2504.973
6274.340747356415, 0.0, 0.0, 2505.118
6276.340853214264, 0.0, 0.0, 2505.229
6278.340958595276, 0.0, 0.0, 2505.355
6280.341062545776, 0.0, 0.0, 2505.492
6282.341166257858, 0.0, 0.0, 2505.617
6284.341260433197, 0.0, 0.0, 2505.679
6286.341359138489, 0.0, 0.0, 2505.777
6288.341464281082, 0.0, 0.0, 2505.945
6290.34156703949, 0.0, 0.0, 2506.116
6292.341670036316, 0.0, 0.0, 2506.226
6294.341772317886, 0.0, 0.0, 2506.36
6296.341872692108, 0.0, 0.0, 2506.552
6298.3419761657715, 0.0, 0.0, 2506.739
6300.342072725296, 0.0, 0.0, 2506.863
6302.342150688171, 0.0, 0.0, 2507.068
6304.342249155045, 0.0, 0.0, 2507.226
6306.342350482941, 0.0, 0.0, 2507.365
6308.3424553871155, 0.0, 0.0, 2507.488
6310.342555522919, 0.0, 0.0, 2507.681
6312.342660665512, 0.0, 0.0, 2507.835
6314.342760324478, 0.0, 0.0, 2507.926
6316.342861175537, 0.0, 0.0, 2508.091
6318.342962741852, 0.0, 0.0, 2508.2
6320.343061685562, 0.0, 0.0, 2508.343
6322.34316110611, 0.0, 0.0, 2508.464
6324.3432540893555, 0.0, 0.0, 2508.612
6326.343346357346, 0.0, 0.0, 2508.728
6328.34348154068, 0.0, 0.0, 2508.866
6330.343576431274, 0.0, 0.0, 2508.988
6332.343710422516, 0.0, 0.0, 2509.164
6334.343806266785, 0.0, 0.0, 2509.299
6336.343905687332, 0.0, 0.0, 2509.417
6338.344004869461, 0.0, 0.0, 2509.594
6340.344106435776, 0.0, 0.0, 2509.732
6342.344207048416, 0.0, 0.0, 2509.889
6344.344303369522, 0.0, 0.0, 2510.009
6346.344401359558, 0.0, 0.0, 2510.216
6348.344500780106, 0.0, 0.0, 2510.378
6350.344601392746, 0.0, 0.0, 2510.509
6352.344700336456, 0.0, 0.0, 2510.645
6354.3448004722595, 0.0, 0.0, 2510.803
6356.344877719879, 0.0, 0.0, 2510.996
6358.344980239868, 0.0, 0.0, 2511.226
6360.345079898834, 0.0, 0.0, 2511.408
6362.3451817035675, 0.0, 0.0, 2511.593
6364.345277786255, 0.0, 0.0, 2511.758
6366.345379114151, 0.0, 0.0, 2511.961
6368.34547996521, 0.0, 0.0, 2512.129
6370.345587253571, 0.0, 0.0, 2512.246
6372.345686197281, 0.0, 0.0, 2512.337
6374.345765352249, 0.0, 0.0, 2512.398
6376.345845937729, 0.0, 0.0, 2512.543
6378.345947742462, 0.0, 0.0, 2512.651
6380.346055030823, 0.0, 0.0, 2512.759
6382.346159696579, 0.0, 0.0, 2512.887
6384.346300363541, 0.0, 0.0, 2513.021
6386.346402645111, 0.0, 0.0, 2513.129
6388.346503734589, 0.0, 0.0, 2513.251
6390.346644163132, 0.0, 0.0, 2513.379
6392.34672498703, 0.0, 0.0, 2513.496
6394.346828699112, 0.0, 0.0, 2513.615
6396.346930980682, 0.0, 0.0, 2513.744
6398.347035169601, 0.0, 0.0, 2513.866
6400.347136259079, 0.0, 0.0, 2514.051
6402.347267150879, 0.0, 0.0, 2514.125
6404.347349643707, 0.0, 0.0, 2514.265
6406.347456693649, 0.0, 0.0, 2514.463
6408.347558259964, 0.0, 0.0, 2514.617
6410.347642660141, 0.0, 0.0, 2514.742
6412.347744226456, 0.0, 0.0, 2514.866
6414.347842931747, 0.0, 0.0, 2515.018
6416.347937345505, 0.0, 0.0, 2515.164
6418.348035097122, 0.0, 0.0, 2515.368
6420.348134279251, 0.0, 0.0, 2515.524
6422.348195552826, 0.0, 0.0, 2515.666
6424.348294973373, 0.0, 0.0, 2515.785
6426.348439693451, 0.0, 0.0, 2515.919
6428.348516464233, 0.0, 0.0, 2516.027
6430.348615884781, 0.0, 0.0, 2516.126
6432.348712682724, 0.0, 0.0, 2516.235
6434.34880900383, 0.0, 0.0, 2516.321
6436.34893989563, 0.0, 0.0, 2516.452
6438.349024295807, 0.0, 0.0, 2516.546
6440.3491225242615, 0.0, 0.0, 2516.63
6442.349219799042, 0.0, 0.0, 2516.683
6444.349322080612, 0.0, 0.0, 2516.768
6446.34939622879, 0.0, 0.0, 2516.845
6448.349496126175, 0.0, 0.0, 2516.919
6450.3495943546295, 0.0, 0.0, 2516.973
6452.349696397781, 0.0, 0.0, 2517.097
6454.349828481674, 0.0, 0.0, 2517.265
6456.349962711334, 0.0, 0.0, 2517.424
6458.350058317184, 0.0, 0.0, 2517.608
6460.350160121918, 0.0, 0.0, 2517.779
6462.350291967392, 0.0, 0.0, 2517.935
6464.350368022919, 0.0, 0.0, 2518.136
6466.350471496582, 0.0, 0.0, 2518.308
6468.350561380386, 0.0, 0.0, 2518.45
6470.350662946701, 0.0, 0.0, 2518.573
6472.350748300552, 0.0, 0.0, 2518.725
6474.350851774216, 0.0, 0.0, 2518.863
6476.350954294205, 0.0, 0.0, 2519.015
6478.351056337357, 0.0, 0.0, 2519.216
6480.3511531353, 0.0, 0.0, 2519.407
6482.351236104965, 0.0, 0.0, 2519.573
6484.351341962814, 0.0, 0.0, 2519.666
6486.351454257965, 0.0, 0.0, 2519.756
6488.351588726044, 0.0, 0.0, 2519.897
6490.3517236709595, 0.0, 0.0, 2520.013
6492.351813077927, 0.0, 0.0, 2520.126
6494.3519015312195, 0.0, 0.0, 2520.231
6496.352034330368, 0.0, 0.0, 2520.353
6498.352125406265, 0.0, 0.0, 2520.53
6500.352209806442, 0.0, 0.0, 2520.679
6502.352316856384, 0.0, 0.0, 2520.87
6504.3524289131165, 0.0, 0.0, 2521.014
6506.352562904358, 0.0, 0.0, 2521.131
6508.352646112442, 0.0, 0.0, 2521.258
6510.352748632431, 0.0, 0.0, 2521.361
6512.3528463840485, 0.0, 0.0, 2521.431
6514.352931022644, 0.0, 0.0, 2521.546
6516.353047370911, 0.0, 0.0, 2521.597
6518.353128194809, 0.0, 0.0, 2521.685
6520.353235244751, 0.0, 0.0, 2521.771
6522.353323459625, 0.0, 0.0, 2521.794
6524.35341835022, 0.0, 0.0, 2521.903
6526.353523731232, 0.0, 0.0, 2522.004
6528.353623867035, 0.0, 0.0, 2522.11
6530.353709697723, 0.0, 0.0, 2522.2
6532.35381269455, 0.0, 0.0, 2522.292
6534.3539526462555, 0.0, 0.0, 2522.39
6536.3540551662445, 0.0, 0.0, 2522.519
6538.354161977768, 0.0, 0.0, 2522.624
6540.354296445847, 0.0, 0.0, 2522.764
6542.3543837070465, 0.0, 0.0, 2522.862
6544.354468822479, 0.0, 0.0, 2522.988
6546.354553461075, 0.0, 0.0, 2523.108
6548.354689359665, 0.0, 0.0, 2523.238
6550.354795217514, 0.0, 0.0, 2523.358
6552.3548855781555, 0.0, 0.0, 2523.468
6554.354968547821, 0.0, 0.0, 2523.721
6556.355102777481, 0.0, 0.0, 2523.878
6558.35519695282, 0.0, 0.0, 2524.042
6560.35530424118, 0.0, 0.0, 2524.21
6562.355452775955, 0.0, 0.0, 2524.333
6564.355540275574, 0.0, 0.0, 2524.474
6566.355679035187, 0.0, 0.0, 2524.574
6568.355771780014, 0.0, 0.0, 2524.715
6570.355916976929, 0.0, 0.0, 2524.827
6572.3560037612915, 0.0, 0.0, 2524.947
6574.356105804443, 0.0, 0.0, 2525.007
6576.356189727783, 0.0, 0.0, 2525.092
6578.356271028519, 0.0, 0.0, 2525.194
6580.356370925903, 0.0, 0.0, 2525.295
6582.356512308121, 0.0, 0.0, 2525.356
6584.356616973877, 0.0, 0.0, 2525.46
6586.356707572937, 0.0, 0.0, 2525.567
6588.356809854507, 0.0, 0.0, 2525.687
6590.3568868637085, 0.0, 0.0, 2525.857
6592.356987476349, 0.0, 0.0, 2525.968
6594.357124328613, 0.0, 0.0, 2526.061
6596.357226371765, 0.0, 0.0, 2526.196
6598.357323884964, 0.0, 0.0, 2526.372
6600.35746049881, 0.0, 0.0, 2526.536
6602.357552051544, 0.0, 0.0, 2526.673
6604.357654094696, 0.0, 0.0, 2526.788
6606.357736110687, 0.0, 0.0, 2526.921
6608.357815504074, 0.0, 0.0, 2527.092
6610.35790348053, 0.0, 0.0, 2527.246
6612.358013629913, 0.0, 0.0, 2527.397
6614.358114480972, 0.0, 0.0, 2527.548
6616.358213424683, 0.0, 0.0, 2527.674
6618.358311891556, 0.0, 0.0, 2527.784
6620.358453989029, 0.0, 0.0, 2527.936
6622.358596563339, 0.0, 0.0, 2528.027
6624.358697652817, 0.0, 0.0, 2528.138
6626.358772516251, 0.0, 0.0, 2528.234
6628.358872413635, 0.0, 0.0, 2528.341
6630.358973026276, 0.0, 0.0, 2528.465
6632.359073162079, 0.0, 0.0, 2528.581
6634.359208345413, 0.0, 0.0, 2528.685
6636.359307527542, 0.0, 0.0, 2528.809
6638.359443426132, 0.0, 0.0, 2528.905
6640.359548568726, 0.0, 0.0, 2529.024
6642.359662055969, 0.0, 0.0, 2529.159
6644.359747886658, 0.0, 0.0, 2529.338
6646.359884738922, 0.0, 0.0, 2529.46
6648.360013723373, 0.0, 0.0, 2529.595
6650.360118627548, 0.0, 0.0, 2529.711
6652.36025428772, 0.0, 0.0, 2529.865
6654.360399484634, 0.0, 0.0, 2529.975
6656.360525131226, 0.0, 0.0, 2530.059
6658.360674619675, 0.0, 0.0, 2530.158
6660.360779285431, 0.0, 0.0, 2530.239
6662.3608593940735, 0.0, 0.0, 2530.342
6664.360962629318, 0.0, 0.0, 2530.418
6666.361066818237, 0.0, 0.0, 2530.52
6668.36116027832, 0.0, 0.0, 2530.587
6670.361248493195, 0.0, 0.0, 2530.733
6672.361334562302, 0.0, 0.0, 2530.894
6674.361470222473, 0.0, 0.0, 2531.049
6676.361552000046, 0.0, 0.0, 2531.089
6678.361653327942, 0.0, 0.0, 2531.188
6680.361732244492, 0.0, 0.0, 2531.309
6682.361816644669, 0.0, 0.0, 2531.446
6684.36191368103, 0.0, 0.0, 2531.643
6686.362015247345, 0.0, 0.0, 2531.743
6688.3621027469635, 0.0, 0.0, 2531.904
6690.362204313278, 0.0, 0.0, 2532.054
6692.36233997345, 0.0, 0.0, 2532.206
6694.36242890358, 0.0, 0.0, 2532.348
6696.362537145615, 0.0, 0.0, 2532.5
6698.362612724304, 0.0, 0.0, 2532.648
6700.36271238327, 0.0, 0.0, 2532.828
6702.362818241119, 0.0, 0.0, 2533.001
6704.362930774689, 0.0, 0.0, 2533.097
6706.363016843796, 0.0, 0.0, 2533.218
6708.363106250763, 0.0, 0.0, 2533.296
6710.363208055496, 0.0, 0.0, 2533.431
6712.363307952881, 0.0, 0.0, 2533.521
6714.363415002823, 0.0, 0.0, 2533.622
6716.363493204117, 0.0, 0.0, 2533.75
6718.363589525223, 0.0, 0.0, 2533.825
6720.363691568375, 0.0, 0.0, 2533.944
6722.363796234131, 0.0, 0.0, 2534.066
6724.363896846771, 0.0, 0.0, 2534.156
6726.363998413086, 0.0, 0.0, 2534.297
6728.364101886749, 0.0, 0.0, 2534.45
6730.364205121994, 0.0, 0.0, 2534.559
6732.364307165146, 0.0, 0.0, 2534.641
6734.36438703537, 0.0, 0.0, 2534.685
6736.364493131638, 0.0, 0.0, 2534.765
6738.364593505859, 0.0, 0.0, 2534.92
6740.36470079422, 0.0, 0.0, 2534.977
6742.3648002147675, 0.0, 0.0, 2535.063
6744.364903688431, 0.0, 0.0, 2535.151
6746.365004062653, 0.0, 0.0, 2535.28
6748.3650896549225, 0.0, 0.0, 2535.333
6750.36519241333, 0.0, 0.0, 2535.501
6752.365273714066, 0.0, 0.0, 2535.631
6754.365384817123, 0.0, 0.0, 2535.744
6756.365488529205, 0.0, 0.0, 2535.829
6758.365572929382, 0.0, 0.0, 2535.884
6760.365658760071, 0.0, 0.0, 2535.998
6762.365742683411, 0.0, 0.0, 2536.111
6764.3658311367035, 0.0, 0.0, 2536.182
6766.365921020508, 0.0, 0.0, 2536.271
6768.3660180568695, 0.0, 0.0, 2536.334
6770.366105079651, 0.0, 0.0, 2536.417
6772.3662078380585, 0.0, 0.0, 2536.536
6774.366295576096, 0.0, 0.0, 2536.61
6776.366402387619, 0.0, 0.0, 2536.747
6778.366505146027, 0.0, 0.0, 2536.842
6780.366606235504, 0.0, 0.0, 2536.953
6782.366686344147, 0.0, 0.0, 2537.012
6784.366820812225, 0.0, 0.0, 2537.139
6786.366965293884, 0.0, 0.0, 2537.238
6788.367044687271, 0.0, 0.0, 2537.307
6790.367183923721, 0.0, 0.0, 2537.391
6792.367287874222, 0.0, 0.0, 2537.496
6794.367386817932, 0.0, 0.0, 2537.591
6796.367481946945, 0.0, 0.0, 2537.723
6798.367583036423, 0.0, 0.0, 2537.878
6800.367661237717, 0.0, 0.0, 2538.015
6802.367794752121, 0.0, 0.0, 2538.187
6804.367885351181, 0.0, 0.0, 2538.282
6806.367965221405, 0.0, 0.0, 2538.356
6808.368061542511, 0.0, 0.0, 2538.486
6810.36816239357, 0.0, 0.0, 2538.591
6812.36829996109, 0.0, 0.0, 2538.652
6814.368403673172, 0.0, 0.0, 2538.756
6816.368502616882, 0.0, 0.0, 2538.838
6818.368590831757, 0.0, 0.0, 2538.936
6820.368677139282, 0.0, 0.0, 2539.102
6822.368764877319, 0.0, 0.0, 2539.256
6824.368858337402, 0.0, 0.0, 2539.39
6826.368946075439, 0.0, 0.0, 2539.442
6828.369041919708, 0.0, 0.0, 2539.547
6830.36918258667, 0.0, 0.0, 2539.639
6832.369281768799, 0.0, 0.0, 2539.666
6834.369418621063, 0.0, 0.0, 2539.694
6836.36954832077, 0.0, 0.0, 2539.757
6838.369651317596, 0.0, 0.0, 2539.822
6840.3697509765625, 0.0, 0.0, 2539.905
6842.369829893112, 0.0, 0.0, 2540.006
6844.369929552078, 0.0, 0.0, 2540.111
6846.370066404343, 0.0, 0.0, 2540.182
6848.370171546936, 0.0, 0.0, 2540.286
6850.370272874832, 0.0, 0.0, 2540.372
6852.370410680771, 0.0, 0.0, 2540.475
6854.370543718338, 0.0, 0.0, 2540.537
6856.370627641678, 0.0, 0.0, 2540.637
6858.370738506317, 0.0, 0.0, 2540.729
6860.370819568634, 0.0, 0.0, 2540.812
6862.370920658112, 0.0, 0.0, 2540.958
6864.371021270752, 0.0, 0.0, 2541.056
6866.371117591858, 0.0, 0.0, 2541.09
6868.371208190918, 0.0, 0.0, 2541.174
6870.371288537979, 0.0, 0.0, 2541.298
6872.371388196945, 0.0, 0.0, 2541.416
6874.371517658234, 0.0, 0.0, 2541.502
6876.371598005295, 0.0, 0.0, 2541.585
6878.371677398682, 0.0, 0.0, 2541.723
6880.371755599976, 0.0, 0.0, 2541.778
6882.371837377548, 0.0, 0.0, 2541.875
6884.371919393539, 0.0, 0.0, 2542.0
6886.372000455856, 0.0, 0.0, 2542.168
6888.372085809708, 0.0, 0.0, 2542.311
6890.372164726257, 0.0, 0.0, 2542.472
6892.372264623642, 0.0, 0.0, 2542.585
6894.372369289398, 0.0, 0.0, 2542.649
6896.372446775436, 0.0, 0.0, 2542.797
6898.372527599335, 0.0, 0.0, 2542.938
6900.372627019882, 0.0, 0.0, 2543.05
6902.372728347778, 0.0, 0.0, 2543.128
6904.3728268146515, 0.0, 0.0, 2543.169
6906.372924566269, 0.0, 0.0, 2543.253
6908.373059272766, 0.0, 0.0, 2543.396
6910.373162269592, 0.0, 0.0, 2543.496
6912.373263835907, 0.0, 0.0, 2543.618
6914.373349428177, 0.0, 0.0, 2543.715
6916.3734340667725, 0.0, 0.0, 2543.805
6918.373532772064, 0.0, 0.0, 2543.88
6920.373610496521, 0.0, 0.0, 2543.919
6922.373743534088, 0.0, 0.0, 2543.991
6924.373823165894, 0.0, 0.0, 2544.084
6926.373922109604, 0.0, 0.0, 2544.156
6928.374005317688, 0.0, 0.0, 2544.272
6930.374106645584, 0.0, 0.0, 2544.311
6932.374196052551, 0.0, 0.0, 2544.448
6934.374298810959, 0.0, 0.0, 2544.55
6936.374405384064, 0.0, 0.0, 2544.634
6938.374507665634, 0.0, 0.0, 2544.688
6940.374609947205, 0.0, 0.0, 2544.827
6942.374742984772, 0.0, 0.0, 2544.96
6944.374844312668, 0.0, 0.0, 2545.019
6946.374977588654, 0.0, 0.0, 2545.104
6948.375081062317, 0.0, 0.0, 2545.216
6950.375162124634, 0.0, 0.0, 2545.302
6952.375265598297, 0.0, 0.0, 2545.414
6954.375371456146, 0.0, 0.0, 2545.478
6956.37548327446, 0.0, 0.0, 2545.553
6958.375585079193, 0.0, 0.0, 2545.677
6960.375686407089, 0.0, 0.0, 2545.794
6962.375787258148, 0.0, 0.0, 2545.872
6964.375884056091, 0.0, 0.0, 2545.964
6966.37598824501, 0.0, 0.0, 2546.081
6968.376067876816, 0.0, 0.0, 2546.187
6970.376167535782, 0.0, 0.0, 2546.284
6972.376201868057, 0.0, 0.0, 2546.399
6974.376287221909, 0.0, 0.0, 2546.489
6976.37642121315, 0.0, 0.0, 2546.603
6978.376521348953, 0.0, 0.0, 2546.751
6980.376602888107, 0.0, 0.0, 2546.851
6982.3767058849335, 0.0, 0.0, 2546.929
6984.37681889534, 0.0, 0.0, 2547.025
6986.376900911331, 0.0, 0.0, 2547.157
6988.377002954483, 0.0, 0.0, 2547.302
6990.377141237259, 0.0, 0.0, 2547.415
6992.377244472504, 0.0, 0.0, 2547.515
6994.3773510456085, 0.0, 0.0, 2547.596
6996.377452850342, 0.0, 0.0, 2547.752
6998.377552986145, 0.0, 0.0, 2547.853
7000.377683401108, 0.0, 0.0, 2547.913
7002.377784013748, 0.0, 0.0, 2548.008
7004.3778619766235, 0.0, 0.0, 2548.096
7006.377936601639, 0.0, 0.0, 2548.184
7008.378016233444, 0.0, 0.0, 2548.281
7010.378116846085, 0.0, 0.0, 2548.379
7012.378215551376, 0.0, 0.0, 2548.401
7014.378314971924, 0.0, 0.0, 2548.478
7016.378400325775, 0.0, 0.0, 2548.513
7018.37855052948, 0.0, 0.0, 2548.615
7020.3786444664, 0.0, 0.0, 2548.707
7022.378727436066, 0.0, 0.0, 2548.797
7024.378827571869, 0.0, 0.0, 2548.927
7026.378931760788, 0.0, 0.0, 2549.051
7028.37903380394, 0.0, 0.0, 2549.123
7030.379143238068, 0.0, 0.0, 2549.22
7032.379277944565, 0.0, 0.0, 2549.324
7034.379372596741, 0.0, 0.0, 2549.451
7036.379466056824, 0.0, 0.0, 2549.543
7038.379546403885, 0.0, 0.0, 2549.654
7040.379631280899, 0.0, 0.0, 2549.748
7042.379763841629, 0.0, 0.0, 2549.813
7044.379848241806, 0.0, 0.0, 2549.909
7046.379983663559, 0.0, 0.0, 2549.975
7048.3801176548, 0.0, 0.0, 2550.16
7050.380250692368, 0.0, 0.0, 2550.271
7052.38038444519, 0.0, 0.0, 2550.367
7054.3804767131805, 0.0, 0.0, 2550.532
7056.380578994751, 0.0, 0.0, 2550.601
7058.380684375763, 0.0, 0.0, 2550.717
7060.3807871341705, 0.0, 0.0, 2550.769
7062.3808789253235, 0.0, 0.0, 2550.794
7064.381010770798, 0.0, 0.0, 2550.88
7066.381152391434, 0.0, 0.0, 2550.974
7068.381264448166, 0.0, 0.0, 2551.107
7070.381357908249, 0.0, 0.0, 2551.248
7072.381442308426, 0.0, 0.0, 2551.346
7074.381532669067, 0.0, 0.0, 2551.403
7076.3816175460815, 0.0, 0.0, 2551.48
7078.3817501068115, 0.0, 0.0, 2551.537
7080.381878852844, 0.0, 0.0, 2551.597
7082.381970882416, 0.0, 0.0, 2551.684
7084.3820695877075, 0.0, 0.0, 2551.794
7086.382169008255, 0.0, 0.0, 2551.829
7088.3822638988495, 0.0, 0.0, 2551.903
7090.382400035858, 0.0, 0.0, 2552.011
7092.38249707222, 0.0, 0.0, 2552.111
7094.382576704025, 0.0, 0.0, 2552.196
7096.3826739788055, 0.0, 0.0, 2552.293
7098.382759094238, 0.0, 0.0, 2552.345
7100.382843494415, 0.0, 0.0, 2552.397
7102.382926464081, 0.0, 0.0, 2552.488
7104.383008718491, 0.0, 0.0, 2552.586
7106.383095026016, 0.0, 0.0, 2552.706
7108.383177757263, 0.0, 0.0, 2552.753
7110.383271694183, 0.0, 0.0, 2552.951
7112.383358001709, 0.0, 0.0, 2553.076
7114.383461475372, 0.0, 0.0, 2553.219
7116.383565664291, 0.0, 0.0, 2553.307
7118.383701086044, 0.0, 0.0, 2553.42
7120.383785009384, 0.0, 0.0, 2553.513
7122.3838658332825, 0.0, 0.0, 2553.558
7124.383966445923, 0.0, 0.0, 2553.636
7126.384067296982, 0.0, 0.0, 2553.711
7128.384155035019, 0.0, 0.0, 2553.825
7130.384212970734, 0.0, 0.0, 2553.889
7132.384297847748, 0.0, 0.0, 2553.997
7134.384400367737, 0.0, 0.0, 2554.067
7136.384501218796, 0.0, 0.0, 2554.144
7138.384582996368, 0.0, 0.0, 2554.196
7140.384676456451, 0.0, 0.0, 2554.305
7142.384765386581, 0.0, 0.0, 2554.39
7144.384869337082, 0.0, 0.0, 2554.411
7146.38499379158, 0.0, 0.0, 2554.502
7148.385076999664, 0.0, 0.0, 2554.519
7150.385178804398, 0.0, 0.0, 2554.612
7152.385277748108, 0.0, 0.0, 2554.7
7154.38537979126, 0.0, 0.0, 2554.818
7156.3854649066925, 0.0, 0.0, 2554.935
7158.385563850403, 0.0, 0.0, 2555.021
7160.385657548904, 0.0, 0.0, 2555.133
7162.385761260986, 0.0, 0.0, 2555.275
7164.385903120041, 0.0, 0.0, 2555.391
7166.385990381241, 0.0, 0.0, 2555.489
7168.386076450348, 0.0, 0.0, 2555.579
7170.3861792087555, 0.0, 0.0, 2555.659
7172.386312484741, 0.0, 0.0, 2555.706
7174.386448383331, 0.0, 0.0, 2555.752
7176.386580467224, 0.0, 0.0, 2555.854
7178.38671541214, 0.0, 0.0, 2555.926
7180.386816501617, 0.0, 0.0, 2555.997
7182.386965513229, 0.0, 0.0, 2556.051
7184.387053966522, 0.0, 0.0, 2556.144
7186.387159347534, 0.0, 0.0, 2556.236
7188.387245416641, 0.0, 0.0, 2556.296
7190.387352705002, 0.0, 0.0, 2556.369
7192.387453079224, 0.0, 0.0, 2556.461
7194.387555599213, 0.0, 0.0, 2556.491
7196.38765835762, 0.0, 0.0, 2556.535
7198.3877601623535, 0.0, 0.0, 2556.599
7200.387842416763, 0.0, 0.0, 2556.647
7202.387893438339, 0.0, 0.0, 2556.728
7204.3880298137665, 0.0, 0.0, 2556.768
7206.388167381287, 0.0, 0.0, 2556.851
7208.3882665634155, 0.0, 0.0, 2556.928
7210.3883674144745, 0.0, 0.0, 2557.052
7212.388449907303, 0.0, 0.0, 2557.129
7214.388538599014, 0.0, 0.0, 2557.234
7216.388640642166, 0.0, 0.0, 2557.359
7218.3887441158295, 0.0, 0.0, 2557.444
7220.388822555542, 0.0, 0.0, 2557.578
7222.388918638229, 0.0, 0.0, 2557.681
7224.388999700546, 0.0, 0.0, 2557.776
7226.389102220535, 0.0, 0.0, 2557.844
7228.389204978943, 0.0, 0.0, 2557.869
7230.389310359955, 0.0, 0.0, 2557.944
7232.389412403107, 0.0, 0.0, 2557.997
7234.3894946575165, 0.0, 0.0, 2558.089
7236.389629840851, 0.0, 0.0, 2558.125
7238.389710426331, 0.0, 0.0, 2558.178
7240.389850854874, 0.0, 0.0, 2558.23
7242.389932870865, 0.0, 0.0, 2558.277
7244.390036344528, 0.0, 0.0, 2558.339
7246.390121936798, 0.0, 0.0, 2558.355
7248.3902060985565, 0.0, 0.0, 2558.406
7250.3902978897095, 0.0, 0.0, 2558.526
7252.390382051468, 0.0, 0.0, 2558.621
7254.390470981598, 0.0, 0.0, 2558.684
7256.390555381775, 0.0, 0.0, 2558.765
7258.390635967255, 0.0, 0.0, 2558.804
7260.390720844269, 0.0, 0.0, 2558.861
7262.390809059143, 0.0, 0.0, 2558.964
7264.390896081924, 0.0, 0.0, 2559.031
