time, current, power, resistance
0.0010557174682617188, -8.751974e-05, 7.448889e-10, 2738.142
2.001162052154541, -8.86776e-05, 6.995565e-10, 2738.209
4.001253128051758, -8.694081e-05, 7.102025e-10, 2738.255
6.001341104507446, -8.404618e-05, 7.843055e-10, 2738.317
8.001434087753296, -8.462506e-05, 7.105345e-10, 2738.306
10.001513957977295, -8.520402e-05, 6.816295e-10, 2738.226
12.001610517501831, -8.925651e-05, 7.189385e-10, 2738.173
14.001707792282104, -8.694081e-05, 7.149306e-10, 2738.168
16.001787662506104, -8.809868e-05, 7.446265e-10, 2738.164
18.001874446868896, -8.694081e-05, 6.749878e-10, 2738.184
20.00196623802185, -8.636188e-05, 7.548745e-10, 2738.234
22.002062559127808, -8.69408e-05, 6.694011e-10, 2738.259
24.002161741256714, -8.462511e-05, 5.825222e-10, 2738.24
26.002261638641357, -8.867759e-05, 6.903647e-10, 2738.24
28.002340078353882, -8.520402e-05, 6.956199e-10, 2738.231
30.002440452575684, -8.983545e-05, 7.096081e-10, 2738.244
32.002540588378906, -8.636187e-05, 7.243906e-10, 2738.245
34.00264072418213, -8.809868e-05, 7.297136e-10, 2738.278
36.00275778770447, -8.925651e-05, 7.243889e-10, 2738.268
38.00283598899841, -8.694082e-05, 6.857653e-10, 2738.245
40.00292944908142, -8.925657e-05, 7.492181e-10, 2738.257
42.00306701660156, -8.925652e-05, 8.568507e-10, 2738.197
44.00314998626709, -8.809868e-05, 7.952153e-10, 2738.216
46.00322961807251, -8.462508e-05, 7.397658e-10, 2738.202
48.00331449508667, -8.578297e-05, 7.087511e-10, 2738.221
50.003416538238525, -8.751973e-05, 6.693999e-10, 2738.255
52.003496408462524, -8.636191e-05, 7.189331e-10, 2738.26
54.003578901290894, -8.867761e-05, 7.498162e-10, 2738.193
56.00366258621216, -8.751973e-05, 7.399616e-10, 2738.198
58.003761529922485, -8.578294e-05, 7.153268e-10, 2738.208
60.00384211540222, -8.809868e-05, 7.300421e-10, 2738.158
62.00453996658325, 0.499896, 0.6273368, 2733.05
64.00462818145752, 0.4998991, 0.6283069, 2712.895
66.00470495223999, 0.4998991, 0.6288918, 2697.882
68.00479578971863, 0.4998997, 0.6293228, 2685.631
70.0048816204071, 0.4998977, 0.6296459, 2675.271
72.00496673583984, 0.4998977, 0.6299105, 2666.422
74.0050482749939, 0.4998939, 0.6301308, 2658.667
76.00515484809875, 0.499899, 0.6303313, 2651.64
78.00525760650635, 0.499892, 0.6304929, 2645.313
80.00533628463745, 0.499895, 0.6306542, 2639.562
82.00541472434998, 0.499892, 0.6307847, 2634.211
84.00551557540894, 0.4998928, 0.6309121, 2629.137
86.00559592247009, 0.4998904, 0.6310221, 2624.277
88.00568008422852, 0.4998868, 0.6311327, 2619.769
90.00576305389404, 0.4998932, 0.6312469, 2615.496
92.00584149360657, 0.4998914, 0.6313614, 2611.314
94.00592875480652, 0.4998955, 0.6314574, 2607.319
96.006032705307, 0.499892, 0.6315427, 2603.412
98.00612759590149, 0.4998924, 0.6316403, 2599.661
100.00620818138123, 0.4998927, 0.631725, 2596.047
102.0062928199768, 0.4998905, 0.631808, 2592.591
104.00638341903687, 0.4998876, 0.6318805, 2589.186
106.00646424293518, 0.4998947, 0.6319642, 2585.794
108.00654554367065, 0.4998938, 0.6320484, 2582.441
110.00662660598755, 0.4998932, 0.6321242, 2579.182
112.00672626495361, 0.4998921, 0.6322047, 2576.177
114.00680923461914, 0.4998869, 0.6322617, 2572.998
116.00689935684204, 0.499888, 0.6323399, 2569.883
118.00697898864746, 0.4998886, 0.6324052, 2566.986
120.00705933570862, 0.4998934, 0.6324768, 2564.224
122.00716018676758, 0.4998915, 0.6325387, 2561.548
124.00725817680359, 0.4998917, 0.6325936, 2558.764
126.0073401927948, 0.4998911, 0.6326646, 2556.105
128.00742268562317, 0.4998889, 0.6327181, 2553.409
130.00756216049194, 0.4998918, 0.6327837, 2550.601
132.00765180587769, 0.499889, 0.6328421, 2547.906
134.00775337219238, 0.499893, 0.632915, 2545.346
136.00783610343933, 0.4998917, 0.6329668, 2542.892
138.00791835784912, 0.4998931, 0.6330257, 2540.342
140.00801062583923, 0.4998904, 0.6330923, 2537.848
142.00809621810913, 0.4998929, 0.6331394, 2535.345
144.0082221031189, 0.4998936, 0.6331985, 2532.958
146.00832557678223, 0.4998922, 0.6332494, 2530.763
148.0084137916565, 0.4998931, 0.6332986, 2528.622
150.00850677490234, 0.4998945, 0.6333467, 2526.473
152.00860834121704, 0.4998909, 0.6334017, 2524.296
154.008691072464, 0.4998909, 0.6334496, 2522.287
156.00879383087158, 0.4998923, 0.6334944, 2520.292
158.00888347625732, 0.49989, 0.6335516, 2518.344
160.00899982452393, 0.4998911, 0.6335892, 2516.371
162.00908398628235, 0.4998963, 0.6336511, 2514.396
164.00917792320251, 0.4998961, 0.633689, 2512.265
166.00926733016968, 0.4998975, 0.6337355, 2510.284
168.00935053825378, 0.4998945, 0.6337774, 2508.27
170.00943207740784, 0.4998966, 0.6338169, 2506.357
172.00952816009521, 0.4998943, 0.6338625, 2504.541
174.009624004364, 0.4999016, 0.6339207, 2502.839
176.00970363616943, 0.4999, 0.6339503, 2500.943
178.00979232788086, 0.499897, 0.6339921, 2499.1
180.00992918014526, 0.4998975, 0.6340279, 2497.426
182.01002478599548, 0.4998971, 0.6340728, 2495.703
184.0101375579834, 0.4998966, 0.6341056, 2494.104
186.01023888587952, 0.4998961, 0.6341411, 2492.601
188.01034307479858, 0.4998983, 0.6341802, 2491.009
190.01043725013733, 0.499893, 0.6342125, 2489.439
192.01052355766296, 0.4998948, 0.6342431, 2487.846
194.0106189250946, 0.4998966, 0.6342814, 2486.2
196.0107123851776, 0.4998991, 0.6343263, 2484.567
198.01080107688904, 0.4998971, 0.6343595, 2482.876
200.01088118553162, 0.4998969, 0.6343928, 2481.132
202.01096367835999, 0.4998938, 0.6344216, 2479.416
204.01104044914246, 0.4998943, 0.6344618, 2477.796
206.01111769676208, 0.4998973, 0.6345028, 2476.23
208.01119709014893, 0.4998989, 0.6345344, 2474.729
210.01128339767456, 0.4998975, 0.6345734, 2473.237
212.01138639450073, 0.4998983, 0.6346063, 2471.79
214.01147747039795, 0.4998958, 0.6346212, 2470.345
216.0115578174591, 0.4998953, 0.6346644, 2468.807
218.01165318489075, 0.4998996, 0.6347011, 2467.377
220.01175236701965, 0.4999005, 0.634739, 2465.978
222.01184248924255, 0.499898, 0.6347652, 2464.693
224.01197719573975, 0.4998952, 0.6347946, 2463.338
226.0121409893036, 0.4999009, 0.6348402, 2461.957
228.0122356414795, 0.4998988, 0.6348593, 2460.732
230.01231741905212, 0.4999014, 0.6348923, 2459.411
232.01245093345642, 0.4999003, 0.6349165, 2458.268
234.01258540153503, 0.4999002, 0.6349442, 2457.104
236.0126712322235, 0.4999012, 0.6349667, 2455.946
238.01275515556335, 0.499898, 0.6349935, 2454.867
240.01285576820374, 0.4998998, 0.6350265, 2453.612
242.01295614242554, 0.4998938, 0.6350446, 2452.464
244.01303625106812, 0.4998965, 0.6350691, 2451.258
246.01314115524292, 0.4998966, 0.6350942, 2449.94
248.01324129104614, 0.4998946, 0.6351346, 2448.767
250.01335167884827, 0.4998982, 0.635164, 2447.676
252.01343417167664, 0.4998977, 0.6351889, 2446.788
254.01351618766785, 0.4999016, 0.6352091, 2445.941
256.0136194229126, 0.4999024, 0.6352357, 2445.001
258.01370072364807, 0.4999024, 0.6352608, 2443.917
260.0137846469879, 0.4999026, 0.6352896, 2442.708
262.01386857032776, 0.4998995, 0.635306, 2441.68
264.0139489173889, 0.4999029, 0.6353294, 2440.636
266.0140817165375, 0.4998966, 0.6353524, 2439.746
268.01416206359863, 0.499901, 0.6353768, 2438.682
270.0142469406128, 0.4998991, 0.6354, 2437.695
272.0143265724182, 0.4999059, 0.6354302, 2436.647
274.014417886734, 0.4999032, 0.6354415, 2435.766
276.0145094394684, 0.499894, 0.6354508, 2434.818
278.01459288597107, 0.4998996, 0.6354793, 2433.987
280.01467180252075, 0.4998994, 0.6354956, 2433.201
282.0147511959076, 0.4999058, 0.6355214, 2432.243
284.01483488082886, 0.4999009, 0.635537, 2431.487
286.0149176120758, 0.4999036, 0.6355704, 2430.483
288.01499795913696, 0.4999013, 0.6355793, 2429.753
290.01507806777954, 0.499905, 0.6356132, 2429.171
292.01517367362976, 0.4999046, 0.635624, 2428.26
294.01526498794556, 0.4999002, 0.6356387, 2427.436
296.0153532028198, 0.4999033, 0.6356588, 2426.617
298.01543283462524, 0.4999039, 0.6356808, 2425.71
300.01551365852356, 0.4999041, 0.6357045, 2424.765
302.0156021118164, 0.4999016, 0.6357157, 2424.104
304.0157334804535, 0.4999051, 0.6357446, 2423.463
306.01585483551025, 0.4999068, 0.635756, 2422.614
308.01595091819763, 0.4999007, 0.6357796, 2421.831
310.0160527229309, 0.4999053, 0.6357862, 2421.167
312.0161929130554, 0.4999025, 0.6358083, 2420.477
314.01627469062805, 0.4998996, 0.635816, 2419.825
316.0163564682007, 0.4999036, 0.6358357, 2419.074
318.0164442062378, 0.4999023, 0.6358616, 2418.24
320.016530752182, 0.4998998, 0.6358705, 2417.52
322.0166220664978, 0.4999036, 0.6358928, 2416.949
324.01671838760376, 0.4999028, 0.6359022, 2416.166
326.01681900024414, 0.4998975, 0.6359114, 2415.297
328.0169084072113, 0.4998987, 0.6359311, 2414.453
330.0170154571533, 0.4999029, 0.6359586, 2413.744
332.0171194076538, 0.4999038, 0.635977, 2413.056
334.017196893692, 0.4999022, 0.6359912, 2412.264
336.0172805786133, 0.4999027, 0.6360042, 2411.501
338.0173625946045, 0.4999017, 0.6360094, 2410.887
340.01744532585144, 0.4999006, 0.63604, 2410.284
342.01752519607544, 0.4999002, 0.636056, 2409.826
344.01760482788086, 0.4999015, 0.6360649, 2409.496
346.0176980495453, 0.4999026, 0.6360706, 2409.038
348.0177745819092, 0.4999013, 0.6360796, 2408.433
350.0178551673889, 0.4999053, 0.6361019, 2407.786
352.01793456077576, 0.4999047, 0.6361124, 2407.23
354.01801800727844, 0.4999015, 0.6361197, 2406.69
356.01809573173523, 0.4999007, 0.6361413, 2405.965
358.0181758403778, 0.4999032, 0.6361569, 2405.061
360.0182671546936, 0.4999005, 0.6361715, 2404.445
362.01835894584656, 0.4999042, 0.6361887, 2403.935
364.0184588432312, 0.4999024, 0.6362029, 2403.389
366.01854157447815, 0.4999048, 0.6362104, 2402.66
368.0186233520508, 0.4999039, 0.6362425, 2402.068
370.0187020301819, 0.4999021, 0.6362506, 2401.57
372.01880264282227, 0.4998998, 0.6362539, 2401.107
374.0189006328583, 0.4998985, 0.636266, 2400.51
376.0190031528473, 0.4999019, 0.6362807, 2399.826
378.01910519599915, 0.499897, 0.6362947, 2399.179
380.0192070007324, 0.4999017, 0.6363109, 2398.48
382.01931071281433, 0.4998999, 0.6363145, 2398.192
384.0194125175476, 0.4998964, 0.636326, 2398.093
386.0194959640503, 0.499897, 0.6363404, 2397.758
388.01958656311035, 0.499903, 0.6363574, 2397.292
390.0196907520294, 0.4999003, 0.6363665, 2396.721
392.01978492736816, 0.4999026, 0.6363754, 2396.17
394.01987409591675, 0.4999028, 0.6363872, 2395.366
396.01997780799866, 0.4999035, 0.6364072, 2394.631
398.02006554603577, 0.4998991, 0.6364136, 2394.138
400.02016615867615, 0.4999003, 0.6364264, 2393.741
402.0202696323395, 0.4999009, 0.6364392, 2393.053
404.0203769207001, 0.4999005, 0.6364569, 2392.437
406.0204577445984, 0.4999039, 0.6364713, 2392.148
408.0205590724945, 0.499904, 0.636487, 2392.093
410.0206596851349, 0.4999009, 0.6364891, 2391.967
412.0207622051239, 0.4999016, 0.6364972, 2391.498
414.0208616256714, 0.4999039, 0.6364952, 2391.111
416.02094745635986, 0.4999007, 0.6365058, 2390.74
418.0210437774658, 0.4999034, 0.6365227, 2390.403
420.02115273475647, 0.4999006, 0.6365305, 2389.989
422.021235704422, 0.4998972, 0.636527, 2389.566
424.02132058143616, 0.4999013, 0.6365417, 2389.198
426.0214228630066, 0.4999045, 0.6365519, 2388.761
428.0215253829956, 0.4999048, 0.6365675, 2388.357
430.0216269493103, 0.4999053, 0.6365806, 2387.901
432.0217125415802, 0.4999072, 0.6365863, 2387.629
434.02180218696594, 0.4999011, 0.6365951, 2387.25
436.0219051837921, 0.499905, 0.6366081, 2386.921
438.0219783782959, 0.4999, 0.6366022, 2386.374
440.02211141586304, 0.4999009, 0.6366195, 2385.731
442.0221993923187, 0.4999036, 0.636638, 2385.135
444.0223343372345, 0.4999016, 0.6366447, 2384.637
446.0224404335022, 0.4998999, 0.6366448, 2384.202
448.02254009246826, 0.4998996, 0.6366666, 2383.854
450.0226397514343, 0.499903, 0.6366818, 2383.298
452.02272391319275, 0.4999008, 0.6366921, 2382.832
454.02282094955444, 0.4999012, 0.6366998, 2382.363
456.0229232311249, 0.4999058, 0.6367133, 2382.139
458.0230176448822, 0.4998969, 0.6367181, 2381.797
460.02309942245483, 0.4999006, 0.636732, 2381.374
462.02320170402527, 0.4999056, 0.6367407, 2380.968
464.02330446243286, 0.4999021, 0.6367494, 2380.596
466.02340936660767, 0.4998973, 0.6367458, 2380.244
468.023544549942, 0.4999008, 0.6367583, 2379.721
470.02363204956055, 0.4998977, 0.6367737, 2379.2
472.0237205028534, 0.4998976, 0.636773, 2378.662
474.0238060951233, 0.4998983, 0.636787, 2378.247
476.02393889427185, 0.4998955, 0.636804, 2377.954
478.0240285396576, 0.499898, 0.6368052, 2377.541
480.02412128448486, 0.4998939, 0.6368135, 2377.334
482.0242166519165, 0.4998952, 0.6368181, 2377.139
484.024311542511, 0.4998963, 0.6368305, 2377.007
486.02441573143005, 0.499896, 0.6368356, 2376.496
488.024507522583, 0.4998973, 0.636859, 2375.952
490.02460646629333, 0.4998969, 0.6368602, 2375.601
492.02471017837524, 0.4999024, 0.6368589, 2375.275
494.0247941017151, 0.4998997, 0.6368848, 2375.047
496.0248820781708, 0.4998989, 0.6368918, 2374.832
498.02499175071716, 0.4999041, 0.6369, 2374.822
500.02507853507996, 0.499903, 0.636898, 2374.537
502.0252146720886, 0.4998978, 0.6369092, 2374.097
504.0253036022186, 0.4999043, 0.6369247, 2373.728
506.02540397644043, 0.4998988, 0.6369326, 2373.347
508.02548909187317, 0.4999028, 0.6369411, 2373.258
510.0255718231201, 0.4999067, 0.636955, 2373.024
512.0256726741791, 0.4999031, 0.6369493, 2372.862
514.0257518291473, 0.4999024, 0.636955, 2372.581
516.0258855819702, 0.4999065, 0.6369703, 2372.189
518.0259644985199, 0.4999028, 0.6369662, 2371.842
520.0260629653931, 0.4999006, 0.6369683, 2371.401
522.026172876358, 0.4999006, 0.6369811, 2371.097
524.0262742042542, 0.4999007, 0.636986, 2370.758
526.0263776779175, 0.4999016, 0.6369972, 2370.26
528.0264823436737, 0.4999036, 0.6370055, 2369.901
530.0265855789185, 0.4998949, 0.6370053, 2369.664
532.0266659259796, 0.4999011, 0.6370173, 2369.525
534.0267512798309, 0.4998978, 0.6370154, 2369.349
536.0268409252167, 0.4998963, 0.6370229, 2369.368
538.0269246101379, 0.4999007, 0.6370402, 2369.242
540.0270590782166, 0.4998983, 0.6370364, 2369.059
542.0272109508514, 0.4998989, 0.6370383, 2368.804
544.0273134708405, 0.4999025, 0.637046, 2368.401
546.0273993015289, 0.4999025, 0.6370658, 2368.185
548.0274999141693, 0.4999036, 0.6370642, 2368.07
550.0275826454163, 0.4999049, 0.637069, 2367.806
552.027717590332, 0.499904, 0.6370816, 2367.755
554.0278098583221, 0.4999021, 0.6370815, 2367.674
556.0279016494751, 0.4999039, 0.6370801, 2367.531
558.028005361557, 0.499903, 0.6370851, 2367.224
560.0280921459198, 0.4999051, 0.6370965, 2366.937
562.0282003879547, 0.4999074, 0.6371065, 2366.836
564.0282950401306, 0.4999, 0.6370965, 2366.588
566.0283846855164, 0.4999022, 0.6371043, 2366.425
568.0284767150879, 0.4999017, 0.6371063, 2366.262
570.0285725593567, 0.4999004, 0.6371068, 2366.079
572.0286648273468, 0.4998986, 0.6371214, 2365.886
574.0287685394287, 0.499898, 0.6371224, 2365.549
576.0289013385773, 0.4999022, 0.6371319, 2365.328
578.0290102958679, 0.4998995, 0.637131, 2365.187
580.0291457176208, 0.4999016, 0.6371389, 2365.358
582.0292541980743, 0.4999004, 0.6371391, 2365.49
584.0293626785278, 0.4998977, 0.6371316, 2365.375
586.0294630527496, 0.4999028, 0.6371407, 2365.037
588.0295650959015, 0.4999038, 0.6371523, 2364.67
590.0296976566315, 0.4998997, 0.6371458, 2364.348
592.029803276062, 0.4999016, 0.6371598, 2364.032
594.0299394130707, 0.4999024, 0.6371633, 2363.764
596.0300223827362, 0.4999032, 0.6371812, 2363.425
598.0301260948181, 0.4999016, 0.6371809, 2363.051
600.0302314758301, 0.4999036, 0.6371848, 2362.691
602.030335187912, 0.4999014, 0.6372021, 2362.446
604.0304136276245, 0.4999026, 0.6372074, 2362.344
606.0305047035217, 0.4999032, 0.6372144, 2362.295
608.0306150913239, 0.4998985, 0.6372126, 2362.121
610.0307040214539, 0.499898, 0.6372133, 2362.014
612.0307884216309, 0.499901, 0.6372162, 2361.873
614.0308809280396, 0.4999026, 0.6372233, 2361.608
616.0309669971466, 0.4999039, 0.6372278, 2361.493
618.0310728549957, 0.4999028, 0.6372342, 2361.115
620.0311720371246, 0.499897, 0.6372396, 2360.624
622.0312523841858, 0.4999045, 0.637258, 2360.217
624.031355381012, 0.4999032, 0.6372589, 2359.931
626.0314629077911, 0.4999031, 0.6372748, 2359.829
628.0315628051758, 0.4999062, 0.6372747, 2359.751
630.0316672325134, 0.499904, 0.6372784, 2359.726
632.0317702293396, 0.499899, 0.6372767, 2359.715
634.0318717956543, 0.499904, 0.6372822, 2359.64
636.031979560852, 0.4999064, 0.6372893, 2359.502
638.0320808887482, 0.4999016, 0.6372866, 2359.429
640.032164812088, 0.4999047, 0.6372919, 2359.048
642.0322659015656, 0.4999043, 0.6373042, 2358.696
644.032363653183, 0.4999019, 0.637298, 2358.774
646.0324654579163, 0.4999016, 0.6372995, 2358.943
648.0325694084167, 0.4998992, 0.6373053, 2358.932
650.0326526165009, 0.4999036, 0.6373071, 2358.818
652.0327553749084, 0.4999009, 0.6373195, 2358.789
654.0328588485718, 0.4999004, 0.6373054, 2358.627
656.0329501628876, 0.4999005, 0.6373116, 2358.49
658.0330052375793, 0.4999057, 0.6373222, 2358.526
660.0330889225006, 0.499901, 0.6373173, 2358.542
662.033177614212, 0.4999078, 0.6373222, 2358.538
664.033314704895, 0.4999028, 0.6373216, 2358.409
666.0334010124207, 0.4999, 0.6373123, 2358.441
668.0335071086884, 0.4999043, 0.6373216, 2358.148
670.0336120128632, 0.4999019, 0.6373244, 2357.768
672.0337107181549, 0.4999009, 0.6373239, 2357.445
674.0337994098663, 0.499897, 0.6373318, 2357.344
676.0338802337646, 0.4998961, 0.6373367, 2357.312
678.0339660644531, 0.4999008, 0.637338, 2357.09
680.0340528488159, 0.499896, 0.637329, 2356.788
682.0341506004333, 0.4998977, 0.6373443, 2356.538
684.0342543125153, 0.4999048, 0.6373547, 2356.292
686.034343957901, 0.4999005, 0.6373458, 2356.114
688.0344352722168, 0.4998962, 0.6373644, 2355.674
690.0345196723938, 0.4999034, 0.6373758, 2355.194
692.0346295833588, 0.4998961, 0.6373809, 2354.91
694.0347182750702, 0.4998976, 0.6373881, 2354.638
696.0348570346832, 0.4999014, 0.6374037, 2354.474
698.0349559783936, 0.4999012, 0.6373978, 2354.52
700.0350430011749, 0.4998954, 0.6373818, 2354.527
702.0351355075836, 0.4998958, 0.6373944, 2354.494
704.035224199295, 0.4998973, 0.6374047, 2354.367
706.0353102684021, 0.4998999, 0.6374079, 2354.338
708.0354034900665, 0.4998988, 0.6374045, 2354.395
710.0354881286621, 0.4998994, 0.6374057, 2354.294
712.0355725288391, 0.499899, 0.6374108, 2354.268
714.0356702804565, 0.4999032, 0.6374187, 2354.117
716.0357613563538, 0.4998989, 0.6374175, 2353.869
718.0358622074127, 0.4998953, 0.6374111, 2353.862
720.0359652042389, 0.4998944, 0.637415, 2353.953
722.0361037254333, 0.4998975, 0.6374197, 2353.804
724.0362033843994, 0.4999026, 0.6374335, 2353.462
726.0362882614136, 0.4999006, 0.6374448, 2353.045
728.036375284195, 0.4998965, 0.6374457, 2352.689
730.0364699363708, 0.4999004, 0.6374432, 2352.409
732.0366013050079, 0.4999007, 0.6374586, 2352.26
734.0366945266724, 0.4999036, 0.6374685, 2352.212
736.0368037223816, 0.4999002, 0.6374626, 2352.093
738.0368916988373, 0.4999017, 0.6374702, 2351.894
740.0369927883148, 0.4999024, 0.637472, 2351.639
742.0370726585388, 0.4999016, 0.6374906, 2351.49
744.0371804237366, 0.4999041, 0.6374819, 2351.354
746.0372619628906, 0.499898, 0.6374884, 2351.191
748.0373404026031, 0.4998991, 0.6374972, 2351.219
750.0374269485474, 0.4999018, 0.6374978, 2351.132
752.0375039577484, 0.4998966, 0.6374871, 2350.897
754.0376024246216, 0.4998946, 0.6374934, 2350.798
756.0376842021942, 0.4998945, 0.637481, 2350.809
758.0377886295319, 0.499899, 0.6374987, 2350.428
760.0379025936127, 0.4999038, 0.6375157, 2350.197
762.0380120277405, 0.4998977, 0.6375117, 2350.017
764.0381219387054, 0.4998944, 0.637518, 2349.942
766.0382196903229, 0.4998988, 0.6375195, 2349.974
768.0383367538452, 0.4999039, 0.6375252, 2349.903
770.0384390354156, 0.4999014, 0.6375214, 2349.858
772.0385308265686, 0.499904, 0.6375312, 2349.926
774.0386695861816, 0.499903, 0.6375295, 2349.925
776.0387589931488, 0.4998983, 0.6375272, 2349.838
778.0388426780701, 0.4999017, 0.6375299, 2349.55
780.0389339923859, 0.4999023, 0.6375417, 2349.189
782.0390388965607, 0.4999024, 0.6375461, 2349.332
784.0391426086426, 0.4998985, 0.6375328, 2349.502
786.039228439331, 0.4998986, 0.6375388, 2349.6
788.0393259525299, 0.4998956, 0.6375391, 2349.638
790.0394299030304, 0.4998996, 0.6375445, 2349.533
792.0395278930664, 0.4998997, 0.6375543, 2349.495
794.0396740436554, 0.4998999, 0.637541, 2349.521
796.0397737026215, 0.4999035, 0.6375509, 2349.471
798.0398693084717, 0.4998978, 0.6375326, 2349.553
800.0399630069733, 0.4998963, 0.6375336, 2349.401
802.0400519371033, 0.4998972, 0.6375441, 2349.402
804.0401389598846, 0.4998958, 0.6375436, 2349.371
806.0402431488037, 0.4998968, 0.6375448, 2349.442
808.0403680801392, 0.4998988, 0.6375433, 2349.549
810.0404541492462, 0.4999, 0.6375383, 2349.753
812.0405659675598, 0.4998971, 0.6375389, 2349.789
814.0406568050385, 0.4998985, 0.6375478, 2349.707
816.0407428741455, 0.4999016, 0.6375557, 2349.756
818.0408418178558, 0.4999051, 0.6375576, 2349.867
820.0409243106842, 0.4999025, 0.6375565, 2349.928
822.0410315990448, 0.4999057, 0.637564, 2349.76
824.0411159992218, 0.4999032, 0.6375515, 2349.517
826.0412075519562, 0.4999003, 0.6375541, 2349.208
828.0413129329681, 0.4999021, 0.6375604, 2348.836
830.0414035320282, 0.4998999, 0.6375494, 2348.67
832.0415122509003, 0.4998996, 0.6375639, 2348.754
834.0416204929352, 0.4998997, 0.6375615, 2348.664
836.0417237281799, 0.4998999, 0.6375709, 2348.53
838.0418047904968, 0.4998985, 0.6375722, 2348.345
840.0419080257416, 0.4998991, 0.6375682, 2348.322
842.042008638382, 0.4998992, 0.6375728, 2348.357
844.0421154499054, 0.4998952, 0.637563, 2348.605
846.0422184467316, 0.499901, 0.6375755, 2348.72
848.0423200130463, 0.4998982, 0.6375768, 2348.609
850.0424304008484, 0.4998985, 0.6375757, 2348.435
852.0425336360931, 0.4998981, 0.6375734, 2348.436
854.0426404476166, 0.4998975, 0.637579, 2348.35
856.0427255630493, 0.4999028, 0.6375808, 2348.634
858.042831659317, 0.499902, 0.6375827, 2348.686
860.0429391860962, 0.4999045, 0.6375813, 2348.612
862.0430524349213, 0.4999028, 0.6375745, 2348.45
864.0431394577026, 0.4999013, 0.637584, 2348.198
866.0432255268097, 0.4999007, 0.6375928, 2348.358
868.0433185100555, 0.4999045, 0.6375915, 2348.481
870.0434217453003, 0.499904, 0.6375931, 2348.582
872.0435276031494, 0.499908, 0.6375912, 2348.344
874.0436270236969, 0.4998988, 0.6375912, 2348.215
876.0437309741974, 0.4999012, 0.6375885, 2348.251
878.0438330173492, 0.4999064, 0.6376, 2348.341
880.0439386367798, 0.499905, 0.63759, 2348.534
882.0440273284912, 0.4999022, 0.6375917, 2348.624
884.0441246032715, 0.4999055, 0.637593, 2348.33
886.0442204475403, 0.4999009, 0.6375959, 2347.969
888.0443470478058, 0.499904, 0.6375938, 2347.692
890.0444493293762, 0.4999028, 0.6376077, 2347.295
892.0445356369019, 0.4999051, 0.6376126, 2347.04
894.0446197986603, 0.4999042, 0.63761, 2347.037
896.0447187423706, 0.4999025, 0.6376103, 2346.947
898.044807434082, 0.4999029, 0.6376241, 2346.823
900.0449059009552, 0.4999064, 0.6376284, 2346.567
902.0450115203857, 0.4999034, 0.6376333, 2346.364
904.0450925827026, 0.4999062, 0.637644, 2346.539
906.0451755523682, 0.4999029, 0.6376293, 2346.767
908.0452530384064, 0.4999077, 0.6376314, 2346.707
910.0453321933746, 0.4999062, 0.6376289, 2346.838
912.0454351902008, 0.499903, 0.6376282, 2346.865
914.0455372333527, 0.4999065, 0.637638, 2346.662
916.045637845993, 0.4999034, 0.6376393, 2346.628
918.0457332134247, 0.499902, 0.6376343, 2346.728
920.0458240509033, 0.499903, 0.6376406, 2346.518
922.0459384918213, 0.4999043, 0.6376335, 2346.232
924.0460798740387, 0.4999039, 0.6376396, 2346.057
926.0461905002594, 0.4999053, 0.6376505, 2345.833
928.0462687015533, 0.4999049, 0.6376487, 2345.916
930.0463664531708, 0.4999014, 0.6376377, 2346.156
932.0464658737183, 0.4998979, 0.6376397, 2346.139
934.0465478897095, 0.4999016, 0.6376506, 2345.827
936.046638250351, 0.4999017, 0.6376488, 2345.576
938.0467312335968, 0.4999011, 0.6376478, 2345.451
940.0468144416809, 0.4999021, 0.6376554, 2345.29
942.0469191074371, 0.4998976, 0.6376543, 2344.987
944.0470242500305, 0.4999028, 0.6376639, 2344.686
946.047102689743, 0.4999081, 0.6376739, 2344.529
948.0472044944763, 0.4999033, 0.6376801, 2344.277
950.0472891330719, 0.4999003, 0.6376824, 2344.053
952.0473835468292, 0.4999002, 0.6376745, 2343.675
954.0474886894226, 0.4999, 0.6376866, 2343.569
956.0475978851318, 0.4998988, 0.6376957, 2343.744
958.0476922988892, 0.4998975, 0.6376885, 2343.868
960.0477731227875, 0.4998958, 0.6376845, 2343.865
962.0479140281677, 0.4999007, 0.6376962, 2343.813
964.0479989051819, 0.4998977, 0.6376951, 2343.817
966.048103094101, 0.4999007, 0.6376935, 2344.134
968.0481939315796, 0.4999014, 0.6376915, 2344.219
970.0482976436615, 0.4998983, 0.637685, 2344.311
972.0484056472778, 0.499902, 0.6376915, 2344.042
974.0484945774078, 0.4999035, 0.637697, 2343.683
976.0485997200012, 0.4999001, 0.6376921, 2343.662
978.0486888885498, 0.4998972, 0.6376955, 2343.679
980.0487999916077, 0.4998999, 0.6376925, 2343.787
982.0488822460175, 0.4999002, 0.6376988, 2343.784
984.0489971637726, 0.4998999, 0.637695, 2343.68
986.04909324646, 0.4999012, 0.6377046, 2343.352
988.0491905212402, 0.4998991, 0.6377097, 2343.024
990.0492873191833, 0.4998953, 0.6377059, 2342.983
992.049388885498, 0.4999021, 0.6377087, 2342.973
994.0494797229767, 0.4998996, 0.6377169, 2343.109
996.0495824813843, 0.4999038, 0.6377177, 2343.346
998.04971575737, 0.4998994, 0.6377078, 2343.267
1000.0497987270355, 0.4998987, 0.6377147, 2342.997
1002.0498776435852, 0.4998994, 0.6377196, 2342.937
1004.0499677658081, 0.4998988, 0.6377191, 2342.792
1006.0500566959381, 0.4998986, 0.6377269, 2342.786
1008.0501480102539, 0.4998939, 0.6377206, 2342.697
1010.0502352714539, 0.4998984, 0.6377272, 2342.619
1012.0503463745117, 0.4998987, 0.6377188, 2342.439
1014.0504324436188, 0.4998999, 0.637724, 2342.513
1016.0505266189575, 0.4999019, 0.6377402, 2342.549
1018.0506327152252, 0.4999016, 0.6377271, 2342.601
1020.050724029541, 0.4998988, 0.6377368, 2342.498
1022.0508229732513, 0.4998966, 0.63772, 2342.203
1024.050916671753, 0.4998956, 0.6377333, 2341.754
1026.0510048866272, 0.4999, 0.6377396, 2341.529
1028.0511147975922, 0.4999022, 0.6377463, 2341.295
1030.0512113571167, 0.4999025, 0.6377635, 2341.284
1032.0513191223145, 0.4998999, 0.6377585, 2340.824
1034.0514225959778, 0.4999011, 0.637768, 2340.555
1036.0515050888062, 0.4999003, 0.6377715, 2340.632
1038.051587820053, 0.4999004, 0.6377616, 2340.805
1040.0517029762268, 0.4999005, 0.6377708, 2340.976
1042.0517914295197, 0.4998956, 0.6377591, 2341.023
1044.05189037323, 0.4999022, 0.6377736, 2340.906
1046.0519964694977, 0.4999017, 0.6377697, 2340.911
1048.0520927906036, 0.4999031, 0.6377719, 2340.761
1050.052199602127, 0.4998951, 0.6377662, 2340.683
1052.0523052215576, 0.4999025, 0.6377747, 2340.748
1054.0523927211761, 0.4999023, 0.6377766, 2340.706
1056.0525002479553, 0.4999002, 0.6377713, 2340.815
1058.0526375770569, 0.4998997, 0.6377752, 2340.799
1060.052746772766, 0.4998991, 0.6377784, 2340.904
1062.0528552532196, 0.4999041, 0.6377791, 2340.924
1064.0529634952545, 0.4998983, 0.6377709, 2340.526
1066.053069114685, 0.4998987, 0.6377814, 2340.14
1068.0531816482544, 0.4998953, 0.6377847, 2339.83
1070.0532875061035, 0.4999025, 0.6377943, 2339.972
1072.0533862113953, 0.4998994, 0.6377929, 2340.262
1074.0534756183624, 0.4998994, 0.6377931, 2340.274
1076.0535678863525, 0.4999033, 0.6377964, 2340.212
1078.0536799430847, 0.4999016, 0.6377946, 2340.302
1080.0538206100464, 0.4998979, 0.6377912, 2340.552
1082.0539309978485, 0.4999005, 0.6377807, 2340.972
1084.05402302742, 0.4999019, 0.6377833, 2340.88
1086.0541121959686, 0.4998996, 0.6377626, 2340.927
1088.054224729538, 0.4999008, 0.6377761, 2340.667
1090.0543146133423, 0.4998957, 0.6377818, 2340.247
1092.0544142723083, 0.4998954, 0.6377774, 2340.138
1094.0545544624329, 0.4998908, 0.6377803, 2340.064
1096.05464220047, 0.499896, 0.6377822, 2340.133
1098.0547275543213, 0.499901, 0.6377799, 2340.293
1100.0548074245453, 0.499898, 0.6377845, 2340.179
1102.0548951625824, 0.4998965, 0.6377827, 2340.188
1104.0549795627594, 0.4999019, 0.6377931, 2339.968
1106.0550873279572, 0.4999036, 0.6378108, 2339.736
1108.0551872253418, 0.4998994, 0.6377963, 2339.846
1110.0552985668182, 0.4998966, 0.6377951, 2339.997
1112.0554056167603, 0.4998977, 0.6377932, 2340.0
1114.0555152893066, 0.4998993, 0.6377966, 2339.889
1116.0556213855743, 0.4998981, 0.6377938, 2339.889
1118.0557243824005, 0.4999012, 0.6377966, 2339.818
1120.0558278560638, 0.499896, 0.6377805, 2339.632
1122.0559344291687, 0.4998933, 0.6377936, 2339.326
1124.0560302734375, 0.4998947, 0.6377967, 2339.064
1126.056114912033, 0.4998965, 0.6378028, 2338.888
1128.0562028884888, 0.4998988, 0.6378086, 2338.751
1130.0562856197357, 0.4998975, 0.6378169, 2338.65
1132.0563910007477, 0.4998995, 0.6378158, 2338.595
1134.056482553482, 0.4999009, 0.6378178, 2338.578
1136.0565667152405, 0.4998954, 0.637826, 2338.251
1138.056648492813, 0.4998978, 0.6378289, 2338.338
1140.0567457675934, 0.4998975, 0.6378308, 2338.504
1142.0568330287933, 0.4998999, 0.6378328, 2338.488
1144.0569155216217, 0.4999028, 0.6378321, 2338.44
1146.057000875473, 0.4999013, 0.6378389, 2338.307
1148.0571055412292, 0.4998968, 0.6378384, 2338.449
1150.0571970939636, 0.4999002, 0.6378375, 2338.734
1152.0573000907898, 0.4999022, 0.6378323, 2339.052
1154.0574359893799, 0.4998991, 0.6378237, 2338.867
1156.0575685501099, 0.4998986, 0.6378271, 2338.847
1158.0576651096344, 0.4999026, 0.6378418, 2338.828
1160.0577669143677, 0.4998998, 0.6378354, 2338.58
1162.0578644275665, 0.4998977, 0.6378334, 2338.385
1164.0579648017883, 0.499899, 0.6378316, 2338.165
1166.0580477714539, 0.4998971, 0.6378411, 2338.068
1168.0581557750702, 0.4999037, 0.6378452, 2337.999
1170.0582587718964, 0.4998978, 0.6378376, 2338.189
1172.0583672523499, 0.4998989, 0.6378438, 2338.465
1174.0584704875946, 0.4999006, 0.6378451, 2338.479
1176.0585753917694, 0.4998996, 0.6378342, 2338.069
1178.058676481247, 0.4998971, 0.6378419, 2337.825
1180.0587604045868, 0.4999033, 0.6378592, 2337.695
1182.0588710308075, 0.4998996, 0.6378487, 2337.856
1184.0590138435364, 0.4999028, 0.6378481, 2337.918
1186.0591053962708, 0.4998998, 0.6378585, 2337.888
1188.0591876506805, 0.4999022, 0.6378548, 2337.763
1190.0592913627625, 0.4998994, 0.6378621, 2337.437
1192.0593950748444, 0.4999047, 0.6378646, 2337.263
1194.0594964027405, 0.4998992, 0.6378657, 2337.377
1196.0595977306366, 0.4999028, 0.6378637, 2337.56
1198.0596988201141, 0.4998991, 0.637869, 2337.577
1200.0598018169403, 0.4998962, 0.6378501, 2337.424
1202.059904575348, 0.4998956, 0.6378535, 2337.329
1204.0600101947784, 0.4999028, 0.6378778, 2337.243
1206.0601172447205, 0.4999047, 0.6378764, 2337.007
1208.0602178573608, 0.4999009, 0.637878, 2336.925
1210.060317516327, 0.4998985, 0.6378677, 2336.798
1212.0603983402252, 0.4998966, 0.637871, 2336.748
1214.0604910850525, 0.4998974, 0.6378683, 2337.034
1216.06059384346, 0.4999, 0.637868, 2337.386
1218.0606956481934, 0.4999008, 0.6378703, 2337.459
1220.060778617859, 0.4999011, 0.6378672, 2337.195
1222.0608665943146, 0.4998983, 0.6378698, 2337.047
1224.0609483718872, 0.4998934, 0.6378711, 2337.109
1226.0610275268555, 0.4998943, 0.6378601, 2337.077
1228.0611147880554, 0.4998964, 0.6378564, 2336.97
1230.0612156391144, 0.4998971, 0.6378718, 2336.833
1232.0613150596619, 0.4998952, 0.6378708, 2336.865
1234.0614004135132, 0.4998919, 0.6378627, 2336.693
1236.0614960193634, 0.4998941, 0.6378622, 2336.727
1238.0616295337677, 0.4998924, 0.6378719, 2336.909
1240.0617394447327, 0.499891, 0.6378632, 2337.044
1242.061885356903, 0.4998941, 0.6378667, 2337.068
1244.061986207962, 0.4998944, 0.6378594, 2336.884
1246.0620739459991, 0.4998962, 0.6378712, 2336.688
1248.0621819496155, 0.4998917, 0.6378632, 2336.566
1250.0623161792755, 0.4999009, 0.6378861, 2336.586
1252.0624024868011, 0.4999034, 0.6378905, 2336.395
1254.0625092983246, 0.4999003, 0.6378906, 2336.207
1256.0626106262207, 0.4998981, 0.6378904, 2336.01
1258.0627102851868, 0.499897, 0.6378875, 2335.797
1260.062795162201, 0.4998991, 0.6378924, 2335.749
1262.0628843307495, 0.4998997, 0.637906, 2335.695
1264.0629785060883, 0.4998987, 0.6379081, 2335.796
1266.0630798339844, 0.4999008, 0.6379016, 2335.943
1268.0631875991821, 0.4999053, 0.6379118, 2336.137
1270.0632770061493, 0.4999042, 0.6379029, 2336.179
1272.0633673667908, 0.4999045, 0.6379117, 2336.0
1274.0634698867798, 0.4999033, 0.6379085, 2336.011
1276.0635743141174, 0.4999043, 0.6379117, 2335.891
1278.0636744499207, 0.4999017, 0.6379, 2336.163
1280.0638077259064, 0.4999011, 0.6378986, 2336.336
1282.0639095306396, 0.499899, 0.6379044, 2336.261
1284.0640110969543, 0.4999014, 0.6379036, 2336.025
1286.0640954971313, 0.499902, 0.6379002, 2335.856
1288.0641829967499, 0.4999013, 0.6379139, 2335.628
1290.0642673969269, 0.4999017, 0.6379099, 2335.652
1292.0643637180328, 0.4999033, 0.6379137, 2335.803
1294.064465522766, 0.4998994, 0.6379098, 2335.701
1296.0645549297333, 0.499902, 0.6379201, 2335.567
1298.0646390914917, 0.4999014, 0.637907, 2335.332
1300.0647232532501, 0.4999049, 0.6379239, 2334.98
1302.0648243427277, 0.499899, 0.637934, 2334.737
1304.0649194717407, 0.4999014, 0.6379229, 2334.684
1306.0650544166565, 0.4999016, 0.6379328, 2334.436
1308.0651414394379, 0.4998975, 0.6379257, 2334.427
1310.065254688263, 0.4998999, 0.6379182, 2334.65
1312.06534075737, 0.4998968, 0.6379233, 2334.756
1314.065442085266, 0.4999014, 0.6379373, 2334.893
1316.0655899047852, 0.4999007, 0.6379273, 2334.843
1318.0656819343567, 0.499899, 0.6379327, 2334.628
1320.0657649040222, 0.4998991, 0.6379275, 2334.521
1322.0658700466156, 0.499897, 0.6379407, 2334.443
1324.0659563541412, 0.4998996, 0.6379367, 2334.489
1326.0660469532013, 0.4999001, 0.6379476, 2334.432
1328.066148519516, 0.499903, 0.6379426, 2334.522
1330.0662350654602, 0.4999024, 0.6379432, 2334.639
1332.0663340091705, 0.499901, 0.6379447, 2334.648
1334.0664343833923, 0.4999003, 0.6379407, 2334.744
1336.0665357112885, 0.4999049, 0.6379447, 2334.946
1338.0666363239288, 0.4998992, 0.6379354, 2334.66
1340.066733121872, 0.4999004, 0.63794, 2334.301
1342.0668354034424, 0.4998975, 0.6379417, 2334.069
1344.066931962967, 0.4999029, 0.6379512, 2334.166
1346.0670351982117, 0.4999005, 0.6379389, 2334.643
1348.0671305656433, 0.4999029, 0.637949, 2335.091
1350.067211151123, 0.4999023, 0.6379437, 2335.354
1352.0673134326935, 0.4999045, 0.6379488, 2335.32
1354.0674169063568, 0.499904, 0.6379353, 2335.238
1356.0675177574158, 0.4999048, 0.6379404, 2335.107
1358.0676009654999, 0.4999011, 0.6379361, 2335.141
1360.0676889419556, 0.4999002, 0.6379354, 2335.234
1362.0678188800812, 0.4999011, 0.6379263, 2335.521
1364.067922115326, 0.4998987, 0.637932, 2335.402
1366.0680665969849, 0.4998956, 0.6379196, 2335.167
1368.0681750774384, 0.4998975, 0.6379294, 2334.852
1370.068285703659, 0.4999015, 0.6379375, 2334.665
1372.0683691501617, 0.4998987, 0.6379407, 2334.624
1374.0684659481049, 0.4998949, 0.6379373, 2334.515
1376.0685591697693, 0.4998987, 0.6379399, 2334.619
1378.0686588287354, 0.4998939, 0.6379286, 2334.535
1380.0687618255615, 0.4998943, 0.6379344, 2334.541
1382.068861246109, 0.4998965, 0.6379322, 2334.534
1384.068962097168, 0.4998958, 0.6379327, 2334.551
1386.0690422058105, 0.4998992, 0.6379432, 2334.635
1388.069144487381, 0.4999022, 0.6379424, 2334.762
1390.0692422389984, 0.4999012, 0.6379354, 2334.932
1392.069320678711, 0.499898, 0.6379328, 2334.943
1394.0694007873535, 0.4998974, 0.6379304, 2334.882
1396.0695383548737, 0.499898, 0.6379374, 2335.067
1398.069617986679, 0.4999005, 0.6379352, 2335.342
1400.0696976184845, 0.4998998, 0.6379293, 2335.343
1402.069803237915, 0.4998951, 0.6379189, 2335.197
1404.0698900222778, 0.499899, 0.6379247, 2334.904
1406.0699903964996, 0.4998973, 0.6379238, 2334.547
1408.07009267807, 0.4998969, 0.6379366, 2334.308
1410.0701982975006, 0.4998975, 0.6379377, 2334.285
1412.070280790329, 0.4998986, 0.6379493, 2334.276
1414.0703675746918, 0.4999014, 0.6379413, 2334.251
1416.070472240448, 0.4999026, 0.6379483, 2334.545
1418.0706062316895, 0.4998973, 0.6379412, 2334.671
1420.0707306861877, 0.4998977, 0.6379306, 2334.547
1422.0708227157593, 0.4998915, 0.6379317, 2334.451
1424.0709233283997, 0.4998954, 0.6379321, 2334.352
1426.0710217952728, 0.4998901, 0.63794, 2334.347
1428.0711057186127, 0.4999012, 0.6379442, 2334.521
1430.071213722229, 0.4999003, 0.6379423, 2334.714
1432.071349620819, 0.4998999, 0.6379403, 2334.687
1434.0714511871338, 0.4999003, 0.6379492, 2334.685
1436.0715534687042, 0.4998947, 0.6379349, 2334.741
1438.071687221527, 0.4998973, 0.6379427, 2334.871
1440.071789741516, 0.499898, 0.6379408, 2334.82
1442.0718867778778, 0.4998998, 0.6379407, 2334.839
1444.0719804763794, 0.4998991, 0.6379415, 2334.988
1446.0720617771149, 0.4998974, 0.6379429, 2334.856
1448.0721547603607, 0.4999005, 0.6379354, 2334.817
1450.0722396373749, 0.4998994, 0.6379304, 2334.728
1452.0723323822021, 0.4998984, 0.6379448, 2334.333
1454.0724210739136, 0.4999005, 0.637939, 2334.211
1456.072513103485, 0.4999018, 0.6379516, 2334.218
1458.0725944042206, 0.4998979, 0.6379488, 2334.344
1460.072725534439, 0.4998962, 0.6379466, 2334.333
1462.0728385448456, 0.4999014, 0.6379591, 2334.51
1464.0729265213013, 0.4998983, 0.6379477, 2334.57
1466.0730140209198, 0.4999001, 0.6379463, 2334.561
1468.0730910301208, 0.4998945, 0.6379349, 2334.506
1470.0731847286224, 0.4998967, 0.6379397, 2334.329
1472.0732882022858, 0.4998964, 0.6379433, 2333.922
1474.073392868042, 0.499902, 0.6379595, 2333.904
1476.073495388031, 0.4998962, 0.6379536, 2333.971
1478.0735816955566, 0.4998982, 0.6379591, 2333.878
1480.073659658432, 0.4998975, 0.6379592, 2333.547
1482.073759317398, 0.4998973, 0.6379591, 2333.269
1484.0738611221313, 0.4998957, 0.6379599, 2333.14
1486.0739595890045, 0.499899, 0.6379637, 2332.856
1488.074039697647, 0.4999004, 0.6379821, 2332.576
1490.0741293430328, 0.4999046, 0.6379802, 2332.501
1492.0742180347443, 0.4999008, 0.6379964, 2332.136
1494.0743532180786, 0.499902, 0.6379997, 2332.207
1496.0744552612305, 0.4998968, 0.6379829, 2332.446
1498.0745408535004, 0.4998948, 0.6379891, 2332.742
1500.0746285915375, 0.4998904, 0.6379783, 2332.879
1502.074714422226, 0.4998929, 0.6379727, 2332.954
1504.0748000144958, 0.4998964, 0.6379814, 2332.93
1506.074896812439, 0.4998953, 0.6379803, 2333.013
1508.0749990940094, 0.4998963, 0.6379801, 2333.089
1510.0750873088837, 0.4998995, 0.6379805, 2332.888
1512.0751948356628, 0.4998967, 0.6379776, 2332.746
1514.0752940177917, 0.4998981, 0.6379725, 2332.716
1516.0753946304321, 0.4998975, 0.6379776, 2332.735
1518.0754940509796, 0.4998895, 0.6379765, 2332.858
1520.0755777359009, 0.4998951, 0.6379819, 2332.784
1522.0756618976593, 0.4998986, 0.6379849, 2332.41
1524.0757563114166, 0.4998956, 0.6379813, 2332.295
1526.0758895874023, 0.4998969, 0.6379939, 2332.263
1528.076021194458, 0.4999003, 0.6380018, 2332.392
1530.076131105423, 0.4998964, 0.6379793, 2332.75
1532.0762267112732, 0.4998977, 0.6379965, 2332.736
1534.0763273239136, 0.4998975, 0.6379917, 2332.915
1536.076428413391, 0.4998967, 0.637994, 2333.032
1538.0765681266785, 0.4998981, 0.6379855, 2333.15
1540.076672077179, 0.4999005, 0.6379948, 2333.34
1542.0767686367035, 0.4998989, 0.6379827, 2333.145
1544.0768508911133, 0.4998966, 0.6379851, 2332.758
1546.0769329071045, 0.4999007, 0.6379909, 2332.509
1548.0770366191864, 0.4998942, 0.6379924, 2332.156
1550.0771408081055, 0.4998961, 0.6379971, 2331.869
1552.0772321224213, 0.4998959, 0.6379953, 2331.901
1554.0773344039917, 0.4998946, 0.6379983, 2332.187
1556.0774157047272, 0.4998962, 0.6379936, 2332.277
1558.0774948596954, 0.4999005, 0.6380004, 2332.344
1560.0775768756866, 0.4999006, 0.6379996, 2332.176
1562.0777192115784, 0.4998982, 0.6380135, 2332.534
1564.077831029892, 0.4999017, 0.6379949, 2332.74
1566.0779094696045, 0.4999004, 0.6379932, 2332.854
1568.0780382156372, 0.4998997, 0.6379975, 2332.777
1570.0781209468842, 0.4999024, 0.6379957, 2332.695
1572.078200340271, 0.4998948, 0.6379935, 2332.617
1574.0782842636108, 0.499895, 0.6379955, 2332.536
1576.0783672332764, 0.4998971, 0.6379918, 2332.329
1578.0784504413605, 0.4998935, 0.6379965, 2332.323
1580.0785365104675, 0.4998958, 0.637997, 2332.17
1582.078623533249, 0.4998966, 0.6380005, 2332.035
1584.0787618160248, 0.4998982, 0.638001, 2332.032
1586.078865289688, 0.4999008, 0.6380024, 2331.886
1588.0789484977722, 0.4998972, 0.6380127, 2331.868
1590.079027414322, 0.4999018, 0.6380126, 2331.971
1592.079109430313, 0.499897, 0.6380125, 2332.082
1594.0792112350464, 0.4998986, 0.6380073, 2332.078
1596.0793125629425, 0.4998999, 0.6380099, 2331.75
1598.0794155597687, 0.499893, 0.6380086, 2331.598
1600.0795085430145, 0.4998971, 0.6380174, 2331.434
1602.0796151161194, 0.4999024, 0.6380253, 2331.35
1604.0797085762024, 0.499897, 0.6380142, 2331.407
1606.0798153877258, 0.4999004, 0.6380216, 2331.424
1608.079951763153, 0.4998926, 0.6380281, 2331.173
1610.0800421237946, 0.4998981, 0.6380322, 2330.947
1612.0801239013672, 0.4998982, 0.6380344, 2330.848
1614.0802328586578, 0.4999039, 0.6380408, 2331.043
1616.0803208351135, 0.4999028, 0.63804, 2331.116
1618.0804195404053, 0.4999023, 0.6380327, 2331.014
1620.0805220603943, 0.4999006, 0.6380317, 2330.685
1622.0806577205658, 0.4999021, 0.6380402, 2330.378
1624.080739736557, 0.4999019, 0.6380563, 2330.248
1626.0808818340302, 0.4998996, 0.638057, 2330.103
1628.0809907913208, 0.4999001, 0.6380605, 2330.019
1630.0810794830322, 0.4999034, 0.6380685, 2329.722
1632.0811800956726, 0.4999008, 0.6380667, 2329.498
1634.0812594890594, 0.4998991, 0.6380616, 2329.673
1636.081362247467, 0.4999012, 0.6380659, 2329.912
1638.081449508667, 0.4999026, 0.6380667, 2330.163
1640.0815529823303, 0.499898, 0.6380678, 2330.293
1642.0816400051117, 0.4998979, 0.6380595, 2330.182
1644.0817441940308, 0.4999028, 0.6380678, 2330.015
1646.0818376541138, 0.4998985, 0.6380544, 2330.099
1648.0819256305695, 0.4998966, 0.6380487, 2330.086
1650.082008600235, 0.4998953, 0.6380492, 2330.154
1652.0821101665497, 0.4998981, 0.6380551, 2329.924
1654.0821964740753, 0.4999023, 0.6380575, 2329.593
1656.0822768211365, 0.4998986, 0.6380623, 2329.405
1658.082379579544, 0.4998981, 0.6380599, 2329.446
1660.0824813842773, 0.4998994, 0.6380611, 2329.653
1662.0826160907745, 0.4998979, 0.6380584, 2329.848
1664.082715511322, 0.4998914, 0.6380506, 2329.81
1666.0828170776367, 0.4998951, 0.6380583, 2329.826
1668.082897901535, 0.4998964, 0.6380479, 2329.896
1670.082978963852, 0.4998929, 0.6380622, 2330.024
1672.0830726623535, 0.4999006, 0.6380648, 2329.895
1674.0831787586212, 0.4998972, 0.6380594, 2329.739
1676.0832629203796, 0.499897, 0.6380758, 2329.617
1678.0833637714386, 0.4999017, 0.6380682, 2329.51
1680.0834476947784, 0.4998961, 0.6380687, 2329.508
1682.083533525467, 0.499899, 0.6380785, 2329.554
1684.08362698555, 0.4998958, 0.6380711, 2329.333
1686.083706855774, 0.4998999, 0.6380727, 2329.462
1688.0838088989258, 0.4998943, 0.6380709, 2329.589
1690.0838923454285, 0.4998989, 0.6380728, 2329.582
1692.0839943885803, 0.4998955, 0.638068, 2329.657
1694.0840892791748, 0.4998977, 0.6380641, 2329.432
1696.0842010974884, 0.4998953, 0.6380788, 2329.259
1698.0842852592468, 0.4998974, 0.6380766, 2329.217
1700.0844197273254, 0.4999014, 0.6380724, 2328.911
1702.0845048427582, 0.4998966, 0.6380847, 2328.626
1704.0845878124237, 0.4998937, 0.6380827, 2328.58
1706.0846688747406, 0.4999007, 0.6380833, 2328.651
1708.084762096405, 0.4998988, 0.6380884, 2328.494
1710.0848631858826, 0.4998986, 0.6380916, 2328.27
1712.08500623703, 0.4998976, 0.6380923, 2328.069
1714.085110425949, 0.4998962, 0.6381048, 2327.92
1716.0852115154266, 0.4999001, 0.638107, 2327.919
1718.0852921009064, 0.4999, 0.6381071, 2327.95
1720.0853953361511, 0.4998964, 0.6380981, 2328.216
1722.085499048233, 0.4998974, 0.6381001, 2328.169
1724.085598230362, 0.4998968, 0.6381001, 2328.02
1726.0856981277466, 0.4998983, 0.6381059, 2327.769
1728.085785627365, 0.4998957, 0.6381053, 2327.763
1730.085919380188, 0.4998954, 0.6381117, 2327.487
1732.0860087871552, 0.4998982, 0.6381118, 2327.242
1734.0861058235168, 0.4998974, 0.6381169, 2327.289
1736.0862135887146, 0.4998983, 0.6381322, 2327.317
1738.0863146781921, 0.4998991, 0.638123, 2327.294
1740.0864131450653, 0.4998956, 0.6381248, 2326.974
1742.0865161418915, 0.4998977, 0.6381298, 2327.07
1744.0865986347198, 0.4998986, 0.6381234, 2327.311
1746.0867249965668, 0.4998955, 0.6381229, 2327.313
1748.0868291854858, 0.4998957, 0.6381207, 2327.26
1750.0869312286377, 0.4998962, 0.63813, 2327.288
1752.087022781372, 0.4998985, 0.6381166, 2327.008
1754.0871238708496, 0.4999002, 0.63813, 2326.796
1756.087219953537, 0.4998971, 0.6381342, 2326.573
1758.0873005390167, 0.4998958, 0.6381322, 2326.538
1760.087387561798, 0.4998998, 0.638148, 2326.357
1762.0874865055084, 0.4999011, 0.6381469, 2326.426
1764.0875747203827, 0.4998966, 0.6381381, 2326.425
1766.0876636505127, 0.4998964, 0.6381481, 2326.266
1768.0877437591553, 0.4999005, 0.6381509, 2326.359
1770.0878229141235, 0.4999001, 0.6381473, 2326.547
1772.0879616737366, 0.4998985, 0.6381481, 2326.732
1774.0880961418152, 0.499903, 0.6381514, 2326.535
1776.0881853103638, 0.4999046, 0.638159, 2326.302
1778.0882847309113, 0.4999022, 0.6381568, 2326.059
1780.0883712768555, 0.4998983, 0.6381548, 2326.149
1782.0884552001953, 0.4998999, 0.638156, 2326.322
1784.0885438919067, 0.4999014, 0.6381506, 2326.424
1786.088681936264, 0.4998992, 0.6381547, 2326.294
1788.0887656211853, 0.4998995, 0.6381613, 2326.42
1790.0888698101044, 0.4998986, 0.6381548, 2326.41
1792.0889565944672, 0.4998996, 0.6381573, 2326.34
1794.0890610218048, 0.4998976, 0.6381593, 2326.183
1796.089159488678, 0.4999025, 0.6381571, 2326.369
1798.089255809784, 0.4999011, 0.6381587, 2326.449
1800.0893619060516, 0.4998978, 0.6381483, 2326.421
1802.08944606781, 0.4998931, 0.6381472, 2326.519
1804.0895507335663, 0.4998958, 0.638147, 2326.513
1806.0896861553192, 0.4999023, 0.6381572, 2326.254
1808.0898208618164, 0.4998948, 0.638153, 2325.924
1810.089920759201, 0.4998996, 0.6381579, 2325.8
1812.0900220870972, 0.4999, 0.6381591, 2325.818
1814.090102672577, 0.4998956, 0.6381548, 2325.603
1816.0901896953583, 0.4998961, 0.6381678, 2325.273
1818.0902721881866, 0.4998973, 0.6381676, 2325.184
1820.0903692245483, 0.4998979, 0.6381736, 2325.441
1822.0904591083527, 0.4998958, 0.6381617, 2325.51
1824.0905573368073, 0.4998973, 0.6381738, 2325.278
1826.090695142746, 0.4998941, 0.6381616, 2325.286
1828.0908303260803, 0.4998913, 0.638159, 2325.18
1830.0909292697906, 0.4999002, 0.6381709, 2325.082
1832.0910289287567, 0.4998964, 0.6381695, 2325.213
1834.0911257266998, 0.4998938, 0.6381601, 2325.255
1836.0912432670593, 0.4998989, 0.6381648, 2325.42
1838.0913438796997, 0.4998918, 0.6381585, 2325.341
1840.0914378166199, 0.4998965, 0.6381609, 2325.111
1842.0915777683258, 0.4998965, 0.6381745, 2325.02
1844.0916814804077, 0.4998881, 0.6381701, 2325.031
1846.0917601585388, 0.4998921, 0.6381622, 2324.975
1848.0918502807617, 0.4998956, 0.63818, 2324.946
1850.091938495636, 0.4998942, 0.638178, 2324.8
1852.0920391082764, 0.4999003, 0.6381901, 2324.581
1854.0921423435211, 0.4998945, 0.6381885, 2324.706
1856.0922241210938, 0.4998979, 0.6381864, 2324.837
1858.0923585891724, 0.4999028, 0.638194, 2324.852
1860.0924644470215, 0.4998969, 0.6381889, 2324.811
1862.0926003456116, 0.4998943, 0.6381826, 2324.948
1864.0926823616028, 0.4998977, 0.6381881, 2324.962
1866.092764377594, 0.4998986, 0.6381888, 2324.898
1868.0928983688354, 0.4998987, 0.6381963, 2324.783
1870.093034029007, 0.4999011, 0.6381908, 2324.784
1872.0931406021118, 0.4999011, 0.6382017, 2324.896
1874.093241930008, 0.4998968, 0.6381926, 2324.792
1876.0933430194855, 0.4998958, 0.6381866, 2324.626
1878.0934309959412, 0.4998964, 0.6381944, 2324.26
1880.0935668945312, 0.4998956, 0.6382014, 2324.07
1882.0936686992645, 0.4998955, 0.6381999, 2324.005
1884.0937571525574, 0.4998981, 0.6382091, 2324.1
1886.0938482284546, 0.4998994, 0.6382161, 2323.98
1888.0939412117004, 0.4998977, 0.6381904, 2324.271
1890.0940263271332, 0.4998975, 0.6382133, 2324.3
1892.0941033363342, 0.4998986, 0.6382049, 2324.327
1894.0942070484161, 0.4998983, 0.6381977, 2324.386
1896.094307899475, 0.4998983, 0.6381965, 2324.432
1898.0944092273712, 0.4998977, 0.638194, 2324.374
1900.0944888591766, 0.4998952, 0.6381966, 2324.351
1902.0945909023285, 0.4998981, 0.6382028, 2324.221
1904.0946924686432, 0.4998968, 0.6382075, 2324.055
1906.0947923660278, 0.4999008, 0.6382183, 2324.009
1908.094892024994, 0.4998968, 0.6382032, 2324.152
1910.094985961914, 0.4998987, 0.6382089, 2324.26
1912.095085144043, 0.4999018, 0.6382081, 2324.473
1914.0952048301697, 0.4999006, 0.6382127, 2324.453
1916.0952978134155, 0.4998984, 0.638209, 2324.339
1918.0953876972198, 0.4999028, 0.6382121, 2324.284
1920.0954747200012, 0.4999028, 0.6382209, 2324.047
1922.0955681800842, 0.4999015, 0.6382204, 2323.957
1924.0956583023071, 0.4999021, 0.6382133, 2324.184
1926.0957944393158, 0.4998988, 0.638219, 2324.282
1928.0958981513977, 0.4999007, 0.6382138, 2324.25
1930.0960130691528, 0.4998975, 0.6382066, 2324.195
1932.0961062908173, 0.4998967, 0.6382003, 2324.305
1934.0962088108063, 0.4998937, 0.6381989, 2324.136
1936.0962886810303, 0.4998987, 0.6382107, 2323.981
1938.096391916275, 0.4999007, 0.6382197, 2324.011
1940.096492767334, 0.4998983, 0.6382106, 2324.028
1942.0965962409973, 0.4999011, 0.6382244, 2323.978
1944.0966811180115, 0.4999022, 0.6382192, 2323.872
1946.0967671871185, 0.4998979, 0.6382187, 2323.814
1948.0968627929688, 0.4998969, 0.6382162, 2323.578
1950.0969533920288, 0.4998997, 0.6382231, 2323.645
1952.097000837326, 0.4999015, 0.6382259, 2323.654
1954.0971021652222, 0.4998968, 0.6382196, 2323.773
1956.097187280655, 0.4998992, 0.6382074, 2323.71
1958.097321510315, 0.4999022, 0.6382284, 2323.647
1960.097457408905, 0.4998983, 0.638228, 2323.575
1962.0975952148438, 0.4999011, 0.6382317, 2323.552
1964.0977013111115, 0.4999014, 0.6382252, 2323.544
1966.0978360176086, 0.4998968, 0.6382214, 2323.419
1968.0979218482971, 0.4998963, 0.6382242, 2323.396
1970.0980174541473, 0.4998966, 0.6382246, 2323.665
1972.09809923172, 0.4998965, 0.6382221, 2323.75
1974.098210811615, 0.4998978, 0.6382154, 2323.613
1976.0982904434204, 0.4998992, 0.6382287, 2323.333
1978.0983753204346, 0.4999018, 0.6382385, 2323.386
1980.0984659194946, 0.4999019, 0.6382389, 2323.31
1982.098551273346, 0.4998998, 0.6382226, 2323.183
1984.0986394882202, 0.4998966, 0.6382263, 2323.067
1986.0987458229065, 0.4998961, 0.638234, 2322.918
1988.0988807678223, 0.4998968, 0.638234, 2322.72
1990.0989618301392, 0.499902, 0.6382471, 2322.543
1992.0990443229675, 0.4999033, 0.6382574, 2322.188
1994.0991485118866, 0.4998994, 0.6382495, 2322.015
1996.0992496013641, 0.4999001, 0.6382569, 2321.883
1998.0993535518646, 0.4999004, 0.6382585, 2321.71
2000.0994436740875, 0.4998947, 0.6382536, 2321.598
2002.0995268821716, 0.4999016, 0.6382622, 2321.509
2004.0996677875519, 0.4998991, 0.6382693, 2321.594
2006.099779367447, 0.4999045, 0.6382811, 2321.687
2008.099881887436, 0.4999056, 0.6382754, 2321.855
2010.0999872684479, 0.4999045, 0.6382763, 2322.051
2012.1000938415527, 0.4999042, 0.6382691, 2322.437
2014.100200176239, 0.4999049, 0.6382624, 2322.485
2016.100308418274, 0.4999034, 0.6382664, 2322.486
2018.1004130840302, 0.4999019, 0.6382766, 2322.163
2020.1005206108093, 0.4999004, 0.6382715, 2322.267
2022.1006665229797, 0.4999034, 0.6382595, 2322.187
2024.1007707118988, 0.4999012, 0.6382645, 2321.841
2026.100858449936, 0.499899, 0.6382733, 2321.575
2028.1009616851807, 0.4999013, 0.6382773, 2321.366
2030.1010575294495, 0.499902, 0.6382716, 2321.262
2032.1011381149292, 0.4998955, 0.6382708, 2321.108
2034.1012210845947, 0.4999005, 0.6382895, 2321.19
2036.101303100586, 0.4998994, 0.6382853, 2321.27
2038.1013884544373, 0.499901, 0.6382819, 2321.127
2040.1014919281006, 0.4999022, 0.6382934, 2321.166
2042.1015861034393, 0.499905, 0.6382946, 2321.015
2044.1016731262207, 0.4998991, 0.638293, 2320.776
2046.1017615795135, 0.4999024, 0.6382971, 2320.835
2048.101850271225, 0.4999007, 0.6382978, 2320.745
2050.101944208145, 0.4998977, 0.6383018, 2320.621
2052.102075099945, 0.4998967, 0.6383026, 2320.589
2054.1021814346313, 0.4999013, 0.6383034, 2320.382
2056.1022822856903, 0.4998997, 0.638308, 2320.411
2058.102378845215, 0.4998963, 0.6383082, 2320.561
2060.102479696274, 0.4999018, 0.6383086, 2320.343
2062.10257935524, 0.4998973, 0.6383093, 2320.377
2064.1026797294617, 0.499902, 0.6383049, 2320.578
2066.1027817726135, 0.4998993, 0.6383082, 2320.496
2068.102877140045, 0.4999007, 0.6383125, 2320.307
2070.1029822826385, 0.4999005, 0.6383088, 2320.233
2072.1030645370483, 0.4998994, 0.6383188, 2320.199
2074.103149652481, 0.4998993, 0.638309, 2320.408
2076.1032428741455, 0.4998947, 0.638298, 2320.395
2078.1033787727356, 0.4998977, 0.6383068, 2320.276
2080.1034598350525, 0.4998961, 0.6383045, 2320.302
2082.1035408973694, 0.4998947, 0.6383011, 2320.257
2084.1036174297333, 0.4999006, 0.638309, 2320.206
2086.103718996048, 0.4998988, 0.6383111, 2320.021
2088.103799343109, 0.4999007, 0.6383195, 2319.765
2090.1038823127747, 0.4998985, 0.6383236, 2319.623
2092.1039848327637, 0.4998988, 0.6383263, 2319.453
2094.1040711402893, 0.4998943, 0.6383152, 2319.495
2096.104157447815, 0.4998982, 0.6383201, 2319.6
2098.1042578220367, 0.4999002, 0.6383131, 2319.559
2100.1043977737427, 0.4998988, 0.6383264, 2319.513
2102.104481458664, 0.4999023, 0.6383342, 2319.476
2104.104563474655, 0.4998992, 0.63834, 2319.663
2106.1046974658966, 0.4999015, 0.6383225, 2319.736
2108.1047928333282, 0.4999043, 0.6383223, 2319.796
2110.10489487648, 0.4999052, 0.6383278, 2319.664
2112.105013370514, 0.4999007, 0.6383334, 2319.667
2114.10511803627, 0.4999065, 0.6383332, 2319.723
2116.1052055358887, 0.4999009, 0.638335, 2319.752
2118.105308532715, 0.4999042, 0.6383418, 2319.545
2120.1054034233093, 0.4999013, 0.6383371, 2319.356
2122.105505466461, 0.4999029, 0.6383376, 2319.316
2124.105591773987, 0.4999021, 0.6383402, 2319.199
2126.1057291030884, 0.4998986, 0.6383273, 2319.469
2128.1058118343353, 0.4999006, 0.6383376, 2319.622
2130.105913877487, 0.4998956, 0.6383165, 2319.43
2132.106014728546, 0.4998948, 0.638321, 2319.353
2134.1061012744904, 0.4998916, 0.6383137, 2319.45
2136.106186389923, 0.4998906, 0.6383087, 2319.324
2138.106285572052, 0.4998968, 0.6383212, 2319.165
2140.1063661575317, 0.4998973, 0.6383217, 2319.068
2142.1064999103546, 0.4998983, 0.6383382, 2318.892
2144.1066031455994, 0.4998985, 0.6383341, 2318.929
2146.1067373752594, 0.4998983, 0.638333, 2318.817
2148.1068243980408, 0.4998953, 0.6383209, 2318.848
2150.106913328171, 0.4998921, 0.638325, 2318.923
2152.1070153713226, 0.4998936, 0.6383322, 2318.96
2154.1070985794067, 0.4998967, 0.6383248, 2318.879
2156.107206106186, 0.4998961, 0.638332, 2319.061
2158.1072959899902, 0.4998955, 0.6383235, 2319.144
2160.107391357422, 0.4998962, 0.6383289, 2319.135
2162.1074945926666, 0.4998969, 0.6383349, 2319.35
2164.1075959205627, 0.4998967, 0.6383337, 2319.207
2166.1077291965485, 0.4998915, 0.6383289, 2319.108
2168.10782456398, 0.4998941, 0.6383307, 2319.009
2170.1079161167145, 0.4998966, 0.6383318, 2318.881
2172.108014822006, 0.4998962, 0.6383368, 2318.721
2174.1081507205963, 0.4998924, 0.6383375, 2318.643
2176.108249902725, 0.4998949, 0.6383547, 2318.71
2178.1083376407623, 0.4998941, 0.6383403, 2318.804
2180.1084730625153, 0.4998973, 0.6383484, 2318.736
2182.108568906784, 0.4998937, 0.638329, 2318.638
2184.108704805374, 0.499888, 0.6383351, 2318.621
2186.108799934387, 0.4998912, 0.6383308, 2318.702
2188.1088874340057, 0.4998908, 0.6383251, 2318.585
2190.108966112137, 0.4998907, 0.6383222, 2318.616
2192.109049320221, 0.4998907, 0.638336, 2318.362
2194.109133005142, 0.4998939, 0.6383403, 2318.149
2196.109218597412, 0.4998956, 0.6383457, 2317.994
2198.109301328659, 0.4998924, 0.6383525, 2318.073
2200.109393119812, 0.4998931, 0.6383473, 2318.159
2202.1094784736633, 0.4998932, 0.638344, 2318.351
2204.109561920166, 0.4998954, 0.6383518, 2318.442
2206.1096456050873, 0.4998956, 0.6383459, 2318.353
2208.1097407341003, 0.4998917, 0.6383438, 2318.34
2210.1098363399506, 0.4998918, 0.6383449, 2318.32
2212.1099684238434, 0.4998955, 0.6383458, 2318.428
2214.110062599182, 0.4998904, 0.6383313, 2318.405
2216.110214471817, 0.4998927, 0.6383461, 2318.268
2218.1103253364563, 0.4998894, 0.6383462, 2318.149
2220.110420227051, 0.4998934, 0.6383495, 2317.785
2222.110511302948, 0.4998905, 0.6383502, 2317.59
2224.110645532608, 0.4998889, 0.6383486, 2317.445
2226.1107432842255, 0.499891, 0.6383542, 2317.262
2228.110825777054, 0.4998915, 0.6383694, 2317.12
2230.1109368801117, 0.4998949, 0.6383658, 2317.19
2232.1110348701477, 0.4998928, 0.6383631, 2317.33
2234.111138343811, 0.4998982, 0.6383833, 2317.546
2236.111246109009, 0.4998971, 0.6383767, 2317.327
2238.111342906952, 0.4998971, 0.6383867, 2317.165
2240.1114473342896, 0.4998973, 0.6383876, 2317.156
2242.111535549164, 0.4998949, 0.6383741, 2317.154
2244.1116287708282, 0.4998961, 0.6383782, 2317.232
2246.1117300987244, 0.4998933, 0.6383698, 2317.337
2248.1118190288544, 0.4998956, 0.6383786, 2317.313
2250.1119198799133, 0.4998951, 0.6383846, 2317.343
2252.112025976181, 0.4998985, 0.6383804, 2317.197
2254.1121187210083, 0.499896, 0.6383836, 2317.152
2256.112221479416, 0.499902, 0.6383905, 2317.105
2258.1123054027557, 0.499897, 0.638384, 2317.339
2260.11239862442, 0.4998982, 0.6383799, 2317.574
2262.1124851703644, 0.4998985, 0.6383704, 2317.817
2264.1126165390015, 0.4999027, 0.6383799, 2317.925
2266.1127002239227, 0.4999016, 0.6383864, 2318.037
2268.112807750702, 0.4999036, 0.6383864, 2317.992
2270.1128947734833, 0.4999025, 0.6383827, 2317.892
2272.113037109375, 0.4998955, 0.6383867, 2317.744
2274.113124370575, 0.4999011, 0.6383624, 2317.706
2276.113216161728, 0.4998992, 0.6383749, 2317.604
2278.1133172512054, 0.4998984, 0.6383734, 2317.522
2280.1134033203125, 0.4998975, 0.6383799, 2317.523
2282.1135063171387, 0.4998948, 0.6383777, 2317.66
2284.1136062145233, 0.4998981, 0.6383793, 2318.15
2286.1136915683746, 0.4998953, 0.638369, 2318.49
2288.113827228546, 0.4998967, 0.6383596, 2318.637
2290.113917350769, 0.4998949, 0.6383618, 2318.803
2292.114034175873, 0.4999, 0.6383578, 2318.936
2294.1141364574432, 0.499901, 0.6383517, 2318.922
2296.1142263412476, 0.4998973, 0.6383549, 2318.866
2298.114327430725, 0.4998957, 0.6383519, 2318.865
2300.114413022995, 0.4998966, 0.6383458, 2318.949
2302.1145038604736, 0.4998965, 0.6383428, 2319.003
2304.114590883255, 0.4998949, 0.6383372, 2318.892
2306.114693880081, 0.4998963, 0.6383458, 2318.706
2308.1147820949554, 0.4998963, 0.6383414, 2318.568
2310.1148726940155, 0.4998922, 0.6383516, 2318.463
2312.1149768829346, 0.4998925, 0.6383482, 2318.368
2314.11510682106, 0.4998946, 0.6383605, 2318.635
2316.115240573883, 0.4998953, 0.6383496, 2318.925
2318.1153366565704, 0.4998927, 0.6383439, 2318.921
2320.1154358386993, 0.4998937, 0.6383394, 2318.843
2322.115536212921, 0.4998921, 0.6383305, 2318.587
2324.1156215667725, 0.4998908, 0.6383408, 2318.551
2326.115705013275, 0.4998929, 0.6383347, 2318.929
2328.115843772888, 0.4998914, 0.6383358, 2319.007
2330.11593914032, 0.4998945, 0.6383371, 2318.921
2332.116044282913, 0.4998915, 0.6383398, 2318.839
2334.116133213043, 0.4998944, 0.6383404, 2318.898
2336.116222381592, 0.4998908, 0.638353, 2318.51
2338.1163291931152, 0.4998941, 0.6383456, 2318.241
2340.116444349289, 0.499891, 0.6383374, 2318.302
2342.1165528297424, 0.499886, 0.638342, 2318.367
2344.1166541576385, 0.4998924, 0.6383399, 2318.335
2346.1167554855347, 0.4998934, 0.6383491, 2318.301
2348.1168463230133, 0.4998913, 0.6383573, 2318.311
2350.1169469356537, 0.4998941, 0.6383555, 2318.462
2352.117046356201, 0.4998912, 0.6383534, 2318.445
2354.117151260376, 0.4998888, 0.6383417, 2318.59
2356.1172409057617, 0.499892, 0.6383409, 2318.74
2358.117333650589, 0.4998902, 0.6383266, 2318.967
2360.117423772812, 0.4998913, 0.6383365, 2318.84
2362.1175589561462, 0.4998891, 0.6383464, 2318.677
2364.117664337158, 0.4998905, 0.6383461, 2318.605
2366.117755174637, 0.4998905, 0.6383392, 2318.624
2368.1178393363953, 0.4998975, 0.6383636, 2318.567
2370.1179237365723, 0.4999007, 0.6383492, 2318.543
2372.118027448654, 0.4998974, 0.6383591, 2318.471
2374.1181087493896, 0.4999015, 0.6383735, 2318.262
2376.1182153224945, 0.4998975, 0.6383669, 2318.023
2378.118310689926, 0.4998989, 0.6383686, 2318.002
2380.1184000968933, 0.4998977, 0.6383709, 2317.938
2382.1184906959534, 0.4998956, 0.638365, 2317.89
2384.118590116501, 0.4998992, 0.6383688, 2317.868
2386.118679523468, 0.4998953, 0.6383659, 2317.735
2388.1187777519226, 0.4998906, 0.6383766, 2317.607
2390.118868112564, 0.4998952, 0.6383684, 2317.617
2392.1189782619476, 0.4998918, 0.6383713, 2317.664
2394.1190736293793, 0.4998952, 0.638362, 2317.611
2396.119167804718, 0.4998961, 0.6383655, 2317.442
2398.119265794754, 0.4998955, 0.638372, 2317.446
2400.1193799972534, 0.4999018, 0.6383865, 2317.37
2402.1194863319397, 0.4999009, 0.6383808, 2317.343
2404.1195895671844, 0.4999, 0.6383846, 2317.37
2406.1196694374084, 0.4998941, 0.6383816, 2317.511
2408.119771718979, 0.4998968, 0.6383785, 2317.367
2410.119874715805, 0.4998962, 0.6383842, 2317.485
2412.1199719905853, 0.4998958, 0.6383734, 2317.419
2414.1200749874115, 0.4998985, 0.6383898, 2317.218
2416.120210170746, 0.499896, 0.6383849, 2317.06
2418.120297431946, 0.4998992, 0.6383835, 2317.278
2420.120400905609, 0.4998965, 0.6383777, 2317.322
2422.1205027103424, 0.4998971, 0.6383767, 2317.275
2424.1206047534943, 0.499895, 0.6383815, 2317.016
2426.120707511902, 0.4998949, 0.6383747, 2316.865
2428.1208477020264, 0.4998948, 0.6383877, 2316.702
2430.120928287506, 0.4998957, 0.6383842, 2316.905
2432.120999097824, 0.4998955, 0.6383842, 2317.036
2434.121093273163, 0.4998971, 0.6383973, 2316.712
2436.1211864948273, 0.4998977, 0.6383953, 2316.655
2438.1212759017944, 0.499896, 0.6384064, 2316.556
2440.121377468109, 0.4998976, 0.6384076, 2316.461
2442.121477365494, 0.4998988, 0.638413, 2316.491
2444.121561527252, 0.4998975, 0.6384122, 2316.446
2446.121647119522, 0.4998978, 0.6384103, 2316.478
2448.121730327606, 0.4998981, 0.6384034, 2316.565
2450.121827363968, 0.4999013, 0.638412, 2316.737
2452.1219346523285, 0.4998983, 0.6384112, 2316.651
2454.122036218643, 0.499891, 0.6384017, 2316.47
2456.1221330165863, 0.4998962, 0.6384041, 2316.585
2458.122268676758, 0.4998962, 0.6384035, 2316.687
2460.122358560562, 0.4998961, 0.6384004, 2316.723
2462.122491121292, 0.4998971, 0.6383944, 2316.83
2464.1226229667664, 0.4998946, 0.6383996, 2316.939
2466.122724533081, 0.4998973, 0.638394, 2316.857
2468.122814178467, 0.4998985, 0.6384057, 2317.105
2470.122897863388, 0.4998983, 0.6384117, 2317.105
2472.12300157547, 0.4998997, 0.6384063, 2317.198
2474.1231083869934, 0.4999004, 0.6384084, 2317.25
2476.1232414245605, 0.499897, 0.638397, 2317.378
2478.1233241558075, 0.4998975, 0.6383955, 2317.649
2480.1234250068665, 0.4998983, 0.638391, 2317.757
2482.1235132217407, 0.4998987, 0.6383941, 2317.562
2484.1236000061035, 0.4999011, 0.6384022, 2317.44
2486.123685359955, 0.4998989, 0.6383982, 2317.372
2488.123772382736, 0.4999021, 0.6384045, 2317.39
2490.123857975006, 0.4998986, 0.6383948, 2317.341
2492.12393951416, 0.499894, 0.6383885, 2317.33
2494.124031305313, 0.4998984, 0.6383911, 2317.272
2496.1241199970245, 0.4998985, 0.6383958, 2317.07
2498.1241986751556, 0.4998996, 0.6384048, 2316.878
2500.1243340969086, 0.4998975, 0.6384109, 2316.661
2502.1244213581085, 0.4998958, 0.6384012, 2316.62
2504.124522924423, 0.4998971, 0.6384063, 2316.464
2506.124629497528, 0.4998979, 0.638413, 2316.33
2508.1247313022614, 0.499905, 0.6384078, 2316.208
2510.1248359680176, 0.4998977, 0.6384114, 2316.007
2512.1249401569366, 0.4998966, 0.638415, 2315.769
2514.125043153763, 0.4998987, 0.6384197, 2315.641
2516.125128030777, 0.4998982, 0.638417, 2315.57
2518.125230073929, 0.499899, 0.6384322, 2315.765
2520.125309944153, 0.4999045, 0.638427, 2316.187
2522.1253955364227, 0.4999022, 0.6384208, 2316.671
2524.125497341156, 0.4999013, 0.6384104, 2317.12
2526.1255984306335, 0.4998951, 0.6384006, 2317.459
2528.1256988048553, 0.4998981, 0.638401, 2317.499
2530.1257996559143, 0.4998972, 0.6383992, 2317.265
2532.1258993148804, 0.4999011, 0.638407, 2316.92
2534.126033782959, 0.499897, 0.6384074, 2316.729
2536.126179933548, 0.4998996, 0.6384091, 2316.789
2538.1262695789337, 0.4999008, 0.6384087, 2316.709
2540.126355409622, 0.4999024, 0.638408, 2316.919
2542.126456975937, 0.4998981, 0.6384045, 2316.992
2544.12655043602, 0.4998977, 0.6384028, 2316.969
2546.12663936615, 0.4998955, 0.6383961, 2316.973
2548.1267714500427, 0.4999, 0.6384024, 2317.272
2550.126889228821, 0.4999008, 0.6383944, 2317.468
2552.126994371414, 0.4998975, 0.6383919, 2317.641
2554.127086877823, 0.4998984, 0.6383775, 2318.036
2556.1271731853485, 0.4998996, 0.6383874, 2317.958
2558.1272752285004, 0.4998968, 0.6383857, 2317.498
2560.127376794815, 0.4998977, 0.6383979, 2317.333
2562.1274580955505, 0.4998996, 0.6383952, 2317.395
2564.1275408267975, 0.4998994, 0.6383945, 2317.462
2566.127683401108, 0.4998996, 0.6383957, 2317.563
2568.1277775764465, 0.4998994, 0.6383964, 2317.579
2570.127911567688, 0.4998958, 0.6383896, 2317.402
2572.128014087677, 0.4998989, 0.6383911, 2317.273
2574.128093481064, 0.4999013, 0.6383941, 2317.237
2576.128193616867, 0.4998993, 0.6383992, 2317.333
2578.128299474716, 0.4998992, 0.638399, 2317.346
2580.128401994705, 0.4999011, 0.6383954, 2317.382
2582.1285054683685, 0.4999006, 0.6383939, 2317.425
2584.128609418869, 0.4999019, 0.6384054, 2317.3
2586.1287026405334, 0.4999004, 0.6383941, 2317.329
2588.1287882328033, 0.4998974, 0.6383831, 2317.387
2590.1288764476776, 0.4998992, 0.6383861, 2317.41
2592.1289880275726, 0.4999016, 0.6383903, 2317.562
2594.129070043564, 0.4998947, 0.638387, 2317.66
2596.1291575431824, 0.499897, 0.6383853, 2317.675
2598.129285812378, 0.4998991, 0.6383858, 2317.655
2600.1293845176697, 0.4998985, 0.6383876, 2317.949
2602.129468202591, 0.4998991, 0.6383766, 2317.966
2604.129609823227, 0.4998988, 0.6383807, 2318.03
2606.1296977996826, 0.4999038, 0.6383834, 2317.946
2608.1298265457153, 0.4999037, 0.6383934, 2317.926
2610.129927635193, 0.499903, 0.6383837, 2317.976
2612.130029439926, 0.4998991, 0.6383875, 2317.831
2614.1301367282867, 0.4999021, 0.6383897, 2317.444
2616.1302223205566, 0.4999033, 0.6383913, 2317.299
2618.1303038597107, 0.4999026, 0.6384, 2317.247
2620.130384683609, 0.4998971, 0.6383903, 2317.309
2622.1304926872253, 0.4998998, 0.6383974, 2317.137
2624.1305758953094, 0.4999004, 0.638398, 2317.116
2626.1306784152985, 0.499902, 0.6384031, 2317.174
2628.1308121681213, 0.4999013, 0.6384014, 2316.902
2630.130920648575, 0.4998988, 0.6384051, 2316.95
2632.1310651302338, 0.4998948, 0.6384023, 2316.97
2634.131208181381, 0.4998991, 0.6384004, 2317.014
2636.1313092708588, 0.4999015, 0.6384126, 2316.973
2638.1314129829407, 0.4998975, 0.638403, 2317.144
2640.1315133571625, 0.4998969, 0.6383919, 2317.319
2642.131597518921, 0.4998999, 0.638405, 2317.13
2644.13169670105, 0.4999032, 0.6384019, 2317.26
2646.131798028946, 0.4998952, 0.6383951, 2317.463
2648.131881713867, 0.4999003, 0.638398, 2317.674
2650.1319687366486, 0.4999024, 0.6384109, 2317.646
2652.1320526599884, 0.4999032, 0.6384016, 2317.616
2654.132160425186, 0.4999035, 0.638396, 2317.527
2656.1322622299194, 0.4998997, 0.6383917, 2317.576
2658.132365465164, 0.4999014, 0.6383933, 2317.729
2660.132469892502, 0.4999025, 0.6383919, 2317.716
2662.1325767040253, 0.4998999, 0.6383888, 2317.846
2664.1327106952667, 0.4999014, 0.6383903, 2318.005
2666.132847547531, 0.499902, 0.6383835, 2317.995
2668.1329476833344, 0.4998973, 0.6383788, 2317.792
2670.133022069931, 0.4999009, 0.6383925, 2317.57
2672.1331231594086, 0.4998997, 0.6383939, 2317.254
2674.133224248886, 0.4999028, 0.6383973, 2317.168
2676.1333174705505, 0.4999025, 0.6383995, 2317.091
2678.133420944214, 0.4999003, 0.6384052, 2316.98
2680.1335034370422, 0.4999, 0.6384049, 2317.152
2682.133599281311, 0.4998998, 0.6383916, 2317.439
2684.1336917877197, 0.4999026, 0.6384074, 2317.384
2686.1338090896606, 0.4998987, 0.6383951, 2317.394
2688.133911371231, 0.4998978, 0.6383967, 2317.281
2690.134014606476, 0.4999018, 0.638401, 2317.216
2692.1340997219086, 0.4999047, 0.6384031, 2317.059
2694.1341807842255, 0.4999036, 0.6384118, 2317.034
2696.1342697143555, 0.4999044, 0.638413, 2316.848
2698.1343717575073, 0.4999055, 0.6384201, 2316.615
2700.1344747543335, 0.4999041, 0.6384203, 2316.521
2702.1345629692078, 0.4999011, 0.638409, 2316.538
2704.134651184082, 0.4999053, 0.6384256, 2316.634
2706.134754419327, 0.4999028, 0.6384258, 2316.693
2708.134838581085, 0.4998982, 0.6384166, 2316.671
2710.134922027588, 0.4999034, 0.6384164, 2316.713
2712.1350259780884, 0.4998956, 0.6384108, 2316.907
2714.135136127472, 0.499896, 0.6384099, 2316.892
2716.1352167129517, 0.4998915, 0.6384006, 2316.601
2718.135313272476, 0.499893, 0.6384064, 2316.448
2720.135414838791, 0.499896, 0.6384055, 2316.424
2722.1355175971985, 0.499889, 0.6383964, 2316.45
2724.1355996131897, 0.4998941, 0.6384089, 2316.469
2726.13570189476, 0.4998953, 0.6384152, 2316.326
2728.135805130005, 0.4998953, 0.6384148, 2316.108
2730.1359062194824, 0.4998917, 0.6384141, 2315.794
2732.136017560959, 0.4998939, 0.6384273, 2315.54
2734.1361622810364, 0.499893, 0.6384332, 2315.387
2736.1362524032593, 0.4998929, 0.6384309, 2315.467
2738.1363558769226, 0.499899, 0.6384249, 2315.551
2740.13644695282, 0.499902, 0.6384352, 2315.724
2742.136583328247, 0.4999041, 0.6384374, 2315.694
2744.1367185115814, 0.4998955, 0.6384384, 2315.546
2746.1368527412415, 0.4999025, 0.6384463, 2315.514
2748.1369388103485, 0.4999036, 0.6384456, 2315.77
2750.1370368003845, 0.4999026, 0.6384398, 2316.063
2752.1371438503265, 0.4999036, 0.638439, 2315.975
2754.1372787952423, 0.4999033, 0.6384405, 2315.891
2756.137415409088, 0.4999079, 0.6384394, 2316.003
2758.137552022934, 0.4999018, 0.6384462, 2316.104
2760.137687444687, 0.4999033, 0.6384367, 2316.231
2762.13778591156, 0.4999035, 0.6384251, 2316.789
2764.1378881931305, 0.4999045, 0.638427, 2316.98
2766.1379778385162, 0.4999, 0.6384237, 2317.212
2768.138073682785, 0.4999038, 0.6384218, 2317.237
2770.1381692886353, 0.499905, 0.6384112, 2317.657
2772.1382489204407, 0.4999005, 0.6384088, 2317.71
2774.138349533081, 0.4999055, 0.6384152, 2317.659
2776.138452529907, 0.4999053, 0.6384097, 2317.465
2778.138547182083, 0.4999005, 0.6384096, 2317.519
2780.138640165329, 0.4998998, 0.6384011, 2317.483
2782.138726234436, 0.4998973, 0.6383974, 2317.488
2784.1388351917267, 0.4999011, 0.6383983, 2317.469
2786.138968706131, 0.4998972, 0.6383979, 2317.376
2788.1390738487244, 0.4998986, 0.6384055, 2317.301
2790.1391603946686, 0.499902, 0.6384027, 2317.301
2792.1392481327057, 0.4999049, 0.6384142, 2317.146
2794.139335155487, 0.4999048, 0.6384122, 2317.412
2796.139424085617, 0.499904, 0.6384093, 2317.474
2798.1395099163055, 0.4999005, 0.6384048, 2317.273
2800.139642715454, 0.4999002, 0.6384077, 2317.224
2802.139728307724, 0.4999026, 0.6384064, 2317.156
2804.139867782593, 0.4998989, 0.6384039, 2317.067
2806.14000749588, 0.4998985, 0.6384042, 2317.251
2808.1401088237762, 0.4998962, 0.6384, 2317.425
2810.1401925086975, 0.4999004, 0.6384077, 2317.311
2812.140283346176, 0.4999012, 0.6384145, 2317.178
2814.1403815746307, 0.4999028, 0.6384139, 2317.22
2816.1404643058777, 0.4998996, 0.6384055, 2317.369
2818.1405987739563, 0.4999028, 0.6384064, 2317.371
2820.140699863434, 0.4999024, 0.6384086, 2317.517
2822.14080953598, 0.4999037, 0.6383969, 2317.797
2824.140911579132, 0.499899, 0.6383951, 2317.947
2826.141000032425, 0.4999029, 0.6383994, 2317.966
2828.141104221344, 0.4999068, 0.6383966, 2317.817
2830.14120554924, 0.4999046, 0.6383955, 2317.989
2832.141295671463, 0.4998997, 0.6383948, 2317.866
2834.1414003372192, 0.4999026, 0.6383956, 2317.76
2836.1415028572083, 0.4999063, 0.6383987, 2317.548
2838.1415979862213, 0.4998988, 0.6383994, 2317.362
2840.1417343616486, 0.4999037, 0.6384056, 2317.461
2842.1418194770813, 0.4999058, 0.6384073, 2317.482
2844.141912460327, 0.4999018, 0.6383935, 2317.656
2846.1420035362244, 0.4998989, 0.6384012, 2317.615
2848.1420936584473, 0.4998989, 0.6383935, 2317.555
2850.1422290802, 0.4998962, 0.6383903, 2317.61
2852.142327308655, 0.4999025, 0.6383881, 2317.686
2854.1424312591553, 0.4999047, 0.6383926, 2317.832
2856.1425449848175, 0.4999026, 0.6383955, 2317.888
2858.142627477646, 0.4999004, 0.6383796, 2317.798
2860.1427323818207, 0.4999042, 0.638394, 2317.672
2862.1428322792053, 0.4998985, 0.6383951, 2317.337
2864.14293217659, 0.4999013, 0.6384001, 2317.162
2866.143033504486, 0.4998915, 0.638379, 2316.983
2868.1431386470795, 0.4998891, 0.6383898, 2316.956
2870.14324092865, 0.4998973, 0.638389, 2316.919
2872.143342733383, 0.4998961, 0.638385, 2317.01
2874.1434457302094, 0.4998955, 0.638388, 2316.939
2876.1435482501984, 0.499894, 0.6383955, 2316.962
2878.143651485443, 0.4998932, 0.6383909, 2316.996
2880.1437537670135, 0.4999026, 0.6384034, 2317.078
2882.143858194351, 0.4999019, 0.6384129, 2317.1
2884.143989086151, 0.4998994, 0.6384142, 2317.29
2886.1440830230713, 0.4999024, 0.6384103, 2317.441
2888.144166946411, 0.4999036, 0.6384124, 2317.39
2890.144268989563, 0.4999007, 0.638405, 2317.147
2892.144371986389, 0.4999039, 0.6384089, 2316.831
2894.1444761753082, 0.4998992, 0.6384105, 2316.75
2896.144558429718, 0.4999036, 0.638412, 2316.97
2898.1446585655212, 0.4999031, 0.638409, 2317.022
2900.14479470253, 0.4999084, 0.6384216, 2317.084
2902.1449410915375, 0.499905, 0.6384199, 2317.075
2904.145045042038, 0.4999048, 0.6384104, 2316.943
2906.145138502121, 0.499905, 0.6384151, 2316.739
2908.145274400711, 0.4999049, 0.6384186, 2316.605
2910.1453800201416, 0.4999079, 0.6384301, 2316.496
2912.1455092430115, 0.4999061, 0.6384258, 2316.326
2914.1456122398376, 0.4999057, 0.6384315, 2316.325
2916.1457147598267, 0.4999047, 0.6384283, 2316.56
2918.145793199539, 0.4999044, 0.6384197, 2316.788
2920.145893096924, 0.4998964, 0.6384152, 2316.92
2922.14599275589, 0.4999011, 0.6384168, 2317.048
2924.146099805832, 0.4999013, 0.6384097, 2317.019
2926.146202802658, 0.4999008, 0.6384127, 2316.953
2928.146289587021, 0.4999008, 0.6384076, 2317.055
2930.146391391754, 0.4998992, 0.6384107, 2317.243
2932.146491289139, 0.4999007, 0.6384066, 2317.352
2934.1465966701508, 0.4999014, 0.6384042, 2317.442
2936.1466805934906, 0.4998994, 0.6384013, 2317.525
2938.1467628479004, 0.4999023, 0.6384026, 2317.485
2940.1468443870544, 0.4999, 0.6384013, 2317.521
2942.1469275951385, 0.499896, 0.638393, 2317.158
2944.147030353546, 0.4998925, 0.6383973, 2316.798
2946.147115468979, 0.4999005, 0.63841, 2316.51
2948.147216796875, 0.4999056, 0.6384212, 2316.384
2950.147297143936, 0.4999016, 0.6384192, 2316.462
2952.1474001407623, 0.4999001, 0.6384103, 2316.22
2954.1475043296814, 0.4998996, 0.6384178, 2316.427
2956.147591114044, 0.499901, 0.6384118, 2316.947
2958.1476933956146, 0.4998983, 0.6384076, 2317.18
2960.147794008255, 0.4998985, 0.6384071, 2317.348
2962.1479098796844, 0.499902, 0.638399, 2317.385
2964.1479907035828, 0.4999027, 0.6384047, 2317.226
2966.1480824947357, 0.4998991, 0.6383985, 2316.975
2968.1481840610504, 0.4998987, 0.6383955, 2317.079
2970.148282289505, 0.4998966, 0.6383978, 2317.436
2972.148369073868, 0.4998997, 0.6383979, 2317.686
2974.1484718322754, 0.4999016, 0.6383891, 2318.021
2976.1485736370087, 0.4998975, 0.6383853, 2318.074
2978.1486768722534, 0.4999007, 0.6383914, 2317.962
2980.148781299591, 0.4999015, 0.6383954, 2317.782
2982.1488847732544, 0.4998987, 0.6383921, 2317.471
2984.1490001678467, 0.4999064, 0.6384066, 2317.251
2986.149103164673, 0.4999007, 0.6384018, 2317.056
2988.149204015732, 0.4999057, 0.6384121, 2316.972
2990.1492869853973, 0.4999032, 0.638409, 2316.855
2992.1494257450104, 0.4999043, 0.6384081, 2317.012
2994.149514198303, 0.499903, 0.6384128, 2316.816
2996.149600982666, 0.4999015, 0.6384132, 2316.744
2998.1496844291687, 0.4998987, 0.6384148, 2316.691
3000.149785757065, 0.4999028, 0.6384149, 2316.599
3002.149871826172, 0.4998987, 0.6384178, 2316.493
3004.1499614715576, 0.4999015, 0.6384248, 2316.427
3006.150049686432, 0.4999, 0.638419, 2316.554
3008.150150537491, 0.499902, 0.6384173, 2316.576
3010.1502339839935, 0.499898, 0.6384212, 2316.604
3012.1503133773804, 0.4998985, 0.6384213, 2316.718
3014.1503970623016, 0.4998994, 0.6384103, 2316.596
3016.150485277176, 0.4998989, 0.6384177, 2316.639
3018.1505842208862, 0.4998962, 0.6384154, 2316.726
3020.1506865024567, 0.4999017, 0.6384161, 2316.69
3022.1507823467255, 0.4999022, 0.6384139, 2316.67
3024.1508796215057, 0.4999024, 0.638423, 2316.561
3026.150960922241, 0.499901, 0.6384188, 2316.377
3028.1510643959045, 0.4999013, 0.6384143, 2316.496
3030.151165485382, 0.4999048, 0.638425, 2316.368
3032.1512541770935, 0.4999016, 0.6384238, 2316.487
3034.151357650757, 0.4999056, 0.6384291, 2316.515
3036.1514444351196, 0.4999036, 0.6384291, 2316.3
3038.151544570923, 0.4999063, 0.6384309, 2316.002
3040.1516489982605, 0.4999025, 0.6384417, 2315.719
3042.1517565250397, 0.4999055, 0.638444, 2316.063
3044.151839733124, 0.499905, 0.6384401, 2316.085
3046.1519367694855, 0.4999049, 0.6384392, 2316.187
3048.1520233154297, 0.4998996, 0.638429, 2316.491
3050.1521122455597, 0.4999036, 0.6384397, 2316.331
3052.1522154808044, 0.4999033, 0.6384319, 2316.13
3054.152318239212, 0.4999032, 0.638436, 2316.33
3056.152403116226, 0.4999059, 0.6384366, 2316.44
3058.152488708496, 0.4999029, 0.6384293, 2316.622
3060.1525826454163, 0.4999005, 0.6384357, 2316.688
3062.152685880661, 0.4999059, 0.638432, 2316.771
3064.15279006958, 0.4999043, 0.6384346, 2316.726
3066.1528928279877, 0.4999026, 0.6384247, 2316.683
3068.152994632721, 0.499902, 0.6384305, 2316.426
3070.15309715271, 0.4999034, 0.6384298, 2316.753
3072.1531999111176, 0.4999049, 0.6384309, 2316.972
3074.1533012390137, 0.499901, 0.6384206, 2316.956
3076.15340256691, 0.4999052, 0.6384163, 2316.933
3078.153506040573, 0.4998985, 0.6384093, 2316.987
3080.1536486148834, 0.4998994, 0.6384072, 2317.071
3082.1537516117096, 0.4999, 0.6384085, 2317.039
3084.1538536548615, 0.4998954, 0.6384086, 2317.036
3086.1539623737335, 0.4999014, 0.6384153, 2317.07
3088.1540656089783, 0.4999021, 0.6384112, 2317.022
3090.1541776657104, 0.4999012, 0.6384163, 2316.905
3092.1542835235596, 0.4999026, 0.6384198, 2316.867
3094.15438580513, 0.4999023, 0.6384123, 2316.852
3096.15446805954, 0.4999014, 0.6384201, 2316.796
3098.1545543670654, 0.4999037, 0.6384144, 2316.857
3100.1546580791473, 0.4998969, 0.6384027, 2316.964
3102.1547586917877, 0.4999004, 0.6384117, 2316.999
3104.1548635959625, 0.4999009, 0.6384101, 2317.09
3106.1549367904663, 0.4998996, 0.6384054, 2317.305
3108.155024290085, 0.4998988, 0.6384076, 2317.2
3110.1551032066345, 0.4999036, 0.6384152, 2316.993
3112.155194759369, 0.4998971, 0.6384128, 2316.785
3114.155300617218, 0.4999021, 0.6384204, 2316.582
3116.155404806137, 0.4998979, 0.6384153, 2316.376
3118.155499458313, 0.4998997, 0.6384162, 2316.039
3120.1555819511414, 0.4998992, 0.6384174, 2315.935
3122.1556718349457, 0.4998987, 0.6384237, 2315.872
3124.15575671196, 0.4998974, 0.6384161, 2315.697
3126.155841112137, 0.4998981, 0.6384196, 2315.52
3128.15597820282, 0.499893, 0.6384186, 2315.479
3130.1560819149017, 0.4998981, 0.6384233, 2315.486
3132.156175851822, 0.499901, 0.6384248, 2315.614
3134.1562654972076, 0.4998988, 0.6384228, 2315.512
3136.1563518047333, 0.4998989, 0.6384351, 2315.241
3138.1564569473267, 0.4999034, 0.6384434, 2315.133
3140.156571149826, 0.4998991, 0.6384419, 2315.33
3142.1566739082336, 0.4999007, 0.6384401, 2315.51
3144.156775712967, 0.4999015, 0.6384462, 2315.49
3146.1568818092346, 0.4999011, 0.6384511, 2315.391
3148.1569697856903, 0.499906, 0.6384479, 2315.326
3150.157076358795, 0.4998998, 0.6384528, 2315.185
3152.1571819782257, 0.4999029, 0.6384494, 2315.212
3154.157285451889, 0.4999047, 0.6384456, 2315.123
3156.157388448715, 0.4998999, 0.6384432, 2315.014
3158.1574754714966, 0.4999016, 0.63844, 2315.02
3160.157581806183, 0.4998999, 0.6384447, 2314.901
3162.1576805114746, 0.4999006, 0.6384451, 2314.867
3164.157776594162, 0.4999005, 0.6384473, 2314.842
3166.157879114151, 0.4998993, 0.6384599, 2314.831
3168.1579818725586, 0.4999013, 0.6384556, 2314.85
3170.158083677292, 0.4998971, 0.6384544, 2314.776
3172.1581852436066, 0.4999048, 0.638456, 2314.754
3174.1582903862, 0.4999023, 0.6384661, 2314.533
3176.1583931446075, 0.4999017, 0.638461, 2314.213
3178.1585052013397, 0.4998998, 0.6384722, 2313.923
3180.1586089134216, 0.4999026, 0.6384687, 2314.071
3182.1587114334106, 0.4998996, 0.6384698, 2314.295
3184.1588141918182, 0.4999002, 0.6384645, 2314.262
3186.1589245796204, 0.4999014, 0.6384552, 2314.448
3188.159029006958, 0.4999035, 0.6384617, 2314.732
3190.15912938118, 0.4999013, 0.6384657, 2314.635
3192.15922832489, 0.499899, 0.6384491, 2314.856
3194.1593341827393, 0.4999019, 0.638455, 2314.704
3196.15944981575, 0.4998998, 0.6384662, 2314.46
3198.1595470905304, 0.4998985, 0.6384663, 2314.337
3200.159683227539, 0.4999014, 0.638467, 2314.26
3202.1597969532013, 0.4998972, 0.6384708, 2314.237
3204.15992808342, 0.4999007, 0.6384619, 2314.31
3206.160036087036, 0.4998992, 0.6384501, 2314.468
3208.160139322281, 0.4998983, 0.638461, 2314.238
3210.1602354049683, 0.499897, 0.6384662, 2314.09
3212.1603586673737, 0.4998991, 0.6384671, 2314.127
3214.1604924201965, 0.4998994, 0.6384686, 2314.264
3216.1606261730194, 0.4998957, 0.6384673, 2314.403
3218.160715818405, 0.499896, 0.6384575, 2314.503
3220.1608164310455, 0.4998996, 0.6384659, 2314.335
3222.1609148979187, 0.4999018, 0.6384756, 2314.367
3224.1610050201416, 0.499898, 0.6384618, 2314.65
3226.1610860824585, 0.4999039, 0.6384692, 2314.893
3228.161188840866, 0.4999045, 0.6384704, 2315.064
3230.161290407181, 0.4998992, 0.6384498, 2315.181
3232.161393880844, 0.4999023, 0.6384619, 2315.172
3234.1614849567413, 0.4998998, 0.638454, 2315.035
3236.161569595337, 0.4998992, 0.638454, 2315.01
3238.161672592163, 0.4998973, 0.6384519, 2315.012
3240.1617560386658, 0.4999, 0.6384556, 2314.953
3242.1618373394012, 0.4999011, 0.6384592, 2314.905
3244.1619396209717, 0.4999022, 0.6384611, 2314.92
3246.1620440483093, 0.4999042, 0.6384586, 2314.932
3248.1621470451355, 0.4999036, 0.6384636, 2314.794
3250.162248849869, 0.4999031, 0.6384588, 2314.902
3252.1623487472534, 0.4999026, 0.6384676, 2315.074
3254.1624417304993, 0.4999002, 0.6384528, 2315.172
3256.1625442504883, 0.499897, 0.6384478, 2314.989
3258.1626431941986, 0.499898, 0.6384425, 2315.009
3260.1627526283264, 0.4998983, 0.6384469, 2315.18
3262.1628630161285, 0.4998982, 0.6384495, 2315.219
3264.1629688739777, 0.4998982, 0.6384462, 2315.047
3266.163058757782, 0.4998992, 0.6384509, 2314.876
3268.163202524185, 0.4998964, 0.638449, 2314.747
3270.1632862091064, 0.4998964, 0.6384367, 2314.714
3272.163387298584, 0.4998972, 0.6384372, 2314.663
3274.1634702682495, 0.4998975, 0.638455, 2314.543
3276.1635706424713, 0.4998989, 0.638459, 2314.583
3278.1637086868286, 0.4999036, 0.6384694, 2314.607
3280.163795232773, 0.4999011, 0.6384637, 2314.558
3282.163885831833, 0.4999009, 0.6384667, 2314.773
3284.1639897823334, 0.4999016, 0.6384624, 2314.712
3286.164093017578, 0.4998993, 0.6384601, 2314.639
3288.1641805171967, 0.4998991, 0.6384611, 2314.643
3290.1642892360687, 0.499903, 0.6384584, 2314.55
3292.164381504059, 0.4998988, 0.6384624, 2314.313
3294.1645228862762, 0.4999011, 0.6384693, 2314.214
3296.1646616458893, 0.4999026, 0.6384725, 2314.087
3298.1647720336914, 0.4998995, 0.6384706, 2314.118
3300.1649112701416, 0.4999009, 0.6384607, 2314.31
3302.1650145053864, 0.4998975, 0.6384577, 2314.561
3304.1651117801666, 0.4998953, 0.6384574, 2314.816
3306.165193080902, 0.4999008, 0.6384509, 2315.028
3308.165328502655, 0.4999006, 0.6384533, 2315.177
3310.165435552597, 0.4999006, 0.638458, 2315.017
3312.1655175685883, 0.4998971, 0.638453, 2314.652
3314.1656124591827, 0.4998975, 0.6384556, 2314.316
3316.165718793869, 0.4998988, 0.6384655, 2313.965
3318.165859222412, 0.4998973, 0.6384647, 2313.889
3320.165994167328, 0.4998946, 0.6384758, 2314.01
3322.1660857200623, 0.499898, 0.638464, 2314.299
3324.1661901474, 0.4999015, 0.638474, 2314.514
3326.166323900223, 0.4999002, 0.6384596, 2314.587
3328.166424036026, 0.4999009, 0.6384634, 2314.392
3330.166524887085, 0.4998975, 0.6384593, 2314.502
3332.1666328907013, 0.4999002, 0.6384716, 2314.705
3334.1669704914093, 0.4999022, 0.6384598, 2314.777
3336.167069911957, 0.4998996, 0.6384605, 2314.932
3338.167159318924, 0.4999016, 0.6384667, 2314.897
3340.1672468185425, 0.4999002, 0.6384556, 2314.874
3342.1673510074615, 0.4999032, 0.6384677, 2314.906
3344.167459011078, 0.4998984, 0.6384462, 2315.038
3346.1675770282745, 0.4999009, 0.6384573, 2315.138
3348.1677236557007, 0.4999026, 0.6384571, 2315.328
3350.1678268909454, 0.4999041, 0.6384556, 2315.348
3352.167929172516, 0.4999009, 0.6384614, 2315.238
3354.168036699295, 0.4999008, 0.6384572, 2315.199
3356.1681401729584, 0.4999, 0.638456, 2314.928
3358.1682415008545, 0.4999026, 0.6384743, 2314.655
3360.1683433055878, 0.4999025, 0.6384598, 2314.471
3362.168429374695, 0.4999001, 0.6384605, 2314.286
3364.1685173511505, 0.4999014, 0.6384677, 2314.323
3366.1685967445374, 0.4999017, 0.6384657, 2314.637
3368.168696641922, 0.4998997, 0.6384564, 2314.782
3370.1688005924225, 0.4999041, 0.6384672, 2315.163
3372.1689016819, 0.4999001, 0.6384512, 2315.486
3374.169003009796, 0.4999018, 0.6384462, 2315.613
3376.1691007614136, 0.4999034, 0.638445, 2315.832
3378.169196844101, 0.4998988, 0.6384399, 2315.779
3380.169292449951, 0.4999017, 0.6384282, 2315.656
3382.1693966388702, 0.4998998, 0.6384381, 2315.631
3384.169498205185, 0.4999006, 0.6384489, 2315.377
3386.169592857361, 0.4998975, 0.6384318, 2315.324
3388.169677257538, 0.4999008, 0.6384318, 2315.215
3390.1698129177094, 0.4998985, 0.6384436, 2315.283
3392.169915676117, 0.4998996, 0.6384461, 2315.007
3394.169997215271, 0.4999038, 0.6384586, 2314.734
3396.17009806633, 0.4999007, 0.638461, 2314.745
3398.1701798439026, 0.4999016, 0.6384466, 2314.871
3400.1702828407288, 0.4999014, 0.6384592, 2314.775
3402.170385122299, 0.499903, 0.6384509, 2314.865
3404.170475244522, 0.4998987, 0.6384459, 2314.996
3406.170572757721, 0.4999021, 0.6384409, 2315.151
3408.17067360878, 0.4998943, 0.6384363, 2314.911
3410.170763731003, 0.4998972, 0.6384438, 2314.821
3412.1708636283875, 0.4998977, 0.6384441, 2314.662
3414.1709661483765, 0.4999005, 0.638447, 2314.513
3416.1710679531097, 0.4998962, 0.63845, 2314.331
3418.171160697937, 0.4998962, 0.638455, 2314.039
3420.1712594032288, 0.4998936, 0.6384567, 2313.876
3422.1713597774506, 0.4998931, 0.6384567, 2313.911
3424.1714708805084, 0.4998966, 0.6384612, 2314.09
3426.1715524196625, 0.4998946, 0.6384585, 2314.052
3428.1716346740723, 0.4998983, 0.6384643, 2314.096
3430.1717381477356, 0.4998964, 0.6384544, 2314.136
3432.1718332767487, 0.4998959, 0.6384593, 2313.992
3434.1719300746918, 0.4998948, 0.6384714, 2313.818
3436.172029733658, 0.4998931, 0.6384693, 2313.878
3438.1721301078796, 0.4998934, 0.6384621, 2314.082
3440.172212123871, 0.4998958, 0.6384714, 2314.116
3442.17231297493, 0.4998945, 0.6384631, 2313.921
3444.1724128723145, 0.499897, 0.6384679, 2313.835
3446.172512769699, 0.4998965, 0.6384537, 2314.045
3448.172614336014, 0.499895, 0.6384525, 2314.225
3450.1727211475372, 0.4998961, 0.6384564, 2314.377
3452.172824382782, 0.4998953, 0.6384591, 2314.335
3454.1729321479797, 0.499897, 0.6384522, 2314.128
3456.1730222702026, 0.4998943, 0.6384503, 2314.183
3458.17312335968, 0.4998969, 0.6384516, 2314.195
3460.1732153892517, 0.4998996, 0.6384632, 2314.265
3462.173316001892, 0.4998989, 0.6384553, 2314.394
3464.173419237137, 0.4998945, 0.638449, 2314.494
3466.173522233963, 0.4998922, 0.638455, 2314.268
3468.173625946045, 0.4998946, 0.638456, 2313.926
3470.173731803894, 0.4998966, 0.6384568, 2313.914
3472.1738300323486, 0.4998949, 0.6384578, 2314.033
3474.1739609241486, 0.4998996, 0.638476, 2314.123
3476.174049139023, 0.499901, 0.6384658, 2314.243
3478.1741535663605, 0.4999011, 0.6384723, 2314.516
3480.1742885112762, 0.4999015, 0.6384806, 2314.507
3482.1743915081024, 0.4999002, 0.6384705, 2314.412
3484.1744916439056, 0.4998968, 0.6384643, 2314.338
3486.1745870113373, 0.4998988, 0.6384664, 2314.345
3488.174721479416, 0.4998937, 0.6384414, 2314.363
3490.1748230457306, 0.499894, 0.638447, 2314.174
3492.1749169826508, 0.499889, 0.6384443, 2314.132
3494.175009727478, 0.4998942, 0.6384557, 2314.173
3496.175145149231, 0.4998924, 0.6384512, 2313.91
3498.1752314567566, 0.4998936, 0.6384618, 2313.616
3500.1753675937653, 0.499891, 0.6384596, 2313.393
3502.1755044460297, 0.4998932, 0.6384719, 2313.454
3504.175584793091, 0.4998916, 0.6384664, 2313.545
3506.1756868362427, 0.4998907, 0.6384674, 2313.591
3508.175787448883, 0.4998992, 0.638487, 2313.603
3510.1758904457092, 0.4998989, 0.6384747, 2313.726
3512.1760244369507, 0.4999003, 0.6384718, 2313.856
3514.1761589050293, 0.4998988, 0.63848, 2313.803
3516.1762912273407, 0.4999012, 0.6384805, 2313.97
3518.176395893097, 0.4998957, 0.6384679, 2314.134
3520.176497220993, 0.499896, 0.6384707, 2314.244
3522.176597595215, 0.4999015, 0.6384824, 2314.293
3524.176702260971, 0.4998986, 0.6384642, 2314.399
3526.1767950057983, 0.4999036, 0.6384812, 2314.236
3528.1768822669983, 0.4999033, 0.6384908, 2313.902
3530.177000761032, 0.499901, 0.638475, 2313.698
3532.177109003067, 0.4998996, 0.6384826, 2313.713
3534.177210330963, 0.4999001, 0.63848, 2313.623
3536.177314519882, 0.4999013, 0.6384814, 2313.477
3538.177402496338, 0.4999019, 0.6384917, 2313.517
3540.177489042282, 0.4999014, 0.6384897, 2313.412
3542.1775965690613, 0.4999012, 0.6384878, 2313.357
3544.1776883602142, 0.4999022, 0.638496, 2313.513
3546.1777906417847, 0.4999018, 0.6384843, 2313.543
3548.1778767108917, 0.4999025, 0.6384948, 2313.563
3550.177965402603, 0.4998957, 0.6384808, 2313.513
3552.178098678589, 0.4999004, 0.638488, 2313.494
3554.178236246109, 0.4998974, 0.6384824, 2313.767
3556.1783833503723, 0.4998953, 0.6384859, 2313.658
3558.1784892082214, 0.4999005, 0.6384914, 2313.741
3560.1785962581635, 0.4998998, 0.6384904, 2313.664
3562.1787354946136, 0.4998992, 0.6384916, 2313.466
3564.1788215637207, 0.4998994, 0.638483, 2313.263
3566.1789004802704, 0.4998966, 0.6384805, 2313.17
3568.179002046585, 0.4998987, 0.6384861, 2313.046
3570.1791009902954, 0.4999025, 0.6384935, 2312.994
3572.1791994571686, 0.4999017, 0.6385075, 2312.672
3574.1792821884155, 0.4999048, 0.6385103, 2312.573
3576.1793768405914, 0.4998999, 0.6385054, 2312.51
3578.179459095001, 0.4999013, 0.6384984, 2312.461
3580.1795642375946, 0.4998962, 0.6385039, 2312.348
3582.179669857025, 0.499899, 0.6385022, 2312.118
3584.1797747612, 0.4999003, 0.6385071, 2311.874
3586.1798763275146, 0.499899, 0.6385028, 2311.975
3588.179963827133, 0.4999018, 0.6385111, 2312.03
3590.180048942566, 0.4998973, 0.6385143, 2312.26
3592.1801874637604, 0.4998959, 0.6385058, 2312.382
3594.180290222168, 0.4998988, 0.6385125, 2312.298
3596.1804304122925, 0.4998985, 0.6385105, 2312.532
3598.180564403534, 0.499898, 0.6385102, 2312.726
3600.1806676387787, 0.4998917, 0.6384926, 2312.766
3602.1808001995087, 0.4998988, 0.638509, 2312.845
3604.1808977127075, 0.4998971, 0.6385039, 2312.916
3606.1810054779053, 0.4998983, 0.6384981, 2313.02
3608.181090593338, 0.4998966, 0.6385023, 2312.903
3610.181177139282, 0.4998999, 0.6385049, 2312.725
3612.181258201599, 0.4998985, 0.6385124, 2312.555
3614.1813626289368, 0.499899, 0.6385143, 2312.485
3616.181463241577, 0.4998984, 0.6385094, 2312.446
3618.1815524101257, 0.4998977, 0.6385097, 2312.55
3620.181642770767, 0.4998978, 0.6385142, 2312.663
3622.18177986145, 0.4998987, 0.6385135, 2312.669
3624.181918859482, 0.4999034, 0.6385189, 2312.758
3626.1820034980774, 0.4998963, 0.6385111, 2312.638
3628.182117462158, 0.4999037, 0.6385059, 2312.676
3630.182198524475, 0.4999026, 0.6385192, 2312.695
3632.182332277298, 0.4998959, 0.6385055, 2312.811
3634.18243598938, 0.4998984, 0.6384958, 2312.901
3636.1825239658356, 0.4998969, 0.6384954, 2312.94
3638.182612657547, 0.4998994, 0.6385126, 2312.734
3640.182713508606, 0.4998995, 0.6385053, 2312.835
3642.1828198432922, 0.4999016, 0.6385107, 2312.999
3644.182956933975, 0.499899, 0.6385112, 2312.968
3646.1830372810364, 0.4999, 0.6385054, 2313.207
3648.183138847351, 0.4998994, 0.6384938, 2313.081
3650.1832513809204, 0.4998957, 0.6384937, 2312.911
3652.1833419799805, 0.4998968, 0.6385062, 2312.895
3654.183447599411, 0.4998985, 0.6385055, 2312.948
3656.183555841446, 0.4998988, 0.6384989, 2312.763
3658.1836400032043, 0.4998997, 0.6385035, 2312.832
3660.183743238449, 0.4998964, 0.6384967, 2313.023
3662.1838479042053, 0.4998999, 0.6385045, 2313.118
3664.1846051216125, -9.099439e-05, 7.211218e-10, 2317.34
3666.1846828460693, -9.157328e-05, 7.234995e-10, 2334.302
3668.1848158836365, -8.983654e-05, 6.765865e-10, 2347.159
3670.1849002838135, -9.273123e-05, 7.374887e-10, 2357.832
3672.1850035190582, -8.809974e-05, 6.882884e-10, 2366.731
3674.1851091384888, -8.983647e-05, 7.546491e-10, 2374.526
3676.1851942539215, -8.925753e-05, 7.445313e-10, 2381.514
3678.1852786540985, -8.809965e-05, 7.374882e-10, 2387.653
3680.1853790283203, -8.92576e-05, 7.195637e-10, 2393.236
3682.1855216026306, -8.983643e-05, 7.392118e-10, 2398.331
3684.1856033802032, -8.925751e-05, 7.546544e-10, 2402.895
3686.185697555542, -9.041539e-05, 7.440046e-10, 2407.515
3688.1857879161835, -8.983648e-05, 7.850107e-10, 2411.736
3690.185898542404, -9.215222e-05, 7.694335e-10, 2415.808
3692.1859884262085, -8.867855e-05, 8.419814e-10, 2419.78
3694.186091184616, -8.983644e-05, 7.235079e-10, 2423.58
3696.186177968979, -9.041532e-05, 6.758272e-10, 2427.148
3698.186282157898, -8.925746e-05, 7.04068e-10, 2430.553
3700.186384677887, -9.273108e-05, 7.792949e-10, 2433.933
3702.1864652633667, -9.330997e-05, 8.001959e-10, 2437.353
3704.1865680217743, -9.041526e-05, 7.384966e-10, 2440.823
3706.186651945114, -9.099417e-05, 6.927703e-10, 2444.075
3708.186755657196, -8.983629e-05, 8.107164e-10, 2447.227
3710.1868550777435, -8.983627e-05, 8.157774e-10, 2450.345
3712.186955690384, -8.925727e-05, 8.465301e-10, 2453.333
3714.18705868721, -9.041517e-05, 8.362814e-10, 2456.252
3716.1871457099915, -8.925726e-05, 8.410818e-10, 2459.322
3718.1872351169586, -8.925726e-05, 8.670392e-10, 2462.074
3720.1873133182526, -9.041509e-05, 9.314485e-10, 2464.775
3722.187397003174, -8.983614e-05, 9.285424e-10, 2467.446
3724.1874837875366, -9.099399e-05, 8.818228e-10, 2470.072
3726.1875841617584, -8.983609e-05, 8.207183e-10, 2472.687
3728.187663078308, -9.099394e-05, 8.963427e-10, 2475.422
3730.187765598297, -8.867819e-05, 9.165811e-10, 2477.891
3732.187866449356, -8.867816e-05, 9.106e-10, 2480.206
3734.187971830368, -8.867813e-05, 8.716472e-10, 2482.401
3736.1880583763123, -8.983602e-05, 8.356416e-10, 2484.682
3738.1881556510925, -8.752025e-05, 7.951702e-10, 2487.125
3740.1882519721985, -8.809918e-05, 7.698095e-10, 2489.52
3742.1883432865143, -8.867808e-05, 8.211301e-10, 2491.815
3744.1884305477142, -8.9257e-05, 8.309186e-10, 2494.336
3746.188533782959, -9.041482e-05, 8.055605e-10, 2496.697
3748.1886174678802, -8.983588e-05, 7.901865e-10, 2498.912
3750.1887078285217, -8.983588e-05, 8.978134e-10, 2501.037
3752.188807249069, -9.04148e-05, 8.990043e-10, 2503.248
3754.188901901245, -9.215158e-05, 8.978175e-10, 2505.452
3756.188994884491, -8.983584e-05, 8.773185e-10, 2507.608
3758.1891012191772, -9.157261e-05, 8.660139e-10, 2509.84
3760.18918633461, -8.75201e-05, 7.901272e-10, 2512.068
3762.1892771720886, -9.041474e-05, 7.850688e-10, 2514.087
3764.1893820762634, -8.867792e-05, 8.207501e-10, 2516.182
3766.1894726753235, -8.809898e-05, 8.31396e-10, 2518.15
3768.1895744800568, -8.86779e-05, 8.894267e-10, 2520.265
3770.18967962265, -8.983572e-05, 8.260747e-10, 2522.121
3772.189761400223, -8.983571e-05, 8.94291e-10, 2524.036
3774.189858675003, -9.388822e-05, 8.316016e-10, 2526.022
3776.189937353134, -8.867781e-05, 7.90138e-10, 2527.954
3778.1900267601013, -9.157246e-05, 8.782577e-10, 2529.792
3780.190115213394, -9.215137e-05, 7.90206e-10, 2531.446
3782.190219640732, -9.388816e-05, 8.631496e-10, 2532.945
3784.1903083324432, -8.983564e-05, 8.103801e-10, 2534.493
3786.190413951874, -8.809882e-05, 8.629545e-10, 2536.235
3788.190533399582, -9.215133e-05, 7.84822e-10, 2538.012
3790.190678834915, -9.15724e-05, 8.263524e-10, 2539.779
3792.190766096115, -9.27302e-05, 8.159725e-10, 2541.432
3794.1909005641937, -9.21513e-05, 8.63287e-10, 2543.028
3796.1910042762756, -9.215128e-05, 9.12059e-10, 2544.826
3798.1910893917084, -9.157234e-05, 8.629568e-10, 2546.395
3800.1911838054657, -9.330912e-05, 8.943067e-10, 2548.086
3802.191286087036, -9.215122e-05, 7.998086e-10, 2549.622
3804.191378593445, -9.09934e-05, 7.843063e-10, 2551.271
3806.1914732456207, -9.446695e-05, 7.317321e-10, 2552.845
3808.191568851471, -9.21512e-05, 7.27137e-10, 2554.42
3810.191649198532, -9.041441e-05, 8.107227e-10, 2555.889
3812.1917600631714, -9.157228e-05, 8.421356e-10, 2557.42
3814.1918590068817, -8.983548e-05, 8.107893e-10, 2558.836
3816.1919779777527, -9.09933e-05, 8.002772e-10, 2560.12
3818.192081451416, -9.099334e-05, 7.632802e-10, 2561.348
3820.192185163498, -9.215117e-05, 7.46916e-10, 2562.652
3822.192267179489, -8.983546e-05, 6.706313e-10, 2564.036
3824.192351102829, -9.157223e-05, 6.869979e-10, 2565.391
3826.192434310913, -9.041435e-05, 7.409355e-10, 2566.917
3828.192515850067, -8.92565e-05, 7.385817e-10, 2568.296
3830.1926181316376, -9.157219e-05, 6.810223e-10, 2569.684
3832.1927218437195, -9.099323e-05, 6.663693e-10, 2571.017
3834.192824602127, -9.041433e-05, 7.543544e-10, 2572.243
3836.192920446396, -8.925645e-05, 7.744625e-10, 2573.385
3838.193022966385, -9.273001e-05, 7.433145e-10, 2574.591
3840.193126440048, -8.867751e-05, 7.441071e-10, 2575.819
3842.1932134628296, -9.330892e-05, 7.167032e-10, 2576.931
3844.1933183670044, -9.215106e-05, 8.158652e-10, 2578.02
3846.1933970451355, -9.099318e-05, 6.723577e-10, 2579.422
3848.1934933662415, -8.983532e-05, 7.167044e-10, 2580.912
3850.193592071533, -8.925641e-05, 7.547589e-10, 2582.344
3852.193694591522, -8.809854e-05, 7.562529e-10, 2583.604
3854.1938002109528, -9.041425e-05, 6.895185e-10, 2584.676
3856.193881750107, -8.983531e-05, 7.189492e-10, 2585.676
3858.1939911842346, -8.636173e-05, 6.68032e-10, 2586.828
3860.194078683853, -8.867743e-05, 7.244042e-10, 2588.043
3862.194167137146, -8.867743e-05, 7.376069e-10, 2589.104
3864.1942636966705, -8.983528e-05, 6.578466e-10, 2590.135
3866.1943986415863, -8.867742e-05, 7.244042e-10, 2591.271
3868.194487810135, -8.983524e-05, 6.578484e-10, 2592.45
3870.1945774555206, -8.925634e-05, 7.236166e-10, 2593.574
3872.194664955139, -8.751954e-05, 7.121812e-10, 2594.688
3874.1947586536407, -8.867743e-05, 6.493146e-10, 2595.707
3876.1948523521423, -8.751954e-05, 6.493176e-10, 2596.687
3878.1949467658997, -8.809847e-05, 6.272998e-10, 2597.686
3880.195042848587, -8.751954e-05, 6.333462e-10, 2598.656
3882.1951382160187, -9.099309e-05, 7.062663e-10, 2599.528
3884.1952233314514, -9.099308e-05, 6.637021e-10, 2600.349
3886.1953353881836, -8.867737e-05, 6.518673e-10, 2601.137
3888.195431947708, -8.867738e-05, 7.386005e-10, 2602.072
3890.195519924164, -9.157196e-05, 6.853711e-10, 2603.104
3892.1956560611725, -9.272985e-05, 7.489162e-10, 2604.133
3894.195789575577, -9.215091e-05, 7.952424e-10, 2605.049
3896.195890903473, -9.099303e-05, 7.087745e-10, 2605.957
3898.195995092392, -9.099306e-05, 6.27301e-10, 2606.929
3900.1960752010345, -8.809839e-05, 7.537115e-10, 2607.773
3902.1961641311646, -9.157198e-05, 8.00434e-10, 2608.675
3904.1962764263153, -8.925623e-05, 7.699457e-10, 2609.413
3906.1963634490967, -8.983519e-05, 7.397905e-10, 2610.248
3908.196464776993, -8.925625e-05, 8.211996e-10, 2610.951
3910.1965494155884, -8.925619e-05, 7.901859e-10, 2611.718
3912.1966531276703, -9.041405e-05, 7.449198e-10, 2612.477
3914.196751356125, -9.099297e-05, 7.338748e-10, 2613.153
3916.196899652481, -9.099298e-05, 6.82628e-10, 2613.778
3918.1970109939575, -8.983514e-05, 8.154851e-10, 2614.501
3920.197089910507, -8.751945e-05, 6.493259e-10, 2615.21
3922.197191476822, -9.215082e-05, 7.489246e-10, 2615.898
3924.197289466858, -8.983507e-05, 7.29743e-10, 2616.67
3926.1973688602448, -9.157186e-05, 8.580724e-10, 2617.48
3928.1974608898163, -8.983512e-05, 7.648896e-10, 2618.325
3930.197563648224, -8.867728e-05, 7.44128e-10, 2619.221
3932.1976647377014, -9.099299e-05, 8.687184e-10, 2620.014
3934.197767496109, -9.099297e-05, 7.495169e-10, 2620.773
3936.1978509426117, -8.983511e-05, 7.64628e-10, 2621.374
3938.1979541778564, -8.809835e-05, 6.884162e-10, 2622.138
3940.1980555057526, -8.751942e-05, 7.646334e-10, 2622.827
3942.198156118393, -9.041403e-05, 7.291502e-10, 2623.519
3944.1982588768005, -8.809834e-05, 6.839516e-10, 2624.202
3946.1983568668365, -8.983511e-05, 7.489246e-10, 2624.892
3948.1984412670135, -8.75194e-05, 7.133807e-10, 2625.68
3950.1985223293304, -8.751939e-05, 7.153603e-10, 2626.413
3952.1986122131348, -8.925619e-05, 8.734492e-10, 2627.098
3954.1986906528473, -9.0414e-05, 8.056328e-10, 2627.773
3956.198790073395, -8.867726e-05, 7.17978e-10, 2628.395
3958.1988847255707, -9.041403e-05, 7.547772e-10, 2628.963
3960.1989784240723, -8.867723e-05, 7.498485e-10, 2629.427
3962.199074268341, -8.751939e-05, 7.14305e-10, 2629.906
3964.1992082595825, -8.867725e-05, 7.995129e-10, 2630.496
3966.1993391513824, -8.809831e-05, 7.196945e-10, 2631.072
3968.199426651001, -8.925616e-05, 6.949935e-10, 2631.629
3970.1995103359222, -9.041399e-05, 7.249541e-10, 2632.25
3972.199590444565, -8.925617e-05, 8.101613e-10, 2632.948
3974.1996924877167, -8.925617e-05, 8.403171e-10, 2633.509
3976.1997764110565, -8.867723e-05, 7.102345e-10, 2634.141
3978.1998596191406, -8.983508e-05, 7.449227e-10, 2634.637
3980.1999406814575, -8.80983e-05, 7.441334e-10, 2635.163
3982.2000238895416, -8.983508e-05, 7.349384e-10, 2635.751
3984.2001252174377, -8.578259e-05, 7.249511e-10, 2636.333
3986.200202703476, -8.809828e-05, 6.507185e-10, 2636.942
3988.2003037929535, -8.867722e-05, 6.812075e-10, 2637.523
3990.2003853321075, -8.694042e-05, 6.949935e-10, 2638.022
3992.2004680633545, -8.983505e-05, 7.395999e-10, 2638.552
3994.200564146042, -8.694046e-05, 7.599071e-10, 2639.13
3996.200660943985, -8.751937e-05, 6.903962e-10, 2639.57
3998.200749397278, -8.694044e-05, 7.44925e-10, 2640.223
4000.2008481025696, -8.520366e-05, 7.398004e-10, 2640.789
4002.20094871521, -8.694042e-05, 7.300786e-10, 2641.304
4004.2010831832886, -8.809828e-05, 7.796764e-10, 2641.748
4006.2012119293213, -8.983503e-05, 7.549135e-10, 2642.223
4008.201287984848, -8.636151e-05, 7.349419e-10, 2642.741
4010.2013816833496, -9.041399e-05, 7.149732e-10, 2643.141
4012.20148396492, -8.925614e-05, 6.949946e-10, 2643.56
4014.201588153839, -8.925613e-05, 7.547801e-10, 2644.056
4016.2016928195953, -8.578257e-05, 8.316596e-10, 2644.476
4018.2018036842346, -8.867719e-05, 8.547689e-10, 2644.904
4020.2018949985504, -8.694042e-05, 7.096465e-10, 2645.417
4022.2019782066345, -8.809828e-05, 7.398004e-10, 2645.832
4024.202062368393, -8.578255e-05, 6.782391e-10, 2646.439
4026.20214176178, -8.809828e-05, 7.189719e-10, 2647.101
4028.2022256851196, -8.867719e-05, 7.953855e-10, 2647.597
4030.20233130455, -8.86772e-05, 6.895434e-10, 2647.913
4032.2024376392365, -8.636146e-05, 6.940733e-10, 2648.294
4034.202537536621, -8.809827e-05, 7.153632e-10, 2648.773
4036.2026765346527, -8.867716e-05, 7.003226e-10, 2649.167
4038.202766418457, -8.809827e-05, 6.858019e-10, 2649.673
4040.202869653702, -8.694042e-05, 7.498532e-10, 2650.264
4042.202975511551, -8.867716e-05, 6.986064e-10, 2650.664
4044.203050136566, -8.809826e-05, 6.949982e-10, 2650.93
4046.203145503998, -8.694039e-05, 7.5971e-10, 2651.302
4048.203234434128, -8.983499e-05, 7.80078e-10, 2651.674
4050.2033307552338, -8.636147e-05, 7.203585e-10, 2652.167
4052.2034244537354, -8.636148e-05, 7.153643e-10, 2652.647
4054.2035524845123, -8.867716e-05, 7.595072e-10, 2653.129
4056.2036559581757, -8.809824e-05, 7.7502e-10, 2653.569
4058.203741788864, -8.694042e-05, 7.697581e-10, 2654.046
4060.203822851181, -8.809827e-05, 6.816664e-10, 2654.35
4062.2039017677307, -8.809826e-05, 8.053722e-10, 2654.663
4064.2039844989777, -8.462471e-05, 7.848694e-10, 2655.025
4066.2040724754333, -8.694042e-05, 7.641104e-10, 2655.353
4068.2041778564453, -8.578255e-05, 8.264036e-10, 2655.597
4070.2042706012726, -8.809827e-05, 7.648984e-10, 2655.873
4072.2043755054474, -8.694038e-05, 7.349425e-10, 2656.225
4074.2044677734375, -8.983502e-05, 7.633207e-10, 2656.438
4076.2045562267303, -8.925606e-05, 6.850127e-10, 2656.843
4078.2046449184418, -8.983501e-05, 7.049836e-10, 2657.268
4080.204735517502, -8.983503e-05, 7.29756e-10, 2657.764
4082.2048201560974, -8.925607e-05, 7.597088e-10, 2658.158
4084.2049102783203, -8.983501e-05, 7.851393e-10, 2658.461
4086.205003261566, -8.86772e-05, 7.649012e-10, 2658.775
4088.205087661743, -8.867719e-05, 7.547826e-10, 2659.041
4090.205169200897, -8.809823e-05, 7.585241e-10, 2659.272
4092.205253601074, -8.925604e-05, 6.493384e-10, 2659.568
4094.2053577899933, -8.694039e-05, 7.041952e-10, 2659.879
4096.2054398059845, -8.925609e-05, 7.543909e-10, 2660.27
4098.20551943779, -8.809826e-05, 6.738382e-10, 2660.572
4100.2056016922, -9.041394e-05, 7.800101e-10, 2660.808
4102.205682039261, -8.809826e-05, 7.800125e-10, 2661.187
4104.205762386322, -8.751932e-05, 8.347996e-10, 2661.537
4106.20584321022, -8.751932e-05, 8.310009e-10, 2661.847
4108.205930948257, -8.809826e-05, 7.055115e-10, 2662.175
4110.206032037735, -8.983503e-05, 8.624111e-10, 2662.549
4112.206134796143, -8.867716e-05, 7.901984e-10, 2662.851
4114.206213712692, -8.809823e-05, 7.349389e-10, 2663.138
4116.206303358078, -8.69404e-05, 6.865956e-10, 2663.407
4118.206406593323, -8.983501e-05, 9.022882e-10, 2663.664
4120.206488132477, -8.809824e-05, 7.9486e-10, 2663.848
4122.206569433212, -8.925609e-05, 7.597113e-10, 2664.037
4124.206669092178, -8.809826e-05, 6.940733e-10, 2664.242
4126.206753015518, -8.578256e-05, 6.759484e-10, 2664.513
4128.2068400383, -8.578258e-05, 6.50722e-10, 2664.893
4130.206933498383, -8.751934e-05, 7.10242e-10, 2665.298
4132.207045078278, -8.751931e-05, 6.705614e-10, 2665.556
4134.2071323394775, -8.694037e-05, 7.297519e-10, 2665.805
4136.207232713699, -8.751933e-05, 6.904021e-10, 2666.153
4138.20733499527, -8.925611e-05, 6.995955e-10, 2666.468
4140.207419395447, -8.809826e-05, 6.884221e-10, 2666.715
4142.207507133484, -8.867716e-05, 6.804809e-10, 2666.937
4144.207611083984, -8.636149e-05, 6.705603e-10, 2667.141
4146.207710981369, -8.983499e-05, 7.041922e-10, 2667.328
4148.207853078842, -8.751933e-05, 6.606403e-10, 2667.596
4150.207993030548, -8.86772e-05, 6.895433e-10, 2667.872
4152.208085775375, -8.983501e-05, 7.345468e-10, 2668.242
4154.20817232132, -8.809826e-05, 7.744933e-10, 2668.64
4156.208268880844, -8.751931e-05, 7.249564e-10, 2669.041
4158.208377122879, -8.867718e-05, 7.750189e-10, 2669.26
4160.208484172821, -8.983503e-05, 7.055103e-10, 2669.446
4162.208623170853, -8.867718e-05, 7.143104e-10, 2669.679
4164.208734512329, -8.809823e-05, 6.949976e-10, 2669.863
4166.208882808685, -8.867717e-05, 7.498561e-10, 2670.148
4168.209019899368, -8.520365e-05, 7.297501e-10, 2670.525
4170.209111452103, -8.694039e-05, 6.794936e-10, 2670.732
4172.209220170975, -8.925611e-05, 7.800125e-10, 2670.934
4174.2093296051025, -8.867719e-05, 7.44137e-10, 2671.173
4176.209432125092, -8.809828e-05, 7.345462e-10, 2671.381
4178.209570646286, -8.751933e-05, 7.096452e-10, 2671.623
4180.209676742554, -8.809824e-05, 7.6464e-10, 2671.908
4182.209814310074, -8.751934e-05, 6.928874e-10, 2672.192
4184.209949493408, -8.867719e-05, 7.244279e-10, 2672.479
4186.210055351257, -8.86772e-05, 6.322668e-10, 2672.716
4188.210140943527, -8.809828e-05, 6.450672e-10, 2672.982
4190.210252285004, -8.925609e-05, 7.244268e-10, 2673.283
4192.2103934288025, -9.041395e-05, 6.593893e-10, 2673.573
4194.210492610931, -8.983501e-05, 7.698943e-10, 2673.864
4196.210589170456, -8.809828e-05, 6.273173e-10, 2674.056
4198.210738658905, -9.15718e-05, 7.748873e-10, 2674.163
4200.210834264755, -8.751934e-05, 7.297489e-10, 2674.347
4202.210974693298, -8.809827e-05, 7.446644e-10, 2674.614
4204.21105670929, -9.041393e-05, 7.543891e-10, 2674.89
4206.211138010025, -9.041397e-05, 7.441352e-10, 2675.043
4208.211237668991, -9.041393e-05, 7.283004e-10, 2675.287
4210.21133685112, -9.099289e-05, 7.149692e-10, 2675.564
4212.211482524872, -9.041396e-05, 6.88421e-10, 2675.77
4214.211577177048, -9.041398e-05, 8.417761e-10, 2675.905
4216.211689710617, -8.520362e-05, 7.698931e-10, 2676.134
4218.211829185486, -9.041397e-05, 7.599041e-10, 2676.367
4220.211967468262, -8.983506e-05, 7.399969e-10, 2676.572
4222.212054491043, -8.867717e-05, 7.149673e-10, 2676.796
4224.212137460709, -8.809823e-05, 7.386161e-10, 2676.982
4226.21227645874, -8.925609e-05, 7.14968e-10, 2677.139
4228.212374448776, -8.694041e-05, 7.800761e-10, 2677.311
4230.2124609947205, -8.694042e-05, 7.902651e-10, 2677.424
4232.212564468384, -8.694043e-05, 8.211481e-10, 2677.718
4234.212658166885, -8.983502e-05, 8.004435e-10, 2677.938
4236.212754011154, -8.578255e-05, 7.547825e-10, 2678.192
4238.212837934494, -8.63615e-05, 7.003203e-10, 2678.504
4240.21292257309, -8.925612e-05, 7.096465e-10, 2678.752
4242.213001012802, -8.86772e-05, 6.61631e-10, 2678.93
4244.213143110275, -8.751935e-05, 6.463883e-10, 2679.054
4246.213252544403, -8.694042e-05, 6.2248e-10, 2679.238
4248.213391304016, -8.751935e-05, 6.705609e-10, 2679.432
4250.213496208191, -8.751936e-05, 6.37721e-10, 2679.59
4252.21360373497, -8.636151e-05, 6.550527e-10, 2679.704
4254.213714838028, -8.63615e-05, 6.420541e-10, 2679.79
4256.213838815689, -8.751935e-05, 6.705603e-10, 2679.811
4258.213979482651, -8.694042e-05, 6.660939e-10, 2679.891
4260.2140691280365, -8.809828e-05, 7.196967e-10, 2680.016
4262.214218616486, -8.578256e-05, 6.909936e-10, 2680.128
4264.214317321777, -8.63615e-05, 7.900611e-10, 2680.298
4266.214418888092, -8.925609e-05, 7.547813e-10, 2680.489
4268.214518547058, -8.694042e-05, 7.149686e-10, 2680.685
4270.214656829834, -8.92561e-05, 7.076683e-10, 2680.82
4272.214772701263, -8.636151e-05, 6.995943e-10, 2681.067
4274.214876174927, -8.751934e-05, 6.804832e-10, 2681.271
4276.214980840683, -8.751935e-05, 6.493342e-10, 2681.439
4278.215070724487, -8.520362e-05, 6.069719e-10, 2681.472
4280.21518611908, -8.925611e-05, 6.493342e-10, 2681.721
4282.215306520462, -8.751934e-05, 7.244279e-10, 2681.993
4284.215411186218, -8.63615e-05, 7.003192e-10, 2682.215
4286.215523481369, -8.867718e-05, 7.597113e-10, 2682.421
4288.215622425079, -8.925613e-05, 7.449256e-10, 2682.592
4290.215713262558, -8.983506e-05, 7.096435e-10, 2682.826
4292.21581697464, -8.636151e-05, 7.201574e-10, 2683.01
4294.215924739838, -8.694041e-05, 7.800078e-10, 2683.244
4296.216060876846, -8.694042e-05, 7.449256e-10, 2683.492
4298.216163635254, -8.809829e-05, 7.498538e-10, 2683.689
4300.216268062592, -8.925611e-05, 7.698931e-10, 2683.692
4302.216361045837, -9.099283e-05, 7.798798e-10, 2683.753
4304.216463804245, -9.041393e-05, 6.578688e-10, 2683.854
4306.216568231583, -9.09929e-05, 7.7502e-10, 2684.038
4308.216666460037, -8.925609e-05, 6.759474e-10, 2684.261
4310.216762304306, -8.63615e-05, 7.143104e-10, 2684.461
4312.216865062714, -8.925614e-05, 6.794882e-10, 2684.649
4314.216951131821, -8.925613e-05, 7.498508e-10, 2684.818
4316.217054367065, -8.925611e-05, 6.87035e-10, 2684.999
4318.217147350311, -8.578259e-05, 7.04194e-10, 2685.144
4320.217232942581, -8.694045e-05, 6.839528e-10, 2685.255
4322.217336654663, -8.983506e-05, 7.599035e-10, 2685.393
4324.217441082001, -8.809828e-05, 6.322645e-10, 2685.494
4326.217542886734, -9.157183e-05, 6.507203e-10, 2685.655
4328.217653512955, -8.694042e-05, 6.680513e-10, 2685.749
4330.2177584171295, -8.751937e-05, 6.738382e-10, 2685.9
4332.21785068512, -8.983503e-05, 6.884192e-10, 2686.074
4334.217941522598, -8.983507e-05, 6.15109e-10, 2686.113
4336.218047142029, -8.809826e-05, 5.95135e-10, 2686.261
4338.218137264252, -8.636151e-05, 6.664041e-10, 2686.424
4340.218226909637, -8.86772e-05, 6.826347e-10, 2686.617
4342.218328714371, -8.462473e-05, 6.532935e-10, 2686.733
4344.218433856964, -8.520366e-05, 6.333897e-10, 2686.855
4346.218542337418, -8.520364e-05, 6.056744e-10, 2686.979
4348.218644142151, -8.694044e-05, 6.550527e-10, 2687.033
4350.218729734421, -8.751936e-05, 6.705579e-10, 2687.131
4352.21883392334, -8.520365e-05, 6.606397e-10, 2687.239
4354.21893787384, -8.694047e-05, 7.249517e-10, 2687.368
4356.219042301178, -8.63615e-05, 7.345438e-10, 2687.598
4358.219146490097, -8.809827e-05, 6.750225e-10, 2687.809
4360.219250679016, -8.69404e-05, 7.393386e-10, 2687.903
4362.219355583191, -8.578259e-05, 7.055103e-10, 2687.957
4364.219457864761, -8.636152e-05, 7.055074e-10, 2688.252
4366.219561100006, -8.636151e-05, 6.562405e-10, 2688.593
4368.219639778137, -8.983501e-05, 6.928843e-10, 2688.796
4370.21972489357, -8.925615e-05, 7.59903e-10, 2688.92
4372.2198138237, -8.925614e-05, 6.949946e-10, 2689.137
4374.219900369644, -8.809827e-05, 6.463878e-10, 2689.351
4376.2199883461, -8.751938e-05, 5.990706e-10, 2689.537
4378.22008395195, -9.099292e-05, 6.782343e-10, 2689.668
4380.220176696777, -8.809831e-05, 6.98601e-10, 2689.763
4382.220271348953, -9.0414e-05, 7.393368e-10, 2689.997
4384.220376491547, -8.867722e-05, 6.392803e-10, 2690.138
4386.220463752747, -8.751939e-05, 6.714172e-10, 2690.269
4388.220603466034, -8.925615e-05, 7.24425e-10, 2690.305
4390.220689535141, -8.867725e-05, 7.499146e-10, 2690.429
4392.220783233643, -8.751937e-05, 6.804791e-10, 2690.564
4394.2209215164185, -8.578262e-05, 7.300745e-10, 2690.642
4396.221023797989, -8.694045e-05, 6.623502e-10, 2690.801
4398.221128702164, -8.751939e-05, 6.759474e-10, 2690.974
4400.221227169037, -8.867725e-05, 7.449233e-10, 2691.169
4402.221331119537, -8.867725e-05, 7.800055e-10, 2691.278
4404.221410512924, -8.867725e-05, 7.800732e-10, 2691.438
4406.2214884758, -8.694045e-05, 6.850085e-10, 2691.594
4408.221573114395, -8.636154e-05, 6.616258e-10, 2691.733
4410.221664190292, -8.925617e-05, 7.646301e-10, 2691.848
4412.221749782562, -8.462476e-05, 6.73834e-10, 2692.021
4414.221838235855, -8.809831e-05, 6.723818e-10, 2692.25
4416.221933841705, -8.867722e-05, 6.518838e-10, 2692.404
4418.222069978714, -9.0414e-05, 6.750213e-10, 2692.409
4420.222208023071, -8.809832e-05, 7.695597e-10, 2692.443
4422.2222855091095, -8.925617e-05, 6.92882e-10, 2692.494
4424.2223744392395, -8.925616e-05, 6.365303e-10, 2692.636
4426.222476005554, -8.520369e-05, 7.449227e-10, 2692.765
4428.222610712051, -8.925615e-05, 6.593822e-10, 2692.92
4430.222699165344, -8.694046e-05, 7.748867e-10, 2692.997
4432.22282075882, -8.867724e-05, 8.160164e-10, 2693.107
4434.222907066345, -8.809832e-05, 7.249488e-10, 2693.231
4436.222993850708, -9.0414e-05, 7.300769e-10, 2693.372
4438.22309756279, -8.69405e-05, 6.857967e-10, 2693.484
4440.223176956177, -8.694048e-05, 6.518374e-10, 2693.618
4442.223281145096, -8.867726e-05, 7.087834e-10, 2693.719
4444.223385810852, -8.809832e-05, 7.648932e-10, 2693.836
4446.223489999771, -8.867726e-05, 8.403154e-10, 2693.972
4448.223591566086, -8.867725e-05, 8.727198e-10, 2694.017
4450.223728179932, -8.751941e-05, 9.081329e-10, 2694.155
4452.223830938339, -8.983508e-05, 9.006304e-10, 2694.346
4454.223937034607, -8.867727e-05, 9.226473e-10, 2694.539
4456.2240381240845, -8.694049e-05, 8.819121e-10, 2694.658
4458.224118471146, -8.867725e-05, 8.302673e-10, 2694.76
4460.224208831787, -8.925614e-05, 8.513593e-10, 2694.802
4462.224309682846, -9.215081e-05, 1.013275e-09, 2694.901
4464.2244527339935, -8.925617e-05, 8.447765e-10, 2695.015
4466.224586486816, -9.041404e-05, 8.671311e-10, 2695.169
4468.224689722061, -9.041405e-05, 9.388826e-10, 2695.271
4470.224792718887, -8.92562e-05, 9.242973e-10, 2695.425
4472.224906921387, -8.925621e-05, 9.046929e-10, 2695.552
4474.225009202957, -8.98351e-05, 8.411757e-10, 2695.776
4476.225087404251, -9.215079e-05, 9.081311e-10, 2695.934
4478.22518992424, -9.041403e-05, 8.403171e-10, 2696.039
4480.22527384758, -8.925619e-05, 7.895918e-10, 2696.085
4482.22537279129, -8.578262e-05, 8.5136e-10, 2696.187
4484.225501298904, -9.099295e-05, 8.547672e-10, 2696.243
4486.225644350052, -8.925619e-05, 8.568813e-10, 2696.368
4488.225747585297, -8.694048e-05, 7.900558e-10, 2696.387
4490.225864171982, -8.694045e-05, 8.367806e-10, 2696.403
4492.225955247879, -8.809833e-05, 7.549052e-10, 2696.504
4494.226044654846, -8.751942e-05, 8.004404e-10, 2696.587
4496.226132392883, -8.983511e-05, 6.913153e-10, 2696.633
4498.226270198822, -8.98351e-05, 6.706637e-10, 2696.716
4500.226376533508, -8.636157e-05, 6.857949e-10, 2696.734
4502.2264614105225, -8.809835e-05, 7.697512e-10, 2696.878
4504.226603507996, -8.867725e-05, 7.30074e-10, 2697.023
4506.226704359055, -8.636155e-05, 7.300711e-10, 2697.167
4508.226793289185, -8.925619e-05, 6.474366e-10, 2697.282
4510.226887226105, -8.809833e-05, 6.593804e-10, 2697.34
4512.22696685791, -9.041403e-05, 6.956506e-10, 2697.405
4514.227099657059, -8.578265e-05, 6.266751e-10, 2697.571
4516.2271900177, -8.98351e-05, 6.956506e-10, 2697.701
4518.227275848389, -8.75194e-05, 5.94759e-10, 2697.851
4520.227398633957, -8.694048e-05, 6.960447e-10, 2697.95
4522.22749710083, -8.867726e-05, 6.650323e-10, 2698.023
4524.2276022434235, -8.809834e-05, 7.14302e-10, 2698.148
4526.227694511414, -8.751943e-05, 6.750178e-10, 2698.214
4528.227786540985, -8.925619e-05, 7.143021e-10, 2698.299
4530.227876186371, -8.809834e-05, 6.89535e-10, 2698.421
4532.22798538208, -8.694048e-05, 7.393338e-10, 2698.467
4534.228083610535, -8.69405e-05, 7.543807e-10, 2698.468
4536.228180408478, -8.578265e-05, 6.804727e-10, 2698.599
4538.228263378143, -8.809834e-05, 6.131231e-10, 2698.731
4540.228351354599, -8.867726e-05, 5.551883e-10, 2698.904
4542.228489398956, -8.809833e-05, 5.931093e-10, 2699.0
4544.228626728058, -8.867727e-05, 6.474365e-10, 2699.099
4546.22878575325, -8.809836e-05, 6.956489e-10, 2699.135
4548.228867769241, -8.867726e-05, 6.108783e-10, 2699.159
4550.228962182999, -8.867726e-05, 6.350734e-10, 2699.244
4552.229030609131, -8.98351e-05, 6.450601e-10, 2699.36
4554.229132175446, -8.809833e-05, 6.995878e-10, 2699.438
4556.229268312454, -8.694051e-05, 5.891066e-10, 2699.594
4558.229372739792, -8.69405e-05, 6.694308e-10, 2699.706
4560.229498624802, -8.404585e-05, 6.66087e-10, 2699.766
4562.229602098465, -8.69405e-05, 6.694332e-10, 2699.867
4564.229705095291, -8.925621e-05, 7.25209e-10, 2699.889
4566.229786634445, -8.983514e-05, 6.526927e-10, 2700.073
4568.22988986969, -8.867728e-05, 6.909856e-10, 2700.29
4570.229976892471, -8.983513e-05, 7.041833e-10, 2700.492
4572.230078935623, -8.69405e-05, 6.60632e-10, 2700.666
4574.230180263519, -8.867728e-05, 6.714103e-10, 2700.821
4576.230267286301, -8.925621e-05, 7.24947e-10, 2701.02
4578.23036813736, -8.694049e-05, 7.249464e-10, 2701.207
4580.230452537537, -8.867728e-05, 6.377124e-10, 2701.464
4582.230538845062, -8.694052e-05, 6.463767e-10, 2701.731
4584.230622291565, -8.636158e-05, 6.680465e-10, 2701.908
4586.230710506439, -8.578264e-05, 6.97344e-10, 2701.929
4588.230812072754, -8.694052e-05, 7.236274e-10, 2701.893
4590.23091506958, -9.157191e-05, 6.637105e-10, 2701.803
4592.231016159058, -8.578268e-05, 7.049737e-10, 2701.784
4594.231119394302, -9.099297e-05, 7.297407e-10, 2701.749
4596.2312223911285, -8.694053e-05, 6.69429e-10, 2701.803
4598.231325387955, -8.751944e-05, 6.850033e-10, 2701.894
4600.231413841248, -8.636158e-05, 6.94062e-10, 2701.884
4602.231496334076, -8.867728e-05, 7.00311e-10, 2702.061
4604.2315793037415, -8.86773e-05, 6.863263e-10, 2702.226
4606.231679439545, -8.694053e-05, 6.15103e-10, 2702.396
4608.231778621674, -8.694052e-05, 6.593775e-10, 2702.471
4610.2318778038025, -8.636159e-05, 6.895345e-10, 2702.445
4612.231984138489, -8.69405e-05, 6.66084e-10, 2702.522
4614.232066631317, -8.867731e-05, 7.105591e-10, 2702.56
4616.232199430466, -8.809833e-05, 7.196914e-10, 2702.649
4618.232286691666, -8.867729e-05, 6.011124e-10, 2702.674
4620.232374191284, -8.63616e-05, 6.940668e-10, 2702.72
4622.232478618622, -8.751945e-05, 6.705515e-10, 2702.814
4624.232567548752, -8.694053e-05, 6.738293e-10, 2702.945
4626.232656002045, -8.809836e-05, 6.811965e-10, 2703.018
4628.232758760452, -8.69405e-05, 6.995854e-10, 2703.191
4630.232860565186, -8.63616e-05, 8.503646e-10, 2703.308
4632.2329621315, -8.983512e-05, 8.660703e-10, 2703.481
4634.233062982559, -8.694049e-05, 7.446506e-10, 2703.591
4636.233153820038, -8.636159e-05, 7.252073e-10, 2703.634
4638.233237504959, -8.636159e-05, 6.804674e-10, 2703.649
4640.233327865601, -8.636161e-05, 7.201481e-10, 2703.727
4642.233414173126, -8.520376e-05, 6.956477e-10, 2703.86
4644.233507394791, -8.69405e-05, 7.300693e-10, 2703.988
4646.233612537384, -8.40459e-05, 6.434722e-10, 2704.054
4648.233729839325, -8.694051e-05, 6.279883e-10, 2704.155
4650.233834505081, -8.578265e-05, 7.055011e-10, 2704.205
4652.2339220047, -8.983513e-05, 7.20347e-10, 2704.348
4654.234008550644, -8.40459e-05, 6.463755e-10, 2704.442
4656.234098672867, -8.694053e-05, 6.140678e-10, 2704.491
4658.2342319488525, -8.462483e-05, 6.714051e-10, 2704.539
4660.234330892563, -8.867731e-05, 5.793812e-10, 2704.616
4662.234434366226, -8.63616e-05, 6.995884e-10, 2704.665
4664.234536886215, -8.694056e-05, 7.350602e-10, 2704.764
4666.234625816345, -8.751947e-05, 7.041797e-10, 2704.827
4668.234712600708, -8.694053e-05, 7.102275e-10, 2704.854
4670.234798669815, -8.462484e-05, 6.956454e-10, 2704.888
4672.234886169434, -8.867732e-05, 7.201476e-10, 2704.927
4674.234983682632, -8.40459e-05, 6.437596e-10, 2704.989
4676.235118150711, -8.636159e-05, 6.593757e-10, 2704.99
4678.235205173492, -8.636161e-05, 5.911901e-10, 2705.054
4680.235292673111, -8.636159e-05, 6.322592e-10, 2705.119
4682.235381126404, -8.636164e-05, 6.705497e-10, 2705.147
4684.235481500626, -8.751947e-05, 7.133741e-10, 2705.246
4686.235563755035, -8.520377e-05, 7.300682e-10, 2705.325
4688.235665559769, -8.578265e-05, 6.450584e-10, 2705.384
4690.235768556595, -8.925625e-05, 7.35059e-10, 2705.423
4692.235849142075, -8.69405e-05, 7.041815e-10, 2705.525
4694.235951662064, -8.636164e-05, 6.392702e-10, 2705.582
4696.236054420471, -8.867729e-05, 7.646257e-10, 2705.622
4698.236155986786, -8.751945e-05, 6.995812e-10, 2705.662
4700.236262321472, -8.925626e-05, 7.249429e-10, 2705.664
4702.23635840416, -8.809842e-05, 7.397893e-10, 2705.73
4704.236462593079, -8.751948e-05, 7.498403e-10, 2705.759
4706.236546039581, -8.809839e-05, 7.133753e-10, 2705.793
4708.236628293991, -8.694053e-05, 7.249418e-10, 2705.792
4710.236709833145, -8.80984e-05, 7.087757e-10, 2705.875
4712.236805438995, -8.636164e-05, 6.694231e-10, 2705.929
4714.236900568008, -8.694055e-05, 6.493212e-10, 2705.989
4716.236994028091, -8.751947e-05, 7.249418e-10, 2706.124
4718.237092256546, -8.751947e-05, 6.895339e-10, 2706.231
4720.237195014954, -8.809842e-05, 7.249429e-10, 2706.349
4722.237282991409, -8.867733e-05, 6.903886e-10, 2706.434
4724.237385749817, -8.751947e-05, 7.349278e-10, 2706.497
4726.237486839294, -8.925626e-05, 7.297366e-10, 2706.552
4728.2375664711, -8.751948e-05, 7.105551e-10, 2706.632
4730.23766875267, -8.694053e-05, 7.252079e-10, 2706.749
4732.237797021866, -9.041409e-05, 7.003057e-10, 2706.736
4734.237932920456, -8.636162e-05, 7.300676e-10, 2706.709
4736.238077878952, -8.462483e-05, 6.705474e-10, 2706.748
4738.238182783127, -8.578271e-05, 6.474303e-10, 2706.799
4740.238297224045, -8.578271e-05, 6.804657e-10, 2706.867
4742.238379478455, -8.578271e-05, 7.449112e-10, 2706.884
4744.238493442535, -8.462486e-05, 7.547664e-10, 2706.896
4746.238573551178, -8.925627e-05, 8.391827e-10, 2707.018
4748.238683462143, -8.578271e-05, 8.302568e-10, 2707.078
4750.238786697388, -8.694056e-05, 6.857891e-10, 2707.176
4752.238889932632, -8.462486e-05, 7.299301e-10, 2707.274
4754.238993167877, -8.636164e-05, 7.345252e-10, 2707.291
4756.239128828049, -8.52038e-05, 7.738105e-10, 2707.344
4758.239217281342, -8.925629e-05, 9.758727e-10, 2707.416
4760.2393617630005, -8.751948e-05, 8.237413e-10, 2707.452
4762.239458799362, -8.520379e-05, 7.543656e-10, 2707.555
4764.239542961121, -8.75195e-05, 7.900466e-10, 2707.653
4766.239686012268, -8.694058e-05, 8.671228e-10, 2707.701
4768.239787578583, -8.751948e-05, 8.211301e-10, 2707.704
4770.239895820618, -8.694056e-05, 8.363737e-10, 2707.755
4772.23998093605, -8.983519e-05, 8.411669e-10, 2707.938
4774.2400732040405, -9.041411e-05, 8.727108e-10, 2708.013
4776.24015879631, -8.694058e-05, 7.252062e-10, 2708.076
4778.240259408951, -9.215091e-05, 8.211972e-10, 2708.082
4780.240359306335, -8.983514e-05, 7.349273e-10, 2708.133
4782.240438699722, -9.099306e-05, 8.734391e-10, 2708.088
4784.240527629852, -8.925627e-05, 7.399836e-10, 2708.134
4786.240608692169, -8.694058e-05, 7.49705e-10, 2708.192
4788.240700960159, -8.809843e-05, 8.154758e-10, 2708.217
4790.240784406662, -8.809842e-05, 8.568713e-10, 2708.275
4792.240871667862, -8.57827e-05, 8.805175e-10, 2708.382
4794.240989685059, -8.520381e-05, 8.237401e-10, 2708.438
4796.241075515747, -8.578275e-05, 9.286235e-10, 2708.487
4798.241218328476, -8.867736e-05, 8.247986e-10, 2708.507
4800.241297721863, -8.636166e-05, 8.863014e-10, 2708.614
4802.2414400577545, -8.751948e-05, 6.110259e-10, 2708.688
4804.241549253464, -8.694057e-05, 7.338712e-10, 2708.912
4806.241653203964, -8.636161e-05, 6.895274e-10, 2708.912
4808.241745233536, -8.578273e-05, 7.249406e-10, 2708.874
4810.241841316223, -8.636162e-05, 6.995783e-10, 2708.917
4812.241980552673, -8.751952e-05, 6.857874e-10, 2708.93
4814.242116689682, -8.751952e-05, 6.06956e-10, 2708.948
4816.242215156555, -8.636167e-05, 6.350663e-10, 2709.004
4818.242295742035, -8.925627e-05, 6.995801e-10, 2709.053
4820.242388963699, -8.809843e-05, 7.349273e-10, 2709.064
4822.242493391037, -9.041413e-05, 7.201441e-10, 2709.112
4824.2425808906555, -8.694058e-05, 7.201441e-10, 2709.183
4826.242668867111, -8.867737e-05, 6.949806e-10, 2709.28
4828.242762565613, -8.694058e-05, 7.499048e-10, 2709.292
4830.242905139923, -8.694059e-05, 7.154782e-10, 2709.28
4832.242989778519, -8.925626e-05, 7.399853e-10, 2709.364
4834.243079662323, -8.80984e-05, 7.249389e-10, 2709.514
4836.243164539337, -8.867735e-05, 7.252044e-10, 2709.643
4838.243253707886, -8.578273e-05, 6.811896e-10, 2709.627
4840.243360042572, -8.578271e-05, 7.102223e-10, 2709.661
4842.2434549331665, -8.520378e-05, 7.748722e-10, 2709.684
4844.243544578552, -8.578273e-05, 7.00304e-10, 2709.738
4846.24364566803, -8.694058e-05, 7.096317e-10, 2709.829
4848.243749141693, -8.867736e-05, 7.69742e-10, 2709.881
4850.2438588142395, -8.578275e-05, 6.705451e-10, 2709.888
4852.243949174881, -8.983524e-05, 6.92871e-10, 2709.905
4854.244037151337, -8.520381e-05, 7.189576e-10, 2709.935
4856.244131565094, -8.636164e-05, 6.668705e-10, 2709.939
4858.244228839874, -8.867737e-05, 7.196821e-10, 2709.979
4860.244332313538, -8.75195e-05, 7.646197e-10, 2710.083
4862.244440078735, -8.925629e-05, 8.106141e-10, 2710.185
4864.244544029236, -8.925627e-05, 7.495122e-10, 2710.301
4866.24463391304, -8.867737e-05, 7.102247e-10, 2710.388
4868.244719028473, -8.867739e-05, 6.279883e-10, 2710.425
4870.2448036670685, -8.694061e-05, 8.547563e-10, 2710.412
4872.244891166687, -8.867737e-05, 7.748664e-10, 2710.453
4874.245003938675, -8.636167e-05, 7.697425e-10, 2710.489
4876.245082378387, -8.75195e-05, 6.95639e-10, 2710.451
4878.245173931122, -8.809844e-05, 7.900436e-10, 2710.501
4880.245280265808, -8.636168e-05, 8.101473e-10, 2710.545
4882.245368003845, -8.751953e-05, 7.748676e-10, 2710.591
4884.245481729507, -8.867738e-05, 8.193399e-10, 2710.6
4886.245584726334, -8.751954e-05, 8.403037e-10, 2710.623
4888.245684862137, -8.809843e-05, 8.255939e-10, 2710.802
4890.245764732361, -8.636167e-05, 7.748695e-10, 2710.955
4892.245852470398, -8.694056e-05, 6.903868e-10, 2710.954
4894.24592924118, -8.867733e-05, 7.399841e-10, 2710.906
4896.246014356613, -8.809844e-05, 7.441197e-10, 2710.914
4898.2461178302765, -8.983522e-05, 8.101491e-10, 2710.95
4900.246206283569, -8.809841e-05, 8.108127e-10, 2710.977
4902.2462866306305, -8.809844e-05, 6.903817e-10, 2711.005
4904.246431827545, -8.92563e-05, 7.301281e-10, 2711.049
4906.246510505676, -8.809845e-05, 7.79992e-10, 2711.1
4908.246593236923, -8.809845e-05, 8.004298e-10, 2711.211
4910.246683835983, -8.983524e-05, 8.048224e-10, 2711.28
4912.246777057648, -8.809847e-05, 8.05354e-10, 2711.333
4914.246882200241, -8.694058e-05, 7.598912e-10, 2711.374
4916.24698805809, -8.925627e-05, 7.548954e-10, 2711.444
4918.247095346451, -8.809843e-05, 8.20796e-10, 2711.629
4920.247199058533, -8.694061e-05, 7.748659e-10, 2711.686
4922.247305870056, -8.809847e-05, 6.705422e-10, 2711.707
4924.247410297394, -8.867737e-05, 7.648803e-10, 2711.828
4926.247491836548, -8.867736e-05, 7.449075e-10, 2711.932
4928.247590303421, -9.041416e-05, 7.744715e-10, 2712.01
4930.2476942539215, -8.809847e-05, 7.297318e-10, 2712.046
4932.247794866562, -8.751953e-05, 7.049655e-10, 2712.074
4934.247892379761, -8.983524e-05, 7.142907e-10, 2712.143
4936.247995853424, -8.867739e-05, 7.948403e-10, 2712.209
4938.248082399368, -8.983525e-05, 8.207943e-10, 2712.192
4940.248169898987, -8.867737e-05, 8.201994e-10, 2712.261
4942.248270511627, -9.099306e-05, 7.594896e-10, 2712.354
4944.24834895134, -8.925627e-05, 8.447673e-10, 2712.421
4946.248446464539, -8.751953e-05, 8.158738e-10, 2712.46
4948.248533010483, -8.520384e-05, 7.350521e-10, 2712.404
4950.248669862747, -8.751954e-05, 7.646158e-10, 2712.356
4952.248774051666, -8.63617e-05, 7.548936e-10, 2712.357
4954.248861074448, -8.636169e-05, 8.367662e-10, 2712.418
4956.248943328857, -8.751954e-05, 8.615314e-10, 2712.5
4958.2490310668945, -8.809849e-05, 8.447668e-10, 2712.544
4960.24911570549, -8.462491e-05, 7.249377e-10, 2712.643
4962.2491936683655, -8.867739e-05, 7.087703e-10, 2712.627
4964.249306440353, -8.925629e-05, 7.133675e-10, 2712.682
4966.249402999878, -8.751954e-05, 6.956373e-10, 2712.71
4968.249542236328, -8.751953e-05, 7.548936e-10, 2712.757
4970.249680519104, -8.867738e-05, 7.087691e-10, 2712.804
4972.2497799396515, -8.751954e-05, 7.196802e-10, 2712.867
4974.249881744385, -8.63617e-05, 7.087769e-10, 2712.898
4976.249969244003, -8.867738e-05, 7.345272e-10, 2712.918
4978.250056028366, -8.867739e-05, 8.004951e-10, 2713.042
4980.250141859055, -8.694061e-05, 7.592283e-10, 2713.106
4982.250248908997, -8.751953e-05, 6.434657e-10, 2713.148
4984.250390291214, -9.041416e-05, 7.19678e-10, 2713.249
4986.250492334366, -8.809845e-05, 7.953677e-10, 2713.366
4988.250596284866, -8.867739e-05, 8.053529e-10, 2713.485
4990.250697851181, -8.809847e-05, 7.28281e-10, 2713.584
4992.250785827637, -8.578273e-05, 7.799961e-10, 2713.633
4994.250873565674, -8.63617e-05, 6.308626e-10, 2713.75
4996.251007795334, -8.578274e-05, 6.995765e-10, 2713.733
4998.251087665558, -8.636168e-05, 7.300624e-10, 2713.696
5000.251176357269, -8.86774e-05, 6.80464e-10, 2713.744
5002.251263618469, -8.867741e-05, 6.507032e-10, 2713.806
5004.251352310181, -9.09931e-05, 6.794728e-10, 2713.827
5006.251455307007, -9.041419e-05, 6.232299e-10, 2713.921
5008.251549005508, -8.867741e-05, 5.614234e-10, 2714.075
5010.251651525497, -8.578278e-05, 6.493188e-10, 2714.15
5012.251737117767, -8.578278e-05, 6.028832e-10, 2714.154
5014.251824140549, -8.462492e-05, 6.759282e-10, 2714.233
5016.25190448761, -8.809847e-05, 6.940549e-10, 2714.315
5018.252008199692, -8.578277e-05, 7.007626e-10, 2714.389
5020.252095222473, -8.751954e-05, 7.495074e-10, 2714.432
5022.252179145813, -8.694061e-05, 7.041726e-10, 2714.48
5024.252313613892, -8.694063e-05, 7.300584e-10, 2714.481
5026.252408027649, -8.636168e-05, 6.279802e-10, 2714.467
5028.252511739731, -8.809848e-05, 6.738185e-10, 2714.456
5030.252613782883, -8.925633e-05, 7.695435e-10, 2714.522
5032.252721309662, -8.809847e-05, 6.940543e-10, 2714.571
5034.252799987793, -8.751953e-05, 7.054907e-10, 2714.608
5036.252901792526, -8.520386e-05, 7.087679e-10, 2714.688
5038.252999544144, -8.983526e-05, 6.535821e-10, 2714.701
5040.2531044483185, -8.694063e-05, 6.110213e-10, 2714.76
5042.253207206726, -8.867742e-05, 6.550344e-10, 2714.872
5044.253314256668, -8.751953e-05, 5.911824e-10, 2714.988
5046.2534148693085, -8.694061e-05, 6.386276e-10, 2714.948
5048.253498792648, -8.63617e-05, 6.308614e-10, 2715.023
5050.2536079883575, -8.520383e-05, 6.250779e-10, 2715.153
5052.25369811058, -8.694061e-05, 7.300595e-10, 2715.282
5054.253797531128, -8.404601e-05, 6.738186e-10, 2715.306
5056.253892660141, -9.09931e-05, 6.895221e-10, 2715.374
5058.253987789154, -8.809847e-05, 6.232298e-10, 2715.352
5060.254079818726, -8.520386e-05, 5.872487e-10, 2715.314
5062.254176855087, -8.751953e-05, 6.606197e-10, 2715.35
5064.254279851913, -8.751955e-05, 7.003011e-10, 2715.431
5066.2543749809265, -8.867742e-05, 6.560657e-10, 2715.557
5068.254469394684, -8.694061e-05, 6.660747e-10, 2715.71
5070.254560709, -8.867741e-05, 6.99576e-10, 2715.825
5072.254656076431, -8.751955e-05, 6.985848e-10, 2715.943
5074.254751205444, -8.809848e-05, 6.650205e-10, 2715.951
5076.254847764969, -8.809849e-05, 6.322459e-10, 2715.95
5078.254944562912, -8.63617e-05, 6.571435e-10, 2715.997
5080.255034446716, -8.867738e-05, 6.110248e-10, 2716.035
5082.255125999451, -8.578279e-05, 6.250773e-10, 2715.999
5084.255218267441, -8.694063e-05, 6.636979e-10, 2716.044
5086.255313873291, -8.694061e-05, 6.308602e-10, 2716.103
5088.255403995514, -8.694061e-05, 6.913669e-10, 2716.147
5090.255489587784, -8.63617e-05, 7.449055e-10, 2716.184
5092.255597829819, -8.694064e-05, 7.699375e-10, 2716.19
5094.2557010650635, -8.751954e-05, 7.900448e-10, 2716.206
5096.2558035850525, -8.751957e-05, 8.292582e-10, 2716.208
5098.255941867828, -8.867741e-05, 8.193387e-10, 2716.41
5100.256039857864, -8.63617e-05, 8.280011e-10, 2716.5
5102.256131410599, -8.520385e-05, 8.490971e-10, 2716.562
5104.256232976913, -8.694063e-05, 7.054852e-10, 2716.603
5106.256314754486, -8.520384e-05, 7.299251e-10, 2716.653
5108.256455421448, -8.578278e-05, 8.148079e-10, 2716.649
5110.2565948963165, -8.751958e-05, 8.071755e-10, 2716.662
5112.256690740585, -8.751955e-05, 8.28e-10, 2716.671
5114.256836414337, -8.578278e-05, 7.848508e-10, 2716.658
5116.256938934326, -8.578279e-05, 8.19337e-10, 2716.701
5118.257045030594, -8.520386e-05, 7.948351e-10, 2716.789
5120.257127285004, -8.462492e-05, 7.251955e-10, 2716.875
5122.257225990295, -8.520384e-05, 7.648757e-10, 2716.868
5124.257310152054, -8.80985e-05, 7.749988e-10, 2716.902
5126.257410287857, -8.520386e-05, 7.301241e-10, 2716.956
5128.257515907288, -8.983525e-05, 7.300595e-10, 2717.089
5130.257647037506, -8.63617e-05, 7.54763e-10, 2717.119
5132.257737874985, -8.520387e-05, 7.84849e-10, 2717.162
5134.257824420929, -8.751957e-05, 7.39912e-10, 2717.212
5136.2579433918, -8.867743e-05, 7.895768e-10, 2717.292
5138.258025169373, -8.867742e-05, 7.548908e-10, 2717.333
5140.258110523224, -8.751958e-05, 8.29257e-10, 2717.361
5142.258190870285, -8.751956e-05, 7.851182e-10, 2717.466
5144.258291721344, -8.751956e-05, 8.201972e-10, 2717.487
5146.258391857147, -8.867741e-05, 7.646117e-10, 2717.517
5148.258479595184, -8.809852e-05, 8.805078e-10, 2717.653
5150.258563756943, -8.694064e-05, 8.503525e-10, 2717.682
5152.2586460113525, -8.809848e-05, 8.9056e-10, 2717.834
5154.258746385574, -8.636171e-05, 8.148079e-10, 2717.918
5156.258848190308, -8.80985e-05, 8.631499e-10, 2718.074
5158.2589547634125, -8.694061e-05, 7.851159e-10, 2718.145
5160.259034872055, -8.867743e-05, 7.84849e-10, 2718.141
5162.259137630463, -8.694066e-05, 7.598161e-10, 2718.134
5164.259274482727, -8.809852e-05, 8.568649e-10, 2718.113
5166.259375095367, -8.983531e-05, 8.805089e-10, 2718.199
5168.259479045868, -8.694063e-05, 8.363678e-10, 2718.274
5170.259585618973, -8.80985e-05, 7.547618e-10, 2718.332
5172.259697198868, -8.578279e-05, 7.349203e-10, 2718.411
5174.2598304748535, -9.099315e-05, 8.053487e-10, 2718.428
5176.259917974472, -9.041417e-05, 7.952311e-10, 2718.431
5178.259999513626, -8.983525e-05, 8.818952e-10, 2718.399
5180.260138750076, -8.80985e-05, 7.900395e-10, 2718.424
5182.260245084763, -9.215099e-05, 7.748647e-10, 2718.386
5184.260327339172, -8.694066e-05, 5.96744e-10, 2718.447
5186.260412454605, -8.867744e-05, 6.895203e-10, 2718.423
5188.260513544083, -8.809849e-05, 6.374762e-10, 2718.448
5190.2606201171875, -8.983529e-05, 6.168048e-10, 2718.503
5192.260724544525, -8.867741e-05, 7.291365e-10, 2718.603
5194.260825395584, -8.867743e-05, 6.593638e-10, 2718.662
5196.260938882828, -8.694066e-05, 6.18256e-10, 2718.752
5198.261049032211, -8.694064e-05, 6.903775e-10, 2718.841
5200.26114821434, -8.694064e-05, 7.14947e-10, 2718.918
5202.2612388134, -8.809847e-05, 7.498327e-10, 2718.885
5204.261342525482, -8.751958e-05, 7.399767e-10, 2718.941
5206.26144695282, -8.925635e-05, 7.291335e-10, 2718.923
5208.261555671692, -8.636172e-05, 6.995713e-10, 2718.913
5210.26166677475, -8.520386e-05, 6.623331e-10, 2719.004
5212.261756181717, -8.925635e-05, 7.495056e-10, 2719.055
5214.261845111847, -8.983527e-05, 7.6987e-10, 2719.155
5216.26198554039, -8.867744e-05, 6.476617e-10, 2719.119
5218.26207113266, -8.983531e-05, 7.49502e-10, 2719.1
5220.262163162231, -8.694067e-05, 6.182565e-10, 2719.187
5222.262303113937, -8.578281e-05, 7.698711e-10, 2719.214
5224.262393474579, -8.75196e-05, 6.593632e-10, 2719.267
5226.262531280518, -8.462492e-05, 6.350581e-10, 2719.223
5228.262623548508, -8.751958e-05, 6.53579e-10, 2719.209
5230.26270699501, -8.694066e-05, 6.209419e-10, 2719.267
5232.262788534164, -8.520387e-05, 6.623343e-10, 2719.343
5234.262927770615, -9.041422e-05, 6.593674e-10, 2719.409
5236.263029336929, -8.925636e-05, 6.72362e-10, 2719.422
5238.263113260269, -8.694066e-05, 8.094164e-10, 2719.484
5240.263192653656, -8.694064e-05, 6.759282e-10, 2719.637
5242.263293981552, -8.925636e-05, 7.14286e-10, 2719.778
5244.263378858566, -8.925634e-05, 7.153453e-10, 2719.843
5246.263482809067, -8.751957e-05, 6.909707e-10, 2719.825
5248.2635905742645, -8.925635e-05, 6.571423e-10, 2719.904
5250.26367020607, -8.694063e-05, 7.449041e-10, 2719.926
5252.263775348663, -8.578281e-05, 6.407814e-10, 2719.91
5254.263859987259, -8.867745e-05, 6.804564e-10, 2719.947
5256.263943433762, -8.809849e-05, 7.794021e-10, 2719.937
5258.264028549194, -8.694066e-05, 7.948328e-10, 2719.978
5260.264128684998, -8.751959e-05, 7.399091e-10, 2719.96
5262.264228343964, -8.694061e-05, 7.300619e-10, 2720.047
5264.264326334, -8.75196e-05, 6.72362e-10, 2720.099
5266.264409065247, -8.636174e-05, 6.995695e-10, 2720.098
5268.264495372772, -9.041424e-05, 7.446419e-10, 2720.175
5270.264597654343, -8.925635e-05, 7.902373e-10, 2720.123
5272.264678239822, -8.636172e-05, 7.054843e-10, 2720.099
5274.264760732651, -8.751957e-05, 7.548884e-10, 2720.117
5276.264866352081, -8.751959e-05, 7.102153e-10, 2720.157
5278.264956474304, -8.925634e-05, 7.744646e-10, 2720.195
5280.265053510666, -8.751959e-05, 7.297265e-10, 2720.244
5282.2653913497925, -8.809849e-05, 6.051009e-10, 2720.256
5284.265527486801, -8.925635e-05, 6.091054e-10, 2720.294
5286.265616178513, -8.751962e-05, 7.14286e-10, 2720.295
5288.265706062317, -8.983529e-05, 7.096228e-10, 2720.375
5290.2658088207245, -8.751958e-05, 6.578454e-10, 2720.462
5292.265937328339, -8.925639e-05, 6.713965e-10, 2720.534
5294.266042947769, -8.578283e-05, 6.694148e-10, 2720.594
5296.266132354736, -8.86774e-05, 7.489107e-10, 2720.608
5298.2662353515625, -8.636172e-05, 6.883964e-10, 2720.565
5300.266337156296, -8.867743e-05, 7.096228e-10, 2720.524
5302.266422986984, -8.983531e-05, 6.849886e-10, 2720.543
5304.266507387161, -9.041423e-05, 7.30056e-10, 2720.575
5306.266592025757, -8.867745e-05, 6.562226e-10, 2720.61
5308.266693353653, -9.041419e-05, 7.041702e-10, 2720.698
5310.266797542572, -8.80985e-05, 7.249342e-10, 2720.759
5312.266885280609, -8.578282e-05, 7.041672e-10, 2720.759
5314.266973257065, -8.520386e-05, 6.738125e-10, 2720.864
5316.267066955566, -8.751959e-05, 7.041689e-10, 2720.866
5318.26717042923, -8.636174e-05, 6.26657e-10, 2720.891
5320.2672753334045, -8.751958e-05, 6.903758e-10, 2721.002
5322.26735663414, -8.867744e-05, 7.297277e-10, 2721.155
5324.2674605846405, -8.636173e-05, 6.811832e-10, 2721.144
5326.26756477356, -8.867747e-05, 7.102171e-10, 2721.177
5328.267661571503, -8.809852e-05, 7.547589e-10, 2721.184
5330.267746210098, -8.751959e-05, 7.39777e-10, 2721.248
5332.267848968506, -8.636172e-05, 8.048189e-10, 2721.319
5334.267943143845, -8.694067e-05, 7.393166e-10, 2721.336
5336.268078327179, -8.578281e-05, 8.309768e-10, 2721.346
5338.268166303635, -8.694069e-05, 7.848461e-10, 2721.373
5340.268294811249, -8.867744e-05, 6.450442e-10, 2721.371
5342.268377780914, -8.694066e-05, 7.300566e-10, 2721.419
5344.268465042114, -8.694067e-05, 6.571412e-10, 2721.61
5346.268605709076, -8.809851e-05, 7.196762e-10, 2721.717
5348.26870059967, -8.75196e-05, 6.518189e-10, 2721.727
5350.2688019275665, -8.983531e-05, 7.03113e-10, 2721.79
5352.268891334534, -9.041424e-05, 6.782128e-10, 2721.894
5354.269003868103, -8.636175e-05, 7.537037e-10, 2721.924
5356.269090890884, -8.520387e-05, 7.385926e-10, 2721.926
5358.269169807434, -8.75196e-05, 7.851167e-10, 2721.932
5360.269273042679, -8.867741e-05, 6.857833e-10, 2721.924
5362.269376516342, -8.809854e-05, 7.057523e-10, 2721.919
5364.269462585449, -8.636176e-05, 6.250749e-10, 2721.936
5366.269563436508, -8.809852e-05, 6.407808e-10, 2721.956
5368.269696474075, -8.751959e-05, 6.535755e-10, 2721.939
5370.269833087921, -8.925638e-05, 6.308619e-10, 2721.931
5372.269934415817, -8.809855e-05, 5.387378e-10, 2721.916
5374.270035982132, -8.925636e-05, 6.010971e-10, 2721.928
5376.270118713379, -8.983527e-05, 5.967397e-10, 2721.978
5378.270224332809, -8.751958e-05, 6.392601e-10, 2722.029
5380.270359277725, -8.925639e-05, 6.051009e-10, 2722.122
5382.270464420319, -8.636175e-05, 6.392583e-10, 2722.155
5384.270569562912, -8.751959e-05, 6.091036e-10, 2722.126
5386.270671844482, -8.809852e-05, 6.350622e-10, 2722.115
5388.270758867264, -8.983532e-05, 6.535755e-10, 2722.148
5390.270895957947, -8.867747e-05, 7.031106e-10, 2722.12
5392.270980358124, -8.867747e-05, 5.99049e-10, 2722.159
5394.271059989929, -8.809854e-05, 6.250708e-10, 2722.173
5396.271196842194, -8.69407e-05, 6.535767e-10, 2722.269
5398.271302700043, -8.809852e-05, 6.392588e-10, 2722.333
5400.271410226822, -8.751962e-05, 8.106054e-10, 2722.342
5402.271500349045, -8.751961e-05, 7.441136e-10, 2722.423
5404.271590948105, -8.520389e-05, 6.849874e-10, 2722.43
5406.271696567535, -8.751958e-05, 6.232256e-10, 2722.496
5408.271800518036, -8.809854e-05, 6.191582e-10, 2722.635
5410.271903991699, -8.867745e-05, 5.928691e-10, 2722.672
5412.2719922065735, -8.925639e-05, 6.250702e-10, 2722.667
5414.272095441818, -8.694068e-05, 6.333409e-10, 2722.678
5416.272200584412, -8.983531e-05, 6.108606e-10, 2722.648
5418.272334098816, -8.809854e-05, 6.750001e-10, 2722.664
5420.272466182709, -8.98353e-05, 6.224568e-10, 2722.656
5422.272570610046, -8.925641e-05, 6.250702e-10, 2722.644
5424.27267575264, -8.751962e-05, 6.010954e-10, 2722.677
5426.272824048996, -8.694069e-05, 6.407779e-10, 2722.749
5428.272916316986, -8.520392e-05, 7.153412e-10, 2722.854
5430.273003578186, -8.694067e-05, 6.392583e-10, 2722.902
5432.273109197617, -8.636176e-05, 6.506968e-10, 2722.887
5434.273192882538, -8.751962e-05, 6.90969e-10, 2722.896
5436.273330688477, -8.694071e-05, 5.789453e-10, 2722.882
5438.273433923721, -8.520389e-05, 5.930931e-10, 2722.922
5440.273536682129, -8.636176e-05, 5.95113e-10, 2722.991
5442.273620605469, -8.636177e-05, 6.407767e-10, 2723.038
5444.273709058762, -8.636177e-05, 7.393153e-10, 2723.064
5446.273844957352, -8.809854e-05, 7.105437e-10, 2723.181
5448.273931264877, -8.636176e-05, 7.196738e-10, 2723.225
5450.274030923843, -8.751963e-05, 6.322395e-10, 2723.196
5452.274135351181, -8.809855e-05, 6.581948e-10, 2723.221
5454.274241685867, -8.636177e-05, 7.547548e-10, 2723.216
5456.274335384369, -8.694067e-05, 5.87244e-10, 2723.251
5458.27442240715, -8.578284e-05, 6.322413e-10, 2723.294
5460.274559020996, -8.636175e-05, 7.096193e-10, 2723.311
5462.274645328522, -8.867748e-05, 6.55028e-10, 2723.294
5464.274736404419, -8.636175e-05, 6.5182e-10, 2723.402
5466.274816989899, -8.636175e-05, 6.26657e-10, 2723.474
5468.274932146072, -8.636175e-05, 6.804564e-10, 2723.529
5470.2750380039215, -8.52039e-05, 5.793667e-10, 2723.607
5472.275177717209, -8.462495e-05, 6.002623e-10, 2723.596
5474.275263547897, -8.230925e-05, 6.32243e-10, 2723.557
5476.275359869003, -8.520391e-05, 6.765838e-10, 2723.592
5478.275470018387, -8.809855e-05, 6.616062e-10, 2723.605
5480.275574684143, -8.694069e-05, 7.149422e-10, 2723.567
5482.275679826736, -8.578283e-05, 6.5714e-10, 2723.657
5484.27575969696, -8.636175e-05, 6.290345e-10, 2723.675
5486.275850534439, -8.694068e-05, 6.279733e-10, 2723.743
5488.275934457779, -8.694066e-05, 6.668602e-10, 2723.763
5490.276015520096, -8.636172e-05, 7.446377e-10, 2723.875
5492.276112318039, -8.694069e-05, 6.759247e-10, 2723.869
5494.276202201843, -8.520391e-05, 5.906742e-10, 2723.856
5496.276307106018, -8.57828e-05, 6.168025e-10, 2723.873
5498.276401996613, -8.636178e-05, 6.131032e-10, 2723.838
5500.276540756226, -8.520391e-05, 6.266547e-10, 2723.955
5502.276622772217, -8.462495e-05, 6.857775e-10, 2724.07
5504.276723146439, -8.694068e-05, 6.298212e-10, 2724.093
5506.2768614292145, -8.404603e-05, 6.811798e-10, 2724.177
5508.276954174042, -8.462498e-05, 5.576773e-10, 2724.19
5510.277028560638, -8.636176e-05, 7.007569e-10, 2724.186
5512.277129888535, -8.809855e-05, 6.266547e-10, 2724.155
5514.277255773544, -8.694067e-05, 6.308561e-10, 2724.16
5516.277352333069, -8.809855e-05, 6.616051e-10, 2724.138
5518.277451515198, -8.925639e-05, 7.087655e-10, 2724.166
5520.2775411605835, -8.751963e-05, 5.614151e-10, 2724.203
5522.277648448944, -8.983532e-05, 6.493075e-10, 2724.272
5524.27774977684, -8.809856e-05, 5.387366e-10, 2724.315
5526.277874946594, -8.694069e-05, 5.928668e-10, 2724.344
5528.277957439423, -8.578285e-05, 6.110172e-10, 2724.456
5530.278039216995, -8.636176e-05, 7.249289e-10, 2724.499
5532.278127193451, -8.983535e-05, 7.494984e-10, 2724.529
5534.278225660324, -8.751964e-05, 6.350545e-10, 2724.588
5536.278304815292, -8.809855e-05, 6.050974e-10, 2724.701
5538.278384923935, -8.751961e-05, 6.52674e-10, 2724.717
5540.278522014618, -8.751961e-05, 7.385902e-10, 2724.711
5542.278650999069, -9.099318e-05, 7.291299e-10, 2724.725
5544.2787346839905, -8.751963e-05, 7.397752e-10, 2724.732
5546.278828382492, -9.041427e-05, 7.441119e-10, 2724.814
5548.278910398483, -8.694069e-05, 7.102124e-10, 2724.844
5550.279014348984, -9.041425e-05, 6.759241e-10, 2724.887
5552.279149532318, -8.867747e-05, 7.297242e-10, 2724.833
5554.279286146164, -8.867748e-05, 6.895173e-10, 2724.808
5556.279369592667, -8.867749e-05, 6.804552e-10, 2724.813
5558.279510974884, -8.694071e-05, 6.209331e-10, 2724.858
5560.279603719711, -8.809857e-05, 7.142825e-10, 2724.905
5562.279706954956, -8.751962e-05, 6.616057e-10, 2724.916
5564.279809951782, -8.578284e-05, 7.142825e-10, 2724.903
5566.279943227768, -8.751962e-05, 6.365075e-10, 2725.025
5568.280080318451, -8.751961e-05, 6.895173e-10, 2725.151
5570.280179262161, -8.809855e-05, 7.543586e-10, 2725.169
5572.280292749405, -8.751964e-05, 6.956309e-10, 2725.234
5574.280379295349, -8.751961e-05, 6.518577e-10, 2725.338
5576.2804844379425, -8.751963e-05, 7.196721e-10, 2725.355
5578.28058719635, -8.751961e-05, 6.759223e-10, 2725.336
5580.280694246292, -8.694071e-05, 6.949712e-10, 2725.345
5582.2808356285095, -8.751963e-05, 7.441077e-10, 2725.339
5584.280930995941, -8.809855e-05, 8.255823e-10, 2725.353
5586.281026601791, -8.751964e-05, 7.345174e-10, 2725.372
5588.281132221222, -8.636174e-05, 7.3012e-10, 2725.406
5590.281230211258, -8.809856e-05, 7.699334e-10, 2725.482
5592.281316280365, -8.751964e-05, 6.956298e-10, 2725.488
5594.281398534775, -8.867748e-05, 7.698711e-10, 2725.501
5596.281532764435, -8.925642e-05, 6.506944e-10, 2725.498
5598.281628370285, -8.694069e-05, 6.985812e-10, 2725.564
5600.281726360321, -8.578283e-05, 6.506974e-10, 2725.618
5602.281826972961, -8.751962e-05, 6.804534e-10, 2725.629
5604.2819085121155, -8.751961e-05, 6.36507e-10, 2725.648
5606.282011270523, -8.694071e-05, 5.988076e-10, 2725.635
5608.282110691071, -8.69407e-05, 7.057472e-10, 2725.615
5610.282191991806, -8.983533e-05, 6.90969e-10, 2725.653
5612.282286167145, -8.809855e-05, 7.446365e-10, 2725.785
5614.282384395599, -8.69407e-05, 6.518148e-10, 2725.75
5616.282489299774, -8.925641e-05, 6.79464e-10, 2725.797
5618.282592535019, -8.867747e-05, 7.498921e-10, 2725.854
5620.282705783844, -8.867747e-05, 7.049556e-10, 2725.855
5622.282801628113, -8.751963e-05, 7.449009e-10, 2725.875
5624.282884120941, -8.578286e-05, 7.646106e-10, 2725.865
5626.283019065857, -8.578282e-05, 7.35044e-10, 2725.925
5628.283098697662, -8.751963e-05, 7.251883e-10, 2725.983
5630.283233880997, -9.041426e-05, 7.345219e-10, 2725.992
5632.283369779587, -8.751964e-05, 8.154624e-10, 2726.06
5634.283478736877, -8.809855e-05, 7.848438e-10, 2726.106
5636.283617019653, -8.809855e-05, 7.59879e-10, 2726.181
5638.283718347549, -8.809853e-05, 7.201348e-10, 2726.223
5640.283820867538, -8.809855e-05, 7.249283e-10, 2726.228
5642.283930063248, -9.099314e-05, 7.133597e-10, 2726.241
5644.284067869186, -8.983532e-05, 7.543598e-10, 2726.217
5646.284153461456, -8.867749e-05, 8.316324e-10, 2726.189
5648.284285068512, -8.867749e-05, 7.397775e-10, 2726.196
5650.284420490265, -8.867749e-05, 5.763681e-10, 2726.213
5652.284523487091, -8.867748e-05, 5.726303e-10, 2726.291
5654.284605979919, -9.215106e-05, 5.726297e-10, 2726.343
5656.284708023071, -8.867747e-05, 7.469252e-10, 2726.392
5658.284795999527, -8.809855e-05, 6.171064e-10, 2726.491
5660.2848925590515, -8.520392e-05, 6.694112e-10, 2726.578
5662.2849979400635, -8.694067e-05, 6.308596e-10, 2726.642
5664.2850868701935, -8.809855e-05, 6.759241e-10, 2726.637
5666.28519320488, -8.92564e-05, 6.839272e-10, 2726.651
5668.285329818726, -8.867749e-05, 7.142849e-10, 2726.655
5670.285431861877, -8.751963e-05, 6.251111e-10, 2726.584
5672.285532236099, -8.694072e-05, 6.191522e-10, 2726.552
5674.285637378693, -8.636179e-05, 5.71334e-10, 2726.567
5676.285741567612, -8.636178e-05, 6.493075e-10, 2726.619
5678.285845518112, -8.694072e-05, 5.551686e-10, 2726.681
5680.285955190659, -8.4625e-05, 5.990479e-10, 2726.655
5682.286032915115, -8.694065e-05, 5.928674e-10, 2726.704
5684.286124706268, -8.983532e-05, 5.812553e-10, 2726.726
5686.286209821701, -8.751961e-05, 5.415744e-10, 2726.776
5688.2863137722015, -8.925642e-05, 7.087644e-10, 2726.734
5690.286402225494, -8.867748e-05, 6.476574e-10, 2726.793
5692.286494970322, -8.92564e-05, 6.150841e-10, 2726.796
5694.286603212357, -8.867749e-05, 6.250696e-10, 2726.798
5696.286693811417, -8.809856e-05, 6.050974e-10, 2726.814
5698.286788702011, -8.983531e-05, 6.11013e-10, 2726.825
5700.286873102188, -9.041427e-05, 7.062516e-10, 2726.823
5702.286967992783, -8.983536e-05, 7.54358e-10, 2726.81
5704.287058353424, -8.809857e-05, 6.090976e-10, 2726.857
5706.287144184113, -8.983535e-05, 7.031088e-10, 2726.918
5708.287238836288, -8.867749e-05, 7.393136e-10, 2726.922
5710.28733253479, -8.983533e-05, 6.392535e-10, 2727.059
5712.28741812706, -8.520392e-05, 6.167978e-10, 2727.104
5714.287522315979, -8.694073e-05, 6.839278e-10, 2727.14
5716.28763794899, -8.809855e-05, 7.236076e-10, 2727.148
5718.287727355957, -8.983535e-05, 7.189438e-10, 2727.182
5720.287857532501, -8.694073e-05, 6.250667e-10, 2727.24
5722.287953138351, -8.520392e-05, 6.167989e-10, 2727.201
5724.288058042526, -8.751965e-05, 5.252091e-10, 2727.206
5726.288148403168, -8.751964e-05, 6.83929e-10, 2727.219
5728.288239240646, -8.694074e-05, 6.895168e-10, 2727.412
5730.288335084915, -8.4625e-05, 6.550262e-10, 2727.548
5732.288469791412, -8.694072e-05, 6.333372e-10, 2727.634
5734.28857088089, -8.578287e-05, 7.102107e-10, 2727.631
5736.288664340973, -8.751965e-05, 6.960236e-10, 2727.623
5738.288762807846, -8.751965e-05, 5.988059e-10, 2727.626
5740.288898706436, -8.578283e-05, 6.60615e-10, 2727.637
5742.289032459259, -8.636178e-05, 6.333605e-10, 2727.621
5744.289115667343, -8.751966e-05, 6.266518e-10, 2727.672
5746.289217948914, -8.809856e-05, 6.995695e-10, 2727.722
5748.289320468903, -8.578286e-05, 6.250667e-10, 2727.743
5750.289466381073, -8.751965e-05, 6.407721e-10, 2727.762
5752.289814949036, -8.867749e-05, 6.01093e-10, 2727.779
5754.289959669113, -8.751963e-05, 6.450406e-10, 2727.736
5756.290100097656, -8.636175e-05, 5.113165e-10, 2727.76
5758.2901866436005, -8.636179e-05, 6.19148e-10, 2727.768
5760.290279150009, -8.694071e-05, 7.297225e-10, 2727.749
5762.290420055389, -8.63618e-05, 6.407744e-10, 2727.761
5764.290504455566, -8.694073e-05, 6.738078e-10, 2727.738
5766.290608167648, -8.809858e-05, 6.292031e-10, 2727.802
5768.2907111644745, -8.636178e-05, 7.196703e-10, 2727.881
5770.290868520737, -8.983535e-05, 6.60611e-10, 2727.978
5772.2909615039825, -8.694072e-05, 6.650117e-10, 2728.023
5774.291053771973, -8.867752e-05, 6.365058e-10, 2728.128
5776.291143417358, -8.867752e-05, 5.911741e-10, 2728.153
5778.291245222092, -8.809858e-05, 6.250666e-10, 2728.159
5780.291343927383, -8.867747e-05, 7.393124e-10, 2728.163
5782.291472673416, -8.520389e-05, 6.27971e-10, 2728.126
5784.291587591171, -8.751966e-05, 6.985752e-10, 2728.113
5786.291733980179, -8.694071e-05, 5.812523e-10, 2728.137
5788.291872739792, -8.751966e-05, 5.872346e-10, 2728.171
5790.291966199875, -8.404608e-05, 6.518582e-10, 2728.179
5792.292062282562, -8.578286e-05, 7.449009e-10, 2728.23
5794.292188405991, -8.867752e-05, 6.108563e-10, 2728.286
5796.292279243469, -8.694073e-05, 6.578405e-10, 2728.337
5798.292390584946, -8.63618e-05, 6.050944e-10, 2728.381
5800.292501449585, -8.809857e-05, 6.150823e-10, 2728.338
5802.2926206588745, -8.578289e-05, 7.041619e-10, 2728.38
5804.292732954025, -9.099321e-05, 5.911712e-10, 2728.385
5806.292825937271, -8.636178e-05, 5.368028e-10, 2728.413
5808.292936325073, -8.694074e-05, 6.365047e-10, 2728.383
5810.293030261993, -8.751965e-05, 6.66373e-10, 2728.379
5812.29311132431, -8.694072e-05, 6.420263e-10, 2728.419
5814.293203830719, -8.751964e-05, 6.209331e-10, 2728.548
5816.293292999268, -8.520394e-05, 6.01093e-10, 2728.562
5818.29337978363, -8.751964e-05, 6.36507e-10, 2728.571
5820.293514728546, -8.636181e-05, 6.232173e-10, 2728.673
5822.293623685837, -9.041429e-05, 6.74996e-10, 2728.712
5824.293726682663, -8.751966e-05, 5.773806e-10, 2728.772
5826.293810367584, -8.751958e-05, 5.970915e-10, 2728.803
5828.293897628784, -8.346717e-05, 5.675519e-10, 2728.755
5830.29398059845, -8.751966e-05, 5.812535e-10, 2728.818
5832.294060945511, -8.694072e-05, 5.825307e-10, 2728.853
5834.2941608428955, -8.578288e-05, 6.650105e-10, 2728.961
5836.29426240921, -8.751964e-05, 6.043948e-10, 2729.013
5838.294363021851, -8.636178e-05, 6.606145e-10, 2729.101
5840.294443130493, -8.636178e-05, 6.333594e-10, 2729.089
5842.294543504715, -8.751964e-05, 6.493063e-10, 2729.06
5844.294638156891, -8.63618e-05, 6.069438e-10, 2729.066
5846.294726848602, -8.694072e-05, 6.474142e-10, 2729.067
5848.294810056686, -8.462499e-05, 6.085295e-10, 2729.035
5850.294909000397, -8.80986e-05, 6.191498e-10, 2728.99
5852.29502248764, -9.041429e-05, 7.338561e-10, 2729.031
5854.295120477676, -8.983534e-05, 6.849827e-10, 2729.154
5856.295223474503, -8.80986e-05, 5.751349e-10, 2729.186
5858.295314073563, -8.925645e-05, 7.494979e-10, 2729.197
5860.29545378685, -8.983537e-05, 7.494936e-10, 2729.154
5862.295538425446, -8.636182e-05, 7.18945e-10, 2729.145
5864.29562830925, -8.925643e-05, 6.782091e-10, 2729.112
5866.295731782913, -8.925645e-05, 6.738078e-10, 2729.147
5868.295818328857, -8.80986e-05, 6.995647e-10, 2729.289
5870.295917749405, -8.809862e-05, 6.810235e-10, 2729.341
5872.296028375626, -8.80986e-05, 5.657702e-10, 2729.353
5874.29612994194, -8.520394e-05, 6.167973e-10, 2729.394
5876.296232700348, -8.694073e-05, 7.189438e-10, 2729.547
5878.296335935593, -8.694073e-05, 7.041619e-10, 2729.61
5880.296440124512, -8.694074e-05, 6.903694e-10, 2729.577
5882.296544551849, -8.63618e-05, 6.804552e-10, 2729.6
5884.296647071838, -8.925646e-05, 7.699293e-10, 2729.605
5886.296750307083, -8.751967e-05, 7.648694e-10, 2729.698
5888.296854972839, -8.63618e-05, 7.249237e-10, 2729.714
5890.296939611435, -8.751965e-05, 7.598092e-10, 2729.712
5892.297042608261, -8.288824e-05, 6.333588e-10, 2729.739
5894.297127008438, -8.809858e-05, 6.420234e-10, 2729.748
5896.297228574753, -8.578288e-05, 6.713896e-10, 2729.724
5898.297312736511, -8.809861e-05, 7.748537e-10, 2729.752
5900.297424077988, -8.636182e-05, 6.098493e-10, 2729.729
5902.297523975372, -8.751968e-05, 6.437411e-10, 2729.722
5904.297620296478, -8.636178e-05, 7.498903e-10, 2729.737
5906.297723770142, -8.63618e-05, 6.804511e-10, 2729.778
5908.297807455063, -8.520395e-05, 7.149375e-10, 2729.796
5910.297898769379, -8.80986e-05, 7.598098e-10, 2729.832
5912.297983407974, -8.578286e-05, 7.952247e-10, 2729.85
5914.298075914383, -8.809855e-05, 7.446314e-10, 2729.878
5916.298162937164, -8.578286e-05, 7.902321e-10, 2729.906
5918.298258781433, -8.636179e-05, 7.498885e-10, 2729.967
5920.298363208771, -8.346717e-05, 6.862983e-10, 2730.073
5922.298472881317, -8.4625e-05, 6.71981e-10, 2730.094
5924.298574209213, -8.751966e-05, 7.648693e-10, 2730.092
5926.298677682877, -8.751966e-05, 7.105385e-10, 2730.116
5928.298763751984, -8.809858e-05, 6.759212e-10, 2730.168
5930.298867464066, -8.462501e-05, 7.799809e-10, 2730.191
5932.298960924149, -8.809858e-05, 6.518143e-10, 2730.197
5934.2990691661835, -8.404611e-05, 6.857735e-10, 2730.145
5936.299209356308, -8.63618e-05, 6.109065e-10, 2730.092
5938.299348831177, -8.462504e-05, 6.705328e-10, 2730.08
5940.299451112747, -8.4625e-05, 6.616011e-10, 2730.144
5942.299555063248, -8.404611e-05, 7.548814e-10, 2730.166
5944.299655199051, -8.520392e-05, 7.106049e-10, 2730.236
5946.29975938797, -8.578289e-05, 6.76577e-10, 2730.252
5948.29985165596, -8.462503e-05, 6.237019e-10, 2730.303
5950.299940824509, -8.578286e-05, 7.049532e-10, 2730.278
5952.300024032593, -8.636178e-05, 6.909632e-10, 2730.295
5954.300132036209, -8.520393e-05, 6.857775e-10, 2730.282
5956.300215959549, -8.230931e-05, 7.34514e-10, 2730.292
5958.300321340561, -8.636179e-05, 6.526699e-10, 2730.29
5960.300426244736, -8.462502e-05, 6.57136e-10, 2730.339
5962.300531625748, -8.636181e-05, 7.799809e-10, 2730.46
5964.300632238388, -8.63618e-05, 7.948293e-10, 2730.511
5966.300729036331, -8.636181e-05, 7.796488e-10, 2730.545
5968.300833940506, -8.636179e-05, 8.048132e-10, 2730.652
5970.300937652588, -8.751965e-05, 8.094118e-10, 2730.772
5972.301027774811, -8.694074e-05, 7.800465e-10, 2730.837
5974.301130056381, -8.520392e-05, 6.050944e-10, 2730.85
5976.3012273311615, -8.694072e-05, 6.826069e-10, 2730.865
5978.301331758499, -8.809858e-05, 6.506921e-10, 2730.835
5980.301433801651, -8.578286e-05, 6.506921e-10, 2730.819
5982.301536798477, -8.751962e-05, 6.526688e-10, 2730.835
5984.301641225815, -8.694072e-05, 7.002912e-10, 2730.843
5986.301805496216, -8.636181e-05, 5.539348e-10, 2730.873
5988.301887273788, -8.520394e-05, 6.350521e-10, 2730.856
5990.301982879639, -8.636178e-05, 6.13099e-10, 2730.893
5992.302087306976, -8.4625e-05, 6.308496e-10, 2730.941
5994.302183151245, -8.288824e-05, 5.810782e-10, 2731.07
5996.302286863327, -8.751965e-05, 6.506897e-10, 2731.08
5998.3023908138275, -8.80986e-05, 6.903694e-10, 2731.104
6000.302492856979, -8.578289e-05, 6.266512e-10, 2731.121
6002.3025822639465, -8.809856e-05, 6.266506e-10, 2731.16
6004.302686929703, -8.63618e-05, 6.694082e-10, 2731.16
6006.30277967453, -8.63618e-05, 6.126619e-10, 2731.181
6008.302867412567, -8.63618e-05, 6.518125e-10, 2731.177
6010.302972793579, -8.63618e-05, 6.010918e-10, 2731.165
6012.303106784821, -8.40461e-05, 6.60611e-10, 2731.244
6014.303208827972, -8.462502e-05, 6.581914e-10, 2731.296
6016.303303718567, -8.578289e-05, 6.550238e-10, 2731.294
6018.303396701813, -8.404609e-05, 6.506897e-10, 2731.344
6020.303489685059, -8.520395e-05, 5.970886e-10, 2731.365
6022.303595304489, -8.578286e-05, 5.793621e-10, 2731.364
6024.303696393967, -8.636178e-05, 7.049532e-10, 2731.431
6026.303812265396, -8.694074e-05, 7.201319e-10, 2731.489
6028.303904771805, -8.462498e-05, 6.535725e-10, 2731.487
6030.303993940353, -8.694072e-05, 6.420263e-10, 2731.446
6032.304084777832, -8.694074e-05, 6.857752e-10, 2731.448
6034.3042204380035, -8.520392e-05, 7.149399e-10, 2731.418
6036.304303646088, -8.809858e-05, 6.804505e-10, 2731.462
6038.304402351379, -8.462503e-05, 6.014432e-10, 2731.519
6040.304513454437, -8.636178e-05, 6.616005e-10, 2731.565
6042.304600954056, -8.404609e-05, 6.26653e-10, 2731.608
6044.304705619812, -8.520394e-05, 5.832957e-10, 2731.646
6046.304790496826, -8.578289e-05, 5.970898e-10, 2731.621
6048.304889678955, -8.40461e-05, 6.140471e-10, 2731.569
6050.304990768433, -8.751966e-05, 6.182468e-10, 2731.536
6052.305135965347, -8.751967e-05, 7.446336e-10, 2731.521
6054.305241823196, -8.578289e-05, 7.68537e-10, 2731.584
6056.305348396301, -8.578288e-05, 7.648699e-10, 2731.655
6058.305488109589, -8.520398e-05, 8.094083e-10, 2731.703
6060.3055782318115, -8.751968e-05, 7.299138e-10, 2731.668
6062.305675983429, -8.867754e-05, 7.498221e-10, 2731.7
6064.305815219879, -8.809857e-05, 7.002894e-10, 2731.778
6066.305951118469, -8.578287e-05, 7.041619e-10, 2731.804
6068.306045055389, -8.520396e-05, 6.279716e-10, 2731.771
6070.306132316589, -8.462506e-05, 6.811775e-10, 2731.734
6072.306228637695, -8.751967e-05, 6.985747e-10, 2731.685
6074.306332588196, -8.404611e-05, 7.648687e-10, 2731.693
6076.306466341019, -8.636181e-05, 7.54748e-10, 2731.719
6078.306554317474, -8.636182e-05, 7.748548e-10, 2731.709
6080.306651830673, -8.80986e-05, 7.895676e-10, 2731.75
6082.306791305542, -8.636181e-05, 7.299144e-10, 2731.803
6084.306886672974, -8.751969e-05, 7.843112e-10, 2731.857
6086.306993961334, -8.751971e-05, 6.615999e-10, 2731.895
6088.307129144669, -8.80986e-05, 7.69927e-10, 2731.894
6090.3072373867035, -8.636181e-05, 7.49888e-10, 2731.9
6092.3073670864105, -8.578286e-05, 7.902308e-10, 2731.952
6094.307500123978, -8.925647e-05, 6.857711e-10, 2731.937
6096.307592868805, -8.809859e-05, 8.000829e-10, 2731.926
6098.307735443115, -8.636176e-05, 7.448992e-10, 2731.921
6100.307836532593, -8.925643e-05, 7.749865e-10, 2731.898
6102.307950735092, -8.636181e-05, 7.598075e-10, 2731.858
6104.3080422878265, -8.751969e-05, 7.547512e-10, 2731.888
6106.308143615723, -8.751964e-05, 7.189408e-10, 2731.877
6108.308244228363, -8.80986e-05, 7.243971e-10, 2731.957
6110.3083419799805, -9.041434e-05, 7.547548e-10, 2732.015
6112.308473825455, -8.867754e-05, 7.851089e-10, 2732.082
6114.308563947678, -8.98354e-05, 7.201267e-10, 2732.083
6116.308653593063, -8.867755e-05, 7.596816e-10, 2732.081
6118.308783531189, -8.809859e-05, 7.041613e-10, 2732.047
6120.308916091919, -8.578289e-05, 7.399691e-10, 2732.015
6122.309029102325, -9.04143e-05, 7.698676e-10, 2732.01
6124.309166908264, -8.86775e-05, 7.744578e-10, 2732.035
6126.309266090393, -8.751965e-05, 8.004169e-10, 2732.079
6128.3093729019165, -8.983536e-05, 6.150781e-10, 2732.079
6130.309510469437, -8.925645e-05, 6.374714e-10, 2732.094
6132.309648036957, -8.636181e-05, 6.55025e-10, 2732.139
6134.309784650803, -8.80986e-05, 6.766894e-10, 2732.243
6136.309919834137, -8.867749e-05, 6.33333e-10, 2732.295
6138.310023546219, -8.636182e-05, 7.800465e-10, 2732.286
6140.310130357742, -8.867754e-05, 6.292008e-10, 2732.345
6142.310234069824, -8.983538e-05, 6.110095e-10, 2732.425
6144.310334205627, -8.751966e-05, 7.087577e-10, 2732.422
6146.310485124588, -8.925643e-05, 5.951095e-10, 2732.42
6148.310575008392, -8.80986e-05, 6.450406e-10, 2732.414
6150.3106570243835, -8.751965e-05, 6.73806e-10, 2732.423
6152.310753107071, -8.694074e-05, 6.636926e-10, 2732.437
6154.310840845108, -8.925646e-05, 6.506892e-10, 2732.433
6156.31095290184, -8.694074e-05, 6.407703e-10, 2732.416
6158.31104850769, -8.867753e-05, 6.883892e-10, 2732.416
6160.311145544052, -8.694072e-05, 6.928548e-10, 2732.443
6162.311247587204, -8.69407e-05, 6.928548e-10, 2732.485
6164.3113486766815, -8.867755e-05, 6.723566e-10, 2732.574
6166.311450719833, -8.751968e-05, 5.990466e-10, 2732.615
6168.311552762985, -8.983539e-05, 6.434537e-10, 2732.65
6170.311654806137, -9.215108e-05, 7.489023e-10, 2732.684
6172.311793088913, -8.80986e-05, 6.434525e-10, 2732.703
6174.311928033829, -8.925641e-05, 6.010912e-10, 2732.703
6176.312027931213, -9.157213e-05, 6.374714e-10, 2732.703
6178.312130689621, -8.751969e-05, 5.451759e-10, 2732.76
6180.312232494354, -8.809858e-05, 6.272859e-10, 2732.794
6182.312333345413, -8.694075e-05, 6.550238e-10, 2732.814
6184.3124215602875, -8.809858e-05, 6.493016e-10, 2732.889
6186.312566280365, -8.925647e-05, 6.493069e-10, 2732.987
6188.31270980835, -8.751968e-05, 6.694076e-10, 2733.047
6190.312815189362, -8.867755e-05, 6.493033e-10, 2733.055
6192.312956809998, -8.751969e-05, 6.050962e-10, 2733.037
6194.313060283661, -8.925645e-05, 7.3931e-10, 2732.96
6196.313149929047, -8.809861e-05, 7.698659e-10, 2733.109
6198.313254356384, -8.925645e-05, 8.053394e-10, 2733.117
6200.313348054886, -8.694074e-05, 7.800441e-10, 2733.067
6202.313451051712, -9.041431e-05, 7.08759e-10, 2733.052
6204.313534021378, -8.925645e-05, 7.536957e-10, 2733.005
6206.3136394023895, -8.867754e-05, 8.004157e-10, 2732.986
6208.313740730286, -9.041434e-05, 8.420767e-10, 2733.002
6210.313831329346, -8.983537e-05, 7.397705e-10, 2732.988
6212.313936948776, -8.80986e-05, 7.748611e-10, 2733.048
6214.314023733139, -8.867755e-05, 7.646053e-10, 2733.101
6216.314122915268, -8.462505e-05, 7.901655e-10, 2733.182
6218.314220428467, -8.809862e-05, 8.004819e-10, 2733.12
6220.314325809479, -9.041432e-05, 8.473997e-10, 2733.174
6222.314407348633, -8.98354e-05, 7.851029e-10, 2733.344
6224.314511060715, -9.157218e-05, 8.004801e-10, 2733.314
6226.314594984055, -9.041432e-05, 7.798503e-10, 2733.291
6228.314678192139, -8.925645e-05, 7.54355e-10, 2733.363
6230.314769268036, -8.867755e-05, 7.243954e-10, 2733.345
6232.314864873886, -8.86775e-05, 7.441035e-10, 2733.323
6234.314967632294, -8.80986e-05, 6.291995e-10, 2733.284
6236.315079212189, -8.867749e-05, 7.196679e-10, 2733.228
6238.315218925476, -8.751965e-05, 7.397711e-10, 2733.202
6240.3153557777405, -8.98354e-05, 7.297178e-10, 2733.24
6242.3154554367065, -8.925647e-05, 7.446325e-10, 2733.252
6244.315588951111, -8.867754e-05, 7.23604e-10, 2733.251
6246.315682172775, -8.925647e-05, 7.031021e-10, 2733.305
6248.315819978714, -8.404614e-05, 6.550232e-10, 2733.455
6250.315955877304, -8.694074e-05, 6.110095e-10, 2733.539
6252.316047668457, -8.867755e-05, 6.895103e-10, 2733.565
6254.316153764725, -8.925646e-05, 6.782061e-10, 2733.494
6256.316290616989, -8.867754e-05, 7.236058e-10, 2733.503
6258.316387891769, -8.867754e-05, 6.940406e-10, 2733.483
6260.316477775574, -8.867755e-05, 7.282714e-10, 2733.501
6262.316568374634, -9.041433e-05, 7.494967e-10, 2733.495
6264.316659450531, -8.867755e-05, 7.397711e-10, 2733.491
6266.316762924194, -8.809862e-05, 5.827431e-10, 2733.464
6268.316900730133, -8.925647e-05, 7.44104e-10, 2733.531
6270.317008972168, -8.867754e-05, 6.621031e-10, 2733.575
6272.317132472992, -8.867752e-05, 6.98571e-10, 2733.599
6274.317229747772, -8.694074e-05, 6.895109e-10, 2733.629
6276.3173360824585, -8.867755e-05, 6.636878e-10, 2733.664
6278.31743311882, -9.157215e-05, 7.196662e-10, 2733.677
6280.317553758621, -8.57829e-05, 7.189427e-10, 2733.666
6282.3176736831665, -8.867751e-05, 7.096158e-10, 2733.784
6284.317757844925, -8.867755e-05, 6.493057e-10, 2733.863
6286.317840576172, -8.925643e-05, 7.142795e-10, 2733.853
6288.317931175232, -8.983539e-05, 7.166983e-10, 2733.855
6290.318068027496, -8.983539e-05, 7.69537e-10, 2733.868
6292.318205118179, -9.041435e-05, 6.650058e-10, 2733.843
6294.318298816681, -8.80986e-05, 6.804481e-10, 2733.829
6296.318395137787, -8.809863e-05, 7.6487e-10, 2733.806
6298.318530082703, -9.041433e-05, 7.446312e-10, 2733.83
6300.318621635437, -8.867755e-05, 7.952226e-10, 2733.819
6302.318732976913, -8.809861e-05, 8.525276e-10, 2733.822
6304.318834781647, -9.041432e-05, 8.623785e-10, 2733.853
6306.318929195404, -9.157218e-05, 7.744643e-10, 2733.872
6308.319032669067, -8.925648e-05, 7.695309e-10, 2733.865
6310.319123268127, -9.157216e-05, 7.488994e-10, 2733.894
6312.31920838356, -8.867755e-05, 6.602568e-10, 2733.862
6314.319292068481, -9.041429e-05, 6.209295e-10, 2733.863
6316.319389104843, -8.98354e-05, 6.108526e-10, 2733.986
6318.319477081299, -8.751968e-05, 6.782061e-10, 2733.978
6320.319580554962, -8.983537e-05, 6.644588e-10, 2733.936
6322.319664001465, -8.75197e-05, 7.338526e-10, 2734.026
6324.319760560989, -8.867751e-05, 6.434525e-10, 2734.05
6326.319853782654, -8.983538e-05, 6.593543e-10, 2734.029
6328.319988965988, -8.809861e-05, 6.350504e-10, 2733.964
6330.320095300674, -8.867755e-05, 6.122193e-10, 2733.972
6332.320183038712, -8.694076e-05, 5.636142e-10, 2733.934
6334.320271968842, -8.867749e-05, 6.110083e-10, 2734.01
6336.320375204086, -8.694073e-05, 7.002883e-10, 2734.041
6338.320479154587, -8.751967e-05, 6.650093e-10, 2734.087
6340.320570707321, -8.867755e-05, 6.434513e-10, 2734.095
6342.320673465729, -8.694077e-05, 6.308514e-10, 2734.131
6344.320773839951, -8.809863e-05, 5.987995e-10, 2734.158
6346.320861339569, -8.636185e-05, 6.291978e-10, 2734.156
6348.321021318436, -8.867752e-05, 6.407738e-10, 2734.137
6350.321116924286, -8.694076e-05, 6.450354e-10, 2734.137
6352.321252822876, -8.636181e-05, 6.593549e-10, 2734.099
6354.321365594864, -8.694077e-05, 6.518571e-10, 2734.15
6356.321463346481, -8.694077e-05, 5.576696e-10, 2734.186
6358.321608066559, -8.983532e-05, 5.735101e-10, 2734.121
6360.321695804596, -8.520397e-05, 6.43013e-10, 2734.161
6362.321786880493, -8.751969e-05, 6.191468e-10, 2734.178
6364.321890830994, -8.694077e-05, 6.237013e-10, 2734.251
6366.3219792842865, -8.636181e-05, 5.911688e-10, 2734.339
6368.322067737579, -8.520397e-05, 6.606092e-10, 2734.423
6370.322169303894, -8.578289e-05, 6.705299e-10, 2734.502
6372.322256326675, -8.751968e-05, 6.694071e-10, 2734.514
6374.322369337082, -8.80986e-05, 6.615994e-10, 2734.538
6376.322505235672, -8.288823e-05, 5.97088e-10, 2734.54
6378.322643280029, -8.578289e-05, 6.420211e-10, 2734.531
6380.322735309601, -8.462506e-05, 5.5574e-10, 2734.586
6382.322821140289, -8.578289e-05, 6.140431e-10, 2734.532
6384.3229076862335, -8.57829e-05, 6.126584e-10, 2734.605
6386.323003768921, -8.288827e-05, 5.501929e-10, 2734.647
6388.323100090027, -8.57829e-05, 6.028705e-10, 2734.656
6390.323199272156, -8.520397e-05, 5.754209e-10, 2734.591
6392.323285579681, -8.867755e-05, 5.651482e-10, 2734.548
6394.3233914375305, -8.520397e-05, 5.930831e-10, 2734.515
6396.3234832286835, -8.462504e-05, 6.25066e-10, 2734.572
6398.323572397232, -8.694077e-05, 5.614074e-10, 2734.642
6400.323673248291, -8.636183e-05, 5.990443e-10, 2734.705
6402.323775291443, -8.4625e-05, 5.872334e-10, 2734.716
6404.323879241943, -8.404614e-05, 5.404745e-10, 2734.846
6406.323981046677, -8.520397e-05, 6.085249e-10, 2734.918
6408.3241176605225, -8.694077e-05, 6.434525e-10, 2734.966
6410.324253559113, -8.57829e-05, 5.735072e-10, 2735.072
6412.324354171753, -8.636183e-05, 6.562097e-10, 2735.093
6414.324491977692, -8.404612e-05, 6.895085e-10, 2735.059
6416.324630737305, -8.636184e-05, 7.349081e-10, 2735.071
6418.324728012085, -8.98354e-05, 7.142819e-10, 2735.043
6420.324814319611, -8.636184e-05, 8.107947e-10, 2735.141
6422.324910402298, -8.925648e-05, 7.848408e-10, 2735.179
6424.325001239777, -8.867753e-05, 7.548803e-10, 2735.194
6426.325097084045, -9.041435e-05, 7.800424e-10, 2735.157
6428.325197219849, -8.925651e-05, 8.211791e-10, 2735.126
6430.325297832489, -8.867755e-05, 8.107947e-10, 2735.232
6432.32540845871, -8.694077e-05, 6.956234e-10, 2735.272
6434.325556516647, -8.809862e-05, 7.153308e-10, 2735.39
6436.325647115707, -8.983542e-05, 7.448924e-10, 2735.487
6438.325734615326, -8.867755e-05, 7.189438e-10, 2735.555
6440.325841188431, -8.751971e-05, 6.9404e-10, 2735.53
6442.325976371765, -8.867756e-05, 6.593538e-10, 2735.488
6444.3261115550995, -8.92565e-05, 7.031009e-10, 2735.465
6446.326216220856, -8.694077e-05, 6.694041e-10, 2735.416
6448.326354503632, -8.98354e-05, 6.374677e-10, 2735.349
6450.326458930969, -8.867755e-05, 7.646072e-10, 2735.345
6452.326573133469, -8.867754e-05, 6.694041e-10, 2735.385
6454.326686382294, -8.867754e-05, 6.209295e-10, 2735.436
6456.326787471771, -8.751971e-05, 6.794557e-10, 2735.479
6458.326888799667, -8.751971e-05, 6.562074e-10, 2735.48
6460.3269855976105, -8.809862e-05, 6.995647e-10, 2735.501
6462.327082633972, -8.694079e-05, 7.385805e-10, 2735.422
6464.327178478241, -9.099328e-05, 6.010888e-10, 2735.436
6466.3273141384125, -8.578294e-05, 6.010871e-10, 2735.438
6468.327449321747, -8.636186e-05, 6.32232e-10, 2735.476
6470.327553272247, -8.636183e-05, 6.224464e-10, 2735.446
6472.3276398181915, -8.462506e-05, 5.464558e-10, 2735.404
6474.327746391296, -8.578291e-05, 5.812487e-10, 2735.394
6476.327833890915, -8.694077e-05, 6.110095e-10, 2735.394
6478.3279337883, -8.636181e-05, 6.266465e-10, 2735.485
6480.328033924103, -8.636185e-05, 6.043884e-10, 2735.62
6482.328134536743, -8.694076e-05, 6.392488e-10, 2735.756
6484.328214645386, -8.867755e-05, 5.464575e-10, 2735.696
6486.328302145004, -8.867755e-05, 6.191462e-10, 2735.731
6488.328401565552, -8.694077e-05, 5.588379e-10, 2735.687
6490.328484535217, -8.75197e-05, 6.493039e-10, 2735.724
6492.328596115112, -8.636181e-05, 6.713849e-10, 2735.723
6494.328696012497, -8.694078e-05, 6.636878e-10, 2735.673
6496.328798294067, -8.694078e-05, 6.759166e-10, 2735.687
6498.328909635544, -8.925648e-05, 6.680206e-10, 2735.705
6500.329006195068, -8.694075e-05, 6.839237e-10, 2735.732
6502.3291075229645, -8.925647e-05, 6.191462e-10, 2735.799
6504.329208374023, -8.75197e-05, 6.150781e-10, 2735.852
6506.329312801361, -8.694076e-05, 6.535671e-10, 2735.837
6508.329406499863, -8.578289e-05, 6.578351e-10, 2735.836
6510.329546451569, -8.809863e-05, 6.895114e-10, 2735.84
6512.329650640488, -8.983538e-05, 6.47652e-10, 2735.837
6514.3297481536865, -8.867755e-05, 6.333366e-10, 2735.788
6516.329847812653, -8.636186e-05, 6.364994e-10, 2735.806
6518.329940795898, -8.809862e-05, 6.535671e-10, 2735.864
6520.330041646957, -8.578291e-05, 6.660637e-10, 2735.876
6522.330145597458, -8.694077e-05, 6.322343e-10, 2735.947
6524.330246210098, -8.983541e-05, 6.759159e-10, 2735.956
6526.330332994461, -8.809864e-05, 5.990418e-10, 2735.974
6528.330415248871, -8.75197e-05, 6.350492e-10, 2736.0
6530.33051943779, -8.636182e-05, 6.562097e-10, 2736.007
6532.330621004105, -8.925649e-05, 5.751313e-10, 2736.104
6534.330713033676, -8.925647e-05, 6.839249e-10, 2736.197
6536.330800294876, -8.636186e-05, 6.407667e-10, 2736.244
6538.33088850975, -8.925649e-05, 6.62102e-10, 2736.208
6540.330973625183, -8.925647e-05, 6.365011e-10, 2736.3
6542.331074714661, -8.578291e-05, 6.170998e-10, 2736.344
6544.33117556572, -9.041432e-05, 5.451729e-10, 2736.403
6546.331276416779, -8.636186e-05, 5.41566e-10, 2736.423
6548.331376314163, -9.099328e-05, 6.457359e-10, 2736.367
6550.331486225128, -8.809864e-05, 6.578369e-10, 2736.354
6552.331574440002, -8.809863e-05, 6.110095e-10, 2736.397
6554.331660985947, -8.809864e-05, 5.551596e-10, 2736.461
6556.331755399704, -8.809863e-05, 7.349075e-10, 2736.508
6558.331842422485, -8.462506e-05, 6.883886e-10, 2736.542
6560.331928491592, -8.636183e-05, 6.463534e-10, 2736.543
6562.332015037537, -8.809866e-05, 6.535677e-10, 2736.54
6564.3321743011475, -8.578289e-05, 7.002877e-10, 2736.445
6566.33226442337, -8.751971e-05, 7.149352e-10, 2736.364
6568.332366228104, -8.80986e-05, 6.9404e-10, 2736.32
6570.332508802414, -8.520399e-05, 6.73803e-10, 2736.33
6572.3326053619385, -8.694076e-05, 6.535683e-10, 2736.319
6574.332690477371, -8.98354e-05, 6.37466e-10, 2736.386
6576.332775354385, -9.099326e-05, 6.973167e-10, 2736.424
6578.332914352417, -9.041435e-05, 6.250637e-10, 2736.48
6580.333008527756, -8.694079e-05, 6.45736e-10, 2736.483
6582.333149909973, -8.809861e-05, 5.9904e-10, 2736.499
6584.333250761032, -8.751967e-05, 6.82602e-10, 2736.522
6586.333336114883, -8.925649e-05, 6.869997e-10, 2736.536
6588.333447217941, -8.809862e-05, 6.434513e-10, 2736.506
6590.333553552628, -8.80986e-05, 6.463539e-10, 2736.479
6592.333644866943, -8.867755e-05, 7.031057e-10, 2736.46
6594.333744049072, -8.867756e-05, 6.694094e-10, 2736.425
6596.333847999573, -8.809863e-05, 6.333318e-10, 2736.429
6598.333937883377, -8.867755e-05, 6.88385e-10, 2736.452
6600.3340718746185, -8.694078e-05, 6.593525e-10, 2736.446
6602.3342089653015, -8.867755e-05, 7.142789e-10, 2736.426
6604.334313154221, -8.636183e-05, 6.493022e-10, 2736.447
6606.334415435791, -8.867755e-05, 6.506892e-10, 2736.494
6608.334524154663, -8.809863e-05, 6.110119e-10, 2736.688
6610.334634542465, -8.578293e-05, 6.759143e-10, 2736.749
6612.33473610878, -8.636186e-05, 6.224464e-10, 2736.735
6614.334835767746, -8.751971e-05, 6.749919e-10, 2736.709
6616.334937095642, -8.578293e-05, 7.096128e-10, 2736.749
6618.335017442703, -8.578292e-05, 6.450323e-10, 2736.764
6620.335119485855, -8.636183e-05, 6.713849e-10, 2736.829
6622.335205554962, -8.462508e-05, 6.759143e-10, 2736.899
6624.335287809372, -8.34672e-05, 5.810759e-10, 2736.901
6626.335398435593, -8.578291e-05, 7.057432e-10, 2736.832
6628.3355033397675, -8.694079e-05, 6.430119e-10, 2736.8
6630.335637331009, -8.520399e-05, 6.903647e-10, 2736.736
6632.3357264995575, -8.751973e-05, 6.518079e-10, 2736.706
6634.335829257965, -8.751972e-05, 6.322331e-10, 2736.711
6636.335924625397, -8.809865e-05, 5.872281e-10, 2736.741
6638.336019277573, -8.925645e-05, 6.167931e-10, 2736.731
6640.336115121841, -8.5204e-05, 5.696367e-10, 2736.782
6642.336210489273, -8.636186e-05, 7.338567e-10, 2736.87
6644.336307525635, -8.867758e-05, 6.518068e-10, 2736.881
6646.336403131485, -8.578294e-05, 6.35048e-10, 2736.89
6648.336501836777, -8.578293e-05, 6.862971e-10, 2736.956
6650.336599826813, -8.520399e-05, 6.857689e-10, 2737.083
6652.336703538895, -8.462503e-05, 6.606063e-10, 2737.202
6654.336785554886, -8.751971e-05, 5.865948e-10, 2737.185
6656.336877822876, -8.520401e-05, 6.308473e-10, 2737.14
6658.33699965477, -8.636185e-05, 6.272829e-10, 2737.126
6660.337087631226, -8.751971e-05, 6.562068e-10, 2737.152
6662.337187290192, -8.636187e-05, 7.14937e-10, 2737.139
6664.337295055389, -8.462506e-05, 6.182433e-10, 2737.181
6666.337388277054, -8.578291e-05, 5.427174e-10, 2737.227
6668.337493896484, -8.809863e-05, 6.794563e-10, 2737.272
6670.33757853508, -8.69408e-05, 6.749907e-10, 2737.276
6672.337683677673, -8.694074e-05, 6.290226e-10, 2737.304
6674.337786912918, -8.751971e-05, 5.793574e-10, 2737.318
6676.337920665741, -8.751968e-05, 7.4489e-10, 2737.325
6678.338056087494, -8.751972e-05, 6.167908e-10, 2737.425
6680.338191747665, -8.462508e-05, 6.606063e-10, 2737.488
6682.338280916214, -8.636186e-05, 5.970845e-10, 2737.507
6684.33838391304, -8.346721e-05, 6.749919e-10, 2737.501
6686.338484764099, -8.80986e-05, 6.463551e-10, 2737.499
6688.338584184647, -8.636187e-05, 6.392487e-10, 2737.47
6690.338685274124, -8.578293e-05, 7.496868e-10, 2737.497
6692.338782548904, -8.636186e-05, 7.648653e-10, 2737.516
6694.33886384964, -8.75197e-05, 7.301132e-10, 2737.568
6696.338966846466, -8.925649e-05, 7.498203e-10, 2737.618
6698.339065790176, -8.809862e-05, 7.498221e-10, 2737.692
6700.339167356491, -8.751971e-05, 7.948224e-10, 2737.678
6702.339267730713, -8.867757e-05, 6.849763e-10, 2737.657
6704.339371204376, -8.809863e-05, 6.407667e-10, 2737.626
6706.339472293854, -8.69408e-05, 4.952465e-10, 2737.633
6708.339574098587, -8.636186e-05, 5.614062e-10, 2737.585
6710.339668512344, -9.157221e-05, 6.069379e-10, 2737.558
6712.339770078659, -8.462506e-05, 5.990407e-10, 2737.606
6714.339872121811, -8.694075e-05, 5.599148e-10, 2737.617
6716.3400065898895, -8.809865e-05, 6.518516e-10, 2737.634
6718.340111017227, -8.809863e-05, 6.110089e-10, 2737.641
6720.340245008469, -8.694078e-05, 6.16792e-10, 2737.655
6722.34034371376, -8.694079e-05, 6.266448e-10, 2737.632
6724.3404495716095, -8.520399e-05, 6.224446e-10, 2737.681
6726.340536355972, -8.694075e-05, 6.308461e-10, 2737.694
6728.340669870377, -8.636186e-05, 6.028681e-10, 2737.68
6730.34080696106, -8.636186e-05, 5.789351e-10, 2737.683
6732.340907335281, -8.462506e-05, 6.463563e-10, 2737.69
6734.341006755829, -8.404608e-05, 8.207837e-10, 2737.611
6736.341094017029, -8.636181e-05, 7.796442e-10, 2737.609
6738.341182470322, -8.694077e-05, 7.843072e-10, 2737.627
6740.341280460358, -8.809863e-05, 7.851012e-10, 2737.639
6742.341387987137, -8.578289e-05, 7.007471e-10, 2737.593
6744.341477632523, -8.809863e-05, 7.895688e-10, 2737.602
6746.341582298279, -8.809861e-05, 7.598719e-10, 2737.645
6748.341681718826, -8.867755e-05, 8.004145e-10, 2737.725
6750.341789484024, -8.983539e-05, 7.799774e-10, 2737.725
6752.34189081192, -8.867755e-05, 7.948288e-10, 2737.785
6754.341973543167, -8.694077e-05, 7.596779e-10, 2737.841
6756.342054367065, -8.925649e-05, 8.056026e-10, 2737.831
6758.342138290405, -8.867755e-05, 7.799763e-10, 2737.824
6760.342221736908, -8.983542e-05, 8.411481e-10, 2737.864
6762.3423063755035, -9.041436e-05, 8.000806e-10, 2737.854
6764.342394351959, -8.92565e-05, 8.20185e-10, 2737.893
6766.34247636795, -9.157218e-05, 8.15854e-10, 2737.954
6768.342579841614, -9.157218e-05, 7.494937e-10, 2737.944
6770.342682600021, -8.98354e-05, 8.316269e-10, 2738.012
6772.342777490616, -8.867759e-05, 7.399645e-10, 2737.968
6774.3428728580475, -8.751971e-05, 7.888375e-10, 2738.021
6776.342978239059, -8.925649e-05, 7.749829e-10, 2738.055
6778.343081712723, -8.867757e-05, 7.547501e-10, 2738.042
6780.343185424805, -9.041436e-05, 8.101322e-10, 2738.001
6782.343272686005, -8.983542e-05, 8.158529e-10, 2737.986
6784.343382835388, -8.809865e-05, 8.804963e-10, 2737.963
6786.343485593796, -8.92565e-05, 7.95225e-10, 2737.966
6788.34357714653, -8.867755e-05, 7.698575e-10, 2737.982
6790.343680381775, -8.983543e-05, 7.796442e-10, 2738.05
6792.343763113022, -8.983544e-05, 7.049467e-10, 2738.058
6794.3438539505005, -8.98354e-05, 7.851037e-10, 2738.104
6796.3439564704895, -8.867755e-05, 8.20779e-10, 2738.104
6798.344059467316, -8.867755e-05, 8.623767e-10, 2738.123
6800.344155788422, -8.520401e-05, 8.154582e-10, 2738.145
6802.344256639481, -8.809863e-05, 7.932374e-10, 2738.135
6804.3443558216095, -8.809865e-05, 7.699265e-10, 2738.157
6806.344451665878, -8.751971e-05, 7.748484e-10, 2738.175
6808.3445956707, -8.925648e-05, 8.292439e-10, 2738.186
6810.344752550125, -8.983541e-05, 7.948212e-10, 2738.224
6812.344858884811, -8.578293e-05, 7.102037e-10, 2738.189
6814.344962358475, -8.98354e-05, 7.748551e-10, 2738.232
6816.345066547394, -8.925649e-05, 8.94315e-10, 2738.217
6818.345168828964, -8.867757e-05, 8.933217e-10, 2738.249
6820.34526181221, -8.751971e-05, 7.699235e-10, 2738.264
6822.345356464386, -8.983539e-05, 6.9956e-10, 2738.245
6824.34543800354, -8.809865e-05, 7.799751e-10, 2738.207
6826.345543861389, -8.983537e-05, 8.002802e-10, 2738.241
6828.345643043518, -8.809862e-05, 6.870016e-10, 2738.229
6830.345776557922, -9.041435e-05, 7.480401e-10, 2738.228
6832.345863342285, -8.751974e-05, 7.096146e-10, 2738.194
6834.345965623856, -8.578293e-05, 7.22546e-10, 2738.215
6836.346064090729, -8.636186e-05, 6.392487e-10, 2738.288
6838.346148490906, -8.809862e-05, 6.636836e-10, 2738.377
6840.346237659454, -9.041434e-05, 6.308514e-10, 2738.396
6842.346321582794, -8.694077e-05, 5.55159e-10, 2738.419
6844.346445798874, -9.041435e-05, 5.559934e-10, 2738.43
6846.346563100815, -8.867755e-05, 6.272817e-10, 2738.414
6848.346664905548, -8.751971e-05, 6.849763e-10, 2738.422
6850.346761703491, -8.809863e-05, 6.995612e-10, 2738.393
6852.3468589782715, -8.809862e-05, 6.069397e-10, 2738.393
6854.346951723099, -8.809865e-05, 7.049491e-10, 2738.483
6856.34704041481, -8.92565e-05, 6.883868e-10, 2738.52
6858.347125530243, -8.809865e-05, 7.076331e-10, 2738.572
6860.347215414047, -8.69408e-05, 6.578315e-10, 2738.605
6862.347306013107, -8.809863e-05, 6.493003e-10, 2738.602
6864.347400903702, -8.809864e-05, 7.041548e-10, 2738.628
6866.347501277924, -8.925651e-05, 5.928571e-10, 2738.643
6868.347603082657, -8.636185e-05, 6.272811e-10, 2738.638
6870.347710847855, -8.636187e-05, 5.872316e-10, 2738.606
6872.347845077515, -8.867757e-05, 6.849775e-10, 2738.634
6874.347949981689, -9.041435e-05, 5.751343e-10, 2738.659
6876.348064422607, -8.92565e-05, 6.354189e-10, 2738.656
6878.348166704178, -8.636187e-05, 6.450318e-10, 2738.755
6880.348257303238, -8.751974e-05, 7.225454e-10, 2738.813
6882.348362207413, -8.694077e-05, 6.694029e-10, 2738.849
6884.348500013351, -8.925652e-05, 6.578309e-10, 2738.867
6886.348635196686, -8.636183e-05, 6.069379e-10, 2738.916
6888.348743200302, -8.867755e-05, 5.851168e-10, 2738.949
6890.348848819733, -8.86776e-05, 7.142748e-10, 2738.904
6892.348957300186, -8.809865e-05, 6.450312e-10, 2738.971
6894.349059104919, -8.694073e-05, 6.738054e-10, 2738.968
6896.349159479141, -8.983544e-05, 6.308479e-10, 2739.002
6898.349254608154, -8.578295e-05, 6.492991e-10, 2738.972
6900.34934592247, -8.809863e-05, 7.002848e-10, 2738.997
6902.349450111389, -8.925651e-05, 7.041559e-10, 2739.012
6904.34955573082, -8.925651e-05, 6.550197e-10, 2738.951
6906.349639892578, -9.041436e-05, 6.602488e-10, 2738.922
6908.349742174149, -8.983543e-05, 7.076325e-10, 2738.997
6910.349852323532, -8.925651e-05, 6.723492e-10, 2739.097
6912.349942684174, -8.925648e-05, 7.017804e-10, 2739.169
6914.350040435791, -8.925649e-05, 6.895073e-10, 2739.143
6916.350146532059, -8.86776e-05, 6.940395e-10, 2739.127
6918.350246429443, -8.809868e-05, 6.985681e-10, 2739.097
6920.350347280502, -8.694081e-05, 7.236004e-10, 2739.07
6922.350433111191, -8.925649e-05, 7.196638e-10, 2739.123
6924.350533008575, -8.867757e-05, 6.853466e-10, 2739.186
6926.350633859634, -8.867757e-05, 6.723492e-10, 2739.19
6928.350774526596, -8.867757e-05, 7.698558e-10, 2739.16
6930.350862503052, -8.92565e-05, 6.644502e-10, 2739.197
6932.350998401642, -8.983545e-05, 6.518485e-10, 2739.265
6934.351098060608, -9.09933e-05, 5.55156e-10, 2739.265
6936.351199865341, -8.694081e-05, 6.291038e-10, 2739.286
6938.351284980774, -8.925649e-05, 6.050897e-10, 2739.301
6940.35137295723, -8.925651e-05, 5.763632e-10, 2739.334
6942.351464271545, -8.809868e-05, 6.650017e-10, 2739.407
6944.351595163345, -8.867757e-05, 6.748987e-10, 2739.388
6946.351687431335, -8.983543e-05, 5.85118e-10, 2739.425
6948.351791858673, -8.867758e-05, 5.865445e-10, 2739.47
6950.351886749268, -8.983545e-05, 6.450312e-10, 2739.496
6952.351988315582, -8.925651e-05, 6.005962e-10, 2739.481
6954.352074623108, -8.86776e-05, 6.272811e-10, 2739.505
6956.352164030075, -8.809866e-05, 5.851174e-10, 2739.472
6958.3523099422455, -8.86776e-05, 5.52386e-10, 2739.439
6960.352449417114, -8.69408e-05, 6.706336e-10, 2739.43
6962.35254740715, -8.925651e-05, 6.825989e-10, 2739.471
6964.3526492118835, -8.925651e-05, 7.041547e-10, 2739.46
6966.352753639221, -9.157218e-05, 6.949589e-10, 2739.457
6968.3528599739075, -8.983543e-05, 6.869954e-10, 2739.455
6970.352962732315, -8.925651e-05, 6.706319e-10, 2739.499
6972.3530530929565, -9.099327e-05, 6.973143e-10, 2739.532
6974.35319185257, -9.099328e-05, 6.535629e-10, 2739.576
6976.353299617767, -8.578294e-05, 6.723523e-10, 2739.639
6978.353385925293, -8.867757e-05, 7.548756e-10, 2739.656
6980.353488445282, -8.867762e-05, 6.02867e-10, 2739.64
6982.353587150574, -8.925651e-05, 5.451699e-10, 2739.601
6984.353735208511, -8.69408e-05, 6.322297e-10, 2739.652
6986.353853702545, -8.867761e-05, 6.535647e-10, 2739.715
6988.353957653046, -8.867757e-05, 6.028693e-10, 2739.73
6990.354068994522, -8.578295e-05, 5.86542e-10, 2739.749
6992.354172229767, -8.809866e-05, 6.420164e-10, 2739.722
6994.354315280914, -8.404614e-05, 6.615924e-10, 2739.753
6996.354449033737, -9.04144e-05, 5.713216e-10, 2739.791
6998.354584693909, -8.751971e-05, 6.506839e-10, 2739.826
7000.354674577713, -8.809865e-05, 6.333246e-10, 2739.895
7002.354779005051, -8.404617e-05, 5.688823e-10, 2739.916
7004.354882478714, -8.809864e-05, 5.827352e-10, 2739.972
7006.354984998703, -8.867761e-05, 6.308432e-10, 2740.106
7008.355089902878, -8.578295e-05, 5.872281e-10, 2740.224
7010.355175971985, -8.751974e-05, 6.940365e-10, 2740.265
7012.355310916901, -8.867759e-05, 6.506862e-10, 2740.273
7014.355399608612, -8.809866e-05, 6.88385e-10, 2740.303
7016.355508089066, -8.694081e-05, 6.250619e-10, 2740.278
7018.355612277985, -8.636187e-05, 5.735054e-10, 2740.259
7020.355715513229, -8.809867e-05, 6.110078e-10, 2740.228
7022.355828285217, -8.86776e-05, 6.333324e-10, 2740.292
7024.355926513672, -8.636186e-05, 7.054751e-10, 2740.359
7026.356030225754, -8.751972e-05, 5.911641e-10, 2740.424
7028.356132745743, -8.694082e-05, 6.308443e-10, 2740.497
7030.356236219406, -8.751975e-05, 5.87227e-10, 2740.474
7032.35631942749, -8.520402e-05, 5.773729e-10, 2740.414
7034.356423377991, -8.694081e-05, 6.434465e-10, 2740.352
7036.356524705887, -8.751971e-05, 6.74989e-10, 2740.31
7038.356637477875, -8.636187e-05, 7.744553e-10, 2740.326
7040.356767416, -8.404618e-05, 6.857723e-10, 2740.346
7042.356858968735, -8.809864e-05, 5.730685e-10, 2740.367
7044.356960296631, -8.751974e-05, 7.345077e-10, 2740.414
7046.357049465179, -8.694075e-05, 7.338513e-10, 2740.422
7048.357187747955, -8.63619e-05, 6.811689e-10, 2740.466
7050.3572680950165, -8.694081e-05, 7.196609e-10, 2740.446
7052.357367038727, -8.578295e-05, 6.738012e-10, 2740.5
7054.3574459552765, -8.578296e-05, 6.224417e-10, 2740.524
7056.357527971268, -8.578295e-05, 6.279635e-10, 2740.591
7058.357614994049, -8.809868e-05, 6.506839e-10, 2740.577
7060.3577201366425, -8.694081e-05, 7.002836e-10, 2740.583
7062.357857942581, -8.578294e-05, 6.474061e-10, 2740.6
7064.35799241066, -8.751971e-05, 5.713245e-10, 2740.641
7066.35808134079, -8.75197e-05, 5.614044e-10, 2740.628
7068.358172178268, -8.809866e-05, 5.990365e-10, 2740.63
7070.358278989792, -8.809861e-05, 6.350468e-10, 2740.623
7072.358376502991, -8.809863e-05, 5.55159e-10, 2740.612
7074.358453989029, -8.809864e-05, 6.167913e-10, 2740.597
7076.358540534973, -8.578294e-05, 6.232112e-10, 2740.643
7078.3586440086365, -8.636188e-05, 5.970828e-10, 2740.676
7080.358754634857, -8.809866e-05, 5.812481e-10, 2740.661
7082.358847141266, -8.694079e-05, 6.291942e-10, 2740.716
7084.358948945999, -8.809862e-05, 7.096087e-10, 2740.751
7086.359051942825, -8.694078e-05, 6.606045e-10, 2740.759
7088.359156370163, -8.751972e-05, 6.374671e-10, 2740.741
7090.359262466431, -8.983543e-05, 6.680158e-10, 2740.783
7092.359366178513, -8.694081e-05, 6.333307e-10, 2740.751
7094.359469652176, -8.636187e-05, 5.651428e-10, 2740.828
7096.359573125839, -8.694077e-05, 5.951023e-10, 2740.822
7098.359673976898, -8.694081e-05, 7.096092e-10, 2740.853
7100.3597757816315, -8.578297e-05, 6.232112e-10, 2740.879
7102.359879255295, -8.751974e-05, 6.606045e-10, 2740.846
7104.359982252121, -8.636186e-05, 6.050884e-10, 2740.869
7106.360086917877, -8.925651e-05, 6.91395e-10, 2740.834
7108.360190629959, -8.925651e-05, 7.041559e-10, 2740.878
7110.3602929115295, -8.809867e-05, 6.869973e-10, 2740.86
7112.360400676727, -8.751973e-05, 6.40762e-10, 2740.826
7114.360504150391, -8.694079e-05, 6.849745e-10, 2740.8
7116.360611200333, -8.925651e-05, 7.282629e-10, 2740.81
7118.360753536224, -8.925651e-05, 6.9496e-10, 2740.827
7120.3609092235565, -8.751974e-05, 6.995576e-10, 2740.838
7122.361006259918, -8.983542e-05, 7.249214e-10, 2740.849
7124.361093759537, -8.69408e-05, 7.297136e-10, 2740.847
7126.361184120178, -8.694079e-05, 6.392457e-10, 2740.844
7128.361270189285, -8.809866e-05, 7.189379e-10, 2740.793
7130.361362218857, -8.636186e-05, 6.350462e-10, 2740.769
7132.361453294754, -8.867759e-05, 6.308455e-10, 2740.742
7134.361553668976, -8.809867e-05, 5.911635e-10, 2740.764
7136.361663818359, -8.809866e-05, 5.889855e-10, 2740.769
7138.361755609512, -8.694079e-05, 6.957944e-10, 2740.781
7140.36185836792, -8.578295e-05, 6.804429e-10, 2740.784
7142.361959934235, -8.809866e-05, 6.322309e-10, 2740.77
7144.362046480179, -8.809866e-05, 6.37686e-10, 2740.788
7146.3621554374695, -8.636187e-05, 6.535659e-10, 2740.778
7148.362244129181, -8.809865e-05, 6.903706e-10, 2740.867
7150.362345933914, -8.983542e-05, 6.492979e-10, 2740.931
7152.362436771393, -9.041437e-05, 6.853496e-10, 2740.944
7154.362530946732, -9.157221e-05, 6.985693e-10, 2740.961
7156.362613916397, -8.694079e-05, 6.250595e-10, 2740.992
7158.362713336945, -8.983546e-05, 6.187201e-10, 2740.987
7160.3628141880035, -8.983541e-05, 6.578309e-10, 2741.03
7162.362931728363, -8.983543e-05, 5.588307e-10, 2741.026
7164.363033294678, -8.925654e-05, 7.440981e-10, 2741.031
7166.363134860992, -9.041436e-05, 5.751283e-10, 2740.939
7168.363237142563, -8.636187e-05, 6.492974e-10, 2740.953
7170.363339662552, -8.92565e-05, 5.614074e-10, 2741.029
7172.36342549324, -8.694081e-05, 7.049462e-10, 2741.062
7174.363512039185, -8.925654e-05, 6.913968e-10, 2741.052
7176.363597869873, -8.86776e-05, 6.232136e-10, 2741.036
7178.363712787628, -8.867759e-05, 6.518516e-10, 2740.947
7180.363817214966, -8.809863e-05, 6.069355e-10, 2740.983
7182.363951444626, -8.751976e-05, 6.738024e-10, 2740.958
7184.364047527313, -9.041429e-05, 6.210975e-10, 2740.979
7186.364151954651, -8.694081e-05, 6.63683e-10, 2741.048
7188.364255666733, -8.925651e-05, 6.450312e-10, 2741.066
7190.3643934726715, -8.983543e-05, 6.110042e-10, 2741.09
7192.364495038986, -8.751974e-05, 6.333294e-10, 2741.108
7194.364603996277, -8.925649e-05, 6.781977e-10, 2741.14
7196.364704847336, -9.041439e-05, 6.636848e-10, 2741.106
7198.364807367325, -8.809863e-05, 6.535629e-10, 2741.132
7200.3649089336395, -8.983546e-05, 6.913962e-10, 2741.147
7202.365032196045, -8.983543e-05, 7.338495e-10, 2741.233
7204.365119457245, -8.867762e-05, 7.895613e-10, 2741.259
7206.365216970444, -9.099329e-05, 7.2714e-10, 2741.274
7208.365320920944, -8.809868e-05, 6.150728e-10, 2741.318
7210.365403175354, -8.983547e-05, 7.536915e-10, 2741.336
7212.36550617218, -8.86776e-05, 6.810137e-10, 2741.389
7214.365588903427, -8.925654e-05, 7.592109e-10, 2741.399
7216.36569070816, -8.983545e-05, 7.59869e-10, 2741.397
7218.365795373917, -8.636188e-05, 7.749829e-10, 2741.329
7220.365889072418, -8.809867e-05, 6.578315e-10, 2741.409
7222.365997552872, -8.809864e-05, 8.101305e-10, 2741.376
7224.366106510162, -8.578294e-05, 6.364988e-10, 2741.363
7226.366210460663, -8.578294e-05, 6.869985e-10, 2741.387
7228.366288661957, -8.751973e-05, 5.990389e-10, 2741.477
7230.36639213562, -8.925649e-05, 6.781995e-10, 2741.483
7232.366485595703, -8.636187e-05, 6.069119e-10, 2741.51
7234.366592168808, -8.694079e-05, 5.812451e-10, 2741.5
7236.366693496704, -8.983544e-05, 6.291918e-10, 2741.463
7238.366830825806, -8.983546e-05, 6.578321e-10, 2741.496
7240.366934776306, -8.867759e-05, 6.170931e-10, 2741.497
7242.367022514343, -8.983545e-05, 6.15074e-10, 2741.517
7244.367109775543, -8.694081e-05, 5.990371e-10, 2741.473
7246.367210388184, -8.694079e-05, 6.407638e-10, 2741.475
7248.367311239243, -8.809868e-05, 6.272811e-10, 2741.481
7250.367441654205, -8.694082e-05, 7.189343e-10, 2741.504
7252.367538928986, -8.636188e-05, 7.440981e-10, 2741.495
7254.367631435394, -8.925653e-05, 5.987984e-10, 2741.485
7256.367767095566, -8.751975e-05, 6.56205e-10, 2741.52
7258.3678505420685, -8.983544e-05, 6.713815e-10, 2741.542
7260.367935419083, -8.809865e-05, 6.668499e-10, 2741.577
7262.368023633957, -8.86776e-05, 7.096105e-10, 2741.562
7264.368111848831, -8.925646e-05, 6.492986e-10, 2741.552
