time, current, power, resistance
0.003022909164428711, 0.0, 0.0, 2610.245
2.00312876701355, 0.0, 0.0, 2610.267
4.003222227096558, 0.0, 0.0, 2610.281
6.003305196762085, 0.0, 0.0, 2610.324
8.00340485572815, 0.0, 0.0, 2610.322
10.003498315811157, 0.0, 0.0, 2610.335
12.003579139709473, 0.0, 0.0, 2610.36
14.003673076629639, 0.0, 0.0, 2610.409
16.003779649734497, 0.0, 0.0, 2610.425
18.003875494003296, 0.0, 0.0, 2610.42
20.003957986831665, 0.0, 0.0, 2610.465
22.004058599472046, 0.0, 0.0, 2610.502
24.004159450531006, 0.0, 0.0, 2610.55
26.004262447357178, 0.0, 0.0, 2610.538
28.004403352737427, 0.0, 0.0, 2610.615
30.004507541656494, 0.0, 0.0, 2610.652
32.00460910797119, 0.0, 0.0, 2610.687
34.004698753356934, 0.0, 0.0, 2610.688
36.00479507446289, 0.0, 0.0, 2610.723
38.00487923622131, 0.0, 0.0, 2610.771
40.004979848861694, 0.0, 0.0, 2610.786
42.00508165359497, 0.0, 0.0, 2610.801
44.00518345832825, 0.0, 0.0, 2610.844
46.00528526306152, 0.0, 0.0, 2610.839
48.00536561012268, 0.0, 0.0, 2610.86
50.005465507507324, 0.0, 0.0, 2610.877
52.00556659698486, 0.0, 0.0, 2610.884
54.00566649436951, 0.0, 0.0, 2610.854
56.00577688217163, 0.0, 0.0, 2610.908
58.00585460662842, 0.0, 0.0, 2610.931
60.00595545768738, 0.0, 0.0, 2610.936
62.007606744766235, 0.0, 0.0, 2600.756
64.00771284103394, 1.0014, 2.3583, 2523.866
66.00779294967651, 1.0014, 2.369, 2466.963
68.00789260864258, 1.0014, 2.3766, 2421.9
70.00799322128296, 1.0014, 2.3823, 2384.149
72.00809621810913, 1.0014, 2.3871, 2351.908
74.0081799030304, 1.0014, 2.3908, 2323.982
76.00826668739319, 1.0014, 2.3942, 2299.13
78.0083475112915, 1.0014, 2.3966, 2276.61
80.00845098495483, 1.0014, 2.3996, 2256.315
82.00855231285095, 1.0014, 2.4021, 2237.775
84.00865340232849, 1.0014, 2.4038, 2220.321
86.00874614715576, 1.0014, 2.4061, 2203.843
88.00884962081909, 1.0014, 2.4078, 2188.699
90.00895047187805, 1.0014, 2.4096, 2174.036
92.00905323028564, 1.0014, 2.4114, 2160.102
94.00915479660034, 1.0014, 2.413, 2147.074
96.00928926467896, 1.0014, 2.4146, 2134.474
98.00939011573792, 1.0014, 2.4161, 2122.254
100.00949168205261, 1.0014, 2.4175, 2110.347
102.00956964492798, 1.0014, 2.4189, 2099.005
104.00967311859131, 1.0014, 2.4205, 2088.221
106.00977683067322, 1.0014, 2.4217, 2077.726
108.00987243652344, 1.0014, 2.4226, 2067.3
110.00997471809387, 1.0013, 2.4241, 2056.894
112.01009225845337, 1.0014, 2.4251, 2047.022
114.01020216941833, 1.0014, 2.4263, 2037.158
116.0103087425232, 1.0014, 2.4275, 2027.516
118.01039910316467, 1.0014, 2.4287, 2018.154
120.01048111915588, 1.0014, 2.4298, 2009.017
122.01058506965637, 1.0014, 2.4309, 1997.095
124.01068711280823, 1.0014, 2.432, 1990.621
126.0107913017273, 1.0014, 2.4331, 1982.099
128.01087927818298, 1.0014, 2.4342, 1973.776
130.01099395751953, 1.0013, 2.4352, 1966.034
132.01109528541565, 1.0014, 2.4359, 1958.472
134.0111711025238, 1.0013, 2.4369, 1951.11
136.0112588405609, 1.0013, 2.4379, 1943.738
138.0113594532013, 1.0014, 2.4389, 1936.292
140.0114405155182, 1.0014, 2.4399, 1928.836
142.0115396976471, 1.0013, 2.4407, 1921.467
144.0116159915924, 1.0013, 2.4416, 1914.247
146.01170110702515, 1.0013, 2.4425, 1907.007
148.01180171966553, 1.0013, 2.4434, 1900.065
150.01190185546875, 1.0013, 2.4443, 1893.304
152.01198935508728, 1.0013, 2.4451, 1886.79
154.01206827163696, 1.0013, 2.4459, 1880.441
156.01215481758118, 1.0013, 2.4468, 1874.078
158.01225352287292, 1.0013, 2.4477, 1867.844
160.01234221458435, 1.0013, 2.4483, 1861.546
162.01244592666626, 1.0013, 2.4491, 1855.498
164.0125412940979, 1.0013, 2.45, 1849.614
166.01264429092407, 1.0013, 2.4507, 1843.865
168.0127511024475, 1.0013, 2.4515, 1838.2
170.01285338401794, 1.0013, 2.4521, 1832.576
172.0129895210266, 1.0013, 2.4529, 1826.967
174.0130739212036, 1.0013, 2.4536, 1821.422
176.0131754875183, 1.0013, 2.4544, 1816.009
178.01325631141663, 1.0013, 2.455, 1810.682
180.01335740089417, 1.0013, 2.4559, 1805.487
182.01345252990723, 1.0013, 2.4564, 1800.451
184.0135362148285, 1.0013, 2.4572, 1795.433
186.0136387348175, 1.0013, 2.4579, 1790.556
188.01374650001526, 1.0013, 2.4585, 1785.726
190.01382875442505, 1.0013, 2.4592, 1780.888
192.01391530036926, 1.0013, 2.4599, 1776.175
194.01400089263916, 1.0013, 2.4604, 1771.523
196.01409029960632, 1.0013, 2.461, 1766.988
198.0141921043396, 1.0013, 2.4615, 1762.626
200.01429390907288, 1.0013, 2.4622, 1758.358
202.0143940448761, 1.0013, 2.4628, 1754.164
204.01449513435364, 1.0013, 2.4633, 1749.854
206.01457834243774, 1.0013, 2.4638, 1745.605
208.01466846466064, 1.0013, 2.4646, 1741.422
210.014817237854, 1.0013, 2.4651, 1737.332
212.01490998268127, 1.0013, 2.4656, 1733.278
214.01501202583313, 1.0013, 2.4662, 1729.246
216.0151138305664, 1.0013, 2.4668, 1725.292
218.01521492004395, 1.0013, 2.4673, 1721.416
220.0153157711029, 1.0013, 2.4678, 1717.569
222.01540064811707, 1.0013, 2.4684, 1713.821
224.0154800415039, 1.0013, 2.4688, 1710.124
226.01557207107544, 1.0013, 2.4693, 1706.479
228.01565885543823, 1.0013, 2.47, 1703.033
230.01576924324036, 1.0013, 2.4704, 1699.793
232.01586723327637, 1.0013, 2.4709, 1696.852
234.01595449447632, 1.0013, 2.4713, 1693.839
236.0160574913025, 1.0013, 2.4718, 1690.933
238.01613998413086, 1.0013, 2.4722, 1687.866
240.0162434577942, 1.0013, 2.4726, 1684.718
242.01633095741272, 1.0012, 2.4731, 1681.746
244.01643538475037, 1.0013, 2.4736, 1678.321
246.01651668548584, 1.0012, 2.4741, 1674.842
248.01662373542786, 1.0013, 2.4745, 1671.766
250.01671075820923, 1.0012, 2.4749, 1668.682
252.01681089401245, 1.0013, 2.4753, 1665.585
254.01691222190857, 1.0012, 2.4758, 1663.049
256.0169954299927, 1.0012, 2.4763, 1660.158
258.01709604263306, 1.0012, 2.4766, 1657.131
260.01717805862427, 1.0012, 2.4771, 1654.09
262.017276763916, 1.0013, 2.4775, 1651.063
264.01737689971924, 1.0012, 2.4779, 1648.144
266.0174767971039, 1.0012, 2.4784, 1645.343
268.0175700187683, 1.0012, 2.4788, 1642.647
270.01765418052673, 1.0012, 2.4791, 1639.924
272.017742395401, 1.0013, 2.4796, 1637.203
274.0178413391113, 1.0013, 2.4799, 1634.41
276.0179407596588, 1.0012, 2.4802, 1631.891
278.01803755760193, 1.0013, 2.4807, 1629.644
280.0181224346161, 1.0012, 2.4809, 1627.159
282.0182259082794, 1.0012, 2.4814, 1624.575
284.0183250904083, 1.0012, 2.4817, 1622.138
286.01842761039734, 1.0012, 2.4821, 1619.708
288.01852774620056, 1.0013, 2.4826, 1617.662
290.01862955093384, 1.0013, 2.483, 1615.655
292.0187089443207, 1.0012, 2.4833, 1613.745
294.01879930496216, 1.0012, 2.4834, 1611.865
296.0188801288605, 1.0012, 2.4838, 1609.762
298.0189588069916, 1.0012, 2.4842, 1607.784
300.01905965805054, 1.0012, 2.4844, 1605.741
302.01915764808655, 1.0012, 2.4846, 1603.883
304.01925468444824, 1.0012, 2.4849, 1601.728
306.0193500518799, 1.0012, 2.4852, 1599.477
308.01944971084595, 1.0012, 2.4855, 1597.472
310.01954078674316, 1.0012, 2.4858, 1595.372
312.0196375846863, 1.0012, 2.4861, 1593.356
314.01972699165344, 1.0012, 2.4864, 1591.307
316.019816160202, 1.0012, 2.4867, 1589.261
318.0199236869812, 1.0012, 2.487, 1587.141
320.0200581550598, 1.0012, 2.4873, 1585.05
322.0201849937439, 1.0012, 2.4876, 1583.328
324.02027773857117, 1.0012, 2.4878, 1581.521
326.02041363716125, 1.0012, 2.488, 1579.745
328.0205273628235, 1.0012, 2.4884, 1578.358
330.02061796188354, 1.0012, 2.4886, 1576.377
332.0207166671753, 1.0012, 2.4888, 1574.726
334.0208191871643, 1.0012, 2.4891, 1573.069
336.02090549468994, 1.0012, 2.4894, 1571.381
338.020991563797, 1.0012, 2.4896, 1569.53
340.0210943222046, 1.0012, 2.4899, 1567.615
342.0211968421936, 1.0012, 2.4901, 1565.857
344.02130603790283, 1.0012, 2.4904, 1564.084
346.02140522003174, 1.0012, 2.4906, 1562.381
348.02150869369507, 1.0011, 2.4908, 1560.683
350.02160024642944, 1.0011, 2.491, 1559.043
352.0216932296753, 1.0011, 2.4914, 1557.373
354.02177929878235, 1.0012, 2.4917, 1555.831
356.0218861103058, 1.0011, 2.4919, 1554.135
358.0219655036926, 1.0012, 2.4921, 1552.865
360.0220639705658, 1.0012, 2.4924, 1551.682
362.0221493244171, 1.0011, 2.4925, 1550.642
364.0222465991974, 1.0012, 2.4928, 1549.532
366.022385597229, 1.0012, 2.4929, 1548.405
368.02246618270874, 1.0011, 2.4931, 1547.113
370.0225727558136, 1.0012, 2.4933, 1545.72
372.02266240119934, 1.0011, 2.4935, 1544.329
374.0227506160736, 1.0011, 2.4937, 1542.837
376.02283906936646, 1.0011, 2.494, 1541.183
378.0229387283325, 1.0012, 2.4941, 1539.586
380.02307748794556, 1.0011, 2.4943, 1538.284
382.0232186317444, 1.0011, 2.4946, 1536.963
384.0233051776886, 1.0012, 2.495, 1535.727
386.0234053134918, 1.0012, 2.495, 1534.512
388.02353954315186, 1.0012, 2.4952, 1533.31
390.0236234664917, 1.0011, 2.4954, 1531.905
392.0237033367157, 1.0011, 2.4955, 1530.648
394.023806810379, 1.0011, 2.4958, 1529.325
396.0239100456238, 1.0011, 2.496, 1528.008
398.023996591568, 1.0011, 2.4962, 1526.816
400.0240955352783, 1.0011, 2.4963, 1526.072
402.0241973400116, 1.0011, 2.4964, 1525.24
404.0242998600006, 1.0011, 2.4966, 1524.641
406.0243878364563, 1.0011, 2.4968, 1523.977
408.024493932724, 1.0011, 2.4968, 1523.437
410.0246286392212, 1.0011, 2.4969, 1522.85
412.0247368812561, 1.0011, 2.497, 1521.901
414.02486515045166, 1.0011, 2.4972, 1520.899
416.0250005722046, 1.0011, 2.4972, 1519.857
418.02513313293457, 1.0011, 2.4975, 1518.813
420.02523708343506, 1.0011, 2.4976, 1517.948
422.02532505989075, 1.0011, 2.4978, 1517.076
424.0254096984863, 1.0011, 2.4978, 1516.165
426.02550315856934, 1.0011, 2.498, 1515.444
428.02560567855835, 1.0011, 2.4983, 1514.379
430.0257499217987, 1.0011, 2.4983, 1512.795
432.0258860588074, 1.0011, 2.4984, 1511.363
434.02598214149475, 1.0011, 2.4986, 1510.269
436.026070356369, 1.0011, 2.4988, 1509.147
438.0261697769165, 1.0011, 2.4989, 1508.188
440.0262532234192, 1.0011, 2.499, 1507.438
442.0263395309448, 1.0011, 2.4992, 1506.76
444.02644395828247, 1.0011, 2.4993, 1506.018
446.02654790878296, 1.0011, 2.4993, 1505.136
448.02664256095886, 1.0011, 2.4996, 1503.946
450.02674651145935, 1.0011, 2.4998, 1502.723
452.026869058609, 1.001, 2.4999, 1501.455
454.02697348594666, 1.0011, 2.5003, 1500.663
456.02706003189087, 1.001, 2.5003, 1499.664
458.02715134620667, 1.001, 2.5004, 1498.743
460.02724981307983, 1.0011, 2.5007, 1497.907
462.0273542404175, 1.0011, 2.5007, 1497.064
464.0274398326874, 1.0011, 2.5008, 1496.552
466.0275492668152, 1.0011, 2.5009, 1495.894
468.0276472568512, 1.001, 2.5011, 1495.211
470.02776312828064, 1.001, 2.5012, 1494.286
472.0278651714325, 1.001, 2.5013, 1493.344
474.02796149253845, 1.001, 2.5014, 1492.285
476.02806854248047, 1.001, 2.5016, 1491.501
478.0281546115875, 1.001, 2.5017, 1490.635
480.02829909324646, 1.001, 2.5018, 1489.723
482.0283889770508, 1.001, 2.502, 1488.695
484.0284924507141, 1.001, 2.5022, 1487.938
486.02857875823975, 1.001, 2.5022, 1487.194
488.02867341041565, 1.001, 2.5024, 1486.447
490.0287752151489, 1.001, 2.5025, 1485.811
492.0288813114166, 1.001, 2.5027, 1485.076
494.0289704799652, 1.001, 2.5027, 1484.194
496.0290632247925, 1.001, 2.5028, 1483.284
498.02917861938477, 1.001, 2.503, 1482.488
500.02928137779236, 1.001, 2.5031, 1481.484
502.0293838977814, 1.001, 2.5032, 1480.612
504.0294816493988, 1.001, 2.5034, 1479.865
506.0295798778534, 1.001, 2.5035, 1479.045
508.029678106308, 1.001, 2.5036, 1478.273
510.0297772884369, 1.001, 2.5036, 1477.45
512.0299167633057, 1.001, 2.5038, 1476.763
514.0300176143646, 1.001, 2.5039, 1476.597
516.0301177501678, 1.001, 2.504, 1476.078
518.0302150249481, 1.001, 2.5042, 1475.192
520.0303547382355, 1.001, 2.5042, 1474.5
522.0304908752441, 1.001, 2.5042, 1473.938
524.030574798584, 1.001, 2.5045, 1473.406
526.0306873321533, 1.001, 2.5045, 1472.995
528.0308082103729, 1.001, 2.5045, 1473.208
530.0309398174286, 1.001, 2.5045, 1473.192
532.0310397148132, 1.001, 2.5046, 1472.83
534.0311222076416, 1.001, 2.5047, 1471.931
536.0312361717224, 1.001, 2.5049, 1470.84
538.03133893013, 1.001, 2.505, 1469.924
540.0314395427704, 1.001, 2.5051, 1469.28
542.0315406322479, 1.001, 2.5051, 1468.609
544.0316400527954, 1.001, 2.5052, 1467.961
546.0317330360413, 1.001, 2.5054, 1467.146
548.0318608283997, 1.001, 2.5054, 1466.366
550.0319483280182, 1.001, 2.5055, 1465.811
552.0320484638214, 1.001, 2.5056, 1465.286
554.0321509838104, 1.001, 2.5059, 1464.839
556.032262802124, 1.001, 2.506, 1464.34
558.0323870182037, 1.001, 2.5061, 1463.896
560.0325257778168, 1.001, 2.506, 1463.743
562.0326206684113, 1.001, 2.5062, 1463.259
564.0327274799347, 1.001, 2.5062, 1462.6
566.0328228473663, 1.001, 2.5062, 1461.897
568.0329179763794, 1.0009, 2.5064, 1461.108
570.0330095291138, 1.0009, 2.5064, 1460.479
572.0331070423126, 1.001, 2.5065, 1460.078
574.0331954956055, 1.0009, 2.5066, 1459.89
576.0332863330841, 1.0009, 2.5066, 1459.743
578.0333697795868, 1.0009, 2.5068, 1459.596
580.0334630012512, 1.001, 2.5068, 1459.375
582.0335576534271, 1.001, 2.5069, 1458.949
584.0336599349976, 1.001, 2.5069, 1458.25
586.0337634086609, 1.0009, 2.5069, 1457.459
588.0338704586029, 1.001, 2.5072, 1456.729
590.03395819664, 1.0009, 2.5071, 1455.97
592.0340588092804, 1.001, 2.5072, 1455.625
594.0341384410858, 1.001, 2.5073, 1454.937
596.0342328548431, 1.0009, 2.5075, 1454.228
598.0343706607819, 1.001, 2.5076, 1453.445
600.0344698429108, 1.0009, 2.5078, 1452.682
602.034556388855, 1.0009, 2.5077, 1452.092
604.0346415042877, 1.0009, 2.5078, 1451.441
606.0347549915314, 1.0009, 2.5079, 1450.818
608.0348680019379, 1.0009, 2.5081, 1450.314
610.0349669456482, 1.0009, 2.5081, 1449.893
612.0350654125214, 1.0009, 2.5082, 1449.378
614.0351660251617, 1.0009, 2.5083, 1448.8
616.0352728366852, 1.0009, 2.5084, 1448.37
618.0353727340698, 1.0009, 2.5085, 1448.111
620.0355114936829, 1.0009, 2.5086, 1447.679
622.0356035232544, 1.0009, 2.5086, 1447.211
624.0356850624084, 1.0009, 2.5087, 1446.669
626.0357811450958, 1.0009, 2.5088, 1446.403
628.0358736515045, 1.0009, 2.5087, 1446.12
630.0359647274017, 1.0009, 2.5089, 1445.65
632.0360610485077, 1.0009, 2.5089, 1445.583
634.0361578464508, 1.0009, 2.5089, 1445.871
636.0362620353699, 1.0009, 2.5089, 1445.594
638.0363631248474, 1.0009, 2.509, 1445.097
640.0364675521851, 1.0009, 2.5091, 1444.552
642.0365517139435, 1.0009, 2.509, 1443.809
644.0366494655609, 1.0009, 2.5092, 1443.217
646.0367486476898, 1.0009, 2.5094, 1442.626
648.0368502140045, 1.0009, 2.5095, 1442.295
650.0369334220886, 1.0009, 2.5095, 1441.868
652.0370273590088, 1.0009, 2.5096, 1441.301
654.037113904953, 1.0009, 2.5097, 1440.857
656.0371973514557, 1.0009, 2.5098, 1440.638
658.037300825119, 1.0009, 2.5098, 1440.711
660.0373952388763, 1.0009, 2.5098, 1440.57
662.0374879837036, 1.0009, 2.5098, 1440.461
664.0375962257385, 1.0009, 2.5099, 1440.446
666.0376987457275, 1.0009, 2.5099, 1440.431
668.0377933979034, 1.0009, 2.5099, 1439.949
670.0379223823547, 1.0009, 2.5099, 1439.657
672.038004398346, 1.0009, 2.51, 1439.278
674.0380911827087, 1.0009, 2.51, 1438.959
676.03817486763, 1.0009, 2.5101, 1438.372
678.0382664203644, 1.0009, 2.5101, 1437.987
680.03835105896, 1.0009, 2.5102, 1437.681
682.0384328365326, 1.0009, 2.5103, 1437.398
684.0385644435883, 1.0009, 2.5103, 1437.195
686.0387034416199, 1.0009, 2.5103, 1436.737
688.0388057231903, 1.0009, 2.5104, 1436.244
690.0388910770416, 1.0009, 2.5105, 1435.816
692.0389719009399, 1.0009, 2.5106, 1435.347
694.0390694141388, 1.0009, 2.5106, 1434.805
696.0391595363617, 1.0009, 2.5108, 1434.326
698.0392587184906, 1.0009, 2.5108, 1433.705
700.0393469333649, 1.0009, 2.5109, 1433.609
702.0394380092621, 1.0009, 2.511, 1433.884
704.0395257472992, 1.0009, 2.5111, 1433.555
706.0396265983582, 1.0009, 2.5111, 1433.03
708.0397641658783, 1.0009, 2.511, 1432.521
710.0398547649384, 1.0009, 2.5112, 1432.005
712.0399577617645, 1.0009, 2.5112, 1431.541
714.0400371551514, 1.0009, 2.5112, 1431.132
716.0401606559753, 1.0009, 2.5114, 1430.754
718.0402452945709, 1.0009, 2.5113, 1430.251
720.0403320789337, 1.0009, 2.5114, 1429.991
722.040433883667, 1.0009, 2.5115, 1429.893
724.0405201911926, 1.0009, 2.5115, 1429.428
726.0406069755554, 1.0009, 2.5115, 1428.912
728.0406906604767, 1.0009, 2.5118, 1428.684
730.0407989025116, 1.0009, 2.5117, 1428.667
732.0409007072449, 1.0009, 2.5117, 1428.453
734.0409908294678, 1.0009, 2.5118, 1428.047
736.0410768985748, 1.0009, 2.5117, 1427.833
738.0411794185638, 1.0009, 2.5119, 1427.792
740.0412735939026, 1.0009, 2.5119, 1427.875
742.0413792133331, 1.0009, 2.5119, 1427.516
744.0414652824402, 1.0009, 2.5119, 1427.246
746.0415639877319, 1.0009, 2.512, 1426.938
748.0416657924652, 1.0009, 2.5119, 1426.513
750.0417504310608, 1.0009, 2.512, 1426.228
752.041848897934, 1.0009, 2.5119, 1425.765
754.0419476032257, 1.0009, 2.512, 1425.562
756.0420472621918, 1.0009, 2.5122, 1425.149
758.0421323776245, 1.0009, 2.5122, 1424.851
760.0422351360321, 1.0009, 2.5123, 1424.744
762.0423381328583, 1.0009, 2.5123, 1424.905
764.042432308197, 1.0009, 2.5122, 1424.94
766.0425171852112, 1.0008, 2.5123, 1424.81
768.0426149368286, 1.0009, 2.5123, 1424.715
770.042708158493, 1.0009, 2.5124, 1424.507
772.0427963733673, 1.0009, 2.5125, 1424.322
774.0428740978241, 1.0009, 2.5124, 1424.149
776.0429785251617, 1.0009, 2.5125, 1423.81
778.0430812835693, 1.0009, 2.5126, 1423.135
780.0431749820709, 1.0009, 2.5126, 1422.737
782.0432784557343, 1.0009, 2.5127, 1422.901
784.0433616638184, 1.0009, 2.5127, 1422.944
786.0434610843658, 1.0009, 2.5127, 1422.451
788.0435605049133, 1.0008, 2.5127, 1421.905
790.0436608791351, 1.0008, 2.5127, 1421.529
792.0437524318695, 1.0009, 2.5127, 1421.352
794.0438351631165, 1.0008, 2.5128, 1420.91
796.0439462661743, 1.0009, 2.5129, 1420.566
798.0440316200256, 1.0009, 2.513, 1420.304
800.0441272258759, 1.0009, 2.5129, 1420.022
802.0442292690277, 1.0009, 2.513, 1420.02
804.0443131923676, 1.0009, 2.5131, 1420.05
806.0444540977478, 1.0009, 2.5131, 1419.857
808.0445828437805, 1.0008, 2.5131, 1419.801
810.0446751117706, 1.0009, 2.5132, 1420.031
812.0447659492493, 1.0009, 2.5132, 1419.79
814.0448706150055, 1.0008, 2.5132, 1419.371
816.0449721813202, 1.0009, 2.5132, 1418.943
818.0450739860535, 1.0009, 2.5133, 1418.783
820.0451760292053, 1.0009, 2.5133, 1418.617
822.0452818870544, 1.0009, 2.5133, 1418.541
824.0453796386719, 1.0009, 2.5134, 1418.304
826.0454659461975, 1.0008, 2.5133, 1417.729
828.0455465316772, 1.0008, 2.5134, 1417.277
830.0456357002258, 1.0009, 2.5136, 1416.997
832.0457217693329, 1.0009, 2.5136, 1416.681
834.0458178520203, 1.0009, 2.5137, 1416.498
836.0459189414978, 1.0009, 2.5137, 1416.481
838.0460252761841, 1.0009, 2.5138, 1416.475
840.0461280345917, 1.0009, 2.5138, 1416.593
842.0462288856506, 1.0008, 2.5137, 1416.617
844.0463120937347, 1.0008, 2.5138, 1416.699
846.0464036464691, 1.0008, 2.5137, 1416.537
848.0465059280396, 1.0008, 2.5137, 1416.486
850.0465910434723, 1.0008, 2.5137, 1416.309
852.0466928482056, 1.0009, 2.5137, 1416.067
854.0467872619629, 1.0008, 2.5138, 1415.87
856.0469226837158, 1.0009, 2.5138, 1415.597
858.0470051765442, 1.0008, 2.5138, 1415.204
860.0470864772797, 1.0008, 2.5138, 1414.829
862.0471730232239, 1.0008, 2.5139, 1414.327
864.0473098754883, 1.0008, 2.514, 1413.892
866.0474438667297, 1.0008, 2.514, 1413.578
868.0475268363953, 1.0008, 2.514, 1413.294
870.0476250648499, 1.0008, 2.514, 1413.0
872.0477271080017, 1.0008, 2.5142, 1413.074
874.0478043556213, 1.0008, 2.5141, 1413.156
876.047899723053, 1.0008, 2.5141, 1413.134
878.0480306148529, 1.0008, 2.5142, 1413.223
880.0481321811676, 1.0008, 2.5141, 1413.035
882.0482325553894, 1.0008, 2.5142, 1412.547
884.048335313797, 1.0008, 2.5142, 1412.141
886.0484313964844, 1.0008, 2.5143, 1412.032
888.0485343933105, 1.0008, 2.5143, 1412.23
890.0486354827881, 1.0008, 2.5143, 1412.521
892.0487368106842, 1.0008, 2.5143, 1412.59
894.0488243103027, 1.0008, 2.5142, 1412.621
896.0489087104797, 1.0008, 2.5143, 1412.757
898.0489995479584, 1.0008, 2.5143, 1412.77
900.0490882396698, 1.0008, 2.5143, 1412.549
902.0491750240326, 1.0008, 2.5143, 1412.123
904.049309015274, 1.0008, 2.5145, 1411.58
906.0494456291199, 1.0008, 2.5145, 1411.267
908.0495455265045, 1.0008, 2.5144, 1410.838
910.0496456623077, 1.0008, 2.5146, 1410.502
912.0497558116913, 1.0008, 2.5146, 1410.233
914.0498921871185, 1.0008, 2.5146, 1409.834
916.0499777793884, 1.0008, 2.5147, 1409.662
918.0500636100769, 1.0008, 2.5147, 1409.364
920.0501484870911, 1.0008, 2.5148, 1409.085
922.0502557754517, 1.0008, 2.5148, 1408.834
924.0503356456757, 1.0008, 2.5148, 1408.704
926.0504386425018, 1.0008, 2.5149, 1408.34
928.0505363941193, 1.0008, 2.5149, 1407.875
930.0506761074066, 1.0008, 2.515, 1407.45
932.0507998466492, 1.0008, 2.5151, 1407.011
934.0509011745453, 1.0008, 2.5151, 1407.009
936.0509943962097, 1.0008, 2.5152, 1407.216
938.0510959625244, 1.0008, 2.515, 1407.049
940.0511789321899, 1.0008, 2.5153, 1407.109
942.0512807369232, 1.0008, 2.5152, 1407.089
944.0513782501221, 1.0008, 2.5153, 1407.153
946.0514824390411, 1.0008, 2.5153, 1407.078
948.0515837669373, 1.0008, 2.5152, 1406.855
950.0517179965973, 1.0008, 2.5153, 1406.798
952.0518231391907, 1.0008, 2.5152, 1406.571
954.0519504547119, 1.0008, 2.5153, 1406.434
956.0520505905151, 1.0008, 2.5153, 1406.296
958.0521831512451, 1.0008, 2.5154, 1405.9
960.0522844791412, 1.0008, 2.5154, 1405.43
962.052426815033, 1.0008, 2.5155, 1405.235
964.0525102615356, 1.0008, 2.5155, 1405.078
966.0526432991028, 1.0008, 2.5155, 1404.975
968.0528073310852, 1.0008, 2.5155, 1404.997
970.0528922080994, 1.0008, 2.5156, 1404.599
972.0529925823212, 1.0008, 2.5157, 1404.236
974.0530960559845, 1.0008, 2.5156, 1404.088
976.053200006485, 1.0008, 2.5156, 1403.588
978.053293466568, 1.0008, 2.5157, 1403.032
980.0533957481384, 1.0008, 2.5158, 1402.72
982.0534961223602, 1.0008, 2.5157, 1402.49
984.0535991191864, 1.0008, 2.5158, 1402.484
986.0537002086639, 1.0008, 2.5158, 1402.317
988.0537898540497, 1.0008, 2.5159, 1402.162
990.0538947582245, 1.0008, 2.5159, 1401.965
992.0539991855621, 1.0008, 2.516, 1401.838
994.0541033744812, 1.0008, 2.516, 1401.627
996.0542016029358, 1.0008, 2.516, 1401.644
998.0543019771576, 1.0008, 2.5161, 1401.694
1000.0544054508209, 1.0008, 2.516, 1401.551
1002.0545094013214, 1.0008, 2.516, 1401.533
1004.0545947551727, 1.0008, 2.516, 1401.346
1006.0546941757202, 1.0008, 2.516, 1400.951
1008.0547995567322, 1.0008, 2.5161, 1400.558
1010.0548965930939, 1.0008, 2.5162, 1400.103
1012.0550329685211, 1.0008, 2.5162, 1399.977
1014.0551691055298, 1.0008, 2.5163, 1399.64
1016.0553050041199, 1.0008, 2.5163, 1399.334
1018.0554094314575, 1.0008, 2.5163, 1399.227
1020.0555143356323, 1.0008, 2.5164, 1398.947
1022.0556175708771, 1.0008, 2.5165, 1398.627
1024.0556948184967, 1.0008, 2.5165, 1398.373
1026.0558030605316, 1.0008, 2.5166, 1398.055
1028.055895805359, 1.0008, 2.5165, 1397.809
1030.0559990406036, 1.0008, 2.5166, 1397.551
1032.0561048984528, 1.0008, 2.5166, 1397.329
1034.0562052726746, 1.0008, 2.5166, 1397.456
1036.056310892105, 1.0008, 2.5167, 1397.664
1038.05641579628, 1.0008, 2.5167, 1397.56
1040.0565521717072, 1.0008, 2.5168, 1397.533
1042.056646823883, 1.0008, 2.5168, 1397.533
1044.0567362308502, 1.0008, 2.5166, 1397.518
1046.0568220615387, 1.0008, 2.5168, 1397.547
1048.0569248199463, 1.0008, 2.5169, 1397.368
1050.0570092201233, 1.0008, 2.5169, 1397.299
1052.0570957660675, 1.0008, 2.5169, 1397.252
1054.0571756362915, 1.0008, 2.5168, 1397.277
1056.057255268097, 1.0008, 2.5168, 1397.047
1058.0573563575745, 1.0008, 2.5169, 1396.62
1060.0574567317963, 1.0008, 2.517, 1396.432
1062.0575466156006, 1.0008, 2.517, 1396.22
1064.057650566101, 1.0008, 2.517, 1396.036
1066.0577523708344, 1.0008, 2.517, 1396.152
1068.0578572750092, 1.0008, 2.5171, 1395.961
1070.057941198349, 1.0008, 2.517, 1395.742
1072.0580234527588, 1.0008, 2.517, 1395.805
1074.0581245422363, 1.0008, 2.5171, 1395.548
1076.058226108551, 1.0008, 2.517, 1395.402
1078.0583264827728, 1.0008, 2.5171, 1395.125
1080.0584290027618, 1.0008, 2.5171, 1394.735
1082.0585329532623, 1.0008, 2.5171, 1394.441
1084.0586159229279, 1.0008, 2.5172, 1394.044
1086.0587093830109, 1.0008, 2.5173, 1393.621
1088.058846950531, 1.0008, 2.5173, 1393.274
1090.0589833259583, 1.0008, 2.5174, 1393.054
1092.0590860843658, 1.0008, 2.5173, 1392.935
1094.0591626167297, 1.0008, 2.5174, 1393.008
1096.0592770576477, 1.0008, 2.5175, 1393.114
1098.0593678951263, 1.0008, 2.5175, 1393.515
1100.0594546794891, 1.0008, 2.5174, 1393.613
1102.0595660209656, 1.0008, 2.5175, 1393.549
1104.0596585273743, 1.0008, 2.5175, 1393.339
1106.0597443580627, 1.0008, 2.5175, 1393.099
1108.0598783493042, 1.0008, 2.5175, 1392.758
1110.0599806308746, 1.0008, 2.5175, 1392.563
1112.0600690841675, 1.0008, 2.5175, 1392.245
1114.0601575374603, 1.0008, 2.5175, 1392.08
1116.0602543354034, 1.0008, 2.5175, 1391.73
1118.0603590011597, 1.0008, 2.5177, 1391.562
1120.0604584217072, 1.0008, 2.5177, 1391.563
1122.0605430603027, 1.0008, 2.5177, 1391.655
1124.0606245994568, 1.0008, 2.5176, 1391.629
1126.060725927353, 1.0008, 2.5177, 1391.543
1128.0608260631561, 1.0008, 2.5177, 1391.403
1130.060917377472, 1.0008, 2.5176, 1391.59
1132.0610280036926, 1.0008, 2.5178, 1391.381
1134.061133146286, 1.0008, 2.5176, 1391.117
1136.0612273216248, 1.0008, 2.5179, 1390.765
1138.0613300800323, 1.0008, 2.5178, 1390.566
1140.0614366531372, 1.0007, 2.5178, 1390.294
1142.0615396499634, 1.0007, 2.5178, 1389.887
1144.0616755485535, 1.0007, 2.5179, 1389.5
1146.0617859363556, 1.0008, 2.518, 1389.214
1148.0618872642517, 1.0007, 2.5179, 1389.168
1150.0619902610779, 1.0008, 2.5181, 1389.283
1152.0620851516724, 1.0008, 2.5181, 1389.247
1154.0621852874756, 1.0008, 2.5181, 1389.306
1156.0622851848602, 1.0008, 2.5181, 1389.384
1158.0623841285706, 1.0008, 2.518, 1389.553
1160.0624856948853, 1.0008, 2.5181, 1389.648
1162.0625870227814, 1.0007, 2.5181, 1389.502
1164.062667131424, 1.0008, 2.5182, 1389.212
1166.0627646446228, 1.0007, 2.5182, 1388.589
1168.0628652572632, 1.0007, 2.5184, 1387.978
1170.062965631485, 1.0008, 2.5184, 1387.728
1172.0631041526794, 1.0008, 2.5184, 1387.58
1174.0632112026215, 1.0008, 2.5185, 1387.126
1176.0633103847504, 1.0008, 2.5185, 1386.791
1178.0634112358093, 1.0007, 2.5185, 1386.657
1180.0634999275208, 1.0007, 2.5187, 1386.255
1182.0635914802551, 1.0008, 2.5186, 1385.957
1184.0636925697327, 1.0007, 2.5186, 1386.043
1186.0637755393982, 1.0008, 2.5186, 1386.313
1188.063877105713, 1.0008, 2.5187, 1386.436
1190.0639882087708, 1.0008, 2.5186, 1386.446
1192.0640816688538, 1.0008, 2.5187, 1386.583
1194.064185142517, 1.0007, 2.5186, 1386.715
1196.0642862319946, 1.0008, 2.5187, 1386.7
1198.0643854141235, 1.0008, 2.5186, 1386.469
1200.064486503601, 1.0008, 2.5187, 1386.158
1202.0645871162415, 1.0007, 2.5187, 1386.001
1204.0646686553955, 1.0008, 2.5187, 1385.705
1206.0647675991058, 1.0007, 2.5187, 1385.643
1208.0648562908173, 1.0008, 2.5188, 1385.739
1210.0649468898773, 1.0008, 2.5188, 1385.542
1212.065033197403, 1.0008, 2.5189, 1385.374
1214.0651354789734, 1.0008, 2.5188, 1385.161
1216.0652389526367, 1.0007, 2.5188, 1385.397
1218.0653231143951, 1.0008, 2.5189, 1385.682
1220.0654096603394, 1.0008, 2.5188, 1385.282
1222.0655148029327, 1.0007, 2.5189, 1385.018
1224.0656187534332, 1.0008, 2.5189, 1384.994
1226.0657212734222, 1.0008, 2.5189, 1384.901
1228.0658121109009, 1.0008, 2.5189, 1384.584
1230.065954208374, 1.0008, 2.5189, 1384.448
1232.0660581588745, 1.0008, 2.519, 1384.354
1234.0661659240723, 1.0008, 2.5189, 1384.351
1236.0662696361542, 1.0008, 2.519, 1384.118
1238.0663754940033, 1.0007, 2.5191, 1384.089
1240.0664627552032, 1.0008, 2.519, 1383.717
1242.066565990448, 1.0008, 2.5191, 1383.408
1244.0666935443878, 1.0007, 2.5191, 1382.916
1246.0667977333069, 1.0007, 2.5192, 1382.772
1248.066895723343, 1.0008, 2.5193, 1382.763
1250.066998243332, 1.0008, 2.5193, 1382.811
1252.0671014785767, 1.0008, 2.5193, 1382.651
1254.0671980381012, 1.0008, 2.5194, 1382.495
1256.0673265457153, 1.0008, 2.5193, 1382.219
1258.0674602985382, 1.0007, 2.5193, 1382.0
1260.0675630569458, 1.0008, 2.5195, 1381.809
1262.0676653385162, 1.0008, 2.5195, 1381.54
1264.0677630901337, 1.0007, 2.5195, 1381.211
1266.0678625106812, 1.0007, 2.5196, 1380.879
1268.0679619312286, 1.0008, 2.5196, 1380.596
1270.068065404892, 1.0008, 2.5197, 1380.641
1272.0681643486023, 1.0007, 2.5197, 1380.554
1274.0682649612427, 1.0007, 2.5196, 1380.367
1276.068363904953, 1.0008, 2.5197, 1380.175
1278.068463087082, 1.0007, 2.5197, 1380.346
1280.0685617923737, 1.0007, 2.5197, 1380.126
1282.0686645507812, 1.0007, 2.5196, 1380.17
1284.0687413215637, 1.0007, 2.5197, 1379.913
1286.0688426494598, 1.0007, 2.5197, 1379.719
1288.0689480304718, 1.0007, 2.5198, 1379.383
1290.0690348148346, 1.0007, 2.5199, 1379.281
1292.0691747665405, 1.0007, 2.5199, 1378.874
1294.0692672729492, 1.0008, 2.5199, 1378.65
1296.0693671703339, 1.0007, 2.5199, 1378.596
1298.0694508552551, 1.0007, 2.52, 1378.504
1300.0695536136627, 1.0008, 2.52, 1378.572
1302.0696375370026, 1.0008, 2.5201, 1378.535
1304.0697202682495, 1.0007, 2.5202, 1378.419
1306.06982755661, 1.0007, 2.5201, 1378.134
1308.069927930832, 1.0008, 2.5202, 1377.874
1310.070030927658, 1.0008, 2.5202, 1377.832
1312.07013463974, 1.0008, 2.5202, 1377.602
1314.0702376365662, 1.0008, 2.5202, 1377.291
1316.0703687667847, 1.0008, 2.5203, 1376.923
1318.0705058574677, 1.0008, 2.5203, 1376.789
1320.0705888271332, 1.0007, 2.5204, 1376.699
1322.0706923007965, 1.0008, 2.5204, 1376.295
1324.0708408355713, 1.0008, 2.5204, 1375.974
1326.0709247589111, 1.0008, 2.5205, 1375.674
1328.0710272789001, 1.0008, 2.5205, 1375.735
1330.071110010147, 1.0008, 2.5205, 1375.892
1332.0712008476257, 1.0008, 2.5206, 1375.955
1334.071308374405, 1.0008, 2.5206, 1375.85
1336.071406364441, 1.0008, 2.5206, 1375.643
1338.0715057849884, 1.0008, 2.5206, 1375.49
1340.071640253067, 1.0008, 2.5207, 1375.59
1342.0717215538025, 1.0008, 2.5207, 1375.549
1344.0718066692352, 1.0008, 2.5208, 1375.329
1346.0719089508057, 1.0008, 2.5208, 1375.149
1348.0720040798187, 1.0008, 2.5208, 1375.113
1350.072105884552, 1.0008, 2.5209, 1375.265
1352.0722076892853, 1.0008, 2.5208, 1375.328
1354.0723099708557, 1.0008, 2.5208, 1375.341
1356.0723943710327, 1.0007, 2.5207, 1375.132
1358.072497844696, 1.0008, 2.5207, 1374.836
1360.0725810527802, 1.0008, 2.5207, 1374.768
1362.0727150440216, 1.0008, 2.5208, 1374.749
1364.0728006362915, 1.0007, 2.5207, 1374.536
1366.0729064941406, 1.0007, 2.5208, 1374.287
1368.0730094909668, 1.0008, 2.5208, 1373.925
1370.0731129646301, 1.0007, 2.5209, 1373.549
1372.0732145309448, 1.0007, 2.521, 1373.199
1374.073299407959, 1.0007, 2.5209, 1372.968
1376.0733950138092, 1.0007, 2.5211, 1372.973
1378.0735082626343, 1.0007, 2.5211, 1372.841
1380.07359790802, 1.0007, 2.5211, 1372.772
1382.0736837387085, 1.0007, 2.521, 1372.841
1384.0737872123718, 1.0007, 2.521, 1372.867
1386.0738842487335, 1.0007, 2.521, 1372.745
1388.0739691257477, 1.0007, 2.5211, 1372.24
1390.0740506649017, 1.0007, 2.521, 1371.879
1392.0741362571716, 1.0007, 2.5211, 1371.846
1394.0742211341858, 1.0007, 2.5211, 1371.847
1396.0743074417114, 1.0007, 2.5212, 1371.659
1398.0744092464447, 1.0007, 2.5212, 1371.607
1400.0745069980621, 1.0007, 2.5213, 1371.554
1402.0745887756348, 1.0007, 2.5212, 1371.591
1404.0746903419495, 1.0007, 2.5213, 1371.435
1406.0747916698456, 1.0007, 2.5212, 1371.522
1408.0748715400696, 1.0007, 2.5213, 1371.546
1410.0749731063843, 1.0007, 2.5213, 1371.867
1412.0750579833984, 1.0007, 2.5212, 1372.061
1414.0751557350159, 1.0007, 2.5212, 1372.026
1416.075241804123, 1.0007, 2.5212, 1371.892
1418.0753514766693, 1.0007, 2.5212, 1371.625
1420.0754354000092, 1.0007, 2.5212, 1371.454
1422.0755243301392, 1.0007, 2.5212, 1371.572
1424.0756075382233, 1.0007, 2.5213, 1371.986
1426.0757014751434, 1.0007, 2.5213, 1371.979
1428.0758092403412, 1.0007, 2.5212, 1371.953
1430.0758979320526, 1.0007, 2.5212, 1372.124
1432.075983762741, 1.0007, 2.5211, 1371.95
1434.0760660171509, 1.0007, 2.5213, 1371.78
1436.076162815094, 1.0007, 2.5213, 1371.581
1438.0762650966644, 1.0007, 2.5212, 1371.417
1440.0763552188873, 1.0007, 2.5213, 1370.92
1442.0764570236206, 1.0007, 2.5214, 1370.352
1444.076595067978, 1.0007, 2.5213, 1370.179
1446.0766825675964, 1.0007, 2.5214, 1369.95
1448.0768010616302, 1.0007, 2.5215, 1369.921
1450.0769062042236, 1.0007, 2.5215, 1369.694
1452.0770099163055, 1.0007, 2.5216, 1369.35
1454.0771119594574, 1.0007, 2.5216, 1369.243
1456.0772023200989, 1.0007, 2.5216, 1368.962
1458.0772898197174, 1.0007, 2.5218, 1368.875
1460.0773837566376, 1.0007, 2.5217, 1368.767
1462.0774857997894, 1.0007, 2.5216, 1368.789
1464.0775892734528, 1.0007, 2.5217, 1368.762
1466.077724456787, 1.0007, 2.5217, 1368.663
1468.077825307846, 1.0007, 2.5218, 1368.509
1470.077918767929, 1.0007, 2.5218, 1368.5
1472.0780591964722, 1.0007, 2.5217, 1368.341
1474.0781872272491, 1.0007, 2.5218, 1368.317
1476.0782856941223, 1.0007, 2.5218, 1367.982
1478.0783860683441, 1.0008, 2.5218, 1367.859
1480.0784754753113, 1.0007, 2.5219, 1367.755
1482.0786228179932, 1.0008, 2.5219, 1367.491
1484.078711271286, 1.0007, 2.5219, 1367.443
1486.078810453415, 1.0007, 2.522, 1367.416
1488.078912973404, 1.0008, 2.522, 1367.314
1490.0790004730225, 1.0008, 2.522, 1367.11
1492.079100370407, 1.0008, 2.5221, 1366.907
1494.0791983604431, 1.0008, 2.522, 1366.837
1496.0793306827545, 1.0008, 2.522, 1366.684
1498.079437494278, 1.0008, 2.5221, 1366.96
1500.079543352127, 1.0007, 2.5221, 1367.243
1502.0796282291412, 1.0007, 2.522, 1367.613
1504.0797221660614, 1.0007, 2.522, 1367.728
1506.0798342227936, 1.0007, 2.522, 1367.782
1508.079933166504, 1.0007, 2.5219, 1367.799
1510.0800347328186, 1.0007, 2.522, 1368.233
1512.080135345459, 1.0007, 2.5219, 1368.174
1514.0802130699158, 1.0007, 2.5219, 1368.092
1516.0803112983704, 1.0007, 2.5219, 1367.974
1518.080414056778, 1.0007, 2.522, 1367.686
1520.080492258072, 1.0007, 2.5221, 1367.402
1522.080593585968, 1.0007, 2.522, 1367.122
1524.0807247161865, 1.0007, 2.5221, 1366.782
1526.0808324813843, 1.0007, 2.5221, 1366.577
1528.0809352397919, 1.0007, 2.5221, 1366.372
1530.081042289734, 1.0007, 2.5222, 1366.239
1532.081144809723, 1.0007, 2.5222, 1365.972
1534.0812425613403, 1.0007, 2.5223, 1365.606
1536.081346988678, 1.0007, 2.5224, 1365.957
1538.0814564228058, 1.0008, 2.5223, 1366.224
1540.0815632343292, 1.0007, 2.5223, 1366.491
1542.0816700458527, 1.0007, 2.5223, 1366.617
1544.081752538681, 1.0007, 2.5223, 1367.03
1546.0818514823914, 1.0007, 2.5222, 1366.986
1548.081952571869, 1.0008, 2.5222, 1366.686
1550.082055091858, 1.0008, 2.5223, 1366.235
1552.0821566581726, 1.0008, 2.5224, 1365.81
1554.0822403430939, 1.0007, 2.5224, 1365.376
1556.08234333992, 1.0007, 2.5224, 1365.09
1558.0824782848358, 1.0007, 2.5224, 1364.666
1560.0825688838959, 1.0007, 2.5225, 1364.365
1562.0826501846313, 1.0007, 2.5225, 1364.286
1564.0828123092651, 1.0007, 2.5226, 1364.197
1566.082916021347, 1.0007, 2.5226, 1363.914
1568.0830183029175, 1.0007, 2.5226, 1364.034
1570.0831470489502, 1.0007, 2.5225, 1364.038
1572.0832488536835, 1.0007, 2.5226, 1364.401
1574.0833430290222, 1.0007, 2.5225, 1364.636
1576.0834503173828, 1.0007, 2.5225, 1364.586
1578.0835931301117, 1.0007, 2.5226, 1364.531
1580.083702325821, 1.0007, 2.5225, 1364.384
1582.0838491916656, 1.0007, 2.5226, 1364.26
1584.0839381217957, 1.0007, 2.5227, 1364.034
1586.084039926529, 1.0007, 2.5227, 1364.125
1588.084139585495, 1.0007, 2.5228, 1363.869
1590.0842397212982, 1.0007, 2.5228, 1363.329
1592.0843396186829, 1.0007, 2.5228, 1362.954
1594.084440946579, 1.0007, 2.5228, 1363.234
1596.0845437049866, 1.0007, 2.5228, 1363.003
1598.0846457481384, 1.0007, 2.5228, 1362.646
1600.084778547287, 1.0007, 2.5229, 1362.682
1602.0848772525787, 1.0007, 2.5229, 1362.471
1604.0850100517273, 1.0007, 2.5229, 1362.407
1606.0851397514343, 1.0007, 2.523, 1362.213
1608.0852406024933, 1.0007, 2.523, 1361.972
1610.0853745937347, 1.0007, 2.523, 1361.874
1612.085469007492, 1.0007, 2.523, 1362.026
1614.0855643749237, 1.0007, 2.523, 1362.331
1616.0856676101685, 1.0007, 2.523, 1362.328
1618.0857992172241, 1.0007, 2.5231, 1362.286
1620.0858826637268, 1.0007, 2.5231, 1362.382
1622.0860159397125, 1.0007, 2.523, 1362.387
1624.086148262024, 1.0007, 2.523, 1362.444
1626.0862827301025, 1.0007, 2.5231, 1362.187
1628.0863692760468, 1.0007, 2.5231, 1362.028
1630.0864717960358, 1.0007, 2.523, 1362.02
1632.0865557193756, 1.0007, 2.5231, 1361.942
1634.0866355895996, 1.0007, 2.5232, 1361.701
1636.0867295265198, 1.0007, 2.5232, 1361.401
1638.0868406295776, 1.0007, 2.5231, 1361.384
1640.0869405269623, 1.0007, 2.5232, 1361.504
1642.087069272995, 1.0007, 2.5231, 1361.695
1644.087161064148, 1.0007, 2.5231, 1361.635
1646.0872693061829, 1.0007, 2.5232, 1361.518
1648.0873534679413, 1.0007, 2.5233, 1361.341
1650.0874519348145, 1.0007, 2.5233, 1360.924
1652.0875506401062, 1.0007, 2.5232, 1360.814
1654.0876290798187, 1.0007, 2.5232, 1360.568
1656.0877087116241, 1.0007, 2.5233, 1360.301
1658.0878267288208, 1.0007, 2.5233, 1359.987
1660.0879092216492, 1.0007, 2.5233, 1359.811
1662.0880074501038, 1.0007, 2.5234, 1359.78
1664.0880906581879, 1.0007, 2.5235, 1359.857
1666.088190317154, 1.0007, 2.5233, 1359.721
1668.0882759094238, 1.0007, 2.5234, 1359.411
1670.088362455368, 1.0008, 2.5235, 1359.131
1672.0884568691254, 1.0007, 2.5235, 1359.029
1674.088539838791, 1.0007, 2.5237, 1358.876
1676.0886254310608, 1.0008, 2.5237, 1358.546
1678.0887064933777, 1.0008, 2.5237, 1358.35
1680.0887897014618, 1.0007, 2.5238, 1358.353
1682.0888822078705, 1.0008, 2.5237, 1358.453
1684.0889644622803, 1.0007, 2.5238, 1358.422
1686.0890500545502, 1.0007, 2.5237, 1358.515
1688.0891406536102, 1.0008, 2.5238, 1358.743
1690.0892210006714, 1.0007, 2.5238, 1358.811
1692.089322566986, 1.0008, 2.5238, 1358.774
1694.0894167423248, 1.0007, 2.5238, 1358.831
1696.089507818222, 1.0007, 2.5238, 1358.975
1698.0896096229553, 1.0007, 2.5239, 1359.133
1700.089742898941, 1.0008, 2.5237, 1359.337
1702.0898416042328, 1.0007, 2.5237, 1359.289
1704.0899426937103, 1.0007, 2.5237, 1359.064
1706.0900435447693, 1.0007, 2.5237, 1358.782
1708.090129852295, 1.0007, 2.5237, 1358.41
1710.0902316570282, 1.0007, 2.5237, 1358.082
1712.0903313159943, 1.0007, 2.5238, 1357.715
1714.090431213379, 1.0007, 2.5239, 1357.579
1716.0905182361603, 1.0008, 2.524, 1357.541
1718.0906164646149, 1.0007, 2.524, 1357.272
1720.090716123581, 1.0007, 2.524, 1356.964
1722.0908224582672, 1.0007, 2.524, 1356.97
1724.0909094810486, 1.0007, 2.5241, 1356.863
1726.0910062789917, 1.0007, 2.5242, 1356.427
1728.0911056995392, 1.0007, 2.5241, 1356.229
1730.091204404831, 1.0007, 2.5241, 1355.93
1732.0913088321686, 1.0007, 2.5241, 1355.688
1734.091394662857, 1.0008, 2.5243, 1355.621
1736.0914981365204, 1.0008, 2.5243, 1355.623
1738.0915999412537, 1.0007, 2.5243, 1355.581
1740.0917155742645, 1.0008, 2.5244, 1355.571
1742.091821193695, 1.0008, 2.5244, 1355.548
1744.0919020175934, 1.0008, 2.5244, 1355.523
1746.0920095443726, 1.0007, 2.5243, 1355.582
1748.09210562706, 1.0007, 2.5244, 1355.542
1750.0921909809113, 1.0008, 2.5244, 1355.584
1752.0922751426697, 1.0008, 2.5244, 1355.528
1754.092363357544, 1.0008, 2.5244, 1355.372
1756.0924580097198, 1.0007, 2.5245, 1355.033
1758.092549085617, 1.0007, 2.5244, 1354.737
1760.0926339626312, 1.0007, 2.5245, 1354.679
1762.0927426815033, 1.0007, 2.5245, 1354.664
1764.0928797721863, 1.0008, 2.5246, 1354.64
1766.0929791927338, 1.0008, 2.5246, 1354.387
1768.0931103229523, 1.0007, 2.5246, 1354.102
1770.0932078361511, 1.0007, 2.5246, 1354.267
1772.093343257904, 1.0008, 2.5247, 1354.187
1774.0934734344482, 1.0008, 2.5246, 1353.934
1776.0935761928558, 1.0007, 2.5247, 1353.674
1778.093677520752, 1.0008, 2.5248, 1353.287
1780.0937778949738, 1.0007, 2.5247, 1353.257
1782.0938663482666, 1.0007, 2.5247, 1353.149
1784.0939676761627, 1.0007, 2.5247, 1352.718
1786.0940809249878, 1.0007, 2.5249, 1352.531
1788.094168663025, 1.0007, 2.525, 1352.498
1790.094257593155, 1.0007, 2.5248, 1352.353
1792.0943412780762, 1.0007, 2.5249, 1352.132
1794.0944254398346, 1.0007, 2.5249, 1351.736
1796.0945217609406, 1.0008, 2.5249, 1351.645
1798.0946254730225, 1.0007, 2.525, 1351.626
1800.094710111618, 1.0007, 2.525, 1351.546
1802.0948190689087, 1.0007, 2.525, 1351.457
1804.0949070453644, 1.0007, 2.5251, 1351.498
1806.0950119495392, 1.0008, 2.5251, 1351.274
1808.0951056480408, 1.0007, 2.5251, 1351.013
1810.095207452774, 1.0007, 2.5251, 1350.908
1812.095350265503, 1.0007, 2.5251, 1350.648
1814.0954337120056, 1.0007, 2.525, 1350.662
1816.0955700874329, 1.0007, 2.5252, 1350.903
1818.0956513881683, 1.0007, 2.5251, 1351.325
1820.095741033554, 1.0007, 2.5252, 1351.097
1822.0958757400513, 1.0008, 2.5251, 1350.959
1824.0959632396698, 1.0008, 2.5252, 1350.827
1826.0960502624512, 1.0007, 2.5253, 1350.455
1828.0961327552795, 1.0007, 2.5253, 1350.205
1830.0962402820587, 1.0008, 2.5253, 1350.016
1832.0963344573975, 1.0007, 2.5254, 1349.847
1834.0964374542236, 1.0007, 2.5254, 1349.714
1836.0965385437012, 1.0007, 2.5254, 1349.5
1838.0966355800629, 1.0007, 2.5254, 1349.446
1840.0967361927032, 1.0008, 2.5254, 1349.589
1842.096841096878, 1.0008, 2.5254, 1349.672
1844.0969178676605, 1.0007, 2.5254, 1349.875
1846.0970177650452, 1.0008, 2.5254, 1350.072
1848.0971219539642, 1.0007, 2.5253, 1349.915
1850.0972154140472, 1.0007, 2.5253, 1349.81
1852.0973081588745, 1.0007, 2.5254, 1349.701
1854.0974142551422, 1.0007, 2.5254, 1349.413
1856.097499847412, 1.0007, 2.5255, 1349.33
1858.0975975990295, 1.0007, 2.5254, 1349.294
1860.0976853370667, 1.0007, 2.5255, 1349.347
1862.0977711677551, 1.0007, 2.5254, 1349.36
1864.0978569984436, 1.0007, 2.5255, 1349.336
1866.0979580879211, 1.0007, 2.5256, 1349.258
1868.0980529785156, 1.0007, 2.5255, 1349.192
1870.0981345176697, 1.0007, 2.5255, 1349.259
1872.0982491970062, 1.0007, 2.5254, 1349.526
1874.0983386039734, 1.0007, 2.5254, 1349.855
1876.098452091217, 1.0007, 2.5254, 1349.858
1878.0985524654388, 1.0007, 2.5254, 1349.871
1880.0986564159393, 1.0007, 2.5254, 1349.802
1882.0987610816956, 1.0007, 2.5254, 1349.665
1884.09885263443, 1.0007, 2.5255, 1349.498
1886.0989518165588, 1.0007, 2.5254, 1349.587
1888.0990467071533, 1.0007, 2.5255, 1349.528
1890.099149942398, 1.0007, 2.5254, 1349.242
1892.0992367267609, 1.0007, 2.5255, 1349.215
1894.099336385727, 1.0007, 2.5255, 1348.898
1896.0994398593903, 1.0007, 2.5256, 1348.785
1898.0995752811432, 1.0008, 2.5255, 1348.323
1900.099683046341, 1.0007, 2.5255, 1348.017
1902.0997734069824, 1.0007, 2.5255, 1348.4
1904.0998511314392, 1.0007, 2.5256, 1348.671
1906.099989414215, 1.0007, 2.5257, 1348.474
1908.1000826358795, 1.0007, 2.5256, 1348.294
1910.1001861095428, 1.0007, 2.5257, 1348.314
1912.1002748012543, 1.0007, 2.5256, 1348.212
1914.100355386734, 1.0007, 2.5257, 1348.124
1916.1004588603973, 1.0007, 2.5258, 1348.175
1918.1005613803864, 1.0007, 2.5258, 1348.27
1920.100664138794, 1.0007, 2.5257, 1348.261
1922.1007435321808, 1.0007, 2.5256, 1348.227
1924.1008450984955, 1.0007, 2.5256, 1348.07
1926.1009511947632, 1.0007, 2.5257, 1347.937
1928.101053237915, 1.0007, 2.5258, 1347.63
1930.101182460785, 1.0007, 2.5258, 1347.359
1932.1012806892395, 1.0007, 2.5259, 1347.21
1934.1013720035553, 1.0007, 2.5258, 1347.111
1936.1014664173126, 1.0007, 2.5259, 1347.079
1938.101557970047, 1.0007, 2.5258, 1346.977
1940.1016476154327, 1.0007, 2.5259, 1346.634
1942.1017422676086, 1.0007, 2.526, 1346.461
1944.1018381118774, 1.0007, 2.5259, 1346.466
1946.1019306182861, 1.0007, 2.526, 1346.332
1948.1020290851593, 1.0007, 2.5261, 1346.169
1950.1021411418915, 1.0007, 2.5261, 1345.904
1952.1022295951843, 1.0007, 2.5261, 1345.742
1954.1023302078247, 1.0007, 2.5261, 1345.688
1956.1024360656738, 1.0007, 2.526, 1345.478
1958.1025388240814, 1.0007, 2.5262, 1345.325
1960.1026458740234, 1.0007, 2.5262, 1345.235
1962.1027483940125, 1.0007, 2.5262, 1345.33
1964.1028294563293, 1.0007, 2.5261, 1345.605
1966.102932691574, 1.0007, 2.5262, 1345.763
1968.1030230522156, 1.0007, 2.5263, 1345.891
1970.1031167507172, 1.0007, 2.5261, 1345.91
1972.1032226085663, 1.0007, 2.5262, 1346.034
1974.103309392929, 1.0007, 2.5261, 1346.327
1976.1034078598022, 1.0007, 2.5261, 1346.481
1978.1035072803497, 1.0007, 2.5262, 1346.716
1980.1035907268524, 1.0007, 2.5263, 1346.9
1982.103674173355, 1.0007, 2.5261, 1347.04
1984.1037712097168, 1.0007, 2.5261, 1347.023
1986.1038610935211, 1.0007, 2.526, 1347.048
1988.1039695739746, 1.0007, 2.526, 1346.893
1990.1041133403778, 1.0007, 2.5261, 1346.763
1992.1042168140411, 1.0007, 2.5261, 1346.338
1994.104317188263, 1.0007, 2.5262, 1346.279
1996.104427099228, 1.0007, 2.526, 1346.065
1998.1045279502869, 1.0007, 2.5261, 1345.917
2000.1046133041382, 1.0007, 2.5261, 1345.816
2002.1047096252441, 1.0007, 2.5262, 1345.736
2004.1047992706299, 1.0007, 2.5262, 1345.593
2006.1049015522003, 1.0007, 2.5262, 1345.415
2008.1049983501434, 1.0007, 2.5263, 1345.398
2010.1050987243652, 1.0008, 2.5262, 1345.577
2012.1051964759827, 1.0007, 2.5262, 1345.951
2014.105301141739, 1.0007, 2.5261, 1345.866
2016.105385541916, 1.0007, 2.5261, 1345.724
2018.1054723262787, 1.0007, 2.5262, 1345.63
2020.1055738925934, 1.0007, 2.5262, 1345.377
2022.1056680679321, 1.0007, 2.5262, 1344.936
2024.105753660202, 1.0007, 2.5262, 1344.68
2026.105842590332, 1.0007, 2.5263, 1344.467
2028.1059453487396, 1.0007, 2.5263, 1344.368
2030.1060276031494, 1.0007, 2.5262, 1344.27
2032.1061618328094, 1.0007, 2.5263, 1344.106
2034.106253862381, 1.0007, 2.5264, 1343.94
2036.1063511371613, 1.0007, 2.5264, 1344.028
2038.1064522266388, 1.0007, 2.5265, 1344.248
2040.1065564155579, 1.0007, 2.5264, 1343.919
2042.1066393852234, 1.0007, 2.5265, 1343.645
2044.1067385673523, 1.0007, 2.5265, 1343.472
2046.1068332195282, 1.0007, 2.5265, 1343.547
2048.106914281845, 1.0007, 2.5267, 1343.505
2050.10701751709, 1.0007, 2.5266, 1343.4
2052.107107400894, 1.0007, 2.5267, 1343.072
2054.10719537735, 1.0007, 2.5267, 1342.775
2056.1072976589203, 1.0007, 2.5267, 1342.72
2058.1074385643005, 1.0007, 2.527, 1342.796
2060.1075296401978, 1.0007, 2.5268, 1342.692
2062.107611179352, 1.0007, 2.5268, 1342.653
2064.1076941490173, 1.0007, 2.5268, 1342.843
2066.1077976226807, 1.0007, 2.5268, 1342.668
2068.1078882217407, 1.0007, 2.5268, 1342.67
2070.1079955101013, 1.0007, 2.5267, 1342.7
2072.1081068515778, 1.0007, 2.5268, 1342.714
2074.108241081238, 1.0007, 2.5268, 1342.73
2076.1083443164825, 1.0007, 2.5268, 1342.517
2078.10848402977, 1.0007, 2.5269, 1342.156
2080.108567714691, 1.0007, 2.5268, 1341.844
2082.10865855217, 1.0007, 2.5269, 1342.012
2084.1087896823883, 1.0007, 2.5269, 1342.0
2086.1088814735413, 1.0007, 2.5269, 1341.613
2088.1089775562286, 1.0007, 2.5269, 1341.391
2090.109076023102, 1.0007, 2.5269, 1341.317
2092.109176635742, 1.0008, 2.5271, 1341.112
2094.109258413315, 1.0008, 2.5271, 1341.002
2096.1093401908875, 1.0008, 2.5271, 1340.935
2098.109440803528, 1.0007, 2.527, 1340.913
2100.1095719337463, 1.0007, 2.5272, 1340.907
2102.1096720695496, 1.0007, 2.5272, 1340.77
2104.1097733974457, 1.0007, 2.5272, 1340.654
2106.109862089157, 1.0007, 2.5271, 1340.445
2108.109964609146, 1.0007, 2.527, 1340.319
2110.1100997924805, 1.0008, 2.5272, 1340.326
2112.11017870903, 1.0008, 2.5272, 1340.092
2114.110277891159, 1.0008, 2.5271, 1339.966
2116.110386133194, 1.0008, 2.5274, 1340.058
2118.110494852066, 1.0007, 2.5272, 1340.292
2120.1105806827545, 1.0007, 2.5271, 1340.41
2122.1106860637665, 1.0008, 2.5271, 1340.671
2124.1107630729675, 1.0007, 2.5272, 1340.917
2126.1108672618866, 1.0008, 2.5272, 1341.208
2128.1109693050385, 1.0007, 2.5272, 1341.353
2130.111073732376, 1.0008, 2.527, 1341.505
2132.111177444458, 1.0007, 2.5269, 1341.526
2134.1112802028656, 1.0007, 2.527, 1341.335
2136.1113724708557, 1.0007, 2.5271, 1341.101
2138.11146569252, 1.0007, 2.5271, 1341.087
2140.1115634441376, 1.0007, 2.5271, 1340.956
2142.111646413803, 1.0007, 2.5271, 1340.955
2144.1117446422577, 1.0007, 2.5272, 1341.133
2146.1118857860565, 1.0007, 2.5274, 1341.043
2148.111974477768, 1.0007, 2.5271, 1340.954
2150.112085580826, 1.0007, 2.5271, 1340.719
2152.11221909523, 1.0007, 2.5271, 1340.658
2154.1123485565186, 1.0007, 2.5271, 1340.796
2156.1124539375305, 1.0007, 2.5274, 1340.891
2158.1125423908234, 1.0007, 2.5272, 1340.512
2160.1126272678375, 1.0007, 2.5272, 1340.086
2162.112717151642, 1.0007, 2.5274, 1339.878
2164.112808227539, 1.0007, 2.5274, 1339.645
2166.112907409668, 1.0007, 2.5274, 1339.767
2168.1130146980286, 1.0007, 2.5275, 1339.537
2170.113113641739, 1.0007, 2.5274, 1339.189
2172.113249063492, 1.0007, 2.5275, 1339.052
2174.1133382320404, 1.0007, 2.5276, 1339.142
2176.113465309143, 1.0007, 2.5275, 1339.214
2178.113570213318, 1.0007, 2.5275, 1339.053
2180.1137113571167, 1.0007, 2.5275, 1339.073
2182.113819360733, 1.0007, 2.5275, 1338.924
2184.1139011383057, 1.0007, 2.5275, 1338.746
2186.114018678665, 1.0007, 2.5275, 1338.831
2188.114133834839, 1.0007, 2.5275, 1338.853
2190.1142315864563, 1.0007, 2.5275, 1338.908
2192.1143305301666, 1.0007, 2.5276, 1338.771
2194.114413022995, 1.0007, 2.5276, 1338.592
2196.1145195961, 1.0007, 2.5275, 1338.575
2198.114610671997, 1.0007, 2.5275, 1338.52
2200.114722251892, 1.0007, 2.5275, 1338.513
2202.114829301834, 1.0007, 2.5275, 1338.526
2204.1149096488953, 1.0007, 2.5275, 1338.371
2206.115011692047, 1.0007, 2.5275, 1338.161
2208.115114927292, 1.0007, 2.5277, 1338.004
2210.115242242813, 1.0007, 2.5277, 1337.738
2212.1153495311737, 1.0007, 2.5277, 1337.463
2214.1154491901398, 1.0007, 2.5277, 1337.232
2216.1155393123627, 1.0007, 2.5277, 1337.125
2218.1156244277954, 1.0007, 2.5279, 1337.176
2220.115728378296, 1.0007, 2.5278, 1337.296
2222.1158351898193, 1.0007, 2.5279, 1337.279
2224.115914106369, 1.0007, 2.528, 1337.104
2226.1160254478455, 1.0007, 2.5279, 1336.952
2228.1161258220673, 1.0007, 2.5279, 1336.741
2230.1162354946136, 1.0007, 2.5279, 1336.658
2232.116338968277, 1.0007, 2.5278, 1336.796
2234.1164219379425, 1.0007, 2.528, 1337.112
2236.11652135849, 1.0007, 2.5279, 1336.918
2238.1166117191315, 1.0007, 2.5278, 1336.978
2240.1167039871216, 1.0007, 2.5278, 1337.061
2242.1167933940887, 1.0007, 2.5278, 1336.907
2244.11687707901, 1.0007, 2.5279, 1336.76
2246.1169617176056, 1.0007, 2.5279, 1336.689
2248.117074251175, 1.0007, 2.5278, 1336.71
2250.1171810626984, 1.0007, 2.5279, 1336.526
2252.1172666549683, 1.0007, 2.5279, 1336.334
2254.1173503398895, 1.0007, 2.528, 1336.118
2256.1174552440643, 1.0007, 2.5279, 1335.962
2258.1175620555878, 1.0007, 2.528, 1335.866
2260.117649793625, 1.0007, 2.5281, 1335.814
2262.1177656650543, 1.0007, 2.5281, 1335.912
2264.1178941726685, 1.0007, 2.528, 1336.085
2266.1179773807526, 1.0007, 2.5281, 1336.321
2268.1180777549744, 1.0007, 2.5279, 1336.174
2270.118179798126, 1.0007, 2.528, 1336.151
2272.1182792186737, 1.0007, 2.5281, 1335.999
2274.118378162384, 1.0007, 2.5281, 1335.873
2276.118468761444, 1.0007, 2.5281, 1335.75
2278.1185705661774, 1.0007, 2.5281, 1335.919
2280.118685722351, 1.0007, 2.5281, 1335.958
2282.1187982559204, 1.0007, 2.5281, 1335.896
2284.118881225586, 1.0007, 2.5282, 1335.805
2286.119014263153, 1.0007, 2.5281, 1335.902
2288.1191170215607, 1.0007, 2.5281, 1336.138
2290.1192235946655, 1.0007, 2.5281, 1336.152
2292.11932516098, 1.0007, 2.5281, 1336.495
2294.1194105148315, 1.0007, 2.5281, 1336.445
2296.1194989681244, 1.0008, 2.5281, 1336.357
2298.1195905208588, 1.0007, 2.5281, 1336.244
2300.1196942329407, 1.0007, 2.5282, 1336.373
2302.1197798252106, 1.0007, 2.5281, 1336.396
2304.119880914688, 1.0007, 2.528, 1336.484
2306.119977712631, 1.0007, 2.5282, 1336.334
2308.1200790405273, 1.0007, 2.5283, 1336.257
2310.1201791763306, 1.0007, 2.5283, 1336.153
2312.1202676296234, 1.0007, 2.5282, 1336.023
2314.1203548908234, 1.0007, 2.5281, 1336.018
2316.1204895973206, 1.0007, 2.5283, 1335.762
2318.1205718517303, 1.0007, 2.5283, 1335.528
2320.1206707954407, 1.0007, 2.5284, 1335.556
2322.1207695007324, 1.0007, 2.5283, 1335.225
2324.120852947235, 1.0007, 2.5283, 1335.122
2326.120938539505, 1.0007, 2.5283, 1334.974
2328.1210718154907, 1.0007, 2.5283, 1334.718
2330.1211709976196, 1.0007, 2.5283, 1334.501
2332.1212680339813, 1.0007, 2.5284, 1334.373
2334.1213750839233, 1.0007, 2.5284, 1334.339
2336.121453523636, 1.0007, 2.5284, 1334.325
2338.1215410232544, 1.0007, 2.5283, 1334.306
2340.1216452121735, 1.0007, 2.5284, 1334.215
2342.121745824814, 1.0007, 2.5283, 1334.243
2344.1218521595, 1.0007, 2.5284, 1334.259
2346.1219577789307, 1.0007, 2.5284, 1334.363
2348.1220688819885, 1.0007, 2.5284, 1334.425
2350.1221685409546, 1.0007, 2.5285, 1334.249
2352.1222574710846, 1.0007, 2.5285, 1334.19
2354.122346162796, 1.0007, 2.5284, 1334.19
2356.1224393844604, 1.0007, 2.5284, 1334.248
2358.1225748062134, 1.0007, 2.5283, 1334.24
2360.1226558685303, 1.0007, 2.5284, 1334.268
2362.12273979187, 1.0007, 2.5284, 1334.208
2364.122814655304, 1.0007, 2.5284, 1334.044
2366.1229174137115, 1.0007, 2.5283, 1333.839
2368.1230132579803, 1.0007, 2.5284, 1333.758
2370.123100042343, 1.0007, 2.5285, 1333.716
2372.123192548752, 1.0007, 2.5285, 1333.691
2374.123286962509, 1.0007, 2.5286, 1333.351
2376.1233701705933, 1.0007, 2.5285, 1333.359
2378.123470544815, 1.0007, 2.5285, 1333.462
2380.123570203781, 1.0007, 2.5286, 1333.377
2382.1236538887024, 1.0007, 2.5286, 1333.411
2384.123735666275, 1.0007, 2.5285, 1333.459
2386.1238424777985, 1.0007, 2.5285, 1333.523
2388.1239292621613, 1.0007, 2.5284, 1333.62
2390.124009847641, 1.0007, 2.5285, 1333.573
2392.124110221863, 1.0007, 2.5285, 1333.585
2394.124193906784, 1.0007, 2.5285, 1333.555
2396.1242797374725, 1.0007, 2.5286, 1333.564
2398.1243801116943, 1.0007, 2.5286, 1333.663
2400.1244609355927, 1.0007, 2.5286, 1333.556
2402.124564409256, 1.0007, 2.5285, 1333.382
2404.124666929245, 1.0007, 2.5285, 1333.443
2406.1247668266296, 1.0007, 2.5285, 1333.486
2408.1248519420624, 1.0007, 2.5285, 1333.18
2410.1249499320984, 1.0007, 2.5286, 1333.251
2412.1250309944153, 1.0007, 2.5286, 1333.32
2414.1251294612885, 1.0007, 2.5286, 1333.179
2416.1252274513245, 1.0007, 2.5287, 1333.026
2418.12531208992, 1.0007, 2.5287, 1333.309
2420.1253995895386, 1.0007, 2.5287, 1333.261
2422.125505924225, 1.0007, 2.5287, 1332.801
2424.1256096363068, 1.0007, 2.5287, 1332.503
2426.1256923675537, 1.0007, 2.5288, 1332.375
2428.1258323192596, 1.0007, 2.5288, 1332.257
2430.1259360313416, 1.0007, 2.5288, 1332.246
2432.126034975052, 1.0008, 2.5289, 1332.002
2434.126116037369, 1.0007, 2.529, 1331.895
2436.1262168884277, 1.0008, 2.529, 1331.918
2438.126319169998, 1.0007, 2.5289, 1331.946
2440.1264538764954, 1.0007, 2.5289, 1331.781
2442.126542568207, 1.0007, 2.529, 1331.628
2444.1266310214996, 1.0007, 2.529, 1331.737
2446.1267428398132, 1.0008, 2.5289, 1331.705
2448.1268503665924, 1.0008, 2.529, 1331.664
2450.1269404888153, 1.0008, 2.529, 1331.579
2452.127019405365, 1.0008, 2.5291, 1331.475
2454.127122402191, 1.0008, 2.529, 1331.432
2456.1272237300873, 1.0007, 2.5291, 1331.113
2458.127325296402, 1.0007, 2.5291, 1331.029
2460.1274263858795, 1.0007, 2.529, 1331.193
2462.127524137497, 1.0007, 2.5291, 1331.271
2464.127601623535, 1.0007, 2.529, 1331.188
2466.1277010440826, 1.0007, 2.529, 1331.107
2468.12779378891, 1.0007, 2.529, 1330.995
2470.1279022693634, 1.0007, 2.5291, 1330.956
2472.127986431122, 1.0007, 2.529, 1330.846
2474.1280796527863, 1.0007, 2.5291, 1330.941
2476.1281826496124, 1.0007, 2.529, 1331.081
2478.128284931183, 1.0007, 2.529, 1331.382
2480.12836933136, 1.0007, 2.5291, 1331.298
2482.1284749507904, 1.0007, 2.5291, 1331.005
2484.1285614967346, 1.0007, 2.529, 1330.841
2486.1286585330963, 1.0007, 2.5291, 1330.659
2488.1287598609924, 1.0007, 2.5291, 1330.366
2490.1288611888885, 1.0007, 2.5291, 1330.201
2492.128960609436, 1.0007, 2.5293, 1330.13
2494.12904047966, 1.0007, 2.5293, 1329.994
2496.1291275024414, 1.0007, 2.5292, 1329.872
2498.1292073726654, 1.0007, 2.5293, 1329.853
2500.129307746887, 1.0007, 2.5292, 1329.812
2502.1294088363647, 1.0007, 2.5292, 1329.811
2504.1295125484467, 1.0007, 2.5291, 1329.896
2506.1296145915985, 1.0007, 2.5292, 1329.894
2508.1297059059143, 1.0007, 2.5291, 1329.823
2510.1297929286957, 1.0007, 2.5292, 1329.816
2512.129899263382, 1.0007, 2.5293, 1329.797
2514.1299896240234, 1.0008, 2.5294, 1329.661
2516.1300818920135, 1.0007, 2.5294, 1329.589
2518.1301720142365, 1.0007, 2.5292, 1329.621
2520.13028049469, 1.0007, 2.5293, 1329.556
2522.130383014679, 1.0008, 2.5293, 1329.544
2524.130482673645, 1.0007, 2.5293, 1329.567
2526.1306200027466, 1.0007, 2.5293, 1329.645
2528.130717754364, 1.0007, 2.5293, 1329.701
2530.130812883377, 1.0007, 2.5293, 1329.6
2532.130904197693, 1.0007, 2.5293, 1329.325
2534.1310019493103, 1.0007, 2.5294, 1329.112
2536.131092786789, 1.0007, 2.5294, 1329.062
2538.1311814785004, 1.0007, 2.5296, 1329.213
2540.131272792816, 1.0007, 2.5293, 1329.309
2542.1313648223877, 1.0007, 2.5293, 1329.37
2544.1314568519592, 1.0007, 2.5293, 1329.093
2546.131560564041, 1.0007, 2.5295, 1328.796
2548.13165473938, 1.0007, 2.5294, 1328.605
2550.1317574977875, 1.0007, 2.5295, 1328.573
2552.131848335266, 1.0007, 2.5295, 1328.4
2554.1319880485535, 1.0007, 2.5294, 1328.684
2556.1320917606354, 1.0007, 2.5295, 1328.84
2558.132192850113, 1.0007, 2.5295, 1328.646
2560.132298231125, 1.0007, 2.5296, 1328.377
2562.132401943207, 1.0007, 2.5296, 1328.029
2564.132493019104, 1.0007, 2.5295, 1328.242
2566.132579565048, 1.0007, 2.5296, 1328.38
2568.132663965225, 1.0007, 2.5296, 1328.4
2570.1327431201935, 1.0007, 2.5295, 1328.624
2572.1328477859497, 1.0007, 2.5295, 1328.622
2574.1329300403595, 1.0007, 2.5296, 1328.517
2576.133014678955, 1.0007, 2.5296, 1328.319
2578.133095264435, 1.0007, 2.5296, 1328.099
2580.133229970932, 1.0007, 2.5297, 1327.786
2582.1333243846893, 1.0007, 2.5297, 1327.537
2584.133408308029, 1.0007, 2.5297, 1327.493
2586.133541584015, 1.0007, 2.5298, 1327.529
2588.133618116379, 1.0007, 2.5297, 1328.026
2590.133719921112, 1.0007, 2.5297, 1328.369
2592.1338279247284, 1.0007, 2.5295, 1328.366
2594.133908033371, 1.0007, 2.5298, 1328.234
2596.1340086460114, 1.0007, 2.5298, 1328.168
2598.1341004371643, 1.0007, 2.5297, 1328.109
2600.1342434883118, 1.0007, 2.5298, 1327.826
2602.134379386902, 1.0007, 2.5297, 1327.624
2604.1344628334045, 1.0007, 2.5298, 1327.611
2606.134544610977, 1.0007, 2.5298, 1327.62
2608.134651184082, 1.0007, 2.5298, 1327.596
2610.1347534656525, 1.0007, 2.5298, 1327.322
2612.1348555088043, 1.0008, 2.5299, 1327.171
2614.134935617447, 1.0007, 2.5298, 1327.122
2616.135035276413, 1.0007, 2.5299, 1327.095
2618.1351211071014, 1.0007, 2.5298, 1326.979
2620.1352245807648, 1.0007, 2.5299, 1326.856
2622.135360956192, 1.0007, 2.5299, 1326.767
2624.1354463100433, 1.0007, 2.5299, 1326.821
2626.1355514526367, 1.0007, 2.5298, 1326.874
2628.135654449463, 1.0007, 2.5299, 1326.819
2630.1357357501984, 1.0007, 2.5299, 1326.696
2632.1358494758606, 1.0007, 2.5299, 1326.581
2634.1359388828278, 1.0007, 2.5299, 1326.505
2636.1360812187195, 1.0008, 2.53, 1326.485
2638.1362149715424, 1.0007, 2.53, 1326.55
2640.1362957954407, 1.0007, 2.53, 1326.48
2642.1363809108734, 1.0008, 2.5301, 1326.152
2644.1364641189575, 1.0007, 2.5301, 1326.131
2646.1365530490875, 1.0007, 2.5301, 1326.196
2648.1366584300995, 1.0007, 2.5301, 1326.211
2650.136758327484, 1.0007, 2.5301, 1326.343
2652.1368403434753, 1.0007, 2.53, 1326.675
2654.1369400024414, 1.0007, 2.5299, 1326.922
2656.1370408535004, 1.0007, 2.53, 1327.111
2658.137141942978, 1.0007, 2.5299, 1327.284
2660.1372187137604, 1.0008, 2.53, 1327.373
2662.137307882309, 1.0007, 2.53, 1327.519
2664.137409210205, 1.0007, 2.53, 1327.585
2666.1375102996826, 1.0007, 2.53, 1327.422
2668.1376078128815, 1.0007, 2.53, 1327.18
2670.1376872062683, 1.0007, 2.53, 1326.888
2672.1377749443054, 1.0008, 2.53, 1326.824
2674.137880086899, 1.0008, 2.53, 1326.866
2676.1379828453064, 1.0008, 2.53, 1326.902
2678.1380603313446, 1.0007, 2.53, 1326.912
2680.1381533145905, 1.0007, 2.53, 1327.213
2682.138287305832, 1.0007, 2.5299, 1327.226
2684.1383695602417, 1.0007, 2.5299, 1327.115
2686.1384646892548, 1.0007, 2.5301, 1327.181
2688.138557910919, 1.0008, 2.5301, 1326.984
2690.138694047928, 1.0007, 2.5301, 1326.593
2692.138836145401, 1.0007, 2.53, 1326.393
2694.138916492462, 1.0007, 2.5301, 1326.534
2696.1389949321747, 1.0008, 2.53, 1326.582
2698.139091491699, 1.0007, 2.5301, 1326.477
2700.139191865921, 1.0008, 2.53, 1326.346
2702.139293909073, 1.0008, 2.5301, 1326.257
2704.139378786087, 1.0007, 2.53, 1326.066
2706.139480829239, 1.0007, 2.5301, 1326.157
2708.1395852565765, 1.0007, 2.5302, 1326.1
2710.1396861076355, 1.0007, 2.5302, 1325.984
2712.139775276184, 1.0007, 2.5301, 1325.791
2714.1398599147797, 1.0007, 2.5302, 1325.872
2716.13995718956, 1.0007, 2.5301, 1325.952
2718.1400606632233, 1.0007, 2.5301, 1325.713
2720.140191078186, 1.0007, 2.5301, 1325.593
2722.1402649879456, 1.0007, 2.5301, 1325.693
2724.1403665542603, 1.0007, 2.5302, 1325.797
2726.1404666900635, 1.0007, 2.5301, 1325.788
2728.1405668258667, 1.0007, 2.5302, 1325.519
2730.1407010555267, 1.0008, 2.5302, 1325.266
2732.140781879425, 1.0007, 2.5302, 1325.157
2734.140876054764, 1.0007, 2.5302, 1325.0
2736.141007423401, 1.0007, 2.5303, 1324.905
2738.1410989761353, 1.0007, 2.5302, 1324.82
2740.141195297241, 1.0007, 2.5302, 1324.786
2742.141332387924, 1.0007, 2.5303, 1324.751
2744.141419172287, 1.0007, 2.5304, 1324.67
2746.1415088176727, 1.0007, 2.5303, 1324.687
2748.1415989398956, 1.0007, 2.5303, 1324.651
2750.141678571701, 1.0007, 2.5303, 1324.627
2752.1417813301086, 1.0008, 2.5304, 1324.733
2754.1418871879578, 1.0007, 2.5303, 1324.885
2756.1419825553894, 1.0008, 2.5303, 1325.07
2758.1420769691467, 1.0007, 2.5303, 1325.161
2760.1421658992767, 1.0008, 2.5303, 1325.226
2762.1422533988953, 1.0007, 2.5303, 1325.359
2764.1423366069794, 1.0007, 2.5302, 1325.287
2766.1424350738525, 1.0007, 2.5302, 1325.205
2768.142513513565, 1.0007, 2.5302, 1325.06
2770.142617225647, 1.0007, 2.5302, 1325.041
2772.1427278518677, 1.0007, 2.5302, 1325.036
2774.142815351486, 1.0007, 2.5302, 1324.904
2776.142921447754, 1.0007, 2.5302, 1324.754
2778.1430263519287, 1.0007, 2.5302, 1324.606
2780.143161535263, 1.0007, 2.5303, 1324.45
2782.143244743347, 1.0007, 2.5303, 1324.454
2784.1433346271515, 1.0008, 2.5303, 1324.555
2786.143422603607, 1.0007, 2.5303, 1324.547
2788.143507003784, 1.0007, 2.5303, 1324.497
2790.1436030864716, 1.0007, 2.5303, 1324.445
2792.1437027454376, 1.0007, 2.5303, 1324.371
2794.1438002586365, 1.0007, 2.5303, 1324.227
2796.1438920497894, 1.0007, 2.5304, 1324.087
2798.143979549408, 1.0007, 2.5304, 1323.931
2800.144078016281, 1.0007, 2.5303, 1323.82
2802.1441626548767, 1.0007, 2.5305, 1323.625
2804.1442403793335, 1.0007, 2.5305, 1323.52
2806.1443486213684, 1.0007, 2.5305, 1323.411
2808.144455909729, 1.0007, 2.5304, 1323.351
2810.1445367336273, 1.0007, 2.5305, 1323.234
2812.144637823105, 1.0007, 2.5304, 1322.992
2814.144740819931, 1.0007, 2.5306, 1322.79
2816.1448469161987, 1.0007, 2.5306, 1322.699
2818.1449477672577, 1.0007, 2.5306, 1322.717
2820.145051240921, 1.0007, 2.5306, 1322.733
2822.1451301574707, 1.0007, 2.5305, 1322.731
2824.145230770111, 1.0007, 2.5307, 1322.656
2826.1453318595886, 1.0007, 2.5307, 1322.642
2828.1454248428345, 1.0007, 2.5306, 1322.755
2830.145527601242, 1.0007, 2.5306, 1322.799
2832.1456201076508, 1.0007, 2.5307, 1322.853
2834.1457226276398, 1.0007, 2.5307, 1322.924
2836.145832300186, 1.0007, 2.5307, 1322.801
2838.1459658145905, 1.0007, 2.5307, 1322.598
2840.1460511684418, 1.0007, 2.5307, 1322.641
2842.146154642105, 1.0007, 2.5307, 1322.687
2844.1462364196777, 1.0007, 2.5306, 1322.573
2846.1463162899017, 1.0007, 2.5307, 1322.451
2848.146404504776, 1.0007, 2.5307, 1322.283
2850.1465072631836, 1.0007, 2.5308, 1322.064
2852.1465923786163, 1.0007, 2.5307, 1321.85
2854.1466779708862, 1.0007, 2.531, 1321.726
2856.146770477295, 1.0007, 2.5308, 1321.662
2858.1468093395233, 1.0007, 2.5307, 1321.765
2860.1469135284424, 1.0007, 2.5309, 1321.931
2862.146996974945, 1.0007, 2.5309, 1321.892
2864.1470761299133, 1.0007, 2.5309, 1321.949
2866.147183895111, 1.0007, 2.5308, 1322.038
2868.1472697257996, 1.0007, 2.5309, 1322.184
2870.147358417511, 1.0007, 2.5308, 1322.374
2872.1474528312683, 1.0007, 2.5308, 1322.516
2874.1475310325623, 1.0007, 2.5307, 1322.557
2876.147609233856, 1.0007, 2.5307, 1322.39
2878.147696018219, 1.0007, 2.5308, 1322.274
2880.1478424072266, 1.0007, 2.5309, 1322.049
2882.147944688797, 1.0007, 2.5308, 1321.744
2884.148033618927, 1.0008, 2.531, 1321.597
2886.1481211185455, 1.0007, 2.531, 1321.671
2888.1482124328613, 1.0007, 2.531, 1321.447
2890.1482961177826, 1.0007, 2.531, 1321.269
2892.14839720726, 1.0007, 2.531, 1321.109
2894.148477077484, 1.0007, 2.5309, 1321.029
2896.148565530777, 1.0007, 2.531, 1321.121
2898.14866232872, 1.0007, 2.531, 1321.106
2900.1487452983856, 1.0007, 2.531, 1321.125
2902.1488444805145, 1.0007, 2.531, 1321.156
2904.148931980133, 1.0007, 2.531, 1321.0
2906.149030447006, 1.0007, 2.531, 1320.988
2908.1491363048553, 1.0007, 2.5311, 1321.071
2910.1492376327515, 1.0007, 2.531, 1321.029
2912.149317741394, 1.0007, 2.5311, 1321.011
2914.149402856827, 1.0008, 2.5311, 1320.845
2916.149504184723, 1.0007, 2.5311, 1320.714
2918.149584531784, 1.0007, 2.5311, 1320.561
2920.1496670246124, 1.0007, 2.5311, 1320.617
2922.1497552394867, 1.0007, 2.531, 1320.785
2924.1498374938965, 1.0007, 2.531, 1320.906
2926.1499166488647, 1.0007, 2.5311, 1321.101
2928.150015592575, 1.0007, 2.5311, 1321.156
2930.1501445770264, 1.0007, 2.5311, 1321.21
2932.1502792835236, 1.0007, 2.5311, 1321.202
2934.1504147052765, 1.0007, 2.5311, 1321.085
2936.1505501270294, 1.0007, 2.531, 1320.961
2938.150653362274, 1.0007, 2.5311, 1320.907
2940.1507506370544, 1.0007, 2.5312, 1320.695
2942.1508049964905, 1.0007, 2.5312, 1320.449
2944.1508843898773, 1.0007, 2.5312, 1320.45
2946.1510174274445, 1.0007, 2.5312, 1320.522
2948.1510944366455, 1.0008, 2.5312, 1320.804
2950.1511719226837, 1.0007, 2.5312, 1321.156
2952.1513051986694, 1.0007, 2.5311, 1321.485
2954.151383638382, 1.0007, 2.5311, 1321.655
2956.1514694690704, 1.0007, 2.5311, 1321.408
2958.151570558548, 1.0007, 2.5311, 1321.287
2960.151671409607, 1.0007, 2.5311, 1321.167
2962.151772260666, 1.0007, 2.531, 1321.07
2964.1518683433533, 1.0007, 2.5312, 1321.28
2966.15194940567, 1.0007, 2.5311, 1321.165
2968.1520533561707, 1.0007, 2.531, 1321.039
2970.1521565914154, 1.0007, 2.531, 1321.102
2972.1522529125214, 1.0007, 2.531, 1321.009
2974.152333498001, 1.0007, 2.5311, 1320.874
2976.1524198055267, 1.0007, 2.531, 1321.044
2978.1525089740753, 1.0007, 2.5312, 1321.106
2980.1526052951813, 1.0007, 2.531, 1321.157
2982.1527059078217, 1.0007, 2.531, 1321.098
2984.1527848243713, 1.0007, 2.531, 1320.982
2986.152920484543, 1.0007, 2.5312, 1320.832
2988.1530125141144, 1.0007, 2.5311, 1321.001
2990.15314245224, 1.0007, 2.5311, 1321.103
2992.153243303299, 1.0007, 2.5311, 1320.88
2994.1533432006836, 1.0007, 2.5311, 1321.133
2996.1534309387207, 1.0007, 2.5311, 1321.644
2998.153534412384, 1.0007, 2.5309, 1321.705
3000.153671979904, 1.0007, 2.531, 1321.919
3002.153753042221, 1.0007, 2.531, 1321.86
3004.153848171234, 1.0007, 2.531, 1321.876
3006.153952360153, 1.0007, 2.5309, 1321.954
3008.1540558338165, 1.0007, 2.531, 1322.004
3010.154158592224, 1.0007, 2.5309, 1322.032
3012.154245376587, 1.0007, 2.531, 1322.133
3014.1543769836426, 1.0007, 2.5308, 1322.077
3016.15447640419, 1.0007, 2.5308, 1322.189
3018.154576778412, 1.0007, 2.5309, 1322.144
3020.154670715332, 1.0007, 2.531, 1321.96
3022.154791355133, 1.0007, 2.531, 1322.16
3024.1548771858215, 1.0007, 2.5309, 1322.306
3026.1549832820892, 1.0007, 2.531, 1322.42
3028.1550753116608, 1.0008, 2.531, 1322.683
3030.155165910721, 1.0008, 2.5309, 1322.851
3032.1552686691284, 1.0007, 2.5309, 1322.92
3034.1553518772125, 1.0007, 2.531, 1322.783
3036.155455350876, 1.0007, 2.531, 1322.292
3038.1555347442627, 1.0007, 2.531, 1322.08
3040.155632019043, 1.0007, 2.5311, 1321.746
3042.155759572983, 1.0008, 2.5312, 1321.454
3044.155877828598, 1.0007, 2.5311, 1321.312
3046.155980348587, 1.0008, 2.5312, 1321.224
3048.156076669693, 1.0007, 2.5311, 1321.073
3050.1561801433563, 1.0007, 2.5312, 1320.889
3052.156275033951, 1.0007, 2.5312, 1320.696
3054.156317472458, 1.0007, 2.5313, 1320.588
3056.156392812729, 1.0007, 2.5312, 1320.465
3058.156483888626, 1.0007, 2.5311, 1320.375
3060.156559944153, 1.0007, 2.5313, 1320.247
3062.1566627025604, 1.0007, 2.5313, 1320.143
3064.156751871109, 1.0008, 2.5313, 1319.995
3066.156848192215, 1.0007, 2.5313, 1319.918
3068.1569423675537, 1.0007, 2.5314, 1319.961
3070.1570427417755, 1.0007, 2.5313, 1320.073
3072.157125711441, 1.0007, 2.5313, 1320.072
3074.1572177410126, 1.0007, 2.5313, 1319.987
3076.157312631607, 1.0007, 2.5313, 1319.893
3078.157396554947, 1.0007, 2.5314, 1319.948
3080.1574969291687, 1.0007, 2.5314, 1319.94
3082.1575853824615, 1.0007, 2.5314, 1320.319
3084.1576664447784, 1.0007, 2.5313, 1320.635
3086.1577668190002, 1.0007, 2.5313, 1320.396
3088.157867670059, 1.0007, 2.5312, 1320.339
3090.1579687595367, 1.0007, 2.5313, 1320.42
3092.1580443382263, 1.0007, 2.5313, 1320.212
3094.1581246852875, 1.0007, 2.5312, 1320.016
3096.1582050323486, 1.0007, 2.5312, 1319.835
3098.158305644989, 1.0007, 2.5313, 1319.638
3100.158389568329, 1.0007, 2.5315, 1319.52
3102.158473968506, 1.0007, 2.5314, 1319.468
3104.1585545539856, 1.0007, 2.5313, 1319.356
3106.158639907837, 1.0007, 2.5313, 1319.502
3108.1587705612183, 1.0007, 2.5314, 1319.685
3110.1588039398193, 1.0007, 2.5313, 1319.876
3112.1588892936707, 1.0007, 2.5313, 1320.051
3114.158975839615, 1.0007, 2.5313, 1320.245
3116.1590769290924, 1.0007, 2.5312, 1320.507
3118.159208536148, 1.0007, 2.5312, 1320.85
3120.1593062877655, 1.0007, 2.5312, 1321.152
3122.159387588501, 1.0007, 2.5311, 1321.193
3124.1594693660736, 1.0007, 2.5311, 1321.126
3126.1596047878265, 1.0007, 2.5311, 1321.061
3128.1596972942352, 1.0007, 2.5312, 1320.829
3130.159779071808, 1.0007, 2.5312, 1320.682
3132.159873485565, 1.0007, 2.5312, 1320.602
3134.1600065231323, 1.0007, 2.5313, 1320.65
3136.1601071357727, 1.0007, 2.5313, 1320.47
3138.160208463669, 1.0007, 2.5313, 1320.308
3140.160292863846, 1.0007, 2.5313, 1320.093
3142.1604285240173, 1.0007, 2.5313, 1319.883
3144.1605269908905, 1.0007, 2.5314, 1319.719
3146.1606137752533, 1.0007, 2.5314, 1319.769
3148.1606957912445, 1.0007, 2.5313, 1319.93
3150.1607744693756, 1.0007, 2.5313, 1320.301
3152.1608748435974, 1.0007, 2.5313, 1320.653
3154.16095662117, 1.0007, 2.5312, 1320.877
3156.1610918045044, 1.0007, 2.5313, 1320.999
3158.1611790657043, 1.0007, 2.5312, 1321.037
3160.161259174347, 1.0007, 2.5312, 1321.029
3162.16135931015, 1.0007, 2.5311, 1321.028
3164.16144156456, 1.0007, 2.5312, 1321.093
3166.161581993103, 1.0007, 2.5312, 1321.152
3168.1616735458374, 1.0007, 2.5311, 1321.212
3170.1617748737335, 1.0008, 2.5312, 1321.318
3172.1618752479553, 1.0007, 2.5312, 1321.475
3174.1619646549225, 1.0007, 2.531, 1321.667
3176.1620738506317, 1.0007, 2.5309, 1321.719
3178.162178993225, 1.0007, 2.531, 1321.674
3180.16228222847, 1.0007, 2.5311, 1321.642
3182.1623678207397, 1.0007, 2.5312, 1321.489
3184.162452697754, 1.0007, 2.5312, 1321.422
3186.1625895500183, 1.0007, 2.5312, 1321.463
3188.1626737117767, 1.0007, 2.5312, 1321.408
3190.1627531051636, 1.0008, 2.5312, 1321.289
3192.162855386734, 1.0007, 2.5312, 1321.121
3194.162934064865, 1.0007, 2.5313, 1320.792
3196.1630368232727, 1.0007, 2.5312, 1320.541
3198.163137435913, 1.0007, 2.5311, 1320.744
3200.1632149219513, 1.0007, 2.5313, 1320.631
3202.1633167266846, 1.0007, 2.5311, 1320.619
3204.163398504257, 1.0007, 2.5313, 1320.635
3206.163498401642, 1.0007, 2.5311, 1320.532
3208.163588285446, 1.0007, 2.5312, 1320.416
3210.163686275482, 1.0007, 2.5313, 1320.218
3212.1637852191925, 1.0007, 2.5313, 1320.037
3214.163885116577, 1.0007, 2.5313, 1319.985
3216.1639862060547, 1.0007, 2.5314, 1319.953
3218.1640660762787, 1.0008, 2.5313, 1319.843
3220.16415476799, 1.0007, 2.5312, 1319.771
3222.1642549037933, 1.0007, 2.5314, 1319.628
3224.1643867492676, 1.0007, 2.5314, 1319.567
3226.164490222931, 1.0007, 2.5315, 1319.494
3228.164580345154, 1.0007, 2.5315, 1319.312
3230.164682149887, 1.0007, 2.5316, 1319.013
3232.1647877693176, 1.0007, 2.5315, 1318.852
3234.1648910045624, 1.0008, 2.5316, 1318.606
3236.164975166321, 1.0007, 2.5316, 1318.469
3238.16507768631, 1.0007, 2.5316, 1318.361
3240.165162563324, 1.0007, 2.5316, 1318.307
3242.1652460098267, 1.0007, 2.5316, 1318.237
3244.165382385254, 1.0007, 2.5315, 1318.364
3246.1654708385468, 1.0007, 2.5316, 1318.579
3248.1655733585358, 1.0007, 2.5316, 1318.782
3250.1656742095947, 1.0007, 2.5318, 1318.57
3252.165817260742, 1.0007, 2.5316, 1318.808
3254.1658997535706, 1.0007, 2.5315, 1318.809
3256.166001558304, 1.0007, 2.5317, 1318.544
3258.1661007404327, 1.0007, 2.5317, 1318.679
3260.1662023067474, 1.0007, 2.5318, 1318.71
3262.1663036346436, 1.0007, 2.5316, 1318.737
3264.166437625885, 1.0007, 2.5315, 1318.757
3266.166522502899, 1.0007, 2.5316, 1318.638
3268.1666281223297, 1.0007, 2.5316, 1318.533
3270.1667141914368, 1.0007, 2.5315, 1318.41
3272.16680932045, 1.0007, 2.5316, 1318.399
3274.1669585704803, 1.0007, 2.5316, 1318.286
3276.1670463085175, 1.0007, 2.5317, 1318.295
3278.1671481132507, 1.0007, 2.5317, 1318.278
3280.1672327518463, 1.0007, 2.5317, 1318.182
3282.1673171520233, 1.0007, 2.5317, 1318.053
3284.167397737503, 1.0007, 2.5317, 1318.105
3286.1674983501434, 1.0007, 2.5317, 1317.909
3288.1675992012024, 1.0007, 2.5317, 1317.83
3290.167682170868, 1.0007, 2.5317, 1317.784
3292.1677820682526, 1.0007, 2.5317, 1317.861
3294.167860507965, 1.0007, 2.5317, 1317.838
3296.167961835861, 1.0007, 2.5317, 1317.656
3298.1680965423584, 1.0007, 2.5316, 1317.453
3300.168241262436, 1.0007, 2.5317, 1317.441
3302.1683428287506, 1.0007, 2.5318, 1317.437
3304.168443441391, 1.0007, 2.5318, 1317.34
3306.1685450077057, 1.0007, 2.5318, 1317.325
3308.1686387062073, 1.0007, 2.5318, 1317.366
3310.1687417030334, 1.0007, 2.5318, 1317.309
3312.1688442230225, 1.0007, 2.5318, 1317.214
3314.168926715851, 1.0007, 2.5318, 1317.247
3316.1690278053284, 1.0007, 2.5317, 1317.215
3318.1691296100616, 1.0007, 2.5317, 1317.194
3320.169214487076, 1.0007, 2.5318, 1317.239
3322.1693017482758, 1.0007, 2.5317, 1317.044
3324.169390439987, 1.0007, 2.5319, 1316.858
3326.1694719791412, 1.0007, 2.5318, 1316.736
3328.169572353363, 1.0007, 2.5318, 1316.65
3330.169651031494, 1.0007, 2.5319, 1316.74
3332.1697363853455, 1.0007, 2.5319, 1316.735
3334.16983795166, 1.0007, 2.5318, 1316.657
3336.169938802719, 1.0007, 2.5318, 1316.712
3338.170037984848, 1.0007, 2.5319, 1316.69
3340.170140504837, 1.0007, 2.5319, 1316.718
3342.1702451705933, 1.0007, 2.5319, 1316.769
3344.1703276634216, 1.0007, 2.5319, 1316.71
3346.1704325675964, 1.0007, 2.5318, 1316.521
3348.1705701351166, 1.0007, 2.5319, 1316.284
3350.170658349991, 1.0007, 2.5319, 1316.279
3352.1707439422607, 1.0007, 2.5319, 1316.425
3354.1708760261536, 1.0007, 2.5319, 1316.422
3356.1710183620453, 1.0007, 2.5318, 1316.393
3358.171113014221, 1.0007, 2.5318, 1316.417
3360.171198606491, 1.0007, 2.532, 1316.245
3362.171281337738, 1.0007, 2.532, 1316.094
3364.1713762283325, 1.0007, 2.5319, 1316.08
3366.171455144882, 1.0007, 2.5319, 1316.105
3368.1715421676636, 1.0007, 2.5319, 1316.045
3370.171624660492, 1.0007, 2.5318, 1316.073
3372.171707868576, 1.0007, 2.5319, 1316.123
3374.1718168258667, 1.0007, 2.532, 1316.222
3376.1719176769257, 1.0007, 2.5318, 1316.291
3378.172018289566, 1.0007, 2.532, 1316.553
3380.1721003055573, 1.0007, 2.5319, 1316.866
3382.172192811966, 1.0007, 2.5318, 1316.972
3384.172271490097, 1.0007, 2.5317, 1317.199
3386.172353744507, 1.0007, 2.5319, 1317.199
3388.17249250412, 1.0007, 2.5318, 1317.107
3390.172596216202, 1.0007, 2.5318, 1316.883
3392.172701358795, 1.0007, 2.5319, 1316.611
3394.172808408737, 1.0007, 2.5319, 1316.382
3396.1729106903076, 1.0007, 2.5319, 1316.364
3398.1729905605316, 1.0007, 2.532, 1316.483
3400.173091173172, 1.0007, 2.5321, 1316.337
3402.173192024231, 1.0007, 2.5319, 1316.238
3404.173273563385, 1.0007, 2.5321, 1316.151
3406.173374414444, 1.0007, 2.5321, 1316.097
3408.17347407341, 1.0007, 2.5321, 1316.009
3410.173577308655, 1.0007, 2.5321, 1316.198
3412.1736657619476, 1.0007, 2.532, 1316.197
3414.1737508773804, 1.0007, 2.532, 1316.013
3416.1738274097443, 1.0007, 2.532, 1315.833
3418.17392039299, 1.0007, 2.5321, 1315.739
3420.173998117447, 1.0007, 2.5321, 1315.813
3422.174079656601, 1.0007, 2.5321, 1315.884
3424.174172639847, 1.0007, 2.532, 1315.975
3426.1742775440216, 1.0007, 2.532, 1316.007
3428.1743817329407, 1.0007, 2.532, 1316.259
3430.174517393112, 1.0007, 2.5321, 1316.325
3432.174599647522, 1.0007, 2.5321, 1316.509
3434.1746830940247, 1.0007, 2.532, 1316.818
3436.1748015880585, 1.0007, 2.532, 1316.709
3438.174884557724, 1.0007, 2.532, 1316.487
3440.1749699115753, 1.0007, 2.5321, 1316.418
3442.1750638484955, 1.0007, 2.532, 1316.46
3444.175148010254, 1.0007, 2.532, 1316.753
3446.1752500534058, 1.0007, 2.532, 1316.929
3448.1753327846527, 1.0007, 2.532, 1316.814
3450.1754693984985, 1.0007, 2.5322, 1316.843
3452.1755545139313, 1.0007, 2.532, 1316.828
3454.175641298294, 1.0007, 2.532, 1316.555
3456.1757407188416, 1.0007, 2.5322, 1316.392
3458.175847053528, 1.0007, 2.5322, 1316.391
3460.1759312152863, 1.0007, 2.5322, 1316.453
3462.176023006439, 1.0007, 2.5322, 1316.45
3464.1761107444763, 1.0007, 2.5322, 1316.429
3466.176214694977, 1.0007, 2.532, 1316.48
3468.1763060092926, 1.0007, 2.532, 1316.442
3470.176388502121, 1.0007, 2.5321, 1316.444
3472.1764855384827, 1.0007, 2.5321, 1316.498
3474.1765727996826, 1.0007, 2.5321, 1316.838
3476.1766629219055, 1.0007, 2.532, 1316.818
3478.1767580509186, 1.0007, 2.532, 1316.833
3480.176853656769, 1.0007, 2.532, 1316.832
3482.1769540309906, 1.0007, 2.532, 1316.617
3484.177038669586, 1.0007, 2.532, 1316.636
3486.1771388053894, 1.0007, 2.5321, 1316.48
3488.1772170066833, 1.0007, 2.5322, 1316.268
3490.1773154735565, 1.0007, 2.5321, 1316.188
3492.177396297455, 1.0007, 2.5321, 1316.072
3494.1774826049805, 1.0007, 2.5322, 1315.89
3496.177572965622, 1.0007, 2.5322, 1315.619
3498.177656650543, 1.0007, 2.5323, 1315.394
3500.1777472496033, 1.0007, 2.5322, 1315.302
3502.1778297424316, 1.0007, 2.5323, 1315.26
3504.177918434143, 1.0007, 2.5323, 1315.256
3506.1779963970184, 1.0007, 2.5321, 1315.361
3508.1780977249146, 1.0007, 2.5321, 1315.556
3510.17817902565, 1.0007, 2.5321, 1315.782
3512.1782624721527, 1.0007, 2.5321, 1315.937
3514.178366422653, 1.0007, 2.5321, 1315.879
3516.1784675121307, 1.0007, 2.5322, 1315.934
3518.1786007881165, 1.0007, 2.5323, 1316.035
3520.178699731827, 1.0007, 2.5322, 1316.179
3522.178805589676, 1.0007, 2.5323, 1316.21
3524.178885936737, 1.0007, 2.5322, 1316.193
3526.178985595703, 1.0007, 2.5321, 1316.351
3528.1790809631348, 1.0007, 2.5321, 1316.558
3530.179179430008, 1.0007, 2.532, 1316.621
3532.179258108139, 1.0007, 2.5321, 1316.439
3534.179336309433, 1.0007, 2.5321, 1316.214
3536.1794188022614, 1.0007, 2.5321, 1315.88
3538.179501056671, 1.0007, 2.5322, 1315.636
3540.1795830726624, 1.0007, 2.5322, 1315.556
3542.1796691417694, 1.0007, 2.5324, 1315.34
3544.1797518730164, 1.0007, 2.5322, 1315.211
3546.1798532009125, 1.0007, 2.5322, 1315.198
3548.1799478530884, 1.0007, 2.5324, 1315.182
3550.180035352707, 1.0007, 2.5324, 1315.27
3552.1801347732544, 1.0007, 2.5323, 1315.247
3554.180239677429, 1.0007, 2.5323, 1315.161
3556.1803212165833, 1.0007, 2.5323, 1315.024
3558.1804547309875, 1.0007, 2.5323, 1314.983
3560.180540084839, 1.0007, 2.5323, 1314.994
3562.1806404590607, 1.0008, 2.5324, 1314.93
3564.1807312965393, 1.0007, 2.5322, 1314.853
3566.1808321475983, 1.0007, 2.5323, 1314.837
3568.180914402008, 1.0007, 2.5322, 1314.875
3570.1809933185577, 1.0007, 2.5323, 1314.892
3572.181077480316, 1.0007, 2.5323, 1314.948
3574.1811645030975, 1.0007, 2.5324, 1314.902
3576.1812512874603, 1.0007, 2.5324, 1314.638
3578.1813344955444, 1.0007, 2.5324, 1314.468
3580.181417942047, 1.0007, 2.5324, 1314.425
3582.1815440654755, 1.0007, 2.5323, 1314.372
3584.1816272735596, 1.0007, 2.5325, 1314.321
3586.1817309856415, 1.0007, 2.5324, 1314.193
3588.1818652153015, 1.0007, 2.5325, 1314.132
3590.181964635849, 1.0007, 2.5324, 1314.157
3592.182068824768, 1.0007, 2.5324, 1314.189
3594.182154893875, 1.0007, 2.5325, 1314.528
3596.1822419166565, 1.0007, 2.5325, 1314.68
3598.1823539733887, 1.0007, 2.5325, 1314.713
3600.182434797287, 1.0007, 2.5326, 1314.933
3602.1825363636017, 1.0007, 2.5324, 1315.094
3604.182619333267, 1.0007, 2.5324, 1315.34
3606.1827235221863, 1.0007, 2.5322, 1315.61
3608.1828248500824, 1.0007, 2.5321, 1315.692
3610.1829154491425, 1.0007, 2.5321, 1315.676
3612.183038711548, 1.0007, 2.5322, 1315.538
3614.183121204376, 1.0007, 2.5322, 1315.364
3616.1832225322723, 1.0007, 2.5323, 1315.097
3618.183308839798, 1.0007, 2.5322, 1315.239
3620.183394432068, 1.0007, 2.5322, 1315.324
3622.1834921836853, 1.0007, 2.5323, 1315.222
3624.183590888977, 1.0007, 2.5323, 1315.127
3626.183673143387, 1.0007, 2.5321, 1315.088
3628.1837713718414, 1.0007, 2.5322, 1315.027
3630.183851957321, 1.0007, 2.5323, 1315.098
3632.1839349269867, 1.0007, 2.5322, 1314.989
3634.1840493679047, 1.0007, 2.5323, 1314.975
3636.1841282844543, 1.0007, 2.5322, 1315.018
3638.1842136383057, 1.0007, 2.5323, 1315.082
3640.1842958927155, 1.0007, 2.5323, 1315.031
3642.1843798160553, 1.0007, 2.5324, 1314.888
3644.1844940185547, 1.0007, 2.5324, 1314.794
3646.1845977306366, 1.0007, 2.5324, 1314.669
3648.184698343277, 1.0007, 2.5325, 1314.545
3650.1847863197327, 1.0007, 2.5325, 1314.405
3652.1848855018616, 1.0007, 2.5324, 1314.345
3654.184989929199, 1.0007, 2.5326, 1314.437
3656.185090303421, 1.0007, 2.5325, 1314.467
3658.1851959228516, 1.0007, 2.5324, 1314.311
3660.1852972507477, 1.0007, 2.5326, 1314.131
3662.185391187668, 1.0007, 2.5325, 1314.13
3664.210679769516, 0.0, 0.0, 1318.912
3666.21075797081, 0.0, 0.0, 1356.897
3668.2108025550842, 0.0, 0.0, 1386.261
3670.2108800411224, 0.0, 0.0, 1409.719
3672.210962533951, 0.0, 0.0, 1430.406
3674.2110636234283, 0.0, 0.0, 1448.754
3676.2111394405365, 0.0, 0.0, 1464.857
3678.211219072342, 0.0, 0.0, 1479.597
3680.2113165855408, 0.0, 0.0, 1493.29
3682.2114164829254, 0.0, 0.0, 1506.097
3684.2115004062653, 0.0, 0.0, 1517.845
3686.211584329605, 0.0, 0.0, 1529.203
3688.2116634845734, 0.0, 0.0, 1540.011
3690.211743593216, 0.0, 0.0, 1550.365
3692.211834192276, 0.0, 0.0, 1560.32
3694.2119374275208, 0.0, 0.0, 1569.867
3696.212019920349, 0.0, 0.0, 1579.273
3698.2121047973633, 0.0, 0.0, 1588.477
3700.2121834754944, 0.0, 0.0, 1597.316
3702.2122683525085, 0.0, 0.0, 1605.934
3704.212373495102, 0.0, 0.0, 1614.307
3706.2124757766724, 0.0, 0.0, 1622.552
3708.2125630378723, 0.0, 0.0, 1630.785
3710.2126541137695, 0.0, 0.0, 1638.775
3712.212753534317, 0.0, 0.0, 1646.788
3714.2128388881683, 0.0, 0.0, 1654.768
3716.212939977646, 0.0, 0.0, 1662.784
3718.213042497635, 0.0, 0.0, 1670.699
3720.213141441345, 0.0, 0.0, 1678.208
3722.2132284641266, 0.0, 0.0, 1685.549
3724.2133617401123, 0.0, 0.0, 1692.85
3726.2134523391724, 0.0, 0.0, 1699.859
3728.213542699814, 0.0, 0.0, 1707.009
3730.213638782501, 0.0, 0.0, 1714.18
3732.213719844818, 0.0, 0.0, 1721.516
3734.213798522949, 0.0, 0.0, 1727.978
3736.213883161545, 0.0, 0.0, 1734.73
3738.2140192985535, 0.0, 0.0, 1741.546
3740.2141013145447, 0.0, 0.0, 1748.222
3742.214194536209, 0.0, 0.0, 1754.736
3744.214284658432, 0.0, 0.0, 1760.989
3746.2143788337708, 0.0, 0.0, 1767.299
3748.214511871338, 0.0, 0.0, 1773.49
3750.2146456241608, 0.0, 0.0, 1779.653
3752.2147266864777, 0.0, 0.0, 1785.768
3754.214814186096, 0.0, 0.0, 1791.655
3756.2148945331573, 0.0, 0.0, 1797.685
3758.21498131752, 0.0, 0.0, 1803.782
3760.2150876522064, 0.0, 0.0, 1809.801
3762.215185880661, 0.0, 0.0, 1815.807
3764.215268135071, 0.0, 0.0, 1821.937
3766.215356349945, 0.0, 0.0, 1827.827
3768.2154591083527, 0.0, 0.0, 1833.705
3770.2155454158783, 0.0, 0.0, 1839.546
3772.2156460285187, 0.0, 0.0, 1845.206
3774.215747117996, 0.0, 0.0, 1850.805
3776.215824365616, 0.0, 0.0, 1856.196
3778.2159237861633, 0.0, 0.0, 1861.428
3780.216022014618, 0.0, 0.0, 1866.659
3782.216121673584, 0.0, 0.0, 1871.922
3784.216203927994, 0.0, 0.0, 1877.11
3786.2162833213806, 0.0, 0.0, 1882.551
3788.2163665294647, 0.0, 0.0, 1887.817
3790.2164673805237, 0.0, 0.0, 1892.807
3792.2165715694427, 0.0, 0.0, 1897.806
3794.216650724411, 0.0, 0.0, 1902.844
3796.2167258262634, 0.0, 0.0, 1908.08
3798.216823577881, 0.0, 0.0, 1912.979
3800.2169060707092, 0.0, 0.0, 1917.626
3802.21698141098, 0.0, 0.0, 1922.285
3804.2170650959015, 0.0, 0.0, 1926.954
3806.2171528339386, 0.0, 0.0, 1931.611
3808.217237472534, 0.0, 0.0, 1936.091
3810.2173159122467, 0.0, 0.0, 1940.529
3812.2173948287964, 0.0, 0.0, 1945.008
3814.2174801826477, 0.0, 0.0, 1949.546
3816.217616081238, 0.0, 0.0, 1953.859
3818.217752933502, 0.0, 0.0, 1958.02
3820.217886686325, 0.0, 0.0, 1962.338
3822.2179746627808, 0.0, 0.0, 1966.477
3824.218058347702, 0.0, 0.0, 1970.589
3826.2181589603424, 0.0, 0.0, 1974.76
3828.218239068985, 0.0, 0.0, 1979.005
3830.2183208465576, 0.0, 0.0, 1983.57
3832.2184019088745, 0.0, 0.0, 1987.934
3834.218485593796, 0.0, 0.0, 1992.061
3836.2185616493225, 0.0, 0.0, 1996.061
3838.2186992168427, 0.0, 0.0, 2000.084
3840.2187945842743, 0.0, 0.0, 2004.099
3842.2188761234283, 0.0, 0.0, 2008.055
3844.2189757823944, 0.0, 0.0, 2011.982
3846.219072818756, 0.0, 0.0, 2015.7
3848.2191512584686, 0.0, 0.0, 2019.23
3850.2192525863647, 0.0, 0.0, 2022.686
3852.2193536758423, 0.0, 0.0, 2026.206
3854.2194514274597, 0.0, 0.0, 2029.731
3856.2195513248444, 0.0, 0.0, 2033.131
3858.2196283340454, 0.0, 0.0, 2036.46
3860.2197575569153, 0.0, 0.0, 2039.776
3862.2198400497437, 0.0, 0.0, 2043.108
3864.2199318408966, 0.0, 0.0, 2046.512
3866.220020055771, 0.0, 0.0, 2049.92
3868.2201001644135, 0.0, 0.0, 2053.29
3870.220189809799, 0.0, 0.0, 2056.648
3872.220274209976, 0.0, 0.0, 2059.964
3874.220376253128, 0.0, 0.0, 2063.219
3876.220475435257, 0.0, 0.0, 2066.248
3878.2205741405487, 0.0, 0.0, 2069.212
3880.220671892166, 0.0, 0.0, 2072.233
3882.220752954483, 0.0, 0.0, 2075.31
3884.220843076706, 0.0, 0.0, 2078.454
3886.2209441661835, 0.0, 0.0, 2081.462
3888.2210414409637, 0.0, 0.0, 2084.453
3890.221137523651, 0.0, 0.0, 2087.386
3892.221230983734, 0.0, 0.0, 2090.29
3894.221363544464, 0.0, 0.0, 2093.206
3896.2214438915253, 0.0, 0.0, 2098.381
3898.2215299606323, 0.0, 0.0, 2099.989
3900.2216312885284, 0.0, 0.0, 2102.871
3902.2217123508453, 0.0, 0.0, 2105.606
3904.2218141555786, 0.0, 0.0, 2108.397
3906.2219140529633, 0.0, 0.0, 2111.165
3908.2220134735107, 0.0, 0.0, 2113.973
3910.222113609314, 0.0, 0.0, 2116.761
3912.2222142219543, 0.0, 0.0, 2119.351
3914.22229719162, 0.0, 0.0, 2121.834
3916.222428560257, 0.0, 0.0, 2124.465
3918.222515821457, 0.0, 0.0, 2127.058
3920.2226145267487, 0.0, 0.0, 2129.695
3922.222718000412, 0.0, 0.0, 2132.403
3924.222818374634, 0.0, 0.0, 2135.05
3926.2229204177856, 0.0, 0.0, 2137.528
3928.2230186462402, 0.0, 0.0, 2140.05
3930.2231192588806, 0.0, 0.0, 2142.669
3932.2232167720795, 0.0, 0.0, 2145.264
3934.2233169078827, 0.0, 0.0, 2147.829
3936.2234172821045, 0.0, 0.0, 2150.343
3938.223499774933, 0.0, 0.0, 2152.87
3940.223598241806, 0.0, 0.0, 2155.342
3942.2237021923065, 0.0, 0.0, 2157.759
3944.2238080501556, 0.0, 0.0, 2160.102
3946.223895549774, 0.0, 0.0, 2162.339
3948.2239921092987, 0.0, 0.0, 2164.461
3950.224088191986, 0.0, 0.0, 2166.557
3952.224220275879, 0.0, 0.0, 2168.552
3954.2243020534515, 0.0, 0.0, 2170.582
3956.224382162094, 0.0, 0.0, 2172.693
3958.224482536316, 0.0, 0.0, 2174.793
3960.224585056305, 0.0, 0.0, 2176.957
3962.224683046341, 0.0, 0.0, 2179.128
3964.224776029587, 0.0, 0.0, 2181.315
3966.224865913391, 0.0, 0.0, 2183.388
3968.22496008873, 0.0, 0.0, 2185.547
3970.2250459194183, 0.0, 0.0, 2187.73
3972.2251484394073, 0.0, 0.0, 2189.653
3974.2252266407013, 0.0, 0.0, 2191.543
3976.2253596782684, 0.0, 0.0, 2193.385
3978.225442647934, 0.0, 0.0, 2195.211
3980.2255249023438, 0.0, 0.0, 2196.979
3982.225621700287, 0.0, 0.0, 2198.684
3984.2257051467896, 0.0, 0.0, 2200.486
3986.225792646408, 0.0, 0.0, 2202.285
3988.2258801460266, 0.0, 0.0, 2204.066
3990.2259674072266, 0.0, 0.0, 2205.751
3992.226047515869, 0.0, 0.0, 2207.567
3994.226139307022, 0.0, 0.0, 2209.338
3996.226240158081, 0.0, 0.0, 2211.176
3998.2263193130493, 0.0, 0.0, 2212.84
4000.2264211177826, 0.0, 0.0, 2214.6
4002.22652220726, 0.0, 0.0, 2216.437
4004.2266199588776, 0.0, 0.0, 2218.266
4006.226700782776, 0.0, 0.0, 2220.021
4008.226809501648, 0.0, 0.0, 2221.754
4010.2268958091736, 0.0, 0.0, 2223.469
4012.226985692978, 0.0, 0.0, 2225.237
4014.2270703315735, 0.0, 0.0, 2227.047
4016.2271687984467, 0.0, 0.0, 2228.731
4018.2272655963898, 0.0, 0.0, 2230.421
4020.2273650169373, 0.0, 0.0, 2232.009
4022.227464914322, 0.0, 0.0, 2233.475
4024.2275512218475, 0.0, 0.0, 2234.888
4026.2276949882507, 0.0, 0.0, 2236.237
4028.22779917717, 0.0, 0.0, 2237.616
4030.2278985977173, 0.0, 0.0, 2239.009
4032.22798538208, 0.0, 0.0, 2240.444
4034.2280852794647, 0.0, 0.0, 2241.986
4036.2281692028046, 0.0, 0.0, 2243.506
4038.228250026703, 0.0, 0.0, 2244.99
4040.228333234787, 0.0, 0.0, 2246.544
4042.2284185886383, 0.0, 0.0, 2248.128
4044.2284984588623, 0.0, 0.0, 2249.603
4046.2286303043365, 0.0, 0.0, 2250.982
4048.228715658188, 0.0, 0.0, 2252.346
4050.2288162708282, 0.0, 0.0, 2253.82
4052.2289102077484, 0.0, 0.0, 2255.108
4054.2290031909943, 0.0, 0.0, 2256.519
4056.2291045188904, 0.0, 0.0, 2257.948
4058.229240655899, 0.0, 0.0, 2259.258
4060.229341506958, 0.0, 0.0, 2260.681
4062.22944188118, 0.0, 0.0, 2262.151
4064.2295200824738, 0.0, 0.0, 2263.431
4066.22962141037, 0.0, 0.0, 2264.739
4068.2297208309174, 0.0, 0.0, 2266.192
4070.2298023700714, 0.0, 0.0, 2267.374
4072.2298991680145, 0.0, 0.0, 2268.493
4074.230033636093, 0.0, 0.0, 2269.692
4076.230120420456, 0.0, 0.0, 2270.974
4078.230216741562, 0.0, 0.0, 2272.113
4080.2303025722504, 0.0, 0.0, 2273.424
4082.2303833961487, 0.0, 0.0, 2274.839
4084.230485677719, 0.0, 0.0, 2276.184
4086.230592250824, 0.0, 0.0, 2277.334
4088.2307188510895, 0.0, 0.0, 2278.454
4090.230854511261, 0.0, 0.0, 2279.605
4092.230990409851, 0.0, 0.0, 2280.717
4094.2310905456543, 0.0, 0.0, 2281.826
4096.231193780899, 0.0, 0.0, 2282.93
4098.231295585632, 0.0, 0.0, 2283.993
4100.231376171112, 0.0, 0.0, 2285.063
4102.231478691101, 0.0, 0.0, 2286.164
4104.231573820114, 0.0, 0.0, 2287.307
4106.2316818237305, 0.0, 0.0, 2288.596
4108.231768608093, 0.0, 0.0, 2289.943
4110.231868505478, 0.0, 0.0, 2291.333
4112.231968402863, 0.0, 0.0, 2292.586
4114.232049465179, 0.0, 0.0, 2293.773
4116.232151508331, 0.0, 0.0, 2294.897
4118.232229232788, 0.0, 0.0, 2296.03
4120.2323133945465, 0.0, 0.0, 2297.097
4122.232414722443, 0.0, 0.0, 2298.1
4124.232493877411, 0.0, 0.0, 2298.993
4126.232578039169, 0.0, 0.0, 2299.822
4128.232712268829, 0.0, 0.0, 2300.663
4130.232815742493, 0.0, 0.0, 2301.449
4132.232898712158, 0.0, 0.0, 2302.297
4134.232983589172, 0.0, 0.0, 2303.173
4136.233066558838, 0.0, 0.0, 2304.101
4138.2331664562225, 0.0, 0.0, 2305.167
4140.233312368393, 0.0, 0.0, 2306.252
4142.233397960663, 0.0, 0.0, 2307.352
4144.233496665955, 0.0, 0.0, 2308.276
4146.233584165573, 0.0, 0.0, 2309.127
4148.233691453934, 0.0, 0.0, 2310.022
4150.233829021454, 0.0, 0.0, 2310.993
4152.233965873718, 0.0, 0.0, 2312.003
4154.234051465988, 0.0, 0.0, 2313.024
4156.234153270721, 0.0, 0.0, 2313.979
4158.234242677689, 0.0, 0.0, 2314.891
4160.23433804512, 0.0, 0.0, 2315.78
4162.234437942505, 0.0, 0.0, 2316.687
4164.2345271110535, 0.0, 0.0, 2317.567
4166.2346160411835, 0.0, 0.0, 2318.452
4168.234716415405, 0.0, 0.0, 2319.378
4170.234854459763, 0.0, 0.0, 2320.275
4172.234942913055, 0.0, 0.0, 2321.252
4174.235030889511, 0.0, 0.0, 2322.226
4176.235116958618, 0.0, 0.0, 2323.182
4178.235221624374, 0.0, 0.0, 2324.141
4180.235352039337, 0.0, 0.0, 2325.089
4182.235445022583, 0.0, 0.0, 2325.937
4184.235545396805, 0.0, 0.0, 2326.625
4186.23563170433, 0.0, 0.0, 2327.307
4188.235718488693, 0.0, 0.0, 2328.141
4190.235802412033, 0.0, 0.0, 2329.012
4192.235896348953, 0.0, 0.0, 2329.727
4194.236004829407, 0.0, 0.0, 2330.286
4196.236116886139, 0.0, 0.0, 2330.91
4198.236217737198, 0.0, 0.0, 2331.571
4200.236301183701, 0.0, 0.0, 2332.294
4202.236402511597, 0.0, 0.0, 2332.981
4204.236536741257, 0.0, 0.0, 2333.666
4206.236672639847, 0.0, 0.0, 2334.435
4208.236755132675, 0.0, 0.0, 2335.209
4210.2368993759155, 0.0, 0.0, 2336.107
4212.236986875534, 0.0, 0.0, 2336.918
4214.2370755672455, 0.0, 0.0, 2337.669
4216.237159013748, 0.0, 0.0, 2338.402
4218.237244606018, 0.0, 0.0, 2339.09
4220.237347841263, 0.0, 0.0, 2339.763
4222.237481594086, 0.0, 0.0, 2340.474
4224.237614631653, 0.0, 0.0, 2341.213
4226.237694263458, 0.0, 0.0, 2341.954
4228.237793684006, 0.0, 0.0, 2342.708
4230.237894535065, 0.0, 0.0, 2343.349
4232.237980127335, 0.0, 0.0, 2344.021
4234.238071918488, 0.0, 0.0, 2344.704
4236.238160610199, 0.0, 0.0, 2345.386
4238.238247871399, 0.0, 0.0, 2346.068
4240.238341808319, 0.0, 0.0, 2346.791
4242.238427877426, 0.0, 0.0, 2347.494
4244.23850941658, 0.0, 0.0, 2348.09
4246.238609790802, 0.0, 0.0, 2348.664
4248.238741159439, 0.0, 0.0, 2349.362
4250.238824605942, 0.0, 0.0, 2350.017
4252.238919496536, 0.0, 0.0, 2350.705
4254.239008903503, 0.0, 0.0, 2351.382
4256.2391448020935, 0.0, 0.0, 2352.007
4258.239245176315, 0.0, 0.0, 2352.551
4260.239377260208, 0.0, 0.0, 2353.123
4262.239462614059, 0.0, 0.0, 2353.718
4264.239608287811, 0.0, 0.0, 2354.45
4266.239698410034, 0.0, 0.0, 2355.102
4268.239805936813, 0.0, 0.0, 2355.729
4270.2399072647095, 0.0, 0.0, 2356.442
4272.240039825439, 0.0, 0.0, 2357.087
4274.240120410919, 0.0, 0.0, 2357.723
4276.240207672119, 0.0, 0.0, 2358.395
4278.240309715271, 0.0, 0.0, 2359.057
4280.24041223526, 0.0, 0.0, 2359.678
4282.24050784111, 0.0, 0.0, 2360.181
4284.240610599518, 0.0, 0.0, 2360.757
4286.24071264267, 0.0, 0.0, 2361.309
4288.240812063217, 0.0, 0.0, 2361.878
4290.240898370743, 0.0, 0.0, 2362.541
4292.241003036499, 0.0, 0.0, 2363.149
4294.2410843372345, 0.0, 0.0, 2363.75
4296.241175889969, 0.0, 0.0, 2364.378
4298.241307735443, 0.0, 0.0, 2365.09
4300.241408586502, 0.0, 0.0, 2365.746
4302.241508722305, 0.0, 0.0, 2366.38
4304.241593837738, 0.0, 0.0, 2366.979
4306.241683483124, 0.0, 0.0, 2367.536
4308.24179148674, 0.0, 0.0, 2368.021
4310.241888999939, 0.0, 0.0, 2368.503
4312.241974115372, 0.0, 0.0, 2368.946
4314.242117166519, 0.0, 0.0, 2369.396
4316.242202758789, 0.0, 0.0, 2369.893
4318.242307424545, 0.0, 0.0, 2370.473
4320.242411613464, 0.0, 0.0, 2371.017
4322.242511749268, 0.0, 0.0, 2371.551
4324.2426109313965, 0.0, 0.0, 2372.092
4326.242716550827, 0.0, 0.0, 2372.674
4328.242851018906, 0.0, 0.0, 2373.258
4330.242936134338, 0.0, 0.0, 2373.834
4332.243040800095, 0.0, 0.0, 2374.32
4334.243119955063, 0.0, 0.0, 2374.813
4336.243223428726, 0.0, 0.0, 2375.298
4338.243317604065, 0.0, 0.0, 2375.777
4340.243431568146, 0.0, 0.0, 2376.305
4342.243562698364, 0.0, 0.0, 2376.899
4344.243669748306, 0.0, 0.0, 2377.432
4346.243785858154, 0.0, 0.0, 2378.034
4348.243927240372, 0.0, 0.0, 2378.698
4350.24405169487, 0.0, 0.0, 2379.356
4352.244132041931, 0.0, 0.0, 2379.929
4354.244237422943, 0.0, 0.0, 2380.496
4356.244333744049, 0.0, 0.0, 2381.041
4358.24445104599, 0.0, 0.0, 2381.513
4360.244539737701, 0.0, 0.0, 2381.971
4362.244638681412, 0.0, 0.0, 2382.557
4364.24472284317, 0.0, 0.0, 2383.127
4366.244856834412, 0.0, 0.0, 2383.603
4368.2449543476105, 0.0, 0.0, 2384.064
4370.245036840439, 0.0, 0.0, 2384.485
4372.24511885643, 0.0, 0.0, 2384.968
4374.245218992233, 0.0, 0.0, 2385.383
4376.245323896408, 0.0, 0.0, 2385.855
4378.24542760849, 0.0, 0.0, 2386.256
4380.245525360107, 0.0, 0.0, 2386.698
4382.245625495911, 0.0, 0.0, 2387.159
4384.245706796646, 0.0, 0.0, 2387.665
4386.24578666687, 0.0, 0.0, 2388.181
4388.245865106583, 0.0, 0.0, 2388.711
4390.24596452713, 0.0, 0.0, 2389.185
4392.2460651397705, 0.0, 0.0, 2389.589
4394.246167898178, 0.0, 0.0, 2389.969
4396.2462682724, 0.0, 0.0, 2390.379
4398.246370792389, 0.0, 0.0, 2390.806
4400.246470689774, 0.0, 0.0, 2391.197
4402.246571063995, 0.0, 0.0, 2391.664
4404.246650218964, 0.0, 0.0, 2392.054
4406.246727705002, 0.0, 0.0, 2392.442
4408.24680018425, 0.0, 0.0, 2392.836
4410.246885061264, 0.0, 0.0, 2393.258
4412.246972322464, 0.0, 0.0, 2393.741
4414.247050523758, 0.0, 0.0, 2394.294
4416.247140645981, 0.0, 0.0, 2394.847
4418.2472224235535, 0.0, 0.0, 2395.334
4420.2473039627075, 0.0, 0.0, 2395.844
4422.247390508652, 0.0, 0.0, 2396.326
4424.247468948364, 0.0, 0.0, 2396.776
4426.2475690841675, 0.0, 0.0, 2397.241
4428.247645139694, 0.0, 0.0, 2397.576
4430.247727870941, 0.0, 0.0, 2397.889
4432.247825860977, 0.0, 0.0, 2398.274
4434.24792599678, 0.0, 0.0, 2398.643
4436.248027086258, 0.0, 0.0, 2399.094
4438.248130559921, 0.0, 0.0, 2399.592
4440.24823307991, 0.0, 0.0, 2400.197
4442.248323917389, 0.0, 0.0, 2400.641
4444.248410463333, 0.0, 0.0, 2401.0
4446.248491287231, 0.0, 0.0, 2401.302
4448.248589754105, 0.0, 0.0, 2401.677
4450.248687982559, 0.0, 0.0, 2402.042
4452.248772859573, 0.0, 0.0, 2402.446
4454.2488532066345, 0.0, 0.0, 2402.824
4456.248938798904, 0.0, 0.0, 2403.196
4458.249018192291, 0.0, 0.0, 2403.616
4460.2491137981415, 0.0, 0.0, 2404.015
4462.249199390411, 0.0, 0.0, 2404.448
4464.249283075333, 0.0, 0.0, 2404.91
4466.249386072159, 0.0, 0.0, 2405.404
4468.24946975708, 0.0, 0.0, 2405.825
4470.249570608139, 0.0, 0.0, 2406.204
4472.249675512314, 0.0, 0.0, 2406.559
4474.2498207092285, 0.0, 0.0, 2406.936
4476.2499215602875, 0.0, 0.0, 2407.319
4478.250025987625, 0.0, 0.0, 2407.637
4480.250128746033, 0.0, 0.0, 2407.953
4482.250228643417, 0.0, 0.0, 2408.288
4484.250330209732, 0.0, 0.0, 2408.733
4486.250414133072, 0.0, 0.0, 2409.176
4488.250550985336, 0.0, 0.0, 2409.557
4490.250686645508, 0.0, 0.0, 2409.988
4492.250794649124, 0.0, 0.0, 2410.414
4494.250876903534, 0.0, 0.0, 2410.843
4496.250959157944, 0.0, 0.0, 2411.314
4498.251050710678, 0.0, 0.0, 2411.731
4500.251186847687, 0.0, 0.0, 2412.162
4502.251287937164, 0.0, 0.0, 2412.599
4504.251391887665, 0.0, 0.0, 2413.07
4506.251524448395, 0.0, 0.0, 2413.573
4508.251625061035, 0.0, 0.0, 2414.072
4510.251705408096, 0.0, 0.0, 2414.556
4512.251792192459, 0.0, 0.0, 2414.992
4514.251870632172, 0.0, 0.0, 2415.446
4516.251955270767, 0.0, 0.0, 2415.81
4518.252038478851, 0.0, 0.0, 2416.14
4520.252120256424, 0.0, 0.0, 2416.474
4522.252206802368, 0.0, 0.0, 2416.827
4524.252289533615, 0.0, 0.0, 2417.152
4526.2523901462555, 0.0, 0.0, 2417.448
4528.252492427826, 0.0, 0.0, 2417.759
4530.252593040466, 0.0, 0.0, 2418.051
4532.252675533295, 0.0, 0.0, 2418.333
4534.252781629562, 0.0, 0.0, 2418.673
4536.252883672714, 0.0, 0.0, 2419.009
4538.252986907959, 0.0, 0.0, 2419.33
4540.253116607666, 0.0, 0.0, 2419.647
4542.2531979084015, 0.0, 0.0, 2419.878
4544.253278493881, 0.0, 0.0, 2420.169
4546.253360033035, 0.0, 0.0, 2420.445
4548.253479480743, 0.0, 0.0, 2420.791
4550.2535672187805, 0.0, 0.0, 2421.122
4552.253666162491, 0.0, 0.0, 2421.516
4554.253771305084, 0.0, 0.0, 2421.89
4556.253913164139, 0.0, 0.0, 2422.371
4558.254010677338, 0.0, 0.0, 2422.862
4560.254114627838, 0.0, 0.0, 2423.234
4562.254197359085, 0.0, 0.0, 2423.518
4564.254297494888, 0.0, 0.0, 2423.903
4566.2544021606445, 0.0, 0.0, 2424.203
4568.254502534866, 0.0, 0.0, 2424.535
4570.254603862762, 0.0, 0.0, 2424.854
4572.2547488212585, 0.0, 0.0, 2425.179
4574.254878520966, 0.0, 0.0, 2425.541
4576.254969596863, 0.0, 0.0, 2425.867
4578.2550573349, 0.0, 0.0, 2426.157
4580.255159854889, 0.0, 0.0, 2426.595
4582.255250930786, 0.0, 0.0, 2426.904
4584.255351781845, 0.0, 0.0, 2427.164
4586.255485534668, 0.0, 0.0, 2427.482
4588.255585193634, 0.0, 0.0, 2427.799
4590.255679607391, 0.0, 0.0, 2428.085
4592.255788326263, 0.0, 0.0, 2428.366
4594.255880117416, 0.0, 0.0, 2428.676
4596.255981683731, 0.0, 0.0, 2428.981
4598.256068229675, 0.0, 0.0, 2429.227
4600.256155967712, 0.0, 0.0, 2429.485
4602.2562437057495, 0.0, 0.0, 2429.774
4604.256327629089, 0.0, 0.0, 2430.171
4606.2564561367035, 0.0, 0.0, 2430.594
4608.256558179855, 0.0, 0.0, 2431.002
4610.256659269333, 0.0, 0.0, 2431.313
4612.256760120392, 0.0, 0.0, 2431.545
4614.256895542145, 0.0, 0.0, 2431.887
4616.257027626038, 0.0, 0.0, 2432.226
4618.257129192352, 0.0, 0.0, 2432.546
4620.25723028183, 0.0, 0.0, 2432.866
4622.257311105728, 0.0, 0.0, 2433.154
4624.257393836975, 0.0, 0.0, 2433.485
4626.257525682449, 0.0, 0.0, 2433.728
4628.257619857788, 0.0, 0.0, 2434.005
4630.257717847824, 0.0, 0.0, 2434.237
4632.257806301117, 0.0, 0.0, 2434.519
4634.257911682129, 0.0, 0.0, 2434.842
4636.258001327515, 0.0, 0.0, 2435.171
4638.258087396622, 0.0, 0.0, 2435.462
4640.258193016052, 0.0, 0.0, 2435.798
4642.2583265304565, 0.0, 0.0, 2436.181
4644.258427619934, 0.0, 0.0, 2436.586
4646.258507728577, 0.0, 0.0, 2437.027
4648.2586097717285, 0.0, 0.0, 2437.37
4650.258714675903, 0.0, 0.0, 2437.629
4652.258857965469, 0.0, 0.0, 2437.902
4654.258938550949, 0.0, 0.0, 2438.154
4656.259028911591, 0.0, 0.0, 2438.377
4658.259161472321, 0.0, 0.0, 2438.61
4660.25926399231, 0.0, 0.0, 2438.896
4662.2593586444855, 0.0, 0.0, 2439.174
4664.2594435215, 0.0, 0.0, 2439.435
4666.2595291137695, 0.0, 0.0, 2439.685
4668.2596135139465, 0.0, 0.0, 2440.006
4670.259695291519, 0.0, 0.0, 2440.339
4672.259797334671, 0.0, 0.0, 2440.697
4674.259881258011, 0.0, 0.0, 2441.095
4676.259974718094, 0.0, 0.0, 2441.427
4678.260078191757, 0.0, 0.0, 2441.706
4680.260183095932, 0.0, 0.0, 2441.944
4682.260311603546, 0.0, 0.0, 2442.169
4684.260445356369, 0.0, 0.0, 2442.401
4686.260548353195, 0.0, 0.0, 2442.656
4688.260649681091, 0.0, 0.0, 2442.945
4690.260792970657, 0.0, 0.0, 2443.195
4692.260891675949, 0.0, 0.0, 2443.493
4694.26097202301, 0.0, 0.0, 2443.771
4696.261074066162, 0.0, 0.0, 2443.979
4698.261157751083, 0.0, 0.0, 2444.244
4700.2612380981445, 0.0, 0.0, 2444.552
4702.261340379715, 0.0, 0.0, 2444.836
4704.261440992355, 0.0, 0.0, 2445.107
4706.261571645737, 0.0, 0.0, 2445.416
4708.261672735214, 0.0, 0.0, 2445.686
4710.2617819309235, 0.0, 0.0, 2445.945
4712.2618815898895, 0.0, 0.0, 2446.22
4714.261983156204, 0.0, 0.0, 2446.461
4716.262078762054, 0.0, 0.0, 2446.76
4718.262176036835, 0.0, 0.0, 2447.09
4720.262276649475, 0.0, 0.0, 2447.397
4722.262372016907, 0.0, 0.0, 2447.667
4724.262459039688, 0.0, 0.0, 2448.001
4726.2625432014465, 0.0, 0.0, 2448.342
4728.262626886368, 0.0, 0.0, 2448.656
4730.262710809708, 0.0, 0.0, 2448.938
4732.262846946716, 0.0, 0.0, 2449.198
4734.26294875145, 0.0, 0.0, 2449.467
4736.263048171997, 0.0, 0.0, 2449.726
4738.2631323337555, 0.0, 0.0, 2450.014
4740.263268709183, 0.0, 0.0, 2450.289
4742.263354539871, 0.0, 0.0, 2450.605
4744.26344537735, 0.0, 0.0, 2450.853
4746.2635333538055, 0.0, 0.0, 2451.159
4748.263636350632, 0.0, 0.0, 2451.461
4750.2637276649475, 0.0, 0.0, 2451.659
4752.2638120651245, 0.0, 0.0, 2451.911
4754.26389670372, 0.0, 0.0, 2452.138
4756.2639791965485, 0.0, 0.0, 2452.319
4758.264072418213, 0.0, 0.0, 2452.563
4760.26415848732, 0.0, 0.0, 2452.806
4762.264291763306, 0.0, 0.0, 2453.008
4764.26439166069, 0.0, 0.0, 2453.237
4766.264474868774, 0.0, 0.0, 2453.392
4768.264552354813, 0.0, 0.0, 2453.641
4770.264652013779, 0.0, 0.0, 2453.832
4772.26473402977, 0.0, 0.0, 2454.013
4774.264811038971, 0.0, 0.0, 2454.255
4776.264897823334, 0.0, 0.0, 2454.586
4778.26499915123, 0.0, 0.0, 2454.807
4780.265075683594, 0.0, 0.0, 2455.093
4782.265209674835, 0.0, 0.0, 2455.308
4784.265301942825, 0.0, 0.0, 2455.549
4786.265384435654, 0.0, 0.0, 2455.84
4788.265466451645, 0.0, 0.0, 2456.122
4790.265547037125, 0.0, 0.0, 2456.413
4792.265694618225, 0.0, 0.0, 2456.669
4794.265790462494, 0.0, 0.0, 2456.94
4796.26588344574, 0.0, 0.0, 2457.222
4798.26598739624, 0.0, 0.0, 2457.515
4800.266094207764, 0.0, 0.0, 2457.8
4802.266197919846, 0.0, 0.0, 2458.099
4804.266299962997, 0.0, 0.0, 2458.389
4806.266403198242, 0.0, 0.0, 2458.68
4808.266504764557, 0.0, 0.0, 2458.948
4810.266605615616, 0.0, 0.0, 2459.273
4812.266694784164, 0.0, 0.0, 2459.605
4814.266789197922, 0.0, 0.0, 2459.818
4816.266926527023, 0.0, 0.0, 2459.99
4818.267060995102, 0.0, 0.0, 2460.198
4820.267142772675, 0.0, 0.0, 2460.378
4822.267223596573, 0.0, 0.0, 2460.631
4824.267329216003, 0.0, 0.0, 2460.836
4826.267417669296, 0.0, 0.0, 2461.078
4828.267547607422, 0.0, 0.0, 2461.341
4830.267648696899, 0.0, 0.0, 2461.62
4832.2677319049835, 0.0, 0.0, 2461.88
4834.267821550369, 0.0, 0.0, 2462.101
4836.267921924591, 0.0, 0.0, 2462.295
4838.268002510071, 0.0, 0.0, 2462.554
4840.268086194992, 0.0, 0.0, 2462.736
4842.268222093582, 0.0, 0.0, 2462.903
4844.268322944641, 0.0, 0.0, 2463.103
4846.268424510956, 0.0, 0.0, 2463.312
4848.268524169922, 0.0, 0.0, 2463.495
4850.26860332489, 0.0, 0.0, 2463.76
4852.26868224144, 0.0, 0.0, 2463.971
4854.268784284592, 0.0, 0.0, 2464.176
4856.268883943558, 0.0, 0.0, 2464.378
4858.268983840942, 0.0, 0.0, 2464.696
4860.269081830978, 0.0, 0.0, 2464.993
4862.2691650390625, 0.0, 0.0, 2465.258
4864.269268274307, 0.0, 0.0, 2465.528
4866.269353628159, 0.0, 0.0, 2465.883
4868.269444465637, 0.0, 0.0, 2466.138
4870.269527673721, 0.0, 0.0, 2466.388
4872.2696278095245, 0.0, 0.0, 2466.72
4874.269732713699, 0.0, 0.0, 2466.875
4876.269864797592, 0.0, 0.0, 2467.058
4878.269991636276, 0.0, 0.0, 2467.262
4880.270092725754, 0.0, 0.0, 2467.506
4882.270174980164, 0.0, 0.0, 2467.685
4884.270286083221, 0.0, 0.0, 2467.829
4886.27042889595, 0.0, 0.0, 2467.996
4888.270532608032, 0.0, 0.0, 2468.225
4890.27067732811, 0.0, 0.0, 2468.437
4892.270794391632, 0.0, 0.0, 2468.693
4894.27089381218, 0.0, 0.0, 2468.96
4896.270980596542, 0.0, 0.0, 2469.199
4898.271082639694, 0.0, 0.0, 2469.441
4900.271180152893, 0.0, 0.0, 2469.712
4902.271280050278, 0.0, 0.0, 2469.94
4904.271368741989, 0.0, 0.0, 2470.153
4906.27145075798, 0.0, 0.0, 2470.343
4908.271551847458, 0.0, 0.0, 2470.547
4910.271655797958, 0.0, 0.0, 2470.733
4912.271794080734, 0.0, 0.0, 2470.959
4914.271894693375, 0.0, 0.0, 2471.217
4916.2719802856445, 0.0, 0.0, 2471.424
4918.272124528885, 0.0, 0.0, 2471.737
4920.272257089615, 0.0, 0.0, 2471.979
4922.272394180298, 0.0, 0.0, 2472.189
4924.272495746613, 0.0, 0.0, 2472.467
4926.272597551346, 0.0, 0.0, 2472.699
4928.272700786591, 0.0, 0.0, 2472.98
4930.272803544998, 0.0, 0.0, 2473.237
4932.272888660431, 0.0, 0.0, 2473.461
4934.272977113724, 0.0, 0.0, 2473.692
4936.273060798645, 0.0, 0.0, 2473.915
4938.273162841797, 0.0, 0.0, 2474.149
4940.273266077042, 0.0, 0.0, 2474.371
4942.273375988007, 0.0, 0.0, 2474.596
4944.27348446846, 0.0, 0.0, 2474.823
4946.273585319519, 0.0, 0.0, 2475.086
4948.2736876010895, 0.0, 0.0, 2475.354
4950.273771047592, 0.0, 0.0, 2475.549
4952.273873806, 0.0, 0.0, 2475.752
4954.273967266083, 0.0, 0.0, 2475.939
4956.274051904678, 0.0, 0.0, 2476.134
4958.274157047272, 0.0, 0.0, 2476.277
4960.274247169495, 0.0, 0.0, 2476.469
4962.274338960648, 0.0, 0.0, 2476.659
4964.274471998215, 0.0, 0.0, 2476.884
4966.274574518204, 0.0, 0.0, 2477.04
4968.27467250824, 0.0, 0.0, 2477.212
4970.274787664413, 0.0, 0.0, 2477.371
4972.274885416031, 0.0, 0.0, 2477.56
4974.274966478348, 0.0, 0.0, 2477.749
4976.2750685215, 0.0, 0.0, 2477.964
4978.275168657303, 0.0, 0.0, 2478.209
4980.275268793106, 0.0, 0.0, 2478.463
4982.2753710746765, 0.0, 0.0, 2478.701
4984.275468826294, 0.0, 0.0, 2478.846
4986.275574684143, 0.0, 0.0, 2479.052
4988.275678634644, 0.0, 0.0, 2479.258
4990.2757794857025, 0.0, 0.0, 2479.48
4992.275876998901, 0.0, 0.0, 2479.709
4994.275984287262, 0.0, 0.0, 2479.917
4996.276087760925, 0.0, 0.0, 2480.026
4998.276170730591, 0.0, 0.0, 2480.249
5000.276255130768, 0.0, 0.0, 2480.385
5002.276340723038, 0.0, 0.0, 2480.551
5004.2764229774475, 0.0, 0.0, 2480.699
5006.276500463486, 0.0, 0.0, 2480.924
5008.27660036087, 0.0, 0.0, 2481.141
5010.276688575745, 0.0, 0.0, 2481.3
5012.2767741680145, 0.0, 0.0, 2481.495
5014.276875734329, 0.0, 0.0, 2481.689
5016.2769775390625, 0.0, 0.0, 2481.896
5018.27706360817, 0.0, 0.0, 2482.128
5020.2771673202515, 0.0, 0.0, 2482.295
5022.277299404144, 0.0, 0.0, 2482.445
5024.2774310112, 0.0, 0.0, 2482.612
5026.277514696121, 0.0, 0.0, 2482.778
5028.277616262436, 0.0, 0.0, 2483.018
5030.277716398239, 0.0, 0.0, 2483.242
5032.277855157852, 0.0, 0.0, 2483.475
5034.277990818024, 0.0, 0.0, 2483.661
5036.278071165085, 0.0, 0.0, 2483.864
5038.278173923492, 0.0, 0.0, 2484.092
5040.278273105621, 0.0, 0.0, 2484.32
5042.278373003006, 0.0, 0.0, 2484.58
5044.278472900391, 0.0, 0.0, 2484.792
5046.27857375145, 0.0, 0.0, 2484.976
5048.278672456741, 0.0, 0.0, 2485.205
5050.278786659241, 0.0, 0.0, 2485.411
5052.278887271881, 0.0, 0.0, 2485.575
5054.278989315033, 0.0, 0.0, 2485.786
5056.2790694236755, 0.0, 0.0, 2485.981
5058.279170036316, 0.0, 0.0, 2486.148
5060.279271841049, 0.0, 0.0, 2486.351
5062.279373168945, 0.0, 0.0, 2486.556
5064.27947306633, 0.0, 0.0, 2486.719
5066.279573917389, 0.0, 0.0, 2486.936
5068.279675722122, 0.0, 0.0, 2487.116
5070.279778718948, 0.0, 0.0, 2487.317
5072.2798807621, 0.0, 0.0, 2487.506
5074.279980659485, 0.0, 0.0, 2487.648
5076.280079603195, 0.0, 0.0, 2487.817
5078.280213594437, 0.0, 0.0, 2487.955
5080.280349731445, 0.0, 0.0, 2488.072
5082.280449390411, 0.0, 0.0, 2488.279
5084.280548095703, 0.0, 0.0, 2488.519
5086.280647277832, 0.0, 0.0, 2488.683
5088.280748844147, 0.0, 0.0, 2488.894
5090.28084731102, 0.0, 0.0, 2489.131
5092.280953407288, 0.0, 0.0, 2489.378
5094.281086444855, 0.0, 0.0, 2489.611
5096.281204223633, 0.0, 0.0, 2489.821
5098.28130698204, 0.0, 0.0, 2490.002
5100.281406879425, 0.0, 0.0, 2490.174
5102.281509876251, 0.0, 0.0, 2490.371
5104.281609535217, 0.0, 0.0, 2490.565
5106.281710147858, 0.0, 0.0, 2490.804
5108.281810998917, 0.0, 0.0, 2490.997
5110.281908035278, 0.0, 0.0, 2491.18
5112.282002687454, 0.0, 0.0, 2491.401
5114.282101392746, 0.0, 0.0, 2491.537
5116.282198190689, 0.0, 0.0, 2491.731
5118.282298564911, 0.0, 0.0, 2491.875
5120.282400131226, 0.0, 0.0, 2492.017
5122.282500267029, 0.0, 0.0, 2492.118
5124.282591104507, 0.0, 0.0, 2492.269
5126.282688617706, 0.0, 0.0, 2492.391
5128.282796621323, 0.0, 0.0, 2492.562
5130.282900571823, 0.0, 0.0, 2492.758
5132.283003091812, 0.0, 0.0, 2493.01
5134.283101320267, 0.0, 0.0, 2493.145
5136.283195257187, 0.0, 0.0, 2493.319
5138.283309459686, 0.0, 0.0, 2493.517
5140.283409118652, 0.0, 0.0, 2493.741
5142.28351855278, 0.0, 0.0, 2493.907
5144.283645153046, 0.0, 0.0, 2494.062
5146.2837455272675, 0.0, 0.0, 2494.225
5148.283850908279, 0.0, 0.0, 2494.401
5150.2839550971985, 0.0, 0.0, 2494.585
5152.284055233002, 0.0, 0.0, 2494.765
5154.284188270569, 0.0, 0.0, 2494.945
5156.284291505814, 0.0, 0.0, 2495.119
5158.28439617157, 0.0, 0.0, 2495.257
5160.284497976303, 0.0, 0.0, 2495.469
5162.284601449966, 0.0, 0.0, 2495.655
5164.284703731537, 0.0, 0.0, 2495.831
5166.284789562225, 0.0, 0.0, 2495.972
5168.2848863601685, 0.0, 0.0, 2496.158
5170.284996986389, 0.0, 0.0, 2496.35
5172.285084247589, 0.0, 0.0, 2496.528
5174.285182714462, 0.0, 0.0, 2496.685
5176.285273313522, 0.0, 0.0, 2496.847
5178.285357475281, 0.0, 0.0, 2496.985
5180.285438537598, 0.0, 0.0, 2497.181
5182.285533428192, 0.0, 0.0, 2497.389
5184.285666942596, 0.0, 0.0, 2497.623
5186.285755395889, 0.0, 0.0, 2497.87
5188.285848140717, 0.0, 0.0, 2498.095
5190.285928964615, 0.0, 0.0, 2498.284
5192.286029100418, 0.0, 0.0, 2498.494
5194.286118984222, 0.0, 0.0, 2498.656
5196.286210298538, 0.0, 0.0, 2498.847
5198.286294460297, 0.0, 0.0, 2499.002
5200.2863829135895, 0.0, 0.0, 2499.123
5202.2864899635315, 0.0, 0.0, 2499.264
5204.286572694778, 0.0, 0.0, 2499.359
5206.286677122116, 0.0, 0.0, 2499.545
5208.28683757782, 0.0, 0.0, 2499.689
5210.28692150116, 0.0, 0.0, 2499.827
5212.287027359009, 0.0, 0.0, 2499.99
5214.287163257599, 0.0, 0.0, 2500.205
5216.28724694252, 0.0, 0.0, 2500.386
5218.287394762039, 0.0, 0.0, 2500.61
5220.287495136261, 0.0, 0.0, 2500.834
5222.287591218948, 0.0, 0.0, 2501.004
5224.287672042847, 0.0, 0.0, 2501.223
5226.28777551651, 0.0, 0.0, 2501.413
5228.287880420685, 0.0, 0.0, 2501.606
5230.28799533844, 0.0, 0.0, 2501.792
5232.288131475449, 0.0, 0.0, 2501.957
5234.288265943527, 0.0, 0.0, 2502.156
5236.288401126862, 0.0, 0.0, 2502.324
5238.288496732712, 0.0, 0.0, 2502.502
5240.288607120514, 0.0, 0.0, 2502.647
5242.28870177269, 0.0, 0.0, 2502.83
5244.2888007164, 0.0, 0.0, 2502.964
5246.288888454437, 0.0, 0.0, 2503.153
5248.288979768753, 0.0, 0.0, 2503.295
5250.289083003998, 0.0, 0.0, 2503.453
5252.28916144371, 0.0, 0.0, 2503.652
5254.289266109467, 0.0, 0.0, 2503.82
5256.289352178574, 0.0, 0.0, 2503.993
5258.289482355118, 0.0, 0.0, 2504.166
5260.289613485336, 0.0, 0.0, 2504.323
5262.289755582809, 0.0, 0.0, 2504.492
5264.289858341217, 0.0, 0.0, 2504.634
5266.2899878025055, 0.0, 0.0, 2504.83
5268.290080547333, 0.0, 0.0, 2504.991
5270.290182590485, 0.0, 0.0, 2505.112
5272.290282487869, 0.0, 0.0, 2505.247
5274.290392398834, 0.0, 0.0, 2505.373
5276.290494680405, 0.0, 0.0, 2505.488
5278.290594816208, 0.0, 0.0, 2505.613
5280.290695905685, 0.0, 0.0, 2505.758
5282.290832042694, 0.0, 0.0, 2505.926
5284.290915966034, 0.0, 0.0, 2506.094
5286.291019201279, 0.0, 0.0, 2506.198
5288.291103363037, 0.0, 0.0, 2506.364
5290.291239500046, 0.0, 0.0, 2506.468
5292.291348457336, 0.0, 0.0, 2506.628
5294.291446208954, 0.0, 0.0, 2506.785
5296.291536569595, 0.0, 0.0, 2506.895
5298.291627168655, 0.0, 0.0, 2507.031
5300.291763544083, 0.0, 0.0, 2507.215
5302.29185461998, 0.0, 0.0, 2507.414
5304.2919890880585, 0.0, 0.0, 2507.6
5306.292088985443, 0.0, 0.0, 2507.802
5308.292180299759, 0.0, 0.0, 2507.983
5310.292279958725, 0.0, 0.0, 2508.12
5312.292370557785, 0.0, 0.0, 2508.323
5314.292448997498, 0.0, 0.0, 2508.495
5316.292548656464, 0.0, 0.0, 2508.631
5318.292645931244, 0.0, 0.0, 2508.789
5320.292739868164, 0.0, 0.0, 2508.991
5322.292841672897, 0.0, 0.0, 2509.149
5324.292935848236, 0.0, 0.0, 2509.323
5326.293036699295, 0.0, 0.0, 2509.428
5328.293130874634, 0.0, 0.0, 2509.595
5330.293235063553, 0.0, 0.0, 2509.785
5332.293322086334, 0.0, 0.0, 2509.942
5334.29340338707, 0.0, 0.0, 2510.075
5336.293484210968, 0.0, 0.0, 2510.253
5338.293582201004, 0.0, 0.0, 2510.36
5340.293661117554, 0.0, 0.0, 2510.488
5342.293761014938, 0.0, 0.0, 2510.612
5344.293859243393, 0.0, 0.0, 2510.752
5346.2939484119415, 0.0, 0.0, 2510.892
5348.294028997421, 0.0, 0.0, 2510.978
5350.294125080109, 0.0, 0.0, 2511.099
5352.294221401215, 0.0, 0.0, 2511.243
5354.294316768646, 0.0, 0.0, 2511.395
5356.294449567795, 0.0, 0.0, 2511.545
5358.294585466385, 0.0, 0.0, 2511.708
5360.294666051865, 0.0, 0.0, 2511.83
5362.294769287109, 0.0, 0.0, 2511.98
5364.2948677539825, 0.0, 0.0, 2512.098
5366.294951915741, 0.0, 0.0, 2512.224
5368.295038938522, 0.0, 0.0, 2512.4
5370.295121431351, 0.0, 0.0, 2512.538
5372.295256137848, 0.0, 0.0, 2512.695
5374.295343875885, 0.0, 0.0, 2512.82
5376.295444726944, 0.0, 0.0, 2512.993
5378.295545339584, 0.0, 0.0, 2513.121
5380.295644283295, 0.0, 0.0, 2513.238
5382.295746088028, 0.0, 0.0, 2513.353
5384.295845985413, 0.0, 0.0, 2513.523
5386.295943498611, 0.0, 0.0, 2513.699
5388.296047449112, 0.0, 0.0, 2513.84
5390.2961485385895, 0.0, 0.0, 2514.013
5392.296248674393, 0.0, 0.0, 2514.169
5394.2963490486145, 0.0, 0.0, 2514.306
5396.296448707581, 0.0, 0.0, 2514.43
5398.296538352966, 0.0, 0.0, 2514.54
5400.296625614166, 0.0, 0.0, 2514.699
5402.296713590622, 0.0, 0.0, 2514.804
5404.296815872192, 0.0, 0.0, 2514.912
5406.296907663345, 0.0, 0.0, 2515.04
5408.296990156174, 0.0, 0.0, 2515.196
5410.297076702118, 0.0, 0.0, 2515.392
5412.297184467316, 0.0, 0.0, 2515.513
5414.297280073166, 0.0, 0.0, 2515.653
5416.297372817993, 0.0, 0.0, 2515.786
5418.297456502914, 0.0, 0.0, 2515.943
5420.297560453415, 0.0, 0.0, 2516.119
5422.297666549683, 0.0, 0.0, 2516.331
5424.29780292511, 0.0, 0.0, 2516.55
5426.297921657562, 0.0, 0.0, 2516.614
5428.298014640808, 0.0, 0.0, 2516.736
5430.298114776611, 0.0, 0.0, 2517.021
5432.298212766647, 0.0, 0.0, 2517.208
5434.298312902451, 0.0, 0.0, 2517.317
5436.2984075546265, 0.0, 0.0, 2517.474
5438.29848408699, 0.0, 0.0, 2517.624
5440.2985763549805, 0.0, 0.0, 2517.738
5442.298661708832, 0.0, 0.0, 2517.895
5444.298747777939, 0.0, 0.0, 2518.063
5446.298826932907, 0.0, 0.0, 2518.14
5448.2989153862, 0.0, 0.0, 2518.236
5450.299004793167, 0.0, 0.0, 2518.356
5452.299098730087, 0.0, 0.0, 2518.52
5454.299218416214, 0.0, 0.0, 2518.63
5456.29932308197, 0.0, 0.0, 2518.798
5458.2994129657745, 0.0, 0.0, 2518.922
5460.299549102783, 0.0, 0.0, 2519.075
5462.299650430679, 0.0, 0.0, 2519.225
5464.299731016159, 0.0, 0.0, 2519.344
5466.299866914749, 0.0, 0.0, 2519.506
5468.300004482269, 0.0, 0.0, 2519.6
5470.300138950348, 0.0, 0.0, 2519.773
5472.3002846241, 0.0, 0.0, 2519.904
5474.300378322601, 0.0, 0.0, 2520.032
5476.300482273102, 0.0, 0.0, 2520.136
5478.300611972809, 0.0, 0.0, 2520.259
5480.300724029541, 0.0, 0.0, 2520.373
5482.300817012787, 0.0, 0.0, 2520.524
5484.300917387009, 0.0, 0.0, 2520.684
5486.30100274086, 0.0, 0.0, 2520.817
5488.30109500885, 0.0, 0.0, 2520.927
5490.301244020462, 0.0, 0.0, 2521.082
5492.301369905472, 0.0, 0.0, 2521.235
5494.301472187042, 0.0, 0.0, 2521.393
5496.301574707031, 0.0, 0.0, 2521.495
5498.301672935486, 0.0, 0.0, 2521.599
5500.301778554916, 0.0, 0.0, 2521.731
5502.301878929138, 0.0, 0.0, 2521.865
5504.30197429657, 0.0, 0.0, 2521.997
5506.302073478699, 0.0, 0.0, 2522.164
5508.302162408829, 0.0, 0.0, 2522.306
5510.3022565841675, 0.0, 0.0, 2522.436
5512.302346229553, 0.0, 0.0, 2522.547
5514.30243229866, 0.0, 0.0, 2522.757
5516.3025443553925, 0.0, 0.0, 2522.937
5518.302649259567, 0.0, 0.0, 2523.13
5520.302733659744, 0.0, 0.0, 2523.268
5522.302813053131, 0.0, 0.0, 2523.357
5524.30292057991, 0.0, 0.0, 2523.476
5526.303026914597, 0.0, 0.0, 2523.568
5528.303163528442, 0.0, 0.0, 2523.703
5530.303277730942, 0.0, 0.0, 2523.771
5532.303379058838, 0.0, 0.0, 2523.867
5534.303521156311, 0.0, 0.0, 2523.993
5536.303623199463, 0.0, 0.0, 2524.106
5538.303713560104, 0.0, 0.0, 2524.222
5540.303813695908, 0.0, 0.0, 2524.336
5542.303919792175, 0.0, 0.0, 2524.418
5544.304027795792, 0.0, 0.0, 2524.548
5546.304115533829, 0.0, 0.0, 2524.702
5548.304225206375, 0.0, 0.0, 2524.819
5550.3043603897095, 0.0, 0.0, 2524.927
5552.304472208023, 0.0, 0.0, 2525.087
5554.304562807083, 0.0, 0.0, 2525.198
5556.304666519165, 0.0, 0.0, 2525.292
5558.304771184921, 0.0, 0.0, 2525.384
5560.304874181747, 0.0, 0.0, 2525.494
5562.304994106293, 0.0, 0.0, 2525.644
5564.305082559586, 0.0, 0.0, 2525.77
5566.30518245697, 0.0, 0.0, 2525.912
5568.3052661418915, 0.0, 0.0, 2526.027
5570.305403470993, 0.0, 0.0, 2526.146
5572.305499076843, 0.0, 0.0, 2526.28
5574.305603265762, 0.0, 0.0, 2526.419
5576.305737018585, 0.0, 0.0, 2526.552
5578.305840730667, 0.0, 0.0, 2526.678
5580.305945396423, 0.0, 0.0, 2526.777
5582.306039094925, 0.0, 0.0, 2526.914
5584.306142568588, 0.0, 0.0, 2527.058
5586.306242227554, 0.0, 0.0, 2527.174
5588.306347846985, 0.0, 0.0, 2527.294
5590.306432247162, 0.0, 0.0, 2527.371
5592.306528806686, 0.0, 0.0, 2527.527
5594.306613206863, 0.0, 0.0, 2527.626
5596.306704521179, 0.0, 0.0, 2527.751
5598.306843280792, 0.0, 0.0, 2527.895
5600.30693769455, 0.0, 0.0, 2528.033
5602.307065010071, 0.0, 0.0, 2528.128
5604.307167768478, 0.0, 0.0, 2528.304
5606.307258605957, 0.0, 0.0, 2528.388
5608.307354211807, 0.0, 0.0, 2528.493
5610.30744934082, 0.0, 0.0, 2528.615
5612.307530641556, 0.0, 0.0, 2528.738
5614.307635068893, 0.0, 0.0, 2528.9
5616.307735681534, 0.0, 0.0, 2528.964
5618.3078353405, 0.0, 0.0, 2529.104
5620.307968139648, 0.0, 0.0, 2529.231
5622.3081040382385, 0.0, 0.0, 2529.369
5624.308211565018, 0.0, 0.0, 2529.523
5626.308354139328, 0.0, 0.0, 2529.598
5628.308458566666, 0.0, 0.0, 2529.693
5630.308593034744, 0.0, 0.0, 2529.766
5632.308675527573, 0.0, 0.0, 2529.847
5634.308780431747, 0.0, 0.0, 2529.936
5636.308885574341, 0.0, 0.0, 2530.06
5638.308973312378, 0.0, 0.0, 2530.129
5640.309074640274, 0.0, 0.0, 2530.232
5642.309160232544, 0.0, 0.0, 2530.381
5644.309265136719, 0.0, 0.0, 2530.482
5646.309356927872, 0.0, 0.0, 2530.604
5648.309440612793, 0.0, 0.0, 2530.733
5650.309542894363, 0.0, 0.0, 2530.876
5652.309645175934, 0.0, 0.0, 2530.942
5654.30974817276, 0.0, 0.0, 2531.123
5656.309847354889, 0.0, 0.0, 2531.218
5658.309929609299, 0.0, 0.0, 2531.356
5660.310021877289, 0.0, 0.0, 2531.491
5662.310116052628, 0.0, 0.0, 2531.621
5664.3102152347565, 0.0, 0.0, 2531.765
5666.310348272324, 0.0, 0.0, 2531.856
5668.3104412555695, 0.0, 0.0, 2532.024
5670.310581207275, 0.0, 0.0, 2532.157
5672.310672521591, 0.0, 0.0, 2532.294
5674.310759544373, 0.0, 0.0, 2532.439
5676.31086063385, 0.0, 0.0, 2532.58
5678.3109629154205, 0.0, 0.0, 2532.745
5680.311064004898, 0.0, 0.0, 2532.915
5682.311147212982, 0.0, 0.0, 2532.972
5684.311231136322, 0.0, 0.0, 2533.105
5686.311310768127, 0.0, 0.0, 2533.233
5688.311412096024, 0.0, 0.0, 2533.329
5690.311497449875, 0.0, 0.0, 2533.423
5692.311598777771, 0.0, 0.0, 2533.539
5694.311700105667, 0.0, 0.0, 2533.658
5696.311799764633, 0.0, 0.0, 2533.821
5698.311901092529, 0.0, 0.0, 2533.979
5700.312000751495, 0.0, 0.0, 2534.069
5702.3120810985565, 0.0, 0.0, 2534.16
5704.312174081802, 0.0, 0.0, 2534.28
5706.312276601791, 0.0, 0.0, 2534.38
5708.31237745285, 0.0, 0.0, 2534.486
5710.312463760376, 0.0, 0.0, 2534.598
5712.312563657761, 0.0, 0.0, 2534.696
5714.312658071518, 0.0, 0.0, 2534.836
5716.312761545181, 0.0, 0.0, 2534.975
5718.3129053115845, 0.0, 0.0, 2535.083
5720.313261985779, 0.0, 0.0, 2535.21
5722.313351631165, 0.0, 0.0, 2535.281
5724.313455581665, 0.0, 0.0, 2535.38
5726.3135459423065, 0.0, 0.0, 2535.524
5728.313644886017, 0.0, 0.0, 2535.599
5730.313745975494, 0.0, 0.0, 2535.698
5732.313843011856, 0.0, 0.0, 2535.774
5734.313946008682, 0.0, 0.0, 2535.913
5736.314045667648, 0.0, 0.0, 2536.017
5738.3141531944275, 0.0, 0.0, 2536.171
5740.314288854599, 0.0, 0.0, 2536.263
5742.314425468445, 0.0, 0.0, 2536.376
5744.3145632743835, 0.0, 0.0, 2536.406
5746.314665555954, 0.0, 0.0, 2536.541
5748.314791679382, 0.0, 0.0, 2536.627
5750.314895868301, 0.0, 0.0, 2536.714
5752.315002918243, 0.0, 0.0, 2536.8
5754.315158128738, 0.0, 0.0, 2536.917
5756.315239191055, 0.0, 0.0, 2537.013
5758.31534075737, 0.0, 0.0, 2537.127
5760.315438270569, 0.0, 0.0, 2537.269
5762.315543174744, 0.0, 0.0, 2537.349
5764.315643072128, 0.0, 0.0, 2537.407
5766.315767765045, 0.0, 0.0, 2537.518
5768.315870046616, 0.0, 0.0, 2537.661
5770.315977573395, 0.0, 0.0, 2537.78
5772.316087007523, 0.0, 0.0, 2537.889
5774.3161771297455, 0.0, 0.0, 2538.046
5776.316261291504, 0.0, 0.0, 2538.094
5778.316400051117, 0.0, 0.0, 2538.207
5780.316533327103, 0.0, 0.0, 2538.297
5782.316635131836, 0.0, 0.0, 2538.366
5784.316763877869, 0.0, 0.0, 2538.486
5786.316894292831, 0.0, 0.0, 2538.61
5788.3169901371, 0.0, 0.0, 2538.733
5790.317083597183, 0.0, 0.0, 2538.867
5792.317183017731, 0.0, 0.0, 2538.927
5794.317284822464, 0.0, 0.0, 2539.032
5796.317373752594, 0.0, 0.0, 2539.214
5798.3174793720245, 0.0, 0.0, 2539.332
5800.317586421967, 0.0, 0.0, 2539.428
5802.317687988281, 0.0, 0.0, 2539.53
5804.317787885666, 0.0, 0.0, 2539.625
5806.317885875702, 0.0, 0.0, 2539.728
5808.317985534668, 0.0, 0.0, 2539.805
5810.318090200424, 0.0, 0.0, 2539.884
5812.318185091019, 0.0, 0.0, 2539.985
5814.318284034729, 0.0, 0.0, 2540.091
5816.318410396576, 0.0, 0.0, 2540.199
5818.318509340286, 0.0, 0.0, 2540.314
5820.318599462509, 0.0, 0.0, 2540.484
5822.318737745285, 0.0, 0.0, 2540.613
5824.318825960159, 0.0, 0.0, 2540.818
5826.3189651966095, 0.0, 0.0, 2540.948
5828.319058179855, 0.0, 0.0, 2541.064
5830.3191475868225, 0.0, 0.0, 2541.185
5832.319237709045, 0.0, 0.0, 2541.364
5834.319326877594, 0.0, 0.0, 2541.496
5836.319436788559, 0.0, 0.0, 2541.599
5838.319539070129, 0.0, 0.0, 2541.647
5840.31964302063, 0.0, 0.0, 2541.718
5842.31974697113, 0.0, 0.0, 2541.788
5844.319860696793, 0.0, 0.0, 2541.853
5846.319994926453, 0.0, 0.0, 2541.947
5848.320116281509, 0.0, 0.0, 2542.038
5850.320204257965, 0.0, 0.0, 2542.083
5852.320332527161, 0.0, 0.0, 2542.152
5854.320417165756, 0.0, 0.0, 2542.219
5856.320522546768, 0.0, 0.0, 2542.301
5858.320657014847, 0.0, 0.0, 2542.411
5860.320748329163, 0.0, 0.0, 2542.521
5862.320850372314, 0.0, 0.0, 2542.671
5864.320942163467, 0.0, 0.0, 2542.742
5866.321024894714, 0.0, 0.0, 2542.835
5868.321128368378, 0.0, 0.0, 2542.917
5870.321229696274, 0.0, 0.0, 2543.03
5872.321332216263, 0.0, 0.0, 2543.151
5874.321418523788, 0.0, 0.0, 2543.271
5876.321553945541, 0.0, 0.0, 2543.371
5878.321640253067, 0.0, 0.0, 2543.487
5880.3217253685, 0.0, 0.0, 2543.595
5882.3218126297, 0.0, 0.0, 2543.676
5884.32189822197, 0.0, 0.0, 2543.746
5886.321985244751, 0.0, 0.0, 2543.854
5888.3220937252045, 0.0, 0.0, 2543.919
5890.322185516357, 0.0, 0.0, 2544.041
5892.3222868442535, 0.0, 0.0, 2544.131
5894.322374343872, 0.0, 0.0, 2544.258
5896.322461128235, 0.0, 0.0, 2544.289
5898.3225638866425, 0.0, 0.0, 2544.402
5900.322657108307, 0.0, 0.0, 2544.466
5902.322754383087, 0.0, 0.0, 2544.597
5904.322855472565, 0.0, 0.0, 2544.691
5906.322939634323, 0.0, 0.0, 2544.741
5908.323041439056, 0.0, 0.0, 2544.836
5910.323127269745, 0.0, 0.0, 2544.944
5912.323209285736, 0.0, 0.0, 2545.025
5914.323307752609, 0.0, 0.0, 2545.14
5916.3234124183655, 0.0, 0.0, 2545.236
5918.323518276215, 0.0, 0.0, 2545.355
5920.323613405228, 0.0, 0.0, 2545.432
5922.3237228393555, 0.0, 0.0, 2545.507
5924.3238298892975, 0.0, 0.0, 2545.626
5926.32395863533, 0.0, 0.0, 2545.732
5928.324051141739, 0.0, 0.0, 2545.844
5930.324142932892, 0.0, 0.0, 2545.932
5932.324229001999, 0.0, 0.0, 2546.043
5934.324330806732, 0.0, 0.0, 2546.116
5936.324425458908, 0.0, 0.0, 2546.21
5938.324563741684, 0.0, 0.0, 2546.312
5940.324709892273, 0.0, 0.0, 2546.409
5942.324851512909, 0.0, 0.0, 2546.467
5944.324983596802, 0.0, 0.0, 2546.626
5946.325089216232, 0.0, 0.0, 2546.716
5948.325191497803, 0.0, 0.0, 2546.812
5950.325294017792, 0.0, 0.0, 2546.926
5952.325396537781, 0.0, 0.0, 2547.027
5954.325490474701, 0.0, 0.0, 2547.121
5956.325596570969, 0.0, 0.0, 2547.224
5958.325735092163, 0.0, 0.0, 2547.327
5960.3258328437805, 0.0, 0.0, 2547.404
5962.325944662094, 0.0, 0.0, 2547.496
5964.326089143753, 0.0, 0.0, 2547.594
5966.326173782349, 0.0, 0.0, 2547.698
5968.326322078705, 0.0, 0.0, 2547.804
5970.326413154602, 0.0, 0.0, 2547.9
5972.326548099518, 0.0, 0.0, 2547.989
5974.326642274857, 0.0, 0.0, 2548.06
5976.326737642288, 0.0, 0.0, 2548.149
5978.326840877533, 0.0, 0.0, 2548.223
5980.326945304871, 0.0, 0.0, 2548.335
5982.327054977417, 0.0, 0.0, 2548.448
5984.327142238617, 0.0, 0.0, 2548.51
5986.32724905014, 0.0, 0.0, 2548.58
5988.327349901199, 0.0, 0.0, 2548.681
5990.32745552063, 0.0, 0.0, 2548.789
5992.327553987503, 0.0, 0.0, 2548.863
5994.327655553818, 0.0, 0.0, 2548.989
5996.327753543854, 0.0, 0.0, 2549.087
5998.327855587006, 0.0, 0.0, 2549.178
6000.328001499176, 0.0, 0.0, 2549.279
6002.328136920929, 0.0, 0.0, 2549.404
6004.328240633011, 0.0, 0.0, 2549.521
6006.3283450603485, 0.0, 0.0, 2549.586
6008.328448057175, 0.0, 0.0, 2549.685
6010.3285574913025, 0.0, 0.0, 2549.761
6012.328648328781, 0.0, 0.0, 2549.837
6014.328781366348, 0.0, 0.0, 2549.935
6016.328878164291, 0.0, 0.0, 2549.993
6018.328973531723, 0.0, 0.0, 2550.105
6020.329084157944, 0.0, 0.0, 2550.196
6022.329185962677, 0.0, 0.0, 2550.283
6024.3292870521545, 0.0, 0.0, 2550.377
6026.329375267029, 0.0, 0.0, 2550.429
6028.329468488693, 0.0, 0.0, 2550.523
6030.329608917236, 0.0, 0.0, 2550.636
6032.3296937942505, 0.0, 0.0, 2550.688
6034.329783678055, 0.0, 0.0, 2550.772
6036.329881668091, 0.0, 0.0, 2550.86
6038.32998251915, 0.0, 0.0, 2550.988
6040.3300840854645, 0.0, 0.0, 2551.092
6042.330193758011, 0.0, 0.0, 2551.196
6044.3302936553955, 0.0, 0.0, 2551.244
6046.330388069153, 0.0, 0.0, 2551.331
6048.3304924964905, 0.0, 0.0, 2551.377
6050.3306312561035, 0.0, 0.0, 2551.433
6052.330731630325, 0.0, 0.0, 2551.534
6054.33087682724, 0.0, 0.0, 2551.691
6056.331017971039, 0.0, 0.0, 2551.788
6058.331127166748, 0.0, 0.0, 2551.892
6060.331225633621, 0.0, 0.0, 2552.006
6062.331310272217, 0.0, 0.0, 2552.091
6064.331413030624, 0.0, 0.0, 2552.199
6066.331500530243, 0.0, 0.0, 2552.284
6068.33158659935, 0.0, 0.0, 2552.407
6070.33168721199, 0.0, 0.0, 2552.438
6072.331785202026, 0.0, 0.0, 2552.549
6074.33188867569, 0.0, 0.0, 2552.611
6076.331974983215, 0.0, 0.0, 2552.669
6078.332066774368, 0.0, 0.0, 2552.759
6080.332152366638, 0.0, 0.0, 2552.826
6082.332229614258, 0.0, 0.0, 2552.915
6084.332311630249, 0.0, 0.0, 2553.009
6086.332412719727, 0.0, 0.0, 2553.138
6088.332508802414, 0.0, 0.0, 2553.206
6090.332611322403, 0.0, 0.0, 2553.341
6092.332714796066, 0.0, 0.0, 2553.444
6094.332816123962, 0.0, 0.0, 2553.547
6096.332916259766, 0.0, 0.0, 2553.593
6098.333020448685, 0.0, 0.0, 2553.716
6100.333122253418, 0.0, 0.0, 2553.808
6102.3332188129425, 0.0, 0.0, 2553.891
6104.333303451538, 0.0, 0.0, 2553.967
6106.333400726318, 0.0, 0.0, 2554.041
6108.333501338959, 0.0, 0.0, 2554.149
6110.333603382111, 0.0, 0.0, 2554.212
6112.333704471588, 0.0, 0.0, 2554.291
6114.333805799484, 0.0, 0.0, 2554.378
6116.333904504776, 0.0, 0.0, 2554.464
6118.334006786346, 0.0, 0.0, 2554.539
6120.334109067917, 0.0, 0.0, 2554.598
6122.334215164185, 0.0, 0.0, 2554.678
6124.334318637848, 0.0, 0.0, 2554.766
6126.334420204163, 0.0, 0.0, 2554.836
6128.334554433823, 0.0, 0.0, 2554.935
6130.334655046463, 0.0, 0.0, 2555.011
6132.3347544670105, 0.0, 0.0, 2555.092
6134.334856271744, 0.0, 0.0, 2555.168
6136.33495926857, 0.0, 0.0, 2555.318
6138.335062503815, 0.0, 0.0, 2555.389
6140.335164546967, 0.0, 0.0, 2555.511
6142.335268735886, 0.0, 0.0, 2555.605
6144.335359334946, 0.0, 0.0, 2555.643
6146.335451364517, 0.0, 0.0, 2555.718
6148.335540294647, 0.0, 0.0, 2555.768
6150.335642337799, 0.0, 0.0, 2555.831
6152.335745096207, 0.0, 0.0, 2555.898
6154.335881471634, 0.0, 0.0, 2555.963
6156.33599114418, 0.0, 0.0, 2556.055
6158.336094379425, 0.0, 0.0, 2556.106
6160.33620095253, 0.0, 0.0, 2556.226
6162.336291074753, 0.0, 0.0, 2556.309
6164.336393594742, 0.0, 0.0, 2556.39
6166.336489915848, 0.0, 0.0, 2556.465
6168.336592197418, 0.0, 0.0, 2556.542
6170.33669257164, 0.0, 0.0, 2556.633
6172.33679318428, 0.0, 0.0, 2556.729
6174.336901426315, 0.0, 0.0, 2556.8
6176.336998701096, 0.0, 0.0, 2556.862
6178.337080717087, 0.0, 0.0, 2556.95
6180.337220191956, 0.0, 0.0, 2557.059
6182.337317943573, 0.0, 0.0, 2557.162
6184.337417840958, 0.0, 0.0, 2557.235
6186.337515830994, 0.0, 0.0, 2557.316
6188.337658882141, 0.0, 0.0, 2557.392
6190.337758779526, 0.0, 0.0, 2557.524
6192.3378620147705, 0.0, 0.0, 2557.629
6194.337953567505, 0.0, 0.0, 2557.718
6196.338054895401, 0.0, 0.0, 2557.81
6198.33815407753, 0.0, 0.0, 2557.843
6200.338236808777, 0.0, 0.0, 2557.895
6202.338320493698, 0.0, 0.0, 2557.972
6204.338399887085, 0.0, 0.0, 2558.048
6206.338476896286, 0.0, 0.0, 2558.112
6208.338575601578, 0.0, 0.0, 2558.219
6210.338661193848, 0.0, 0.0, 2558.308
6212.338761091232, 0.0, 0.0, 2558.406
6214.3389093875885, 0.0, 0.0, 2558.443
6216.339017152786, 0.0, 0.0, 2558.533
6218.3391234874725, 0.0, 0.0, 2558.622
6220.339225292206, 0.0, 0.0, 2558.734
6222.339331865311, 0.0, 0.0, 2558.801
6224.3394339084625, 0.0, 0.0, 2558.909
6226.3395273685455, 0.0, 0.0, 2558.976
6228.339629888535, 0.0, 0.0, 2559.067
6230.339726924896, 0.0, 0.0, 2559.202
6232.339812040329, 0.0, 0.0, 2559.303
6234.33994436264, 0.0, 0.0, 2559.377
6236.340079784393, 0.0, 0.0, 2559.449
6238.340182304382, 0.0, 0.0, 2559.567
6240.340340852737, 0.0, 0.0, 2559.673
6242.340427875519, 0.0, 0.0, 2559.729
6244.340532541275, 0.0, 0.0, 2559.815
6246.340625047684, 0.0, 0.0, 2559.915
6248.3407118320465, 0.0, 0.0, 2559.974
6250.34081530571, 0.0, 0.0, 2560.075
6252.340914726257, 0.0, 0.0, 2560.171
6254.341009616852, 0.0, 0.0, 2560.222
6256.341112136841, 0.0, 0.0, 2560.329
6258.341256141663, 0.0, 0.0, 2560.426
6260.3413553237915, 0.0, 0.0, 2560.476
6262.341468811035, 0.0, 0.0, 2560.527
6264.341554880142, 0.0, 0.0, 2560.623
6266.3416538238525, 0.0, 0.0, 2560.705
6268.341745853424, 0.0, 0.0, 2560.765
6270.341833353043, 0.0, 0.0, 2560.87
6272.341919183731, 0.0, 0.0, 2560.961
6274.342006206512, 0.0, 0.0, 2561.029
6276.342147827148, 0.0, 0.0, 2561.109
6278.34228181839, 0.0, 0.0, 2561.155
6280.342427968979, 0.0, 0.0, 2561.266
6282.3425307273865, 0.0, 0.0, 2561.296
6284.342627286911, 0.0, 0.0, 2561.368
6286.342720031738, 0.0, 0.0, 2561.444
6288.342819690704, 0.0, 0.0, 2561.522
6290.342920541763, 0.0, 0.0, 2561.567
6292.343066692352, 0.0, 0.0, 2561.631
6294.343147754669, 0.0, 0.0, 2561.707
6296.343230247498, 0.0, 0.0, 2561.821
6298.343313694, 0.0, 0.0, 2561.895
6300.343417644501, 0.0, 0.0, 2561.997
6302.343506813049, 0.0, 0.0, 2562.11
6304.3436114788055, 0.0, 0.0, 2562.184
6306.343712568283, 0.0, 0.0, 2562.304
6308.343802690506, 0.0, 0.0, 2562.382
6310.343893527985, 0.0, 0.0, 2562.482
6312.344035148621, 0.0, 0.0, 2562.607
6314.344127893448, 0.0, 0.0, 2562.676
6316.344221115112, 0.0, 0.0, 2562.718
6318.34432387352, 0.0, 0.0, 2562.798
6320.344430685043, 0.0, 0.0, 2562.868
6322.344563961029, 0.0, 0.0, 2562.925
6324.344672679901, 0.0, 0.0, 2562.97
6326.34477519989, 0.0, 0.0, 2563.023
6328.34486246109, 0.0, 0.0, 2563.104
6330.345006227493, 0.0, 0.0, 2563.171
6332.345108509064, 0.0, 0.0, 2563.263
6334.345243215561, 0.0, 0.0, 2563.338
6336.345344305038, 0.0, 0.0, 2563.429
6338.345427513123, 0.0, 0.0, 2563.52
6340.345506429672, 0.0, 0.0, 2563.568
6342.345640182495, 0.0, 0.0, 2563.652
6344.345718622208, 0.0, 0.0, 2563.736
6346.34580039978, 0.0, 0.0, 2563.761
6348.34588932991, 0.0, 0.0, 2563.82
6350.345991611481, 0.0, 0.0, 2563.91
6352.346075534821, 0.0, 0.0, 2563.944
6354.346155166626, 0.0, 0.0, 2563.993
6356.346246004105, 0.0, 0.0, 2564.089
6358.346326589584, 0.0, 0.0, 2564.126
6360.346428632736, 0.0, 0.0, 2564.218
6362.346537590027, 0.0, 0.0, 2564.304
6364.346626758575, 0.0, 0.0, 2564.371
6366.346717834473, 0.0, 0.0, 2564.491
6368.346804141998, 0.0, 0.0, 2564.565
6370.346905469894, 0.0, 0.0, 2564.631
6372.3470187187195, 0.0, 0.0, 2564.722
6374.347122907639, 0.0, 0.0, 2564.833
6376.347223043442, 0.0, 0.0, 2564.884
6378.347321271896, 0.0, 0.0, 2564.966
6380.347415924072, 0.0, 0.0, 2565.039
6382.347517490387, 0.0, 0.0, 2565.113
6384.347599744797, 0.0, 0.0, 2565.218
6386.347688913345, 0.0, 0.0, 2565.24
6388.347776412964, 0.0, 0.0, 2565.303
6390.347881555557, 0.0, 0.0, 2565.313
6392.347991228104, 0.0, 0.0, 2565.38
6394.348094463348, 0.0, 0.0, 2565.514
6396.348192691803, 0.0, 0.0, 2565.616
6398.34829044342, 0.0, 0.0, 2565.685
6400.348388195038, 0.0, 0.0, 2565.786
6402.348474740982, 0.0, 0.0, 2565.859
6404.34857749939, 0.0, 0.0, 2565.869
6406.348667621613, 0.0, 0.0, 2565.955
6408.348768949509, 0.0, 0.0, 2566.018
6410.348900794983, 0.0, 0.0, 2566.077
6412.348991394043, 0.0, 0.0, 2566.143
6414.349084377289, 0.0, 0.0, 2566.194
6416.34916639328, 0.0, 0.0, 2566.29
6418.349261760712, 0.0, 0.0, 2566.311
6420.349361658096, 0.0, 0.0, 2566.44
6422.349454402924, 0.0, 0.0, 2566.555
6424.349539518356, 0.0, 0.0, 2566.6
6426.349635362625, 0.0, 0.0, 2566.673
6428.349775314331, 0.0, 0.0, 2566.741
6430.349905490875, 0.0, 0.0, 2566.841
6432.350009679794, 0.0, 0.0, 2566.883
6434.350150823593, 0.0, 0.0, 2566.966
6436.350288629532, 0.0, 0.0, 2567.016
6438.350425720215, 0.0, 0.0, 2567.146
6440.3505136966705, 0.0, 0.0, 2567.224
6442.35059762001, 0.0, 0.0, 2567.288
6444.350702285767, 0.0, 0.0, 2567.367
6446.350832700729, 0.0, 0.0, 2567.427
6448.350935935974, 0.0, 0.0, 2567.507
6450.351034402847, 0.0, 0.0, 2567.643
6452.351136684418, 0.0, 0.0, 2567.697
6454.351239681244, 0.0, 0.0, 2567.777
6456.3513424396515, 0.0, 0.0, 2567.845
6458.351428985596, 0.0, 0.0, 2567.899
6460.3515202999115, 0.0, 0.0, 2567.98
6462.35161113739, 0.0, 0.0, 2568.017
6464.351713657379, 0.0, 0.0, 2568.099
6466.351814508438, 0.0, 0.0, 2568.163
6468.351965427399, 0.0, 0.0, 2568.227
6470.352049827576, 0.0, 0.0, 2568.312
6472.352146863937, 0.0, 0.0, 2568.359
6474.352247238159, 0.0, 0.0, 2568.393
6476.3523807525635, 0.0, 0.0, 2568.46
6478.3524651527405, 0.0, 0.0, 2568.532
6480.3525648117065, 0.0, 0.0, 2568.604
6482.35266327858, 0.0, 0.0, 2568.643
6484.352747917175, 0.0, 0.0, 2568.756
6486.352828502655, 0.0, 0.0, 2568.795
6488.3529279232025, 0.0, 0.0, 2568.871
6490.353028297424, 0.0, 0.0, 2568.938
6492.3531267642975, 0.0, 0.0, 2568.994
6494.353217124939, 0.0, 0.0, 2569.081
6496.353304386139, 0.0, 0.0, 2569.173
6498.353404998779, 0.0, 0.0, 2569.218
6500.353506088257, 0.0, 0.0, 2569.333
6502.353590726852, 0.0, 0.0, 2569.364
6504.353683948517, 0.0, 0.0, 2569.476
6506.35378575325, 0.0, 0.0, 2569.529
6508.353885889053, 0.0, 0.0, 2569.597
6510.353987693787, 0.0, 0.0, 2569.67
6512.354074954987, 0.0, 0.0, 2569.735
6514.35417342186, 0.0, 0.0, 2569.792
6516.3542556762695, 0.0, 0.0, 2569.861
6518.354359149933, 0.0, 0.0, 2569.931
6520.354463338852, 0.0, 0.0, 2570.051
6522.354552745819, 0.0, 0.0, 2570.135
6524.354640245438, 0.0, 0.0, 2570.168
6526.354726791382, 0.0, 0.0, 2570.261
6528.354829788208, 0.0, 0.0, 2570.314
6530.354927301407, 0.0, 0.0, 2570.396
6532.355057477951, 0.0, 0.0, 2570.458
6534.3551568984985, 0.0, 0.0, 2570.504
6536.35524392128, 0.0, 0.0, 2570.601
6538.35534620285, 0.0, 0.0, 2570.666
6540.355430364609, 0.0, 0.0, 2570.77
6542.355515003204, 0.0, 0.0, 2570.814
6544.355613946915, 0.0, 0.0, 2570.879
6546.355692625046, 0.0, 0.0, 2570.96
6548.355825662613, 0.0, 0.0, 2571.021
6550.35591340065, 0.0, 0.0, 2571.082
6552.356046915054, 0.0, 0.0, 2571.173
6554.356128454208, 0.0, 0.0, 2571.234
6556.356211900711, 0.0, 0.0, 2571.3
6558.356294870377, 0.0, 0.0, 2571.359
6560.35640001297, 0.0, 0.0, 2571.446
6562.35649061203, 0.0, 0.0, 2571.513
6564.356594085693, 0.0, 0.0, 2571.582
6566.356682062149, 0.0, 0.0, 2571.68
6568.356771707535, 0.0, 0.0, 2571.748
6570.356875896454, 0.0, 0.0, 2571.783
6572.35697889328, 0.0, 0.0, 2571.879
6574.357116222382, 0.0, 0.0, 2571.912
6576.357214212418, 0.0, 0.0, 2571.988
6578.357315063477, 0.0, 0.0, 2572.026
6580.357456684113, 0.0, 0.0, 2572.096
6582.357556819916, 0.0, 0.0, 2572.132
6584.3576419353485, 0.0, 0.0, 2572.203
6586.357719659805, 0.0, 0.0, 2572.304
6588.3578243255615, 0.0, 0.0, 2572.37
6590.357983350754, 0.0, 0.0, 2572.427
6592.358085155487, 0.0, 0.0, 2572.498
6594.358187198639, 0.0, 0.0, 2572.569
6596.358288526535, 0.0, 0.0, 2572.63
6598.358389139175, 0.0, 0.0, 2572.692
6600.358491897583, 0.0, 0.0, 2572.747
6602.358573436737, 0.0, 0.0, 2572.804
6604.358676433563, 0.0, 0.0, 2572.892
6606.358763217926, 0.0, 0.0, 2572.946
6608.358847856522, 0.0, 0.0, 2572.964
6610.358938217163, 0.0, 0.0, 2572.968
6612.35902261734, 0.0, 0.0, 2573.057
6614.359122753143, 0.0, 0.0, 2573.142
6616.359222412109, 0.0, 0.0, 2573.185
6618.359357595444, 0.0, 0.0, 2573.245
6620.3594579696655, 0.0, 0.0, 2573.354
6622.359559059143, 0.0, 0.0, 2573.39
6624.359663963318, 0.0, 0.0, 2573.449
6626.35976433754, 0.0, 0.0, 2573.503
6628.359862565994, 0.0, 0.0, 2573.512
6630.3599581718445, 0.0, 0.0, 2573.624
6632.360063314438, 0.0, 0.0, 2573.654
6634.360165596008, 0.0, 0.0, 2573.754
6636.360266447067, 0.0, 0.0, 2573.844
6638.360367298126, 0.0, 0.0, 2573.882
6640.360454797745, 0.0, 0.0, 2573.926
6642.360541820526, 0.0, 0.0, 2574.025
6644.360643863678, 0.0, 0.0, 2574.08
6646.3607449531555, 0.0, 0.0, 2574.147
6648.360854148865, 0.0, 0.0, 2574.192
6650.360954761505, 0.0, 0.0, 2574.234
6652.361056566238, 0.0, 0.0, 2574.296
6654.36116027832, 0.0, 0.0, 2574.332
6656.361267566681, 0.0, 0.0, 2574.388
6658.36136841774, 0.0, 0.0, 2574.465
6660.361468553543, 0.0, 0.0, 2574.514
6662.361558437347, 0.0, 0.0, 2574.596
6664.36169219017, 0.0, 0.0, 2574.667
6666.361820459366, 0.0, 0.0, 2574.726
6668.361927986145, 0.0, 0.0, 2574.796
6670.362058877945, 0.0, 0.0, 2574.859
6672.362146854401, 0.0, 0.0, 2574.934
6674.362230300903, 0.0, 0.0, 2575.006
6676.3623304367065, 0.0, 0.0, 2575.084
6678.362416744232, 0.0, 0.0, 2575.114
6680.362506151199, 0.0, 0.0, 2575.158
6682.362594366074, 0.0, 0.0, 2575.216
6684.362694263458, 0.0, 0.0, 2575.247
6686.3627960681915, 0.0, 0.0, 2575.306
6688.362888336182, 0.0, 0.0, 2575.382
6690.362993955612, 0.0, 0.0, 2575.428
6692.363130807877, 0.0, 0.0, 2575.512
6694.3632180690765, 0.0, 0.0, 2575.554
6696.363319635391, 0.0, 0.0, 2575.605
6698.363404750824, 0.0, 0.0, 2575.659
6700.363496541977, 0.0, 0.0, 2575.698
6702.363593578339, 0.0, 0.0, 2575.73
6704.363682985306, 0.0, 0.0, 2575.843
6706.3638026714325, 0.0, 0.0, 2575.873
6708.36394739151, 0.0, 0.0, 2575.941
6710.36408162117, 0.0, 0.0, 2576.007
6712.364161491394, 0.0, 0.0, 2576.061
6714.364256620407, 0.0, 0.0, 2576.123
6716.364361524582, 0.0, 0.0, 2576.166
6718.364472150803, 0.0, 0.0, 2576.235
6720.364575624466, 0.0, 0.0, 2576.319
6722.364711284637, 0.0, 0.0, 2576.393
6724.364843845367, 0.0, 0.0, 2576.468
6726.364945888519, 0.0, 0.0, 2576.526
6728.365047931671, 0.0, 0.0, 2576.541
6730.365135192871, 0.0, 0.0, 2576.576
6732.365226984024, 0.0, 0.0, 2576.597
6734.365360021591, 0.0, 0.0, 2576.636
6736.365492343903, 0.0, 0.0, 2576.721
6738.365571975708, 0.0, 0.0, 2576.758
6740.365707159042, 0.0, 0.0, 2576.804
6742.365811109543, 0.0, 0.0, 2576.872
6744.3659546375275, 0.0, 0.0, 2576.903
6746.366056919098, 0.0, 0.0, 2576.951
6748.36616230011, 0.0, 0.0, 2577.036
6750.366295576096, 0.0, 0.0, 2577.061
6752.36639714241, 0.0, 0.0, 2577.112
6754.366499662399, 0.0, 0.0, 2577.166
6756.366602897644, 0.0, 0.0, 2577.214
6758.366737365723, 0.0, 0.0, 2577.286
6760.3668377399445, 0.0, 0.0, 2577.342
6762.366938829422, 0.0, 0.0, 2577.418
6764.367026805878, 0.0, 0.0, 2577.516
6766.3671197891235, 0.0, 0.0, 2577.571
6768.367212533951, 0.0, 0.0, 2577.624
6770.367312431335, 0.0, 0.0, 2577.651
6772.367409706116, 0.0, 0.0, 2577.694
6774.367507457733, 0.0, 0.0, 2577.801
6776.367616891861, 0.0, 0.0, 2577.839
6778.367720127106, 0.0, 0.0, 2577.854
6780.3678188323975, 0.0, 0.0, 2577.915
6782.367928743362, 0.0, 0.0, 2577.984
6784.368002414703, 0.0, 0.0, 2578.003
6786.368106365204, 0.0, 0.0, 2578.068
6788.368224859238, 0.0, 0.0, 2578.137
6790.368309020996, 0.0, 0.0, 2578.222
6792.368409395218, 0.0, 0.0, 2578.278
6794.368541955948, 0.0, 0.0, 2578.345
6796.368643283844, 0.0, 0.0, 2578.416
6798.368734121323, 0.0, 0.0, 2578.473
6800.368832826614, 0.0, 0.0, 2578.556
6802.368914365768, 0.0, 0.0, 2578.6
6804.369013786316, 0.0, 0.0, 2578.637
6806.369108438492, 0.0, 0.0, 2578.708
6808.369209766388, 0.0, 0.0, 2578.754
6810.369297027588, 0.0, 0.0, 2578.779
6812.3693997859955, 0.0, 0.0, 2578.806
6814.369488954544, 0.0, 0.0, 2578.874
6816.36959528923, 0.0, 0.0, 2578.946
6818.369700193405, 0.0, 0.0, 2578.989
6820.369786977768, 0.0, 0.0, 2579.012
6822.369876623154, 0.0, 0.0, 2579.068
6824.369968175888, 0.0, 0.0, 2579.095
6826.370072126389, 0.0, 0.0, 2579.175
6828.370172023773, 0.0, 0.0, 2579.209
6830.370279312134, 0.0, 0.0, 2579.282
6832.370414018631, 0.0, 0.0, 2579.356
6834.370502471924, 0.0, 0.0, 2579.405
6836.370636224747, 0.0, 0.0, 2579.478
6838.3707139492035, 0.0, 0.0, 2579.504
6840.370800256729, 0.0, 0.0, 2579.543
6842.370910167694, 0.0, 0.0, 2579.542
6844.371002674103, 0.0, 0.0, 2579.664
6846.371099233627, 0.0, 0.0, 2579.714
6848.371182441711, 0.0, 0.0, 2579.776
6850.3712682724, 0.0, 0.0, 2579.878
6852.3713529109955, 0.0, 0.0, 2579.923
6854.371439218521, 0.0, 0.0, 2579.993
6856.371529817581, 0.0, 0.0, 2580.032
6858.371613025665, 0.0, 0.0, 2580.089
6860.371700286865, 0.0, 0.0, 2580.135
6862.3718366622925, 0.0, 0.0, 2580.189
6864.371920347214, 0.0, 0.0, 2580.28
6866.372019529343, 0.0, 0.0, 2580.325
6868.372106790543, 0.0, 0.0, 2580.344
6870.372237205505, 0.0, 0.0, 2580.396
6872.372341632843, 0.0, 0.0, 2580.425
6874.372423410416, 0.0, 0.0, 2580.483
6876.372508525848, 0.0, 0.0, 2580.511
6878.37259054184, 0.0, 0.0, 2580.586
6880.37267780304, 0.0, 0.0, 2580.719
6882.372812747955, 0.0, 0.0, 2580.794
6884.372948169708, 0.0, 0.0, 2580.829
6886.373033046722, 0.0, 0.0, 2580.896
6888.373116970062, 0.0, 0.0, 2580.942
6890.373202800751, 0.0, 0.0, 2581.017
6892.3733031749725, 0.0, 0.0, 2581.035
6894.373384952545, 0.0, 0.0, 2581.066
6896.373478889465, 0.0, 0.0, 2581.096
6898.373564243317, 0.0, 0.0, 2581.106
6900.37366604805, 0.0, 0.0, 2581.172
6902.373752832413, 0.0, 0.0, 2581.222
6904.373840808868, 0.0, 0.0, 2581.284
6906.373928785324, 0.0, 0.0, 2581.327
6908.374032258987, 0.0, 0.0, 2581.382
6910.374115943909, 0.0, 0.0, 2581.447
6912.374204874039, 0.0, 0.0, 2581.513
6914.37429857254, 0.0, 0.0, 2581.563
6916.374400854111, 0.0, 0.0, 2581.609
6918.374494314194, 0.0, 0.0, 2581.676
6920.374632120132, 0.0, 0.0, 2581.696
6922.374732017517, 0.0, 0.0, 2581.756
6924.374841451645, 0.0, 0.0, 2581.815
6926.37494468689, 0.0, 0.0, 2581.866
6928.375027418137, 0.0, 0.0, 2581.922
6930.375128269196, 0.0, 0.0, 2581.989
6932.375264644623, 0.0, 0.0, 2582.051
6934.375403404236, 0.0, 0.0, 2582.115
6936.375503778458, 0.0, 0.0, 2582.166
6938.375638008118, 0.0, 0.0, 2582.205
6940.375779628754, 0.0, 0.0, 2582.293
6942.375858545303, 0.0, 0.0, 2582.321
6944.375963449478, 0.0, 0.0, 2582.396
6946.3760442733765, 0.0, 0.0, 2582.431
6948.376142501831, 0.0, 0.0, 2582.468
6950.37627696991, 0.0, 0.0, 2582.513
6952.376412391663, 0.0, 0.0, 2582.56
6954.376511096954, 0.0, 0.0, 2582.606
6956.3765988349915, 0.0, 0.0, 2582.637
6958.376691579819, 0.0, 0.0, 2582.713
6960.376779079437, 0.0, 0.0, 2582.783
6962.376882791519, 0.0, 0.0, 2582.816
6964.376965522766, 0.0, 0.0, 2582.888
6966.377103567123, 0.0, 0.0, 2582.909
6968.377212524414, 0.0, 0.0, 2582.974
6970.377314329147, 0.0, 0.0, 2583.02
6972.377461194992, 0.0, 0.0, 2583.102
6974.377569675446, 0.0, 0.0, 2583.109
6976.377702951431, 0.0, 0.0, 2583.17
6978.377846956253, 0.0, 0.0, 2583.208
6980.377950429916, 0.0, 0.0, 2583.249
6982.378032922745, 0.0, 0.0, 2583.359
6984.3781151771545, 0.0, 0.0, 2583.385
6986.378224372864, 0.0, 0.0, 2583.445
6988.378323793411, 0.0, 0.0, 2583.521
6990.378427743912, 0.0, 0.0, 2583.608
6992.378524303436, 0.0, 0.0, 2583.636
6994.378622770309, 0.0, 0.0, 2583.679
6996.3787631988525, 0.0, 0.0, 2583.745
6998.378867864609, 0.0, 0.0, 2583.786
7000.378947257996, 0.0, 0.0, 2583.864
7002.379054546356, 0.0, 0.0, 2583.892
7004.3791399002075, 0.0, 0.0, 2583.932
7006.379224777222, 0.0, 0.0, 2583.982
7008.379326581955, 0.0, 0.0, 2584.071
7010.379428863525, 0.0, 0.0, 2584.115
7012.37953042984, 0.0, 0.0, 2584.186
7014.379631519318, 0.0, 0.0, 2584.233
7016.379731655121, 0.0, 0.0, 2584.24
7018.379810333252, 0.0, 0.0, 2584.325
7020.379910469055, 0.0, 0.0, 2584.373
7022.380015850067, 0.0, 0.0, 2584.415
7024.380116224289, 0.0, 0.0, 2584.447
7026.380215883255, 0.0, 0.0, 2584.534
7028.380316495895, 0.0, 0.0, 2584.572
7030.380417346954, 0.0, 0.0, 2584.614
7032.380520820618, 0.0, 0.0, 2584.663
7034.380623340607, 0.0, 0.0, 2584.713
7036.380704402924, 0.0, 0.0, 2584.74
7038.380809545517, 0.0, 0.0, 2584.797
7040.380902767181, 0.0, 0.0, 2584.858
7042.381009101868, 0.0, 0.0, 2584.931
7044.381109952927, 0.0, 0.0, 2584.94
7046.381247282028, 0.0, 0.0, 2585.008
7048.3813445568085, 0.0, 0.0, 2585.098
7050.381442785263, 0.0, 0.0, 2585.19
7052.381542205811, 0.0, 0.0, 2585.235
7054.381627082825, 0.0, 0.0, 2585.295
7056.381716251373, 0.0, 0.0, 2585.335
7058.381809234619, 0.0, 0.0, 2585.423
7060.381910085678, 0.0, 0.0, 2585.474
7062.382059335709, 0.0, 0.0, 2585.518
7064.382146596909, 0.0, 0.0, 2585.553
7066.382257223129, 0.0, 0.0, 2585.596
7068.382346630096, 0.0, 0.0, 2585.648
7070.382662773132, 0.0, 0.0, 2585.689
7072.382746219635, 0.0, 0.0, 2585.737
7074.3828547000885, 0.0, 0.0, 2585.776
7076.382960557938, 0.0, 0.0, 2585.832
7078.3830943107605, 0.0, 0.0, 2585.862
7080.383197307587, 0.0, 0.0, 2585.925
7082.383300542831, 0.0, 0.0, 2586.022
7084.383402585983, 0.0, 0.0, 2586.051
7086.383504629135, 0.0, 0.0, 2586.11
7088.383638858795, 0.0, 0.0, 2586.134
7090.383715629578, 0.0, 0.0, 2586.177
7092.383806467056, 0.0, 0.0, 2586.221
7094.383906841278, 0.0, 0.0, 2586.271
7096.383998155594, 0.0, 0.0, 2586.316
7098.384084939957, 0.0, 0.0, 2586.351
7100.384180545807, 0.0, 0.0, 2586.411
7102.38427233696, 0.0, 0.0, 2586.436
7104.384401082993, 0.0, 0.0, 2586.536
7106.3845307827, 0.0, 0.0, 2586.572
7108.384608030319, 0.0, 0.0, 2586.612
7110.384709358215, 0.0, 0.0, 2586.654
7112.384803533554, 0.0, 0.0, 2586.674
7114.384933233261, 0.0, 0.0, 2586.679
7116.3850338459015, 0.0, 0.0, 2586.742
7118.38512635231, 0.0, 0.0, 2586.807
7120.3852162361145, 0.0, 0.0, 2586.846
7122.385313749313, 0.0, 0.0, 2586.848
7124.385397911072, 0.0, 0.0, 2586.911
7126.385499715805, 0.0, 0.0, 2586.947
7128.3856291770935, 0.0, 0.0, 2586.974
7130.385727643967, 0.0, 0.0, 2587.039
7132.385807514191, 0.0, 0.0, 2587.073
7134.385887384415, 0.0, 0.0, 2587.125
7136.385967493057, 0.0, 0.0, 2587.118
7138.38605260849, 0.0, 0.0, 2587.169
7140.38614654541, 0.0, 0.0, 2587.237
7142.3862318992615, 0.0, 0.0, 2587.274
7144.386313676834, 0.0, 0.0, 2587.313
7146.386413812637, 0.0, 0.0, 2587.335
7148.386515140533, 0.0, 0.0, 2587.407
7150.386614561081, 0.0, 0.0, 2587.451
7152.386713981628, 0.0, 0.0, 2587.464
7154.3868153095245, 0.0, 0.0, 2587.545
7156.38689994812, 0.0, 0.0, 2587.601
7158.386982679367, 0.0, 0.0, 2587.635
7160.387087345123, 0.0, 0.0, 2587.696
7162.38716506958, 0.0, 0.0, 2587.749
7164.387271165848, 0.0, 0.0, 2587.82
7166.387358188629, 0.0, 0.0, 2587.882
7168.387447834015, 0.0, 0.0, 2587.884
7170.387593507767, 0.0, 0.0, 2587.949
7172.387679100037, 0.0, 0.0, 2587.99
7174.387782096863, 0.0, 0.0, 2588.089
7176.387871265411, 0.0, 0.0, 2588.151
7178.387955188751, 0.0, 0.0, 2588.181
7180.3880360126495, 0.0, 0.0, 2588.232
7182.388125181198, 0.0, 0.0, 2588.26
7184.3882303237915, 0.0, 0.0, 2588.301
7186.388338327408, 0.0, 0.0, 2588.369
7188.388434171677, 0.0, 0.0, 2588.373
7190.38853931427, 0.0, 0.0, 2588.413
7192.388631343842, 0.0, 0.0, 2588.475
7194.388719558716, 0.0, 0.0, 2588.506
7196.38885641098, 0.0, 0.0, 2588.521
7198.388936519623, 0.0, 0.0, 2588.57
7200.389043092728, 0.0, 0.0, 2588.63
7202.389146327972, 0.0, 0.0, 2588.721
7204.389230012894, 0.0, 0.0, 2588.749
7206.3893320560455, 0.0, 0.0, 2588.826
7208.3894329071045, 0.0, 0.0, 2588.862
7210.389534235001, 0.0, 0.0, 2588.905
7212.389637231827, 0.0, 0.0, 2588.988
7214.389771699905, 0.0, 0.0, 2589.016
7216.389900684357, 0.0, 0.0, 2589.072
7218.390033960342, 0.0, 0.0, 2589.097
7220.39014339447, 0.0, 0.0, 2589.144
7222.390241861343, 0.0, 0.0, 2589.2
7224.390345573425, 0.0, 0.0, 2589.252
7226.390449762344, 0.0, 0.0, 2589.268
7228.390587806702, 0.0, 0.0, 2589.315
7230.39068031311, 0.0, 0.0, 2589.383
7232.390798807144, 0.0, 0.0, 2589.393
7234.390888929367, 0.0, 0.0, 2589.421
7236.390976905823, 0.0, 0.0, 2589.518
7238.39106297493, 0.0, 0.0, 2589.517
7240.391165494919, 0.0, 0.0, 2589.575
7242.391251087189, 0.0, 0.0, 2589.643
7244.3913424015045, 0.0, 0.0, 2589.67
7246.391432523727, 0.0, 0.0, 2589.754
7248.391529798508, 0.0, 0.0, 2589.756
7250.391611099243, 0.0, 0.0, 2589.829
7252.39169549942, 0.0, 0.0, 2589.891
7254.391780138016, 0.0, 0.0, 2589.93
7256.391865968704, 0.0, 0.0, 2589.967
7258.391954660416, 0.0, 0.0, 2589.996
7260.392048358917, 0.0, 0.0, 2590.053
7262.392184019089, 0.0, 0.0, 2590.1
7264.392286062241, 0.0, 0.0, 2590.096
