time, current, power, resistance
0.002917766571044922, 0.0, 0.0, 2590.176
2.0030155181884766, 0.0, 0.0, 2590.237
4.0031046867370605, 0.0, 0.0, 2590.27
6.0032384395599365, 0.0, 0.0, 2590.307
8.003339529037476, 0.0, 0.0, 2590.326
10.003471612930298, 0.0, 0.0, 2590.404
12.00356650352478, 0.0, 0.0, 2590.419
14.003662824630737, 0.0, 0.0, 2590.448
16.003756761550903, 0.0, 0.0, 2590.48
18.003847122192383, 0.0, 0.0, 2590.535
20.003952264785767, 0.0, 0.0, 2590.597
22.004032611846924, 0.0, 0.0, 2590.616
24.00413227081299, 0.0, 0.0, 2590.696
26.00422954559326, 0.0, 0.0, 2590.747
28.00436019897461, 0.0, 0.0, 2590.75
30.00445580482483, 0.0, 0.0, 2590.785
32.004558801651, 0.0, 0.0, 2590.855
34.004664182662964, 0.0, 0.0, 2590.894
36.004751205444336, 0.0, 0.0, 2590.894
38.00485134124756, 0.0, 0.0, 2590.97
40.004937410354614, 0.0, 0.0, 2590.992
42.00503897666931, 0.0, 0.0, 2591.053
44.00513982772827, 0.0, 0.0, 2591.075
46.0052433013916, 0.0, 0.0, 2591.144
48.00532269477844, 0.0, 0.0, 2591.168
50.00542116165161, 0.0, 0.0, 2591.256
52.00552034378052, 0.0, 0.0, 2591.263
54.005621910095215, 0.0, 0.0, 2591.344
56.00572180747986, 0.0, 0.0, 2591.391
58.00580167770386, 0.0, 0.0, 2591.469
60.00591254234314, 0.0, 0.0, 2591.491
62.007625579833984, 0.0, 0.0, 2583.324
64.00771236419678, 0.9017, 2.1217, 2521.334
66.00781464576721, 0.9017, 2.1294, 2475.471
68.00791954994202, 0.9017, 2.1348, 2438.234
70.00805377960205, 0.9017, 2.1389, 2407.783
72.00815868377686, 0.9017, 2.1417, 2381.498
74.00825834274292, 0.9017, 2.145, 2358.564
76.00833702087402, 0.9017, 2.1469, 2338.115
78.00843811035156, 0.9017, 2.1491, 2319.659
80.00853610038757, 0.9017, 2.151, 2302.775
82.00862884521484, 0.9017, 2.1528, 2287.263
84.00871562957764, 0.9017, 2.1543, 2272.851
86.00880122184753, 0.9017, 2.1558, 2259.146
88.00888562202454, 0.9017, 2.1572, 2246.394
90.00897073745728, 0.9017, 2.1585, 2234.19
92.00905442237854, 0.9017, 2.1598, 2222.555
94.00912857055664, 0.9017, 2.1609, 2211.427
96.00923275947571, 0.9017, 2.1622, 2200.711
98.00931596755981, 0.9017, 2.1632, 2190.309
100.00940084457397, 0.9017, 2.1642, 2180.38
102.00948429107666, 0.9017, 2.1651, 2170.701
104.00957202911377, 0.9017, 2.1662, 2161.08
106.00967335700989, 0.9017, 2.1672, 2152.151
108.00977420806885, 0.9017, 2.1681, 2143.438
110.00985741615295, 0.9017, 2.169, 2134.737
112.00993752479553, 0.9017, 2.1698, 2126.373
114.01003098487854, 0.9017, 2.1708, 2118.176
116.01013159751892, 0.9017, 2.1716, 2110.116
118.01021385192871, 0.9017, 2.1723, 2102.339
120.01030588150024, 0.9017, 2.1732, 2094.708
122.01039695739746, 0.9017, 2.174, 2087.137
124.01048064231873, 0.9017, 2.1748, 2079.855
126.01057052612305, 0.9017, 2.1755, 2072.697
128.01070976257324, 0.9017, 2.1763, 2065.612
130.01079535484314, 0.9017, 2.177, 2058.705
132.01093912124634, 0.9017, 2.1777, 2051.999
134.01107478141785, 0.9017, 2.1785, 2045.493
136.01121020317078, 0.9017, 2.1791, 2039.418
138.01128840446472, 0.9017, 2.1798, 2033.259
140.0114254951477, 0.9017, 2.1805, 2026.992
142.01150846481323, 0.9017, 2.1811, 2020.81
144.01159119606018, 0.9017, 2.1818, 2014.709
146.01167631149292, 0.9017, 2.1823, 2008.678
148.01176357269287, 0.9017, 2.1828, 2002.922
150.01184749603271, 0.9017, 2.1835, 1996.111
152.01192808151245, 0.9017, 2.1841, 1990.587
154.0120244026184, 0.9017, 2.1848, 1985.098
156.01212215423584, 0.9017, 2.1854, 1979.67
158.0122094154358, 0.9017, 2.1859, 1974.218
160.0122935771942, 0.9017, 2.1866, 1968.987
162.01237678527832, 0.9017, 2.1871, 1963.82
164.01247811317444, 0.9017, 2.1876, 1958.813
166.01255869865417, 0.9017, 2.1882, 1953.921
168.01264095306396, 0.9016, 2.1885, 1949.036
170.0127396583557, 0.9016, 2.1894, 1944.251
172.01283979415894, 0.9017, 2.1898, 1939.513
174.0129451751709, 0.9016, 2.1902, 1934.836
176.01304411888123, 0.9017, 2.1907, 1930.231
178.0131278038025, 0.9016, 2.1912, 1925.664
180.01321268081665, 0.9016, 2.1918, 1921.304
182.01329851150513, 0.9016, 2.1923, 1916.879
184.0133843421936, 0.9016, 2.1927, 1912.551
186.01346921920776, 0.9016, 2.1932, 1908.402
188.01355862617493, 0.9016, 2.1936, 1904.253
190.01366138458252, 0.9016, 2.1942, 1900.154
192.01376342773438, 0.9017, 2.1947, 1896.165
194.01386404037476, 0.9016, 2.195, 1892.297
196.0139639377594, 0.9016, 2.1954, 1888.387
198.01406502723694, 0.9016, 2.196, 1884.602
200.01416730880737, 0.9016, 2.1965, 1880.805
202.01425743103027, 0.9016, 2.1968, 1877.025
204.01435708999634, 0.9016, 2.1972, 1873.343
206.01445865631104, 0.9016, 2.1977, 1869.748
208.01456475257874, 0.9016, 2.1981, 1866.128
210.01466989517212, 0.9016, 2.1985, 1862.655
212.0147693157196, 0.9016, 2.1989, 1859.309
214.01487016677856, 0.9016, 2.1992, 1855.93
216.01495051383972, 0.9016, 2.1996, 1852.131
218.01505327224731, 0.9016, 2.2, 1849.076
220.015132188797, 0.9016, 2.2003, 1845.866
222.01523399353027, 0.9016, 2.2007, 1842.8
224.01533436775208, 0.9016, 2.2011, 1839.669
226.01543593406677, 0.9016, 2.2014, 1836.438
228.01553773880005, 0.9016, 2.2018, 1833.247
230.01564073562622, 0.9016, 2.2021, 1830.304
232.01574230194092, 0.9016, 2.2026, 1827.24
234.0158224105835, 0.9016, 2.2029, 1824.364
236.01592206954956, 0.9016, 2.2033, 1821.582
238.01600122451782, 0.9016, 2.2036, 1818.777
240.01609897613525, 0.9016, 2.2039, 1815.927
242.01618218421936, 0.9016, 2.2042, 1813.272
244.01628255844116, 0.9016, 2.2045, 1810.476
246.0163812637329, 0.9016, 2.2048, 1807.696
248.0164806842804, 0.9016, 2.2051, 1805.004
250.01658082008362, 0.9016, 2.2055, 1802.371
252.01668167114258, 0.9016, 2.2058, 1799.785
254.01678133010864, 0.9016, 2.2062, 1797.39
256.0168583393097, 0.9016, 2.2064, 1794.78
258.0169563293457, 0.9016, 2.2068, 1792.277
260.0170419216156, 0.9016, 2.207, 1789.867
262.017128944397, 0.9016, 2.2074, 1787.374
264.0172281265259, 0.9016, 2.2075, 1785.002
266.01732754707336, 0.9016, 2.2079, 1782.505
268.01741218566895, 0.9016, 2.2082, 1780.064
270.0175139904022, 0.9016, 2.2084, 1777.748
272.01761412620544, 0.9016, 2.2087, 1775.456
274.0176959037781, 0.9016, 2.209, 1773.152
276.017781496048, 0.9016, 2.2092, 1770.861
278.0179126262665, 0.9016, 2.2094, 1768.719
280.01801347732544, 0.9016, 2.2097, 1766.638
282.0180969238281, 0.9016, 2.21, 1764.584
284.0181977748871, 0.9016, 2.2102, 1762.49
286.01829743385315, 0.9016, 2.2104, 1760.358
288.0183992385864, 0.9016, 2.2107, 1758.318
290.0184841156006, 0.9016, 2.2111, 1756.263
292.0185956954956, 0.9016, 2.2112, 1754.178
294.01872873306274, 0.9016, 2.2115, 1752.23
296.0188133716583, 0.9016, 2.2119, 1750.343
298.0188961029053, 0.9016, 2.212, 1748.469
300.0189847946167, 0.9016, 2.2122, 1746.754
302.01907658576965, 0.9015, 2.2123, 1744.963
304.01916098594666, 0.9015, 2.2126, 1743.093
306.01924657821655, 0.9015, 2.2128, 1741.215
308.01933217048645, 0.9015, 2.213, 1739.413
310.01941990852356, 0.9015, 2.2133, 1737.651
312.0195083618164, 0.9015, 2.2134, 1735.763
314.0196416378021, 0.9015, 2.2137, 1733.945
316.01974415779114, 0.9015, 2.2138, 1732.152
318.0198369026184, 0.9016, 2.2141, 1730.614
320.0199394226074, 0.9015, 2.2143, 1729.088
322.02004289627075, 0.9016, 2.2144, 1727.556
324.02014422416687, 0.9015, 2.2146, 1725.926
326.0202307701111, 0.9015, 2.2149, 1724.29
328.02032828330994, 0.9015, 2.2151, 1722.622
330.02042269706726, 0.9015, 2.2152, 1720.905
332.0205280780792, 0.9015, 2.2155, 1719.381
334.0206091403961, 0.9015, 2.2156, 1718.035
336.0206928253174, 0.9015, 2.2158, 1716.638
338.02078676223755, 0.9015, 2.216, 1715.148
340.02088022232056, 0.9015, 2.2161, 1713.678
342.02098774909973, 0.9015, 2.2163, 1712.278
344.021075963974, 0.9015, 2.2165, 1710.809
346.0211651325226, 0.9015, 2.2166, 1709.347
348.02125000953674, 0.9015, 2.2169, 1707.856
350.0213551521301, 0.9015, 2.217, 1706.451
352.021457195282, 0.9015, 2.2171, 1705.048
354.0215425491333, 0.9015, 2.2173, 1703.621
356.0216450691223, 0.9015, 2.2175, 1702.215
358.0217456817627, 0.9015, 2.2176, 1700.905
360.02182960510254, 0.9015, 2.2177, 1699.602
362.0219316482544, 0.9015, 2.218, 1698.176
364.0220203399658, 0.9015, 2.2182, 1696.785
366.02210807800293, 0.9015, 2.2183, 1695.486
368.02219557762146, 0.9015, 2.2184, 1694.194
370.022296667099, 0.9015, 2.2187, 1692.961
372.0223972797394, 0.9015, 2.2187, 1691.769
374.0224859714508, 0.9015, 2.2189, 1690.665
376.0225739479065, 0.9015, 2.219, 1689.51
378.0226607322693, 0.9015, 2.2192, 1688.566
380.02275013923645, 0.9015, 2.2193, 1687.674
382.0228326320648, 0.9015, 2.2194, 1686.724
384.0229125022888, 0.9015, 2.2196, 1685.6
386.02301716804504, 0.9015, 2.2196, 1684.455
388.0231022834778, 0.9015, 2.2198, 1683.393
390.02323746681213, 0.9015, 2.2199, 1682.237
392.02333760261536, 0.9015, 2.2202, 1681.116
394.0234389305115, 0.9015, 2.2202, 1680.144
396.023540019989, 0.9015, 2.2203, 1678.947
398.023624420166, 0.9015, 2.2206, 1677.843
400.0237069129944, 0.9015, 2.2207, 1676.696
402.02380871772766, 0.9015, 2.2208, 1675.669
404.0238907337189, 0.9015, 2.2209, 1674.657
406.02399492263794, 0.9015, 2.2211, 1673.767
408.02409505844116, 0.9015, 2.2212, 1672.756
410.0241804122925, 0.9015, 2.2212, 1671.633
412.024263381958, 0.9015, 2.2214, 1670.605
414.02434825897217, 0.9015, 2.2214, 1669.543
416.02443051338196, 0.9015, 2.2215, 1668.541
418.024512052536, 0.9015, 2.2218, 1667.545
420.02460169792175, 0.9014, 2.2219, 1666.647
422.02470326423645, 0.9015, 2.2221, 1665.806
424.02478075027466, 0.9014, 2.222, 1664.824
426.02488017082214, 0.9014, 2.2222, 1663.896
428.02497029304504, 0.9015, 2.2224, 1662.882
430.02505230903625, 0.9014, 2.2225, 1662.014
432.02513241767883, 0.9014, 2.2224, 1661.084
434.0252125263214, 0.9014, 2.2226, 1660.216
436.0252962112427, 0.9015, 2.2228, 1659.293
438.0253767967224, 0.9014, 2.2228, 1658.519
440.0254635810852, 0.9014, 2.2229, 1657.703
442.0255489349365, 0.9014, 2.2231, 1657.069
444.0256323814392, 0.9014, 2.2232, 1656.159
446.02571845054626, 0.9014, 2.2231, 1655.233
448.0258090496063, 0.9014, 2.2234, 1654.331
450.02589559555054, 0.9014, 2.2235, 1653.532
452.0259807109833, 0.9014, 2.2236, 1652.822
454.0260591506958, 0.9014, 2.2237, 1652.097
456.0261604785919, 0.9014, 2.2238, 1651.238
458.02624130249023, 0.9015, 2.2239, 1650.41
460.02632880210876, 0.9014, 2.224, 1649.546
462.026424407959, 0.9014, 2.224, 1648.827
464.0265073776245, 0.9014, 2.2242, 1648.139
466.0266101360321, 0.9014, 2.2242, 1647.389
468.0267114639282, 0.9014, 2.2244, 1646.56
470.0268120765686, 0.9014, 2.2245, 1645.725
472.0268898010254, 0.9014, 2.2245, 1644.88
474.0269889831543, 0.9014, 2.2245, 1644.204
476.0270805358887, 0.9014, 2.2247, 1643.479
478.0271649360657, 0.9014, 2.2249, 1642.771
480.0272490978241, 0.9014, 2.225, 1641.957
482.027330160141, 0.9014, 2.225, 1641.246
484.027414560318, 0.9014, 2.2252, 1640.506
486.0275592803955, 0.9014, 2.2251, 1639.831
488.02765464782715, 0.9014, 2.2253, 1639.201
490.0277349948883, 0.9014, 2.2253, 1638.499
492.0277900695801, 0.9014, 2.2255, 1637.825
494.02793526649475, 0.9014, 2.2254, 1637.129
496.02803778648376, 0.9014, 2.2256, 1636.451
498.02812099456787, 0.9014, 2.2257, 1635.76
500.02819991111755, 0.9014, 2.2258, 1635.065
502.0282974243164, 0.9014, 2.2258, 1634.366
504.02839708328247, 0.9014, 2.2259, 1633.724
506.0284974575043, 0.9014, 2.226, 1633.065
508.0285928249359, 0.9014, 2.226, 1632.432
510.0286922454834, 0.9014, 2.2261, 1631.775
512.0287916660309, 0.9014, 2.2262, 1631.218
514.0289225578308, 0.9014, 2.2263, 1630.625
516.0289990901947, 0.9014, 2.2264, 1630.03
518.0290865898132, 0.9014, 2.2265, 1629.354
520.0291907787323, 0.9014, 2.2266, 1628.702
522.0292925834656, 0.9014, 2.2266, 1628.128
524.0293939113617, 0.9014, 2.2266, 1627.467
526.0294725894928, 0.9014, 2.2266, 1626.889
528.0295600891113, 0.9014, 2.2268, 1626.343
530.0296523571014, 0.9014, 2.2269, 1625.778
532.029753446579, 0.9014, 2.2269, 1625.154
534.0298600196838, 0.9014, 2.227, 1624.449
536.0299589633942, 0.9014, 2.2271, 1623.97
538.030059337616, 0.9014, 2.2271, 1623.553
540.0301458835602, 0.9014, 2.2271, 1623.066
542.0302464962006, 0.9014, 2.2273, 1622.504
544.0303447246552, 0.9014, 2.2273, 1621.927
546.0304453372955, 0.9014, 2.2275, 1621.501
548.0305459499359, 0.9014, 2.2274, 1621.191
550.0306434631348, 0.9014, 2.2275, 1620.719
552.0307426452637, 0.9014, 2.2275, 1620.225
554.0308473110199, 0.9014, 2.2276, 1619.654
556.0309495925903, 0.9014, 2.2276, 1619.02
558.0310497283936, 0.9014, 2.2277, 1618.447
560.0311527252197, 0.9014, 2.2279, 1618.079
562.031243801117, 0.9014, 2.2278, 1617.586
564.0313229560852, 0.9013, 2.2279, 1617.113
566.031421661377, 0.9013, 2.2279, 1616.641
568.0315208435059, 0.9013, 2.2281, 1616.235
570.0316209793091, 0.9014, 2.2281, 1615.803
572.0317027568817, 0.9014, 2.2282, 1615.159
574.0317976474762, 0.9014, 2.2282, 1614.54
576.0318791866302, 0.9014, 2.2282, 1613.913
578.0319678783417, 0.9014, 2.2284, 1613.367
580.0320558547974, 0.9014, 2.2284, 1612.864
582.032191991806, 0.9013, 2.2284, 1612.485
584.0322821140289, 0.9014, 2.2285, 1612.132
586.0324196815491, 0.9014, 2.2285, 1611.74
588.0325169563293, 0.9014, 2.2287, 1611.428
590.0326001644135, 0.9014, 2.2286, 1610.945
592.0327451229095, 0.9014, 2.2287, 1610.47
594.0328469276428, 0.9014, 2.2288, 1610.003
596.0329518318176, 0.9014, 2.2288, 1609.514
598.0330538749695, 0.9013, 2.2289, 1608.876
600.033141374588, 0.9013, 2.2289, 1608.429
602.033243894577, 0.9013, 2.229, 1608.035
604.0333461761475, 0.9013, 2.229, 1607.596
606.0334446430206, 0.9013, 2.229, 1607.057
608.0335302352905, 0.9013, 2.2291, 1606.504
610.0336329936981, 0.9013, 2.2291, 1606.072
612.0337345600128, 0.9013, 2.2292, 1605.574
614.0338768959045, 0.9013, 2.2293, 1605.015
616.0339739322662, 0.9013, 2.2293, 1604.552
618.0340778827667, 0.9013, 2.2294, 1604.131
620.0341804027557, 0.9013, 2.2294, 1603.762
622.0342829227448, 0.9013, 2.2296, 1603.373
624.0343856811523, 0.9013, 2.2296, 1603.024
626.0344841480255, 0.9013, 2.2297, 1602.64
628.0345857143402, 0.9013, 2.2297, 1602.266
630.0346872806549, 0.9013, 2.2299, 1601.858
632.0347900390625, 0.9013, 2.2298, 1601.638
634.034875869751, 0.9013, 2.2298, 1601.417
636.0350096225739, 0.9013, 2.2298, 1601.035
638.0351424217224, 0.9013, 2.2299, 1600.669
640.035249710083, 0.9013, 2.23, 1600.306
642.0353538990021, 0.9013, 2.2299, 1599.914
644.0354361534119, 0.9013, 2.2302, 1599.505
646.0355215072632, 0.9013, 2.2302, 1599.109
648.0356233119965, 0.9013, 2.2303, 1598.781
650.0357058048248, 0.9013, 2.2303, 1598.289
652.035783290863, 0.9013, 2.2304, 1597.78
654.0358862876892, 0.9013, 2.2304, 1597.41
656.0359766483307, 0.9013, 2.2304, 1597.2
658.0360600948334, 0.9013, 2.2305, 1596.973
660.0361487865448, 0.9013, 2.2305, 1596.598
662.0362932682037, 0.9013, 2.2305, 1596.273
664.0363953113556, 0.9013, 2.2305, 1595.996
666.036500453949, 0.9013, 2.2307, 1595.562
668.0366368293762, 0.9013, 2.2306, 1595.156
670.0367159843445, 0.9013, 2.2308, 1594.808
672.0368456840515, 0.9013, 2.2307, 1594.618
674.0369453430176, 0.9013, 2.2309, 1594.445
676.0370507240295, 0.9013, 2.2308, 1594.154
678.0371572971344, 0.9013, 2.2308, 1593.73
680.0372924804688, 0.9013, 2.231, 1593.266
682.0373842716217, 0.9013, 2.231, 1592.815
684.0374879837036, 0.9013, 2.231, 1592.457
686.037588596344, 0.9013, 2.231, 1592.184
688.0376682281494, 0.9013, 2.2311, 1591.889
690.037770986557, 0.9013, 2.2311, 1591.577
692.0378746986389, 0.9013, 2.2312, 1591.26
694.0379626750946, 0.9013, 2.2311, 1590.95
696.0380408763885, 0.9013, 2.2313, 1590.522
698.0381407737732, 0.9013, 2.2314, 1590.136
700.0382254123688, 0.9013, 2.2315, 1589.879
702.0383088588715, 0.9013, 2.2315, 1589.687
704.0384113788605, 0.9013, 2.2315, 1589.505
706.0384905338287, 0.9013, 2.2314, 1589.308
708.0385782718658, 0.9013, 2.2316, 1589.114
710.0386633872986, 0.9013, 2.2316, 1588.825
712.0387651920319, 0.9013, 2.2316, 1588.564
714.0388643741608, 0.9013, 2.2316, 1588.34
716.0389723777771, 0.9013, 2.2317, 1588.131
718.0390739440918, 0.9013, 2.2318, 1587.843
720.0391795635223, 0.9013, 2.2319, 1587.472
722.0392837524414, 0.9013, 2.2318, 1587.061
724.0393636226654, 0.9013, 2.2318, 1586.637
726.03946352005, 0.9013, 2.2319, 1586.398
728.0395638942719, 0.9013, 2.2319, 1586.158
730.0396435260773, 0.9013, 2.2319, 1585.998
732.0397322177887, 0.9013, 2.232, 1586.124
734.0398457050323, 0.9013, 2.2321, 1586.051
736.0399549007416, 0.9013, 2.232, 1585.961
738.0400583744049, 0.9013, 2.232, 1585.701
740.0401527881622, 0.9013, 2.232, 1585.249
742.0402331352234, 0.9013, 2.2321, 1584.879
744.0403347015381, 0.9013, 2.2321, 1584.478
746.0404407978058, 0.9013, 2.2322, 1584.124
748.0405752658844, 0.9013, 2.2322, 1583.706
750.0407154560089, 0.9013, 2.2323, 1583.377
752.040849685669, 0.9013, 2.2324, 1583.11
754.0409588813782, 0.9013, 2.2324, 1582.822
756.0410394668579, 0.9013, 2.2324, 1582.589
758.0411393642426, 0.9013, 2.2324, 1582.335
760.041225194931, 0.9013, 2.2325, 1581.995
762.0413110256195, 0.9013, 2.2325, 1581.797
764.0414171218872, 0.9013, 2.2325, 1581.764
766.0415115356445, 0.9013, 2.2326, 1581.413
768.0416054725647, 0.9013, 2.2325, 1581.124
770.0416836738586, 0.9013, 2.2325, 1581.057
772.0417807102203, 0.9013, 2.2326, 1580.873
774.0418839454651, 0.9013, 2.2327, 1580.545
776.0419926643372, 0.9013, 2.2326, 1580.21
778.0420777797699, 0.9013, 2.2327, 1579.997
780.042159318924, 0.9013, 2.2326, 1579.749
782.0422949790955, 0.9013, 2.2327, 1579.451
784.0423967838287, 0.9013, 2.2327, 1579.085
786.0424835681915, 0.9013, 2.2328, 1579.011
788.042578458786, 0.9013, 2.2328, 1578.932
790.0426650047302, 0.9013, 2.2329, 1578.92
792.0427505970001, 0.9013, 2.2328, 1578.794
794.0428466796875, 0.9013, 2.2329, 1578.555
796.0429244041443, 0.9013, 2.233, 1578.218
798.0430099964142, 0.9013, 2.2329, 1577.879
800.0431115627289, 0.9013, 2.2331, 1577.685
802.0432155132294, 0.9013, 2.2331, 1577.464
804.0433013439178, 0.9013, 2.2331, 1577.158
806.0434021949768, 0.9013, 2.2332, 1576.882
808.0435035228729, 0.9013, 2.2331, 1576.772
810.0435931682587, 0.9013, 2.2331, 1576.647
812.043692111969, 0.9013, 2.2331, 1576.505
814.043773651123, 0.9013, 2.233, 1576.381
816.0438761711121, 0.9013, 2.2331, 1576.301
818.0439791679382, 0.9013, 2.2331, 1576.242
820.0440630912781, 0.9013, 2.2332, 1576.157
822.0441656112671, 0.9013, 2.2332, 1575.854
824.044266462326, 0.9013, 2.2332, 1575.6
826.044341802597, 0.9013, 2.2332, 1575.281
828.0444304943085, 0.9013, 2.2332, 1574.969
830.0445194244385, 0.9013, 2.2332, 1574.827
832.0446012020111, 0.9013, 2.2333, 1574.758
834.0447008609772, 0.9012, 2.2333, 1574.755
836.044802904129, 0.9013, 2.2333, 1574.46
838.0448820590973, 0.9013, 2.2334, 1574.051
840.0449669361115, 0.9013, 2.2335, 1573.774
842.0450553894043, 0.9013, 2.2335, 1573.538
844.0451407432556, 0.9013, 2.2336, 1573.249
846.0452344417572, 0.9013, 2.2336, 1572.914
848.045375585556, 0.9013, 2.2336, 1572.575
850.045482635498, 0.9013, 2.2337, 1572.4
852.0455896854401, 0.9013, 2.2338, 1572.21
854.0456976890564, 0.9013, 2.2337, 1572.047
856.0458025932312, 0.9013, 2.2337, 1571.747
858.0459048748016, 0.9012, 2.2338, 1571.397
860.046005487442, 0.9012, 2.2337, 1571.094
862.0461010932922, 0.9012, 2.234, 1570.897
864.0461845397949, 0.9013, 2.2339, 1570.697
866.0462698936462, 0.9013, 2.2339, 1570.532
868.0463526248932, 0.9012, 2.2339, 1570.374
870.0464527606964, 0.9012, 2.2339, 1570.118
872.0465531349182, 0.9012, 2.2339, 1569.891
874.0466976165771, 0.9013, 2.234, 1569.661
876.0468013286591, 0.9013, 2.234, 1569.483
878.0469031333923, 0.9013, 2.2341, 1569.394
880.046991109848, 0.9013, 2.2341, 1569.233
882.0470950603485, 0.9013, 2.2341, 1569.08
884.0471765995026, 0.9013, 2.2341, 1569.081
886.0472609996796, 0.9013, 2.234, 1569.036
888.0473463535309, 0.9012, 2.234, 1568.991
890.0474257469177, 0.9012, 2.2342, 1568.786
892.0475270748138, 0.9012, 2.2342, 1568.727
894.0476367473602, 0.9012, 2.2342, 1568.52
896.0477390289307, 0.9013, 2.2343, 1568.277
898.0478398799896, 0.9013, 2.2343, 1568.004
900.0478870868683, 0.9013, 2.2343, 1567.804
902.0479803085327, 0.9012, 2.2342, 1567.578
904.048059463501, 0.9012, 2.2343, 1567.353
906.0481600761414, 0.9013, 2.2344, 1567.027
908.0482432842255, 0.9013, 2.2344, 1566.733
910.0483419895172, 0.9012, 2.2344, 1566.518
912.0484397411346, 0.9013, 2.2345, 1566.336
914.0485391616821, 0.9012, 2.2345, 1566.038
916.0486271381378, 0.9013, 2.2345, 1565.852
918.0487096309662, 0.9013, 2.2346, 1565.686
920.0488107204437, 0.9013, 2.2345, 1565.439
922.0488886833191, 0.9013, 2.2346, 1565.107
924.048992395401, 0.9013, 2.2345, 1564.782
926.0490958690643, 0.9013, 2.2347, 1564.602
928.0492000579834, 0.9012, 2.2346, 1564.382
930.0493030548096, 0.9013, 2.2347, 1564.234
932.0493984222412, 0.9012, 2.2347, 1564.207
934.0494904518127, 0.9012, 2.2347, 1564.137
936.049595117569, 0.9013, 2.2347, 1564.003
938.0496892929077, 0.9012, 2.2348, 1563.803
940.0498003959656, 0.9012, 2.2349, 1563.6
942.0499460697174, 0.9012, 2.2347, 1563.367
944.0500576496124, 0.9013, 2.2348, 1563.157
946.0501484870911, 0.9012, 2.2348, 1563.103
948.0502552986145, 0.9012, 2.2348, 1563.065
950.0503947734833, 0.9012, 2.2349, 1562.901
952.0504789352417, 0.9012, 2.2349, 1562.712
954.0506150722504, 0.9013, 2.2349, 1562.597
956.0507078170776, 0.9012, 2.235, 1562.655
958.0507860183716, 0.9012, 2.2349, 1562.58
960.0508763790131, 0.9013, 2.235, 1562.464
962.0509629249573, 0.9013, 2.2349, 1562.274
964.0510635375977, 0.9012, 2.2349, 1561.952
966.051148891449, 0.9012, 2.235, 1561.797
968.051237821579, 0.9012, 2.2351, 1561.757
970.0513410568237, 0.9012, 2.235, 1561.687
972.0514280796051, 0.9012, 2.2352, 1561.376
974.0515322685242, 0.9012, 2.2352, 1561.098
976.0516135692596, 0.9013, 2.2352, 1560.901
978.0517010688782, 0.9013, 2.2351, 1560.676
980.0518064498901, 0.9012, 2.2352, 1560.479
982.0519034862518, 0.9012, 2.2352, 1560.277
984.0519938468933, 0.9013, 2.2352, 1560.039
986.052093744278, 0.9012, 2.2353, 1559.871
988.0521974563599, 0.9012, 2.2353, 1559.918
990.0523433685303, 0.9012, 2.2354, 1559.889
992.0524480342865, 0.9012, 2.2354, 1559.831
994.0525321960449, 0.9012, 2.2354, 1559.7
996.0526347160339, 0.9013, 2.2353, 1559.47
998.052726984024, 0.9012, 2.2354, 1559.381
1000.0528314113617, 0.9012, 2.2355, 1559.418
1002.0529351234436, 0.9012, 2.2354, 1559.724
1004.0530202388763, 0.9012, 2.2354, 1559.961
1006.0531010627747, 0.9012, 2.2352, 1560.095
1008.0531952381134, 0.9012, 2.2353, 1559.909
1010.0533318519592, 0.9012, 2.2353, 1559.852
1012.0534152984619, 0.9012, 2.2353, 1559.92
1014.0535469055176, 0.9012, 2.2353, 1559.612
1016.0536448955536, 0.9012, 2.2353, 1559.221
1018.0537447929382, 0.9012, 2.2355, 1559.011
1020.0538284778595, 0.9012, 2.2354, 1558.736
1022.0539245605469, 0.9012, 2.2354, 1558.495
1024.054025888443, 0.9012, 2.2354, 1558.461
1026.054129600525, 0.9012, 2.2354, 1558.513
1028.054211616516, 0.9012, 2.2354, 1558.454
1030.05429148674, 0.9012, 2.2354, 1558.373
1032.0543768405914, 0.9012, 2.2355, 1558.211
1034.0544593334198, 0.9012, 2.2356, 1557.758
1036.0545530319214, 0.9012, 2.2356, 1557.313
1038.0546674728394, 0.9012, 2.2355, 1557.263
1040.0547573566437, 0.9012, 2.2356, 1557.231
1042.0548372268677, 0.9012, 2.2356, 1557.019
1044.054937839508, 0.9012, 2.2357, 1556.726
1046.0550377368927, 0.9012, 2.2357, 1556.438
1048.0551166534424, 0.9012, 2.2357, 1556.139
1050.0552186965942, 0.9012, 2.2358, 1555.983
1052.0553233623505, 0.9012, 2.2357, 1555.784
1054.0554049015045, 0.9012, 2.2358, 1555.618
1056.0554885864258, 0.9012, 2.2357, 1555.427
1058.0555670261383, 0.9012, 2.2357, 1555.338
1060.0556678771973, 0.9012, 2.2358, 1555.262
1062.0557672977448, 0.9012, 2.2357, 1555.24
1064.0559194087982, 0.9012, 2.2357, 1555.209
1066.0560052394867, 0.9012, 2.2357, 1555.15
1068.0561044216156, 0.9012, 2.2357, 1555.112
1070.0562398433685, 0.9012, 2.2358, 1555.03
1072.0563275814056, 0.9012, 2.2358, 1554.909
1074.0564255714417, 0.9012, 2.2359, 1554.736
1076.0565612316132, 0.9012, 2.2359, 1554.513
1078.056664466858, 0.9012, 2.2359, 1554.324
1080.0567643642426, 0.9012, 2.236, 1554.111
1082.056866645813, 0.9012, 2.236, 1553.927
1084.0569450855255, 0.9012, 2.2361, 1553.694
1086.0570459365845, 0.9012, 2.2361, 1553.413
1088.0571405887604, 0.9012, 2.2362, 1553.151
1090.0572412014008, 0.9012, 2.2361, 1552.977
1092.0573394298553, 0.9012, 2.2362, 1552.813
1094.0574405193329, 0.9012, 2.2361, 1552.62
1096.0575413703918, 0.9012, 2.2362, 1552.457
1098.0576417446136, 0.9012, 2.2362, 1552.4
1100.0577311515808, 0.9012, 2.2362, 1552.359
1102.057814836502, 0.9012, 2.2361, 1552.338
1104.057907819748, 0.9012, 2.2362, 1552.254
1106.057997226715, 0.9012, 2.2364, 1552.052
1108.0580987930298, 0.9012, 2.2363, 1551.806
1110.058198928833, 0.9012, 2.2364, 1551.471
1112.0583000183105, 0.9012, 2.2363, 1551.168
1114.0584001541138, 0.9012, 2.2364, 1550.896
1116.0584955215454, 0.9012, 2.2364, 1550.774
1118.0586333274841, 0.9012, 2.2365, 1550.593
1120.058715581894, 0.9012, 2.2365, 1550.349
1122.0588150024414, 0.9012, 2.2365, 1550.248
1124.0589191913605, 0.9012, 2.2365, 1550.291
1126.0590212345123, 0.9012, 2.2365, 1550.197
1128.0591025352478, 0.9012, 2.2366, 1550.144
1130.0592019557953, 0.9012, 2.2365, 1549.986
1132.0592851638794, 0.9012, 2.2367, 1549.777
1134.0593712329865, 0.9012, 2.2367, 1549.543
1136.0594718456268, 0.9012, 2.2366, 1549.267
1138.0595500469208, 0.9012, 2.2366, 1549.059
1140.059639453888, 0.9012, 2.2366, 1548.953
1142.0597395896912, 0.9012, 2.2366, 1548.85
1144.0598180294037, 0.9012, 2.2366, 1548.929
1146.0599179267883, 0.9012, 2.2368, 1548.913
1148.0599992275238, 0.9012, 2.2367, 1548.851
1150.0600876808167, 0.9012, 2.2369, 1549.022
1152.0601675510406, 0.9012, 2.2368, 1548.976
1154.0602688789368, 0.9012, 2.2368, 1548.773
1156.0603563785553, 0.9012, 2.2367, 1548.693
1158.0604479312897, 0.9012, 2.2366, 1548.683
1160.0605499744415, 0.9012, 2.2369, 1548.539
1162.0606343746185, 0.9012, 2.2368, 1548.471
1164.0607151985168, 0.9012, 2.2368, 1548.262
1166.0608019828796, 0.9012, 2.2369, 1548.219
1168.060907125473, 0.9012, 2.2369, 1548.002
1170.0610077381134, 0.9012, 2.2369, 1548.237
1172.0610916614532, 0.9012, 2.2369, 1548.269
1174.0611793994904, 0.9012, 2.2369, 1548.059
1176.0613152980804, 0.9012, 2.2369, 1547.711
1178.0614075660706, 0.9012, 2.237, 1547.407
1180.0615062713623, 0.9012, 2.237, 1547.12
1182.0616068840027, 0.9012, 2.237, 1546.902
1184.061707496643, 0.9012, 2.237, 1546.755
1186.0618073940277, 0.9012, 2.237, 1546.66
1188.0618948936462, 0.9012, 2.237, 1546.651
1190.061996936798, 0.9012, 2.2371, 1546.698
1192.0622460842133, 0.9012, 2.237, 1546.854
1194.062348127365, 0.9012, 2.2371, 1546.951
1196.0624577999115, 0.9012, 2.2372, 1546.815
1198.0625762939453, 0.9012, 2.2371, 1546.565
1200.0626635551453, 0.9012, 2.2372, 1546.361
1202.062752008438, 0.9012, 2.2373, 1546.163
1204.0628354549408, 0.9012, 2.2372, 1545.92
1206.062936782837, 0.9012, 2.2372, 1545.66
1208.063021659851, 0.9012, 2.2372, 1545.444
1210.0631077289581, 0.9012, 2.2372, 1545.153
1212.0631883144379, 0.9012, 2.2373, 1544.94
1214.063289642334, 0.9012, 2.2373, 1544.696
1216.0633881092072, 0.9012, 2.2374, 1544.538
1218.063467502594, 0.9012, 2.2374, 1544.295
1220.063553571701, 0.9012, 2.2374, 1544.142
1222.06365442276, 0.9012, 2.2374, 1544.054
1224.0637438297272, 0.9012, 2.2374, 1543.949
1226.0638439655304, 0.9012, 2.2375, 1543.886
1228.0639452934265, 0.9012, 2.2375, 1543.799
1230.064074754715, 0.9012, 2.2376, 1543.651
1232.064176082611, 0.9012, 2.2376, 1543.481
1234.0642771720886, 0.9012, 2.2375, 1543.378
1236.0643796920776, 0.9012, 2.2375, 1543.203
1238.0644631385803, 0.9012, 2.2376, 1543.084
1240.0645561218262, 0.9012, 2.2376, 1542.864
1242.0646510124207, 0.9012, 2.2375, 1542.762
1244.0647344589233, 0.9012, 2.2376, 1542.683
1246.0648131370544, 0.9012, 2.2376, 1542.561
1248.0648956298828, 0.9012, 2.2377, 1542.361
1250.0649971961975, 0.9012, 2.2378, 1542.205
1252.0650963783264, 0.9012, 2.2377, 1542.114
1254.0652046203613, 0.9012, 2.2377, 1542.087
1256.0653059482574, 0.9012, 2.2377, 1542.079
1258.0654129981995, 0.9012, 2.2378, 1541.955
1260.0655014514923, 0.9012, 2.2378, 1541.887
1262.065599679947, 0.9012, 2.2377, 1541.807
1264.0656793117523, 0.9012, 2.2377, 1541.592
1266.0657823085785, 0.9012, 2.2377, 1541.576
1268.065890789032, 0.9012, 2.2378, 1541.496
1270.0659883022308, 0.9012, 2.2378, 1541.379
1272.066091299057, 0.9012, 2.2378, 1541.25
1274.0661919116974, 0.9012, 2.2377, 1541.199
1276.0662753582, 0.9012, 2.2378, 1541.124
1278.0663602352142, 0.9012, 2.2379, 1541.025
1280.0664653778076, 0.9012, 2.2379, 1540.941
1282.0665538311005, 0.9012, 2.2379, 1540.869
1284.0666439533234, 0.9012, 2.2379, 1540.701
1286.066740512848, 0.9012, 2.2379, 1540.444
1288.0668461322784, 0.9012, 2.2379, 1540.254
1290.0669467449188, 0.9012, 2.238, 1540.099
1292.0670983791351, 0.9012, 2.2378, 1539.962
1294.0672323703766, 0.9012, 2.2379, 1539.826
1296.067317724228, 0.9012, 2.2379, 1539.669
1298.0674016475677, 0.9012, 2.238, 1539.555
1300.0674884319305, 0.9012, 2.238, 1539.358
1302.0675888061523, 0.9012, 2.238, 1539.238
1304.067687511444, 0.9012, 2.238, 1539.203
1306.0677864551544, 0.9012, 2.238, 1539.134
1308.0678679943085, 0.9012, 2.2381, 1538.991
1310.0679576396942, 0.9012, 2.238, 1538.964
1312.0680916309357, 0.9012, 2.238, 1538.91
1314.068193435669, 0.9012, 2.2381, 1538.897
1316.0682847499847, 0.9012, 2.2382, 1538.918
1318.0683798789978, 0.9012, 2.238, 1538.966
1320.0684700012207, 0.9012, 2.2381, 1538.936
1322.068556547165, 0.9012, 2.2381, 1538.983
1324.0686569213867, 0.9012, 2.2381, 1538.856
1326.0687561035156, 0.9012, 2.2382, 1538.588
1328.0688636302948, 0.9012, 2.2381, 1538.375
1330.0689465999603, 0.9012, 2.2382, 1538.163
1332.0690467357635, 0.9012, 2.2381, 1538.06
1334.0691452026367, 0.9012, 2.2381, 1537.901
1336.0692267417908, 0.9012, 2.2382, 1537.565
1338.0693249702454, 0.9012, 2.2382, 1537.414
1340.0694253444672, 0.9012, 2.2382, 1537.341
1342.0695254802704, 0.9012, 2.2383, 1537.176
1344.0696251392365, 0.9012, 2.2383, 1537.013
1346.0697283744812, 0.9012, 2.2382, 1536.923
1348.069832086563, 0.9012, 2.2383, 1536.872
1350.0699319839478, 0.9012, 2.2384, 1536.798
1352.0700330734253, 0.9012, 2.2384, 1536.568
1354.0701169967651, 0.9012, 2.2384, 1536.453
1356.0702021121979, 0.9012, 2.2386, 1536.386
1358.0702908039093, 0.9012, 2.2384, 1536.336
1360.0703914165497, 0.9012, 2.2383, 1536.235
1362.0704996585846, 0.9012, 2.2384, 1536.099
1364.0705881118774, 0.9012, 2.2384, 1535.959
1366.070680141449, 0.9012, 2.2384, 1535.836
1368.0708186626434, 0.9012, 2.2386, 1535.683
1370.070954799652, 0.9012, 2.2386, 1535.69
1372.071046590805, 0.9012, 2.2387, 1535.633
1374.071132183075, 0.9012, 2.2386, 1535.481
1376.071228981018, 0.9012, 2.2386, 1535.411
1378.0713148117065, 0.9012, 2.2384, 1535.22
1380.0714116096497, 0.9012, 2.2386, 1535.035
1382.0715126991272, 0.9012, 2.2386, 1534.972
1384.071614742279, 0.9012, 2.2386, 1535.094
1386.0717582702637, 0.9012, 2.2384, 1535.055
1388.07186460495, 0.9012, 2.2387, 1534.914
1390.0719676017761, 0.9012, 2.2386, 1534.787
1392.0720658302307, 0.9012, 2.2387, 1534.68
1394.072169303894, 0.9012, 2.2387, 1534.594
1396.0722515583038, 0.9012, 2.2387, 1534.517
1398.0723390579224, 0.9012, 2.2387, 1534.463
1400.0724258422852, 0.9012, 2.2387, 1534.35
1402.0725269317627, 0.9012, 2.2388, 1534.224
1404.072667837143, 0.9012, 2.2388, 1534.135
1406.0727713108063, 0.9012, 2.2387, 1534.028
1408.0729043483734, 0.9012, 2.2389, 1533.751
1410.0730447769165, 0.9012, 2.2389, 1533.596
1412.0731778144836, 0.9012, 2.2388, 1533.506
1414.0733106136322, 0.9012, 2.2389, 1533.399
1416.0734102725983, 0.9012, 2.2389, 1533.204
1418.07351064682, 0.9012, 2.2389, 1533.003
1420.073651790619, 0.9012, 2.2389, 1532.852
1422.0737540721893, 0.9012, 2.2391, 1532.666
1424.073888540268, 0.9012, 2.2389, 1532.707
1426.0739743709564, 0.9012, 2.2391, 1532.641
1428.0740542411804, 0.9012, 2.239, 1532.474
1430.0741474628448, 0.9012, 2.239, 1532.446
1432.0742495059967, 0.9012, 2.2391, 1532.452
1434.074354171753, 0.9012, 2.2392, 1532.408
1436.0744547843933, 0.9012, 2.2391, 1532.501
1438.0745494365692, 0.9012, 2.2391, 1532.426
1440.074651002884, 0.9012, 2.2391, 1532.281
1442.0747375488281, 0.9012, 2.239, 1532.112
1444.0748715400696, 0.9012, 2.239, 1532.256
1446.075003862381, 0.9012, 2.2391, 1532.187
1448.0751073360443, 0.9012, 2.2391, 1532.08
1450.0752081871033, 0.9012, 2.2392, 1531.952
1452.0753071308136, 0.9012, 2.2392, 1531.834
1454.0754101276398, 0.9012, 2.2392, 1531.724
1456.0755124092102, 0.9012, 2.2393, 1531.518
1458.0756149291992, 0.9012, 2.2392, 1531.392
1460.0757179260254, 0.9012, 2.2392, 1531.215
1462.075796365738, 0.9012, 2.2391, 1531.123
1464.0758967399597, 0.9012, 2.2393, 1531.028
1466.0759992599487, 0.9012, 2.2392, 1530.962
1468.0760989189148, 0.9012, 2.2392, 1530.903
1470.0762057304382, 0.9012, 2.2392, 1530.836
1472.0763070583344, 0.9012, 2.2393, 1530.846
1474.0764093399048, 0.9012, 2.2393, 1530.794
1476.0764932632446, 0.9012, 2.2392, 1530.689
1478.0765943527222, 0.9012, 2.2393, 1530.645
1480.0766954421997, 0.9012, 2.2393, 1530.626
1482.0767974853516, 0.9012, 2.2393, 1530.729
1484.0769016742706, 0.9012, 2.2393, 1530.886
1486.0770018100739, 0.9012, 2.2394, 1530.901
1488.0770936012268, 0.9012, 2.2393, 1530.763
1490.0771934986115, 0.9012, 2.2394, 1530.699
1492.0772926807404, 0.9012, 2.2394, 1530.514
1494.0773918628693, 0.9012, 2.2394, 1530.416
1496.0774927139282, 0.9012, 2.2393, 1530.322
1498.077570438385, 0.9012, 2.2395, 1530.317
1500.0776681900024, 0.9012, 2.2394, 1530.316
1502.0777535438538, 0.9012, 2.2394, 1530.107
1504.0778534412384, 0.9012, 2.2393, 1530.024
1506.07799243927, 0.9012, 2.2395, 1529.879
1508.0780866146088, 0.9012, 2.2395, 1529.616
1510.0781862735748, 0.9012, 2.2395, 1529.395
1512.0782723426819, 0.9012, 2.2394, 1529.399
1514.0783565044403, 0.9012, 2.2394, 1529.517
1516.0784401893616, 0.9012, 2.2394, 1529.56
1518.0785205364227, 0.9012, 2.2395, 1529.508
1520.0786175727844, 0.9012, 2.2394, 1529.38
1522.0787026882172, 0.9012, 2.2396, 1529.346
1524.0788202285767, 0.9012, 2.2395, 1529.5
1526.0789239406586, 0.9012, 2.2395, 1529.482
1528.0790123939514, 0.9012, 2.2394, 1529.285
1530.0791113376617, 0.9012, 2.2394, 1529.1
1532.0792129039764, 0.9012, 2.2395, 1529.005
1534.0792965888977, 0.9012, 2.2395, 1529.134
1536.079392194748, 0.9012, 2.2395, 1529.385
1538.0794923305511, 0.9012, 2.2396, 1529.427
1540.0795896053314, 0.9012, 2.2395, 1529.447
1542.079690694809, 0.9012, 2.2395, 1529.477
1544.0797924995422, 0.9012, 2.2396, 1529.286
1546.079894542694, 0.9012, 2.2396, 1529.071
1548.0799839496613, 0.9012, 2.2396, 1529.15
1550.0800840854645, 0.9012, 2.2396, 1528.97
1552.0802192687988, 0.9012, 2.2395, 1528.777
1554.0803062915802, 0.9012, 2.2395, 1528.529
1556.0804080963135, 0.9011, 2.2395, 1528.452
1558.0804932117462, 0.9012, 2.2395, 1528.669
1560.0805842876434, 0.9012, 2.2396, 1528.557
1562.080687046051, 0.9012, 2.2394, 1528.273
1564.0807900428772, 0.9012, 2.2397, 1528.029
1566.0809299945831, 0.9012, 2.2396, 1527.881
1568.0810253620148, 0.9011, 2.2396, 1527.691
1570.081132888794, 0.9012, 2.2395, 1527.764
1572.0812392234802, 0.9012, 2.2397, 1527.744
1574.081371307373, 0.9012, 2.2397, 1527.599
1576.0815131664276, 0.9012, 2.2397, 1527.525
1578.081603527069, 0.9012, 2.2397, 1527.502
1580.0816869735718, 0.9012, 2.2397, 1527.5
1582.0818357467651, 0.9011, 2.2397, 1527.589
1584.0819373130798, 0.9012, 2.2398, 1527.566
1586.0820231437683, 0.9012, 2.2398, 1527.394
1588.0821096897125, 0.9012, 2.2398, 1527.326
1590.0821950435638, 0.9012, 2.2398, 1527.165
1592.0822916030884, 0.9012, 2.2399, 1527.129
1594.082392692566, 0.9012, 2.2398, 1526.899
1596.0824813842773, 0.9011, 2.2398, 1526.771
1598.0825679302216, 0.9012, 2.2399, 1526.591
1600.0826683044434, 0.9012, 2.2399, 1526.492
1602.0827758312225, 0.9012, 2.24, 1526.425
1604.0828778743744, 0.9012, 2.24, 1526.282
1606.082967042923, 0.9012, 2.24, 1526.095
1608.0830664634705, 0.9012, 2.2399, 1525.992
1610.0831649303436, 0.9012, 2.24, 1525.877
1612.083263874054, 0.9012, 2.24, 1525.858
1614.0833644866943, 0.9012, 2.24, 1525.777
1616.0834646224976, 0.9012, 2.24, 1525.538
1618.0835642814636, 0.9012, 2.2401, 1525.379
1620.0836968421936, 0.9011, 2.2401, 1525.286
1622.0838077068329, 0.9012, 2.24, 1525.299
1624.0838940143585, 0.9012, 2.24, 1525.444
1626.0839970111847, 0.9012, 2.2402, 1525.675
1628.0840990543365, 0.9012, 2.2401, 1525.621
1630.0841994285583, 0.9012, 2.2401, 1525.427
1632.084297657013, 0.9012, 2.2401, 1525.304
1634.0844073295593, 0.9012, 2.2402, 1525.103
1636.084540605545, 0.9012, 2.2401, 1525.008
1638.0846254825592, 0.9012, 2.2401, 1525.069
1640.0847091674805, 0.9011, 2.24, 1525.055
1642.0848014354706, 0.9011, 2.2401, 1524.945
1644.0849351882935, 0.9011, 2.2401, 1524.777
1646.0850174427032, 0.9011, 2.2401, 1524.746
1648.0851023197174, 0.9012, 2.2401, 1524.728
1650.08518242836, 0.9011, 2.2401, 1524.778
1652.085284948349, 0.9012, 2.2401, 1524.458
1654.0853781700134, 0.9011, 2.2401, 1524.364
1656.0854666233063, 0.9012, 2.2403, 1524.466
1658.0855648517609, 0.9011, 2.2402, 1524.267
1660.0856597423553, 0.9012, 2.2402, 1524.298
1662.0857458114624, 0.9012, 2.2402, 1524.249
1664.0858776569366, 0.9012, 2.2403, 1524.101
1666.0859751701355, 0.9012, 2.2404, 1524.032
1668.0860595703125, 0.9012, 2.2404, 1523.886
1670.0861594676971, 0.9012, 2.2404, 1523.78
1672.086259841919, 0.9012, 2.2405, 1523.692
1674.0863575935364, 0.9012, 2.2405, 1523.672
1676.0864584445953, 0.9012, 2.2404, 1523.79
1678.0865590572357, 0.9012, 2.2403, 1523.93
1680.0866401195526, 0.9012, 2.2402, 1524.057
1682.0867245197296, 0.9012, 2.2403, 1524.115
1684.0868151187897, 0.9011, 2.2402, 1524.263
1686.0869114398956, 0.9012, 2.2403, 1524.243
1688.0870094299316, 0.9012, 2.2403, 1524.288
1690.0871124267578, 0.9011, 2.2403, 1524.336
1692.0872077941895, 0.9012, 2.2404, 1524.128
1694.087328195572, 0.9012, 2.2404, 1524.068
1696.087406873703, 0.9012, 2.2404, 1524.025
1698.0875074863434, 0.9012, 2.2403, 1523.984
1700.0876069068909, 0.9012, 2.2403, 1523.789
1702.087711572647, 0.9011, 2.2404, 1523.806
1704.0877964496613, 0.9011, 2.2404, 1523.724
1706.0878942012787, 0.9012, 2.2404, 1523.53
1708.0879952907562, 0.9011, 2.2404, 1523.318
1710.0880951881409, 0.9011, 2.2405, 1523.17
1712.0882279872894, 0.9012, 2.2404, 1523.035
1714.0883066654205, 0.9012, 2.2404, 1522.97
1716.0884058475494, 0.9012, 2.2405, 1523.165
1718.088540315628, 0.9012, 2.2405, 1523.374
1720.0886409282684, 0.9012, 2.2405, 1523.36
1722.0887560844421, 0.9012, 2.2405, 1523.263
1724.0888459682465, 0.9012, 2.2406, 1523.048
1726.088933467865, 0.9012, 2.2406, 1522.817
1728.089019536972, 0.9012, 2.2407, 1522.654
1730.0891025066376, 0.9012, 2.2406, 1522.502
1732.089199066162, 0.9012, 2.2406, 1522.338
1734.0892941951752, 0.9012, 2.2407, 1522.17
1736.089429616928, 0.9012, 2.2407, 1522.018
1738.0895323753357, 0.9012, 2.2407, 1521.838
1740.0896182060242, 0.9012, 2.2406, 1521.713
1742.089698791504, 0.9012, 2.2408, 1521.643
1744.0897889137268, 0.9012, 2.2407, 1521.594
1746.0898928642273, 0.9012, 2.2407, 1521.541
1748.0899934768677, 0.9012, 2.2407, 1521.384
1750.0900757312775, 0.9012, 2.2407, 1521.309
1752.0901687145233, 0.9012, 2.2406, 1521.457
1754.0903058052063, 0.9012, 2.2407, 1521.396
1756.0904443264008, 0.9012, 2.2407, 1521.434
1758.0905482769012, 0.9012, 2.2408, 1521.396
1760.0906493663788, 0.9012, 2.2407, 1521.313
1762.0907328128815, 0.9012, 2.2407, 1521.292
1764.090862751007, 0.9012, 2.2407, 1521.399
1766.0909478664398, 0.9012, 2.2407, 1521.2
1768.091027021408, 0.9012, 2.2407, 1521.059
1770.0911300182343, 0.9012, 2.2407, 1520.869
1772.0912141799927, 0.9011, 2.2407, 1520.77
1774.091314792633, 0.9012, 2.2408, 1520.689
1776.0914115905762, 0.9011, 2.2407, 1520.459
1778.0915162563324, 0.9011, 2.2408, 1520.303
1780.091617822647, 0.9012, 2.2408, 1520.219
1782.091701745987, 0.9012, 2.2409, 1520.095
1784.0918021202087, 0.9012, 2.241, 1519.965
1786.0918929576874, 0.9012, 2.2409, 1519.893
1788.0919778347015, 0.9012, 2.2409, 1519.797
1790.0920827388763, 0.9012, 2.241, 1519.746
1792.092182636261, 0.9012, 2.2409, 1519.695
1794.0922801494598, 0.9012, 2.2409, 1519.734
1796.0923824310303, 0.9012, 2.2409, 1519.805
1798.0924673080444, 0.9012, 2.241, 1519.751
1800.0925590991974, 0.9012, 2.241, 1519.557
1802.0926487445831, 0.9012, 2.241, 1519.493
1804.092737197876, 0.9012, 2.241, 1519.524
1806.0928721427917, 0.9012, 2.241, 1519.636
1808.092975139618, 0.9011, 2.241, 1519.602
1810.093109846115, 0.9012, 2.241, 1519.536
1812.0932416915894, 0.9012, 2.241, 1519.506
1814.0933260917664, 0.9011, 2.241, 1519.507
1816.093418598175, 0.9011, 2.2409, 1519.42
1818.0935525894165, 0.9012, 2.2411, 1519.229
1820.0937049388885, 0.9011, 2.241, 1519.111
1822.093806028366, 0.9012, 2.241, 1519.033
1824.0938963890076, 0.9012, 2.241, 1519.053
1826.094031572342, 0.9011, 2.2411, 1519.012
1828.0941212177277, 0.9012, 2.2411, 1519.039
1830.0942294597626, 0.9011, 2.241, 1519.025
1832.0943608283997, 0.9011, 2.241, 1518.841
1834.0944650173187, 0.9011, 2.2411, 1518.852
1836.094566822052, 0.9011, 2.2411, 1518.922
1838.0946679115295, 0.9012, 2.2411, 1518.715
1840.0947518348694, 0.9012, 2.241, 1518.727
1842.0948605537415, 0.9012, 2.2411, 1518.634
1844.094971895218, 0.9011, 2.2411, 1518.592
1846.0950782299042, 0.9011, 2.241, 1518.646
1848.0951790809631, 0.9011, 2.2409, 1518.616
1850.0952599048615, 0.9011, 2.241, 1518.517
1852.0953617095947, 0.9011, 2.2411, 1518.278
1854.0954451560974, 0.9011, 2.2411, 1518.11
1856.095553636551, 0.9011, 2.2411, 1518.041
1858.0956373214722, 0.9011, 2.2411, 1517.935
1860.0957429409027, 0.9011, 2.2412, 1517.872
1862.0958425998688, 0.9011, 2.2411, 1517.855
1864.095944404602, 0.9011, 2.2411, 1517.854
1866.0960335731506, 0.9011, 2.2411, 1517.83
1868.0961391925812, 0.9011, 2.2412, 1517.921
1870.0962767601013, 0.9011, 2.2411, 1518.111
1872.0963871479034, 0.9011, 2.2411, 1518.097
1874.0965218544006, 0.9011, 2.2412, 1518.013
1876.0966227054596, 0.9012, 2.2412, 1517.938
1878.0967259407043, 0.9012, 2.2412, 1517.825
1880.096834897995, 0.9012, 2.2412, 1517.538
1882.096926689148, 0.9011, 2.2412, 1517.482
1884.0970613956451, 0.9011, 2.2412, 1517.512
1886.0971632003784, 0.9011, 2.2411, 1517.447
1888.0972473621368, 0.9011, 2.2411, 1517.418
1890.097354888916, 0.9011, 2.2412, 1517.352
1892.0974555015564, 0.9011, 2.2412, 1517.338
1894.0975575447083, 0.9011, 2.2413, 1517.321
1896.0976657867432, 0.9012, 2.2412, 1517.31
1898.0977544784546, 0.9012, 2.2412, 1517.468
1900.0978524684906, 0.9011, 2.2412, 1517.672
1902.0979344844818, 0.9011, 2.2411, 1517.94
1904.0980415344238, 0.9011, 2.2412, 1517.939
1906.0981278419495, 0.9011, 2.2412, 1517.842
1908.0982394218445, 0.9011, 2.2412, 1517.751
1910.0983443260193, 0.9011, 2.2411, 1517.755
1912.0984315872192, 0.9011, 2.2413, 1517.702
1914.0985386371613, 0.9012, 2.2413, 1517.441
1916.0986497402191, 0.9011, 2.2413, 1517.218
1918.0987539291382, 0.9011, 2.2413, 1517.017
1920.0988771915436, 0.9011, 2.2414, 1516.783
1922.0989615917206, 0.9011, 2.2413, 1516.692
1924.099044084549, 0.9011, 2.2413, 1516.803
1926.0991351604462, 0.9011, 2.2413, 1517.038
1928.099235534668, 0.9011, 2.2413, 1517.081
1930.099322795868, 0.9011, 2.2413, 1516.855
1932.099404335022, 0.9011, 2.2413, 1516.737
1934.0995383262634, 0.9011, 2.2413, 1516.86
1936.099641084671, 0.9011, 2.2414, 1517.01
1938.0997402668, 0.9011, 2.2412, 1516.999
1940.0998401641846, 0.9011, 2.2412, 1516.872
1942.0999369621277, 0.9011, 2.2413, 1516.766
1944.100040435791, 0.9011, 2.2413, 1516.609
1946.1001687049866, 0.9011, 2.2413, 1516.411
1948.1002705097198, 0.9011, 2.2413, 1516.28
1950.1003711223602, 0.9012, 2.2414, 1516.191
1952.1005096435547, 0.9012, 2.2414, 1516.161
1954.100670337677, 0.9012, 2.2414, 1516.172
1956.10076546669, 0.9011, 2.2414, 1516.348
1958.1008703708649, 0.9012, 2.2414, 1516.448
1960.100970506668, 0.9011, 2.2413, 1516.479
1962.1010751724243, 0.9011, 2.2413, 1516.588
1964.1011774539948, 0.9011, 2.2413, 1516.72
1966.1012797355652, 0.9012, 2.2413, 1516.651
1968.1013822555542, 0.9012, 2.2413, 1516.456
1970.1014795303345, 0.9012, 2.2414, 1516.237
1972.1015787124634, 0.9012, 2.2413, 1516.164
1974.1016836166382, 0.9011, 2.2413, 1516.203
1976.1017715930939, 0.9011, 2.2413, 1516.305
1978.1018736362457, 0.9011, 2.2414, 1516.247
1980.1019649505615, 0.9011, 2.2414, 1515.98
1982.1020584106445, 0.9011, 2.2415, 1515.958
1984.1021485328674, 0.9012, 2.2414, 1515.891
1986.1022310256958, 0.9011, 2.2414, 1515.725
1988.1023139953613, 0.9011, 2.2414, 1515.567
1990.1024169921875, 0.9011, 2.2415, 1515.447
1992.102501153946, 0.9011, 2.2415, 1515.352
1994.1025867462158, 0.9011, 2.2413, 1515.332
1996.1026754379272, 0.9011, 2.2414, 1515.447
1998.102775812149, 0.9011, 2.2415, 1515.461
2000.1028609275818, 0.9011, 2.2414, 1515.365
2002.1029925346375, 0.9011, 2.2415, 1515.351
2004.1030766963959, 0.9011, 2.2415, 1515.356
2006.1031584739685, 0.9012, 2.2416, 1515.221
2008.103245973587, 0.9012, 2.2417, 1515.076
2010.1033337116241, 0.9011, 2.2416, 1515.034
2012.1034195423126, 0.9012, 2.2416, 1515.085
2014.1035511493683, 0.9011, 2.2416, 1515.14
2016.1036388874054, 0.9012, 2.2416, 1515.408
2018.1037232875824, 0.9012, 2.2417, 1515.292
2020.1038074493408, 0.9012, 2.2417, 1515.171
2022.1039063930511, 0.9012, 2.2417, 1515.045
2024.1040172576904, 0.9012, 2.2417, 1515.005
2026.1041238307953, 0.9012, 2.2416, 1514.909
2028.104211807251, 0.9012, 2.2417, 1514.724
2030.1043105125427, 0.9011, 2.2417, 1514.5
2032.1044008731842, 0.9012, 2.2417, 1514.325
2034.1044898033142, 0.9012, 2.2417, 1514.232
2036.104585647583, 0.9012, 2.2417, 1514.046
2038.1046695709229, 0.9011, 2.2417, 1513.882
2040.1047749519348, 0.9011, 2.2417, 1513.813
2042.1048617362976, 0.9011, 2.2417, 1513.796
2044.1049394607544, 0.9012, 2.2418, 1513.724
2046.1050765514374, 0.9011, 2.2418, 1513.725
2048.1051647663116, 0.9011, 2.2418, 1514.047
2050.105253458023, 0.9011, 2.2417, 1514.161
2052.1053454875946, 0.9011, 2.2418, 1514.186
2054.1054475307465, 0.9011, 2.2418, 1514.177
2056.1055891513824, 0.9011, 2.2418, 1514.176
2058.105721950531, 0.9011, 2.2419, 1514.206
2060.105833053589, 0.9011, 2.2417, 1514.165
2062.105919599533, 0.9011, 2.2418, 1514.15
2064.1060132980347, 0.9011, 2.2418, 1514.107
2066.1061069965363, 0.9011, 2.2418, 1514.104
2068.106211423874, 0.9011, 2.2419, 1514.094
2070.106352329254, 0.9011, 2.2419, 1514.037
2072.106447696686, 0.9011, 2.2418, 1513.928
2074.106546163559, 0.9011, 2.2418, 1513.722
2076.1066312789917, 0.9011, 2.2418, 1513.524
2078.106734752655, 0.9011, 2.2419, 1513.444
2080.106823205948, 0.9011, 2.2419, 1513.483
2082.1069190502167, 0.9011, 2.2418, 1513.445
2084.107008457184, 0.9012, 2.2419, 1513.289
2086.1070976257324, 0.9011, 2.2419, 1513.378
2088.1072330474854, 0.9012, 2.2419, 1513.376
2090.107322216034, 0.9012, 2.242, 1513.153
2092.107411623001, 0.9011, 2.242, 1512.911
2094.107560157776, 0.9012, 2.242, 1512.915
2096.1076929569244, 0.9012, 2.242, 1512.93
2098.1077723503113, 0.9012, 2.2421, 1512.805
2100.107862472534, 0.9011, 2.242, 1512.832
2102.107941389084, 0.9012, 2.2419, 1512.692
2104.1080753803253, 0.9011, 2.2419, 1512.596
2106.108160495758, 0.9011, 2.242, 1512.432
2108.1082594394684, 0.9011, 2.2419, 1512.356
2110.108351945877, 0.9012, 2.242, 1512.27
2112.1084518432617, 0.9012, 2.2421, 1512.085
2114.1085484027863, 0.9012, 2.242, 1512.147
2116.108685016632, 0.9012, 2.2421, 1512.11
2118.108781814575, 0.9012, 2.2422, 1512.014
2120.1088860034943, 0.9012, 2.2422, 1511.941
2122.108973264694, 0.9011, 2.2421, 1511.888
2124.1091074943542, 0.9012, 2.242, 1511.826
2126.1092445850372, 0.9012, 2.2421, 1511.884
2128.1093471050262, 0.9012, 2.2422, 1511.962
2130.109444618225, 0.9012, 2.2421, 1512.076
2132.109543800354, 0.9012, 2.2421, 1512.111
2134.1096444129944, 0.9012, 2.2422, 1512.218
2136.1097753047943, 0.9012, 2.2422, 1512.063
2138.1098761558533, 0.9012, 2.2421, 1511.971
2140.109956741333, 0.9012, 2.2421, 1511.885
2142.1100623607635, 0.9012, 2.2422, 1512.038
2144.1101653575897, 0.9012, 2.2422, 1512.086
2146.110251426697, 0.9012, 2.2421, 1512.163
2148.1103386878967, 0.9012, 2.2422, 1512.22
2150.1104414463043, 0.9012, 2.2421, 1512.42
2152.1105496883392, 0.9012, 2.2421, 1512.455
2154.110681772232, 0.9012, 2.2423, 1512.111
2156.1107819080353, 0.9012, 2.2422, 1511.832
2158.1109161376953, 0.9012, 2.2422, 1511.824
2160.1110434532166, 0.9012, 2.2422, 1511.69
2162.111144065857, 0.9012, 2.2423, 1511.583
2164.111222743988, 0.9012, 2.2422, 1511.517
2166.111320734024, 0.9012, 2.2422, 1511.581
2168.1114208698273, 0.9012, 2.2421, 1511.446
2170.1115248203278, 0.9012, 2.2422, 1511.434
2172.1116230487823, 0.9012, 2.2421, 1511.432
2174.1117222309113, 0.9012, 2.2422, 1511.496
2176.111822128296, 0.9012, 2.2421, 1511.577
2178.1119227409363, 0.9012, 2.2422, 1511.629
2180.1120228767395, 0.9012, 2.2423, 1511.584
2182.112120628357, 0.9012, 2.2422, 1511.526
2184.1122188568115, 0.9012, 2.2422, 1511.373
2186.1123189926147, 0.9012, 2.2422, 1511.254
2188.1124188899994, 0.9012, 2.2422, 1511.188
2190.1125259399414, 0.9012, 2.2422, 1511.136
2192.112625837326, 0.9012, 2.2422, 1511.154
2194.1127269268036, 0.9012, 2.2422, 1511.221
2196.1128289699554, 0.9011, 2.2422, 1511.091
2198.11292886734, 0.9012, 2.2423, 1510.893
2200.1130270957947, 0.9012, 2.2423, 1510.814
2202.113126516342, 0.9012, 2.2423, 1510.958
2204.1132237911224, 0.9012, 2.2424, 1511.038
2206.113322496414, 0.9012, 2.2423, 1510.893
2208.1134219169617, 0.9012, 2.2424, 1510.786
2210.1135261058807, 0.9012, 2.2424, 1510.623
2212.1136252880096, 0.9012, 2.2424, 1510.572
2214.1137235164642, 0.9012, 2.2424, 1510.662
2216.113826274872, 0.9012, 2.2423, 1510.941
2218.113957643509, 0.9012, 2.2423, 1510.981
2220.1140582561493, 0.9012, 2.2424, 1510.894
2222.1141364574432, 0.9011, 2.2423, 1510.674
2224.114221096039, 0.9011, 2.2424, 1510.572
2226.11430311203, 0.9012, 2.2423, 1510.458
2228.114403486252, 0.9012, 2.2424, 1510.562
2230.1145100593567, 0.9011, 2.2423, 1510.641
2232.1146104335785, 0.9011, 2.2423, 1510.644
2234.1147100925446, 0.9012, 2.2424, 1510.512
2236.114798307419, 0.9012, 2.2424, 1510.309
2238.114899635315, 0.9012, 2.2424, 1510.252
2240.1150000095367, 0.9011, 2.2424, 1510.266
2242.115101337433, 0.9012, 2.2424, 1510.205
2244.1152334213257, 0.9012, 2.2424, 1510.494
2246.115364074707, 0.9011, 2.2424, 1510.64
2248.115461587906, 0.9011, 2.2424, 1510.426
2250.1155421733856, 0.9011, 2.2424, 1510.241
2252.115639925003, 0.9011, 2.2424, 1510.237
2254.1157755851746, 0.9011, 2.2423, 1510.154
2256.115891456604, 0.9012, 2.2423, 1510.026
2258.11599111557, 0.9012, 2.2425, 1509.821
2260.116090774536, 0.9012, 2.2425, 1509.908
2262.116190433502, 0.9011, 2.2424, 1510.116
2264.11629319191, 0.9012, 2.2424, 1510.175
2266.116407394409, 0.9011, 2.2423, 1510.173
2268.116515636444, 0.9012, 2.2424, 1509.993
2270.1166594028473, 0.9012, 2.2424, 1509.801
2272.1167652606964, 0.9012, 2.2424, 1509.604
2274.116870164871, 0.9012, 2.2425, 1509.368
2276.1169674396515, 0.9012, 2.2425, 1509.172
2278.117056131363, 0.9012, 2.2425, 1509.053
2280.1171429157257, 0.9012, 2.2425, 1509.028
2282.117235183716, 0.9011, 2.2425, 1509.085
2284.1173367500305, 0.9012, 2.2425, 1509.088
2286.117438316345, 0.9012, 2.2424, 1509.274
2288.1175441741943, 0.9012, 2.2425, 1509.363
2290.117646217346, 0.9012, 2.2425, 1509.191
2292.117751121521, 0.9012, 2.2425, 1509.182
2294.1178481578827, 0.9011, 2.2425, 1509.234
2296.117948293686, 0.9012, 2.2425, 1509.278
2298.118051290512, 0.9012, 2.2425, 1509.117
2300.1181530952454, 0.9012, 2.2425, 1508.988
2302.1182198524475, 0.9012, 2.2425, 1508.961
2304.1183042526245, 0.9012, 2.2425, 1508.96
2306.1184062957764, 0.9012, 2.2424, 1508.935
2308.118490219116, 0.9012, 2.2425, 1509.024
2310.1185727119446, 0.9012, 2.2424, 1508.986
2312.1186769008636, 0.9012, 2.2426, 1508.875
2314.118813276291, 0.9012, 2.2426, 1508.8
2316.11891412735, 0.9012, 2.2427, 1508.6
2318.1190173625946, 0.9012, 2.2425, 1508.513
2320.119120836258, 0.9012, 2.2425, 1508.479
2322.1192259788513, 0.9011, 2.2425, 1508.475
2324.1193282604218, 0.9012, 2.2425, 1508.45
2326.119430065155, 0.9012, 2.2426, 1508.358
2328.119522333145, 0.9012, 2.2426, 1508.235
2330.1196196079254, 0.9011, 2.2427, 1508.171
2332.11971783638, 0.9012, 2.2425, 1508.14
2334.1198194026947, 0.9011, 2.2426, 1507.983
2336.1199197769165, 0.9011, 2.2425, 1507.982
2338.1200194358826, 0.9012, 2.2426, 1507.975
2340.1201009750366, 0.9012, 2.2426, 1507.933
2342.1201808452606, 0.9011, 2.2426, 1507.763
2344.1202812194824, 0.9012, 2.2427, 1507.744
2346.120367050171, 0.9012, 2.2427, 1507.715
2348.1204466819763, 0.9012, 2.2428, 1507.635
2350.1205472946167, 0.9012, 2.2428, 1507.52
2352.120645046234, 0.9012, 2.2428, 1507.369
2354.1207447052, 0.9012, 2.2428, 1507.173
2356.1208448410034, 0.9011, 2.2427, 1507.076
2358.120944738388, 0.9011, 2.2427, 1506.983
2360.121079683304, 0.9012, 2.2428, 1506.774
2362.121185064316, 0.9012, 2.2428, 1506.663
2364.121284723282, 0.9012, 2.2429, 1506.807
2366.12136387825, 0.9011, 2.2429, 1506.8
2368.1214656829834, 0.9012, 2.2428, 1506.824
2370.121551513672, 0.9012, 2.2429, 1506.743
2372.121659755707, 0.9011, 2.2429, 1506.749
2374.1217601299286, 0.9011, 2.2429, 1506.686
2376.12189245224, 0.9012, 2.2429, 1506.649
2378.1219844818115, 0.9012, 2.243, 1506.503
2380.1220684051514, 0.9012, 2.2429, 1506.501
2382.1221492290497, 0.9012, 2.2429, 1506.624
2384.122232198715, 0.9011, 2.243, 1506.65
2386.122333049774, 0.9011, 2.2428, 1506.75
2388.1224324703217, 0.9011, 2.2429, 1506.755
2390.122544527054, 0.9012, 2.243, 1506.788
2392.1226251125336, 0.9011, 2.2429, 1506.849
2394.122725248337, 0.9012, 2.2429, 1506.862
2396.12282538414, 0.9012, 2.243, 1506.834
2398.12295126915, 0.9011, 2.2428, 1506.845
2400.1230540275574, 0.9012, 2.2428, 1506.787
2402.12314081192, 0.9011, 2.243, 1506.676
2404.1232302188873, 0.9012, 2.2429, 1506.578
2406.1233127117157, 0.9012, 2.2429, 1506.44
2408.123423576355, 0.9011, 2.2429, 1506.376
2410.1235053539276, 0.9011, 2.2429, 1506.342
2412.1235930919647, 0.9012, 2.243, 1506.246
2414.1236896514893, 0.9012, 2.2431, 1506.148
2416.1237790584564, 0.9011, 2.243, 1506.022
2418.123881816864, 0.9012, 2.243, 1505.867
2420.1239614486694, 0.9011, 2.243, 1505.742
2422.124043226242, 0.9012, 2.243, 1505.738
2424.1241447925568, 0.9011, 2.243, 1505.828
2426.1242434978485, 0.9012, 2.2431, 1505.763
2428.12432718277, 0.9011, 2.2432, 1505.758
2430.1244184970856, 0.9012, 2.2432, 1505.638
2432.124507188797, 0.9011, 2.2431, 1505.467
2434.1245925426483, 0.9011, 2.2431, 1505.328
2436.1246757507324, 0.9011, 2.2432, 1505.356
2438.124764919281, 0.9012, 2.2431, 1505.228
2440.124848127365, 0.9012, 2.2431, 1505.442
2442.1249492168427, 0.9012, 2.2431, 1505.707
2444.1250324249268, 0.9012, 2.243, 1505.877
2446.125116586685, 0.9011, 2.2429, 1506.053
2448.1251990795135, 0.9011, 2.2429, 1506.077
2450.1252858638763, 0.9012, 2.243, 1505.933
2452.1253895759583, 0.9012, 2.243, 1505.834
2454.125491142273, 0.9011, 2.243, 1505.658
2456.1255946159363, 0.9011, 2.243, 1505.865
2458.1256852149963, 0.9012, 2.243, 1505.989
2460.1257886886597, 0.9012, 2.243, 1505.942
2462.1258914470673, 0.9011, 2.243, 1505.919
2464.125992298126, 0.9011, 2.243, 1505.838
2466.1260945796967, 0.9012, 2.2429, 1505.91
2468.1261970996857, 0.9012, 2.243, 1505.746
2470.126279115677, 0.9011, 2.2429, 1505.586
2472.126366376877, 0.9011, 2.243, 1505.41
2474.1264674663544, 0.9011, 2.2431, 1505.161
2476.126563310623, 0.9012, 2.2431, 1504.974
2478.1266441345215, 0.9011, 2.2431, 1504.96
2480.1267488002777, 0.9011, 2.2431, 1504.909
2482.126833677292, 0.9011, 2.2432, 1504.882
2484.1269159317017, 0.9011, 2.2432, 1504.854
2486.1270020008087, 0.9011, 2.2432, 1504.799
2488.1270847320557, 0.9012, 2.2431, 1504.803
2490.1271715164185, 0.9011, 2.2431, 1504.833
2492.127274751663, 0.9011, 2.2431, 1504.951
2494.127382516861, 0.9012, 2.2432, 1504.917
2496.127517223358, 0.9011, 2.2431, 1504.773
2498.127622127533, 0.9011, 2.2431, 1504.631
2500.1277236938477, 0.9011, 2.2432, 1504.546
2502.1278128623962, 0.9011, 2.2433, 1504.433
2504.1279170513153, 0.9011, 2.2432, 1504.298
2506.128019094467, 0.9011, 2.2431, 1504.169
2508.128099679947, 0.9011, 2.2432, 1503.997
2510.128233194351, 0.9011, 2.2432, 1503.851
2512.1283750534058, 0.9011, 2.2432, 1503.799
2514.1284685134888, 0.9012, 2.2433, 1503.889
2516.1285541057587, 0.9011, 2.2432, 1504.035
2518.128636598587, 0.9011, 2.2432, 1504.194
2520.128734111786, 0.9012, 2.2433, 1504.257
2522.12881064415, 0.9011, 2.2433, 1504.285
2524.128908395767, 0.9012, 2.2432, 1504.393
2526.128986597061, 0.9012, 2.2433, 1504.446
2528.1290650367737, 0.9012, 2.2433, 1504.624
2530.129141330719, 0.9011, 2.2434, 1504.512
2532.1292395591736, 0.9012, 2.2433, 1504.231
2534.1293320655823, 0.9012, 2.2433, 1504.011
2536.1294662952423, 0.9012, 2.2433, 1503.969
2538.1295959949493, 0.9012, 2.2432, 1504.009
2540.1296949386597, 0.9012, 2.2433, 1504.111
2542.1297974586487, 0.9012, 2.2433, 1504.034
2544.1299045085907, 0.9012, 2.2433, 1503.895
2546.1300399303436, 0.9012, 2.2433, 1503.839
2548.130146741867, 0.9011, 2.2432, 1503.902
2550.1302330493927, 0.9011, 2.2433, 1504.048
2552.130333185196, 0.9011, 2.2433, 1504.123
2554.130436897278, 0.9011, 2.2432, 1503.921
2556.130562543869, 0.9011, 2.2432, 1503.809
2558.130679130554, 0.9011, 2.2433, 1503.734
2560.1307640075684, 0.9011, 2.2433, 1503.665
2562.1308505535126, 0.9011, 2.2432, 1503.748
2564.13099360466, 0.9011, 2.2433, 1503.608
2566.131093978882, 0.9011, 2.2433, 1503.565
2568.131189107895, 0.9012, 2.2432, 1503.652
2570.1312952041626, 0.9011, 2.2432, 1503.817
2572.1313860416412, 0.9012, 2.2432, 1503.616
2574.1314787864685, 0.9011, 2.2433, 1503.43
2576.131582736969, 0.9011, 2.2432, 1503.223
2578.131671667099, 0.9011, 2.2433, 1503.283
2580.1318049430847, 0.9011, 2.2432, 1503.296
2582.131906270981, 0.9011, 2.2433, 1503.363
2584.1320099830627, 0.9011, 2.2433, 1503.37
2586.1321110725403, 0.9011, 2.2434, 1503.346
2588.1322100162506, 0.9011, 2.2433, 1503.335
2590.1323091983795, 0.9011, 2.2433, 1503.217
2592.1324021816254, 0.9011, 2.2433, 1503.15
2594.132486820221, 0.9012, 2.2433, 1503.072
2596.1325755119324, 0.9011, 2.2434, 1503.008
2598.1326615810394, 0.9011, 2.2433, 1502.972
2600.1327469348907, 0.9011, 2.2433, 1502.969
2602.1328508853912, 0.9011, 2.2434, 1502.97
2604.132970571518, 0.9011, 2.2434, 1502.956
2606.133066892624, 0.9012, 2.2435, 1502.937
2608.133156299591, 0.9012, 2.2435, 1502.936
2610.133236646652, 0.9012, 2.2434, 1502.997
2612.1333270072937, 0.9011, 2.2434, 1503.003
2614.1334223747253, 0.9011, 2.2434, 1502.946
2616.1335113048553, 0.9011, 2.2434, 1502.978
2618.1335954666138, 0.9011, 2.2434, 1502.944
2620.133699655533, 0.9012, 2.2434, 1502.84
2622.133834838867, 0.9011, 2.2435, 1502.637
2624.1339361667633, 0.9012, 2.2434, 1502.475
2626.1340188980103, 0.9011, 2.2435, 1502.565
2628.134131193161, 0.9011, 2.2433, 1502.714
2630.1342327594757, 0.9011, 2.2435, 1502.8
2632.1343338489532, 0.9011, 2.2433, 1502.923
2634.1344306468964, 0.9011, 2.2434, 1503.068
2636.134512424469, 0.9011, 2.2435, 1503.155
2638.1345632076263, 0.9012, 2.2434, 1503.229
2640.1346616744995, 0.9011, 2.2433, 1503.364
2642.134747505188, 0.9011, 2.2433, 1503.598
2644.1348814964294, 0.9011, 2.2434, 1503.621
2646.135016679764, 0.9011, 2.2434, 1503.75
2648.1351187229156, 0.9012, 2.2434, 1503.517
2650.1352076530457, 0.9012, 2.2434, 1503.322
2652.135308265686, 0.9011, 2.2433, 1503.27
2654.135394334793, 0.9012, 2.2434, 1503.121
2656.1355307102203, 0.9012, 2.2434, 1503.03
2658.135631799698, 0.9012, 2.2433, 1503.043
2660.1357588768005, 0.9012, 2.2434, 1503.028
2662.135885477066, 0.9012, 2.2434, 1503.016
2664.1359901428223, 0.9012, 2.2434, 1502.91
2666.136125087738, 0.9012, 2.2434, 1502.752
2668.1362211704254, 0.9012, 2.2435, 1502.648
2670.136309146881, 0.9012, 2.2435, 1502.495
2672.136406183243, 0.9012, 2.2436, 1502.474
2674.136544942856, 0.9012, 2.2437, 1502.381
2676.1366288661957, 0.9012, 2.2437, 1502.187
2678.1367280483246, 0.9012, 2.2436, 1502.171
2680.136830329895, 0.9012, 2.2436, 1502.268
2682.1369256973267, 0.9012, 2.2437, 1502.18
2684.137053966522, 0.9012, 2.2435, 1502.235
2686.137141942978, 0.9012, 2.2437, 1502.302
2688.1372771263123, 0.9012, 2.2436, 1502.185
2690.1373682022095, 0.9012, 2.2436, 1502.355
2692.1374707221985, 0.9012, 2.2437, 1502.244
2694.1375749111176, 0.9012, 2.2437, 1501.99
2696.137673139572, 0.9012, 2.2437, 1501.805
2698.1377832889557, 0.9012, 2.2437, 1501.933
2700.137899875641, 0.9012, 2.2437, 1501.994
2702.1379778385162, 0.9012, 2.2436, 1501.981
2704.1380803585052, 0.9012, 2.2438, 1501.946
2706.138177394867, 0.9011, 2.2437, 1501.809
2708.1382632255554, 0.9012, 2.2437, 1501.653
2710.1383662223816, 0.9012, 2.2438, 1501.563
2712.1384658813477, 0.9012, 2.2437, 1501.496
2714.138568878174, 0.9012, 2.2436, 1501.421
2716.13867020607, 0.9012, 2.2438, 1501.31
2718.138771533966, 0.9012, 2.2437, 1501.403
2720.1388742923737, 0.9011, 2.2437, 1501.455
2722.1389532089233, 0.9011, 2.2437, 1501.512
2724.1390380859375, 0.9012, 2.2437, 1501.591
2726.1391217708588, 0.9012, 2.2437, 1501.573
2728.139204263687, 0.9012, 2.2438, 1501.599
2730.1392905712128, 0.9011, 2.2437, 1501.521
2732.13937664032, 0.9012, 2.2438, 1501.343
2734.1394622325897, 0.9012, 2.244, 1501.311
2736.139548301697, 0.9011, 2.2437, 1501.359
2738.13964509964, 0.9012, 2.2438, 1501.41
2740.139737844467, 0.9012, 2.2437, 1501.428
2742.1398310661316, 0.9012, 2.2438, 1501.361
2744.139933347702, 0.9012, 2.2438, 1501.422
2746.1400322914124, 0.9012, 2.2437, 1501.373
2748.14013171196, 0.9012, 2.2438, 1501.259
2750.1402254104614, 0.9011, 2.2437, 1501.158
2752.140326023102, 0.9012, 2.2438, 1500.983
2754.1404581069946, 0.9012, 2.2438, 1500.816
2756.1405930519104, 0.9012, 2.2438, 1500.634
2758.1406769752502, 0.9011, 2.2437, 1500.451
2760.1407775878906, 0.9011, 2.2438, 1500.486
2762.140878200531, 0.9012, 2.2439, 1500.582
2764.1409800052643, 0.9012, 2.2439, 1500.469
2766.1410818099976, 0.9012, 2.2438, 1500.348
2768.141180038452, 0.9012, 2.2439, 1500.439
2770.141267299652, 0.9011, 2.2438, 1500.46
2772.141373872757, 0.9012, 2.2439, 1500.178
2774.141457557678, 0.9011, 2.2439, 1499.953
2776.141542673111, 0.9012, 2.2439, 1499.791
2778.1416301727295, 0.9012, 2.2437, 1499.802
2780.1417133808136, 0.9012, 2.2438, 1499.628
2782.1418495178223, 0.9011, 2.2437, 1499.607
2784.141947031021, 0.9012, 2.2438, 1499.845
2786.142040491104, 0.9012, 2.2438, 1500.132
2788.1421251296997, 0.9011, 2.2437, 1500.48
2790.1422238349915, 0.9012, 2.2437, 1500.775
2792.1423041820526, 0.9012, 2.2437, 1500.967
2794.142384290695, 0.9012, 2.2437, 1500.926
2796.1424882411957, 0.9012, 2.2437, 1500.9
2798.1425988674164, 0.9011, 2.2436, 1500.851
2800.1427009105682, 0.9011, 2.2436, 1500.906
2802.142798423767, 0.9011, 2.2436, 1501.069
2804.142884016037, 0.9011, 2.2436, 1501.253
2806.142976284027, 0.9011, 2.2436, 1501.621
2808.14311170578, 0.9011, 2.2437, 1501.6
2810.143218278885, 0.9011, 2.2436, 1501.471
2812.143325805664, 0.9011, 2.2435, 1501.443
2814.1434140205383, 0.9011, 2.2436, 1501.437
2816.1435191631317, 0.9011, 2.2435, 1501.407
2818.143622159958, 0.9011, 2.2435, 1501.147
2820.143720149994, 0.9011, 2.2436, 1500.955
2822.1438064575195, 0.9011, 2.2437, 1500.914
2824.143899679184, 0.9011, 2.2438, 1500.74
2826.143982887268, 0.9011, 2.2437, 1500.705
2828.1440773010254, 0.9011, 2.2438, 1500.729
2830.144162416458, 0.9011, 2.2437, 1500.683
2832.144263982773, 0.9011, 2.2437, 1500.624
2834.1443667411804, 0.9011, 2.2437, 1500.504
2836.1444680690765, 0.9011, 2.2438, 1500.427
2838.1445693969727, 0.9011, 2.2439, 1500.308
2840.144672393799, 0.9012, 2.2439, 1500.253
2842.1447579860687, 0.9012, 2.2439, 1500.138
2844.1448452472687, 0.9011, 2.2438, 1499.985
2846.1449394226074, 0.9012, 2.2439, 1499.844
2848.145031452179, 0.9012, 2.2439, 1499.849
2850.145117521286, 0.9011, 2.2438, 1499.812
2852.145201444626, 0.9011, 2.2438, 1499.943
2854.1453449726105, 0.9011, 2.2439, 1500.065
2856.1454310417175, 0.9011, 2.2437, 1500.001
2858.1455256938934, 0.9011, 2.2439, 1500.111
2860.145631790161, 0.9011, 2.2439, 1500.134
2862.1457324028015, 0.9011, 2.2439, 1499.963
2864.1458344459534, 0.9012, 2.2439, 1500.002
2866.145936012268, 0.9012, 2.2439, 1500.031
2868.1460185050964, 0.9012, 2.2439, 1500.049
2870.146103143692, 0.9011, 2.2439, 1499.9
2872.146185398102, 0.9012, 2.2439, 1499.908
2874.1462721824646, 0.9011, 2.2438, 1499.985
2876.1463747024536, 0.9012, 2.2439, 1500.042
2878.1464807987213, 0.9011, 2.2439, 1500.015
2880.1465854644775, 0.9011, 2.2439, 1500.057
2882.1466886997223, 0.9011, 2.2439, 1500.051
2884.146786212921, 0.9011, 2.2438, 1499.891
2886.1468827724457, 0.9011, 2.2439, 1499.709
2888.1469860076904, 0.9012, 2.244, 1499.679
2890.147119283676, 0.9012, 2.2439, 1499.688
2892.1472084522247, 0.9012, 2.2441, 1499.584
2894.147296667099, 0.9012, 2.2439, 1499.505
2896.147399663925, 0.9012, 2.2439, 1499.639
2898.1474826335907, 0.9012, 2.2439, 1499.762
2900.147583961487, 0.9012, 2.244, 1499.909
2902.147733449936, 0.9011, 2.2439, 1500.178
2904.147822856903, 0.9011, 2.2439, 1500.286
2906.1479597091675, 0.9012, 2.2439, 1500.225
2908.1480436325073, 0.9011, 2.2439, 1500.262
2910.1481425762177, 0.9011, 2.2439, 1500.452
2912.148249387741, 0.9011, 2.2438, 1500.815
2914.148347377777, 0.9011, 2.2438, 1501.018
2916.1484594345093, 0.9011, 2.2437, 1501.042
2918.1485505104065, 0.9011, 2.2438, 1500.929
2920.1486492156982, 0.9011, 2.2437, 1500.921
2922.1487276554108, 0.9011, 2.2438, 1500.653
2924.148829460144, 0.9011, 2.2437, 1500.638
2926.148929834366, 0.9012, 2.2438, 1500.428
2928.149031639099, 0.9012, 2.2438, 1500.375
2930.149132013321, 0.9011, 2.2437, 1500.389
2932.149216890335, 0.9011, 2.2438, 1500.42
2934.1493003368378, 0.9012, 2.2439, 1500.45
2936.149393081665, 0.9012, 2.2438, 1500.373
2938.1494958400726, 0.9011, 2.2437, 1500.346
2940.149638414383, 0.9011, 2.2437, 1500.331
2942.149744987488, 0.9011, 2.2439, 1500.353
2944.149858236313, 0.9012, 2.2438, 1500.257
2946.1499495506287, 0.9011, 2.2439, 1500.364
2948.1500549316406, 0.9012, 2.2439, 1500.276
2950.1501536369324, 0.9011, 2.2438, 1500.286
2952.1502594947815, 0.9011, 2.2439, 1500.508
2954.1503438949585, 0.9012, 2.2439, 1500.41
2956.15047621727, 0.9011, 2.2439, 1500.372
2958.150567293167, 0.9012, 2.2438, 1500.397
2960.15065741539, 0.9011, 2.2438, 1500.555
2962.150761604309, 0.9011, 2.2438, 1500.411
2964.150847673416, 0.9011, 2.2437, 1500.438
2966.1509370803833, 0.9011, 2.2437, 1500.426
2968.1510195732117, 0.9011, 2.2438, 1500.613
2970.1511013507843, 0.9011, 2.2438, 1500.59
2972.151202917099, 0.9011, 2.2437, 1500.517
2974.1513102054596, 0.9012, 2.2439, 1500.452
2976.1513974666595, 0.9012, 2.2438, 1500.377
2978.151486635208, 0.9011, 2.2439, 1500.068
2980.1515743732452, 0.9011, 2.2438, 1499.959
2982.151656627655, 0.9011, 2.2439, 1499.834
2984.151742219925, 0.9011, 2.2438, 1499.71
2986.151828765869, 0.9012, 2.244, 1499.627
2988.151916742325, 0.9011, 2.2439, 1499.514
2990.152017593384, 0.9011, 2.244, 1499.305
2992.1521203517914, 0.9011, 2.244, 1499.335
2994.152219772339, 0.9011, 2.244, 1499.296
2996.1523287296295, 0.9011, 2.244, 1499.245
2998.1524341106415, 0.9011, 2.244, 1499.204
3000.15256857872, 0.9012, 2.2441, 1499.124
3002.152652978897, 0.9012, 2.2441, 1499.183
3004.1527540683746, 0.9012, 2.244, 1499.03
3006.1528873443604, 0.9012, 2.244, 1498.962
3008.1530301570892, 0.9011, 2.244, 1498.954
3010.153134584427, 0.9011, 2.244, 1499.051
3012.1532373428345, 0.9012, 2.244, 1499.002
3014.153341293335, 0.9012, 2.2441, 1499.128
3016.153424501419, 0.9012, 2.244, 1499.062
3018.1535243988037, 0.9012, 2.244, 1498.98
3020.1536276340485, 0.9011, 2.2441, 1498.923
3022.1537318229675, 0.9011, 2.244, 1499.062
3024.1538190841675, 0.9011, 2.2441, 1498.982
3026.1539013385773, 0.9012, 2.2441, 1498.877
3028.1539855003357, 0.9011, 2.244, 1498.711
3030.1540715694427, 0.9011, 2.2441, 1498.439
3032.15415930748, 0.9011, 2.2441, 1498.406
3034.1542592048645, 0.9011, 2.2441, 1498.36
3036.1543488502502, 0.9011, 2.2441, 1498.164
3038.1544830799103, 0.9012, 2.244, 1498.133
3040.154554128647, 0.9011, 2.244, 1498.162
3042.154639005661, 0.9011, 2.2441, 1498.174
3044.1547317504883, 0.9012, 2.2442, 1498.195
3046.1548342704773, 0.9011, 2.2441, 1498.098
3048.1549801826477, 0.9011, 2.2441, 1498.238
3050.1551201343536, 0.9011, 2.2441, 1498.633
3052.155219078064, 0.9012, 2.2441, 1498.633
3054.1553218364716, 0.9011, 2.244, 1498.691
3056.155407190323, 0.9011, 2.244, 1498.661
3058.155508995056, 0.9011, 2.2439, 1498.57
3060.1556453704834, 0.9011, 2.244, 1498.539
3062.155734539032, 0.9011, 2.244, 1498.578
3064.1558368206024, 0.9011, 2.2441, 1498.513
3066.155967235565, 0.9011, 2.244, 1498.389
3068.1560685634613, 0.9011, 2.2441, 1498.258
3070.1561555862427, 0.9011, 2.2441, 1498.146
3072.156238794327, 0.9011, 2.2442, 1498.018
3074.15634226799, 0.9011, 2.2441, 1497.822
3076.156445980072, 0.9011, 2.2442, 1497.745
3078.1565465927124, 0.9012, 2.2442, 1497.704
3080.1566557884216, 0.9011, 2.2442, 1497.704
3082.1567616462708, 0.9011, 2.2443, 1497.979
3084.156899213791, 0.9012, 2.2442, 1498.238
3086.157004594803, 0.9011, 2.2442, 1498.17
3088.157107114792, 0.9011, 2.2442, 1498.105
3090.1572449207306, 0.9011, 2.2441, 1498.158
3092.1573407649994, 0.9011, 2.2441, 1497.907
3094.157441139221, 0.9011, 2.2441, 1497.681
3096.1575429439545, 0.9011, 2.2442, 1497.389
3098.1576385498047, 0.9011, 2.2442, 1497.347
3100.1577389240265, 0.9011, 2.2441, 1497.496
3102.1578216552734, 0.9011, 2.2442, 1497.902
3104.1579082012177, 0.9011, 2.2442, 1497.998
3106.157991886139, 0.9011, 2.2442, 1497.845
3108.1580924987793, 0.9011, 2.2442, 1497.84
3110.1582305431366, 0.9011, 2.2441, 1497.679
3112.158328294754, 0.9011, 2.244, 1497.452
3114.158409833908, 0.9011, 2.2441, 1497.432
3116.158497571945, 0.9011, 2.2443, 1497.38
3118.158599615097, 0.9011, 2.2441, 1497.425
3120.158699989319, 0.9011, 2.2441, 1497.546
3122.1588003635406, 0.9011, 2.2441, 1497.68
3124.158907175064, 0.9011, 2.2442, 1497.614
3126.159008026123, 0.9011, 2.2442, 1497.466
3128.1591448783875, 0.9012, 2.2442, 1497.427
3130.1592490673065, 0.9012, 2.2443, 1497.32
3132.1593430042267, 0.9011, 2.2442, 1497.244
3134.1594972610474, 0.9012, 2.2442, 1497.21
3136.1595997810364, 0.9012, 2.2442, 1497.181
3138.1596994400024, 0.9012, 2.2443, 1497.243
3140.1598012447357, 0.9012, 2.2443, 1497.459
3142.1599004268646, 0.9011, 2.2444, 1497.498
3144.1600024700165, 0.9011, 2.2442, 1497.306
3146.160103559494, 0.9011, 2.2444, 1497.167
3148.1602025032043, 0.9011, 2.2443, 1497.022
3150.1603088378906, 0.9011, 2.2443, 1497.0
3152.1604437828064, 0.9011, 2.2442, 1496.985
3154.1605401039124, 0.9011, 2.2443, 1496.912
3156.1606481075287, 0.9012, 2.2443, 1496.871
3158.1607353687286, 0.9011, 2.2444, 1496.853
3160.160835981369, 0.9011, 2.2443, 1496.872
3162.160937309265, 0.9011, 2.2443, 1496.995
3164.161041736603, 0.9011, 2.2443, 1496.985
3166.1611449718475, 0.9011, 2.2443, 1496.914
3168.161246061325, 0.9011, 2.2443, 1496.96
3170.161346912384, 0.9011, 2.2441, 1497.003
3172.1614475250244, 0.9011, 2.2443, 1496.854
3174.1615493297577, 0.9011, 2.2443, 1496.766
3176.161642074585, 0.9011, 2.2443, 1496.765
3178.1617770195007, 0.9011, 2.2442, 1496.892
3180.1618638038635, 0.9011, 2.2442, 1497.09
3182.1619651317596, 0.9011, 2.2443, 1497.29
3184.162050962448, 0.9011, 2.2443, 1497.443
3186.162136554718, 0.9011, 2.2441, 1497.601
3188.1622273921967, 0.9011, 2.2442, 1497.66
3190.1623668670654, 0.9011, 2.2441, 1497.653
3192.1624670028687, 0.9011, 2.2442, 1497.708
3194.1625561714172, 0.9011, 2.2443, 1497.457
3196.1626427173615, 0.9011, 2.2442, 1497.215
3198.1627266407013, 0.9011, 2.2442, 1497.003
3200.162815093994, 0.9011, 2.2442, 1497.163
3202.1628999710083, 0.9011, 2.2443, 1497.283
3204.163004875183, 0.9012, 2.2443, 1497.139
3206.1631071567535, 0.9012, 2.2444, 1497.161
3208.1632101535797, 0.9012, 2.2442, 1497.259
3210.1633112430573, 0.9011, 2.2444, 1497.347
3212.163414955139, 0.9011, 2.2442, 1497.363
3214.163502931595, 0.9012, 2.2443, 1497.363
3216.1636090278625, 0.9012, 2.2444, 1497.301
3218.1637151241302, 0.9011, 2.2444, 1497.386
3220.1638147830963, 0.9011, 2.2443, 1497.399
3222.1639466285706, 0.9012, 2.2443, 1497.266
3224.1640808582306, 0.9011, 2.2443, 1497.246
3226.1641817092896, 0.9012, 2.2443, 1497.184
3228.1642673015594, 0.9011, 2.2443, 1497.113
3230.16436624527, 0.9011, 2.2443, 1497.046
3232.1644673347473, 0.9012, 2.2442, 1497.088
3234.164561033249, 0.9011, 2.2443, 1497.22
3236.1646625995636, 0.9011, 2.2443, 1497.193
3238.1647975444794, 0.9011, 2.2442, 1497.156
3240.164933204651, 0.9011, 2.2443, 1497.046
3242.165062904358, 0.9011, 2.2444, 1496.93
3244.1651980876923, 0.9011, 2.2443, 1496.839
3246.1652867794037, 0.9012, 2.2444, 1496.977
3248.1653752326965, 0.9011, 2.2444, 1497.055
3250.1654765605927, 0.9011, 2.2443, 1497.002
3252.16556596756, 0.9011, 2.2443, 1496.907
3254.1656551361084, 0.9011, 2.2444, 1496.75
3256.165746688843, 0.9011, 2.2443, 1496.573
3258.1658318042755, 0.9011, 2.2443, 1496.576
3260.165918827057, 0.9011, 2.2444, 1496.625
3262.166002035141, 0.9011, 2.2443, 1496.677
3264.1661076545715, 0.9011, 2.2443, 1496.543
3266.166239500046, 0.9011, 2.2443, 1496.456
3268.166343688965, 0.9011, 2.2442, 1496.502
3270.166444540024, 0.9011, 2.2442, 1496.402
3272.1665461063385, 0.9011, 2.2443, 1496.345
3274.166693210602, 0.9011, 2.2443, 1496.223
3276.166799545288, 0.9011, 2.2443, 1496.126
3278.166903734207, 0.9011, 2.2444, 1495.981
3280.1669914722443, 0.9011, 2.2443, 1495.799
3282.1670689582825, 0.9011, 2.2444, 1495.674
3284.167172193527, 0.9011, 2.2443, 1495.699
3286.1672778129578, 0.9011, 2.2443, 1496.069
3288.1673815250397, 0.9011, 2.2444, 1496.348
3290.167483329773, 0.9011, 2.2443, 1496.657
3292.1675701141357, 0.9011, 2.2443, 1496.779
3294.1676523685455, 0.9011, 2.2443, 1496.795
3296.1677367687225, 0.9011, 2.2442, 1496.776
3298.167823791504, 0.9011, 2.2442, 1496.7
3300.167930841446, 0.9011, 2.2445, 1496.59
3302.1680142879486, 0.9011, 2.2444, 1496.421
3304.1680994033813, 0.9011, 2.2444, 1496.315
3306.1682329177856, 0.9011, 2.2444, 1496.176
3308.1683213710785, 0.9011, 2.2444, 1496.18
3310.1684222221375, 0.9011, 2.2444, 1496.13
3312.1685559749603, 0.9011, 2.2444, 1496.121
3314.1686940193176, 0.9011, 2.2444, 1496.046
3316.1688046455383, 0.9011, 2.2443, 1495.969
3318.16890668869, 0.9011, 2.2445, 1495.843
3320.169038772583, 0.9011, 2.2444, 1495.971
3322.16916513443, 0.9011, 2.2443, 1495.981
3324.1692576408386, 0.9011, 2.2443, 1495.796
3326.1693584918976, 0.9011, 2.2444, 1495.66
3328.169459581375, 0.9011, 2.2445, 1495.532
3330.169549226761, 0.9011, 2.2444, 1495.433
3332.169630765915, 0.9011, 2.2444, 1495.396
3334.169732570648, 0.9011, 2.2446, 1495.302
3336.1698706150055, 0.9011, 2.2446, 1495.221
3338.1700048446655, 0.9011, 2.2446, 1495.088
3340.1701323986053, 0.9011, 2.2445, 1495.028
3342.1702189445496, 0.9011, 2.2445, 1495.016
3344.170313835144, 0.9011, 2.2446, 1495.004
3346.1704092025757, 0.9011, 2.2447, 1494.941
3348.170517206192, 0.9012, 2.2446, 1494.911
3350.1706018447876, 0.9011, 2.2447, 1494.806
3352.1706879138947, 0.9011, 2.2446, 1494.781
3354.1707713603973, 0.9011, 2.2446, 1494.868
3356.1708614826202, 0.9011, 2.2445, 1494.939
3358.170946121216, 0.9011, 2.2446, 1494.921
3360.1710410118103, 0.9011, 2.2445, 1494.899
3362.1711263656616, 0.9011, 2.2446, 1494.822
3364.1712143421173, 0.9011, 2.2445, 1494.722
3366.171303987503, 0.9011, 2.2446, 1494.948
3368.17139172554, 0.9011, 2.2445, 1495.129
3370.171491622925, 0.9012, 2.2446, 1495.098
3372.1715972423553, 0.9011, 2.2445, 1495.053
3374.1717004776, 0.9011, 2.2444, 1495.146
3376.1717875003815, 0.9011, 2.2445, 1495.345
3378.1718893051147, 0.9011, 2.2445, 1495.397
3380.171977519989, 0.9011, 2.2445, 1495.422
3382.1720769405365, 0.9011, 2.2443, 1495.456
3384.1721658706665, 0.9011, 2.2445, 1495.495
3386.17227768898, 0.9011, 2.2444, 1495.39
3388.172365427017, 0.9011, 2.2446, 1495.282
3390.1724700927734, 0.9011, 2.2445, 1495.28
3392.1725764274597, 0.9011, 2.2444, 1495.233
3394.172660589218, 0.9011, 2.2445, 1495.131
3396.172745704651, 0.9011, 2.2444, 1495.078
3398.172847032547, 0.9011, 2.2446, 1495.375
3400.172947883606, 0.9011, 2.2445, 1495.098
3402.1730477809906, 0.9011, 2.2447, 1494.914
3404.173150539398, 0.9011, 2.2446, 1495.003
3406.173261642456, 0.9011, 2.2445, 1495.048
3408.173347234726, 0.9011, 2.2445, 1495.088
3410.1734483242035, 0.9011, 2.2445, 1495.131
3412.173545360565, 0.9011, 2.2445, 1495.038
3414.1736676692963, 0.9011, 2.2446, 1494.852
3416.1737689971924, 0.9011, 2.2445, 1494.939
3418.1738650798798, 0.9011, 2.2446, 1494.971
3420.1739649772644, 0.9011, 2.2446, 1494.805
3422.1740639209747, 0.9011, 2.2446, 1494.653
3424.1741478443146, 0.9011, 2.2446, 1494.604
3426.1742544174194, 0.9011, 2.2446, 1494.553
3428.1743609905243, 0.9011, 2.2447, 1494.35
3430.1744949817657, 0.9011, 2.2445, 1494.311
3432.174596309662, 0.9011, 2.2447, 1494.281
3434.174735546112, 0.9011, 2.2447, 1494.261
3436.174823284149, 0.9011, 2.2445, 1494.396
3438.174919605255, 0.9011, 2.2446, 1494.573
3440.1750524044037, 0.9011, 2.2445, 1494.745
3442.1751811504364, 0.9011, 2.2446, 1494.756
3444.1752829551697, 0.9011, 2.2445, 1494.776
3446.175379037857, 0.9011, 2.2446, 1494.841
3448.1754717826843, 0.9011, 2.2444, 1494.819
3450.1755990982056, 0.9011, 2.2445, 1494.718
3452.1756842136383, 0.9011, 2.2446, 1494.585
3454.175775527954, 0.9011, 2.2445, 1494.501
3456.175921201706, 0.9011, 2.2446, 1494.321
3458.17604970932, 0.9011, 2.2447, 1494.301
3460.1761367321014, 0.9011, 2.2445, 1494.371
3462.176231622696, 0.9011, 2.2445, 1494.473
3464.1763672828674, 0.9011, 2.2446, 1494.503
3466.176502943039, 0.9011, 2.2446, 1494.501
3468.1766436100006, 0.9011, 2.2445, 1494.409
3470.176727771759, 0.9011, 2.2446, 1494.245
3472.176863193512, 0.9011, 2.2445, 1494.187
3474.177009820938, 0.9011, 2.2445, 1494.14
3476.177145242691, 0.9011, 2.2446, 1494.066
3478.1772582530975, 0.9011, 2.2446, 1494.047
3480.1773743629456, 0.9011, 2.2446, 1494.002
3482.1774785518646, 0.9011, 2.2446, 1493.984
3484.1775844097137, 0.9011, 2.2446, 1493.93
3486.177686214447, 0.9011, 2.2446, 1493.886
3488.177787065506, 0.9011, 2.2445, 1493.836
3490.1778903007507, 0.9011, 2.2447, 1493.787
3492.177973508835, 0.9012, 2.2447, 1493.71
3494.1780755519867, 0.9011, 2.2446, 1493.589
3496.178177833557, 0.9011, 2.2446, 1493.602
3498.178293943405, 0.9011, 2.2446, 1493.605
3500.17840385437, 0.9011, 2.2447, 1493.642
3502.178501367569, 0.9011, 2.2447, 1493.596
3504.1785843372345, 0.9011, 2.2447, 1493.51
3506.17867231369, 0.9011, 2.2447, 1493.358
3508.1787598133087, 0.9011, 2.2447, 1493.257
3510.1788396835327, 0.9011, 2.2446, 1493.06
3512.178942680359, 0.9011, 2.2447, 1493.086
3514.179045200348, 0.9011, 2.2447, 1493.102
3516.179143667221, 0.9011, 2.2448, 1493.267
3518.179230928421, 0.9011, 2.2448, 1493.363
3520.1793189048767, 0.9011, 2.2448, 1493.381
3522.179452419281, 0.9011, 2.2447, 1493.371
3524.1795501708984, 0.9011, 2.2448, 1493.381
3526.1796362400055, 0.9011, 2.2448, 1493.375
3528.1797213554382, 0.9011, 2.2447, 1493.416
3530.1798174381256, 0.9011, 2.2448, 1493.366
3532.179917573929, 0.9011, 2.2448, 1493.375
3534.18004822731, 0.9011, 2.2447, 1493.323
3536.180148601532, 0.9011, 2.2448, 1493.291
3538.180252313614, 0.9011, 2.2449, 1493.325
3540.1803526878357, 0.9011, 2.2448, 1493.399
3542.1804537773132, 0.9011, 2.2449, 1493.359
3544.1805539131165, 0.9011, 2.2448, 1493.241
3546.1806859970093, 0.9011, 2.2449, 1493.263
3548.180818796158, 0.9011, 2.2448, 1493.296
3550.1809515953064, 0.9011, 2.2449, 1493.342
3552.1810858249664, 0.9011, 2.2449, 1493.42
3554.1811816692352, 0.9011, 2.2449, 1493.215
3556.18128156662, 0.9011, 2.2448, 1493.001
3558.1813650131226, 0.9011, 2.2449, 1492.676
3560.181452512741, 0.9011, 2.2448, 1492.883
3562.1815886497498, 0.9011, 2.2448, 1493.269
3564.1816720962524, 0.9011, 2.2448, 1493.297
3566.181758403778, 0.9011, 2.2446, 1493.388
3568.1818590164185, 0.9011, 2.2449, 1493.391
3570.181967496872, 0.9011, 2.2448, 1493.322
3572.182107925415, 0.9011, 2.2448, 1493.292
3574.1822135448456, 0.9011, 2.2447, 1493.244
3576.182300567627, 0.9011, 2.2447, 1493.142
3578.182403087616, 0.9011, 2.2448, 1493.211
3580.182553768158, 0.9011, 2.2448, 1493.431
3582.182641029358, 0.9011, 2.2449, 1493.27
3584.1827471256256, 0.9011, 2.2448, 1493.343
3586.18288731575, 0.9011, 2.2448, 1493.426
3588.1830236911774, 0.9011, 2.2447, 1493.601
3590.183125972748, 0.9011, 2.2448, 1493.609
3592.183266401291, 0.9011, 2.2448, 1493.492
3594.1833832263947, 0.9011, 2.2447, 1493.315
3596.1834864616394, 0.9011, 2.2449, 1493.032
3598.183588027954, 0.9011, 2.2449, 1492.763
3600.183671474457, 0.9011, 2.2448, 1492.61
3602.1837754249573, 0.9011, 2.2449, 1492.697
3604.1838846206665, 0.9011, 2.2447, 1493.238
3606.183969259262, 0.9011, 2.2447, 1493.511
3608.184064388275, 0.9011, 2.2447, 1493.39
3610.1841661930084, 0.9011, 2.2448, 1493.47
3612.1842651367188, 0.9011, 2.2448, 1493.608
3614.184366941452, 0.9011, 2.2448, 1493.594
3616.184453010559, 0.9011, 2.2448, 1493.541
3618.1845560073853, 0.9011, 2.2448, 1493.472
3620.184658765793, 0.9011, 2.2447, 1493.508
3622.1847755908966, 0.9011, 2.2448, 1493.705
3624.18487739563, 0.9011, 2.2447, 1493.716
3626.184984922409, 0.9011, 2.2447, 1493.559
3628.185092687607, 0.9011, 2.2448, 1493.425
3630.185196876526, 0.9011, 2.2448, 1493.173
3632.1852951049805, 0.9011, 2.2448, 1493.005
3634.185397863388, 0.9011, 2.2448, 1492.943
3636.1855289936066, 0.9011, 2.2448, 1492.839
3638.1856338977814, 0.9011, 2.2448, 1492.699
3640.185733795166, 0.9011, 2.2448, 1492.402
3642.1858701705933, 0.9011, 2.2449, 1492.314
3644.1860020160675, 0.9011, 2.2449, 1492.251
3646.1861073970795, 0.9011, 2.245, 1492.22
3648.1862132549286, 0.9011, 2.2449, 1492.247
3650.1863029003143, 0.9011, 2.2448, 1492.272
3652.186403989792, 0.9011, 2.2448, 1492.297
3654.1865060329437, 0.9011, 2.2448, 1492.344
3656.1866047382355, 0.9011, 2.245, 1492.52
3658.186705827713, 0.9011, 2.245, 1492.584
3660.1867983341217, 0.9011, 2.2449, 1492.53
3662.1868975162506, 0.9011, 2.2449, 1492.493
3664.2160110473633, 0.0, 0.0, 1496.911
3666.2161145210266, 0.0, 0.0, 1532.124
3668.2162556648254, 0.0, 0.0, 1558.707
3670.2163581848145, 0.0, 0.0, 1581.224
3672.2164590358734, 0.0, 0.0, 1600.386
3674.2165586948395, 0.0, 0.0, 1616.95
3676.2166936397552, 0.0, 0.0, 1631.923
3678.216794013977, 0.0, 0.0, 1645.663
3680.2169013023376, 0.0, 0.0, 1657.864
3682.2169799804688, 0.0, 0.0, 1669.192
3684.217073917389, 0.0, 0.0, 1679.884
3686.2171728610992, 0.0, 0.0, 1689.97
3688.2172527313232, 0.0, 0.0, 1699.547
3690.2173523902893, 0.0, 0.0, 1708.925
3692.2174339294434, 0.0, 0.0, 1717.754
3694.2175393104553, 0.0, 0.0, 1726.353
3696.217629671097, 0.0, 0.0, 1734.71
3698.2177300453186, 0.0, 0.0, 1742.801
3700.217830657959, 0.0, 0.0, 1750.629
3702.217924118042, 0.0, 0.0, 1758.333
3704.2180247306824, 0.0, 0.0, 1765.702
3706.218156337738, 0.0, 0.0, 1773.119
3708.218262195587, 0.0, 0.0, 1780.535
3710.218394756317, 0.0, 0.0, 1787.837
3712.218475341797, 0.0, 0.0, 1794.902
3714.2185578346252, 0.0, 0.0, 1801.99
3716.2186439037323, 0.0, 0.0, 1808.901
3718.218731880188, 0.0, 0.0, 1815.615
3720.218832015991, 0.0, 0.0, 1822.17
3722.218915462494, 0.0, 0.0, 1828.705
3724.2190477848053, 0.0, 0.0, 1835.081
3726.2191326618195, 0.0, 0.0, 1841.323
3728.219231367111, 0.0, 0.0, 1847.631
3730.2193310260773, 0.0, 0.0, 1853.769
3732.2194380760193, 0.0, 0.0, 1859.829
3734.2195374965668, 0.0, 0.0, 1865.953
3736.2196428775787, 0.0, 0.0, 1872.01
3738.219745874405, 0.0, 0.0, 1877.77
3740.219849586487, 0.0, 0.0, 1883.478
3742.2199840545654, 0.0, 0.0, 1889.052
3744.22012424469, 0.0, 0.0, 1894.464
3746.2202291488647, 0.0, 0.0, 1899.943
3748.220337867737, 0.0, 0.0, 1905.272
3750.220425605774, 0.0, 0.0, 1910.643
3752.2205259799957, 0.0, 0.0, 1916.189
3754.220612049103, 0.0, 0.0, 1921.744
3756.220714569092, 0.0, 0.0, 1927.263
3758.220847606659, 0.0, 0.0, 1932.578
3760.2209367752075, 0.0, 0.0, 1937.667
3762.2210228443146, 0.0, 0.0, 1942.704
3764.2211067676544, 0.0, 0.0, 1947.805
3766.2211990356445, 0.0, 0.0, 1952.846
3768.221279859543, 0.0, 0.0, 1957.849
3770.2213678359985, 0.0, 0.0, 1963.076
3772.2214691638947, 0.0, 0.0, 1967.873
3774.221600294113, 0.0, 0.0, 1972.666
3776.2217285633087, 0.0, 0.0, 1977.499
3778.2218317985535, 0.0, 0.0, 1981.949
3780.2219758033752, 0.0, 0.0, 1986.377
3782.222110748291, 0.0, 0.0, 1990.869
3784.2222123146057, 0.0, 0.0, 1995.39
3786.2223031520844, 0.0, 0.0, 1999.919
3788.2224113941193, 0.0, 0.0, 2004.71
3790.222499370575, 0.0, 0.0, 2009.562
3792.2226181030273, 0.0, 0.0, 2013.929
3794.2227466106415, 0.0, 0.0, 2018.094
3796.2228314876556, 0.0, 0.0, 2022.251
3798.222920179367, 0.0, 0.0, 2026.463
3800.2230248451233, 0.0, 0.0, 2030.706
3802.223105430603, 0.0, 0.0, 2034.741
3804.2231891155243, 0.0, 0.0, 2038.748
3806.223278284073, 0.0, 0.0, 2042.773
3808.2233617305756, 0.0, 0.0, 2046.773
3810.2234497070312, 0.0, 0.0, 2050.667
3812.223537683487, 0.0, 0.0, 2054.559
3814.2236328125, 0.0, 0.0, 2058.385
3816.223714828491, 0.0, 0.0, 2062.153
3818.223801612854, 0.0, 0.0, 2065.918
3820.2239034175873, 0.0, 0.0, 2069.508
3822.2239878177643, 0.0, 0.0, 2073.112
3824.224096775055, 0.0, 0.0, 2076.712
3826.2242012023926, 0.0, 0.0, 2080.294
3828.224297761917, 0.0, 0.0, 2084.015
3830.2243852615356, 0.0, 0.0, 2087.804
3832.2245223522186, 0.0, 0.0, 2091.444
3834.2246265411377, 0.0, 0.0, 2094.892
3836.2247326374054, 0.0, 0.0, 2100.104
3838.2248318195343, 0.0, 0.0, 2102.564
3840.224913597107, 0.0, 0.0, 2105.871
3842.2250175476074, 0.0, 0.0, 2109.145
3844.2251210212708, 0.0, 0.0, 2112.352
3846.225220680237, 0.0, 0.0, 2115.574
3848.225318670273, 0.0, 0.0, 2118.778
3850.2254016399384, 0.0, 0.0, 2121.94
3852.225510597229, 0.0, 0.0, 2125.123
3854.2255985736847, 0.0, 0.0, 2128.333
3856.225703716278, 0.0, 0.0, 2131.473
3858.2257947921753, 0.0, 0.0, 2134.397
3860.225898504257, 0.0, 0.0, 2137.255
3862.2259843349457, 0.0, 0.0, 2140.235
3864.226126432419, 0.0, 0.0, 2143.171
3866.2262234687805, 0.0, 0.0, 2145.918
3868.2263276576996, 0.0, 0.0, 2148.737
3870.2264301776886, 0.0, 0.0, 2151.604
3872.2265388965607, 0.0, 0.0, 2154.254
3874.226626396179, 0.0, 0.0, 2157.006
3876.226704597473, 0.0, 0.0, 2159.821
3878.2267932891846, 0.0, 0.0, 2162.74
3880.2268953323364, 0.0, 0.0, 2165.494
3882.2270336151123, 0.0, 0.0, 2168.31
3884.227125644684, 0.0, 0.0, 2170.969
3886.2272350788116, 0.0, 0.0, 2173.641
3888.2273242473602, 0.0, 0.0, 2176.332
3890.227427005768, 0.0, 0.0, 2179.079
3892.227515220642, 0.0, 0.0, 2181.644
3894.227636575699, 0.0, 0.0, 2184.035
3896.227740049362, 0.0, 0.0, 2186.498
3898.2278439998627, 0.0, 0.0, 2189.007
3900.227946281433, 0.0, 0.0, 2191.54
3902.2280497550964, 0.0, 0.0, 2193.866
3904.228155374527, 0.0, 0.0, 2196.451
3906.228259563446, 0.0, 0.0, 2198.819
3908.228363275528, 0.0, 0.0, 2201.022
3910.2284650802612, 0.0, 0.0, 2203.239
3912.228564977646, 0.0, 0.0, 2205.358
3914.2286491394043, 0.0, 0.0, 2207.525
3916.228753089905, 0.0, 0.0, 2209.674
3918.2288575172424, 0.0, 0.0, 2211.745
3920.22896194458, 0.0, 0.0, 2213.868
3922.2290647029877, 0.0, 0.0, 2215.991
3924.229167699814, 0.0, 0.0, 2218.163
3926.229279279709, 0.0, 0.0, 2220.347
3928.229382276535, 0.0, 0.0, 2222.644
3930.2294619083405, 0.0, 0.0, 2224.876
3932.229561805725, 0.0, 0.0, 2226.998
3934.2296636104584, 0.0, 0.0, 2229.177
3936.2297916412354, 0.0, 0.0, 2231.286
3938.22989487648, 0.0, 0.0, 2233.321
3940.229996919632, 0.0, 0.0, 2235.254
3942.230092048645, 0.0, 0.0, 2237.173
3944.2301936149597, 0.0, 0.0, 2239.206
3946.2302968502045, 0.0, 0.0, 2241.341
3948.23038482666, 0.0, 0.0, 2243.285
3950.2304747104645, 0.0, 0.0, 2245.107
3952.23060631752, 0.0, 0.0, 2246.846
3954.2307076454163, 0.0, 0.0, 2248.498
3956.2307896614075, 0.0, 0.0, 2250.127
3958.23087477684, 0.0, 0.0, 2251.774
3960.2309758663177, 0.0, 0.0, 2253.478
3962.2310643196106, 0.0, 0.0, 2255.192
3964.2311663627625, 0.0, 0.0, 2256.981
3966.231243610382, 0.0, 0.0, 2258.759
3968.231343984604, 0.0, 0.0, 2260.498
3970.231439113617, 0.0, 0.0, 2262.165
3972.2315406799316, 0.0, 0.0, 2263.75
3974.231645822525, 0.0, 0.0, 2265.251
3976.231746196747, 0.0, 0.0, 2266.756
3978.2318482398987, 0.0, 0.0, 2268.463
3980.231950044632, 0.0, 0.0, 2270.012
3982.2320523262024, 0.0, 0.0, 2271.558
3984.2321276664734, 0.0, 0.0, 2273.179
3986.232220888138, 0.0, 0.0, 2274.803
3988.232321739197, 0.0, 0.0, 2276.464
3990.232406139374, 0.0, 0.0, 2278.053
3992.232504606247, 0.0, 0.0, 2279.73
3994.23260641098, 0.0, 0.0, 2281.259
3996.232714176178, 0.0, 0.0, 2282.687
3998.2328159809113, 0.0, 0.0, 2284.053
4000.232969045639, 0.0, 0.0, 2285.436
4002.233054161072, 0.0, 0.0, 2286.785
4004.2331397533417, 0.0, 0.0, 2288.179
4006.233239889145, 0.0, 0.0, 2289.637
4008.2333250045776, 0.0, 0.0, 2291.118
4010.233416080475, 0.0, 0.0, 2292.451
4012.2335181236267, 0.0, 0.0, 2293.76
4014.233596801758, 0.0, 0.0, 2295.182
4016.2336826324463, 0.0, 0.0, 2296.529
4018.233783721924, 0.0, 0.0, 2297.815
4020.233906030655, 0.0, 0.0, 2299.12
4022.234011411667, 0.0, 0.0, 2300.415
4024.2341463565826, 0.0, 0.0, 2301.667
4026.2342431545258, 0.0, 0.0, 2302.869
4028.2343258857727, 0.0, 0.0, 2304.241
4030.2344155311584, 0.0, 0.0, 2305.578
4032.234554052353, 0.0, 0.0, 2306.822
4034.2346367836, 0.0, 0.0, 2308.154
4036.234723806381, 0.0, 0.0, 2309.515
4038.234806537628, 0.0, 0.0, 2310.78
4040.234914779663, 0.0, 0.0, 2312.133
4042.2349994182587, 0.0, 0.0, 2313.27
4044.2351026535034, 0.0, 0.0, 2314.366
4046.235208272934, 0.0, 0.0, 2315.584
4048.235323905945, 0.0, 0.0, 2316.611
4050.235428094864, 0.0, 0.0, 2317.737
4052.235517024994, 0.0, 0.0, 2318.842
4054.2356011867523, 0.0, 0.0, 2320.004
4056.2356798648834, 0.0, 0.0, 2321.097
4058.2358248233795, 0.0, 0.0, 2322.156
4060.235970020294, 0.0, 0.0, 2323.225
4062.236064195633, 0.0, 0.0, 2324.313
4064.236152648926, 0.0, 0.0, 2325.329
4066.2362871170044, 0.0, 0.0, 2326.434
4068.2363917827606, 0.0, 0.0, 2327.574
4070.2365250587463, 0.0, 0.0, 2328.619
4072.2366285324097, 0.0, 0.0, 2329.667
4074.2367124557495, 0.0, 0.0, 2330.741
4076.236798286438, 0.0, 0.0, 2331.801
4078.236881017685, 0.0, 0.0, 2332.866
4080.2370216846466, 0.0, 0.0, 2333.988
4082.2371225357056, 0.0, 0.0, 2335.006
4084.2372238636017, 0.0, 0.0, 2335.944
4086.2373139858246, 0.0, 0.0, 2336.852
4088.2374041080475, 0.0, 0.0, 2337.649
4090.2375073432922, 0.0, 0.0, 2338.536
4092.2375926971436, 0.0, 0.0, 2339.446
4094.237692117691, 0.0, 0.0, 2340.491
4096.237795591354, 0.0, 0.0, 2341.546
4098.237896203995, 0.0, 0.0, 2342.473
4100.237998247147, 0.0, 0.0, 2343.456
4102.238081455231, 0.0, 0.0, 2344.514
4104.238180398941, 0.0, 0.0, 2345.555
4106.238280534744, 0.0, 0.0, 2346.605
4108.238380432129, 0.0, 0.0, 2347.574
4110.238454580307, 0.0, 0.0, 2348.535
4112.238553762436, 0.0, 0.0, 2349.548
4114.238652467728, 0.0, 0.0, 2350.475
4116.238738536835, 0.0, 0.0, 2351.384
4118.238843917847, 0.0, 0.0, 2352.232
4120.238943815231, 0.0, 0.0, 2353.214
4122.239044427872, 0.0, 0.0, 2354.113
4124.239145517349, 0.0, 0.0, 2354.932
4126.239244937897, 0.0, 0.0, 2355.823
4128.239323616028, 0.0, 0.0, 2356.608
4130.23942232132, 0.0, 0.0, 2357.533
4132.2395231723785, 0.0, 0.0, 2358.349
4134.239651918411, 0.0, 0.0, 2359.208
4136.239753961563, 0.0, 0.0, 2359.997
4138.239854335785, 0.0, 0.0, 2360.763
4140.239938735962, 0.0, 0.0, 2361.524
4142.240017414093, 0.0, 0.0, 2362.309
4144.240118503571, 0.0, 0.0, 2363.122
4146.240200281143, 0.0, 0.0, 2364.035
4148.240284919739, 0.0, 0.0, 2364.923
4150.240369796753, 0.0, 0.0, 2365.693
4152.240451335907, 0.0, 0.0, 2366.523
4154.240548610687, 0.0, 0.0, 2367.265
4156.240648031235, 0.0, 0.0, 2368.019
4158.240747928619, 0.0, 0.0, 2368.654
4160.240847587585, 0.0, 0.0, 2369.334
4162.240948677063, 0.0, 0.0, 2370.058
4164.241027832031, 0.0, 0.0, 2370.715
4166.241129159927, 0.0, 0.0, 2371.433
4168.241230964661, 0.0, 0.0, 2372.199
4170.241333246231, 0.0, 0.0, 2372.916
4172.2414338588715, 0.0, 0.0, 2373.615
4174.241532325745, 0.0, 0.0, 2374.326
4176.241632938385, 0.0, 0.0, 2375.044
4178.2417345047, 0.0, 0.0, 2375.76
4180.2418711185455, 0.0, 0.0, 2376.468
4182.241955757141, 0.0, 0.0, 2377.135
4184.242063999176, 0.0, 0.0, 2377.92
4186.242162466049, 0.0, 0.0, 2378.709
4188.242249965668, 0.0, 0.0, 2379.507
4190.242335796356, 0.0, 0.0, 2380.244
4192.242430686951, 0.0, 0.0, 2380.948
4194.242521047592, 0.0, 0.0, 2381.561
4196.242565155029, 0.0, 0.0, 2382.147
4198.242662191391, 0.0, 0.0, 2382.782
4200.242749452591, 0.0, 0.0, 2383.455
4202.242862224579, 0.0, 0.0, 2384.127
4204.242991447449, 0.0, 0.0, 2384.849
4206.243093252182, 0.0, 0.0, 2385.596
4208.243194818497, 0.0, 0.0, 2386.392
4210.243295907974, 0.0, 0.0, 2387.098
4212.243401288986, 0.0, 0.0, 2387.738
4214.243504047394, 0.0, 0.0, 2388.335
4216.24363899231, 0.0, 0.0, 2388.956
4218.243718862534, 0.0, 0.0, 2389.538
4220.243817090988, 0.0, 0.0, 2390.195
4222.243917226791, 0.0, 0.0, 2390.921
4224.244019985199, 0.0, 0.0, 2391.353
4226.244121313095, 0.0, 0.0, 2391.86
4228.244211435318, 0.0, 0.0, 2392.335
4230.244298696518, 0.0, 0.0, 2392.858
4232.244384288788, 0.0, 0.0, 2393.357
4234.244476079941, 0.0, 0.0, 2393.925
4236.244575500488, 0.0, 0.0, 2394.627
4238.244677782059, 0.0, 0.0, 2395.361
4240.244778633118, 0.0, 0.0, 2396.03
4242.2448806762695, 0.0, 0.0, 2396.705
4244.244987010956, 0.0, 0.0, 2397.248
4246.245087623596, 0.0, 0.0, 2397.777
4248.245172262192, 0.0, 0.0, 2398.334
4250.245273351669, 0.0, 0.0, 2398.958
4252.24537563324, 0.0, 0.0, 2399.502
4254.245454311371, 0.0, 0.0, 2399.994
4256.24555516243, 0.0, 0.0, 2400.554
4258.245637655258, 0.0, 0.0, 2401.095
4260.245737075806, 0.0, 0.0, 2401.657
4262.245837688446, 0.0, 0.0, 2402.178
4264.245937347412, 0.0, 0.0, 2402.767
4266.24603843689, 0.0, 0.0, 2403.394
4268.246124267578, 0.0, 0.0, 2404.014
4270.246224164963, 0.0, 0.0, 2404.615
4272.246302604675, 0.0, 0.0, 2405.246
4274.246387243271, 0.0, 0.0, 2405.794
4276.246485710144, 0.0, 0.0, 2406.341
4278.246586084366, 0.0, 0.0, 2406.879
4280.246667146683, 0.0, 0.0, 2407.392
4282.246769189835, 0.0, 0.0, 2407.885
4284.246854543686, 0.0, 0.0, 2408.333
4286.246957063675, 0.0, 0.0, 2408.702
4288.247057676315, 0.0, 0.0, 2409.11
4290.247139215469, 0.0, 0.0, 2409.58
4292.2472376823425, 0.0, 0.0, 2410.089
4294.247336626053, 0.0, 0.0, 2410.616
4296.24741435051, 0.0, 0.0, 2411.172
4298.247517108917, 0.0, 0.0, 2411.754
4300.247651576996, 0.0, 0.0, 2412.235
4302.247785568237, 0.0, 0.0, 2412.723
4304.247887134552, 0.0, 0.0, 2413.183
4306.247961997986, 0.0, 0.0, 2413.594
4308.248042106628, 0.0, 0.0, 2413.981
4310.248183012009, 0.0, 0.0, 2414.486
4312.248283863068, 0.0, 0.0, 2414.915
4314.248386859894, 0.0, 0.0, 2415.336
4316.248487472534, 0.0, 0.0, 2415.86
4318.24862074852, 0.0, 0.0, 2416.457
4320.248706579208, 0.0, 0.0, 2416.901
4322.24880862236, 0.0, 0.0, 2417.418
4324.248910188675, 0.0, 0.0, 2417.864
4326.248990535736, 0.0, 0.0, 2418.329
4328.249092578888, 0.0, 0.0, 2418.823
4330.249193429947, 0.0, 0.0, 2419.281
4332.249283790588, 0.0, 0.0, 2419.654
4334.249365329742, 0.0, 0.0, 2420.03
4336.249465465546, 0.0, 0.0, 2420.419
4338.249559402466, 0.0, 0.0, 2420.854
4340.249662160873, 0.0, 0.0, 2421.268
4342.249762058258, 0.0, 0.0, 2421.597
4344.249849557877, 0.0, 0.0, 2421.93
4346.249947547913, 0.0, 0.0, 2422.321
4348.250054359436, 0.0, 0.0, 2422.735
4350.250158548355, 0.0, 0.0, 2423.083
4352.250294446945, 0.0, 0.0, 2423.41
4354.250380754471, 0.0, 0.0, 2423.766
4356.250484704971, 0.0, 0.0, 2424.199
4358.250587463379, 0.0, 0.0, 2424.65
4360.250726699829, 0.0, 0.0, 2425.14
4362.250806808472, 0.0, 0.0, 2425.619
4364.250892877579, 0.0, 0.0, 2426.041
4366.250986337662, 0.0, 0.0, 2426.45
4368.251121997833, 0.0, 0.0, 2426.883
4370.251206159592, 0.0, 0.0, 2427.301
4372.251293897629, 0.0, 0.0, 2427.747
4374.251398324966, 0.0, 0.0, 2428.172
4376.251537322998, 0.0, 0.0, 2428.556
4378.251641511917, 0.0, 0.0, 2428.932
4380.251734018326, 0.0, 0.0, 2429.378
4382.251822710037, 0.0, 0.0, 2429.766
4384.251908063889, 0.0, 0.0, 2430.105
4386.251997232437, 0.0, 0.0, 2430.488
4388.252104520798, 0.0, 0.0, 2430.855
4390.252190589905, 0.0, 0.0, 2431.238
4392.252276659012, 0.0, 0.0, 2431.578
4394.252377748489, 0.0, 0.0, 2431.978
4396.252480745316, 0.0, 0.0, 2432.349
4398.25256228447, 0.0, 0.0, 2432.683
4400.252649068832, 0.0, 0.0, 2433.065
4402.252734184265, 0.0, 0.0, 2433.384
4404.252827882767, 0.0, 0.0, 2433.85
4406.252914905548, 0.0, 0.0, 2434.278
4408.25301194191, 0.0, 0.0, 2434.659
4410.253104686737, 0.0, 0.0, 2435.018
4412.253187179565, 0.0, 0.0, 2435.371
4414.253271579742, 0.0, 0.0, 2435.678
4416.253354549408, 0.0, 0.0, 2436.036
4418.253442764282, 0.0, 0.0, 2436.32
4420.253542900085, 0.0, 0.0, 2436.698
4422.25363445282, 0.0, 0.0, 2437.135
4424.25372505188, 0.0, 0.0, 2437.512
4426.253804683685, 0.0, 0.0, 2437.883
4428.253905773163, 0.0, 0.0, 2438.26
4430.253997325897, 0.0, 0.0, 2438.571
4432.2540872097015, 0.0, 0.0, 2438.937
4434.254167318344, 0.0, 0.0, 2439.231
4436.25425863266, 0.0, 0.0, 2439.578
4438.254344463348, 0.0, 0.0, 2439.968
4440.254479885101, 0.0, 0.0, 2440.334
4442.254568338394, 0.0, 0.0, 2440.647
4444.254704713821, 0.0, 0.0, 2441.015
4446.25479054451, 0.0, 0.0, 2441.329
4448.25487446785, 0.0, 0.0, 2441.691
4450.254959106445, 0.0, 0.0, 2442.226
4452.255035877228, 0.0, 0.0, 2442.652
4454.2551176548, 0.0, 0.0, 2443.1
4456.25519824028, 0.0, 0.0, 2443.544
4458.255278110504, 0.0, 0.0, 2443.874
4460.255356550217, 0.0, 0.0, 2444.215
4462.255438566208, 0.0, 0.0, 2444.622
4464.255517721176, 0.0, 0.0, 2444.972
4466.255599737167, 0.0, 0.0, 2445.394
4468.255701541901, 0.0, 0.0, 2445.676
4470.255779504776, 0.0, 0.0, 2445.942
4472.255860328674, 0.0, 0.0, 2446.267
4474.255941152573, 0.0, 0.0, 2446.607
4476.256018638611, 0.0, 0.0, 2446.977
4478.256120681763, 0.0, 0.0, 2447.343
4480.256219387054, 0.0, 0.0, 2447.612
4482.25631070137, 0.0, 0.0, 2447.859
4484.256392478943, 0.0, 0.0, 2448.154
4486.256477594376, 0.0, 0.0, 2448.414
4488.256557226181, 0.0, 0.0, 2448.764
4490.2566459178925, 0.0, 0.0, 2449.112
4492.256726980209, 0.0, 0.0, 2449.525
4494.256813287735, 0.0, 0.0, 2449.893
4496.256911039352, 0.0, 0.0, 2450.291
4498.256993293762, 0.0, 0.0, 2450.684
4500.257071733475, 0.0, 0.0, 2451.103
4502.257176160812, 0.0, 0.0, 2451.534
4504.257253885269, 0.0, 0.0, 2451.852
4506.257333517075, 0.0, 0.0, 2452.091
4508.25741481781, 0.0, 0.0, 2452.339
4510.257514953613, 0.0, 0.0, 2452.549
4512.257616281509, 0.0, 0.0, 2452.77
4514.257700681686, 0.0, 0.0, 2453.023
4516.257785558701, 0.0, 0.0, 2453.37
4518.2578666210175, 0.0, 0.0, 2453.826
4520.257969379425, 0.0, 0.0, 2454.227
4522.258059263229, 0.0, 0.0, 2454.586
4524.258141994476, 0.0, 0.0, 2454.922
4526.258224487305, 0.0, 0.0, 2455.169
4528.258325099945, 0.0, 0.0, 2455.544
4530.258409500122, 0.0, 0.0, 2455.815
4532.258508682251, 0.0, 0.0, 2456.162
4534.258591890335, 0.0, 0.0, 2456.497
4536.258673191071, 0.0, 0.0, 2456.839
4538.258766889572, 0.0, 0.0, 2457.215
4540.258850336075, 0.0, 0.0, 2457.529
4542.258940696716, 0.0, 0.0, 2457.797
4544.25904750824, 0.0, 0.0, 2458.149
4546.259192943573, 0.0, 0.0, 2458.479
4548.25927734375, 0.0, 0.0, 2458.833
4550.259382486343, 0.0, 0.0, 2459.132
4552.259482860565, 0.0, 0.0, 2459.406
4554.259592533112, 0.0, 0.0, 2459.679
4556.259687662125, 0.0, 0.0, 2460.009
4558.2597777843475, 0.0, 0.0, 2460.331
4560.259859085083, 0.0, 0.0, 2460.642
4562.259997367859, 0.0, 0.0, 2460.956
4564.260099172592, 0.0, 0.0, 2461.176
4566.26020860672, 0.0, 0.0, 2461.386
4568.260303020477, 0.0, 0.0, 2461.602
4570.26038980484, 0.0, 0.0, 2461.908
4572.260476589203, 0.0, 0.0, 2462.23
4574.2605674266815, 0.0, 0.0, 2462.458
4576.260700464249, 0.0, 0.0, 2462.7
4578.2607979774475, 0.0, 0.0, 2462.915
4580.260933160782, 0.0, 0.0, 2463.186
4582.261043787003, 0.0, 0.0, 2463.405
4584.261134624481, 0.0, 0.0, 2463.741
4586.261242866516, 0.0, 0.0, 2464.003
4588.261343240738, 0.0, 0.0, 2464.235
4590.261478185654, 0.0, 0.0, 2464.419
4592.261609077454, 0.0, 0.0, 2464.605
4594.261703968048, 0.0, 0.0, 2464.833
4596.261787891388, 0.0, 0.0, 2465.123
4598.261889457703, 0.0, 0.0, 2465.433
4600.261990070343, 0.0, 0.0, 2465.71
4602.262086629868, 0.0, 0.0, 2465.979
4604.262175321579, 0.0, 0.0, 2466.253
4606.262315988541, 0.0, 0.0, 2466.497
4608.262402534485, 0.0, 0.0, 2466.786
4610.262486696243, 0.0, 0.0, 2467.015
4612.262563467026, 0.0, 0.0, 2467.247
4614.26264333725, 0.0, 0.0, 2467.552
4616.26272726059, 0.0, 0.0, 2467.835
4618.262812376022, 0.0, 0.0, 2468.127
4620.262945652008, 0.0, 0.0, 2468.353
4622.263032674789, 0.0, 0.0, 2468.605
4624.263135910034, 0.0, 0.0, 2468.832
4626.263281583786, 0.0, 0.0, 2469.087
4628.263415813446, 0.0, 0.0, 2469.325
4630.263517618179, 0.0, 0.0, 2469.544
4632.263606309891, 0.0, 0.0, 2469.84
4634.263719320297, 0.0, 0.0, 2470.105
4636.263821601868, 0.0, 0.0, 2470.357
4638.263968229294, 0.0, 0.0, 2470.598
4640.264073133469, 0.0, 0.0, 2470.817
4642.264183998108, 0.0, 0.0, 2471.117
4644.264288663864, 0.0, 0.0, 2471.331
4646.264388799667, 0.0, 0.0, 2471.588
4648.264475107193, 0.0, 0.0, 2471.807
4650.2645654678345, 0.0, 0.0, 2472.054
4652.264657020569, 0.0, 0.0, 2472.343
4654.26475071907, 0.0, 0.0, 2472.602
4656.264848470688, 0.0, 0.0, 2472.872
4658.264955282211, 0.0, 0.0, 2473.191
4660.265040874481, 0.0, 0.0, 2473.537
4662.265143632889, 0.0, 0.0, 2473.938
4664.265230894089, 0.0, 0.0, 2474.226
4666.265328407288, 0.0, 0.0, 2474.544
4668.265409708023, 0.0, 0.0, 2474.854
4670.26550078392, 0.0, 0.0, 2475.153
4672.265589237213, 0.0, 0.0, 2475.457
4674.265670537949, 0.0, 0.0, 2475.693
4676.265755653381, 0.0, 0.0, 2475.974
4678.265845537186, 0.0, 0.0, 2476.219
4680.265926599503, 0.0, 0.0, 2476.396
4682.266070127487, 0.0, 0.0, 2476.613
4684.266210317612, 0.0, 0.0, 2476.882
4686.266302108765, 0.0, 0.0, 2477.171
4688.266396284103, 0.0, 0.0, 2477.418
4690.266486406326, 0.0, 0.0, 2477.659
4692.2665910720825, 0.0, 0.0, 2477.992
4694.266705751419, 0.0, 0.0, 2478.289
4696.266807556152, 0.0, 0.0, 2478.582
4698.266909122467, 0.0, 0.0, 2478.942
4700.2670130729675, 0.0, 0.0, 2479.185
4702.267100572586, 0.0, 0.0, 2479.425
4704.267176389694, 0.0, 0.0, 2479.744
4706.267259120941, 0.0, 0.0, 2480.111
4708.267346858978, 0.0, 0.0, 2480.36
4710.2674469947815, 0.0, 0.0, 2480.529
4712.267587661743, 0.0, 0.0, 2480.831
4714.267681360245, 0.0, 0.0, 2481.02
4716.267770528793, 0.0, 0.0, 2481.137
4718.267881393433, 0.0, 0.0, 2481.377
4720.267985343933, 0.0, 0.0, 2481.638
4722.26806306839, 0.0, 0.0, 2481.834
4724.268166065216, 0.0, 0.0, 2482.06
4726.268248796463, 0.0, 0.0, 2482.211
4728.268384933472, 0.0, 0.0, 2482.424
4730.268490076065, 0.0, 0.0, 2482.632
4732.268593549728, 0.0, 0.0, 2482.85
4734.268679857254, 0.0, 0.0, 2483.049
4736.268770694733, 0.0, 0.0, 2483.269
4738.268852472305, 0.0, 0.0, 2483.448
4740.2689328193665, 0.0, 0.0, 2483.644
4742.2690687179565, 0.0, 0.0, 2483.868
4744.269164323807, 0.0, 0.0, 2484.13
4746.269274711609, 0.0, 0.0, 2484.38
4748.269378900528, 0.0, 0.0, 2484.671
4750.269515037537, 0.0, 0.0, 2484.892
4752.269611597061, 0.0, 0.0, 2485.144
4754.269764184952, 0.0, 0.0, 2485.373
4756.269866228104, 0.0, 0.0, 2485.591
4758.269947052002, 0.0, 0.0, 2485.845
4760.270049571991, 0.0, 0.0, 2486.114
4762.27015209198, 0.0, 0.0, 2486.397
4764.270256280899, 0.0, 0.0, 2486.592
4766.270387411118, 0.0, 0.0, 2486.867
4768.2705183029175, 0.0, 0.0, 2487.119
4770.270560264587, 0.0, 0.0, 2487.396
4772.270697593689, 0.0, 0.0, 2487.611
4774.270830154419, 0.0, 0.0, 2487.839
4776.270908355713, 0.0, 0.0, 2488.079
4778.271046876907, 0.0, 0.0, 2488.308
4780.271136045456, 0.0, 0.0, 2488.516
4782.271216630936, 0.0, 0.0, 2488.659
4784.271322965622, 0.0, 0.0, 2488.821
4786.271405220032, 0.0, 0.0, 2489.019
4788.2715039253235, 0.0, 0.0, 2489.135
4790.271637916565, 0.0, 0.0, 2489.36
4792.271771669388, 0.0, 0.0, 2489.572
4794.271849632263, 0.0, 0.0, 2489.798
4796.271951198578, 0.0, 0.0, 2490.005
4798.272092819214, 0.0, 0.0, 2490.186
4800.272188425064, 0.0, 0.0, 2490.352
4802.272328138351, 0.0, 0.0, 2490.53
4804.272445440292, 0.0, 0.0, 2490.676
4806.272572278976, 0.0, 0.0, 2490.867
4808.2727155685425, 0.0, 0.0, 2491.023
4810.272846698761, 0.0, 0.0, 2491.211
4812.272926092148, 0.0, 0.0, 2491.544
4814.273072242737, 0.0, 0.0, 2491.799
4816.273175954819, 0.0, 0.0, 2492.079
4818.273313045502, 0.0, 0.0, 2492.28
4820.273412942886, 0.0, 0.0, 2492.524
4822.273514509201, 0.0, 0.0, 2492.753
4824.273614883423, 0.0, 0.0, 2492.954
4826.273716688156, 0.0, 0.0, 2493.103
4828.273818016052, 0.0, 0.0, 2493.273
4830.273903131485, 0.0, 0.0, 2493.435
4832.27400135994, 0.0, 0.0, 2493.606
4834.27410364151, 0.0, 0.0, 2493.808
4836.274195432663, 0.0, 0.0, 2493.968
4838.274300336838, 0.0, 0.0, 2494.119
4840.274449586868, 0.0, 0.0, 2494.344
4842.274554014206, 0.0, 0.0, 2494.568
4844.274657249451, 0.0, 0.0, 2494.79
4846.2747440338135, 0.0, 0.0, 2495.029
4848.274822235107, 0.0, 0.0, 2495.292
4850.27490735054, 0.0, 0.0, 2495.445
4852.274992465973, 0.0, 0.0, 2495.613
4854.275095462799, 0.0, 0.0, 2495.775
4856.275198698044, 0.0, 0.0, 2496.031
4858.275296926498, 0.0, 0.0, 2496.249
4860.275405168533, 0.0, 0.0, 2496.568
4862.275495767593, 0.0, 0.0, 2496.789
4864.275599956512, 0.0, 0.0, 2496.969
4866.275686502457, 0.0, 0.0, 2497.169
4868.275785446167, 0.0, 0.0, 2497.321
4870.275865793228, 0.0, 0.0, 2497.497
4872.275967597961, 0.0, 0.0, 2497.67
4874.276049613953, 0.0, 0.0, 2497.861
4876.276153087616, 0.0, 0.0, 2498.074
4878.276247739792, 0.0, 0.0, 2498.26
4880.2763476371765, 0.0, 0.0, 2498.449
4882.276448965073, 0.0, 0.0, 2498.743
4884.2765283584595, 0.0, 0.0, 2499.003
4886.276626110077, 0.0, 0.0, 2499.174
4888.276735782623, 0.0, 0.0, 2499.394
4890.276833534241, 0.0, 0.0, 2499.588
4892.276931285858, 0.0, 0.0, 2499.749
4894.277031183243, 0.0, 0.0, 2499.989
4896.277131080627, 0.0, 0.0, 2500.167
4898.277225971222, 0.0, 0.0, 2500.369
4900.277338504791, 0.0, 0.0, 2500.501
4902.277418136597, 0.0, 0.0, 2500.683
4904.277517795563, 0.0, 0.0, 2500.811
4906.277617931366, 0.0, 0.0, 2501.039
4908.277733325958, 0.0, 0.0, 2501.238
4910.277867555618, 0.0, 0.0, 2501.415
4912.277975320816, 0.0, 0.0, 2501.616
4914.278069734573, 0.0, 0.0, 2501.821
4916.278172492981, 0.0, 0.0, 2502.039
4918.278275489807, 0.0, 0.0, 2502.216
4920.278378486633, 0.0, 0.0, 2502.443
4922.278475284576, 0.0, 0.0, 2502.573
4924.278561115265, 0.0, 0.0, 2502.745
4926.278708696365, 0.0, 0.0, 2502.904
4928.278851032257, 0.0, 0.0, 2503.07
4930.278999090195, 0.0, 0.0, 2503.197
4932.2791492938995, 0.0, 0.0, 2503.359
4934.279233217239, 0.0, 0.0, 2503.522
4936.279338121414, 0.0, 0.0, 2503.723
4938.2794353961945, 0.0, 0.0, 2503.889
4940.2795243263245, 0.0, 0.0, 2504.089
4942.279620170593, 0.0, 0.0, 2504.195
4944.279721736908, 0.0, 0.0, 2504.341
4946.27982211113, 0.0, 0.0, 2504.515
4948.279937744141, 0.0, 0.0, 2504.638
4950.280065536499, 0.0, 0.0, 2504.785
4952.280168294907, 0.0, 0.0, 2504.977
4954.280270576477, 0.0, 0.0, 2505.156
4956.280355215073, 0.0, 0.0, 2505.357
4958.280464410782, 0.0, 0.0, 2505.517
4960.280571222305, 0.0, 0.0, 2505.693
4962.280651092529, 0.0, 0.0, 2505.896
4964.280752658844, 0.0, 0.0, 2506.089
4966.280853509903, 0.0, 0.0, 2506.28
4968.280955314636, 0.0, 0.0, 2506.45
4970.281055688858, 0.0, 0.0, 2506.657
4972.281152963638, 0.0, 0.0, 2506.821
4974.281234025955, 0.0, 0.0, 2507.007
4976.281315565109, 0.0, 0.0, 2507.235
4978.281448841095, 0.0, 0.0, 2507.397
4980.281534194946, 0.0, 0.0, 2507.523
4982.281620979309, 0.0, 0.0, 2507.676
4984.281753063202, 0.0, 0.0, 2507.828
4986.281844139099, 0.0, 0.0, 2508.003
4988.281957387924, 0.0, 0.0, 2508.134
4990.28205370903, 0.0, 0.0, 2508.29
4992.282138824463, 0.0, 0.0, 2508.471
4994.282236099243, 0.0, 0.0, 2508.643
4996.282330036163, 0.0, 0.0, 2508.831
4998.282469987869, 0.0, 0.0, 2509.071
5000.282564878464, 0.0, 0.0, 2509.226
5002.282660245895, 0.0, 0.0, 2509.389
5004.2827405929565, 0.0, 0.0, 2509.548
5006.282843351364, 0.0, 0.0, 2509.751
5008.282945156097, 0.0, 0.0, 2509.942
5010.283031702042, 0.0, 0.0, 2510.133
5012.283128261566, 0.0, 0.0, 2510.307
5014.283226966858, 0.0, 0.0, 2510.45
5016.283324241638, 0.0, 0.0, 2510.572
5018.283423662186, 0.0, 0.0, 2510.794
5020.283527851105, 0.0, 0.0, 2510.972
5022.283615112305, 0.0, 0.0, 2511.139
5024.283714771271, 0.0, 0.0, 2511.31
5026.283798933029, 0.0, 0.0, 2511.414
5028.283883571625, 0.0, 0.0, 2511.572
5030.283978462219, 0.0, 0.0, 2511.754
5032.284075021744, 0.0, 0.0, 2511.905
5034.284168720245, 0.0, 0.0, 2512.043
5036.284304857254, 0.0, 0.0, 2512.275
5038.2843980789185, 0.0, 0.0, 2512.441
5040.28454375267, 0.0, 0.0, 2512.641
5042.284639835358, 0.0, 0.0, 2512.754
5044.284738779068, 0.0, 0.0, 2512.895
5046.284832239151, 0.0, 0.0, 2513.037
5048.284922361374, 0.0, 0.0, 2513.151
5050.285009145737, 0.0, 0.0, 2513.299
5052.285109758377, 0.0, 0.0, 2513.507
5054.285197734833, 0.0, 0.0, 2513.764
5056.28529381752, 0.0, 0.0, 2513.949
5058.285380601883, 0.0, 0.0, 2514.141
5060.285482645035, 0.0, 0.0, 2514.298
5062.285578489304, 0.0, 0.0, 2514.464
5064.285658359528, 0.0, 0.0, 2514.561
5066.285756587982, 0.0, 0.0, 2514.704
5068.2858555316925, 0.0, 0.0, 2514.838
5070.285951375961, 0.0, 0.0, 2514.981
5072.286087751389, 0.0, 0.0, 2515.153
5074.286180496216, 0.0, 0.0, 2515.297
5076.286259889603, 0.0, 0.0, 2515.458
5078.286358356476, 0.0, 0.0, 2515.619
5080.28649020195, 0.0, 0.0, 2515.755
5082.286558866501, 0.0, 0.0, 2515.914
5084.286652088165, 0.0, 0.0, 2516.027
5086.2867872715, 0.0, 0.0, 2516.163
5088.28692817688, 0.0, 0.0, 2516.284
5090.287030696869, 0.0, 0.0, 2516.436
5092.287170648575, 0.0, 0.0, 2516.54
5094.287269353867, 0.0, 0.0, 2516.688
5096.287372112274, 0.0, 0.0, 2516.874
5098.287473201752, 0.0, 0.0, 2517.049
5100.287565946579, 0.0, 0.0, 2517.204
5102.287653923035, 0.0, 0.0, 2517.377
5104.287796735764, 0.0, 0.0, 2517.462
5106.287934541702, 0.0, 0.0, 2517.594
5108.288024663925, 0.0, 0.0, 2517.786
5110.288121700287, 0.0, 0.0, 2517.914
5112.288210630417, 0.0, 0.0, 2517.993
5114.288311481476, 0.0, 0.0, 2518.181
5116.288415670395, 0.0, 0.0, 2518.358
5118.288493871689, 0.0, 0.0, 2518.481
5120.2885954380035, 0.0, 0.0, 2518.646
5122.288698673248, 0.0, 0.0, 2518.821
5124.288800239563, 0.0, 0.0, 2518.991
5126.288899421692, 0.0, 0.0, 2519.08
5128.288987159729, 0.0, 0.0, 2519.185
5130.28907418251, 0.0, 0.0, 2519.303
5132.289174556732, 0.0, 0.0, 2519.529
5134.289275884628, 0.0, 0.0, 2519.7
5136.289368152618, 0.0, 0.0, 2519.872
5138.289501905441, 0.0, 0.0, 2520.098
5140.289632558823, 0.0, 0.0, 2520.285
5142.289761066437, 0.0, 0.0, 2520.41
5144.28989481926, 0.0, 0.0, 2520.519
5146.289995193481, 0.0, 0.0, 2520.601
5148.290096282959, 0.0, 0.0, 2520.752
5150.290196657181, 0.0, 0.0, 2520.92
5152.290297269821, 0.0, 0.0, 2521.048
5154.290390253067, 0.0, 0.0, 2521.196
5156.290482759476, 0.0, 0.0, 2521.354
5158.2906358242035, 0.0, 0.0, 2521.472
5160.290723562241, 0.0, 0.0, 2521.638
5162.290808439255, 0.0, 0.0, 2521.764
5164.290897846222, 0.0, 0.0, 2521.959
5166.29098200798, 0.0, 0.0, 2522.104
5168.291116952896, 0.0, 0.0, 2522.346
5170.291218996048, 0.0, 0.0, 2522.47
5172.2912974357605, 0.0, 0.0, 2522.643
5174.291400432587, 0.0, 0.0, 2522.871
5176.291498661041, 0.0, 0.0, 2523.078
5178.291597604752, 0.0, 0.0, 2523.188
5180.291694641113, 0.0, 0.0, 2523.349
5182.291801929474, 0.0, 0.0, 2523.523
5184.2919063568115, 0.0, 0.0, 2523.7
5186.292010068893, 0.0, 0.0, 2523.853
5188.292102813721, 0.0, 0.0, 2523.989
5190.2921833992, 0.0, 0.0, 2524.173
5192.292320489883, 0.0, 0.0, 2524.317
5194.292472362518, 0.0, 0.0, 2524.491
5196.292560100555, 0.0, 0.0, 2524.683
5198.29268860817, 0.0, 0.0, 2524.842
5200.292804718018, 0.0, 0.0, 2525.03
5202.292926073074, 0.0, 0.0, 2525.134
5204.293039560318, 0.0, 0.0, 2525.221
5206.293129444122, 0.0, 0.0, 2525.321
5208.293220996857, 0.0, 0.0, 2525.464
5210.293370723724, 0.0, 0.0, 2525.585
5212.293456315994, 0.0, 0.0, 2525.717
5214.293551206589, 0.0, 0.0, 2525.801
5216.293642282486, 0.0, 0.0, 2525.93
5218.293761253357, 0.0, 0.0, 2526.034
5220.293895244598, 0.0, 0.0, 2526.157
5222.293981790543, 0.0, 0.0, 2526.312
5224.29406785965, 0.0, 0.0, 2526.429
5226.294146299362, 0.0, 0.0, 2526.593
5228.29424738884, 0.0, 0.0, 2526.73
5230.294386148453, 0.0, 0.0, 2526.831
5232.294476747513, 0.0, 0.0, 2526.962
5234.294576406479, 0.0, 0.0, 2527.124
5236.294676780701, 0.0, 0.0, 2527.267
5238.29477596283, 0.0, 0.0, 2527.398
5240.294879198074, 0.0, 0.0, 2527.581
5242.294968366623, 0.0, 0.0, 2527.753
5244.295044898987, 0.0, 0.0, 2527.89
5246.29513669014, 0.0, 0.0, 2528.067
5248.29522228241, 0.0, 0.0, 2528.238
5250.295324802399, 0.0, 0.0, 2528.371
5252.2954115867615, 0.0, 0.0, 2528.552
5254.295512199402, 0.0, 0.0, 2528.659
5256.295621395111, 0.0, 0.0, 2528.81
5258.295724391937, 0.0, 0.0, 2528.92
5260.295812129974, 0.0, 0.0, 2529.03
5262.295893907547, 0.0, 0.0, 2529.151
5264.295992612839, 0.0, 0.0, 2529.322
5266.296093940735, 0.0, 0.0, 2529.415
5268.296194553375, 0.0, 0.0, 2529.579
5270.296283245087, 0.0, 0.0, 2529.678
5272.29637670517, 0.0, 0.0, 2529.825
5274.296514034271, 0.0, 0.0, 2529.964
5276.296628713608, 0.0, 0.0, 2530.178
5278.2967319488525, 0.0, 0.0, 2530.341
5280.296823978424, 0.0, 0.0, 2530.441
5282.296927928925, 0.0, 0.0, 2530.547
5284.2970452308655, 0.0, 0.0, 2530.676
5286.297182559967, 0.0, 0.0, 2530.808
5288.297285556793, 0.0, 0.0, 2530.943
5290.297422409058, 0.0, 0.0, 2531.073
5292.2975306510925, 0.0, 0.0, 2531.247
5294.297624588013, 0.0, 0.0, 2531.349
5296.297711133957, 0.0, 0.0, 2531.516
5298.297803878784, 0.0, 0.0, 2531.621
5300.2979164123535, 0.0, 0.0, 2531.71
5302.298012971878, 0.0, 0.0, 2531.812
5304.2981300354, 0.0, 0.0, 2531.895
5306.298235416412, 0.0, 0.0, 2532.005
5308.298340797424, 0.0, 0.0, 2532.144
5310.298473119736, 0.0, 0.0, 2532.255
5312.298561096191, 0.0, 0.0, 2532.395
5314.298656702042, 0.0, 0.0, 2532.574
5316.298733711243, 0.0, 0.0, 2532.761
5318.298821210861, 0.0, 0.0, 2532.868
5320.298919200897, 0.0, 0.0, 2532.999
5322.2990181446075, 0.0, 0.0, 2533.115
5324.299103736877, 0.0, 0.0, 2533.22
5326.299206495285, 0.0, 0.0, 2533.324
5328.299308538437, 0.0, 0.0, 2533.437
5330.2994084358215, 0.0, 0.0, 2533.567
5332.299508094788, 0.0, 0.0, 2533.699
5334.299588680267, 0.0, 0.0, 2533.814
5336.299696683884, 0.0, 0.0, 2533.936
5338.299801826477, 0.0, 0.0, 2534.033
5340.299911260605, 0.0, 0.0, 2534.191
5342.30001950264, 0.0, 0.0, 2534.343
5344.30011177063, 0.0, 0.0, 2534.44
5346.3002140522, 0.0, 0.0, 2534.566
5348.300312757492, 0.0, 0.0, 2534.759
5350.300414562225, 0.0, 0.0, 2534.946
5352.300500392914, 0.0, 0.0, 2535.025
5354.30064368248, 0.0, 0.0, 2535.181
5356.300739765167, 0.0, 0.0, 2535.289
5358.300845146179, 0.0, 0.0, 2535.518
5360.300936222076, 0.0, 0.0, 2535.667
5362.301036834717, 0.0, 0.0, 2535.815
5364.301137447357, 0.0, 0.0, 2536.063
5366.301274061203, 0.0, 0.0, 2536.156
5368.301360368729, 0.0, 0.0, 2536.33
5370.301440477371, 0.0, 0.0, 2536.429
5372.301557779312, 0.0, 0.0, 2536.591
5374.301691532135, 0.0, 0.0, 2536.725
5376.301788568497, 0.0, 0.0, 2536.824
5378.30188536644, 0.0, 0.0, 2536.896
5380.301972389221, 0.0, 0.0, 2536.99
5382.302063465118, 0.0, 0.0, 2537.057
5384.3021504879, 0.0, 0.0, 2537.168
5386.302250862122, 0.0, 0.0, 2537.288
5388.302338600159, 0.0, 0.0, 2537.398
5390.3024706840515, 0.0, 0.0, 2537.544
5392.302572727203, 0.0, 0.0, 2537.632
5394.302672624588, 0.0, 0.0, 2537.8
5396.302775382996, 0.0, 0.0, 2537.923
5398.30288028717, 0.0, 0.0, 2538.004
5400.3029906749725, 0.0, 0.0, 2538.195
5402.303123474121, 0.0, 0.0, 2538.351
5404.303263902664, 0.0, 0.0, 2538.515
5406.303340911865, 0.0, 0.0, 2538.712
5408.303444385529, 0.0, 0.0, 2538.804
5410.303546190262, 0.0, 0.0, 2538.935
5412.3036477565765, 0.0, 0.0, 2539.052
5414.30375623703, 0.0, 0.0, 2539.19
5416.303842306137, 0.0, 0.0, 2539.339
5418.3039293289185, 0.0, 0.0, 2539.47
5420.30403137207, 0.0, 0.0, 2539.516
5422.304135322571, 0.0, 0.0, 2539.602
5424.304216623306, 0.0, 0.0, 2539.788
5426.304317712784, 0.0, 0.0, 2539.918
5428.304414510727, 0.0, 0.0, 2540.073
5430.304511785507, 0.0, 0.0, 2540.184
5432.304645776749, 0.0, 0.0, 2540.341
5434.304749250412, 0.0, 0.0, 2540.484
5436.304846286774, 0.0, 0.0, 2540.573
5438.304981708527, 0.0, 0.0, 2540.709
5440.305076599121, 0.0, 0.0, 2540.833
5442.305159568787, 0.0, 0.0, 2540.931
5444.305294036865, 0.0, 0.0, 2541.0
5446.305378437042, 0.0, 0.0, 2541.079
5448.305460453033, 0.0, 0.0, 2541.155
5450.305560827255, 0.0, 0.0, 2541.279
5452.30565071106, 0.0, 0.0, 2541.372
5454.305754899979, 0.0, 0.0, 2541.462
5456.3058450222015, 0.0, 0.0, 2541.551
5458.305946350098, 0.0, 0.0, 2541.649
5460.306029319763, 0.0, 0.0, 2541.833
5462.306130886078, 0.0, 0.0, 2541.911
5464.30623626709, 0.0, 0.0, 2542.041
5466.306321382523, 0.0, 0.0, 2542.165
5468.3064057827, 0.0, 0.0, 2542.324
5470.306487083435, 0.0, 0.0, 2542.458
5472.306589841843, 0.0, 0.0, 2542.592
5474.306723356247, 0.0, 0.0, 2542.736
5476.306810379028, 0.0, 0.0, 2542.866
5478.306898593903, 0.0, 0.0, 2542.98
5480.307009220123, 0.0, 0.0, 2543.112
5482.3071002960205, 0.0, 0.0, 2543.248
5484.307188510895, 0.0, 0.0, 2543.373
5486.307284832001, 0.0, 0.0, 2543.5
5488.307377099991, 0.0, 0.0, 2543.615
5490.307524681091, 0.0, 0.0, 2543.784
5492.307657718658, 0.0, 0.0, 2543.891
5494.307748556137, 0.0, 0.0, 2544.018
5496.307833433151, 0.0, 0.0, 2544.105
5498.3079226017, 0.0, 0.0, 2544.198
5500.308023452759, 0.0, 0.0, 2544.266
5502.308122634888, 0.0, 0.0, 2544.325
5504.308221817017, 0.0, 0.0, 2544.402
5506.30832195282, 0.0, 0.0, 2544.574
5508.30842256546, 0.0, 0.0, 2544.659
5510.308523178101, 0.0, 0.0, 2544.771
5512.308620691299, 0.0, 0.0, 2544.871
5514.308723688126, 0.0, 0.0, 2544.918
5516.308825969696, 0.0, 0.0, 2545.074
5518.308925867081, 0.0, 0.0, 2545.116
5520.309028148651, 0.0, 0.0, 2545.238
5522.309129476547, 0.0, 0.0, 2545.341
5524.309219360352, 0.0, 0.0, 2545.425
5526.309320926666, 0.0, 0.0, 2545.567
5528.309421300888, 0.0, 0.0, 2545.653
5530.309518814087, 0.0, 0.0, 2545.735
5532.309602499008, 0.0, 0.0, 2545.848
5534.309689044952, 0.0, 0.0, 2545.912
5536.309775590897, 0.0, 0.0, 2546.037
5538.309862136841, 0.0, 0.0, 2546.093
5540.309942245483, 0.0, 0.0, 2546.15
5542.310022592545, 0.0, 0.0, 2546.243
5544.310113191605, 0.0, 0.0, 2546.383
5546.310219049454, 0.0, 0.0, 2546.487
5548.310323238373, 0.0, 0.0, 2546.558
5550.310425281525, 0.0, 0.0, 2546.637
5552.3105664253235, 0.0, 0.0, 2546.743
5554.310664892197, 0.0, 0.0, 2546.851
5556.311021327972, 0.0, 0.0, 2546.965
5558.31112241745, 0.0, 0.0, 2547.082
5560.311205625534, 0.0, 0.0, 2547.153
5562.311307668686, 0.0, 0.0, 2547.341
5564.311406612396, 0.0, 0.0, 2547.416
5566.311494350433, 0.0, 0.0, 2547.516
5568.31157207489, 0.0, 0.0, 2547.607
5570.311671972275, 0.0, 0.0, 2547.654
5572.311772108078, 0.0, 0.0, 2547.766
5574.311873912811, 0.0, 0.0, 2547.859
5576.312006950378, 0.0, 0.0, 2547.983
5578.312143087387, 0.0, 0.0, 2548.182
5580.312225103378, 0.0, 0.0, 2548.329
5582.312356233597, 0.0, 0.0, 2548.377
5584.312488079071, 0.0, 0.0, 2548.443
5586.312570810318, 0.0, 0.0, 2548.522
5588.3126702308655, 0.0, 0.0, 2548.622
5590.312760591507, 0.0, 0.0, 2548.782
5592.312873363495, 0.0, 0.0, 2548.883
5594.312954187393, 0.0, 0.0, 2549.038
5596.313042640686, 0.0, 0.0, 2549.139
5598.313129663467, 0.0, 0.0, 2549.236
5600.313232898712, 0.0, 0.0, 2549.336
5602.313344955444, 0.0, 0.0, 2549.404
5604.313437223434, 0.0, 0.0, 2549.494
5606.31356549263, 0.0, 0.0, 2549.592
5608.313665390015, 0.0, 0.0, 2549.693
5610.313760757446, 0.0, 0.0, 2549.764
5612.313869714737, 0.0, 0.0, 2549.88
5614.31396484375, 0.0, 0.0, 2550.03
5616.314066171646, 0.0, 0.0, 2550.162
5618.314175128937, 0.0, 0.0, 2550.275
5620.314264297485, 0.0, 0.0, 2550.382
5622.314345359802, 0.0, 0.0, 2550.481
5624.314445972443, 0.0, 0.0, 2550.58
5626.3145389556885, 0.0, 0.0, 2550.694
5628.314591407776, 0.0, 0.0, 2550.764
5630.3146986961365, 0.0, 0.0, 2550.852
5632.3148028850555, 0.0, 0.0, 2550.942
5634.314907312393, 0.0, 0.0, 2551.025
5636.31499838829, 0.0, 0.0, 2551.13
5638.315104961395, 0.0, 0.0, 2551.23
5640.315238952637, 0.0, 0.0, 2551.314
5642.31534075737, 0.0, 0.0, 2551.414
5644.315439462662, 0.0, 0.0, 2551.518
5646.315540313721, 0.0, 0.0, 2551.614
5648.315638303757, 0.0, 0.0, 2551.719
5650.3157279491425, 0.0, 0.0, 2551.843
5652.31582736969, 0.0, 0.0, 2551.885
5654.31592798233, 0.0, 0.0, 2551.948
5656.316028594971, 0.0, 0.0, 2552.034
5658.316111087799, 0.0, 0.0, 2552.126
5660.31619644165, 0.0, 0.0, 2552.197
5662.316292762756, 0.0, 0.0, 2552.285
5664.316392660141, 0.0, 0.0, 2552.378
5666.3164966106415, 0.0, 0.0, 2552.503
5668.316586017609, 0.0, 0.0, 2552.691
5670.316677093506, 0.0, 0.0, 2552.783
5672.316761732101, 0.0, 0.0, 2552.943
5674.316868543625, 0.0, 0.0, 2553.037
5676.316970825195, 0.0, 0.0, 2553.104
5678.31706738472, 0.0, 0.0, 2553.273
5680.317154407501, 0.0, 0.0, 2553.35
5682.31724691391, 0.0, 0.0, 2553.488
5684.3173315525055, 0.0, 0.0, 2553.63
5686.317440032959, 0.0, 0.0, 2553.729
5688.317542552948, 0.0, 0.0, 2553.815
5690.317644834518, 0.0, 0.0, 2553.901
5692.31774687767, 0.0, 0.0, 2553.944
5694.317838668823, 0.0, 0.0, 2554.001
5696.317981958389, 0.0, 0.0, 2554.082
5698.318083524704, 0.0, 0.0, 2554.19
5700.318183660507, 0.0, 0.0, 2554.309
5702.318288326263, 0.0, 0.0, 2554.421
5704.3183760643005, 0.0, 0.0, 2554.558
5706.318471431732, 0.0, 0.0, 2554.726
5708.318558692932, 0.0, 0.0, 2554.834
5710.318699359894, 0.0, 0.0, 2554.93
5712.318786144257, 0.0, 0.0, 2555.019
5714.318879365921, 0.0, 0.0, 2555.081
5716.318961620331, 0.0, 0.0, 2555.161
5718.319057703018, 0.0, 0.0, 2555.34
5720.319162607193, 0.0, 0.0, 2555.431
5722.319304466248, 0.0, 0.0, 2555.5
5724.319437503815, 0.0, 0.0, 2555.57
5726.31952381134, 0.0, 0.0, 2555.654
5728.319620370865, 0.0, 0.0, 2555.735
5730.319697141647, 0.0, 0.0, 2555.796
5732.319798231125, 0.0, 0.0, 2555.908
5734.3199031353, 0.0, 0.0, 2556.017
5736.32000207901, 0.0, 0.0, 2556.049
5738.320102453232, 0.0, 0.0, 2556.122
5740.320201635361, 0.0, 0.0, 2556.184
5742.320301294327, 0.0, 0.0, 2556.352
5744.320381164551, 0.0, 0.0, 2556.457
5746.3204827308655, 0.0, 0.0, 2556.511
5748.320562839508, 0.0, 0.0, 2556.61
5750.3206651210785, 0.0, 0.0, 2556.692
5752.320796966553, 0.0, 0.0, 2556.778
5754.320888757706, 0.0, 0.0, 2556.853
5756.320978879929, 0.0, 0.0, 2556.942
5758.321076869965, 0.0, 0.0, 2557.052
5760.321168899536, 0.0, 0.0, 2557.148
5762.321261167526, 0.0, 0.0, 2557.231
5764.32137465477, 0.0, 0.0, 2557.312
5766.3214609622955, 0.0, 0.0, 2557.385
5768.321565389633, 0.0, 0.0, 2557.47
5770.321654319763, 0.0, 0.0, 2557.592
5772.321787595749, 0.0, 0.0, 2557.687
5774.321921825409, 0.0, 0.0, 2557.754
5776.322009563446, 0.0, 0.0, 2557.852
5778.322109937668, 0.0, 0.0, 2557.959
5780.322200059891, 0.0, 0.0, 2558.028
5782.322287797928, 0.0, 0.0, 2558.14
5784.322372436523, 0.0, 0.0, 2558.205
5786.322474718094, 0.0, 0.0, 2558.221
5788.322564125061, 0.0, 0.0, 2558.271
5790.322656869888, 0.0, 0.0, 2558.373
5792.322744607925, 0.0, 0.0, 2558.48
5794.322879314423, 0.0, 0.0, 2558.562
5796.322981119156, 0.0, 0.0, 2558.68
5798.3230702877045, 0.0, 0.0, 2558.793
5800.32316493988, 0.0, 0.0, 2558.873
5802.3232421875, 0.0, 0.0, 2558.936
5804.323349237442, 0.0, 0.0, 2558.996
5806.323452949524, 0.0, 0.0, 2559.077
5808.323553323746, 0.0, 0.0, 2559.158
5810.323648691177, 0.0, 0.0, 2559.253
5812.323756456375, 0.0, 0.0, 2559.283
5814.323840856552, 0.0, 0.0, 2559.367
5816.323951721191, 0.0, 0.0, 2559.455
5818.324045181274, 0.0, 0.0, 2559.523
5820.3241267204285, 0.0, 0.0, 2559.585
5822.324219942093, 0.0, 0.0, 2559.652
5824.324327707291, 0.0, 0.0, 2559.75
5826.324431657791, 0.0, 0.0, 2559.85
5828.324565172195, 0.0, 0.0, 2559.912
5830.324651956558, 0.0, 0.0, 2559.984
5832.324756383896, 0.0, 0.0, 2560.083
5834.324856519699, 0.0, 0.0, 2560.175
5836.324956893921, 0.0, 0.0, 2560.258
5838.325056552887, 0.0, 0.0, 2560.373
5840.325159072876, 0.0, 0.0, 2560.452
5842.325293302536, 0.0, 0.0, 2560.563
5844.325398921967, 0.0, 0.0, 2560.647
5846.325490951538, 0.0, 0.0, 2560.787
5848.325589895248, 0.0, 0.0, 2560.852
5850.325698375702, 0.0, 0.0, 2560.911
5852.325799465179, 0.0, 0.0, 2561.016
5854.32590007782, 0.0, 0.0, 2561.13
5856.325979471207, 0.0, 0.0, 2561.202
5858.326075553894, 0.0, 0.0, 2561.315
5860.326177120209, 0.0, 0.0, 2561.423
5862.3262820243835, 0.0, 0.0, 2561.54
5864.326368093491, 0.0, 0.0, 2561.614
5866.326448917389, 0.0, 0.0, 2561.697
5868.326559782028, 0.0, 0.0, 2561.765
5870.3266661167145, 0.0, 0.0, 2561.903
5872.326751470566, 0.0, 0.0, 2561.993
5874.3268394470215, 0.0, 0.0, 2562.137
5876.326931238174, 0.0, 0.0, 2562.157
5878.327032089233, 0.0, 0.0, 2562.257
5880.327132940292, 0.0, 0.0, 2562.371
5882.327234506607, 0.0, 0.0, 2562.475
5884.327335357666, 0.0, 0.0, 2562.517
5886.327429056168, 0.0, 0.0, 2562.623
5888.327561855316, 0.0, 0.0, 2562.742
5890.32765007019, 0.0, 0.0, 2562.81
5892.3277378082275, 0.0, 0.0, 2562.881
5894.327836513519, 0.0, 0.0, 2562.964
5896.327925920486, 0.0, 0.0, 2563.02
5898.328018188477, 0.0, 0.0, 2563.129
5900.328101634979, 0.0, 0.0, 2563.255
5902.328187942505, 0.0, 0.0, 2563.37
5904.328290462494, 0.0, 0.0, 2563.509
5906.328394174576, 0.0, 0.0, 2563.538
5908.328498363495, 0.0, 0.0, 2563.634
5910.328593254089, 0.0, 0.0, 2563.708
5912.328692436218, 0.0, 0.0, 2563.833
5914.3287942409515, 0.0, 0.0, 2563.909
5916.328904390335, 0.0, 0.0, 2564.011
5918.329002857208, 0.0, 0.0, 2564.083
5920.3291015625, 0.0, 0.0, 2564.15
5922.32920050621, 0.0, 0.0, 2564.185
5924.329306125641, 0.0, 0.0, 2564.25
5926.329397678375, 0.0, 0.0, 2564.312
5928.329510688782, 0.0, 0.0, 2564.376
5930.329615116119, 0.0, 0.0, 2564.427
5932.32971739769, 0.0, 0.0, 2564.523
5934.329817533493, 0.0, 0.0, 2564.618
5936.329903125763, 0.0, 0.0, 2564.72
5938.33003783226, 0.0, 0.0, 2564.772
5940.330143451691, 0.0, 0.0, 2564.866
5942.330247163773, 0.0, 0.0, 2564.968
5944.330353021622, 0.0, 0.0, 2565.008
5946.330442428589, 0.0, 0.0, 2565.103
5948.330544948578, 0.0, 0.0, 2565.189
5950.330568552017, 0.0, 0.0, 2565.328
5952.330665588379, 0.0, 0.0, 2565.449
5954.330764055252, 0.0, 0.0, 2565.543
5956.3308980464935, 0.0, 0.0, 2565.592
5958.330983400345, 0.0, 0.0, 2565.691
5960.331067085266, 0.0, 0.0, 2565.732
5962.3311994075775, 0.0, 0.0, 2565.789
5964.331276655197, 0.0, 0.0, 2565.899
5966.33136844635, 0.0, 0.0, 2565.972
5968.331476926804, 0.0, 0.0, 2566.048
5970.331577062607, 0.0, 0.0, 2566.223
5972.33166718483, 0.0, 0.0, 2566.366
5974.331767320633, 0.0, 0.0, 2566.425
5976.331857919693, 0.0, 0.0, 2566.469
5978.331960439682, 0.0, 0.0, 2566.536
5980.332049131393, 0.0, 0.0, 2566.596
5982.332133293152, 0.0, 0.0, 2566.68
5984.3322167396545, 0.0, 0.0, 2566.71
5986.332303285599, 0.0, 0.0, 2566.756
5988.332406997681, 0.0, 0.0, 2566.833
5990.332510709763, 0.0, 0.0, 2566.88
5992.332645893097, 0.0, 0.0, 2566.988
5994.332735776901, 0.0, 0.0, 2567.058
5996.332825422287, 0.0, 0.0, 2567.125
5998.332907438278, 0.0, 0.0, 2567.229
6000.332987785339, 0.0, 0.0, 2567.307
6002.333086967468, 0.0, 0.0, 2567.35
6004.333186864853, 0.0, 0.0, 2567.478
6006.33328795433, 0.0, 0.0, 2567.573
6008.333374977112, 0.0, 0.0, 2567.691
6010.3334765434265, 0.0, 0.0, 2567.799
6012.333577871323, 0.0, 0.0, 2567.899
6014.3336770534515, 0.0, 0.0, 2567.986
6016.33377456665, 0.0, 0.0, 2568.13
6018.333873748779, 0.0, 0.0, 2568.251
6020.333973646164, 0.0, 0.0, 2568.344
6022.334074258804, 0.0, 0.0, 2568.382
6024.334174156189, 0.0, 0.0, 2568.489
6026.334269046783, 0.0, 0.0, 2568.599
6028.334368467331, 0.0, 0.0, 2568.678
6030.334466457367, 0.0, 0.0, 2568.808
6032.334567070007, 0.0, 0.0, 2568.897
6034.334664344788, 0.0, 0.0, 2568.957
6036.3347635269165, 0.0, 0.0, 2569.029
6038.334865570068, 0.0, 0.0, 2569.121
6040.334963083267, 0.0, 0.0, 2569.216
6042.335065364838, 0.0, 0.0, 2569.305
6044.335163116455, 0.0, 0.0, 2569.35
6046.335258245468, 0.0, 0.0, 2569.387
6048.335399866104, 0.0, 0.0, 2569.459
6050.3354823589325, 0.0, 0.0, 2569.499
6052.335564374924, 0.0, 0.0, 2569.551
6054.335641860962, 0.0, 0.0, 2569.65
6056.335742473602, 0.0, 0.0, 2569.775
6058.335828065872, 0.0, 0.0, 2569.825
6060.335912942886, 0.0, 0.0, 2569.889
6062.336013793945, 0.0, 0.0, 2569.991
6064.33610200882, 0.0, 0.0, 2570.072
6066.336242437363, 0.0, 0.0, 2570.169
6068.336329460144, 0.0, 0.0, 2570.224
6070.336423158646, 0.0, 0.0, 2570.303
6072.336503505707, 0.0, 0.0, 2570.386
6074.33663892746, 0.0, 0.0, 2570.461
6076.336772203445, 0.0, 0.0, 2570.536
6078.336877584457, 0.0, 0.0, 2570.586
6080.337012052536, 0.0, 0.0, 2570.646
6082.33709359169, 0.0, 0.0, 2570.762
6084.337198495865, 0.0, 0.0, 2570.792
6086.337297677994, 0.0, 0.0, 2570.86
6088.33739900589, 0.0, 0.0, 2570.934
6090.337476968765, 0.0, 0.0, 2571.032
6092.337579488754, 0.0, 0.0, 2571.062
6094.33772444725, 0.0, 0.0, 2571.143
6096.337851762772, 0.0, 0.0, 2571.233
6098.337939500809, 0.0, 0.0, 2571.292
6100.338025093079, 0.0, 0.0, 2571.329
6102.338127374649, 0.0, 0.0, 2571.386
6104.3382341861725, 0.0, 0.0, 2571.434
6106.338343858719, 0.0, 0.0, 2571.501
6108.338474750519, 0.0, 0.0, 2571.607
6110.338579893112, 0.0, 0.0, 2571.649
6112.338718652725, 0.0, 0.0, 2571.721
6114.338821649551, 0.0, 0.0, 2571.803
6116.338912010193, 0.0, 0.0, 2571.861
6118.339050769806, 0.0, 0.0, 2571.97
6120.339149236679, 0.0, 0.0, 2572.029
6122.339239358902, 0.0, 0.0, 2572.112
6124.3393638134, 0.0, 0.0, 2572.194
6126.339494943619, 0.0, 0.0, 2572.311
6128.339594364166, 0.0, 0.0, 2572.415
6130.339681386948, 0.0, 0.0, 2572.517
6132.339764356613, 0.0, 0.0, 2572.626
6134.339859724045, 0.0, 0.0, 2572.72
6136.3399567604065, 0.0, 0.0, 2572.756
6138.340044260025, 0.0, 0.0, 2572.803
6140.340135812759, 0.0, 0.0, 2572.886
6142.340223073959, 0.0, 0.0, 2572.912
6144.340308427811, 0.0, 0.0, 2572.988
6146.340409755707, 0.0, 0.0, 2573.048
6148.340514183044, 0.0, 0.0, 2573.102
6150.340607643127, 0.0, 0.0, 2573.213
6152.340712308884, 0.0, 0.0, 2573.257
6154.340847730637, 0.0, 0.0, 2573.354
6156.3409588336945, 0.0, 0.0, 2573.425
6158.341059923172, 0.0, 0.0, 2573.426
6160.34116601944, 0.0, 0.0, 2573.525
6162.341283798218, 0.0, 0.0, 2573.582
6164.341387748718, 0.0, 0.0, 2573.651
6166.341469526291, 0.0, 0.0, 2573.749
6168.341573476791, 0.0, 0.0, 2573.807
6170.3416628837585, 0.0, 0.0, 2573.928
6172.341765165329, 0.0, 0.0, 2574.0
6174.341867685318, 0.0, 0.0, 2574.059
6176.341969013214, 0.0, 0.0, 2574.118
6178.342100858688, 0.0, 0.0, 2574.191
6180.342205286026, 0.0, 0.0, 2574.22
6182.3422935009, 0.0, 0.0, 2574.295
6184.342398881912, 0.0, 0.0, 2574.317
6186.342556715012, 0.0, 0.0, 2574.449
6188.342661142349, 0.0, 0.0, 2574.503
6190.342746734619, 0.0, 0.0, 2574.543
6192.342883348465, 0.0, 0.0, 2574.629
6194.343017578125, 0.0, 0.0, 2574.659
6196.343121767044, 0.0, 0.0, 2574.738
6198.343216896057, 0.0, 0.0, 2574.814
6200.343310594559, 0.0, 0.0, 2574.874
6202.343403339386, 0.0, 0.0, 2574.949
6204.343539714813, 0.0, 0.0, 2575.045
6206.343627691269, 0.0, 0.0, 2575.144
6208.343764305115, 0.0, 0.0, 2575.248
6210.343859910965, 0.0, 0.0, 2575.314
6212.343993425369, 0.0, 0.0, 2575.382
6214.344088077545, 0.0, 0.0, 2575.437
6216.344170331955, 0.0, 0.0, 2575.523
6218.344303607941, 0.0, 0.0, 2575.589
6220.344406366348, 0.0, 0.0, 2575.672
6222.344516515732, 0.0, 0.0, 2575.72
6224.344600915909, 0.0, 0.0, 2575.78
6226.344683170319, 0.0, 0.0, 2575.826
6228.344762802124, 0.0, 0.0, 2575.897
6230.344851970673, 0.0, 0.0, 2575.966
6232.344945669174, 0.0, 0.0, 2576.044
6234.345025777817, 0.0, 0.0, 2576.114
6236.345158815384, 0.0, 0.0, 2576.203
6238.345248222351, 0.0, 0.0, 2576.292
6240.3453850746155, 0.0, 0.0, 2576.376
6242.345492362976, 0.0, 0.0, 2576.459
6244.345586299896, 0.0, 0.0, 2576.518
6246.345721483231, 0.0, 0.0, 2576.618
6248.34582400322, 0.0, 0.0, 2576.705
6250.345919847488, 0.0, 0.0, 2576.76
6252.346009016037, 0.0, 0.0, 2576.859
6254.346093416214, 0.0, 0.0, 2576.88
6256.34619307518, 0.0, 0.0, 2576.946
6258.346336841583, 0.0, 0.0, 2576.982
6260.346419811249, 0.0, 0.0, 2577.063
6262.346518754959, 0.0, 0.0, 2577.084
6264.346597194672, 0.0, 0.0, 2577.172
6266.346699714661, 0.0, 0.0, 2577.27
6268.346797943115, 0.0, 0.0, 2577.36
6270.3468816280365, 0.0, 0.0, 2577.422
6272.34698343277, 0.0, 0.0, 2577.457
6274.347117185593, 0.0, 0.0, 2577.526
6276.347198724747, 0.0, 0.0, 2577.584
6278.347297906876, 0.0, 0.0, 2577.622
6280.347432374954, 0.0, 0.0, 2577.657
6282.34756731987, 0.0, 0.0, 2577.766
6284.347671985626, 0.0, 0.0, 2577.829
6286.347805738449, 0.0, 0.0, 2577.858
6288.347893476486, 0.0, 0.0, 2577.933
6290.347989082336, 0.0, 0.0, 2578.007
6292.348077774048, 0.0, 0.0, 2578.043
6294.348178386688, 0.0, 0.0, 2578.117
6296.348258018494, 0.0, 0.0, 2578.177
6298.34835767746, 0.0, 0.0, 2578.278
6300.348440170288, 0.0, 0.0, 2578.348
6302.348529815674, 0.0, 0.0, 2578.41
6304.34863114357, 0.0, 0.0, 2578.475
6306.348734378815, 0.0, 0.0, 2578.553
6308.348842144012, 0.0, 0.0, 2578.664
6310.34894490242, 0.0, 0.0, 2578.724
6312.349046468735, 0.0, 0.0, 2578.829
6314.349151134491, 0.0, 0.0, 2578.872
6316.349252462387, 0.0, 0.0, 2578.888
6318.349352836609, 0.0, 0.0, 2578.935
6320.349453926086, 0.0, 0.0, 2578.975
6322.3495535850525, 0.0, 0.0, 2579.022
6324.349632024765, 0.0, 0.0, 2579.1
6326.3497314453125, 0.0, 0.0, 2579.139
6328.349865913391, 0.0, 0.0, 2579.211
6330.349967956543, 0.0, 0.0, 2579.293
6332.350070953369, 0.0, 0.0, 2579.405
6334.3501563072205, 0.0, 0.0, 2579.476
6336.350245714188, 0.0, 0.0, 2579.538
6338.350352048874, 0.0, 0.0, 2579.578
6340.350438833237, 0.0, 0.0, 2579.664
6342.350519418716, 0.0, 0.0, 2579.743
6344.350612163544, 0.0, 0.0, 2579.811
6346.350739955902, 0.0, 0.0, 2579.838
6348.350830554962, 0.0, 0.0, 2579.863
6350.350964307785, 0.0, 0.0, 2579.919
6352.3511164188385, 0.0, 0.0, 2579.963
6354.351246356964, 0.0, 0.0, 2580.028
6356.35132932663, 0.0, 0.0, 2580.059
6358.351422548294, 0.0, 0.0, 2580.123
6360.351513385773, 0.0, 0.0, 2580.148
6362.351615428925, 0.0, 0.0, 2580.23
6364.351718187332, 0.0, 0.0, 2580.326
6366.351817369461, 0.0, 0.0, 2580.391
6368.351909637451, 0.0, 0.0, 2580.47
6370.352010726929, 0.0, 0.0, 2580.536
6372.352113008499, 0.0, 0.0, 2580.598
6374.352194547653, 0.0, 0.0, 2580.616
6376.352296590805, 0.0, 0.0, 2580.662
6378.352391958237, 0.0, 0.0, 2580.723
6380.3524742126465, 0.0, 0.0, 2580.808
6382.352575063705, 0.0, 0.0, 2580.91
6384.352676391602, 0.0, 0.0, 2580.974
6386.352761507034, 0.0, 0.0, 2581.017
6388.352861881256, 0.0, 0.0, 2581.094
6390.352966308594, 0.0, 0.0, 2581.15
6392.353058338165, 0.0, 0.0, 2581.239
6394.353195667267, 0.0, 0.0, 2581.316
6396.353287696838, 0.0, 0.0, 2581.351
6398.353427171707, 0.0, 0.0, 2581.403
6400.353511810303, 0.0, 0.0, 2581.45
6402.353652238846, 0.0, 0.0, 2581.528
6404.353748559952, 0.0, 0.0, 2581.579
6406.353844642639, 0.0, 0.0, 2581.633
6408.353945970535, 0.0, 0.0, 2581.709
6410.354044914246, 0.0, 0.0, 2581.783
6412.354145526886, 0.0, 0.0, 2581.846
6414.3542284965515, 0.0, 0.0, 2581.877
6416.3543128967285, 0.0, 0.0, 2581.954
6418.354413986206, 0.0, 0.0, 2581.99
6420.354512929916, 0.0, 0.0, 2582.024
6422.354599714279, 0.0, 0.0, 2582.054
6424.354682445526, 0.0, 0.0, 2582.102
6426.354780673981, 0.0, 0.0, 2582.167
6428.354881286621, 0.0, 0.0, 2582.261
6430.354977607727, 0.0, 0.0, 2582.308
6432.355060815811, 0.0, 0.0, 2582.372
6434.355154514313, 0.0, 0.0, 2582.41
6436.35524058342, 0.0, 0.0, 2582.447
6438.35533952713, 0.0, 0.0, 2582.519
6440.355446100235, 0.0, 0.0, 2582.639
6442.355545043945, 0.0, 0.0, 2582.666
6444.355645656586, 0.0, 0.0, 2582.722
6446.355784416199, 0.0, 0.0, 2582.823
6448.355884313583, 0.0, 0.0, 2582.888
6450.355960845947, 0.0, 0.0, 2582.935
6452.356062173843, 0.0, 0.0, 2582.937
6454.356196641922, 0.0, 0.0, 2582.977
6456.356330394745, 0.0, 0.0, 2583.045
6458.356414556503, 0.0, 0.0, 2583.073
6460.356515169144, 0.0, 0.0, 2583.117
6462.3566172122955, 0.0, 0.0, 2583.148
6464.356718301773, 0.0, 0.0, 2583.271
6466.356806755066, 0.0, 0.0, 2583.324
6468.35689330101, 0.0, 0.0, 2583.388
6470.357030391693, 0.0, 0.0, 2583.446
6472.357118368149, 0.0, 0.0, 2583.496
6474.357210636139, 0.0, 0.0, 2583.609
6476.357294082642, 0.0, 0.0, 2583.643
6478.357396841049, 0.0, 0.0, 2583.707
6480.357498884201, 0.0, 0.0, 2583.766
6482.357600688934, 0.0, 0.0, 2583.792
6484.357703208923, 0.0, 0.0, 2583.85
6486.357808589935, 0.0, 0.0, 2583.877
6488.357910633087, 0.0, 0.0, 2583.927
6490.35800075531, 0.0, 0.0, 2583.986
6492.358101844788, 0.0, 0.0, 2584.021
6494.358200311661, 0.0, 0.0, 2584.085
6496.358302354813, 0.0, 0.0, 2584.101
6498.358400583267, 0.0, 0.0, 2584.183
6500.358486652374, 0.0, 0.0, 2584.254
6502.358576774597, 0.0, 0.0, 2584.32
6504.358662843704, 0.0, 0.0, 2584.356
6506.3587481975555, 0.0, 0.0, 2584.358
6508.358832836151, 0.0, 0.0, 2584.462
6510.358918428421, 0.0, 0.0, 2584.509
6512.359003782272, 0.0, 0.0, 2584.567
6514.359137296677, 0.0, 0.0, 2584.668
6516.359240293503, 0.0, 0.0, 2584.678
6518.359375476837, 0.0, 0.0, 2584.756
6520.359455823898, 0.0, 0.0, 2584.82
6522.359553098679, 0.0, 0.0, 2584.874
6524.359655380249, 0.0, 0.0, 2584.922
6526.359735012054, 0.0, 0.0, 2584.955
6528.359835863113, 0.0, 0.0, 2585.024
6530.359974384308, 0.0, 0.0, 2585.044
6532.360073804855, 0.0, 0.0, 2585.086
6534.360171794891, 0.0, 0.0, 2585.167
6536.360269784927, 0.0, 0.0, 2585.217
6538.360360860825, 0.0, 0.0, 2585.292
6540.360451698303, 0.0, 0.0, 2585.302
6542.360583782196, 0.0, 0.0, 2585.359
6544.360671520233, 0.0, 0.0, 2585.404
6546.360775709152, 0.0, 0.0, 2585.474
6548.360877990723, 0.0, 0.0, 2585.517
6550.360968112946, 0.0, 0.0, 2585.623
6552.361066579819, 0.0, 0.0, 2585.701
6554.361153125763, 0.0, 0.0, 2585.724
6556.361248254776, 0.0, 0.0, 2585.779
6558.361351013184, 0.0, 0.0, 2585.854
6560.36145401001, 0.0, 0.0, 2585.908
6562.361558914185, 0.0, 0.0, 2585.97
6564.361663818359, 0.0, 0.0, 2586.023
6566.361763715744, 0.0, 0.0, 2586.08
6568.3618631362915, 0.0, 0.0, 2586.167
6570.361993312836, 0.0, 0.0, 2586.193
6572.362092971802, 0.0, 0.0, 2586.271
6574.362197875977, 0.0, 0.0, 2586.345
6576.362292051315, 0.0, 0.0, 2586.377
6578.362397193909, 0.0, 0.0, 2586.389
6580.362558603287, 0.0, 0.0, 2586.438
6582.3626182079315, 0.0, 0.0, 2586.484
6584.36270403862, 0.0, 0.0, 2586.52
6586.362790584564, 0.0, 0.0, 2586.551
6588.362874507904, 0.0, 0.0, 2586.56
6590.362958192825, 0.0, 0.0, 2586.624
6592.363044023514, 0.0, 0.0, 2586.704
6594.363133192062, 0.0, 0.0, 2586.769
6596.363222837448, 0.0, 0.0, 2586.821
6598.363358259201, 0.0, 0.0, 2586.874
6600.363499879837, 0.0, 0.0, 2586.97
6602.363634109497, 0.0, 0.0, 2587.023
6604.363731622696, 0.0, 0.0, 2587.117
6606.363836288452, 0.0, 0.0, 2587.135
6608.363953113556, 0.0, 0.0, 2587.165
6610.36404800415, 0.0, 0.0, 2587.238
6612.364151477814, 0.0, 0.0, 2587.274
6614.364254951477, 0.0, 0.0, 2587.336
6616.364352226257, 0.0, 0.0, 2587.4
6618.364454746246, 0.0, 0.0, 2587.438
6620.364557027817, 0.0, 0.0, 2587.518
6622.36465716362, 0.0, 0.0, 2587.556
6624.364763498306, 0.0, 0.0, 2587.62
6626.364867687225, 0.0, 0.0, 2587.686
6628.365007638931, 0.0, 0.0, 2587.732
6630.365096569061, 0.0, 0.0, 2587.785
6632.365187883377, 0.0, 0.0, 2587.822
6634.365318059921, 0.0, 0.0, 2587.896
6636.365427494049, 0.0, 0.0, 2587.978
6638.365518569946, 0.0, 0.0, 2588.007
6640.365628957748, 0.0, 0.0, 2588.066
6642.365745782852, 0.0, 0.0, 2588.119
6644.365834712982, 0.0, 0.0, 2588.136
6646.365975379944, 0.0, 0.0, 2588.183
6648.366109132767, 0.0, 0.0, 2588.24
6650.366237401962, 0.0, 0.0, 2588.287
6652.366324424744, 0.0, 0.0, 2588.331
6654.366424560547, 0.0, 0.0, 2588.396
6656.366522312164, 0.0, 0.0, 2588.419
6658.366621732712, 0.0, 0.0, 2588.496
6660.366721391678, 0.0, 0.0, 2588.505
6662.366822242737, 0.0, 0.0, 2588.56
6664.366923570633, 0.0, 0.0, 2588.666
6666.367022514343, 0.0, 0.0, 2588.676
6668.367126464844, 0.0, 0.0, 2588.714
6670.367229223251, 0.0, 0.0, 2588.769
6672.3673350811005, 0.0, 0.0, 2588.821
6674.367470264435, 0.0, 0.0, 2588.864
6676.367602109909, 0.0, 0.0, 2588.945
6678.367700815201, 0.0, 0.0, 2588.959
6680.367805719376, 0.0, 0.0, 2589.046
6682.367908477783, 0.0, 0.0, 2589.058
6684.368000030518, 0.0, 0.0, 2589.127
6686.368093490601, 0.0, 0.0, 2589.172
6688.368179798126, 0.0, 0.0, 2589.244
6690.3683133125305, 0.0, 0.0, 2589.27
6692.368407726288, 0.0, 0.0, 2589.29
6694.368542671204, 0.0, 0.0, 2589.35
6696.368641614914, 0.0, 0.0, 2589.4
6698.36874294281, 0.0, 0.0, 2589.471
6700.368842840195, 0.0, 0.0, 2589.563
6702.368943452835, 0.0, 0.0, 2589.648
6704.369045257568, 0.0, 0.0, 2589.69
6706.369143247604, 0.0, 0.0, 2589.755
6708.369238615036, 0.0, 0.0, 2589.785
6710.369342327118, 0.0, 0.0, 2589.853
6712.3694405555725, 0.0, 0.0, 2589.917
6714.369543552399, 0.0, 0.0, 2589.95
6716.369642972946, 0.0, 0.0, 2590.029
6718.36973118782, 0.0, 0.0, 2590.037
6720.369811296463, 0.0, 0.0, 2590.081
6722.369912147522, 0.0, 0.0, 2590.115
6724.370014667511, 0.0, 0.0, 2590.129
6726.370113611221, 0.0, 0.0, 2590.215
6728.370221614838, 0.0, 0.0, 2590.293
6730.370322942734, 0.0, 0.0, 2590.375
6732.370455980301, 0.0, 0.0, 2590.398
6734.3705677986145, 0.0, 0.0, 2590.437
6736.370668172836, 0.0, 0.0, 2590.48
6738.370760917664, 0.0, 0.0, 2590.553
6740.370889663696, 0.0, 0.0, 2590.613
6742.370985507965, 0.0, 0.0, 2590.661
6744.371078491211, 0.0, 0.0, 2590.709
6746.371176958084, 0.0, 0.0, 2590.811
6748.371277093887, 0.0, 0.0, 2590.852
6750.371377229691, 0.0, 0.0, 2590.903
6752.371467351913, 0.0, 0.0, 2590.903
6754.371554851532, 0.0, 0.0, 2590.953
6756.371652126312, 0.0, 0.0, 2590.998
6758.371741294861, 0.0, 0.0, 2591.04
6760.3718230724335, 0.0, 0.0, 2591.084
6762.37190580368, 0.0, 0.0, 2591.14
6764.37199306488, 0.0, 0.0, 2591.176
6766.372072935104, 0.0, 0.0, 2591.255
6768.372206926346, 0.0, 0.0, 2591.29
6770.372307538986, 0.0, 0.0, 2591.319
6772.372442007065, 0.0, 0.0, 2591.347
6774.372579097748, 0.0, 0.0, 2591.402
6776.372685909271, 0.0, 0.0, 2591.483
6778.3727905750275, 0.0, 0.0, 2591.542
6780.372889518738, 0.0, 0.0, 2591.61
6782.372991323471, 0.0, 0.0, 2591.706
6784.373080253601, 0.0, 0.0, 2591.746
6786.373166799545, 0.0, 0.0, 2591.751
6788.373265743256, 0.0, 0.0, 2591.824
6790.373402833939, 0.0, 0.0, 2591.83
6792.373504161835, 0.0, 0.0, 2591.896
6794.373613357544, 0.0, 0.0, 2591.993
6796.373715162277, 0.0, 0.0, 2592.012
6798.373854398727, 0.0, 0.0, 2592.08
6800.373961448669, 0.0, 0.0, 2592.138
6802.374061822891, 0.0, 0.0, 2592.197
6804.374163150787, 0.0, 0.0, 2592.189
6806.374264717102, 0.0, 0.0, 2592.273
6808.3743669986725, 0.0, 0.0, 2592.326
6810.374476909637, 0.0, 0.0, 2592.373
6812.374568462372, 0.0, 0.0, 2592.469
6814.3746683597565, 0.0, 0.0, 2592.512
6816.374771118164, 0.0, 0.0, 2592.567
6818.374871730804, 0.0, 0.0, 2592.618
6820.37495970726, 0.0, 0.0, 2592.612
6822.375044584274, 0.0, 0.0, 2592.64
6824.375158786774, 0.0, 0.0, 2592.713
6826.375285863876, 0.0, 0.0, 2592.747
6828.375369310379, 0.0, 0.0, 2592.801
6830.37545466423, 0.0, 0.0, 2592.843
6832.375558376312, 0.0, 0.0, 2592.87
6834.375643253326, 0.0, 0.0, 2592.927
6836.375733137131, 0.0, 0.0, 2592.978
6838.375817298889, 0.0, 0.0, 2593.025
6840.375926017761, 0.0, 0.0, 2593.092
6842.376013040543, 0.0, 0.0, 2593.153
6844.376109600067, 0.0, 0.0, 2593.181
6846.376228094101, 0.0, 0.0, 2593.24
6848.376314401627, 0.0, 0.0, 2593.307
6850.376419305801, 0.0, 0.0, 2593.361
6852.376553058624, 0.0, 0.0, 2593.417
6854.376690149307, 0.0, 0.0, 2593.468
6856.376794576645, 0.0, 0.0, 2593.44
6858.37689948082, 0.0, 0.0, 2593.496
6860.377005577087, 0.0, 0.0, 2593.463
6862.377112627029, 0.0, 0.0, 2593.473
6864.377213716507, 0.0, 0.0, 2593.522
6866.377299308777, 0.0, 0.0, 2593.582
6868.377400159836, 0.0, 0.0, 2593.636
6870.377481937408, 0.0, 0.0, 2593.696
6872.377590417862, 0.0, 0.0, 2593.754
6874.377693414688, 0.0, 0.0, 2593.752
6876.377779483795, 0.0, 0.0, 2593.859
6878.377863645554, 0.0, 0.0, 2593.884
6880.377967596054, 0.0, 0.0, 2593.939
6882.378070116043, 0.0, 0.0, 2593.988
6884.378173589706, 0.0, 0.0, 2594.009
6886.378269195557, 0.0, 0.0, 2594.021
6888.378376722336, 0.0, 0.0, 2594.085
6890.37851524353, 0.0, 0.0, 2594.12
6892.378650665283, 0.0, 0.0, 2594.172
6894.378742456436, 0.0, 0.0, 2594.228
6896.378878593445, 0.0, 0.0, 2594.3
6898.378972053528, 0.0, 0.0, 2594.324
6900.379109382629, 0.0, 0.0, 2594.388
6902.379203557968, 0.0, 0.0, 2594.421
6904.379281759262, 0.0, 0.0, 2594.514
6906.379378080368, 0.0, 0.0, 2594.548
6908.379481554031, 0.0, 0.0, 2594.588
6910.379565477371, 0.0, 0.0, 2594.652
6912.3796508312225, 0.0, 0.0, 2594.71
6914.379739046097, 0.0, 0.0, 2594.78
6916.379842042923, 0.0, 0.0, 2594.829
6918.379950284958, 0.0, 0.0, 2594.868
6920.380055904388, 0.0, 0.0, 2594.883
6922.380139827728, 0.0, 0.0, 2594.922
6924.380228281021, 0.0, 0.0, 2594.979
6926.380328416824, 0.0, 0.0, 2595.035
6928.380411624908, 0.0, 0.0, 2595.049
6930.380498886108, 0.0, 0.0, 2595.091
6932.3805975914, 0.0, 0.0, 2595.106
6934.380700826645, 0.0, 0.0, 2595.145
6936.380786418915, 0.0, 0.0, 2595.184
6938.380889177322, 0.0, 0.0, 2595.267
6940.380974292755, 0.0, 0.0, 2595.278
6942.381075620651, 0.0, 0.0, 2595.326
6944.381160497665, 0.0, 0.0, 2595.4
6946.381243467331, 0.0, 0.0, 2595.452
6948.381327867508, 0.0, 0.0, 2595.501
6950.38142824173, 0.0, 0.0, 2595.539
6952.381526470184, 0.0, 0.0, 2595.556
6954.381606578827, 0.0, 0.0, 2595.626
6956.381706476212, 0.0, 0.0, 2595.681
6958.381787061691, 0.0, 0.0, 2595.711
6960.381865739822, 0.0, 0.0, 2595.727
6962.381945610046, 0.0, 0.0, 2595.799
6964.382046461105, 0.0, 0.0, 2595.799
6966.382145643234, 0.0, 0.0, 2595.838
6968.382231473923, 0.0, 0.0, 2595.876
6970.382316112518, 0.0, 0.0, 2595.91
6972.382401704788, 0.0, 0.0, 2595.969
6974.382499694824, 0.0, 0.0, 2596.103
6976.382599592209, 0.0, 0.0, 2596.151
6978.382701396942, 0.0, 0.0, 2596.221
6980.3827867507935, 0.0, 0.0, 2596.207
6982.38289141655, 0.0, 0.0, 2596.261
6984.382991313934, 0.0, 0.0, 2596.321
6986.383072137833, 0.0, 0.0, 2596.351
6988.383174657822, 0.0, 0.0, 2596.378
6990.383276224136, 0.0, 0.0, 2596.41
6992.383373975754, 0.0, 0.0, 2596.421
6994.3834772109985, 0.0, 0.0, 2596.43
6996.383574724197, 0.0, 0.0, 2596.449
6998.383707523346, 0.0, 0.0, 2596.485
7000.3838102817535, 0.0, 0.0, 2596.514
7002.383912324905, 0.0, 0.0, 2596.55
7004.384012460709, 0.0, 0.0, 2596.592
7006.384099721909, 0.0, 0.0, 2596.627
7008.384202241898, 0.0, 0.0, 2596.654
7010.3842923641205, 0.0, 0.0, 2596.711
7012.384397506714, 0.0, 0.0, 2596.717
7014.384478092194, 0.0, 0.0, 2596.82
7016.384563207626, 0.0, 0.0, 2596.872
7018.384660720825, 0.0, 0.0, 2596.912
7020.384744644165, 0.0, 0.0, 2596.928
7022.384830951691, 0.0, 0.0, 2596.967
7024.384928226471, 0.0, 0.0, 2596.998
7026.385020971298, 0.0, 0.0, 2597.026
7028.385123729706, 0.0, 0.0, 2597.087
7030.385259389877, 0.0, 0.0, 2597.142
7032.385386943817, 0.0, 0.0, 2597.191
7034.385520935059, 0.0, 0.0, 2597.254
7036.385619401932, 0.0, 0.0, 2597.279
7038.3857226371765, 0.0, 0.0, 2597.315
7040.385825872421, 0.0, 0.0, 2597.373
7042.385928869247, 0.0, 0.0, 2597.388
7044.386009454727, 0.0, 0.0, 2597.431
7046.386105537415, 0.0, 0.0, 2597.462
7048.386209964752, 0.0, 0.0, 2597.514
7050.386295557022, 0.0, 0.0, 2597.57
7052.386374473572, 0.0, 0.0, 2597.597
7054.386456727982, 0.0, 0.0, 2597.646
7056.386559724808, 0.0, 0.0, 2597.677
7058.386653661728, 0.0, 0.0, 2597.713
7060.386738777161, 0.0, 0.0, 2597.779
7062.386818647385, 0.0, 0.0, 2597.871
7064.3869071006775, 0.0, 0.0, 2597.913
7066.386987924576, 0.0, 0.0, 2597.972
7068.387077093124, 0.0, 0.0, 2597.979
7070.387168169022, 0.0, 0.0, 2598.07
7072.387301683426, 0.0, 0.0, 2598.116
7074.387389183044, 0.0, 0.0, 2598.167
7076.387473106384, 0.0, 0.0, 2598.207
7078.3875641822815, 0.0, 0.0, 2598.228
7080.387661218643, 0.0, 0.0, 2598.287
7082.387744903564, 0.0, 0.0, 2598.322
7084.387830734253, 0.0, 0.0, 2598.355
7086.387931108475, 0.0, 0.0, 2598.4
7088.3880660533905, 0.0, 0.0, 2598.424
7090.388162851334, 0.0, 0.0, 2598.461
7092.38826751709, 0.0, 0.0, 2598.518
7094.38836812973, 0.0, 0.0, 2598.533
7096.388458490372, 0.0, 0.0, 2598.561
7098.388595342636, 0.0, 0.0, 2598.617
7100.388684749603, 0.0, 0.0, 2598.653
7102.388775110245, 0.0, 0.0, 2598.694
7104.38888001442, 0.0, 0.0, 2598.722
7106.388983488083, 0.0, 0.0, 2598.767
7108.38908290863, 0.0, 0.0, 2598.833
7110.389184951782, 0.0, 0.0, 2598.871
7112.389319896698, 0.0, 0.0, 2598.89
7114.389400720596, 0.0, 0.0, 2598.96
7116.389505147934, 0.0, 0.0, 2598.981
7118.389648675919, 0.0, 0.0, 2599.033
7120.389746427536, 0.0, 0.0, 2599.049
7122.389856338501, 0.0, 0.0, 2599.128
7124.389957904816, 0.0, 0.0, 2599.165
7126.3900578022, 0.0, 0.0, 2599.182
7128.390152931213, 0.0, 0.0, 2599.228
7130.390295982361, 0.0, 0.0, 2599.29
7132.3903822898865, 0.0, 0.0, 2599.317
7134.390465497971, 0.0, 0.0, 2599.339
7136.390551805496, 0.0, 0.0, 2599.378
7138.390653371811, 0.0, 0.0, 2599.394
7140.390732288361, 0.0, 0.0, 2599.386
7142.390823364258, 0.0, 0.0, 2599.438
7144.390914916992, 0.0, 0.0, 2599.495
7146.391060590744, 0.0, 0.0, 2599.52
7148.391164302826, 0.0, 0.0, 2599.522
7150.391248464584, 0.0, 0.0, 2599.584
7152.39133143425, 0.0, 0.0, 2599.624
7154.391415119171, 0.0, 0.0, 2599.631
7156.39150762558, 0.0, 0.0, 2599.671
7158.391608715057, 0.0, 0.0, 2599.753
7160.391694307327, 0.0, 0.0, 2599.78
7162.391793251038, 0.0, 0.0, 2599.819
7164.391880989075, 0.0, 0.0, 2599.848
7166.391959667206, 0.0, 0.0, 2599.911
7168.392095565796, 0.0, 0.0, 2599.92
7170.392195701599, 0.0, 0.0, 2599.975
7172.392286539078, 0.0, 0.0, 2600.019
7174.392421722412, 0.0, 0.0, 2600.093
7176.392524957657, 0.0, 0.0, 2600.139
7178.392618894577, 0.0, 0.0, 2600.159
7180.392719745636, 0.0, 0.0, 2600.196
7182.392867326736, 0.0, 0.0, 2600.207
7184.392999887466, 0.0, 0.0, 2600.211
7186.3930859565735, 0.0, 0.0, 2600.268
7188.393173933029, 0.0, 0.0, 2600.314
7190.393268585205, 0.0, 0.0, 2600.306
7192.39336848259, 0.0, 0.0, 2600.411
7194.393469333649, 0.0, 0.0, 2600.458
7196.3935697078705, 0.0, 0.0, 2600.531
7198.393674373627, 0.0, 0.0, 2600.53
7200.393778562546, 0.0, 0.0, 2600.593
7202.393882274628, 0.0, 0.0, 2600.646
7204.393972396851, 0.0, 0.0, 2600.67
7206.394056797028, 0.0, 0.0, 2600.691
7208.394151210785, 0.0, 0.0, 2600.7
7210.3942527771, 0.0, 0.0, 2600.744
7212.394353628159, 0.0, 0.0, 2600.739
7214.394487380981, 0.0, 0.0, 2600.807
7216.394571781158, 0.0, 0.0, 2600.812
7218.394654989243, 0.0, 0.0, 2600.861
7220.394737243652, 0.0, 0.0, 2600.892
7222.3948476314545, 0.0, 0.0, 2600.93
7224.394979476929, 0.0, 0.0, 2600.956
7226.39509677887, 0.0, 0.0, 2601.044
7228.395199537277, 0.0, 0.0, 2601.07
7230.395304918289, 0.0, 0.0, 2601.075
7232.395407438278, 0.0, 0.0, 2601.134
7234.395507574081, 0.0, 0.0, 2601.171
7236.395595788956, 0.0, 0.0, 2601.197
7238.395694971085, 0.0, 0.0, 2601.235
7240.395790815353, 0.0, 0.0, 2601.26
7242.395894527435, 0.0, 0.0, 2601.276
7244.3959991931915, 0.0, 0.0, 2601.333
7246.396089553833, 0.0, 0.0, 2601.373
7248.396197080612, 0.0, 0.0, 2601.416
7250.396299600601, 0.0, 0.0, 2601.462
7252.396382331848, 0.0, 0.0, 2601.517
7254.3964812755585, 0.0, 0.0, 2601.55
7256.396583080292, 0.0, 0.0, 2601.596
7258.396683454514, 0.0, 0.0, 2601.638
7260.396785736084, 0.0, 0.0, 2601.65
7262.396870136261, 0.0, 0.0, 2601.718
7264.396971464157, 0.0, 0.0, 2601.744
