time, current, power, resistance
0.0028471946716308594, 0.0, 0.0, 2716.519
2.002946615219116, 0.0, 0.0, 2716.464
4.003039121627808, 0.0, 0.0, 2716.464
6.003119468688965, 0.0, 0.0, 2716.513
8.003214120864868, 0.0, 0.0, 2716.549
10.003296613693237, 0.0, 0.0, 2716.55
12.003377914428711, 0.0, 0.0, 2716.624
14.003464460372925, 0.0, 0.0, 2716.726
16.00356435775757, 0.0, 0.0, 2716.796
18.003700256347656, 0.0, 0.0, 2716.88
20.003803968429565, 0.0, 0.0, 2716.946
22.003901481628418, 0.0, 0.0, 2716.982
24.003984689712524, 0.0, 0.0, 2716.998
26.004084587097168, 0.0, 0.0, 2717.009
28.004185676574707, 0.0, 0.0, 2716.984
30.004265785217285, 0.0, 0.0, 2717.009
32.00434732437134, 0.0, 0.0, 2717.086
34.00443077087402, 0.0, 0.0, 2717.076
36.00457262992859, 0.0, 0.0, 2717.059
38.0046751499176, 0.0, 0.0, 2717.077
40.00480914115906, 0.0, 0.0, 2717.033
42.004894733428955, 0.0, 0.0, 2717.019
44.00502824783325, 0.0, 0.0, 2717.0
46.005162715911865, 0.0, 0.0, 2716.998
48.005295276641846, 0.0, 0.0, 2717.006
50.005383014678955, 0.0, 0.0, 2717.009
52.005484104156494, 0.0, 0.0, 2717.062
54.005568981170654, 0.0, 0.0, 2717.048
56.005669593811035, 0.0, 0.0, 2717.207
58.00577116012573, 0.0, 0.0, 2717.326
60.00585722923279, 0.0, 0.0, 2717.455
62.0075318813324, 0.0, 0.0, 2690.443
64.00763249397278, 1.6014, 3.8161, 2487.54
66.00772380828857, 1.6013, 3.8604, 2340.913
68.00780630111694, 1.6014, 3.8932, 2223.303
70.00788831710815, 1.6014, 3.9153, 2126.103
72.0080213546753, 1.6014, 3.9407, 2045.328
74.00814127922058, 1.6014, 3.9562, 1972.875
76.00827431678772, 1.6014, 3.9727, 1915.522
78.00835800170898, 1.6013, 3.9869, 1862.527
80.00846028327942, 1.6013, 3.9998, 1814.554
82.00854396820068, 1.6014, 4.0116, 1772.069
84.00870132446289, 1.6013, 4.0222, 1734.061
86.00879907608032, 1.6013, 4.0321, 1698.646
88.00890254974365, 1.6013, 4.0414, 1665.82
90.00900530815125, 1.6014, 4.0502, 1635.809
92.00915050506592, 1.6014, 4.057, 1608.076
94.00928521156311, 1.6014, 4.0659, 1581.956
96.00936913490295, 1.6014, 4.0721, 1557.454
98.0094690322876, 1.6013, 4.079, 1533.79
100.00956749916077, 1.6014, 4.0857, 1511.664
102.0096652507782, 1.6014, 4.092, 1491.151
104.00976014137268, 1.6014, 4.0982, 1471.765
106.00986075401306, 1.6013, 4.1039, 1452.807
108.00996208190918, 1.6013, 4.1095, 1434.791
110.01006269454956, 1.6014, 4.1149, 1417.637
112.0101625919342, 1.6013, 4.1203, 1401.125
114.01023888587952, 1.6013, 4.1254, 1385.275
116.01033973693848, 1.6013, 4.1302, 1369.798
118.01042890548706, 1.6013, 4.1349, 1355.723
120.01053166389465, 1.6013, 4.1388, 1341.39
122.01063084602356, 1.6014, 4.1441, 1327.513
124.0107319355011, 1.6014, 4.1479, 1314.292
126.0108323097229, 1.6013, 4.1523, 1301.614
128.01097416877747, 1.6013, 4.1563, 1289.058
130.01111364364624, 1.6013, 4.1605, 1276.706
132.01119327545166, 1.6013, 4.1646, 1265.294
134.01127314567566, 1.6013, 4.1686, 1253.91
136.0113661289215, 1.6013, 4.1723, 1242.391
138.01146864891052, 1.6013, 4.1763, 1231.473
140.01160287857056, 1.6013, 4.1801, 1220.753
142.01170229911804, 1.6013, 4.1838, 1210.592
144.01179599761963, 1.6013, 4.1868, 1200.686
146.01189708709717, 1.6013, 4.1905, 1190.606
148.01200103759766, 1.6013, 4.1942, 1180.698
150.01208329200745, 1.6014, 4.1977, 1171.119
152.01221704483032, 1.6014, 4.2012, 1161.746
154.01230597496033, 1.6014, 4.2044, 1152.826
156.0124146938324, 1.6013, 4.2079, 1144.219
158.01251554489136, 1.6014, 4.2111, 1135.56
160.0126552581787, 1.6013, 4.2142, 1127.389
162.012761592865, 1.6013, 4.2176, 1118.809
164.01286363601685, 1.6013, 4.2206, 1110.347
166.01296162605286, 1.6013, 4.2239, 1102.28
168.01304078102112, 1.6013, 4.2264, 1094.645
170.01312232017517, 1.6013, 4.2294, 1087.279
172.01322197914124, 1.6014, 4.2324, 1080.162
174.01330757141113, 1.6013, 4.2355, 1072.823
176.0134129524231, 1.6013, 4.2383, 1065.758
178.01350212097168, 1.6013, 4.2411, 1058.871
180.01359462738037, 1.6013, 4.244, 1051.87
182.01369643211365, 1.6013, 4.2469, 1045.07
184.01378226280212, 1.6013, 4.2496, 1038.325
186.01386618614197, 1.6013, 4.2523, 1032.035
188.01396799087524, 1.6013, 4.255, 1026.061
190.0140688419342, 1.6013, 4.2574, 1020.067
192.01416945457458, 1.6013, 4.2604, 1014.042
194.0142674446106, 1.6013, 4.2624, 1008.123
196.01434803009033, 1.6013, 4.265, 1001.981
198.0144486427307, 1.6013, 4.2676, 996.6042
200.01454949378967, 1.6013, 4.27, 991.3376
202.01464200019836, 1.6013, 4.2724, 986.0714
204.01471972465515, 1.6013, 4.2748, 980.9065
206.01481890678406, 1.6013, 4.2772, 975.6326
208.0149278640747, 1.6013, 4.2796, 970.3795
210.01502776145935, 1.6013, 4.2819, 965.1888
212.01512932777405, 1.6013, 4.2841, 960.6545
214.01523065567017, 1.6013, 4.2863, 955.9019
216.01531744003296, 1.6013, 4.2883, 950.6441
218.01545596122742, 1.6013, 4.2909, 945.3434
220.01558995246887, 1.6013, 4.2929, 940.2501
222.01567101478577, 1.6013, 4.2954, 935.5913
224.01575326919556, 1.6013, 4.2976, 931.1017
226.0158884525299, 1.6013, 4.2997, 926.7365
228.01597380638123, 1.6013, 4.3018, 922.5194
230.01606631278992, 1.6013, 4.3038, 917.8532
232.01616954803467, 1.6013, 4.306, 913.7009
234.01625633239746, 1.6013, 4.308, 909.4411
236.01635456085205, 1.6013, 4.31, 905.4853
238.01645040512085, 1.6013, 4.3121, 901.5218
240.01653504371643, 1.6013, 4.3137, 897.4659
242.01662611961365, 1.6013, 4.3158, 893.4911
244.01673221588135, 1.6013, 4.3176, 889.9501
246.0168707370758, 1.6013, 4.3196, 885.8628
248.01698398590088, 1.6013, 4.3216, 882.1638
250.01708793640137, 1.6013, 4.3236, 878.18
252.01719665527344, 1.6013, 4.3254, 874.4945
254.01729226112366, 1.6013, 4.3273, 871.0024
256.01739287376404, 1.6013, 4.3291, 867.5731
258.01747393608093, 1.6013, 4.3308, 864.4785
260.0175795555115, 1.6013, 4.3323, 861.1195
262.0176830291748, 1.6013, 4.3345, 857.8457
264.01778626441956, 1.6011, 4.3358, 854.665
266.0178689956665, 1.6013, 4.3374, 851.4593
268.0179514884949, 1.6011, 4.3391, 848.3845
270.0180628299713, 1.6011, 4.3407, 845.5374
272.0181655883789, 1.6013, 4.3423, 842.6123
274.01826548576355, 1.6011, 4.3438, 839.4018
276.01836490631104, 1.6011, 4.3456, 836.3591
278.01845502853394, 1.6011, 4.3472, 833.3734
280.0185580253601, 1.6011, 4.3488, 830.1594
282.01864361763, 1.6011, 4.3506, 827.1844
284.01874804496765, 1.6011, 4.3519, 824.5615
286.0188829898834, 1.6011, 4.3535, 822.3404
288.01898527145386, 1.6011, 4.3547, 819.683
290.01908779144287, 1.6011, 4.3562, 816.7692
292.0192232131958, 1.6011, 4.3578, 814.2133
294.01930236816406, 1.6011, 4.3591, 811.958
296.01940965652466, 1.6011, 4.3606, 809.4668
298.0195116996765, 1.6011, 4.3621, 807.0996
300.0196123123169, 1.6011, 4.3633, 804.4333
302.0196969509125, 1.6011, 4.3648, 801.5552
304.0197958946228, 1.6011, 4.3663, 798.771
306.01992893218994, 1.6011, 4.3677, 796.5824
308.02003026008606, 1.6011, 4.3689, 794.3326
310.0201654434204, 1.6011, 4.3705, 791.8643
312.0202429294586, 1.6011, 4.3716, 789.7705
314.0203433036804, 1.6011, 4.3731, 786.9689
316.02047634124756, 1.6011, 4.3744, 784.5196
318.0205788612366, 1.6011, 4.3757, 782.1661
320.02071928977966, 1.6011, 4.3771, 780.3196
322.0208203792572, 1.6011, 4.3782, 778.341
324.02090668678284, 1.6011, 4.3794, 776.1837
326.02099204063416, 1.6011, 4.3808, 774.0864
328.02107191085815, 1.6011, 4.3818, 772.1063
330.0211548805237, 1.6011, 4.3831, 770.1828
332.0212404727936, 1.6011, 4.3842, 768.2588
334.02132654190063, 1.6011, 4.3855, 765.956
336.0214133262634, 1.6011, 4.3867, 764.1378
338.0215094089508, 1.6011, 4.3876, 762.6609
340.02161598205566, 1.6011, 4.3887, 760.8555
342.02171874046326, 1.6011, 4.3898, 758.912
344.02181673049927, 1.6011, 4.391, 757.0013
346.0219166278839, 1.6011, 4.392, 755.3197
348.0219945907593, 1.6011, 4.3932, 752.9906
350.02207374572754, 1.6011, 4.3943, 751.2287
352.02217078208923, 1.6011, 4.3955, 749.3483
354.02227663993835, 1.6011, 4.3965, 747.8751
356.0223844051361, 1.6011, 4.3973, 746.4303
358.0224869251251, 1.6011, 4.3986, 744.5443
360.0225851535797, 1.6011, 4.3995, 742.7644
362.02269220352173, 1.6011, 4.4004, 741.4127
364.02279019355774, 1.6011, 4.4014, 740.0897
366.0228683948517, 1.6011, 4.4023, 738.5661
368.0229604244232, 1.6011, 4.4033, 736.917
370.02304315567017, 1.6011, 4.4042, 735.3942
372.0231297016144, 1.601, 4.4053, 733.5918
374.0232322216034, 1.6011, 4.4062, 731.8221
376.0233166217804, 1.601, 4.4072, 730.1197
378.0234169960022, 1.6011, 4.4083, 729.0621
380.0235188007355, 1.601, 4.409, 727.6194
382.02362179756165, 1.6011, 4.41, 725.9632
384.0237007141113, 1.601, 4.4108, 724.9514
386.02380084991455, 1.601, 4.4116, 723.6675
388.0239007472992, 1.601, 4.4125, 722.2045
390.02400302886963, 1.6011, 4.4134, 720.681
392.02410078048706, 1.601, 4.4144, 719.4018
394.0242018699646, 1.601, 4.4152, 718.1639
396.02430391311646, 1.601, 4.4161, 716.6495
398.0244028568268, 1.601, 4.4169, 715.3054
400.02450227737427, 1.601, 4.4177, 714.4547
402.02458119392395, 1.601, 4.4185, 712.9818
404.02468514442444, 1.601, 4.4195, 711.681
406.0247874259949, 1.601, 4.4201, 710.2262
408.0249192714691, 1.601, 4.4209, 709.1281
410.02501940727234, 1.601, 4.4216, 708.013
412.0251212120056, 1.601, 4.4225, 706.7233
414.0252239704132, 1.601, 4.4232, 705.6461
416.02532720565796, 1.601, 4.4241, 704.4424
418.02541184425354, 1.601, 4.4248, 702.8636
420.0254912376404, 1.601, 4.4256, 701.4818
422.02557277679443, 1.601, 4.4267, 700.1157
424.0257079601288, 1.601, 4.4274, 698.6755
426.02581095695496, 1.601, 4.4285, 697.3862
428.02589321136475, 1.601, 4.4291, 696.3775
430.02600049972534, 1.601, 4.4299, 695.5735
432.0260856151581, 1.601, 4.4305, 694.4797
434.0261790752411, 1.601, 4.4312, 693.3869
436.0262620449066, 1.601, 4.4321, 692.4186
438.0263502597809, 1.601, 4.4328, 691.3725
440.0264573097229, 1.601, 4.4334, 690.3946
442.02654910087585, 1.601, 4.4341, 689.4138
444.02669954299927, 1.601, 4.4347, 688.5095
446.0268015861511, 1.601, 4.4355, 687.3738
448.02688360214233, 1.601, 4.4363, 686.1296
450.02702927589417, 1.601, 4.4372, 684.9405
452.027143239975, 1.601, 4.4377, 683.9353
454.027245759964, 1.601, 4.4384, 683.0327
456.02733159065247, 1.601, 4.439, 682.1784
458.02746653556824, 1.601, 4.4398, 681.4201
460.02756428718567, 1.601, 4.4402, 680.4448
462.02766728401184, 1.601, 4.441, 679.2715
464.0277750492096, 1.601, 4.4417, 678.1949
466.02788376808167, 1.601, 4.4424, 677.2328
468.02797198295593, 1.601, 4.4432, 675.8487
470.02808952331543, 1.601, 4.444, 674.6047
472.02818846702576, 1.601, 4.4446, 673.6854
474.02827286720276, 1.601, 4.4452, 672.6083
476.02837085723877, 1.601, 4.4459, 671.8267
478.0284562110901, 1.601, 4.4464, 671.1819
480.0285429954529, 1.601, 4.4469, 670.4279
482.02863597869873, 1.601, 4.4476, 669.5632
484.02873849868774, 1.601, 4.4482, 668.9656
486.0288419723511, 1.601, 4.4487, 668.5105
488.02894282341003, 1.601, 4.4491, 667.5279
490.0290467739105, 1.601, 4.4498, 666.4008
492.0291361808777, 1.601, 4.4505, 665.4282
494.02927446365356, 1.601, 4.4511, 664.8962
496.0293800830841, 1.601, 4.4516, 664.0846
498.02948546409607, 1.601, 4.4521, 663.1483
500.02962279319763, 1.601, 4.4527, 662.3279
502.02970266342163, 1.601, 4.4532, 661.3027
504.02980637550354, 1.601, 4.4538, 660.3181
506.0299081802368, 1.601, 4.4544, 659.5923
508.0300438404083, 1.601, 4.4551, 658.9151
510.03012919425964, 1.601, 4.4554, 658.6214
512.0302152633667, 1.601, 4.4559, 658.3325
514.0303251743317, 1.601, 4.4562, 657.9926
516.0304291248322, 1.601, 4.4567, 657.5234
518.0305304527283, 1.601, 4.4571, 656.9251
520.0306360721588, 1.601, 4.4573, 656.3574
522.0307176113129, 1.601, 4.4577, 656.3794
524.0308010578156, 1.601, 4.458, 655.7168
526.0309410095215, 1.601, 4.4583, 654.7547
528.0310218334198, 1.601, 4.4589, 653.9092
530.0311224460602, 1.601, 4.4595, 652.7905
532.0312252044678, 1.601, 4.4603, 651.9595
534.031328201294, 1.601, 4.4608, 651.1089
536.0314202308655, 1.601, 4.4613, 650.4063
538.0315034389496, 1.601, 4.4618, 649.8932
540.0316317081451, 1.601, 4.4622, 649.2939
542.0317740440369, 1.601, 4.4626, 648.6733
544.0318660736084, 1.601, 4.4631, 648.0431
546.0318953990936, 1.601, 4.4637, 647.3785
548.0320358276367, 1.601, 4.464, 646.6639
550.0321781635284, 1.601, 4.4644, 645.9161
552.0322759151459, 1.601, 4.465, 645.2989
554.0323617458344, 1.6009, 4.4654, 644.7561
556.0324635505676, 1.601, 4.466, 644.2208
558.032552242279, 1.601, 4.4664, 643.3631
560.0326550006866, 1.601, 4.467, 642.8612
562.0327944755554, 1.601, 4.4673, 642.2083
564.0328862667084, 1.601, 4.468, 641.5445
566.0329728126526, 1.601, 4.4683, 641.3168
568.0330617427826, 1.601, 4.4685, 641.0172
570.0331425666809, 1.601, 4.469, 640.2786
572.0332229137421, 1.6009, 4.4692, 639.8044
574.033328294754, 1.601, 4.4695, 639.3119
576.0334274768829, 1.6009, 4.47, 638.5865
578.0335066318512, 1.6009, 4.4703, 637.8616
580.033608675003, 1.601, 4.4709, 637.3239
582.0336878299713, 1.601, 4.4714, 636.6816
584.033787727356, 1.601, 4.4719, 636.2816
586.0338861942291, 1.601, 4.472, 635.8431
588.033985376358, 1.6009, 4.4724, 635.3457
590.034087896347, 1.601, 4.473, 634.9296
592.0341787338257, 1.601, 4.4731, 634.5698
594.0343272686005, 1.601, 4.4734, 634.0771
596.0344271659851, 1.601, 4.4738, 633.7223
598.0345287322998, 1.601, 4.4741, 633.812
600.0346086025238, 1.601, 4.4743, 633.7601
602.0347084999084, 1.601, 4.4745, 632.8513
604.0348107814789, 1.6009, 4.4749, 632.0981
606.0349106788635, 1.601, 4.4754, 631.3911
608.0350093841553, 1.6009, 4.4757, 631.0816
610.0350997447968, 1.6009, 4.4759, 630.9073
612.0352020263672, 1.6009, 4.4761, 630.5924
614.0353097915649, 1.6009, 4.4764, 630.1837
616.0354130268097, 1.6009, 4.4769, 629.8152
618.0354905128479, 1.6009, 4.4771, 629.4372
620.0355744361877, 1.6009, 4.4773, 629.0087
622.0356607437134, 1.6009, 4.4779, 628.5139
624.0357639789581, 1.6009, 4.4781, 627.878
626.0358786582947, 1.6009, 4.4785, 627.2664
628.0359735488892, 1.6009, 4.479, 626.7351
630.0360767841339, 1.6009, 4.4793, 626.1933
632.0361773967743, 1.6009, 4.4797, 625.64
634.0362825393677, 1.6009, 4.48, 625.1628
636.0363607406616, 1.6009, 4.4804, 624.7522
638.0364465713501, 1.6009, 4.4808, 624.1079
640.0365314483643, 1.6009, 4.4812, 623.776
642.0366349220276, 1.6009, 4.4815, 623.4003
644.0370395183563, 1.6009, 4.4816, 623.0871
646.0371329784393, 1.6009, 4.4818, 623.2181
648.0372705459595, 1.6009, 4.4819, 622.9275
650.0374064445496, 1.6009, 4.4823, 622.5173
652.0374920368195, 1.6009, 4.4825, 621.8449
654.0375711917877, 1.6009, 4.4828, 621.323
656.037665605545, 1.6009, 4.4833, 620.6377
658.0377495288849, 1.6009, 4.4837, 619.9668
660.037837266922, 1.6009, 4.484, 619.5752
662.0379388332367, 1.6009, 4.4845, 619.1423
664.0380759239197, 1.6009, 4.4848, 618.8448
666.0381789207458, 1.6009, 4.485, 618.2265
668.0382874011993, 1.6009, 4.4853, 617.8804
670.0383892059326, 1.6009, 4.4857, 617.7427
672.0384705066681, 1.6009, 4.4861, 617.0433
674.0385751724243, 1.6009, 4.4865, 616.4136
676.0386817455292, 1.6009, 4.4869, 615.6653
678.0387887954712, 1.6009, 4.4874, 615.0847
680.0389046669006, 1.6009, 4.4877, 614.962
682.0390057563782, 1.6009, 4.488, 614.5582
684.0391025543213, 1.6009, 4.4882, 614.1864
686.0392105579376, 1.6009, 4.4885, 613.9746
688.0393168926239, 1.6009, 4.4888, 613.5514
690.0394101142883, 1.6009, 4.4892, 613.2379
692.0394985675812, 1.6009, 4.4893, 612.7446
694.0395901203156, 1.6009, 4.4898, 612.2458
696.039694070816, 1.6009, 4.49, 612.342
698.0397934913635, 1.6009, 4.49, 611.8369
700.0399014949799, 1.6009, 4.4906, 611.2922
702.040013551712, 1.6009, 4.4909, 610.9457
704.0401492118835, 1.6009, 4.491, 610.4044
706.0402443408966, 1.6009, 4.4913, 609.9961
708.0404784679413, 1.6009, 4.4917, 609.823
710.0405807495117, 1.6009, 4.492, 609.2768
712.0406739711761, 1.6009, 4.4924, 609.0121
714.0407724380493, 1.6009, 4.4926, 608.7509
716.0408556461334, 1.6009, 4.493, 608.3953
718.0409591197968, 1.6009, 4.4931, 607.992
720.041045665741, 1.6009, 4.4934, 607.4215
722.0411324501038, 1.6009, 4.4939, 606.5592
724.0412199497223, 1.6009, 4.4943, 606.1953
726.0412983894348, 1.6009, 4.4945, 606.1028
728.0414011478424, 1.6009, 4.4946, 605.7562
730.041491985321, 1.6009, 4.4951, 605.5009
732.041576385498, 1.6009, 4.4952, 605.49
734.0416758060455, 1.6009, 4.4953, 605.2682
736.0417795181274, 1.6009, 4.4955, 605.3021
738.0418717861176, 1.6009, 4.4957, 605.212
740.0419619083405, 1.6009, 4.4959, 605.0508
742.042106628418, 1.6009, 4.4958, 604.8596
744.0421998500824, 1.6009, 4.496, 604.7497
746.0423033237457, 1.6009, 4.4962, 604.8169
748.0423939228058, 1.6009, 4.4965, 604.2086
750.0424947738647, 1.6009, 4.4966, 603.8611
752.0425982475281, 1.6009, 4.4968, 603.6835
754.0426867008209, 1.6009, 4.4972, 603.1512
756.042788028717, 1.6009, 4.4974, 602.7452
758.042893409729, 1.6009, 4.4976, 602.5136
760.0430011749268, 1.6009, 4.4978, 602.441
762.0431034564972, 1.6009, 4.4979, 602.2747
764.0432057380676, 1.6009, 4.4981, 601.8816
766.0433073043823, 1.6009, 4.4984, 601.4502
768.0433979034424, 1.6009, 4.4986, 601.2439
770.0434997081757, 1.6009, 4.4989, 600.7779
772.04359126091, 1.6009, 4.4991, 600.3546
774.0436959266663, 1.6009, 4.4993, 600.161
776.0437865257263, 1.6009, 4.4995, 600.3248
778.0439252853394, 1.6009, 4.4996, 600.006
780.0440065860748, 1.6009, 4.4998, 599.415
782.0440950393677, 1.6009, 4.5001, 599.1577
784.0442004203796, 1.6009, 4.5003, 598.7093
786.0443148612976, 1.6009, 4.5005, 598.4248
788.0444021224976, 1.6009, 4.5009, 598.4387
790.0444946289062, 1.6009, 4.501, 598.3393
792.0445966720581, 1.6009, 4.5011, 598.0811
794.0446984767914, 1.6009, 4.5013, 597.9271
796.0448341369629, 1.6009, 4.5014, 597.5187
798.0449209213257, 1.6009, 4.5018, 596.8314
800.045007944107, 1.6009, 4.5022, 596.3309
802.04514503479, 1.6009, 4.5024, 596.2259
804.045248746872, 1.6009, 4.5026, 595.8443
806.0453560352325, 1.6009, 4.503, 595.5551
808.045446395874, 1.6009, 4.5032, 595.4724
810.0455493927002, 1.6009, 4.5033, 595.1853
812.0456869602203, 1.6009, 4.5035, 594.7246
814.0457887649536, 1.6009, 4.5038, 594.4737
816.0458900928497, 1.6009, 4.5042, 594.2659
818.0459935665131, 1.6009, 4.5042, 594.0942
820.0460951328278, 1.6009, 4.5044, 593.9142
822.0461759567261, 1.6009, 4.5048, 593.5424
824.0462784767151, 1.6009, 4.505, 592.9468
826.0463857650757, 1.6009, 4.5053, 592.3921
828.0464899539948, 1.6009, 4.5057, 591.8112
830.0465819835663, 1.6009, 4.506, 591.8313
832.0466740131378, 1.6009, 4.5061, 591.6611
834.0467591285706, 1.6009, 4.5062, 591.5131
836.0468440055847, 1.6009, 4.5065, 591.4879
838.0469298362732, 1.6008, 4.5066, 591.1219
840.0470349788666, 1.6009, 4.5069, 590.8532
842.0471384525299, 1.6009, 4.507, 590.6752
844.0472247600555, 1.6009, 4.5073, 590.2746
846.0473308563232, 1.6009, 4.5076, 589.863
848.0474693775177, 1.6009, 4.5077, 589.5576
850.0475635528564, 1.6009, 4.5078, 589.3941
852.0476434230804, 1.6008, 4.5081, 589.1174
854.0477302074432, 1.6008, 4.5084, 588.6491
856.04784989357, 1.6009, 4.5085, 588.8263
858.0479364395142, 1.6009, 4.5087, 588.7498
860.0480325222015, 1.6009, 4.5089, 588.6005
862.0481221675873, 1.6009, 4.509, 588.5256
864.0482089519501, 1.6009, 4.5093, 587.9842
866.0483477115631, 1.6008, 4.5094, 587.8146
868.0484845638275, 1.6008, 4.5096, 587.6272
870.0485706329346, 1.6009, 4.5097, 587.5068
872.0487089157104, 1.6009, 4.51, 587.1926
874.048810005188, 1.6009, 4.5101, 586.8431
876.048921585083, 1.6009, 4.5102, 586.7247
878.0490210056305, 1.6009, 4.5102, 586.7006
880.0491602420807, 1.6009, 4.5104, 586.2527
882.0492596626282, 1.6009, 4.5108, 585.7627
884.0493631362915, 1.6008, 4.511, 585.5236
886.0494873523712, 1.6008, 4.5114, 585.1111
888.0495698451996, 1.6009, 4.5116, 585.2212
890.0496737957001, 1.6008, 4.5114, 585.5932
892.0497744083405, 1.6009, 4.5115, 585.4542
894.0498747825623, 1.6008, 4.5115, 585.727
896.0499765872955, 1.6009, 4.5115, 585.962
898.0500590801239, 1.6008, 4.5113, 585.6075
900.0501613616943, 1.6009, 4.5117, 585.3618
902.050240278244, 1.6008, 4.5118, 584.862
904.050341129303, 1.6009, 4.5121, 584.3776
906.0504269599915, 1.6008, 4.5122, 584.0488
908.0505123138428, 1.6008, 4.5125, 583.5931
910.0506522655487, 1.6008, 4.5128, 583.116
912.050751209259, 1.6008, 4.5132, 582.3986
914.0508620738983, 1.6008, 4.5136, 582.2531
916.0509951114655, 1.6008, 4.5138, 582.1146
918.0510993003845, 1.6008, 4.514, 582.3321
920.0511815547943, 1.6008, 4.514, 582.1133
922.05126786232, 1.6008, 4.5141, 581.9669
924.0513713359833, 1.6008, 4.5142, 582.1
926.0514724254608, 1.6008, 4.5145, 581.5065
928.0515716075897, 1.6008, 4.5147, 581.2655
930.0516712665558, 1.6009, 4.5147, 581.6596
932.0517680644989, 1.6008, 4.5145, 582.0122
934.0518758296967, 1.6008, 4.5145, 582.1765
936.0519053936005, 1.6008, 4.5147, 581.9974
938.0520050525665, 1.6008, 4.5146, 581.7951
940.0521068572998, 1.6008, 4.5147, 581.4392
942.052205324173, 1.6008, 4.5149, 581.2686
944.0523128509521, 1.6008, 4.515, 580.8054
946.0524156093597, 1.6008, 4.5154, 580.5468
948.0525615215302, 1.6008, 4.5155, 580.3416
950.0526442527771, 1.6008, 4.5157, 579.9775
952.0527288913727, 1.6008, 4.5159, 579.7005
954.0528657436371, 1.6008, 4.5161, 579.4251
956.0529727935791, 1.6008, 4.5164, 579.0429
958.0530731678009, 1.6008, 4.5167, 578.7526
960.0531539916992, 1.6008, 4.5168, 578.4394
962.0532879829407, 1.6009, 4.5173, 578.0433
964.0533890724182, 1.6009, 4.5173, 577.938
966.0534927845001, 1.6008, 4.5175, 577.5207
968.0535950660706, 1.6008, 4.5177, 577.2358
970.0536844730377, 1.6009, 4.5181, 576.8808
972.0537641048431, 1.6009, 4.5184, 576.6395
974.0538659095764, 1.6008, 4.5185, 576.3059
976.0539674758911, 1.6008, 4.5187, 576.3669
978.0540454387665, 1.6008, 4.5189, 576.2939
980.0541479587555, 1.6008, 4.5189, 576.0489
982.0542316436768, 1.6009, 4.5191, 576.2339
984.0543332099915, 1.6008, 4.5189, 576.3255
986.0544357299805, 1.6008, 4.519, 576.2631
988.0545136928558, 1.6009, 4.519, 576.4078
990.0546197891235, 1.6009, 4.5191, 576.4297
992.0547211170197, 1.6008, 4.5192, 576.4469
994.0548195838928, 1.6008, 4.5191, 576.4382
996.0548989772797, 1.6009, 4.5192, 576.1731
998.0550012588501, 1.6009, 4.5194, 575.8749
1000.0550882816315, 1.6009, 4.5196, 576.0265
1002.0551903247833, 1.6008, 4.5195, 576.0106
1004.0552887916565, 1.6009, 4.5196, 575.6893
1006.0553929805756, 1.6008, 4.5197, 575.6106
1008.0554935932159, 1.6009, 4.5198, 575.4358
1010.0555939674377, 1.6009, 4.5199, 575.1813
1012.0556979179382, 1.6009, 4.5202, 574.8927
1014.0557997226715, 1.6008, 4.5203, 574.9144
1016.0558996200562, 1.6008, 4.5203, 574.9587
1018.0560019016266, 1.6008, 4.5206, 574.7158
1020.0561046600342, 1.6008, 4.5206, 574.2253
1022.0562047958374, 1.6009, 4.5209, 573.8965
1024.0562839508057, 1.6009, 4.5211, 573.7402
1026.056386232376, 1.6009, 4.5213, 573.4854
1028.0564680099487, 1.6008, 4.5214, 573.3857
1030.0565490722656, 1.6008, 4.5215, 573.2362
1032.0566375255585, 1.6008, 4.5216, 573.166
1034.0567228794098, 1.6008, 4.5217, 572.6571
1036.0568041801453, 1.6008, 4.5222, 572.4088
1038.0569069385529, 1.6009, 4.5224, 572.5159
1040.0570414066315, 1.6008, 4.5223, 572.6672
1042.0571851730347, 1.6009, 4.5225, 572.4537
1044.057320356369, 1.6008, 4.5223, 572.7222
1046.0574083328247, 1.6008, 4.5223, 573.0331
1048.057508468628, 1.6008, 4.5223, 573.0241
1050.0575942993164, 1.6008, 4.5224, 572.5488
1052.0576820373535, 1.6008, 4.5225, 572.8291
1054.0577821731567, 1.6008, 4.5226, 573.0191
1056.0578804016113, 1.6008, 4.5226, 573.0004
1058.0579597949982, 1.6008, 4.5226, 572.8307
1060.0580604076385, 1.6008, 4.5227, 572.6148
1062.0581624507904, 1.6008, 4.5228, 572.6553
1064.0582575798035, 1.6008, 4.5227, 572.471
1066.058392047882, 1.6008, 4.5228, 572.2613
1068.0584950447083, 1.6008, 4.523, 571.9595
1070.0585770606995, 1.6008, 4.5231, 571.9607
1072.05872631073, 1.6008, 4.5232, 571.7641
1074.0588245391846, 1.6008, 4.5233, 571.5334
1076.0589270591736, 1.6008, 4.5235, 571.3281
1078.059069633484, 1.6008, 4.5237, 571.0385
1080.059175491333, 1.6008, 4.524, 570.6792
1082.0593140125275, 1.6008, 4.5242, 570.1579
1084.0594441890717, 1.6008, 4.5245, 569.8725
1086.0595285892487, 1.6008, 4.5246, 569.5548
1088.0596129894257, 1.6008, 4.5248, 569.5863
1090.0597043037415, 1.6008, 4.5249, 569.571
1092.0597877502441, 1.6009, 4.525, 569.5015
1094.0598933696747, 1.6008, 4.5249, 569.6183
1096.0599920749664, 1.6009, 4.5251, 569.4299
1098.0600926876068, 1.6008, 4.5252, 569.1234
1100.0601909160614, 1.6008, 4.5253, 569.0209
1102.0602958202362, 1.6008, 4.5252, 569.1632
1104.0603742599487, 1.6008, 4.5255, 568.8435
1106.0604741573334, 1.6008, 4.5256, 568.6168
1108.0605704784393, 1.6008, 4.5256, 568.5749
1110.0606594085693, 1.6008, 4.5257, 568.5117
1112.0607619285583, 1.6008, 4.526, 568.1978
1114.0608632564545, 1.6008, 4.5261, 567.9448
1116.060964345932, 1.6008, 4.5264, 567.6209
1118.0610682964325, 1.6008, 4.5266, 567.8059
1120.06116938591, 1.6008, 4.5265, 567.957
1122.061270236969, 1.6008, 4.5264, 567.882
1124.0613732337952, 1.6008, 4.5268, 567.5072
1126.0614783763885, 1.6008, 4.5267, 567.8524
1128.061582326889, 1.6008, 4.5266, 567.9072
1130.0616855621338, 1.6008, 4.5267, 567.7739
1132.0617892742157, 1.6009, 4.5268, 567.6221
1134.0618922710419, 1.6008, 4.527, 567.142
1136.061998128891, 1.6008, 4.5272, 566.79
1138.0621001720428, 1.6009, 4.5273, 566.8703
1140.0621824264526, 1.6008, 4.5273, 566.815
1142.0622916221619, 1.6008, 4.5273, 566.6299
1144.0623950958252, 1.6008, 4.5275, 566.5565
1146.0624959468842, 1.6008, 4.5276, 566.6865
1148.062590122223, 1.6008, 4.5276, 566.7511
1150.0626771450043, 1.6008, 4.5274, 566.665
1152.062775850296, 1.6008, 4.5276, 566.5919
1154.062880039215, 1.6008, 4.5277, 566.3289
1156.0629832744598, 1.6008, 4.5279, 566.1333
1158.063066959381, 1.6008, 4.528, 566.023
1160.0631535053253, 1.6008, 4.5282, 565.8378
1162.0632545948029, 1.6008, 4.5283, 565.8325
1164.0633533000946, 1.6008, 4.5283, 565.6355
1166.0634536743164, 1.6008, 4.5283, 565.645
1168.0635352134705, 1.6008, 4.5285, 565.5805
1170.0636715888977, 1.6008, 4.5284, 565.4989
1172.0637822151184, 1.6008, 4.5287, 565.2942
1174.0638828277588, 1.6008, 4.5286, 564.992
1176.063985824585, 1.6008, 4.529, 564.6521
1178.0640885829926, 1.6008, 4.5293, 564.3488
1180.0642235279083, 1.6008, 4.5293, 564.3307
1182.064326763153, 1.6008, 4.5293, 564.2929
1184.0644283294678, 1.6008, 4.5294, 564.4449
1186.0645325183868, 1.6008, 4.5295, 564.4669
1188.0646359920502, 1.6008, 4.5295, 564.2254
1190.0647866725922, 1.6008, 4.5297, 563.8283
1192.064923286438, 1.6009, 4.5298, 563.6338
1194.0650265216827, 1.6008, 4.5299, 563.8089
1196.065116405487, 1.6008, 4.5299, 563.7944
1198.0652549266815, 1.6008, 4.5301, 563.8101
1200.0653553009033, 1.6008, 4.5301, 564.0649
1202.065459728241, 1.6008, 4.53, 563.796
1204.0655407905579, 1.6008, 4.53, 563.5042
1206.0656290054321, 1.6008, 4.5304, 563.4104
1208.0657172203064, 1.6008, 4.5303, 563.442
1210.0658116340637, 1.6008, 4.5304, 563.4231
1212.065893650055, 1.6008, 4.5303, 563.4917
1214.0659902095795, 1.6008, 4.5304, 563.181
1216.0660951137543, 1.6008, 4.5307, 562.6561
1218.0661957263947, 1.6008, 4.5308, 562.5979
1220.0662951469421, 1.6008, 4.531, 562.6171
1222.0663948059082, 1.6008, 4.5308, 562.8393
1224.0665056705475, 1.6008, 4.5308, 562.8628
1226.0665941238403, 1.6008, 4.5308, 562.6515
1228.0666925907135, 1.6008, 4.5311, 562.5076
1230.0667743682861, 1.6008, 4.5311, 562.5588
1232.0668742656708, 1.6008, 4.531, 562.9978
1234.066974401474, 1.6008, 4.531, 562.8808
1236.0671150684357, 1.6008, 4.5311, 562.7653
1238.0672519207, 1.6008, 4.5312, 562.5186
1240.067388534546, 1.6008, 4.5313, 562.296
1242.067492723465, 1.6008, 4.5314, 562.2477
1244.0675809383392, 1.6008, 4.5315, 562.3591
1246.067682981491, 1.6009, 4.5316, 562.2101
1248.067762374878, 1.6008, 4.5317, 561.8236
1250.0678734779358, 1.6009, 4.5321, 561.6953
1252.0679724216461, 1.6009, 4.5321, 561.5986
1254.0680694580078, 1.6009, 4.5322, 561.3348
1256.0681807994843, 1.6008, 4.5325, 560.9614
1258.068281173706, 1.6008, 4.5325, 560.7029
1260.0683808326721, 1.6008, 4.5327, 560.7175
1262.068514585495, 1.6008, 4.5327, 560.7824
1264.068650484085, 1.6008, 4.5328, 560.7839
1266.068746805191, 1.6009, 4.5329, 560.8544
1268.0688471794128, 1.6008, 4.5329, 560.8739
1270.0689413547516, 1.6009, 4.5327, 560.6191
1272.0690488815308, 1.6008, 4.533, 560.0552
1274.0691561698914, 1.6008, 4.5331, 559.8734
1276.0692958831787, 1.6008, 4.5332, 560.1276
1278.069385766983, 1.6008, 4.5334, 559.8536
1280.0695259571075, 1.6008, 4.5335, 559.8034
1282.0696213245392, 1.6008, 4.5336, 559.9335
1284.0697548389435, 1.6008, 4.5335, 559.8362
1286.069845199585, 1.6008, 4.5335, 559.8949
1288.069944858551, 1.6008, 4.5337, 559.4947
1290.0700373649597, 1.6008, 4.5339, 559.2726
1292.070119380951, 1.6008, 4.534, 559.2642
1294.0702016353607, 1.6008, 4.534, 559.343
1296.0702860355377, 1.6008, 4.534, 558.915
1298.070386171341, 1.6008, 4.5343, 558.7916
1300.0704712867737, 1.6008, 4.5344, 558.5879
1302.0705502033234, 1.6008, 4.5346, 558.2104
1304.0706901550293, 1.6008, 4.5349, 557.3328
1306.0707893371582, 1.6008, 4.5349, 557.2304
1308.0708956718445, 1.6008, 4.5351, 557.4993
1310.0709829330444, 1.6008, 4.5351, 557.9282
1312.0710871219635, 1.6008, 4.5352, 558.1441
1314.0714364051819, 1.6008, 4.5351, 558.012
1316.0715429782867, 1.6008, 4.5351, 557.9448
1318.0716450214386, 1.6008, 4.5353, 557.7688
1320.0717828273773, 1.6008, 4.5354, 557.6463
1322.0718879699707, 1.6008, 4.5356, 557.5156
1324.0719909667969, 1.6008, 4.5356, 557.1785
1326.0721278190613, 1.6008, 4.5358, 557.4085
1328.0722110271454, 1.6008, 4.5358, 557.3508
1330.0722930431366, 1.6008, 4.5358, 557.5497
1332.0723774433136, 1.6008, 4.5357, 557.6195
1334.072463274002, 1.6008, 4.5357, 557.5245
1336.0725433826447, 1.6008, 4.5358, 557.4983
1338.072637796402, 1.6008, 4.5358, 557.4865
1340.0727350711823, 1.6008, 4.5358, 557.1469
1342.0728220939636, 1.6008, 4.5362, 556.8495
1344.0729088783264, 1.6008, 4.5363, 556.7702
1346.073047876358, 1.6008, 4.5363, 556.2752
1348.0731875896454, 1.6008, 4.5365, 556.0281
1350.073290348053, 1.6008, 4.5367, 555.9794
1352.073429107666, 1.6008, 4.5368, 555.7762
1354.0735194683075, 1.6008, 4.537, 555.6908
1356.0736002922058, 1.6008, 4.5371, 555.5028
1358.0737011432648, 1.6008, 4.5373, 554.9518
1360.0737879276276, 1.6008, 4.5375, 554.7479
1362.0738899707794, 1.6008, 4.5376, 554.6544
1364.0740249156952, 1.6008, 4.5378, 554.5941
1366.074113368988, 1.6008, 4.538, 554.4969
1368.074217557907, 1.6008, 4.5381, 554.3555
1370.0743038654327, 1.6008, 4.5382, 554.0082
1372.0743935108185, 1.6008, 4.5384, 553.9626
1374.0744795799255, 1.6008, 4.5385, 553.7282
1376.0745639801025, 1.6008, 4.5386, 553.537
1378.0746462345123, 1.6008, 4.539, 553.07
1380.0747318267822, 1.6008, 4.5392, 552.7963
1382.074819803238, 1.6008, 4.5392, 552.854
1384.0749170780182, 1.6008, 4.5393, 552.7732
1386.0750212669373, 1.6008, 4.5396, 552.4906
1388.0751101970673, 1.6008, 4.5397, 552.5662
1390.0752129554749, 1.6008, 4.5397, 552.6576
1392.0752971172333, 1.6008, 4.5398, 552.5594
1394.0753841400146, 1.6008, 4.5399, 552.5382
1396.0755207538605, 1.6008, 4.5399, 552.3387
1398.0756170749664, 1.6008, 4.5401, 552.2046
1400.0757217407227, 1.6008, 4.5402, 552.0841
1402.07581949234, 1.6008, 4.5403, 552.2364
1404.0759634971619, 1.6008, 4.5402, 552.3063
1406.0760660171509, 1.6008, 4.5402, 552.4852
1408.0761651992798, 1.6008, 4.5404, 552.2875
1410.076255083084, 1.6008, 4.5405, 552.2182
1412.0763578414917, 1.6008, 4.5405, 552.0349
1414.0764548778534, 1.6009, 4.5406, 551.972
1416.0765407085419, 1.6008, 4.5408, 551.7502
1418.076642036438, 1.6008, 4.5408, 551.6243
1420.0767459869385, 1.6008, 4.541, 551.5395
1422.0768439769745, 1.6008, 4.541, 551.3316
1424.0769226551056, 1.6008, 4.5412, 551.3413
1426.077024936676, 1.6008, 4.5411, 551.2077
1428.077109336853, 1.6008, 4.5412, 551.1079
1430.0772111415863, 1.6008, 4.5414, 550.973
1432.077311038971, 1.6008, 4.5414, 551.1552
1434.0774540901184, 1.6008, 4.5414, 550.858
1436.0775592327118, 1.6008, 4.5416, 550.6577
1438.0776615142822, 1.6008, 4.5417, 550.5483
1440.0777485370636, 1.6008, 4.5417, 550.2317
1442.0778350830078, 1.6008, 4.5417, 550.4052
1444.077930688858, 1.6008, 4.5418, 550.6256
1446.0780127048492, 1.6008, 4.5417, 550.6951
1448.0781202316284, 1.6008, 4.5418, 550.4362
1450.0782165527344, 1.6008, 4.5419, 550.6617
1452.07830119133, 1.6008, 4.542, 550.6859
1454.0783994197845, 1.6008, 4.5418, 550.521
1456.078500032425, 1.6008, 4.542, 550.4583
1458.0786020755768, 1.6008, 4.542, 550.3064
1460.0787379741669, 1.6008, 4.5421, 550.4874
1462.0790054798126, 1.6008, 4.5421, 550.5803
1464.079085111618, 1.6008, 4.542, 550.2746
1466.0791900157928, 1.6008, 4.5422, 550.2511
1468.0792708396912, 1.6008, 4.5422, 550.1604
1470.07936835289, 1.6008, 4.5424, 549.625
1472.0794703960419, 1.6008, 4.5425, 549.5904
1474.0795612335205, 1.6008, 4.5426, 549.4113
1476.079662322998, 1.6008, 4.5427, 549.3761
1478.0797624588013, 1.6008, 4.5429, 549.1928
1480.0798473358154, 1.6008, 4.543, 549.1608
1482.079931974411, 1.6008, 4.5431, 548.9397
1484.0800330638885, 1.6008, 4.5433, 548.6769
1486.0801365375519, 1.6009, 4.5433, 548.6587
1488.0802364349365, 1.6008, 4.5435, 548.4911
1490.0803172588348, 1.6008, 4.5436, 548.1484
1492.0804188251495, 1.6008, 4.5438, 547.8113
1494.0804977416992, 1.6008, 4.544, 547.618
1496.080599784851, 1.6008, 4.5442, 547.4424
1498.080710887909, 1.6008, 4.5444, 547.3019
1500.0808124542236, 1.6008, 4.5443, 547.2584
1502.0808911323547, 1.6008, 4.5445, 547.3279
1504.0809922218323, 1.6008, 4.5446, 547.2616
1506.0810935497284, 1.6008, 4.5447, 547.1892
1508.0811941623688, 1.6009, 4.5449, 546.9982
1510.0812933444977, 1.6008, 4.5448, 546.9365
1512.0813953876495, 1.6008, 4.545, 546.8405
1514.0814819335938, 1.6008, 4.5451, 546.8255
1516.0815842151642, 1.6008, 4.5452, 546.7134
1518.0816853046417, 1.6008, 4.5451, 546.7785
1520.0817868709564, 1.6008, 4.5452, 546.9318
1522.0818665027618, 1.6008, 4.5452, 546.8035
1524.0819671154022, 1.6008, 4.5453, 546.4938
1526.0820684432983, 1.6008, 4.5455, 546.5625
1528.08216547966, 1.6008, 4.5455, 546.4816
1530.0822484493256, 1.6008, 4.5456, 546.3239
1532.0823459625244, 1.6008, 4.5456, 546.3358
1534.0824477672577, 1.6008, 4.5458, 546.1556
1536.082530260086, 1.6008, 4.5458, 545.9981
1538.0826170444489, 1.6008, 4.5459, 545.6849
1540.0827198028564, 1.6008, 4.5461, 545.862
1542.0828051567078, 1.6008, 4.5458, 546.3199
1544.0829501152039, 1.6008, 4.5458, 546.6413
1546.0830841064453, 1.6008, 4.5457, 546.6095
1548.0831882953644, 1.6008, 4.5455, 546.674
1550.0832698345184, 1.6008, 4.5456, 546.7461
1552.083349943161, 1.6008, 4.5454, 547.042
1554.0834350585938, 1.6008, 4.5455, 546.8972
1556.0835373401642, 1.6008, 4.5456, 546.6829
1558.0836217403412, 1.6008, 4.5456, 546.8261
1560.083702802658, 1.6008, 4.5455, 546.8731
1562.0837886333466, 1.6008, 4.5455, 546.81
1564.0838840007782, 1.6008, 4.5456, 546.5161
1566.0839846134186, 1.6008, 4.5458, 546.2879
1568.0840713977814, 1.6008, 4.546, 546.1396
1570.084167957306, 1.6008, 4.5462, 545.6555
1572.084255695343, 1.6008, 4.5463, 545.3881
1574.0843439102173, 1.6008, 4.5465, 545.464
1576.0844748020172, 1.6008, 4.5464, 545.7274
1578.084579706192, 1.6008, 4.5464, 545.9666
1580.0846812725067, 1.6008, 4.5463, 545.9093
1582.0847852230072, 1.6008, 4.5463, 545.9202
1584.0848882198334, 1.6009, 4.5463, 545.8487
1586.0850372314453, 1.6009, 4.5465, 545.6435
1588.085146188736, 1.6008, 4.5465, 545.5192
1590.0852766036987, 1.6008, 4.5467, 545.363
1592.0854187011719, 1.6008, 4.5467, 545.3976
1594.0855236053467, 1.6008, 4.5467, 545.2862
1596.085659980774, 1.6008, 4.5468, 545.3504
1598.0857615470886, 1.6008, 4.5468, 545.143
1600.085865020752, 1.6008, 4.5469, 545.1413
1602.085966348648, 1.6008, 4.5471, 544.816
1604.0860528945923, 1.6008, 4.5471, 544.403
1606.0861494541168, 1.6008, 4.5472, 544.1302
1608.086264371872, 1.6008, 4.5475, 544.1279
1610.0863552093506, 1.6008, 4.5476, 544.1865
1612.0864732265472, 1.6008, 4.5478, 544.1142
1614.086555480957, 1.6008, 4.5477, 544.1694
1616.0866363048553, 1.6008, 4.5478, 543.7636
1618.0867402553558, 1.6008, 4.5479, 543.4679
1620.086833000183, 1.6009, 4.5481, 543.6791
1622.086978673935, 1.6008, 4.5479, 543.6081
1624.087084531784, 1.6008, 4.5481, 543.5764
1626.087170124054, 1.6009, 4.5483, 543.6073
1628.0873074531555, 1.6008, 4.5483, 543.5705
1630.0874500274658, 1.6008, 4.5484, 543.6262
1632.0875589847565, 1.6008, 4.5483, 543.5994
1634.0876598358154, 1.6008, 4.5483, 543.4799
1636.0877742767334, 1.6008, 4.5485, 543.6269
1638.0878868103027, 1.6008, 4.5484, 543.578
1640.0880048274994, 1.6008, 4.5485, 543.3501
1642.0881266593933, 1.6008, 4.5486, 542.9863
1644.0882124900818, 1.6008, 4.5489, 542.7502
1646.0883190631866, 1.6008, 4.5491, 542.6778
1648.0884220600128, 1.6008, 4.5491, 542.6734
1650.088562488556, 1.6008, 4.5492, 542.4578
1652.0886981487274, 1.6008, 4.5492, 542.5064
1654.0888023376465, 1.6008, 4.5493, 542.5878
1656.0889492034912, 1.6008, 4.5493, 542.1957
1658.089050769806, 1.6008, 4.5496, 541.961
1660.0891909599304, 1.6008, 4.5495, 541.7962
1662.0892763137817, 1.6008, 4.5498, 541.5433
1664.0893757343292, 1.6008, 4.5499, 541.2256
1666.0895199775696, 1.6008, 4.5501, 541.4211
1668.0896265506744, 1.6008, 4.5501, 541.2353
1670.0897197723389, 1.6008, 4.5502, 541.331
1672.089864730835, 1.6008, 4.5501, 541.4582
1674.0900087356567, 1.6008, 4.5502, 541.3419
1676.090104341507, 1.6008, 4.5503, 541.4691
1678.0902009010315, 1.6008, 4.5502, 541.5919
1680.0903050899506, 1.6009, 4.5501, 541.4785
1682.090392112732, 1.6009, 4.5504, 541.1713
1684.0905005931854, 1.6008, 4.5504, 541.2594
1686.0905871391296, 1.6008, 4.5504, 541.3808
1688.0906777381897, 1.6009, 4.5505, 541.0748
1690.0907983779907, 1.6008, 4.5505, 541.0742
1692.090897321701, 1.6008, 4.5506, 541.0704
1694.0910041332245, 1.6009, 4.5508, 540.9215
1696.0911076068878, 1.6009, 4.5507, 541.0099
1698.0911955833435, 1.6009, 4.5507, 540.7566
1700.0912940502167, 1.6008, 4.5509, 540.8814
1702.0913817882538, 1.6008, 4.5509, 540.7318
1704.0914702415466, 1.6008, 4.5509, 540.8903
1706.091572523117, 1.6008, 4.5509, 540.8654
1708.0916590690613, 1.6008, 4.5511, 540.6367
1710.0917463302612, 1.6009, 4.551, 540.8114
1712.0918507575989, 1.6008, 4.551, 540.7687
1714.0919530391693, 1.6008, 4.5511, 540.5591
1716.0920889377594, 1.6009, 4.5511, 540.3785
1718.0922439098358, 1.6009, 4.5514, 539.9038
1720.092348575592, 1.6009, 4.5517, 539.9229
1722.0924847126007, 1.6008, 4.5517, 539.8153
1724.0925838947296, 1.6008, 4.5518, 539.8079
1726.092683315277, 1.6009, 4.5518, 539.7414
1728.0927789211273, 1.6009, 4.5517, 540.0439
1730.0928797721863, 1.6008, 4.5516, 540.3593
1732.092979669571, 1.6009, 4.5515, 540.4377
1734.0930795669556, 1.6009, 4.5516, 540.3572
1736.093163728714, 1.6009, 4.5518, 540.3203
1738.09326505661, 1.6009, 4.5517, 540.0596
1740.093360900879, 1.6008, 4.5516, 539.784
1742.0934617519379, 1.6008, 4.5518, 540.062
1744.093561887741, 1.6008, 4.5518, 540.2617
1746.0936636924744, 1.6008, 4.5516, 540.167
1748.0937650203705, 1.6009, 4.5518, 539.9142
1750.093849182129, 1.6008, 4.5519, 540.0047
1752.0939540863037, 1.6008, 4.5519, 539.63
1754.0940582752228, 1.6009, 4.5521, 539.3343
1756.0941607952118, 1.6009, 4.5523, 539.0547
1758.0942630767822, 1.6008, 4.5522, 538.9839
1760.0943462848663, 1.6009, 4.5525, 538.884
1762.0944488048553, 1.6008, 4.5526, 538.6004
1764.0945320129395, 1.6008, 4.5527, 538.4099
1766.0946156978607, 1.6009, 4.5526, 538.5656
1768.0947053432465, 1.6008, 4.5527, 538.6472
1770.094809293747, 1.6008, 4.5527, 538.7542
1772.0949087142944, 1.6008, 4.5527, 538.6298
1774.0950102806091, 1.6008, 4.5527, 538.5591
1776.095111131668, 1.6008, 4.5529, 538.4969
1778.095211982727, 1.6009, 4.553, 538.5529
1780.0952932834625, 1.6008, 4.5531, 538.3349
1782.0953958034515, 1.6009, 4.5531, 538.2156
1784.095499753952, 1.6009, 4.5532, 538.1088
1786.0955982208252, 1.6008, 4.5533, 538.1001
1788.0957052707672, 1.6008, 4.5532, 537.8233
1790.0957894325256, 1.6008, 4.5534, 537.6935
1792.0958914756775, 1.6008, 4.5534, 537.6982
1794.0959899425507, 1.6008, 4.5536, 537.5769
1796.0960788726807, 1.6009, 4.5536, 537.4321
1798.096161365509, 1.6008, 4.5539, 537.334
1800.096245765686, 1.6008, 4.5539, 537.2952
1802.0963370800018, 1.6009, 4.554, 537.2495
1804.0964233875275, 1.6008, 4.5541, 537.1347
1806.0965111255646, 1.6008, 4.5542, 536.9224
1808.0965971946716, 1.6008, 4.5544, 536.7171
1810.096717596054, 1.6008, 4.5547, 536.6449
1812.0968024730682, 1.6009, 4.5548, 536.4185
1814.096937417984, 1.6009, 4.5548, 536.425
1816.097021818161, 1.6009, 4.5547, 536.3487
1818.0971190929413, 1.6009, 4.5549, 536.2167
1820.0972182750702, 1.6008, 4.5549, 536.1317
1822.0973212718964, 1.6009, 4.5549, 536.4762
1824.0974221229553, 1.6009, 4.5548, 536.7481
1826.0975241661072, 1.6009, 4.5549, 536.6121
1828.0976231098175, 1.6008, 4.5547, 536.8517
1830.0977227687836, 1.6009, 4.5548, 537.2268
1832.0978055000305, 1.6009, 4.5549, 536.904
1834.0979385375977, 1.6009, 4.5547, 537.1063
1836.0980803966522, 1.6009, 4.5548, 537.037
1838.0981843471527, 1.6009, 4.5548, 536.9449
1840.0982677936554, 1.6009, 4.5548, 537.005
1842.098402261734, 1.6009, 4.5548, 537.1535
1844.0985386371613, 1.6009, 4.5546, 537.0438
1846.098652124405, 1.6009, 4.5547, 537.1212
1848.098759174347, 1.6009, 4.5546, 536.7888
1850.0988590717316, 1.6008, 4.5547, 537.2149
1852.0989723205566, 1.6009, 4.5546, 537.3778
1854.0990691184998, 1.6009, 4.5545, 537.0943
1856.099169254303, 1.6009, 4.5547, 536.8429
1858.099252462387, 1.6009, 4.5548, 536.6976
1860.0993859767914, 1.6009, 4.5549, 536.6475
1862.0994863510132, 1.6008, 4.5547, 536.802
1864.099571466446, 1.6008, 4.5546, 536.9118
1866.0996737480164, 1.6009, 4.5547, 536.8699
1868.0997760295868, 1.6009, 4.5547, 536.5483
1870.09987449646, 1.6008, 4.555, 536.317
1872.0999822616577, 1.6008, 4.555, 536.3258
1874.1000843048096, 1.6008, 4.5552, 535.9002
1876.10022854805, 1.6008, 4.5552, 535.8881
1878.10036277771, 1.6009, 4.5555, 536.1103
1880.1004989147186, 1.6009, 4.5555, 536.2383
1882.100602388382, 1.6009, 4.5552, 536.381
1884.1007390022278, 1.6009, 4.5552, 536.423
1886.1008522510529, 1.6008, 4.5552, 536.1549
1888.100960969925, 1.6008, 4.5552, 536.2443
1890.101063489914, 1.6008, 4.5553, 535.786
1892.1011476516724, 1.6008, 4.5553, 535.3691
1894.1012320518494, 1.6009, 4.5557, 534.795
1896.1013128757477, 1.6009, 4.5558, 535.1855
1898.1014149188995, 1.6009, 4.556, 535.2996
1900.1015219688416, 1.6009, 4.5559, 535.1242
1902.101612329483, 1.6008, 4.556, 534.7086
1904.1017031669617, 1.6009, 4.5562, 534.6363
1906.1017897129059, 1.6009, 4.5562, 534.7059
1908.1018788814545, 1.6009, 4.5563, 534.7844
1910.1019957065582, 1.6008, 4.5562, 534.8119
1912.1021316051483, 1.6009, 4.5563, 534.906
1914.1022143363953, 1.6008, 4.5563, 535.0847
1916.1022992134094, 1.6009, 4.5562, 535.1451
1918.1024203300476, 1.6009, 4.5561, 535.2778
1920.1025078296661, 1.6008, 4.556, 535.1669
1922.102638244629, 1.6008, 4.5562, 534.9769
1924.1027734279633, 1.6008, 4.5563, 534.3267
1926.102882385254, 1.6008, 4.5566, 534.2593
1928.1030173301697, 1.6008, 4.5567, 534.1763
1930.10311961174, 1.6008, 4.5568, 534.1546
1932.1032209396362, 1.6008, 4.5569, 534.0523
1934.1033217906952, 1.6009, 4.5572, 533.9625
1936.1034038066864, 1.6008, 4.5571, 534.0918
1938.1035027503967, 1.6009, 4.5569, 534.2582
1940.10360121727, 1.6008, 4.5571, 534.2491
1942.1037039756775, 1.6008, 4.557, 534.1417
1944.1037962436676, 1.6008, 4.557, 534.1903
1946.1039383411407, 1.6009, 4.5571, 534.2665
1948.1040253639221, 1.6008, 4.5571, 534.3718
1950.104140996933, 1.6008, 4.5571, 534.1282
1952.1042308807373, 1.6009, 4.5571, 533.887
1954.1043326854706, 1.6009, 4.5573, 533.9101
1956.1044371128082, 1.6009, 4.5574, 533.7961
1958.1045451164246, 1.6008, 4.5573, 533.84
1960.104637145996, 1.6008, 4.5574, 533.8208
1962.1047461032867, 1.6008, 4.5575, 533.7167
1964.104830980301, 1.6009, 4.5577, 533.4102
1966.104975938797, 1.6008, 4.5578, 533.3154
1968.1050786972046, 1.6008, 4.5578, 533.2052
1970.1051816940308, 1.6008, 4.5579, 533.0979
1972.1052694320679, 1.6008, 4.5579, 533.2193
1974.1053667068481, 1.6008, 4.5578, 533.1083
1976.1055045127869, 1.6008, 4.5579, 533.3067
1978.1056039333344, 1.6008, 4.5579, 533.4467
1980.1056938171387, 1.6008, 4.5581, 533.1358
1982.1057751178741, 1.6008, 4.5582, 532.7776
1984.1058595180511, 1.6009, 4.5583, 532.5797
1986.105943441391, 1.6008, 4.5583, 532.3033
1988.1060326099396, 1.6008, 4.5584, 532.0566
1990.1061344146729, 1.6008, 4.5586, 531.8956
1992.1062157154083, 1.6009, 4.5587, 531.781
1994.1063113212585, 1.6008, 4.5589, 531.7332
1996.1063976287842, 1.6009, 4.559, 532.0102
1998.106501340866, 1.6008, 4.559, 532.0956
2000.1065828800201, 1.6008, 4.5591, 531.9799
2002.1067180633545, 1.6008, 4.5592, 531.8517
2004.1068189144135, 1.6008, 4.5592, 531.4252
2006.1069185733795, 1.6008, 4.5592, 531.558
2008.1070082187653, 1.6008, 4.5594, 531.3168
2010.1071138381958, 1.6008, 4.5594, 531.3041
2012.1071951389313, 1.6008, 4.5595, 531.3367
2014.1072986125946, 1.6008, 4.5595, 531.4794
2016.1074018478394, 1.6008, 4.5594, 531.5411
2018.1074829101562, 1.6008, 4.5594, 531.7559
2020.107575416565, 1.6008, 4.5595, 531.6171
2022.1076765060425, 1.6008, 4.5594, 532.1516
2024.1078073978424, 1.6008, 4.5593, 531.9576
2026.1079070568085, 1.6009, 4.5592, 531.9521
2028.1080062389374, 1.6008, 4.5592, 531.929
2030.1081082820892, 1.6009, 4.5592, 531.9023
2032.1082065105438, 1.6008, 4.5591, 531.8138
2034.1083068847656, 1.6008, 4.5592, 531.6103
2036.1084089279175, 1.6008, 4.5593, 531.9062
2038.1085407733917, 1.6008, 4.5593, 531.9424
2040.1086382865906, 1.6008, 4.5593, 531.9983
2042.1087396144867, 1.6008, 4.5591, 532.2273
2044.10884475708, 1.6008, 4.559, 532.3346
2046.1089389324188, 1.6008, 4.5589, 532.379
2048.1090412139893, 1.6008, 4.559, 531.9415
2050.109125852585, 1.6008, 4.5594, 531.733
2052.109210729599, 1.6009, 4.5595, 531.6752
2054.1093010902405, 1.6008, 4.5594, 531.7482
2056.109385251999, 1.6008, 4.5593, 531.8838
2058.109487056732, 1.6008, 4.5594, 531.6846
2060.109584569931, 1.6008, 4.5593, 531.503
2062.1097218990326, 1.6008, 4.5594, 531.5479
2064.1098239421844, 1.6008, 4.5595, 531.487
2066.109922885895, 1.6008, 4.5597, 531.0763
2068.1100273132324, 1.6008, 4.5599, 530.6166
2070.110113143921, 1.6008, 4.5601, 530.3663
2072.110202550888, 1.6008, 4.5602, 530.4615
2074.110292673111, 1.6008, 4.5602, 530.5863
2076.1103854179382, 1.6008, 4.5601, 530.3649
2078.11049079895, 1.6009, 4.5606, 530.2159
2080.110593557358, 1.6008, 4.5606, 530.2699
2082.1106762886047, 1.6008, 4.5607, 529.8927
2084.1107614040375, 1.6008, 4.5608, 529.6237
2086.110864877701, 1.6008, 4.561, 529.4152
2088.110948562622, 1.6008, 4.561, 529.4454
2090.111037015915, 1.6008, 4.5612, 529.5294
2092.111181974411, 1.6008, 4.5613, 530.0467
2094.111317873001, 1.6008, 4.5611, 530.0175
2096.1114089488983, 1.6008, 4.5609, 530.0206
2098.111508846283, 1.6008, 4.561, 530.0124
2100.1116559505463, 1.6008, 4.5611, 529.5032
2102.1117928028107, 1.6008, 4.5612, 529.4829
2104.1118993759155, 1.6008, 4.5613, 529.4151
2106.1120069026947, 1.6008, 4.5614, 529.2493
2108.112134218216, 1.6009, 4.5614, 529.0822
2110.112228870392, 1.6008, 4.5614, 529.1506
2112.112320423126, 1.6008, 4.5615, 528.9849
2114.1124217510223, 1.6008, 4.5616, 528.8331
2116.112522125244, 1.6008, 4.5616, 528.771
2118.112622499466, 1.6008, 4.5617, 528.6867
2120.1127231121063, 1.6008, 4.5617, 528.7704
2122.1128249168396, 1.6008, 4.5618, 528.6509
2124.1129376888275, 1.6008, 4.5619, 528.4239
2126.113073348999, 1.6008, 4.5621, 528.2479
2128.1131579875946, 1.6008, 4.5622, 528.2524
2130.1132624149323, 1.6008, 4.5623, 528.167
2132.1133649349213, 1.6008, 4.5623, 528.3715
2134.1134481430054, 1.6008, 4.5624, 528.0923
2136.1135318279266, 1.6008, 4.5625, 528.1218
2138.1136178970337, 1.6009, 4.5624, 528.2249
2140.11372089386, 1.6008, 4.5625, 528.0574
2142.113826751709, 1.6009, 4.5625, 528.3733
2144.113909482956, 1.6008, 4.5624, 528.4882
2146.1140134334564, 1.6008, 4.5621, 528.9119
2148.1140973567963, 1.6008, 4.5621, 529.0315
2150.114185810089, 1.6008, 4.5621, 529.1294
2152.114286661148, 1.6008, 4.5621, 528.8763
2154.11439037323, 1.6008, 4.5622, 528.4173
2156.1144728660583, 1.6008, 4.5624, 528.0613
2158.114577770233, 1.6008, 4.5625, 528.0583
2160.1146619319916, 1.6008, 4.5628, 527.8494
2162.114748477936, 1.6008, 4.5627, 528.008
2164.1148524284363, 1.6008, 4.5626, 528.1046
2166.1149475574493, 1.6008, 4.5625, 528.228
2168.1150352954865, 1.6008, 4.5626, 528.2229
2170.115136861801, 1.6008, 4.5625, 528.5372
2172.115243434906, 1.6008, 4.5625, 528.505
2174.1153485774994, 1.6008, 4.5625, 528.314
2176.1154839992523, 1.6008, 4.5625, 528.2638
2178.115578889847, 1.6009, 4.5625, 528.3417
2180.11568069458, 1.6008, 4.5625, 528.2983
2182.1157791614532, 1.6008, 4.5625, 528.5941
2184.11589717865, 1.6008, 4.5625, 528.4565
2186.1160082817078, 1.6008, 4.5626, 528.2699
2188.1161057949066, 1.6008, 4.5627, 528.2326
2190.116248846054, 1.6008, 4.5627, 527.9049
2192.1163523197174, 1.6008, 4.5628, 527.8457
2194.1164541244507, 1.6008, 4.5629, 527.7996
2196.116556406021, 1.6008, 4.5629, 527.7568
2198.1166388988495, 1.6008, 4.5629, 527.7987
2200.11673951149, 1.6008, 4.563, 527.8743
2202.116874217987, 1.6008, 4.563, 528.2116
2204.1169748306274, 1.6008, 4.5629, 528.4655
2206.1170756816864, 1.6008, 4.5628, 528.5953
2208.117176294327, 1.6008, 4.5625, 528.7609
2210.1172626018524, 1.6008, 4.5626, 528.5281
2212.1173498630524, 1.6008, 4.5627, 528.4952
2214.117438316345, 1.6008, 4.5628, 528.3539
2216.117536306381, 1.6008, 4.5627, 528.415
2218.1176297664642, 1.6008, 4.5626, 528.3734
2220.117735385895, 1.6008, 4.5628, 528.0403
2222.1178386211395, 1.6008, 4.5629, 527.7716
2224.11793756485, 1.6008, 4.563, 527.4225
2226.118040561676, 1.6008, 4.5631, 527.421
2228.1181404590607, 1.6008, 4.5633, 527.3509
2230.118242740631, 1.6008, 4.5634, 527.2826
2232.118321418762, 1.6008, 4.5636, 526.9836
2234.1184220314026, 1.6008, 4.5635, 526.6231
2236.1185228824615, 1.6008, 4.5639, 526.4452
2238.118626832962, 1.6008, 4.5639, 526.3207
2240.1187274456024, 1.6008, 4.5641, 526.4535
2242.118838071823, 1.6008, 4.5641, 526.3995
2244.1189334392548, 1.6008, 4.5642, 526.4111
2246.1190214157104, 1.6008, 4.5642, 526.3891
2248.1191234588623, 1.6008, 4.5644, 526.1376
2250.1192207336426, 1.6008, 4.5645, 525.9843
2252.11932516098, 1.6008, 4.5645, 525.8825
2254.1194245815277, 1.6008, 4.5647, 525.7696
2256.1195588111877, 1.6008, 4.5647, 525.5762
2258.119647026062, 1.6008, 4.5648, 525.7883
2260.1197559833527, 1.6008, 4.5647, 525.956
2262.1198461055756, 1.6008, 4.5647, 525.8383
2264.1199469566345, 1.6008, 4.5648, 525.7859
2266.120050907135, 1.6008, 4.5648, 525.8069
2268.1201391220093, 1.6008, 4.5647, 526.0568
2270.120225906372, 1.6008, 4.5645, 526.3046
2272.1203277111053, 1.6009, 4.5647, 526.1812
2274.1204328536987, 1.6008, 4.5646, 526.1497
2276.12051486969, 1.6008, 4.5645, 526.1224
2278.1206192970276, 1.6008, 4.5646, 526.1706
2280.1207242012024, 1.6008, 4.5647, 526.0269
2282.120855808258, 1.6008, 4.5647, 526.1407
2284.1210112571716, 1.6008, 4.5648, 525.8603
2286.121110677719, 1.6008, 4.5649, 525.665
2288.121194601059, 1.6008, 4.565, 525.478
2290.121334552765, 1.6008, 4.5652, 525.5575
2292.121434688568, 1.6008, 4.5651, 525.5385
2294.1215670108795, 1.6008, 4.5652, 525.3867
2296.1216700077057, 1.6008, 4.5654, 525.0238
2298.1218032836914, 1.6008, 4.5654, 525.0932
2300.121903181076, 1.6008, 4.5655, 524.8622
2302.122010946274, 1.6009, 4.5654, 525.0922
2304.1221113204956, 1.6008, 4.5655, 525.2625
2306.1222126483917, 1.6008, 4.5655, 525.0263
2308.1223137378693, 1.6008, 4.5657, 524.9466
2310.1224138736725, 1.6008, 4.5657, 525.0216
2312.122543334961, 1.6008, 4.5656, 525.2076
2314.1226465702057, 1.6008, 4.5656, 525.2552
2316.1227490901947, 1.6008, 4.5657, 525.1573
2318.122852087021, 1.6008, 4.5657, 525.2595
2320.123007297516, 1.6008, 4.5654, 525.3561
2322.123110294342, 1.6008, 4.5656, 525.4992
2324.1232104301453, 1.6008, 4.5654, 525.669
2326.1233415603638, 1.6008, 4.5655, 525.79
2328.1234760284424, 1.6008, 4.5654, 525.8922
2330.12357711792, 1.6008, 4.5653, 525.8827
2332.1236758232117, 1.6008, 4.5652, 525.8777
2334.123761177063, 1.6008, 4.5653, 525.6921
2336.123896598816, 1.6008, 4.5653, 525.485
2338.124002933502, 1.6008, 4.5654, 525.3012
2340.1241071224213, 1.6008, 4.5654, 525.2838
2342.1242077350616, 1.6008, 4.5654, 525.4332
2344.1243064403534, 1.6008, 4.5653, 525.5407
2346.1244761943817, 1.6008, 4.5654, 525.5876
2348.124610900879, 1.6008, 4.5651, 525.7528
2350.1247470378876, 1.6008, 4.5652, 525.2255
2352.1248893737793, 1.6008, 4.5655, 525.3159
2354.125027656555, 1.6008, 4.5655, 525.1855
2356.1251335144043, 1.6008, 4.5654, 525.0603
2358.1252331733704, 1.6008, 4.5656, 524.8827
2360.125316619873, 1.6008, 4.5657, 525.0143
2362.125420331955, 1.6008, 4.5657, 524.9702
2364.125519990921, 1.6008, 4.5656, 524.9345
2366.125599861145, 1.6008, 4.5657, 524.9175
2368.1256790161133, 1.6008, 4.5659, 525.152
2370.1257677078247, 1.6008, 4.5657, 525.2331
2372.125851869583, 1.6008, 4.5655, 525.2935
2374.125954389572, 1.6008, 4.5655, 525.4676
2376.126053571701, 1.6008, 4.5655, 525.5109
2378.126135826111, 1.6008, 4.5653, 525.5955
2380.1262216567993, 1.6008, 4.5654, 525.6603
2382.1263132095337, 1.6008, 4.5653, 525.4148
2384.1264142990112, 1.6008, 4.5655, 525.1961
2386.126516342163, 1.6008, 4.5656, 525.0577
2388.12659740448, 1.6008, 4.5655, 525.1623
2390.126704454422, 1.6008, 4.5654, 525.4633
2392.126804590225, 1.6008, 4.5656, 525.5333
2394.1269102096558, 1.6008, 4.5654, 525.3815
2396.1270191669464, 1.6008, 4.5656, 525.2049
2398.1271204948425, 1.6008, 4.5657, 525.1668
2400.1272201538086, 1.6008, 4.5656, 525.0716
2402.127296924591, 1.6008, 4.5657, 525.0665
2404.1273970603943, 1.6008, 4.5658, 524.7155
2406.127499103546, 1.6009, 4.5658, 524.6097
2408.1276001930237, 1.6009, 4.5659, 524.6954
2410.127701282501, 1.6008, 4.5658, 524.7553
2412.1277890205383, 1.6008, 4.5658, 525.0288
2414.1278932094574, 1.6008, 4.5658, 525.0468
2416.127995967865, 1.6008, 4.5657, 525.0288
2418.1281023025513, 1.6008, 4.5656, 524.9356
2420.128193616867, 1.6008, 4.5656, 525.0239
2422.128295660019, 1.6008, 4.5656, 525.1736
2424.1283757686615, 1.6008, 4.5655, 525.2683
2426.128477334976, 1.6008, 4.5655, 525.2926
2428.1285622119904, 1.6008, 4.5656, 525.3004
2430.1286458969116, 1.6008, 4.5657, 524.7259
2432.1287331581116, 1.6008, 4.5658, 524.3557
2434.1288125514984, 1.6008, 4.5659, 524.6277
2436.128915786743, 1.6008, 4.5657, 524.8638
2438.1290159225464, 1.6008, 4.5659, 524.6728
2440.1291131973267, 1.6009, 4.566, 524.7751
2442.129197359085, 1.6009, 4.5661, 524.8161
2444.129299879074, 1.6009, 4.5661, 524.676
2446.1293861865997, 1.6008, 4.5662, 524.464
2448.129477262497, 1.6009, 4.5664, 524.2756
2450.12961435318, 1.6008, 4.5664, 524.0954
2452.1297602653503, 1.6009, 4.5665, 524.0575
2454.1298446655273, 1.6009, 4.5667, 524.3157
2456.1299533843994, 1.6009, 4.5666, 524.4977
2458.1300387382507, 1.6009, 4.5664, 524.44
2460.1301403045654, 1.6009, 4.5665, 524.538
2462.13024020195, 1.6009, 4.5663, 524.5964
2464.1303355693817, 1.6009, 4.5662, 524.9001
2466.130437374115, 1.6009, 4.5662, 524.9243
2468.130525112152, 1.6009, 4.5661, 524.7837
2470.130617618561, 1.6008, 4.5661, 524.824
2472.1307220458984, 1.6008, 4.5662, 524.6072
2474.1308262348175, 1.6008, 4.5662, 524.5757
2476.1309270858765, 1.6008, 4.5662, 524.6196
2478.13103055954, 1.6008, 4.5663, 524.5874
2480.1311247348785, 1.6008, 4.5662, 524.5736
2482.13125872612, 1.6008, 4.5662, 524.3169
2484.131364107132, 1.6008, 4.5663, 524.333
2486.131507396698, 1.6008, 4.5662, 524.5712
2488.131594181061, 1.6008, 4.5663, 524.599
2490.1316950321198, 1.6008, 4.5662, 524.5089
2492.131810903549, 1.6008, 4.5662, 524.8573
2494.1319115161896, 1.6008, 4.5661, 524.8115
2496.1320083141327, 1.6008, 4.5661, 524.9471
2498.1321511268616, 1.6008, 4.5661, 524.765
2500.132242202759, 1.6008, 4.5661, 524.7381
2502.132330417633, 1.6008, 4.5662, 524.6204
2504.13241648674, 1.6008, 4.5661, 524.6667
2506.13249874115, 1.6009, 4.5661, 524.7049
2508.1325976848602, 1.6008, 4.5662, 524.53
2510.1326978206635, 1.6008, 4.5662, 524.49
2512.132832288742, 1.6008, 4.5662, 524.4704
2514.1329278945923, 1.6008, 4.5664, 524.2852
2516.1330358982086, 1.6008, 4.5664, 524.2691
2518.1331379413605, 1.6008, 4.5664, 524.5718
2520.1332216262817, 1.6008, 4.5661, 524.7213
2522.1333227157593, 1.6008, 4.5661, 524.8354
2524.1334240436554, 1.6008, 4.5662, 524.9118
2526.1335241794586, 1.6008, 4.5661, 524.9109
2528.1336076259613, 1.6008, 4.566, 524.9205
2530.1337399482727, 1.6008, 4.5661, 524.8771
2532.133841753006, 1.6008, 4.5659, 524.9475
2534.1339445114136, 1.6008, 4.5661, 524.8519
2536.1340510845184, 1.6008, 4.5662, 525.0793
2538.1341531276703, 1.6008, 4.566, 524.9053
2540.1342408657074, 1.6008, 4.566, 524.8121
2542.134342432022, 1.6008, 4.5661, 524.706
2544.1344430446625, 1.6008, 4.5663, 524.5395
2546.1345241069794, 1.6009, 4.5663, 524.2356
2548.1346757411957, 1.6009, 4.5663, 524.2581
2550.134775161743, 1.6008, 4.5664, 524.1664
2552.1348774433136, 1.6008, 4.5666, 524.0045
2554.134976863861, 1.6008, 4.5666, 523.6184
2556.135064601898, 1.6008, 4.5666, 523.723
2558.135150909424, 1.6009, 4.5667, 523.922
2560.135236263275, 1.6008, 4.5666, 524.0185
2562.135338783264, 1.6008, 4.5668, 523.8512
2564.1354417800903, 1.6008, 4.5669, 523.6563
2566.1357753276825, 1.6008, 4.5671, 523.5267
2568.1358778476715, 1.6008, 4.5673, 523.4412
2570.135978460312, 1.6008, 4.5672, 523.4185
2572.136067390442, 1.6008, 4.5674, 523.3859
2574.1361503601074, 1.6008, 4.5673, 523.2769
2576.13623046875, 1.6008, 4.5673, 523.1615
2578.136330604553, 1.6008, 4.5675, 523.0654
2580.1364316940308, 1.6008, 4.5676, 523.1409
2582.1365327835083, 1.6008, 4.5676, 522.6836
2584.136621236801, 1.6008, 4.5677, 522.386
2586.136721611023, 1.6008, 4.5679, 522.639
2588.1368050575256, 1.6008, 4.5678, 522.9412
2590.1369388103485, 1.6008, 4.5677, 522.8973
2592.1370244026184, 1.6008, 4.5679, 522.9993
2594.1371059417725, 1.6008, 4.5677, 522.783
2596.1372084617615, 1.6008, 4.5678, 522.6255
2598.1372904777527, 1.6008, 4.5678, 522.8028
2600.1373932361603, 1.6008, 4.5677, 522.8369
2602.137491941452, 1.6008, 4.5676, 522.9207
2604.1376259326935, 1.6008, 4.5677, 522.8021
2606.137762784958, 1.6008, 4.568, 522.6809
2608.1378479003906, 1.6008, 4.5681, 522.4349
2610.137928724289, 1.6008, 4.5682, 522.2768
2612.1380343437195, 1.6008, 4.5682, 522.0994
2614.1381351947784, 1.6008, 4.5683, 522.2256
2616.1382341384888, 1.6008, 4.5683, 522.5241
2618.1383328437805, 1.6008, 4.5683, 522.4421
2620.1384348869324, 1.6008, 4.5682, 522.4307
2622.1385214328766, 1.6008, 4.5682, 522.3858
2624.1386263370514, 1.6008, 4.5684, 522.3178
2626.1387283802032, 1.6008, 4.5684, 522.2483
2628.1388256549835, 1.6008, 4.5685, 522.2677
2630.1389150619507, 1.6008, 4.5685, 522.2991
2632.139016389847, 1.6008, 4.5687, 521.9456
2634.1391196250916, 1.6008, 4.5687, 521.9023
2636.1392538547516, 1.6009, 4.5688, 522.0309
2638.1393580436707, 1.6009, 4.5688, 522.0875
2640.1394412517548, 1.6009, 4.5688, 522.2472
2642.139573574066, 1.6009, 4.5687, 522.2015
2644.1396765708923, 1.6009, 4.5687, 522.1116
2646.139806985855, 1.6009, 4.569, 521.6115
2648.139892578125, 1.6009, 4.569, 521.4103
2650.1399879455566, 1.6008, 4.5691, 521.1922
2652.1401035785675, 1.6008, 4.5689, 521.4761
2654.1402111053467, 1.6008, 4.569, 521.7899
2656.1403045654297, 1.6009, 4.5689, 521.7092
2658.140419960022, 1.6009, 4.5691, 521.5959
2660.140533208847, 1.6009, 4.5692, 521.4212
2662.140664100647, 1.6009, 4.5692, 521.2056
2664.140761613846, 1.6008, 4.5693, 521.1041
2666.1408495903015, 1.6008, 4.5695, 520.8788
2668.1409895420074, 1.6008, 4.5695, 521.2053
2670.141079902649, 1.6008, 4.5692, 521.4063
2672.1411798000336, 1.6008, 4.5692, 521.3326
2674.1412794589996, 1.6008, 4.5692, 521.0869
2676.141382217407, 1.6008, 4.5693, 521.2255
2678.141483068466, 1.6008, 4.5693, 521.3582
2680.141584634781, 1.6008, 4.5692, 521.3699
2682.1416850090027, 1.6008, 4.5693, 521.4097
2684.1417870521545, 1.6008, 4.5692, 521.4436
2686.1418871879578, 1.6008, 4.5692, 521.4361
2688.141986846924, 1.6008, 4.5694, 521.5107
2690.1420743465424, 1.6008, 4.5695, 521.2986
2692.142154932022, 1.6008, 4.5695, 521.3561
2694.1422905921936, 1.6008, 4.5694, 521.5574
2696.1423938274384, 1.6008, 4.5693, 521.2184
2698.1424775123596, 1.6008, 4.5694, 520.7197
2700.1425807476044, 1.6008, 4.5694, 520.7422
2702.142680644989, 1.6008, 4.5695, 520.6449
2704.1427750587463, 1.6008, 4.5697, 520.573
2706.142856359482, 1.6008, 4.5698, 520.4682
2708.142954826355, 1.6008, 4.5697, 520.4471
2710.1430637836456, 1.6008, 4.5699, 520.4657
2712.143163919449, 1.6008, 4.5699, 520.6095
2714.1432449817657, 1.6008, 4.5699, 520.7188
2716.14332818985, 1.6009, 4.57, 520.7526
2718.14341711998, 1.6009, 4.5701, 520.4177
2720.143518447876, 1.6008, 4.57, 520.3008
2722.143616914749, 1.6008, 4.5702, 520.4296
2724.143716573715, 1.6009, 4.5702, 520.1892
2726.1438159942627, 1.6008, 4.5703, 520.1586
2728.1439139842987, 1.6008, 4.5702, 520.5329
2730.143996477127, 1.6008, 4.57, 520.7127
2732.1440994739532, 1.6008, 4.5701, 520.7436
2734.1442024707794, 1.6009, 4.5701, 520.8707
2736.144345998764, 1.6009, 4.5699, 520.9146
2738.1444823741913, 1.6009, 4.5698, 521.0713
2740.1445772647858, 1.6008, 4.5696, 521.1942
2742.1447196006775, 1.6008, 4.5696, 521.318
2744.1448135375977, 1.6009, 4.5694, 521.5761
2746.1449167728424, 1.6008, 4.5693, 521.7612
2748.1450033187866, 1.6008, 4.5692, 521.6435
2750.1451048851013, 1.6008, 4.5692, 521.5375
2752.145207643509, 1.6008, 4.5691, 521.7787
2754.145310640335, 1.6009, 4.5692, 521.8609
2756.145411014557, 1.6008, 4.5689, 522.0332
2758.1455514431, 1.6008, 4.5689, 522.1497
2760.1456339359283, 1.6008, 4.5687, 522.2119
2762.145770549774, 1.6008, 4.5686, 522.1191
2764.1458740234375, 1.6008, 4.5688, 522.0406
2766.1459608078003, 1.6008, 4.5687, 522.1629
2768.146067380905, 1.6008, 4.569, 521.5916
2770.146167039871, 1.6008, 4.569, 521.2543
2772.146250963211, 1.6008, 4.5693, 521.3675
2774.1463627815247, 1.6008, 4.5692, 521.3552
2776.146454811096, 1.6008, 4.5693, 521.3944
2778.146538257599, 1.6008, 4.5692, 521.7286
2780.1466376781464, 1.6008, 4.569, 522.1514
2782.1467411518097, 1.6009, 4.5689, 522.6066
2784.146842479706, 1.6008, 4.5685, 522.8141
2786.1469814777374, 1.6009, 4.5685, 523.0151
2788.147081375122, 1.6008, 4.5684, 522.9109
2790.1471815109253, 1.6008, 4.5683, 523.082
2792.147322654724, 1.6008, 4.5681, 522.866
2794.147406101227, 1.6009, 4.5683, 522.484
2796.1475071907043, 1.6009, 4.5685, 521.9734
2798.147610425949, 1.6009, 4.5688, 521.6406
2800.147751569748, 1.6008, 4.569, 521.1549
2802.147834777832, 1.6008, 4.5693, 520.909
2804.1479341983795, 1.6008, 4.5694, 520.9428
2806.1480185985565, 1.6009, 4.5692, 521.3752
2808.148120880127, 1.6008, 4.5693, 521.313
2810.1482095718384, 1.6008, 4.5693, 521.3647
2812.148311138153, 1.6008, 4.5696, 521.3012
2814.1483957767487, 1.6008, 4.5696, 520.9246
2816.1484961509705, 1.6008, 4.5697, 520.7519
2818.1486043930054, 1.6008, 4.5698, 520.7039
2820.14870595932, 1.6009, 4.5699, 520.7482
2822.148784637451, 1.6009, 4.5699, 520.5167
2824.148883342743, 1.6008, 4.5699, 520.929
2826.1489877700806, 1.6008, 4.5699, 520.9794
2828.1490712165833, 1.6008, 4.5699, 520.6409
2830.149176597595, 1.6008, 4.57, 520.4861
2832.149264574051, 1.6008, 4.57, 520.7141
2834.149365901947, 1.6008, 4.5698, 520.8976
2836.1494646072388, 1.6008, 4.5697, 520.8935
2838.14954829216, 1.6008, 4.5696, 520.8985
2840.14964056015, 1.6009, 4.5699, 520.7052
2842.1497287750244, 1.6008, 4.5698, 520.7664
2844.1498301029205, 1.6008, 4.57, 520.6035
2846.149932861328, 1.6008, 4.5701, 520.3603
2848.150041103363, 1.6009, 4.5702, 520.4864
2850.1501491069794, 1.6008, 4.5703, 520.1941
2852.1502866744995, 1.6008, 4.5703, 520.0021
2854.1503858566284, 1.6009, 4.5704, 520.0601
2856.150465965271, 1.6008, 4.5704, 520.2051
2858.1505448818207, 1.6008, 4.5704, 520.265
2860.1506288051605, 1.6008, 4.5706, 520.0601
2862.150728225708, 1.6008, 4.5708, 519.8976
2864.150861263275, 1.6008, 4.5709, 519.6223
2866.150959968567, 1.6008, 4.571, 519.504
2868.1510603427887, 1.6008, 4.571, 519.4635
2870.1511600017548, 1.6008, 4.5711, 519.5831
2872.151260137558, 1.6008, 4.5712, 519.6281
2874.1513619422913, 1.6008, 4.5712, 519.2931
2876.1514637470245, 1.6008, 4.5712, 519.145
2878.15155005455, 1.6008, 4.5711, 519.0707
2880.151650905609, 1.6009, 4.5714, 519.4753
2882.151784658432, 1.6008, 4.5711, 519.3702
2884.151928424835, 1.6008, 4.5712, 519.3473
2886.1520750522614, 1.6008, 4.5714, 519.2264
2888.1521627902985, 1.6008, 4.5714, 519.1361
2890.152265548706, 1.6008, 4.5715, 519.0395
2892.152349948883, 1.6008, 4.5716, 518.6732
2894.1524839401245, 1.6009, 4.5719, 518.2643
2896.1525690555573, 1.6008, 4.5719, 518.0218
2898.152670145035, 1.6008, 4.5722, 517.617
2900.152773141861, 1.6008, 4.5722, 517.5531
2902.152857065201, 1.6009, 4.5724, 517.5788
2904.152939558029, 1.6008, 4.5725, 517.7782
2906.1530532836914, 1.6009, 4.5725, 517.8053
2908.1531550884247, 1.6008, 4.5725, 517.6907
2910.1532411575317, 1.6008, 4.5726, 517.6131
2912.1533291339874, 1.6008, 4.5726, 517.5447
2914.15341424942, 1.6008, 4.5726, 517.5651
2916.1535501480103, 1.6008, 4.5727, 517.458
2918.1536507606506, 1.6008, 4.5727, 517.5081
2920.153753042221, 1.6008, 4.5727, 517.5904
2922.15385389328, 1.6008, 4.5727, 517.7969
2924.1539583206177, 1.6008, 4.5727, 517.7861
2926.1540627479553, 1.6008, 4.5728, 517.8945
2928.1541664600372, 1.6008, 4.5726, 518.0202
2930.1542546749115, 1.6008, 4.5727, 518.065
2932.1543595790863, 1.6009, 4.5727, 518.0018
2934.1544575691223, 1.6008, 4.5727, 517.9705
2936.154546022415, 1.6009, 4.5728, 518.0549
2938.1546518802643, 1.6008, 4.5726, 518.0687
2940.154735803604, 1.6008, 4.5726, 518.0607
2942.1548385620117, 1.6008, 4.5727, 518.1517
2944.1549773216248, 1.6008, 4.5725, 518.004
2946.1550805568695, 1.6009, 4.5726, 517.7934
2948.1552147865295, 1.6009, 4.5727, 517.7386
2950.1553485393524, 1.6008, 4.5726, 517.8849
2952.1554498672485, 1.6009, 4.5726, 518.1379
2954.15558218956, 1.6009, 4.5725, 518.469
2956.155664205551, 1.6009, 4.5724, 518.5893
2958.155750513077, 1.6009, 4.5722, 518.7119
2960.155833721161, 1.6009, 4.572, 519.0568
2962.1559693813324, 1.6009, 4.572, 519.2798
2964.156054019928, 1.6008, 4.5718, 519.4172
2966.156158685684, 1.6008, 4.5716, 518.9818
2968.1562395095825, 1.6009, 4.5718, 518.7885
2970.1563260555267, 1.6008, 4.5717, 518.6433
2972.156427383423, 1.6008, 4.5719, 518.5158
2974.1565618515015, 1.6008, 4.5719, 518.5581
2976.156666994095, 1.6008, 4.5718, 518.4716
2978.1567690372467, 1.6008, 4.572, 518.5171
2980.156856775284, 1.6008, 4.572, 518.5138
2982.1569497585297, 1.6008, 4.5718, 518.5525
2984.15705370903, 1.6008, 4.572, 518.8064
2986.1571896076202, 1.6008, 4.5717, 518.9857
2988.1572771072388, 1.6008, 4.5717, 518.7888
2990.157412290573, 1.6008, 4.5718, 518.7742
2992.157516002655, 1.6008, 4.5718, 518.7555
2994.1576149463654, 1.6008, 4.5717, 518.9386
2996.157717704773, 1.6009, 4.5717, 519.1588
2998.1578216552734, 1.6008, 4.5715, 519.1998
3000.157956838608, 1.6008, 4.5715, 519.2426
3002.15806388855, 1.6008, 4.5716, 519.2718
3004.158162355423, 1.6008, 4.5716, 518.9922
3006.1582641601562, 1.6008, 4.5716, 518.8137
3008.1583745479584, 1.6008, 4.5718, 518.6148
3010.158477783203, 1.6008, 4.5718, 519.0134
3012.158610343933, 1.6008, 4.5716, 519.1545
3014.158714056015, 1.6009, 4.5717, 519.1694
3016.1588146686554, 1.6008, 4.5715, 519.408
3018.158915758133, 1.6009, 4.5714, 519.6535
3020.1590127944946, 1.6008, 4.5714, 519.8097
3022.159142971039, 1.6008, 4.5712, 520.0269
3024.159225463867, 1.6008, 4.5712, 519.7851
3026.1593215465546, 1.6008, 4.5712, 519.4244
3028.1594552993774, 1.6008, 4.5713, 519.3669
3030.159557580948, 1.6008, 4.5713, 519.0896
3032.159696340561, 1.6008, 4.5715, 518.8081
3034.1598064899445, 1.6008, 4.5716, 518.747
3036.1598913669586, 1.6008, 4.5716, 518.7018
3038.160034418106, 1.6008, 4.5718, 518.4972
3040.160171031952, 1.6008, 4.5718, 518.4092
3042.160255908966, 1.6008, 4.5719, 518.5212
3044.160352230072, 1.6008, 4.5718, 518.6557
3046.1604347229004, 1.6008, 4.5718, 518.7193
3048.1605463027954, 1.6009, 4.5719, 518.7416
3050.1606357097626, 1.6009, 4.5719, 518.6291
3052.1607382297516, 1.6009, 4.5721, 518.4503
3054.160821914673, 1.6009, 4.5721, 518.3624
3056.1609239578247, 1.6009, 4.572, 518.4817
3058.161070585251, 1.6008, 4.572, 518.6605
3060.161176919937, 1.6008, 4.5719, 518.8169
3062.161279439926, 1.6008, 4.5719, 518.5936
3064.161381959915, 1.6008, 4.572, 518.1945
3066.1614677906036, 1.6008, 4.5722, 518.1478
3068.1615738868713, 1.6008, 4.5722, 517.8917
3070.16166973114, 1.6008, 4.5724, 517.6268
3072.1618139743805, 1.6008, 4.5726, 517.3628
3074.1619498729706, 1.6008, 4.5729, 517.0765
3076.1620528697968, 1.6009, 4.573, 517.1545
3078.162191390991, 1.6009, 4.5732, 517.1184
3080.162296295166, 1.6009, 4.5731, 517.1894
3082.1624042987823, 1.6008, 4.5731, 517.0527
3084.162504673004, 1.6008, 4.5733, 516.9327
3086.162607192993, 1.6008, 4.5734, 516.9701
3088.1626904010773, 1.6009, 4.5734, 516.7821
3090.162770986557, 1.6008, 4.5734, 516.8546
3092.1628754138947, 1.6008, 4.5736, 516.43
3094.16295671463, 1.6008, 4.5738, 516.0459
3096.1630387306213, 1.6008, 4.5739, 515.8041
3098.163150072098, 1.6008, 4.574, 515.8813
3100.163253545761, 1.6008, 4.5741, 516.1089
3102.163355112076, 1.6008, 4.5742, 515.9403
3104.1634409427643, 1.6008, 4.5743, 515.6999
3106.1635761260986, 1.6008, 4.5745, 515.7423
3108.1636781692505, 1.6008, 4.5744, 515.7573
3110.1637818813324, 1.6008, 4.5744, 515.8134
3112.1638832092285, 1.6008, 4.5746, 515.6592
3114.1639676094055, 1.6008, 4.5747, 515.4101
3116.1640644073486, 1.6008, 4.5747, 515.3825
3118.1641657352448, 1.6008, 4.5748, 515.3598
3120.1642684936523, 1.6008, 4.5749, 515.4456
3122.1643664836884, 1.6008, 4.5749, 515.3075
3124.1644983291626, 1.6008, 4.5747, 515.608
3126.164600610733, 1.6008, 4.5746, 515.8369
3128.1647045612335, 1.6008, 4.5746, 515.9962
3130.164790391922, 1.6008, 4.5745, 515.8512
3132.1648728847504, 1.6008, 4.5745, 515.6509
3134.164976835251, 1.6008, 4.5746, 515.2933
3136.165076494217, 1.6008, 4.5749, 515.0336
3138.1651599407196, 1.6008, 4.575, 514.9764
3140.1652550697327, 1.6008, 4.5749, 515.0771
3142.1653487682343, 1.6008, 4.575, 514.9106
3144.1654427051544, 1.6008, 4.5751, 514.6331
3146.165530204773, 1.6008, 4.5752, 514.7669
3148.165615081787, 1.6008, 4.5753, 514.8571
3150.165696144104, 1.6008, 4.5753, 514.7326
3152.1657903194427, 1.6008, 4.5755, 514.5679
3154.165888786316, 1.6009, 4.5757, 514.4782
3156.165990591049, 1.6008, 4.5758, 514.7564
3158.1660935878754, 1.6009, 4.5756, 514.8127
3160.1661972999573, 1.6009, 4.5756, 514.3532
3162.1662747859955, 1.6009, 4.5757, 514.309
3164.166380405426, 1.6009, 4.5759, 514.2801
3166.166483402252, 1.6008, 4.5759, 514.1158
3168.166619539261, 1.6008, 4.5762, 513.852
3170.16672873497, 1.6009, 4.5763, 513.9948
3172.1668655872345, 1.6009, 4.5763, 514.0211
3174.1670100688934, 1.6009, 4.5762, 514.15
3176.1670944690704, 1.6008, 4.576, 514.4116
3178.1672298908234, 1.6009, 4.5759, 514.3811
3180.1673164367676, 1.6008, 4.576, 514.3232
3182.1674201488495, 1.6008, 4.576, 514.0605
3184.1675148010254, 1.6008, 4.5759, 514.2671
3186.1676008701324, 1.6008, 4.5759, 514.3886
3188.1676936149597, 1.6008, 4.576, 514.3531
3190.1677815914154, 1.6008, 4.576, 513.7588
3192.167886734009, 1.6008, 4.5762, 513.5143
3194.1679830551147, 1.6008, 4.5762, 513.6245
3196.1680703163147, 1.6009, 4.5765, 513.5629
3198.1681690216064, 1.6008, 4.5764, 513.8101
3200.168266773224, 1.6008, 4.5764, 513.9168
3202.168365240097, 1.6008, 4.5763, 514.1327
3204.168473005295, 1.6009, 4.5763, 514.3818
3206.1685738563538, 1.6008, 4.5762, 514.6386
3208.1686770915985, 1.6008, 4.5759, 514.7599
3210.168760538101, 1.6008, 4.576, 514.5363
3212.1688611507416, 1.6009, 4.5762, 514.4657
3214.168959379196, 1.6008, 4.576, 514.5613
3216.1690590381622, 1.6008, 4.576, 514.3884
3218.169140815735, 1.6009, 4.576, 514.3398
3220.1692264080048, 1.6008, 4.5762, 514.3728
3222.1693139076233, 1.6009, 4.5763, 514.0744
3224.169397830963, 1.6009, 4.5765, 513.8593
3226.169482946396, 1.6008, 4.5764, 514.0153
3228.1696174144745, 1.6008, 4.5763, 513.8421
3230.16975069046, 1.6008, 4.5764, 513.5767
3232.169841527939, 1.6008, 4.5765, 513.2958
3234.1699290275574, 1.6008, 4.5766, 513.1889
3236.170027732849, 1.6008, 4.5767, 513.4052
3238.1701323986053, 1.6008, 4.5765, 513.8257
3240.170218229294, 1.6008, 4.5766, 513.4873
3242.170319080353, 1.6008, 4.5769, 513.0907
3244.170420408249, 1.6008, 4.5769, 513.0002
3246.170512199402, 1.6008, 4.5769, 512.9534
3248.170615673065, 1.6008, 4.577, 513.0264
3250.1707270145416, 1.6009, 4.5771, 513.0518
3252.1708154678345, 1.6008, 4.577, 513.3784
3254.170918703079, 1.6008, 4.5768, 513.5666
3256.171023130417, 1.6008, 4.5767, 513.8254
3258.1711263656616, 1.6008, 4.5768, 514.041
3260.1712279319763, 1.6008, 4.5768, 513.9313
3262.1713333129883, 1.6008, 4.5767, 513.5572
3264.1714355945587, 1.6009, 4.5769, 513.4238
3266.1715428829193, 1.6009, 4.5769, 513.5118
3268.1716458797455, 1.6009, 4.5769, 513.398
3270.1717476844788, 1.6009, 4.5772, 513.204
3272.171850204468, 1.6009, 4.5771, 513.1139
3274.1719529628754, 1.6008, 4.5772, 513.2012
3276.1720559597015, 1.6008, 4.5774, 512.833
3278.172154903412, 1.6009, 4.5776, 512.5473
3280.172255754471, 1.6009, 4.5777, 512.2333
3282.172356367111, 1.6009, 4.5779, 512.0776
3284.172463655472, 1.6008, 4.5779, 512.373
3286.172564268112, 1.6009, 4.5779, 512.3783
3288.1726648807526, 1.6009, 4.578, 512.4205
3290.172765493393, 1.6009, 4.5779, 512.3511
3292.1728515625, 1.6008, 4.5778, 512.8007
3294.172933578491, 1.6008, 4.5777, 512.7504
3296.1730320453644, 1.6009, 4.5777, 512.8617
3298.1731145381927, 1.6008, 4.5778, 512.9099
3300.1732153892517, 1.6008, 4.5776, 513.0957
3302.173297405243, 1.6008, 4.5775, 513.1564
3304.1733808517456, 1.6008, 4.5773, 513.3402
3306.173472881317, 1.6008, 4.5772, 513.5108
3308.17356467247, 1.6008, 4.577, 513.9298
3310.1736629009247, 1.6008, 4.5767, 514.1085
3312.1737422943115, 1.6008, 4.5767, 514.2696
3314.173830986023, 1.6008, 4.5768, 514.1569
3316.173915863037, 1.6009, 4.5768, 513.9248
3318.1740171909332, 1.6008, 4.5768, 513.6826
3320.1741049289703, 1.6009, 4.577, 513.4513
3322.1742045879364, 1.6008, 4.577, 513.4646
3324.1742882728577, 1.6008, 4.577, 513.4026
3326.1743783950806, 1.6008, 4.577, 513.2496
3328.174480676651, 1.6008, 4.5771, 513.1572
3330.1745812892914, 1.6009, 4.5772, 513.1769
3332.17467713356, 1.6009, 4.5772, 513.1483
3334.174773454666, 1.6009, 4.5773, 513.2776
3336.1748554706573, 1.6009, 4.5771, 513.6893
3338.1749460697174, 1.6009, 4.577, 513.9502
3340.175040245056, 1.6008, 4.5767, 513.9288
3342.1751749515533, 1.6009, 4.5769, 513.6178
3344.175272464752, 1.6009, 4.5768, 513.7843
3346.175352573395, 1.6008, 4.5767, 514.1229
3348.1754484176636, 1.6008, 4.5766, 514.3033
3350.1755559444427, 1.6008, 4.5764, 514.2408
3352.175657272339, 1.6008, 4.5765, 513.9741
3354.175758600235, 1.6008, 4.5766, 513.4549
3356.1758732795715, 1.6008, 4.5769, 513.3151
3358.175981760025, 1.6008, 4.5769, 513.2947
3360.1760835647583, 1.6009, 4.5769, 513.4692
3362.1761684417725, 1.6009, 4.5769, 513.5976
3364.17627120018, 1.6008, 4.5768, 513.7914
3366.176356077194, 1.6009, 4.5768, 513.6768
3368.1764895915985, 1.6009, 4.5767, 513.7646
3370.1765739917755, 1.6008, 4.5768, 514.1915
3372.1766650676727, 1.6008, 4.5764, 514.5436
3374.176747560501, 1.6008, 4.5763, 514.5646
3376.176881313324, 1.6009, 4.576, 514.7424
3378.1769828796387, 1.6009, 4.5762, 514.6559
3380.1770770549774, 1.6009, 4.5763, 514.5507
3382.177183151245, 1.6009, 4.5763, 514.3588
3384.1772730350494, 1.6008, 4.5764, 514.2164
3386.1773748397827, 1.6009, 4.5763, 514.4828
3388.1775074005127, 1.6008, 4.5763, 514.5857
3390.177608728409, 1.6008, 4.5762, 514.6901
3392.177691221237, 1.6008, 4.576, 514.8621
3394.177825689316, 1.6009, 4.5758, 515.0965
3396.17795920372, 1.6008, 4.5757, 515.0677
3398.17803812027, 1.6009, 4.5757, 515.0935
3400.178122282028, 1.6008, 4.5757, 515.0586
3402.1782162189484, 1.6008, 4.5758, 514.6311
3404.1783213615417, 1.6008, 4.5758, 514.7285
3406.1784076690674, 1.6008, 4.5756, 514.8127
3408.1785407066345, 1.6008, 4.5756, 514.6063
3410.17862701416, 1.6008, 4.5758, 514.5985
3412.1787135601044, 1.6008, 4.5759, 514.4163
3414.1788024902344, 1.6009, 4.5759, 514.28
3416.1789095401764, 1.6008, 4.5759, 514.249
3418.178997039795, 1.6009, 4.5759, 514.7002
3420.179099559784, 1.6009, 4.5759, 514.7795
3422.1791825294495, 1.6008, 4.576, 514.5359
3424.1792726516724, 1.6008, 4.576, 514.3017
3426.179375886917, 1.6008, 4.576, 514.0365
3428.179477930069, 1.6008, 4.5762, 514.0195
3430.179615020752, 1.6008, 4.576, 514.16
3432.179706096649, 1.6009, 4.5763, 514.0286
3434.179796218872, 1.6009, 4.5765, 514.0806
3436.179885864258, 1.6009, 4.5764, 513.8053
3438.179971933365, 1.6009, 4.5765, 513.5207
3440.180059671402, 1.6008, 4.5766, 513.4624
3442.1801404953003, 1.6009, 4.5768, 513.5798
3444.1802201271057, 1.6009, 4.5767, 513.8708
3446.180298089981, 1.6009, 4.5767, 514.0538
3448.180375099182, 1.6009, 4.5766, 514.1799
3450.180476665497, 1.6008, 4.5765, 514.297
3452.1806094646454, 1.6008, 4.5764, 514.1411
3454.180691242218, 1.6009, 4.5764, 513.7555
3456.180771112442, 1.6008, 4.5765, 513.5803
3458.1808631420135, 1.6008, 4.5768, 513.3784
3460.1809561252594, 1.6008, 4.5767, 513.7852
3462.181045770645, 1.6008, 4.5765, 513.8971
3464.181127309799, 1.6008, 4.5767, 513.5805
3466.1812109947205, 1.6008, 4.5769, 513.3286
3468.181293487549, 1.6008, 4.577, 513.2033
3470.181369781494, 1.6008, 4.577, 512.9625
3472.181449174881, 1.6008, 4.5771, 512.9595
3474.181536912918, 1.6008, 4.5772, 513.0727
3476.1816194057465, 1.6008, 4.5772, 513.2033
3478.1816997528076, 1.6008, 4.5772, 513.4635
3480.181779384613, 1.6008, 4.5771, 513.6244
3482.1818585395813, 1.6009, 4.5771, 513.4624
3484.1819348335266, 1.6008, 4.5772, 513.5171
3486.1820147037506, 1.6009, 4.577, 513.6495
3488.1821036338806, 1.6008, 4.577, 513.4848
3490.1821846961975, 1.6009, 4.5771, 513.6183
3492.1822617053986, 1.6009, 4.5772, 513.6269
3494.1823489665985, 1.6009, 4.577, 513.6971
3496.182426929474, 1.6009, 4.5771, 513.4348
3498.182510614395, 1.6008, 4.577, 513.3364
3500.1825964450836, 1.6009, 4.577, 513.3533
3502.182670354843, 1.6009, 4.577, 513.2446
3504.182780981064, 1.6008, 4.5771, 513.2621
3506.182861804962, 1.6009, 4.5772, 513.3522
3508.182968854904, 1.6009, 4.5771, 513.5422
3510.1830501556396, 1.6008, 4.577, 513.793
3512.183131456375, 1.6008, 4.5769, 513.9137
3514.183221101761, 1.6008, 4.5767, 513.9389
3516.1833209991455, 1.6008, 4.5769, 513.8912
3518.18342089653, 1.6008, 4.5768, 513.8502
3520.1835236549377, 1.6008, 4.5767, 514.248
3522.183625936508, 1.6008, 4.5764, 514.4831
3524.1837227344513, 1.6008, 4.5763, 514.5557
3526.183832168579, 1.6009, 4.5763, 514.4902
3528.1839327812195, 1.6008, 4.5762, 514.6163
3530.1840376853943, 1.6008, 4.5762, 514.6096
3532.1841292381287, 1.6008, 4.5762, 514.544
3534.1842374801636, 1.6008, 4.5762, 514.1272
3536.1843223571777, 1.6008, 4.5762, 514.2132
3538.1844203472137, 1.6009, 4.5763, 514.4572
3540.184518098831, 1.6008, 4.576, 514.2243
3542.1846203804016, 1.6008, 4.5762, 514.5131
3544.1847262382507, 1.6008, 4.5759, 514.4732
3546.184830188751, 1.6009, 4.5762, 514.5019
3548.184933423996, 1.6008, 4.5762, 514.3437
3550.185035943985, 1.6008, 4.5762, 514.1675
3552.185137987137, 1.6009, 4.5763, 514.2256
3554.185225725174, 1.6008, 4.5763, 514.2626
3556.1853272914886, 1.6008, 4.5763, 514.317
3558.1854271888733, 1.6008, 4.5764, 514.2732
3560.1855385303497, 1.6008, 4.5762, 514.5851
3562.185638189316, 1.6008, 4.5762, 514.5878
3564.1857302188873, 1.6008, 4.576, 514.6738
3566.185834646225, 1.6008, 4.5758, 514.7844
3568.1859402656555, 1.6008, 4.5758, 514.7816
3570.1860427856445, 1.6008, 4.5762, 514.4269
3572.1861197948456, 1.6008, 4.5762, 514.352
3574.18620967865, 1.6008, 4.5762, 514.5813
3576.186316013336, 1.6008, 4.5762, 514.6963
3578.1864161491394, 1.6008, 4.5759, 514.6389
3580.1865198612213, 1.6008, 4.5762, 514.6167
3582.186607837677, 1.6008, 4.576, 514.6123
3584.1867203712463, 1.6008, 4.5763, 514.3244
3586.1868205070496, 1.6009, 4.5765, 514.2315
3588.1869225502014, 1.6008, 4.5763, 514.2588
3590.1870024204254, 1.6008, 4.5764, 514.2496
3592.187101125717, 1.6008, 4.5763, 514.5613
3594.1872084140778, 1.6008, 4.5762, 514.5421
3596.1872942447662, 1.6008, 4.576, 514.5767
3598.1873984336853, 1.6008, 4.5762, 514.6942
3600.1874866485596, 1.6009, 4.5759, 514.7092
3602.1875925064087, 1.6009, 4.576, 514.4804
3604.1877064704895, 1.6008, 4.5763, 514.4378
3606.1877965927124, 1.6008, 4.576, 514.7114
3608.1878731250763, 1.6008, 4.5758, 514.9873
3610.188024520874, 1.6008, 4.5757, 514.99
3612.1881141662598, 1.6008, 4.5757, 514.8886
3614.1882033348083, 1.6008, 4.5756, 514.9926
3616.18834400177, 1.6008, 4.5757, 514.9176
3618.1884248256683, 1.6008, 4.5758, 514.8211
3620.1885261535645, 1.6008, 4.5757, 514.6581
3622.1886389255524, 1.6009, 4.5759, 514.593
3624.188731431961, 1.6008, 4.5759, 514.5136
3626.188812971115, 1.6008, 4.5759, 514.3059
3628.1889164447784, 1.6008, 4.5759, 514.9904
3630.188998222351, 1.6009, 4.5756, 515.1033
3632.189096212387, 1.6008, 4.5757, 514.7541
3634.1891992092133, 1.6008, 4.5758, 514.3912
3636.1893062591553, 1.6008, 4.5759, 514.3658
3638.189391374588, 1.6008, 4.576, 514.5668
3640.189505338669, 1.6009, 4.576, 514.4911
3642.189605474472, 1.6009, 4.5763, 514.2025
3644.1896843910217, 1.6008, 4.5764, 514.1601
3646.1897869110107, 1.6009, 4.5765, 514.107
3648.1899037361145, 1.6009, 4.5766, 513.8935
3650.1900074481964, 1.6009, 4.5765, 513.8067
3652.190106153488, 1.6009, 4.5766, 513.7385
3654.190192461014, 1.6009, 4.5766, 513.6916
3656.1902899742126, 1.6008, 4.5768, 513.7834
3658.190429210663, 1.6009, 4.5766, 513.7413
3660.1905715465546, 1.6009, 4.5766, 513.8483
3662.1906702518463, 1.6009, 4.5764, 514.0846
3664.1923604011536, 0.0, 0.0, 518.5566
3666.192494869232, 0.0, 0.0, 553.9433
3668.192600250244, 0.0, 0.0, 581.7148
3670.1927042007446, 0.0, 0.0, 606.2446
3672.192809820175, 0.0, 0.0, 627.7221
3674.1929144859314, 0.0, 0.0, 647.2268
3676.1930170059204, 0.0, 0.0, 665.0374
3678.1931178569794, 0.0, 0.0, 681.8911
3680.193215608597, 0.0, 0.0, 697.4936
3682.1933133602142, 0.0, 0.0, 711.7371
3684.193415403366, 0.0, 0.0, 725.6223
3686.1935143470764, 0.0, 0.0, 739.23
3688.193602323532, 0.0, 0.0, 752.1914
3690.1937029361725, 0.0, 0.0, 764.9237
3692.193794488907, 0.0, 0.0, 777.1537
3694.193894147873, 0.0, 0.0, 789.0736
3696.1939854621887, 0.0, 0.0, 801.0066
3698.194073677063, 0.0, 0.0, 812.7043
3700.194173336029, 0.0, 0.0, 824.4072
3702.1942756175995, 0.0, 0.0, 835.7542
3704.1943652629852, 0.0, 0.0, 846.6416
3706.1944711208344, 0.0, 0.0, 857.0643
3708.1945691108704, 0.0, 0.0, 868.1529
3710.194664001465, 0.0, 0.0, 879.5352
3712.1947486400604, 0.0, 0.0, 890.8332
3714.1948342323303, 0.0, 0.0, 900.8964
3716.1949183940887, 0.0, 0.0, 911.1621
3718.195021390915, 0.0, 0.0, 921.3259
3720.1951224803925, 0.0, 0.0, 932.1019
3722.195216655731, 0.0, 0.0, 942.8163
3724.1953163146973, 0.0, 0.0, 952.9837
3726.1954159736633, 0.0, 0.0, 962.7181
3728.195514202118, 0.0, 0.0, 973.0099
3730.195616006851, 0.0, 0.0, 983.1113
3732.19571018219, 0.0, 0.0, 993.5508
3734.1958038806915, 0.0, 0.0, 1003.634
3736.195910692215, 0.0, 0.0, 1013.292
3738.196001768112, 0.0, 0.0, 1022.784
3740.1960854530334, 0.0, 0.0, 1032.199
3742.196176290512, 0.0, 0.0, 1042.043
3744.196261882782, 0.0, 0.0, 1051.741
3746.1963477134705, 0.0, 0.0, 1061.042
3748.196459054947, 0.0, 0.0, 1070.395
3750.1965506076813, 0.0, 0.0, 1079.833
3752.196631669998, 0.0, 0.0, 1089.288
3754.196717739105, 0.0, 0.0, 1098.482
3756.196807861328, 0.0, 0.0, 1107.794
3758.1968932151794, 0.0, 0.0, 1117.288
3760.1969888210297, 0.0, 0.0, 1127.168
3762.197079181671, 0.0, 0.0, 1135.991
3764.1971657276154, 0.0, 0.0, 1145.336
3766.1972501277924, 0.0, 0.0, 1154.132
3768.197358608246, 0.0, 0.0, 1163.602
3770.197460412979, 0.0, 0.0, 1172.608
3772.1975672245026, 0.0, 0.0, 1181.441
3774.1976656913757, 0.0, 0.0, 1190.362
3776.197767019272, 0.0, 0.0, 1199.442
3778.197901725769, 0.0, 0.0, 1207.943
3780.1979961395264, 0.0, 0.0, 1216.336
3782.1980855464935, 0.0, 0.0, 1225.333
3784.1982197761536, 0.0, 0.0, 1234.785
3786.198323249817, 0.0, 0.0, 1242.923
3788.1984066963196, 0.0, 0.0, 1251.188
3790.198500394821, 0.0, 0.0, 1259.1
3792.1985960006714, 0.0, 0.0, 1267.777
3794.1986830234528, 0.0, 0.0, 1276.105
3796.1987788677216, 0.0, 0.0, 1284.77
3798.1988813877106, 0.0, 0.0, 1293.174
3800.1989872455597, 0.0, 0.0, 1301.898
3802.1990904808044, 0.0, 0.0, 1309.754
3804.199176311493, 0.0, 0.0, 1318.085
3806.1992666721344, 0.0, 0.0, 1325.535
3808.1993584632874, 0.0, 0.0, 1333.151
3810.1994495391846, 0.0, 0.0, 1340.976
3812.1995434761047, 0.0, 0.0, 1348.921
3814.1996290683746, 0.0, 0.0, 1357.478
3816.1997334957123, 0.0, 0.0, 1365.317
3818.199836730957, 0.0, 0.0, 1373.315
3820.199937582016, 0.0, 0.0, 1380.415
3822.200026035309, 0.0, 0.0, 1387.988
3824.2001056671143, 0.0, 0.0, 1395.368
3826.200207710266, 0.0, 0.0, 1402.981
3828.2002959251404, 0.0, 0.0, 1410.448
3830.2003889083862, 0.0, 0.0, 1417.782
3832.2004907131195, 0.0, 0.0, 1425.433
3834.200590133667, 0.0, 0.0, 1433.138
3836.2006900310516, 0.0, 0.0, 1440.489
3838.200784921646, 0.0, 0.0, 1447.318
3840.200877428055, 0.0, 0.0, 1454.463
3842.200957775116, 0.0, 0.0, 1461.39
3844.201059818268, 0.0, 0.0, 1468.043
3846.2011408805847, 0.0, 0.0, 1474.522
3848.201242208481, 0.0, 0.0, 1480.988
3850.2013454437256, 0.0, 0.0, 1487.533
3852.2014462947845, 0.0, 0.0, 1493.937
3854.201546192169, 0.0, 0.0, 1500.335
3856.201647043228, 0.0, 0.0, 1506.651
3858.2017493247986, 0.0, 0.0, 1513.019
3860.201840162277, 0.0, 0.0, 1519.104
3862.201933145523, 0.0, 0.0, 1526.118
3864.202045440674, 0.0, 0.0, 1533.464
3866.2021503448486, 0.0, 0.0, 1540.258
3868.202248096466, 0.0, 0.0, 1546.397
3870.202348470688, 0.0, 0.0, 1552.879
3872.2024483680725, 0.0, 0.0, 1559.19
3874.2025496959686, 0.0, 0.0, 1565.679
3876.2026567459106, 0.0, 0.0, 1571.711
3878.202736377716, 0.0, 0.0, 1578.673
3880.202821969986, 0.0, 0.0, 1585.18
3882.202907562256, 0.0, 0.0, 1591.161
3884.2030103206635, 0.0, 0.0, 1597.743
3886.2031140327454, 0.0, 0.0, 1603.016
3888.2032158374786, 0.0, 0.0, 1608.867
3890.203312397003, 0.0, 0.0, 1614.817
3892.2034120559692, 0.0, 0.0, 1620.386
3894.2035150527954, 0.0, 0.0, 1625.334
3896.203600168228, 0.0, 0.0, 1630.42
3898.203698158264, 0.0, 0.0, 1635.751
3900.2037925720215, 0.0, 0.0, 1642.001
3902.2038838863373, 0.0, 0.0, 1647.778
3904.2040197849274, 0.0, 0.0, 1654.28
3906.2041199207306, 0.0, 0.0, 1659.757
3908.2042207717896, 0.0, 0.0, 1665.708
3910.2043237686157, 0.0, 0.0, 1671.083
3912.204426765442, 0.0, 0.0, 1676.351
3914.2045109272003, 0.0, 0.0, 1682.877
3916.204624891281, 0.0, 0.0, 1687.693
3918.2047283649445, 0.0, 0.0, 1692.944
3920.204837322235, 0.0, 0.0, 1698.291
3922.204983472824, 0.0, 0.0, 1703.067
3924.205082654953, 0.0, 0.0, 1707.45
3926.205173254013, 0.0, 0.0, 1711.6
3928.2053096294403, 0.0, 0.0, 1716.211
3930.2053916454315, 0.0, 0.0, 1721.397
3932.2054812908173, 0.0, 0.0, 1726.63
3934.2055876255035, 0.0, 0.0, 1731.533
3936.2057013511658, 0.0, 0.0, 1736.026
3938.2057988643646, 0.0, 0.0, 1740.405
3940.205896139145, 0.0, 0.0, 1745.472
3942.2059993743896, 0.0, 0.0, 1750.547
3944.206110239029, 0.0, 0.0, 1755.756
3946.206200838089, 0.0, 0.0, 1760.514
3948.206287622452, 0.0, 0.0, 1764.806
3950.206377506256, 0.0, 0.0, 1769.285
3952.2064797878265, 0.0, 0.0, 1774.589
3954.2065827846527, 0.0, 0.0, 1779.44
3956.2066864967346, 0.0, 0.0, 1783.918
3958.2067897319794, 0.0, 0.0, 1788.318
3960.20689201355, 0.0, 0.0, 1793.152
3962.2069969177246, 0.0, 0.0, 1797.967
3964.2070803642273, 0.0, 0.0, 1802.11
3966.207183122635, 0.0, 0.0, 1806.083
3968.2072670459747, 0.0, 0.0, 1810.779
3970.2073509693146, 0.0, 0.0, 1814.572
3972.207481622696, 0.0, 0.0, 1818.423
3974.2075839042664, 0.0, 0.0, 1821.816
3976.2076835632324, 0.0, 0.0, 1826.388
3978.20778131485, 0.0, 0.0, 1830.746
3980.2079191207886, 0.0, 0.0, 1834.842
3982.208009958267, 0.0, 0.0, 1838.377
3984.208110332489, 0.0, 0.0, 1842.308
3986.20818901062, 0.0, 0.0, 1846.215
3988.2082843780518, 0.0, 0.0, 1849.586
3990.2083802223206, 0.0, 0.0, 1853.105
3992.2084817886353, 0.0, 0.0, 1857.047
3994.208574295044, 0.0, 0.0, 1861.358
3996.20868062973, 0.0, 0.0, 1865.735
3998.208781003952, 0.0, 0.0, 1869.786
4000.208880186081, 0.0, 0.0, 1873.512
4002.208961248398, 0.0, 0.0, 1876.915
4004.2090396881104, 0.0, 0.0, 1880.667
4006.2091403007507, 0.0, 0.0, 1883.777
4008.2092413902283, 0.0, 0.0, 1887.308
4010.2093439102173, 0.0, 0.0, 1891.113
4012.209424495697, 0.0, 0.0, 1894.731
4014.209507226944, 0.0, 0.0, 1898.543
4016.2095992565155, 0.0, 0.0, 1901.884
4018.209688425064, 0.0, 0.0, 1905.041
4020.2097702026367, 0.0, 0.0, 1907.812
4022.2098503112793, 0.0, 0.0, 1910.521
4024.209946155548, 0.0, 0.0, 1913.741
4026.210047721863, 0.0, 0.0, 1917.563
4028.210147857666, 0.0, 0.0, 1920.692
4030.210230112076, 0.0, 0.0, 1923.691
4032.2103159427643, 0.0, 0.0, 1926.926
4034.210411787033, 0.0, 0.0, 1930.339
4036.2104954719543, 0.0, 0.0, 1933.35
4038.2106268405914, 0.0, 0.0, 1936.765
4040.2107112407684, 0.0, 0.0, 1939.707
4042.2108170986176, 0.0, 0.0, 1942.773
4044.2109208106995, 0.0, 0.0, 1946.233
4046.2110266685486, 0.0, 0.0, 1949.559
4048.2111582756042, 0.0, 0.0, 1952.442
4050.2112941741943, 0.0, 0.0, 1955.14
4052.21138048172, 0.0, 0.0, 1958.153
4054.2114810943604, 0.0, 0.0, 1961.167
4056.211579799652, 0.0, 0.0, 1964.056
4058.211660385132, 0.0, 0.0, 1967.033
4060.2117578983307, 0.0, 0.0, 1970.085
4062.211855173111, 0.0, 0.0, 1973.28
4064.2119574546814, 0.0, 0.0, 1976.517
4066.2120473384857, 0.0, 0.0, 1978.996
4068.2121288776398, 0.0, 0.0, 1981.744
4070.2122282981873, 0.0, 0.0, 1984.435
4072.2123613357544, 0.0, 0.0, 1987.535
4074.212460041046, 0.0, 0.0, 1990.17
4076.2125363349915, 0.0, 0.0, 1992.631
4078.212639093399, 0.0, 0.0, 1995.394
4080.21271944046, 0.0, 0.0, 1998.041
4082.212808609009, 0.0, 0.0, 2000.617
4084.212905883789, 0.0, 0.0, 2003.392
4086.213004589081, 0.0, 0.0, 2006.949
4088.213105916977, 0.0, 0.0, 2009.678
4090.213207244873, 0.0, 0.0, 2011.991
4092.213318347931, 0.0, 0.0, 2014.759
4094.2133972644806, 0.0, 0.0, 2017.205
4096.213495731354, 0.0, 0.0, 2018.869
4098.2135899066925, 0.0, 0.0, 2020.906
4100.213693141937, 0.0, 0.0, 2023.095
4102.213783025742, 0.0, 0.0, 2025.93
4104.213872909546, 0.0, 0.0, 2028.826
4106.214017391205, 0.0, 0.0, 2030.973
4108.214122533798, 0.0, 0.0, 2033.744
4110.214230060577, 0.0, 0.0, 2036.569
4112.214309930801, 0.0, 0.0, 2039.294
4114.214412689209, 0.0, 0.0, 2041.199
4116.214515447617, 0.0, 0.0, 2042.805
4118.214609384537, 0.0, 0.0, 2044.539
4120.214726448059, 0.0, 0.0, 2046.99
4122.214814901352, 0.0, 0.0, 2049.707
4124.214920282364, 0.0, 0.0, 2051.671
4126.215068101883, 0.0, 0.0, 2053.621
4128.2151556015015, 0.0, 0.0, 2056.643
4130.215242862701, 0.0, 0.0, 2058.774
4132.215335845947, 0.0, 0.0, 2060.782
4134.2154359817505, 0.0, 0.0, 2063.283
4136.2155220508575, 0.0, 0.0, 2066.137
4138.215626239777, 0.0, 0.0, 2068.734
4140.215764045715, 0.0, 0.0, 2071.325
4142.215880870819, 0.0, 0.0, 2073.038
4144.215961694717, 0.0, 0.0, 2075.351
4146.216049671173, 0.0, 0.0, 2077.386
4148.216150999069, 0.0, 0.0, 2079.333
4150.216251134872, 0.0, 0.0, 2081.344
4152.216345787048, 0.0, 0.0, 2083.982
4154.216444730759, 0.0, 0.0, 2086.382
4156.216552495956, 0.0, 0.0, 2088.193
4158.216654539108, 0.0, 0.0, 2090.449
4160.216757059097, 0.0, 0.0, 2092.477
4162.216858625412, 0.0, 0.0, 2094.013
4164.216957092285, 0.0, 0.0, 2095.661
4166.217038631439, 0.0, 0.0, 2098.316
4168.217142343521, 0.0, 0.0, 2100.2
4170.217227697372, 0.0, 0.0, 2102.435
4172.2173092365265, 0.0, 0.0, 2104.195
4174.217413187027, 0.0, 0.0, 2105.826
4176.21751666069, 0.0, 0.0, 2107.881
4178.217619180679, 0.0, 0.0, 2110.04
4180.2177085876465, 0.0, 0.0, 2112.454
4182.217810630798, 0.0, 0.0, 2114.704
4184.217896223068, 0.0, 0.0, 2116.613
4186.218006849289, 0.0, 0.0, 2117.975
4188.2180914878845, 0.0, 0.0, 2119.968
4190.218192577362, 0.0, 0.0, 2122.004
4192.218286752701, 0.0, 0.0, 2123.415
4194.218385457993, 0.0, 0.0, 2124.77
4196.218487977982, 0.0, 0.0, 2127.17
4198.218591213226, 0.0, 0.0, 2129.736
4200.218693733215, 0.0, 0.0, 2131.695
4202.2187712192535, 0.0, 0.0, 2133.42
4204.218879461288, 0.0, 0.0, 2134.865
4206.218989133835, 0.0, 0.0, 2136.567
4208.219076156616, 0.0, 0.0, 2138.265
4210.219178199768, 0.0, 0.0, 2140.023
4212.219279289246, 0.0, 0.0, 2141.499
4214.219361305237, 0.0, 0.0, 2143.411
4216.219441413879, 0.0, 0.0, 2145.409
4218.219541788101, 0.0, 0.0, 2147.477
4220.219631195068, 0.0, 0.0, 2149.456
4222.2197206020355, 0.0, 0.0, 2151.301
4224.2198214530945, 0.0, 0.0, 2153.007
4226.219923496246, 0.0, 0.0, 2154.431
4228.220030784607, 0.0, 0.0, 2155.695
4230.220132112503, 0.0, 0.0, 2157.024
4232.220219612122, 0.0, 0.0, 2158.148
4234.220306634903, 0.0, 0.0, 2159.251
4236.220407247543, 0.0, 0.0, 2160.558
4238.220482587814, 0.0, 0.0, 2161.755
4240.220581293106, 0.0, 0.0, 2163.019
4242.220663070679, 0.0, 0.0, 2164.215
4244.220745801926, 0.0, 0.0, 2165.261
4246.2208340168, 0.0, 0.0, 2166.605
4248.220915555954, 0.0, 0.0, 2167.787
4250.221022129059, 0.0, 0.0, 2169.309
4252.221106767654, 0.0, 0.0, 2170.964
4254.221215724945, 0.0, 0.0, 2172.416
4256.2212924957275, 0.0, 0.0, 2174.117
4258.221395492554, 0.0, 0.0, 2176.156
4260.221497297287, 0.0, 0.0, 2177.626
4262.221580505371, 0.0, 0.0, 2179.278
4264.221661806107, 0.0, 0.0, 2180.481
4266.221752405167, 0.0, 0.0, 2181.484
4268.221857309341, 0.0, 0.0, 2182.728
4270.221947431564, 0.0, 0.0, 2184.322
4272.222037553787, 0.0, 0.0, 2185.863
4274.222116470337, 0.0, 0.0, 2186.932
4276.2222011089325, 0.0, 0.0, 2188.243
4278.22230219841, 0.0, 0.0, 2189.439
4280.222386598587, 0.0, 0.0, 2190.895
4282.222487449646, 0.0, 0.0, 2192.516
4284.222571611404, 0.0, 0.0, 2194.045
4286.222659826279, 0.0, 0.0, 2195.377
4288.222764015198, 0.0, 0.0, 2197.324
4290.222867965698, 0.0, 0.0, 2198.622
4292.222956895828, 0.0, 0.0, 2199.699
4294.223059892654, 0.0, 0.0, 2200.952
4296.2231521606445, 0.0, 0.0, 2202.55
4298.223249197006, 0.0, 0.0, 2203.913
4300.223385334015, 0.0, 0.0, 2205.031
4302.223489046097, 0.0, 0.0, 2205.914
4304.223573446274, 0.0, 0.0, 2206.912
4306.223662853241, 0.0, 0.0, 2208.044
4308.223770618439, 0.0, 0.0, 2209.228
4310.223876953125, 0.0, 0.0, 2210.291
4312.223998785019, 0.0, 0.0, 2212.01
4314.2240998744965, 0.0, 0.0, 2213.773
4316.22420167923, 0.0, 0.0, 2215.463
4318.2243039608, 0.0, 0.0, 2216.908
4320.22439289093, 0.0, 0.0, 2217.731
4322.224479436874, 0.0, 0.0, 2218.486
4324.224620103836, 0.0, 0.0, 2219.214
4326.224703788757, 0.0, 0.0, 2219.99
4328.224749326706, 0.0, 0.0, 2221.409
4330.2248520851135, 0.0, 0.0, 2222.52
4332.224953651428, 0.0, 0.0, 2223.471
4334.22505736351, 0.0, 0.0, 2224.951
4336.2251579761505, 0.0, 0.0, 2226.514
4338.225246191025, 0.0, 0.0, 2227.685
4340.225335359573, 0.0, 0.0, 2228.93
4342.225469589233, 0.0, 0.0, 2229.931
4344.225569963455, 0.0, 0.0, 2230.727
4346.225648641586, 0.0, 0.0, 2232.077
4348.2257578372955, 0.0, 0.0, 2233.555
4350.225860357285, 0.0, 0.0, 2234.987
4352.225962162018, 0.0, 0.0, 2236.428
4354.226057052612, 0.0, 0.0, 2237.24
4356.226161003113, 0.0, 0.0, 2238.085
4358.226253271103, 0.0, 0.0, 2238.869
4360.226346492767, 0.0, 0.0, 2239.817
4362.226440191269, 0.0, 0.0, 2240.983
4364.226518630981, 0.0, 0.0, 2242.212
4366.226612329483, 0.0, 0.0, 2242.983
4368.2267208099365, 0.0, 0.0, 2244.099
4370.2268216609955, 0.0, 0.0, 2245.33
4372.226917982101, 0.0, 0.0, 2246.835
4374.227032423019, 0.0, 0.0, 2248.09
4376.22713303566, 0.0, 0.0, 2249.225
4378.227233171463, 0.0, 0.0, 2250.386
4380.227329015732, 0.0, 0.0, 2251.442
4382.227420568466, 0.0, 0.0, 2252.23
4384.227524757385, 0.0, 0.0, 2252.943
4386.2276294231415, 0.0, 0.0, 2254.174
4388.227733612061, 0.0, 0.0, 2255.422
4390.227834701538, 0.0, 0.0, 2256.269
4392.227934122086, 0.0, 0.0, 2257.364
4394.228036880493, 0.0, 0.0, 2258.109
4396.228135585785, 0.0, 0.0, 2259.464
4398.228241205215, 0.0, 0.0, 2261.145
4400.228322505951, 0.0, 0.0, 2262.432
4402.228422641754, 0.0, 0.0, 2263.053
4404.228524208069, 0.0, 0.0, 2264.328
4406.228622436523, 0.0, 0.0, 2265.655
4408.228711366653, 0.0, 0.0, 2266.577
4410.2288155555725, 0.0, 0.0, 2267.12
4412.228957653046, 0.0, 0.0, 2268.037
4414.229061126709, 0.0, 0.0, 2269.005
4416.229194164276, 0.0, 0.0, 2270.308
4418.229272842407, 0.0, 0.0, 2271.214
4420.229362487793, 0.0, 0.0, 2272.14
4422.2294998168945, 0.0, 0.0, 2273.453
4424.2296352386475, 0.0, 0.0, 2274.502
4426.229772090912, 0.0, 0.0, 2275.533
4428.2298629283905, 0.0, 0.0, 2276.513
4430.229961633682, 0.0, 0.0, 2277.398
4432.230095863342, 0.0, 0.0, 2278.261
4434.230199575424, 0.0, 0.0, 2279.426
4436.230282783508, 0.0, 0.0, 2280.539
4438.230384588242, 0.0, 0.0, 2281.264
4440.23046875, 0.0, 0.0, 2281.944
4442.2306089401245, 0.0, 0.0, 2282.968
4444.2307143211365, 0.0, 0.0, 2283.984
4446.230814933777, 0.0, 0.0, 2285.056
4448.230917215347, 0.0, 0.0, 2286.179
4450.23100566864, 0.0, 0.0, 2287.121
4452.231100320816, 0.0, 0.0, 2287.775
4454.23118686676, 0.0, 0.0, 2288.707
4456.23127412796, 0.0, 0.0, 2289.841
4458.231374263763, 0.0, 0.0, 2290.689
4460.231458902359, 0.0, 0.0, 2291.406
4462.231558799744, 0.0, 0.0, 2292.338
4464.231645584106, 0.0, 0.0, 2293.162
4466.231749296188, 0.0, 0.0, 2294.057
4468.231869459152, 0.0, 0.0, 2295.005
4470.231985330582, 0.0, 0.0, 2295.961
4472.232065200806, 0.0, 0.0, 2297.252
4474.232164859772, 0.0, 0.0, 2297.966
4476.232266902924, 0.0, 0.0, 2298.874
4478.232409000397, 0.0, 0.0, 2299.788
4480.232499361038, 0.0, 0.0, 2300.619
4482.232601642609, 0.0, 0.0, 2301.237
4484.232702970505, 0.0, 0.0, 2301.77
4486.232791662216, 0.0, 0.0, 2302.438
4488.232892990112, 0.0, 0.0, 2303.05
4490.232982635498, 0.0, 0.0, 2304.026
4492.233079910278, 0.0, 0.0, 2305.395
4494.233215093613, 0.0, 0.0, 2306.67
4496.233304262161, 0.0, 0.0, 2307.102
4498.233410835266, 0.0, 0.0, 2307.717
4500.2335159778595, 0.0, 0.0, 2308.844
4502.233612060547, 0.0, 0.0, 2309.722
4504.233700037003, 0.0, 0.0, 2310.978
4506.2338054180145, 0.0, 0.0, 2312.099
4508.23388504982, 0.0, 0.0, 2313.014
4510.2339823246, 0.0, 0.0, 2313.821
4512.234086036682, 0.0, 0.0, 2314.652
4514.234188079834, 0.0, 0.0, 2315.163
4516.234328985214, 0.0, 0.0, 2315.947
4518.234439134598, 0.0, 0.0, 2316.56
4520.234540462494, 0.0, 0.0, 2317.502
4522.234643697739, 0.0, 0.0, 2318.578
4524.234730005264, 0.0, 0.0, 2319.775
4526.23481464386, 0.0, 0.0, 2320.719
4528.234915018082, 0.0, 0.0, 2321.329
4530.235017299652, 0.0, 0.0, 2321.955
4532.235118150711, 0.0, 0.0, 2322.758
4534.235219478607, 0.0, 0.0, 2323.573
4536.235365867615, 0.0, 0.0, 2324.658
4538.235509157181, 0.0, 0.0, 2325.683
4540.235646247864, 0.0, 0.0, 2326.498
4542.2357358932495, 0.0, 0.0, 2327.546
4544.235816478729, 0.0, 0.0, 2328.734
4546.235908269882, 0.0, 0.0, 2329.583
4548.236087560654, 0.0, 0.0, 2330.19
4550.236191987991, 0.0, 0.0, 2330.898
4552.236296415329, 0.0, 0.0, 2331.821
4554.236402750015, 0.0, 0.0, 2332.691
4556.236508131027, 0.0, 0.0, 2333.833
4558.236613988876, 0.0, 0.0, 2334.61
4560.236695289612, 0.0, 0.0, 2335.09
4562.236777544022, 0.0, 0.0, 2335.781
4564.236906051636, 0.0, 0.0, 2336.566
4566.237047195435, 0.0, 0.0, 2337.558
4568.237159013748, 0.0, 0.0, 2338.443
4570.237247467041, 0.0, 0.0, 2339.366
4572.2373559474945, 0.0, 0.0, 2339.954
4574.237462043762, 0.0, 0.0, 2340.613
4576.237555265427, 0.0, 0.0, 2341.402
4578.237659931183, 0.0, 0.0, 2342.218
4580.237740755081, 0.0, 0.0, 2342.982
4582.237834692001, 0.0, 0.0, 2343.856
4584.237924575806, 0.0, 0.0, 2344.433
4586.238049983978, 0.0, 0.0, 2344.921
4588.238147497177, 0.0, 0.0, 2345.896
4590.2382345199585, 0.0, 0.0, 2346.928
4592.2383248806, 0.0, 0.0, 2347.872
4594.238428115845, 0.0, 0.0, 2348.67
4596.238514661789, 0.0, 0.0, 2349.333
4598.238608598709, 0.0, 0.0, 2350.185
4600.238709688187, 0.0, 0.0, 2351.165
4602.2388463020325, 0.0, 0.0, 2352.165
4604.238934278488, 0.0, 0.0, 2352.655
4606.239035129547, 0.0, 0.0, 2353.312
4608.239129066467, 0.0, 0.0, 2354.163
4610.239216804504, 0.0, 0.0, 2355.002
4612.239321231842, 0.0, 0.0, 2355.545
4614.239408016205, 0.0, 0.0, 2356.114
4616.239491939545, 0.0, 0.0, 2356.716
4618.239578962326, 0.0, 0.0, 2357.396
4620.2396671772, 0.0, 0.0, 2358.345
4622.239767551422, 0.0, 0.0, 2359.273
4624.239853620529, 0.0, 0.0, 2360.143
4626.239997386932, 0.0, 0.0, 2360.595
4628.240135669708, 0.0, 0.0, 2361.108
4630.240245103836, 0.0, 0.0, 2361.884
4632.240349531174, 0.0, 0.0, 2362.385
4634.240446805954, 0.0, 0.0, 2363.087
4636.240548610687, 0.0, 0.0, 2364.016
4638.240642786026, 0.0, 0.0, 2364.746
4640.240733385086, 0.0, 0.0, 2365.761
4642.240866661072, 0.0, 0.0, 2366.601
4644.240952730179, 0.0, 0.0, 2367.515
4646.241041183472, 0.0, 0.0, 2368.108
4648.241180419922, 0.0, 0.0, 2368.761
4650.2412831783295, 0.0, 0.0, 2369.169
4652.241361618042, 0.0, 0.0, 2369.936
4654.2414610385895, 0.0, 0.0, 2370.454
4656.241541385651, 0.0, 0.0, 2371.307
4658.241626739502, 0.0, 0.0, 2372.076
4660.241726160049, 0.0, 0.0, 2372.885
4662.241824865341, 0.0, 0.0, 2373.395
4664.241915225983, 0.0, 0.0, 2374.159
4666.242005586624, 0.0, 0.0, 2374.644
4668.242088794708, 0.0, 0.0, 2375.233
4670.242176771164, 0.0, 0.0, 2375.716
4672.242265462875, 0.0, 0.0, 2376.559
4674.242365121841, 0.0, 0.0, 2377.406
4676.242449998856, 0.0, 0.0, 2378.276
4678.242550611496, 0.0, 0.0, 2379.145
4680.242631673813, 0.0, 0.0, 2379.727
4682.242712497711, 0.0, 0.0, 2380.316
4684.242800474167, 0.0, 0.0, 2381.021
4686.242881298065, 0.0, 0.0, 2381.418
4688.242988348007, 0.0, 0.0, 2381.832
4690.243089914322, 0.0, 0.0, 2382.494
4692.243180990219, 0.0, 0.0, 2382.974
4694.243282794952, 0.0, 0.0, 2383.242
4696.243375301361, 0.0, 0.0, 2383.625
4698.24346446991, 0.0, 0.0, 2383.907
4700.243568658829, 0.0, 0.0, 2384.269
4702.243657112122, 0.0, 0.0, 2384.684
4704.243745326996, 0.0, 0.0, 2385.042
4706.243826389313, 0.0, 0.0, 2385.606
4708.243928909302, 0.0, 0.0, 2386.0
4710.244033098221, 0.0, 0.0, 2386.703
4712.244118452072, 0.0, 0.0, 2387.583
4714.244220256805, 0.0, 0.0, 2388.537
4716.244307041168, 0.0, 0.0, 2389.578
4718.244387626648, 0.0, 0.0, 2390.326
4720.244488239288, 0.0, 0.0, 2390.919
4722.244569778442, 0.0, 0.0, 2391.172
4724.244652271271, 0.0, 0.0, 2391.449
4726.244754076004, 0.0, 0.0, 2391.936
4728.244859457016, 0.0, 0.0, 2392.619
4730.244962215424, 0.0, 0.0, 2393.257
4732.245065450668, 0.0, 0.0, 2393.885
4734.245158195496, 0.0, 0.0, 2394.497
4736.245248556137, 0.0, 0.0, 2394.933
4738.245335102081, 0.0, 0.0, 2395.646
4740.245420217514, 0.0, 0.0, 2396.352
4742.245500326157, 0.0, 0.0, 2397.064
4744.245583295822, 0.0, 0.0, 2397.843
4746.245687961578, 0.0, 0.0, 2398.533
4748.245823383331, 0.0, 0.0, 2398.833
4750.24592590332, 0.0, 0.0, 2399.093
4752.246029138565, 0.0, 0.0, 2399.497
4754.246131658554, 0.0, 0.0, 2399.971
4756.246234416962, 0.0, 0.0, 2400.573
4758.246329069138, 0.0, 0.0, 2401.321
4760.2464158535, 0.0, 0.0, 2401.991
4762.246496915817, 0.0, 0.0, 2402.608
4764.246597290039, 0.0, 0.0, 2403.08
4766.246700048447, 0.0, 0.0, 2403.514
4768.2468020915985, 0.0, 0.0, 2403.722
4770.24688744545, 0.0, 0.0, 2404.183
4772.246994972229, 0.0, 0.0, 2404.57
4774.247096776962, 0.0, 0.0, 2404.816
4776.247198581696, 0.0, 0.0, 2405.301
4778.2472813129425, 0.0, 0.0, 2405.794
4780.2473757267, 0.0, 0.0, 2406.651
4782.247475385666, 0.0, 0.0, 2407.403
4784.247563123703, 0.0, 0.0, 2408.174
4786.247650146484, 0.0, 0.0, 2408.621
4788.247755050659, 0.0, 0.0, 2408.905
4790.247838973999, 0.0, 0.0, 2409.106
4792.2479429244995, 0.0, 0.0, 2409.494
4794.248026132584, 0.0, 0.0, 2409.982
4796.248103380203, 0.0, 0.0, 2410.285
4798.248208761215, 0.0, 0.0, 2410.597
4800.248292207718, 0.0, 0.0, 2411.145
4802.2484266757965, 0.0, 0.0, 2411.506
4804.248528242111, 0.0, 0.0, 2411.832
4806.248629570007, 0.0, 0.0, 2412.189
4808.248732328415, 0.0, 0.0, 2412.829
4810.248824119568, 0.0, 0.0, 2413.588
4812.248915910721, 0.0, 0.0, 2413.982
4814.248999595642, 0.0, 0.0, 2414.182
4816.2490837574005, 0.0, 0.0, 2414.562
4818.249169111252, 0.0, 0.0, 2415.086
4820.249257326126, 0.0, 0.0, 2415.377
4822.249338626862, 0.0, 0.0, 2415.664
4824.24942445755, 0.0, 0.0, 2416.071
4826.249510765076, 0.0, 0.0, 2416.656
4828.249597072601, 0.0, 0.0, 2417.145
4830.2496790885925, 0.0, 0.0, 2417.513
4832.249758243561, 0.0, 0.0, 2417.866
4834.249858856201, 0.0, 0.0, 2418.521
4836.249959945679, 0.0, 0.0, 2419.206
4838.250094175339, 0.0, 0.0, 2419.755
4840.250199794769, 0.0, 0.0, 2420.315
4842.2503316402435, 0.0, 0.0, 2420.912
4844.250431060791, 0.0, 0.0, 2421.454
4846.250518083572, 0.0, 0.0, 2421.956
4848.250648498535, 0.0, 0.0, 2422.314
4850.250725984573, 0.0, 0.0, 2422.585
4852.250813007355, 0.0, 0.0, 2422.901
4854.250910997391, 0.0, 0.0, 2423.169
4856.251007080078, 0.0, 0.0, 2423.562
4858.251089096069, 0.0, 0.0, 2423.985
4860.2511785030365, 0.0, 0.0, 2424.359
4862.251260757446, 0.0, 0.0, 2424.704
4864.251348733902, 0.0, 0.0, 2425.356
4866.251481056213, 0.0, 0.0, 2426.068
4868.251561880112, 0.0, 0.0, 2426.249
4870.251657009125, 0.0, 0.0, 2426.657
4872.251759767532, 0.0, 0.0, 2426.934
4874.251849651337, 0.0, 0.0, 2426.962
4876.251949310303, 0.0, 0.0, 2427.125
4878.25203537941, 0.0, 0.0, 2427.286
4880.25213599205, 0.0, 0.0, 2427.447
4882.252224206924, 0.0, 0.0, 2427.724
4884.252359867096, 0.0, 0.0, 2428.203
4886.2524383068085, 0.0, 0.0, 2428.569
4888.252550125122, 0.0, 0.0, 2428.87
4890.252638101578, 0.0, 0.0, 2429.237
4892.2527368068695, 0.0, 0.0, 2429.374
4894.252837896347, 0.0, 0.0, 2429.735
4896.252920389175, 0.0, 0.0, 2429.99
4898.25301194191, 0.0, 0.0, 2430.259
4900.253101110458, 0.0, 0.0, 2430.533
4902.253202199936, 0.0, 0.0, 2431.013
4904.253290653229, 0.0, 0.0, 2431.233
4906.2533922195435, 0.0, 0.0, 2431.312
4908.253494501114, 0.0, 0.0, 2431.65
4910.253594875336, 0.0, 0.0, 2431.935
4912.253682374954, 0.0, 0.0, 2432.101
4914.253771781921, 0.0, 0.0, 2432.506
4916.253854513168, 0.0, 0.0, 2433.009
4918.253940343857, 0.0, 0.0, 2433.359
4920.2540447711945, 0.0, 0.0, 2433.525
4922.254145860672, 0.0, 0.0, 2433.71
4924.254230976105, 0.0, 0.0, 2434.393
4926.254332780838, 0.0, 0.0, 2434.969
4928.254435300827, 0.0, 0.0, 2435.523
4930.254521846771, 0.0, 0.0, 2436.139
4932.254623413086, 0.0, 0.0, 2436.548
4934.254708766937, 0.0, 0.0, 2436.917
4936.254810810089, 0.0, 0.0, 2437.306
4938.254922151566, 0.0, 0.0, 2437.535
4940.255015850067, 0.0, 0.0, 2438.022
4942.255119800568, 0.0, 0.0, 2438.372
4944.255206346512, 0.0, 0.0, 2438.362
4946.2552988529205, 0.0, 0.0, 2438.701
4948.255402565002, 0.0, 0.0, 2438.684
4950.255494832993, 0.0, 0.0, 2438.95
4952.255578517914, 0.0, 0.0, 2439.323
4954.255664348602, 0.0, 0.0, 2439.656
4956.255766868591, 0.0, 0.0, 2440.072
4958.255851507187, 0.0, 0.0, 2440.348
4960.255934000015, 0.0, 0.0, 2440.822
4962.25603723526, 0.0, 0.0, 2441.263
4964.256134986877, 0.0, 0.0, 2441.531
4966.256236314774, 0.0, 0.0, 2442.079
4968.256336450577, 0.0, 0.0, 2442.557
4970.256436824799, 0.0, 0.0, 2442.442
4972.256537914276, 0.0, 0.0, 2442.473
4974.256639719009, 0.0, 0.0, 2442.566
4976.256725072861, 0.0, 0.0, 2442.908
4978.2568254470825, 0.0, 0.0, 2443.254
4980.256924152374, 0.0, 0.0, 2443.684
4982.257009506226, 0.0, 0.0, 2444.174
4984.257109880447, 0.0, 0.0, 2444.806
4986.257209300995, 0.0, 0.0, 2445.217
4988.2573091983795, 0.0, 0.0, 2445.651
4990.257408857346, 0.0, 0.0, 2445.775
4992.257504701614, 0.0, 0.0, 2446.021
4994.257587432861, 0.0, 0.0, 2446.359
4996.257686138153, 0.0, 0.0, 2446.683
4998.257766485214, 0.0, 0.0, 2447.11
5000.257848501205, 0.0, 0.0, 2447.467
5002.257951974869, 0.0, 0.0, 2447.824
5004.258043050766, 0.0, 0.0, 2448.393
5006.258143663406, 0.0, 0.0, 2448.712
5008.258244037628, 0.0, 0.0, 2448.897
5010.258333683014, 0.0, 0.0, 2449.193
5012.258413314819, 0.0, 0.0, 2449.605
5014.258555650711, 0.0, 0.0, 2449.991
5016.258639097214, 0.0, 0.0, 2450.474
5018.258741617203, 0.0, 0.0, 2450.927
5020.2588267326355, 0.0, 0.0, 2451.325
5022.25897693634, 0.0, 0.0, 2451.449
5024.259081840515, 0.0, 0.0, 2451.568
5026.259215593338, 0.0, 0.0, 2451.733
5028.25931930542, 0.0, 0.0, 2451.962
5030.259423732758, 0.0, 0.0, 2452.33
5032.259523868561, 0.0, 0.0, 2452.62
5034.259628534317, 0.0, 0.0, 2453.322
5036.259733200073, 0.0, 0.0, 2453.609
5038.259839296341, 0.0, 0.0, 2453.774
5040.259930849075, 0.0, 0.0, 2454.064
5042.260012149811, 0.0, 0.0, 2454.36
5044.260099411011, 0.0, 0.0, 2454.576
5046.260187387466, 0.0, 0.0, 2454.948
5048.260275602341, 0.0, 0.0, 2455.05
5050.260379314423, 0.0, 0.0, 2455.161
5052.2604858875275, 0.0, 0.0, 2455.641
5054.26057600975, 0.0, 0.0, 2456.276
5056.260660648346, 0.0, 0.0, 2456.384
5058.260750293732, 0.0, 0.0, 2456.675
5060.260835886002, 0.0, 0.0, 2457.052
5062.260920763016, 0.0, 0.0, 2457.386
5064.261002779007, 0.0, 0.0, 2457.614
5066.261082410812, 0.0, 0.0, 2457.805
5068.261164665222, 0.0, 0.0, 2458.022
5070.261249542236, 0.0, 0.0, 2458.354
5072.261332273483, 0.0, 0.0, 2458.681
5074.26141500473, 0.0, 0.0, 2458.985
5076.261498212814, 0.0, 0.0, 2459.589
5078.2616419792175, 0.0, 0.0, 2460.04
5080.261741638184, 0.0, 0.0, 2460.461
5082.261878967285, 0.0, 0.0, 2460.814
5084.261963605881, 0.0, 0.0, 2461.421
5086.262071609497, 0.0, 0.0, 2461.796
5088.262216091156, 0.0, 0.0, 2462.35
5090.26233291626, 0.0, 0.0, 2462.959
5092.262432098389, 0.0, 0.0, 2463.644
5094.262534618378, 0.0, 0.0, 2464.087
5096.262640953064, 0.0, 0.0, 2464.538
5098.262744903564, 0.0, 0.0, 2464.946
5100.262839317322, 0.0, 0.0, 2465.342
5102.26292181015, 0.0, 0.0, 2465.587
5104.263061285019, 0.0, 0.0, 2465.61
5106.263166427612, 0.0, 0.0, 2465.489
5108.263264656067, 0.0, 0.0, 2465.349
5110.263349056244, 0.0, 0.0, 2465.422
5112.263451576233, 0.0, 0.0, 2465.548
5114.263538122177, 0.0, 0.0, 2465.841
5116.263633966446, 0.0, 0.0, 2466.093
5118.263751506805, 0.0, 0.0, 2466.371
5120.263831853867, 0.0, 0.0, 2466.722
5122.26394033432, 0.0, 0.0, 2467.254
5124.2640290260315, 0.0, 0.0, 2467.77
5126.26412820816, 0.0, 0.0, 2468.168
5128.2642323970795, 0.0, 0.0, 2468.512
5130.264344930649, 0.0, 0.0, 2468.802
5132.264445543289, 0.0, 0.0, 2469.168
5134.264549970627, 0.0, 0.0, 2469.418
5136.264652729034, 0.0, 0.0, 2469.521
5138.2647314071655, 0.0, 0.0, 2469.783
5140.264832019806, 0.0, 0.0, 2469.946
5142.264931678772, 0.0, 0.0, 2469.936
5144.265033960342, 0.0, 0.0, 2470.08
5146.265137910843, 0.0, 0.0, 2470.31
5148.26523900032, 0.0, 0.0, 2470.662
5150.265339136124, 0.0, 0.0, 2470.978
5152.265440702438, 0.0, 0.0, 2471.313
5154.265539646149, 0.0, 0.0, 2471.557
5156.265624046326, 0.0, 0.0, 2471.804
5158.265735387802, 0.0, 0.0, 2472.141
5160.265839338303, 0.0, 0.0, 2472.373
5162.265942335129, 0.0, 0.0, 2472.622
5164.266078233719, 0.0, 0.0, 2472.911
5166.266173362732, 0.0, 0.0, 2473.058
5168.266311883926, 0.0, 0.0, 2473.201
5170.266401767731, 0.0, 0.0, 2473.494
5172.266509771347, 0.0, 0.0, 2473.983
5174.266608953476, 0.0, 0.0, 2474.534
5176.266718864441, 0.0, 0.0, 2474.743
5178.2668199539185, 0.0, 0.0, 2475.117
5180.266963720322, 0.0, 0.0, 2475.307
5182.267064809799, 0.0, 0.0, 2475.702
5184.267182826996, 0.0, 0.0, 2476.15
5186.267294406891, 0.0, 0.0, 2476.308
5188.267404794693, 0.0, 0.0, 2476.335
5190.26749420166, 0.0, 0.0, 2476.428
5192.26757979393, 0.0, 0.0, 2476.562
5194.267683506012, 0.0, 0.0, 2476.866
5196.267788410187, 0.0, 0.0, 2477.393
5198.267884016037, 0.0, 0.0, 2477.595
5200.267986774445, 0.0, 0.0, 2477.637
5202.268069028854, 0.0, 0.0, 2477.756
5204.2681720256805, 0.0, 0.0, 2478.134
5206.268272399902, 0.0, 0.0, 2478.495
5208.268371343613, 0.0, 0.0, 2478.729
5210.268616199493, 0.0, 0.0, 2479.033
5212.268714904785, 0.0, 0.0, 2479.357
5214.268815040588, 0.0, 0.0, 2479.991
5216.2689204216, 0.0, 0.0, 2480.239
5218.269021034241, 0.0, 0.0, 2480.646
5220.269122838974, 0.0, 0.0, 2481.122
5222.269209861755, 0.0, 0.0, 2481.383
5224.2693037986755, 0.0, 0.0, 2481.595
5226.269407987595, 0.0, 0.0, 2482.021
5228.269486665726, 0.0, 0.0, 2482.406
5230.269570827484, 0.0, 0.0, 2482.609
5232.2696623802185, 0.0, 0.0, 2482.705
5234.269750118256, 0.0, 0.0, 2483.27
5236.269833803177, 0.0, 0.0, 2483.759
5238.2699773311615, 0.0, 0.0, 2484.139
5240.270063638687, 0.0, 0.0, 2484.371
5242.27015709877, 0.0, 0.0, 2484.725
5244.2702460289, 0.0, 0.0, 2485.024
5246.270327091217, 0.0, 0.0, 2485.045
5248.270428419113, 0.0, 0.0, 2485.309
5250.270528554916, 0.0, 0.0, 2485.638
5252.270629405975, 0.0, 0.0, 2485.731
5254.270731210709, 0.0, 0.0, 2485.859
5256.270816087723, 0.0, 0.0, 2485.985
5258.270904779434, 0.0, 0.0, 2486.083
5260.271006822586, 0.0, 0.0, 2486.204
5262.271091222763, 0.0, 0.0, 2486.402
5264.2711770534515, 0.0, 0.0, 2486.525
5266.271268129349, 0.0, 0.0, 2486.669
5268.2713971138, 0.0, 0.0, 2486.984
5270.2714858055115, 0.0, 0.0, 2487.108
5272.271587133408, 0.0, 0.0, 2487.473
5274.271689176559, 0.0, 0.0, 2487.73
5276.271792173386, 0.0, 0.0, 2487.972
5278.271876811981, 0.0, 0.0, 2488.213
5280.271961450577, 0.0, 0.0, 2488.431
5282.2720420360565, 0.0, 0.0, 2488.832
5284.272144317627, 0.0, 0.0, 2488.995
5286.272229909897, 0.0, 0.0, 2489.054
5288.272328138351, 0.0, 0.0, 2489.251
5290.27242898941, 0.0, 0.0, 2489.509
5292.272531747818, 0.0, 0.0, 2489.531
5294.272634267807, 0.0, 0.0, 2489.623
5296.272726535797, 0.0, 0.0, 2489.922
5298.272814273834, 0.0, 0.0, 2490.292
5300.272893667221, 0.0, 0.0, 2490.61
5302.272994995117, 0.0, 0.0, 2490.85
5304.273082017899, 0.0, 0.0, 2491.006
5306.273169994354, 0.0, 0.0, 2491.131
5308.2732717990875, 0.0, 0.0, 2491.648
5310.273363351822, 0.0, 0.0, 2492.171
5312.273445606232, 0.0, 0.0, 2492.331
5314.273535251617, 0.0, 0.0, 2492.461
5316.273639917374, 0.0, 0.0, 2492.461
5318.273716926575, 0.0, 0.0, 2492.435
5320.273798465729, 0.0, 0.0, 2492.497
5322.273892879486, 0.0, 0.0, 2492.901
5324.273996829987, 0.0, 0.0, 2493.135
5326.274099111557, 0.0, 0.0, 2493.347
5328.274202823639, 0.0, 0.0, 2493.59
5330.274302244186, 0.0, 0.0, 2493.695
5332.2744140625, 0.0, 0.0, 2494.049
5334.274521589279, 0.0, 0.0, 2494.431
5336.274668455124, 0.0, 0.0, 2494.878
5338.274758338928, 0.0, 0.0, 2495.135
5340.274850130081, 0.0, 0.0, 2495.272
5342.2749564647675, 0.0, 0.0, 2495.406
5344.275051355362, 0.0, 0.0, 2495.516
5346.275152921677, 0.0, 0.0, 2495.599
5348.2752549648285, 0.0, 0.0, 2495.713
5350.27536034584, 0.0, 0.0, 2495.881
5352.275447368622, 0.0, 0.0, 2496.201
5354.27556014061, 0.0, 0.0, 2496.613
5356.2756469249725, 0.0, 0.0, 2497.037
5358.2757523059845, 0.0, 0.0, 2497.446
5360.275884151459, 0.0, 0.0, 2497.791
5362.275992155075, 0.0, 0.0, 2498.028
5364.276093006134, 0.0, 0.0, 2498.34
5366.276191711426, 0.0, 0.0, 2498.553
5368.276291847229, 0.0, 0.0, 2498.855
5370.276391506195, 0.0, 0.0, 2499.236
5372.276469230652, 0.0, 0.0, 2499.448
5374.276570558548, 0.0, 0.0, 2499.627
5376.2766716480255, 0.0, 0.0, 2499.814
5378.27676987648, 0.0, 0.0, 2499.895
5380.276878595352, 0.0, 0.0, 2500.197
5382.27698135376, 0.0, 0.0, 2500.646
5384.277086257935, 0.0, 0.0, 2500.836
5386.277228116989, 0.0, 0.0, 2500.953
5388.277361631393, 0.0, 0.0, 2501.173
5390.277439832687, 0.0, 0.0, 2501.4
5392.277543783188, 0.0, 0.0, 2501.698
5394.277647256851, 0.0, 0.0, 2502.367
5396.277781963348, 0.0, 0.0, 2502.844
5398.277866601944, 0.0, 0.0, 2502.924
5400.27795791626, 0.0, 0.0, 2503.004
5402.278039216995, 0.0, 0.0, 2503.235
5404.278120517731, 0.0, 0.0, 2503.421
5406.278222084045, 0.0, 0.0, 2503.588
5408.278301715851, 0.0, 0.0, 2503.759
5410.278393745422, 0.0, 0.0, 2503.974
5412.2785267829895, 0.0, 0.0, 2504.244
5414.278660535812, 0.0, 0.0, 2504.522
5416.27876162529, 0.0, 0.0, 2504.698
5418.2788462638855, 0.0, 0.0, 2504.625
5420.278934955597, 0.0, 0.0, 2504.917
5422.279040336609, 0.0, 0.0, 2505.169
5424.279142141342, 0.0, 0.0, 2505.562
5426.279229879379, 0.0, 0.0, 2505.81
5428.279360771179, 0.0, 0.0, 2506.047
5430.279500246048, 0.0, 0.0, 2506.285
5432.279594421387, 0.0, 0.0, 2506.747
5434.279728889465, 0.0, 0.0, 2507.045
5436.279831647873, 0.0, 0.0, 2507.288
5438.279915332794, 0.0, 0.0, 2507.436
5440.280010223389, 0.0, 0.0, 2507.607
5442.280136108398, 0.0, 0.0, 2508.073
5444.280214309692, 0.0, 0.0, 2508.304
5446.2803156375885, 0.0, 0.0, 2508.405
5448.28040099144, 0.0, 0.0, 2508.488
5450.280537605286, 0.0, 0.0, 2508.573
5452.280639886856, 0.0, 0.0, 2509.009
5454.2807376384735, 0.0, 0.0, 2509.216
5456.2808384895325, 0.0, 0.0, 2509.247
5458.280943155289, 0.0, 0.0, 2509.524
5460.2810435295105, 0.0, 0.0, 2509.814
5462.281122207642, 0.0, 0.0, 2510.013
5464.281201839447, 0.0, 0.0, 2510.109
5466.28130197525, 0.0, 0.0, 2510.412
5468.281385183334, 0.0, 0.0, 2510.811
5470.281493186951, 0.0, 0.0, 2511.023
5472.281578540802, 0.0, 0.0, 2511.136
5474.281662940979, 0.0, 0.0, 2511.134
5476.281753063202, 0.0, 0.0, 2511.313
5478.281855344772, 0.0, 0.0, 2511.464
5480.281942129135, 0.0, 0.0, 2511.616
5482.282041788101, 0.0, 0.0, 2511.87
5484.282141923904, 0.0, 0.0, 2512.12
5486.282278299332, 0.0, 0.0, 2512.475
5488.282377243042, 0.0, 0.0, 2512.858
5490.282478570938, 0.0, 0.0, 2513.02
5492.2826137542725, 0.0, 0.0, 2513.342
5494.2827570438385, 0.0, 0.0, 2513.49
5496.282861709595, 0.0, 0.0, 2513.78
5498.282954216003, 0.0, 0.0, 2514.105
5500.283056735992, 0.0, 0.0, 2514.167
5502.283146858215, 0.0, 0.0, 2514.324
5504.28323841095, 0.0, 0.0, 2514.307
5506.283379793167, 0.0, 0.0, 2514.437
5508.283464193344, 0.0, 0.0, 2514.462
5510.283601522446, 0.0, 0.0, 2514.805
5512.283706903458, 0.0, 0.0, 2515.168
5514.2838089466095, 0.0, 0.0, 2515.48
5516.283895969391, 0.0, 0.0, 2515.851
5518.283995628357, 0.0, 0.0, 2516.051
5520.284096479416, 0.0, 0.0, 2516.243
5522.284197092056, 0.0, 0.0, 2516.488
5524.284297466278, 0.0, 0.0, 2516.475
5526.284387111664, 0.0, 0.0, 2516.702
5528.284472227097, 0.0, 0.0, 2516.791
5530.284572839737, 0.0, 0.0, 2517.005
5532.284672737122, 0.0, 0.0, 2517.319
5534.28475356102, 0.0, 0.0, 2517.728
5536.284839391708, 0.0, 0.0, 2517.934
5538.284944057465, 0.0, 0.0, 2518.166
5540.28502368927, 0.0, 0.0, 2518.272
5542.285128355026, 0.0, 0.0, 2518.365
5544.285211801529, 0.0, 0.0, 2518.398
5546.285320281982, 0.0, 0.0, 2518.599
5548.285404205322, 0.0, 0.0, 2518.827
5550.285486936569, 0.0, 0.0, 2519.033
5552.285571098328, 0.0, 0.0, 2519.185
5554.285671472549, 0.0, 0.0, 2519.41
5556.285763263702, 0.0, 0.0, 2519.737
5558.285846710205, 0.0, 0.0, 2519.924
5560.285933971405, 0.0, 0.0, 2520.04
5562.286017179489, 0.0, 0.0, 2520.092
5564.286115407944, 0.0, 0.0, 2520.302
5566.286218166351, 0.0, 0.0, 2520.48
5568.286308288574, 0.0, 0.0, 2520.772
5570.286399841309, 0.0, 0.0, 2521.041
5572.286496400833, 0.0, 0.0, 2521.147
5574.286608695984, 0.0, 0.0, 2521.187
5576.286715745926, 0.0, 0.0, 2521.402
5578.286817789078, 0.0, 0.0, 2521.576
5580.286905050278, 0.0, 0.0, 2521.555
5582.287034034729, 0.0, 0.0, 2521.734
5584.287169456482, 0.0, 0.0, 2521.885
5586.2872586250305, 0.0, 0.0, 2522.138
5588.287347793579, 0.0, 0.0, 2522.409
5590.287428617477, 0.0, 0.0, 2522.761
5592.287533283234, 0.0, 0.0, 2523.055
5594.287634372711, 0.0, 0.0, 2523.17
5596.287734746933, 0.0, 0.0, 2523.267
5598.287883281708, 0.0, 0.0, 2523.615
5600.287970304489, 0.0, 0.0, 2523.745
5602.288056850433, 0.0, 0.0, 2523.862
5604.288145780563, 0.0, 0.0, 2524.007
5606.288229465485, 0.0, 0.0, 2524.312
5608.288364648819, 0.0, 0.0, 2524.447
5610.288469552994, 0.0, 0.0, 2524.452
5612.2885546684265, 0.0, 0.0, 2524.278
5614.288654088974, 0.0, 0.0, 2524.228
5616.288745164871, 0.0, 0.0, 2524.438
5618.288843870163, 0.0, 0.0, 2524.713
5620.288934707642, 0.0, 0.0, 2524.947
5622.28902220726, 0.0, 0.0, 2525.081
5624.289117336273, 0.0, 0.0, 2525.263
5626.2892026901245, 0.0, 0.0, 2525.322
5628.2892854213715, 0.0, 0.0, 2525.315
5630.289364337921, 0.0, 0.0, 2525.485
5632.289445638657, 0.0, 0.0, 2525.672
5634.2895295619965, 0.0, 0.0, 2525.737
5636.289628505707, 0.0, 0.0, 2526.049
5638.2897136211395, 0.0, 0.0, 2526.396
5640.2898025512695, 0.0, 0.0, 2526.598
5642.289949655533, 0.0, 0.0, 2526.768
5644.290085554123, 0.0, 0.0, 2526.787
5646.290168523788, 0.0, 0.0, 2526.808
5648.290267944336, 0.0, 0.0, 2527.149
5650.290358543396, 0.0, 0.0, 2527.484
5652.2904596328735, 0.0, 0.0, 2527.673
5654.290555238724, 0.0, 0.0, 2528.014
5656.290635347366, 0.0, 0.0, 2528.123
5658.290734767914, 0.0, 0.0, 2528.276
5660.290813922882, 0.0, 0.0, 2528.536
5662.290910720825, 0.0, 0.0, 2528.768
5664.290999412537, 0.0, 0.0, 2528.937
5666.2911031246185, 0.0, 0.0, 2529.002
5668.291202306747, 0.0, 0.0, 2529.131
5670.291295528412, 0.0, 0.0, 2529.548
5672.291435003281, 0.0, 0.0, 2529.75
5674.291539907455, 0.0, 0.0, 2529.754
5676.291628837585, 0.0, 0.0, 2529.762
5678.291721105576, 0.0, 0.0, 2529.912
5680.291883945465, 0.0, 0.0, 2530.292
5682.291997432709, 0.0, 0.0, 2530.54
5684.292124509811, 0.0, 0.0, 2530.907
5686.292234659195, 0.0, 0.0, 2531.026
5688.292331457138, 0.0, 0.0, 2531.069
5690.292420625687, 0.0, 0.0, 2531.049
5692.292531490326, 0.0, 0.0, 2531.116
5694.292642593384, 0.0, 0.0, 2531.298
5696.292720079422, 0.0, 0.0, 2531.659
5698.292813777924, 0.0, 0.0, 2532.0
5700.29292345047, 0.0, 0.0, 2532.116
5702.293024778366, 0.0, 0.0, 2532.448
5704.293119192123, 0.0, 0.0, 2532.862
5706.293217420578, 0.0, 0.0, 2533.064
5708.293310403824, 0.0, 0.0, 2533.017
5710.293395996094, 0.0, 0.0, 2533.033
5712.2935338020325, 0.0, 0.0, 2533.302
5714.293645858765, 0.0, 0.0, 2533.776
5716.293730974197, 0.0, 0.0, 2534.218
5718.2938187122345, 0.0, 0.0, 2534.466
5720.29390335083, 0.0, 0.0, 2534.67
5722.293989181519, 0.0, 0.0, 2534.803
5724.294075965881, 0.0, 0.0, 2534.869
5726.294162988663, 0.0, 0.0, 2535.058
5728.2942662239075, 0.0, 0.0, 2535.288
5730.2943546772, 0.0, 0.0, 2535.417
5732.294441461563, 0.0, 0.0, 2535.706
5734.294532299042, 0.0, 0.0, 2535.854
5736.294622182846, 0.0, 0.0, 2535.936
5738.294712543488, 0.0, 0.0, 2536.001
5740.294809103012, 0.0, 0.0, 2536.231
5742.294896841049, 0.0, 0.0, 2536.432
5744.294995307922, 0.0, 0.0, 2536.668
5746.295095443726, 0.0, 0.0, 2536.941
5748.295189142227, 0.0, 0.0, 2537.12
5750.29528260231, 0.0, 0.0, 2537.163
5752.2953679561615, 0.0, 0.0, 2537.365
5754.295470952988, 0.0, 0.0, 2537.495
5756.2955729961395, 0.0, 0.0, 2537.632
5758.295677185059, 0.0, 0.0, 2537.838
5760.295778036118, 0.0, 0.0, 2537.783
5762.295884132385, 0.0, 0.0, 2538.091
5764.295969486237, 0.0, 0.0, 2538.2
5766.296058654785, 0.0, 0.0, 2538.461
5768.296146392822, 0.0, 0.0, 2538.741
5770.296244621277, 0.0, 0.0, 2538.927
5772.296345233917, 0.0, 0.0, 2539.198
5774.29648065567, 0.0, 0.0, 2539.326
5776.296626806259, 0.0, 0.0, 2539.553
5778.29674077034, 0.0, 0.0, 2539.611
5780.296840906143, 0.0, 0.0, 2539.652
5782.296937227249, 0.0, 0.0, 2539.598
5784.297023773193, 0.0, 0.0, 2539.661
5786.2971131801605, 0.0, 0.0, 2539.845
5788.297214508057, 0.0, 0.0, 2540.017
5790.297319412231, 0.0, 0.0, 2540.095
5792.297419786453, 0.0, 0.0, 2540.072
5794.297521829605, 0.0, 0.0, 2540.268
5796.2976224422455, 0.0, 0.0, 2540.42
5798.297724723816, 0.0, 0.0, 2540.565
5800.297828197479, 0.0, 0.0, 2540.703
5802.297941207886, 0.0, 0.0, 2540.786
5804.298019647598, 0.0, 0.0, 2540.945
5806.2981197834015, 0.0, 0.0, 2541.39
5808.298219680786, 0.0, 0.0, 2541.65
5810.298307418823, 0.0, 0.0, 2541.838
5812.298410415649, 0.0, 0.0, 2542.074
5814.298509836197, 0.0, 0.0, 2542.497
5816.29860830307, 0.0, 0.0, 2542.838
5818.298706769943, 0.0, 0.0, 2543.276
5820.298813343048, 0.0, 0.0, 2543.56
5822.298894882202, 0.0, 0.0, 2543.857
5824.299012422562, 0.0, 0.0, 2544.232
5826.299104452133, 0.0, 0.0, 2544.286
5828.2992107868195, 0.0, 0.0, 2544.588
5830.2993087768555, 0.0, 0.0, 2545.015
5832.299413204193, 0.0, 0.0, 2545.244
5834.299506187439, 0.0, 0.0, 2545.314
5836.299600839615, 0.0, 0.0, 2545.708
5838.299685716629, 0.0, 0.0, 2546.207
5840.299769878387, 0.0, 0.0, 2546.547
5842.299907684326, 0.0, 0.0, 2546.918
5844.299998760223, 0.0, 0.0, 2547.195
5846.300098419189, 0.0, 0.0, 2547.348
5848.300203561783, 0.0, 0.0, 2547.389
5850.3003051280975, 0.0, 0.0, 2547.521
5852.300402879715, 0.0, 0.0, 2547.79
5854.300505161285, 0.0, 0.0, 2548.07
5856.300590991974, 0.0, 0.0, 2548.454
5858.30067896843, 0.0, 0.0, 2549.068
5860.300767660141, 0.0, 0.0, 2549.45
5862.3008534908295, 0.0, 0.0, 2549.875
5864.300954580307, 0.0, 0.0, 2550.321
5866.301056623459, 0.0, 0.0, 2550.57
5868.301157474518, 0.0, 0.0, 2550.793
5870.3012409210205, 0.0, 0.0, 2551.291
5872.301374197006, 0.0, 0.0, 2551.772
5874.301464796066, 0.0, 0.0, 2552.137
5876.301603794098, 0.0, 0.0, 2552.387
5878.301706314087, 0.0, 0.0, 2552.643
5880.301792860031, 0.0, 0.0, 2552.907
5882.3018918037415, 0.0, 0.0, 2553.167
5884.302027225494, 0.0, 0.0, 2553.422
5886.302131175995, 0.0, 0.0, 2553.875
5888.3022203445435, 0.0, 0.0, 2554.435
5890.302305936813, 0.0, 0.0, 2554.919
5892.302407503128, 0.0, 0.0, 2555.252
5894.302488088608, 0.0, 0.0, 2555.286
5896.30258846283, 0.0, 0.0, 2555.36
5898.302676439285, 0.0, 0.0, 2555.662
5900.302774190903, 0.0, 0.0, 2555.877
5902.302906513214, 0.0, 0.0, 2556.28
5904.3030433654785, 0.0, 0.0, 2556.583
5906.303125143051, 0.0, 0.0, 2556.751
5908.303212881088, 0.0, 0.0, 2557.125
5910.303303480148, 0.0, 0.0, 2557.482
5912.303390741348, 0.0, 0.0, 2557.893
5914.303475379944, 0.0, 0.0, 2558.126
5916.303560256958, 0.0, 0.0, 2558.296
5918.303694963455, 0.0, 0.0, 2558.532
5920.303830623627, 0.0, 0.0, 2558.953
5922.303887844086, 0.0, 0.0, 2559.362
5924.303989171982, 0.0, 0.0, 2559.683
5926.304095983505, 0.0, 0.0, 2559.903
5928.30419588089, 0.0, 0.0, 2560.194
5930.304281234741, 0.0, 0.0, 2560.544
5932.304381608963, 0.0, 0.0, 2560.882
5934.3044855594635, 0.0, 0.0, 2561.155
5936.304620265961, 0.0, 0.0, 2561.57
5938.304733037949, 0.0, 0.0, 2561.994
5940.304836034775, 0.0, 0.0, 2562.316
5942.304933786392, 0.0, 0.0, 2562.592
5944.305073261261, 0.0, 0.0, 2562.978
5946.305162191391, 0.0, 0.0, 2563.224
5948.305242300034, 0.0, 0.0, 2563.444
5950.305325269699, 0.0, 0.0, 2563.722
5952.305424928665, 0.0, 0.0, 2563.977
5954.305526971817, 0.0, 0.0, 2564.271
5956.305628538132, 0.0, 0.0, 2564.677
5958.30574131012, 0.0, 0.0, 2564.841
5960.305843830109, 0.0, 0.0, 2565.042
5962.305949926376, 0.0, 0.0, 2565.263
5964.306051492691, 0.0, 0.0, 2565.571
5966.306129693985, 0.0, 0.0, 2565.793
5968.306218385696, 0.0, 0.0, 2566.053
5970.306320667267, 0.0, 0.0, 2566.328
5972.30641245842, 0.0, 0.0, 2566.583
5974.306499004364, 0.0, 0.0, 2566.81
5976.30658531189, 0.0, 0.0, 2567.169
5978.306670188904, 0.0, 0.0, 2567.504
5980.306771278381, 0.0, 0.0, 2567.819
5982.306855678558, 0.0, 0.0, 2568.039
5984.306940793991, 0.0, 0.0, 2568.242
5986.3070323467255, 0.0, 0.0, 2568.605
5988.307115793228, 0.0, 0.0, 2568.905
5990.307201385498, 0.0, 0.0, 2569.189
5992.307286262512, 0.0, 0.0, 2569.573
5994.307424068451, 0.0, 0.0, 2569.886
5996.3075115680695, 0.0, 0.0, 2570.234
5998.3075976371765, 0.0, 0.0, 2570.664
6000.307701826096, 0.0, 0.0, 2571.128
6002.307790279388, 0.0, 0.0, 2571.454
6004.307933092117, 0.0, 0.0, 2571.782
6006.308027505875, 0.0, 0.0, 2572.011
6008.3081114292145, 0.0, 0.0, 2572.227
6010.308195114136, 0.0, 0.0, 2572.667
6012.308279752731, 0.0, 0.0, 2573.004
6014.30838227272, 0.0, 0.0, 2573.279
6016.30846452713, 0.0, 0.0, 2573.308
6018.308564662933, 0.0, 0.0, 2573.353
6020.308696985245, 0.0, 0.0, 2573.724
6022.308797359467, 0.0, 0.0, 2573.977
6024.308882951736, 0.0, 0.0, 2574.267
6026.308975219727, 0.0, 0.0, 2574.532
6028.30907034874, 0.0, 0.0, 2574.761
6030.309108972549, 0.0, 0.0, 2575.005
6032.309207201004, 0.0, 0.0, 2575.322
6034.3093049526215, 0.0, 0.0, 2575.767
6036.309411287308, 0.0, 0.0, 2576.15
6038.309499740601, 0.0, 0.0, 2576.398
6040.309632778168, 0.0, 0.0, 2576.69
6042.309768199921, 0.0, 0.0, 2577.066
6044.309853792191, 0.0, 0.0, 2577.417
6046.309987068176, 0.0, 0.0, 2577.634
6048.310083866119, 0.0, 0.0, 2577.759
6050.310187101364, 0.0, 0.0, 2578.147
6052.310278177261, 0.0, 0.0, 2578.333
6054.310362815857, 0.0, 0.0, 2578.604
6056.310440778732, 0.0, 0.0, 2578.857
6058.31054186821, 0.0, 0.0, 2579.14
6060.31067276001, 0.0, 0.0, 2579.314
6062.31077504158, 0.0, 0.0, 2579.571
6064.310876369476, 0.0, 0.0, 2579.863
6066.310968875885, 0.0, 0.0, 2580.187
6068.311057329178, 0.0, 0.0, 2580.469
6070.311159610748, 0.0, 0.0, 2580.759
6072.311264753342, 0.0, 0.0, 2580.965
6074.311367511749, 0.0, 0.0, 2581.196
6076.31146979332, 0.0, 0.0, 2581.358
6078.311580181122, 0.0, 0.0, 2581.617
6080.311683177948, 0.0, 0.0, 2581.704
6082.311783313751, 0.0, 0.0, 2581.747
6084.31188750267, 0.0, 0.0, 2582.167
6086.311988830566, 0.0, 0.0, 2582.374
6088.312084913254, 0.0, 0.0, 2582.598
6090.312175035477, 0.0, 0.0, 2582.887
6092.312280416489, 0.0, 0.0, 2583.348
6094.312380075455, 0.0, 0.0, 2583.808
6096.312483549118, 0.0, 0.0, 2584.198
6098.312586784363, 0.0, 0.0, 2584.432
6100.312722682953, 0.0, 0.0, 2584.731
6102.3128271102905, 0.0, 0.0, 2585.015
6104.312936306, 0.0, 0.0, 2585.343
6106.313069820404, 0.0, 0.0, 2585.526
6108.313200235367, 0.0, 0.0, 2585.848
6110.31330704689, 0.0, 0.0, 2586.019
6112.31341958046, 0.0, 0.0, 2586.309
6114.313524007797, 0.0, 0.0, 2586.585
6116.313618659973, 0.0, 0.0, 2586.688
6118.313719987869, 0.0, 0.0, 2587.023
6120.313823699951, 0.0, 0.0, 2587.316
6122.313964366913, 0.0, 0.0, 2587.664
6124.314099311829, 0.0, 0.0, 2587.809
6126.3141803741455, 0.0, 0.0, 2588.068
6128.314260959625, 0.0, 0.0, 2588.458
6130.314393758774, 0.0, 0.0, 2588.58
6132.314480066299, 0.0, 0.0, 2588.733
6134.314581871033, 0.0, 0.0, 2588.814
6136.31468296051, 0.0, 0.0, 2589.051
6138.314765930176, 0.0, 0.0, 2589.424
6140.314867258072, 0.0, 0.0, 2589.89
6142.314968109131, 0.0, 0.0, 2590.163
6144.315062046051, 0.0, 0.0, 2590.539
6146.315147161484, 0.0, 0.0, 2590.92
6148.315246582031, 0.0, 0.0, 2591.234
6150.31533575058, 0.0, 0.0, 2591.532
6152.315428972244, 0.0, 0.0, 2591.725
6154.315564632416, 0.0, 0.0, 2591.98
6156.3156707286835, 0.0, 0.0, 2591.985
6158.3157732486725, 0.0, 0.0, 2592.239
6160.315878152847, 0.0, 0.0, 2592.582
6162.315980911255, 0.0, 0.0, 2592.885
6164.316059827805, 0.0, 0.0, 2593.373
6166.316159248352, 0.0, 0.0, 2593.427
6168.316258192062, 0.0, 0.0, 2593.478
6170.316343784332, 0.0, 0.0, 2593.565
6172.316444635391, 0.0, 0.0, 2593.613
6174.316572904587, 0.0, 0.0, 2593.876
6176.316707372665, 0.0, 0.0, 2594.032
6178.316811323166, 0.0, 0.0, 2594.062
6180.316895008087, 0.0, 0.0, 2594.255
6182.316980600357, 0.0, 0.0, 2594.596
6184.317069530487, 0.0, 0.0, 2595.005
6186.317175626755, 0.0, 0.0, 2595.253
6188.3172771930695, 0.0, 0.0, 2595.462
6190.317363739014, 0.0, 0.0, 2595.603
6192.317448854446, 0.0, 0.0, 2595.832
6194.3175501823425, 0.0, 0.0, 2596.135
6196.317631483078, 0.0, 0.0, 2596.567
6198.317714214325, 0.0, 0.0, 2596.859
6200.317798614502, 0.0, 0.0, 2596.972
6202.317894935608, 0.0, 0.0, 2597.241
6204.31797170639, 0.0, 0.0, 2597.397
6206.31805062294, 0.0, 0.0, 2597.392
6208.318152189255, 0.0, 0.0, 2597.477
6210.318257570267, 0.0, 0.0, 2597.683
6212.318394422531, 0.0, 0.0, 2597.996
6214.318492650986, 0.0, 0.0, 2598.295
6216.3185794353485, 0.0, 0.0, 2598.585
6218.318670988083, 0.0, 0.0, 2598.85
6220.318756818771, 0.0, 0.0, 2599.264
6222.318865060806, 0.0, 0.0, 2599.692
6224.318951368332, 0.0, 0.0, 2599.946
6226.319049358368, 0.0, 0.0, 2600.022
6228.319183349609, 0.0, 0.0, 2600.138
6230.319613456726, 0.0, 0.0, 2600.354
6232.319712877274, 0.0, 0.0, 2600.612
6234.31981754303, 0.0, 0.0, 2600.814
6236.319905757904, 0.0, 0.0, 2600.944
6238.320008993149, 0.0, 0.0, 2601.082
6240.320103883743, 0.0, 0.0, 2601.071
6242.320195913315, 0.0, 0.0, 2601.297
6244.320295572281, 0.0, 0.0, 2601.391
6246.320393562317, 0.0, 0.0, 2601.538
6248.320478439331, 0.0, 0.0, 2601.68
6250.320610523224, 0.0, 0.0, 2601.965
6252.32071185112, 0.0, 0.0, 2602.184
6254.320812225342, 0.0, 0.0, 2602.319
6256.320917844772, 0.0, 0.0, 2602.551
6258.321019887924, 0.0, 0.0, 2602.858
6260.321154117584, 0.0, 0.0, 2603.187
6262.32123708725, 0.0, 0.0, 2603.528
6264.321337461472, 0.0, 0.0, 2603.584
6266.321438789368, 0.0, 0.0, 2603.639
6268.321540117264, 0.0, 0.0, 2603.763
6270.32164311409, 0.0, 0.0, 2603.721
6272.321729183197, 0.0, 0.0, 2603.896
6274.321831226349, 0.0, 0.0, 2604.286
6276.321941614151, 0.0, 0.0, 2604.583
6278.322041749954, 0.0, 0.0, 2604.78
6280.322132110596, 0.0, 0.0, 2604.975
6282.322217941284, 0.0, 0.0, 2605.259
6284.322323322296, 0.0, 0.0, 2605.402
6286.3224675655365, 0.0, 0.0, 2605.574
6288.322600364685, 0.0, 0.0, 2605.77
6290.3226890563965, 0.0, 0.0, 2605.951
6292.322800159454, 0.0, 0.0, 2606.071
6294.322903633118, 0.0, 0.0, 2606.048
6296.322990179062, 0.0, 0.0, 2606.096
6298.323082208633, 0.0, 0.0, 2606.283
6300.32318520546, 0.0, 0.0, 2606.464
6302.323289632797, 0.0, 0.0, 2606.653
6304.323381900787, 0.0, 0.0, 2606.614
6306.323502540588, 0.0, 0.0, 2606.627
6308.323605060577, 0.0, 0.0, 2606.862
6310.323707342148, 0.0, 0.0, 2606.971
6312.323812007904, 0.0, 0.0, 2607.101
6314.323917388916, 0.0, 0.0, 2607.295
6316.324001789093, 0.0, 0.0, 2607.53
6318.324085474014, 0.0, 0.0, 2607.812
6320.324189662933, 0.0, 0.0, 2607.9
6322.324289083481, 0.0, 0.0, 2607.843
6324.324402332306, 0.0, 0.0, 2607.979
6326.324482679367, 0.0, 0.0, 2608.215
6328.324614286423, 0.0, 0.0, 2608.31
6330.3246994018555, 0.0, 0.0, 2608.4
6332.3247859478, 0.0, 0.0, 2608.673
6334.324887752533, 0.0, 0.0, 2608.825
6336.324989557266, 0.0, 0.0, 2609.013
6338.325073003769, 0.0, 0.0, 2609.281
6340.32520699501, 0.0, 0.0, 2609.552
6342.325311183929, 0.0, 0.0, 2609.95
6344.325401544571, 0.0, 0.0, 2610.159
6346.325489521027, 0.0, 0.0, 2610.26
6348.32562661171, 0.0, 0.0, 2610.441
6350.325762271881, 0.0, 0.0, 2610.577
6352.32587146759, 0.0, 0.0, 2610.793
6354.325975418091, 0.0, 0.0, 2610.921
6356.326077222824, 0.0, 0.0, 2611.047
6358.326178073883, 0.0, 0.0, 2611.203
6360.326311826706, 0.0, 0.0, 2611.331
6362.326390504837, 0.0, 0.0, 2611.476
6364.3265216350555, 0.0, 0.0, 2611.601
6366.32665681839, 0.0, 0.0, 2611.559
6368.326748609543, 0.0, 0.0, 2611.492
6370.3268394470215, 0.0, 0.0, 2611.584
6372.326946735382, 0.0, 0.0, 2611.579
6374.327043771744, 0.0, 0.0, 2611.757
6376.327136516571, 0.0, 0.0, 2612.048
6378.327252626419, 0.0, 0.0, 2612.099
6380.327344417572, 0.0, 0.0, 2612.273
6382.327448606491, 0.0, 0.0, 2612.44
6384.327593564987, 0.0, 0.0, 2612.417
6386.327678203583, 0.0, 0.0, 2612.544
6388.327783823013, 0.0, 0.0, 2612.592
6390.327885866165, 0.0, 0.0, 2612.661
6392.327972173691, 0.0, 0.0, 2612.784
6394.328075408936, 0.0, 0.0, 2612.755
6396.32817029953, 0.0, 0.0, 2612.779
6398.328251361847, 0.0, 0.0, 2612.742
6400.32833647728, 0.0, 0.0, 2612.613
6402.328449964523, 0.0, 0.0, 2612.498
6404.3285319805145, 0.0, 0.0, 2612.488
6406.328615427017, 0.0, 0.0, 2612.463
6408.328715801239, 0.0, 0.0, 2612.611
6410.3288197517395, 0.0, 0.0, 2612.685
6412.3289268016815, 0.0, 0.0, 2612.556
6414.329027414322, 0.0, 0.0, 2612.656
6416.329122066498, 0.0, 0.0, 2612.719
6418.329208850861, 0.0, 0.0, 2612.668
6420.329301834106, 0.0, 0.0, 2612.696
6422.32939863205, 0.0, 0.0, 2612.715
6424.32949090004, 0.0, 0.0, 2612.727
6426.329576969147, 0.0, 0.0, 2612.636
6428.3296666145325, 0.0, 0.0, 2612.584
6430.329798221588, 0.0, 0.0, 2612.532
6432.329883337021, 0.0, 0.0, 2612.543
6434.330014467239, 0.0, 0.0, 2612.477
6436.33011507988, 0.0, 0.0, 2612.34
6438.330214500427, 0.0, 0.0, 2612.338
6440.330313444138, 0.0, 0.0, 2612.161
6442.330409049988, 0.0, 0.0, 2611.951
6444.330511569977, 0.0, 0.0, 2611.908
6446.330647468567, 0.0, 0.0, 2611.803
6448.33073925972, 0.0, 0.0, 2611.732
6450.3308844566345, 0.0, 0.0, 2611.835
6452.33097243309, 0.0, 0.0, 2611.882
6454.331064462662, 0.0, 0.0, 2611.859
6456.3311676979065, 0.0, 0.0, 2611.849
6458.331271648407, 0.0, 0.0, 2611.774
6460.331368684769, 0.0, 0.0, 2611.69
6462.331503629684, 0.0, 0.0, 2611.62
6464.331586360931, 0.0, 0.0, 2611.746
6466.331696271896, 0.0, 0.0, 2611.725
6468.331796884537, 0.0, 0.0, 2611.689
6470.331896781921, 0.0, 0.0, 2611.785
6472.331997871399, 0.0, 0.0, 2611.861
6474.332095146179, 0.0, 0.0, 2611.698
6476.332195997238, 0.0, 0.0, 2611.604
6478.332282304764, 0.0, 0.0, 2611.419
6480.332373857498, 0.0, 0.0, 2611.413
6482.3324728012085, 0.0, 0.0, 2611.384
6484.332573890686, 0.0, 0.0, 2611.369
6486.332672595978, 0.0, 0.0, 2611.413
6488.3327741622925, 0.0, 0.0, 2611.388
6490.332875013351, 0.0, 0.0, 2611.351
6492.332952737808, 0.0, 0.0, 2611.18
6494.333048343658, 0.0, 0.0, 2610.882
6496.33314704895, 0.0, 0.0, 2610.656
6498.333245038986, 0.0, 0.0, 2610.527
6500.333343505859, 0.0, 0.0, 2610.507
6502.333443641663, 0.0, 0.0, 2610.418
6504.333525419235, 0.0, 0.0, 2610.379
6506.333624124527, 0.0, 0.0, 2610.255
6508.333716392517, 0.0, 0.0, 2610.355
6510.333816766739, 0.0, 0.0, 2610.398
6512.333920240402, 0.0, 0.0, 2610.462
6514.334018468857, 0.0, 0.0, 2610.51
6516.334117650986, 0.0, 0.0, 2610.504
6518.334219694138, 0.0, 0.0, 2610.358
6520.334318637848, 0.0, 0.0, 2610.055
6522.334416389465, 0.0, 0.0, 2609.963
6524.334515571594, 0.0, 0.0, 2609.878
6526.334614038467, 0.0, 0.0, 2609.739
6528.334696054459, 0.0, 0.0, 2609.59
6530.334786891937, 0.0, 0.0, 2609.446
6532.334872722626, 0.0, 0.0, 2609.414
6534.334971904755, 0.0, 0.0, 2609.511
6536.3350710868835, 0.0, 0.0, 2609.502
6538.33517074585, 0.0, 0.0, 2609.31
6540.335266590118, 0.0, 0.0, 2609.239
6542.335354566574, 0.0, 0.0, 2609.261
6544.335439682007, 0.0, 0.0, 2609.106
6546.335531234741, 0.0, 0.0, 2609.249
6548.33563375473, 0.0, 0.0, 2609.219
6550.335722923279, 0.0, 0.0, 2609.181
6552.335855722427, 0.0, 0.0, 2608.916
6554.335955142975, 0.0, 0.0, 2608.647
6556.336044549942, 0.0, 0.0, 2608.38
6558.336133241653, 0.0, 0.0, 2608.276
6560.336221694946, 0.0, 0.0, 2608.197
6562.336351633072, 0.0, 0.0, 2608.073
6564.336438179016, 0.0, 0.0, 2608.081
6566.33652472496, 0.0, 0.0, 2607.874
6568.336609125137, 0.0, 0.0, 2607.695
6570.336691617966, 0.0, 0.0, 2607.527
6572.3368220329285, 0.0, 0.0, 2607.321
6574.336929559708, 0.0, 0.0, 2607.3
6576.3370134830475, 0.0, 0.0, 2607.349
6578.337109327316, 0.0, 0.0, 2607.314
6580.337201118469, 0.0, 0.0, 2607.139
6582.337334871292, 0.0, 0.0, 2606.936
6584.337438583374, 0.0, 0.0, 2606.807
6586.33753991127, 0.0, 0.0, 2606.758
6588.337633132935, 0.0, 0.0, 2606.814
6590.3377187252045, 0.0, 0.0, 2606.726
6592.337853431702, 0.0, 0.0, 2606.568
6594.337957859039, 0.0, 0.0, 2606.537
6596.338038444519, 0.0, 0.0, 2606.609
6598.338136911392, 0.0, 0.0, 2606.557
6600.338224172592, 0.0, 0.0, 2606.529
6602.338305950165, 0.0, 0.0, 2606.46
6604.338406562805, 0.0, 0.0, 2606.42
6606.338506221771, 0.0, 0.0, 2606.493
6608.338606595993, 0.0, 0.0, 2606.547
6610.338710784912, 0.0, 0.0, 2606.633
6612.338797330856, 0.0, 0.0, 2606.626
6614.338876962662, 0.0, 0.0, 2606.792
6616.338977575302, 0.0, 0.0, 2606.914
6618.339076757431, 0.0, 0.0, 2606.925
6620.339179992676, 0.0, 0.0, 2606.955
6622.339283943176, 0.0, 0.0, 2606.914
6624.33936882019, 0.0, 0.0, 2606.938
6626.339456319809, 0.0, 0.0, 2606.989
6628.339556455612, 0.0, 0.0, 2607.004
6630.339697360992, 0.0, 0.0, 2607.013
6632.339799642563, 0.0, 0.0, 2607.011
6634.339884519577, 0.0, 0.0, 2606.938
6636.339974403381, 0.0, 0.0, 2606.952
6638.3400621414185, 0.0, 0.0, 2607.043
6640.340141057968, 0.0, 0.0, 2606.957
6642.3402416706085, 0.0, 0.0, 2606.913
6644.340343475342, 0.0, 0.0, 2606.811
6646.340430021286, 0.0, 0.0, 2606.618
6648.340530872345, 0.0, 0.0, 2606.605
6650.340615987778, 0.0, 0.0, 2606.698
6652.340708255768, 0.0, 0.0, 2606.691
6654.340811491013, 0.0, 0.0, 2606.698
6656.34092092514, 0.0, 0.0, 2606.603
6658.341026067734, 0.0, 0.0, 2606.548
6660.341128349304, 0.0, 0.0, 2606.627
6662.341252565384, 0.0, 0.0, 2606.723
6664.341356277466, 0.0, 0.0, 2606.686
6666.34149813652, 0.0, 0.0, 2606.773
6668.341602087021, 0.0, 0.0, 2606.938
6670.341703414917, 0.0, 0.0, 2607.036
6672.341827630997, 0.0, 0.0, 2607.149
6674.341938257217, 0.0, 0.0, 2607.231
6676.342037200928, 0.0, 0.0, 2607.337
6678.342137336731, 0.0, 0.0, 2607.53
6680.342237472534, 0.0, 0.0, 2607.688
6682.342341899872, 0.0, 0.0, 2607.814
6684.342442512512, 0.0, 0.0, 2607.817
6686.342543363571, 0.0, 0.0, 2607.78
6688.34264421463, 0.0, 0.0, 2607.712
6690.342742443085, 0.0, 0.0, 2607.658
6692.342826604843, 0.0, 0.0, 2607.6
6694.342921733856, 0.0, 0.0, 2607.508
6696.343055963516, 0.0, 0.0, 2607.434
6698.343147039413, 0.0, 0.0, 2607.391
6700.343239068985, 0.0, 0.0, 2607.281
6702.343322992325, 0.0, 0.0, 2607.243
6704.343415021896, 0.0, 0.0, 2607.238
6706.343537569046, 0.0, 0.0, 2607.319
6708.3436732292175, 0.0, 0.0, 2607.345
6710.343812704086, 0.0, 0.0, 2607.314
6712.34392786026, 0.0, 0.0, 2607.237
6714.3440272808075, 0.0, 0.0, 2607.008
6716.344106912613, 0.0, 0.0, 2606.941
6718.344209909439, 0.0, 0.0, 2606.987
6720.3443422317505, 0.0, 0.0, 2607.163
6722.3444283008575, 0.0, 0.0, 2607.449
6724.344537973404, 0.0, 0.0, 2607.521
6726.3446452617645, 0.0, 0.0, 2607.541
6728.344744682312, 0.0, 0.0, 2607.577
6730.34485411644, 0.0, 0.0, 2607.687
6732.344935417175, 0.0, 0.0, 2607.629
6734.345069646835, 0.0, 0.0, 2607.771
6736.345172166824, 0.0, 0.0, 2607.719
6738.345274209976, 0.0, 0.0, 2607.681
6740.3453760147095, 0.0, 0.0, 2607.795
6742.345479249954, 0.0, 0.0, 2607.744
6744.3455629348755, 0.0, 0.0, 2607.785
6746.345664024353, 0.0, 0.0, 2607.766
6748.345765352249, 0.0, 0.0, 2607.9
6750.345867872238, 0.0, 0.0, 2607.914
6752.345969438553, 0.0, 0.0, 2607.879
6754.346074342728, 0.0, 0.0, 2607.939
6756.346167564392, 0.0, 0.0, 2607.881
6758.346299648285, 0.0, 0.0, 2607.776
6760.346415042877, 0.0, 0.0, 2607.681
6762.346508741379, 0.0, 0.0, 2607.45
6764.346611499786, 0.0, 0.0, 2607.373
6766.34671497345, 0.0, 0.0, 2607.21
6768.346797466278, 0.0, 0.0, 2607.134
6770.34689950943, 0.0, 0.0, 2607.193
6772.346997261047, 0.0, 0.0, 2607.29
6774.347090959549, 0.0, 0.0, 2607.289
6776.3471920490265, 0.0, 0.0, 2607.361
6778.347294807434, 0.0, 0.0, 2607.244
6780.347384214401, 0.0, 0.0, 2607.194
6782.347475767136, 0.0, 0.0, 2607.175
6784.347566843033, 0.0, 0.0, 2607.198
6786.34766793251, 0.0, 0.0, 2607.293
6788.347768068314, 0.0, 0.0, 2607.424
6790.347902774811, 0.0, 0.0, 2607.552
6792.348000049591, 0.0, 0.0, 2607.52
6794.348083734512, 0.0, 0.0, 2607.468
6796.348167657852, 0.0, 0.0, 2607.552
6798.348256587982, 0.0, 0.0, 2607.613
6800.348344564438, 0.0, 0.0, 2607.636
6802.348445892334, 0.0, 0.0, 2607.644
6804.34854722023, 0.0, 0.0, 2607.482
6806.348645448685, 0.0, 0.0, 2607.247
6808.348744392395, 0.0, 0.0, 2607.115
6810.348854064941, 0.0, 0.0, 2607.121
6812.348990440369, 0.0, 0.0, 2607.042
6814.349123954773, 0.0, 0.0, 2607.096
6816.349220752716, 0.0, 0.0, 2607.14
6818.349349737167, 0.0, 0.0, 2607.032
6820.349440097809, 0.0, 0.0, 2607.034
6822.349539756775, 0.0, 0.0, 2607.151
6824.349620580673, 0.0, 0.0, 2607.336
6826.349754571915, 0.0, 0.0, 2607.466
6828.349855661392, 0.0, 0.0, 2607.385
6830.349955797195, 0.0, 0.0, 2607.279
6832.350038051605, 0.0, 0.0, 2607.3
6834.350129842758, 0.0, 0.0, 2607.374
6836.350214004517, 0.0, 0.0, 2607.421
6838.350317001343, 0.0, 0.0, 2607.42
6840.35041975975, 0.0, 0.0, 2607.35
6842.350556612015, 0.0, 0.0, 2607.257
6844.350660562515, 0.0, 0.0, 2607.187
6846.350751399994, 0.0, 0.0, 2607.108
6848.350847959518, 0.0, 0.0, 2607.107
6850.350981712341, 0.0, 0.0, 2607.259
6852.351084947586, 0.0, 0.0, 2607.351
6854.351178646088, 0.0, 0.0, 2607.483
6856.351290464401, 0.0, 0.0, 2607.372
6858.351394414902, 0.0, 0.0, 2607.28
6860.351497173309, 0.0, 0.0, 2607.15
6862.35159945488, 0.0, 0.0, 2607.137
6864.351682424545, 0.0, 0.0, 2607.248
6866.351784467697, 0.0, 0.0, 2607.365
6868.351885795593, 0.0, 0.0, 2607.475
6870.352022647858, 0.0, 0.0, 2607.6
6872.3521184921265, 0.0, 0.0, 2607.572
6874.3522164821625, 0.0, 0.0, 2607.644
6876.352317333221, 0.0, 0.0, 2607.659
6878.352417945862, 0.0, 0.0, 2607.714
6880.3525178432465, 0.0, 0.0, 2607.639
6882.352657318115, 0.0, 0.0, 2607.549
6884.35274720192, 0.0, 0.0, 2607.494
6886.352844953537, 0.0, 0.0, 2607.345
6888.352933168411, 0.0, 0.0, 2607.408
6890.353033781052, 0.0, 0.0, 2607.52
6892.353121995926, 0.0, 0.0, 2607.486
6894.353220701218, 0.0, 0.0, 2607.486
6896.353323936462, 0.0, 0.0, 2607.561
6898.353427886963, 0.0, 0.0, 2607.666
6900.353529453278, 0.0, 0.0, 2607.672
6902.353618860245, 0.0, 0.0, 2607.724
6904.353708744049, 0.0, 0.0, 2607.65
6906.353795528412, 0.0, 0.0, 2607.698
6908.353885173798, 0.0, 0.0, 2607.659
6910.353986978531, 0.0, 0.0, 2607.452
6912.354073047638, 0.0, 0.0, 2607.317
6914.354176044464, 0.0, 0.0, 2607.19
6916.35427737236, 0.0, 0.0, 2607.353
6918.354380607605, 0.0, 0.0, 2607.847
6920.354461669922, 0.0, 0.0, 2608.302
6922.3545479774475, 0.0, 0.0, 2608.408
6924.354650259018, 0.0, 0.0, 2608.393
6926.354738473892, 0.0, 0.0, 2608.408
6928.354843139648, 0.0, 0.0, 2608.376
6930.3549473285675, 0.0, 0.0, 2608.386
6932.355055809021, 0.0, 0.0, 2608.268
6934.355189561844, 0.0, 0.0, 2608.179
6936.35528254509, 0.0, 0.0, 2608.191
6938.35536813736, 0.0, 0.0, 2608.134
6940.355474472046, 0.0, 0.0, 2608.071
6942.355586767197, 0.0, 0.0, 2607.949
6944.355683803558, 0.0, 0.0, 2607.99
6946.355817079544, 0.0, 0.0, 2608.197
6948.355924367905, 0.0, 0.0, 2608.451
6950.356059074402, 0.0, 0.0, 2608.584
6952.356161117554, 0.0, 0.0, 2608.908
6954.356271028519, 0.0, 0.0, 2609.08
6956.356358766556, 0.0, 0.0, 2609.241
6958.3564484119415, 0.0, 0.0, 2609.311
6960.356537103653, 0.0, 0.0, 2609.473
6962.356623888016, 0.0, 0.0, 2609.653
6964.356719732285, 0.0, 0.0, 2609.685
6966.356819868088, 0.0, 0.0, 2609.802
6968.356928348541, 0.0, 0.0, 2609.974
6970.357038021088, 0.0, 0.0, 2610.132
6972.357173919678, 0.0, 0.0, 2610.366
6974.357275485992, 0.0, 0.0, 2610.595
6976.3573615550995, 0.0, 0.0, 2610.814
6978.357475042343, 0.0, 0.0, 2611.024
6980.357576608658, 0.0, 0.0, 2611.257
6982.357679367065, 0.0, 0.0, 2611.405
6984.357773542404, 0.0, 0.0, 2611.509
6986.357860326767, 0.0, 0.0, 2611.657
6988.357959747314, 0.0, 0.0, 2611.796
6990.358048915863, 0.0, 0.0, 2611.964
6992.358152389526, 0.0, 0.0, 2612.191
6994.35825586319, 0.0, 0.0, 2612.343
6996.358356952667, 0.0, 0.0, 2612.485
6998.358443975449, 0.0, 0.0, 2612.508
7000.358545303345, 0.0, 0.0, 2612.743
7002.358680725098, 0.0, 0.0, 2612.914
7004.358801364899, 0.0, 0.0, 2613.204
7006.358903646469, 0.0, 0.0, 2613.333
7008.359005689621, 0.0, 0.0, 2613.541
7010.359105825424, 0.0, 0.0, 2613.584
7012.359206438065, 0.0, 0.0, 2613.75
7014.359350442886, 0.0, 0.0, 2613.762
7016.359454631805, 0.0, 0.0, 2613.857
7018.359562397003, 0.0, 0.0, 2613.932
7020.359693288803, 0.0, 0.0, 2614.089
7022.35977935791, 0.0, 0.0, 2614.354
7024.359877347946, 0.0, 0.0, 2614.778
7026.359980583191, 0.0, 0.0, 2614.957
7028.36008310318, 0.0, 0.0, 2615.235
7030.360181808472, 0.0, 0.0, 2615.34
7032.360320806503, 0.0, 0.0, 2615.493
7034.360404729843, 0.0, 0.0, 2615.76
7036.360492944717, 0.0, 0.0, 2616.199
7038.360580444336, 0.0, 0.0, 2616.386
7040.360667467117, 0.0, 0.0, 2616.555
7042.36075258255, 0.0, 0.0, 2616.677
7044.360852718353, 0.0, 0.0, 2616.801
7046.360954523087, 0.0, 0.0, 2617.051
7048.3610508441925, 0.0, 0.0, 2617.455
7050.361184597015, 0.0, 0.0, 2617.66
7052.361273050308, 0.0, 0.0, 2617.99
7054.361356258392, 0.0, 0.0, 2618.23
7056.361459493637, 0.0, 0.0, 2618.353
7058.361541032791, 0.0, 0.0, 2618.512
7060.361646652222, 0.0, 0.0, 2618.695
7062.361744403839, 0.0, 0.0, 2618.873
7064.361824274063, 0.0, 0.0, 2619.069
7066.361932516098, 0.0, 0.0, 2619.259
7068.362033128738, 0.0, 0.0, 2619.39
7070.362131357193, 0.0, 0.0, 2619.687
7072.362229347229, 0.0, 0.0, 2619.877
7074.362322330475, 0.0, 0.0, 2620.21
7076.36242389679, 0.0, 0.0, 2620.422
7078.362527132034, 0.0, 0.0, 2620.484
7080.362657785416, 0.0, 0.0, 2620.479
7082.362738132477, 0.0, 0.0, 2620.729
7084.362837314606, 0.0, 0.0, 2620.748
7086.36292886734, 0.0, 0.0, 2620.952
7088.363032102585, 0.0, 0.0, 2621.216
7090.363167285919, 0.0, 0.0, 2621.526
7092.363251447678, 0.0, 0.0, 2621.639
7094.363357543945, 0.0, 0.0, 2621.896
7096.363490819931, 0.0, 0.0, 2622.078
7098.36357831955, 0.0, 0.0, 2622.369
7100.363683223724, 0.0, 0.0, 2622.719
7102.363767147064, 0.0, 0.0, 2623.039
7104.363854885101, 0.0, 0.0, 2623.255
7106.36394906044, 0.0, 0.0, 2623.354
7108.3640859127045, 0.0, 0.0, 2623.497
7110.364166498184, 0.0, 0.0, 2623.48
7112.364268064499, 0.0, 0.0, 2623.616
7114.3643679618835, 0.0, 0.0, 2623.892
7116.364487409592, 0.0, 0.0, 2624.187
7118.364572763443, 0.0, 0.0, 2624.536
7120.364656925201, 0.0, 0.0, 2624.719
7122.364759206772, 0.0, 0.0, 2624.941
7124.364860773087, 0.0, 0.0, 2625.153
7126.364941596985, 0.0, 0.0, 2625.233
7128.365029811859, 0.0, 0.0, 2625.508
7130.365164756775, 0.0, 0.0, 2625.746
7132.365265369415, 0.0, 0.0, 2625.81
7134.365366220474, 0.0, 0.0, 2626.024
7136.365447282791, 0.0, 0.0, 2626.284
7138.365552663803, 0.0, 0.0, 2626.556
7140.365651607513, 0.0, 0.0, 2626.726
7142.36575460434, 0.0, 0.0, 2626.91
7144.3658583164215, 0.0, 0.0, 2627.147
7146.365962505341, 0.0, 0.0, 2627.191
7148.366097688675, 0.0, 0.0, 2627.234
7150.366190433502, 0.0, 0.0, 2627.387
7152.366325616837, 0.0, 0.0, 2627.581
7154.366416692734, 0.0, 0.0, 2627.732
7156.366501092911, 0.0, 0.0, 2627.778
7158.366606235504, 0.0, 0.0, 2627.764
7160.3666915893555, 0.0, 0.0, 2627.914
7162.366790294647, 0.0, 0.0, 2628.034
7164.366872310638, 0.0, 0.0, 2628.253
7166.366953134537, 0.0, 0.0, 2628.391
7168.367086172104, 0.0, 0.0, 2628.439
7170.367167234421, 0.0, 0.0, 2628.539
7172.367258071899, 0.0, 0.0, 2628.629
7174.367337703705, 0.0, 0.0, 2628.691
7176.367439985275, 0.0, 0.0, 2628.739
7178.367541074753, 0.0, 0.0, 2628.667
7180.367644071579, 0.0, 0.0, 2628.562
7182.367722034454, 0.0, 0.0, 2628.596
7184.367826223373, 0.0, 0.0, 2628.705
7186.367933988571, 0.0, 0.0, 2628.748
7188.368014335632, 0.0, 0.0, 2628.842
7190.3681173324585, 0.0, 0.0, 2629.028
7192.368218898773, 0.0, 0.0, 2629.318
7194.368299007416, 0.0, 0.0, 2629.431
7196.368433713913, 0.0, 0.0, 2629.368
7198.368524074554, 0.0, 0.0, 2629.298
7200.368603944778, 0.0, 0.0, 2629.08
7202.368685007095, 0.0, 0.0, 2629.03
7204.368773937225, 0.0, 0.0, 2629.111
7206.368854522705, 0.0, 0.0, 2629.249
7208.368941307068, 0.0, 0.0, 2629.472
7210.369021177292, 0.0, 0.0, 2629.417
7212.369104146957, 0.0, 0.0, 2629.307
7214.369186401367, 0.0, 0.0, 2629.345
7216.369275093079, 0.0, 0.0, 2629.281
7218.369356632233, 0.0, 0.0, 2629.193
7220.369447231293, 0.0, 0.0, 2629.146
7222.369528055191, 0.0, 0.0, 2629.083
7224.369610309601, 0.0, 0.0, 2629.018
7226.369690418243, 0.0, 0.0, 2629.018
7228.36977148056, 0.0, 0.0, 2628.991
7230.369870185852, 0.0, 0.0, 2629.021
7232.369957208633, 0.0, 0.0, 2628.956
7234.370048046112, 0.0, 0.0, 2628.799
7236.3701322078705, 0.0, 0.0, 2628.659
7238.370235443115, 0.0, 0.0, 2628.74
7240.370326519012, 0.0, 0.0, 2628.634
7242.370460271835, 0.0, 0.0, 2628.4
7244.370541334152, 0.0, 0.0, 2628.378
7246.3706312179565, 0.0, 0.0, 2628.48
7248.3707156181335, 0.0, 0.0, 2628.516
7250.370798826218, 0.0, 0.0, 2628.519
7252.370892286301, 0.0, 0.0, 2628.465
7254.370985507965, 0.0, 0.0, 2628.442
7256.3710725307465, 0.0, 0.0, 2628.481
7258.371156692505, 0.0, 0.0, 2628.393
7260.3712430000305, 0.0, 0.0, 2628.089
7262.371324300766, 0.0, 0.0, 2627.853
7264.371409416199, 0.0, 0.0, 2627.691
