time, current, power, resistance
0.002839326858520508, 0.0, 0.0, 2395.329
2.0029401779174805, 0.0, 0.0, 2395.34
4.0030388832092285, 0.0, 0.0, 2395.432
6.003139972686768, 0.0, 0.0, 2395.507
8.003239154815674, 0.0, 0.0, 2395.593
10.003326892852783, 0.0, 0.0, 2395.626
12.003422021865845, 0.0, 0.0, 2395.724
14.003527402877808, 0.0, 0.0, 2395.779
16.0036199092865, 0.0, 0.0, 2395.845
18.003747701644897, 0.0, 0.0, 2395.941
20.00384783744812, 0.0, 0.0, 2396.019
22.003948211669922, 0.0, 0.0, 2396.065
24.004029273986816, 0.0, 0.0, 2396.159
26.004130363464355, 0.0, 0.0, 2396.234
28.004222631454468, 0.0, 0.0, 2396.286
30.004310846328735, 0.0, 0.0, 2396.386
32.00441241264343, 0.0, 0.0, 2396.453
34.0045063495636, 0.0, 0.0, 2396.526
36.0045850276947, 0.0, 0.0, 2396.559
38.004687786102295, 0.0, 0.0, 2396.605
40.00476908683777, 0.0, 0.0, 2396.688
42.00487041473389, 0.0, 0.0, 2396.758
44.00500416755676, 0.0, 0.0, 2396.859
46.005085945129395, 0.0, 0.0, 2396.89
48.005165815353394, 0.0, 0.0, 2396.951
50.005252838134766, 0.0, 0.0, 2397.023
52.005393743515015, 0.0, 0.0, 2397.077
54.00547432899475, 0.0, 0.0, 2397.1
56.00560784339905, 0.0, 0.0, 2397.201
58.00573468208313, 0.0, 0.0, 2397.302
60.00581431388855, 0.0, 0.0, 2397.353
62.00737690925598, 0.0, 0.0, 2386.262
64.00747632980347, 1.1008, 2.6219, 2301.953
66.00756120681763, 1.1008, 2.6338, 2238.621
68.0076653957367, 1.1009, 2.6462, 2187.079
70.00776433944702, 1.1008, 2.653, 2143.792
72.00786280632019, 1.1009, 2.6597, 2106.613
74.00799608230591, 1.1008, 2.6655, 2074.018
76.00808215141296, 1.1008, 2.6703, 2045.387
78.00816774368286, 1.1009, 2.6748, 2019.579
80.0082540512085, 1.1008, 2.6786, 1993.337
82.00836157798767, 1.1008, 2.6822, 1973.997
84.00846123695374, 1.1008, 2.6855, 1954.216
86.008549451828, 1.1009, 2.688, 1935.81
88.00863599777222, 1.1008, 2.6913, 1918.706
90.00872373580933, 1.1008, 2.6938, 1902.57
92.00880885124207, 1.1008, 2.696, 1887.365
94.00889325141907, 1.1008, 2.6987, 1872.88
96.00899243354797, 1.1008, 2.7006, 1859.166
98.00909209251404, 1.1008, 2.7027, 1846.101
100.00923323631287, 1.1008, 2.7048, 1833.599
102.00933146476746, 1.1008, 2.7067, 1821.523
104.0094358921051, 1.1008, 2.7086, 1809.937
106.00954079627991, 1.1008, 2.7104, 1798.662
108.00965356826782, 1.1008, 2.7121, 1787.742
110.00975131988525, 1.1008, 2.7139, 1777.314
112.0098466873169, 1.1008, 2.7151, 1767.096
114.00993776321411, 1.1008, 2.7171, 1757.296
116.01004409790039, 1.1008, 2.7184, 1747.784
118.01014304161072, 1.1008, 2.72, 1738.555
120.0102310180664, 1.1008, 2.7216, 1729.524
122.01032090187073, 1.1008, 2.7228, 1720.799
124.01042652130127, 1.1008, 2.7242, 1712.233
126.01053524017334, 1.1008, 2.7255, 1703.74
128.01063632965088, 1.1008, 2.727, 1695.674
130.01074194908142, 1.1008, 2.7283, 1687.769
132.0108847618103, 1.1008, 2.7296, 1679.897
134.0109944343567, 1.1008, 2.7308, 1672.451
136.01109719276428, 1.1007, 2.732, 1665.029
138.01152729988098, 1.1008, 2.7333, 1657.645
140.01163291931152, 1.1008, 2.7345, 1650.557
142.01173782348633, 1.1008, 2.7355, 1643.576
144.01183080673218, 1.1008, 2.737, 1636.64
146.0119342803955, 1.1008, 2.7378, 1629.923
148.01203966140747, 1.1008, 2.739, 1623.296
150.01214504241943, 1.1008, 2.7401, 1616.716
152.01224303245544, 1.1008, 2.7411, 1610.436
154.01235461235046, 1.1008, 2.7423, 1604.207
156.01246118545532, 1.1008, 2.7433, 1598.005
158.0125970840454, 1.1007, 2.7444, 1592.065
160.0126988887787, 1.1008, 2.7454, 1586.152
162.01284623146057, 1.1008, 2.7463, 1580.485
164.01293540000916, 1.1007, 2.7474, 1574.922
166.01302981376648, 1.1007, 2.7482, 1569.408
168.01312470436096, 1.1007, 2.7493, 1564.024
170.01323819160461, 1.1007, 2.75, 1558.754
172.0133364200592, 1.1008, 2.7511, 1553.556
174.0134346485138, 1.1007, 2.7518, 1548.461
176.01353311538696, 1.1007, 2.7528, 1543.474
178.01364064216614, 1.1007, 2.7538, 1538.51
180.0137414932251, 1.1007, 2.7546, 1533.551
182.01384830474854, 1.1007, 2.7554, 1528.799
184.0139515399933, 1.1007, 2.7563, 1524.026
186.01405215263367, 1.1007, 2.7572, 1519.357
188.01414966583252, 1.1007, 2.758, 1514.801
190.0142526626587, 1.1007, 2.7587, 1510.246
192.01435256004333, 1.1007, 2.7596, 1505.736
194.01443529129028, 1.1007, 2.7602, 1501.273
196.01452136039734, 1.1007, 2.7611, 1496.849
198.01462316513062, 1.1007, 2.7618, 1492.529
200.01470255851746, 1.1007, 2.7626, 1488.26
202.01479482650757, 1.1007, 2.7635, 1484.237
204.01493382453918, 1.1007, 2.7642, 1480.266
206.01503801345825, 1.1007, 2.765, 1476.342
208.0151333808899, 1.1007, 2.7657, 1472.468
210.01523542404175, 1.1007, 2.7663, 1468.719
212.01536774635315, 1.1007, 2.7669, 1465.011
214.01550722122192, 1.1007, 2.7677, 1461.304
216.01560950279236, 1.1007, 2.7683, 1457.523
218.01570868492126, 1.1007, 2.7692, 1453.828
220.01616668701172, 1.1007, 2.7697, 1450.198
222.01626825332642, 1.1007, 2.7704, 1446.597
224.0163700580597, 1.1007, 2.7711, 1443.128
226.0164668560028, 1.1007, 2.7718, 1439.681
228.0165524482727, 1.1007, 2.7724, 1436.327
230.01663851737976, 1.1007, 2.773, 1433.063
232.01673984527588, 1.1007, 2.7736, 1429.817
234.01684308052063, 1.1007, 2.7743, 1426.64
236.01694297790527, 1.1007, 2.7749, 1423.415
238.01703071594238, 1.1007, 2.7755, 1420.233
240.01711249351501, 1.1007, 2.7762, 1417.062
242.01721501350403, 1.1007, 2.7767, 1413.967
244.01730132102966, 1.1007, 2.7771, 1410.896
246.01740384101868, 1.1007, 2.7778, 1407.863
248.01749920845032, 1.1007, 2.7782, 1404.93
250.0175952911377, 1.1007, 2.7789, 1402.029
252.0177459716797, 1.1006, 2.7794, 1399.125
254.01784586906433, 1.1006, 2.7802, 1396.202
256.01794242858887, 1.1006, 2.7806, 1393.365
258.01802372932434, 1.1006, 2.7811, 1390.673
260.01811146736145, 1.1006, 2.7817, 1387.943
262.01820635795593, 1.1006, 2.7822, 1385.268
264.0182867050171, 1.1006, 2.7826, 1382.612
266.01837635040283, 1.1006, 2.7833, 1380.121
268.0184783935547, 1.1006, 2.7837, 1377.573
270.01861786842346, 1.1007, 2.7842, 1375.072
272.01871609687805, 1.1006, 2.7846, 1372.748
274.0188207626343, 1.1006, 2.7849, 1370.451
276.0189468860626, 1.1006, 2.7855, 1368.107
278.0190689563751, 1.1006, 2.7861, 1365.653
280.01916670799255, 1.1006, 2.7865, 1363.266
282.0192654132843, 1.1006, 2.787, 1360.986
284.01939487457275, 1.1006, 2.7875, 1358.698
286.0195300579071, 1.1006, 2.7879, 1356.397
288.01963114738464, 1.1006, 2.7882, 1354.214
290.0197215080261, 1.1006, 2.7886, 1352.016
292.0198063850403, 1.1006, 2.7892, 1349.867
294.01988792419434, 1.1006, 2.7896, 1347.676
296.01996970176697, 1.1006, 2.79, 1345.62
298.0200741291046, 1.1006, 2.7904, 1343.54
300.02021765708923, 1.1006, 2.7909, 1341.512
302.0203227996826, 1.1006, 2.7912, 1339.465
304.02042293548584, 1.1006, 2.7917, 1337.449
306.0205268859863, 1.1006, 2.7921, 1335.399
308.0206289291382, 1.1006, 2.7925, 1333.384
310.0207290649414, 1.1006, 2.7929, 1331.457
312.020827293396, 1.1006, 2.7933, 1329.535
314.0209267139435, 1.1005, 2.7936, 1327.694
316.0210075378418, 1.1006, 2.794, 1325.802
318.0211067199707, 1.1006, 2.7945, 1323.94
320.0212080478668, 1.1006, 2.7948, 1322.06
322.0213050842285, 1.1005, 2.7951, 1320.225
324.02140402793884, 1.1005, 2.7955, 1318.359
326.0215051174164, 1.1006, 2.7959, 1316.526
328.02159905433655, 1.1005, 2.7962, 1314.838
330.02168226242065, 1.1005, 2.7965, 1313.19
332.02177000045776, 1.1005, 2.7969, 1311.591
334.0218629837036, 1.1005, 2.7972, 1309.957
336.0219542980194, 1.1005, 2.7976, 1308.199
338.02204418182373, 1.1005, 2.7978, 1306.499
340.0221471786499, 1.1005, 2.7983, 1304.914
342.0222854614258, 1.1005, 2.7986, 1303.439
344.0223650932312, 1.1005, 2.7989, 1301.96
346.02246594429016, 1.1005, 2.7992, 1300.627
348.0225512981415, 1.1005, 2.7996, 1299.143
350.02264070510864, 1.1005, 2.7998, 1297.762
352.0227267742157, 1.1005, 2.8002, 1296.252
354.0228097438812, 1.1005, 2.8004, 1294.831
356.02290058135986, 1.1005, 2.8008, 1293.486
358.02297925949097, 1.1005, 2.8011, 1291.986
360.0230779647827, 1.1005, 2.8013, 1290.454
362.02317929267883, 1.1005, 2.8018, 1288.919
364.0232801437378, 1.1005, 2.8019, 1287.563
366.0233714580536, 1.1005, 2.8022, 1286.354
368.0234727859497, 1.1005, 2.8025, 1285.069
370.0235643386841, 1.1005, 2.8028, 1283.667
372.0236716270447, 1.1005, 2.803, 1282.234
374.0237786769867, 1.1005, 2.8032, 1280.821
376.02388072013855, 1.1005, 2.8035, 1279.585
378.02396607398987, 1.1005, 2.8038, 1278.338
380.02404975891113, 1.1004, 2.8039, 1277.063
382.0241425037384, 1.1005, 2.8043, 1275.769
384.02423334121704, 1.1005, 2.8046, 1274.473
386.0243113040924, 1.1004, 2.8048, 1273.28
388.02439618110657, 1.1005, 2.8051, 1272.183
390.02469658851624, 1.1005, 2.8055, 1270.976
392.0247941017151, 1.1004, 2.8057, 1269.832
394.0248816013336, 1.1004, 2.8058, 1268.726
396.0249812602997, 1.1005, 2.8061, 1267.559
398.0250720977783, 1.1004, 2.8063, 1266.407
400.025155544281, 1.1005, 2.8065, 1265.24
402.02529215812683, 1.1005, 2.8068, 1264.098
404.0253908634186, 1.1004, 2.8069, 1263.042
406.0254912376404, 1.1004, 2.8074, 1261.936
408.02562260627747, 1.1004, 2.8075, 1260.873
410.0257043838501, 1.1004, 2.8077, 1259.819
412.0257923603058, 1.1005, 2.8079, 1258.669
414.02589440345764, 1.1005, 2.8083, 1257.584
416.02603554725647, 1.1004, 2.8085, 1256.532
418.02611684799194, 1.1005, 2.8088, 1255.466
420.02625846862793, 1.1005, 2.8089, 1254.451
422.0263578891754, 1.1005, 2.8092, 1253.464
424.02646136283875, 1.1005, 2.8094, 1252.505
426.02654933929443, 1.1005, 2.8097, 1251.629
428.02665162086487, 1.1004, 2.8098, 1250.752
430.0267961025238, 1.1004, 2.81, 1249.706
432.0268769264221, 1.1004, 2.8102, 1248.713
434.0269682407379, 1.1004, 2.8105, 1247.851
436.0270690917969, 1.1005, 2.8106, 1246.96
438.0272002220154, 1.1005, 2.8109, 1246.113
440.0273027420044, 1.1004, 2.8111, 1245.237
442.02740383148193, 1.1004, 2.8112, 1244.308
444.02750396728516, 1.1005, 2.8114, 1243.281
446.0276050567627, 1.1004, 2.8116, 1242.283
448.02770614624023, 1.1004, 2.8117, 1241.445
450.02783823013306, 1.1004, 2.8119, 1240.583
452.02794098854065, 1.1004, 2.8122, 1239.673
454.02802538871765, 1.1004, 2.8124, 1238.811
456.0281341075897, 1.1004, 2.8125, 1237.9
458.0282382965088, 1.1004, 2.8127, 1237.083
460.028377532959, 1.1004, 2.8128, 1236.334
462.02849102020264, 1.1004, 2.813, 1235.607
464.0286409854889, 1.1004, 2.8132, 1234.804
466.0287380218506, 1.1004, 2.8135, 1233.965
468.0288259983063, 1.1004, 2.8136, 1233.114
470.0289239883423, 1.1004, 2.8137, 1232.223
472.0290176868439, 1.1004, 2.8139, 1231.344
474.02911496162415, 1.1004, 2.8141, 1230.506
476.0292158126831, 1.1004, 2.8143, 1229.686
478.0292956829071, 1.1004, 2.8145, 1228.92
480.0294280052185, 1.1004, 2.8146, 1228.21
482.02951216697693, 1.1004, 2.8148, 1227.515
484.0296051502228, 1.1004, 2.8149, 1226.851
486.0296878814697, 1.1004, 2.8151, 1226.194
488.02981996536255, 1.1004, 2.8152, 1225.518
490.02992057800293, 1.1004, 2.8153, 1224.807
492.030020236969, 1.1004, 2.8155, 1224.132
494.03010153770447, 1.1004, 2.8156, 1223.44
496.0302355289459, 1.1003, 2.8158, 1222.713
498.03033661842346, 1.1004, 2.816, 1221.988
500.03042364120483, 1.1003, 2.8163, 1221.276
502.0305104255676, 1.1004, 2.8165, 1220.618
504.0305931568146, 1.1004, 2.8166, 1219.917
506.0307283401489, 1.1004, 2.8169, 1219.15
508.0308210849762, 1.1003, 2.8168, 1218.407
510.0309293270111, 1.1004, 2.8169, 1217.688
512.0310640335083, 1.1004, 2.8172, 1217.007
514.0311484336853, 1.1004, 2.8173, 1216.383
516.0312325954437, 1.1004, 2.8175, 1215.739
518.0313656330109, 1.1003, 2.8176, 1215.085
520.0314991474152, 1.1003, 2.8177, 1214.428
522.0316002368927, 1.1003, 2.8179, 1213.748
524.0317006111145, 1.1003, 2.818, 1213.059
526.0318005084991, 1.1003, 2.8181, 1212.415
528.0318853855133, 1.1003, 2.8183, 1211.771
530.0319714546204, 1.1003, 2.8183, 1211.24
532.0320653915405, 1.1003, 2.8185, 1210.825
534.0321660041809, 1.1003, 2.8186, 1210.247
536.0322482585907, 1.1003, 2.8188, 1209.647
538.0323414802551, 1.1003, 2.8189, 1209.121
540.0324413776398, 1.1003, 2.8191, 1208.634
542.0325348377228, 1.1003, 2.8193, 1208.128
544.0326354503632, 1.1003, 2.8194, 1207.655
546.032742023468, 1.1003, 2.8194, 1207.128
548.0328412055969, 1.1003, 2.8197, 1206.602
550.0329432487488, 1.1003, 2.8197, 1206.048
552.0330810546875, 1.1003, 2.8198, 1205.525
554.0332136154175, 1.1003, 2.8199, 1205.083
556.033310174942, 1.1003, 2.8201, 1204.624
558.0333847999573, 1.1003, 2.8202, 1204.271
560.0334889888763, 1.1003, 2.8203, 1203.857
562.0335919857025, 1.1003, 2.8203, 1203.278
564.0336804389954, 1.1003, 2.8205, 1202.744
566.0337827205658, 1.1003, 2.8208, 1202.152
568.0339238643646, 1.1003, 2.8207, 1201.621
570.0340237617493, 1.1003, 2.8209, 1201.055
572.0341329574585, 1.1003, 2.821, 1200.524
574.0342166423798, 1.1003, 2.821, 1200.026
576.0343499183655, 1.1003, 2.8212, 1199.53
578.0344502925873, 1.1003, 2.8212, 1199.003
580.0345530509949, 1.1003, 2.8213, 1198.531
582.0346431732178, 1.1003, 2.8214, 1197.968
584.0347306728363, 1.1003, 2.8215, 1197.438
586.0348637104034, 1.1003, 2.8218, 1196.883
588.0349469184875, 1.1003, 2.8218, 1196.298
590.0350480079651, 1.1003, 2.8219, 1195.718
592.0351283550262, 1.1003, 2.8222, 1195.215
594.0352165699005, 1.1003, 2.8222, 1194.77
596.0353202819824, 1.1003, 2.8223, 1194.32
598.0354204177856, 1.1003, 2.8224, 1193.823
600.035505771637, 1.1003, 2.8226, 1193.292
602.0355927944183, 1.1003, 2.8227, 1192.728
604.0356974601746, 1.1003, 2.8227, 1192.119
606.0357909202576, 1.1003, 2.8228, 1191.553
608.0359263420105, 1.1003, 2.8229, 1191.127
610.0360596179962, 1.1003, 2.8231, 1190.719
612.0361652374268, 1.1003, 2.8231, 1190.309
614.0362586975098, 1.1003, 2.8232, 1189.902
616.0363628864288, 1.1003, 2.8233, 1189.47
618.0364608764648, 1.1003, 2.8234, 1189.025
620.0365447998047, 1.1003, 2.8235, 1188.692
622.0366470813751, 1.1003, 2.8235, 1188.296
624.0367608070374, 1.1003, 2.8236, 1187.772
626.0368633270264, 1.1003, 2.8238, 1187.301
628.036967754364, 1.1003, 2.8238, 1186.916
630.0370678901672, 1.1003, 2.8238, 1186.535
632.0371513366699, 1.1003, 2.824, 1186.151
634.0372593402863, 1.1003, 2.8241, 1185.743
636.0373487472534, 1.1003, 2.8242, 1185.26
638.0374803543091, 1.1003, 2.8242, 1184.713
640.0376303195953, 1.1003, 2.8244, 1184.307
642.0377707481384, 1.1003, 2.8244, 1183.988
644.0378639698029, 1.1002, 2.8245, 1183.686
646.0379586219788, 1.1003, 2.8246, 1183.318
648.0380520820618, 1.1003, 2.8246, 1183.037
650.0381557941437, 1.1002, 2.8247, 1182.66
652.0382421016693, 1.1003, 2.8249, 1182.176
654.0383315086365, 1.1002, 2.8249, 1181.644
656.0384397506714, 1.1002, 2.8251, 1181.256
658.0385293960571, 1.1003, 2.8251, 1181.062
660.0386302471161, 1.1003, 2.8254, 1180.946
662.0387163162231, 1.1003, 2.8255, 1180.741
664.0387988090515, 1.1002, 2.8254, 1180.543
666.0389013290405, 1.1002, 2.8256, 1180.142
668.0389833450317, 1.1002, 2.8255, 1179.549
670.039085149765, 1.1002, 2.8257, 1179.173
672.0391726493835, 1.1002, 2.8259, 1178.913
674.0392549037933, 1.1002, 2.8257, 1178.571
676.0393536090851, 1.1002, 2.8259, 1178.203
678.0394833087921, 1.1002, 2.826, 1177.741
680.0395638942719, 1.1002, 2.8261, 1177.227
682.0396597385406, 1.1002, 2.8262, 1176.768
684.0397620201111, 1.1002, 2.8262, 1176.464
686.0398511886597, 1.1002, 2.8264, 1176.108
688.0399532318115, 1.1002, 2.8264, 1175.668
690.0400559902191, 1.1002, 2.8266, 1175.278
692.0401372909546, 1.1002, 2.8267, 1174.962
694.0402157306671, 1.1002, 2.8268, 1174.564
696.0403168201447, 1.1002, 2.8268, 1174.25
698.0404043197632, 1.1002, 2.8269, 1174.059
700.0405075550079, 1.1002, 2.827, 1173.858
702.0405843257904, 1.1002, 2.827, 1173.652
704.0406858921051, 1.1002, 2.8271, 1173.381
706.040773153305, 1.1002, 2.8272, 1173.134
708.0408518314362, 1.1002, 2.8272, 1172.883
710.0409433841705, 1.1002, 2.8273, 1172.522
712.041045665741, 1.1003, 2.8274, 1172.207
714.0411257743835, 1.1002, 2.8274, 1171.819
716.0412554740906, 1.1002, 2.8275, 1171.494
718.0413672924042, 1.1002, 2.8276, 1171.148
720.0414590835571, 1.1002, 2.8276, 1170.788
722.0415985584259, 1.1002, 2.8277, 1170.382
724.0416781902313, 1.1002, 2.8277, 1170.044
726.0417699813843, 1.1002, 2.8278, 1169.824
728.0418696403503, 1.1002, 2.8278, 1169.541
730.0419533252716, 1.1002, 2.8279, 1169.167
732.042083978653, 1.1002, 2.828, 1168.754
734.0421757698059, 1.1002, 2.8281, 1168.426
736.0422806739807, 1.1002, 2.8282, 1168.082
738.0424137115479, 1.1002, 2.8283, 1167.632
740.0425071716309, 1.1002, 2.8284, 1167.211
742.0426015853882, 1.1002, 2.8283, 1166.768
744.04270195961, 1.1002, 2.8285, 1166.446
746.0427894592285, 1.1002, 2.8285, 1166.207
748.0428788661957, 1.1002, 2.8287, 1166.0
750.0429792404175, 1.1002, 2.8287, 1165.713
752.0430839061737, 1.1002, 2.8288, 1165.253
754.0432126522064, 1.1002, 2.8289, 1164.968
756.0433144569397, 1.1002, 2.8289, 1164.956
758.0434167385101, 1.1002, 2.829, 1164.919
760.043518781662, 1.1002, 2.8291, 1164.86
762.0436100959778, 1.1002, 2.8292, 1164.717
764.0437517166138, 1.1002, 2.8293, 1164.535
766.043886423111, 1.1002, 2.8293, 1164.369
768.0440185070038, 1.1002, 2.8293, 1164.085
770.0441048145294, 1.1002, 2.8295, 1163.78
772.0442163944244, 1.1002, 2.8293, 1163.463
774.0443172454834, 1.1002, 2.8294, 1163.088
776.0444037914276, 1.1002, 2.8295, 1162.646
778.0444900989532, 1.1002, 2.8297, 1162.232
780.044576883316, 1.1002, 2.8296, 1161.983
782.0446662902832, 1.1002, 2.8297, 1161.753
784.0447661876678, 1.1002, 2.8299, 1161.559
786.0448687076569, 1.1002, 2.8298, 1161.437
788.0449998378754, 1.1002, 2.83, 1161.279
790.0451364517212, 1.1002, 2.83, 1161.172
792.0452721118927, 1.1002, 2.83, 1160.997
794.045373916626, 1.1002, 2.8299, 1160.697
796.0454733371735, 1.1002, 2.8299, 1160.37
798.0455746650696, 1.1002, 2.8301, 1160.101
800.0456783771515, 1.1002, 2.83, 1159.795
802.0457766056061, 1.1002, 2.8302, 1159.59
804.0458788871765, 1.1002, 2.8301, 1159.306
806.0459794998169, 1.1002, 2.8302, 1158.986
808.0460801124573, 1.1002, 2.8302, 1158.732
810.0461797714233, 1.1002, 2.8304, 1158.486
812.0462808609009, 1.1002, 2.8304, 1158.207
814.046377658844, 1.1002, 2.8305, 1158.07
816.0464787483215, 1.1002, 2.8306, 1157.915
818.0465676784515, 1.1002, 2.8306, 1157.834
820.0466544628143, 1.1002, 2.8306, 1157.695
822.0467381477356, 1.1002, 2.8307, 1157.413
824.0468401908875, 1.1002, 2.8306, 1157.151
826.0469765663147, 1.1002, 2.8307, 1156.795
828.047069311142, 1.1002, 2.8308, 1156.348
830.0471510887146, 1.1002, 2.8309, 1155.991
832.0472519397736, 1.1002, 2.8309, 1155.772
834.0473291873932, 1.1001, 2.8309, 1155.563
836.0474183559418, 1.1002, 2.831, 1155.314
838.0475137233734, 1.1002, 2.8311, 1155.174
840.0476031303406, 1.1002, 2.8311, 1154.956
842.0476939678192, 1.1002, 2.8313, 1154.669
844.0477998256683, 1.1002, 2.8313, 1154.311
846.0478999614716, 1.1002, 2.8314, 1153.984
848.0480012893677, 1.1002, 2.8314, 1153.745
850.0480983257294, 1.1002, 2.8315, 1153.7
852.0481746196747, 1.1002, 2.8316, 1153.687
854.0482754707336, 1.1002, 2.8315, 1153.64
856.0483574867249, 1.1002, 2.8316, 1153.326
858.048446893692, 1.1002, 2.8318, 1153.148
860.0485434532166, 1.1001, 2.8317, 1152.871
862.0486433506012, 1.1002, 2.8317, 1152.575
864.048748254776, 1.1002, 2.8317, 1152.214
866.0488340854645, 1.1002, 2.8319, 1151.897
868.0489356517792, 1.1002, 2.8319, 1151.763
870.0490138530731, 1.1001, 2.8318, 1151.589
872.0491101741791, 1.1002, 2.8319, 1151.377
874.0492115020752, 1.1002, 2.832, 1151.122
876.0492923259735, 1.1002, 2.8321, 1150.911
878.049430847168, 1.1002, 2.8321, 1150.688
880.0495162010193, 1.1002, 2.8321, 1150.541
882.0496044158936, 1.1002, 2.8322, 1150.445
884.0497050285339, 1.1002, 2.8323, 1150.346
886.0498180389404, 1.1002, 2.8322, 1150.413
888.0499215126038, 1.1001, 2.8323, 1150.363
890.0500202178955, 1.1002, 2.8325, 1150.189
892.0501179695129, 1.1002, 2.8324, 1150.08
894.0502171516418, 1.1002, 2.8324, 1149.945
896.0503015518188, 1.1001, 2.8325, 1149.63
898.0503888130188, 1.1002, 2.8325, 1149.424
900.0504894256592, 1.1001, 2.8326, 1149.255
902.0505857467651, 1.1001, 2.8327, 1149.058
904.0506808757782, 1.1001, 2.8328, 1148.807
906.050769329071, 1.1002, 2.8329, 1148.506
908.0508580207825, 1.1002, 2.8327, 1148.319
910.05095911026, 1.1002, 2.8328, 1148.2
912.0510938167572, 1.1002, 2.8329, 1148.109
914.0511949062347, 1.1001, 2.8329, 1147.999
916.0512888431549, 1.1001, 2.8329, 1147.76
918.0513710975647, 1.1001, 2.833, 1147.403
920.0514721870422, 1.1001, 2.8331, 1147.009
922.0515730381012, 1.1002, 2.8332, 1146.74
924.0516555309296, 1.1001, 2.8332, 1146.528
926.0517573356628, 1.1002, 2.8332, 1146.489
928.0518379211426, 1.1001, 2.8333, 1146.415
930.0519230365753, 1.1001, 2.8332, 1146.253
932.0520210266113, 1.1001, 2.8334, 1146.011
934.052152633667, 1.1001, 2.8333, 1145.679
936.0522539615631, 1.1001, 2.8335, 1145.372
938.0523405075073, 1.1001, 2.8334, 1145.099
940.0524406433105, 1.1001, 2.8333, 1144.895
942.0525436401367, 1.1001, 2.8335, 1144.74
944.0526623725891, 1.1001, 2.8334, 1144.638
946.0527622699738, 1.1001, 2.8335, 1144.639
948.0528635978699, 1.1001, 2.8335, 1144.388
950.0529637336731, 1.1001, 2.8337, 1144.17
952.053070306778, 1.1001, 2.8336, 1144.122
954.0531733036041, 1.1001, 2.8337, 1144.043
956.0532548427582, 1.1001, 2.8338, 1143.916
958.0533430576324, 1.1001, 2.8339, 1143.648
960.0534257888794, 1.1001, 2.8338, 1143.311
962.0535249710083, 1.1001, 2.834, 1143.101
964.0536103248596, 1.1001, 2.834, 1142.853
966.0537271499634, 1.1001, 2.8341, 1142.64
968.0538613796234, 1.1001, 2.8341, 1142.668
970.0540037155151, 1.1001, 2.8341, 1142.478
972.0541064739227, 1.1001, 2.8341, 1142.368
974.0542116165161, 1.1001, 2.8341, 1142.212
976.0542984008789, 1.1001, 2.8341, 1142.022
978.0543990135193, 1.1001, 2.8341, 1141.848
980.0545082092285, 1.1001, 2.8343, 1141.849
982.0546102523804, 1.1001, 2.8344, 1141.798
984.054693698883, 1.1001, 2.8343, 1141.632
986.0547804832458, 1.1001, 2.8344, 1141.527
988.0548837184906, 1.1001, 2.8345, 1141.393
990.054972410202, 1.1001, 2.8345, 1141.357
992.0550627708435, 1.1001, 2.8344, 1141.316
994.0551633834839, 1.1001, 2.8345, 1141.26
996.0552477836609, 1.1001, 2.8345, 1141.179
998.055347442627, 1.1001, 2.8346, 1141.0
1000.0554292201996, 1.1001, 2.8346, 1140.666
1002.0555102825165, 1.1001, 2.8347, 1140.419
1004.0555918216705, 1.1001, 2.8347, 1140.352
1006.0556931495667, 1.1001, 2.8348, 1140.203
1008.0557947158813, 1.1001, 2.8348, 1139.984
1010.055896282196, 1.1001, 2.8348, 1139.864
1012.0559754371643, 1.1001, 2.8349, 1139.568
1014.0560636520386, 1.1001, 2.8349, 1139.271
1016.0561971664429, 1.1001, 2.8349, 1138.992
1018.0562756061554, 1.1001, 2.8351, 1138.771
1020.0563747882843, 1.1001, 2.8351, 1138.63
1022.0564720630646, 1.1001, 2.8351, 1138.415
1024.0565719604492, 1.1001, 2.8351, 1138.158
1026.0566716194153, 1.1001, 2.8352, 1137.998
1028.0567588806152, 1.1001, 2.8351, 1137.858
1030.056869506836, 1.1001, 2.8353, 1137.946
1032.0569560527802, 1.1001, 2.8353, 1137.937
1034.057037115097, 1.1001, 2.8354, 1137.828
1036.0571372509003, 1.1001, 2.8354, 1137.723
1038.0572307109833, 1.1001, 2.8354, 1137.535
1040.0573313236237, 1.1001, 2.8355, 1137.31
1042.0574116706848, 1.1001, 2.8354, 1136.949
1044.0575122833252, 1.1001, 2.8355, 1136.633
1046.0576436519623, 1.1001, 2.8355, 1136.36
1048.0577464103699, 1.1001, 2.8356, 1136.182
1050.057847738266, 1.1001, 2.8356, 1136.095
1052.057946920395, 1.1001, 2.8356, 1135.91
1054.0580484867096, 1.1001, 2.8358, 1135.705
1056.058128118515, 1.1001, 2.8357, 1135.608
1058.0582659244537, 1.1001, 2.8357, 1135.556
1060.0583655834198, 1.1001, 2.8356, 1135.714
1062.0584659576416, 1.1001, 2.8357, 1135.89
1064.0585460662842, 1.1001, 2.8358, 1135.882
1066.058620929718, 1.1001, 2.8358, 1135.804
1068.0587494373322, 1.1001, 2.8359, 1135.663
1070.0588490962982, 1.1001, 2.8359, 1135.504
1072.0589327812195, 1.1001, 2.836, 1135.318
1074.0590360164642, 1.1001, 2.8359, 1135.231
1076.0591707229614, 1.1001, 2.8359, 1135.168
1078.0592732429504, 1.1001, 2.836, 1135.13
1080.0594141483307, 1.1001, 2.8361, 1135.025
1082.059550523758, 1.1001, 2.8361, 1134.843
1084.0596346855164, 1.1001, 2.836, 1134.664
1086.0597219467163, 1.1001, 2.8362, 1134.502
1088.0598533153534, 1.1001, 2.8361, 1134.422
1090.0599327087402, 1.1001, 2.8361, 1134.313
1092.0600671768188, 1.1001, 2.8362, 1134.164
1094.0601723194122, 1.1001, 2.8362, 1134.019
1096.0602538585663, 1.1001, 2.8362, 1133.903
1098.0603430271149, 1.1001, 2.8362, 1133.799
1100.0604424476624, 1.1001, 2.8363, 1133.688
1102.06054353714, 1.1001, 2.8364, 1133.556
1104.0606424808502, 1.1001, 2.8365, 1133.419
1106.0607733726501, 1.1001, 2.8364, 1133.13
1108.0608749389648, 1.1001, 2.8364, 1132.827
1110.0610105991364, 1.1001, 2.8365, 1132.555
1112.0610992908478, 1.1001, 2.8365, 1132.58
1114.0611996650696, 1.1001, 2.8367, 1132.613
1116.0612833499908, 1.1001, 2.8365, 1132.404
1118.0613873004913, 1.1001, 2.8367, 1132.103
1120.0614700317383, 1.1001, 2.8368, 1131.9
1122.061550617218, 1.1001, 2.8367, 1131.765
1124.0616400241852, 1.1001, 2.8368, 1131.607
1126.0617265701294, 1.1001, 2.8369, 1131.329
1128.0618088245392, 1.1001, 2.8369, 1131.139
1130.0618908405304, 1.1001, 2.8369, 1130.922
1132.0619764328003, 1.1001, 2.837, 1130.751
1134.062108039856, 1.1001, 2.837, 1130.58
1136.0621917247772, 1.1001, 2.8371, 1130.406
1138.06227684021, 1.1001, 2.8371, 1130.336
1140.0623617172241, 1.1001, 2.8371, 1130.306
1142.0624475479126, 1.1001, 2.8372, 1130.166
1144.0625495910645, 1.1001, 2.8371, 1129.945
1146.0626900196075, 1.1, 2.8371, 1129.661
1148.0627744197845, 1.1, 2.8372, 1129.511
1150.0628600120544, 1.1, 2.8371, 1129.328
1152.0629622936249, 1.1001, 2.8372, 1129.109
1154.063045501709, 1.1, 2.8372, 1128.943
1156.0631356239319, 1.1001, 2.8373, 1128.853
1158.0632374286652, 1.1001, 2.8374, 1128.899
1160.0633285045624, 1.1001, 2.8373, 1128.859
1162.0634133815765, 1.1001, 2.8374, 1128.615
1164.0634970664978, 1.1001, 2.8376, 1128.409
1166.0635876655579, 1.1001, 2.8375, 1128.227
1168.063687324524, 1.1001, 2.8376, 1128.107
1170.0637741088867, 1.1001, 2.8377, 1127.984
1172.0638558864594, 1.1001, 2.8376, 1127.839
1174.0639917850494, 1.1001, 2.8377, 1127.578
1176.0640923976898, 1.1001, 2.8377, 1127.363
1178.0641810894012, 1.1001, 2.8377, 1127.263
1180.0642805099487, 1.1001, 2.8379, 1127.331
1182.064381122589, 1.1001, 2.8378, 1127.355
1184.0644829273224, 1.1001, 2.8378, 1127.257
1186.0645842552185, 1.1, 2.8377, 1127.143
1188.0646846294403, 1.1001, 2.8378, 1127.018
1190.0647847652435, 1.1, 2.8377, 1126.928
1192.0648851394653, 1.1001, 2.8379, 1126.799
1194.0649681091309, 1.1001, 2.8379, 1126.644
1196.0650992393494, 1.1001, 2.838, 1126.438
1198.0652265548706, 1.1001, 2.8381, 1126.253
1200.0653278827667, 1.1001, 2.838, 1126.136
1202.0654201507568, 1.1001, 2.838, 1126.046
1204.0655200481415, 1.1001, 2.8381, 1125.891
1206.0656180381775, 1.1001, 2.8381, 1125.778
1208.0657193660736, 1.1, 2.838, 1125.589
1210.0658543109894, 1.1, 2.8381, 1125.405
1212.0659928321838, 1.1, 2.8382, 1125.305
1214.066097021103, 1.1001, 2.8382, 1125.22
1216.0661976337433, 1.1001, 2.8382, 1125.124
1218.0662965774536, 1.1, 2.8383, 1125.049
1220.066397190094, 1.1, 2.8383, 1124.916
1222.066513299942, 1.1001, 2.8384, 1124.758
1224.0666139125824, 1.1001, 2.8383, 1124.63
1226.066709280014, 1.1, 2.8384, 1124.515
1228.0667984485626, 1.1, 2.8384, 1124.44
1230.0668849945068, 1.1001, 2.8385, 1124.325
1232.0669736862183, 1.1, 2.8386, 1124.214
1234.0670614242554, 1.1001, 2.8386, 1124.253
1236.0671484470367, 1.1001, 2.8385, 1124.286
1238.067233800888, 1.1001, 2.8386, 1124.004
1240.0673160552979, 1.1001, 2.8386, 1123.832
1242.0674269199371, 1.1001, 2.8386, 1123.764
1244.0675284862518, 1.1001, 2.8386, 1123.624
1246.0676617622375, 1.1001, 2.8386, 1123.578
1248.0677647590637, 1.1, 2.8385, 1123.523
1250.0678474903107, 1.1, 2.8386, 1123.393
1252.0679829120636, 1.1001, 2.8386, 1123.371
1254.068072795868, 1.1, 2.8386, 1123.694
1256.0681638717651, 1.1, 2.8386, 1124.074
1258.0682203769684, 1.1, 2.8385, 1124.028
1260.068306684494, 1.1, 2.8386, 1123.741
1262.0684401988983, 1.1, 2.8386, 1123.506
1264.0685760974884, 1.1, 2.8387, 1123.479
1266.0686650276184, 1.1, 2.8386, 1123.32
1268.0687749385834, 1.1, 2.8388, 1123.07
1270.0688750743866, 1.1, 2.8388, 1122.758
1272.0689759254456, 1.1, 2.8389, 1122.42
1274.0690774917603, 1.1, 2.8389, 1122.157
1276.0691707134247, 1.1001, 2.8391, 1121.917
1278.0692734718323, 1.1, 2.8391, 1121.737
1280.0693709850311, 1.1, 2.8392, 1121.631
1282.069453239441, 1.1, 2.8392, 1121.528
1284.0695564746857, 1.1001, 2.8392, 1121.27
1286.069696187973, 1.1001, 2.8393, 1120.918
1288.0697991847992, 1.1001, 2.8392, 1120.597
1290.0699005126953, 1.1001, 2.8395, 1120.668
1292.0700006484985, 1.1001, 2.8395, 1120.89
1294.070101261139, 1.1, 2.8394, 1120.752
1296.070200920105, 1.1001, 2.8394, 1120.521
1298.070280790329, 1.1001, 2.8394, 1120.476
1300.070362329483, 1.1001, 2.8394, 1120.286
1302.0704498291016, 1.1001, 2.8395, 1120.383
1304.0705409049988, 1.1001, 2.8396, 1120.462
1306.0706424713135, 1.1001, 2.8394, 1120.467
1308.0707383155823, 1.1, 2.8394, 1120.267
1310.0708260536194, 1.1, 2.8395, 1120.075
1312.0709569454193, 1.1001, 2.8395, 1119.981
1314.071059703827, 1.1, 2.8396, 1120.121
1316.0711410045624, 1.1, 2.8396, 1120.261
1318.0712773799896, 1.1001, 2.8397, 1120.079
1320.0713617801666, 1.1001, 2.8396, 1120.037
1322.071452140808, 1.1, 2.8396, 1120.043
1324.07155251503, 1.1, 2.8395, 1120.023
1326.0716404914856, 1.1001, 2.8396, 1119.974
1328.0717306137085, 1.1, 2.8396, 1119.948
1330.0718290805817, 1.1, 2.8396, 1119.925
1332.0719311237335, 1.1001, 2.8396, 1119.923
1334.0720632076263, 1.1001, 2.8397, 1119.832
1336.0721616744995, 1.1, 2.8398, 1119.693
1338.0722641944885, 1.1, 2.8397, 1119.497
1340.07239818573, 1.1, 2.8398, 1119.33
1342.0724840164185, 1.1001, 2.8398, 1119.28
1344.0725836753845, 1.1, 2.8397, 1119.305
1346.0726704597473, 1.1001, 2.8398, 1119.222
1348.0728180408478, 1.1, 2.8398, 1118.983
1350.072918176651, 1.1, 2.8399, 1118.868
1352.0730214118958, 1.1, 2.8398, 1118.695
1354.0731253623962, 1.1, 2.8398, 1118.708
1356.0732605457306, 1.1, 2.8399, 1118.822
1358.0733647346497, 1.1, 2.8398, 1118.775
1360.0734984874725, 1.1, 2.8398, 1118.526
1362.0736017227173, 1.1, 2.8399, 1118.303
1364.073704957962, 1.1, 2.8399, 1118.22
1366.0738124847412, 1.1, 2.8401, 1118.072
1368.0739150047302, 1.1, 2.84, 1117.894
1370.0740835666656, 1.1, 2.84, 1117.612
1372.0741856098175, 1.1, 2.8401, 1117.388
1374.0742869377136, 1.1, 2.84, 1117.194
1376.0743880271912, 1.1, 2.84, 1117.089
1378.0744845867157, 1.1, 2.8401, 1117.037
1380.0745854377747, 1.1, 2.8402, 1117.027
1382.074682712555, 1.1, 2.8402, 1117.016
1384.074789762497, 1.1, 2.8402, 1116.829
1386.0748903751373, 1.1, 2.8403, 1116.617
1388.0749802589417, 1.1, 2.8403, 1116.407
1390.075112581253, 1.1, 2.8405, 1116.143
1392.0752120018005, 1.1, 2.8404, 1115.846
1394.075317621231, 1.1, 2.8405, 1115.739
1396.075421333313, 1.1, 2.8405, 1115.557
1398.0755236148834, 1.1, 2.8405, 1115.386
1400.0756142139435, 1.1, 2.8405, 1115.304
1402.0757064819336, 1.1, 2.8406, 1115.191
1404.0758097171783, 1.1, 2.8405, 1115.19
1406.075909614563, 1.1, 2.8407, 1115.269
1408.0760028362274, 1.1, 2.8407, 1115.132
1410.076105594635, 1.1, 2.8407, 1114.912
1412.0762078762054, 1.1, 2.8407, 1114.817
1414.0763111114502, 1.1, 2.8406, 1114.854
1416.0764107704163, 1.1, 2.8408, 1115.084
1418.0765159130096, 1.1, 2.8408, 1115.184
1420.0766503810883, 1.1, 2.8408, 1115.289
1422.0767936706543, 1.1001, 2.8409, 1115.238
1424.0769317150116, 1.1, 2.8409, 1115.221
1426.077038526535, 1.1, 2.8409, 1115.069
1428.0771729946136, 1.1, 2.841, 1114.833
1430.0772650241852, 1.1, 2.8409, 1114.607
1432.0774002075195, 1.1, 2.8409, 1114.387
1434.0774948596954, 1.1001, 2.8411, 1114.304
1436.0775797367096, 1.1, 2.8411, 1114.287
1438.0776629447937, 1.1, 2.841, 1114.16
1440.0777459144592, 1.1, 2.841, 1113.853
1442.0778346061707, 1.1, 2.8411, 1113.513
1444.077921628952, 1.1, 2.841, 1113.4
1446.078007221222, 1.1, 2.8412, 1113.347
1448.078093290329, 1.1, 2.8411, 1113.289
1450.0781726837158, 1.1, 2.8411, 1113.3
1452.078265428543, 1.1, 2.8413, 1113.327
1454.0783534049988, 1.1, 2.8413, 1113.348
1456.078439950943, 1.1, 2.8412, 1113.323
1458.078532218933, 1.1001, 2.8413, 1113.299
1460.0786366462708, 1.1, 2.8412, 1113.167
1462.0787210464478, 1.1, 2.8414, 1113.025
1464.0788233280182, 1.1, 2.8413, 1112.876
1466.0789232254028, 1.1, 2.8413, 1112.813
1468.0790264606476, 1.1, 2.8414, 1112.808
1470.0791096687317, 1.1, 2.8413, 1112.853
1472.0792100429535, 1.1, 2.8414, 1112.82
1474.079289674759, 1.1, 2.8414, 1112.677
1476.0793905258179, 1.1, 2.8414, 1112.479
1478.0794689655304, 1.1, 2.8415, 1112.362
1480.0795693397522, 1.1, 2.8416, 1112.205
1482.0796585083008, 1.1, 2.8415, 1111.972
1484.0797581672668, 1.1, 2.8416, 1111.782
1486.07985663414, 1.1, 2.8417, 1111.543
1488.0799565315247, 1.1, 2.8416, 1111.367
1490.080058813095, 1.1, 2.8416, 1111.24
1492.0801920890808, 1.1, 2.8417, 1111.177
1494.080295085907, 1.1, 2.8417, 1111.218
1496.0804297924042, 1.1, 2.8416, 1111.392
1498.0805206298828, 1.1, 2.8417, 1111.443
1500.0806505680084, 1.1, 2.8417, 1111.41
1502.080754995346, 1.1, 2.8416, 1111.321
1504.0808577537537, 1.1, 2.8415, 1111.353
1506.0809564590454, 1.1, 2.8415, 1111.509
1508.0810601711273, 1.1, 2.8416, 1111.736
1510.0811607837677, 1.1, 2.8416, 1111.913
1512.0812599658966, 1.1, 2.8416, 1111.944
1514.0813612937927, 1.1, 2.8416, 1111.858
1516.081464767456, 1.1, 2.8417, 1111.781
1518.0815677642822, 1.1, 2.8417, 1111.646
1520.081708431244, 1.1, 2.8418, 1111.366
1522.0818512439728, 1.1, 2.8419, 1111.089
1524.0819537639618, 1.1, 2.8419, 1110.958
1526.0820579528809, 1.1, 2.8419, 1110.816
1528.0821948051453, 1.1, 2.842, 1110.685
1530.0822849273682, 1.1, 2.8419, 1110.444
1532.0823848247528, 1.1, 2.842, 1110.226
1534.08247756958, 1.1, 2.8421, 1110.142
1536.0825805664062, 1.1, 2.8421, 1109.994
1538.0826568603516, 1.1, 2.8423, 1109.68
1540.0827407836914, 1.1, 2.8422, 1109.444
1542.08282995224, 1.1001, 2.8423, 1109.359
1544.0829319953918, 1.1001, 2.8422, 1109.328
1546.0830194950104, 1.1, 2.8423, 1109.353
1548.0831079483032, 1.1, 2.8424, 1109.261
1550.0832109451294, 1.1001, 2.8423, 1109.099
1552.0833458900452, 1.1, 2.8424, 1108.953
1554.083447933197, 1.1, 2.8424, 1108.854
1556.0835378170013, 1.1, 2.8424, 1108.666
1558.0836255550385, 1.1, 2.8424, 1108.689
1560.0837087631226, 1.1, 2.8424, 1108.615
1562.083795785904, 1.1, 2.8425, 1108.464
1564.0838768482208, 1.1, 2.8424, 1108.416
1566.0839653015137, 1.1, 2.8424, 1108.348
1568.084058523178, 1.1, 2.8425, 1108.035
1570.084159374237, 1.1, 2.8426, 1107.787
1572.0842595100403, 1.1, 2.8427, 1107.9
1574.084391593933, 1.1, 2.8426, 1108.015
1576.0844707489014, 1.1, 2.8426, 1108.014
1578.084549665451, 1.1, 2.8427, 1107.814
1580.084635257721, 1.1, 2.8427, 1107.682
1582.0847165584564, 1.1, 2.8428, 1107.495
1584.0848217010498, 1.1, 2.8429, 1107.393
1586.0849070549011, 1.1, 2.8429, 1107.381
1588.0849967002869, 1.1, 2.843, 1107.396
1590.0850813388824, 1.1, 2.843, 1107.553
1592.0851700305939, 1.1, 2.8428, 1107.724
1594.0852508544922, 1.1, 2.8428, 1107.815
1596.0853531360626, 1.1, 2.8428, 1107.775
1598.085443496704, 1.1, 2.8427, 1107.693
1600.0855448246002, 1.1, 2.8428, 1107.455
1602.0856294631958, 1.1, 2.8429, 1107.213
1604.0857090950012, 1.1, 2.8429, 1107.086
1606.0858120918274, 1.1, 2.8429, 1107.144
1608.0858931541443, 1.1, 2.8431, 1106.914
1610.0859866142273, 1.1, 2.843, 1106.687
1612.0860776901245, 1.1, 2.8429, 1106.595
1614.0861797332764, 1.1, 2.8431, 1106.513
1616.0862646102905, 1.1, 2.8431, 1106.365
1618.086352109909, 1.1, 2.8433, 1106.151
1620.086433172226, 1.1, 2.8431, 1106.023
1622.0865137577057, 1.1, 2.8431, 1105.812
1624.0866196155548, 1.1, 2.8433, 1105.598
1626.0867502689362, 1.1, 2.8433, 1105.624
1628.086843252182, 1.1, 2.8434, 1105.572
1630.0869209766388, 1.1, 2.8434, 1105.423
1632.0870022773743, 1.1, 2.8433, 1105.295
1634.0870921611786, 1.1, 2.8434, 1105.284
1636.08722448349, 1.1, 2.8433, 1105.35
1638.0873064994812, 1.1, 2.8434, 1105.186
1640.0873837471008, 1.1, 2.8434, 1104.995
1642.0874733924866, 1.1, 2.8435, 1104.83
1644.0875556468964, 1.1, 2.8434, 1104.822
1646.087634086609, 1.1, 2.8435, 1104.844
1648.0877196788788, 1.1, 2.8435, 1104.878
1650.0878100395203, 1.1, 2.8436, 1104.754
1652.087916135788, 1.1, 2.8436, 1104.464
1654.0880010128021, 1.1, 2.8436, 1104.429
1656.088082075119, 1.1, 2.8436, 1104.435
1658.0881650447845, 1.1, 2.8437, 1104.492
1660.088256597519, 1.1, 2.8437, 1104.467
1662.0883438587189, 1.1, 2.8437, 1104.3
1664.0884442329407, 1.1, 2.8437, 1104.247
1666.0885350704193, 1.1, 2.8437, 1104.137
1668.088635444641, 1.1, 2.8437, 1104.062
1670.088722229004, 1.1, 2.8438, 1104.041
1672.0888679027557, 1.1, 2.8438, 1104.157
1674.0889494419098, 1.1, 2.8437, 1104.255
1676.0890319347382, 1.1, 2.8437, 1104.246
1678.0891346931458, 1.1, 2.8437, 1104.187
1680.0892353057861, 1.1, 2.8439, 1104.083
1682.0893223285675, 1.1, 2.8438, 1103.912
1684.0894048213959, 1.1, 2.8438, 1103.747
1686.0894837379456, 1.1, 2.8437, 1103.587
1688.0895631313324, 1.1, 2.8438, 1103.423
1690.089641571045, 1.1, 2.8438, 1103.311
1692.0897419452667, 1.1, 2.8438, 1103.331
1694.0898303985596, 1.1, 2.8438, 1103.433
1696.0899093151093, 1.1, 2.8437, 1103.601
1698.0899901390076, 1.1, 2.8438, 1103.73
1700.0900673866272, 1.1, 2.8438, 1103.705
1702.0901668071747, 1.1, 2.8437, 1103.668
1704.090259552002, 1.1, 2.8437, 1103.67
1706.090360879898, 1.1, 2.8438, 1103.534
1708.0904488563538, 1.1, 2.8439, 1103.425
1710.0905303955078, 1.1, 2.8438, 1103.384
1712.0906164646149, 1.1, 2.8437, 1103.299
1714.0906965732574, 1.1, 2.8438, 1103.207
1716.0907826423645, 1.1, 2.8439, 1103.058
1718.0909082889557, 1.1, 2.8439, 1102.909
1720.0909867286682, 1.1, 2.8439, 1102.812
1722.091072320938, 1.1, 2.844, 1102.725
1724.091159105301, 1.1, 2.844, 1102.623
1726.0912642478943, 1.1, 2.844, 1102.477
1728.0913422107697, 1.1, 2.844, 1102.374
1730.0914194583893, 1.1, 2.844, 1102.3
1732.0914957523346, 1.1, 2.8439, 1102.24
1734.0915908813477, 1.1, 2.844, 1102.153
1736.0916695594788, 1.1, 2.844, 1102.258
1738.0917491912842, 1.1, 2.844, 1102.237
1740.0918538570404, 1.1, 2.8441, 1102.096
1742.091970205307, 1.1, 2.844, 1102.263
1744.0920672416687, 1.1, 2.8442, 1102.344
1746.0921642780304, 1.1, 2.8443, 1102.459
1748.0922269821167, 1.1, 2.8442, 1102.409
1750.0923087596893, 1.1, 2.8442, 1102.132
1752.0923850536346, 1.1, 2.8442, 1101.747
1754.0924696922302, 1.1, 2.8443, 1101.574
1756.0925755500793, 1.1, 2.8443, 1101.618
1758.0926530361176, 1.1, 2.8443, 1101.619
1760.0927302837372, 1.1, 2.8443, 1101.581
1762.0928361415863, 1.1, 2.8444, 1101.571
1764.0929188728333, 1.1, 2.8444, 1101.617
1766.0930020809174, 1.1, 2.8442, 1101.662
1768.0930833816528, 1.1, 2.8443, 1101.667
1770.0931582450867, 1.1, 2.8442, 1101.597
1772.0932495594025, 1.1, 2.8443, 1101.447
1774.093325138092, 1.1, 2.8443, 1101.321
1776.0934040546417, 1.1, 2.8443, 1101.228
1778.093504667282, 1.1, 2.8444, 1101.059
1780.093584060669, 1.1, 2.8443, 1100.843
1782.0936653614044, 1.1, 2.8444, 1100.88
1784.0937478542328, 1.1, 2.8444, 1100.777
1786.093831539154, 1.1, 2.8443, 1100.564
1788.0939118862152, 1.1, 2.8444, 1100.734
1790.094004392624, 1.1, 2.8444, 1101.039
1792.0940899848938, 1.1, 2.8445, 1101.057
1794.094166278839, 1.1, 2.8444, 1100.881
1796.094248533249, 1.1, 2.8445, 1100.776
1798.0943484306335, 1.1, 2.8447, 1100.657
1800.0944368839264, 1.1, 2.8446, 1100.391
1802.0945281982422, 1.1, 2.8446, 1100.327
1804.0946061611176, 1.1, 2.8446, 1100.317
1806.094740152359, 1.1, 2.8445, 1100.355
1808.094822883606, 1.1, 2.8445, 1100.249
1810.0949230194092, 1.1, 2.8447, 1100.137
1812.0950057506561, 1.1, 2.8447, 1100.018
1814.0950887203217, 1.1, 2.8447, 1099.916
1816.0951726436615, 1.1, 2.8447, 1099.812
1818.0952532291412, 1.1, 2.8449, 1099.716
1820.095327615738, 1.1, 2.8449, 1099.551
1822.095421075821, 1.1, 2.8449, 1099.441
1824.095520734787, 1.1, 2.8448, 1099.363
1826.0956535339355, 1.1, 2.845, 1099.28
1828.0957896709442, 1.1, 2.8449, 1099.16
1830.0958881378174, 1.1, 2.8448, 1098.992
1832.095990896225, 1.1, 2.8448, 1098.877
1834.0960919857025, 1.1, 2.8448, 1098.806
1836.0961799621582, 1.1, 2.8449, 1098.758
1838.0962600708008, 1.1, 2.8449, 1098.604
1840.0963599681854, 1.1, 2.8449, 1098.463
1842.0964448451996, 1.1, 2.8451, 1098.525
1844.0965390205383, 1.1, 2.845, 1098.62
1846.0966835021973, 1.1, 2.845, 1098.656
1848.0967721939087, 1.1, 2.845, 1098.61
1850.0968606472015, 1.1, 2.8451, 1098.576
1852.096952676773, 1.1, 2.8452, 1098.485
1854.097092628479, 1.1, 2.8451, 1098.612
1856.09716963768, 1.1, 2.8451, 1098.697
1858.0972616672516, 1.1, 2.8452, 1098.698
1860.097396850586, 1.1, 2.8451, 1098.727
1862.0974795818329, 1.1, 2.8452, 1098.754
1864.0975689888, 1.1, 2.845, 1098.751
1866.0976555347443, 1.1, 2.8451, 1098.771
1868.097737312317, 1.1, 2.8451, 1098.876
1870.0978450775146, 1.1, 2.8451, 1099.006
1872.0979261398315, 1.1, 2.845, 1099.194
1874.0980048179626, 1.1, 2.8451, 1099.321
1876.0980961322784, 1.1, 2.8451, 1099.356
1878.0981843471527, 1.1, 2.845, 1099.325
1880.0983197689056, 1.1, 2.845, 1099.257
1882.0984020233154, 1.1, 2.845, 1099.246
1884.098528623581, 1.1, 2.8451, 1099.269
1886.098608493805, 1.1, 2.8451, 1099.367
1888.0986878871918, 1.1, 2.845, 1099.414
1890.0987701416016, 1.1, 2.845, 1099.282
1892.0988516807556, 1.1, 2.845, 1099.091
1894.0989305973053, 1.1, 2.8449, 1098.882
1896.0990312099457, 1.1, 2.8451, 1098.679
1898.099126815796, 1.1, 2.8453, 1098.541
1900.0992283821106, 1.1, 2.8454, 1098.342
1902.099328994751, 1.1, 2.8454, 1098.167
1904.0994305610657, 1.1, 2.8453, 1098.018
1906.0995314121246, 1.1, 2.8455, 1097.834
1908.0996327400208, 1.1, 2.8454, 1097.678
1910.0997138023376, 1.1, 2.8454, 1097.545
1912.0998122692108, 1.1, 2.8456, 1097.425
1914.0999143123627, 1.1, 2.8456, 1097.352
1916.1000163555145, 1.1, 2.8455, 1097.272
1918.1001176834106, 1.1, 2.8456, 1097.251
1920.1002190113068, 1.1, 2.8456, 1097.099
1922.1002974510193, 1.1, 2.8457, 1097.005
1924.1003994941711, 1.1001, 2.8457, 1096.914
1926.1005012989044, 1.1, 2.8458, 1096.93
1928.1005783081055, 1.1, 2.8457, 1096.832
1930.1006608009338, 1.1, 2.8457, 1096.539
1932.1007614135742, 1.1, 2.8457, 1096.368
1934.1008508205414, 1.1, 2.8458, 1096.251
1936.1009516716003, 1.1, 2.8457, 1096.34
1938.1010854244232, 1.1, 2.8458, 1096.488
1940.1011853218079, 1.1, 2.8459, 1096.607
1942.1012864112854, 1.1001, 2.8459, 1096.508
1944.1013858318329, 1.1, 2.8458, 1096.52
1946.1014637947083, 1.1, 2.8458, 1096.678
1948.1015520095825, 1.1, 2.8457, 1096.878
1950.1016545295715, 1.1, 2.8458, 1096.959
1952.1017396450043, 1.1, 2.8457, 1096.95
1954.1018216609955, 1.1, 2.8457, 1096.953
1956.1018996238708, 1.1, 2.8457, 1097.063
1958.1019792556763, 1.1, 2.8455, 1097.041
1960.1021046638489, 1.1, 2.8457, 1096.981
1962.1022052764893, 1.1, 2.8458, 1096.842
1964.1022849082947, 1.1, 2.8458, 1096.849
1966.1023676395416, 1.1, 2.8457, 1096.816
1968.1024494171143, 1.1, 2.8457, 1096.876
1970.1025819778442, 1.1, 2.8458, 1096.958
1972.1026668548584, 1.1, 2.8459, 1096.978
1974.1027538776398, 1.1, 2.8459, 1096.833
1976.1028521060944, 1.1, 2.8459, 1096.509
1978.1029543876648, 1.1, 2.846, 1096.392
1980.1030361652374, 1.1, 2.8461, 1096.385
1982.1031155586243, 1.1, 2.8462, 1096.247
1984.103194475174, 1.1, 2.8461, 1096.138
1986.1032843589783, 1.1001, 2.8462, 1096.049
1988.1033959388733, 1.1, 2.8462, 1096.082
1990.1034798622131, 1.1, 2.8462, 1096.031
1992.1035630702972, 1.1001, 2.8463, 1095.818
1994.1036615371704, 1.1001, 2.8464, 1095.741
1996.103747367859, 1.1001, 2.8464, 1095.755
1998.103853225708, 1.1, 2.8462, 1095.757
2000.1039307117462, 1.1, 2.8462, 1095.771
2002.1040120124817, 1.1, 2.8461, 1095.949
2004.1041145324707, 1.1, 2.8461, 1096.308
2006.104216337204, 1.1, 2.8461, 1096.435
2008.104320526123, 1.1, 2.846, 1096.498
2010.1044189929962, 1.1, 2.8462, 1096.467
2012.1045517921448, 1.1, 2.8461, 1096.33
2014.104636669159, 1.1, 2.846, 1096.247
2016.104739665985, 1.1, 2.8461, 1096.193
2018.1048130989075, 1.1, 2.846, 1096.183
2020.1049575805664, 1.1, 2.846, 1096.175
2022.105057477951, 1.1, 2.8461, 1096.136
2024.105137348175, 1.1, 2.8461, 1096.088
2026.1052196025848, 1.1, 2.846, 1095.999
2028.1053502559662, 1.1, 2.846, 1095.97
2030.1054832935333, 1.1, 2.8461, 1096.015
2032.1055753231049, 1.1, 2.8461, 1096.01
2034.1056559085846, 1.1, 2.846, 1096.0
2036.1057348251343, 1.1, 2.8461, 1095.961
2038.1058218479156, 1.1, 2.8461, 1095.86
2040.105901479721, 1.1001, 2.8462, 1095.696
2042.1059889793396, 1.1, 2.8462, 1095.478
2044.1060893535614, 1.1001, 2.8463, 1095.25
2046.1061697006226, 1.1, 2.8463, 1095.137
2048.106257915497, 1.1001, 2.8464, 1095.064
2050.1063368320465, 1.1, 2.8464, 1095.027
2052.1064686775208, 1.1, 2.8463, 1095.01
2054.1065244674683, 1.1, 2.8464, 1095.058
2056.106604576111, 1.1, 2.8464, 1095.008
2058.1066851615906, 1.1, 2.8464, 1094.859
2060.1068255901337, 1.1, 2.8465, 1094.643
2062.1069083213806, 1.1, 2.8464, 1094.408
2064.1069927215576, 1.1, 2.8465, 1094.343
2066.107076883316, 1.1, 2.8463, 1094.337
2068.1071615219116, 1.1001, 2.8466, 1094.598
2070.1072437763214, 1.1, 2.8465, 1094.691
2072.107322216034, 1.1, 2.8464, 1094.712
2074.1074101924896, 1.1001, 2.8464, 1094.596
2076.107489347458, 1.1, 2.8465, 1094.548
2078.1076164245605, 1.1, 2.8465, 1094.462
2080.1077024936676, 1.1, 2.8465, 1094.374
2082.1077909469604, 1.1, 2.8464, 1094.35
2084.1078753471375, 1.1, 2.8465, 1094.362
2086.1080029010773, 1.1001, 2.8465, 1094.458
2088.10808134079, 1.1001, 2.8465, 1094.521
2090.1081581115723, 1.1, 2.8465, 1094.526
2092.108245611191, 1.1, 2.8467, 1094.42
2094.1083397865295, 1.1001, 2.8467, 1094.22
2096.1084413528442, 1.1, 2.8467, 1094.197
2098.1085753440857, 1.1, 2.8466, 1094.291
2100.108652114868, 1.1, 2.8467, 1094.101
2102.108784198761, 1.1, 2.8467, 1093.789
2104.1088712215424, 1.1001, 2.8467, 1093.59
2106.1089696884155, 1.1, 2.8467, 1093.397
2108.1090626716614, 1.1, 2.8468, 1093.253
2110.1091961860657, 1.1, 2.8468, 1093.23
2112.1092779636383, 1.1, 2.8468, 1093.209
2114.1093833446503, 1.1, 2.8468, 1093.19
2116.1094846725464, 1.1, 2.8467, 1093.201
2118.109570980072, 1.1, 2.8468, 1093.265
2120.109662771225, 1.1001, 2.8469, 1093.332
2122.1097633838654, 1.1, 2.8468, 1093.271
2124.1099050045013, 1.1, 2.8468, 1093.213
2126.109984397888, 1.1, 2.8469, 1093.099
2128.1100866794586, 1.1, 2.8469, 1092.974
2130.11016702652, 1.1, 2.8469, 1092.937
2132.110268831253, 1.1, 2.847, 1092.935
2134.110370159149, 1.1, 2.8469, 1092.96
2136.110454559326, 1.1, 2.8469, 1092.992
2138.110537290573, 1.1, 2.8469, 1092.966
2140.1106190681458, 1.1, 2.8469, 1092.959
2142.1107013225555, 1.1, 2.8469, 1092.924
2144.1107878684998, 1.1, 2.8469, 1092.853
2146.11093211174, 1.1, 2.847, 1092.761
2148.1110138893127, 1.1, 2.847, 1092.674
2150.1111092567444, 1.1, 2.8471, 1092.546
2152.111207008362, 1.1, 2.8471, 1092.357
2154.1112978458405, 1.1, 2.8472, 1092.193
2156.1113867759705, 1.1, 2.8472, 1092.051
2158.111492395401, 1.1, 2.8473, 1091.927
2160.1115732192993, 1.1, 2.8473, 1091.828
2162.1116573810577, 1.1, 2.8473, 1091.779
2164.1117384433746, 1.1, 2.8474, 1091.729
2166.111823320389, 1.1, 2.8474, 1091.628
2168.1119096279144, 1.1, 2.8472, 1091.621
2170.112010717392, 1.1, 2.8473, 1091.638
2172.112118244171, 1.1, 2.8473, 1091.632
2174.112257003784, 1.1, 2.8474, 1091.611
2176.112394809723, 1.1, 2.8475, 1091.595
2178.11248087883, 1.1001, 2.8475, 1091.603
2180.1125676631927, 1.1, 2.8475, 1091.568
2182.1126816272736, 1.1, 2.8475, 1091.591
2184.112813472748, 1.1, 2.8475, 1091.498
2186.112916469574, 1.1, 2.8475, 1091.415
2188.113025188446, 1.1, 2.8474, 1091.309
2190.1131279468536, 1.1, 2.8474, 1091.172
2192.113219499588, 1.1, 2.8475, 1091.08
2194.1133558750153, 1.1, 2.8475, 1090.92
2196.113488674164, 1.1001, 2.8477, 1090.78
2198.113568544388, 1.1, 2.8477, 1090.527
2200.1136708259583, 1.1, 2.8476, 1090.372
2202.1137788295746, 1.1, 2.8477, 1090.315
2204.113893032074, 1.1, 2.8476, 1090.274
2206.113995075226, 1.1, 2.8476, 1090.347
2208.114098548889, 1.1, 2.8476, 1090.437
2210.1141908168793, 1.1, 2.8477, 1090.569
2212.1142988204956, 1.1, 2.8476, 1090.631
2214.1144003868103, 1.1, 2.8477, 1090.585
2216.11448097229, 1.1, 2.8478, 1090.478
2218.114588499069, 1.1, 2.8478, 1090.266
2220.1147227287292, 1.1, 2.8478, 1090.087
2222.114828824997, 1.1, 2.8477, 1090.0
2224.114973783493, 1.1, 2.8477, 1090.01
2226.115077018738, 1.1, 2.8477, 1090.109
2228.115172624588, 1.1, 2.8476, 1090.307
2230.1152596473694, 1.1, 2.8476, 1090.421
2232.115357875824, 1.1, 2.8476, 1090.343
2234.1154420375824, 1.1, 2.8477, 1090.311
2236.11555147171, 1.1, 2.8477, 1090.4
2238.1156499385834, 1.1, 2.8475, 1090.483
2240.115763425827, 1.1, 2.8476, 1090.516
2242.11585855484, 1.1, 2.8475, 1090.429
2244.1159954071045, 1.1, 2.8476, 1090.321
2246.1161353588104, 1.1, 2.8475, 1090.261
2248.1162343025208, 1.1, 2.8475, 1090.279
2250.1163721084595, 1.1, 2.8475, 1090.341
2252.1164515018463, 1.1, 2.8475, 1090.263
2254.1165380477905, 1.1, 2.8476, 1090.276
2256.116639852524, 1.1, 2.8477, 1090.194
2258.1168270111084, 1.1, 2.8476, 1090.144
2260.1169588565826, 1.1, 2.8475, 1090.074
2262.117050409317, 1.1, 2.8477, 1090.002
2264.117155313492, 1.1001, 2.8477, 1089.88
2266.11723780632, 1.1001, 2.8478, 1089.755
2268.1173372268677, 1.1001, 2.8478, 1089.647
2270.117416381836, 1.1001, 2.8478, 1089.584
2272.117518901825, 1.1, 2.8479, 1089.492
2274.1176187992096, 1.1, 2.8478, 1089.505
2276.1177191734314, 1.1001, 2.8479, 1089.54
2278.1178205013275, 1.1001, 2.8478, 1089.611
2280.1179208755493, 1.1, 2.8478, 1089.716
2282.1180217266083, 1.1, 2.8478, 1089.788
2284.11812210083, 1.1, 2.8478, 1089.767
2286.1182272434235, 1.1, 2.8478, 1089.788
2288.1183071136475, 1.1, 2.8478, 1089.831
2290.118420124054, 1.1001, 2.8478, 1089.843
2292.118536233902, 1.1001, 2.8478, 1089.738
2294.118639945984, 1.1, 2.8477, 1089.739
2296.1187772750854, 1.1, 2.8479, 1089.957
2298.118889093399, 1.1001, 2.8478, 1090.294
2300.1189773082733, 1.1, 2.8478, 1090.42
2302.119079351425, 1.1001, 2.8479, 1090.077
2304.119215965271, 1.1001, 2.848, 1089.834
2306.119302749634, 1.1001, 2.8478, 1089.905
2308.1194398403168, 1.1001, 2.8479, 1090.065
2310.1195344924927, 1.1, 2.8477, 1090.082
2312.11962723732, 1.1, 2.8478, 1090.043
2314.1197180747986, 1.1001, 2.8478, 1090.045
2316.1198632717133, 1.1, 2.8477, 1090.103
2318.119960308075, 1.1, 2.8478, 1090.101
2320.1200907230377, 1.1, 2.8477, 1090.181
2322.1201944351196, 1.1, 2.8477, 1090.236
2324.120276451111, 1.1, 2.8478, 1090.211
2326.1203722953796, 1.1, 2.8478, 1090.046
2328.1204562187195, 1.1, 2.8478, 1089.9
2330.1205518245697, 1.1, 2.8478, 1089.752
2332.1206419467926, 1.1, 2.8479, 1089.716
2334.1207444667816, 1.1, 2.8479, 1089.652
2336.1208357810974, 1.1, 2.8478, 1089.579
2338.120941877365, 1.1, 2.8477, 1089.51
2340.1210753917694, 1.1, 2.8478, 1089.453
2342.121154308319, 1.1, 2.8478, 1089.509
2344.1212570667267, 1.1, 2.8478, 1089.652
2346.121340274811, 1.1, 2.8479, 1089.957
2348.121440887451, 1.1, 2.8479, 1089.928
2350.1215295791626, 1.1, 2.8477, 1089.764
2352.121618747711, 1.1, 2.8479, 1089.653
2354.12175488472, 1.1, 2.8479, 1089.603
2356.1219160556793, 1.1, 2.8478, 1089.6
2358.122017145157, 1.1, 2.8479, 1089.63
2360.1220960617065, 1.1, 2.848, 1089.444
2362.1221816539764, 1.1, 2.848, 1089.212
2364.1222705841064, 1.1, 2.8479, 1089.042
2366.122358560562, 1.1, 2.848, 1089.016
2368.1224448680878, 1.1, 2.8481, 1088.937
2370.1225831508636, 1.1, 2.848, 1088.895
2372.1226835250854, 1.1001, 2.8481, 1088.849
2374.1227724552155, 1.1, 2.8482, 1088.65
2376.122866153717, 1.1, 2.8482, 1088.58
2378.122945547104, 1.1, 2.8482, 1088.47
2380.123027563095, 1.1, 2.8481, 1088.411
2382.123117685318, 1.1, 2.8481, 1088.419
2384.1232075691223, 1.1, 2.8482, 1088.465
2386.1232991218567, 1.1, 2.8481, 1088.63
2388.1234333515167, 1.1, 2.8481, 1088.632
2390.1235728263855, 1.1, 2.8482, 1088.629
2392.1236600875854, 1.1, 2.8482, 1088.651
2394.1237499713898, 1.1, 2.8482, 1088.646
2396.1238338947296, 1.1, 2.8481, 1088.632
2398.123925924301, 1.1, 2.8481, 1088.575
2400.1240265369415, 1.1, 2.848, 1088.584
2402.124125480652, 1.1, 2.8481, 1088.531
2404.1242258548737, 1.1, 2.8482, 1088.448
2406.1243093013763, 1.1, 2.8482, 1088.476
2408.124451160431, 1.1, 2.8482, 1088.409
2410.124552965164, 1.1, 2.8483, 1088.316
2412.1246445178986, 1.1, 2.8483, 1088.128
2414.1247251033783, 1.1, 2.8484, 1087.951
2416.1248717308044, 1.1, 2.8484, 1087.79
2418.1249589920044, 1.1, 2.8484, 1087.611
2420.125060081482, 1.1, 2.8485, 1087.446
2422.1251990795135, 1.1, 2.8485, 1087.369
2424.1253304481506, 1.1, 2.8485, 1087.414
2426.1254222393036, 1.1, 2.8486, 1087.441
2428.125515460968, 1.1, 2.8485, 1087.442
2430.125874519348, 1.1, 2.8486, 1087.366
2432.1259779930115, 1.1, 2.8485, 1087.202
2434.126081943512, 1.1, 2.8485, 1086.969
2436.126181602478, 1.1, 2.8486, 1086.893
2438.12628364563, 1.1, 2.8485, 1086.726
2440.126376390457, 1.1, 2.8486, 1086.663
2442.126540660858, 1.1, 2.8485, 1086.758
2444.1266288757324, 1.1, 2.8487, 1086.714
2446.126718044281, 1.1, 2.8487, 1086.645
2448.126821756363, 1.1, 2.8487, 1086.562
2450.1269006729126, 1.1, 2.8488, 1086.519
2452.126979827881, 1.1, 2.8488, 1086.503
2454.127079486847, 1.1, 2.8487, 1086.479
2456.127178668976, 1.1, 2.8486, 1086.441
2458.127279281616, 1.1, 2.8487, 1086.378
2460.1273787021637, 1.1, 2.8487, 1086.361
2462.127482652664, 1.1, 2.8487, 1086.428
2464.1275868415833, 1.1, 2.8488, 1086.505
2466.1276893615723, 1.1, 2.8488, 1086.602
2468.1277680397034, 1.1, 2.8487, 1086.471
2470.127857208252, 1.1, 2.8488, 1086.284
2472.12793469429, 1.1, 2.8487, 1086.154
2474.128045320511, 1.1, 2.8488, 1086.06
2476.128133535385, 1.1, 2.8487, 1086.016
2478.1282348632812, 1.1, 2.8489, 1085.992
2480.1283683776855, 1.1, 2.8489, 1085.982
2482.128504514694, 1.1, 2.8488, 1085.871
2484.128605365753, 1.1, 2.8489, 1085.792
2486.128685235977, 1.1, 2.8488, 1085.91
2488.1287677288055, 1.1, 2.8488, 1085.973
2490.1289143562317, 1.1, 2.8488, 1086.031
2492.1290471553802, 1.1, 2.8487, 1086.124
2494.129156112671, 1.1, 2.8487, 1086.192
2496.1292593479156, 1.1, 2.8487, 1086.187
2498.1293938159943, 1.1, 2.8487, 1086.339
2500.1295268535614, 1.1, 2.8485, 1086.578
2502.1296100616455, 1.1, 2.8486, 1086.68
2504.129686832428, 1.1, 2.8485, 1086.692
2506.129773378372, 1.1, 2.8486, 1086.708
2508.1299073696136, 1.1, 2.8485, 1086.741
2510.1299934387207, 1.1, 2.8484, 1086.951
2512.130082130432, 1.1, 2.8485, 1087.202
2514.1301651000977, 1.1, 2.8485, 1087.359
2516.130306482315, 1.1, 2.8485, 1087.268
2518.1304309368134, 1.1, 2.8485, 1087.044
2520.1305153369904, 1.1, 2.8484, 1086.85
2522.1305978298187, 1.1, 2.8486, 1086.798
2524.130687236786, 1.1, 2.8486, 1086.748
2526.130787372589, 1.1, 2.8485, 1086.568
2528.1308903694153, 1.1, 2.8485, 1086.407
2530.1309752464294, 1.1, 2.8486, 1086.306
2532.1311089992523, 1.1, 2.8486, 1086.203
2534.1312308311462, 1.1, 2.8486, 1086.025
2536.131335735321, 1.1, 2.8486, 1086.065
2538.131436109543, 1.1, 2.8487, 1086.086
2540.1315150260925, 1.1, 2.8487, 1086.025
2542.131592988968, 1.1, 2.8487, 1086.035
2544.131687402725, 1.1, 2.8486, 1086.041
2546.131776332855, 1.1, 2.8486, 1086.022
2548.131866455078, 1.1, 2.8487, 1085.888
2550.131942987442, 1.1, 2.8487, 1085.852
2552.1320724487305, 1.1, 2.8487, 1085.702
2554.132152080536, 1.1, 2.8487, 1085.448
2556.1322531700134, 1.1, 2.8489, 1085.162
2558.1323416233063, 1.1, 2.8487, 1085.083
2560.132419347763, 1.1, 2.8487, 1085.115
2562.1325039863586, 1.1, 2.8488, 1085.196
2564.1326067447662, 1.1, 2.8487, 1085.313
2566.132683992386, 1.1, 2.8488, 1085.533
2568.1327867507935, 1.1, 2.8488, 1085.729
2570.132867336273, 1.1, 2.8487, 1085.814
2572.1329958438873, 1.1, 2.8487, 1085.829
2574.1330778598785, 1.1, 2.8486, 1085.796
2576.1331560611725, 1.1, 2.8488, 1085.713
2578.1332581043243, 1.1, 2.8487, 1085.487
2580.1333372592926, 1.1, 2.8488, 1085.3
2582.1334154605865, 1.1, 2.8489, 1085.178
2584.1335468292236, 1.1, 2.8488, 1085.02
2586.1336419582367, 1.1, 2.849, 1084.822
2588.1337258815765, 1.1, 2.8489, 1084.758
2590.133805036545, 1.1, 2.8489, 1084.654
2592.13388299942, 1.1, 2.8489, 1084.566
2594.133959531784, 1.1, 2.849, 1084.458
2596.134042263031, 1.1, 2.849, 1084.293
2598.134178161621, 1.1, 2.8489, 1084.094
2600.13428068161, 1.1, 2.849, 1084.125
2602.134379863739, 1.1, 2.849, 1084.036
2604.1344661712646, 1.1, 2.849, 1084.011
2606.134552717209, 1.1, 2.849, 1084.035
2608.1346883773804, 1.1, 2.849, 1084.08
2610.134787082672, 1.1, 2.849, 1084.255
2612.1348719596863, 1.1, 2.8489, 1084.639
2614.1349790096283, 1.0999, 2.8489, 1084.82
2616.135059595108, 1.1, 2.849, 1084.806
2618.135139942169, 1.1, 2.8491, 1084.695
2620.1352434158325, 1.1, 2.849, 1084.574
2622.135345697403, 1.1, 2.849, 1084.479
2624.1354463100433, 1.1, 2.849, 1084.37
2626.1355345249176, 1.1, 2.849, 1084.169
2628.135636806488, 1.1, 2.849, 1083.929
2630.135716199875, 1.1, 2.849, 1083.759
2632.135817050934, 1.1, 2.849, 1083.673
2634.135900259018, 1.1, 2.849, 1083.753
2636.135976791382, 1.1, 2.849, 1083.872
2638.136077642441, 1.1, 2.8491, 1083.998
2640.1361796855927, 1.1, 2.8492, 1083.969
2642.1362628936768, 1.1, 2.8491, 1083.768
2644.1363956928253, 1.1, 2.8491, 1083.894
2646.1365308761597, 1.1, 2.849, 1084.011
2648.1366126537323, 1.1, 2.8493, 1083.895
2650.136699438095, 1.0999, 2.8491, 1083.77
2652.136801958084, 1.1, 2.8492, 1083.659
2654.136904478073, 1.1, 2.8491, 1083.485
2656.1369919776917, 1.1, 2.8492, 1083.386
2658.137093782425, 1.1, 2.8491, 1083.301
2660.1371948719025, 1.1, 2.8492, 1083.249
2662.1372752189636, 1.0999, 2.8493, 1083.137
2664.1373784542084, 1.1, 2.8493, 1083.054
2666.137459039688, 1.1, 2.8494, 1082.957
2668.137542247772, 1.1, 2.8494, 1082.796
2670.137642145157, 1.1, 2.8493, 1082.757
2672.137725353241, 1.1, 2.8494, 1082.747
2674.1378259658813, 1.1, 2.8494, 1082.747
2676.137911081314, 1.1, 2.8493, 1082.617
2678.1380245685577, 1.1, 2.8494, 1082.493
2680.1381266117096, 1.1, 2.8493, 1082.635
2682.1382184028625, 1.1, 2.8495, 1082.824
2684.138296842575, 1.1, 2.8494, 1082.942
2686.138430595398, 1.1, 2.8492, 1083.085
2688.1385400295258, 1.1, 2.8494, 1083.3
2690.1386394500732, 1.0999, 2.8493, 1083.422
2692.138741016388, 1.1, 2.8493, 1083.621
2694.1388211250305, 1.1, 2.8492, 1083.72
2696.138921022415, 1.1, 2.8493, 1083.682
2698.1390211582184, 1.1, 2.8492, 1083.628
2700.1391048431396, 1.1, 2.8492, 1083.717
2702.1391820907593, 1.1, 2.8491, 1083.696
2704.1392755508423, 1.1, 2.8491, 1083.461
2706.139408349991, 1.1, 2.8491, 1083.484
2708.139509677887, 1.1, 2.8491, 1083.596
2710.1395919322968, 1.1, 2.8491, 1083.822
2712.1396763324738, 1.1, 2.8492, 1083.903
2714.1397609710693, 1.1, 2.8493, 1083.907
2716.139868736267, 1.1, 2.8493, 1083.913
2718.1399681568146, 1.1, 2.8492, 1083.838
2720.1400468349457, 1.1, 2.8491, 1083.711
2722.140179872513, 1.1, 2.8493, 1083.502
2724.140261888504, 1.1, 2.8493, 1083.311
2726.1403937339783, 1.1, 2.8493, 1083.119
2728.1404750347137, 1.1, 2.8494, 1083.005
2730.1405754089355, 1.1, 2.8494, 1082.859
2732.1406767368317, 1.1, 2.8494, 1082.692
2734.1407613754272, 1.1, 2.8494, 1082.587
2736.1408689022064, 1.1, 2.8493, 1082.557
2738.1409509181976, 1.1, 2.8494, 1082.584
2740.141044616699, 1.1, 2.8495, 1082.513
2742.1411209106445, 1.1, 2.8495, 1082.438
2744.1412150859833, 1.1, 2.8495, 1082.38
2746.141314983368, 1.0999, 2.8494, 1082.259
2748.1413917541504, 1.1, 2.8495, 1082.127
2750.141519546509, 1.1, 2.8495, 1082.12
2752.1416397094727, 1.0999, 2.8496, 1082.114
2754.1417191028595, 1.1, 2.8495, 1081.997
2756.141802549362, 1.1, 2.8495, 1081.83
2758.1419031620026, 1.1, 2.8495, 1081.813
2760.141986131668, 1.1, 2.8495, 1081.779
2762.142064809799, 1.1, 2.8495, 1082.078
2764.1421949863434, 1.1, 2.8496, 1082.183
2766.142273902893, 1.1, 2.8495, 1082.107
2768.1423597335815, 1.1, 2.8494, 1082.083
2770.142520427704, 1.0999, 2.8494, 1082.092
2772.1426045894623, 1.0999, 2.8494, 1082.111
2774.142683506012, 1.0999, 2.8494, 1082.341
2776.1427659988403, 1.1, 2.8493, 1082.405
2778.142858028412, 1.1, 2.8495, 1082.604
2780.1429376602173, 1.1, 2.8494, 1082.39
2782.1430158615112, 1.1, 2.8495, 1082.213
2784.1431183815002, 1.1, 2.8496, 1082.123
2786.143203496933, 1.1, 2.8495, 1081.934
2788.1432888507843, 1.1, 2.8495, 1081.933
2790.1433782577515, 1.1, 2.8497, 1081.901
2792.1434614658356, 1.1, 2.8495, 1081.921
2794.143565893173, 1.1, 2.8496, 1081.938
2796.1436648368835, 1.0999, 2.8495, 1081.863
2798.143765926361, 1.1, 2.8495, 1082.21
2800.1439011096954, 1.0999, 2.8496, 1082.525
2802.1440324783325, 1.1, 2.8496, 1082.575
2804.1441230773926, 1.1, 2.8497, 1082.688
2806.1442239284515, 1.0999, 2.8495, 1082.726
2808.1443045139313, 1.1, 2.8495, 1082.618
2810.1443915367126, 1.0999, 2.8494, 1082.461
2812.1445240974426, 1.1, 2.8496, 1082.389
2814.1446063518524, 1.1, 2.8496, 1082.248
2816.1447081565857, 1.1, 2.8496, 1082.118
2818.144851207733, 1.0999, 2.8496, 1082.122
2820.1449542045593, 1.1, 2.8497, 1082.093
2822.14505815506, 1.1, 2.8496, 1082.013
2824.145160675049, 1.1, 2.8497, 1081.952
2826.1452474594116, 1.1, 2.8496, 1081.838
2828.14532494545, 1.1, 2.8497, 1081.701
2830.1454157829285, 1.1, 2.8497, 1081.494
2832.1455507278442, 1.1, 2.8497, 1081.521
2834.1456525325775, 1.0999, 2.8497, 1081.534
2836.145738840103, 1.1, 2.8497, 1081.468
2838.145850419998, 1.1, 2.8498, 1081.282
2840.145952939987, 1.1, 2.8499, 1081.2
2842.146086215973, 1.1, 2.8499, 1081.07
2844.14617395401, 1.1, 2.85, 1081.106
2846.1462535858154, 1.1, 2.85, 1081.067
2848.146357536316, 1.1, 2.8499, 1081.05
2850.146530151367, 1.1, 2.85, 1080.803
2852.1466147899628, 1.1, 2.8499, 1080.687
2854.1467142105103, 1.1, 2.85, 1080.596
2856.146815061569, 1.1, 2.85, 1080.422
2858.1469044685364, 1.1, 2.8499, 1080.428
2860.146997690201, 1.1, 2.85, 1080.536
2862.147102355957, 1.1, 2.8499, 1080.624
2864.1471874713898, 1.1, 2.8499, 1080.574
2866.1472856998444, 1.1, 2.85, 1080.505
2868.1473736763, 1.1, 2.8502, 1080.586
2870.14745759964, 1.1, 2.85, 1080.557
2872.147558450699, 1.1, 2.85, 1080.417
2874.1476583480835, 1.1, 2.8501, 1080.307
2876.1477670669556, 1.0999, 2.8501, 1080.25
2878.14790058136, 1.1, 2.85, 1080.194
2880.1481153964996, 1.1, 2.85, 1080.139
2882.148192882538, 1.1, 2.8501, 1080.107
2884.1482906341553, 1.1, 2.8501, 1080.07
2886.148386478424, 1.1, 2.8501, 1080.007
2888.148506641388, 1.1, 2.8501, 1079.909
2890.1486077308655, 1.1, 2.8501, 1079.799
2892.1487390995026, 1.1, 2.8503, 1079.646
2894.148883342743, 1.1, 2.8503, 1079.601
2896.1489844322205, 1.1, 2.8504, 1079.64
2898.149071931839, 1.1, 2.8503, 1079.699
2900.1491515636444, 1.1, 2.8503, 1079.806
2902.1492371559143, 1.1, 2.8502, 1079.831
2904.1493351459503, 1.1, 2.8503, 1079.784
2906.1494715213776, 1.1, 2.8502, 1079.718
2908.1495745182037, 1.1, 2.8503, 1079.698
2910.1496801376343, 1.1, 2.8504, 1079.63
2912.149784564972, 1.1, 2.8503, 1079.621
2914.1498906612396, 1.0999, 2.8502, 1079.721
2916.14999294281, 1.1, 2.8503, 1079.705
2918.1500718593597, 1.1, 2.8502, 1079.777
2920.1501750946045, 1.1, 2.8502, 1079.699
2922.150275707245, 1.1, 2.8501, 1079.576
2924.1504151821136, 1.1, 2.8502, 1079.362
2926.1505148410797, 1.1, 2.8502, 1079.257
2928.150616168976, 1.1, 2.8503, 1079.214
2930.1507568359375, 1.1, 2.8503, 1079.11
2932.150851249695, 1.1, 2.8503, 1078.961
2934.1509561538696, 1.1, 2.8504, 1078.932
2936.151034593582, 1.1, 2.8504, 1078.978
2938.1511194705963, 1.1, 2.8504, 1078.876
2940.1512212753296, 1.1, 2.8505, 1078.753
2942.1513023376465, 1.1, 2.8505, 1078.721
2944.151388645172, 1.1, 2.8504, 1078.839
2946.1514937877655, 1.1, 2.8505, 1078.944
2948.151594877243, 1.1, 2.8505, 1079.025
2950.1516778469086, 1.1, 2.8504, 1079.031
2952.1517598629, 1.0999, 2.8503, 1079.132
2954.151845216751, 1.1, 2.8504, 1079.312
2956.1519458293915, 1.0999, 2.8503, 1079.482
2958.152053833008, 1.1, 2.8503, 1079.44
2960.152168273926, 1.1, 2.8505, 1079.242
2962.152304172516, 1.1, 2.8504, 1079.006
2964.152390241623, 1.1, 2.8505, 1078.836
2966.1524889469147, 1.1, 2.8505, 1078.731
2968.1526296138763, 1.1, 2.8505, 1078.848
2970.1527292728424, 1.1, 2.8504, 1079.149
2972.1528084278107, 1.1, 2.8504, 1079.356
2974.1528928279877, 1.1, 2.8506, 1079.246
2976.1529693603516, 1.1, 2.8504, 1078.961
2978.1530497074127, 1.1, 2.8505, 1078.674
2980.1531314849854, 1.1, 2.8505, 1078.605
2982.153210401535, 1.1, 2.8504, 1078.504
2984.153311252594, 1.1, 2.8505, 1078.516
2986.1534078121185, 1.1, 2.8504, 1078.57
2988.153508424759, 1.1, 2.8505, 1078.462
2990.15358710289, 1.1, 2.8506, 1078.388
2992.1536889076233, 1.1, 2.8506, 1078.399
2994.153790950775, 1.1, 2.8507, 1078.359
2996.1538758277893, 1.1, 2.8505, 1078.234
2998.1539590358734, 1.1, 2.8507, 1078.045
3000.1540541648865, 1.1, 2.8507, 1077.964
3002.1541543006897, 1.0999, 2.8507, 1077.985
3004.1542658805847, 1.1, 2.8507, 1078.077
3006.1543514728546, 1.1, 2.8507, 1078.225
3008.1544778347015, 1.1, 2.8508, 1078.416
3010.1545593738556, 1.1, 2.8508, 1078.486
3012.1546618938446, 1.1, 2.8509, 1078.525
3014.1547446250916, 1.1, 2.8509, 1078.611
3016.1548392772675, 1.1, 2.8508, 1078.71
3018.154939174652, 1.1, 2.8509, 1078.833
3020.155080795288, 1.1, 2.8509, 1078.872
3022.1551678180695, 1.1, 2.8507, 1078.879
3024.155249118805, 1.1, 2.8508, 1078.799
3026.155326604843, 1.1, 2.8508, 1078.729
3028.155424118042, 1.1, 2.8508, 1078.73
3030.155523300171, 1.0999, 2.8507, 1078.728
3032.1556224823, 1.1, 2.8507, 1078.719
3034.155713558197, 1.1, 2.8507, 1078.711
3036.1558196544647, 1.1, 2.8507, 1078.784
3038.155918121338, 1.1, 2.8507, 1078.659
3040.1560094356537, 1.1, 2.8506, 1078.487
3042.1560904979706, 1.0999, 2.8507, 1078.472
3044.156170606613, 1.1, 2.8506, 1078.518
3046.156269788742, 1.0999, 2.8506, 1078.643
3048.1564083099365, 1.1, 2.8507, 1078.689
3050.1565039157867, 1.1, 2.8507, 1078.632
3052.1566092967987, 1.1, 2.8506, 1078.651
3054.156747817993, 1.1, 2.8506, 1078.694
3056.1568574905396, 1.1, 2.8506, 1078.698
3058.1569559574127, 1.1, 2.8506, 1078.681
3060.1570539474487, 1.1, 2.8507, 1078.56
3062.1571393013, 1.1, 2.8507, 1078.522
3064.1572506427765, 1.1, 2.8507, 1078.584
3066.1573383808136, 1.1, 2.8508, 1078.529
3068.157539844513, 1.1, 2.8507, 1078.407
3070.1576421260834, 1.1, 2.8508, 1078.405
3072.1577773094177, 1.1, 2.8508, 1078.436
3074.1579325199127, 1.1, 2.8508, 1078.402
3076.158021211624, 1.1, 2.8507, 1078.411
3078.158163547516, 1.1, 2.8508, 1078.381
3080.1582467556, 1.1, 2.8508, 1078.338
3082.158332824707, 1.1, 2.8508, 1078.458
3084.1584181785583, 1.1, 2.8507, 1078.568
3086.158519744873, 1.1, 2.8507, 1078.633
3088.158617734909, 1.1, 2.8506, 1078.612
3090.158702850342, 1.1, 2.8507, 1078.537
3092.1588566303253, 1.1, 2.8507, 1078.413
3094.1589906215668, 1.1, 2.8506, 1078.358
3096.1590836048126, 1.1, 2.8505, 1078.346
3098.1591670513153, 1.1, 2.8506, 1078.395
3100.1592524051666, 1.1, 2.8506, 1078.502
3102.1593351364136, 1.1, 2.8507, 1078.533
3104.159437417984, 1.1, 2.8508, 1078.472
3106.1595361232758, 1.1, 2.8508, 1078.401
3108.1596393585205, 1.1, 2.851, 1078.318
3110.159724712372, 1.1, 2.8508, 1078.25
3112.1598336696625, 1.1, 2.8508, 1078.193
3114.159968137741, 1.1, 2.851, 1078.086
3116.160045862198, 1.1, 2.851, 1077.986
3118.160132408142, 1.1, 2.8511, 1077.898
3120.1602435112, 1.1, 2.851, 1077.845
3122.1603457927704, 1.1, 2.851, 1077.721
3124.1604516506195, 1.1, 2.851, 1077.633
3126.160533428192, 1.1, 2.8511, 1077.579
3128.160629272461, 1.1, 2.8511, 1077.393
3130.160714149475, 1.1, 2.851, 1077.262
3132.1608061790466, 1.1, 2.8512, 1077.276
3134.160885810852, 1.1, 2.8511, 1077.169
3136.160974264145, 1.1, 2.8511, 1077.134
3138.1610946655273, 1.1, 2.8512, 1077.114
3140.1611998081207, 1.1, 2.8512, 1077.125
3142.161340713501, 1.1, 2.8512, 1077.16
3144.1614294052124, 1.1, 2.8512, 1077.298
3146.16153550148, 1.1, 2.8513, 1077.324
3148.161621570587, 1.1, 2.8512, 1077.263
3150.161722421646, 1.1, 2.8512, 1077.406
3152.1618082523346, 1.1, 2.8512, 1077.49
3154.161944627762, 1.1, 2.8512, 1077.542
3156.162049770355, 1.1, 2.8512, 1077.607
3158.162151813507, 1.1, 2.8512, 1077.75
3160.162252664566, 1.1, 2.8512, 1077.9
3162.162353515625, 1.1, 2.8513, 1077.956
3164.162459373474, 1.1, 2.8512, 1077.989
3166.1625990867615, 1.1, 2.8512, 1077.95
3168.1627407073975, 1.1, 2.8512, 1077.703
3170.1628296375275, 1.1, 2.8513, 1077.574
3172.1629106998444, 1.1, 2.8513, 1077.589
3174.1630437374115, 1.1, 2.8513, 1077.58
3176.163139820099, 1.1, 2.8511, 1077.474
3178.163234233856, 1.1, 2.8511, 1077.307
3180.163318634033, 1.1, 2.8512, 1077.47
3182.163403749466, 1.1, 2.8512, 1077.373
3184.1634936332703, 1.1, 2.8513, 1077.261
3186.1635971069336, 1.1, 2.8513, 1077.125
3188.163675069809, 1.1, 2.8513, 1077.067
3190.1637785434723, 1.1, 2.8514, 1077.088
3192.1638810634613, 1.1, 2.8512, 1077.049
3194.164014339447, 1.1, 2.8512, 1076.875
3196.16414809227, 1.1, 2.8513, 1076.889
3198.164248228073, 1.1, 2.8512, 1077.092
3200.1643903255463, 1.1, 2.8511, 1077.402
3202.1644916534424, 1.1, 2.8511, 1077.599
3204.1645741462708, 1.1, 2.8511, 1077.725
3206.164654493332, 1.1, 2.8511, 1077.791
3208.164754629135, 1.1, 2.8511, 1077.893
3210.164854288101, 1.1, 2.8511, 1077.878
3212.1649391651154, 1.1, 2.851, 1077.878
3214.165030002594, 1.1, 2.8511, 1077.846
3216.16512799263, 1.1, 2.8511, 1077.71
3218.1652269363403, 1.1, 2.8511, 1077.614
3220.1653270721436, 1.1, 2.8511, 1077.457
3222.1654136180878, 1.1, 2.851, 1077.245
3224.1655020713806, 1.1, 2.8511, 1077.266
3226.1656041145325, 1.1, 2.851, 1077.312
3228.1657390594482, 1.1, 2.851, 1077.293
3230.165839910507, 1.1, 2.851, 1077.487
3232.1659331321716, 1.1, 2.8508, 1077.54
3234.1660356521606, 1.1, 2.851, 1077.529
3236.1661360263824, 1.1, 2.851, 1077.534
3238.1662352085114, 1.1, 2.8511, 1077.621
3240.166333436966, 1.1, 2.8511, 1077.627
3242.1664152145386, 1.1, 2.8511, 1077.623
3244.1665556430817, 1.1, 2.851, 1077.57
3246.166669845581, 1.1, 2.851, 1077.564
3248.166825532913, 1.1, 2.851, 1077.458
3250.1669850349426, 1.1, 2.851, 1077.199
3252.167079925537, 1.1, 2.8511, 1076.993
3254.1671812534332, 1.1, 2.8512, 1076.874
3256.167281627655, 1.1, 2.8513, 1076.77
3258.1673810482025, 1.1, 2.8514, 1076.649
3260.16747879982, 1.1, 2.8513, 1076.555
3262.1675782203674, 1.1, 2.8513, 1076.616
3264.1676790714264, 1.1, 2.8512, 1076.849
3266.1677796840668, 1.1, 2.8513, 1076.792
3268.1679108142853, 1.1, 2.8512, 1076.803
3270.1680018901825, 1.1, 2.8512, 1076.696
3272.1681056022644, 1.1, 2.8512, 1076.595
3274.168210029602, 1.1, 2.8513, 1076.55
3276.1683378219604, 1.1, 2.8512, 1076.553
3278.1684176921844, 1.1, 2.8513, 1076.645
3280.1685104370117, 1.1, 2.8512, 1076.707
3282.168615579605, 1.1, 2.8512, 1076.637
3284.168749332428, 1.1, 2.8513, 1076.537
3286.168843269348, 1.1, 2.8512, 1076.541
3288.168933868408, 1.1, 2.8513, 1076.609
3290.1690294742584, 1.1, 2.8513, 1076.828
3292.1691184043884, 1.1, 2.8512, 1076.957
3294.169210910797, 1.1, 2.8513, 1077.005
3296.1692905426025, 1.1, 2.8513, 1077.053
3298.1693770885468, 1.1, 2.8514, 1076.956
3300.169486761093, 1.1, 2.8513, 1076.768
3302.1696207523346, 1.1, 2.8514, 1076.666
3304.169754743576, 1.1, 2.8513, 1076.487
3306.1698925495148, 1.1, 2.8514, 1076.271
3308.1699919700623, 1.1, 2.8514, 1076.23
3310.170076608658, 1.1, 2.8513, 1076.042
3312.1701633930206, 1.1, 2.8513, 1075.951
3314.1702449321747, 1.1, 2.8515, 1075.975
3316.1703481674194, 1.1, 2.8515, 1076.084
3318.1704289913177, 1.1, 2.8515, 1076.208
3320.1705193519592, 1.1, 2.8515, 1076.293
3322.1706199645996, 1.1, 2.8515, 1076.386
3324.1707026958466, 1.1, 2.8514, 1076.357
3326.1707842350006, 1.1, 2.8515, 1076.367
3328.1709237098694, 1.1, 2.8515, 1076.445
3330.17102599144, 1.1, 2.8513, 1076.355
3332.171103000641, 1.1, 2.8515, 1076.213
3334.171192884445, 1.1, 2.8515, 1076.106
3336.171329975128, 1.1, 2.8515, 1075.998
3338.1714675426483, 1.1, 2.8515, 1076.135
3340.1716043949127, 1.1, 2.8517, 1076.21
3342.1716918945312, 1.1, 2.8515, 1076.388
3344.171779870987, 1.1, 2.8514, 1076.473
3346.1718821525574, 1.1, 2.8515, 1076.365
3348.1719624996185, 1.1, 2.8515, 1076.256
3350.1720495224, 1.1, 2.8515, 1076.26
3352.172144174576, 1.1, 2.8515, 1076.386
3354.1722440719604, 1.1, 2.8516, 1076.49
3356.1723413467407, 1.1, 2.8515, 1076.285
3358.172424554825, 1.1, 2.8516, 1076.116
3360.172556400299, 1.1, 2.8516, 1076.295
3362.172636270523, 1.1, 2.8515, 1076.495
3364.1727731227875, 1.1, 2.8515, 1076.587
3366.172879934311, 1.1, 2.8515, 1076.452
3368.1729559898376, 1.1, 2.8516, 1076.416
3370.173056602478, 1.1, 2.8515, 1076.455
3372.173141479492, 1.1, 2.8515, 1076.379
3374.173241376877, 1.1, 2.8516, 1076.237
3376.17334151268, 1.1, 2.8516, 1076.253
3378.173444509506, 1.1, 2.8515, 1076.223
3380.1735289096832, 1.1, 2.8515, 1076.092
3382.1736240386963, 1.1, 2.8516, 1075.988
3384.17373418808, 1.1, 2.8517, 1076.027
3386.1738138198853, 1.1, 2.8518, 1076.089
3388.1739156246185, 1.1, 2.8517, 1076.202
3390.174013853073, 1.1, 2.8517, 1076.281
3392.174114704132, 1.1, 2.8517, 1076.286
3394.1742482185364, 1.1, 2.8516, 1076.208
3396.1743471622467, 1.1, 2.8517, 1076.005
3398.174444437027, 1.1, 2.8517, 1075.787
3400.1745841503143, 1.1, 2.8518, 1075.66
3402.174674510956, 1.1, 2.8518, 1075.724
3404.174775123596, 1.1, 2.8519, 1075.847
3406.1748712062836, 1.1, 2.8516, 1076.015
3408.1749641895294, 1.1, 2.8516, 1076.261
3410.175065755844, 1.1, 2.8517, 1076.465
3412.1751639842987, 1.1, 2.8515, 1076.572
3414.175264596939, 1.1, 2.8517, 1076.515
3416.1753644943237, 1.1, 2.8516, 1076.466
3418.175463914871, 1.1, 2.8515, 1076.346
3420.175563097, 1.1, 2.8516, 1076.373
3422.1756403446198, 1.1001, 2.8517, 1076.39
3424.1757164001465, 1.1, 2.8516, 1076.354
3426.175816297531, 1.1, 2.8516, 1076.437
3428.1759152412415, 1.1, 2.8515, 1076.6
3430.176023006439, 1.1, 2.8515, 1076.657
3432.176110267639, 1.1, 2.8515, 1076.75
3434.1762595176697, 1.1, 2.8515, 1076.859
3436.17639708519, 1.1, 2.8516, 1076.911
3438.1765093803406, 1.1, 2.8515, 1076.875
3440.176595687866, 1.1, 2.8515, 1076.831
3442.176736354828, 1.1, 2.8515, 1076.848
3444.176858663559, 1.1, 2.8516, 1076.829
3446.1769857406616, 1.1, 2.8515, 1076.744
3448.1770753860474, 1.1, 2.8516, 1076.53
3450.1771755218506, 1.1, 2.8515, 1076.329
3452.177276134491, 1.1, 2.8514, 1076.202
3454.177387237549, 1.1, 2.8515, 1076.148
3456.177503824234, 1.1, 2.8517, 1076.212
3458.1775875091553, 1.1, 2.8516, 1076.275
3460.177718639374, 1.1, 2.8515, 1076.371
3462.177813053131, 1.1, 2.8516, 1076.428
3464.177947282791, 1.1, 2.8516, 1076.375
3466.1780812740326, 1.1, 2.8516, 1076.167
3468.1781754493713, 1.1, 2.8515, 1076.007
3470.178263902664, 1.1, 2.8516, 1075.943
3472.17835021019, 1.1, 2.8516, 1075.902
3474.1784307956696, 1.1, 2.8516, 1075.842
3476.1785323619843, 1.1, 2.8516, 1075.762
3478.178623199463, 1.1, 2.8516, 1075.7
3480.17871427536, 1.1, 2.8517, 1075.744
3482.1788103580475, 1.1, 2.8518, 1075.65
3484.178912639618, 1.1, 2.8518, 1075.459
3486.1790158748627, 1.1, 2.8517, 1075.393
3488.179117202759, 1.1, 2.8517, 1075.405
3490.1792261600494, 1.1, 2.8517, 1075.534
3492.1793296337128, 1.1, 2.8517, 1075.907
3494.1794214248657, 1.1, 2.8517, 1076.045
3496.179514169693, 1.1, 2.8516, 1076.137
3498.1796083450317, 1.1, 2.8517, 1076.31
3500.17973279953, 1.1, 2.8516, 1076.291
3502.179817199707, 1.1, 2.8517, 1076.123
3504.1799268722534, 1.1, 2.8517, 1076.05
3506.180014371872, 1.1, 2.8515, 1076.134
3508.1801192760468, 1.1, 2.8516, 1076.131
3510.180267095566, 1.1001, 2.8516, 1076.068
3512.1803543567657, 1.1, 2.8516, 1076.007
3514.1804394721985, 1.1, 2.8516, 1075.952
3516.1805260181427, 1.1, 2.8516, 1076.061
3518.1806292533875, 1.1001, 2.8518, 1076.244
3520.1807265281677, 1.1, 2.8517, 1076.256
3522.1808636188507, 1.1, 2.8516, 1076.118
3524.1809647083282, 1.1, 2.8516, 1076.295
3526.18106675148, 1.1001, 2.8516, 1076.441
3528.181203365326, 1.1001, 2.8516, 1076.472
3530.1813344955444, 1.1, 2.8517, 1076.385
3532.1814410686493, 1.1, 2.8515, 1076.302
3534.181542634964, 1.1, 2.8517, 1076.191
3536.181678056717, 1.1, 2.8517, 1076.041
3538.181779384613, 1.1, 2.8517, 1075.871
3540.181869029999, 1.1, 2.8518, 1075.752
3542.1820096969604, 1.1, 2.8518, 1075.715
3544.182149410248, 1.1, 2.8518, 1075.619
3546.1822571754456, 1.1, 2.8517, 1075.71
3548.1823551654816, 1.1, 2.8517, 1075.764
3550.182454586029, 1.1, 2.8517, 1075.792
3552.182541370392, 1.1, 2.8515, 1075.869
3554.1826405525208, 1.1, 2.8516, 1075.91
3556.1827499866486, 1.1, 2.8516, 1075.91
3558.1828508377075, 1.1, 2.8517, 1075.88
3560.182953119278, 1.1, 2.8516, 1075.863
3562.183055639267, 1.1, 2.8516, 1076.004
3564.18315243721, 1.1, 2.8516, 1075.996
3566.1832463741302, 1.1, 2.8517, 1075.856
3568.183345556259, 1.1, 2.8516, 1075.718
3570.1834437847137, 1.1, 2.8518, 1075.551
3572.183544397354, 1.1, 2.8518, 1075.447
3574.1836845874786, 1.1, 2.8517, 1075.293
3576.183823108673, 1.1, 2.8518, 1075.197
3578.1839587688446, 1.1, 2.8519, 1075.159
3580.1841027736664, 1.1, 2.8517, 1075.092
3582.184190273285, 1.1, 2.8517, 1075.137
3584.1842737197876, 1.1, 2.8517, 1075.333
3586.1843733787537, 1.1, 2.8517, 1075.601
3588.1844761371613, 1.1, 2.8518, 1075.701
3590.184609889984, 1.1, 2.8516, 1075.768
3592.184692621231, 1.1, 2.8517, 1075.822
3594.1847944259644, 1.1, 2.8516, 1075.771
3596.184894800186, 1.1, 2.8517, 1075.593
3598.184998512268, 1.1, 2.8518, 1075.547
3600.1850957870483, 1.1, 2.8516, 1075.702
3602.185175180435, 1.1, 2.8517, 1075.775
3604.185277223587, 1.1, 2.8516, 1075.882
3606.1853799819946, 1.1, 2.8515, 1076.059
3608.185480594635, 1.1, 2.8517, 1076.147
3610.185559988022, 1.1, 2.8517, 1075.885
3612.1856615543365, 1.1, 2.8518, 1075.532
3614.1857616901398, 1.1, 2.8518, 1075.254
3616.1858611106873, 1.1, 2.8518, 1075.127
3618.185961484909, 1.1, 2.8518, 1075.021
3620.1860473155975, 1.1, 2.8519, 1075.022
3622.1861486434937, 1.1, 2.8519, 1074.995
3624.1862485408783, 1.1, 2.852, 1075.084
3626.1863555908203, 1.1, 2.8518, 1075.285
3628.186485528946, 1.1, 2.8519, 1075.181
3630.1865866184235, 1.1, 2.8518, 1075.386
3632.1866834163666, 1.1, 2.8517, 1075.56
3634.186825275421, 1.1, 2.8518, 1075.535
3636.186909675598, 1.1, 2.8518, 1075.386
3638.1869955062866, 1.1, 2.8518, 1075.209
3640.187096118927, 1.1, 2.8519, 1075.124
3642.1871910095215, 1.1, 2.8517, 1074.993
3644.1872963905334, 1.1, 2.8518, 1074.844
3646.1874334812164, 1.1, 2.8519, 1074.768
3648.1875355243683, 1.1, 2.8519, 1074.635
3650.1876380443573, 1.1, 2.8519, 1074.598
3652.1877925395966, 1.1, 2.852, 1074.587
3654.18789434433, 1.1, 2.8519, 1074.642
3656.187982082367, 1.1, 2.852, 1074.615
3658.188112258911, 1.1, 2.8519, 1074.641
3660.1882128715515, 1.1, 2.8518, 1074.747
3662.188311815262, 1.1, 2.8518, 1074.942
3664.1908690929413, 0.0, 0.0, 1080.088
3666.1909532546997, 0.0, 0.0, 1115.885
3668.19105219841, 0.0, 0.0, 1144.541
3670.191195487976, 0.0, 0.0, 1168.974
3672.1913290023804, 0.0, 0.0, 1189.927
3674.1914155483246, 0.0, 0.0, 1208.716
3676.191510438919, 0.0, 0.0, 1225.624
3678.1916127204895, 0.0, 0.0, 1240.855
3680.191710948944, 0.0, 0.0, 1255.044
3682.1918075084686, 0.0, 0.0, 1268.226
3684.191890478134, 0.0, 0.0, 1280.572
3686.1920244693756, 0.0, 0.0, 1292.569
3688.1921260356903, 0.0, 0.0, 1303.738
3690.192227602005, 0.0, 0.0, 1314.362
3692.192309856415, 0.0, 0.0, 1324.762
3694.192451953888, 0.0, 0.0, 1334.657
3696.192568540573, 0.0, 0.0, 1344.138
3698.1926987171173, 0.0, 0.0, 1353.472
3700.1928346157074, 0.0, 0.0, 1362.459
3702.1929235458374, 0.0, 0.0, 1371.352
3704.193026781082, 0.0, 0.0, 1380.048
3706.1931188106537, 0.0, 0.0, 1388.601
3708.193218946457, 0.0, 0.0, 1397.129
3710.1933069229126, 0.0, 0.0, 1405.434
3712.193398952484, 0.0, 0.0, 1413.681
3714.1934843063354, 0.0, 0.0, 1421.794
3716.193582057953, 0.0, 0.0, 1429.767
3718.193678379059, 0.0, 0.0, 1437.517
3720.193768978119, 0.0, 0.0, 1445.256
3722.1938560009003, 0.0, 0.0, 1452.945
3724.1939585208893, 0.0, 0.0, 1460.246
3726.1940581798553, 0.0, 0.0, 1467.491
3728.194137096405, 0.0, 0.0, 1474.66
3730.1942715644836, 0.0, 0.0, 1481.805
3732.194415330887, 0.0, 0.0, 1488.882
3734.194511413574, 0.0, 0.0, 1495.963
3736.1946229934692, 0.0, 0.0, 1502.925
3738.1947264671326, 0.0, 0.0, 1509.845
3740.194827079773, 0.0, 0.0, 1516.639
3742.1949112415314, 0.0, 0.0, 1523.249
3744.19504570961, 0.0, 0.0, 1529.679
3746.1951241493225, 0.0, 0.0, 1536.2
3748.1952047348022, 0.0, 0.0, 1542.828
3750.195298910141, 0.0, 0.0, 1549.334
3752.195447921753, 0.0, 0.0, 1555.793
3754.1955461502075, 0.0, 0.0, 1561.971
3756.1956491470337, 0.0, 0.0, 1568.131
3758.195754289627, 0.0, 0.0, 1574.197
3760.1958549022675, 0.0, 0.0, 1580.282
3762.1959607601166, 0.0, 0.0, 1586.282
3764.1960468292236, 0.0, 0.0, 1592.259
3766.196145057678, 0.0, 0.0, 1598.214
3768.19625043869, 0.0, 0.0, 1603.992
3770.196346759796, 0.0, 0.0, 1609.729
3772.196483850479, 0.0, 0.0, 1615.412
3774.196617603302, 0.0, 0.0, 1621.007
3776.1967186927795, 0.0, 0.0, 1626.535
3778.1968281269073, 0.0, 0.0, 1631.966
3780.1969270706177, 0.0, 0.0, 1637.405
3782.197028160095, 0.0, 0.0, 1642.907
3784.1971271038055, 0.0, 0.0, 1648.418
3786.1972262859344, 0.0, 0.0, 1653.826
3788.1973235607147, 0.0, 0.0, 1659.108
3790.1974408626556, 0.0, 0.0, 1664.206
3792.197541475296, 0.0, 0.0, 1669.226
3794.197685480118, 0.0, 0.0, 1674.311
3796.1977849006653, 0.0, 0.0, 1679.19
3798.1978964805603, 0.0, 0.0, 1684.232
3800.1979734897614, 0.0, 0.0, 1689.407
3802.198316335678, 0.0, 0.0, 1694.609
3804.1984157562256, 0.0, 0.0, 1699.535
3806.198518514633, 0.0, 0.0, 1704.352
3808.1986219882965, 0.0, 0.0, 1709.044
3810.198720932007, 0.0, 0.0, 1713.644
3812.1988236904144, 0.0, 0.0, 1718.286
3814.1989228725433, 0.0, 0.0, 1722.868
3816.1990213394165, 0.0, 0.0, 1727.5
3818.199097633362, 0.0, 0.0, 1732.117
3820.199198246002, 0.0, 0.0, 1736.521
3822.1992983818054, 0.0, 0.0, 1740.788
3824.1993997097015, 0.0, 0.0, 1745.13
3826.199499607086, 0.0, 0.0, 1749.468
3828.199603319168, 0.0, 0.0, 1753.809
3830.1997122764587, 0.0, 0.0, 1758.118
3832.1998155117035, 0.0, 0.0, 1762.283
3834.199922800064, 0.0, 0.0, 1766.342
3836.2000200748444, 0.0, 0.0, 1770.408
3838.200110912323, 0.0, 0.0, 1774.397
3840.200219154358, 0.0, 0.0, 1778.604
3842.2003104686737, 0.0, 0.0, 1782.686
3844.2004652023315, 0.0, 0.0, 1786.775
3846.2006072998047, 0.0, 0.0, 1790.834
3848.200918674469, 0.0, 0.0, 1794.828
3850.2010049819946, 0.0, 0.0, 1798.739
3852.2010955810547, 0.0, 0.0, 1802.664
3854.201179742813, 0.0, 0.0, 1806.547
3856.201274871826, 0.0, 0.0, 1810.404
3858.2013680934906, 0.0, 0.0, 1813.992
3860.2014815807343, 0.0, 0.0, 1817.636
3862.201583623886, 0.0, 0.0, 1821.3
3864.2017159461975, 0.0, 0.0, 1824.716
3866.2018485069275, 0.0, 0.0, 1828.275
3868.2019879817963, 0.0, 0.0, 1831.873
3870.202124118805, 0.0, 0.0, 1835.481
3872.2022256851196, 0.0, 0.0, 1838.962
3874.2023282051086, 0.0, 0.0, 1842.566
3876.2024405002594, 0.0, 0.0, 1845.968
3878.202555179596, 0.0, 0.0, 1849.292
3880.2026891708374, 0.0, 0.0, 1852.504
3882.2028255462646, 0.0, 0.0, 1855.871
3884.2029609680176, 0.0, 0.0, 1859.089
3886.2031025886536, 0.0, 0.0, 1862.27
3888.203234910965, 0.0, 0.0, 1865.294
3890.2033245563507, 0.0, 0.0, 1868.353
3892.203406572342, 0.0, 0.0, 1871.407
3894.2034904956818, 0.0, 0.0, 1874.491
3896.2036113739014, 0.0, 0.0, 1877.442
3898.203720808029, 0.0, 0.0, 1880.394
3900.203821182251, 0.0, 0.0, 1883.377
3902.20392036438, 0.0, 0.0, 1886.45
3904.2040190696716, 0.0, 0.0, 1889.555
3906.204110622406, 0.0, 0.0, 1892.655
3908.2042121887207, 0.0, 0.0, 1895.792
3910.204294204712, 0.0, 0.0, 1898.869
3912.204377412796, 0.0, 0.0, 1901.83
3914.2044694423676, 0.0, 0.0, 1904.553
3916.2045691013336, 0.0, 0.0, 1907.299
3918.2047021389008, 0.0, 0.0, 1910.083
3920.2048366069794, 0.0, 0.0, 1912.953
3922.204937696457, 0.0, 0.0, 1915.861
3924.2050199508667, 0.0, 0.0, 1918.711
3926.2051005363464, 0.0, 0.0, 1921.469
3928.2051882743835, 0.0, 0.0, 1924.003
3930.2052953243256, 0.0, 0.0, 1926.58
3932.205380678177, 0.0, 0.0, 1929.225
3934.20547580719, 0.0, 0.0, 1931.732
3936.205609560013, 0.0, 0.0, 1934.074
3938.2057070732117, 0.0, 0.0, 1936.478
3940.2057962417603, 0.0, 0.0, 1938.909
3942.20587849617, 0.0, 0.0, 1941.2
3944.2059688568115, 0.0, 0.0, 1943.567
3946.206051826477, 0.0, 0.0, 1946.027
3948.206137895584, 0.0, 0.0, 1948.427
3950.2062344551086, 0.0, 0.0, 1950.867
3952.206366300583, 0.0, 0.0, 1953.318
3954.2064719200134, 0.0, 0.0, 1955.737
3956.206560611725, 0.0, 0.0, 1958.092
3958.206645488739, 0.0, 0.0, 1960.285
3960.206731081009, 0.0, 0.0, 1962.543
3962.2068173885345, 0.0, 0.0, 1964.726
3964.206905603409, 0.0, 0.0, 1966.907
3966.2069914340973, 0.0, 0.0, 1969.077
3968.207079410553, 0.0, 0.0, 1971.228
3970.2071828842163, 0.0, 0.0, 1973.465
3972.2072842121124, 0.0, 0.0, 1975.707
3974.207412958145, 0.0, 0.0, 1977.799
3976.207517147064, 0.0, 0.0, 1979.87
3978.2076523303986, 0.0, 0.0, 1982.075
3980.2077453136444, 0.0, 0.0, 1984.264
3982.2078833580017, 0.0, 0.0, 1986.412
3984.208034992218, 0.0, 0.0, 1988.477
3986.208132982254, 0.0, 0.0, 1990.655
3988.208367586136, 0.0, 0.0, 1992.73
3990.2085201740265, 0.0, 0.0, 1994.843
3992.2086057662964, 0.0, 0.0, 1996.952
3994.2087395191193, 0.0, 0.0, 1998.996
3996.208841085434, 0.0, 0.0, 2000.984
3998.208931684494, 0.0, 0.0, 2002.784
4000.209033727646, 0.0, 0.0, 2004.796
4002.209174633026, 0.0, 0.0, 2006.64
4004.209272146225, 0.0, 0.0, 2008.465
4006.209373474121, 0.0, 0.0, 2010.315
4008.2094674110413, 0.0, 0.0, 2012.168
4010.2095522880554, 0.0, 0.0, 2013.962
4012.2096507549286, 0.0, 0.0, 2015.65
4014.20973777771, 0.0, 0.0, 2017.223
4016.2098381519318, 0.0, 0.0, 2018.872
4018.209940671921, 0.0, 0.0, 2020.572
4020.2100389003754, 0.0, 0.0, 2022.311
4022.210121870041, 0.0, 0.0, 2024.105
4024.2102179527283, 0.0, 0.0, 2025.926
4026.210371494293, 0.0, 0.0, 2027.807
4028.2105395793915, 0.0, 0.0, 2029.747
4030.2106232643127, 0.0, 0.0, 2031.438
4032.2107231616974, 0.0, 0.0, 2033.055
4034.2108030319214, 0.0, 0.0, 2034.722
4036.210905790329, 0.0, 0.0, 2036.374
4038.2110080718994, 0.0, 0.0, 2038.004
4040.211111307144, 0.0, 0.0, 2039.697
4042.2112419605255, 0.0, 0.0, 2041.278
4044.2113420963287, 0.0, 0.0, 2042.843
4046.211442232132, 0.0, 0.0, 2044.299
4048.211535692215, 0.0, 0.0, 2045.711
4050.2116701602936, 0.0, 0.0, 2047.132
4052.2117738723755, 0.0, 0.0, 2048.621
4054.2119121551514, 0.0, 0.0, 2050.267
4056.2120077610016, 0.0, 0.0, 2051.798
4058.2121081352234, 0.0, 0.0, 2053.156
4060.2122020721436, 0.0, 0.0, 2054.448
4062.2122824192047, 0.0, 0.0, 2055.876
4064.212384223938, 0.0, 0.0, 2057.188
4066.212486743927, 0.0, 0.0, 2058.481
4068.2125906944275, 0.0, 0.0, 2059.775
4070.2126734256744, 0.0, 0.0, 2061.037
4072.212774038315, 0.0, 0.0, 2062.327
4074.2128767967224, 0.0, 0.0, 2063.711
4076.2129797935486, 0.0, 0.0, 2064.987
4078.2130694389343, 0.0, 0.0, 2066.244
4080.21315574646, 0.0, 0.0, 2067.555
4082.2132511138916, 0.0, 0.0, 2068.916
4084.213359117508, 0.0, 0.0, 2070.472
4086.2134597301483, 0.0, 0.0, 2072.023
4088.2135660648346, 0.0, 0.0, 2073.467
4090.21365070343, 0.0, 0.0, 2074.842
4092.213789701462, 0.0, 0.0, 2076.167
4094.2139184474945, 0.0, 0.0, 2077.512
4096.2140600681305, 0.0, 0.0, 2078.853
4098.214156866074, 0.0, 0.0, 2080.081
4100.214261293411, 0.0, 0.0, 2081.139
4102.2143495082855, 0.0, 0.0, 2082.349
4104.214455127716, 0.0, 0.0, 2083.564
4106.214599847794, 0.0, 0.0, 2084.737
4108.214732646942, 0.0, 0.0, 2085.831
4110.214868307114, 0.0, 0.0, 2087.025
4112.215003013611, 0.0, 0.0, 2088.177
4114.215129613876, 0.0, 0.0, 2089.296
4116.215211868286, 0.0, 0.0, 2090.409
4118.215297460556, 0.0, 0.0, 2091.5
4120.215423822403, 0.0, 0.0, 2092.524
4122.215506076813, 0.0, 0.0, 2093.777
4124.2155854702, 0.0, 0.0, 2094.802
4126.21571969986, 0.0, 0.0, 2095.859
4128.215806245804, 0.0, 0.0, 2098.113
4130.2159032821655, 0.0, 0.0, 2098.841
4132.21599650383, 0.0, 0.0, 2099.948
4134.216128826141, 0.0, 0.0, 2101.068
4136.2162618637085, 0.0, 0.0, 2102.131
4138.216343641281, 0.0, 0.0, 2103.182
4140.216448307037, 0.0, 0.0, 2104.158
4142.216551780701, 0.0, 0.0, 2105.073
4144.216652870178, 0.0, 0.0, 2106.004
4146.216756105423, 0.0, 0.0, 2107.12
4148.216857910156, 0.0, 0.0, 2108.198
4150.216992378235, 0.0, 0.0, 2109.215
4152.217093706131, 0.0, 0.0, 2110.307
4154.2171976566315, 0.0, 0.0, 2111.432
4156.217297792435, 0.0, 0.0, 2112.593
4158.217397928238, 0.0, 0.0, 2113.703
4160.217479467392, 0.0, 0.0, 2114.77
4162.217575311661, 0.0, 0.0, 2115.964
4164.217680215836, 0.0, 0.0, 2117.078
4166.217784166336, 0.0, 0.0, 2118.107
4168.217885732651, 0.0, 0.0, 2119.009
4170.217978000641, 0.0, 0.0, 2119.836
4172.2180643081665, 0.0, 0.0, 2120.664
4174.2181532382965, 0.0, 0.0, 2121.662
4176.218256235123, 0.0, 0.0, 2122.79
4178.218341112137, 0.0, 0.0, 2123.846
4180.218443632126, 0.0, 0.0, 2124.807
4182.218543291092, 0.0, 0.0, 2125.577
4184.218644142151, 0.0, 0.0, 2126.3
4186.218726158142, 0.0, 0.0, 2127.068
4188.218827486038, 0.0, 0.0, 2127.864
4190.218913555145, 0.0, 0.0, 2128.706
4192.218993186951, 0.0, 0.0, 2129.513
4194.219078540802, 0.0, 0.0, 2130.478
4196.219157934189, 0.0, 0.0, 2131.233
4198.21923661232, 0.0, 0.0, 2132.071
4200.219329357147, 0.0, 0.0, 2132.897
4202.219420194626, 0.0, 0.0, 2133.717
4204.219516515732, 0.0, 0.0, 2134.622
4206.219650745392, 0.0, 0.0, 2135.605
4208.219753026962, 0.0, 0.0, 2136.811
4210.219859838486, 0.0, 0.0, 2137.742
4212.219960927963, 0.0, 0.0, 2138.709
4214.22004032135, 0.0, 0.0, 2139.618
4216.220180273056, 0.0, 0.0, 2140.442
4218.220263242722, 0.0, 0.0, 2141.329
4220.220361471176, 0.0, 0.0, 2142.197
4222.220451831818, 0.0, 0.0, 2142.826
4224.220535039902, 0.0, 0.0, 2143.443
4226.220626831055, 0.0, 0.0, 2144.135
4228.220731019974, 0.0, 0.0, 2144.812
4230.220833301544, 0.0, 0.0, 2145.582
4232.22093462944, 0.0, 0.0, 2146.457
4234.221032857895, 0.0, 0.0, 2147.399
4236.221134185791, 0.0, 0.0, 2148.287
4238.221220254898, 0.0, 0.0, 2149.086
4240.221307039261, 0.0, 0.0, 2149.796
4242.221439599991, 0.0, 0.0, 2150.408
4244.221542596817, 0.0, 0.0, 2151.046
4246.2216360569, 0.0, 0.0, 2151.684
4248.221734762192, 0.0, 0.0, 2152.378
4250.221829414368, 0.0, 0.0, 2153.203
4252.221933364868, 0.0, 0.0, 2153.983
4254.222013950348, 0.0, 0.0, 2154.656
4256.222101926804, 0.0, 0.0, 2155.425
4258.222237110138, 0.0, 0.0, 2156.326
4260.222331285477, 0.0, 0.0, 2157.195
4262.222419023514, 0.0, 0.0, 2157.757
4264.22252035141, 0.0, 0.0, 2158.328
4266.222606658936, 0.0, 0.0, 2158.868
4268.222687721252, 0.0, 0.0, 2159.444
4270.222780942917, 0.0, 0.0, 2160.054
4272.222866773605, 0.0, 0.0, 2160.738
4274.223007917404, 0.0, 0.0, 2161.446
4276.223140239716, 0.0, 0.0, 2162.148
4278.223275899887, 0.0, 0.0, 2162.828
4280.223376750946, 0.0, 0.0, 2163.428
4282.223479270935, 0.0, 0.0, 2164.018
4284.22358083725, 0.0, 0.0, 2164.71
4286.223663806915, 0.0, 0.0, 2165.398
4288.223747253418, 0.0, 0.0, 2166.115
4290.223848104477, 0.0, 0.0, 2166.808
4292.2239491939545, 0.0, 0.0, 2167.591
4294.22403550148, 0.0, 0.0, 2168.443
4296.224128007889, 0.0, 0.0, 2169.199
4298.224261522293, 0.0, 0.0, 2169.808
4300.224342823029, 0.0, 0.0, 2170.367
4302.224445581436, 0.0, 0.0, 2170.965
4304.224546670914, 0.0, 0.0, 2171.547
4306.22463965416, 0.0, 0.0, 2172.122
4308.224727392197, 0.0, 0.0, 2172.784
4310.224818229675, 0.0, 0.0, 2173.348
4312.2249183654785, 0.0, 0.0, 2173.853
4314.225004196167, 0.0, 0.0, 2174.437
4316.2250871658325, 0.0, 0.0, 2175.085
4318.225175142288, 0.0, 0.0, 2175.818
4320.225274562836, 0.0, 0.0, 2176.542
4322.225375413895, 0.0, 0.0, 2177.071
4324.225469589233, 0.0, 0.0, 2177.601
4326.225549936295, 0.0, 0.0, 2178.118
4328.225655078888, 0.0, 0.0, 2178.662
4330.225755691528, 0.0, 0.0, 2179.268
4332.225853919983, 0.0, 0.0, 2179.818
4334.225951910019, 0.0, 0.0, 2180.372
4336.226051807404, 0.0, 0.0, 2181.157
4338.226150751114, 0.0, 0.0, 2181.82
4340.226236820221, 0.0, 0.0, 2182.393
4342.226328611374, 0.0, 0.0, 2182.907
4344.226436376572, 0.0, 0.0, 2183.453
4346.22657084465, 0.0, 0.0, 2183.946
4348.226699829102, 0.0, 0.0, 2184.526
4350.226835012436, 0.0, 0.0, 2185.023
4352.226939439774, 0.0, 0.0, 2185.517
4354.227026224136, 0.0, 0.0, 2186.01
4356.227112531662, 0.0, 0.0, 2186.475
4358.227208852768, 0.0, 0.0, 2186.973
4360.227293014526, 0.0, 0.0, 2187.525
4362.227430105209, 0.0, 0.0, 2188.085
4364.227511405945, 0.0, 0.0, 2188.643
4366.227594614029, 0.0, 0.0, 2189.212
4368.2276957035065, 0.0, 0.0, 2189.762
4370.227827310562, 0.0, 0.0, 2190.29
4372.227915287018, 0.0, 0.0, 2190.853
4374.228012084961, 0.0, 0.0, 2191.46
4376.228105545044, 0.0, 0.0, 2192.055
4378.228204250336, 0.0, 0.0, 2192.687
4380.228306293488, 0.0, 0.0, 2193.364
4382.228442907333, 0.0, 0.0, 2193.979
4384.22854590416, 0.0, 0.0, 2194.61
4386.228636264801, 0.0, 0.0, 2195.257
4388.228770971298, 0.0, 0.0, 2195.936
4390.228912115097, 0.0, 0.0, 2196.621
4392.229012012482, 0.0, 0.0, 2197.174
4394.229094743729, 0.0, 0.0, 2197.709
4396.229194879532, 0.0, 0.0, 2198.285
4398.229245185852, 0.0, 0.0, 2198.953
4400.22934794426, 0.0, 0.0, 2199.515
4402.229451656342, 0.0, 0.0, 2200.018
4404.229592323303, 0.0, 0.0, 2200.406
4406.229699134827, 0.0, 0.0, 2200.902
4408.229782104492, 0.0, 0.0, 2201.385
4410.229869842529, 0.0, 0.0, 2201.905
4412.229956626892, 0.0, 0.0, 2202.427
4414.230046033859, 0.0, 0.0, 2202.951
4416.230138301849, 0.0, 0.0, 2203.428
4418.230272054672, 0.0, 0.0, 2203.816
4420.230362415314, 0.0, 0.0, 2204.191
4422.230460166931, 0.0, 0.0, 2204.624
4424.2305560112, 0.0, 0.0, 2205.061
4426.23070025444, 0.0, 0.0, 2205.486
4428.230833292007, 0.0, 0.0, 2205.879
4430.23091673851, 0.0, 0.0, 2206.285
4432.231005191803, 0.0, 0.0, 2206.718
4434.231085300446, 0.0, 0.0, 2207.261
4436.231186628342, 0.0, 0.0, 2207.808
4438.231317996979, 0.0, 0.0, 2208.29
4440.231417655945, 0.0, 0.0, 2208.747
4442.231502771378, 0.0, 0.0, 2209.192
4444.231643676758, 0.0, 0.0, 2209.681
4446.23174738884, 0.0, 0.0, 2210.163
4448.2318522930145, 0.0, 0.0, 2210.735
4450.231952667236, 0.0, 0.0, 2211.247
4452.232068777084, 0.0, 0.0, 2211.791
4454.232164382935, 0.0, 0.0, 2212.325
4456.232269048691, 0.0, 0.0, 2212.769
4458.232370853424, 0.0, 0.0, 2213.288
4460.232452869415, 0.0, 0.0, 2213.904
4462.232542514801, 0.0, 0.0, 2214.424
4464.232625722885, 0.0, 0.0, 2214.89
4466.232716083527, 0.0, 0.0, 2215.354
4468.232841491699, 0.0, 0.0, 2215.76
4470.232937574387, 0.0, 0.0, 2216.099
4472.233022689819, 0.0, 0.0, 2216.455
4474.233167171478, 0.0, 0.0, 2216.887
4476.233311414719, 0.0, 0.0, 2217.241
4478.233398675919, 0.0, 0.0, 2217.69
4480.233487129211, 0.0, 0.0, 2218.124
4482.233627796173, 0.0, 0.0, 2218.613
4484.233714342117, 0.0, 0.0, 2219.113
4486.2338218688965, 0.0, 0.0, 2219.516
4488.233913898468, 0.0, 0.0, 2219.979
4490.234006166458, 0.0, 0.0, 2220.479
4492.234105587006, 0.0, 0.0, 2220.926
4494.2341985702515, 0.0, 0.0, 2221.343
4496.234301567078, 0.0, 0.0, 2221.838
4498.234411239624, 0.0, 0.0, 2222.297
4500.234548330307, 0.0, 0.0, 2222.729
4502.234636068344, 0.0, 0.0, 2223.121
4504.234744548798, 0.0, 0.0, 2223.448
4506.234850168228, 0.0, 0.0, 2223.779
4508.234952449799, 0.0, 0.0, 2224.15
4510.235093593597, 0.0, 0.0, 2224.572
4512.235176563263, 0.0, 0.0, 2225.01
4514.2352643013, 0.0, 0.0, 2225.371
4516.235362291336, 0.0, 0.0, 2225.673
4518.235442399979, 0.0, 0.0, 2226.034
4520.235530376434, 0.0, 0.0, 2226.404
4522.235637187958, 0.0, 0.0, 2226.852
4524.235769748688, 0.0, 0.0, 2227.273
4526.2359030246735, 0.0, 0.0, 2227.683
4528.236036539078, 0.0, 0.0, 2228.081
4530.236120700836, 0.0, 0.0, 2228.498
4532.236219882965, 0.0, 0.0, 2228.923
4534.236320018768, 0.0, 0.0, 2229.339
4536.2364184856415, 0.0, 0.0, 2229.812
4538.236518621445, 0.0, 0.0, 2230.239
4540.2366189956665, 0.0, 0.0, 2230.658
4542.236720561981, 0.0, 0.0, 2231.04
4544.23682141304, 0.0, 0.0, 2231.449
4546.236960172653, 0.0, 0.0, 2231.825
4548.237058401108, 0.0, 0.0, 2232.249
4550.237159490585, 0.0, 0.0, 2232.637
4552.23726272583, 0.0, 0.0, 2233.009
4554.23740363121, 0.0, 0.0, 2233.388
4556.237505912781, 0.0, 0.0, 2233.747
4558.237610578537, 0.0, 0.0, 2234.135
4560.237714290619, 0.0, 0.0, 2234.542
4562.237819433212, 0.0, 0.0, 2234.964
4564.23791217804, 0.0, 0.0, 2235.335
4566.238013505936, 0.0, 0.0, 2235.628
4568.23811674118, 0.0, 0.0, 2235.973
4570.238220691681, 0.0, 0.0, 2236.265
4572.238321304321, 0.0, 0.0, 2236.647
4574.238423585892, 0.0, 0.0, 2237.032
4576.238524675369, 0.0, 0.0, 2237.431
4578.238614320755, 0.0, 0.0, 2237.798
4580.238723754883, 0.0, 0.0, 2238.199
4582.23882651329, 0.0, 0.0, 2238.564
4584.238961935043, 0.0, 0.0, 2238.979
4586.2390995025635, 0.0, 0.0, 2239.44
4588.239238977432, 0.0, 0.0, 2239.882
4590.2393708229065, 0.0, 0.0, 2240.364
4592.239467859268, 0.0, 0.0, 2240.832
4594.239567279816, 0.0, 0.0, 2241.316
4596.239656448364, 0.0, 0.0, 2241.729
4598.239754676819, 0.0, 0.0, 2242.052
4600.2399027347565, 0.0, 0.0, 2242.431
4602.240040779114, 0.0, 0.0, 2242.856
4604.2401423454285, 0.0, 0.0, 2243.281
4606.240242481232, 0.0, 0.0, 2243.666
4608.240345239639, 0.0, 0.0, 2244.115
4610.240428447723, 0.0, 0.0, 2244.526
4612.240530967712, 0.0, 0.0, 2244.883
4614.240633249283, 0.0, 0.0, 2245.224
4616.240734100342, 0.0, 0.0, 2245.54
4618.240830898285, 0.0, 0.0, 2245.819
4620.240933418274, 0.0, 0.0, 2246.108
4622.241034984589, 0.0, 0.0, 2246.416
4624.241141080856, 0.0, 0.0, 2246.772
4626.241283416748, 0.0, 0.0, 2247.221
4628.2414264678955, 0.0, 0.0, 2247.6
4630.2415680885315, 0.0, 0.0, 2247.926
4632.241910457611, 0.0, 0.0, 2248.29
4634.24200797081, 0.0, 0.0, 2248.692
4636.242120265961, 0.0, 0.0, 2249.206
4638.24222278595, 0.0, 0.0, 2249.723
4640.242325305939, 0.0, 0.0, 2250.123
4642.242423295975, 0.0, 0.0, 2250.417
4644.242532014847, 0.0, 0.0, 2250.7
4646.24263715744, 0.0, 0.0, 2250.994
4648.242742538452, 0.0, 0.0, 2251.285
4650.24322104454, 0.0, 0.0, 2251.66
4652.243320226669, 0.0, 0.0, 2252.042
4654.243405342102, 0.0, 0.0, 2252.426
4656.243493795395, 0.0, 0.0, 2252.72
4658.243582010269, 0.0, 0.0, 2253.036
4660.243734836578, 0.0, 0.0, 2253.254
4662.243869781494, 0.0, 0.0, 2253.559
4664.243972539902, 0.0, 0.0, 2253.798
4666.244071722031, 0.0, 0.0, 2254.124
4668.244171142578, 0.0, 0.0, 2254.456
4670.244272708893, 0.0, 0.0, 2254.835
4672.24437379837, 0.0, 0.0, 2255.141
4674.244460821152, 0.0, 0.0, 2255.488
4676.244565010071, 0.0, 0.0, 2255.807
4678.244666337967, 0.0, 0.0, 2256.154
4680.244766235352, 0.0, 0.0, 2256.523
4682.244867801666, 0.0, 0.0, 2256.841
4684.244954586029, 0.0, 0.0, 2257.269
4686.245060443878, 0.0, 0.0, 2257.688
4688.245162010193, 0.0, 0.0, 2258.021
4690.2453055381775, 0.0, 0.0, 2258.294
4692.245438575745, 0.0, 0.0, 2258.588
4694.245573282242, 0.0, 0.0, 2258.829
4696.245678901672, 0.0, 0.0, 2259.142
4698.24578166008, 0.0, 0.0, 2259.538
4700.24587726593, 0.0, 0.0, 2259.866
4702.2459807395935, 0.0, 0.0, 2260.143
4704.246082305908, 0.0, 0.0, 2260.377
4706.24618268013, 0.0, 0.0, 2260.634
4708.246271371841, 0.0, 0.0, 2260.942
4710.246360301971, 0.0, 0.0, 2261.289
4712.246464014053, 0.0, 0.0, 2261.597
4714.246565818787, 0.0, 0.0, 2261.898
4716.246668338776, 0.0, 0.0, 2262.304
4718.246771812439, 0.0, 0.0, 2262.766
4720.246876716614, 0.0, 0.0, 2263.19
4722.246967792511, 0.0, 0.0, 2263.65
4724.24707198143, 0.0, 0.0, 2264.022
4726.247164011002, 0.0, 0.0, 2264.344
4728.247254610062, 0.0, 0.0, 2264.674
4730.247338056564, 0.0, 0.0, 2264.956
4732.247442245483, 0.0, 0.0, 2265.284
4734.247544765472, 0.0, 0.0, 2265.534
4736.24764752388, 0.0, 0.0, 2265.797
4738.247737407684, 0.0, 0.0, 2266.061
4740.247837781906, 0.0, 0.0, 2266.283
4742.2479383945465, 0.0, 0.0, 2266.52
4744.248021364212, 0.0, 0.0, 2266.77
4746.24812579155, 0.0, 0.0, 2267.014
4748.2482125759125, 0.0, 0.0, 2267.3
4750.248358011246, 0.0, 0.0, 2267.565
4752.248500347137, 0.0, 0.0, 2267.827
4754.248602628708, 0.0, 0.0, 2268.097
4756.248702764511, 0.0, 0.0, 2268.393
4758.248791694641, 0.0, 0.0, 2268.807
4760.248883485794, 0.0, 0.0, 2269.192
4762.248995065689, 0.0, 0.0, 2269.616
4764.2491002082825, 0.0, 0.0, 2269.963
4766.249205112457, 0.0, 0.0, 2270.334
4768.249342918396, 0.0, 0.0, 2270.571
4770.249445915222, 0.0, 0.0, 2270.808
4772.249550104141, 0.0, 0.0, 2271.075
4774.249653339386, 0.0, 0.0, 2271.314
4776.249756336212, 0.0, 0.0, 2271.592
4778.249896287918, 0.0, 0.0, 2271.878
4780.25003194809, 0.0, 0.0, 2272.158
4782.250134944916, 0.0, 0.0, 2272.428
4784.250236272812, 0.0, 0.0, 2272.814
4786.250337839127, 0.0, 0.0, 2273.138
4788.250440597534, 0.0, 0.0, 2273.369
4790.25052690506, 0.0, 0.0, 2273.611
4792.250607967377, 0.0, 0.0, 2273.867
4794.250689983368, 0.0, 0.0, 2274.149
4796.250787973404, 0.0, 0.0, 2274.403
4798.250923395157, 0.0, 0.0, 2274.685
4800.2510097026825, 0.0, 0.0, 2274.943
4802.251103401184, 0.0, 0.0, 2275.193
4804.25119137764, 0.0, 0.0, 2275.465
4806.251293182373, 0.0, 0.0, 2275.742
4808.251379728317, 0.0, 0.0, 2276.027
4810.251470088959, 0.0, 0.0, 2276.284
4812.2515597343445, 0.0, 0.0, 2276.58
4814.251647233963, 0.0, 0.0, 2276.909
4816.251792192459, 0.0, 0.0, 2277.211
4818.251885175705, 0.0, 0.0, 2277.52
4820.251969099045, 0.0, 0.0, 2277.816
4822.2521023750305, 0.0, 0.0, 2278.081
4824.252199411392, 0.0, 0.0, 2278.32
4826.252288579941, 0.0, 0.0, 2278.597
4828.252393960953, 0.0, 0.0, 2278.818
4830.252474308014, 0.0, 0.0, 2279.057
4832.252558708191, 0.0, 0.0, 2279.319
4834.252639293671, 0.0, 0.0, 2279.553
4836.252737522125, 0.0, 0.0, 2279.82
4838.252817392349, 0.0, 0.0, 2280.085
4840.252917051315, 0.0, 0.0, 2280.362
4842.2530517578125, 0.0, 0.0, 2280.665
4844.253152370453, 0.0, 0.0, 2280.936
4846.253241062164, 0.0, 0.0, 2281.242
4848.253335475922, 0.0, 0.0, 2281.528
4850.25341796875, 0.0, 0.0, 2281.78
4852.253507852554, 0.0, 0.0, 2282.002
4854.253619194031, 0.0, 0.0, 2282.283
4856.253721475601, 0.0, 0.0, 2282.529
4858.253806114197, 0.0, 0.0, 2282.862
4860.253895282745, 0.0, 0.0, 2283.168
4862.253990650177, 0.0, 0.0, 2283.541
4864.254123926163, 0.0, 0.0, 2283.852
4866.254228115082, 0.0, 0.0, 2284.199
4868.254310846329, 0.0, 0.0, 2284.448
4870.254411697388, 0.0, 0.0, 2284.702
4872.254523038864, 0.0, 0.0, 2284.989
4874.254623889923, 0.0, 0.0, 2285.226
4876.254724264145, 0.0, 0.0, 2285.395
4878.2548089027405, 0.0, 0.0, 2285.659
4880.25488615036, 0.0, 0.0, 2285.794
4882.254966259003, 0.0, 0.0, 2285.975
4884.255044221878, 0.0, 0.0, 2286.193
4886.255121707916, 0.0, 0.0, 2286.51
4888.255224943161, 0.0, 0.0, 2286.792
4890.255263328552, 0.0, 0.0, 2287.104
4892.255339860916, 0.0, 0.0, 2287.414
4894.255438566208, 0.0, 0.0, 2287.756
4896.2555372715, 0.0, 0.0, 2288.137
4898.255631446838, 0.0, 0.0, 2288.474
4900.255722284317, 0.0, 0.0, 2288.766
4902.255825996399, 0.0, 0.0, 2289.038
4904.255909442902, 0.0, 0.0, 2289.289
4906.255991220474, 0.0, 0.0, 2289.502
4908.256092071533, 0.0, 0.0, 2289.777
4910.256178617477, 0.0, 0.0, 2289.98
4912.256279706955, 0.0, 0.0, 2290.17
4914.256378650665, 0.0, 0.0, 2290.457
4916.256478071213, 0.0, 0.0, 2290.854
4918.25657916069, 0.0, 0.0, 2291.074
4920.256673336029, 0.0, 0.0, 2291.258
4922.256755828857, 0.0, 0.0, 2291.535
4924.256835699081, 0.0, 0.0, 2291.802
4926.256915807724, 0.0, 0.0, 2292.096
4928.256995916367, 0.0, 0.0, 2292.443
4930.257127285004, 0.0, 0.0, 2292.675
4932.257208347321, 0.0, 0.0, 2292.908
4934.257308721542, 0.0, 0.0, 2293.158
4936.257408857346, 0.0, 0.0, 2293.418
4938.2575006484985, 0.0, 0.0, 2293.605
4940.257602930069, 0.0, 0.0, 2293.791
4942.257684469223, 0.0, 0.0, 2293.958
4944.257824897766, 0.0, 0.0, 2294.205
4946.257912635803, 0.0, 0.0, 2294.444
4948.257999420166, 0.0, 0.0, 2294.723
4950.258099555969, 0.0, 0.0, 2295.018
4952.258176803589, 0.0, 0.0, 2295.327
4954.2582585811615, 0.0, 0.0, 2295.577
4956.258340597153, 0.0, 0.0, 2295.818
4958.258423805237, 0.0, 0.0, 2296.084
4960.258522987366, 0.0, 0.0, 2296.327
4962.258654117584, 0.0, 0.0, 2296.599
4964.258797883987, 0.0, 0.0, 2296.865
4966.258900403976, 0.0, 0.0, 2297.041
4968.25900220871, 0.0, 0.0, 2297.318
4970.25909614563, 0.0, 0.0, 2297.576
4972.25919675827, 0.0, 0.0, 2297.928
4974.259279727936, 0.0, 0.0, 2298.21
4976.259383440018, 0.0, 0.0, 2298.462
4978.259481906891, 0.0, 0.0, 2298.627
4980.259581327438, 0.0, 0.0, 2298.849
4982.259685754776, 0.0, 0.0, 2299.057
4984.2597913742065, 0.0, 0.0, 2299.23
4986.259891271591, 0.0, 0.0, 2299.44
4988.259992837906, 0.0, 0.0, 2299.682
4990.260094404221, 0.0, 0.0, 2299.896
4992.260194778442, 0.0, 0.0, 2300.136
4994.2602891922, 0.0, 0.0, 2300.324
4996.260393619537, 0.0, 0.0, 2300.505
4998.260492324829, 0.0, 0.0, 2300.725
5000.260575532913, 0.0, 0.0, 2300.989
5002.260663986206, 0.0, 0.0, 2301.223
5004.260765075684, 0.0, 0.0, 2301.512
5006.260848522186, 0.0, 0.0, 2301.766
5008.260982751846, 0.0, 0.0, 2302.014
5010.261068820953, 0.0, 0.0, 2302.172
5012.261154651642, 0.0, 0.0, 2302.423
5014.261241674423, 0.0, 0.0, 2302.682
5016.261380434036, 0.0, 0.0, 2302.891
5018.261483669281, 0.0, 0.0, 2303.126
5020.26158285141, 0.0, 0.0, 2303.334
5022.26167845726, 0.0, 0.0, 2303.591
5024.261778116226, 0.0, 0.0, 2303.834
5026.261907577515, 0.0, 0.0, 2304.097
5028.262010812759, 0.0, 0.0, 2304.362
5030.262110710144, 0.0, 0.0, 2304.564
5032.262207508087, 0.0, 0.0, 2304.749
5034.26229095459, 0.0, 0.0, 2304.929
5036.2623898983, 0.0, 0.0, 2305.144
5038.262528896332, 0.0, 0.0, 2305.34
5040.262667894363, 0.0, 0.0, 2305.546
5042.2627601623535, 0.0, 0.0, 2305.76
5044.2628972530365, 0.0, 0.0, 2305.97
5046.262983560562, 0.0, 0.0, 2306.207
5048.263118267059, 0.0, 0.0, 2306.435
5050.263218402863, 0.0, 0.0, 2306.625
5052.263320446014, 0.0, 0.0, 2306.872
5054.263415813446, 0.0, 0.0, 2307.069
5056.263552188873, 0.0, 0.0, 2307.291
5058.263639450073, 0.0, 0.0, 2307.527
5060.263737201691, 0.0, 0.0, 2307.715
5062.263844013214, 0.0, 0.0, 2307.893
5064.263940572739, 0.0, 0.0, 2308.094
5066.264040231705, 0.0, 0.0, 2308.327
5068.26412653923, 0.0, 0.0, 2308.571
5070.264227628708, 0.0, 0.0, 2308.799
5072.264312505722, 0.0, 0.0, 2309.063
5074.264413356781, 0.0, 0.0, 2309.336
5076.264514684677, 0.0, 0.0, 2309.583
5078.264597892761, 0.0, 0.0, 2309.842
5080.264695882797, 0.0, 0.0, 2310.078
5082.264792442322, 0.0, 0.0, 2310.381
5084.264891624451, 0.0, 0.0, 2310.567
5086.264971494675, 0.0, 0.0, 2310.759
5088.265050411224, 0.0, 0.0, 2310.976
5090.26513671875, 0.0, 0.0, 2311.158
5092.265238761902, 0.0, 0.0, 2311.352
5094.265319347382, 0.0, 0.0, 2311.542
5096.265420913696, 0.0, 0.0, 2311.742
5098.26550412178, 0.0, 0.0, 2311.904
5100.265592098236, 0.0, 0.0, 2312.076
5102.265677928925, 0.0, 0.0, 2312.292
5104.265825510025, 0.0, 0.0, 2312.475
5106.265908241272, 0.0, 0.0, 2312.684
5108.266043424606, 0.0, 0.0, 2312.958
5110.266175270081, 0.0, 0.0, 2313.211
5112.266265869141, 0.0, 0.0, 2313.422
5114.2663650512695, 0.0, 0.0, 2313.644
5116.266460418701, 0.0, 0.0, 2313.843
5118.266551017761, 0.0, 0.0, 2314.111
5120.266633987427, 0.0, 0.0, 2314.337
5122.26672077179, 0.0, 0.0, 2314.625
5124.26682806015, 0.0, 0.0, 2314.892
5126.2669286727905, 0.0, 0.0, 2315.103
5128.267060756683, 0.0, 0.0, 2315.359
5130.267154455185, 0.0, 0.0, 2315.599
5132.267242431641, 0.0, 0.0, 2315.877
5134.267323732376, 0.0, 0.0, 2316.128
5136.267415046692, 0.0, 0.0, 2316.337
5138.267510652542, 0.0, 0.0, 2316.518
5140.267640829086, 0.0, 0.0, 2316.717
5142.267741918564, 0.0, 0.0, 2316.951
5144.267851352692, 0.0, 0.0, 2317.135
5146.267944812775, 0.0, 0.0, 2317.387
5148.2680287361145, 0.0, 0.0, 2317.691
5150.268127918243, 0.0, 0.0, 2317.95
5152.268226861954, 0.0, 0.0, 2318.191
5154.268329143524, 0.0, 0.0, 2318.423
5156.268463373184, 0.0, 0.0, 2318.626
5158.268563747406, 0.0, 0.0, 2318.858
5160.268865346909, 0.0, 0.0, 2319.145
5162.2689509391785, 0.0, 0.0, 2319.433
5164.269051551819, 0.0, 0.0, 2319.704
5166.269141435623, 0.0, 0.0, 2319.948
5168.269222021103, 0.0, 0.0, 2320.141
5170.269324064255, 0.0, 0.0, 2320.363
5172.269456863403, 0.0, 0.0, 2320.618
5174.2695479393005, 0.0, 0.0, 2320.86
5176.269624471664, 0.0, 0.0, 2320.976
5178.269723415375, 0.0, 0.0, 2321.153
5180.269830942154, 0.0, 0.0, 2321.333
5182.269935846329, 0.0, 0.0, 2321.514
5184.270081520081, 0.0, 0.0, 2321.668
5186.270183086395, 0.0, 0.0, 2321.856
5188.270324468613, 0.0, 0.0, 2322.04
5190.270410299301, 0.0, 0.0, 2322.212
5192.27050948143, 0.0, 0.0, 2322.342
5194.2706134319305, 0.0, 0.0, 2322.487
5196.270694732666, 0.0, 0.0, 2322.731
5198.270794630051, 0.0, 0.0, 2322.882
5200.270884990692, 0.0, 0.0, 2323.076
5202.270966768265, 0.0, 0.0, 2323.262
5204.271068096161, 0.0, 0.0, 2323.456
5206.271170377731, 0.0, 0.0, 2323.652
5208.271251678467, 0.0, 0.0, 2323.881
5210.271330833435, 0.0, 0.0, 2324.052
5212.271428108215, 0.0, 0.0, 2324.276
5214.271508932114, 0.0, 0.0, 2324.482
5216.271608829498, 0.0, 0.0, 2324.665
5218.271711349487, 0.0, 0.0, 2324.818
5220.271821737289, 0.0, 0.0, 2324.979
5222.271915197372, 0.0, 0.0, 2325.133
5224.272015333176, 0.0, 0.0, 2325.294
5226.272093296051, 0.0, 0.0, 2325.473
5228.272199869156, 0.0, 0.0, 2325.686
5230.272287130356, 0.0, 0.0, 2325.91
5232.2723705768585, 0.0, 0.0, 2326.102
5234.2724549770355, 0.0, 0.0, 2326.336
5236.272543668747, 0.0, 0.0, 2326.553
5238.272626399994, 0.0, 0.0, 2326.733
5240.2727110385895, 0.0, 0.0, 2326.978
5242.272798061371, 0.0, 0.0, 2327.167
5244.272888183594, 0.0, 0.0, 2327.363
5246.272988080978, 0.0, 0.0, 2327.535
5248.273068904877, 0.0, 0.0, 2327.707
5250.273149490356, 0.0, 0.0, 2327.904
5252.273248910904, 0.0, 0.0, 2328.098
5254.2733500003815, 0.0, 0.0, 2328.307
5256.273483753204, 0.0, 0.0, 2328.564
5258.273587942123, 0.0, 0.0, 2328.793
5260.273668289185, 0.0, 0.0, 2329.03
5262.273755311966, 0.0, 0.0, 2329.235
5264.273895740509, 0.0, 0.0, 2329.377
5266.274027585983, 0.0, 0.0, 2329.532
5268.274130821228, 0.0, 0.0, 2329.67
5270.274229288101, 0.0, 0.0, 2329.869
5272.274312019348, 0.0, 0.0, 2330.092
5274.274389028549, 0.0, 0.0, 2330.315
5276.274480581284, 0.0, 0.0, 2330.571
5278.274523019791, 0.0, 0.0, 2330.772
5280.274611711502, 0.0, 0.0, 2330.948
5282.274692058563, 0.0, 0.0, 2331.107
5284.274796009064, 0.0, 0.0, 2331.244
5286.27488899231, 0.0, 0.0, 2331.463
5288.274992227554, 0.0, 0.0, 2331.654
5290.275076389313, 0.0, 0.0, 2331.896
5292.275208711624, 0.0, 0.0, 2332.115
5294.275342464447, 0.0, 0.0, 2332.321
5296.275443553925, 0.0, 0.0, 2332.505
5298.275545835495, 0.0, 0.0, 2332.685
5300.275648355484, 0.0, 0.0, 2332.862
5302.275731801987, 0.0, 0.0, 2333.047
5304.275833368301, 0.0, 0.0, 2333.215
5306.275918483734, 0.0, 0.0, 2333.408
5308.276012420654, 0.0, 0.0, 2333.603
5310.276101350784, 0.0, 0.0, 2333.833
5312.276239871979, 0.0, 0.0, 2334.015
5314.276330947876, 0.0, 0.0, 2334.154
5316.276412963867, 0.0, 0.0, 2334.363
5318.2764937877655, 0.0, 0.0, 2334.534
5320.276581525803, 0.0, 0.0, 2334.688
5322.276683807373, 0.0, 0.0, 2334.88
5324.276785135269, 0.0, 0.0, 2334.986
5326.27688574791, 0.0, 0.0, 2335.208
5328.276976823807, 0.0, 0.0, 2335.338
5330.277062416077, 0.0, 0.0, 2335.5
5332.277161836624, 0.0, 0.0, 2335.704
5334.27725315094, 0.0, 0.0, 2335.91
5336.277396202087, 0.0, 0.0, 2336.053
5338.277491569519, 0.0, 0.0, 2336.215
5340.277595043182, 0.0, 0.0, 2336.377
5342.277727365494, 0.0, 0.0, 2336.533
5344.277828454971, 0.0, 0.0, 2336.718
5346.2779285907745, 0.0, 0.0, 2336.913
5348.278008699417, 0.0, 0.0, 2337.089
5350.278097629547, 0.0, 0.0, 2337.23
5352.27820110321, 0.0, 0.0, 2337.434
5354.278303384781, 0.0, 0.0, 2337.626
5356.278416395187, 0.0, 0.0, 2337.813
5358.278530836105, 0.0, 0.0, 2338.021
5360.278610706329, 0.0, 0.0, 2338.191
5362.278711557388, 0.0, 0.0, 2338.351
5364.278793096542, 0.0, 0.0, 2338.466
5366.278894901276, 0.0, 0.0, 2338.636
5368.278972387314, 0.0, 0.0, 2338.835
5370.279051542282, 0.0, 0.0, 2338.964
5372.279151439667, 0.0, 0.0, 2339.146
5374.2792456150055, 0.0, 0.0, 2339.303
5376.279333353043, 0.0, 0.0, 2339.462
5378.279412508011, 0.0, 0.0, 2339.647
5380.279493570328, 0.0, 0.0, 2339.794
5382.279578208923, 0.0, 0.0, 2339.967
5384.279665470123, 0.0, 0.0, 2340.193
5386.279753923416, 0.0, 0.0, 2340.385
5388.279851913452, 0.0, 0.0, 2340.587
5390.279933452606, 0.0, 0.0, 2340.79
5392.280019521713, 0.0, 0.0, 2340.97
5394.280153989792, 0.0, 0.0, 2341.12
5396.280256271362, 0.0, 0.0, 2341.271
5398.280336380005, 0.0, 0.0, 2341.419
5400.280415058136, 0.0, 0.0, 2341.563
5402.2805054187775, 0.0, 0.0, 2341.765
5404.280588388443, 0.0, 0.0, 2341.91
5406.280670881271, 0.0, 0.0, 2342.047
5408.28076004982, 0.0, 0.0, 2342.231
5410.28084564209, 0.0, 0.0, 2342.341
5412.280930757523, 0.0, 0.0, 2342.544
5414.281015396118, 0.0, 0.0, 2342.713
5416.281103134155, 0.0, 0.0, 2342.884
5418.281189203262, 0.0, 0.0, 2343.038
5420.281280755997, 0.0, 0.0, 2343.207
5422.281360387802, 0.0, 0.0, 2343.41
5424.281446218491, 0.0, 0.0, 2343.58
5426.281545877457, 0.0, 0.0, 2343.724
5428.281633138657, 0.0, 0.0, 2343.886
5430.281739234924, 0.0, 0.0, 2344.042
5432.281829357147, 0.0, 0.0, 2344.184
5434.281926393509, 0.0, 0.0, 2344.322
5436.282011508942, 0.0, 0.0, 2344.462
5438.282094478607, 0.0, 0.0, 2344.623
5440.28218126297, 0.0, 0.0, 2344.778
5442.2822823524475, 0.0, 0.0, 2344.947
5444.282384395599, 0.0, 0.0, 2345.129
5446.282462835312, 0.0, 0.0, 2345.291
5448.282563924789, 0.0, 0.0, 2345.454
5450.282645702362, 0.0, 0.0, 2345.666
5452.282779932022, 0.0, 0.0, 2345.858
5454.282861709595, 0.0, 0.0, 2346.036
5456.282941818237, 0.0, 0.0, 2346.182
5458.283035039902, 0.0, 0.0, 2346.388
5460.283116817474, 0.0, 0.0, 2346.569
5462.283196926117, 0.0, 0.0, 2346.77
5464.28327870369, 0.0, 0.0, 2346.935
5466.283359527588, 0.0, 0.0, 2347.114
5468.283445358276, 0.0, 0.0, 2347.282
5470.28352355957, 0.0, 0.0, 2347.434
5472.28360247612, 0.0, 0.0, 2347.565
5474.283686876297, 0.0, 0.0, 2347.769
5476.283767700195, 0.0, 0.0, 2347.885
5478.283870220184, 0.0, 0.0, 2348.039
5480.283954143524, 0.0, 0.0, 2348.156
5482.284054279327, 0.0, 0.0, 2348.279
5484.28413271904, 0.0, 0.0, 2348.464
5486.2842671871185, 0.0, 0.0, 2348.64
5488.284358739853, 0.0, 0.0, 2348.75
5490.284446954727, 0.0, 0.0, 2348.936
5492.284553766251, 0.0, 0.0, 2349.109
5494.28465461731, 0.0, 0.0, 2349.23
5496.284732341766, 0.0, 0.0, 2349.381
5498.284832239151, 0.0, 0.0, 2349.551
5500.284932613373, 0.0, 0.0, 2349.677
5502.285013914108, 0.0, 0.0, 2349.838
5504.285145998001, 0.0, 0.0, 2349.951
5506.285226821899, 0.0, 0.0, 2350.099
5508.285316228867, 0.0, 0.0, 2350.227
5510.285407781601, 0.0, 0.0, 2350.418
5512.285491704941, 0.0, 0.0, 2350.576
5514.285571336746, 0.0, 0.0, 2350.744
5516.285654067993, 0.0, 0.0, 2350.882
5518.285737991333, 0.0, 0.0, 2351.031
5520.285817146301, 0.0, 0.0, 2351.211
5522.28590798378, 0.0, 0.0, 2351.455
5524.28599190712, 0.0, 0.0, 2351.614
5526.286076307297, 0.0, 0.0, 2351.831
5528.286168336868, 0.0, 0.0, 2352.013
5530.286254167557, 0.0, 0.0, 2352.189
5532.286334276199, 0.0, 0.0, 2352.339
5534.286417007446, 0.0, 0.0, 2352.551
5536.2865109443665, 0.0, 0.0, 2352.727
5538.286591291428, 0.0, 0.0, 2352.788
5540.286695718765, 0.0, 0.0, 2352.932
5542.286779642105, 0.0, 0.0, 2353.082
5544.286857366562, 0.0, 0.0, 2353.199
5546.286958456039, 0.0, 0.0, 2353.38
5548.287041425705, 0.0, 0.0, 2353.607
5550.287123680115, 0.0, 0.0, 2353.803
5552.287201881409, 0.0, 0.0, 2353.965
5554.287281513214, 0.0, 0.0, 2354.093
5556.287361860275, 0.0, 0.0, 2354.238
5558.287441968918, 0.0, 0.0, 2354.379
5560.287521362305, 0.0, 0.0, 2354.501
5562.287611246109, 0.0, 0.0, 2354.66
5564.287710428238, 0.0, 0.0, 2354.811
5566.287786245346, 0.0, 0.0, 2355.01
5568.287868499756, 0.0, 0.0, 2355.224
5570.287945985794, 0.0, 0.0, 2355.429
5572.288024425507, 0.0, 0.0, 2355.607
5574.288104057312, 0.0, 0.0, 2355.711
5576.288204669952, 0.0, 0.0, 2355.782
5578.288288593292, 0.0, 0.0, 2355.884
5580.288363695145, 0.0, 0.0, 2356.038
5582.288459062576, 0.0, 0.0, 2356.206
5584.288560628891, 0.0, 0.0, 2356.329
5586.288665771484, 0.0, 0.0, 2356.485
5588.28874206543, 0.0, 0.0, 2356.675
5590.288827419281, 0.0, 0.0, 2356.772
5592.288911581039, 0.0, 0.0, 2356.965
5594.289011716843, 0.0, 0.0, 2357.095
5596.289098739624, 0.0, 0.0, 2357.19
5598.289197206497, 0.0, 0.0, 2357.321
5600.289300203323, 0.0, 0.0, 2357.434
5602.289400815964, 0.0, 0.0, 2357.549
5604.289496183395, 0.0, 0.0, 2357.688
5606.289597988129, 0.0, 0.0, 2357.819
5608.28968167305, 0.0, 0.0, 2357.979
5610.289781332016, 0.0, 0.0, 2358.115
5612.289875984192, 0.0, 0.0, 2358.261
5614.289975643158, 0.0, 0.0, 2358.37
5616.290076255798, 0.0, 0.0, 2358.538
5618.29015827179, 0.0, 0.0, 2358.7
5620.290299654007, 0.0, 0.0, 2358.835
5622.290405988693, 0.0, 0.0, 2359.004
5624.290485858917, 0.0, 0.0, 2359.146
5626.290592670441, 0.0, 0.0, 2359.259
5628.290693283081, 0.0, 0.0, 2359.432
5630.29078912735, 0.0, 0.0, 2359.6
5632.290915250778, 0.0, 0.0, 2359.811
5634.291000843048, 0.0, 0.0, 2359.955
5636.29110121727, 0.0, 0.0, 2360.111
5638.291191101074, 0.0, 0.0, 2360.27
5640.291293144226, 0.0, 0.0, 2360.473
5642.291440963745, 0.0, 0.0, 2360.644
5644.291541814804, 0.0, 0.0, 2360.827
5646.2916378974915, 0.0, 0.0, 2361.007
5648.29172706604, 0.0, 0.0, 2361.165
5650.291859388351, 0.0, 0.0, 2361.347
5652.29196023941, 0.0, 0.0, 2361.486
5654.292045354843, 0.0, 0.0, 2361.692
5656.292186498642, 0.0, 0.0, 2361.83
5658.292602777481, 0.0, 0.0, 2362.021
5660.29270529747, 0.0, 0.0, 2362.186
5662.292785406113, 0.0, 0.0, 2362.337
5664.292886257172, 0.0, 0.0, 2362.486
5666.292986869812, 0.0, 0.0, 2362.605
5668.293119430542, 0.0, 0.0, 2362.728
5670.293219327927, 0.0, 0.0, 2362.848
5672.293318748474, 0.0, 0.0, 2363.001
5674.293447256088, 0.0, 0.0, 2363.096
5676.293552398682, 0.0, 0.0, 2363.224
5678.293661832809, 0.0, 0.0, 2363.351
5680.2937643527985, 0.0, 0.0, 2363.506
5682.293866157532, 0.0, 0.0, 2363.599
5684.293963909149, 0.0, 0.0, 2363.71
5686.2940583229065, 0.0, 0.0, 2363.861
5688.2941517829895, 0.0, 0.0, 2363.991
5690.294293642044, 0.0, 0.0, 2364.168
5692.294371128082, 0.0, 0.0, 2364.315
5694.2945346832275, 0.0, 0.0, 2364.439
5696.294636249542, 0.0, 0.0, 2364.571
5698.294744491577, 0.0, 0.0, 2364.715
5700.294847726822, 0.0, 0.0, 2364.815
5702.294933319092, 0.0, 0.0, 2364.956
5704.295033454895, 0.0, 0.0, 2365.091
5706.29513502121, 0.0, 0.0, 2365.254
5708.2952246665955, 0.0, 0.0, 2365.351
5710.295305728912, 0.0, 0.0, 2365.522
5712.295392274857, 0.0, 0.0, 2365.683
5714.295480728149, 0.0, 0.0, 2365.837
5716.295578479767, 0.0, 0.0, 2366.031
5718.295677185059, 0.0, 0.0, 2366.209
5720.295767784119, 0.0, 0.0, 2366.301
5722.295860052109, 0.0, 0.0, 2366.407
5724.295960426331, 0.0, 0.0, 2366.504
5726.29607129097, 0.0, 0.0, 2366.642
5728.29616522789, 0.0, 0.0, 2366.793
5730.296265125275, 0.0, 0.0, 2366.971
5732.296369075775, 0.0, 0.0, 2367.094
5734.296461343765, 0.0, 0.0, 2367.255
5736.296560049057, 0.0, 0.0, 2367.384
5738.296663284302, 0.0, 0.0, 2367.543
5740.29677438736, 0.0, 0.0, 2367.665
5742.296915769577, 0.0, 0.0, 2367.756
5744.297055482864, 0.0, 0.0, 2367.855
5746.2971959114075, 0.0, 0.0, 2367.96
5748.297298192978, 0.0, 0.0, 2368.06
5750.297429800034, 0.0, 0.0, 2368.173
5752.297533988953, 0.0, 0.0, 2368.267
5754.297625541687, 0.0, 0.0, 2368.375
5756.297709226608, 0.0, 0.0, 2368.445
5758.297811985016, 0.0, 0.0, 2368.597
5760.297913312912, 0.0, 0.0, 2368.763
5762.298014879227, 0.0, 0.0, 2368.924
5764.298150777817, 0.0, 0.0, 2369.092
5766.298290729523, 0.0, 0.0, 2369.215
5768.298391342163, 0.0, 0.0, 2369.387
5770.298490762711, 0.0, 0.0, 2369.525
5772.298643350601, 0.0, 0.0, 2369.642
5774.298775911331, 0.0, 0.0, 2369.77
5776.298880338669, 0.0, 0.0, 2369.893
5778.298968553543, 0.0, 0.0, 2370.006
5780.299100637436, 0.0, 0.0, 2370.166
5782.299193143845, 0.0, 0.0, 2370.269
5784.299283742905, 0.0, 0.0, 2370.401
5786.299418449402, 0.0, 0.0, 2370.59
5788.2995183467865, 0.0, 0.0, 2370.756
5790.2996072769165, 0.0, 0.0, 2370.853
5792.299727678299, 0.0, 0.0, 2370.998
5794.299861907959, 0.0, 0.0, 2371.139
5796.299957990646, 0.0, 0.0, 2371.232
5798.300064325333, 0.0, 0.0, 2371.335
5800.300191164017, 0.0, 0.0, 2371.442
5802.300277233124, 0.0, 0.0, 2371.553
5804.300365686417, 0.0, 0.0, 2371.679
5806.300457954407, 0.0, 0.0, 2371.86
5808.300542831421, 0.0, 0.0, 2371.964
5810.300649881363, 0.0, 0.0, 2372.103
5812.300758600235, 0.0, 0.0, 2372.229
5814.300891876221, 0.0, 0.0, 2372.348
5816.301025152206, 0.0, 0.0, 2372.491
5818.301153182983, 0.0, 0.0, 2372.614
5820.301233291626, 0.0, 0.0, 2372.741
5822.301340341568, 0.0, 0.0, 2372.857
5824.301473379135, 0.0, 0.0, 2373.016
5826.301561117172, 0.0, 0.0, 2373.136
5828.301653623581, 0.0, 0.0, 2373.275
5830.301755189896, 0.0, 0.0, 2373.411
5832.3018362522125, 0.0, 0.0, 2373.554
5834.301922559738, 0.0, 0.0, 2373.605
5836.3020231723785, 0.0, 0.0, 2373.726
5838.30212521553, 0.0, 0.0, 2373.836
5840.302254676819, 0.0, 0.0, 2374.013
5842.302351236343, 0.0, 0.0, 2374.133
5844.302451610565, 0.0, 0.0, 2374.234
5846.302543640137, 0.0, 0.0, 2374.361
5848.302629709244, 0.0, 0.0, 2374.476
5850.302726507187, 0.0, 0.0, 2374.588
5852.302826881409, 0.0, 0.0, 2374.727
5854.3029272556305, 0.0, 0.0, 2374.855
5856.303019762039, 0.0, 0.0, 2374.957
5858.30312037468, 0.0, 0.0, 2375.071
5860.3032150268555, 0.0, 0.0, 2375.197
5862.303315639496, 0.0, 0.0, 2375.363
5864.3034110069275, 0.0, 0.0, 2375.47
5866.303513765335, 0.0, 0.0, 2375.565
5868.303621530533, 0.0, 0.0, 2375.695
5870.303722143173, 0.0, 0.0, 2375.847
5872.303823709488, 0.0, 0.0, 2376.037
5874.303908586502, 0.0, 0.0, 2376.226
5876.304013252258, 0.0, 0.0, 2376.31
5878.304114103317, 0.0, 0.0, 2376.405
5880.304198503494, 0.0, 0.0, 2376.497
5882.30429983139, 0.0, 0.0, 2376.627
5884.304435253143, 0.0, 0.0, 2376.708
5886.30456829071, 0.0, 0.0, 2376.819
5888.304707765579, 0.0, 0.0, 2376.966
5890.304808855057, 0.0, 0.0, 2377.052
5892.304911851883, 0.0, 0.0, 2377.179
5894.305013179779, 0.0, 0.0, 2377.332
5896.305104732513, 0.0, 0.0, 2377.443
5898.305185317993, 0.0, 0.0, 2377.551
5900.305316209793, 0.0, 0.0, 2377.675
5902.305451869965, 0.0, 0.0, 2377.778
5904.305584192276, 0.0, 0.0, 2377.919
5906.30571603775, 0.0, 0.0, 2378.056
5908.305795431137, 0.0, 0.0, 2378.178
5910.305874586105, 0.0, 0.0, 2378.322
5912.305956602097, 0.0, 0.0, 2378.488
5914.30605840683, 0.0, 0.0, 2378.658
5916.306193113327, 0.0, 0.0, 2378.846
5918.30627155304, 0.0, 0.0, 2379.044
5920.306375980377, 0.0, 0.0, 2379.199
5922.306475877762, 0.0, 0.0, 2379.334
5924.306558609009, 0.0, 0.0, 2379.458
5926.306640148163, 0.0, 0.0, 2379.603
5928.306765556335, 0.0, 0.0, 2379.688
5930.30686879158, 0.0, 0.0, 2379.826
5932.306965112686, 0.0, 0.0, 2379.885
5934.307064771652, 0.0, 0.0, 2379.983
5936.307166337967, 0.0, 0.0, 2380.052
5938.307276010513, 0.0, 0.0, 2380.158
5940.307411432266, 0.0, 0.0, 2380.254
5942.30749297142, 0.0, 0.0, 2380.37
5944.307586193085, 0.0, 0.0, 2380.499
5946.307687044144, 0.0, 0.0, 2380.668
5948.307773351669, 0.0, 0.0, 2380.771
5950.307875871658, 0.0, 0.0, 2380.901
5952.307959318161, 0.0, 0.0, 2381.037
5954.308101415634, 0.0, 0.0, 2381.157
5956.3082394599915, 0.0, 0.0, 2381.239
5958.308370113373, 0.0, 0.0, 2381.367
5960.308508634567, 0.0, 0.0, 2381.451
5962.308615446091, 0.0, 0.0, 2381.588
5964.308699846268, 0.0, 0.0, 2381.699
5966.308779001236, 0.0, 0.0, 2381.857
5968.308880567551, 0.0, 0.0, 2382.003
5970.308984994888, 0.0, 0.0, 2382.13
5972.309129953384, 0.0, 0.0, 2382.234
5974.309264183044, 0.0, 0.0, 2382.295
5976.309398174286, 0.0, 0.0, 2382.389
5978.309498310089, 0.0, 0.0, 2382.458
5980.3095898628235, 0.0, 0.0, 2382.571
5982.309727430344, 0.0, 0.0, 2382.681
5984.309837579727, 0.0, 0.0, 2382.777
5986.309942960739, 0.0, 0.0, 2382.857
5988.310047626495, 0.0, 0.0, 2382.997
5990.310158252716, 0.0, 0.0, 2383.104
5992.310264110565, 0.0, 0.0, 2383.195
5994.310369729996, 0.0, 0.0, 2383.296
5996.310458898544, 0.0, 0.0, 2383.406
5998.310564994812, 0.0, 0.0, 2383.548
6000.310698270798, 0.0, 0.0, 2383.709
6002.310777425766, 0.0, 0.0, 2383.905
6004.310876607895, 0.0, 0.0, 2384.082
6006.31117606163, 0.0, 0.0, 2384.169
6008.311277627945, 0.0, 0.0, 2384.249
6010.311359882355, 0.0, 0.0, 2384.349
6012.311440229416, 0.0, 0.0, 2384.429
6014.311544418335, 0.0, 0.0, 2384.533
6016.311644792557, 0.0, 0.0, 2384.622
6018.311728239059, 0.0, 0.0, 2384.668
6020.3118288517, 0.0, 0.0, 2384.704
6022.311927080154, 0.0, 0.0, 2384.807
6024.31201672554, 0.0, 0.0, 2384.977
6026.312149763107, 0.0, 0.0, 2385.113
6028.312250852585, 0.0, 0.0, 2385.23
6030.312331676483, 0.0, 0.0, 2385.355
6032.312421798706, 0.0, 0.0, 2385.485
6034.312509298325, 0.0, 0.0, 2385.612
6036.312601327896, 0.0, 0.0, 2385.704
6038.312690973282, 0.0, 0.0, 2385.835
6040.31281042099, 0.0, 0.0, 2385.935
6042.312911272049, 0.0, 0.0, 2385.998
6044.312992095947, 0.0, 0.0, 2386.108
6046.313128709793, 0.0, 0.0, 2386.217
6048.31321310997, 0.0, 0.0, 2386.404
6050.313291788101, 0.0, 0.0, 2386.503
6052.313379764557, 0.0, 0.0, 2386.62
6054.313481330872, 0.0, 0.0, 2386.74
6056.313565015793, 0.0, 0.0, 2386.841
6058.313653469086, 0.0, 0.0, 2386.964
6060.313737154007, 0.0, 0.0, 2387.082
6062.313836812973, 0.0, 0.0, 2387.181
6064.31393456459, 0.0, 0.0, 2387.275
6066.314033269882, 0.0, 0.0, 2387.373
6068.314110279083, 0.0, 0.0, 2387.467
6070.314208269119, 0.0, 0.0, 2387.538
6072.314290523529, 0.0, 0.0, 2387.683
6074.314373493195, 0.0, 0.0, 2387.778
6076.314466714859, 0.0, 0.0, 2387.858
6078.314527273178, 0.0, 0.0, 2387.965
6080.314613342285, 0.0, 0.0, 2388.058
6082.314696550369, 0.0, 0.0, 2388.172
6084.314779281616, 0.0, 0.0, 2388.313
6086.314861536026, 0.0, 0.0, 2388.423
6088.314956665039, 0.0, 0.0, 2388.492
6090.3150362968445, 0.0, 0.0, 2388.596
6092.3151178359985, 0.0, 0.0, 2388.681
6094.315198659897, 0.0, 0.0, 2388.794
6096.315331697464, 0.0, 0.0, 2388.907
6098.315435409546, 0.0, 0.0, 2388.996
6100.315518856049, 0.0, 0.0, 2389.079
6102.315634965897, 0.0, 0.0, 2389.218
6104.315732955933, 0.0, 0.0, 2389.305
6106.315833330154, 0.0, 0.0, 2389.419
6108.315938949585, 0.0, 0.0, 2389.529
6110.31605219841, 0.0, 0.0, 2389.646
6112.316185951233, 0.0, 0.0, 2389.765
6114.31627035141, 0.0, 0.0, 2389.885
6116.316407442093, 0.0, 0.0, 2390.009
6118.31654214859, 0.0, 0.0, 2390.08
6120.316633224487, 0.0, 0.0, 2390.209
6122.316735267639, 0.0, 0.0, 2390.31
6124.316876173019, 0.0, 0.0, 2390.437
6126.31697010994, 0.0, 0.0, 2390.526
6128.317103624344, 0.0, 0.0, 2390.648
6130.317214488983, 0.0, 0.0, 2390.717
6132.317320585251, 0.0, 0.0, 2390.817
6134.31741809845, 0.0, 0.0, 2390.933
6136.317555427551, 0.0, 0.0, 2391.057
6138.317653656006, 0.0, 0.0, 2391.18
6140.317744255066, 0.0, 0.0, 2391.311
6142.317840099335, 0.0, 0.0, 2391.372
6144.317924022675, 0.0, 0.0, 2391.505
6146.318024635315, 0.0, 0.0, 2391.603
6148.318119525909, 0.0, 0.0, 2391.687
6150.31822347641, 0.0, 0.0, 2391.76
6152.318333148956, 0.0, 0.0, 2391.827
6154.3184678554535, 0.0, 0.0, 2391.918
6156.318571090698, 0.0, 0.0, 2392.0
6158.318672180176, 0.0, 0.0, 2392.146
6160.318755149841, 0.0, 0.0, 2392.242
6162.31885766983, 0.0, 0.0, 2392.337
6164.3189532756805, 0.0, 0.0, 2392.473
6166.319086790085, 0.0, 0.0, 2392.632
6168.319169044495, 0.0, 0.0, 2392.713
6170.319270133972, 0.0, 0.0, 2392.817
6172.319370746613, 0.0, 0.0, 2392.91
6174.319470643997, 0.0, 0.0, 2392.997
6176.319623708725, 0.0, 0.0, 2393.062
6178.319711685181, 0.0, 0.0, 2393.112
6180.3198001384735, 0.0, 0.0, 2393.23
6182.319900512695, 0.0, 0.0, 2393.363
6184.319993019104, 0.0, 0.0, 2393.457
6186.320078372955, 0.0, 0.0, 2393.545
6188.320177555084, 0.0, 0.0, 2393.62
6190.32027721405, 0.0, 0.0, 2393.707
6192.320378541946, 0.0, 0.0, 2393.822
6194.320457458496, 0.0, 0.0, 2393.926
6196.320585012436, 0.0, 0.0, 2394.047
6198.320688962936, 0.0, 0.0, 2394.14
6200.320767879486, 0.0, 0.0, 2394.221
6202.3208527565, 0.0, 0.0, 2394.356
6204.320963382721, 0.0, 0.0, 2394.473
6206.321099281311, 0.0, 0.0, 2394.582
6208.321239233017, 0.0, 0.0, 2394.691
6210.321337223053, 0.0, 0.0, 2394.776
6212.321439266205, 0.0, 0.0, 2394.857
6214.321538448334, 0.0, 0.0, 2394.961
6216.321633338928, 0.0, 0.0, 2395.077
6218.321716070175, 0.0, 0.0, 2395.193
6220.321812391281, 0.0, 0.0, 2395.297
6222.321907520294, 0.0, 0.0, 2395.39
6224.322041511536, 0.0, 0.0, 2395.497
6226.322147130966, 0.0, 0.0, 2395.582
6228.3222444057465, 0.0, 0.0, 2395.697
6230.322346687317, 0.0, 0.0, 2395.888
6232.322449684143, 0.0, 0.0, 2396.002
6234.322554349899, 0.0, 0.0, 2396.105
6236.3226635456085, 0.0, 0.0, 2396.196
6238.322765827179, 0.0, 0.0, 2396.258
6240.322866439819, 0.0, 0.0, 2396.383
6242.322949409485, 0.0, 0.0, 2396.45
6244.323036670685, 0.0, 0.0, 2396.505
6246.323139429092, 0.0, 0.0, 2396.615
6248.323232412338, 0.0, 0.0, 2396.761
6250.323333024979, 0.0, 0.0, 2396.803
6252.323431015015, 0.0, 0.0, 2396.875
6254.323527574539, 0.0, 0.0, 2396.96
6256.323615312576, 0.0, 0.0, 2397.04
6258.323716402054, 0.0, 0.0, 2397.141
6260.323854207993, 0.0, 0.0, 2397.235
6262.323991537094, 0.0, 0.0, 2397.268
6264.324079751968, 0.0, 0.0, 2397.404
6266.324182748795, 0.0, 0.0, 2397.455
6268.3242774009705, 0.0, 0.0, 2397.534
6270.32436299324, 0.0, 0.0, 2397.615
6272.324445009232, 0.0, 0.0, 2397.728
6274.324598789215, 0.0, 0.0, 2397.818
6276.324738740921, 0.0, 0.0, 2397.903
6278.324872970581, 0.0, 0.0, 2398.027
6280.32497549057, 0.0, 0.0, 2398.122
6282.325076580048, 0.0, 0.0, 2398.241
6284.325177192688, 0.0, 0.0, 2398.292
6286.32527422905, 0.0, 0.0, 2398.393
6288.325405359268, 0.0, 0.0, 2398.526
6290.325493335724, 0.0, 0.0, 2398.585
6292.325575828552, 0.0, 0.0, 2398.626
6294.325683355331, 0.0, 0.0, 2398.726
6296.325784921646, 0.0, 0.0, 2398.816
6298.325890541077, 0.0, 0.0, 2398.938
6300.32599067688, 0.0, 0.0, 2399.036
6302.326073408127, 0.0, 0.0, 2399.178
6304.326210975647, 0.0, 0.0, 2399.284
6306.326351642609, 0.0, 0.0, 2399.37
6308.326455116272, 0.0, 0.0, 2399.448
6310.326601266861, 0.0, 0.0, 2399.538
6312.3267323970795, 0.0, 0.0, 2399.646
6314.326835393906, 0.0, 0.0, 2399.701
6316.326969861984, 0.0, 0.0, 2399.774
6318.327071905136, 0.0, 0.0, 2399.852
6320.327171564102, 0.0, 0.0, 2399.958
6322.327299118042, 0.0, 0.0, 2400.038
6324.327429771423, 0.0, 0.0, 2400.143
6326.327566862106, 0.0, 0.0, 2400.222
6328.327653646469, 0.0, 0.0, 2400.345
6330.327752113342, 0.0, 0.0, 2400.466
6332.32785987854, 0.0, 0.0, 2400.612
6334.327965497971, 0.0, 0.0, 2400.692
6336.32806801796, 0.0, 0.0, 2400.786
6338.32817029953, 0.0, 0.0, 2400.895
6340.3282635211945, 0.0, 0.0, 2400.974
6342.328363895416, 0.0, 0.0, 2401.022
6344.328462362289, 0.0, 0.0, 2401.157
6346.328552484512, 0.0, 0.0, 2401.244
6348.328650712967, 0.0, 0.0, 2401.322
6350.328751087189, 0.0, 0.0, 2401.421
6352.328853607178, 0.0, 0.0, 2401.516
6354.328955173492, 0.0, 0.0, 2401.609
6356.329053401947, 0.0, 0.0, 2401.648
6358.329146385193, 0.0, 0.0, 2401.757
6360.329240322113, 0.0, 0.0, 2401.86
6362.329342126846, 0.0, 0.0, 2401.974
6364.329427957535, 0.0, 0.0, 2402.066
6366.329530477524, 0.0, 0.0, 2402.16
6368.329632759094, 0.0, 0.0, 2402.263
6370.329774141312, 0.0, 0.0, 2402.369
6372.329878807068, 0.0, 0.0, 2402.456
6374.32997918129, 0.0, 0.0, 2402.586
6376.33008146286, 0.0, 0.0, 2402.655
6378.330186128616, 0.0, 0.0, 2402.743
6380.330287218094, 0.0, 0.0, 2402.864
6382.330421924591, 0.0, 0.0, 2402.934
6384.33055305481, 0.0, 0.0, 2403.065
6386.330651521683, 0.0, 0.0, 2403.124
6388.330760240555, 0.0, 0.0, 2403.199
6390.330860376358, 0.0, 0.0, 2403.289
6392.330958366394, 0.0, 0.0, 2403.37
6394.331047296524, 0.0, 0.0, 2403.462
6396.331145524979, 0.0, 0.0, 2403.593
6398.33124423027, 0.0, 0.0, 2403.709
6400.331329107285, 0.0, 0.0, 2403.82
6402.331429719925, 0.0, 0.0, 2403.913
6404.33152961731, 0.0, 0.0, 2403.925
6406.331633090973, 0.0, 0.0, 2403.955
6408.331735134125, 0.0, 0.0, 2404.078
6410.331835508347, 0.0, 0.0, 2404.166
6412.331937551498, 0.0, 0.0, 2404.282
6414.332035303116, 0.0, 0.0, 2404.389
6416.332119226456, 0.0, 0.0, 2404.5
6418.332213640213, 0.0, 0.0, 2404.614
6420.332314252853, 0.0, 0.0, 2404.683
6422.332414865494, 0.0, 0.0, 2404.783
6424.332515478134, 0.0, 0.0, 2404.889
6426.332617282867, 0.0, 0.0, 2404.923
6428.332717895508, 0.0, 0.0, 2405.026
6430.332800149918, 0.0, 0.0, 2405.147
6432.332901000977, 0.0, 0.0, 2405.208
6434.332985877991, 0.0, 0.0, 2405.319
6436.333085298538, 0.0, 0.0, 2405.443
6438.333164215088, 0.0, 0.0, 2405.52
6440.333266496658, 0.0, 0.0, 2405.583
6442.333361387253, 0.0, 0.0, 2405.667
6444.333461761475, 0.0, 0.0, 2405.776
6446.333564281464, 0.0, 0.0, 2405.839
6448.333646297455, 0.0, 0.0, 2405.901
6450.3337433338165, 0.0, 0.0, 2405.997
6452.333840370178, 0.0, 0.0, 2406.051
6454.333928346634, 0.0, 0.0, 2406.13
6456.334015607834, 0.0, 0.0, 2406.193
6458.334098815918, 0.0, 0.0, 2406.286
6460.334186553955, 0.0, 0.0, 2406.379
6462.334272384644, 0.0, 0.0, 2406.461
6464.334356784821, 0.0, 0.0, 2406.583
6466.334436655045, 0.0, 0.0, 2406.608
6468.3345646858215, 0.0, 0.0, 2406.724
6470.334662914276, 0.0, 0.0, 2406.794
6472.334764480591, 0.0, 0.0, 2406.89
6474.334874629974, 0.0, 0.0, 2407.009
6476.334960222244, 0.0, 0.0, 2407.102
6478.33504652977, 0.0, 0.0, 2407.155
6480.335127592087, 0.0, 0.0, 2407.253
6482.335215091705, 0.0, 0.0, 2407.35
6484.33534693718, 0.0, 0.0, 2407.422
6486.335487365723, 0.0, 0.0, 2407.52
6488.33558511734, 0.0, 0.0, 2407.615
6490.335725545883, 0.0, 0.0, 2407.668
6492.335826873779, 0.0, 0.0, 2407.771
6494.335903644562, 0.0, 0.0, 2407.812
6496.336004972458, 0.0, 0.0, 2407.911
6498.336109638214, 0.0, 0.0, 2407.992
6500.336213827133, 0.0, 0.0, 2408.033
6502.336292028427, 0.0, 0.0, 2408.132
6504.336369276047, 0.0, 0.0, 2408.207
6506.336471319199, 0.0, 0.0, 2408.296
6508.3365733623505, 0.0, 0.0, 2408.429
6510.336681842804, 0.0, 0.0, 2408.515
6512.336762905121, 0.0, 0.0, 2408.644
6514.336864233017, 0.0, 0.0, 2408.804
6516.336946725845, 0.0, 0.0, 2408.884
6518.337026357651, 0.0, 0.0, 2408.995
6520.337114095688, 0.0, 0.0, 2409.125
6522.337242364883, 0.0, 0.0, 2409.166
6524.337329149246, 0.0, 0.0, 2409.207
6526.337429761887, 0.0, 0.0, 2409.281
6528.3375635147095, 0.0, 0.0, 2409.359
6530.337653875351, 0.0, 0.0, 2409.403
6532.337754011154, 0.0, 0.0, 2409.512
6534.337857961655, 0.0, 0.0, 2409.598
6536.337940216064, 0.0, 0.0, 2409.683
6538.338016986847, 0.0, 0.0, 2409.751
6540.338111162186, 0.0, 0.0, 2409.818
6542.338212966919, 0.0, 0.0, 2409.861
6544.338313817978, 0.0, 0.0, 2409.975
6546.338400363922, 0.0, 0.0, 2410.058
6548.33847951889, 0.0, 0.0, 2410.121
6550.338584423065, 0.0, 0.0, 2410.232
6552.338685512543, 0.0, 0.0, 2410.293
6554.338787317276, 0.0, 0.0, 2410.402
6556.338866949081, 0.0, 0.0, 2410.469
6558.338962316513, 0.0, 0.0, 2410.584
6560.339054107666, 0.0, 0.0, 2410.659
6562.339151382446, 0.0, 0.0, 2410.743
6564.339228391647, 0.0, 0.0, 2410.807
6566.339329004288, 0.0, 0.0, 2410.855
6568.339429140091, 0.0, 0.0, 2410.916
6570.339511394501, 0.0, 0.0, 2411.021
6572.339596986771, 0.0, 0.0, 2411.097
6574.339693784714, 0.0, 0.0, 2411.157
6576.339829683304, 0.0, 0.0, 2411.271
6578.3399703502655, 0.0, 0.0, 2411.326
6580.3401055336, 0.0, 0.0, 2411.379
6582.3402462005615, 0.0, 0.0, 2411.498
6584.340346813202, 0.0, 0.0, 2411.54
6586.340433835983, 0.0, 0.0, 2411.68
6588.34054684639, 0.0, 0.0, 2411.716
6590.340679645538, 0.0, 0.0, 2411.818
6592.3407599925995, 0.0, 0.0, 2411.855
6594.340862035751, 0.0, 0.0, 2411.93
6596.340949058533, 0.0, 0.0, 2411.999
6598.341034889221, 0.0, 0.0, 2412.078
6600.341135025024, 0.0, 0.0, 2412.148
6602.341230869293, 0.0, 0.0, 2412.217
6604.341326475143, 0.0, 0.0, 2412.327
6606.341463327408, 0.0, 0.0, 2412.428
6608.341630458832, 0.0, 0.0, 2412.474
6610.341735839844, 0.0, 0.0, 2412.53
6612.341829061508, 0.0, 0.0, 2412.642
6614.341970443726, 0.0, 0.0, 2412.701
6616.342079639435, 0.0, 0.0, 2412.761
6618.342215299606, 0.0, 0.0, 2412.84
6620.342314720154, 0.0, 0.0, 2412.885
6622.3424243927, 0.0, 0.0, 2412.973
6624.342561721802, 0.0, 0.0, 2413.092
6626.342698097229, 0.0, 0.0, 2413.15
6628.342772960663, 0.0, 0.0, 2413.231
6630.342908859253, 0.0, 0.0, 2413.337
6632.342995643616, 0.0, 0.0, 2413.427
6634.34309720993, 0.0, 0.0, 2413.539
6636.343188762665, 0.0, 0.0, 2413.583
6638.343291282654, 0.0, 0.0, 2413.66
6640.343377828598, 0.0, 0.0, 2413.731
6642.3435151577, 0.0, 0.0, 2413.785
6644.343650102615, 0.0, 0.0, 2413.865
6646.343727111816, 0.0, 0.0, 2413.934
6648.343816041946, 0.0, 0.0, 2414.034
6650.343907594681, 0.0, 0.0, 2414.07
6652.344044923782, 0.0, 0.0, 2414.161
6654.34414434433, 0.0, 0.0, 2414.205
6656.344231128693, 0.0, 0.0, 2414.291
6658.344330787659, 0.0, 0.0, 2414.358
6660.3444356918335, 0.0, 0.0, 2414.44
6662.34453868866, 0.0, 0.0, 2414.526
6664.344620704651, 0.0, 0.0, 2414.582
6666.344723701477, 0.0, 0.0, 2414.656
6668.344830274582, 0.0, 0.0, 2414.748
6670.344929695129, 0.0, 0.0, 2414.844
6672.345022916794, 0.0, 0.0, 2414.926
6674.345113515854, 0.0, 0.0, 2415.012
6676.345199108124, 0.0, 0.0, 2415.104
6678.3452842235565, 0.0, 0.0, 2415.142
6680.345372915268, 0.0, 0.0, 2415.22
6682.345454216003, 0.0, 0.0, 2415.352
6684.345554828644, 0.0, 0.0, 2415.427
6686.345649957657, 0.0, 0.0, 2415.5
6688.345779180527, 0.0, 0.0, 2415.581
6690.3458795547485, 0.0, 0.0, 2415.657
6692.345982074738, 0.0, 0.0, 2415.715
6694.346084117889, 0.0, 0.0, 2415.782
6696.346183300018, 0.0, 0.0, 2415.831
6698.34628868103, 0.0, 0.0, 2415.931
6700.346365690231, 0.0, 0.0, 2416.006
6702.346521615982, 0.0, 0.0, 2416.073
6704.346609830856, 0.0, 0.0, 2416.123
6706.346744060516, 0.0, 0.0, 2416.222
6708.346844911575, 0.0, 0.0, 2416.287
6710.346929550171, 0.0, 0.0, 2416.348
6712.347030639648, 0.0, 0.0, 2416.416
6714.347132444382, 0.0, 0.0, 2416.52
6716.347231388092, 0.0, 0.0, 2416.57
6718.347301483154, 0.0, 0.0, 2416.62
6720.347398757935, 0.0, 0.0, 2416.71
6722.347498893738, 0.0, 0.0, 2416.797
6724.347611665726, 0.0, 0.0, 2416.825
6726.347713470459, 0.0, 0.0, 2416.925
6728.3478581905365, 0.0, 0.0, 2416.97
6730.347939729691, 0.0, 0.0, 2417.042
6732.348044633865, 0.0, 0.0, 2417.125
6734.348148107529, 0.0, 0.0, 2417.165
6736.348226547241, 0.0, 0.0, 2417.211
6738.348329305649, 0.0, 0.0, 2417.273
6740.348428249359, 0.0, 0.0, 2417.341
6742.348527431488, 0.0, 0.0, 2417.42
6744.348628520966, 0.0, 0.0, 2417.496
6746.348716259003, 0.0, 0.0, 2417.584
6748.348863124847, 0.0, 0.0, 2417.612
6750.348967552185, 0.0, 0.0, 2417.718
6752.349053859711, 0.0, 0.0, 2417.822
6754.349146127701, 0.0, 0.0, 2417.831
6756.349240541458, 0.0, 0.0, 2417.959
6758.349325418472, 0.0, 0.0, 2418.037
6760.34943151474, 0.0, 0.0, 2418.086
6762.349524497986, 0.0, 0.0, 2418.179
6764.349667310715, 0.0, 0.0, 2418.247
6766.349771022797, 0.0, 0.0, 2418.323
6768.349855422974, 0.0, 0.0, 2418.401
6770.349962234497, 0.0, 0.0, 2418.474
6772.3500418663025, 0.0, 0.0, 2418.532
6774.350146532059, 0.0, 0.0, 2418.573
6776.3503522872925, 0.0, 0.0, 2418.671
6778.350449085236, 0.0, 0.0, 2418.736
6780.35055232048, 0.0, 0.0, 2418.78
6782.350655794144, 0.0, 0.0, 2418.836
6784.350759983063, 0.0, 0.0, 2418.931
6786.350843191147, 0.0, 0.0, 2418.978
6788.350947380066, 0.0, 0.0, 2419.049
6790.351034164429, 0.0, 0.0, 2419.1
6792.351132154465, 0.0, 0.0, 2419.17
6794.351265668869, 0.0, 0.0, 2419.263
6796.351343154907, 0.0, 0.0, 2419.345
6798.35148024559, 0.0, 0.0, 2419.39
6800.351624727249, 0.0, 0.0, 2419.471
6802.351765394211, 0.0, 0.0, 2419.524
6804.351866006851, 0.0, 0.0, 2419.613
6806.351967573166, 0.0, 0.0, 2419.684
6808.352052927017, 0.0, 0.0, 2419.787
6810.352147102356, 0.0, 0.0, 2419.821
6812.352237462997, 0.0, 0.0, 2419.885
6814.352332830429, 0.0, 0.0, 2419.961
6816.352428197861, 0.0, 0.0, 2420.033
6818.352537155151, 0.0, 0.0, 2420.115
6820.352630376816, 0.0, 0.0, 2420.174
6822.352719783783, 0.0, 0.0, 2420.23
6824.35280752182, 0.0, 0.0, 2420.293
6826.352892160416, 0.0, 0.0, 2420.392
6828.353004932404, 0.0, 0.0, 2420.479
6830.353136539459, 0.0, 0.0, 2420.498
6832.353237628937, 0.0, 0.0, 2420.606
6834.353331565857, 0.0, 0.0, 2420.66
6836.353432893753, 0.0, 0.0, 2420.71
6838.35356593132, 0.0, 0.0, 2420.764
6840.353699922562, 0.0, 0.0, 2420.809
6842.353836297989, 0.0, 0.0, 2420.938
6844.3539316654205, 0.0, 0.0, 2421.005
6846.354064464569, 0.0, 0.0, 2421.041
6848.354166269302, 0.0, 0.0, 2421.15
6850.354306936264, 0.0, 0.0, 2421.236
6852.354416131973, 0.0, 0.0, 2421.31
6854.35452580452, 0.0, 0.0, 2421.392
6856.35462808609, 0.0, 0.0, 2421.44
6858.354727268219, 0.0, 0.0, 2421.502
6860.354827404022, 0.0, 0.0, 2421.565
6862.3549065589905, 0.0, 0.0, 2421.642
6864.355005264282, 0.0, 0.0, 2421.721
6866.3551025390625, 0.0, 0.0, 2421.797
6868.355202198029, 0.0, 0.0, 2421.884
6870.355284452438, 0.0, 0.0, 2421.968
6872.355384349823, 0.0, 0.0, 2422.004
6874.355484724045, 0.0, 0.0, 2422.051
6876.35558795929, 0.0, 0.0, 2422.13
6878.355688333511, 0.0, 0.0, 2422.135
6880.355766296387, 0.0, 0.0, 2422.185
6882.3558666706085, 0.0, 0.0, 2422.233
6884.355967760086, 0.0, 0.0, 2422.265
6886.3560535907745, 0.0, 0.0, 2422.321
6888.3561363220215, 0.0, 0.0, 2422.383
6890.356238126755, 0.0, 0.0, 2422.44
6892.3563277721405, 0.0, 0.0, 2422.512
6894.356460571289, 0.0, 0.0, 2422.609
6896.356602907181, 0.0, 0.0, 2422.673
6898.356679439545, 0.0, 0.0, 2422.728
6900.3568205833435, 0.0, 0.0, 2422.779
6902.356953859329, 0.0, 0.0, 2422.836
6904.357054233551, 0.0, 0.0, 2422.944
6906.357135772705, 0.0, 0.0, 2423.028
6908.357217311859, 0.0, 0.0, 2423.096
6910.357318401337, 0.0, 0.0, 2423.149
6912.357760429382, 0.0, 0.0, 2423.231
6914.35786151886, 0.0, 0.0, 2423.322
6916.357942581177, 0.0, 0.0, 2423.393
6918.358043670654, 0.0, 0.0, 2423.488
6920.358142852783, 0.0, 0.0, 2423.552
6922.358241319656, 0.0, 0.0, 2423.597
6924.3583443164825, 0.0, 0.0, 2423.652
6926.358447790146, 0.0, 0.0, 2423.702
6928.358610153198, 0.0, 0.0, 2423.769
6930.358693122864, 0.0, 0.0, 2423.846
6932.358771324158, 0.0, 0.0, 2423.947
6934.358847856522, 0.0, 0.0, 2424.028
6936.358944416046, 0.0, 0.0, 2424.076
6938.359045267105, 0.0, 0.0, 2424.169
6940.359147071838, 0.0, 0.0, 2424.247
6942.35924744606, 0.0, 0.0, 2424.303
6944.359330892563, 0.0, 0.0, 2424.371
6946.359431743622, 0.0, 0.0, 2424.43
6948.359533071518, 0.0, 0.0, 2424.49
6950.359614610672, 0.0, 0.0, 2424.549
6952.35969543457, 0.0, 0.0, 2424.635
6954.359799146652, 0.0, 0.0, 2424.698
6956.35989356041, 0.0, 0.0, 2424.737
6958.35999751091, 0.0, 0.0, 2424.82
6960.360084056854, 0.0, 0.0, 2424.89
6962.360191583633, 0.0, 0.0, 2424.944
6964.360293149948, 0.0, 0.0, 2425.025
6966.360394239426, 0.0, 0.0, 2425.104
6968.360496997833, 0.0, 0.0, 2425.135
6970.360604047775, 0.0, 0.0, 2425.209
6972.360708236694, 0.0, 0.0, 2425.264
6974.360851287842, 0.0, 0.0, 2425.37
6976.360986709595, 0.0, 0.0, 2425.446
6978.361080169678, 0.0, 0.0, 2425.509
6980.361222743988, 0.0, 0.0, 2425.622
6982.361365556717, 0.0, 0.0, 2425.69
6984.361500501633, 0.0, 0.0, 2425.742
6986.36159825325, 0.0, 0.0, 2425.817
6988.361676692963, 0.0, 0.0, 2425.89
6990.36176943779, 0.0, 0.0, 2425.96
6992.361856937408, 0.0, 0.0, 2425.993
6994.361993551254, 0.0, 0.0, 2426.043
6996.362097740173, 0.0, 0.0, 2426.11
6998.362231492996, 0.0, 0.0, 2426.17
7000.362342596054, 0.0, 0.0, 2426.245
7002.362478256226, 0.0, 0.0, 2426.27
7004.362591505051, 0.0, 0.0, 2426.367
7006.362682104111, 0.0, 0.0, 2426.46
7008.362782716751, 0.0, 0.0, 2426.534
7010.362884283066, 0.0, 0.0, 2426.618
7012.362989187241, 0.0, 0.0, 2426.653
7014.363075494766, 0.0, 0.0, 2426.75
7016.363168478012, 0.0, 0.0, 2426.81
7018.363273143768, 0.0, 0.0, 2426.815
7020.363374710083, 0.0, 0.0, 2426.903
7022.363456249237, 0.0, 0.0, 2426.94
7024.363534450531, 0.0, 0.0, 2427.001
7026.363633155823, 0.0, 0.0, 2427.055
7028.3637342453, 0.0, 0.0, 2427.157
7030.363834142685, 0.0, 0.0, 2427.207
7032.3639171123505, 0.0, 0.0, 2427.264
7034.364001989365, 0.0, 0.0, 2427.328
7036.364088773727, 0.0, 0.0, 2427.379
7038.3641765117645, 0.0, 0.0, 2427.497
7040.36426448822, 0.0, 0.0, 2427.58
7042.36435174942, 0.0, 0.0, 2427.663
7044.3644371032715, 0.0, 0.0, 2427.729
7046.364520788193, 0.0, 0.0, 2427.789
7048.36465549469, 0.0, 0.0, 2427.845
7050.3647356033325, 0.0, 0.0, 2427.913
7052.364868879318, 0.0, 0.0, 2427.975
7054.36496424675, 0.0, 0.0, 2428.013
7056.365080356598, 0.0, 0.0, 2428.043
7058.36518740654, 0.0, 0.0, 2428.089
7060.36526632309, 0.0, 0.0, 2428.133
7062.365371465683, 0.0, 0.0, 2428.174
7064.365475893021, 0.0, 0.0, 2428.228
7066.365569353104, 0.0, 0.0, 2428.286
7068.365667104721, 0.0, 0.0, 2428.359
7070.36576962471, 0.0, 0.0, 2428.441
7072.3658719062805, 0.0, 0.0, 2428.487
7074.365965127945, 0.0, 0.0, 2428.521
7076.366056680679, 0.0, 0.0, 2428.569
7078.366145849228, 0.0, 0.0, 2428.654
7080.3662440776825, 0.0, 0.0, 2428.726
7082.366322517395, 0.0, 0.0, 2428.752
7084.366424560547, 0.0, 0.0, 2428.835
7086.366519212723, 0.0, 0.0, 2428.926
7088.366652965546, 0.0, 0.0, 2429.001
7090.3667414188385, 0.0, 0.0, 2429.046
7092.3668439388275, 0.0, 0.0, 2429.111
7094.366946220398, 0.0, 0.0, 2429.178
7096.367030143738, 0.0, 0.0, 2429.219
7098.367135763168, 0.0, 0.0, 2429.231
7100.367269992828, 0.0, 0.0, 2429.285
7102.367402791977, 0.0, 0.0, 2429.357
7104.367537975311, 0.0, 0.0, 2429.436
7106.367629766464, 0.0, 0.0, 2429.493
7108.367762804031, 0.0, 0.0, 2429.57
7110.367847442627, 0.0, 0.0, 2429.658
7112.367950439453, 0.0, 0.0, 2429.769
7114.368034362793, 0.0, 0.0, 2429.884
7116.368119001389, 0.0, 0.0, 2429.98
7118.36825466156, 0.0, 0.0, 2430.025
7120.368387699127, 0.0, 0.0, 2430.085
7122.36847949028, 0.0, 0.0, 2430.15
7124.368567466736, 0.0, 0.0, 2430.173
7126.368651628494, 0.0, 0.0, 2430.251
7128.3687517642975, 0.0, 0.0, 2430.29
7130.368838071823, 0.0, 0.0, 2430.344
7132.368926048279, 0.0, 0.0, 2430.427
7134.369019508362, 0.0, 0.0, 2430.466
7136.369119167328, 0.0, 0.0, 2430.542
7138.3691992759705, 0.0, 0.0, 2430.591
7140.369287252426, 0.0, 0.0, 2430.649
7142.369386911392, 0.0, 0.0, 2430.713
7144.3695204257965, 0.0, 0.0, 2430.782
7146.369651317596, 0.0, 0.0, 2430.802
7148.369758844376, 0.0, 0.0, 2430.876
7150.369835615158, 0.0, 0.0, 2430.866
7152.369929552078, 0.0, 0.0, 2430.969
7154.37002825737, 0.0, 0.0, 2431.016
7156.370128154755, 0.0, 0.0, 2431.073
7158.3702273368835, 0.0, 0.0, 2431.13
7160.370311498642, 0.0, 0.0, 2431.196
7162.370401382446, 0.0, 0.0, 2431.248
7164.370516300201, 0.0, 0.0, 2431.301
7166.370651245117, 0.0, 0.0, 2431.348
7168.370738267899, 0.0, 0.0, 2431.412
7170.3708238601685, 0.0, 0.0, 2431.457
7172.3709099292755, 0.0, 0.0, 2431.503
7174.37104177475, 0.0, 0.0, 2431.575
7176.371146202087, 0.0, 0.0, 2431.635
7178.371281147003, 0.0, 0.0, 2431.679
7180.371416568756, 0.0, 0.0, 2431.745
7182.371506929398, 0.0, 0.0, 2431.817
7184.3716423511505, 0.0, 0.0, 2431.889
7186.371734619141, 0.0, 0.0, 2431.942
7188.371840000153, 0.0, 0.0, 2432.02
7190.371982574463, 0.0, 0.0, 2432.07
7192.372082233429, 0.0, 0.0, 2432.12
7194.372218608856, 0.0, 0.0, 2432.196
7196.372322320938, 0.0, 0.0, 2432.213
7198.372426986694, 0.0, 0.0, 2432.308
7200.37257027626, 0.0, 0.0, 2432.413
7202.372651815414, 0.0, 0.0, 2432.463
7204.372742891312, 0.0, 0.0, 2432.488
7206.372842788696, 0.0, 0.0, 2432.505
7208.372932672501, 0.0, 0.0, 2432.579
7210.373034238815, 0.0, 0.0, 2432.646
7212.373115777969, 0.0, 0.0, 2432.697
7214.373197078705, 0.0, 0.0, 2432.766
7216.373297929764, 0.0, 0.0, 2432.844
7218.373380422592, 0.0, 0.0, 2432.938
7220.3734810352325, 0.0, 0.0, 2432.951
7222.373565912247, 0.0, 0.0, 2432.988
7224.373667001724, 0.0, 0.0, 2433.07
7226.373769283295, 0.0, 0.0, 2433.144
7228.373864889145, 0.0, 0.0, 2433.166
7230.373967170715, 0.0, 0.0, 2433.222
7232.3740701675415, 0.0, 0.0, 2433.231
7234.374171733856, 0.0, 0.0, 2433.289
7236.374552488327, 0.0, 0.0, 2433.383
7238.374653100967, 0.0, 0.0, 2433.436
7240.374730348587, 0.0, 0.0, 2433.481
7242.374819993973, 0.0, 0.0, 2433.529
7244.3749005794525, 0.0, 0.0, 2433.612
7246.374998092651, 0.0, 0.0, 2433.689
7248.375095129013, 0.0, 0.0, 2433.699
7250.375195980072, 0.0, 0.0, 2433.744
7252.375298023224, 0.0, 0.0, 2433.785
7254.375402212143, 0.0, 0.0, 2433.878
7256.375543117523, 0.0, 0.0, 2433.94
7258.375622749329, 0.0, 0.0, 2433.946
7260.3757581710815, 0.0, 0.0, 2434.015
7262.375862836838, 0.0, 0.0, 2434.069
7264.375967264175, 0.0, 0.0, 2434.15
