time, current, power, resistance
0.0010955333709716797, -8.809858e-05, 6.090964e-10, 2733.077
2.001199960708618, -8.867747e-05, 5.789447e-10, 2733.023
4.001302003860474, -8.925641e-05, 5.576732e-10, 2733.047
6.001410722732544, -8.809858e-05, 6.333617e-10, 2732.979
8.00154447555542, -8.520396e-05, 6.749948e-10, 2732.93
10.001677513122559, -8.636181e-05, 6.70531e-10, 2732.975
12.0017569065094, -8.636178e-05, 6.250696e-10, 2732.977
14.001845598220825, -8.63618e-05, 5.688883e-10, 2732.952
16.001947164535522, -8.751963e-05, 6.010912e-10, 2732.926
18.002053022384644, -8.63618e-05, 5.599177e-10, 2732.93
20.002164602279663, -8.578285e-05, 4.985521e-10, 2732.912
22.002273082733154, -8.578286e-05, 5.688907e-10, 2732.901
24.00237536430359, -8.520394e-05, 6.407762e-10, 2732.953
26.002466678619385, -8.63618e-05, 5.812511e-10, 2732.935
28.002593755722046, -8.925642e-05, 6.66376e-10, 2732.913
30.00274658203125, -8.809858e-05, 6.272871e-10, 2732.92
32.002838373184204, -8.694074e-05, 6.224527e-10, 2733.003
34.00294017791748, -8.694068e-05, 6.365035e-10, 2733.093
36.0030300617218, -8.520394e-05, 5.789417e-10, 2733.165
38.00313353538513, -8.578283e-05, 5.75136e-10, 2733.139
40.00322127342224, -8.809859e-05, 6.13099e-10, 2733.083
42.00335645675659, -8.983535e-05, 5.930866e-10, 2733.087
44.00346088409424, -8.80986e-05, 5.713346e-10, 2733.048
46.00360345840454, -8.867749e-05, 5.751354e-10, 2733.075
48.00373959541321, -8.809857e-05, 6.940454e-10, 2733.127
50.003828048706055, -8.983535e-05, 6.010918e-10, 2733.15
52.003928661346436, -8.983537e-05, 6.171028e-10, 2733.19
54.004010915756226, -8.86775e-05, 5.493549e-10, 2733.172
56.00410270690918, -8.578288e-05, 6.350534e-10, 2733.191
58.00419092178345, -8.809856e-05, 6.883898e-10, 2733.083
60.004276752471924, -8.694073e-05, 6.694094e-10, 2733.063
62.005013942718506, 0.5998959, 0.9036975, 2725.762
64.00510835647583, 0.5998988, 0.9057179, 2696.841
66.00519275665283, 0.5999006, 0.9069359, 2675.443
68.0052809715271, 0.5998948, 0.9078308, 2658.016
70.00537347793579, 0.5998974, 0.9085153, 2643.281
72.00547337532043, 0.599896, 0.9090626, 2630.595
74.00555539131165, 0.5998977, 0.9095333, 2619.391
76.0056574344635, 0.5998989, 0.9099298, 2609.48
78.00575661659241, 0.5998971, 0.9102889, 2600.578
80.00585389137268, 0.5998976, 0.9106109, 2592.426
82.00594067573547, 0.5998943, 0.9109084, 2584.761
84.00604248046875, 0.5999006, 0.9111757, 2577.581
86.00612258911133, 0.5999012, 0.9114207, 2570.761
88.00621891021729, 0.5998954, 0.9116573, 2564.364
90.00637197494507, 0.5999006, 0.9118898, 2558.22
92.00645112991333, 0.5999007, 0.9121134, 2552.283
94.0065860748291, 0.5999002, 0.9123172, 2546.532
96.00668025016785, 0.5999002, 0.9124996, 2541.099
98.00681686401367, 0.5999041, 0.9127055, 2535.787
100.00695300102234, 0.5998965, 0.912881, 2530.591
102.0070550441742, 0.599897, 0.9130469, 2525.732
104.00714612007141, 0.599896, 0.9132161, 2520.821
106.00723385810852, 0.5999015, 0.9133858, 2516.07
108.00732159614563, 0.5998912, 0.9135282, 2511.352
110.00741767883301, 0.5998899, 0.9136922, 2506.679
112.00751996040344, 0.5998904, 0.913842, 2502.31
114.00761914253235, 0.5998949, 0.9140027, 2498.105
116.007728099823, 0.5998942, 0.9141418, 2493.843
118.00782656669617, 0.5998933, 0.914289, 2489.824
120.00793218612671, 0.5999018, 0.9144431, 2485.867
122.00804328918457, 0.5998998, 0.9145734, 2481.85
124.00813579559326, 0.5999035, 0.9147214, 2477.895
126.00823736190796, 0.5998968, 0.9148408, 2474.404
128.00833201408386, 0.5999036, 0.9149712, 2471.027
130.00842785835266, 0.599898, 0.9150902, 2467.558
132.00856566429138, 0.5999018, 0.9152084, 2464.092
134.00865578651428, 0.5998992, 0.9153233, 2460.612
136.0087435245514, 0.5998981, 0.9154288, 2457.213
138.0088484287262, 0.5998977, 0.9155573, 2454.037
140.00893473625183, 0.5998985, 0.9156653, 2450.804
142.0090343952179, 0.5998944, 0.9157737, 2447.664
144.00913834571838, 0.5998949, 0.9158799, 2444.53
146.00923347473145, 0.5998982, 0.9159811, 2441.276
148.00931692123413, 0.5999007, 0.9160977, 2438.196
150.00940799713135, 0.5998991, 0.9161949, 2435.275
152.00950074195862, 0.599901, 0.9162944, 2432.057
154.0095920562744, 0.599895, 0.9163922, 2428.741
156.00967979431152, 0.5998983, 0.9165042, 2425.682
158.0097575187683, 0.5998976, 0.9166071, 2422.722
160.00986003875732, 0.5998957, 0.9166927, 2419.658
162.00996160507202, 0.599898, 0.9167943, 2416.751
164.0100381374359, 0.5998954, 0.9168858, 2413.907
166.01016807556152, 0.5998972, 0.9169884, 2411.295
168.01027369499207, 0.5998964, 0.9170782, 2408.483
170.01037192344666, 0.5998986, 0.9171685, 2405.687
172.0105106830597, 0.5998992, 0.9172648, 2403.067
174.01064038276672, 0.599898, 0.9173499, 2400.35
176.01073241233826, 0.5999003, 0.917434, 2397.757
178.01082277297974, 0.5999002, 0.9175074, 2395.442
180.01095843315125, 0.5998998, 0.9176019, 2393.161
182.01104474067688, 0.5999047, 0.9176725, 2391.137
184.0111484527588, 0.5999017, 0.9177507, 2388.854
186.0112235546112, 0.5999075, 0.9178457, 2386.442
188.01130938529968, 0.5998997, 0.9178889, 2384.179
190.0114140510559, 0.599899, 0.9179774, 2381.993
192.01151609420776, 0.5998999, 0.9180459, 2379.651
194.01161766052246, 0.5998964, 0.9181236, 2377.45
196.01169800758362, 0.5999013, 0.9181919, 2375.265
198.01179885864258, 0.5998979, 0.9182605, 2373.06
200.01193690299988, 0.5999008, 0.9183407, 2370.904
202.012038230896, 0.5999, 0.9184092, 2368.621
204.01214241981506, 0.5999041, 0.9184891, 2366.461
206.01228260993958, 0.5999051, 0.9185651, 2364.336
208.01236534118652, 0.5999064, 0.9186356, 2362.14
210.0124635696411, 0.5999074, 0.9187007, 2360.06
212.01256322860718, 0.5999012, 0.9187723, 2358.316
214.01265668869019, 0.5999055, 0.9188219, 2356.988
216.0127522945404, 0.599906, 0.9188796, 2355.287
218.0128607749939, 0.5999017, 0.9189385, 2353.773
220.01296973228455, 0.5999045, 0.9189999, 2352.134
222.01307153701782, 0.5999047, 0.9190578, 2350.46
224.0131711959839, 0.5999042, 0.9191147, 2348.688
226.01326084136963, 0.5999032, 0.9191568, 2346.863
228.01334142684937, 0.5999002, 0.9192239, 2344.822
230.01343607902527, 0.5999014, 0.9192796, 2342.89
232.01354384422302, 0.599903, 0.9193415, 2340.879
234.01363158226013, 0.599901, 0.9193994, 2339.036
236.01373052597046, 0.5998999, 0.9194694, 2337.269
238.01383328437805, 0.5999039, 0.9195247, 2335.748
240.01391625404358, 0.5999018, 0.9195868, 2334.236
242.01400113105774, 0.5999038, 0.9196416, 2332.776
244.01409077644348, 0.5999016, 0.9196883, 2331.383
246.01417422294617, 0.5999021, 0.9197299, 2329.696
248.01426362991333, 0.5999063, 0.9197937, 2328.276
250.01436281204224, 0.5999023, 0.919833, 2326.882
252.01444554328918, 0.599899, 0.9198819, 2325.132
254.01453113555908, 0.5999016, 0.9199441, 2323.533
256.01466822624207, 0.5999005, 0.9199933, 2321.989
258.01477551460266, 0.5998999, 0.9200388, 2320.445
260.0148825645447, 0.5999013, 0.9200959, 2318.846
262.0149767398834, 0.5998957, 0.9201464, 2317.503
264.01506328582764, 0.5999035, 0.9202016, 2316.26
266.01519775390625, 0.5999064, 0.920243, 2314.94
268.0153305530548, 0.5999062, 0.9202923, 2313.69
270.015465259552, 0.5999063, 0.9203421, 2312.663
272.01560044288635, 0.599903, 0.9203758, 2311.529
274.01571249961853, 0.599902, 0.9204106, 2310.296
276.0158085823059, 0.5999049, 0.9204603, 2308.934
278.0158884525299, 0.5999049, 0.9205082, 2307.76
280.0159876346588, 0.5999016, 0.9205546, 2306.458
282.01608777046204, 0.5999045, 0.9205916, 2304.962
284.0162148475647, 0.5999049, 0.9206373, 2303.75
286.01630306243896, 0.599907, 0.9206755, 2302.553
288.0164051055908, 0.5999017, 0.9207115, 2301.215
290.0165078639984, 0.5998982, 0.9207602, 2299.833
292.01661133766174, 0.5998997, 0.9208073, 2298.641
294.0167055130005, 0.5999017, 0.9208494, 2297.78
296.0168035030365, 0.5999006, 0.9208889, 2296.972
298.016902923584, 0.5999027, 0.9209142, 2295.911
300.016982793808, 0.5999056, 0.9209601, 2294.957
302.0170645713806, 0.5999089, 0.9209906, 2294.527
304.01715636253357, 0.5999011, 0.9210084, 2293.928
306.0172402858734, 0.5999033, 0.9210411, 2292.776
308.01732754707336, 0.5999045, 0.9210811, 2291.239
310.0174255371094, 0.5999045, 0.9211038, 2289.855
312.0175223350525, 0.5998983, 0.9211536, 2288.445
314.01760816574097, 0.5999005, 0.9212045, 2287.696
316.0176992416382, 0.5999038, 0.921234, 2287.146
318.0178327560425, 0.5999018, 0.9212445, 2286.504
320.01797819137573, 0.5999016, 0.9212783, 2285.485
322.01809453964233, 0.5999013, 0.9213243, 2284.518
324.0181939601898, 0.5999016, 0.9213419, 2283.715
326.01828122138977, 0.5999033, 0.9213849, 2282.743
328.0183627605438, 0.599904, 0.9214293, 2281.648
330.0184419155121, 0.5999013, 0.9214492, 2280.569
332.0185739994049, 0.5999005, 0.9214886, 2279.666
334.0186777114868, 0.5999042, 0.9215206, 2278.783
336.0187842845917, 0.5999074, 0.9215627, 2278.082
338.0189607143402, 0.5999034, 0.9215782, 2277.279
340.0190420150757, 0.5999026, 0.9215951, 2276.253
342.0191435813904, 0.5998992, 0.9216282, 2275.235
344.0192439556122, 0.5999032, 0.9216692, 2274.09
346.01932549476624, 0.5999059, 0.9217123, 2273.164
348.01942586898804, 0.5999007, 0.9217334, 2272.25
350.0195174217224, 0.5999044, 0.9217643, 2271.308
352.0196487903595, 0.5999057, 0.9217837, 2271.008
354.01978278160095, 0.5998998, 0.9218157, 2270.623
356.01988410949707, 0.5999007, 0.9218359, 2269.838
358.0199706554413, 0.5999022, 0.921862, 2269.054
360.02005410194397, 0.599901, 0.9218903, 2268.156
362.0201561450958, 0.5999025, 0.9219258, 2267.415
364.0202417373657, 0.5999072, 0.9219552, 2266.519
366.0203227996826, 0.5999026, 0.9219929, 2265.614
368.02041244506836, 0.5999011, 0.9220182, 2264.73
370.02049684524536, 0.5999037, 0.9220363, 2263.675
372.0205771923065, 0.5999036, 0.9220715, 2262.961
374.02066111564636, 0.599902, 0.9220969, 2262.075
376.0207550525665, 0.5998986, 0.9221226, 2261.389
378.020849943161, 0.5998979, 0.9221357, 2260.874
380.02095079421997, 0.5999045, 0.9221791, 2260.059
382.0210511684418, 0.5999022, 0.9221961, 2259.377
384.0211901664734, 0.5999005, 0.92221, 2258.734
386.021292924881, 0.5999025, 0.9222245, 2258.228
388.0214304924011, 0.5999047, 0.9222589, 2257.622
390.02152371406555, 0.5998985, 0.9222872, 2256.889
392.02162289619446, 0.5999013, 0.9223139, 2256.326
394.0217225551605, 0.599901, 0.9223349, 2255.953
396.02182173728943, 0.5998969, 0.9223609, 2255.229
398.02195835113525, 0.5999029, 0.9223817, 2254.63
400.0220568180084, 0.5999059, 0.9224228, 2253.798
402.02215671539307, 0.5999053, 0.9224502, 2252.865
404.02225947380066, 0.5999043, 0.9224657, 2252.253
406.0223698616028, 0.5998999, 0.9224755, 2251.742
408.02247762680054, 0.5999021, 0.9225138, 2251.384
410.02256655693054, 0.5999038, 0.9225296, 2250.899
412.02264881134033, 0.5999027, 0.9225417, 2250.32
414.02275013923645, 0.5999013, 0.9225578, 2249.731
416.02283120155334, 0.599898, 0.9225661, 2249.272
418.02293276786804, 0.5999005, 0.9225818, 2248.764
420.0230164527893, 0.5999026, 0.9226135, 2248.193
422.0231177806854, 0.5999001, 0.9226399, 2247.429
424.0232183933258, 0.5999019, 0.9226618, 2247.23
426.0233190059662, 0.5999044, 0.9226725, 2246.935
428.0234534740448, 0.599905, 0.92269, 2246.774
430.02354621887207, 0.5999007, 0.922697, 2246.358
432.02365231513977, 0.5998996, 0.9227112, 2245.68
434.02374172210693, 0.5999011, 0.9227289, 2245.207
436.0238926410675, 0.5998992, 0.9227432, 2244.641
438.023996591568, 0.5998969, 0.92277, 2243.838
440.02408170700073, 0.5999004, 0.9227884, 2242.906
442.02418541908264, 0.5998998, 0.9228221, 2242.089
444.0242657661438, 0.5999055, 0.9228588, 2241.637
446.0243682861328, 0.5999012, 0.9228577, 2241.288
448.0244719982147, 0.599897, 0.9228534, 2240.989
450.02458119392395, 0.5998954, 0.9228718, 2240.498
452.02466773986816, 0.5998979, 0.922907, 2239.819
454.02476620674133, 0.5998986, 0.9229241, 2239.237
456.0248508453369, 0.5998989, 0.9229482, 2238.475
458.0249493122101, 0.5998962, 0.9229613, 2237.779
460.02505111694336, 0.5998961, 0.9229789, 2237.687
462.0251536369324, 0.5998996, 0.922998, 2237.659
464.0252568721771, 0.5998964, 0.9230109, 2237.145
466.02534770965576, 0.5998955, 0.923028, 2236.706
468.02547693252563, 0.5998996, 0.923041, 2236.923
470.025559425354, 0.5998961, 0.9230655, 2236.615
472.02565145492554, 0.5998961, 0.923053, 2236.122
474.0257430076599, 0.5998963, 0.9230706, 2235.742
476.0258376598358, 0.5998993, 0.9230835, 2235.468
478.0259346961975, 0.599903, 0.9230989, 2234.847
480.0260283946991, 0.5999039, 0.923128, 2234.306
482.02613043785095, 0.5999006, 0.9231353, 2233.695
484.02626371383667, 0.5999007, 0.9231562, 2233.256
486.02636075019836, 0.5998949, 0.9231562, 2232.917
488.0264403820038, 0.5998995, 0.9231735, 2232.534
490.0265233516693, 0.5999025, 0.9231801, 2231.934
492.02662563323975, 0.5999011, 0.9232128, 2231.586
494.026713848114, 0.5998963, 0.9232159, 2231.507
496.02680134773254, 0.5998985, 0.9232398, 2231.065
498.02692317962646, 0.5998991, 0.9232483, 2230.314
500.02701330184937, 0.5998996, 0.9232743, 2229.777
502.0270998477936, 0.5998975, 0.9232809, 2229.533
504.02719235420227, 0.5999004, 0.9233036, 2229.262
506.02732491493225, 0.5998979, 0.923307, 2228.719
508.02746057510376, 0.5998979, 0.9233228, 2228.227
510.02755999565125, 0.5998977, 0.9233389, 2227.902
512.0276691913605, 0.5998989, 0.923352, 2227.768
514.0277619361877, 0.5998987, 0.9233499, 2227.509
516.0278532505035, 0.5998977, 0.9233765, 2227.262
518.0279335975647, 0.5998953, 0.9233811, 2227.115
520.0280182361603, 0.5998962, 0.9233977, 2226.832
522.02809882164, 0.5998971, 0.9234086, 2226.655
524.0281765460968, 0.5998997, 0.9234088, 2226.707
526.0282797813416, 0.5998989, 0.9234292, 2226.489
528.0283832550049, 0.5999012, 0.9234412, 2225.721
530.0284731388092, 0.5998991, 0.9234634, 2225.111
532.0285747051239, 0.5999019, 0.923479, 2224.443
534.0286667346954, 0.5999042, 0.923494, 2224.179
536.0287690162659, 0.5999045, 0.9235017, 2224.158
538.0288496017456, 0.5998985, 0.9235201, 2223.622
540.028929233551, 0.5998983, 0.9235201, 2223.004
542.0290651321411, 0.5998952, 0.923541, 2222.559
544.0291678905487, 0.5998997, 0.923547, 2222.297
546.0292520523071, 0.5999025, 0.9235757, 2222.035
548.0293345451355, 0.5998989, 0.9235714, 2221.922
550.0294692516327, 0.5999044, 0.9236044, 2221.643
552.029547214508, 0.5999044, 0.9236105, 2221.261
554.0296409130096, 0.5999012, 0.923638, 2221.071
556.0297412872314, 0.5999033, 0.9236242, 2220.925
558.0298366546631, 0.5998995, 0.9236394, 2220.555
560.0299324989319, 0.5999016, 0.9236445, 2220.31
562.0300643444061, 0.5998999, 0.9236515, 2219.906
564.0301423072815, 0.5998993, 0.9236694, 2219.222
566.0302350521088, 0.5999023, 0.9236941, 2218.805
568.0303564071655, 0.5998969, 0.9237116, 2218.297
570.0304539203644, 0.5998985, 0.9237199, 2217.804
572.0305554866791, 0.5999011, 0.9237346, 2217.771
574.0306515693665, 0.5999002, 0.9237373, 2217.7
576.0307869911194, 0.5998996, 0.9237506, 2217.621
578.0308849811554, 0.5999006, 0.9237602, 2217.54
580.0309681892395, 0.5998979, 0.9237641, 2217.313
582.0311017036438, 0.5999041, 0.923766, 2216.901
584.0312008857727, 0.5998919, 0.9237773, 2216.261
586.0313036441803, 0.5998973, 0.9237952, 2215.659
588.0313894748688, 0.5998992, 0.9238131, 2215.2
590.031492471695, 0.5998992, 0.9238273, 2214.835
592.0315840244293, 0.5998961, 0.9238549, 2214.38
594.0316722393036, 0.5998966, 0.9238487, 2213.922
596.031777381897, 0.5998966, 0.9238571, 2213.622
598.0318648815155, 0.5998957, 0.9238792, 2213.426
600.0319566726685, 0.5998961, 0.9238855, 2213.336
602.0320911407471, 0.5998987, 0.9238978, 2212.963
604.0321853160858, 0.5998973, 0.9239116, 2212.605
606.0322868824005, 0.5998996, 0.9239417, 2212.234
608.0323939323425, 0.5999022, 0.9239499, 2212.02
610.032487154007, 0.5998977, 0.9239457, 2211.816
612.0325791835785, 0.5999022, 0.9239566, 2211.69
614.0326871871948, 0.5999031, 0.9239699, 2211.908
616.0327713489532, 0.5998983, 0.923966, 2211.837
618.0328569412231, 0.599901, 0.9239801, 2211.591
620.0329942703247, 0.5998994, 0.9239815, 2211.348
622.0330998897552, 0.5998986, 0.9239928, 2211.015
624.0332012176514, 0.5998993, 0.9239978, 2210.578
626.0332901477814, 0.5998983, 0.9240089, 2210.321
628.0333714485168, 0.5999016, 0.924021, 2210.609
630.0334644317627, 0.5999013, 0.924033, 2210.297
632.0335676670074, 0.5998997, 0.9240341, 2210.176
634.0337109565735, 0.5998991, 0.9240367, 2209.961
636.0338053703308, 0.5998977, 0.9240459, 2209.706
638.0339138507843, 0.5998984, 0.9240505, 2209.436
640.034021615982, 0.5999017, 0.9240565, 2209.008
642.0341260433197, 0.5999006, 0.9240582, 2208.828
644.0342102050781, 0.599903, 0.9240778, 2208.546
646.0343027114868, 0.5998996, 0.924087, 2208.43
648.0344033241272, 0.5998982, 0.9240991, 2207.915
650.0345368385315, 0.5998988, 0.9241088, 2207.35
652.0346245765686, 0.599898, 0.9241189, 2207.035
654.0347278118134, 0.5999001, 0.9241398, 2206.682
656.0348312854767, 0.599894, 0.9241519, 2206.367
658.0349259376526, 0.5998982, 0.9241518, 2206.527
660.0350294113159, 0.5998967, 0.9241572, 2206.752
662.0351634025574, 0.5998977, 0.9241601, 2206.21
664.0352659225464, 0.5998951, 0.924165, 2205.69
666.035365819931, 0.5998993, 0.9241837, 2205.628
668.0354685783386, 0.5999007, 0.9241877, 2205.496
670.0355732440948, 0.5999002, 0.9241954, 2205.228
672.0356721878052, 0.5999019, 0.9242206, 2205.018
674.0357601642609, 0.5999033, 0.9242196, 2205.021
676.0358452796936, 0.5999054, 0.9242265, 2205.106
678.0359477996826, 0.5999029, 0.924225, 2205.132
680.0360474586487, 0.5999008, 0.92424, 2204.852
682.036141872406, 0.5999001, 0.9242441, 2204.623
684.0362768173218, 0.599899, 0.924236, 2204.092
686.0364089012146, 0.5998991, 0.9242577, 2203.438
688.0365431308746, 0.5998988, 0.9242577, 2203.073
690.0366585254669, 0.599896, 0.9242806, 2202.997
692.0368003845215, 0.5998992, 0.9242891, 2203.099
694.0369052886963, 0.5998959, 0.9242801, 2203.573
696.0370082855225, 0.5998966, 0.9242886, 2203.493
698.0371177196503, 0.5999047, 0.9242866, 2203.332
700.0372231006622, 0.5999009, 0.9243018, 2202.896
702.0373270511627, 0.599901, 0.9243062, 2202.371
704.0374183654785, 0.5999004, 0.9243059, 2201.994
706.037519454956, 0.5998979, 0.9243102, 2202.11
708.0376119613647, 0.5998927, 0.9243147, 2202.478
710.0376996994019, 0.5998978, 0.9243138, 2202.259
712.0378029346466, 0.5998985, 0.924328, 2202.024
714.0379345417023, 0.5998993, 0.924338, 2201.984
716.0380296707153, 0.5998905, 0.9243168, 2202.137
718.0381145477295, 0.5998971, 0.9243342, 2201.997
720.0382075309753, 0.5999005, 0.9243374, 2202.274
722.0382993221283, 0.5998941, 0.9243286, 2202.047
724.0384273529053, 0.5998926, 0.9243499, 2201.906
726.0385632514954, 0.599895, 0.9243407, 2202.016
728.038655757904, 0.5998949, 0.924334, 2201.846
730.0387480258942, 0.5998957, 0.924337, 2201.729
732.0388505458832, 0.5998919, 0.9243314, 2201.918
734.038996219635, 0.5998909, 0.9243376, 2201.964
736.0391306877136, 0.599894, 0.924348, 2201.87
738.0392179489136, 0.5998948, 0.9243396, 2201.672
740.0393514633179, 0.5998942, 0.9243456, 2201.236
742.0394835472107, 0.599892, 0.9243504, 2200.81
744.0396392345428, 0.5998921, 0.9243571, 2200.221
746.0397408008575, 0.59989, 0.9243765, 2199.985
748.0398771762848, 0.599898, 0.9243902, 2200.056
750.0399794578552, 0.5998921, 0.9243966, 2199.589
752.0401117801666, 0.5998921, 0.9244016, 2199.209
754.040203332901, 0.5998923, 0.9244096, 2199.314
756.040292263031, 0.5998929, 0.9244123, 2199.39
758.0403776168823, 0.5998956, 0.9244211, 2199.255
760.0404605865479, 0.5998957, 0.9244269, 2199.2
762.0405497550964, 0.5998983, 0.9244286, 2199.453
764.0406641960144, 0.5998932, 0.9244267, 2199.767
766.0408048629761, 0.5998935, 0.924431, 2199.595
768.040892124176, 0.5998948, 0.924447, 2199.141
770.0409770011902, 0.5998933, 0.9244245, 2199.026
772.0410611629486, 0.5998919, 0.924438, 2198.441
774.0411944389343, 0.5998914, 0.9244642, 2197.995
776.0412833690643, 0.5998968, 0.9244718, 2197.618
778.0413749217987, 0.5998997, 0.9244931, 2197.267
780.0414724349976, 0.5999073, 0.9245263, 2196.938
782.041561126709, 0.5999044, 0.9245321, 2196.54
784.0416920185089, 0.5998995, 0.9245264, 2196.338
786.041775226593, 0.5999008, 0.924539, 2196.147
788.0418784618378, 0.5999023, 0.9245539, 2195.818
790.0419871807098, 0.5998992, 0.9245532, 2195.82
792.0420751571655, 0.599898, 0.9245593, 2195.918
794.0421788692474, 0.5998992, 0.9245677, 2195.902
796.0422785282135, 0.5998986, 0.9245659, 2195.826
798.0424127578735, 0.5998942, 0.9245585, 2195.534
800.0425095558167, 0.5999007, 0.9245988, 2195.362
802.042643070221, 0.5998963, 0.9245751, 2195.493
804.0427241325378, 0.5999015, 0.9245839, 2195.706
806.0428171157837, 0.5998985, 0.9245728, 2195.692
808.0429589748383, 0.5998985, 0.9245752, 2195.774
810.0430552959442, 0.5998982, 0.9245845, 2195.785
812.0431861877441, 0.5999076, 0.9245888, 2195.692
814.0432736873627, 0.5999002, 0.9246001, 2195.3
816.0434081554413, 0.5998983, 0.9246072, 2194.938
818.0435547828674, 0.5998989, 0.9246022, 2194.708
820.0437014102936, 0.5998992, 0.9246129, 2194.753
822.0438227653503, 0.5998988, 0.9246118, 2194.339
824.0439209938049, 0.5998963, 0.9246298, 2194.026
826.0440049171448, 0.5998954, 0.924627, 2194.244
828.0441081523895, 0.599897, 0.9246291, 2194.453
830.044196844101, 0.5998945, 0.9246244, 2194.355
832.0442852973938, 0.5998911, 0.9246153, 2194.803
834.0443871021271, 0.5998935, 0.9246104, 2195.106
836.0444676876068, 0.5998986, 0.9246233, 2194.666
838.0445711612701, 0.5998993, 0.9246381, 2194.332
840.0446639060974, 0.5999004, 0.9246438, 2193.957
842.0447607040405, 0.5999008, 0.9246509, 2193.592
844.0448622703552, 0.5999021, 0.924664, 2193.319
846.0449709892273, 0.5999009, 0.9246731, 2193.441
848.0450553894043, 0.5999016, 0.9246824, 2193.603
850.0451560020447, 0.5999019, 0.9246524, 2193.595
852.0452561378479, 0.5999022, 0.9246595, 2193.393
854.045371055603, 0.5999018, 0.9246898, 2192.881
856.045508146286, 0.5999075, 0.9247062, 2192.272
858.0456099510193, 0.599907, 0.9247262, 2192.224
860.0457448959351, 0.5999067, 0.9247242, 2192.208
862.0458288192749, 0.5999035, 0.9247204, 2192.127
864.0459170341492, 0.5999014, 0.9247085, 2192.125
866.0460512638092, 0.5998967, 0.9247279, 2192.046
868.0461528301239, 0.5998983, 0.9247178, 2191.639
870.0462875366211, 0.5999004, 0.9247307, 2191.603
872.0463778972626, 0.5998985, 0.9247413, 2191.347
874.0464549064636, 0.5999027, 0.9247562, 2191.295
876.0465846061707, 0.5999009, 0.92475, 2191.452
878.0466904640198, 0.5999051, 0.9247673, 2191.341
880.0467851161957, 0.5999068, 0.9247605, 2191.559
882.0468690395355, 0.599901, 0.9247482, 2191.666
884.0469498634338, 0.5999043, 0.924753, 2191.432
886.0470428466797, 0.5998997, 0.9247628, 2190.998
888.0471479892731, 0.5999009, 0.9247739, 2190.776
890.0472338199615, 0.5999002, 0.9247766, 2191.027
892.0473265647888, 0.5998977, 0.9247697, 2190.872
894.0474193096161, 0.5999021, 0.9247764, 2190.567
896.0475282669067, 0.5999041, 0.924792, 2190.184
898.0476152896881, 0.5999042, 0.9247913, 2189.85
900.0476989746094, 0.5999033, 0.9248163, 2189.426
902.0477874279022, 0.5999058, 0.9248241, 2189.169
904.0478880405426, 0.5999047, 0.9248252, 2189.357
906.0479907989502, 0.5999041, 0.9248266, 2189.472
908.0480794906616, 0.5998988, 0.9248268, 2189.387
910.0481808185577, 0.5999007, 0.9248202, 2189.012
912.0482680797577, 0.5999021, 0.9248511, 2188.276
914.048351764679, 0.5999016, 0.9248492, 2188.059
916.0484383106232, 0.599901, 0.9248607, 2187.995
918.048581123352, 0.5998977, 0.9248671, 2187.55
920.048722743988, 0.5999032, 0.9248833, 2187.36
922.048810005188, 0.5998969, 0.9248839, 2187.168
924.0488965511322, 0.599899, 0.9248923, 2186.991
926.0489966869354, 0.5999014, 0.9249069, 2186.779
928.0491321086884, 0.5999002, 0.924909, 2187.138
930.0492177009583, 0.5999023, 0.9249034, 2187.52
932.0493011474609, 0.5999033, 0.9249068, 2187.744
934.0494012832642, 0.5999038, 0.9249121, 2187.394
936.0494961738586, 0.5999027, 0.9249136, 2187.134
938.0495827198029, 0.5999013, 0.9249145, 2187.128
940.0496709346771, 0.5999016, 0.9249175, 2186.736
942.0497529506683, 0.5999009, 0.9249272, 2186.722
944.0498378276825, 0.5999015, 0.924922, 2186.473
946.0499374866486, 0.599901, 0.9249297, 2186.36
948.0500237941742, 0.599903, 0.9249435, 2186.259
950.0501246452332, 0.5999061, 0.9249553, 2186.252
952.050226688385, 0.5998982, 0.924945, 2186.478
954.0503668785095, 0.5999011, 0.924949, 2186.731
956.0504558086395, 0.599902, 0.9249358, 2186.757
958.0505464076996, 0.5999005, 0.9249423, 2186.737
960.0506348609924, 0.5999057, 0.9249433, 2186.826
962.0507414340973, 0.5999033, 0.9249545, 2186.888
964.0508270263672, 0.599905, 0.9249356, 2186.849
966.0509202480316, 0.5999018, 0.9249391, 2186.913
968.0509996414185, 0.5999011, 0.924934, 2186.986
970.0510904788971, 0.5999003, 0.9249297, 2186.577
972.0511915683746, 0.5998999, 0.9249331, 2186.342
974.0512688159943, 0.5998995, 0.9249482, 2186.192
976.0513577461243, 0.5998994, 0.9249518, 2185.959
978.0514585971832, 0.5998998, 0.9249592, 2185.54
980.0515487194061, 0.599903, 0.9249926, 2185.432
982.0516836643219, 0.5998977, 0.9249948, 2185.261
984.0517692565918, 0.5999029, 0.9249948, 2184.722
986.0518689155579, 0.5999086, 0.9250142, 2184.238
988.0519666671753, 0.5999101, 0.9250217, 2184.056
990.0520555973053, 0.5999035, 0.9250423, 2183.863
992.0521521568298, 0.5999054, 0.9250413, 2184.005
994.0522882938385, 0.5999, 0.9250347, 2183.916
996.0523858070374, 0.5998969, 0.9250375, 2183.546
998.0524895191193, 0.5999021, 0.9250478, 2183.305
1000.05260014534, 0.599902, 0.925063, 2183.348
1002.0527064800262, 0.5999012, 0.925057, 2183.36
1004.0528411865234, 0.5999003, 0.9250588, 2183.276
1006.0529448986053, 0.5999047, 0.9250644, 2183.196
1008.053079366684, 0.5999031, 0.9250819, 2182.92
1010.0531795024872, 0.5999053, 0.9250832, 2182.967
1012.05331158638, 0.5999016, 0.9250866, 2182.754
1014.053412437439, 0.5999015, 0.9250748, 2182.716
1016.0535178184509, 0.5999021, 0.9250954, 2182.553
1018.0536017417908, 0.5999013, 0.9250906, 2182.288
1020.0536987781525, 0.599902, 0.9250989, 2182.392
1022.0538008213043, 0.599905, 0.9251017, 2182.516
1024.0539329051971, 0.5999027, 0.9251084, 2182.51
1026.0540673732758, 0.5999053, 0.9251093, 2182.315
1028.0541727542877, 0.5999021, 0.9251213, 2181.99
1030.0542676448822, 0.5999026, 0.9251129, 2182.08
1032.054370880127, 0.5999041, 0.9251036, 2182.663
1034.0545082092285, 0.599903, 0.9251122, 2182.826
1036.0546135902405, 0.599903, 0.9251041, 2182.533
1038.0547504425049, 0.5999046, 0.9251135, 2182.072
1040.0548520088196, 0.5999073, 0.9251314, 2181.721
1042.0549857616425, 0.5999036, 0.9251326, 2181.352
1044.0551190376282, 0.5999058, 0.9251404, 2181.026
1046.0552060604095, 0.5999031, 0.9251478, 2180.744
1048.0553028583527, 0.5999031, 0.9251613, 2180.538
1050.0553905963898, 0.5999038, 0.9251631, 2180.505
1052.0554938316345, 0.599903, 0.9251764, 2180.44
1054.0556347370148, 0.5999048, 0.9251737, 2180.264
1056.055715560913, 0.5999036, 0.9251883, 2179.99
1058.0558183193207, 0.599905, 0.9252002, 2179.83
1060.0559585094452, 0.5999016, 0.9251796, 2179.782
1062.056057691574, 0.5999039, 0.9252046, 2179.745
1064.0561962127686, 0.5999059, 0.9252066, 2179.901
1066.0563459396362, 0.5999057, 0.9252028, 2180.065
1068.0564544200897, 0.5999, 0.9252003, 2180.175
1070.0565588474274, 0.5999036, 0.9251927, 2180.372
1072.0566625595093, 0.5999007, 0.9251829, 2180.425
1074.0567717552185, 0.5999045, 0.9251912, 2180.539
1076.0568764209747, 0.599903, 0.9251911, 2180.568
1078.0569789409637, 0.5999014, 0.9251877, 2180.425
1080.0570833683014, 0.5999024, 0.9251815, 2180.308
1082.0571653842926, 0.599903, 0.9251942, 2180.143
1084.0572667121887, 0.5998963, 0.9251859, 2180.183
1086.0573711395264, 0.5998964, 0.9251807, 2179.956
1088.0574760437012, 0.5999018, 0.9251979, 2179.81
1090.0575721263885, 0.5998989, 0.9252095, 2179.748
1092.0577044487, 0.5999027, 0.9252141, 2179.655
1094.0578384399414, 0.5999036, 0.9252195, 2179.396
1096.0579261779785, 0.5999042, 0.9252263, 2179.2
1098.0580604076385, 0.5998986, 0.9252237, 2178.959
1100.0581567287445, 0.5999004, 0.9252342, 2178.878
1102.0582435131073, 0.5999034, 0.9252419, 2178.614
1104.0583386421204, 0.599902, 0.9252363, 2178.407
1106.0584709644318, 0.5999022, 0.9252583, 2178.253
1108.0586128234863, 0.5999014, 0.9252704, 2178.508
1110.0587108135223, 0.5999073, 0.9252605, 2178.706
1112.0588529109955, 0.5999035, 0.9252601, 2178.726
1114.0589876174927, 0.5999031, 0.9252533, 2178.764
1116.0591270923615, 0.5999019, 0.9252526, 2178.555
1118.0592288970947, 0.5999004, 0.9252635, 2178.272
1120.0593161582947, 0.5999044, 0.9252775, 2178.096
1122.059430360794, 0.5999033, 0.9252701, 2177.71
1124.0595626831055, 0.5998991, 0.9252795, 2177.694
1126.0596735477448, 0.5999022, 0.9252878, 2177.453
1128.0597760677338, 0.5999052, 0.9252964, 2177.338
1130.0598747730255, 0.5998991, 0.9252828, 2178.182
1132.0600078105927, 0.5998974, 0.9252685, 2178.728
1134.0601074695587, 0.5998962, 0.9252641, 2178.489
1136.060208082199, 0.5999027, 0.9252621, 2178.257
1138.060307264328, 0.5998993, 0.9252735, 2178.046
1140.0604224205017, 0.5999063, 0.9252849, 2178.145
1142.060515165329, 0.5999041, 0.9252784, 2178.145
1144.0605998039246, 0.5998997, 0.9252765, 2177.735
1146.0607016086578, 0.5998998, 0.925282, 2177.234
1148.0607874393463, 0.5998999, 0.9252964, 2176.971
1150.0608839988708, 0.5999007, 0.9252985, 2177.063
1152.0609743595123, 0.5999044, 0.9253088, 2176.84
1154.0610568523407, 0.5998992, 0.9253226, 2176.937
1156.0611612796783, 0.5999019, 0.925312, 2177.33
1158.0612635612488, 0.5999013, 0.9253049, 2177.64
1160.0614187717438, 0.5998966, 0.9252971, 2177.95
1162.0615074634552, 0.5998973, 0.9252876, 2178.018
1164.061609506607, 0.5998987, 0.925278, 2177.947
1166.061716079712, 0.5998996, 0.9252915, 2177.297
1168.0618171691895, 0.5998977, 0.925301, 2176.805
1170.0619406700134, 0.599901, 0.9253052, 2176.776
1172.062037229538, 0.5998999, 0.9253047, 2176.719
1174.062160730362, 0.5999019, 0.9253046, 2176.364
1176.0622465610504, 0.5999019, 0.9253253, 2175.883
1178.0623514652252, 0.5999039, 0.9253341, 2175.457
1180.0624573230743, 0.5998986, 0.9253462, 2175.318
1182.062556028366, 0.5999007, 0.9253516, 2175.359
1184.0626428127289, 0.5999002, 0.9253601, 2175.548
1186.0627267360687, 0.5999011, 0.9253609, 2175.695
1188.062813282013, 0.5998983, 0.9253487, 2175.534
1190.0629289150238, 0.599897, 0.925351, 2175.519
1192.0630311965942, 0.5998969, 0.9253587, 2175.49
1194.0631203651428, 0.5999013, 0.9253582, 2175.631
1196.063205242157, 0.599905, 0.9253802, 2175.441
1198.0632960796356, 0.5999036, 0.9253821, 2175.325
1200.0634307861328, 0.5999032, 0.9253751, 2175.242
1202.0635159015656, 0.5999028, 0.925385, 2175.408
1204.0636339187622, 0.5999053, 0.9253873, 2175.13
1206.0637166500092, 0.5998998, 0.9254011, 2174.885
1208.0638000965118, 0.5999043, 0.9253952, 2174.811
1210.063901424408, 0.5999062, 0.9254037, 2174.395
1212.0639822483063, 0.5999069, 0.9254119, 2174.141
1214.064082145691, 0.5999041, 0.9254224, 2173.991
1216.0641536712646, 0.5999036, 0.9254243, 2174.006
1218.0642461776733, 0.5998992, 0.9254171, 2173.823
1220.0643355846405, 0.5998976, 0.9254332, 2173.671
1222.0644290447235, 0.5999004, 0.9254363, 2173.443
1224.0645079612732, 0.5998952, 0.9254083, 2173.744
1226.0645954608917, 0.5998918, 0.9254105, 2173.798
1228.064695596695, 0.5998948, 0.92541, 2173.954
1230.0647993087769, 0.5998959, 0.9254144, 2173.881
1232.0648946762085, 0.5998918, 0.925417, 2173.897
1234.0649828910828, 0.5998954, 0.9254133, 2174.435
1236.0651173591614, 0.5998997, 0.925406, 2174.377
1238.0652530193329, 0.5998954, 0.9254068, 2174.265
1240.0653626918793, 0.5998939, 0.9254165, 2173.943
1242.0654566287994, 0.5998942, 0.925423, 2173.433
1244.065557718277, 0.5998948, 0.9254347, 2173.1
1246.0656476020813, 0.599898, 0.925449, 2173.068
1248.0657341480255, 0.5998984, 0.9254502, 2172.875
1250.065869808197, 0.5998975, 0.9254557, 2172.941
1252.0659527778625, 0.5998914, 0.9254443, 2173.019
1254.066056728363, 0.5998974, 0.9254506, 2173.033
1256.0661416053772, 0.5998941, 0.9254395, 2173.308
1258.0662264823914, 0.5998933, 0.9254434, 2173.387
1260.0663149356842, 0.599892, 0.9254425, 2173.257
1262.066412448883, 0.599896, 0.9254401, 2173.27
1264.0665142536163, 0.5998933, 0.9254437, 2173.181
1266.0666003227234, 0.5998916, 0.9254444, 2173.023
1268.0666875839233, 0.5998931, 0.925444, 2172.58
1270.0667762756348, 0.5998923, 0.9254438, 2172.705
1272.0668601989746, 0.5998878, 0.9254507, 2172.695
1274.0669920444489, 0.5998895, 0.9254474, 2172.823
1276.067096233368, 0.5998981, 0.9254606, 2172.814
1278.0671894550323, 0.5998974, 0.9254604, 2172.91
1280.0672900676727, 0.5998999, 0.9254769, 2172.967
1282.0673809051514, 0.5998975, 0.9254728, 2172.95
1284.0674846172333, 0.5998988, 0.9254596, 2172.865
1286.0675842761993, 0.5998996, 0.9254803, 2172.503
1288.0676703453064, 0.5998995, 0.9254793, 2172.31
1290.0677535533905, 0.5998973, 0.9254866, 2172.204
1292.0678548812866, 0.5998958, 0.9254947, 2172.091
1294.06795835495, 0.599901, 0.9254821, 2171.839
1296.0680465698242, 0.5998968, 0.925498, 2171.418
1298.068148136139, 0.5999016, 0.9255113, 2171.272
1300.068233013153, 0.5998983, 0.9255243, 2170.937
1302.0683243274689, 0.5998967, 0.9255266, 2170.752
1304.0684270858765, 0.5998973, 0.9255369, 2170.869
1306.0685286521912, 0.5998984, 0.9255375, 2170.961
1308.0686314105988, 0.5998992, 0.925532, 2170.939
1310.0687341690063, 0.5999004, 0.9255412, 2170.657
1312.0688347816467, 0.5999045, 0.9255541, 2170.572
1314.0689227581024, 0.5998988, 0.9255551, 2170.313
1316.06902384758, 0.5998948, 0.9255426, 2170.457
1318.0691256523132, 0.5998904, 0.9255199, 2170.951
1320.0692284107208, 0.5998905, 0.9255258, 2170.916
1322.0693242549896, 0.5998916, 0.9255343, 2170.562
1324.0694167613983, 0.5998905, 0.9255271, 2170.116
1326.0695085525513, 0.5998924, 0.9255569, 2169.694
1328.0695967674255, 0.5998964, 0.9255618, 2169.495
1330.0697321891785, 0.5998946, 0.9255668, 2169.664
1332.0698351860046, 0.5998941, 0.9255615, 2169.722
1334.0699367523193, 0.5998912, 0.925561, 2169.905
1336.0700228214264, 0.5998924, 0.9255622, 2169.91
1338.0701229572296, 0.599893, 0.9255623, 2169.852
1340.0702266693115, 0.5998961, 0.9255746, 2169.547
1342.0703341960907, 0.5998982, 0.9255892, 2169.532
1344.0704350471497, 0.5998994, 0.9255832, 2169.651
1346.07053232193, 0.5998928, 0.9255819, 2169.477
1348.0706300735474, 0.5998948, 0.9255872, 2169.265
1350.0707654953003, 0.5998991, 0.9255949, 2169.024
1352.0709278583527, 0.5998994, 0.9255986, 2168.849
1354.0710356235504, 0.599897, 0.9256098, 2168.629
1356.071120262146, 0.5998963, 0.9256182, 2168.38
1358.0712113380432, 0.5998968, 0.9256245, 2168.134
1360.0713591575623, 0.5998989, 0.9256285, 2168.692
1362.0714619159698, 0.5998987, 0.9256148, 2168.966
1364.0715973377228, 0.5998989, 0.925615, 2168.832
1366.0717384815216, 0.5998983, 0.9256112, 2168.726
1368.0718405246735, 0.5998967, 0.9256197, 2168.51
1370.0719397068024, 0.5998905, 0.9256078, 2168.402
1372.0720388889313, 0.5998976, 0.9256303, 2168.295
1374.0721340179443, 0.5998949, 0.9256306, 2168.056
1376.0722353458405, 0.5998976, 0.9256296, 2167.696
1378.0723776817322, 0.5998942, 0.9256388, 2167.504
1380.0724821090698, 0.5998943, 0.925652, 2167.266
1382.0725874900818, 0.5998985, 0.9256516, 2167.295
1384.0727217197418, 0.5998939, 0.9256476, 2167.407
1386.0728573799133, 0.5998952, 0.9256513, 2167.369
1388.0729579925537, 0.5998948, 0.9256559, 2167.354
1390.0730702877045, 0.5998963, 0.9256539, 2167.138
1392.0731666088104, 0.5998952, 0.9256588, 2167.029
1394.0733006000519, 0.5998948, 0.9256683, 2166.86
1396.0734388828278, 0.5998883, 0.9256613, 2166.646
1398.0735459327698, 0.5998964, 0.9256712, 2166.941
1400.0736818313599, 0.5998953, 0.9256593, 2166.949
1402.0737810134888, 0.5998954, 0.9256805, 2166.992
1404.0738804340363, 0.5998937, 0.9256836, 2166.864
1406.073980331421, 0.5998942, 0.9256751, 2167.284
1408.0740880966187, 0.5998921, 0.9256678, 2167.24
1410.0741999149323, 0.599892, 0.9256586, 2167.165
1412.074317932129, 0.5998926, 0.9256627, 2167.292
1414.074459552765, 0.5998964, 0.9256718, 2167.193
1416.074555158615, 0.5998921, 0.9256762, 2167.361
1418.0746479034424, 0.5998912, 0.9256602, 2167.381
1420.0747327804565, 0.5998971, 0.9256781, 2167.354
1422.0748369693756, 0.5998951, 0.92568, 2167.291
1424.0749547481537, 0.5998989, 0.9256815, 2167.539
1426.0750391483307, 0.5998895, 0.9256521, 2167.682
1428.0751399993896, 0.5998941, 0.9256546, 2167.6
1430.075237751007, 0.5998955, 0.9256692, 2167.493
1432.0753252506256, 0.5998991, 0.9256688, 2167.595
1434.0754272937775, 0.5998941, 0.9256601, 2167.856
1436.0755157470703, 0.5998953, 0.9256662, 2168.037
1438.075618982315, 0.5998989, 0.9256556, 2168.021
1440.075703382492, 0.5998956, 0.9256482, 2167.782
1442.0757808685303, 0.5998936, 0.9256542, 2167.357
1444.0758745670319, 0.5998965, 0.9256595, 2166.953
1446.0759763717651, 0.5998898, 0.9256662, 2166.601
1448.0760672092438, 0.5998968, 0.9256837, 2166.584
1450.0761532783508, 0.5998964, 0.9256964, 2166.825
1452.0762386322021, 0.5998961, 0.9256862, 2167.145
1454.0763263702393, 0.5999002, 0.925689, 2167.143
1456.0764257907867, 0.5998944, 0.9256896, 2166.899
1458.0765252113342, 0.5998957, 0.9256813, 2166.648
1460.076604127884, 0.5998938, 0.9256931, 2166.343
1462.0766916275024, 0.5998958, 0.9256969, 2166.17
1464.0768330097198, 0.5998936, 0.9257009, 2166.025
1466.076919078827, 0.5998982, 0.9257134, 2165.779
1468.076999425888, 0.5998936, 0.9257249, 2165.604
1470.077092409134, 0.5998968, 0.9257197, 2165.489
1472.0771927833557, 0.5998984, 0.925734, 2165.257
1474.0772984027863, 0.5998965, 0.925736, 2165.232
1476.077384710312, 0.5998932, 0.9257344, 2165.141
1478.077484369278, 0.5998919, 0.9257478, 2165.14
1480.0775880813599, 0.599895, 0.9257608, 2164.983
1482.0777218341827, 0.5998969, 0.9257482, 2164.905
1484.0778295993805, 0.5998919, 0.925753, 2165.051
1486.0779163837433, 0.5998982, 0.9257607, 2164.895
1488.0780210494995, 0.5998927, 0.9257607, 2164.925
1490.0781543254852, 0.5998972, 0.9257547, 2165.086
1492.0782573223114, 0.5998988, 0.9257644, 2165.023
1494.0783433914185, 0.5998979, 0.9257652, 2165.111
1496.078429222107, 0.599897, 0.9257611, 2165.094
1498.0785193443298, 0.5998994, 0.9257651, 2165.085
1500.078605890274, 0.599899, 0.9257612, 2164.849
1502.078738451004, 0.5998973, 0.9257783, 2164.529
1504.0788266658783, 0.5998965, 0.9257962, 2164.154
1506.0789337158203, 0.5999007, 0.9258007, 2164.23
1508.0790393352509, 0.5999018, 0.9257985, 2164.348
1510.079116821289, 0.599902, 0.9258008, 2164.399
1512.0792191028595, 0.5999021, 0.9257866, 2164.632
1514.0793223381042, 0.5999016, 0.9257918, 2165.183
1516.0794019699097, 0.5998999, 0.9257914, 2165.124
1518.079495191574, 0.5998939, 0.925792, 2164.577
1520.0796287059784, 0.5999021, 0.9258001, 2164.069
1522.0797238349915, 0.599901, 0.9258122, 2163.873
1524.0798568725586, 0.5999041, 0.9258173, 2164.116
1526.0799882411957, 0.5999007, 0.9257996, 2164.785
1528.0800960063934, 0.5998988, 0.9257734, 2165.41
1530.0801990032196, 0.5999011, 0.9257837, 2165.339
1532.080307006836, 0.5998994, 0.9257803, 2165.133
1534.0804102420807, 0.5998969, 0.9257747, 2165.343
1536.0805127620697, 0.5998953, 0.925775, 2165.327
1538.0806195735931, 0.5999002, 0.9257696, 2165.351
1540.0807633399963, 0.5998995, 0.9257691, 2165.458
1542.080845117569, 0.5998972, 0.9257671, 2165.582
1544.0809442996979, 0.5998985, 0.9257711, 2165.072
1546.0810182094574, 0.5998992, 0.9257712, 2164.973
1548.0811059474945, 0.5998936, 0.9257937, 2164.686
1550.081199169159, 0.5999007, 0.9257979, 2164.386
1552.0812921524048, 0.5999005, 0.925805, 2164.155
1554.081393957138, 0.5999026, 0.9258166, 2163.86
1556.081527709961, 0.5998956, 0.9258186, 2163.546
1558.081630706787, 0.599903, 0.925843, 2163.193
1560.0817334651947, 0.599903, 0.9258404, 2163.201
1562.0818674564362, 0.5999044, 0.9258432, 2163.409
1564.081971168518, 0.5999073, 0.9258336, 2163.54
1566.0820534229279, 0.5999029, 0.9258467, 2163.244
1568.0821347236633, 0.5999066, 0.925858, 2163.036
1570.0822188854218, 0.5999038, 0.925858, 2163.07
1572.0823006629944, 0.5999049, 0.9258454, 2162.991
1574.082403421402, 0.5999076, 0.9258588, 2163.067
1576.0825386047363, 0.5999026, 0.9258629, 2163.02
1578.0826721191406, 0.5999041, 0.9258652, 2162.9
1580.082751750946, 0.5999036, 0.9258701, 2162.699
1582.0828337669373, 0.5999021, 0.9258726, 2162.308
1584.0829474925995, 0.5999008, 0.925852, 2162.396
1586.0830342769623, 0.5998976, 0.9258514, 2162.139
1588.0831682682037, 0.5998973, 0.9258597, 2162.129
1590.0833110809326, 0.5998982, 0.9258685, 2162.148
1592.08340883255, 0.5999007, 0.9258854, 2162.068
1594.0835087299347, 0.5998948, 0.9258899, 2162.157
1596.0836000442505, 0.5998999, 0.9258966, 2162.085
1598.083693265915, 0.5999051, 0.9259014, 2161.923
1600.083778142929, 0.5999082, 0.9259019, 2161.669
1602.0838735103607, 0.5999036, 0.9258995, 2161.364
1604.0840139389038, 0.5999017, 0.9259149, 2161.039
1606.0841150283813, 0.5999041, 0.9259391, 2160.905
1608.0842156410217, 0.5999045, 0.9259256, 2160.826
1610.0842955112457, 0.5999029, 0.925938, 2160.736
1612.0843832492828, 0.5998988, 0.9259329, 2160.907
1614.0844638347626, 0.5998947, 0.925922, 2160.822
1616.0845983028412, 0.5998993, 0.9259244, 2160.797
1618.0846979618073, 0.599901, 0.9259362, 2160.881
1620.084798336029, 0.5998992, 0.9259223, 2160.9
1622.0848834514618, 0.599901, 0.9259368, 2160.672
1624.0849769115448, 0.5999001, 0.9259527, 2160.407
1626.0850772857666, 0.5999033, 0.9259568, 2160.292
1628.0851769447327, 0.5999011, 0.9259546, 2160.294
1630.085275888443, 0.5999004, 0.9259603, 2160.191
1632.0853593349457, 0.5998987, 0.9259504, 2160.24
1634.0854420661926, 0.5998951, 0.9259494, 2160.407
1636.0855433940887, 0.5998983, 0.92595, 2160.348
1638.0856757164001, 0.5999008, 0.9259525, 2160.646
1640.0857801437378, 0.5998966, 0.925958, 2160.645
1642.0858838558197, 0.5998973, 0.9259552, 2160.584
1644.0860171318054, 0.5999021, 0.9259561, 2160.532
1646.0861513614655, 0.5998958, 0.9259656, 2160.472
1648.0862534046173, 0.5998999, 0.9259675, 2160.374
1650.086357831955, 0.599896, 0.9259608, 2160.177
1652.0864596366882, 0.5999045, 0.9259823, 2159.902
1654.0865404605865, 0.5999048, 0.9259897, 2159.865
1656.0866203308105, 0.5999038, 0.9259943, 2160.021
1658.0867011547089, 0.5999055, 0.925993, 2160.224
1660.08678150177, 0.5999044, 0.9259812, 2160.357
1662.086864233017, 0.5999025, 0.9259679, 2160.117
1664.086932182312, 0.5998986, 0.9259719, 2159.805
1666.0870342254639, 0.5999011, 0.9259774, 2159.743
1668.0871686935425, 0.5998982, 0.9259914, 2159.703
1670.0872740745544, 0.5998961, 0.9259861, 2159.665
1672.0873765945435, 0.5999016, 0.9259993, 2159.235
1674.087479352951, 0.5998973, 0.9259976, 2159.188
1676.0875825881958, 0.5999033, 0.9260137, 2158.97
1678.0876686573029, 0.5999019, 0.9260156, 2158.681
1680.087751865387, 0.5999036, 0.9260216, 2158.519
1682.087895154953, 0.5999029, 0.9260263, 2158.315
1684.08797621727, 0.5999053, 0.9260454, 2158.084
1686.0880744457245, 0.5999041, 0.9260419, 2157.757
1688.0881593227386, 0.5999014, 0.9260447, 2157.832
1690.0882623195648, 0.5998964, 0.9260431, 2158.102
1692.088365316391, 0.5999026, 0.9260347, 2158.07
1694.0884671211243, 0.5999022, 0.9260441, 2158.207
1696.0885546207428, 0.5999011, 0.9260338, 2158.388
1698.0886948108673, 0.5999002, 0.9260273, 2158.62
1700.0887763500214, 0.5999026, 0.9260349, 2158.669
1702.0888760089874, 0.5998946, 0.9260223, 2158.638
1704.0889775753021, 0.5998989, 0.9260265, 2158.595
1706.0890674591064, 0.5998954, 0.9260194, 2158.557
1708.089166879654, 0.5999008, 0.9260211, 2158.935
1710.0892746448517, 0.5999028, 0.9260345, 2158.742
1712.08935880661, 0.5998996, 0.9260355, 2158.518
1714.0894598960876, 0.5998953, 0.9260242, 2158.782
1716.0895490646362, 0.599896, 0.9260179, 2158.866
1718.089650630951, 0.5998961, 0.9260209, 2158.72
1720.08975315094, 0.5998988, 0.9260283, 2158.6
1722.0898554325104, 0.5999036, 0.9260351, 2158.564
1724.089988708496, 0.5998996, 0.9260385, 2158.42
1726.0901279449463, 0.5999027, 0.9260494, 2158.201
1728.090211391449, 0.5999023, 0.9260634, 2157.971
1730.090292930603, 0.5999022, 0.9260686, 2157.816
1732.0903751850128, 0.5998992, 0.926056, 2157.741
1734.0904614925385, 0.5999018, 0.9260654, 2157.714
1736.090558052063, 0.5999007, 0.9260796, 2157.976
1738.0906608104706, 0.5999011, 0.9260692, 2158.139
1740.0907385349274, 0.5999032, 0.9260423, 2158.443
1742.0908205509186, 0.5998999, 0.9260453, 2158.423
1744.0909230709076, 0.5998958, 0.9260452, 2158.581
1746.0910136699677, 0.5998994, 0.9260451, 2158.224
1748.091105222702, 0.5998953, 0.9260428, 2158.088
1750.0912020206451, 0.5998921, 0.9260397, 2158.249
1752.0913376808167, 0.5999002, 0.926059, 2158.066
1754.0914268493652, 0.5998982, 0.9260626, 2158.227
1756.0915303230286, 0.5998994, 0.9260513, 2158.547
1758.0916166305542, 0.5998983, 0.9260437, 2158.385
1760.0917053222656, 0.5998997, 0.9260468, 2158.059
1762.0918118953705, 0.5998996, 0.9260462, 2157.648
1764.091897726059, 0.5998969, 0.926062, 2157.612
1766.091980457306, 0.5999004, 0.9260626, 2157.725
1768.0920627117157, 0.5999016, 0.9260718, 2157.908
1770.0921514034271, 0.5999001, 0.9260544, 2158.075
1772.0922462940216, 0.599899, 0.9260519, 2158.132
1774.0923473834991, 0.5999026, 0.9260497, 2158.195
1776.0924365520477, 0.5998996, 0.926048, 2158.068
1778.0925300121307, 0.5999, 0.9260657, 2157.758
1780.0926156044006, 0.5998993, 0.9260637, 2157.779
1782.0927255153656, 0.5998971, 0.926059, 2157.651
1784.0928609371185, 0.5998995, 0.9260705, 2157.669
1786.0929572582245, 0.5998998, 0.9260735, 2157.929
1788.093037366867, 0.5999046, 0.9260731, 2157.969
1790.0931420326233, 0.599897, 0.9260605, 2158.585
1792.0932397842407, 0.5998992, 0.92605, 2158.782
1794.0933377742767, 0.5999024, 0.9260556, 2158.787
1796.09343791008, 0.5998989, 0.9260558, 2158.934
1798.093537569046, 0.5999012, 0.926061, 2158.639
1800.0936167240143, 0.5998968, 0.9260436, 2159.133
1802.0937209129333, 0.5999006, 0.9260363, 2159.314
1804.0938148498535, 0.5999021, 0.9260353, 2159.167
1806.093893289566, 0.5998973, 0.9260233, 2159.428
1808.0940277576447, 0.5998968, 0.9260179, 2159.301
1810.0941278934479, 0.5999016, 0.9260324, 2158.887
1812.0942101478577, 0.5998971, 0.9260305, 2158.572
1814.094292640686, 0.599897, 0.9260323, 2158.658
1816.094369649887, 0.5999042, 0.9260509, 2158.336
1818.0944736003876, 0.5999015, 0.9260506, 2158.065
1820.0945763587952, 0.5999006, 0.9260495, 2158.193
1822.0946645736694, 0.5998973, 0.9260491, 2157.985
1824.0948014259338, 0.5998975, 0.9260634, 2157.588
1826.0949132442474, 0.5998986, 0.9260696, 2157.297
1828.0950055122375, 0.5999022, 0.9260835, 2157.245
1830.0951080322266, 0.5999026, 0.9260863, 2157.072
1832.0951933860779, 0.5999055, 0.9260918, 2157.293
1834.0952727794647, 0.5998983, 0.9260786, 2157.301
1836.0953607559204, 0.5999004, 0.9260857, 2157.161
1838.0954699516296, 0.5998947, 0.9260957, 2156.905
1840.0955560207367, 0.5998997, 0.9260848, 2156.751
1842.095642566681, 0.5998952, 0.9260944, 2156.566
1844.0957262516022, 0.5998985, 0.926113, 2156.516
1846.0958256721497, 0.599897, 0.9260995, 2156.954
1848.0959587097168, 0.5998991, 0.9260983, 2156.927
1850.096052646637, 0.5998973, 0.9261033, 2156.563
1852.0961546897888, 0.5999, 0.9261123, 2156.181
1854.0962448120117, 0.5998961, 0.9261182, 2155.949
1856.0963230133057, 0.5998982, 0.9261326, 2156.419
1858.0964050292969, 0.5999034, 0.9261231, 2156.624
1860.0965173244476, 0.5999, 0.9261125, 2156.51
1862.096603155136, 0.5999034, 0.9261152, 2156.501
1864.0966844558716, 0.5999004, 0.9261082, 2156.507
1866.096774816513, 0.599902, 0.9261228, 2156.739
1868.0968780517578, 0.5999023, 0.9261153, 2156.595
1870.0969588756561, 0.5999023, 0.9261136, 2156.295
1872.0970494747162, 0.599894, 0.9261072, 2156.025
1874.0971310138702, 0.5999012, 0.9261247, 2155.818
1876.0972249507904, 0.5998962, 0.9261359, 2155.513
1878.0973072052002, 0.5998974, 0.9261425, 2155.487
1880.097392320633, 0.5999014, 0.9261478, 2155.313
1882.0974810123444, 0.5998984, 0.926141, 2155.543
1884.097570180893, 0.5999016, 0.9261418, 2155.443
1886.0976502895355, 0.5999008, 0.9261537, 2155.496
1888.0977318286896, 0.5999, 0.9261484, 2155.409
1890.0978119373322, 0.5998966, 0.9261544, 2155.286
1892.0978996753693, 0.5998975, 0.9261404, 2155.059
1894.0980043411255, 0.5998982, 0.9261595, 2154.81
1896.098083972931, 0.5998995, 0.9261676, 2154.575
1898.098162651062, 0.5998998, 0.9261782, 2154.311
1900.0982420444489, 0.5998976, 0.9261676, 2154.951
1902.0983426570892, 0.5998985, 0.9261645, 2155.623
1904.0984330177307, 0.5998966, 0.9261615, 2155.351
1906.098581790924, 0.5998987, 0.9261577, 2155.057
1908.0986716747284, 0.5998961, 0.926159, 2154.846
1910.0987565517426, 0.5998993, 0.9261707, 2154.86
1912.0988478660583, 0.5998951, 0.9261662, 2154.819
1914.0989406108856, 0.5998971, 0.9261745, 2154.561
1916.0990192890167, 0.5998949, 0.9261646, 2154.873
1918.0991024971008, 0.5998961, 0.9261656, 2155.159
1920.0991921424866, 0.5999023, 0.9261652, 2155.515
1922.099294424057, 0.5999017, 0.9261763, 2155.371
1924.0993974208832, 0.5998997, 0.9261696, 2155.151
1926.0994834899902, 0.5998951, 0.9261613, 2154.91
1928.0995852947235, 0.5999, 0.926173, 2154.959
1930.0996735095978, 0.5998995, 0.9261729, 2154.605
1932.0997760295868, 0.5998987, 0.9261791, 2154.286
1934.0998673439026, 0.5999004, 0.9261912, 2154.596
1936.0999567508698, 0.5998994, 0.9261912, 2154.942
1938.1000645160675, 0.5998977, 0.9261858, 2154.936
1940.1001975536346, 0.5998956, 0.9261769, 2155.366
1942.100287437439, 0.5998988, 0.9261834, 2155.269
1944.1003873348236, 0.5999026, 0.9261726, 2154.956
1946.1005191802979, 0.5999039, 0.9261788, 2154.875
1948.100619316101, 0.5998969, 0.9261881, 2154.564
1950.1007044315338, 0.5998945, 0.9261771, 2154.36
1952.1008048057556, 0.5998939, 0.9261896, 2154.354
1954.1008899211884, 0.5998926, 0.9261775, 2154.522
1956.100991010666, 0.599899, 0.9261807, 2155.471
1958.1010801792145, 0.599898, 0.9261689, 2155.647
1960.1011810302734, 0.5999001, 0.9261654, 2155.512
1962.1012647151947, 0.599901, 0.9261519, 2155.666
1964.1013705730438, 0.5999023, 0.926167, 2155.636
1966.1014566421509, 0.5998991, 0.9261682, 2155.438
1968.101559638977, 0.5999083, 0.9261856, 2155.251
1970.1016511917114, 0.599905, 0.9261737, 2155.604
1972.1017920970917, 0.5999073, 0.9261781, 2155.741
1974.1018798351288, 0.599904, 0.9261758, 2155.277
1976.1019797325134, 0.5999001, 0.9261743, 2154.931
1978.102112531662, 0.5998984, 0.9261881, 2154.431
1980.1022112369537, 0.5999034, 0.9261934, 2154.422
1982.102291584015, 0.5998991, 0.9261813, 2154.411
1984.1023743152618, 0.5999021, 0.9261948, 2154.09
1986.102465391159, 0.5999003, 0.9262063, 2154.057
1988.1025667190552, 0.5999027, 0.9262055, 2154.401
1990.1026694774628, 0.5999002, 0.9261943, 2154.876
1992.102766752243, 0.599901, 0.926188, 2155.075
1994.1028645038605, 0.599899, 0.9261824, 2155.06
1996.1030077934265, 0.599897, 0.9261716, 2154.992
1998.103087425232, 0.5998982, 0.9261881, 2154.93
2000.1031868457794, 0.5998937, 0.9261688, 2154.479
2002.1032645702362, 0.5998953, 0.9261825, 2154.229
2004.1033651828766, 0.5998933, 0.9261832, 2154.486
2006.1034603118896, 0.5998971, 0.9261686, 2154.686
2008.1035604476929, 0.5998959, 0.9261774, 2154.461
2010.103660106659, 0.5998958, 0.9261868, 2154.493
2012.1037418842316, 0.5999021, 0.9262043, 2154.627
2014.103833913803, 0.5999, 0.9262038, 2154.398
2016.1039185523987, 0.5998968, 0.9261925, 2154.324
2018.1040065288544, 0.5998974, 0.9261978, 2153.982
2020.1040868759155, 0.5998962, 0.9262007, 2154.095
2022.104164838791, 0.5999004, 0.9262143, 2154.199
2024.1042444705963, 0.5998999, 0.9262223, 2153.945
2026.1043241024017, 0.5998982, 0.9262147, 2153.922
2028.1044051647186, 0.5998995, 0.926222, 2153.872
2030.1045002937317, 0.5998955, 0.926217, 2154.046
2032.104575395584, 0.5998973, 0.9262107, 2153.656
2034.1046738624573, 0.5999007, 0.926225, 2153.664
2036.1047582626343, 0.5999018, 0.9262333, 2153.521
2038.1048390865326, 0.5999, 0.9262373, 2153.662
2040.1049411296844, 0.5999045, 0.9262424, 2153.653
2042.1050441265106, 0.5998986, 0.9262342, 2153.573
2044.1051478385925, 0.599898, 0.9262266, 2153.68
2046.105259180069, 0.5998971, 0.9262298, 2153.716
2048.105344772339, 0.5998992, 0.9262346, 2153.695
2050.105426311493, 0.5999005, 0.9262343, 2153.755
2052.1055130958557, 0.5999011, 0.9262221, 2154.112
2054.1056447029114, 0.5998953, 0.926216, 2154.292
2056.1057257652283, 0.599901, 0.9262158, 2154.015
2058.1058356761932, 0.5998972, 0.9262207, 2153.695
2060.105937719345, 0.5998985, 0.9262303, 2153.335
2062.1060292720795, 0.5999047, 0.9262252, 2153.262
2064.106132507324, 0.5998999, 0.926245, 2153.395
2066.1062240600586, 0.5998954, 0.926232, 2153.524
2068.1063084602356, 0.5998955, 0.9262348, 2153.487
2070.1064081192017, 0.5998985, 0.9262362, 2153.68
2072.1064903736115, 0.5998977, 0.9262166, 2153.603
2074.106568813324, 0.5999036, 0.9262431, 2153.366
2076.1066496372223, 0.5999018, 0.9262437, 2153.113
2078.106739282608, 0.5999016, 0.9262564, 2153.026
2080.1068382263184, 0.5999016, 0.9262491, 2153.137
2082.1069338321686, 0.5999003, 0.926263, 2153.222
2084.107032775879, 0.5999014, 0.926246, 2152.93
2086.107110261917, 0.5998994, 0.9262338, 2152.852
2088.107211828232, 0.5998976, 0.9262518, 2152.635
2090.107313156128, 0.5998955, 0.9262489, 2152.525
2092.1073894500732, 0.5998939, 0.9262564, 2152.264
2094.1074731349945, 0.5998986, 0.9262678, 2152.228
2096.1075518131256, 0.5999002, 0.9262941, 2152.076
2098.1076378822327, 0.5998982, 0.9262857, 2151.969
2100.1077399253845, 0.5999042, 0.9263016, 2151.97
2102.107834815979, 0.5999042, 0.9263048, 2152.176
2104.1079721450806, 0.5999048, 0.9262978, 2152.596
2106.1080570220947, 0.5999028, 0.926281, 2152.878
2108.108152151108, 0.5999004, 0.9262697, 2152.925
2110.1082372665405, 0.5999051, 0.9262796, 2152.941
2112.1083376407623, 0.5999044, 0.9262715, 2152.896
2114.1084282398224, 0.5999013, 0.9262787, 2152.481
2116.1085097789764, 0.5999055, 0.9262906, 2152.215
2118.1085987091064, 0.5998985, 0.926294, 2152.076
2120.1086843013763, 0.5999056, 0.9263035, 2151.849
2122.108769416809, 0.5999032, 0.926296, 2151.982
2124.108861684799, 0.5999011, 0.9262946, 2152.276
2126.1089947223663, 0.599899, 0.9262734, 2152.836
2128.1090750694275, 0.5998989, 0.9262822, 2153.065
2130.1091816425323, 0.5999035, 0.9262854, 2152.829
2132.1092612743378, 0.5999025, 0.9262852, 2152.604
2134.1093430519104, 0.5999011, 0.9262822, 2152.794
2136.1094450950623, 0.5999003, 0.9262818, 2153.077
2138.109540462494, 0.5999024, 0.9262733, 2153.124
2140.1096329689026, 0.599897, 0.9262694, 2153.103
2142.1097667217255, 0.5999011, 0.9262768, 2152.828
2144.1098692417145, 0.5999048, 0.9262815, 2152.5
2146.1099483966827, 0.5999017, 0.9262817, 2152.225
2148.110048055649, 0.5999004, 0.9262956, 2151.894
2150.1101257801056, 0.5999026, 0.9263038, 2151.854
2152.110225200653, 0.5999033, 0.9263007, 2152.066
2154.110327720642, 0.5998992, 0.9262895, 2152.277
2156.110428094864, 0.5998987, 0.9262844, 2152.279
2158.1105296611786, 0.5999056, 0.9263061, 2152.213
2160.1106112003326, 0.5999044, 0.9263001, 2152.473
2162.1106901168823, 0.5999067, 0.9262928, 2152.546
2164.1107892990112, 0.5999002, 0.9262788, 2152.572
2166.1108691692352, 0.5999005, 0.9262842, 2152.43
2168.1109335422516, 0.5998996, 0.9262842, 2152.112
2170.1110179424286, 0.5999025, 0.9262893, 2152.03
2172.1110985279083, 0.5998993, 0.9262847, 2152.18
2174.1111838817596, 0.5998941, 0.9262814, 2152.42
2176.111268520355, 0.599898, 0.9262829, 2152.318
2178.111351251602, 0.5999017, 0.9262885, 2152.109
2180.1114473342896, 0.5998966, 0.9262911, 2152.087
2182.1115305423737, 0.5999066, 0.9263111, 2152.062
2184.111606836319, 0.5999053, 0.9262998, 2152.295
2186.1116845607758, 0.599902, 0.9262998, 2152.328
2188.1117701530457, 0.5999011, 0.9262845, 2152.118
2190.111849784851, 0.5998999, 0.9262844, 2152.141
2192.111937522888, 0.5999002, 0.9262963, 2152.17
2194.112023830414, 0.5999021, 0.9263003, 2152.042
2196.112167596817, 0.5999026, 0.9262968, 2151.844
2198.112270593643, 0.5999011, 0.9263105, 2151.552
2200.112354516983, 0.5998995, 0.9263065, 2151.29
2202.112457036972, 0.5998991, 0.9263201, 2151.155
2204.1125469207764, 0.5999043, 0.92633, 2151.045
2206.1126396656036, 0.5999041, 0.9263343, 2150.883
2208.112722635269, 0.5999019, 0.9263214, 2151.012
2210.1128194332123, 0.5998972, 0.9263265, 2151.319
2212.1129562854767, 0.5998985, 0.9263284, 2151.107
2214.113059282303, 0.5998976, 0.9263161, 2151.127
2216.1132044792175, 0.5998939, 0.9263186, 2151.386
2218.1132867336273, 0.5999022, 0.9263096, 2151.648
2220.113388776779, 0.599899, 0.9263213, 2151.545
2222.113492012024, 0.5999036, 0.9263312, 2151.319
2224.1135733127594, 0.5999026, 0.9263365, 2151.159
2226.113715171814, 0.5999033, 0.9263338, 2150.834
2228.1138503551483, 0.5999003, 0.9263361, 2150.563
2230.11399435997, 0.5998993, 0.9263408, 2150.67
2232.1140942573547, 0.5999002, 0.9263298, 2150.904
2234.1142218112946, 0.5999021, 0.9263439, 2150.71
2236.1143052577972, 0.5999044, 0.9263447, 2150.679
2238.1144115924835, 0.5999007, 0.926344, 2150.515
2240.114512205124, 0.5999025, 0.9263558, 2150.342
2242.114611387253, 0.5998962, 0.9263588, 2150.166
2244.114714860916, 0.5999008, 0.9263708, 2150.199
2246.1148176193237, 0.5999015, 0.9263628, 2150.415
2248.1152617931366, 0.5999016, 0.9263551, 2150.453
2250.115362882614, 0.5998994, 0.9263621, 2150.245
2252.1154663562775, 0.5999007, 0.9263495, 2150.256
2254.11554646492, 0.5998991, 0.9263601, 2150.228
2256.1156487464905, 0.5999039, 0.9263656, 2150.565
2258.1157512664795, 0.5998983, 0.9263447, 2150.849
2260.1158533096313, 0.5999022, 0.9263535, 2151.322
2262.1159551143646, 0.5998978, 0.9263402, 2151.805
2264.116049528122, 0.599899, 0.9263309, 2152.054
2266.1161296367645, 0.5998985, 0.9263274, 2152.208
2268.1162214279175, 0.5998985, 0.9263164, 2152.084
2270.1163272857666, 0.5998974, 0.9263078, 2152.3
2272.1164264678955, 0.5998954, 0.9262845, 2153.239
2274.116566181183, 0.5998986, 0.9262635, 2153.621
2276.1166710853577, 0.599892, 0.9262641, 2153.42
2278.1167776584625, 0.5998989, 0.9262745, 2153.498
2280.116881132126, 0.5998968, 0.9262595, 2153.766
2282.1169860363007, 0.5998961, 0.9262492, 2153.773
2284.117082118988, 0.5998969, 0.9262484, 2153.951
2286.1171867847443, 0.5998968, 0.9262575, 2153.618
2288.1172726154327, 0.5998998, 0.9262654, 2153.198
2290.1173639297485, 0.5998998, 0.9262682, 2152.71
2292.11750459671, 0.5999042, 0.9262827, 2152.521
2294.1175923347473, 0.5999019, 0.9263006, 2152.418
2296.117680311203, 0.5998973, 0.9262921, 2152.293
2298.117774248123, 0.5998982, 0.9263038, 2151.924
2300.1178693771362, 0.5998964, 0.9263147, 2151.754
2302.1179592609406, 0.5998977, 0.9263201, 2152.004
2304.1180458068848, 0.5998948, 0.9263224, 2151.903
2306.1181440353394, 0.599899, 0.926327, 2151.854
2308.1182329654694, 0.5998982, 0.9263221, 2151.766
2310.1183207035065, 0.5998969, 0.9263323, 2151.898
2312.1184225082397, 0.5999016, 0.9263387, 2152.034
2314.118562221527, 0.5999053, 0.9263395, 2152.047
2316.118700027466, 0.5998961, 0.9263308, 2151.819
2318.118800163269, 0.5999028, 0.9263414, 2151.722
2320.11892080307, 0.5999048, 0.9263592, 2151.332
2322.1190180778503, 0.5999048, 0.9263485, 2151.572
2324.119156360626, 0.5999026, 0.9263489, 2151.561
2326.119248867035, 0.5998994, 0.9263417, 2151.781
2328.1193418502808, 0.5998992, 0.9263155, 2152.177
2330.1194446086884, 0.5998989, 0.9263213, 2152.247
2332.1195483207703, 0.5998963, 0.926317, 2152.166
2334.119637966156, 0.5998976, 0.9263153, 2152.225
2336.1197764873505, 0.5998961, 0.9263128, 2152.215
2338.1198790073395, 0.5999017, 0.9263247, 2151.97
2340.119965314865, 0.5998953, 0.9263148, 2151.505
2342.1201107501984, 0.5998999, 0.9263277, 2151.047
2344.1201899051666, 0.5999014, 0.9263601, 2151.179
2346.120289325714, 0.5998946, 0.9263294, 2151.461
2348.12038898468, 0.5998978, 0.9263372, 2151.458
2350.12047791481, 0.5999004, 0.926341, 2151.649
2352.1205654144287, 0.599901, 0.9263403, 2151.802
2354.1206724643707, 0.5998983, 0.9263401, 2151.61
2356.1207735538483, 0.5999005, 0.9263467, 2151.295
2358.120854139328, 0.5999005, 0.9263578, 2151.299
2360.120940208435, 0.5998987, 0.9263505, 2151.342
2362.121020078659, 0.5998969, 0.9263378, 2151.111
2364.1211161613464, 0.5998995, 0.926349, 2150.942
2366.121207714081, 0.5998987, 0.9263487, 2151.176
2368.121341943741, 0.5998992, 0.9263455, 2151.399
2370.1214258670807, 0.5998977, 0.9263467, 2151.264
2372.121532678604, 0.5998929, 0.9263456, 2150.873
2374.1216259002686, 0.5999007, 0.9263586, 2150.481
2376.1217629909515, 0.5998983, 0.9263734, 2150.173
2378.121869802475, 0.5999017, 0.9263829, 2150.027
2380.121961593628, 0.5998947, 0.9263845, 2149.842
2382.122052669525, 0.5998939, 0.9263967, 2149.856
2384.122134447098, 0.5998955, 0.9263908, 2149.845
2386.1222212314606, 0.5999, 0.9263922, 2150.211
2388.1223533153534, 0.5998948, 0.9263861, 2150.277
2390.1224489212036, 0.5998952, 0.9263879, 2150.0
2392.1225266456604, 0.5998958, 0.9263862, 2149.93
2394.122626543045, 0.5998964, 0.9263981, 2150.211
2396.1227612495422, 0.5998926, 0.9263813, 2150.143
2398.1228454113007, 0.5998985, 0.9263812, 2150.152
2400.1229507923126, 0.5998948, 0.9263869, 2150.005
2402.1230442523956, 0.5998953, 0.9263967, 2149.95
2404.1231405735016, 0.5998934, 0.9263923, 2150.384
2406.1232857704163, 0.5998976, 0.926385, 2151.242
2408.1233654022217, 0.5999006, 0.9263624, 2151.388
2410.123469352722, 0.5998988, 0.9263657, 2151.057
2412.1235749721527, 0.5999032, 0.9263668, 2150.914
2414.1236741542816, 0.5999026, 0.9263756, 2150.672
2416.1237535476685, 0.599898, 0.9263744, 2150.378
2418.123854160309, 0.5998999, 0.9263848, 2150.127
2420.123982667923, 0.5999008, 0.9263939, 2149.961
2422.1241178512573, 0.5999015, 0.9264023, 2149.701
2424.1242134571075, 0.599898, 0.9264145, 2149.517
2426.124303817749, 0.5998978, 0.9264094, 2149.463
2428.1244502067566, 0.5999022, 0.9264124, 2149.485
2430.1245391368866, 0.5998995, 0.9264193, 2149.211
2432.1246421337128, 0.5999026, 0.9264314, 2149.202
2434.1247272491455, 0.5999007, 0.9264231, 2149.265
2436.124861717224, 0.5999005, 0.9264247, 2149.193
2438.1249945163727, 0.5998989, 0.9264257, 2149.141
2440.1251096725464, 0.599901, 0.926432, 2148.965
2442.1252121925354, 0.5999005, 0.9264384, 2148.889
2444.1253323554993, 0.5998979, 0.9264356, 2148.703
2446.125468969345, 0.5999026, 0.9264427, 2148.618
2448.1255719661713, 0.5998988, 0.9264463, 2148.784
2450.1256725788116, 0.5998968, 0.9264393, 2149.096
2452.1257514953613, 0.5998973, 0.9264373, 2149.049
2454.1258912086487, 0.5998982, 0.9264442, 2148.673
2456.125993013382, 0.5998973, 0.9264456, 2148.325
2458.126097679138, 0.599902, 0.9264599, 2147.964
2460.126184940338, 0.5999002, 0.9264607, 2147.92
2462.1263234615326, 0.5998948, 0.9264723, 2148.129
2464.126454591751, 0.5999026, 0.9264825, 2148.137
2466.1265943050385, 0.5998997, 0.9264748, 2148.109
2468.12673163414, 0.5998991, 0.9264675, 2148.143
2470.126811981201, 0.5999015, 0.9264696, 2148.417
2472.126919031143, 0.5998988, 0.9264656, 2148.567
2474.1270096302032, 0.5998986, 0.9264524, 2148.857
2476.1271138191223, 0.5999026, 0.9264537, 2148.828
2478.127217054367, 0.5998961, 0.9264499, 2148.348
2480.1273226737976, 0.5998979, 0.9264618, 2148.209
2482.127434492111, 0.5999012, 0.9264631, 2147.939
2484.12753200531, 0.5998986, 0.9264678, 2148.073
2486.127633333206, 0.5999053, 0.9264773, 2148.373
2488.1277194023132, 0.5999046, 0.9264635, 2148.8
2490.127822160721, 0.5999015, 0.9264669, 2149.03
2492.1279356479645, 0.5999025, 0.9264605, 2148.731
2494.128039121628, 0.5999014, 0.9264589, 2148.517
2496.1281423568726, 0.5999025, 0.9264728, 2148.603
2498.128242969513, 0.5999038, 0.9264665, 2148.971
2500.1283509731293, 0.5999036, 0.9264577, 2149.026
2502.128453731537, 0.5999002, 0.9264523, 2149.026
2504.1285808086395, 0.5999029, 0.9264557, 2148.956
2506.128660917282, 0.5998996, 0.926449, 2148.748
2508.1288006305695, 0.5999013, 0.9264709, 2148.468
2510.128903388977, 0.599902, 0.9264665, 2148.648
2512.1290028095245, 0.5999039, 0.9264673, 2148.694
2514.1291024684906, 0.5999026, 0.9264639, 2148.803
2516.1292021274567, 0.5999027, 0.9264715, 2148.814
2518.1293020248413, 0.5999037, 0.9264544, 2148.877
2520.1294445991516, 0.5999021, 0.9264671, 2148.792
2522.1295862197876, 0.5999021, 0.9264663, 2148.473
2524.1296815872192, 0.5999017, 0.9264712, 2148.247
2526.1297812461853, 0.5999002, 0.9264761, 2148.021
2528.1298639774323, 0.5998967, 0.9264764, 2147.739
2530.1299517154694, 0.5999032, 0.9264837, 2147.497
2532.1300399303436, 0.5998979, 0.9264918, 2147.567
2534.1301255226135, 0.5999013, 0.9264926, 2147.879
2536.1302173137665, 0.5998958, 0.9264869, 2147.89
2538.130311489105, 0.5998946, 0.9264753, 2147.614
2540.130423307419, 0.5998973, 0.9264891, 2147.555
2542.13050198555, 0.5998991, 0.9264995, 2147.979
2544.1306347846985, 0.5998978, 0.9264944, 2147.667
2546.130719900131, 0.5998979, 0.9264914, 2147.385
2548.1308019161224, 0.5998983, 0.9265006, 2147.106
2550.1309192180634, 0.599903, 0.9265001, 2146.865
2552.1310217380524, 0.5998991, 0.9265047, 2147.213
2554.1311554908752, 0.5999004, 0.9264946, 2147.39
2556.1312460899353, 0.5998977, 0.9265039, 2147.387
2558.1313469409943, 0.5998998, 0.9265051, 2147.547
2560.1314358711243, 0.5998999, 0.9264845, 2147.61
2562.1315302848816, 0.5998943, 0.9264879, 2147.584
2564.13166475296, 0.5998948, 0.9264904, 2147.638
2566.1317722797394, 0.5999021, 0.9264913, 2147.585
2568.1318764686584, 0.599903, 0.926493, 2147.582
2570.1319744586945, 0.5998992, 0.9264931, 2147.765
2572.132072210312, 0.5998998, 0.9264987, 2147.599
2574.1321766376495, 0.5998971, 0.9264922, 2148.009
2576.132281780243, 0.599896, 0.9264743, 2147.964
2578.1323339939117, 0.5998958, 0.9264797, 2147.709
2580.1324360370636, 0.5998991, 0.9264863, 2147.596
2582.1325194835663, 0.5998951, 0.926479, 2147.848
2584.1326026916504, 0.5999001, 0.9264847, 2147.719
2586.1327035427094, 0.5999011, 0.9265005, 2147.648
2588.1327872276306, 0.5999035, 0.9264922, 2147.498
2590.132873058319, 0.5999011, 0.9264973, 2147.473
2592.132979154587, 0.5998999, 0.9265117, 2147.34
2594.1330733299255, 0.5999045, 0.9265138, 2147.131
2596.1331520080566, 0.5999036, 0.9265203, 2147.028
2598.133233308792, 0.5999036, 0.9265159, 2147.323
2600.1333286762238, 0.5998973, 0.9264928, 2147.753
2602.133427619934, 0.5998986, 0.9265005, 2147.58
2604.1335175037384, 0.5999027, 0.9265196, 2147.511
2606.13360452652, 0.5999022, 0.9265151, 2147.327
2608.133691072464, 0.599902, 0.926516, 2146.879
2610.1337740421295, 0.599907, 0.9265357, 2146.393
2612.133875846863, 0.5999037, 0.9265427, 2146.174
2614.133960723877, 0.599897, 0.9265284, 2146.041
2616.1340432167053, 0.5999053, 0.92654, 2146.637
2618.134133338928, 0.5999036, 0.9265234, 2147.309
2620.1342668533325, 0.5998968, 0.9265013, 2147.127
2622.134345769882, 0.5998984, 0.9265095, 2146.882
2624.134449005127, 0.5999, 0.926516, 2146.794
2626.1345546245575, 0.5999027, 0.9265275, 2147.041
2628.1346933841705, 0.599895, 0.926508, 2147.622
2630.134834766388, 0.5998958, 0.9265051, 2148.067
2632.1349201202393, 0.5998992, 0.9264927, 2148.156
2634.135010242462, 0.5999005, 0.9264942, 2147.987
2636.1350932121277, 0.5999012, 0.926493, 2147.589
2638.1351957321167, 0.599898, 0.926504, 2147.308
2640.135294675827, 0.599901, 0.926496, 2147.117
2642.135397672653, 0.5998977, 0.9265086, 2147.031
2644.135532140732, 0.5999011, 0.926512, 2147.039
2646.1356360912323, 0.5999002, 0.926524, 2147.22
2648.1357476711273, 0.5998977, 0.9265008, 2147.14
2650.135824918747, 0.5998982, 0.9265113, 2146.897
2652.135925769806, 0.5999008, 0.9265213, 2147.422
2654.1360201835632, 0.5999008, 0.9265156, 2147.595
2656.1361017227173, 0.5999048, 0.9265166, 2147.496
2658.1362013816833, 0.5999025, 0.9265142, 2147.238
2660.136303663254, 0.5999041, 0.9265204, 2146.959
2662.1363983154297, 0.5999009, 0.9265263, 2146.846
2664.136550426483, 0.599901, 0.926519, 2146.628
2666.1366527080536, 0.5998988, 0.9265109, 2146.518
2668.1367366313934, 0.5998993, 0.9265306, 2146.786
2670.136840581894, 0.5998981, 0.9265165, 2146.903
2672.1369264125824, 0.5998986, 0.926521, 2147.059
2674.1370627880096, 0.5999011, 0.9265209, 2147.277
2676.137164592743, 0.5998968, 0.9265142, 2147.35
2678.1372997760773, 0.5999028, 0.9265105, 2147.332
2680.1373982429504, 0.5999036, 0.9265171, 2147.194
2682.1375031471252, 0.5999022, 0.92651, 2147.407
2684.137605905533, 0.5999008, 0.9265161, 2147.729
2686.1376926898956, 0.599903, 0.9265056, 2147.608
2688.137827396393, 0.5999054, 0.9265246, 2147.775
2690.137930870056, 0.5998949, 0.9264767, 2147.794
2692.1380336284637, 0.5998988, 0.9264948, 2147.51
2694.1381385326385, 0.5998973, 0.926488, 2147.462
2696.1382377147675, 0.5998958, 0.9264814, 2147.497
2698.1383440494537, 0.5998912, 0.9264795, 2147.506
2700.138447999954, 0.5998923, 0.9264832, 2147.233
2702.1385576725006, 0.5998963, 0.92649, 2147.185
2704.138638973236, 0.5998924, 0.926494, 2147.278
2706.1387424468994, 0.5998929, 0.9265088, 2147.099
2708.1388459205627, 0.5998953, 0.9264932, 2147.797
2710.138982772827, 0.5998973, 0.9264883, 2148.036
2712.139079093933, 0.599892, 0.9264779, 2148.126
2714.1391735076904, 0.5998945, 0.9264795, 2147.923
2716.1392872333527, 0.5998929, 0.9264868, 2147.609
2718.1394209861755, 0.5998935, 0.9264805, 2147.316
2720.139540195465, 0.5998966, 0.9265064, 2147.136
2722.1395905017853, 0.5999009, 0.9265125, 2147.128
2724.1396923065186, 0.5998961, 0.926502, 2147.286
2726.139787197113, 0.5998956, 0.9264866, 2147.445
2728.13986825943, 0.5998971, 0.9264797, 2147.476
2730.139969110489, 0.5998936, 0.9264895, 2147.207
2732.140069246292, 0.5999005, 0.9265014, 2147.144
2734.1401681900024, 0.5998973, 0.9265005, 2147.051
2736.1402678489685, 0.5998941, 0.9264993, 2146.94
2738.1403687000275, 0.599891, 0.9264938, 2146.952
2740.140465259552, 0.5998904, 0.9264805, 2146.84
2742.1405715942383, 0.5998936, 0.9264886, 2146.707
2744.140677690506, 0.599888, 0.926501, 2146.552
2746.140779733658, 0.5998902, 0.9264985, 2146.588
2748.140872001648, 0.5998982, 0.9265249, 2146.56
2750.1410071849823, 0.599897, 0.9265361, 2146.355
2752.1411504745483, 0.5998979, 0.9265436, 2146.099
2754.1412851810455, 0.5999003, 0.9265462, 2146.507
2756.1413884162903, 0.5998993, 0.9265366, 2147.399
2758.1414856910706, 0.5998986, 0.926528, 2147.971
2760.141587972641, 0.5999061, 0.926521, 2147.812
2762.1416914463043, 0.5999021, 0.9265244, 2147.434
2764.1417949199677, 0.5998984, 0.9265222, 2147.127
2766.1418974399567, 0.599905, 0.9265229, 2146.846
2768.1419994831085, 0.5999015, 0.9265232, 2146.777
2770.1421372890472, 0.5999011, 0.9265184, 2146.88
2772.1422441005707, 0.5998982, 0.9265201, 2146.89
2774.142352104187, 0.5999007, 0.9265169, 2147.038
2776.142432451248, 0.5999032, 0.926524, 2147.14
2778.142517566681, 0.599899, 0.9265229, 2146.885
2780.142623901367, 0.5998953, 0.9265147, 2146.623
2782.142771244049, 0.5999019, 0.9265405, 2146.379
2784.1428723335266, 0.5998963, 0.9265396, 2146.111
2786.142958879471, 0.5999029, 0.9265515, 2145.795
2788.143045902252, 0.5999038, 0.9265469, 2145.906
2790.143136024475, 0.5998999, 0.9265476, 2145.849
2792.143224954605, 0.5999001, 0.9265644, 2145.655
2794.1433544158936, 0.5998977, 0.9265709, 2146.37
2796.1434338092804, 0.5999017, 0.926545, 2146.872
2798.143518447876, 0.5998981, 0.9265339, 2147.038
2800.143609523773, 0.5998979, 0.9265288, 2147.342
2802.143753051758, 0.5999023, 0.9265231, 2147.703
2804.1438522338867, 0.5999011, 0.9265067, 2147.992
2806.1439538002014, 0.5999007, 0.9265055, 2148.118
2808.1440641880035, 0.5999011, 0.9264897, 2147.756
2810.1441650390625, 0.5998997, 0.9265013, 2147.385
2812.1442408561707, 0.5999026, 0.9265101, 2147.193
2814.1443469524384, 0.5999035, 0.9265023, 2147.133
2816.144454240799, 0.5999016, 0.9265158, 2146.901
2818.1445574760437, 0.5998991, 0.9265216, 2146.977
2820.1446466445923, 0.5999036, 0.9265199, 2147.062
2822.1447370052338, 0.5998974, 0.926528, 2146.766
2824.1448171138763, 0.599896, 0.9265396, 2146.754
2826.1449043750763, 0.5998989, 0.9265274, 2147.132
2828.1449880599976, 0.599901, 0.9265244, 2147.26
2830.145072221756, 0.5998976, 0.926521, 2147.287
2832.1451563835144, 0.5999017, 0.9265179, 2147.675
2834.145288467407, 0.5999067, 0.926516, 2147.803
2836.145388841629, 0.599901, 0.9264953, 2147.924
2838.14546918869, 0.5998998, 0.9264911, 2147.826
2840.1455891132355, 0.5998967, 0.926491, 2148.109
2842.1456911563873, 0.5998969, 0.9264949, 2148.556
2844.1457719802856, 0.5999032, 0.9264743, 2149.026
2846.1458628177643, 0.5998979, 0.9264708, 2149.259
2848.145948410034, 0.5999005, 0.9264631, 2149.301
2850.1460428237915, 0.5999005, 0.9264615, 2149.047
2852.1461758613586, 0.5998983, 0.9264639, 2148.653
2854.146277666092, 0.5998966, 0.9264628, 2148.777
2856.1464190483093, 0.5999021, 0.9264577, 2148.661
2858.146556377411, 0.5998999, 0.9264521, 2148.72
2860.146657705307, 0.5999004, 0.9264624, 2149.083
2862.146758556366, 0.5999038, 0.9264583, 2149.295
2864.1468629837036, 0.5999038, 0.9264461, 2149.412
2866.1469402313232, 0.599903, 0.926437, 2149.359
2868.147041797638, 0.5998985, 0.9264428, 2148.861
2870.1471424102783, 0.5999008, 0.926468, 2148.537
2872.1472256183624, 0.5999022, 0.92647, 2148.291
2874.1473274230957, 0.5998981, 0.9264673, 2148.052
2876.1474273204803, 0.5999001, 0.9264711, 2148.24
2878.1475369930267, 0.5999027, 0.9264702, 2148.225
2880.147617340088, 0.5999012, 0.9264656, 2148.245
2882.1477172374725, 0.599901, 0.9264691, 2148.156
2884.147810935974, 0.5998985, 0.9264736, 2147.825
2886.147909641266, 0.5999019, 0.9264829, 2147.545
2888.148000240326, 0.5999012, 0.92648, 2147.789
2890.148092031479, 0.5999001, 0.9264886, 2147.839
2892.148179292679, 0.5999002, 0.9264856, 2147.754
2894.1482701301575, 0.5999023, 0.9264988, 2147.41
2896.1483743190765, 0.5999004, 0.926515, 2147.019
2898.148460149765, 0.5999052, 0.9265198, 2146.536
2900.1485545635223, 0.599903, 0.9265266, 2146.327
2902.1486344337463, 0.599902, 0.9265295, 2146.243
2904.148712873459, 0.5998999, 0.9265342, 2146.188
2906.1488196849823, 0.5998958, 0.9265379, 2146.15
2908.148899078369, 0.5999007, 0.9265277, 2146.492
2910.148986339569, 0.5999016, 0.9265283, 2146.588
2912.1491208076477, 0.5999013, 0.9265392, 2146.814
2914.1492516994476, 0.5998979, 0.9265337, 2146.757
2916.149343252182, 0.5999012, 0.9265331, 2146.581
2918.149477481842, 0.5999018, 0.9265392, 2146.221
2920.1495566368103, 0.5999035, 0.926555, 2145.823
2922.1496913433075, 0.5999042, 0.9265571, 2145.534
2924.1498186588287, 0.5999002, 0.9265727, 2145.257
2926.1499536037445, 0.5999023, 0.9265773, 2145.165
2928.1500415802, 0.5999054, 0.9265788, 2145.213
2930.150132894516, 0.5999015, 0.9265824, 2145.08
2932.150216817856, 0.5999021, 0.9265889, 2145.111
2934.150320291519, 0.5999007, 0.926596, 2145.029
2936.150421857834, 0.5999033, 0.9265872, 2144.943
2938.150500535965, 0.5999041, 0.9265956, 2144.85
2940.150601863861, 0.5999014, 0.9266028, 2144.741
2942.15070104599, 0.599906, 0.9266044, 2144.513
2944.150842189789, 0.5999073, 0.926622, 2144.504
2946.1509516239166, 0.5999029, 0.9266116, 2144.453
2948.151036977768, 0.5999036, 0.9266111, 2144.566
2950.151177406311, 0.5999026, 0.9266122, 2144.648
2952.1512773036957, 0.599901, 0.9265872, 2144.963
2954.151416540146, 0.5999033, 0.9265985, 2144.936
2956.1515130996704, 0.5999022, 0.9266042, 2144.796
2958.151617050171, 0.5999001, 0.9265989, 2144.826
2960.1517219543457, 0.5999028, 0.9266034, 2144.746
2962.151825428009, 0.599905, 0.9266089, 2144.972
2964.1519165039062, 0.5999023, 0.9265972, 2145.692
2966.1520524024963, 0.5999001, 0.9265841, 2145.621
2968.152161836624, 0.5999016, 0.9265871, 2145.3
2970.152266740799, 0.5998979, 0.9265939, 2145.188
2972.152373790741, 0.5999041, 0.9266022, 2145.153
2974.152464389801, 0.599901, 0.9265944, 2145.256
2976.152556657791, 0.5999038, 0.9265935, 2145.081
2978.152649641037, 0.5999045, 0.9265996, 2145.12
2980.152787923813, 0.5999085, 0.9266029, 2145.597
2982.1528918743134, 0.5999036, 0.9265941, 2145.89
2984.153008699417, 0.5998996, 0.9265825, 2145.736
2986.153140068054, 0.5999039, 0.926584, 2145.773
2988.1532769203186, 0.5998987, 0.9265934, 2145.504
2990.153371334076, 0.599905, 0.9265884, 2144.971
2992.1534667015076, 0.5999026, 0.9266064, 2144.572
2994.153553724289, 0.5999041, 0.92662, 2144.611
2996.1536860466003, 0.5999035, 0.9266161, 2144.56
2998.1537730693817, 0.5999031, 0.9266308, 2144.318
3000.153881788254, 0.5998997, 0.9266169, 2144.213
3002.153980731964, 0.5999058, 0.926619, 2144.266
3004.1540813446045, 0.5999017, 0.9266369, 2144.2
3006.154173851013, 0.5999035, 0.9266193, 2144.351
3008.154305458069, 0.599902, 0.9266298, 2144.241
3010.1543843746185, 0.5999035, 0.9266311, 2144.669
3012.1544713974, 0.5999018, 0.9266107, 2145.056
3014.154572248459, 0.5999002, 0.9266221, 2145.091
3016.154675722122, 0.5999066, 0.9266155, 2144.703
3018.1547770500183, 0.5999031, 0.9266339, 2144.296
3020.154879808426, 0.5998988, 0.9266298, 2144.072
3022.1549718379974, 0.5999016, 0.9266304, 2143.964
3024.155116081238, 0.5998985, 0.9266331, 2144.178
3026.1551983356476, 0.5998963, 0.9266261, 2144.34
3028.155275583267, 0.5998996, 0.9266251, 2144.062
3030.155362844467, 0.5998967, 0.9266245, 2143.715
3032.155464410782, 0.5998995, 0.9266431, 2143.519
3034.1555573940277, 0.5999003, 0.9266422, 2143.638
3036.155660867691, 0.599902, 0.9266577, 2143.79
3038.1557626724243, 0.5999002, 0.9266453, 2144.134
3040.1558651924133, 0.5999008, 0.9266373, 2144.441
3042.1559674739838, 0.5999004, 0.9266198, 2145.01
3044.1560456752777, 0.5998961, 0.9266044, 2145.761
3046.1561226844788, 0.5998952, 0.9265663, 2146.334
3048.156226873398, 0.5998982, 0.9265789, 2146.426
3050.1563227176666, 0.5998964, 0.926565, 2146.075
3052.156408548355, 0.599897, 0.9265749, 2145.532
3054.156498193741, 0.5998984, 0.9265817, 2145.189
3056.1565759181976, 0.5999032, 0.9265938, 2145.618
3058.156679391861, 0.5998987, 0.9265884, 2145.822
3060.1567816734314, 0.5999021, 0.9265842, 2146.258
3062.156862974167, 0.5999005, 0.9265794, 2146.074
3064.1569414138794, 0.5999016, 0.9265737, 2145.981
3066.157020330429, 0.5999031, 0.9265764, 2145.784
3068.157105445862, 0.5998996, 0.9265841, 2145.618
3070.1572031974792, 0.5999028, 0.9265868, 2145.46
3072.157339811325, 0.5999024, 0.926586, 2145.166
3074.157420873642, 0.5998991, 0.9265824, 2145.212
3076.157524585724, 0.5999013, 0.926594, 2145.144
3078.157627105713, 0.5999014, 0.9265967, 2145.299
3080.1577622890472, 0.599899, 0.9265827, 2145.332
3082.157842874527, 0.5999033, 0.926578, 2145.327
3084.1579773426056, 0.5999008, 0.9265934, 2145.089
3086.158063650131, 0.5999005, 0.9266024, 2144.71
3088.1581594944, 0.5998964, 0.9265943, 2144.397
3090.1582531929016, 0.5998985, 0.9266229, 2144.135
3092.1583540439606, 0.5998942, 0.9266359, 2144.032
3094.1584374904633, 0.5999065, 0.9266315, 2144.221
3096.1585211753845, 0.5999011, 0.9266221, 2144.672
3098.158616065979, 0.5999013, 0.9266135, 2144.864
3100.158700466156, 0.5999071, 0.9266175, 2145.383
3102.158802509308, 0.5999041, 0.9266021, 2145.706
3104.158884525299, 0.599901, 0.9266027, 2145.566
3106.1589708328247, 0.5999058, 0.9265949, 2145.689
3108.1590580940247, 0.5999015, 0.9265904, 2145.609
3110.159147977829, 0.5998976, 0.9265802, 2145.654
3112.1592359542847, 0.5999001, 0.9265752, 2146.139
3114.1593227386475, 0.599901, 0.9265764, 2146.295
3116.1593968868256, 0.5999018, 0.9265733, 2146.074
3118.1594774723053, 0.5999017, 0.9265735, 2145.893
3120.159563064575, 0.5999036, 0.9265851, 2145.593
3122.1596641540527, 0.5999032, 0.9265952, 2145.427
3124.1597661972046, 0.599902, 0.9265928, 2145.365
3126.159854888916, 0.5998973, 0.926587, 2145.373
3128.159935235977, 0.5998974, 0.9265815, 2145.2
3130.1600365638733, 0.5999023, 0.926593, 2145.32
3132.160133600235, 0.5998999, 0.926583, 2145.371
3134.160220146179, 0.5998994, 0.9265841, 2145.58
3136.160300254822, 0.5999008, 0.9265894, 2145.654
3138.1604006290436, 0.5999005, 0.9265943, 2145.865
3140.160502433777, 0.599905, 0.9265932, 2145.657
3142.1606006622314, 0.5999011, 0.9265929, 2145.29
3144.1606907844543, 0.5999062, 0.9266012, 2145.304
3146.1607944965363, 0.5999004, 0.9265989, 2145.317
3148.160932302475, 0.5999032, 0.9265884, 2145.23
3150.1610362529755, 0.599902, 0.9266047, 2144.948
3152.16113114357, 0.5999045, 0.9266123, 2144.836
3154.1612133979797, 0.5999032, 0.9266124, 2144.895
3156.16131234169, 0.5999012, 0.9266086, 2144.743
3158.16139960289, 0.5999011, 0.9266062, 2144.817
3160.161504507065, 0.5998985, 0.9266082, 2144.553
3162.161595106125, 0.5999015, 0.9266187, 2144.418
3164.161696434021, 0.5998974, 0.9266084, 2144.56
3166.1618025302887, 0.5999016, 0.9266239, 2144.974
3168.1618962287903, 0.5999035, 0.9266167, 2145.485
3170.1619889736176, 0.599903, 0.9266102, 2145.509
3172.1620709896088, 0.5999043, 0.9265983, 2145.654
3174.162172317505, 0.5999007, 0.926589, 2145.746
3176.162309885025, 0.5998989, 0.9265856, 2145.427
3178.1624455451965, 0.5999019, 0.9265887, 2145.394
3180.1625468730927, 0.5999001, 0.9265925, 2145.329
3182.1626472473145, 0.5998988, 0.9265902, 2145.296
3184.1627480983734, 0.5999017, 0.9265985, 2145.044
3186.1628527641296, 0.5998995, 0.9266037, 2144.762
3188.162934780121, 0.5999001, 0.9266002, 2145.035
3190.163030385971, 0.5999039, 0.9266123, 2144.793
3192.1631326675415, 0.5998985, 0.9266021, 2144.645
3194.1632249355316, 0.5998989, 0.9266022, 2144.871
3196.1633269786835, 0.5999017, 0.926597, 2145.095
3198.163434743881, 0.5998982, 0.9266023, 2145.037
3200.1635372638702, 0.5999032, 0.9265921, 2145.006
3202.1636233329773, 0.5999007, 0.926593, 2145.076
3204.1637144088745, 0.5998946, 0.926596, 2145.162
3206.1638033390045, 0.5998982, 0.9265942, 2145.128
3208.1638910770416, 0.5998975, 0.9265909, 2145.093
3210.16397857666, 0.5999027, 0.9265935, 2145.488
3212.164083957672, 0.5999003, 0.9265875, 2145.432
3214.1642265319824, 0.5999008, 0.9265845, 2145.843
3216.1643261909485, 0.5999025, 0.9265794, 2146.153
3218.1644229888916, 0.5999041, 0.92656, 2146.28
3220.164572954178, 0.5998989, 0.9265584, 2146.366
3222.164678812027, 0.5999025, 0.9265633, 2146.691
3224.164817094803, 0.5999011, 0.9265572, 2146.827
3226.1649084091187, 0.5999016, 0.9265642, 2146.26
3228.1649985313416, 0.5999002, 0.9265688, 2145.83
3230.1651084423065, 0.5998997, 0.9265873, 2145.811
3232.165202856064, 0.5999006, 0.9265665, 2146.004
3234.1653423309326, 0.5998998, 0.9265715, 2146.141
3236.1654341220856, 0.5998996, 0.9265728, 2146.023
3238.16552567482, 0.5998999, 0.9265793, 2145.641
3240.165607213974, 0.5999084, 0.926596, 2145.089
3242.1657083034515, 0.5999057, 0.9266163, 2144.78
3244.1657905578613, 0.5999042, 0.9266042, 2144.697
3246.1658823490143, 0.599905, 0.9266213, 2144.749
3248.1659626960754, 0.5999017, 0.9266106, 2144.764
3250.166041135788, 0.5999045, 0.9266242, 2144.564
3252.166119337082, 0.5999032, 0.9266145, 2145.025
3254.1662442684174, 0.5999011, 0.9265948, 2145.187
3256.166323661804, 0.5999002, 0.9266114, 2145.066
3258.1664271354675, 0.5999037, 0.9266094, 2145.055
3260.166506290436, 0.5999002, 0.9265903, 2145.306
3262.1665983200073, 0.5998995, 0.9265954, 2145.058
3264.1666867733, 0.5999011, 0.9266074, 2144.79
3266.166767835617, 0.5999013, 0.9266126, 2144.782
3268.1668696403503, 0.5999064, 0.9266044, 2144.986
3270.1669261455536, 0.5998971, 0.9266083, 2144.92
3272.1670064926147, 0.5998978, 0.9266108, 2144.427
3274.167086839676, 0.5999019, 0.926624, 2144.235
3276.1671884059906, 0.5998995, 0.9266291, 2144.257
3278.1672854423523, 0.5999023, 0.9266378, 2144.354
3280.1673636436462, 0.5999025, 0.926637, 2144.401
3282.1674604415894, 0.5999055, 0.926626, 2144.449
3284.1675550937653, 0.5999054, 0.9266253, 2144.231
3286.1676309108734, 0.5999032, 0.9266348, 2143.93
3288.167726278305, 0.5999026, 0.9266487, 2143.924
3290.1678075790405, 0.5999054, 0.9266412, 2144.543
3292.1679096221924, 0.5998995, 0.9266287, 2145.342
3294.1679887771606, 0.5999048, 0.9266139, 2145.754
3296.1680867671967, 0.5999029, 0.9266043, 2145.825
3298.1681661605835, 0.5999014, 0.9265948, 2146.173
3300.1682679653168, 0.5999016, 0.9265812, 2146.029
3302.1683723926544, 0.599901, 0.9265807, 2145.755
3304.1684708595276, 0.599901, 0.9265872, 2145.733
3306.168613910675, 0.5998985, 0.9265897, 2145.936
3308.168714284897, 0.5999059, 0.9265956, 2146.039
3310.1688165664673, 0.599905, 0.9265886, 2145.908
3312.1689512729645, 0.599904, 0.9265916, 2145.889
3314.169061899185, 0.5998991, 0.9265801, 2145.803
3316.169145345688, 0.5998994, 0.9265861, 2145.853
3318.1692304611206, 0.5999027, 0.9265832, 2145.776
3320.169331073761, 0.5999027, 0.9265849, 2145.884
3322.169438123703, 0.5999027, 0.9265872, 2145.784
3324.16952419281, 0.599903, 0.9265804, 2145.952
3326.169635295868, 0.5999023, 0.9265803, 2146.059
3328.1697421073914, 0.5999003, 0.9265718, 2146.071
3330.1698319911957, 0.5999011, 0.9265809, 2145.803
3332.1699340343475, 0.5999023, 0.9265866, 2145.544
3334.170016527176, 0.5998984, 0.9265838, 2145.613
3336.170123577118, 0.5999058, 0.9266006, 2145.247
3338.170222759247, 0.5999002, 0.9266008, 2145.621
3340.1703600883484, 0.5999038, 0.9265782, 2146.091
3342.1704947948456, 0.5998974, 0.9265864, 2146.07
3344.1706051826477, 0.5998999, 0.9265805, 2146.381
3346.1707153320312, 0.5999014, 0.926576, 2146.644
3348.1708188056946, 0.5999007, 0.9265605, 2146.961
3350.1709294319153, 0.5999012, 0.9265533, 2146.773
3352.171008348465, 0.5999007, 0.9265562, 2146.513
3354.171110391617, 0.5999032, 0.926571, 2146.17
3356.171200990677, 0.5999017, 0.9265856, 2145.715
3358.17134475708, 0.5999067, 0.9265861, 2145.724
3360.17143201828, 0.5999047, 0.9265888, 2145.961
3362.1715359687805, 0.5999, 0.9265717, 2145.94
3364.1716120243073, 0.5999042, 0.9265758, 2146.004
3366.1716990470886, 0.5998994, 0.9265617, 2146.089
3368.17178440094, 0.5999064, 0.9265922, 2145.742
3370.1718611717224, 0.5999047, 0.9265807, 2145.393
3372.171940088272, 0.5998996, 0.9265895, 2145.061
3374.172037124634, 0.5999066, 0.926597, 2145.272
3376.1721386909485, 0.5999004, 0.9265997, 2145.104
3378.1722383499146, 0.599898, 0.9265937, 2145.095
3380.1723399162292, 0.5998954, 0.9265689, 2145.678
3382.172445297241, 0.5999016, 0.9265818, 2145.547
3384.1725363731384, 0.5999001, 0.9265838, 2145.54
3386.172638654709, 0.5998951, 0.9265643, 2145.847
3388.1727232933044, 0.599897, 0.9265651, 2145.809
3390.1728603839874, 0.599897, 0.9265755, 2145.507
3392.1729493141174, 0.5998968, 0.9265748, 2145.257
3394.1730782985687, 0.5998991, 0.9265947, 2145.161
3396.173177719116, 0.5999036, 0.9265877, 2145.323
3398.173266887665, 0.5999025, 0.9265838, 2145.195
3400.173353433609, 0.599903, 0.9265885, 2145.4
3402.173488378525, 0.5998978, 0.9265842, 2145.361
3404.1735968589783, 0.5999061, 0.9265883, 2145.461
3406.173679828644, 0.5998989, 0.9265876, 2145.366
3408.173814058304, 0.5998966, 0.9265734, 2145.38
3410.1739196777344, 0.5998983, 0.92658, 2145.502
3412.1740028858185, 0.5998977, 0.9265842, 2145.607
3414.17413187027, 0.5998979, 0.9265802, 2145.423
3416.174214363098, 0.599897, 0.9265719, 2145.226
3418.1743137836456, 0.5998988, 0.9265801, 2145.656
3420.174414396286, 0.5999001, 0.9265727, 2145.643
3422.174516916275, 0.5998947, 0.9265613, 2145.618
3424.1746039390564, 0.5998984, 0.9265706, 2145.542
3426.1746990680695, 0.5999028, 0.9265867, 2145.168
3428.1747987270355, 0.599897, 0.9265839, 2144.806
3430.1749205589294, 0.5998975, 0.9265863, 2144.61
3432.1750180721283, 0.5998958, 0.9265935, 2144.798
3434.1751170158386, 0.5999041, 0.926624, 2144.775
3436.1752529144287, 0.5999069, 0.926619, 2144.749
3438.1753940582275, 0.5999033, 0.9266218, 2144.647
3440.1754949092865, 0.5999032, 0.9266097, 2144.497
3442.1755707263947, 0.5999016, 0.9266144, 2144.567
3444.1756706237793, 0.5999057, 0.9266208, 2144.206
3446.1757712364197, 0.5999037, 0.9266269, 2144.032
3448.1758732795715, 0.5999022, 0.9266407, 2143.79
3450.17600774765, 0.5999036, 0.9266495, 2143.713
3452.1761434078217, 0.5999021, 0.9266389, 2143.777
3454.176244020462, 0.5999024, 0.9266354, 2143.903
3456.1763246059418, 0.5999031, 0.9266494, 2143.581
3458.176408290863, 0.5999001, 0.926642, 2143.197
3460.1764900684357, 0.5999013, 0.9266533, 2142.86
3462.1765751838684, 0.599898, 0.9266769, 2142.719
3464.1766724586487, 0.5999076, 0.9266714, 2142.727
3466.176764726639, 0.5999016, 0.9266609, 2143.024
3468.1768617630005, 0.5999014, 0.9266622, 2143.29
3470.1769461631775, 0.5999018, 0.9266544, 2143.636
3472.1770510673523, 0.5998982, 0.9266512, 2143.522
3474.1771500110626, 0.5999049, 0.9266538, 2143.675
3476.177233695984, 0.5999039, 0.9266601, 2143.975
3478.1773648262024, 0.599905, 0.9266514, 2144.197
3480.177460670471, 0.5999019, 0.926646, 2144.449
3482.1776084899902, 0.5999035, 0.9266417, 2144.344
3484.177702665329, 0.5999022, 0.9266342, 2143.991
3486.177796602249, 0.5998999, 0.9266422, 2143.767
3488.177928209305, 0.5999028, 0.9266608, 2143.784
3490.1780173778534, 0.5999003, 0.9266469, 2143.949
3492.1781067848206, 0.5998997, 0.9266453, 2143.899
3494.1782433986664, 0.5999002, 0.9266518, 2143.867
3496.1783356666565, 0.5998986, 0.9266511, 2143.493
3498.178417444229, 0.5999019, 0.9266564, 2142.987
3500.1785204410553, 0.5999023, 0.9266615, 2143.08
3502.1786143779755, 0.5999034, 0.9266716, 2143.025
3504.178717136383, 0.5999045, 0.9266792, 2143.051
3506.178824901581, 0.5999046, 0.9266844, 2143.194
3508.178935289383, 0.5999042, 0.9266745, 2143.247
3510.179040670395, 0.5999047, 0.9266825, 2142.995
3512.179125547409, 0.5999056, 0.9266863, 2142.874
3514.179203748703, 0.5999036, 0.9266796, 2142.998
3516.1792964935303, 0.5999034, 0.9266815, 2143.22
3518.179399728775, 0.5999057, 0.9266814, 2143.282
3520.179541349411, 0.5999064, 0.9266796, 2143.225
3522.1796474456787, 0.5999026, 0.9266653, 2143.286
3524.179751396179, 0.5999032, 0.9266701, 2143.684
3526.1798543930054, 0.599902, 0.9266727, 2144.175
3528.1799557209015, 0.5999069, 0.9266529, 2144.559
3530.180035829544, 0.5999067, 0.9266436, 2144.821
3532.1801195144653, 0.5999007, 0.9266532, 2144.611
3534.180223464966, 0.5999033, 0.9266415, 2144.229
3536.1803052425385, 0.5999056, 0.9266497, 2144.041
3538.1804072856903, 0.5999046, 0.9266578, 2143.763
3540.180500984192, 0.5999036, 0.9266604, 2143.35
3542.180582523346, 0.5999082, 0.9266594, 2143.29
3544.180666446686, 0.5998995, 0.926657, 2143.279
3546.1807458400726, 0.5998981, 0.9266652, 2142.997
3548.1808264255524, 0.5998977, 0.9266578, 2142.779
3550.180904865265, 0.5998975, 0.9266593, 2142.872
3552.1809825897217, 0.5998973, 0.9266642, 2142.579
3554.1810615062714, 0.59989, 0.9266695, 2142.198
3556.181151866913, 0.5999007, 0.926686, 2142.474
3558.1812415122986, 0.5998986, 0.92668, 2142.767
3560.181327819824, 0.5999022, 0.9266792, 2142.739
3562.181459903717, 0.5998954, 0.926668, 2142.992
3564.18154668808, 0.5999003, 0.9266665, 2142.984
3566.1816589832306, 0.5998971, 0.9266813, 2142.747
3568.1817412376404, 0.599895, 0.9266599, 2142.834
3570.18182516098, 0.5998973, 0.9266778, 2142.52
3572.181908607483, 0.5998967, 0.9266798, 2142.385
3574.1820397377014, 0.5998967, 0.9266773, 2142.534
3576.1821451187134, 0.5998911, 0.9266673, 2142.909
3578.182242155075, 0.5998927, 0.9266552, 2142.804
3580.182338476181, 0.5998915, 0.9266701, 2142.661
3582.1824448108673, 0.5998885, 0.9266769, 2142.619
3584.182527780533, 0.5998955, 0.9266688, 2142.393
3586.18261218071, 0.5998968, 0.9266723, 2142.299
3588.1827006340027, 0.5998902, 0.9266691, 2142.228
3590.18278837204, 0.5998959, 0.9266838, 2142.437
3592.1828927993774, 0.599897, 0.926684, 2142.6
3594.1830520629883, 0.599893, 0.9266877, 2142.251
3596.1831526756287, 0.5998932, 0.9266912, 2142.126
3598.1832377910614, 0.599899, 0.9267081, 2142.126
3600.1833460330963, 0.5998996, 0.9267027, 2142.201
3602.1834478378296, 0.5999016, 0.926715, 2142.166
3604.1835267543793, 0.5999068, 0.9267137, 2142.214
3606.183631181717, 0.5999058, 0.9267082, 2142.052
3608.1837196350098, 0.5998991, 0.9267022, 2142.059
3610.1838035583496, 0.5999047, 0.9267179, 2141.803
3612.1839039325714, 0.5999017, 0.9267166, 2141.654
3614.1840031147003, 0.5999004, 0.926711, 2142.067
3616.1841378211975, 0.5999015, 0.9267084, 2142.343
3618.1842250823975, 0.5999014, 0.9266947, 2142.623
3620.1843128204346, 0.5999035, 0.9267094, 2142.78
3622.184399843216, 0.599902, 0.9267057, 2142.558
3624.1845033168793, 0.5999028, 0.926701, 2142.438
3626.18461227417, 0.5999012, 0.926699, 2142.358
3628.1847105026245, 0.599906, 0.9267075, 2142.216
3630.184797525406, 0.5999021, 0.9267107, 2141.981
3632.184930086136, 0.5999004, 0.9267108, 2142.031
3634.185033798218, 0.5998982, 0.9267024, 2142.096
3636.1851477622986, 0.5998991, 0.9267114, 2142.202
3638.1852481365204, 0.5999009, 0.926713, 2142.065
3640.185335636139, 0.599899, 0.9267032, 2141.991
3642.1854717731476, 0.599905, 0.9267002, 2141.707
3644.185567855835, 0.5998989, 0.9267131, 2141.776
3646.18567442894, 0.5998983, 0.9267127, 2141.901
3648.185763835907, 0.5998998, 0.9267186, 2142.048
3650.185852766037, 0.5998994, 0.926715, 2142.145
3652.1859567165375, 0.5999011, 0.926716, 2141.712
3654.186094045639, 0.5998971, 0.9267086, 2142.214
3656.1861979961395, 0.5999048, 0.9267054, 2142.77
3658.186288356781, 0.5999002, 0.9266889, 2143.285
3660.1863765716553, 0.5998967, 0.9266897, 2143.209
3662.1864671707153, 0.5998961, 0.9266778, 2142.853
3664.1872503757477, -9.389088e-05, 7.345521e-10, 2148.115
3666.187348127365, -9.562776e-05, 7.300189e-10, 2170.533
3668.1874465942383, -9.331184e-05, 7.761511e-10, 2187.704
3670.1875438690186, -9.099613e-05, 7.653001e-10, 2201.972
3672.1876199245453, -9.273302e-05, 7.55984e-10, 2214.038
3674.1877188682556, -9.331194e-05, 7.087298e-10, 2224.285
3676.187807559967, -9.273297e-05, 7.582298e-10, 2232.987
3678.187896490097, -9.331191e-05, 7.58228e-10, 2240.91
3680.1879935264587, -9.157504e-05, 7.845876e-10, 2249.09
3682.1881291866302, -9.215408e-05, 7.541007e-10, 2256.811
3684.188213825226, -9.157508e-05, 7.419961e-10, 2263.8
3686.188334465027, -9.331193e-05, 8.151979e-10, 2270.2
3688.1884257793427, -9.099605e-05, 7.735464e-10, 2276.221
3690.1885612010956, -9.273289e-05, 7.889823e-10, 2281.47
3692.188658475876, -9.041704e-05, 8.10148e-10, 2286.768
3694.1887488365173, -9.331186e-05, 8.03764e-10, 2291.825
3696.188843727112, -9.215394e-05, 7.525153e-10, 2296.469
3698.188985109329, -9.157497e-05, 8.20267e-10, 2301.303
3700.1890964508057, -8.983815e-05, 7.945726e-10, 2305.688
3702.1891860961914, -9.099596e-05, 7.74214e-10, 2310.18
3704.1892850399017, -9.157493e-05, 7.784074e-10, 2314.842
3706.189382314682, -9.562763e-05, 8.471558e-10, 2319.228
3708.1894850730896, -9.562756e-05, 7.988439e-10, 2323.512
3710.189570903778, -9.331178e-05, 7.939192e-10, 2327.863
3712.189652442932, -9.331178e-05, 7.223072e-10, 2331.692
3714.189741373062, -9.099594e-05, 7.149296e-10, 2335.64
3716.1898453235626, -9.331168e-05, 7.572541e-10, 2339.324
3718.1899497509003, -9.389066e-05, 7.193994e-10, 2343.197
3720.1900384426117, -9.446961e-05, 8.027216e-10, 2346.896
3722.1901440620422, -9.562746e-05, 8.207455e-10, 2350.593
3724.1902594566345, -9.446952e-05, 7.97863e-10, 2354.417
3726.1903631687164, -9.331156e-05, 8.309993e-10, 2358.034
3728.1904616355896, -9.273266e-05, 8.41252e-10, 2361.431
3730.1905434131622, -9.446949e-05, 8.366634e-10, 2364.931
3732.190632581711, -9.157472e-05, 8.045854e-10, 2368.204
3734.1907358169556, -9.446943e-05, 7.453003e-10, 2371.674
3736.190821170807, -9.331149e-05, 7.560159e-10, 2375.253
3738.190925359726, -9.099569e-05, 7.946087e-10, 2378.43
3740.191012620926, -9.157458e-05, 7.742441e-10, 2381.725
3742.1911039352417, -9.09956e-05, 7.361188e-10, 2385.09
3744.191210746765, -9.273247e-05, 7.534811e-10, 2388.495
3746.191314458847, -9.215345e-05, 7.255429e-10, 2391.39
3748.1913924217224, -9.38903e-05, 7.060328e-10, 2394.337
3750.191477537155, -9.331131e-05, 7.560334e-10, 2397.311
3752.1915831565857, -9.099551e-05, 7.015758e-10, 2400.214
3754.191682100296, -9.273233e-05, 7.074312e-10, 2402.955
3756.1917853355408, -8.925862e-05, 8.738831e-10, 2405.742
3758.191929578781, -9.331122e-05, 8.47205e-10, 2408.7
3760.1920309066772, -9.389013e-05, 7.573005e-10, 2411.861
3762.1921281814575, -8.925855e-05, 8.209896e-10, 2415.097
3764.1922149658203, -9.099538e-05, 8.366973e-10, 2417.745
3766.1922941207886, -9.331112e-05, 8.253893e-10, 2420.174
3768.1923971176147, -9.041635e-05, 8.156757e-10, 2422.707
3770.1925320625305, -9.215319e-05, 7.930559e-10, 2425.131
3772.192637205124, -9.041633e-05, 7.315576e-10, 2427.566
3774.1927359104156, -9.099524e-05, 7.407514e-10, 2430.088
3776.192831993103, -9.157416e-05, 6.824256e-10, 2432.831
3778.192922115326, -9.099518e-05, 7.255784e-10, 2435.506
3780.1930282115936, -9.2732e-05, 7.590435e-10, 2437.935
3782.1931641101837, -9.331093e-05, 7.453549e-10, 2440.291
3784.193243265152, -9.215302e-05, 7.774952e-10, 2442.693
3786.1933460235596, -9.099511e-05, 7.727035e-10, 2445.318
3788.1934792995453, -8.925823e-05, 7.039967e-10, 2447.786
3790.193583726883, -9.331086e-05, 7.890752e-10, 2450.311
3792.1936717033386, -8.983717e-05, 7.391504e-10, 2452.77
3794.193774461746, -8.983714e-05, 7.040009e-10, 2455.128
3796.1938757896423, -8.925817e-05, 6.51692e-10, 2457.311
3798.193989753723, -9.099498e-05, 6.984166e-10, 2459.489
3800.1940722465515, -9.331074e-05, 6.926991e-10, 2461.416
3802.194150209427, -8.983706e-05, 6.230623e-10, 2463.564
3804.1942794322968, -9.331071e-05, 5.527337e-10, 2465.667
3806.194380760193, -8.983701e-05, 5.799497e-10, 2467.888
3808.194483280182, -9.041594e-05, 6.60102e-10, 2470.144
3810.1945581436157, -8.925803e-05, 6.373211e-10, 2472.39
3812.1946444511414, -8.983697e-05, 6.081911e-10, 2474.644
3814.1947872638702, -9.099486e-05, 7.224034e-10, 2476.623
3816.194869041443, -9.099483e-05, 6.824612e-10, 2478.407
3818.194969177246, -9.157373e-05, 6.971765e-10, 2480.084
3820.1950466632843, -9.099481e-05, 6.601118e-10, 2481.726
3822.195148706436, -9.099477e-05, 7.289921e-10, 2483.751
3824.1952452659607, -9.15737e-05, 7.573618e-10, 2485.829
3826.1953444480896, -9.157369e-05, 7.421217e-10, 2487.461
3828.195477962494, -9.215254e-05, 6.780698e-10, 2489.272
3830.1955811977386, -9.331048e-05, 7.178181e-10, 2491.17
3832.1956675052643, -9.215256e-05, 7.374624e-10, 2493.036
3834.195765018463, -9.215255e-05, 7.688116e-10, 2494.664
3836.1958503723145, -9.041572e-05, 7.016534e-10, 2496.579
3838.1959371566772, -9.099464e-05, 7.639535e-10, 2498.103
3840.1960730552673, -9.157358e-05, 6.559254e-10, 2499.729
3842.196177959442, -9.215249e-05, 6.939205e-10, 2501.599
3844.1962852478027, -8.809989e-05, 7.016601e-10, 2503.425
3846.196417093277, -9.157353e-05, 6.491808e-10, 2505.079
3848.196520805359, -9.215246e-05, 6.780848e-10, 2506.625
3850.196658372879, -8.983669e-05, 7.242828e-10, 2508.194
3852.1967589855194, -8.809985e-05, 6.972008e-10, 2509.817
3854.19686460495, -9.157346e-05, 7.591001e-10, 2511.327
3856.1969587802887, -8.983666e-05, 7.583757e-10, 2512.805
3858.19709277153, -9.099452e-05, 7.644912e-10, 2514.24
3860.197180747986, -9.099452e-05, 7.591026e-10, 2515.81
3862.197278022766, -9.215238e-05, 7.316279e-10, 2517.425
3864.197365999222, -9.157344e-05, 7.792755e-10, 2518.71
3866.1974523067474, -8.867871e-05, 8.21009e-10, 2520.037
3868.197586297989, -8.983656e-05, 6.972105e-10, 2521.636
3870.1976940631866, -9.041552e-05, 7.281583e-10, 2523.172
3872.197826862335, -9.041549e-05, 6.53463e-10, 2524.743
3874.1979258060455, -8.809973e-05, 6.824957e-10, 2526.277
3876.1980271339417, -9.273124e-05, 7.561375e-10, 2527.561
3878.198128223419, -9.041547e-05, 6.809127e-10, 2528.861
3880.1982655525208, -9.157336e-05, 8.055045e-10, 2530.265
3882.1984062194824, -9.331015e-05, 7.792827e-10, 2531.401
3884.1985392570496, -9.099439e-05, 8.262714e-10, 2532.529
3886.198672771454, -8.867861e-05, 7.792865e-10, 2533.835
3888.198773622513, -9.099436e-05, 7.440034e-10, 2535.016
3890.198877096176, -8.925753e-05, 7.785616e-10, 2536.268
3892.1990144252777, -8.86786e-05, 6.972226e-10, 2537.56
3894.1991198062897, -9.157328e-05, 7.224522e-10, 2538.802
3896.19922208786, -8.809959e-05, 6.825078e-10, 2540.21
3898.1993227005005, -9.041536e-05, 7.847495e-10, 2541.625
3900.199435710907, -9.041534e-05, 8.107033e-10, 2543.048
3902.1995368003845, -8.80996e-05, 7.344225e-10, 2544.358
3904.199637413025, -9.041534e-05, 7.290345e-10, 2545.605
3906.1997385025024, -8.867853e-05, 6.353265e-10, 2546.78
3908.199840068817, -8.867849e-05, 7.141887e-10, 2547.837
3910.199919939041, -8.983638e-05, 7.243064e-10, 2548.861
3912.200000524521, -8.983634e-05, 7.188567e-10, 2549.96
3914.200081348419, -8.867848e-05, 5.850341e-10, 2551.042
3916.200208902359, -8.867847e-05, 7.048671e-10, 2552.167
3918.200305700302, -8.925741e-05, 7.101234e-10, 2553.276
3920.200404405594, -8.694163e-05, 6.462712e-10, 2554.437
3922.2005372047424, -8.92574e-05, 6.149921e-10, 2555.47
3924.2006735801697, -8.694166e-05, 6.19062e-10, 2556.617
3926.200806617737, -8.86784e-05, 6.291131e-10, 2557.702
3928.200897216797, -8.752054e-05, 6.517678e-10, 2558.96
3930.2010328769684, -8.867842e-05, 7.494122e-10, 2560.284
3932.2011654376984, -8.694159e-05, 7.344325e-10, 2561.377
3934.201295852661, -8.752055e-05, 7.899526e-10, 2562.229
3936.2013971805573, -8.809949e-05, 7.546717e-10, 2563.11
3938.201498031616, -8.867838e-05, 6.793786e-10, 2563.976
3940.201597929001, -9.041517e-05, 7.235246e-10, 2564.889
3942.2016990184784, -8.92573e-05, 6.130166e-10, 2565.898
3944.201798915863, -8.867837e-05, 6.462782e-10, 2566.769
3946.2018778324127, -8.925729e-05, 7.132766e-10, 2567.732
3948.20196723938, -8.867835e-05, 6.809396e-10, 2568.627
3950.2020676136017, -8.694155e-05, 6.373929e-10, 2569.441
3952.202169418335, -8.752048e-05, 6.109341e-10, 2570.41
3954.202270746231, -9.157301e-05, 5.826665e-10, 2571.245
3956.202371120453, -8.867832e-05, 6.332581e-10, 2572.112
3958.2024512290955, -8.925728e-05, 6.272086e-10, 2572.905
3960.2025487422943, -8.752045e-05, 7.24323e-10, 2573.813
3962.202651500702, -8.925728e-05, 7.645319e-10, 2574.707
3964.2027430534363, -8.925726e-05, 6.592837e-10, 2575.365
3966.202837705612, -8.752044e-05, 6.74923e-10, 2576.098
3968.202921628952, -8.867828e-05, 6.693353e-10, 2577.018
3970.203057527542, -8.520469e-05, 6.883202e-10, 2578.106
3972.2031598091125, -9.041507e-05, 6.592842e-10, 2579.028
3974.2032499313354, -8.983616e-05, 6.793912e-10, 2579.815
3976.20335316658, -8.694147e-05, 6.838551e-10, 2580.598
3978.203467607498, -8.694146e-05, 6.22382e-10, 2581.275
3980.203613758087, -8.752039e-05, 6.722846e-10, 2582.026
3982.2037053108215, -9.099401e-05, 6.766188e-10, 2582.731
3984.2037942409515, -8.925718e-05, 6.492361e-10, 2583.42
3986.2038791179657, -9.157293e-05, 7.574316e-10, 2584.132
3988.2039692401886, -8.867824e-05, 7.188775e-10, 2585.046
3990.20406293869, -8.98361e-05, 6.927878e-10, 2585.959
3992.204151391983, -9.041503e-05, 7.392451e-10, 2586.681
3994.204248189926, -8.925718e-05, 7.344521e-10, 2587.407
3996.204353094101, -8.925716e-05, 6.97253e-10, 2588.12
3998.204439640045, -8.867824e-05, 7.58427e-10, 2588.688
4000.2045216560364, -8.867817e-05, 6.506259e-10, 2589.209
4002.2046117782593, -8.983608e-05, 7.048887e-10, 2589.858
4004.2047016620636, -8.925713e-05, 8.107355e-10, 2590.765
4006.204789161682, -8.983604e-05, 7.542916e-10, 2591.476
4008.2048966884613, -8.75203e-05, 7.39251e-10, 2592.214
4010.2049782276154, -9.330965e-05, 7.897721e-10, 2593.05
4012.2050654888153, -9.099391e-05, 8.002226e-10, 2593.727
4014.2051634788513, -9.041499e-05, 7.645444e-10, 2594.442
4016.205265522003, -8.925715e-05, 7.235433e-10, 2595.124
4018.205346107483, -8.925709e-05, 7.494354e-10, 2595.847
4020.2054784297943, -8.925711e-05, 8.003543e-10, 2596.779
4022.205628156662, -8.867818e-05, 7.645456e-10, 2597.467
4024.2057168483734, -8.867816e-05, 7.494336e-10, 2598.102
4026.2058022022247, -8.809922e-05, 7.002324e-10, 2598.625
4028.205903530121, -8.92571e-05, 6.995028e-10, 2599.225
4030.205983877182, -9.157284e-05, 7.479833e-10, 2599.848
4032.206085205078, -8.983602e-05, 7.14882e-10, 2600.432
4034.2061924934387, -9.09939e-05, 7.497663e-10, 2600.917
4036.20627117157, -9.099387e-05, 7.596204e-10, 2601.464
4038.2063698768616, -8.809922e-05, 6.825488e-10, 2602.019
4040.2064566612244, -8.92571e-05, 6.130382e-10, 2602.593
4042.206542491913, -8.867814e-05, 7.584324e-10, 2603.055
4044.206637620926, -9.099387e-05, 6.939853e-10, 2603.515
4046.206718444824, -8.925708e-05, 7.188853e-10, 2604.105
4048.2068033218384, -8.694133e-05, 7.270891e-10, 2604.699
4050.206916332245, -8.809919e-05, 7.797939e-10, 2605.301
4052.207022666931, -8.983596e-05, 7.596227e-10, 2605.904
4054.2071013450623, -8.925705e-05, 6.722984e-10, 2606.629
4056.207239151001, -9.157282e-05, 6.433974e-10, 2607.101
4058.20734167099, -8.925704e-05, 6.869481e-10, 2607.592
4060.2074444293976, -9.099386e-05, 6.473614e-10, 2608.063
4062.207546234131, -9.04149e-05, 6.09042e-10, 2608.513
4064.2076482772827, -8.925704e-05, 6.705822e-10, 2609.072
4066.2077486515045, -8.925702e-05, 6.985183e-10, 2609.555
4068.207839012146, -8.86781e-05, 5.487285e-10, 2610.138
4070.2079281806946, -8.983596e-05, 6.825537e-10, 2610.624
4072.20800948143, -9.157274e-05, 7.133049e-10, 2611.068
4074.208090543747, -9.04149e-05, 6.250121e-10, 2611.496
4076.208191871643, -8.867808e-05, 6.894606e-10, 2611.92
4078.2082962989807, -8.983596e-05, 7.338039e-10, 2612.261
4080.208391427994, -8.925702e-05, 6.190961e-10, 2612.673
4082.2084732055664, -8.867805e-05, 6.636358e-10, 2613.071
4084.2085642814636, -8.694127e-05, 6.849293e-10, 2613.614
4086.208651304245, -8.867808e-05, 6.130485e-10, 2614.24
4088.2087349891663, -9.041487e-05, 6.737553e-10, 2614.867
4090.208832502365, -8.752019e-05, 7.850577e-10, 2615.401
4092.2089223861694, -8.9257e-05, 7.850577e-10, 2615.843
4094.209000110626, -8.809913e-05, 7.95179e-10, 2616.289
4096.209096908569, -8.752019e-05, 7.243473e-10, 2616.737
4098.209193229675, -8.867804e-05, 7.796015e-10, 2617.131
4100.209275484085, -8.694125e-05, 7.901829e-10, 2617.655
4102.209356069565, -8.983591e-05, 7.344663e-10, 2618.077
4104.209436655045, -8.578339e-05, 7.899871e-10, 2618.518
4106.209536790848, -8.867806e-05, 7.597641e-10, 2618.829
4108.20961689949, -8.867804e-05, 7.850588e-10, 2619.265
4110.209716320038, -9.099377e-05, 8.107505e-10, 2619.681
4112.2097980976105, -8.867804e-05, 7.951771e-10, 2620.108
4114.209896326065, -8.925693e-05, 7.497757e-10, 2620.53
4116.209980964661, -8.925694e-05, 7.648247e-10, 2620.84
4118.210071563721, -9.157269e-05, 8.052973e-10, 2621.141
4120.21017074585, -9.041482e-05, 7.497787e-10, 2621.401
4122.210305929184, -8.8678e-05, 7.947814e-10, 2621.768
4124.210448265076, -8.80991e-05, 8.313852e-10, 2622.165
4126.210528373718, -8.983587e-05, 8.526808e-10, 2622.691
4128.210629940033, -9.215158e-05, 8.107535e-10, 2623.131
4130.210764884949, -8.867797e-05, 8.524837e-10, 2623.656
4132.210846424103, -8.809909e-05, 7.796084e-10, 2624.081
4134.21093082428, -8.983588e-05, 8.356509e-10, 2624.494
4136.211014509201, -8.752011e-05, 8.411071e-10, 2624.887
4138.211103439331, -8.809905e-05, 8.192872e-10, 2625.166
4140.211205244064, -8.694122e-05, 8.72651e-10, 2625.525
4142.211341142654, -9.04148e-05, 8.646874e-10, 2625.9
4144.21142244339, -8.867802e-05, 8.920287e-10, 2626.421
4146.211589813232, -8.983587e-05, 8.207401e-10, 2626.779
4148.2116775512695, -8.925693e-05, 8.00372e-10, 2627.149
4150.211778640747, -8.925694e-05, 8.309238e-10, 2627.547
4152.211868524551, -8.809905e-05, 7.28223e-10, 2627.811
4154.211997509003, -8.69412e-05, 7.543113e-10, 2628.135
4156.212124586105, -8.983584e-05, 7.850637e-10, 2628.426
4158.212226629257, -8.636228e-05, 8.105564e-10, 2628.788
4160.212313175201, -8.867797e-05, 7.348707e-10, 2629.156
4162.212397098541, -9.04148e-05, 8.055639e-10, 2629.503
4164.212480545044, -8.8678e-05, 7.095733e-10, 2629.821
4166.212587594986, -8.578335e-05, 8.603556e-10, 2630.114
4168.2126660346985, -8.983586e-05, 8.210711e-10, 2630.403
4170.2128002643585, -9.041477e-05, 7.897934e-10, 2630.792
4172.212903022766, -8.867799e-05, 8.57476e-10, 2631.164
4174.212986946106, -9.099372e-05, 8.942791e-10, 2631.421
4176.213091611862, -9.215157e-05, 8.417052e-10, 2631.659
4178.21319270134, -8.983584e-05, 7.850659e-10, 2632.036
4180.213272809982, -8.809904e-05, 8.003738e-10, 2632.536
4182.213354349136, -8.983586e-05, 8.210723e-10, 2632.912
4184.213441610336, -8.867797e-05, 8.055681e-10, 2633.232
4186.213536739349, -8.636226e-05, 8.347295e-10, 2633.549
4188.213616132736, -8.809903e-05, 7.895297e-10, 2633.909
4190.213705301285, -8.809902e-05, 7.248857e-10, 2634.162
4192.2138414382935, -8.752009e-05, 7.497852e-10, 2634.3
4194.2139303684235, -8.578329e-05, 6.955893e-10, 2634.556
4196.214034795761, -8.636224e-05, 6.719418e-10, 2634.84
4198.2141289711, -8.404649e-05, 5.987643e-10, 2635.082
4200.214234113693, -8.983583e-05, 6.749566e-10, 2635.516
4202.214333534241, -9.041476e-05, 6.649698e-10, 2635.946
4204.2144157886505, -8.867795e-05, 6.620625e-10, 2636.302
4206.214518785477, -8.694112e-05, 7.075968e-10, 2636.673
4208.214622735977, -9.041472e-05, 6.449969e-10, 2637.07
4210.214711666107, -8.809903e-05, 6.794214e-10, 2637.437
4212.214797258377, -8.809901e-05, 6.517749e-10, 2637.641
4214.214885234833, -9.099367e-05, 5.966912e-10, 2637.887
4216.214973688126, -8.694115e-05, 6.593157e-10, 2638.097
4218.215058088303, -8.98358e-05, 7.445964e-10, 2638.343
4220.215145587921, -8.752006e-05, 6.39213e-10, 2638.633
4222.215231657028, -8.809901e-05, 6.577978e-10, 2638.938
4224.215312004089, -8.636223e-05, 6.415642e-10, 2639.383
4226.215394973755, -8.752006e-05, 6.407327e-10, 2639.558
4228.215479135513, -8.867795e-05, 6.39213e-10, 2639.757
4230.215595960617, -8.694115e-05, 6.392154e-10, 2640.012
4232.215679645538, -8.8099e-05, 6.291602e-10, 2640.223
4234.215780258179, -8.809898e-05, 6.02944e-10, 2640.584
4236.215881586075, -8.694115e-05, 6.029452e-10, 2640.978
4238.215980529785, -8.867792e-05, 6.449975e-10, 2641.231
4240.216060400009, -8.752009e-05, 7.296807e-10, 2641.525
4242.216166973114, -8.925686e-05, 6.706024e-10, 2641.774
4244.216267108917, -8.809898e-05, 6.679815e-10, 2642.114
4246.216368436813, -8.809898e-05, 5.698145e-10, 2642.405
4248.216458082199, -9.04147e-05, 6.332971e-10, 2642.496
4250.216545581818, -9.099362e-05, 6.578002e-10, 2642.682
4252.216646909714, -8.925684e-05, 6.374316e-10, 2642.923
4254.216782808304, -8.925686e-05, 7.002528e-10, 2643.262
4256.216873884201, -8.983574e-05, 6.476153e-10, 2643.555
4258.216969251633, -8.925684e-05, 7.030677e-10, 2643.727
4260.217074632645, -8.752006e-05, 7.196303e-10, 2643.991
4262.217176437378, -8.867791e-05, 6.26615e-10, 2644.229
4264.217279672623, -8.752004e-05, 7.348771e-10, 2644.485
4266.2173619270325, -8.867793e-05, 7.133205e-10, 2644.806
4268.217450141907, -8.809898e-05, 6.92818e-10, 2645.027
4270.217531919479, -8.867791e-05, 6.291638e-10, 2645.216
4272.217633008957, -8.809898e-05, 6.322019e-10, 2645.429
4274.217731714249, -8.867791e-05, 7.235703e-10, 2645.602
4276.217821359634, -8.69411e-05, 7.591844e-10, 2645.898
4278.21790599823, -8.809899e-05, 6.894753e-10, 2646.188
4280.217993736267, -8.752003e-05, 6.649746e-10, 2646.571
4282.21808052063, -8.809896e-05, 6.561783e-10, 2646.805
4284.218173503876, -8.694112e-05, 6.955916e-10, 2646.848
4286.218274593353, -8.636217e-05, 6.266174e-10, 2646.922
4288.218354940414, -9.041469e-05, 6.985417e-10, 2647.064
4290.218456268311, -8.925684e-05, 6.679888e-10, 2647.278
4292.2185525894165, -9.099365e-05, 6.825693e-10, 2647.547
4294.218640327454, -9.215143e-05, 6.581064e-10, 2647.778
4296.218774557114, -9.157257e-05, 7.385515e-10, 2648.07
4298.2189383506775, -9.041469e-05, 7.041292e-10, 2648.342
4300.219023704529, -9.041468e-05, 7.076016e-10, 2648.49
4302.219115495682, -8.752001e-05, 6.663383e-10, 2648.764
4304.219212770462, -8.809895e-05, 7.446005e-10, 2649.09
4306.219300031662, -8.925684e-05, 7.698291e-10, 2649.313
4308.219393014908, -8.694107e-05, 7.14906e-10, 2649.443
4310.219517707825, -8.809896e-05, 7.300858e-10, 2649.547
4312.219608068466, -9.041468e-05, 7.547176e-10, 2649.714
4314.219693183899, -8.867789e-05, 7.543239e-10, 2649.989
4316.2197732925415, -8.752001e-05, 7.153014e-10, 2650.199
4318.21986579895, -8.809892e-05, 7.296895e-10, 2650.294
4320.219950199127, -8.867784e-05, 7.350101e-10, 2650.533
4322.220045566559, -8.752001e-05, 6.649746e-10, 2650.712
4324.220164775848, -8.636216e-05, 6.794284e-10, 2650.954
4326.220267534256, -8.809894e-05, 6.903373e-10, 2651.133
4328.220370292664, -9.041467e-05, 6.704994e-10, 2651.325
4330.22047162056, -8.809892e-05, 6.050612e-10, 2651.662
4332.22056889534, -8.867787e-05, 6.909321e-10, 2651.956
4334.220707654953, -8.694107e-05, 7.74428e-10, 2652.121
4336.220801353455, -8.809893e-05, 6.749637e-10, 2652.222
4338.22088766098, -8.694108e-05, 7.698972e-10, 2652.313
4340.220986843109, -8.867785e-05, 7.488691e-10, 2652.626
4342.221074104309, -8.867788e-05, 7.041303e-10, 2652.832
4344.221175670624, -8.925674e-05, 7.448662e-10, 2653.067
4346.221269607544, -8.98357e-05, 7.030738e-10, 2653.34
4348.22136092186, -8.809892e-05, 7.121336e-10, 2653.445
4350.221492052078, -8.809892e-05, 6.39458e-10, 2653.54
4352.221583366394, -8.636214e-05, 7.041303e-10, 2653.694
4354.221675872803, -8.636213e-05, 5.812174e-10, 2653.863
4356.221784591675, -9.099359e-05, 6.60223e-10, 2654.047
4358.221887588501, -9.15725e-05, 6.883574e-10, 2654.253
4360.221976995468, -8.925678e-05, 6.492736e-10, 2654.369
4362.2220623493195, -9.099358e-05, 7.901983e-10, 2654.481
4364.222159862518, -8.867787e-05, 7.348806e-10, 2654.56
4366.222244977951, -8.925677e-05, 7.087278e-10, 2654.777
4368.222380638123, -8.925679e-05, 7.648382e-10, 2654.905
4370.22251701355, -8.751993e-05, 6.949371e-10, 2655.144
4372.222601652145, -8.98357e-05, 7.282387e-10, 2655.281
4374.222705841064, -8.925677e-05, 6.560243e-10, 2655.516
4376.222802400589, -9.041463e-05, 6.838962e-10, 2655.814
4378.222897768021, -8.694106e-05, 6.605805e-10, 2656.073
4380.222981929779, -8.578317e-05, 7.049227e-10, 2656.183
4382.223077058792, -8.578319e-05, 6.419951e-10, 2656.246
4384.223180532455, -8.80989e-05, 7.440771e-10, 2656.458
4386.223271846771, -8.925678e-05, 7.087296e-10, 2656.775
4388.223415851593, -8.809892e-05, 6.995335e-10, 2656.864
4390.223499059677, -8.925673e-05, 7.243716e-10, 2657.016
4392.22364616394, -9.041458e-05, 6.224226e-10, 2657.246
4394.223742485046, -8.925675e-05, 6.985453e-10, 2657.553
4396.223839759827, -8.636211e-05, 7.030762e-10, 2657.637
4398.223940372467, -8.983568e-05, 6.005754e-10, 2657.85
4400.224044561386, -8.751995e-05, 6.333067e-10, 2658.179
4402.22413110733, -8.694103e-05, 6.231873e-10, 2658.336
4404.224263906479, -8.809892e-05, 7.030768e-10, 2658.549
4406.224367141724, -8.694103e-05, 7.030762e-10, 2658.744
4408.224472045898, -8.925672e-05, 6.679936e-10, 2658.834
4410.224618196487, -8.578319e-05, 7.596512e-10, 2659.015
4412.224712133408, -8.636211e-05, 6.578086e-10, 2659.115
4414.224800348282, -8.694101e-05, 6.972918e-10, 2659.182
4416.2249047756195, -8.867782e-05, 6.231873e-10, 2659.373
4418.225021600723, -8.925676e-05, 7.338273e-10, 2659.776
4420.2251653671265, -8.867783e-05, 6.636615e-10, 2660.054
4422.225258111954, -8.867781e-05, 6.693804e-10, 2660.255
4424.225345373154, -8.751995e-05, 6.985465e-10, 2660.369
4426.225487709045, -8.925674e-05, 6.985459e-10, 2660.584
4428.225569486618, -9.21514e-05, 7.076088e-10, 2660.714
4430.225670337677, -8.636211e-05, 7.189146e-10, 2660.823
4432.225747823715, -8.925678e-05, 7.062221e-10, 2661.032
4434.225827455521, -8.751995e-05, 6.693804e-10, 2661.137
4436.225908994675, -8.983569e-05, 7.344882e-10, 2661.213
4438.226010322571, -8.983566e-05, 7.596512e-10, 2661.393
4440.226091861725, -8.809888e-05, 6.995382e-10, 2661.493
4442.2261781692505, -8.867783e-05, 6.476249e-10, 2661.559
4444.2262625694275, -8.751995e-05, 6.693798e-10, 2661.673
4446.226348400116, -8.925677e-05, 6.838968e-10, 2661.87
4448.226451158524, -8.809889e-05, 6.985471e-10, 2662.007
4450.226534366608, -8.809891e-05, 7.399401e-10, 2662.248
4452.226625204086, -9.215141e-05, 7.543269e-10, 2662.407
4454.226712942123, -8.983568e-05, 7.997945e-10, 2662.454
4456.22679400444, -8.867784e-05, 6.53542e-10, 2662.568
4458.226878404617, -8.925674e-05, 6.350237e-10, 2662.74
4460.22696352005, -8.98357e-05, 6.883628e-10, 2662.918
4462.227049827576, -8.925675e-05, 7.041334e-10, 2663.06
4464.22713470459, -8.694103e-05, 7.196455e-10, 2663.221
4466.22723698616, -9.099354e-05, 7.543287e-10, 2663.313
4468.227315187454, -8.636211e-05, 7.04928e-10, 2663.469
4470.22741651535, -8.809892e-05, 6.83898e-10, 2663.598
4472.227519273758, -8.867781e-05, 7.497963e-10, 2663.757
4474.227602481842, -8.867781e-05, 7.049268e-10, 2663.903
4476.227738142014, -8.809887e-05, 6.70503e-10, 2663.997
4478.227840185165, -8.694102e-05, 6.506634e-10, 2664.1
4480.2279443740845, -8.80989e-05, 6.170731e-10, 2664.167
4482.2280349731445, -8.867783e-05, 5.661527e-10, 2664.204
4484.228170156479, -9.099354e-05, 6.809923e-10, 2664.376
4486.228247880936, -8.925673e-05, 7.848177e-10, 2664.565
4488.228383302689, -8.983564e-05, 6.794367e-10, 2664.759
4490.22847867012, -9.041462e-05, 7.076088e-10, 2664.983
4492.228614091873, -8.636207e-05, 6.450099e-10, 2665.205
4494.228702068329, -8.983567e-05, 7.591898e-10, 2665.342
4496.228793621063, -8.983564e-05, 6.749683e-10, 2665.477
4498.228876113892, -9.099353e-05, 6.804236e-10, 2665.713
4500.228969573975, -8.983567e-05, 7.296931e-10, 2665.903
4502.229073524475, -8.694102e-05, 7.041334e-10, 2666.136
4504.229167938232, -8.867779e-05, 7.547241e-10, 2666.248
4506.229251623154, -8.983567e-05, 6.80423e-10, 2666.373
4508.229333162308, -8.983566e-05, 7.133283e-10, 2666.545
4510.229423999786, -8.867781e-05, 6.492765e-10, 2666.68
4512.2295026779175, -9.157245e-05, 8.421227e-10, 2666.884
4514.229594707489, -8.751994e-05, 7.596536e-10, 2667.065
4516.229686975479, -8.925676e-05, 7.953307e-10, 2667.089
4518.229771375656, -8.925671e-05, 6.250388e-10, 2667.13
4520.229873657227, -8.983566e-05, 7.133289e-10, 2667.155
4522.229954004288, -8.809886e-05, 7.235835e-10, 2667.298
4524.230058431625, -9.041458e-05, 7.698362e-10, 2667.386
4526.230158567429, -9.041458e-05, 7.689164e-10, 2667.544
4528.230260133743, -8.983566e-05, 7.737776e-10, 2667.659
4530.230361700058, -8.983565e-05, 7.29696e-10, 2667.781
4532.230463027954, -9.099351e-05, 7.94808e-10, 2667.919
4534.230545282364, -8.809887e-05, 7.14254e-10, 2668.023
4536.230626821518, -9.041459e-05, 6.723293e-10, 2668.222
4538.230730056763, -8.983564e-05, 7.44607e-10, 2668.347
4540.230811357498, -8.867777e-05, 7.291007e-10, 2668.51
4542.230921983719, -8.925673e-05, 7.953302e-10, 2668.686
4544.231055736542, -9.041458e-05, 7.645832e-10, 2668.846
4546.231137275696, -9.099351e-05, 7.749659e-10, 2668.913
4548.2312223911285, -8.92567e-05, 7.543305e-10, 2668.941
4550.231324672699, -8.867779e-05, 6.723329e-10, 2668.928
4552.231462717056, -8.925672e-05, 6.869778e-10, 2669.04
4554.231554746628, -8.983562e-05, 7.698392e-10, 2669.14
4556.231643438339, -8.983566e-05, 7.648459e-10, 2669.318
4558.231723546982, -9.099351e-05, 6.737821e-10, 2669.478
4560.231823682785, -8.925671e-05, 6.636626e-10, 2669.636
4562.231913805008, -9.099353e-05, 6.928324e-10, 2669.82
4564.231998205185, -8.694099e-05, 6.476285e-10, 2670.043
4566.232079029083, -8.809886e-05, 6.748795e-10, 2670.151
4568.2321717739105, -9.041457e-05, 7.041363e-10, 2670.238
4570.232274055481, -8.925673e-05, 6.028484e-10, 2670.352
4572.2323570251465, -8.694097e-05, 6.825809e-10, 2670.462
4574.2324895858765, -8.925668e-05, 6.620825e-10, 2670.428
4576.232576370239, -8.925671e-05, 7.494693e-10, 2670.505
4578.232663154602, -9.041459e-05, 6.272599e-10, 2670.626
4580.232743501663, -8.983566e-05, 7.645809e-10, 2670.755
4582.232834100723, -9.041459e-05, 7.548605e-10, 2670.882
4584.232938289642, -8.925669e-05, 8.211579e-10, 2671.005
4586.23303604126, -9.09935e-05, 7.329084e-10, 2671.043
4588.233137845993, -8.809887e-05, 7.798258e-10, 2671.2
4590.233271598816, -8.867776e-05, 7.547283e-10, 2671.372
4592.233362197876, -8.867779e-05, 7.196426e-10, 2671.549
4594.233443975449, -8.809884e-05, 7.235841e-10, 2671.705
4596.233577251434, -8.925673e-05, 7.39747e-10, 2671.844
4598.233680725098, -8.92567e-05, 7.698367e-10, 2671.952
4600.233766078949, -8.578313e-05, 7.796269e-10, 2672.11
4602.233861446381, -8.694096e-05, 7.196455e-10, 2672.167
4604.233952522278, -9.157244e-05, 8.309456e-10, 2672.185
4606.234036207199, -8.925671e-05, 6.749714e-10, 2672.328
4608.234170198441, -8.925671e-05, 7.744407e-10, 2672.36
4610.234272956848, -9.215136e-05, 6.894878e-10, 2672.456
4612.2343509197235, -8.809886e-05, 7.338327e-10, 2672.611
4614.234454393387, -8.983565e-05, 7.296966e-10, 2672.711
4616.234538078308, -8.867781e-05, 8.316101e-10, 2672.777
4618.234629392624, -9.041455e-05, 7.338316e-10, 2672.818
4620.234709978104, -8.925673e-05, 7.049292e-10, 2672.953
4622.234802246094, -8.867776e-05, 7.291037e-10, 2673.061
4624.234920501709, -8.983562e-05, 8.315432e-10, 2673.257
4626.235024690628, -8.75199e-05, 7.952033e-10, 2673.594
4628.235117673874, -8.867777e-05, 7.397493e-10, 2673.701
4630.235201358795, -8.751993e-05, 7.744352e-10, 2673.813
4632.235307455063, -9.041456e-05, 7.271241e-10, 2673.889
4634.235443115234, -9.099348e-05, 8.211567e-10, 2673.855
4636.23552775383, -9.041455e-05, 7.902089e-10, 2673.923
4638.2356300354, -8.925668e-05, 7.375726e-10, 2674.075
4640.235716581345, -8.983564e-05, 7.695099e-10, 2674.233
4642.23580121994, -8.92567e-05, 7.196444e-10, 2674.348
4644.235881090164, -9.041455e-05, 7.235829e-10, 2674.407
4646.236015558243, -8.983563e-05, 6.578146e-10, 2674.565
4648.236107587814, -8.636205e-05, 6.940186e-10, 2674.684
4650.236209869385, -8.636203e-05, 6.32214e-10, 2674.871
4652.2363131046295, -8.92567e-05, 7.446118e-10, 2675.03
4654.236400127411, -8.57831e-05, 7.142564e-10, 2675.132
4656.236487388611, -8.636206e-05, 7.648482e-10, 2675.163
4658.236574888229, -8.520421e-05, 7.009265e-10, 2675.183
4660.236671924591, -8.636204e-05, 6.949418e-10, 2675.24
4662.2367560863495, -8.809883e-05, 7.054572e-10, 2675.277
4664.236853122711, -8.867776e-05, 8.21092e-10, 2675.429
4666.23693728447, -8.462526e-05, 7.496668e-10, 2675.438
4668.2370393276215, -8.809885e-05, 6.57112e-10, 2675.566
4670.2371418476105, -8.520419e-05, 7.291054e-10, 2675.774
4672.237227678299, -8.694094e-05, 6.909448e-10, 2675.91
4674.237311601639, -8.75199e-05, 7.496686e-10, 2676.032
4676.237397432327, -8.694096e-05, 7.59456e-10, 2676.105
4678.237488985062, -8.404632e-05, 7.153132e-10, 2676.311
4680.23757314682, -8.925668e-05, 7.548616e-10, 2676.514
4682.237676858902, -8.57831e-05, 8.255577e-10, 2676.574
4684.237772226334, -8.520415e-05, 7.00931e-10, 2676.646
4686.237904071808, -8.520417e-05, 7.399489e-10, 2676.816
4688.238006353378, -8.694095e-05, 6.960002e-10, 2676.866
4690.238089561462, -8.694098e-05, 7.007281e-10, 2676.963
4692.23819231987, -8.751991e-05, 7.397517e-10, 2677.08
4694.238281726837, -8.751987e-05, 7.049303e-10, 2677.168
4696.238368034363, -8.92567e-05, 7.338345e-10, 2677.219
4698.238450050354, -8.983562e-05, 7.041381e-10, 2677.273
4700.238534450531, -8.867776e-05, 6.150604e-10, 2677.329
4702.238613605499, -8.98356e-05, 6.737845e-10, 2677.332
4704.23871588707, -8.809884e-05, 6.668367e-10, 2677.398
4706.238808631897, -8.636204e-05, 7.498672e-10, 2677.497
4708.238926649094, -8.636205e-05, 6.903478e-10, 2677.687
4710.239027261734, -8.751985e-05, 6.995453e-10, 2677.772
4712.23916053772, -8.75199e-05, 7.249032e-10, 2677.857
4714.239266633987, -9.041455e-05, 7.29696e-10, 2677.996
4716.23935675621, -8.751991e-05, 7.101868e-10, 2678.017
4718.239447116852, -8.636202e-05, 7.543335e-10, 2678.15
4720.239542007446, -8.636204e-05, 7.440855e-10, 2678.35
4722.239633321762, -8.694099e-05, 6.636662e-10, 2678.572
4724.239735364914, -8.867776e-05, 7.44876e-10, 2678.673
4726.239817380905, -8.925669e-05, 6.857526e-10, 2678.704
4728.239949226379, -8.751989e-05, 6.26629e-10, 2678.715
4730.240035533905, -9.041455e-05, 7.179313e-10, 2678.848
4732.240117073059, -9.041452e-05, 7.149182e-10, 2678.979
4734.240206956863, -8.636205e-05, 6.940216e-10, 2678.952
4736.2402946949005, -8.867777e-05, 7.291048e-10, 2678.98
4738.240378141403, -8.694094e-05, 8.003962e-10, 2679.07
4740.240467309952, -8.694096e-05, 8.210926e-10, 2679.169
4742.240604400635, -8.751988e-05, 7.697086e-10, 2679.164
4744.240690469742, -8.925669e-05, 7.392873e-10, 2679.213
4746.240768194199, -8.983563e-05, 7.385636e-10, 2679.337
4748.2408702373505, -8.867776e-05, 6.766644e-10, 2679.339
4750.240961790085, -9.157242e-05, 7.291054e-10, 2679.425
4752.24104642868, -9.041455e-05, 7.338339e-10, 2679.626
4754.241148233414, -8.809883e-05, 6.995429e-10, 2679.744
4756.241237640381, -8.751987e-05, 7.04932e-10, 2679.867
4758.241340398788, -9.215132e-05, 7.09594e-10, 2679.883
4760.241425991058, -8.751988e-05, 5.751206e-10, 2679.959
4762.241508483887, -8.694098e-05, 6.706183e-10, 2679.995
4764.241641998291, -8.809881e-05, 6.749725e-10, 2680.04
4766.241724252701, -9.041452e-05, 7.15313e-10, 2680.1
4768.241828918457, -8.751989e-05, 7.90147e-10, 2680.182
4770.241914987564, -8.809884e-05, 6.392297e-10, 2680.285
4772.24206161499, -8.809882e-05, 7.543359e-10, 2680.34
4774.242141246796, -8.925665e-05, 7.282472e-10, 2680.418
4776.242243766785, -8.751993e-05, 6.956032e-10, 2680.54
4778.242385864258, -8.694096e-05, 7.149176e-10, 2680.622
4780.242472648621, -8.809882e-05, 6.605905e-10, 2680.734
4782.242573022842, -8.809882e-05, 7.399477e-10, 2680.761
4784.242677688599, -8.636203e-05, 6.749742e-10, 2680.812
4786.2427797317505, -8.98356e-05, 7.488819e-10, 2680.82
4788.242863178253, -8.751988e-05, 7.249026e-10, 2680.854
4790.242964506149, -8.867775e-05, 7.054613e-10, 2680.982
4792.243045330048, -9.157241e-05, 7.494729e-10, 2681.102
4794.24312210083, -8.694096e-05, 7.101903e-10, 2681.247
4796.243470907211, -8.867776e-05, 7.243835e-10, 2681.263
4798.243570566177, -9.099342e-05, 7.547311e-10, 2681.298
4800.243679046631, -8.867776e-05, 7.14917e-10, 2681.445
4802.243776082993, -8.809882e-05, 7.348905e-10, 2681.578
4804.243871927261, -8.867774e-05, 7.189235e-10, 2681.607
4806.243957996368, -8.925666e-05, 7.087393e-10, 2681.835
4808.244067907333, -8.925667e-05, 7.189212e-10, 2681.929
4810.244169950485, -8.75199e-05, 7.536782e-10, 2682.018
4812.244272947311, -8.694092e-05, 6.794403e-10, 2682.142
4814.244407176971, -8.983561e-05, 7.749659e-10, 2682.198
4816.244539737701, -8.809882e-05, 7.291054e-10, 2682.306
4818.244621753693, -8.636203e-05, 7.03084e-10, 2682.37
4820.244704008102, -8.751988e-05, 7.446123e-10, 2682.429
4822.244784116745, -8.925666e-05, 7.338358e-10, 2682.512
4824.244920015335, -8.867774e-05, 6.506686e-10, 2682.529
4826.245018959045, -8.80988e-05, 5.990209e-10, 2682.605
4828.245100259781, -8.636201e-05, 7.297031e-10, 2682.671
4830.2451848983765, -8.578307e-05, 6.593377e-10, 2682.741
4832.245285749435, -8.694098e-05, 7.002719e-10, 2682.778
4834.2453808784485, -8.867776e-05, 7.446123e-10, 2682.875
4836.245490550995, -8.867776e-05, 7.338339e-10, 2683.014
4838.245573043823, -8.636203e-05, 7.952036e-10, 2683.076
4840.245679616928, -8.925667e-05, 7.648494e-10, 2683.103
4842.245779752731, -8.867776e-05, 8.201681e-10, 2683.122
4844.245883464813, -8.98356e-05, 7.536728e-10, 2683.224
4846.245961904526, -8.925669e-05, 7.648488e-10, 2683.414
4848.246066331863, -8.809883e-05, 7.392939e-10, 2683.638
4850.24617433548, -9.09934e-05, 7.85087e-10, 2683.911
4852.246255636215, -8.867773e-05, 8.629545e-10, 2684.04
4854.246388912201, -8.751988e-05, 8.631262e-10, 2684.101
4856.246485233307, -9.099346e-05, 7.298991e-10, 2684.067
4858.24657201767, -9.15724e-05, 7.543359e-10, 2684.175
4860.24665927887, -9.041454e-05, 7.748401e-10, 2684.345
4862.246763467789, -8.925667e-05, 6.794373e-10, 2684.439
4864.246869802475, -8.925669e-05, 8.003998e-10, 2684.401
4866.2469737529755, -8.867776e-05, 7.142581e-10, 2684.51
4868.247065067291, -8.578308e-05, 7.498045e-10, 2684.583
4870.24716591835, -8.809879e-05, 7.235896e-10, 2684.748
4872.2472496032715, -9.157237e-05, 7.087398e-10, 2684.756
4874.247357130051, -8.80988e-05, 7.348934e-10, 2684.722
4876.247486829758, -8.925666e-05, 5.793424e-10, 2684.762
4878.2475752830505, -8.694094e-05, 7.149206e-10, 2684.815
4880.247667312622, -8.578308e-05, 7.153147e-10, 2684.911
4882.247762680054, -8.867772e-05, 6.291805e-10, 2684.954
4884.247854948044, -8.925665e-05, 6.723359e-10, 2685.019
4886.247945547104, -8.983559e-05, 7.44876e-10, 2685.082
4888.2480256557465, -8.983559e-05, 7.087362e-10, 2685.063
4890.248116016388, -8.925667e-05, 6.354066e-10, 2685.108
4892.248214960098, -8.983559e-05, 6.883706e-10, 2685.073
4894.248301029205, -8.867775e-05, 6.825869e-10, 2685.11
4896.248388051987, -8.98356e-05, 7.591995e-10, 2685.14
4898.248471736908, -9.215128e-05, 6.928336e-10, 2685.184
4900.248547077179, -9.041452e-05, 7.030834e-10, 2685.305
4902.248629808426, -8.983559e-05, 7.749676e-10, 2685.447
4904.248714208603, -8.809881e-05, 7.80027e-10, 2685.504
4906.248795747757, -8.80988e-05, 7.196491e-10, 2685.568
4908.248876571655, -8.925665e-05, 6.749772e-10, 2685.62
4910.248956203461, -8.867772e-05, 7.243776e-10, 2685.691
4912.249038696289, -8.809876e-05, 6.333156e-10, 2685.785
4914.249118804932, -8.751987e-05, 6.794415e-10, 2685.89
4916.24919962883, -8.809878e-05, 6.476352e-10, 2686.0
4918.249286174774, -8.867772e-05, 6.853348e-10, 2686.041
4920.24941945076, -9.041452e-05, 6.64991e-10, 2686.07
4922.249551534653, -8.925665e-05, 7.494741e-10, 2686.158
4924.249647855759, -8.751985e-05, 6.392339e-10, 2686.207
4926.2497453689575, -8.694091e-05, 6.849622e-10, 2686.269
4928.2498388290405, -8.751985e-05, 6.894931e-10, 2686.492
4930.24994969368, -8.809878e-05, 6.737887e-10, 2686.548
4932.25003194809, -9.099347e-05, 7.196491e-10, 2686.566
4934.250113248825, -8.867772e-05, 7.392922e-10, 2686.635
4936.250203609467, -8.694093e-05, 6.50671e-10, 2686.678
4938.250286579132, -8.925665e-05, 6.949477e-10, 2686.689
4940.250372171402, -9.041452e-05, 7.799593e-10, 2686.897
4942.250450372696, -8.809882e-05, 7.030859e-10, 2687.062
4944.250552415848, -8.867774e-05, 7.392903e-10, 2687.074
4946.250647306442, -8.867773e-05, 7.196479e-10, 2687.182
4948.250757217407, -8.983556e-05, 7.597936e-10, 2687.251
4950.25083899498, -8.751987e-05, 7.548646e-10, 2687.231
4952.250931501389, -8.98356e-05, 8.247646e-10, 2687.249
4954.251021385193, -8.694094e-05, 7.291073e-10, 2687.423
4956.251117944717, -8.751987e-05, 7.799629e-10, 2687.521
4958.2512011528015, -8.751988e-05, 6.949483e-10, 2687.494
4960.2512855529785, -8.925667e-05, 6.636698e-10, 2687.526
4962.251371145248, -8.80988e-05, 6.481851e-10, 2687.559
4964.251453399658, -8.867772e-05, 6.322216e-10, 2687.72
4966.251535654068, -8.694092e-05, 5.906475e-10, 2687.856
4968.251679182053, -8.80988e-05, 6.765598e-10, 2687.896
4970.251758813858, -8.751985e-05, 7.201098e-10, 2687.896
4972.251849889755, -8.983561e-05, 6.995453e-10, 2687.965
4974.2519319057465, -8.925664e-05, 7.344964e-10, 2688.023
4976.2520117759705, -8.983558e-05, 7.095986e-10, 2688.05
4978.252092838287, -9.099348e-05, 7.041423e-10, 2688.172
4980.252190828323, -8.983559e-05, 6.492849e-10, 2688.18
4982.252325296402, -8.867772e-05, 7.142599e-10, 2688.125
4984.252415180206, -8.925665e-05, 7.142587e-10, 2688.192
4986.252506494522, -8.694094e-05, 6.839075e-10, 2688.222
4988.2525906562805, -8.925664e-05, 8.57503e-10, 2688.339
4990.252671003342, -8.925667e-05, 7.547317e-10, 2688.483
4992.252753734589, -8.809879e-05, 7.38566e-10, 2688.554
4994.252835512161, -8.867773e-05, 7.249037e-10, 2688.644
4996.2529146671295, -8.925665e-05, 7.543383e-10, 2688.688
4998.252989053726, -8.751986e-05, 7.596608e-10, 2688.652
5000.253071069717, -8.983558e-05, 7.543371e-10, 2688.689
5002.253146886826, -8.867773e-05, 7.291096e-10, 2688.738
5004.253249406815, -8.809878e-05, 6.940252e-10, 2688.809
5006.253330230713, -9.041448e-05, 7.547341e-10, 2688.821
5008.253410816193, -9.041451e-05, 8.367362e-10, 2688.922
5010.2534918785095, -9.099344e-05, 7.095957e-10, 2688.946
5012.253597021103, -8.809879e-05, 8.575011e-10, 2689.033
5014.253680467606, -8.925663e-05, 7.640607e-10, 2689.091
5016.2537751197815, -9.041448e-05, 8.055906e-10, 2689.111
5018.253853559494, -8.809878e-05, 7.440885e-10, 2689.24
5020.253941297531, -8.809879e-05, 7.498718e-10, 2689.393
5022.254040956497, -8.867771e-05, 7.446153e-10, 2689.361
5024.254143714905, -8.694091e-05, 7.494776e-10, 2689.387
5026.254227876663, -8.578307e-05, 6.883712e-10, 2689.44
5028.2543041706085, -8.983555e-05, 7.101927e-10, 2689.555
5030.254404306412, -8.751981e-05, 7.748368e-10, 2689.612
5032.254484176636, -8.809878e-05, 7.09601e-10, 2689.687
5034.254587888718, -8.809878e-05, 7.19652e-10, 2689.723
5036.254689216614, -8.983556e-05, 6.928349e-10, 2689.834
5038.254778385162, -8.925666e-05, 7.179344e-10, 2689.842
5040.254859685898, -9.041451e-05, 7.952099e-10, 2689.884
5042.2549431324005, -8.925664e-05, 8.000667e-10, 2689.893
5044.255029201508, -8.867772e-05, 7.29109e-10, 2689.928
5046.255117177963, -8.86777e-05, 8.105841e-10, 2689.952
5048.255201339722, -8.809879e-05, 8.107822e-10, 2690.031
5050.255305528641, -8.867771e-05, 8.107142e-10, 2690.125
5052.255405902863, -8.809879e-05, 7.189229e-10, 2690.133
5054.255540132523, -8.751986e-05, 8.053248e-10, 2690.167
5056.255651712418, -8.925665e-05, 6.894978e-10, 2690.118
5058.25573515892, -9.099343e-05, 7.596608e-10, 2690.111
5060.255837678909, -8.694091e-05, 6.928421e-10, 2690.178
5062.255939483643, -8.694091e-05, 7.440885e-10, 2690.197
5064.256021499634, -8.983557e-05, 7.399506e-10, 2690.171
5066.256109237671, -8.983559e-05, 7.952045e-10, 2690.19
5068.25621509552, -8.867771e-05, 8.053265e-10, 2690.234
5070.256322145462, -8.983556e-05, 7.748396e-10, 2690.367
5072.256421804428, -8.809876e-05, 8.263556e-10, 2690.461
5074.25652384758, -9.04145e-05, 7.902113e-10, 2690.584
5076.256631374359, -8.925662e-05, 7.850889e-10, 2690.576
5078.256709575653, -8.98356e-05, 7.543406e-10, 2690.589
5080.256815433502, -8.751984e-05, 6.737929e-10, 2690.652
5082.256917476654, -9.273022e-05, 7.235896e-10, 2690.618
5084.256996870041, -8.983553e-05, 8.789297e-10, 2690.678
5086.257078409195, -8.636198e-05, 6.894949e-10, 2690.665
5088.257159233093, -8.867771e-05, 7.385672e-10, 2690.705
5090.257263183594, -8.867772e-05, 7.592007e-10, 2690.846
5092.257346391678, -8.925662e-05, 7.952081e-10, 2690.802
5094.257440567017, -8.751986e-05, 7.385679e-10, 2690.85
5096.257517576218, -8.809876e-05, 7.329151e-10, 2690.889
5098.257606983185, -8.983557e-05, 6.766699e-10, 2691.016
5100.25771188736, -8.867772e-05, 7.598608e-10, 2691.068
5102.2578456401825, -8.80988e-05, 7.049373e-10, 2691.194
5104.2579782009125, -8.925662e-05, 7.848256e-10, 2691.31
5106.2580716609955, -8.86777e-05, 6.749789e-10, 2691.363
5108.258165359497, -8.925665e-05, 8.309515e-10, 2691.384
5110.258258104324, -8.809879e-05, 7.142617e-10, 2691.418
5112.258370876312, -8.867771e-05, 6.705118e-10, 2691.448
5114.258470535278, -8.636201e-05, 6.940258e-10, 2691.492
5116.258564710617, -8.578307e-05, 7.13338e-10, 2691.475
5118.25864982605, -8.809878e-05, 6.94001e-10, 2691.463
5120.258741855621, -8.867772e-05, 6.940258e-10, 2691.552
5122.258829593658, -8.867771e-05, 5.832794e-10, 2691.631
5124.25893497467, -8.925662e-05, 7.338382e-10, 2691.696
5126.259037971497, -8.809878e-05, 6.949495e-10, 2691.775
5128.2591297626495, -8.867771e-05, 6.450223e-10, 2691.816
5130.259210586548, -8.809878e-05, 6.250489e-10, 2691.838
5132.259293794632, -8.520413e-05, 6.660504e-10, 2691.881
5134.259373664856, -8.6362e-05, 7.096004e-10, 2691.94
5136.25946521759, -8.694094e-05, 7.350233e-10, 2691.927
5138.259565353394, -8.694089e-05, 7.007339e-10, 2691.957
5140.259673118591, -8.636199e-05, 7.699101e-10, 2692.005
5142.259773492813, -8.751982e-05, 7.548646e-10, 2692.108
5144.259875059128, -9.04145e-05, 7.142611e-10, 2692.129
5146.259973287582, -8.925666e-05, 7.536776e-10, 2692.164
5148.260075092316, -8.925662e-05, 7.498051e-10, 2692.182
5150.260179519653, -8.983556e-05, 7.348946e-10, 2692.254
5152.260281324387, -8.925665e-05, 8.154442e-10, 2692.235
5154.26039147377, -9.041448e-05, 7.749706e-10, 2692.272
5156.260492801666, -8.751985e-05, 7.494782e-10, 2692.3
5158.260575294495, -9.099341e-05, 7.689243e-10, 2692.365
5160.260659456253, -8.751982e-05, 7.225314e-10, 2692.383
5162.260762214661, -9.099342e-05, 6.620916e-10, 2692.378
5164.260863780975, -8.751982e-05, 6.605934e-10, 2692.439
5166.260945320129, -8.867771e-05, 7.399517e-10, 2692.465
5168.261047124863, -8.983557e-05, 7.596625e-10, 2692.536
5170.261149644852, -9.041446e-05, 7.488842e-10, 2692.563
5172.261250972748, -8.867771e-05, 7.196503e-10, 2692.62
5174.26133275032, -8.809876e-05, 7.494789e-10, 2692.64
5176.261424541473, -8.751983e-05, 6.420095e-10, 2692.742
5178.261520147324, -8.751982e-05, 6.713723e-10, 2692.773
5180.261616230011, -8.86777e-05, 7.189289e-10, 2692.838
5182.261750221252, -8.867769e-05, 6.649905e-10, 2692.895
5184.261886835098, -8.694091e-05, 7.095999e-10, 2692.913
5186.261994838715, -8.694091e-05, 6.364895e-10, 2693.025
5188.2621014118195, -8.578303e-05, 6.719646e-10, 2693.155
5190.262191057205, -8.578303e-05, 6.849639e-10, 2693.188
5192.262288093567, -8.925665e-05, 7.297031e-10, 2693.214
5194.262391090393, -8.983555e-05, 6.209149e-10, 2693.261
5196.262495517731, -8.867765e-05, 6.620892e-10, 2693.347
5198.262579202652, -8.694091e-05, 5.990286e-10, 2693.441
5200.262685060501, -8.925662e-05, 6.291835e-10, 2693.538
5202.262786626816, -8.636199e-05, 6.766723e-10, 2693.596
5204.262927532196, -8.751982e-05, 6.615837e-10, 2693.55
5206.263015031815, -8.867771e-05, 7.291102e-10, 2693.512
5208.263097524643, -8.520413e-05, 6.649922e-10, 2693.526
5210.263179302216, -9.215129e-05, 7.596643e-10, 2693.476
5212.26325917244, -8.925663e-05, 7.300334e-10, 2693.415
5214.26336312294, -8.751985e-05, 6.25047e-10, 2693.451
5216.263466596603, -8.809872e-05, 7.14264e-10, 2693.54
5218.263570308685, -8.751982e-05, 7.338393e-10, 2693.543
5220.263659477234, -8.694091e-05, 7.547353e-10, 2693.487
5222.263746023178, -8.809873e-05, 6.75905e-10, 2693.554
5224.2638421058655, -8.809877e-05, 7.243829e-10, 2693.707
5226.263977050781, -8.636199e-05, 6.64991e-10, 2693.754
5228.26407456398, -9.099339e-05, 7.243806e-10, 2693.757
5230.264168024063, -8.751982e-05, 6.928384e-10, 2693.779
5232.2642521858215, -9.157234e-05, 7.798389e-10, 2693.867
5234.264338731766, -8.751982e-05, 6.492884e-10, 2694.037
5236.264444589615, -8.636198e-05, 6.883729e-10, 2694.042
5238.264527797699, -8.925662e-05, 7.392945e-10, 2694.079
5240.264623403549, -8.751982e-05, 7.399535e-10, 2694.174
5242.264707565308, -8.809874e-05, 7.348946e-10, 2694.155
5244.2647960186005, -8.809876e-05, 7.648582e-10, 2694.205
5246.264898300171, -8.867768e-05, 6.71374e-10, 2694.308
5248.264988183975, -8.867768e-05, 6.713711e-10, 2694.534
5250.265089035034, -8.694091e-05, 7.888262e-10, 2694.578
5252.265180110931, -8.809871e-05, 7.901517e-10, 2694.611
5254.2652797698975, -8.867766e-05, 6.473998e-10, 2694.684
5256.26535987854, -8.520412e-05, 7.002749e-10, 2694.732
5258.2654395103455, -8.809877e-05, 7.900168e-10, 2694.781
5260.265517234802, -8.694091e-05, 7.496726e-10, 2694.861
5262.265597343445, -8.925662e-05, 8.255642e-10, 2694.884
5264.265685558319, -8.578302e-05, 7.948102e-10, 2694.922
5266.26577091217, -8.751982e-05, 7.548668e-10, 2694.985
5268.265873193741, -8.925663e-05, 7.448791e-10, 2694.992
5270.266006469727, -8.983555e-05, 6.849651e-10, 2695.1
5272.266102075577, -8.751983e-05, 8.05326e-10, 2695.205
5274.2662358284, -8.751981e-05, 7.19652e-10, 2695.186
5276.266317844391, -9.04145e-05, 6.680038e-10, 2695.183
5278.266401052475, -8.925658e-05, 6.333163e-10, 2695.236
5280.266487598419, -8.983555e-05, 7.488848e-10, 2695.263
5282.2665910720825, -8.694091e-05, 6.88376e-10, 2695.238
5284.266680240631, -8.867768e-05, 6.49289e-10, 2695.278
5286.2667644023895, -8.694091e-05, 7.900157e-10, 2695.339
5288.266844749451, -8.636198e-05, 6.749795e-10, 2695.409
5290.266947031021, -8.694088e-05, 7.498121e-10, 2695.397
5292.267060279846, -8.925662e-05, 6.605946e-10, 2695.442
5294.267150402069, -8.867769e-05, 7.105891e-10, 2695.496
5296.267237901688, -8.751985e-05, 6.680062e-10, 2695.516
5298.267325401306, -8.694088e-05, 7.598614e-10, 2695.574
5300.267459630966, -8.636196e-05, 6.506769e-10, 2695.547
5302.267541885376, -8.867766e-05, 7.007362e-10, 2695.563
5304.267642498016, -8.751984e-05, 6.8044e-10, 2695.546
5306.267727613449, -8.983555e-05, 8.818731e-10, 2695.535
5308.267824172974, -8.867769e-05, 8.210992e-10, 2695.547
5310.267960548401, -9.041443e-05, 7.598614e-10, 2695.562
5312.268061637878, -8.809876e-05, 7.395566e-10, 2695.662
5314.268163442612, -8.925659e-05, 8.363417e-10, 2695.692
5316.268243789673, -8.925662e-05, 7.842958e-10, 2695.71
5318.268347740173, -8.809875e-05, 8.263585e-10, 2695.886
5320.268429994583, -9.041446e-05, 8.004675e-10, 2695.863
5322.268570423126, -9.09934e-05, 8.107852e-10, 2695.844
5324.268667221069, -8.983548e-05, 7.748403e-10, 2695.929
5326.2687973976135, -8.809874e-05, 7.399535e-10, 2696.005
5328.2688999176025, -8.809876e-05, 7.842963e-10, 2696.021
5330.269032239914, -9.099338e-05, 7.902148e-10, 2696.022
5332.269164562225, -8.578305e-05, 7.648529e-10, 2696.173
5334.26926612854, -8.694088e-05, 7.744423e-10, 2696.339
5336.269368648529, -8.809876e-05, 7.596625e-10, 2696.352
5338.2694499492645, -8.751982e-05, 7.399552e-10, 2696.405
5340.269545793533, -8.69409e-05, 7.448808e-10, 2696.475
5342.269633769989, -8.867767e-05, 7.895556e-10, 2696.475
5344.269716262817, -8.925658e-05, 8.004009e-10, 2696.529
5346.269795894623, -8.867767e-05, 7.196514e-10, 2696.572
5348.269882678986, -8.925662e-05, 8.255624e-10, 2696.626
5350.269963026047, -9.157232e-05, 7.494813e-10, 2696.672
5352.270044088364, -8.867768e-05, 7.800341e-10, 2696.695
5354.270179271698, -8.983551e-05, 7.338424e-10, 2696.705
5356.270279407501, -8.867768e-05, 7.235889e-10, 2696.664
5358.270371675491, -8.751982e-05, 6.849686e-10, 2696.677
5360.27045750618, -8.578303e-05, 6.63674e-10, 2696.762
5362.270545721054, -8.925658e-05, 6.434375e-10, 2696.709
5364.270638465881, -8.925662e-05, 6.407573e-10, 2696.782
5366.270743131638, -8.925662e-05, 7.33843e-10, 2696.765
5368.2708349227905, -8.809874e-05, 5.217176e-10, 2696.774
5370.270980834961, -8.867765e-05, 6.457237e-10, 2696.802
5372.271071195602, -8.751982e-05, 6.578237e-10, 2696.807
5374.271157741547, -8.809874e-05, 6.010771e-10, 2696.863
5376.271296262741, -8.867768e-05, 7.201145e-10, 2696.893
5378.2714195251465, -9.15723e-05, 7.547382e-10, 2697.043
5380.271517753601, -8.751982e-05, 7.748438e-10, 2697.112
5382.271612405777, -8.983554e-05, 7.446188e-10, 2697.159
5384.27169251442, -8.751982e-05, 6.506762e-10, 2697.138
5386.271844387054, -8.867768e-05, 6.593442e-10, 2697.229
5388.271975278854, -8.983554e-05, 7.488891e-10, 2697.28
5390.272055387497, -9.041444e-05, 6.636752e-10, 2697.242
5392.27214217186, -9.215124e-05, 6.973064e-10, 2697.342
5394.272230148315, -9.041446e-05, 6.506769e-10, 2697.329
5396.272330284119, -8.867768e-05, 7.257491e-10, 2697.315
5398.2724232673645, -8.983551e-05, 6.492896e-10, 2697.274
5400.272557258606, -9.041445e-05, 6.19133e-10, 2697.29
5402.272692203522, -8.867766e-05, 6.209142e-10, 2697.335
5404.272773742676, -8.867768e-05, 6.506774e-10, 2697.402
5406.272860765457, -8.809877e-05, 7.385721e-10, 2697.488
5408.27296257019, -8.867768e-05, 7.15321e-10, 2697.489
5410.27304148674, -8.983555e-05, 6.476394e-10, 2697.507
5412.273138046265, -9.273018e-05, 7.087446e-10, 2697.532
5414.273224115372, -9.041448e-05, 7.28255e-10, 2697.606
5416.273328304291, -9.099338e-05, 6.69394e-10, 2697.664
5418.273411273956, -8.751982e-05, 6.957864e-10, 2697.71
5420.273493528366, -8.867766e-05, 6.857584e-10, 2697.701
5422.273606061935, -8.983554e-05, 6.150645e-10, 2697.739
5424.273691654205, -8.636196e-05, 7.79964e-10, 2697.761
5426.273824214935, -8.867768e-05, 6.705158e-10, 2697.767
5428.273902893066, -8.751981e-05, 7.049392e-10, 2697.801
5430.274003505707, -8.867767e-05, 7.096016e-10, 2697.888
5432.274083852768, -8.636191e-05, 6.002424e-10, 2697.993
5434.274185419083, -8.462515e-05, 6.126462e-10, 2698.072
5436.274271726608, -8.520407e-05, 6.649952e-10, 2698.146
5438.274361848831, -8.925659e-05, 6.392404e-10, 2698.248
5440.274445533752, -8.462513e-05, 6.909528e-10, 2698.283
5442.274545907974, -8.751979e-05, 7.203138e-10, 2698.282
5444.274640083313, -8.636196e-05, 6.481925e-10, 2698.248
5446.274723768234, -8.75198e-05, 7.049403e-10, 2698.295
5448.274857759476, -8.636196e-05, 6.693976e-10, 2698.342
5450.2749490737915, -8.867761e-05, 7.345035e-10, 2698.4
5452.275052309036, -8.636196e-05, 6.940299e-10, 2698.449
5454.2751541137695, -8.636194e-05, 5.637087e-10, 2698.442
5456.2752594947815, -8.751982e-05, 6.940293e-10, 2698.497
5458.27536034584, -8.636194e-05, 7.251756e-10, 2698.576
5460.275461196899, -8.636194e-05, 6.79448e-10, 2698.616
5462.275547981262, -8.462514e-05, 6.571211e-10, 2698.65
5464.275647878647, -8.751982e-05, 6.75905e-10, 2698.667
5466.275748252869, -8.809874e-05, 6.010776e-10, 2698.689
5468.275847196579, -8.75198e-05, 6.140351e-10, 2698.694
5470.2759482860565, -8.92566e-05, 6.781917e-10, 2698.735
5472.2760462760925, -8.867768e-05, 7.096034e-10, 2698.803
5474.2761335372925, -8.751982e-05, 6.308391e-10, 2698.843
5476.27626657486, -8.92566e-05, 6.59343e-10, 2698.826
5478.2763702869415, -8.809874e-05, 6.308361e-10, 2698.865
5480.276453733444, -9.041445e-05, 5.832823e-10, 2698.903
5482.276538610458, -8.925658e-05, 6.050819e-10, 2699.026
5484.276675462723, -8.867766e-05, 6.085168e-10, 2699.04
5486.27675652504, -8.809871e-05, 5.832829e-10, 2699.143
5488.276859760284, -8.867767e-05, 6.13087e-10, 2699.234
5490.276938915253, -9.041445e-05, 6.8101e-10, 2699.285
5492.277034044266, -9.099338e-05, 6.050813e-10, 2699.314
5494.277168512344, -8.925661e-05, 5.734961e-10, 2699.263
5496.277264595032, -8.751982e-05, 6.434381e-10, 2699.218
5498.277351856232, -8.809874e-05, 5.27136e-10, 2699.263
5500.277450799942, -8.694088e-05, 6.109983e-10, 2699.317
5502.277558088303, -8.578298e-05, 6.804382e-10, 2699.365
5504.27766418457, -8.694086e-05, 7.392992e-10, 2699.359
5506.277751922607, -8.636194e-05, 7.494813e-10, 2699.448
5508.27788567543, -8.92566e-05, 6.492949e-10, 2699.487
5510.277979850769, -8.867766e-05, 5.928499e-10, 2699.609
5512.278069734573, -8.751977e-05, 7.498781e-10, 2699.717
5514.278168439865, -8.694089e-05, 7.142653e-10, 2699.787
5516.27826833725, -8.867764e-05, 7.007373e-10, 2699.837
5518.278370141983, -9.041445e-05, 7.300346e-10, 2699.861
5520.278474569321, -8.867766e-05, 6.593418e-10, 2699.918
5522.278616428375, -8.69409e-05, 7.547388e-10, 2699.936
5524.278720617294, -8.751978e-05, 6.839117e-10, 2699.937
5526.278821706772, -8.694085e-05, 7.189295e-10, 2699.963
5528.2789216041565, -8.809875e-05, 7.547382e-10, 2700.023
5530.279055595398, -8.751982e-05, 7.153205e-10, 2700.059
5532.2791476249695, -8.925657e-05, 6.693958e-10, 2700.172
5534.279254436493, -8.867768e-05, 6.392399e-10, 2700.297
5536.279341220856, -8.75198e-05, 6.45027e-10, 2700.25
5538.27944278717, -8.809874e-05, 6.985591e-10, 2700.223
5540.279544830322, -8.636196e-05, 6.2505e-10, 2700.243
5542.279634475708, -8.75198e-05, 6.49289e-10, 2700.264
5544.279716730118, -8.694087e-05, 6.170883e-10, 2700.277
5546.279798984528, -8.925662e-05, 5.59905e-10, 2700.335
5548.279880285263, -8.925659e-05, 6.33321e-10, 2700.392
5550.279971837997, -8.925659e-05, 6.109989e-10, 2700.399
5552.280054092407, -8.694088e-05, 6.376808e-10, 2700.482
5554.280153512955, -8.809874e-05, 7.149247e-10, 2700.482
5556.280250549316, -8.867764e-05, 6.050813e-10, 2700.575
5558.28035402298, -8.751979e-05, 6.069303e-10, 2700.623
5560.280446767807, -8.925659e-05, 6.705153e-10, 2700.652
5562.280539512634, -8.694083e-05, 6.463481e-10, 2700.635
5564.280636787415, -8.694087e-05, 6.705182e-10, 2700.61
5566.280718564987, -8.404623e-05, 6.167837e-10, 2700.601
5568.280854701996, -8.751982e-05, 5.990335e-10, 2700.591
5570.280946493149, -8.867766e-05, 6.839117e-10, 2700.604
5572.281032800674, -8.925658e-05, 5.714753e-10, 2700.603
5574.28113079071, -8.578299e-05, 6.660515e-10, 2700.701
5576.281231164932, -8.5783e-05, 6.34205e-10, 2700.675
5578.2813372612, -8.636188e-05, 5.789302e-10, 2700.761
5580.281428575516, -8.694085e-05, 6.028624e-10, 2700.702
5582.281574487686, -8.694085e-05, 6.250536e-10, 2700.751
5584.28170800209, -8.867767e-05, 7.848286e-10, 2700.759
5586.2818393707275, -8.751979e-05, 7.398926e-10, 2700.834
5588.28197312355, -8.867766e-05, 6.940288e-10, 2700.939
5590.282108068466, -8.63619e-05, 6.903577e-10, 2700.977
5592.282197237015, -8.751982e-05, 7.698515e-10, 2701.026
5594.282298564911, -8.983546e-05, 6.849733e-10, 2701.054
5596.282399654388, -8.578299e-05, 7.95213e-10, 2701.107
5598.282488584518, -8.520408e-05, 7.496783e-10, 2701.128
5600.282599449158, -8.867761e-05, 7.002784e-10, 2701.134
5602.282691001892, -8.5783e-05, 6.8044e-10, 2701.179
5604.282773733139, -8.809868e-05, 7.948137e-10, 2701.261
5606.282873868942, -8.809871e-05, 7.494818e-10, 2701.259
5608.2829620838165, -8.5783e-05, 8.055984e-10, 2701.28
5610.283066749573, -8.867765e-05, 7.953457e-10, 2701.252
5612.283200979233, -8.925657e-05, 7.645935e-10, 2701.422
5614.283297300339, -8.578298e-05, 7.594663e-10, 2701.523
5616.283387184143, -8.751977e-05, 7.597965e-10, 2701.57
5618.283481836319, -8.92566e-05, 8.761606e-10, 2701.654
5620.283587932587, -8.751979e-05, 8.093957e-10, 2701.705
5622.283720254898, -8.694085e-05, 8.513266e-10, 2701.714
5624.283807039261, -9.041445e-05, 7.69716e-10, 2701.743
5626.283908605576, -8.867767e-05, 7.203138e-10, 2701.707
5628.284012079239, -8.809873e-05, 8.417368e-10, 2701.62
5630.284098863602, -8.809874e-05, 7.547382e-10, 2701.633
5632.284187555313, -8.867766e-05, 7.850923e-10, 2701.736
5634.284290552139, -8.751975e-05, 8.302284e-10, 2701.757
5636.284389734268, -8.867764e-05, 7.953445e-10, 2701.723
5638.284470796585, -8.751977e-05, 7.850947e-10, 2701.778
5640.28458070755, -8.809869e-05, 8.255671e-10, 2701.816
5642.284709453583, -8.694086e-05, 7.850941e-10, 2701.883
5644.284836769104, -8.69408e-05, 8.004039e-10, 2701.863
5646.284937143326, -8.983543e-05, 7.301035e-10, 2701.893
5648.285038471222, -8.636193e-05, 7.34901e-10, 2701.864
5650.285171747208, -8.578297e-05, 7.548733e-10, 2701.878
5652.285253763199, -8.925657e-05, 7.948178e-10, 2701.893
5654.285339832306, -8.925655e-05, 7.59866e-10, 2701.94
5656.28542137146, -9.041445e-05, 7.698515e-10, 2701.937
5658.285564661026, -8.578301e-05, 6.78196e-10, 2701.977
5660.285699129105, -8.983549e-05, 7.448859e-10, 2701.97
5662.285799741745, -8.867761e-05, 7.291149e-10, 2701.973
5664.285896778107, -8.98355e-05, 6.883814e-10, 2702.062
5666.285997390747, -8.867764e-05, 7.243858e-10, 2702.107
5668.286081314087, -8.925656e-05, 7.648647e-10, 2702.139
5670.2861659526825, -8.694085e-05, 8.107245e-10, 2702.131
5672.286251544952, -8.925657e-05, 7.749777e-10, 2702.168
5674.286335229874, -8.925657e-05, 8.363477e-10, 2702.173
5676.286415815353, -8.694085e-05, 6.308396e-10, 2702.197
5678.286499261856, -8.751979e-05, 6.849692e-10, 2702.227
5680.28659081459, -8.809871e-05, 6.2919e-10, 2702.221
5682.286676168442, -8.694086e-05, 6.862897e-10, 2702.454
5684.286759376526, -8.751975e-05, 6.350397e-10, 2702.645
5686.2868411540985, -8.694085e-05, 5.950964e-10, 2702.686
5688.286926984787, -8.751979e-05, 6.126485e-10, 2702.637
5690.287013292313, -8.809871e-05, 6.749837e-10, 2702.723
5692.2871062755585, -8.925657e-05, 6.909523e-10, 2702.814
5694.287238836288, -8.867761e-05, 6.27275e-10, 2702.806
5696.2873203754425, -8.867764e-05, 6.535617e-10, 2702.898
5698.2874138355255, -8.694083e-05, 6.895019e-10, 2702.96
5700.287497997284, -8.751979e-05, 6.960105e-10, 2703.018
5702.287581682205, -8.578297e-05, 7.153239e-10, 2702.995
5704.287699460983, -8.520408e-05, 6.949547e-10, 2703.026
5706.287796974182, -8.636193e-05, 6.420118e-10, 2703.075
5708.287899255753, -8.520408e-05, 6.680104e-10, 2703.062
5710.28798365593, -8.578298e-05, 6.49298e-10, 2703.035
5712.288098573685, -8.751978e-05, 6.191396e-10, 2703.074
5714.288190364838, -8.751979e-05, 6.450259e-10, 2703.11
5716.288320541382, -8.809871e-05, 7.235943e-10, 2703.173
5718.288453578949, -8.751979e-05, 6.913468e-10, 2703.155
5720.288561820984, -8.751974e-05, 7.002819e-10, 2703.126
5722.288644075394, -8.636193e-05, 6.561992e-10, 2703.161
5724.28874206543, -8.694084e-05, 7.057313e-10, 2703.239
5726.288829565048, -8.80987e-05, 6.713815e-10, 2703.259
5728.288948059082, -8.809871e-05, 6.167879e-10, 2703.289
5730.2890384197235, -8.751979e-05, 6.705199e-10, 2703.301
5732.289134979248, -8.694086e-05, 7.345053e-10, 2703.299
5734.2892370224, -8.751977e-05, 6.839153e-10, 2703.332
5736.289338588715, -8.694082e-05, 6.723444e-10, 2703.33
5738.289441347122, -8.69408e-05, 5.651386e-10, 2703.332
5740.28951883316, -8.751977e-05, 6.209201e-10, 2703.354
5742.289619445801, -8.462513e-05, 6.167879e-10, 2703.366
5744.289700984955, -9.041437e-05, 5.713228e-10, 2703.438
5746.289845228195, -8.925657e-05, 6.55012e-10, 2703.468
5748.289981126785, -8.751979e-05, 6.350391e-10, 2703.475
5750.290082216263, -8.636191e-05, 5.850687e-10, 2703.564
5752.290186166763, -8.63619e-05, 6.636788e-10, 2703.626
5754.2903089523315, -8.694081e-05, 6.150675e-10, 2703.722
5756.290388584137, -8.520407e-05, 6.794497e-10, 2703.787
5758.290482521057, -8.809868e-05, 6.110024e-10, 2703.848
5760.290566444397, -8.867764e-05, 7.121568e-10, 2703.815
5762.290660858154, -8.867763e-05, 6.825972e-10, 2703.857
5764.290764093399, -8.925657e-05, 7.142694e-10, 2703.842
5766.290894269943, -8.751977e-05, 6.250554e-10, 2703.814
5768.2909960746765, -8.751977e-05, 7.196591e-10, 2703.781
5770.291088581085, -8.636193e-05, 6.191384e-10, 2703.928
5772.291190624237, -8.925657e-05, 6.550132e-10, 2704.09
5774.29129076004, -8.636193e-05, 6.606005e-10, 2704.115
5776.291431903839, -8.694082e-05, 6.794497e-10, 2704.07
5778.291518211365, -8.751977e-05, 6.636782e-10, 2704.074
5780.291600942612, -8.578298e-05, 6.191402e-10, 2704.005
5782.291679143906, -8.694085e-05, 5.539248e-10, 2704.009
5784.2917630672455, -8.751977e-05, 7.096045e-10, 2703.974
5786.291864871979, -8.867762e-05, 6.232058e-10, 2703.96
5788.2919454574585, -8.867764e-05, 6.706282e-10, 2704.011
5790.292026996613, -8.809871e-05, 6.029711e-10, 2704.109
5792.292129516602, -8.98355e-05, 6.147812e-10, 2704.189
5794.292230606079, -8.983546e-05, 4.815547e-10, 2704.225
5796.292333841324, -8.809871e-05, 6.794528e-10, 2704.269
5798.292439937592, -8.809866e-05, 7.695225e-10, 2704.251
5800.292531013489, -9.041441e-05, 6.825972e-10, 2704.294
5802.292624235153, -8.925657e-05, 8.055972e-10, 2704.3
5804.292712688446, -9.041443e-05, 7.142694e-10, 2704.393
5806.292808294296, -9.099337e-05, 7.179404e-10, 2704.38
5808.292908668518, -9.099332e-05, 7.737935e-10, 2704.371
5810.292997121811, -9.157228e-05, 7.536897e-10, 2704.359
5812.293129682541, -9.330906e-05, 7.744516e-10, 2704.355
5814.293212175369, -8.983549e-05, 7.584813e-10, 2704.402
5816.293314218521, -9.099335e-05, 7.179417e-10, 2704.48
5818.2934057712555, -9.099336e-05, 7.680735e-10, 2704.577
5820.2935082912445, -9.215117e-05, 7.440957e-10, 2704.647
5822.293597698212, -8.925657e-05, 6.895001e-10, 2704.694
5824.293699502945, -8.983546e-05, 6.748955e-10, 2704.655
5826.2938351631165, -8.98355e-05, 7.375836e-10, 2704.65
5828.293928146362, -8.983548e-05, 6.766772e-10, 2704.625
5830.294017076492, -8.867763e-05, 6.928445e-10, 2704.614
5832.2941126823425, -9.041443e-05, 7.257516e-10, 2704.707
5834.294211387634, -9.215123e-05, 6.781947e-10, 2704.788
5836.294290304184, -9.04144e-05, 6.706257e-10, 2704.801
5838.294389247894, -9.099332e-05, 6.737976e-10, 2704.882
5840.29447889328, -8.867764e-05, 6.985651e-10, 2704.945
5842.294620275497, -8.80987e-05, 7.953468e-10, 2704.99
5844.294709444046, -8.809869e-05, 6.940341e-10, 2705.038
5846.294796705246, -8.925654e-05, 7.640668e-10, 2704.989
5848.294886112213, -8.694085e-05, 7.448848e-10, 2705.039
5850.2949895858765, -8.983548e-05, 6.550108e-10, 2705.063
5852.295076847076, -8.867762e-05, 5.967245e-10, 2705.065
5854.295161724091, -8.867764e-05, 5.851103e-10, 2705.105
5856.295330047607, -8.809871e-05, 6.333271e-10, 2705.062
5858.295466661453, -9.04144e-05, 5.812416e-10, 2705.05
5860.295577287674, -8.867765e-05, 7.189326e-10, 2705.084
5862.29568195343, -8.809868e-05, 6.050861e-10, 2705.139
5864.295824766159, -8.694085e-05, 6.434412e-10, 2705.211
5866.295914888382, -8.983547e-05, 6.450259e-10, 2705.268
5868.296013832092, -8.925657e-05, 6.46347e-10, 2705.318
5870.296118021011, -8.809871e-05, 6.561992e-10, 2705.337
5872.296250581741, -8.751976e-05, 6.167849e-10, 2705.263
5874.296357870102, -8.636193e-05, 6.25053e-10, 2705.224
5876.2964878082275, -8.751979e-05, 6.150669e-10, 2705.348
5878.296575546265, -8.925657e-05, 6.535611e-10, 2705.429
5880.296690225601, -8.520408e-05, 6.232064e-10, 2705.565
5882.296799182892, -9.099337e-05, 6.069052e-10, 2705.745
5884.296931743622, -8.98355e-05, 6.535623e-10, 2705.842
5886.297061681747, -9.041441e-05, 6.069303e-10, 2705.908
5888.2971913814545, -8.867766e-05, 6.110001e-10, 2706.015
5890.297294139862, -8.809868e-05, 6.050813e-10, 2706.071
5892.297395944595, -8.809871e-05, 5.889807e-10, 2706.065
5894.297480583191, -8.5783e-05, 5.118011e-10, 2706.01
5896.2975788116455, -8.809866e-05, 5.67516e-10, 2705.908
5898.297676324844, -8.867765e-05, 6.794497e-10, 2705.905
5900.297760248184, -8.578297e-05, 5.651386e-10, 2705.922
5902.297899007797, -8.867762e-05, 5.889795e-10, 2705.94
5904.297983407974, -8.751979e-05, 5.928517e-10, 2705.939
5906.298082113266, -8.867762e-05, 5.343501e-10, 2705.905
5908.298164606094, -9.09933e-05, 6.622703e-10, 2705.87
5910.298269987106, -8.80987e-05, 5.889801e-10, 2705.922
5912.2983548641205, -8.694086e-05, 5.851115e-10, 2705.935
5914.298466682434, -8.809866e-05, 6.392464e-10, 2705.942
5916.298568725586, -8.925654e-05, 6.130876e-10, 2705.953
5918.298664808273, -8.809869e-05, 5.726152e-10, 2705.973
5920.298766613007, -8.809869e-05, 5.595923e-10, 2705.902
5922.298864603043, -8.983547e-05, 6.130888e-10, 2705.865
5924.298948287964, -8.809869e-05, 6.150681e-10, 2705.821
5926.299091100693, -8.867765e-05, 6.029717e-10, 2705.81
5928.299182653427, -9.157224e-05, 6.663608e-10, 2705.789
5930.299325942993, -8.925657e-05, 6.279595e-10, 2705.863
5932.2994265556335, -8.867763e-05, 5.990334e-10, 2705.96
5934.299514055252, -8.86776e-05, 6.150698e-10, 2706.07
5936.299599409103, -8.751976e-05, 6.333247e-10, 2706.08
5938.299700498581, -9.215121e-05, 5.928517e-10, 2706.117
5940.299784660339, -8.925657e-05, 5.789285e-10, 2706.132
5942.299868345261, -8.925657e-05, 6.110001e-10, 2706.116
5944.299970149994, -8.80987e-05, 6.291894e-10, 2706.15
5946.300074100494, -8.925657e-05, 5.951012e-10, 2706.156
5948.300154924393, -8.694084e-05, 6.333252e-10, 2706.17
5950.300246715546, -8.983547e-05, 6.636788e-10, 2706.099
5952.300378084183, -8.694082e-05, 6.333234e-10, 2706.167
5954.300510406494, -9.041443e-05, 6.333234e-10, 2706.202
5956.300610303879, -8.925657e-05, 5.95097e-10, 2706.23
5958.300689458847, -9.041441e-05, 6.506804e-10, 2706.157
5960.300792694092, -8.98355e-05, 5.928517e-10, 2706.143
5962.3008868694305, -8.80987e-05, 5.967227e-10, 2706.216
5964.300987243652, -8.694081e-05, 5.379552e-10, 2706.304
5966.301068544388, -8.751979e-05, 6.130882e-10, 2706.358
5968.301173686981, -8.694084e-05, 5.576638e-10, 2706.36
5970.301311016083, -8.925657e-05, 5.713233e-10, 2706.331
5972.301414966583, -9.04144e-05, 5.67516e-10, 2706.333
5974.301564455032, -8.983547e-05, 7.121605e-10, 2706.371
5976.301648378372, -8.751976e-05, 6.130906e-10, 2706.429
5978.301733255386, -8.809869e-05, 5.751265e-10, 2706.504
5980.301816225052, -8.694082e-05, 6.167861e-10, 2706.582
5982.301924228668, -8.694083e-05, 5.911658e-10, 2706.618
5984.302024126053, -8.69408e-05, 6.028635e-10, 2706.607
5986.302123785019, -8.694083e-05, 6.210957e-10, 2706.647
5988.302215337753, -8.520407e-05, 6.333277e-10, 2706.692
5990.302304506302, -8.694082e-05, 6.209184e-10, 2706.807
5992.302387952805, -8.809871e-05, 6.0108e-10, 2706.78
5994.302490949631, -8.809868e-05, 6.266395e-10, 2706.784
5996.302570819855, -8.694085e-05, 5.87224e-10, 2706.728
5998.30270409584, -8.636191e-05, 5.637117e-10, 2706.761
6000.302799940109, -8.462514e-05, 6.713781e-10, 2706.804
6002.302884578705, -8.925654e-05, 5.967227e-10, 2706.98
6004.302950620651, -9.099335e-05, 6.45027e-10, 2706.959
6006.3030416965485, -8.636191e-05, 5.990359e-10, 2706.981
6008.3031804561615, -8.69408e-05, 6.737988e-10, 2707.023
6010.303280591965, -8.867764e-05, 6.649993e-10, 2707.09
6012.303384542465, -8.809868e-05, 7.031003e-10, 2707.201
6014.303486824036, -8.694085e-05, 6.535623e-10, 2707.138
6016.3035888671875, -8.694085e-05, 6.150687e-10, 2707.189
6018.303690433502, -8.578299e-05, 5.637134e-10, 2707.212
6020.3037922382355, -8.751974e-05, 6.883826e-10, 2707.262
6022.303874731064, -8.404616e-05, 6.781965e-10, 2707.335
6024.3039700984955, -8.751975e-05, 6.940311e-10, 2707.426
6026.30405664444, -8.751979e-05, 6.550108e-10, 2707.436
6028.304134607315, -8.925651e-05, 7.397617e-10, 2707.453
6030.304235935211, -8.694085e-05, 6.903595e-10, 2707.552
6032.304324150085, -8.867762e-05, 7.251826e-10, 2707.651
6034.304401397705, -8.694084e-05, 7.749771e-10, 2707.59
6036.304498910904, -8.636191e-05, 6.995553e-10, 2707.584
6038.304585695267, -8.983548e-05, 7.749789e-10, 2707.602
6040.304687738419, -8.983548e-05, 7.850965e-10, 2707.548
6042.304780006409, -8.867762e-05, 7.800383e-10, 2707.455
6044.304867267609, -8.69408e-05, 7.596696e-10, 2707.388
6046.304946422577, -8.636191e-05, 6.593454e-10, 2707.369
6048.305082082748, -8.925653e-05, 7.251791e-10, 2707.408
6050.305165052414, -8.983546e-05, 7.076258e-10, 2707.358
6052.305261850357, -8.636191e-05, 7.297112e-10, 2707.331
6054.305362462997, -8.462511e-05, 6.759091e-10, 2707.359
6056.305495500565, -8.80987e-05, 7.24393e-10, 2707.488
6058.305577039719, -8.636188e-05, 8.004062e-10, 2707.531
6060.305671930313, -8.751974e-05, 7.102014e-10, 2707.502
6062.305758476257, -8.80987e-05, 7.142711e-10, 2707.475
6064.305853128433, -8.751977e-05, 7.399593e-10, 2707.458
6066.305941104889, -8.925654e-05, 7.598678e-10, 2707.535
6068.306033849716, -8.809871e-05, 7.153239e-10, 2707.556
6070.306167602539, -8.578295e-05, 7.744486e-10, 2707.572
6072.306301355362, -8.636188e-05, 7.142712e-10, 2707.549
6074.306394338608, -8.694085e-05, 7.349034e-10, 2707.515
6076.306489944458, -9.04144e-05, 7.90022e-10, 2707.525
6078.306623220444, -8.636187e-05, 7.345065e-10, 2707.601
6080.3067264556885, -8.751974e-05, 6.985645e-10, 2707.531
6082.306836843491, -8.751975e-05, 6.02867e-10, 2707.484
6084.306941747665, -8.694083e-05, 6.291924e-10, 2707.432
6086.307026386261, -8.751977e-05, 6.985657e-10, 2707.457
6088.307129383087, -8.80987e-05, 7.345071e-10, 2707.56
6090.307232618332, -8.751977e-05, 8.943145e-10, 2707.581
6092.307331562042, -8.751974e-05, 7.345089e-10, 2707.542
6094.307447910309, -8.694083e-05, 7.102014e-10, 2707.572
6096.307547092438, -8.578296e-05, 7.398931e-10, 2707.588
6098.307629585266, -8.694085e-05, 7.105316e-10, 2707.588
6100.307717084885, -8.520403e-05, 7.196603e-10, 2707.572
6102.307801961899, -8.578298e-05, 6.209226e-10, 2707.547
6104.307933092117, -8.809867e-05, 6.668471e-10, 2707.476
6106.308035850525, -8.694082e-05, 6.949577e-10, 2707.479
6108.308167695999, -8.578297e-05, 6.995547e-10, 2707.581
6110.308261156082, -8.751977e-05, 7.002819e-10, 2707.607
6112.308349609375, -8.751977e-05, 6.857689e-10, 2707.598
6114.308449983597, -8.462511e-05, 7.105287e-10, 2707.541
6116.308593511581, -8.636191e-05, 6.386095e-10, 2707.512
6118.308678150177, -8.809866e-05, 6.194276e-10, 2707.506
6120.308780670166, -8.404617e-05, 6.098367e-10, 2707.554
6122.308879375458, -8.86776e-05, 6.364947e-10, 2707.614
6124.308966636658, -8.578298e-05, 7.548756e-10, 2707.641
6126.309068918228, -8.63619e-05, 8.053323e-10, 2707.622
6128.309205532074, -8.578297e-05, 6.913485e-10, 2707.667
6130.30934047699, -8.636189e-05, 6.16789e-10, 2707.649
6132.309451818466, -8.520404e-05, 7.002819e-10, 2707.582
6134.309595108032, -8.462511e-05, 6.804423e-10, 2707.626
6136.309730052948, -8.520402e-05, 6.420147e-10, 2707.607
6138.309873819351, -8.694082e-05, 7.20125e-10, 2707.666
6140.309975862503, -8.751974e-05, 6.995577e-10, 2707.748
6142.3100662231445, -8.867764e-05, 7.345071e-10, 2707.753
6144.310153007507, -8.867762e-05, 7.397647e-10, 2707.767
6146.310251712799, -8.636191e-05, 6.794497e-10, 2707.763
6148.310354948044, -8.983546e-05, 6.737982e-10, 2707.845
6150.310451745987, -8.925655e-05, 7.096063e-10, 2707.918
6152.310615062714, -8.636188e-05, 7.345089e-10, 2707.914
6154.310724973679, -8.751976e-05, 6.668476e-10, 2707.955
6156.310830831528, -8.636191e-05, 7.698575e-10, 2708.029
6158.310936689377, -8.86776e-05, 7.448901e-10, 2707.973
6160.311076164246, -8.809868e-05, 7.189354e-10, 2707.932
6162.311160564423, -8.867762e-05, 7.102014e-10, 2707.92
6164.311263084412, -8.809868e-05, 7.149293e-10, 2707.907
6166.311355352402, -8.404617e-05, 7.697189e-10, 2707.984
6168.31144118309, -8.462511e-05, 6.862926e-10, 2707.996
6170.311545133591, -8.462507e-05, 6.862938e-10, 2708.019
6172.31164598465, -8.694081e-05, 7.345089e-10, 2708.082
6174.311776638031, -8.694081e-05, 7.054722e-10, 2708.183
6176.311910867691, -8.925654e-05, 7.448895e-10, 2708.197
6178.312020778656, -8.63619e-05, 7.007471e-10, 2708.269
6180.312155246735, -8.578297e-05, 7.057341e-10, 2708.27
6182.312250614166, -8.520402e-05, 6.76577e-10, 2708.261
6184.312348604202, -8.462511e-05, 6.407615e-10, 2708.228
6186.312449455261, -8.809868e-05, 7.329242e-10, 2708.185
6188.312557935715, -8.751977e-05, 7.20122e-10, 2708.164
6190.312624454498, -8.636191e-05, 8.247756e-10, 2708.171
6192.3127274513245, -8.694083e-05, 6.839194e-10, 2708.219
6194.312815904617, -8.751976e-05, 7.297113e-10, 2708.257
6196.312904834747, -8.867758e-05, 7.297154e-10, 2708.28
6198.312999248505, -8.751977e-05, 8.154501e-10, 2708.275
6200.3130848407745, -8.751971e-05, 7.888313e-10, 2708.372
6202.313219547272, -8.636191e-05, 7.648606e-10, 2708.346
6204.313303470612, -8.809869e-05, 8.417368e-10, 2708.423
6206.313438177109, -8.578297e-05, 7.34901e-10, 2708.522
6208.3135201931, -8.5204e-05, 6.279641e-10, 2708.545
6210.313601970673, -8.694083e-05, 6.450312e-10, 2708.542
6212.313685178757, -8.809868e-05, 6.825965e-10, 2708.503
6214.313775777817, -8.63619e-05, 6.794528e-10, 2708.539
6216.31386256218, -8.925654e-05, 6.973113e-10, 2708.514
6218.31396484375, -8.867762e-05, 7.096069e-10, 2708.596
6220.314043998718, -8.694081e-05, 5.930738e-10, 2708.723
6222.314146280289, -8.809869e-05, 6.069315e-10, 2708.699
6224.314236164093, -8.983548e-05, 6.407638e-10, 2708.733
6226.3143746852875, -8.983543e-05, 6.130888e-10, 2708.697
6228.3144726753235, -9.04144e-05, 6.250578e-10, 2708.679
6230.314572095871, -8.925651e-05, 7.041535e-10, 2708.596
6232.314656257629, -8.694082e-05, 5.751301e-10, 2708.553
6234.314758300781, -8.983548e-05, 6.029717e-10, 2708.499
6236.314850568771, -9.04144e-05, 5.614021e-10, 2708.481
6238.314952135086, -8.92565e-05, 5.832905e-10, 2708.457
6240.315054178238, -8.809866e-05, 6.738024e-10, 2708.448
6242.315136194229, -8.751975e-05, 6.450282e-10, 2708.555
6244.315238952637, -8.983544e-05, 6.849734e-10, 2708.609
6246.315329551697, -8.925651e-05, 6.870016e-10, 2708.611
6248.315416812897, -9.041439e-05, 5.967263e-10, 2708.706
6250.3155035972595, -8.809868e-05, 6.949589e-10, 2708.732
6252.315583229065, -8.925654e-05, 6.782001e-10, 2708.848
6254.315717935562, -8.809868e-05, 6.291918e-10, 2708.93
6256.315802812576, -8.809868e-05, 6.849734e-10, 2708.979
6258.315902709961, -9.099334e-05, 6.896775e-10, 2708.988
6260.315996170044, -8.983548e-05, 7.087488e-10, 2708.955
6262.316093206406, -8.809864e-05, 6.506809e-10, 2708.945
6264.316207408905, -8.809868e-05, 6.578285e-10, 2708.916
6266.316339969635, -8.809868e-05, 6.869948e-10, 2708.851
6268.316425323486, -8.80987e-05, 7.07627e-10, 2708.817
6270.31657576561, -8.867762e-05, 6.913943e-10, 2708.902
6272.316653251648, -8.751973e-05, 6.606034e-10, 2708.903
6274.316785335541, -8.925651e-05, 6.928463e-10, 2708.913
6276.316869735718, -8.751975e-05, 6.849734e-10, 2708.975
6278.317018270493, -8.751974e-05, 6.110036e-10, 2709.002
6280.31711602211, -9.099332e-05, 5.851133e-10, 2709.01
6282.317253351212, -8.636188e-05, 6.550143e-10, 2709.06
6284.317356824875, -8.751974e-05, 6.660579e-10, 2709.093
6286.317458868027, -8.925653e-05, 6.895043e-10, 2709.081
6288.317572116852, -8.751976e-05, 6.550185e-10, 2709.023
6290.318345785141, -8.578297e-05, 6.781977e-10, 2708.996
6292.318428993225, -8.636191e-05, 7.594731e-10, 2709.022
6294.318514347076, -8.694079e-05, 6.895043e-10, 2709.075
6296.318599939346, -8.867761e-05, 6.909592e-10, 2709.049
6298.3186864852905, -8.694081e-05, 7.598017e-10, 2709.125
6300.318779230118, -8.867762e-05, 8.309608e-10, 2709.15
6302.318881511688, -8.809868e-05, 8.80491e-10, 2709.109
6304.31898188591, -8.751974e-05, 7.645974e-10, 2709.13
6306.3191204071045, -8.925654e-05, 7.44886e-10, 2709.136
6308.319218635559, -8.983548e-05, 7.800382e-10, 2709.168
6310.319312334061, -8.983548e-05, 7.349045e-10, 2709.105
6312.319415330887, -8.751976e-05, 7.547423e-10, 2709.087
6314.319524049759, -9.157225e-05, 8.053341e-10, 2709.166
6316.319664716721, -8.694083e-05, 7.349034e-10, 2709.158
6318.3197503089905, -8.925652e-05, 7.645999e-10, 2709.286
6320.319835662842, -8.925654e-05, 7.543473e-10, 2709.393
6322.31996679306, -8.867761e-05, 7.297095e-10, 2709.36
6324.320049762726, -8.809864e-05, 8.421392e-10, 2709.297
6326.320152282715, -8.809868e-05, 8.211064e-10, 2709.282
6328.320242166519, -8.809866e-05, 7.536915e-10, 2709.219
6330.320378541946, -8.925653e-05, 7.149317e-10, 2709.181
6332.320456504822, -8.925651e-05, 7.29118e-10, 2709.094
6334.32056760788, -8.809868e-05, 7.695237e-10, 2709.088
6336.320662498474, -8.983548e-05, 7.952184e-10, 2709.193
6338.320797204971, -8.694085e-05, 7.79971e-10, 2709.225
6340.320902347565, -8.809869e-05, 7.547417e-10, 2709.257
6342.3209908008575, -8.86776e-05, 7.345065e-10, 2709.246
6344.321126937866, -8.751973e-05, 7.251819e-10, 2709.269
6346.321211576462, -8.809867e-05, 7.548745e-10, 2709.27
6348.321313619614, -8.983548e-05, 8.417392e-10, 2709.329
6350.321420669556, -8.809868e-05, 8.053348e-10, 2709.348
6352.321577787399, -8.809868e-05, 7.648624e-10, 2709.355
6354.321661472321, -8.983546e-05, 7.800388e-10, 2709.39
6356.3217577934265, -8.809868e-05, 7.49486e-10, 2709.394
6358.321848630905, -8.809869e-05, 8.000753e-10, 2709.441
6360.321928977966, -8.809868e-05, 7.448889e-10, 2709.433
6362.32203245163, -8.694084e-05, 7.498816e-10, 2709.488
6364.322137594223, -8.925654e-05, 7.196608e-10, 2709.401
6366.322223901749, -8.86776e-05, 6.949618e-10, 2709.403
6368.322319030762, -8.867762e-05, 7.44097e-10, 2709.501
6370.322429418564, -8.925649e-05, 7.498144e-10, 2709.423
6372.322588920593, -8.86776e-05, 7.645994e-10, 2709.375
6374.322676181793, -8.636188e-05, 7.448912e-10, 2709.324
6376.32275724411, -8.751976e-05, 6.506816e-10, 2709.29
6378.322855472565, -8.694081e-05, 7.105328e-10, 2709.263
6380.322938203812, -8.751974e-05, 7.102014e-10, 2709.364
6382.323016166687, -8.694082e-05, 6.47646e-10, 2709.456
6384.3231081962585, -8.867762e-05, 7.041524e-10, 2709.438
6386.323209762573, -9.041438e-05, 7.397647e-10, 2709.367
6388.323307752609, -8.694079e-05, 6.474067e-10, 2709.439
6390.32341003418, -8.809868e-05, 6.150698e-10, 2709.42
6392.3234939575195, -8.578294e-05, 6.949594e-10, 2709.572
6394.323590517044, -8.86776e-05, 6.028676e-10, 2709.589
6396.323692083359, -8.636186e-05, 6.839195e-10, 2709.607
6398.323790073395, -8.92565e-05, 7.39304e-10, 2709.631
6400.323881864548, -8.578295e-05, 6.266436e-10, 2709.672
6402.323966741562, -9.04144e-05, 6.476478e-10, 2709.675
6404.324059963226, -8.925656e-05, 6.535617e-10, 2709.632
6406.324156761169, -8.520405e-05, 6.392428e-10, 2709.616
6408.324256896973, -8.694082e-05, 6.394832e-10, 2709.765
6410.324337244034, -8.751976e-05, 6.191402e-10, 2709.807
6412.324442386627, -8.520404e-05, 6.6368e-10, 2709.869
6414.32453584671, -8.636191e-05, 6.869942e-10, 2709.919
6416.324635505676, -8.809868e-05, 6.01083e-10, 2709.83
6418.324730634689, -8.809868e-05, 7.133476e-10, 2709.791
6420.324809074402, -8.867762e-05, 6.738012e-10, 2709.8
6422.324883937836, -8.751975e-05, 6.535623e-10, 2709.772
6424.324962615967, -8.69408e-05, 6.308414e-10, 2709.742
6426.325044870377, -8.751971e-05, 6.550167e-10, 2709.807
6428.325122833252, -8.520403e-05, 6.518479e-10, 2709.806
6430.325256824493, -8.983544e-05, 7.547465e-10, 2709.8
6432.325344324112, -8.694082e-05, 6.705222e-10, 2709.816
6434.325443744659, -8.751976e-05, 6.895061e-10, 2709.798
6436.325553178787, -8.809864e-05, 5.637145e-10, 2709.716
6438.325654745102, -8.404618e-05, 6.749866e-10, 2709.737
6440.325756788254, -8.636191e-05, 5.67516e-10, 2709.798
6442.325838804245, -8.69408e-05, 5.810702e-10, 2709.815
6444.325940847397, -8.636189e-05, 6.737982e-10, 2709.817
6446.326071739197, -8.751974e-05, 7.096081e-10, 2709.782
6448.326202630997, -8.694083e-05, 6.550167e-10, 2709.835
6450.326332807541, -8.751973e-05, 6.191402e-10, 2709.842
6452.326462984085, -8.751976e-05, 6.434453e-10, 2709.83
6454.326567649841, -8.86776e-05, 5.286705e-10, 2709.781
6456.326653957367, -8.809868e-05, 5.789315e-10, 2709.71
6458.326753854752, -8.751974e-05, 5.851144e-10, 2709.775
6460.326854705811, -8.983546e-05, 5.928541e-10, 2709.801
6462.326952934265, -8.578297e-05, 5.990359e-10, 2709.842
6464.327036857605, -8.751971e-05, 6.392434e-10, 2709.897
6466.327115535736, -8.86776e-05, 5.539278e-10, 2709.989
6468.327199459076, -8.809868e-05, 5.851156e-10, 2710.031
6470.327292919159, -8.925651e-05, 6.47646e-10, 2710.029
6472.327386379242, -8.636187e-05, 7.251808e-10, 2709.983
6474.327468395233, -8.925654e-05, 7.096081e-10, 2709.915
6476.327580690384, -8.809866e-05, 7.345077e-10, 2709.93
6478.327676296234, -8.694079e-05, 7.133482e-10, 2709.904
6480.327768564224, -8.925651e-05, 7.393022e-10, 2709.989
6482.327862977982, -8.86776e-05, 6.913943e-10, 2710.094
6484.32794713974, -8.751977e-05, 6.170949e-10, 2710.257
6486.328041791916, -8.983547e-05, 6.450288e-10, 2710.288
6488.328125476837, -8.751975e-05, 6.2244e-10, 2710.312
6490.328209877014, -8.867761e-05, 6.250584e-10, 2710.281
6492.328292131424, -8.809868e-05, 6.09088e-10, 2710.236
6494.3283932209015, -8.751974e-05, 6.209237e-10, 2710.287
6496.328472852707, -8.578291e-05, 5.85075e-10, 2710.329
6498.328572750092, -8.86776e-05, 6.839164e-10, 2710.402
6500.328672170639, -8.694079e-05, 6.322285e-10, 2710.492
6502.328817844391, -8.636187e-05, 6.392487e-10, 2710.474
6504.328901767731, -8.809868e-05, 7.399621e-10, 2710.47
6506.328988075256, -8.925651e-05, 6.857665e-10, 2710.5
6508.329078912735, -8.578295e-05, 6.804429e-10, 2710.506
6510.329213857651, -8.809868e-05, 7.007442e-10, 2710.531
6512.329304695129, -9.041438e-05, 7.031003e-10, 2710.425
6514.3294088840485, -8.63618e-05, 6.995577e-10, 2710.345
6516.329538106918, -8.694079e-05, 6.11003e-10, 2710.309
6518.329642057419, -8.809866e-05, 6.420182e-10, 2710.377
6520.329728841782, -8.751972e-05, 6.364965e-10, 2710.321
6522.329861402512, -8.636187e-05, 5.889855e-10, 2710.339
6524.3299922943115, -8.751976e-05, 7.4463e-10, 2710.289
6526.330078840256, -8.636188e-05, 6.759102e-10, 2710.278
6528.330181121826, -8.751972e-05, 6.895055e-10, 2710.237
6530.330273866653, -8.69408e-05, 6.650029e-10, 2710.181
6532.330407142639, -8.925648e-05, 7.236016e-10, 2710.193
6534.330509901047, -8.86776e-05, 6.839177e-10, 2710.168
6536.3306016922, -8.867757e-05, 7.041571e-10, 2710.213
6538.330688238144, -8.751973e-05, 6.492991e-10, 2710.292
6540.330774068832, -8.751972e-05, 6.506833e-10, 2710.329
6542.330857753754, -8.751974e-05, 6.333307e-10, 2710.33
6544.3309597969055, -8.578295e-05, 5.928553e-10, 2710.32
6546.331041812897, -8.809866e-05, 6.308449e-10, 2710.294
6548.331126689911, -8.867761e-05, 6.010841e-10, 2710.355
6550.331208705902, -8.751967e-05, 6.251013e-10, 2710.334
6552.331290483475, -8.751975e-05, 5.812434e-10, 2710.264
6554.331374406815, -8.578295e-05, 7.189355e-10, 2710.186
6556.331463336945, -8.809868e-05, 6.839177e-10, 2710.242
6558.33154129982, -8.86776e-05, 6.506833e-10, 2710.319
6560.331645488739, -8.867757e-05, 6.266419e-10, 2710.425
6562.331744670868, -8.751976e-05, 6.615918e-10, 2710.449
6564.331820964813, -8.694082e-05, 5.539255e-10, 2710.455
6566.331905126572, -8.462507e-05, 5.930796e-10, 2710.459
6568.33199262619, -8.694079e-05, 5.675207e-10, 2710.412
6570.33207654953, -8.751971e-05, 6.150728e-10, 2710.431
6572.332168102264, -8.636187e-05, 6.167896e-10, 2710.429
6574.332277297974, -8.520404e-05, 6.492997e-10, 2710.465
6576.332412958145, -8.867759e-05, 5.551548e-10, 2710.424
6578.332498550415, -8.983545e-05, 6.374654e-10, 2710.312
6580.332600593567, -8.751974e-05, 6.392452e-10, 2710.245
6582.332733631134, -8.867757e-05, 6.394832e-10, 2710.278
6584.332835197449, -8.925653e-05, 6.973125e-10, 2710.366
6586.332921266556, -8.86776e-05, 6.415981e-10, 2710.4
6588.333019733429, -8.809865e-05, 6.781977e-10, 2710.407
6590.333121299744, -9.099332e-05, 6.973149e-10, 2710.424
6592.333224534988, -8.983548e-05, 6.810137e-10, 2710.511
6594.333309650421, -9.157223e-05, 7.282611e-10, 2710.522
6596.333394289017, -8.983543e-05, 7.23598e-10, 2710.578
6598.333479642868, -9.157224e-05, 6.940353e-10, 2710.622
6600.333555698395, -8.578296e-05, 6.949595e-10, 2710.705
6602.33363866806, -8.751975e-05, 6.333289e-10, 2710.685
6604.333736181259, -8.925653e-05, 6.81015e-10, 2710.735
6606.33381819725, -8.925653e-05, 6.940347e-10, 2710.74
6608.333899497986, -8.983546e-05, 6.995571e-10, 2710.704
6610.333986759186, -8.809868e-05, 6.895049e-10, 2710.709
6612.3340656757355, -8.867759e-05, 6.562039e-10, 2710.708
6614.334166049957, -8.751973e-05, 6.354183e-10, 2710.688
6616.334243297577, -8.636184e-05, 6.550185e-10, 2710.722
6618.334325313568, -8.751974e-05, 6.578327e-10, 2710.774
6620.334406137466, -8.809864e-05, 6.578327e-10, 2710.769
6622.33448600769, -8.578297e-05, 5.351867e-10, 2710.675
6624.334568977356, -8.751974e-05, 5.118058e-10, 2710.699
6626.334651470184, -8.925649e-05, 6.090887e-10, 2710.791
6628.3347861766815, -8.694083e-05, 6.41597e-10, 2710.8
6630.334867954254, -8.751974e-05, 6.191414e-10, 2710.759
6632.335002660751, -8.75197e-05, 5.588325e-10, 2710.71
6634.335136890411, -8.809867e-05, 5.763596e-10, 2710.665
6636.335225343704, -8.578289e-05, 6.705228e-10, 2710.647
6638.335361003876, -8.694079e-05, 6.110053e-10, 2710.606
6640.335465192795, -8.86776e-05, 7.749794e-10, 2710.646
6642.335575580597, -8.809868e-05, 6.737988e-10, 2710.752
6644.335662603378, -8.809866e-05, 6.849728e-10, 2710.776
6646.335765123367, -8.751974e-05, 6.333271e-10, 2710.81
6648.335849046707, -8.578291e-05, 7.102014e-10, 2710.827
6650.335941314697, -8.983546e-05, 6.392464e-10, 2710.807
6652.336076498032, -8.983546e-05, 6.167884e-10, 2710.764
6654.336213350296, -8.694077e-05, 6.606039e-10, 2710.683
6656.336327552795, -8.983543e-05, 6.250595e-10, 2710.606
6658.336419343948, -9.041434e-05, 6.94963e-10, 2710.621
6660.336560964584, -8.809866e-05, 6.333265e-10, 2710.628
6662.336714267731, -8.809866e-05, 5.523817e-10, 2710.614
6664.3368492126465, -8.983543e-05, 5.651404e-10, 2710.601
6666.336978197098, -8.462509e-05, 5.889837e-10, 2710.611
6668.337065458298, -8.636188e-05, 6.250584e-10, 2710.658
6670.337155342102, -8.983542e-05, 6.668505e-10, 2710.693
6672.337241649628, -8.983545e-05, 7.041547e-10, 2710.66
6674.3373436927795, -8.809867e-05, 6.749866e-10, 2710.602
6676.337439060211, -8.867761e-05, 7.041529e-10, 2710.612
6678.337586641312, -8.69408e-05, 6.650022e-10, 2710.669
6680.337689638138, -8.86776e-05, 6.394857e-10, 2710.715
6682.337829828262, -8.636188e-05, 6.308431e-10, 2710.694
6684.337923526764, -8.636188e-05, 7.338477e-10, 2710.727
6686.338054895401, -8.694078e-05, 6.250595e-10, 2710.733
6688.338145971298, -9.099331e-05, 6.364958e-10, 2710.746
6690.33824133873, -8.751974e-05, 6.737994e-10, 2710.731
6692.33834195137, -8.809863e-05, 5.773735e-10, 2710.664
6694.338427066803, -8.694083e-05, 6.434447e-10, 2710.667
6696.338509082794, -8.86776e-05, 6.738007e-10, 2710.643
6698.338598489761, -8.809868e-05, 6.694006e-10, 2710.694
6700.338682413101, -8.694082e-05, 6.090898e-10, 2710.685
6702.338767290115, -8.69408e-05, 5.812434e-10, 2710.686
6704.338855743408, -8.578294e-05, 6.2321e-10, 2710.735
6706.338937759399, -8.809868e-05, 6.1309e-10, 2710.784
6708.339026451111, -8.86776e-05, 5.889837e-10, 2710.796
6710.339115142822, -8.925653e-05, 6.781995e-10, 2710.755
6712.339208126068, -8.867759e-05, 5.588307e-10, 2710.786
6714.3393087387085, -8.751974e-05, 5.451717e-10, 2710.76
6716.339392900467, -8.694079e-05, 6.272786e-10, 2710.756
6718.339484453201, -8.925653e-05, 6.374671e-10, 2710.815
6720.339576005936, -8.636187e-05, 6.35045e-10, 2710.814
6722.339653253555, -8.636186e-05, 5.588295e-10, 2710.874
6724.339752435684, -8.925652e-05, 5.52887e-10, 2710.901
6726.339849233627, -8.867757e-05, 5.28673e-10, 2710.945
6728.339985132217, -8.867757e-05, 6.232101e-10, 2710.965
6730.340065956116, -8.86776e-05, 6.029742e-10, 2710.912
6732.34019780159, -9.041435e-05, 6.995565e-10, 2710.918
6734.340278863907, -8.925651e-05, 7.851007e-10, 2710.885
6736.340379953384, -8.636184e-05, 6.804423e-10, 2710.832
6738.340461730957, -8.578295e-05, 7.498174e-10, 2710.79
6740.340562820435, -9.09933e-05, 7.041548e-10, 2710.856
6742.3406620025635, -8.751972e-05, 6.705228e-10, 2710.936
6744.340742826462, -8.983543e-05, 6.804464e-10, 2710.955
6746.340851306915, -9.04144e-05, 6.723492e-10, 2710.925
6748.340934753418, -9.388795e-05, 7.189349e-10, 2710.954
6750.341022968292, -8.809868e-05, 7.488939e-10, 2710.943
6752.341114997864, -8.809866e-05, 7.645999e-10, 2711.004
6754.341198921204, -8.751972e-05, 6.694041e-10, 2710.96
6756.341279506683, -8.86776e-05, 7.592109e-10, 2710.984
6758.341358184814, -8.867754e-05, 7.345106e-10, 2710.944
6760.3414561748505, -8.925649e-05, 7.297136e-10, 2710.985
6762.341556072235, -8.925652e-05, 7.201237e-10, 2710.976
6764.341654777527, -8.809865e-05, 7.902279e-10, 2710.952
6766.341734886169, -8.925651e-05, 7.596732e-10, 2710.952
6768.341814994812, -8.809866e-05, 7.142724e-10, 2710.931
6770.3419008255005, -8.809867e-05, 7.699223e-10, 2710.959
6772.342030763626, -8.694079e-05, 7.297125e-10, 2711.002
6774.3421189785, -8.809866e-05, 7.648629e-10, 2711.008
6776.342261791229, -8.809867e-05, 7.076307e-10, 2710.931
6778.342340230942, -8.809866e-05, 7.448924e-10, 2710.872
6780.342439889908, -8.636187e-05, 7.548756e-10, 2710.855
6782.342526912689, -8.809863e-05, 7.049473e-10, 2710.778
6784.342613458633, -8.925651e-05, 7.953504e-10, 2710.724
6786.342700004578, -8.809866e-05, 7.80043e-10, 2710.751
6788.3427884578705, -8.925651e-05, 6.738007e-10, 2710.796
6790.342879772186, -8.867757e-05, 7.640722e-10, 2710.778
6792.342971086502, -8.751974e-05, 6.70524e-10, 2710.783
6794.3430733680725, -8.809866e-05, 5.812429e-10, 2710.762
6796.343152284622, -8.86776e-05, 6.680146e-10, 2710.725
6798.343230485916, -8.867757e-05, 6.476503e-10, 2710.668
6800.343309402466, -8.751971e-05, 6.593513e-10, 2710.648
6802.343389034271, -8.925653e-05, 6.593501e-10, 2710.613
6804.343494415283, -9.215115e-05, 7.1335e-10, 2710.667
6806.343585014343, -9.157222e-05, 6.620983e-10, 2710.692
6808.343665122986, -9.215117e-05, 6.983463e-10, 2710.715
6810.343755245209, -8.867759e-05, 7.375879e-10, 2710.716
6812.343846321106, -8.925651e-05, 6.940365e-10, 2710.677
6814.343923807144, -8.983546e-05, 6.913962e-10, 2710.575
6816.344022512436, -9.041437e-05, 7.329272e-10, 2710.564
6818.3441042900085, -9.215115e-05, 7.282617e-10, 2710.627
6820.344206094742, -9.157219e-05, 5.625019e-10, 2710.622
6822.344306230545, -8.983543e-05, 6.766815e-10, 2710.71
6824.344389915466, -8.867757e-05, 7.121623e-10, 2710.732
6826.344490766525, -8.983542e-05, 6.450306e-10, 2710.793
6828.344581604004, -8.925646e-05, 6.210963e-10, 2710.826
6830.3447189331055, -8.809867e-05, 5.651416e-10, 2710.826
6832.34480547905, -9.099331e-05, 6.810137e-10, 2710.862
6834.344908237457, -8.983546e-05, 6.476472e-10, 2710.882
6836.345008134842, -8.983546e-05, 6.506839e-10, 2710.879
6838.345141172409, -8.925651e-05, 6.354152e-10, 2710.829
6840.345229148865, -8.983546e-05, 6.853466e-10, 2710.811
6842.345310688019, -8.983546e-05, 7.225429e-10, 2710.967
6844.3453896045685, -8.751973e-05, 6.47646e-10, 2711.032
6846.345467805862, -8.86776e-05, 6.680158e-10, 2711.085
6848.3455493450165, -8.925651e-05, 6.170949e-10, 2711.04
6850.3456292152405, -8.809862e-05, 6.615958e-10, 2710.994
6852.345720529556, -9.099328e-05, 8.002797e-10, 2710.97
6854.34580540657, -8.809866e-05, 6.853466e-10, 2710.911
6856.34588932991, -8.983543e-05, 6.560486e-10, 2710.98
6858.345977783203, -9.099332e-05, 6.350439e-10, 2710.987
6860.346061944962, -9.041437e-05, 5.735174e-10, 2710.922
6862.346153020859, -8.694082e-05, 7.282617e-10, 2710.918
6864.346253871918, -9.041437e-05, 6.621026e-10, 2710.889
6866.3463344573975, -8.983544e-05, 6.928493e-10, 2710.841
6868.346435785294, -8.983543e-05, 6.74989e-10, 2710.838
6870.3465366363525, -8.983543e-05, 7.030997e-10, 2710.826
6872.346638202667, -8.867757e-05, 6.781995e-10, 2710.778
6874.346736192703, -9.041436e-05, 7.592109e-10, 2710.798
6876.346827030182, -9.215116e-05, 7.598701e-10, 2710.816
6878.3469405174255, -9.273009e-05, 6.450312e-10, 2710.851
6880.347016096115, -8.92565e-05, 6.928505e-10, 2710.807
6882.347106218338, -8.983547e-05, 8.417398e-10, 2710.775
6884.347248315811, -8.925653e-05, 6.620971e-10, 2710.764
6886.347331762314, -9.099328e-05, 8.473998e-10, 2710.798
6888.347430944443, -9.041439e-05, 7.282647e-10, 2710.809
6890.34753537178, -8.694082e-05, 6.130905e-10, 2710.864
6892.347634077072, -8.925651e-05, 6.680158e-10, 2710.935
6894.347732305527, -8.983544e-05, 6.210975e-10, 2710.968
6896.347819566727, -8.983543e-05, 6.147867e-10, 2710.972
6898.347905158997, -8.867758e-05, 6.825972e-10, 2711.07
6900.347995519638, -8.983544e-05, 6.928493e-10, 2711.139
6902.348081111908, -8.92565e-05, 6.694023e-10, 2711.131
6904.348176240921, -8.867758e-05, 6.416018e-10, 2711.081
6906.348321199417, -9.041435e-05, 6.663663e-10, 2711.062
6908.348411083221, -8.925651e-05, 7.076319e-10, 2711.075
6910.348513841629, -8.867758e-05, 6.044685e-10, 2711.043
6912.348620414734, -9.099329e-05, 6.825972e-10, 2710.961
6914.348760843277, -8.809863e-05, 6.883892e-10, 2710.955
6916.348894834518, -9.157218e-05, 6.913974e-10, 2710.987
6918.348968029022, -8.809866e-05, 6.839195e-10, 2710.949
6920.34910941124, -9.041439e-05, 7.2714e-10, 2710.954
6922.349241733551, -8.867757e-05, 7.062485e-10, 2710.896
6924.349345207214, -8.983546e-05, 6.170986e-10, 2710.812
6926.34942984581, -9.041435e-05, 7.031003e-10, 2710.772
6928.34951543808, -9.041438e-05, 7.385781e-10, 2710.757
6930.349615097046, -9.273007e-05, 6.476478e-10, 2710.768
6932.349716663361, -9.099323e-05, 6.224464e-10, 2710.757
6934.349816799164, -8.98354e-05, 6.895055e-10, 2710.875
6936.349898338318, -9.273009e-05, 6.313484e-10, 2711.014
6938.34999871254, -8.751974e-05, 6.985668e-10, 2711.029
6940.350101232529, -8.694079e-05, 6.191426e-10, 2711.059
6942.35018491745, -8.809864e-05, 7.744571e-10, 2711.118
6944.350275039673, -8.809863e-05, 6.849757e-10, 2711.099
6946.350358247757, -8.925651e-05, 6.782001e-10, 2711.05
6948.350458621979, -8.636187e-05, 5.754198e-10, 2710.937
6950.350556850433, -8.867757e-05, 6.949618e-10, 2710.937
6952.350693941116, -8.867757e-05, 6.782013e-10, 2710.969
6954.350832223892, -8.867759e-05, 6.86996e-10, 2710.998
6956.350965499878, -8.809864e-05, 7.393046e-10, 2710.978
6958.351100683212, -9.041435e-05, 6.498675e-10, 2710.954
6960.3512370586395, -8.867757e-05, 6.995577e-10, 2710.954
6962.3513350486755, -8.925647e-05, 6.069125e-10, 2711.019
6964.351472377777, -8.57829e-05, 6.550185e-10, 2710.99
6966.351619243622, -8.751971e-05, 7.201261e-10, 2710.993
6968.351753950119, -8.809863e-05, 7.799756e-10, 2710.977
6970.351861476898, -8.751971e-05, 7.349045e-10, 2710.951
6972.351946115494, -8.92565e-05, 6.940425e-10, 2710.888
6974.352046728134, -8.694077e-05, 6.759137e-10, 2710.797
6976.3521456718445, -8.75197e-05, 7.096122e-10, 2710.757
6978.3522481918335, -8.809863e-05, 7.952194e-10, 2710.728
6980.352345705032, -8.462508e-05, 6.895073e-10, 2710.744
6982.352472782135, -8.520402e-05, 6.487276e-10, 2710.736
6984.3525540828705, -8.578294e-05, 5.696344e-10, 2710.77
6986.352660894394, -8.809863e-05, 6.78202e-10, 2710.817
6988.352796077728, -8.578294e-05, 6.518067e-10, 2710.776
6990.352898597717, -8.751971e-05, 7.149334e-10, 2710.853
6992.352978944778, -8.867754e-05, 6.308473e-10, 2710.836
6994.353079080582, -8.751971e-05, 6.010853e-10, 2710.85
6996.3531675338745, -8.751973e-05, 6.407662e-10, 2710.886
6998.353301525116, -8.636183e-05, 6.903636e-10, 2710.997
7000.353442430496, -8.578293e-05, 7.00286e-10, 2711.074
7002.353576183319, -8.809865e-05, 7.297172e-10, 2711.084
7004.353676080704, -8.983544e-05, 6.308449e-10, 2711.058
7006.35378408432, -8.694074e-05, 7.393076e-10, 2711.053
7008.3538591861725, -8.694079e-05, 6.407679e-10, 2711.016
7010.353964567184, -8.809863e-05, 6.839206e-10, 2711.007
7012.354096889496, -8.867757e-05, 7.002848e-10, 2710.98
7014.354224681854, -8.751968e-05, 6.73803e-10, 2710.949
7016.354309797287, -8.983543e-05, 6.191426e-10, 2710.909
7018.354447364807, -8.925651e-05, 7.3451e-10, 2710.88
7020.35459446907, -8.751971e-05, 6.705246e-10, 2710.829
7022.354734182358, -8.636187e-05, 6.578327e-10, 2710.83
7024.354820251465, -8.751971e-05, 6.028681e-10, 2710.749
7026.354918479919, -8.925649e-05, 5.415655e-10, 2710.735
7028.3550000190735, -9.215115e-05, 6.450318e-10, 2710.766
7030.3551030159, -9.041436e-05, 6.928505e-10, 2710.866
7032.3551824092865, -8.520402e-05, 6.209243e-10, 2710.861
7034.355262994766, -8.751973e-05, 6.187201e-10, 2710.918
7036.355355501175, -8.636187e-05, 7.243912e-10, 2710.912
7038.355437755585, -8.867757e-05, 6.578315e-10, 2710.937
7040.3555245399475, -8.80986e-05, 6.995642e-10, 2710.898
7042.355608701706, -8.694079e-05, 6.928511e-10, 2710.819
7044.355699777603, -8.751971e-05, 6.668493e-10, 2710.822
7046.3557851314545, -8.867755e-05, 6.010853e-10, 2710.808
7048.35587310791, -8.925647e-05, 6.493022e-10, 2710.851
7050.356007814407, -8.751971e-05, 6.650064e-10, 2710.893
7052.356135129929, -8.694079e-05, 6.392464e-10, 2710.919
7054.356225013733, -8.63618e-05, 6.434483e-10, 2710.941
7056.356369495392, -8.809866e-05, 5.812446e-10, 2710.976
7058.356452465057, -8.69408e-05, 6.68017e-10, 2710.96
7060.356555700302, -8.809864e-05, 6.290214e-10, 2711.033
7062.356640100479, -8.636187e-05, 6.266436e-10, 2711.114
7064.356739044189, -8.694079e-05, 6.250601e-10, 2711.116
7066.356843709946, -8.578294e-05, 6.615942e-10, 2711.186
7068.356925487518, -8.694078e-05, 6.191414e-10, 2711.172
7070.357012987137, -8.809865e-05, 7.201243e-10, 2711.133
7072.357098340988, -8.867757e-05, 6.20926e-10, 2711.05
7074.35723400116, -8.636186e-05, 6.956211e-10, 2711.043
7076.357370853424, -8.867759e-05, 7.201237e-10, 2710.978
7078.357457637787, -8.751973e-05, 7.196627e-10, 2710.93
7080.357536554337, -8.867758e-05, 7.646024e-10, 2710.901
7082.357624530792, -8.867755e-05, 7.349057e-10, 2710.865
7084.3577353954315, -8.751971e-05, 6.407644e-10, 2710.886
7086.357842922211, -8.578293e-05, 7.44893e-10, 2710.883
7088.357939243317, -8.92565e-05, 7.054774e-10, 2710.912
7090.358072042465, -8.520399e-05, 7.041576e-10, 2710.912
7092.358165025711, -8.751973e-05, 6.593513e-10, 2710.897
7094.358263254166, -8.578293e-05, 7.301103e-10, 2710.919
7096.358403682709, -8.520399e-05, 7.59804e-10, 2710.94
7098.358495235443, -8.578291e-05, 7.153285e-10, 2710.982
7100.358574390411, -8.578294e-05, 6.364988e-10, 2710.948
7102.35866522789, -8.694079e-05, 6.506844e-10, 2710.919
7104.3587474823, -8.694079e-05, 6.694035e-10, 2711.07
7106.358850479126, -8.751971e-05, 7.251819e-10, 2711.054
7108.358956575394, -8.694077e-05, 7.049479e-10, 2711.014
7110.359061956406, -8.694079e-05, 6.70524e-10, 2710.989
7112.35916185379, -8.751972e-05, 6.407644e-10, 2710.919
7114.359263658524, -8.751974e-05, 7.096146e-10, 2710.941
7116.359344959259, -8.694079e-05, 7.350366e-10, 2710.954
7118.359448671341, -8.520393e-05, 7.547506e-10, 2710.956
7120.359533071518, -8.636186e-05, 6.694053e-10, 2710.903
7122.359632492065, -8.751968e-05, 6.705246e-10, 2711.003
7124.359719514847, -8.5204e-05, 7.105402e-10, 2711.051
7126.359806537628, -8.578294e-05, 7.446282e-10, 2710.983
7128.359893321991, -9.041434e-05, 5.951005e-10, 2710.984
7130.359996318817, -8.867757e-05, 6.949607e-10, 2710.965
7132.36012673378, -8.751974e-05, 6.883862e-10, 2711.024
7134.360205888748, -8.867758e-05, 6.839195e-10, 2711.038
7136.360344171524, -8.867756e-05, 5.9904e-10, 2711.046
7138.36048412323, -8.809863e-05, 6.636878e-10, 2711.033
7140.360630750656, -9.041436e-05, 7.338501e-10, 2710.991
7142.360765218735, -8.751971e-05, 6.825989e-10, 2710.96
7144.360898733139, -8.983543e-05, 7.440999e-10, 2710.981
7146.361032247543, -8.809863e-05, 7.494919e-10, 2710.993
7148.361136436462, -8.867757e-05, 6.825978e-10, 2711.01
7150.36123752594, -8.983542e-05, 6.272786e-10, 2711.056
7152.36131811142, -9.041435e-05, 5.941533e-10, 2710.985
7154.361455917358, -8.867755e-05, 6.694059e-10, 2710.983
7156.361556053162, -8.80986e-05, 6.251006e-10, 2711.018
7158.3616938591, -8.983542e-05, 6.706343e-10, 2711.051
7160.361775875092, -9.041435e-05, 5.827407e-10, 2711.058
7162.3618795871735, -8.867757e-05, 6.272798e-10, 2711.054
7164.362014293671, -9.041436e-05, 5.288493e-10, 2711.053
7166.362146139145, -8.751972e-05, 7.076319e-10, 2711.119
7168.362234830856, -8.983541e-05, 6.00606e-10, 2711.155
7170.362316608429, -9.041436e-05, 6.130948e-10, 2711.227
7172.362407207489, -9.041435e-05, 5.913136e-10, 2711.228
7174.3625111579895, -9.041437e-05, 6.150775e-10, 2711.16
7176.3626136779785, -8.983543e-05, 6.457353e-10, 2711.128
7178.36269402504, -8.809861e-05, 6.434483e-10, 2711.159
7180.362833976746, -9.099326e-05, 6.272811e-10, 2711.19
7182.362914800644, -8.867756e-05, 6.090904e-10, 2711.216
7184.362998962402, -8.694078e-05, 6.849774e-10, 2711.216
7186.363085031509, -8.636184e-05, 6.476526e-10, 2711.277
7188.363165616989, -8.925647e-05, 6.578375e-10, 2711.337
7190.363269805908, -8.867756e-05, 6.663694e-10, 2711.35
7192.363350152969, -8.983541e-05, 6.14791e-10, 2711.271
7194.363453388214, -8.751971e-05, 6.620995e-10, 2711.231
7196.3636021614075, -8.751971e-05, 6.365028e-10, 2711.261
7198.363697767258, -8.809863e-05, 6.782031e-10, 2711.254
7200.363830327988, -8.751973e-05, 7.201255e-10, 2711.211
7202.363922357559, -8.578291e-05, 6.463534e-10, 2711.204
7204.364057540894, -8.809863e-05, 6.50688e-10, 2711.288
7206.364136695862, -8.578293e-05, 6.450323e-10, 2711.278
7208.364219665527, -8.867754e-05, 5.951029e-10, 2711.317
7210.364321947098, -8.636183e-05, 6.050897e-10, 2711.377
7212.364423036575, -8.578289e-05, 5.478168e-10, 2711.408
7214.364526510239, -8.809863e-05, 6.492991e-10, 2711.464
7216.364625930786, -8.751966e-05, 6.826008e-10, 2711.442
7218.364728689194, -8.751974e-05, 6.694023e-10, 2711.43
7220.36483001709, -8.694079e-05, 6.949618e-10, 2711.496
7222.364931106567, -8.636183e-05, 5.87848e-10, 2711.497
7224.365021705627, -8.75197e-05, 5.988007e-10, 2711.496
7226.365122556686, -8.867752e-05, 6.719764e-10, 2711.483
7228.36522436142, -8.751971e-05, 6.794551e-10, 2711.517
7230.365323543549, -8.636186e-05, 6.949635e-10, 2711.512
7232.36542224884, -8.751971e-05, 6.291966e-10, 2711.421
7234.365520954132, -8.636183e-05, 5.735054e-10, 2711.377
7236.365660667419, -8.75197e-05, 6.232154e-10, 2711.325
7238.365796089172, -8.5204e-05, 6.191456e-10, 2711.337
7240.365886926651, -8.578291e-05, 6.150739e-10, 2711.367
7242.365974664688, -8.867754e-05, 7.096122e-10, 2711.412
7244.366063594818, -9.099325e-05, 7.251837e-10, 2711.478
7246.366165876389, -8.867755e-05, 6.463581e-10, 2711.532
7248.3662650585175, -8.694075e-05, 6.322355e-10, 2711.564
7250.366365432739, -8.636186e-05, 7.345124e-10, 2711.572
7252.366466522217, -8.636186e-05, 7.30045e-10, 2711.517
7254.366554737091, -8.462508e-05, 6.376865e-10, 2711.443
7256.366646289825, -8.636184e-05, 7.448912e-10, 2711.47
7258.36674118042, -8.404613e-05, 7.102066e-10, 2711.442
7260.366825342178, -8.809866e-05, 5.872294e-10, 2711.48
7262.366930961609, -8.578289e-05, 6.407685e-10, 2711.554
7264.367070913315, -8.578295e-05, 6.308461e-10, 2711.532
