time, current, power, resistance
0.0029249191284179688, 0.0, 0.0, 2754.451
2.0030293464660645, 0.0, 0.0, 2754.413
4.003112316131592, 0.0, 0.0, 2754.428
6.003193140029907, 0.0, 0.0, 2754.431
8.003281831741333, 0.0, 0.0, 2754.388
10.00337266921997, 0.0, 0.0, 2754.366
12.003453254699707, 0.0, 0.0, 2754.351
14.003535032272339, 0.0, 0.0, 2754.344
16.003618478775024, 0.0, 0.0, 2754.346
18.003704071044922, 0.0, 0.0, 2754.401
20.003786087036133, 0.0, 0.0, 2754.374
22.00386643409729, 0.0, 0.0, 2754.354
24.003970861434937, 0.0, 0.0, 2754.407
26.004055738449097, 0.0, 0.0, 2754.417
28.004141569137573, 0.0, 0.0, 2754.386
30.0042462348938, 0.0, 0.0, 2754.373
32.004332304000854, 0.0, 0.0, 2754.401
34.004435300827026, 0.0, 0.0, 2754.387
36.00452375411987, 0.0, 0.0, 2754.413
38.00460648536682, 0.0, 0.0, 2754.398
40.00469493865967, 0.0, 0.0, 2754.395
42.00479197502136, 0.0, 0.0, 2754.405
44.004881381988525, 0.0, 0.0, 2754.396
46.00498294830322, 0.0, 0.0, 2754.405
48.00508522987366, 0.0, 0.0, 2754.376
50.0051794052124, 0.0, 0.0, 2754.357
52.005300760269165, 0.0, 0.0, 2754.297
54.005388498306274, 0.0, 0.0, 2754.335
56.005473613739014, 0.0, 0.0, 2754.36
58.005573987960815, 0.0, 0.0, 2754.387
60.00570893287659, 0.0, 0.0, 2754.409
62.00748586654663, 0.0, 0.0, 2711.417
64.00756788253784, 2.0014, 4.8238, 2401.565
66.00765013694763, 2.0014, 4.9099, 2189.134
68.00773906707764, 2.0014, 4.9728, 2027.936
70.00782608985901, 2.0014, 5.0222, 1894.762
72.00790309906006, 2.0014, 5.0627, 1795.046
74.0079836845398, 2.0014, 5.0918, 1708.161
76.00808620452881, 2.0014, 5.1224, 1632.636
78.0081684589386, 2.0016, 5.1535, 1568.053
80.00830006599426, 2.0014, 5.1735, 1510.396
82.00838303565979, 2.0014, 5.1953, 1459.233
84.00846433639526, 2.0014, 5.2157, 1412.144
86.00856518745422, 2.0014, 5.2348, 1370.618
88.00869870185852, 2.0014, 5.2521, 1332.255
90.00878572463989, 2.0014, 5.2689, 1296.527
92.00886273384094, 2.0014, 5.2847, 1263.418
94.00896096229553, 2.0014, 5.2997, 1231.712
96.00904941558838, 2.0014, 5.3119, 1202.782
98.0091323852539, 2.0014, 5.3279, 1175.308
100.00927090644836, 2.0014, 5.3392, 1149.649
102.00935530662537, 2.0014, 5.3521, 1125.102
104.00943779945374, 2.0014, 5.3645, 1101.934
106.00953888893127, 2.0014, 5.3766, 1080.346
108.0096218585968, 2.0014, 5.3882, 1058.976
110.00970816612244, 2.0014, 5.3998, 1038.576
112.00978946685791, 2.0014, 5.4107, 1019.56
114.00987315177917, 2.0014, 5.4217, 1000.914
116.00996541976929, 2.0014, 5.4321, 982.4901
118.01005411148071, 2.0014, 5.4428, 965.1284
120.01014733314514, 2.0014, 5.4514, 948.7719
122.01023411750793, 2.0014, 5.4614, 932.7313
124.01031804084778, 2.0014, 5.4712, 917.9613
126.01040077209473, 2.0014, 5.4809, 903.1117
128.01048111915588, 2.0014, 5.4905, 888.6355
130.01058197021484, 2.0014, 5.4998, 875.157
132.01066374778748, 2.0014, 5.509, 862.0186
134.01079559326172, 2.0014, 5.5181, 849.024
136.01087188720703, 2.0014, 5.527, 836.0236
138.0109739303589, 2.0014, 5.5355, 824.2947
140.01105880737305, 2.0014, 5.5442, 812.8052
142.0111632347107, 2.0014, 5.5525, 801.6457
144.01126527786255, 2.0014, 5.5594, 790.481
146.01136183738708, 2.0014, 5.5693, 779.4488
148.01146364212036, 2.0014, 5.576, 769.005
150.01156330108643, 2.0014, 5.584, 758.9365
152.01164722442627, 2.0014, 5.5919, 749.2215
154.01174139976501, 2.0014, 5.5998, 740.0611
156.01182675361633, 2.0014, 5.6074, 730.859
158.0119435787201, 2.0014, 5.6149, 721.5581
160.01202917099, 2.0014, 5.6222, 712.7948
162.01211166381836, 2.0014, 5.6296, 704.2344
164.01220107078552, 2.0014, 5.6369, 695.7072
166.01233553886414, 2.0014, 5.6441, 687.6785
168.01243996620178, 2.0014, 5.6513, 679.8947
170.01254272460938, 2.0014, 5.6583, 671.8866
172.01262664794922, 2.0014, 5.6652, 664.2771
174.0127067565918, 2.0014, 5.671, 656.9445
176.012788772583, 2.0014, 5.6778, 649.8138
178.01288962364197, 2.0014, 5.6843, 642.9628
180.01298117637634, 2.0014, 5.691, 636.1835
182.01306653022766, 2.0014, 5.6975, 629.545
184.01315903663635, 2.0014, 5.7039, 622.9787
186.01325917243958, 2.0014, 5.7102, 616.6748
188.0133605003357, 2.0014, 5.7166, 610.4217
190.01350092887878, 2.0014, 5.7229, 604.5731
192.013601064682, 2.0014, 5.7289, 598.8718
194.01368021965027, 2.0013, 5.734, 592.8557
196.01378655433655, 2.0013, 5.7411, 587.3601
198.01388263702393, 2.0014, 5.7459, 581.9969
200.01396465301514, 2.0014, 5.7529, 576.9481
202.01406717300415, 2.0014, 5.7577, 571.4374
204.01416683197021, 2.0013, 5.7634, 566.17
206.01430368423462, 2.0014, 5.7692, 561.005
208.01440715789795, 2.0014, 5.7748, 556.0761
210.0145082473755, 2.0014, 5.7804, 551.2222
212.01461005210876, 2.0014, 5.7858, 546.6648
214.01468896865845, 2.0014, 5.7912, 541.68
216.01477432250977, 2.0013, 5.7965, 537.5445
218.01486158370972, 2.0013, 5.8008, 533.3368
220.0149428844452, 2.0013, 5.8066, 529.0801
222.01503562927246, 2.0013, 5.8108, 525.0981
224.0151183605194, 2.0013, 5.8156, 521.2471
226.01519870758057, 2.0013, 5.8205, 517.4532
228.0153362751007, 2.0013, 5.8252, 513.5124
230.01542592048645, 2.0013, 5.8301, 509.2387
232.0155210494995, 2.0013, 5.835, 505.3369
234.0156214237213, 2.0013, 5.8398, 501.7871
236.01570868492126, 2.0013, 5.8443, 498.1886
238.01581120491028, 2.0013, 5.8483, 494.3946
240.01594710350037, 2.0013, 5.8538, 490.725
242.0160825252533, 2.0013, 5.8577, 487.6552
244.01616978645325, 2.0013, 5.862, 484.2883
246.01631212234497, 2.0013, 5.8664, 481.0191
248.01645493507385, 2.0013, 5.8706, 477.7898
250.01654291152954, 2.0013, 5.875, 474.6504
252.01663088798523, 2.0013, 5.8792, 471.559
254.01670837402344, 2.0013, 5.8835, 468.5481
256.01679372787476, 2.0013, 5.8877, 465.4848
258.0168960094452, 2.0013, 5.8919, 462.4634
260.0169849395752, 2.0013, 5.8961, 459.5875
262.0170826911926, 2.0013, 5.9001, 456.6414
264.01717495918274, 2.0013, 5.9043, 453.7512
266.01726484298706, 2.0013, 5.9076, 451.214
268.017352104187, 2.0013, 5.9114, 448.7533
270.01745414733887, 2.0013, 5.9151, 446.232
272.01758313179016, 2.0013, 5.9188, 443.4702
274.01767468452454, 2.0013, 5.9228, 440.6872
276.0178096294403, 2.0013, 5.9267, 438.156
278.01794171333313, 2.0013, 5.9308, 435.3221
280.0180766582489, 2.0013, 5.9346, 432.8721
282.0181784629822, 2.0013, 5.9384, 430.6616
284.0182683467865, 2.0013, 5.9419, 428.586
286.0183537006378, 2.0013, 5.9448, 426.4354
288.0184497833252, 2.0013, 5.9487, 424.3428
290.01854491233826, 2.0013, 5.9513, 422.5198
292.01865124702454, 2.0013, 5.9547, 421.2815
294.01874566078186, 2.0013, 5.9567, 420.3546
296.018830537796, 2.0013, 5.9591, 419.4997
298.0189175605774, 2.0013, 5.9616, 417.5454
300.0190076828003, 2.0012, 5.9644, 415.7751
302.0190854072571, 2.0013, 5.9672, 413.5276
304.0191650390625, 2.0013, 5.9703, 411.5199
306.01926255226135, 2.0012, 5.9732, 409.7387
308.01934123039246, 2.0012, 5.9761, 407.833
310.01947021484375, 2.0013, 5.9789, 406.1269
312.01955008506775, 2.0013, 5.9819, 404.2783
314.01962900161743, 2.0012, 5.9844, 402.3554
316.01971769332886, 2.0013, 5.988, 400.4971
318.01980781555176, 2.0013, 5.9914, 398.8107
320.0199022293091, 2.0013, 5.9934, 396.8716
322.01998949050903, 2.0013, 5.9962, 395.2551
324.02008962631226, 2.0012, 5.9993, 393.4157
326.02016019821167, 2.0012, 6.0022, 391.8683
328.02024507522583, 2.0012, 6.0051, 390.2513
330.0203399658203, 2.0012, 6.008, 388.5699
332.02044010162354, 2.0012, 6.0109, 386.8207
334.0205419063568, 2.0012, 6.0136, 384.9323
336.0206346511841, 2.0012, 6.0162, 383.2605
338.0207359790802, 2.0012, 6.0186, 381.8607
340.0208361148834, 2.0012, 6.0212, 380.4422
342.02091693878174, 2.0012, 6.024, 378.9686
344.02099442481995, 2.0012, 6.0263, 377.5418
346.0210826396942, 2.0012, 6.029, 376.1622
348.0211651325226, 2.0012, 6.0315, 374.8187
350.02126026153564, 2.0012, 6.0339, 373.2899
352.0213451385498, 2.0012, 6.0367, 371.8459
354.02144837379456, 2.0012, 6.0394, 370.3415
356.0215537548065, 2.0012, 6.0416, 369.1681
358.0216541290283, 2.0012, 6.0445, 367.9013
360.0217399597168, 2.0012, 6.047, 366.6631
362.02181935310364, 2.0012, 6.0489, 365.564
364.02190256118774, 2.0012, 6.0512, 364.1198
366.0219783782959, 2.0012, 6.0537, 362.8912
368.0220637321472, 2.0012, 6.0561, 361.7542
370.022159576416, 2.0012, 6.0577, 360.7523
372.022255897522, 2.0012, 6.0597, 359.7539
374.02234411239624, 2.0012, 6.0621, 358.2948
376.0224266052246, 2.0012, 6.0642, 357.33
378.02252888679504, 2.0012, 6.066, 356.1557
380.0226266384125, 2.0012, 6.0687, 354.8854
382.02271151542664, 2.0012, 6.0705, 353.9583
384.02282547950745, 2.0012, 6.073, 352.7923
386.02292704582214, 2.0012, 6.0747, 351.6484
388.0230243206024, 2.0012, 6.0769, 350.4156
390.02312541007996, 2.0012, 6.0791, 349.3333
392.0232255458832, 2.0012, 6.0814, 348.2567
394.0233268737793, 2.0012, 6.0836, 347.0942
396.02341294288635, 2.0012, 6.0855, 346.338
398.02349853515625, 2.0012, 6.0872, 345.5057
400.02359914779663, 2.0012, 6.0887, 345.1229
402.0236885547638, 2.0012, 6.0899, 344.0316
404.02379035949707, 2.0012, 6.0922, 342.9989
406.02387022972107, 2.0012, 6.0938, 342.0759
408.02395510673523, 2.0012, 6.0958, 341.1375
410.02404856681824, 2.0012, 6.0977, 339.9516
412.02418756484985, 2.0012, 6.0999, 338.9463
414.02427649497986, 2.0012, 6.1019, 338.0837
416.0243775844574, 2.0012, 6.1041, 336.7969
418.02446937561035, 2.0012, 6.106, 335.9357
420.0245599746704, 2.0011, 6.1079, 335.2205
422.02464747428894, 2.0012, 6.1098, 334.0613
424.0247390270233, 2.0012, 6.112, 332.8218
426.0248329639435, 2.0012, 6.1136, 332.047
428.02493357658386, 2.0012, 6.1158, 331.068
430.025022983551, 2.0011, 6.1176, 330.1388
432.0251233577728, 2.0011, 6.1194, 329.5822
434.02522468566895, 2.0011, 6.1211, 328.8419
436.02532482147217, 2.0011, 6.1228, 327.8252
438.0254249572754, 2.0012, 6.1249, 326.7713
440.0255649089813, 2.0011, 6.1267, 325.8472
442.02566623687744, 2.0011, 6.1286, 324.8739
444.02577018737793, 2.0011, 6.1307, 323.845
446.02587127685547, 2.0011, 6.1324, 323.316
448.02597212791443, 2.0012, 6.1339, 322.7682
450.02606987953186, 2.0011, 6.1354, 322.1379
452.0261535644531, 2.0012, 6.1369, 321.4063
454.02625918388367, 2.0012, 6.139, 320.6086
456.02634596824646, 2.0012, 6.1403, 319.9618
458.02642798423767, 2.0011, 6.1421, 319.2194
460.0265097618103, 2.0012, 6.1436, 318.4438
462.0266008377075, 2.0011, 6.1454, 317.4788
464.0266902446747, 2.0011, 6.147, 316.7394
466.0267906188965, 2.0011, 6.1488, 315.7506
468.02687549591064, 2.0012, 6.1506, 314.8914
470.0269498825073, 2.0012, 6.1522, 313.9677
472.0270309448242, 2.0011, 6.1541, 313.473
474.02711486816406, 2.0011, 6.1559, 312.8366
476.0272150039673, 2.0011, 6.157, 312.2643
478.027321100235, 2.0011, 6.1589, 311.5144
480.02746629714966, 2.0011, 6.1601, 311.1323
482.02756905555725, 2.0011, 6.1616, 310.6416
484.02766394615173, 2.0011, 6.1629, 309.9298
486.0277478694916, 2.0011, 6.1644, 309.1505
488.0278265476227, 2.0011, 6.1658, 308.5885
490.0279321670532, 2.0011, 6.1672, 308.1608
492.0280764102936, 2.0011, 6.1685, 307.5684
494.0281608104706, 2.0011, 6.17, 306.8828
496.02829694747925, 2.0011, 6.1717, 305.986
498.02841114997864, 2.0011, 6.1729, 305.4659
500.0285120010376, 2.0011, 6.1743, 304.7224
502.02861285209656, 2.0011, 6.1759, 304.18
504.0287022590637, 2.0011, 6.1772, 303.446
506.02879309654236, 2.0011, 6.1787, 302.8315
508.028874874115, 2.0011, 6.18, 302.1753
510.029009103775, 2.0011, 6.1815, 301.565
512.0291109085083, 2.0011, 6.1828, 301.1017
514.0291981697083, 2.0011, 6.1842, 300.7333
516.0292942523956, 2.0011, 6.1856, 300.1226
518.0294051170349, 2.0011, 6.1867, 299.6145
520.0295431613922, 2.0011, 6.1878, 299.0717
522.0296454429626, 2.0011, 6.1896, 298.4279
524.0297265052795, 2.0011, 6.1907, 297.8918
526.0298233032227, 2.0011, 6.1923, 297.3694
528.0299649238586, 2.0011, 6.1931, 296.7529
530.0300500392914, 2.0011, 6.1945, 296.2357
532.0301315784454, 2.0011, 6.1958, 295.7085
534.0302147865295, 2.0011, 6.1971, 295.1658
536.0303165912628, 2.0011, 6.1983, 294.8439
538.0304200649261, 2.0011, 6.1995, 294.5621
540.0305545330048, 2.0011, 6.2005, 293.7025
542.0306370258331, 2.0011, 6.2017, 293.093
544.0307371616364, 2.0011, 6.2033, 292.6577
546.0308239459991, 2.0011, 6.2044, 292.3558
548.0309669971466, 2.0011, 6.2052, 291.7402
550.0310497283936, 2.0011, 6.2065, 291.2313
552.0311398506165, 2.001, 6.2075, 291.0053
554.0312957763672, 2.0011, 6.2086, 290.5328
556.0313801765442, 2.0011, 6.2099, 290.2487
558.0314650535583, 2.0011, 6.2108, 289.8106
560.0315496921539, 2.0011, 6.2117, 289.2377
562.0316290855408, 2.0011, 6.2127, 288.9007
564.0317289829254, 2.0011, 6.2136, 288.7262
566.031824350357, 2.0011, 6.2144, 288.3543
568.0319290161133, 2.0011, 6.2155, 287.9802
570.0320339202881, 2.0011, 6.2167, 287.5071
572.0321350097656, 2.0011, 6.2179, 287.0095
574.0322690010071, 2.0011, 6.2192, 286.4238
576.0323715209961, 2.0011, 6.2204, 285.7901
578.0324506759644, 2.0011, 6.2212, 285.4194
580.0325355529785, 2.0011, 6.2222, 285.2725
582.0326242446899, 2.0011, 6.223, 284.9812
584.0327079296112, 2.0011, 6.224, 284.462
586.0328447818756, 2.001, 6.2249, 283.9943
588.0329797267914, 2.0011, 6.2261, 283.5152
590.0330650806427, 2.001, 6.227, 283.2671
592.0332055091858, 2.001, 6.2278, 282.9034
594.0333123207092, 2.001, 6.2289, 282.4663
596.0333988666534, 2.001, 6.2296, 282.3252
598.033531665802, 2.001, 6.2305, 281.8854
600.0336248874664, 2.001, 6.2315, 281.4112
602.0337617397308, 2.001, 6.2325, 280.9968
604.0338625907898, 2.001, 6.2334, 280.648
606.033949136734, 2.001, 6.2346, 280.2258
608.0340566635132, 2.001, 6.2357, 279.5955
610.0341475009918, 2.001, 6.2367, 279.2423
612.0342457294464, 2.001, 6.2375, 278.8309
614.0343329906464, 2.001, 6.2387, 278.5815
616.0344655513763, 2.001, 6.2395, 278.2714
618.0345666408539, 2.001, 6.2404, 277.933
620.0346660614014, 2.001, 6.2413, 277.5313
622.034759759903, 2.0011, 6.2422, 276.9902
624.0348420143127, 2.001, 6.2432, 276.6878
626.0349414348602, 2.001, 6.2439, 276.6123
628.0350248813629, 2.001, 6.2449, 276.174
630.0351243019104, 2.001, 6.2457, 275.844
632.0352039337158, 2.001, 6.2466, 275.5122
634.0353050231934, 2.001, 6.2476, 275.0934
636.0354053974152, 2.001, 6.2484, 274.8901
638.0354905128479, 2.001, 6.2492, 274.5558
640.0355725288391, 2.001, 6.2499, 274.2293
642.035649061203, 2.0011, 6.2509, 273.9944
644.035783290863, 2.001, 6.2516, 273.6283
646.0358774662018, 2.001, 6.2526, 273.2943
648.0359582901001, 2.001, 6.2534, 273.031
650.0360362529755, 2.001, 6.2541, 272.7009
652.0361244678497, 2.001, 6.2552, 272.2605
654.0362253189087, 2.001, 6.256, 271.8573
656.0363273620605, 2.001, 6.257, 271.401
658.0364208221436, 2.001, 6.258, 271.1032
660.0365073680878, 2.001, 6.2588, 270.7961
662.0366094112396, 2.001, 6.2599, 270.3174
664.0367088317871, 2.001, 6.2604, 270.2169
666.0367913246155, 2.001, 6.261, 270.0721
668.0368773937225, 2.001, 6.2618, 269.8231
670.0369787216187, 2.001, 6.2624, 269.7809
672.0370650291443, 2.001, 6.2627, 269.7439
674.0371510982513, 2.001, 6.2636, 269.2935
676.0372533798218, 2.001, 6.2641, 268.9125
678.0373544692993, 2.001, 6.2647, 268.689
680.0374569892883, 2.001, 6.2656, 268.4127
682.0375583171844, 2.001, 6.2662, 268.1021
684.0376563072205, 2.001, 6.2668, 267.9962
686.0377337932587, 2.001, 6.2675, 267.9169
688.0378329753876, 2.001, 6.268, 267.7191
690.0379323959351, 2.001, 6.2687, 267.5802
692.0380275249481, 2.001, 6.2692, 267.2913
694.038122177124, 2.001, 6.27, 266.9875
696.0382068157196, 2.001, 6.2706, 266.7695
698.03830742836, 2.001, 6.2713, 266.5524
700.0384066104889, 2.001, 6.272, 266.3297
702.038506269455, 2.001, 6.2726, 265.8083
704.0385875701904, 2.001, 6.2733, 265.4553
706.0386695861816, 2.001, 6.2742, 265.15
708.0387499332428, 2.001, 6.275, 264.8401
710.0388598442078, 2.001, 6.2758, 264.6418
712.038957118988, 2.001, 6.2764, 264.5426
714.0390586853027, 2.001, 6.2769, 264.181
716.0391619205475, 2.001, 6.2778, 263.9955
718.0392956733704, 2.001, 6.2785, 263.8264
720.0394294261932, 2.001, 6.2791, 263.692
722.0395123958588, 2.001, 6.2798, 263.3318
724.0395979881287, 2.001, 6.2803, 263.058
726.0397303104401, 2.001, 6.2811, 262.9146
728.0398800373077, 2.001, 6.2816, 262.6951
730.0399832725525, 2.001, 6.2823, 262.2572
732.040087223053, 2.001, 6.2831, 261.8523
734.0401756763458, 2.001, 6.2838, 261.6861
736.040256023407, 2.001, 6.2844, 261.4841
738.0403554439545, 2.001, 6.2852, 261.3133
740.0404365062714, 2.001, 6.2858, 260.9234
742.0405359268188, 2.001, 6.2863, 260.8204
744.0406212806702, 2.001, 6.2868, 260.6806
746.0407547950745, 2.001, 6.2871, 260.5975
748.0408561229706, 2.001, 6.2878, 260.3518
750.0409545898438, 2.001, 6.2884, 260.136
752.0410549640656, 2.001, 6.2889, 260.0539
754.041158914566, 2.001, 6.2896, 259.7855
756.0412602424622, 2.001, 6.2904, 259.571
758.041341304779, 2.0009, 6.2908, 259.1629
760.0414426326752, 2.001, 6.2918, 258.8446
762.0415406227112, 2.001, 6.2924, 258.4041
764.041618347168, 2.0009, 6.2932, 258.1174
766.0416977405548, 2.001, 6.2937, 258.1334
768.041802406311, 2.001, 6.2942, 258.0849
770.0419030189514, 2.001, 6.2945, 258.0449
772.0419878959656, 2.001, 6.2949, 257.8891
774.0420722961426, 2.001, 6.2953, 257.8507
776.0421607494354, 2.0009, 6.2957, 257.6359
778.0422451496124, 2.001, 6.2962, 257.4411
780.0423312187195, 2.001, 6.2968, 257.1001
782.0424635410309, 2.001, 6.2976, 256.7844
784.0425488948822, 2.001, 6.2981, 256.639
786.0426814556122, 2.001, 6.2986, 256.5901
788.0427827835083, 2.001, 6.2992, 256.4743
790.0429258346558, 2.001, 6.2998, 256.2257
792.0430288314819, 2.001, 6.3002, 256.0798
794.0431082248688, 2.001, 6.3007, 255.8572
796.0431921482086, 2.001, 6.3013, 255.6986
798.0432736873627, 2.001, 6.3017, 255.5551
800.0433578491211, 2.001, 6.3024, 255.0799
802.0434384346008, 2.001, 6.3032, 254.5209
804.0435261726379, 2.001, 6.304, 254.3431
806.0436141490936, 2.001, 6.3045, 254.1365
808.0437498092651, 2.001, 6.3051, 254.1432
810.0438468456268, 2.001, 6.3058, 253.8727
812.0439369678497, 2.001, 6.3066, 253.6778
814.0440249443054, 2.001, 6.3073, 253.1603
816.0441293716431, 2.001, 6.3078, 253.1162
818.0442628860474, 2.001, 6.3085, 252.8248
820.044361114502, 2.001, 6.3089, 252.7103
822.0444457530975, 2.001, 6.3091, 252.8126
824.0445575714111, 2.001, 6.3097, 252.7318
826.0446605682373, 2.001, 6.3101, 252.4355
828.044762134552, 2.001, 6.3107, 252.0802
830.0448453426361, 2.001, 6.3113, 251.7703
832.0449373722076, 2.001, 6.3119, 251.4674
834.0450389385223, 2.001, 6.3123, 251.3997
836.0451421737671, 2.001, 6.3127, 251.2589
838.0452451705933, 2.001, 6.3132, 251.1503
840.0453450679779, 2.001, 6.3137, 251.1562
842.0454475879669, 2.001, 6.3142, 250.9834
844.0455806255341, 2.001, 6.3147, 250.7084
846.0456836223602, 2.001, 6.3151, 250.873
848.0457813739777, 2.0009, 6.3151, 250.9336
850.0458703041077, 2.0009, 6.3152, 250.9462
852.0459566116333, 2.001, 6.3156, 250.8356
854.0460615158081, 2.001, 6.3159, 250.6058
856.0461618900299, 2.001, 6.3163, 250.4312
858.0462620258331, 2.001, 6.3166, 250.2237
860.0463631153107, 2.0009, 6.3173, 249.9329
862.0464670658112, 2.001, 6.3178, 249.7873
864.046567440033, 2.001, 6.3182, 249.6444
866.0466470718384, 2.001, 6.3187, 249.5126
868.0467615127563, 2.0009, 6.3192, 249.3531
870.0468666553497, 2.0009, 6.3196, 249.2218
872.0469489097595, 2.001, 6.3204, 248.8771
874.047064781189, 2.001, 6.321, 248.7246
876.0471668243408, 2.0009, 6.3214, 248.5268
878.04727602005, 2.001, 6.3219, 248.2936
880.0473818778992, 2.0009, 6.3224, 248.1837
882.0474810600281, 2.001, 6.3229, 248.0682
884.0475664138794, 2.001, 6.3232, 248.102
886.0476520061493, 2.001, 6.3236, 247.9731
888.047797203064, 2.001, 6.3239, 247.7648
890.0478825569153, 2.001, 6.3244, 247.6038
892.0479691028595, 2.0009, 6.3251, 247.3097
894.0480749607086, 2.0009, 6.3256, 247.2219
896.0481824874878, 2.0009, 6.3263, 246.864
898.0482950210571, 2.0009, 6.3268, 246.6552
900.0483911037445, 2.001, 6.3272, 246.4791
902.0484709739685, 2.001, 6.3277, 246.2715
904.0485730171204, 2.001, 6.3283, 246.1042
906.0487103462219, 2.001, 6.3289, 246.0649
908.0488393306732, 2.001, 6.3295, 245.7922
910.0489659309387, 2.001, 6.3301, 245.502
912.0490665435791, 2.001, 6.3306, 245.3296
914.0491528511047, 2.001, 6.3313, 245.1367
916.0492494106293, 2.001, 6.3315, 244.9901
918.0493497848511, 2.001, 6.3319, 244.97
920.0494351387024, 2.001, 6.3323, 244.9111
922.0495328903198, 2.001, 6.3327, 244.8186
924.0496401786804, 2.001, 6.3331, 244.8104
926.0497298240662, 2.001, 6.3336, 244.8502
928.0498313903809, 2.0009, 6.334, 244.5697
930.0499210357666, 2.0009, 6.3344, 244.3281
932.0500590801239, 2.001, 6.3349, 244.1466
934.0501568317413, 2.001, 6.3353, 244.0548
936.050244808197, 2.0009, 6.3356, 243.963
938.0503199100494, 2.0009, 6.336, 243.9703
940.0504019260406, 2.001, 6.3362, 243.8245
942.050487279892, 2.001, 6.3367, 243.5703
944.0505659580231, 2.001, 6.3371, 243.4895
946.0506489276886, 2.001, 6.3374, 243.385
948.0507538318634, 2.0009, 6.338, 243.1483
950.0508604049683, 2.001, 6.3384, 242.7637
952.0509479045868, 2.001, 6.339, 242.6444
954.051029920578, 2.001, 6.3392, 242.4497
956.0511157512665, 2.001, 6.3397, 242.2752
958.051251411438, 2.001, 6.3401, 242.2372
960.0513470172882, 2.001, 6.3408, 242.0362
962.0514335632324, 2.001, 6.3414, 241.8845
964.0515329837799, 2.001, 6.3419, 241.8337
966.0516672134399, 2.001, 6.3422, 241.7313
968.0517725944519, 2.001, 6.3427, 241.7724
970.051873922348, 2.001, 6.3432, 241.5214
972.0519788265228, 2.001, 6.3437, 241.2353
974.0520629882812, 2.001, 6.344, 240.9165
976.0521762371063, 2.001, 6.3447, 240.597
978.0522849559784, 2.0009, 6.3452, 240.329
980.0524170398712, 2.0009, 6.3455, 240.468
982.0525221824646, 2.0009, 6.346, 240.3542
984.0526700019836, 2.0009, 6.3462, 240.1888
986.0527713298798, 2.0009, 6.3466, 239.9086
988.0528774261475, 2.0009, 6.3473, 239.8199
990.0529732704163, 2.0009, 6.3476, 239.8682
992.0530593395233, 2.0009, 6.3477, 239.9482
994.0531506538391, 2.0009, 6.3478, 239.8318
996.0532374382019, 2.001, 6.3482, 239.771
998.0533294677734, 2.0009, 6.3486, 239.678
1000.0534248352051, 2.0009, 6.3489, 239.5041
1002.0535264015198, 2.0009, 6.3494, 239.3171
1004.0536229610443, 2.0009, 6.3497, 239.2303
1006.0537283420563, 2.0009, 6.35, 239.108
1008.0538151264191, 2.0009, 6.3504, 238.8529
1010.0538940429688, 2.0009, 6.3506, 238.6577
1012.0539972782135, 2.0009, 6.351, 238.7002
1014.0541081428528, 2.0009, 6.3511, 238.8079
1016.0542087554932, 2.0009, 6.3517, 238.6657
1018.0542950630188, 2.001, 6.3523, 238.4889
1020.0543944835663, 2.0009, 6.3526, 238.3845
1022.0544965267181, 2.001, 6.3531, 238.1521
1024.0545847415924, 2.001, 6.3536, 238.0651
1026.0546853542328, 2.0009, 6.3538, 237.9751
1028.0547766685486, 2.001, 6.3544, 237.8387
1030.0548830032349, 2.001, 6.3545, 237.7984
1032.0549914836884, 2.001, 6.3548, 237.8061
1034.0551364421844, 2.001, 6.355, 237.6808
1036.0552427768707, 2.0009, 6.3554, 237.4965
1038.0553905963898, 2.001, 6.3558, 237.3834
1040.0554776191711, 2.001, 6.3562, 237.2288
1042.0556282997131, 2.001, 6.3564, 237.0107
1044.055722951889, 2.001, 6.3567, 236.7262
1046.0558183193207, 2.0009, 6.3571, 236.8516
1048.0559601783752, 2.0009, 6.3573, 236.9726
1050.0560541152954, 2.0009, 6.3576, 236.8552
1052.05615568161, 2.001, 6.3579, 236.7986
1054.0562942028046, 2.001, 6.3583, 236.4875
1056.0564370155334, 2.0009, 6.3587, 236.3421
1058.056542634964, 2.001, 6.3591, 236.1647
1060.0566296577454, 2.0009, 6.3594, 236.0405
1062.0567350387573, 2.001, 6.3597, 235.8925
1064.05681681633, 2.001, 6.3601, 235.7515
1066.0569081306458, 2.0009, 6.3603, 235.5632
1068.057011127472, 2.0009, 6.3607, 235.3739
1070.0571167469025, 2.001, 6.3608, 235.431
1072.0572137832642, 2.001, 6.3613, 235.3175
1074.0573134422302, 2.001, 6.3617, 235.2195
1076.0574114322662, 2.001, 6.362, 235.1555
1078.0575106143951, 2.001, 6.3624, 235.136
1080.0576071739197, 2.0009, 6.3625, 235.1786
1082.0577170848846, 2.0009, 6.3628, 235.1013
1084.0578174591064, 2.0009, 6.3629, 235.1293
1086.0579187870026, 2.0009, 6.3632, 234.9735
1088.0580220222473, 2.0009, 6.3635, 234.9044
1090.0581035614014, 2.0009, 6.3638, 234.8413
1092.0582120418549, 2.0009, 6.364, 234.7134
1094.0583028793335, 2.0009, 6.3643, 234.476
1096.0583918094635, 2.0009, 6.3646, 234.1943
1098.0585231781006, 2.0009, 6.365, 234.0453
1100.0586156845093, 2.0009, 6.3653, 234.0051
1102.0587258338928, 2.0009, 6.3654, 233.9882
1104.058827161789, 2.0009, 6.3658, 234.08
1106.0589101314545, 2.0009, 6.3659, 234.0095
1108.05899643898, 2.0009, 6.3662, 233.9619
1110.0590994358063, 2.0009, 6.3664, 233.8859
1112.0591876506805, 2.0009, 6.3668, 233.7281
1114.059320449829, 2.0009, 6.3671, 233.6906
1116.0594654083252, 2.0009, 6.3673, 233.598
1118.0595474243164, 2.0009, 6.3674, 233.5423
1120.0596387386322, 2.0009, 6.3679, 233.5083
1122.0597434043884, 2.0009, 6.3681, 233.4551
1124.0598452091217, 2.0009, 6.368, 233.4458
1126.059945344925, 2.0009, 6.3682, 233.502
1128.060046672821, 2.0009, 6.3684, 233.4173
1130.060150384903, 2.0009, 6.3687, 233.2229
1132.0602533817291, 2.001, 6.3691, 233.0309
1134.0603568553925, 2.0009, 6.3692, 233.1339
1136.060432434082, 2.0009, 6.3693, 233.032
1138.060523033142, 2.0009, 6.3699, 232.8857
1140.0606589317322, 2.0009, 6.37, 232.796
1142.0607497692108, 2.0009, 6.3702, 232.8724
1144.0608336925507, 2.0009, 6.3702, 232.8182
1146.060967206955, 2.0009, 6.3704, 232.7712
1148.0611035823822, 2.001, 6.3706, 232.5022
1150.0612070560455, 2.0009, 6.371, 232.4292
1152.0613107681274, 2.001, 6.3713, 232.4949
1154.0613930225372, 2.0009, 6.3713, 232.5167
1156.0614938735962, 2.0009, 6.3717, 232.0893
1158.061600446701, 2.0009, 6.3721, 232.0954
1160.0617439746857, 2.0009, 6.3723, 232.1322
1162.0618300437927, 2.0009, 6.3725, 232.1635
1164.061928987503, 2.001, 6.3726, 232.19
1166.0620095729828, 2.0009, 6.3727, 232.1079
1168.0621092319489, 2.0009, 6.3729, 232.189
1170.062212228775, 2.0009, 6.373, 232.0364
1172.062290430069, 2.0009, 6.3731, 232.0533
1174.062391281128, 2.0009, 6.373, 231.9657
1176.0624923706055, 2.0009, 6.3732, 231.8971
1178.0625874996185, 2.0009, 6.3733, 231.8066
1180.0626718997955, 2.001, 6.3736, 231.6815
1182.0628499984741, 2.0009, 6.3739, 231.5113
1184.06298828125, 2.0009, 6.3742, 231.4867
1186.0630762577057, 2.0009, 6.3745, 231.382
1188.063161611557, 2.0009, 6.3748, 231.0869
1190.063240289688, 2.0009, 6.3752, 231.1314
1192.0633277893066, 2.001, 6.3753, 231.2279
1194.0634331703186, 2.0009, 6.3755, 231.0092
1196.063546180725, 2.0009, 6.3759, 230.899
1198.0636479854584, 2.0009, 6.3761, 230.8503
1200.0637600421906, 2.0009, 6.3762, 230.5613
1202.0638451576233, 2.0009, 6.3769, 230.2917
1204.0639464855194, 2.0009, 6.3772, 230.1425
1206.064048051834, 2.0009, 6.3775, 230.0312
1208.0641281604767, 2.0009, 6.3778, 229.9988
1210.064228773117, 2.0009, 6.3778, 230.0888
1212.064356803894, 2.0009, 6.378, 229.8969
1214.0644574165344, 2.0009, 6.3782, 229.8024
1216.0645611286163, 2.0009, 6.3784, 230.0404
1218.064659833908, 2.0009, 6.379, 229.9578
1220.064759016037, 2.0009, 6.379, 229.7959
1222.064858198166, 2.0009, 6.3794, 229.681
1224.0649564266205, 2.0009, 6.3796, 229.7609
1226.0650417804718, 2.0009, 6.3798, 229.5334
1228.065139055252, 2.0009, 6.3801, 229.5176
1230.0652372837067, 2.0009, 6.3803, 229.5294
1232.065339565277, 2.0009, 6.3804, 229.6358
1234.065442085266, 2.0009, 6.3806, 229.6066
1236.0655431747437, 2.0009, 6.3808, 229.4697
1238.065643787384, 2.0009, 6.3809, 229.3564
1240.0657451152802, 2.0009, 6.3813, 229.2858
1242.065843820572, 2.0009, 6.3818, 229.2134
1244.0659217834473, 2.0009, 6.3819, 228.9879
1246.0660090446472, 2.0009, 6.3823, 228.7541
1248.0660927295685, 2.0009, 6.3828, 228.5472
1250.0661933422089, 2.001, 6.3829, 228.3734
1252.0662953853607, 2.0009, 6.3832, 228.305
1254.0663866996765, 2.0009, 6.3835, 228.3132
1256.066466808319, 2.0009, 6.3841, 228.1482
1258.0665833950043, 2.0009, 6.3843, 228.2484
1260.0667304992676, 2.0009, 6.3846, 228.2048
1262.0668218135834, 2.0009, 6.3849, 228.2621
1264.066924571991, 2.0009, 6.3849, 228.2252
1266.0670309066772, 2.0009, 6.385, 228.1866
1268.0671315193176, 2.0009, 6.3853, 228.0469
1270.0672311782837, 2.0009, 6.3854, 227.9933
1272.0673215389252, 2.0009, 6.3857, 227.6423
1274.067411661148, 2.0009, 6.3861, 227.3237
1276.0675013065338, 2.0009, 6.3864, 227.2151
1278.067601442337, 2.0009, 6.3869, 227.2001
1280.0676951408386, 2.0009, 6.3872, 227.1401
1282.067828655243, 2.0009, 6.3877, 227.0941
1284.067928314209, 2.0009, 6.3879, 227.1713
1286.0680351257324, 2.0009, 6.388, 227.256
1288.0681319236755, 2.0009, 6.3882, 227.0392
1290.0682260990143, 2.0009, 6.3887, 226.8207
1292.0683257579803, 2.0009, 6.3889, 226.8933
1294.068414926529, 2.0009, 6.3891, 227.0264
1296.0685131549835, 2.0009, 6.3892, 226.8424
1298.068591117859, 2.0009, 6.3895, 226.7439
1300.0686962604523, 2.0009, 6.3897, 226.8179
1302.068797826767, 2.0009, 6.3897, 226.9353
1304.0689010620117, 2.0009, 6.3895, 226.9453
1306.0689868927002, 2.0009, 6.3894, 226.9754
1308.0690717697144, 2.0009, 6.3898, 226.8194
1310.0691540241241, 2.0009, 6.3898, 226.6726
1312.0692403316498, 2.0009, 6.3899, 226.4705
1314.0693230628967, 2.0009, 6.3902, 226.2813
1316.0694034099579, 2.0009, 6.3905, 226.0268
1318.0695056915283, 2.0009, 6.3908, 226.0578
1320.0696063041687, 2.0009, 6.3911, 225.9824
1322.0696907043457, 2.0009, 6.3912, 225.8259
1324.0697894096375, 2.0009, 6.3918, 225.5988
1326.0698878765106, 2.0009, 6.392, 225.7516
1328.0699920654297, 2.0009, 6.3922, 225.5306
1330.0700743198395, 2.0009, 6.3925, 225.4258
1332.0701749324799, 2.0009, 6.3926, 225.6398
1334.0702562332153, 2.0009, 6.3926, 225.9439
1336.0703530311584, 2.0009, 6.3924, 226.0143
1338.0704507827759, 2.0009, 6.3924, 225.8582
1340.0705482959747, 2.0009, 6.3923, 225.8181
1342.0706384181976, 2.0009, 6.3926, 225.4891
1344.070739030838, 2.0009, 6.3929, 225.54
1346.0708405971527, 2.0009, 6.393, 225.507
1348.070923089981, 2.0009, 6.3934, 225.4731
1350.071025133133, 2.0009, 6.3934, 225.4152
1352.0711016654968, 2.0009, 6.3934, 225.43
1354.0712018013, 2.0009, 6.3937, 225.4164
1356.0712888240814, 2.0009, 6.394, 225.3606
1358.0713727474213, 2.0009, 6.3944, 225.0787
1360.0714657306671, 2.0009, 6.3946, 225.049
1362.0715517997742, 2.0009, 6.3949, 225.1413
1364.0716390609741, 2.0009, 6.3949, 225.1885
1366.071726322174, 2.0009, 6.3949, 225.2367
1368.0718603134155, 2.001, 6.395, 225.1426
1370.0719470977783, 2.001, 6.3953, 225.0096
1372.0720524787903, 2.001, 6.3954, 224.9684
1374.0721895694733, 2.001, 6.3954, 224.9223
1376.0722827911377, 2.0009, 6.3955, 224.818
1378.072380065918, 2.0009, 6.3956, 224.6561
1380.0724830627441, 2.0009, 6.3959, 224.4836
1382.0725734233856, 2.001, 6.3961, 224.622
1384.072675228119, 2.0009, 6.3964, 224.6395
1386.0727698802948, 2.001, 6.3964, 224.7602
1388.0728492736816, 2.0009, 6.3964, 224.7381
1390.0729825496674, 2.0009, 6.3965, 224.5349
1392.0730891227722, 2.0009, 6.397, 224.5137
1394.0732250213623, 2.001, 6.3972, 224.375
1396.0733275413513, 2.001, 6.3973, 224.3003
1398.0734615325928, 2.0009, 6.3977, 224.0252
1400.0735697746277, 2.001, 6.398, 223.9358
1402.0736734867096, 2.0009, 6.3983, 223.8302
1404.0737736225128, 2.0009, 6.3982, 223.8016
1406.0738615989685, 2.001, 6.3987, 223.7723
1408.07395529747, 2.0009, 6.3987, 223.6185
1410.0740559101105, 2.0009, 6.3987, 223.5948
1412.0741608142853, 2.0009, 6.3989, 223.7875
1414.0742590427399, 2.0009, 6.3989, 223.8153
1416.0743594169617, 2.001, 6.3994, 223.7032
1418.0744638442993, 2.001, 6.3995, 223.6985
1420.074554681778, 2.0009, 6.3997, 223.6914
1422.0746564865112, 2.0009, 6.3997, 223.5672
1424.0747377872467, 2.0009, 6.4, 223.287
1426.074842453003, 2.0009, 6.4002, 223.442
1428.0749442577362, 2.0009, 6.4004, 223.4727
1430.075037240982, 2.001, 6.4003, 223.3466
1432.0751419067383, 2.001, 6.4003, 223.36
1434.0752351284027, 2.0009, 6.4004, 223.5355
1436.0753409862518, 2.0009, 6.4004, 223.5122
1438.0754449367523, 2.001, 6.4005, 223.3308
1440.0755338668823, 2.0009, 6.401, 223.1314
1442.0756149291992, 2.001, 6.4014, 223.1108
1444.075713634491, 2.0009, 6.4015, 222.9842
1446.0757985115051, 2.0009, 6.4016, 222.987
1448.0758867263794, 2.0009, 6.4016, 223.0254
1450.075977563858, 2.0009, 6.4019, 223.0009
1452.076063156128, 2.0009, 6.4021, 223.1511
1454.0761654376984, 2.0009, 6.4022, 222.9937
1456.0762679576874, 2.0009, 6.4027, 222.8378
1458.0763702392578, 2.0009, 6.4029, 222.8244
1460.076459646225, 2.0009, 6.4031, 222.5431
1462.076546907425, 2.0009, 6.4029, 222.6945
1464.0766320228577, 2.0009, 6.403, 222.3276
1466.0767178535461, 2.0009, 6.4033, 222.2141
1468.076803445816, 2.0009, 6.4035, 222.1944
1470.0768921375275, 2.0009, 6.4036, 222.261
1472.0770308971405, 2.0009, 6.4037, 222.2563
1474.077140569687, 2.001, 6.4039, 222.1904
1476.0772776603699, 2.001, 6.4041, 222.0853
1478.0773577690125, 2.0009, 6.4041, 222.0964
1480.0774500370026, 2.0009, 6.4043, 221.7237
1482.07754778862, 2.001, 6.405, 221.5616
1484.0776386260986, 2.0009, 6.4053, 221.8232
1486.0777339935303, 2.0009, 6.4055, 221.873
1488.0778245925903, 2.0009, 6.4057, 221.7867
1490.0779194831848, 2.0009, 6.406, 221.5948
1492.078015089035, 2.0009, 6.4062, 221.7214
1494.0781066417694, 2.0009, 6.4061, 221.8941
1496.078186750412, 2.0009, 6.4065, 221.6262
1498.0783200263977, 2.0009, 6.4067, 221.5852
1500.0784194469452, 2.0009, 6.4067, 221.5736
1502.0785081386566, 2.0009, 6.4067, 221.7552
1504.0786378383636, 2.0009, 6.4067, 221.4851
1506.0787844657898, 2.0009, 6.4068, 221.3429
1508.0788834095001, 2.0009, 6.4069, 221.0725
1510.078979253769, 2.0009, 6.4072, 221.1462
1512.0790810585022, 2.0009, 6.4075, 221.1752
1514.0791594982147, 2.0009, 6.4077, 221.2653
1516.0792996883392, 2.0009, 6.4077, 221.3249
1518.0794472694397, 2.0009, 6.4078, 221.0596
1520.0795397758484, 2.001, 6.4077, 220.9628
1522.0796360969543, 2.0009, 6.4077, 221.1321
1524.0797216892242, 2.001, 6.4079, 221.1964
1526.0798201560974, 2.0009, 6.4079, 220.8962
1528.0799152851105, 2.001, 6.4081, 220.7501
1530.0800228118896, 2.001, 6.4086, 220.5588
1532.0801129341125, 2.0009, 6.4088, 220.6012
1534.0802001953125, 2.001, 6.4092, 220.5116
1536.0803360939026, 2.0009, 6.4092, 220.6617
1538.0804314613342, 2.0009, 6.4093, 220.6554
1540.080528497696, 2.0009, 6.4093, 220.6296
1542.0806293487549, 2.0009, 6.4094, 220.5951
1544.0807180404663, 2.0009, 6.4097, 220.4875
1546.080804347992, 2.0009, 6.4096, 220.5044
1548.0808947086334, 2.0009, 6.4097, 220.6213
1550.0809786319733, 2.0009, 6.41, 220.5675
1552.0810797214508, 2.0009, 6.4101, 220.4949
1554.0812168121338, 2.0009, 6.4101, 220.5409
1556.081350326538, 2.0009, 6.41, 220.3705
1558.0814492702484, 2.0009, 6.4103, 220.3326
1560.081552028656, 2.0009, 6.4105, 220.271
1562.0816552639008, 2.0009, 6.4109, 220.1846
1564.0817561149597, 2.0009, 6.4112, 220.2391
1566.0818390846252, 2.0009, 6.4111, 220.4042
1568.0819199085236, 2.0009, 6.4113, 220.2274
1570.082026720047, 2.0009, 6.4116, 219.9681
1572.082158088684, 2.0009, 6.412, 220.02
1574.0822577476501, 2.0009, 6.4122, 220.0143
1576.0823605060577, 2.0009, 6.4123, 219.9504
1578.0824472904205, 2.0009, 6.4124, 219.9474
1580.0825459957123, 2.0009, 6.4126, 219.838
1582.0826308727264, 2.0009, 6.4128, 219.7512
1584.082722902298, 2.0009, 6.413, 219.7322
1586.0828037261963, 2.0009, 6.4131, 219.655
1588.0828375816345, 2.0009, 6.4134, 219.3889
1590.0829288959503, 2.001, 6.4137, 219.1807
1592.0830295085907, 2.0009, 6.414, 219.0016
1594.0831203460693, 2.0009, 6.4139, 219.093
1596.0832147598267, 2.001, 6.4142, 218.9785
1598.083312511444, 2.0009, 6.4145, 219.0198
1600.0833976268768, 2.0009, 6.4148, 218.9705
1602.0834765434265, 2.0009, 6.4148, 218.8745
1604.0835568904877, 2.0009, 6.4147, 218.7843
1606.0836470127106, 2.0009, 6.415, 218.7149
1608.0837478637695, 2.0009, 6.4152, 218.6486
1610.08385181427, 2.0009, 6.4155, 218.4634
1612.0839383602142, 2.0009, 6.4159, 218.4274
1614.0840408802032, 2.0009, 6.4159, 218.6402
1616.0841414928436, 2.0009, 6.4161, 218.5413
1618.0842790603638, 2.0009, 6.416, 218.6773
1620.0843579769135, 2.0009, 6.416, 218.7119
1622.0844366550446, 2.0009, 6.4161, 218.8269
1624.0845186710358, 2.0009, 6.4158, 218.9025
1626.084620475769, 2.0009, 6.4161, 218.744
1628.0847136974335, 2.0009, 6.4161, 218.7548
1630.084800004959, 2.0009, 6.4163, 218.8482
1632.084900379181, 2.0009, 6.4163, 218.6855
1634.0850014686584, 2.0009, 6.4166, 218.5554
1636.085102558136, 2.0009, 6.4168, 218.5532
1638.0852091312408, 2.0009, 6.417, 218.3966
1640.0853199958801, 2.0009, 6.417, 218.2371
1642.0854046344757, 2.0009, 6.4175, 218.2665
1644.0854940414429, 2.0009, 6.4177, 218.1407
1646.0856342315674, 2.0009, 6.4178, 218.1242
1648.085723400116, 2.0009, 6.4178, 218.1891
1650.0858216285706, 2.0009, 6.4181, 217.9464
1652.0859100818634, 2.0009, 6.4182, 217.7936
1654.0860006809235, 2.0009, 6.4185, 217.7771
1656.0861093997955, 2.0009, 6.4183, 217.7996
1658.0861921310425, 2.0009, 6.4184, 217.872
1660.0862939357758, 2.0009, 6.4186, 217.681
1662.0864305496216, 2.0009, 6.419, 217.6475
1664.0865354537964, 2.0009, 6.4194, 217.6268
1666.086637020111, 2.0009, 6.4195, 217.81
1668.0867290496826, 2.0009, 6.4195, 217.7321
1670.086829662323, 2.0009, 6.4194, 217.7397
1672.0869133472443, 2.0009, 6.4194, 217.6527
1674.087014913559, 2.0009, 6.4196, 217.7694
1676.0870988368988, 2.0009, 6.4197, 217.7738
1678.0871930122375, 2.0009, 6.4197, 217.7618
1680.0873198509216, 2.0009, 6.4195, 217.8979
1682.0874154567719, 2.0009, 6.4192, 218.0759
1684.0875284671783, 2.0009, 6.4191, 218.1223
1686.0876336097717, 2.0009, 6.4192, 218.034
1688.0877258777618, 2.0009, 6.4195, 217.8219
1690.0878303050995, 2.0009, 6.4198, 217.6192
1692.0879302024841, 2.0009, 6.4201, 217.5995
1694.0880131721497, 2.0009, 6.4201, 217.5751
1696.0881025791168, 2.0009, 6.4201, 217.6806
1698.0882046222687, 2.0009, 6.4202, 217.6749
1700.0883054733276, 2.0009, 6.4202, 217.6977
1702.0884013175964, 2.0009, 6.4204, 217.8219
1704.0885002613068, 2.0009, 6.4202, 217.8931
1706.08860373497, 2.0009, 6.4203, 217.6873
1708.0886883735657, 2.0009, 6.4204, 217.5311
1710.0887916088104, 2.0009, 6.4205, 217.3179
1712.0888941287994, 2.0009, 6.421, 217.1259
1714.0889971256256, 2.0009, 6.4213, 217.1401
1716.0890955924988, 2.0009, 6.4214, 217.1828
1718.0891935825348, 2.0009, 6.4214, 217.373
1720.0892944335938, 2.0009, 6.4215, 217.342
1722.0893816947937, 2.0009, 6.4213, 217.4601
1724.0894815921783, 2.0009, 6.4214, 217.2051
1726.0895912647247, 2.0009, 6.4215, 217.3421
1728.089678287506, 2.0009, 6.4216, 217.2161
1730.0897631645203, 2.0009, 6.422, 217.0359
1732.0898671150208, 2.0009, 6.4222, 216.8815
1734.0899684429169, 2.0009, 6.4226, 216.7059
1736.0900568962097, 2.0009, 6.4228, 216.616
1738.0901567935944, 2.0009, 6.4234, 216.3459
1740.0902423858643, 2.0009, 6.4235, 216.3592
1742.0903227329254, 2.0009, 6.4239, 216.3524
1744.090409040451, 2.0009, 6.4241, 216.3825
1746.0905554294586, 2.0009, 6.4242, 216.4258
1748.0906414985657, 2.0009, 6.4243, 216.3127
1750.09073138237, 2.0009, 6.4243, 216.2893
1752.0908267498016, 2.0009, 6.4245, 216.3037
1754.090938091278, 2.0009, 6.4248, 216.2451
1756.091072320938, 2.0009, 6.425, 216.2069
1758.09117436409, 2.0009, 6.4253, 216.0362
1760.0912709236145, 2.0009, 6.4257, 215.7838
1762.0913705825806, 2.0009, 6.4257, 215.5958
1764.0914611816406, 2.0009, 6.426, 215.3091
1766.0915546417236, 2.0009, 6.426, 215.511
1768.091655254364, 2.0009, 6.426, 215.5918
1770.091758966446, 2.0009, 6.4263, 215.5532
1772.091861486435, 2.0009, 6.4264, 215.7073
1774.0919992923737, 2.0009, 6.4262, 215.7119
1776.0920865535736, 2.0009, 6.4262, 215.8823
1778.0921876430511, 2.0009, 6.4262, 215.9979
1780.0922775268555, 2.0009, 6.4263, 215.9436
1782.0923910140991, 2.0009, 6.4263, 215.9824
1784.0924835205078, 2.0009, 6.4262, 215.9883
1786.0925862789154, 2.0009, 6.4263, 215.8201
1788.0926778316498, 2.0009, 6.4266, 215.565
1790.0927734375, 2.0009, 6.4264, 215.6685
1792.0928754806519, 2.0009, 6.4267, 215.5119
1794.0930120944977, 2.0009, 6.4263, 215.4693
1796.0931158065796, 2.0009, 6.4267, 215.371
1798.0932219028473, 2.0009, 6.4267, 215.4709
1800.0933423042297, 2.0009, 6.4267, 215.3617
1802.0934238433838, 2.0009, 6.4271, 215.2543
1804.0935039520264, 2.0009, 6.4273, 215.3791
1806.0935850143433, 2.0009, 6.4273, 215.3611
1808.0936875343323, 2.0009, 6.4271, 215.59
1810.093769788742, 2.0009, 6.4269, 215.6286
1812.0938503742218, 2.0009, 6.427, 215.7205
1814.0939383506775, 2.0009, 6.4271, 215.6042
1816.094072818756, 2.0009, 6.4273, 215.5445
1818.0942182540894, 2.0009, 6.4274, 215.4474
1820.0943005084991, 2.0009, 6.4275, 215.6173
1822.094387769699, 2.0009, 6.4272, 215.5603
1824.094477891922, 2.0009, 6.4275, 215.5038
1826.0946290493011, 2.0009, 6.4275, 215.4648
1828.0947661399841, 2.0009, 6.4277, 215.449
1830.094885110855, 2.0009, 6.4276, 215.4746
1832.0949680805206, 2.0009, 6.4278, 215.3909
1834.0950555801392, 2.0009, 6.428, 215.2838
1836.0951421260834, 2.0009, 6.4282, 215.2033
1838.0952203273773, 2.0009, 6.4285, 215.1491
1840.0953097343445, 2.0009, 6.4288, 215.1537
1842.0953924655914, 2.0009, 6.4287, 215.0407
1844.0954780578613, 2.0009, 6.4285, 215.0955
1846.0955791473389, 2.0009, 6.4285, 215.1975
1848.095686674118, 2.0009, 6.4286, 215.2546
1850.0958001613617, 2.0009, 6.4287, 215.261
1852.0959084033966, 2.0009, 6.4289, 215.146
1854.0960450172424, 2.0009, 6.4291, 215.1036
1856.096126794815, 2.0009, 6.4292, 215.1506
1858.0962281227112, 2.0009, 6.4293, 215.0946
1860.0963289737701, 2.0009, 6.4291, 215.0678
1862.0964119434357, 2.0009, 6.4293, 215.0044
1864.096492767334, 2.0009, 6.4294, 214.8357
1866.0965948104858, 2.0009, 6.4298, 214.7513
1868.0966997146606, 2.0009, 6.4299, 214.6448
1870.0968010425568, 2.0009, 6.4302, 214.6457
1872.09690117836, 2.0009, 6.4301, 214.6847
1874.0969824790955, 2.0009, 6.4301, 214.7996
1876.0970859527588, 2.0009, 6.4299, 214.8285
1878.0971710681915, 2.0009, 6.4301, 214.7815
1880.097273349762, 2.0009, 6.4303, 214.4933
1882.097368478775, 2.0009, 6.4307, 214.3617
1884.0974707603455, 2.0009, 6.4311, 214.3561
1886.0975694656372, 2.0009, 6.4312, 214.3698
1888.0976588726044, 2.0009, 6.4313, 214.1755
1890.0977594852448, 2.0009, 6.4315, 213.8304
1892.0978457927704, 2.0009, 6.4315, 213.8422
1894.0979435443878, 2.0009, 6.4314, 214.0021
1896.098030090332, 2.0009, 6.4314, 214.0047
1898.0981178283691, 2.0009, 6.4316, 213.9929
1900.0981979370117, 2.0009, 6.4317, 213.8937
1902.0983004570007, 2.0009, 6.4319, 213.9574
1904.0984046459198, 2.0009, 6.4318, 214.2122
1906.0984959602356, 2.0009, 6.4322, 213.9088
1908.0985805988312, 2.0009, 6.4323, 213.8693
1910.098661184311, 2.0009, 6.4323, 213.9082
1912.0987603664398, 2.0009, 6.4325, 213.8939
1914.0988628864288, 2.0009, 6.4325, 213.8374
1916.0989680290222, 2.0009, 6.432, 213.8003
1918.099070072174, 2.0009, 6.4323, 213.7231
1920.0991735458374, 2.0009, 6.4325, 213.5378
1922.0992736816406, 2.0009, 6.4329, 213.7287
1924.0993602275848, 2.0009, 6.4328, 213.8635
1926.099446296692, 2.0009, 6.4331, 213.8061
1928.0995256900787, 2.0009, 6.4332, 213.7311
1930.0996153354645, 2.0009, 6.4333, 213.6232
1932.0997474193573, 2.0009, 6.4335, 213.5935
1934.0998375415802, 2.0009, 6.4334, 213.8876
1936.0999326705933, 2.0009, 6.4334, 213.9128
1938.1000247001648, 2.0009, 6.4335, 213.8352
1940.100112915039, 2.0009, 6.4339, 213.6847
1942.1002216339111, 2.0009, 6.4338, 213.7644
1944.1003484725952, 2.0009, 6.4338, 213.6582
1946.1004407405853, 2.0009, 6.4341, 213.3718
1948.100527048111, 2.0009, 6.4343, 213.2326
1950.1006438732147, 2.0009, 6.4342, 213.1916
1952.1007239818573, 2.0009, 6.4344, 213.2453
1954.100826740265, 2.0009, 6.4345, 213.1795
1956.1009638309479, 2.0009, 6.4345, 213.3439
1958.101066827774, 2.0009, 6.4345, 213.2669
1960.1011981964111, 2.0009, 6.4347, 213.41
1962.101331949234, 2.0009, 6.4348, 213.4627
1964.1014211177826, 2.0009, 6.4347, 213.6037
1966.1015212535858, 2.0009, 6.4345, 213.5984
1968.1016047000885, 2.0009, 6.4343, 213.4426
1970.101705789566, 2.0009, 6.4344, 213.3626
1972.1018028259277, 2.0009, 6.4344, 213.2896
1974.1018869876862, 2.0009, 6.4346, 213.3162
1976.1020243167877, 2.0009, 6.4345, 213.18
1978.1021301746368, 2.0009, 6.4346, 212.962
1980.1022174358368, 2.0009, 6.4349, 213.0456
1982.102296590805, 2.0009, 6.4346, 213.1029
1984.1024043560028, 2.0009, 6.4351, 212.9727
1986.1024994850159, 2.0009, 6.4353, 212.8986
1988.1025881767273, 2.0009, 6.4356, 212.8871
1990.1026780605316, 2.0009, 6.4359, 212.8619
1992.1027796268463, 2.0009, 6.4363, 212.7745
1994.1028668880463, 2.0009, 6.4365, 212.7837
1996.1029517650604, 2.0009, 6.4366, 212.6785
1998.103051185608, 2.0009, 6.4367, 212.3615
2000.1031277179718, 2.0009, 6.4368, 212.5309
2002.1032135486603, 2.0009, 6.4367, 212.6005
2004.103304386139, 2.0009, 6.4365, 212.6058
2006.1034045219421, 2.0009, 6.4368, 212.4557
2008.1034865379333, 2.0009, 6.437, 212.4941
2010.1036214828491, 2.0009, 6.4372, 212.5707
2012.1037573814392, 2.0009, 6.4373, 212.625
2014.103844165802, 2.0009, 6.4374, 212.6546
2016.1039774417877, 2.0009, 6.4375, 212.6444
2018.1040635108948, 2.0009, 6.4375, 212.6213
2020.1041560173035, 2.0009, 6.4375, 212.5741
2022.1042964458466, 2.0009, 6.4376, 212.4587
2024.1043894290924, 2.0009, 6.4378, 212.2652
2026.1044745445251, 2.0009, 6.4379, 212.256
2028.1045768260956, 2.0009, 6.4379, 212.2662
2030.104680299759, 2.0009, 6.4381, 212.3742
2032.1047627925873, 2.0009, 6.438, 212.4895
2034.1048624515533, 2.0009, 6.4382, 212.2947
2036.1049489974976, 2.0009, 6.4382, 212.0325
2038.1050403118134, 2.0009, 6.4381, 211.988
2040.1051297187805, 2.0009, 6.4382, 211.8286
2042.1052105426788, 2.0009, 6.4384, 211.8168
2044.1053483486176, 2.0009, 6.4383, 211.8447
2046.105452299118, 2.0009, 6.4386, 211.6151
2048.1055500507355, 2.0009, 6.4387, 211.6769
2050.1056537628174, 2.0009, 6.4388, 211.8606
2052.105745077133, 2.0009, 6.439, 211.7102
2054.105828523636, 2.0009, 6.4389, 211.8891
2056.105929851532, 2.0009, 6.4392, 212.0157
2058.1060194969177, 2.0009, 6.4391, 211.9683
2060.1061186790466, 2.0009, 6.4393, 212.0168
2062.1062145233154, 2.0009, 6.4392, 212.1179
2064.1063001155853, 2.0009, 6.4392, 212.2641
2066.1063838005066, 2.001, 6.4392, 212.2755
2068.1065270900726, 2.0009, 6.4392, 212.2314
2070.1066312789917, 2.0009, 6.4396, 212.0777
2072.10670876503, 2.0009, 6.4396, 212.0139
2074.106793642044, 2.0009, 6.4399, 211.9492
2076.106895685196, 2.0009, 6.4399, 211.7427
2078.106981754303, 2.0009, 6.4398, 211.7815
2080.107084751129, 2.0009, 6.4397, 212.03
2082.1072161197662, 2.0009, 6.4398, 211.8869
2084.107316493988, 2.0009, 6.4399, 211.7552
2086.107417821884, 2.0009, 6.4402, 211.7713
2088.107515335083, 2.0009, 6.4404, 211.7987
2090.1075937747955, 2.0009, 6.4402, 211.891
2092.10769367218, 2.0009, 6.4401, 211.8762
2094.1077919006348, 2.0009, 6.4404, 211.8289
2096.107874393463, 2.0009, 6.4405, 211.7822
2098.1080107688904, 2.0009, 6.4407, 211.7037
2100.108115673065, 2.0009, 6.4409, 211.5374
2102.108204126358, 2.0009, 6.4409, 211.3002
2104.108298778534, 2.0009, 6.4413, 211.1314
2106.1084368228912, 2.0009, 6.4412, 211.2382
2108.108516931534, 2.0009, 6.4413, 211.18
2110.108617544174, 2.0009, 6.4412, 211.1514
2112.108716249466, 2.0009, 6.4413, 211.1521
2114.1088507175446, 2.0009, 6.4412, 211.1209
2116.1089930534363, 2.0009, 6.4414, 211.1341
2118.1090948581696, 2.0009, 6.4412, 211.3107
2120.1091957092285, 2.0009, 6.4415, 211.2739
2122.109297990799, 2.0009, 6.4417, 211.3037
2124.1093826293945, 2.0009, 6.4419, 211.367
2126.109461069107, 2.0009, 6.4418, 211.6292
2128.1095521450043, 2.0009, 6.4415, 211.7466
2130.1096885204315, 2.0009, 6.4409, 211.8021
2132.1097881793976, 2.0009, 6.4409, 211.7962
2134.109887599945, 2.0009, 6.4408, 211.8672
2136.109970331192, 2.0009, 6.4407, 211.5875
2138.1100783348083, 2.0009, 6.4406, 211.5804
2140.1101825237274, 2.0009, 6.4407, 211.4991
2142.11026597023, 2.0009, 6.4406, 211.5031
2144.110347032547, 2.0009, 6.4406, 211.3497
2146.110450744629, 2.0009, 6.4411, 211.3234
2148.1105546951294, 2.0009, 6.4411, 211.4271
2150.1106576919556, 2.0009, 6.4409, 211.3033
2152.1107544898987, 2.0009, 6.4409, 211.3325
2154.110853433609, 2.001, 6.4411, 211.3938
2156.110953092575, 2.0009, 6.4411, 211.5586
2158.111055135727, 2.0009, 6.441, 211.6117
2160.11114859581, 2.0009, 6.441, 211.5683
2162.111226081848, 2.0009, 6.4412, 211.4812
2164.1113142967224, 2.0009, 6.4413, 211.5015
2166.1114003658295, 2.0009, 6.4412, 211.5022
2168.1115074157715, 2.0009, 6.4413, 211.5552
2170.111613035202, 2.0009, 6.4414, 211.3105
2172.1117103099823, 2.0009, 6.441, 211.3048
2174.1118199825287, 2.0009, 6.4412, 211.3633
2176.111899614334, 2.0009, 6.4411, 211.289
2178.1120398044586, 2.0009, 6.4413, 211.0715
2180.112116575241, 2.0009, 6.4414, 211.0787
2182.11221241951, 2.0009, 6.4414, 211.3784
2184.11230969429, 2.0009, 6.4415, 211.2586
2186.112413406372, 2.0009, 6.4418, 211.2018
2188.1125149726868, 2.0009, 6.4418, 211.118
2190.1126101017, 2.0009, 6.4421, 211.1951
2192.1127395629883, 2.0009, 6.4423, 211.043
2194.112846136093, 2.0009, 6.4426, 210.882
2196.112934589386, 2.0009, 6.4429, 210.8308
2198.11301612854, 2.0009, 6.4427, 210.8016
2200.1131150722504, 2.0009, 6.4428, 210.8745
2202.1132197380066, 2.0009, 6.443, 210.9504
2204.1133556365967, 2.0009, 6.4429, 211.0378
2206.1134486198425, 2.0009, 6.4426, 211.1003
2208.1135454177856, 2.0009, 6.4426, 211.3768
2210.1136724948883, 2.0009, 6.4424, 211.4695
2212.1137747764587, 2.0009, 6.4422, 211.4805
2214.1138780117035, 2.0009, 6.4423, 211.4452
2216.113965511322, 2.001, 6.4423, 211.4503
2218.1140689849854, 2.0009, 6.4424, 211.314
2220.114171743393, 2.0009, 6.4427, 211.1561
2222.11425614357, 2.0009, 6.4427, 211.358
2224.1143474578857, 2.0009, 6.4428, 211.4751
2226.1144433021545, 2.0009, 6.4427, 211.4921
2228.114545106888, 2.0009, 6.4427, 211.2805
2230.114632129669, 2.0009, 6.4428, 211.006
2232.1147174835205, 2.0009, 6.4431, 210.9188
2234.1147968769073, 2.0009, 6.4432, 211.0014
2236.114888906479, 2.0009, 6.4434, 211.0151
2238.114990711212, 2.0009, 6.4437, 210.8231
2240.1150908470154, 2.0009, 6.4438, 210.7527
2242.115182876587, 2.0009, 6.4436, 210.7163
2244.1152839660645, 2.0009, 6.4436, 210.6166
2246.1153824329376, 2.0009, 6.4436, 210.555
2248.115480899811, 2.0009, 6.4437, 210.6315
2250.1155602931976, 2.0009, 6.4437, 210.6947
2252.115650653839, 2.0009, 6.4441, 210.5909
2254.115780353546, 2.0009, 6.444, 210.7388
2256.115880727768, 2.0009, 6.4442, 210.7556
2258.1159615516663, 2.0009, 6.4443, 210.8157
2260.11603975296, 2.0009, 6.4444, 210.7613
2262.1161386966705, 2.0009, 6.4444, 210.7407
2264.116237640381, 2.0009, 6.4444, 210.6478
2266.116322040558, 2.0009, 6.4448, 210.5065
2268.1164219379425, 2.0009, 6.4449, 210.5043
2270.1164989471436, 2.0009, 6.4452, 210.4202
2272.116596221924, 2.0009, 6.4455, 210.5749
2274.1166858673096, 2.0009, 6.4454, 210.469
2276.116789340973, 2.0009, 6.4456, 210.4703
2278.116891860962, 2.0009, 6.4458, 210.3718
2280.1169834136963, 2.0009, 6.446, 210.1912
2282.117070198059, 2.0009, 6.4459, 210.1275
2284.1171724796295, 2.0009, 6.4455, 209.9397
2286.1172721385956, 2.0009, 6.4458, 209.9542
2288.1173508167267, 2.0009, 6.4459, 209.9483
2290.1174631118774, 2.0009, 6.4462, 209.8368
2292.1175634860992, 2.0009, 6.4459, 210.2312
2294.117639541626, 2.0009, 6.4457, 210.1736
2296.117737054825, 2.0009, 6.4461, 210.0658
2298.1178402900696, 2.0009, 6.4461, 209.9132
2300.1179418563843, 2.0009, 6.4463, 209.9097
2302.1180341243744, 2.0009, 6.4462, 210.0021
2304.1181213855743, 2.0009, 6.446, 210.1441
2306.118206501007, 2.0009, 6.446, 210.1979
2308.1183416843414, 2.0009, 6.4463, 210.0337
2310.1184380054474, 2.0009, 6.4465, 210.0375
2312.1185207366943, 2.0009, 6.4468, 209.9904
2314.118611097336, 2.0009, 6.447, 210.0892
2316.1186938285828, 2.0009, 6.4466, 210.2162
2318.118796348572, 2.0009, 6.4468, 210.0294
2320.118878364563, 2.0009, 6.447, 209.9956
2322.1189625263214, 2.0009, 6.4472, 209.7951
2324.119051218033, 2.0009, 6.4475, 209.873
2326.1191833019257, 2.0009, 6.4474, 209.7921
2328.1192672252655, 2.001, 6.4472, 209.6606
2330.119358778, 2.0009, 6.4475, 209.1981
2332.1194655895233, 2.0009, 6.4478, 209.2929
2334.119555711746, 2.0009, 6.4478, 209.6444
2336.1196525096893, 2.0009, 6.4477, 209.6526
2338.119749069214, 2.0009, 6.4478, 209.6926
2340.119833469391, 2.0009, 6.4479, 209.6622
2342.1199176311493, 2.0009, 6.448, 209.642
2344.120050907135, 2.0009, 6.4481, 209.331
2346.1201314926147, 2.0009, 6.4487, 209.2964
2348.1202268600464, 2.0009, 6.4489, 209.2792
2350.120311975479, 2.0009, 6.4486, 209.358
2352.1204063892365, 2.0009, 6.4483, 209.3851
2354.1205520629883, 2.0009, 6.4482, 209.159
2356.120657682419, 2.0009, 6.4484, 209.1553
2358.120752096176, 2.0009, 6.449, 208.9354
2360.1208319664, 2.0009, 6.4494, 208.967
2362.1209666728973, 2.0009, 6.4497, 208.9868
2364.121098279953, 2.0009, 6.4499, 208.9989
2366.1212005615234, 2.0009, 6.4498, 209.0107
2368.1212995052338, 2.0009, 6.4497, 208.8957
2370.121410369873, 2.0009, 6.4498, 209.0017
2372.1215114593506, 2.0009, 6.45, 208.908
2374.121598482132, 2.0009, 6.45, 208.9338
2376.1217002868652, 2.0009, 6.4497, 208.8301
2378.1217880249023, 2.0009, 6.4498, 208.7285
2380.121880531311, 2.0009, 6.4499, 208.8272
2382.121978521347, 2.0009, 6.45, 208.6056
2384.1220800876617, 2.0009, 6.4502, 208.651
2386.122180223465, 2.0009, 6.4503, 208.8365
2388.122262239456, 2.0009, 6.4503, 208.7025
2390.122350692749, 2.0009, 6.4508, 208.6168
2392.1224558353424, 2.0009, 6.4507, 208.5917
2394.1225576400757, 2.0009, 6.4503, 208.5424
2396.122658729553, 2.0009, 6.45, 208.5823
2398.1227447986603, 2.0009, 6.4499, 208.9229
2400.122852087021, 2.0009, 6.45, 208.8268
2402.12295460701, 2.0009, 6.4499, 208.8206
2404.1230528354645, 2.0009, 6.4501, 208.8249
2406.123137950897, 2.0009, 6.4503, 208.8941
2408.123234987259, 2.0009, 6.4502, 209.0886
2410.1233370304108, 2.0009, 6.4503, 209.1752
2412.123432636261, 2.0009, 6.4503, 209.2821
2414.1235206127167, 2.0009, 6.4505, 209.2154
2416.1236062049866, 2.0009, 6.4508, 208.9968
2418.12370634079, 2.0009, 6.4509, 208.8088
2420.123799562454, 2.0009, 6.4504, 208.7132
2422.1239309310913, 2.0009, 6.4505, 208.6832
2424.1240632534027, 2.0009, 6.4509, 208.5114
2426.1241607666016, 2.0009, 6.4511, 208.6245
2428.1242430210114, 2.0009, 6.4515, 208.4058
2430.124320745468, 2.0009, 6.4518, 208.2709
2432.1244032382965, 2.0009, 6.4522, 208.2802
2434.1245017051697, 2.0009, 6.4525, 208.2796
2436.1246008872986, 2.0009, 6.4526, 208.4576
2438.1246979236603, 2.0009, 6.4526, 208.3566
2440.124799489975, 2.0009, 6.453, 208.0745
2442.1248862743378, 2.0009, 6.453, 208.1691
2444.1249718666077, 2.0009, 6.4528, 207.9603
2446.1250610351562, 2.0009, 6.4528, 207.882
2448.125147342682, 2.0009, 6.4529, 208.0163
2450.125230073929, 2.0009, 6.4529, 207.7394
2452.1253123283386, 2.0009, 6.4527, 207.8564
2454.1254460811615, 2.0009, 6.453, 207.9858
2456.125534772873, 2.0009, 6.4531, 208.1173
2458.125639438629, 2.0009, 6.4532, 208.1618
2460.1257293224335, 2.0009, 6.4532, 208.133
2462.1258108615875, 2.0009, 6.4534, 208.1721
2464.125900745392, 2.0009, 6.4534, 208.2365
2466.125985145569, 2.0009, 6.4531, 208.1553
2468.1260662078857, 2.0009, 6.453, 207.955
2470.126168489456, 2.0009, 6.4532, 207.7
2472.1262488365173, 2.0009, 6.4534, 207.739
2474.126335144043, 2.0009, 6.4532, 207.7254
2476.126433134079, 2.0009, 6.4532, 207.9406
2478.12651515007, 2.0009, 6.4532, 207.7346
2480.1266021728516, 2.0009, 6.4535, 207.7296
2482.126683950424, 2.0009, 6.4535, 207.7648
2484.1267850399017, 2.0009, 6.4537, 207.7337
2486.1268920898438, 2.0009, 6.4538, 207.8603
2488.1269929409027, 2.0009, 6.4538, 207.9226
2490.1271057128906, 2.0009, 6.4537, 207.9191
2492.1272127628326, 2.0009, 6.4537, 207.7008
2494.127303123474, 2.0009, 6.4539, 207.9104
2496.127408504486, 2.0009, 6.4539, 208.1053
2498.1275086402893, 2.0009, 6.4538, 208.3226
2500.127609014511, 2.0009, 6.4536, 208.471
2502.1276936531067, 2.0009, 6.4534, 208.3767
2504.1277747154236, 2.0009, 6.4536, 208.1436
2506.127858400345, 2.0009, 6.454, 207.9361
2508.127945423126, 2.0009, 6.454, 207.6519
2510.128048658371, 2.0009, 6.4542, 207.569
2512.1281826496124, 2.0009, 6.4544, 207.4918
2514.1282641887665, 2.0009, 6.4543, 207.6079
2516.1284103393555, 2.0009, 6.4543, 207.6982
2518.1285548210144, 2.0009, 6.4541, 207.8645
2520.1286520957947, 2.0009, 6.4543, 207.9041
2522.1287364959717, 2.0009, 6.4541, 207.6638
2524.1288237571716, 2.0009, 6.4543, 207.5996
2526.128959417343, 2.0009, 6.4546, 207.4834
2528.129063844681, 2.0009, 6.4548, 207.4283
2530.129162311554, 2.0009, 6.4548, 207.5422
2532.129251241684, 2.0009, 6.4548, 207.4753
2534.12939286232, 2.0009, 6.4544, 207.5692
2536.129481077194, 2.0009, 6.4546, 207.5417
2538.129564523697, 2.0009, 6.4545, 207.6122
2540.1296529769897, 2.0009, 6.4546, 207.7111
2542.1297373771667, 2.0009, 6.4546, 207.7539
2544.129837036133, 2.0009, 6.4544, 207.5778
2546.1299393177032, 2.0009, 6.4547, 207.4557
2548.1300432682037, 2.0009, 6.455, 207.675
2550.130131959915, 2.0009, 6.4551, 207.6694
2552.130221605301, 2.0009, 6.4554, 207.5134
2554.130359888077, 2.0009, 6.4556, 207.2058
2556.1304981708527, 2.0009, 6.4556, 207.0998
2558.1305887699127, 2.0009, 6.4556, 207.3552
2560.1306705474854, 2.0009, 6.4557, 207.394
2562.13077044487, 2.0009, 6.4558, 207.5745
2564.130870819092, 2.0009, 6.4557, 207.6907
2566.1309745311737, 2.0009, 6.4556, 207.6411
2568.131059885025, 2.0009, 6.4557, 207.4424
2570.131163597107, 2.0009, 6.4559, 207.2258
2572.131250143051, 2.0009, 6.4562, 207.025
2574.1313524246216, 2.0009, 6.4561, 207.053
2576.1314408779144, 2.0009, 6.456, 207.1863
2578.1315445899963, 2.0009, 6.4561, 207.2837
2580.131628036499, 2.0009, 6.456, 207.2955
2582.131711244583, 2.0009, 6.4562, 207.2516
2584.131813764572, 2.0009, 6.4564, 207.2501
2586.1319160461426, 2.0009, 6.4566, 207.1412
2588.1320176124573, 2.0009, 6.4569, 207.1006
2590.1321063041687, 2.0009, 6.457, 207.1847
2592.1322104930878, 2.0009, 6.4568, 207.2036
2594.132294178009, 2.0009, 6.4567, 207.2602
2596.1324100494385, 2.0009, 6.4567, 207.2971
2598.1325414180756, 2.0009, 6.4567, 207.154
2600.132644891739, 2.0009, 6.4566, 207.0291
2602.13273024559, 2.0009, 6.4567, 206.989
2604.1328229904175, 2.0009, 6.4568, 206.876
2606.1329247951508, 2.0009, 6.4569, 206.8806
2608.133015871048, 2.0009, 6.4571, 206.7285
2610.133117198944, 2.0009, 6.4571, 206.5596
2612.133201122284, 2.001, 6.4575, 206.5681
2614.133300304413, 2.0009, 6.4575, 206.6356
2616.133395910263, 2.0009, 6.4578, 206.419
2618.1335310935974, 2.0009, 6.4578, 206.3659
2620.1336381435394, 2.0009, 6.4576, 206.4664
2622.1337361335754, 2.0009, 6.4576, 206.3668
2624.1338200569153, 2.0009, 6.4573, 206.3548
2626.133958339691, 2.0009, 6.4573, 206.3944
2628.1341094970703, 2.0009, 6.4574, 206.3711
2630.1341922283173, 2.0009, 6.4574, 206.4307
2632.134277820587, 2.0009, 6.4575, 206.5235
2634.134385585785, 2.0009, 6.4575, 206.8314
2636.134484767914, 2.0009, 6.4573, 206.9267
2638.13458609581, 2.0009, 6.4574, 206.8306
2640.134686946869, 2.0009, 6.4578, 206.6643
2642.1347880363464, 2.0009, 6.4579, 206.6338
2644.1348741054535, 2.0009, 6.4577, 206.6041
2646.134955883026, 2.0009, 6.4573, 206.7007
2648.135039329529, 2.0009, 6.4574, 206.6141
2650.135120868683, 2.0009, 6.4575, 206.4442
2652.135221719742, 2.0009, 6.4573, 206.3493
2654.135373353958, 2.0009, 6.4577, 206.3481
2656.135473012924, 2.0009, 6.4579, 206.5317
2658.1355571746826, 2.0009, 6.4578, 206.5868
2660.135689973831, 2.0009, 6.4579, 206.6099
2662.1357896327972, 2.0009, 6.458, 206.3262
2664.1358680725098, 2.0009, 6.4585, 206.3119
2666.135969400406, 2.0009, 6.459, 206.2144
2668.1360738277435, 2.0009, 6.4589, 206.1034
2670.136176109314, 2.0009, 6.4586, 206.2389
2672.1362805366516, 2.0009, 6.4587, 206.258
2674.1363830566406, 2.0009, 6.4588, 206.1859
2676.1364855766296, 2.0009, 6.4589, 206.3428
2678.1365897655487, 2.0009, 6.4593, 206.2172
2680.1367037296295, 2.0009, 6.4597, 206.1401
2682.136796474457, 2.0009, 6.4595, 206.2192
2684.1368973255157, 2.0009, 6.4597, 206.4141
2686.13698220253, 2.0009, 6.4595, 206.0225
2688.1370844841003, 2.0009, 6.4595, 206.0862
2690.137166261673, 2.0009, 6.4591, 206.3044
2692.1372561454773, 2.0009, 6.4592, 206.0638
2694.1373660564423, 2.0009, 6.4592, 205.9265
2696.1374638080597, 2.0009, 6.4595, 206.1501
2698.1375603675842, 2.0009, 6.4594, 206.2507
2700.137661218643, 2.0009, 6.4597, 206.2772
2702.1377458572388, 2.0009, 6.4599, 206.1212
2704.1378457546234, 2.0009, 6.4601, 206.0102
2706.1379268169403, 2.0009, 6.4604, 205.8907
2708.1380252838135, 2.0009, 6.4606, 205.838
2710.1381273269653, 2.0009, 6.4607, 205.9836
2712.1382250785828, 2.0009, 6.4609, 205.8639
2714.138330221176, 2.0009, 6.4612, 205.7191
2716.138431072235, 2.0009, 6.4612, 205.6932
2718.138532400131, 2.0009, 6.4611, 205.7998
2720.1386198997498, 2.0009, 6.4611, 205.5726
2722.1387107372284, 2.0009, 6.4615, 205.5188
2724.1388013362885, 2.0009, 6.4614, 205.5865
2726.138887643814, 2.0009, 6.4616, 205.6198
2728.13898062706, 2.0009, 6.4616, 205.6866
2730.139080762863, 2.0009, 6.4617, 205.5603
2732.139183998108, 2.0009, 6.4618, 205.6274
2734.139289855957, 2.0009, 6.462, 205.6147
2736.139382123947, 2.0009, 6.4621, 205.6971
2738.1394662857056, 2.0009, 6.462, 205.8377
2740.139549255371, 2.0009, 6.4618, 205.9457
2742.139650583267, 2.0009, 6.4617, 205.9819
2744.1397540569305, 2.0009, 6.4615, 205.9702
2746.1398940086365, 2.0009, 6.4616, 205.9443
2748.1399974823, 2.0009, 6.4613, 205.834
2750.140107870102, 2.0009, 6.4614, 205.8344
2752.1401958465576, 2.0009, 6.4613, 205.9265
2754.140296459198, 2.0009, 6.4615, 205.9922
2756.1403992176056, 2.0009, 6.4615, 205.9575
2758.1405007839203, 2.0009, 6.4615, 206.1404
2760.1406033039093, 2.0009, 6.4613, 206.0727
2762.1407091617584, 2.0009, 6.4612, 206.0652
2764.1407940387726, 2.0009, 6.4612, 206.0898
2766.1408784389496, 2.0009, 6.4613, 206.0368
2768.14097905159, 2.0009, 6.4615, 205.844
2770.141080379486, 2.0009, 6.4618, 205.4779
2772.1411821842194, 2.0009, 6.4621, 205.5049
2774.1412630081177, 2.0009, 6.4624, 205.5977
2776.141367673874, 2.0009, 6.4624, 205.4788
2778.141469478607, 2.0009, 6.4626, 205.4686
2780.1415598392487, 2.0009, 6.4626, 205.4602
2782.1416454315186, 2.0009, 6.4626, 205.4492
2784.141781806946, 2.0009, 6.4627, 205.4565
2786.141884326935, 2.0009, 6.4626, 205.4051
2788.141987800598, 2.0009, 6.4629, 205.2684
2790.1420879364014, 2.0009, 6.4628, 205.4657
2792.1421689987183, 2.0009, 6.4628, 205.41
2794.142252445221, 2.0009, 6.463, 205.4303
2796.142338991165, 2.0009, 6.463, 205.2852
2798.1424255371094, 2.0009, 6.4633, 205.1707
2800.1425127983093, 2.0009, 6.4635, 205.0766
2802.1426129341125, 2.0009, 6.4637, 205.035
2804.1427114009857, 2.0009, 6.464, 205.1783
2806.142829179764, 2.0009, 6.4642, 205.119
2808.142927646637, 2.0009, 6.4642, 204.9752
2810.143012046814, 2.0009, 6.4645, 204.8487
2812.143114089966, 2.0009, 6.4646, 204.7892
2814.143197774887, 2.0009, 6.4649, 204.7389
2816.1432843208313, 2.0009, 6.4648, 204.6796
2818.143370628357, 2.0009, 6.4644, 204.6837
2820.143472671509, 2.0009, 6.4645, 204.5077
2822.1435573101044, 2.0009, 6.4643, 204.5809
2824.1436429023743, 2.0009, 6.4647, 204.4079
2826.143743276596, 2.0009, 6.4651, 204.3001
2828.143847465515, 2.0009, 6.4653, 204.1776
2830.143951892853, 2.0009, 6.4656, 204.0502
2832.1440320014954, 2.0009, 6.4658, 203.9892
2834.144168615341, 2.0009, 6.466, 204.1135
2836.1442692279816, 2.0009, 6.4661, 204.1355
2838.144366502762, 2.0009, 6.4661, 204.0008
2840.1444602012634, 2.0009, 6.4663, 203.8856
2842.1445434093475, 2.0009, 6.4666, 204.079
2844.144629240036, 2.0009, 6.4666, 204.2265
2846.1447236537933, 2.0009, 6.4664, 204.3202
2848.1448588371277, 2.0009, 6.4663, 204.46
2850.1449432373047, 2.0009, 6.4664, 204.4184
2852.145047903061, 2.0009, 6.4667, 204.2612
2854.1451802253723, 2.0009, 6.4666, 204.1353
2856.1452617645264, 2.0009, 6.4667, 204.1877
2858.145361661911, 2.0009, 6.4667, 204.3474
2860.1454463005066, 2.0009, 6.4666, 204.4292
2862.1455795764923, 2.0009, 6.4666, 204.6296
2864.1456620693207, 2.0009, 6.4665, 204.6148
2866.1457617282867, 2.0009, 6.4663, 204.5529
2868.1458625793457, 2.0009, 6.4665, 204.4253
2870.1459465026855, 2.0009, 6.4668, 204.2668
2872.1460587978363, 2.0009, 6.4671, 204.2984
2874.146149635315, 2.0009, 6.467, 204.4198
2876.146252155304, 2.0009, 6.4671, 204.2126
2878.1463582515717, 2.0009, 6.4671, 204.0623
2880.1464581489563, 2.0009, 6.4672, 203.9979
2882.146537542343, 2.0009, 6.4669, 204.0854
2884.1466381549835, 2.0009, 6.4671, 203.9696
2886.146732568741, 2.0009, 6.4674, 203.8272
2888.146832704544, 2.0009, 6.4674, 203.856
2890.1469342708588, 2.0009, 6.4676, 203.6263
2892.1470353603363, 2.0009, 6.4678, 203.5498
2894.1471316814423, 2.0009, 6.4679, 203.8235
2896.147224187851, 2.0009, 6.4682, 203.9357
2898.147367477417, 2.0009, 6.4681, 203.9624
2900.147450208664, 2.0009, 6.4681, 204.0782
2902.1475546360016, 2.0009, 6.4682, 203.859
2904.1476516723633, 2.0009, 6.4684, 203.7247
2906.1477360725403, 2.0009, 6.4688, 203.6473
2908.147840499878, 2.0009, 6.4689, 203.5501
2910.1479222774506, 2.0009, 6.4693, 203.3746
2912.1480276584625, 2.0009, 6.4695, 203.3495
2914.148128271103, 2.0009, 6.4696, 203.4599
2916.1482286453247, 2.0009, 6.4692, 203.6318
2918.1483352184296, 2.0009, 6.4692, 203.8312
2920.148440361023, 2.0009, 6.4691, 203.8555
2922.1485731601715, 2.0009, 6.469, 203.8291
2924.1487004756927, 2.0009, 6.4692, 203.6479
2926.1487996578217, 2.0009, 6.4693, 203.7101
2928.148899078369, 2.0009, 6.4692, 203.6317
2930.1490318775177, 2.0009, 6.4692, 203.4423
2932.1491346359253, 2.0009, 6.4696, 203.2869
2934.149268388748, 2.0009, 6.4698, 203.3909
2936.149402141571, 2.0009, 6.4698, 203.4218
2938.1495451927185, 2.0009, 6.4697, 203.5234
2940.1496300697327, 2.0009, 6.4697, 203.4906
2942.149715423584, 2.0009, 6.47, 203.4604
2944.1498069763184, 2.0009, 6.4698, 203.6469
2946.1499078273773, 2.0009, 6.4699, 203.5997
2948.150007009506, 2.0009, 6.4703, 203.411
2950.150094270706, 2.0009, 6.4705, 203.3083
2952.1501965522766, 2.0009, 6.47, 203.21
2954.1503438949585, 2.0009, 6.4704, 203.0793
2956.150450706482, 2.0009, 6.4703, 203.0186
2958.1505398750305, 2.0009, 6.4705, 203.0473
2960.1506700515747, 2.0009, 6.4706, 202.9953
2962.150756597519, 2.0009, 6.4706, 203.0079
2964.150852203369, 2.0009, 6.4705, 203.2941
2966.1509363651276, 2.0009, 6.4705, 203.3439
2968.1510379314423, 2.0009, 6.4705, 203.4684
2970.151139974594, 2.0009, 6.4705, 203.419
2972.1512184143066, 2.0009, 6.4706, 203.3333
2974.1512982845306, 2.0009, 6.4707, 203.2694
2976.151384115219, 2.0009, 6.4707, 203.2973
2978.1514842510223, 2.0009, 6.4706, 203.599
2980.1515815258026, 2.0009, 6.4703, 203.6898
2982.151667356491, 2.0009, 6.4703, 203.551
2984.1518008708954, 2.0009, 6.4704, 203.4965
2986.1519367694855, 2.0009, 6.4704, 203.4414
2988.152069568634, 2.0009, 6.4703, 203.342
2990.1521515846252, 2.0009, 6.4706, 203.1885
2992.1522538661957, 2.0009, 6.4708, 202.9893
2994.1523447036743, 2.0009, 6.4713, 202.928
2996.1524562835693, 2.0009, 6.4715, 202.8829
2998.1525568962097, 2.0009, 6.4714, 202.9607
3000.15265583992, 2.0009, 6.4713, 202.8834
3002.1527445316315, 2.0009, 6.4716, 202.8378
3004.1528437137604, 2.0009, 6.4719, 202.9668
3006.152944803238, 2.0009, 6.4718, 203.0024
3008.1530277729034, 2.0009, 6.4719, 203.0122
3010.1531224250793, 2.0009, 6.472, 203.0736
3012.153225660324, 2.0009, 6.4718, 203.0873
3014.1533291339874, 2.0009, 6.4719, 203.1163
3016.1534123420715, 2.0009, 6.472, 202.9763
3018.1535034179688, 2.0009, 6.4718, 202.873
3020.153603076935, 2.0009, 6.4718, 203.0956
3022.153698205948, 2.0009, 6.4718, 203.0984
3024.153838157654, 2.0009, 6.4719, 202.9142
3026.1539268493652, 2.0009, 6.4722, 202.7498
3028.154057264328, 2.0009, 6.4721, 202.8723
3030.154141664505, 2.0009, 6.4719, 203.1774
3032.154226541519, 2.0009, 6.4714, 203.2588
3034.1543159484863, 2.0009, 6.4712, 203.4772
3036.154470682144, 2.0009, 6.4711, 203.4659
3038.1546058654785, 2.0009, 6.4712, 203.3734
3040.154708147049, 2.0009, 6.4714, 203.353
3042.154848575592, 2.0009, 6.4716, 203.1302
3044.1549475193024, 2.0009, 6.4717, 202.9961
3046.1550483703613, 2.0009, 6.4716, 203.0622
3048.1551835536957, 2.0009, 6.4719, 202.9759
3050.155327320099, 2.0009, 6.4719, 203.0355
3052.1554090976715, 2.0009, 6.4719, 203.0866
3054.155511379242, 2.0009, 6.4719, 203.0075
3056.1556029319763, 2.0009, 6.4721, 202.8335
3058.1556844711304, 2.0009, 6.4725, 202.836
3060.155781984329, 2.0009, 6.4721, 202.9759
3062.155863761902, 2.0009, 6.472, 202.9451
3064.1559493541718, 2.0009, 6.472, 203.0762
3066.1560373306274, 2.0009, 6.4718, 202.781
3068.156124830246, 2.0009, 6.4719, 202.5436
3070.1562180519104, 2.0009, 6.4718, 202.8142
3072.1563169956207, 2.0009, 6.4717, 202.9261
3074.156451702118, 2.0009, 6.4718, 202.7539
3076.156552553177, 2.0009, 6.4719, 202.6832
3078.1566886901855, 2.0009, 6.4718, 202.7191
3080.156774997711, 2.0009, 6.4718, 202.6269
3082.1568608283997, 2.0009, 6.472, 202.5715
3084.156945705414, 2.0009, 6.4718, 202.6787
3086.1570818424225, 2.0009, 6.472, 202.716
3088.1571815013885, 2.0009, 6.4717, 202.8798
3090.157300710678, 2.0009, 6.4718, 202.7611
3092.1573979854584, 2.0009, 6.4716, 202.6265
3094.157506465912, 2.0009, 6.472, 202.5064
3096.1576154232025, 2.0009, 6.4719, 202.4122
3098.15771818161, 2.0009, 6.472, 202.5586
3100.1578044891357, 2.0009, 6.4718, 202.5647
3102.1579055786133, 2.0009, 6.472, 202.4425
3104.158011198044, 2.0009, 6.4723, 202.429
3106.1581168174744, 2.0009, 6.4724, 202.3812
3108.1582198143005, 2.0009, 6.4726, 202.4505
3110.1583116054535, 2.0009, 6.4729, 202.498
3112.158412218094, 2.0009, 6.4726, 202.585
3114.158518075943, 2.0009, 6.4724, 202.6871
3116.1586208343506, 2.0009, 6.4723, 202.8593
3118.1587154865265, 2.0009, 6.4722, 203.0002
3120.1588246822357, 2.0009, 6.472, 203.2095
3122.15890789032, 2.0009, 6.472, 203.2172
3124.1589992046356, 2.0009, 6.4718, 203.2382
3126.159102678299, 2.0009, 6.4714, 203.6135
3128.1592066287994, 2.0009, 6.4711, 203.6171
3130.159342288971, 2.0009, 6.4707, 203.6339
3132.159444093704, 2.0009, 6.4706, 203.5178
3134.159545660019, 2.0009, 6.471, 203.1545
3136.1596488952637, 2.0009, 6.4711, 203.2515
3138.1597380638123, 2.0009, 6.4713, 203.02
3140.1598711013794, 2.0009, 6.4713, 203.0417
3142.1599609851837, 2.0009, 6.4711, 202.8141
3144.1600484848022, 2.0009, 6.4713, 202.7218
3146.160135984421, 2.0009, 6.4713, 202.8166
3148.160271167755, 2.0009, 6.4719, 202.5905
3150.160372018814, 2.0009, 6.4721, 202.5432
3152.1604521274567, 2.0009, 6.4721, 202.8423
3154.1605410575867, 2.0009, 6.472, 202.8957
3156.160629749298, 2.0009, 6.4721, 203.0579
3158.1607370376587, 2.0009, 6.4718, 203.1618
3160.160875558853, 2.0009, 6.4715, 203.1325
3162.1609687805176, 2.0009, 6.4713, 202.8725
3164.1610713005066, 2.0009, 6.4713, 202.9439
3166.1611750125885, 2.0009, 6.4714, 202.9142
3168.1613223552704, 2.0009, 6.4715, 202.8075
3170.161402463913, 2.0009, 6.4717, 202.733
3172.161506175995, 2.0009, 6.472, 202.886
3174.1615891456604, 2.0009, 6.4715, 203.1771
3176.161690235138, 2.0009, 6.4712, 203.4945
3178.1617777347565, 2.0009, 6.4711, 203.4048
3180.1618683338165, 2.0009, 6.4712, 203.3057
3182.1619527339935, 2.0009, 6.4714, 203.1516
3184.1620559692383, 2.0009, 6.4717, 203.0163
3186.1621401309967, 2.0009, 6.4719, 203.1011
3188.1622269153595, 2.0009, 6.4716, 203.195
3190.162315607071, 2.0009, 6.4713, 203.3291
3192.1624097824097, 2.0009, 6.4711, 203.266
3194.1625015735626, 2.0009, 6.4712, 203.24
3196.162633895874, 2.0009, 6.471, 203.4275
3198.1627361774445, 2.0009, 6.4708, 203.435
3200.1628279685974, 2.0009, 6.4707, 203.3787
3202.1629178524017, 2.0009, 6.4709, 203.4909
3204.163019180298, 2.0009, 6.4707, 203.4986
3206.163120031357, 2.0009, 6.4705, 203.59
3208.1632294654846, 2.0009, 6.4704, 203.6109
3210.163334608078, 2.0009, 6.4703, 203.5367
3212.1634442806244, 2.0009, 6.4704, 203.5236
3214.1635460853577, 2.0009, 6.4706, 203.522
3216.163649082184, 2.0009, 6.4707, 203.4608
3218.163757801056, 2.0009, 6.4709, 203.2992
3220.1638946533203, 2.0009, 6.471, 203.2845
3222.1640062332153, 2.0009, 6.471, 203.3223
3224.1640903949738, 2.0009, 6.4711, 203.306
3226.164197206497, 2.0009, 6.4714, 203.1738
3228.1643073558807, 2.0009, 6.4714, 203.1379
3230.1644072532654, 2.0009, 6.4712, 203.0477
3232.1644897460938, 2.0009, 6.4714, 202.8899
3234.1645913124084, 2.0009, 6.4716, 202.8659
3236.1646904945374, 2.0009, 6.4715, 202.9345
3238.1647956371307, 2.0009, 6.4714, 202.8406
3240.164896249771, 2.0009, 6.4712, 202.8692
3242.1649799346924, 2.0009, 6.4713, 202.7314
3244.165069580078, 2.0009, 6.4713, 202.7298
3246.1651537418365, 2.0009, 6.4712, 203.0474
3248.165259361267, 2.0009, 6.4712, 203.1567
3250.1653592586517, 2.0009, 6.4713, 203.2114
3252.1654596328735, 2.0009, 6.4715, 203.1077
3254.165595293045, 2.0009, 6.4719, 203.0305
3256.1657004356384, 2.0009, 6.4721, 202.8913
3258.1658000946045, 2.0009, 6.4724, 202.8152
3260.1658890247345, 2.0009, 6.4727, 202.7275
3262.165994167328, 2.0009, 6.4729, 202.7082
3264.166132211685, 2.0009, 6.4731, 202.6449
3266.1662278175354, 2.0009, 6.4734, 202.3442
3268.1663336753845, 2.0009, 6.4738, 202.2319
3270.16641497612, 2.0009, 6.4738, 202.1899
3272.1665012836456, 2.0009, 6.4739, 202.3917
3274.1666362285614, 2.0009, 6.4735, 202.6805
3276.166736125946, 2.0009, 6.4738, 202.4323
3278.1668429374695, 2.0009, 6.474, 202.2375
3280.1669549942017, 2.0009, 6.4736, 202.3171
3282.1670911312103, 2.0009, 6.4734, 202.324
3284.1671800613403, 2.0009, 6.4733, 202.4225
3286.167267560959, 2.0009, 6.4731, 202.3609
3288.1673674583435, 2.0009, 6.473, 202.3598
3290.1674852371216, 2.0009, 6.473, 202.5541
3292.167571783066, 2.0009, 6.4733, 202.4812
3294.167655467987, 2.0009, 6.4737, 202.3693
3296.1677570343018, 2.0009, 6.4741, 202.3135
3298.167851448059, 2.0009, 6.474, 202.3665
3300.167936563492, 2.0009, 6.4742, 202.4054
3302.1680343151093, 2.0009, 6.4743, 202.294
3304.168133020401, 2.0009, 6.4746, 202.2562
3306.168236732483, 2.0009, 6.4746, 202.3455
3308.1683361530304, 2.0009, 6.4748, 202.2572
3310.1684381961823, 2.0009, 6.4747, 202.3524
3312.1685230731964, 2.0009, 6.4746, 202.3336
3314.1686305999756, 2.0009, 6.4745, 202.1775
3316.1687223911285, 2.0009, 6.4745, 202.0683
3318.1688063144684, 2.0009, 6.4745, 202.1922
3320.1688940525055, 2.0009, 6.4744, 202.391
3322.1690022945404, 2.0009, 6.4746, 202.2897
3324.1690928936005, 2.0009, 6.475, 202.2956
3326.1691892147064, 2.0009, 6.475, 202.3811
3328.1692814826965, 2.0009, 6.4749, 202.1358
3330.1693799495697, 2.0009, 6.4748, 201.8933
3332.1694581508636, 2.0009, 6.4751, 201.7271
3334.169564962387, 2.0009, 6.475, 201.7801
3336.1696705818176, 2.0009, 6.4751, 202.0502
3338.169761657715, 2.0009, 6.4748, 202.0354
3340.169865846634, 2.0009, 6.4749, 202.1667
3342.16996884346, 2.0009, 6.4751, 202.1083
3344.1700541973114, 2.0009, 6.4749, 202.3228
3346.17014503479, 2.0009, 6.4746, 202.2027
3348.170256137848, 2.0009, 6.4747, 202.4105
3350.1703448295593, 2.0009, 6.4749, 202.3021
3352.1704440116882, 2.0009, 6.4748, 202.3019
3354.1705260276794, 2.0009, 6.4749, 202.4056
3356.170665025711, 2.0009, 6.4749, 202.4251
3358.1707603931427, 2.0009, 6.4747, 202.3312
3360.1708562374115, 2.0009, 6.4744, 202.3551
3362.170944213867, 2.0009, 6.4745, 202.3715
3364.1710801124573, 2.0009, 6.4747, 202.2221
3366.1712164878845, 2.0009, 6.4751, 202.1083
3368.1713573932648, 2.0009, 6.4749, 202.39
3370.1714448928833, 2.0009, 6.4748, 202.3891
3372.171534061432, 2.0009, 6.4748, 202.2819
3374.1716601848602, 2.0009, 6.4752, 202.0615
3376.171764612198, 2.0009, 6.4753, 201.7314
3378.1718657016754, 2.0009, 6.4753, 201.9705
3380.1719472408295, 2.0009, 6.4753, 202.1849
3382.17204785347, 2.0009, 6.4751, 202.2531
3384.1721484661102, 2.0009, 6.4748, 202.399
3386.17223405838, 2.0009, 6.4749, 202.2583
3388.172334909439, 2.0009, 6.4745, 202.3305
3390.1724166870117, 2.0009, 6.4747, 202.2097
3392.172503232956, 2.0009, 6.4748, 202.3006
3394.172605752945, 2.0009, 6.4747, 202.2817
3396.1727046966553, 2.0009, 6.4748, 202.1276
3398.172793865204, 2.0009, 6.4746, 201.9772
3400.172892332077, 2.0009, 6.4744, 201.992
3402.1730256080627, 2.0009, 6.4746, 202.0086
3404.173109769821, 2.0009, 6.475, 201.9461
3406.1732218265533, 2.0009, 6.4755, 201.8928
3408.173323392868, 2.0009, 6.4753, 201.9079
3410.1734235286713, 2.0009, 6.4753, 201.7432
3412.1735706329346, 2.0009, 6.4753, 202.0293
3414.173706293106, 2.0009, 6.4751, 202.1549
3416.173825263977, 2.0009, 6.4749, 202.3438
3418.1739625930786, 2.0009, 6.4748, 202.3709
3420.1741030216217, 2.0009, 6.475, 202.3119
3422.174192905426, 2.0009, 6.475, 202.0733
3424.1742930412292, 2.0009, 6.4752, 201.7845
3426.1744046211243, 2.0009, 6.4757, 201.784
3428.1745364665985, 2.0009, 6.476, 201.8209
3430.1746299266815, 2.0009, 6.4762, 201.771
3432.1747646331787, 2.0009, 6.4764, 201.7618
3434.1748719215393, 2.0009, 6.4766, 201.6556
3436.1749753952026, 2.0009, 6.4764, 201.6709
3438.1750638484955, 2.0009, 6.4764, 201.3565
3440.1751465797424, 2.0009, 6.4762, 201.4588
3442.1752541065216, 2.0009, 6.4761, 201.7689
3444.175356864929, 2.0009, 6.4762, 201.7324
3446.175443172455, 2.0009, 6.4761, 201.7291
3448.1755454540253, 2.0009, 6.4766, 201.661
3450.17565369606, 2.0009, 6.4762, 201.6396
3452.17573428154, 2.0009, 6.4762, 201.6214
3454.1758394241333, 2.0009, 6.4761, 201.6444
3456.1759266853333, 2.0009, 6.4764, 201.7059
3458.176032781601, 2.0009, 6.4764, 201.7429
3460.1761174201965, 2.0009, 6.4767, 201.7566
3462.1762030124664, 2.001, 6.4767, 201.7854
3464.176291704178, 2.0009, 6.4769, 201.5615
3466.176392555237, 2.0009, 6.4769, 201.4193
3468.176530122757, 2.0009, 6.4771, 201.3662
3470.176624774933, 2.0009, 6.4772, 201.3921
3472.1767077445984, 2.0009, 6.4775, 201.316
3474.176844596863, 2.001, 6.4777, 201.1162
3476.1769778728485, 2.0009, 6.4775, 201.0871
3478.177064180374, 2.0009, 6.4773, 201.2036
3480.1771976947784, 2.0009, 6.4773, 201.0603
3482.1772871017456, 2.0009, 6.4774, 201.3142
3484.177389860153, 2.0009, 6.4777, 201.2793
3486.177531480789, 2.0009, 6.478, 201.2236
3488.1776163578033, 2.0009, 6.4777, 201.2759
3490.177717924118, 2.0009, 6.4779, 201.1818
3492.177797794342, 2.0009, 6.478, 200.8235
3494.1779012680054, 2.0009, 6.4778, 200.737
3496.1779873371124, 2.0009, 6.478, 200.6964
3498.178090572357, 2.0009, 6.4782, 200.8047
3500.1781783103943, 2.0009, 6.4785, 200.8146
3502.1782882213593, 2.0009, 6.4784, 200.9145
3504.1784319877625, 2.0009, 6.4786, 200.9568
3506.178530216217, 2.0009, 6.4786, 201.0928
3508.1786165237427, 2.0009, 6.4784, 201.2811
3510.178719997406, 2.0009, 6.4784, 201.2913
3512.178821325302, 2.0009, 6.4784, 201.2048
3514.178924560547, 2.0009, 6.4784, 201.1507
3516.1790623664856, 2.0009, 6.4785, 201.3251
3518.1791665554047, 2.0009, 6.4787, 201.3231
3520.179262638092, 2.0009, 6.4783, 201.2909
3522.1793732643127, 2.0009, 6.4785, 201.1426
3524.179479598999, 2.0009, 6.4788, 200.9117
3526.1796250343323, 2.0009, 6.4791, 200.8415
3528.179722547531, 2.0009, 6.4792, 200.65
3530.179819583893, 2.0009, 6.4791, 200.4966
3532.1799170970917, 2.0009, 6.4795, 200.4473
3534.1800158023834, 2.0009, 6.4796, 200.5425
3536.180162668228, 2.0009, 6.4795, 200.7543
3538.1803011894226, 2.0009, 6.4793, 200.7574
3540.1803891658783, 2.0009, 6.4793, 200.5064
3542.1804933547974, 2.0009, 6.4794, 200.5451
3544.1806015968323, 2.0009, 6.4795, 200.7995
3546.18070268631, 2.0009, 6.4793, 200.719
3548.1808049678802, 2.0008, 6.479, 200.8192
3550.1809046268463, 2.0009, 6.4793, 200.8747
3552.1810071468353, 2.0009, 6.4792, 200.7099
3554.181111097336, 2.0009, 6.4793, 200.867
3556.181211233139, 2.0009, 6.4795, 200.7999
3558.181312084198, 2.0009, 6.4795, 200.6846
3560.1814126968384, 2.0009, 6.4795, 200.426
3562.1815147399902, 2.0009, 6.479, 200.6489
3564.1816170215607, 2.0009, 6.4791, 200.623
3566.181704521179, 2.0009, 6.4792, 200.7196
3568.1818058490753, 2.0008, 6.4792, 200.7062
3570.181884765625, 2.0009, 6.4793, 200.6953
3572.181967020035, 2.0009, 6.4795, 200.6963
3574.182049036026, 2.0009, 6.4796, 200.6613
3576.1821496486664, 2.0009, 6.4798, 200.6303
3578.1823053359985, 2.0009, 6.4794, 200.5807
3580.182420730591, 2.0009, 6.4792, 200.7694
3582.1825149059296, 2.0009, 6.4792, 200.6241
3584.182600259781, 2.0009, 6.4795, 200.6374
3586.182687997818, 2.0009, 6.4793, 200.612
3588.182849884033, 2.0009, 6.4794, 200.846
3590.1829311847687, 2.0009, 6.4792, 200.8692
3592.1830639839172, 2.0009, 6.4789, 201.1464
3594.183169364929, 2.0009, 6.4789, 201.0577
3596.1832835674286, 2.0009, 6.479, 201.1475
3598.1833639144897, 2.0009, 6.4791, 201.08
3600.1834683418274, 2.0009, 6.4792, 201.1343
3602.1835741996765, 2.0009, 6.4794, 201.0255
3604.1836745738983, 2.0009, 6.4791, 200.9039
3606.1837577819824, 2.0009, 6.479, 200.8521
3608.183848619461, 2.0009, 6.4792, 200.7273
3610.1839456558228, 2.0009, 6.4789, 200.6877
3612.1840336322784, 2.0009, 6.4791, 200.5017
3614.1841204166412, 2.0009, 6.4793, 200.5775
3616.1842217445374, 2.0009, 6.4793, 200.7062
3618.1843225955963, 2.0009, 6.4796, 200.5457
3620.1844244003296, 2.0009, 6.4797, 200.6713
3622.18452835083, 2.0009, 6.4796, 200.7451
3624.1846311092377, 2.0009, 6.4796, 200.7916
3626.184724330902, 2.0009, 6.4794, 200.7739
3628.1848242282867, 2.0009, 6.4793, 200.6739
3630.1849257946014, 2.0009, 6.4794, 200.6381
3632.1850125789642, 2.0009, 6.4793, 200.7174
3634.1850967407227, 2.0009, 6.4793, 200.8078
3636.1851811408997, 2.0009, 6.4794, 200.9805
3638.1852672100067, 2.0009, 6.4791, 201.1433
3640.1853539943695, 2.0009, 6.4794, 200.9554
3642.1854569911957, 2.0009, 6.4795, 201.0302
3644.1855545043945, 2.0009, 6.4794, 200.8878
3646.1856341362, 2.0009, 6.4787, 200.9481
3648.185735464096, 2.0009, 6.4791, 200.6932
3650.185822248459, 2.0009, 6.4792, 200.7827
3652.185954809189, 2.0009, 6.4794, 200.538
3654.186089515686, 2.0009, 6.4798, 200.4317
3656.186223268509, 2.0009, 6.48, 200.6294
3658.1863582134247, 2.0009, 6.4799, 200.6248
3660.186493873596, 2.0009, 6.48, 200.5042
3662.186596632004, 2.0009, 6.4798, 200.447
3664.1882281303406, 0.0, 0.0, 202.8197
3666.188332080841, 0.0, 0.0, 222.6445
3668.188433408737, 0.0, 0.0, 239.3943
3670.1885344982147, 0.0, 0.0, 253.8688
3672.188635110855, 0.0, 0.0, 266.7872
3674.188721179962, 0.0, 0.0, 278.6214
3676.188823223114, 0.0, 0.0, 289.9282
3678.1889266967773, 0.0, 0.0, 300.2834
3680.1890256404877, 0.0, 0.0, 309.6824
3682.1891288757324, 0.0, 0.0, 319.1332
3684.189234018326, 0.0, 0.0, 328.3227
3686.1893367767334, 0.0, 0.0, 337.1213
3688.189437866211, 0.0, 0.0, 346.0421
3690.1895430088043, 0.0, 0.0, 354.6152
3692.1896448135376, 0.0, 0.0, 362.958
3694.1897451877594, 0.0, 0.0, 371.0711
3696.189832687378, 0.0, 0.0, 379.2399
3698.189922094345, 0.0, 0.0, 387.6974
3700.19002866745, 0.0, 0.0, 395.5026
3702.1901144981384, 0.0, 0.0, 403.7222
3704.190218925476, 0.0, 0.0, 412.1798
3706.1903059482574, 0.0, 0.0, 420.1877
3708.190393447876, 0.0, 0.0, 428.6299
3710.1904821395874, 0.0, 0.0, 436.783
3712.1905674934387, 0.0, 0.0, 444.9037
3714.1906514167786, 0.0, 0.0, 452.14
3716.190752506256, 0.0, 0.0, 460.089
3718.1908543109894, 0.0, 0.0, 468.4745
3720.1909523010254, 0.0, 0.0, 477.135
3722.191053390503, 0.0, 0.0, 485.6595
3724.1911494731903, 0.0, 0.0, 493.8734
3726.1912529468536, 0.0, 0.0, 502.173
3728.1913409233093, 0.0, 0.0, 510.2182
3730.1914258003235, 0.0, 0.0, 518.2363
3732.191528558731, 0.0, 0.0, 526.3462
3734.1916139125824, 0.0, 0.0, 534.7356
3736.1917181015015, 0.0, 0.0, 542.6358
3738.191829919815, 0.0, 0.0, 550.9085
3740.1919207572937, 0.0, 0.0, 559.2335
3742.1920177936554, 0.0, 0.0, 567.8355
3744.1921021938324, 0.0, 0.0, 575.3966
3746.1922047138214, 0.0, 0.0, 583.5096
3748.1923089027405, 0.0, 0.0, 591.9168
3750.192414999008, 0.0, 0.0, 600.4637
3752.19251537323, 0.0, 0.0, 608.8799
3754.192595243454, 0.0, 0.0, 617.328
3756.192700147629, 0.0, 0.0, 625.6298
3758.1927964687347, 0.0, 0.0, 633.4206
3760.1928849220276, 0.0, 0.0, 641.8177
3762.192985057831, 0.0, 0.0, 650.0688
3764.193073987961, 0.0, 0.0, 658.2876
3766.1931693553925, 0.0, 0.0, 666.7759
3768.193255662918, 0.0, 0.0, 674.7706
3770.1933438777924, 0.0, 0.0, 683.1932
3772.193449497223, 0.0, 0.0, 691.6408
3774.1935539245605, 0.0, 0.0, 699.8369
3776.1936435699463, 0.0, 0.0, 708.2321
3778.1937453746796, 0.0, 0.0, 715.9356
3780.193862438202, 0.0, 0.0, 724.1246
3782.1939470767975, 0.0, 0.0, 732.1986
3784.1940455436707, 0.0, 0.0, 740.2034
3786.19415140152, 0.0, 0.0, 748.3931
3788.19424366951, 0.0, 0.0, 756.4152
3790.194333553314, 0.0, 0.0, 764.6502
3792.1944251060486, 0.0, 0.0, 772.4764
3794.194514274597, 0.0, 0.0, 781.1495
3796.1946148872375, 0.0, 0.0, 789.2198
3798.1947059631348, 0.0, 0.0, 797.9346
3800.194792509079, 0.0, 0.0, 805.6482
3802.194890022278, 0.0, 0.0, 813.5727
3804.19499540329, 0.0, 0.0, 821.9249
3806.195084095001, 0.0, 0.0, 830.4609
3808.1951677799225, 0.0, 0.0, 839.0914
3810.195252895355, 0.0, 0.0, 846.9272
3812.1953382492065, 0.0, 0.0, 854.7657
3814.1954741477966, 0.0, 0.0, 862.5638
3816.19558262825, 0.0, 0.0, 870.2943
3818.19566822052, 0.0, 0.0, 878.7706
3820.1957540512085, 0.0, 0.0, 887.394
3822.1958413124084, 0.0, 0.0, 895.4892
3824.19598197937, 0.0, 0.0, 903.5001
3826.1960875988007, 0.0, 0.0, 911.1942
3828.1961743831635, 0.0, 0.0, 919.1502
3830.1962609291077, 0.0, 0.0, 927.0276
3832.196340084076, 0.0, 0.0, 934.8562
3834.1964814662933, 0.0, 0.0, 942.3878
3836.196566104889, 0.0, 0.0, 949.4909
3838.1966745853424, 0.0, 0.0, 956.3301
3840.1967763900757, 0.0, 0.0, 963.6452
3842.196859359741, 0.0, 0.0, 971.1185
3844.1969425678253, 0.0, 0.0, 978.7632
3846.197042942047, 0.0, 0.0, 986.6303
3848.1971442699432, 0.0, 0.0, 993.7139
3850.1972272396088, 0.0, 0.0, 1001.581
3852.1973099708557, 0.0, 0.0, 1009.27
3854.197389602661, 0.0, 0.0, 1017.277
3856.197474002838, 0.0, 0.0, 1024.857
3858.1975564956665, 0.0, 0.0, 1031.463
3860.1976375579834, 0.0, 0.0, 1038.42
3862.197719335556, 0.0, 0.0, 1045.26
3864.197821855545, 0.0, 0.0, 1052.13
3866.1979241371155, 0.0, 0.0, 1059.539
3868.1980273723602, 0.0, 0.0, 1067.345
3870.198129415512, 0.0, 0.0, 1074.474
3872.1982169151306, 0.0, 0.0, 1081.659
3874.198316335678, 0.0, 0.0, 1088.642
3876.1984174251556, 0.0, 0.0, 1095.046
3878.1984939575195, 0.0, 0.0, 1102.308
3880.1985759735107, 0.0, 0.0, 1109.717
3882.1986770629883, 0.0, 0.0, 1116.789
3884.1987776756287, 0.0, 0.0, 1123.459
3886.1988813877106, 0.0, 0.0, 1130.25
3888.1989619731903, 0.0, 0.0, 1137.185
3890.1990423202515, 0.0, 0.0, 1143.669
3892.1991226673126, 0.0, 0.0, 1150.329
3894.1992225646973, 0.0, 0.0, 1156.966
3896.199322462082, 0.0, 0.0, 1163.745
3898.199453353882, 0.0, 0.0, 1170.721
3900.199546098709, 0.0, 0.0, 1177.59
3902.1996281147003, 0.0, 0.0, 1184.246
3904.199714422226, 0.0, 0.0, 1190.481
3906.199818611145, 0.0, 0.0, 1196.503
3908.1999051570892, 0.0, 0.0, 1202.802
3910.2000374794006, 0.0, 0.0, 1209.645
3912.2001214027405, 0.0, 0.0, 1216.943
3914.200206518173, 0.0, 0.0, 1223.21
3916.200313806534, 0.0, 0.0, 1229.329
3918.200414419174, 0.0, 0.0, 1235.346
3920.200515270233, 0.0, 0.0, 1241.578
3922.2006163597107, 0.0, 0.0, 1247.747
3924.200716972351, 0.0, 0.0, 1253.501
3926.2008154392242, 0.0, 0.0, 1258.917
3928.2009239196777, 0.0, 0.0, 1264.6
3930.2010250091553, 0.0, 0.0, 1270.654
3932.201126098633, 0.0, 0.0, 1276.691
3934.2012269496918, 0.0, 0.0, 1281.922
3936.201327562332, 0.0, 0.0, 1286.957
3938.2014293670654, 0.0, 0.0, 1292.618
3940.201563835144, 0.0, 0.0, 1298.503
3942.201664686203, 0.0, 0.0, 1304.629
3944.2017645835876, 0.0, 0.0, 1310.338
3946.201858520508, 0.0, 0.0, 1315.869
3948.2019453048706, 0.0, 0.0, 1322.321
3950.2020378112793, 0.0, 0.0, 1327.961
3952.202142238617, 0.0, 0.0, 1334.045
3954.2022268772125, 0.0, 0.0, 1339.048
3956.202337741852, 0.0, 0.0, 1343.581
3958.2024261951447, 0.0, 0.0, 1348.825
3960.202521800995, 0.0, 0.0, 1354.401
3962.2026019096375, 0.0, 0.0, 1359.84
3964.2026813030243, 0.0, 0.0, 1364.732
3966.2027835845947, 0.0, 0.0, 1370.697
3968.202869415283, 0.0, 0.0, 1376.599
3970.202956676483, 0.0, 0.0, 1381.522
3972.2030425071716, 0.0, 0.0, 1386.685
3974.2031433582306, 0.0, 0.0, 1391.804
3976.203277826309, 0.0, 0.0, 1396.424
3978.2034151554108, 0.0, 0.0, 1401.539
3980.203557729721, 0.0, 0.0, 1406.233
3982.2036402225494, 0.0, 0.0, 1411.583
3984.2037398815155, 0.0, 0.0, 1417.075
3986.2038192749023, 0.0, 0.0, 1421.711
3988.2039227485657, 0.0, 0.0, 1426.151
3990.2040140628815, 0.0, 0.0, 1430.809
3992.2040996551514, 0.0, 0.0, 1435.21
3994.204195022583, 0.0, 0.0, 1439.744
3996.204293489456, 0.0, 0.0, 1444.273
3998.2043929100037, 0.0, 0.0, 1448.885
4000.204474925995, 0.0, 0.0, 1453.834
4002.2045657634735, 0.0, 0.0, 1458.075
4004.204644680023, 0.0, 0.0, 1463.011
4006.204730272293, 0.0, 0.0, 1467.603
4008.2048151493073, 0.0, 0.0, 1472.099
4010.2049021720886, 0.0, 0.0, 1476.856
4012.2049951553345, 0.0, 0.0, 1481.217
4014.205082654953, 0.0, 0.0, 1485.449
4016.2051672935486, 0.0, 0.0, 1489.52
4018.2053186893463, 0.0, 0.0, 1494.305
4020.2054290771484, 0.0, 0.0, 1498.55
4022.2055122852325, 0.0, 0.0, 1503.345
4024.205654144287, 0.0, 0.0, 1507.907
4026.20573925972, 0.0, 0.0, 1512.041
4028.2058384418488, 0.0, 0.0, 1517.171
4030.205941438675, 0.0, 0.0, 1521.955
4032.206025123596, 0.0, 0.0, 1526.279
4034.2061281204224, 0.0, 0.0, 1530.14
4036.2062292099, 0.0, 0.0, 1534.53
4038.206333398819, 0.0, 0.0, 1538.371
4040.206420660019, 0.0, 0.0, 1542.075
4042.2065212726593, 0.0, 0.0, 1545.814
4044.2066588401794, 0.0, 0.0, 1549.792
4046.2067532539368, 0.0, 0.0, 1553.879
4048.206891775131, 0.0, 0.0, 1557.805
4050.206986427307, 0.0, 0.0, 1562.463
4052.2070729732513, 0.0, 0.0, 1566.971
4054.207205057144, 0.0, 0.0, 1571.244
4056.2072982788086, 0.0, 0.0, 1575.035
4058.20738196373, 0.0, 0.0, 1578.471
4060.207473754883, 0.0, 0.0, 1582.779
4062.2076182365417, 0.0, 0.0, 1586.53
4064.2077560424805, 0.0, 0.0, 1590.3
4066.207888841629, 0.0, 0.0, 1593.9
4068.207990169525, 0.0, 0.0, 1597.372
4070.2080907821655, 0.0, 0.0, 1600.864
4072.2081797122955, 0.0, 0.0, 1604.87
4074.208266019821, 0.0, 0.0, 1608.441
4076.2083699703217, 0.0, 0.0, 1611.994
4078.2084543704987, 0.0, 0.0, 1615.108
4080.208536863327, 0.0, 0.0, 1618.559
4082.2086384296417, 0.0, 0.0, 1621.797
4084.2087399959564, 0.0, 0.0, 1625.296
4086.2088420391083, 0.0, 0.0, 1628.654
4088.20894241333, 0.0, 0.0, 1632.34
4090.2090241909027, 0.0, 0.0, 1636.067
4092.2091143131256, 0.0, 0.0, 1639.796
4094.2092003822327, 0.0, 0.0, 1643.158
4096.20928645134, 0.0, 0.0, 1646.695
4098.2093868255615, 0.0, 0.0, 1650.617
4100.209470748901, 0.0, 0.0, 1654.082
4102.209552764893, 0.0, 0.0, 1657.033
4104.2096519470215, 0.0, 0.0, 1660.318
4106.209753036499, 0.0, 0.0, 1663.674
4108.209887504578, 0.0, 0.0, 1667.12
4110.210020780563, 0.0, 0.0, 1670.122
4112.210122585297, 0.0, 0.0, 1673.116
4114.2102081775665, 0.0, 0.0, 1675.881
4116.2103090286255, 0.0, 0.0, 1678.983
4118.210410833359, 0.0, 0.0, 1681.736
4120.210514307022, 0.0, 0.0, 1684.456
4122.21059513092, 0.0, 0.0, 1687.598
4124.210678577423, 0.0, 0.0, 1690.534
4126.210778713226, 0.0, 0.0, 1693.435
4128.210877656937, 0.0, 0.0, 1696.264
4130.210959196091, 0.0, 0.0, 1699.444
4132.211058855057, 0.0, 0.0, 1702.482
4134.211132526398, 0.0, 0.0, 1705.553
4136.211213350296, 0.0, 0.0, 1708.587
4138.211292505264, 0.0, 0.0, 1711.977
4140.211375713348, 0.0, 0.0, 1714.706
4142.211468458176, 0.0, 0.0, 1717.693
4144.211550235748, 0.0, 0.0, 1720.857
4146.211636304855, 0.0, 0.0, 1723.888
4148.211724281311, 0.0, 0.0, 1726.478
4150.211818218231, 0.0, 0.0, 1728.933
4152.211916446686, 0.0, 0.0, 1731.257
4154.212007761002, 0.0, 0.0, 1733.634
4156.212090969086, 0.0, 0.0, 1736.449
4158.21217250824, 0.0, 0.0, 1739.324
4160.212254285812, 0.0, 0.0, 1741.912
4162.212337255478, 0.0, 0.0, 1744.377
4164.212420701981, 0.0, 0.0, 1746.661
4166.212507724762, 0.0, 0.0, 1748.968
4168.212590932846, 0.0, 0.0, 1751.396
4170.21268248558, 0.0, 0.0, 1753.812
4172.212777853012, 0.0, 0.0, 1756.742
4174.2128665447235, 0.0, 0.0, 1759.183
4176.212955236435, 0.0, 0.0, 1761.925
4178.213042259216, 0.0, 0.0, 1764.606
4180.213125944138, 0.0, 0.0, 1767.427
4182.213208436966, 0.0, 0.0, 1770.584
4184.213289260864, 0.0, 0.0, 1773.669
4186.21337389946, 0.0, 0.0, 1776.038
4188.213454961777, 0.0, 0.0, 1778.866
4190.21354675293, 0.0, 0.0, 1781.724
4192.213645219803, 0.0, 0.0, 1783.692
4194.213726758957, 0.0, 0.0, 1786.004
4196.213804721832, 0.0, 0.0, 1788.705
4198.213888883591, 0.0, 0.0, 1791.476
4200.2139728069305, 0.0, 0.0, 1794.099
4202.214049577713, 0.0, 0.0, 1796.884
4204.214152097702, 0.0, 0.0, 1800.275
4206.214231014252, 0.0, 0.0, 1802.064
4208.214312553406, 0.0, 0.0, 1803.654
4210.214394330978, 0.0, 0.0, 1806.094
4212.214476585388, 0.0, 0.0, 1808.434
4214.214559078217, 0.0, 0.0, 1810.983
4216.214641094208, 0.0, 0.0, 1813.501
4218.214723348618, 0.0, 0.0, 1815.583
4220.214816331863, 0.0, 0.0, 1817.92
4222.214897632599, 0.0, 0.0, 1819.878
4224.214976549149, 0.0, 0.0, 1822.027
4226.215056419373, 0.0, 0.0, 1824.437
4228.215132951736, 0.0, 0.0, 1826.915
4230.215214014053, 0.0, 0.0, 1829.125
4232.215300798416, 0.0, 0.0, 1832.069
4234.21540760994, 0.0, 0.0, 1834.513
4236.215491056442, 0.0, 0.0, 1836.667
4238.215606451035, 0.0, 0.0, 1838.233
4240.215693235397, 0.0, 0.0, 1840.588
4242.2157917022705, 0.0, 0.0, 1842.47
4244.215891122818, 0.0, 0.0, 1844.844
4246.215975999832, 0.0, 0.0, 1847.334
4248.216077566147, 0.0, 0.0, 1849.136
4250.216178417206, 0.0, 0.0, 1850.749
4252.2162828445435, 0.0, 0.0, 1853.532
4254.216381311417, 0.0, 0.0, 1855.603
4256.216464281082, 0.0, 0.0, 1857.852
4258.216607093811, 0.0, 0.0, 1860.085
4260.216693878174, 0.0, 0.0, 1861.794
4262.216785669327, 0.0, 0.0, 1863.978
4264.216887712479, 0.0, 0.0, 1866.385
4266.216989278793, 0.0, 0.0, 1868.111
4268.217071294785, 0.0, 0.0, 1870.238
4270.217205047607, 0.0, 0.0, 1872.051
4272.217335939407, 0.0, 0.0, 1873.435
4274.217427015305, 0.0, 0.0, 1875.34
4276.217564344406, 0.0, 0.0, 1877.149
4278.217666387558, 0.0, 0.0, 1878.948
4280.217769145966, 0.0, 0.0, 1881.499
4282.217876434326, 0.0, 0.0, 1883.335
4284.217989444733, 0.0, 0.0, 1885.101
4286.2180898189545, 0.0, 0.0, 1886.562
4288.218187332153, 0.0, 0.0, 1888.022
4290.218288421631, 0.0, 0.0, 1890.142
4292.218426704407, 0.0, 0.0, 1891.796
4294.218515872955, 0.0, 0.0, 1893.595
4296.218605041504, 0.0, 0.0, 1895.932
4298.218706846237, 0.0, 0.0, 1898.307
4300.218790769577, 0.0, 0.0, 1900.29
4302.218896627426, 0.0, 0.0, 1903.206
4304.218997716904, 0.0, 0.0, 1905.247
4306.219100475311, 0.0, 0.0, 1907.946
4308.219210624695, 0.0, 0.0, 1910.078
4310.219347476959, 0.0, 0.0, 1911.79
4312.219480752945, 0.0, 0.0, 1913.865
4314.2195789813995, 0.0, 0.0, 1915.676
4316.219660997391, 0.0, 0.0, 1917.463
4318.219744205475, 0.0, 0.0, 1919.092
4320.219878196716, 0.0, 0.0, 1920.511
4322.2199614048, 0.0, 0.0, 1921.932
4324.220047235489, 0.0, 0.0, 1923.778
4326.220140457153, 0.0, 0.0, 1926.22
4328.220228672028, 0.0, 0.0, 1928.016
4330.220315217972, 0.0, 0.0, 1929.641
4332.220410823822, 0.0, 0.0, 1931.472
4334.220499992371, 0.0, 0.0, 1933.296
4336.220590829849, 0.0, 0.0, 1935.269
4338.220681428909, 0.0, 0.0, 1937.476
4340.220762491226, 0.0, 0.0, 1939.647
4342.220870733261, 0.0, 0.0, 1941.556
4344.220959186554, 0.0, 0.0, 1942.919
4346.221042871475, 0.0, 0.0, 1944.817
4348.221145391464, 0.0, 0.0, 1946.536
4350.22123169899, 0.0, 0.0, 1948.255
4352.221326112747, 0.0, 0.0, 1950.251
4354.221427679062, 0.0, 0.0, 1951.355
4356.221517086029, 0.0, 0.0, 1953.053
4358.221606016159, 0.0, 0.0, 1954.709
4360.221706867218, 0.0, 0.0, 1956.084
4362.221796274185, 0.0, 0.0, 1957.859
4364.221886873245, 0.0, 0.0, 1959.903
4366.221985578537, 0.0, 0.0, 1961.962
4368.222073554993, 0.0, 0.0, 1963.424
4370.222158908844, 0.0, 0.0, 1965.108
4372.222260475159, 0.0, 0.0, 1966.536
4374.2223699092865, 0.0, 0.0, 1968.046
4376.2224707603455, 0.0, 0.0, 1969.471
4378.222569465637, 0.0, 0.0, 1971.029
4380.222660779953, 0.0, 0.0, 1972.172
4382.222753763199, 0.0, 0.0, 1973.505
4384.222890138626, 0.0, 0.0, 1975.23
4386.222991943359, 0.0, 0.0, 1976.326
4388.223124265671, 0.0, 0.0, 1977.835
4390.223206996918, 0.0, 0.0, 1980.071
4392.223311662674, 0.0, 0.0, 1982.073
4394.223393917084, 0.0, 0.0, 1983.388
4396.223490476608, 0.0, 0.0, 1984.358
4398.223584413528, 0.0, 0.0, 1985.928
4400.223684310913, 0.0, 0.0, 1987.213
4402.223781824112, 0.0, 0.0, 1989.086
4404.22391295433, 0.0, 0.0, 1990.237
4406.224021434784, 0.0, 0.0, 1991.347
4408.2241060733795, 0.0, 0.0, 1992.641
4410.224209785461, 0.0, 0.0, 1994.465
4412.22429561615, 0.0, 0.0, 1996.265
4414.224404096603, 0.0, 0.0, 1997.547
4416.224524021149, 0.0, 0.0, 1999.153
4418.224624872208, 0.0, 0.0, 2000.822
4420.224760532379, 0.0, 0.0, 2002.491
4422.224877357483, 0.0, 0.0, 2003.784
4424.224999427795, 0.0, 0.0, 2005.212
4426.225086450577, 0.0, 0.0, 2006.822
4428.225188970566, 0.0, 0.0, 2008.608
4430.225296258926, 0.0, 0.0, 2009.89
4432.225390672684, 0.0, 0.0, 2011.294
4434.22550535202, 0.0, 0.0, 2012.237
4436.225607872009, 0.0, 0.0, 2013.301
4438.225705862045, 0.0, 0.0, 2014.668
4440.225803852081, 0.0, 0.0, 2016.075
4442.225909471512, 0.0, 0.0, 2017.622
4444.226018667221, 0.0, 0.0, 2019.638
4446.226117372513, 0.0, 0.0, 2021.046
4448.226214170456, 0.0, 0.0, 2022.338
4450.2263016700745, 0.0, 0.0, 2023.606
4452.226414680481, 0.0, 0.0, 2025.177
4454.226517438889, 0.0, 0.0, 2027.173
4456.22660446167, 0.0, 0.0, 2028.657
4458.226695299149, 0.0, 0.0, 2029.778
4460.226781606674, 0.0, 0.0, 2030.719
4462.226885795593, 0.0, 0.0, 2032.083
4464.226993560791, 0.0, 0.0, 2033.141
4466.227100372314, 0.0, 0.0, 2034.563
4468.227204322815, 0.0, 0.0, 2035.822
4470.227308750153, 0.0, 0.0, 2037.512
4472.227404117584, 0.0, 0.0, 2039.366
4474.227505683899, 0.0, 0.0, 2040.36
4476.22758769989, 0.0, 0.0, 2041.425
4478.227682352066, 0.0, 0.0, 2042.17
4480.227777481079, 0.0, 0.0, 2043.079
4482.227879524231, 0.0, 0.0, 2044.435
4484.227970838547, 0.0, 0.0, 2046.107
4486.228106498718, 0.0, 0.0, 2047.334
4488.228196144104, 0.0, 0.0, 2048.68
4490.22829079628, 0.0, 0.0, 2049.708
4492.228399276733, 0.0, 0.0, 2050.761
4494.228483915329, 0.0, 0.0, 2052.127
4496.228572368622, 0.0, 0.0, 2053.144
4498.228674650192, 0.0, 0.0, 2054.437
4500.228779554367, 0.0, 0.0, 2055.538
4502.228867292404, 0.0, 0.0, 2057.282
4504.228964328766, 0.0, 0.0, 2058.377
4506.229110240936, 0.0, 0.0, 2059.363
4508.229246854782, 0.0, 0.0, 2060.148
4510.229338169098, 0.0, 0.0, 2061.446
4512.22948384285, 0.0, 0.0, 2063.432
4514.229584932327, 0.0, 0.0, 2064.753
4516.229690551758, 0.0, 0.0, 2065.982
4518.229801893234, 0.0, 0.0, 2067.417
4520.229892730713, 0.0, 0.0, 2068.809
4522.230008125305, 0.0, 0.0, 2070.851
4524.230105638504, 0.0, 0.0, 2072.333
4526.230204105377, 0.0, 0.0, 2073.125
4528.230314016342, 0.0, 0.0, 2074.273
4530.230449676514, 0.0, 0.0, 2075.832
4532.230534315109, 0.0, 0.0, 2076.764
4534.230629444122, 0.0, 0.0, 2077.731
4536.2307159900665, 0.0, 0.0, 2078.794
4538.230849266052, 0.0, 0.0, 2079.509
4540.230951547623, 0.0, 0.0, 2080.702
4542.2310490608215, 0.0, 0.0, 2082.241
4544.231164693832, 0.0, 0.0, 2083.51
4546.231252670288, 0.0, 0.0, 2084.49
4548.23134636879, 0.0, 0.0, 2085.765
4550.231449127197, 0.0, 0.0, 2086.959
4552.231558561325, 0.0, 0.0, 2088.392
4554.231661081314, 0.0, 0.0, 2089.553
4556.23174405098, 0.0, 0.0, 2090.462
4558.23183131218, 0.0, 0.0, 2091.656
4560.231964349747, 0.0, 0.0, 2092.678
4562.232056379318, 0.0, 0.0, 2093.845
4564.232150316238, 0.0, 0.0, 2095.099
4566.232235431671, 0.0, 0.0, 2096.302
4568.232333183289, 0.0, 0.0, 2098.292
4570.232442140579, 0.0, 0.0, 2099.0
4572.232553482056, 0.0, 0.0, 2100.224
4574.232651948929, 0.0, 0.0, 2101.649
4576.232753276825, 0.0, 0.0, 2102.697
4578.232857465744, 0.0, 0.0, 2103.918
4580.232959985733, 0.0, 0.0, 2104.935
4582.2330622673035, 0.0, 0.0, 2106.184
4584.2331602573395, 0.0, 0.0, 2107.426
4586.233271598816, 0.0, 0.0, 2108.942
4588.233354091644, 0.0, 0.0, 2110.149
4590.233439445496, 0.0, 0.0, 2111.338
4592.2335729599, 0.0, 0.0, 2112.49
4594.233677625656, 0.0, 0.0, 2114.098
4596.233783721924, 0.0, 0.0, 2115.131
4598.2338745594025, 0.0, 0.0, 2116.049
4600.233976840973, 0.0, 0.0, 2117.224
4602.234079837799, 0.0, 0.0, 2118.169
4604.234179258347, 0.0, 0.0, 2119.442
4606.234261512756, 0.0, 0.0, 2120.383
4608.234365224838, 0.0, 0.0, 2121.592
4610.234466791153, 0.0, 0.0, 2122.655
4612.234568834305, 0.0, 0.0, 2123.979
4614.234673023224, 0.0, 0.0, 2125.202
4616.2347638607025, 0.0, 0.0, 2126.256
4618.2348647117615, 0.0, 0.0, 2127.798
4620.234968423843, 0.0, 0.0, 2128.24
4622.235047578812, 0.0, 0.0, 2128.898
4624.235157012939, 0.0, 0.0, 2129.89
4626.23525428772, 0.0, 0.0, 2130.894
4628.2353546619415, 0.0, 0.0, 2131.444
4630.235459566116, 0.0, 0.0, 2132.378
4632.235559940338, 0.0, 0.0, 2133.331
4634.235658168793, 0.0, 0.0, 2134.615
4636.2357659339905, 0.0, 0.0, 2135.502
4638.235871553421, 0.0, 0.0, 2136.448
4640.2359755039215, 0.0, 0.0, 2137.576
4642.23606300354, 0.0, 0.0, 2138.697
4644.236152648926, 0.0, 0.0, 2139.386
4646.236236572266, 0.0, 0.0, 2140.648
4648.236330986023, 0.0, 0.0, 2141.927
4650.236423492432, 0.0, 0.0, 2143.654
4652.236504077911, 0.0, 0.0, 2144.737
4654.236602067947, 0.0, 0.0, 2145.107
4656.236706495285, 0.0, 0.0, 2145.54
4658.236809015274, 0.0, 0.0, 2146.841
4660.236917734146, 0.0, 0.0, 2147.999
4662.2370183467865, 0.0, 0.0, 2149.169
4664.237105846405, 0.0, 0.0, 2150.031
4666.237200975418, 0.0, 0.0, 2150.747
4668.237290620804, 0.0, 0.0, 2151.385
4670.237439155579, 0.0, 0.0, 2152.409
4672.2375247478485, 0.0, 0.0, 2153.13
4674.237637281418, 0.0, 0.0, 2153.915
4676.237772703171, 0.0, 0.0, 2155.202
4678.237878084183, 0.0, 0.0, 2156.566
4680.237986087799, 0.0, 0.0, 2157.349
4682.238073825836, 0.0, 0.0, 2158.34
4684.238168954849, 0.0, 0.0, 2158.988
4686.238306045532, 0.0, 0.0, 2159.698
4688.238409280777, 0.0, 0.0, 2160.597
4690.238507032394, 0.0, 0.0, 2161.572
4692.238610267639, 0.0, 0.0, 2162.62
4694.238747119904, 0.0, 0.0, 2163.447
4696.23886847496, 0.0, 0.0, 2164.327
4698.2390077114105, 0.0, 0.0, 2165.347
4700.2391085624695, 0.0, 0.0, 2166.359
4702.239200353622, 0.0, 0.0, 2167.602
4704.239298582077, 0.0, 0.0, 2168.638
4706.239391326904, 0.0, 0.0, 2169.783
4708.239490747452, 0.0, 0.0, 2170.645
4710.239590406418, 0.0, 0.0, 2171.268
4712.239674806595, 0.0, 0.0, 2171.905
4714.239763021469, 0.0, 0.0, 2172.848
4716.239849567413, 0.0, 0.0, 2173.901
4718.239950418472, 0.0, 0.0, 2174.961
4720.2400550842285, 0.0, 0.0, 2176.048
4722.240141868591, 0.0, 0.0, 2176.854
4724.2402765750885, 0.0, 0.0, 2177.68
4726.240365743637, 0.0, 0.0, 2178.629
4728.240500450134, 0.0, 0.0, 2179.571
4730.240595579147, 0.0, 0.0, 2180.943
4732.240700721741, 0.0, 0.0, 2182.355
4734.240792751312, 0.0, 0.0, 2183.424
4736.240885257721, 0.0, 0.0, 2184.393
4738.241023540497, 0.0, 0.0, 2185.376
4740.241161823273, 0.0, 0.0, 2186.097
4742.241241931915, 0.0, 0.0, 2186.762
4744.241326093674, 0.0, 0.0, 2187.52
4746.241407871246, 0.0, 0.0, 2188.423
4748.241546630859, 0.0, 0.0, 2189.291
4750.241683006287, 0.0, 0.0, 2190.477
4752.24177646637, 0.0, 0.0, 2191.438
4754.2418653965, 0.0, 0.0, 2192.145
4756.241960525513, 0.0, 0.0, 2192.831
4758.2420608997345, 0.0, 0.0, 2193.736
4760.2421634197235, 0.0, 0.0, 2194.888
4762.242260217667, 0.0, 0.0, 2195.696
4764.242360830307, 0.0, 0.0, 2196.3
4766.242452144623, 0.0, 0.0, 2196.871
4768.242593050003, 0.0, 0.0, 2197.615
4770.242697477341, 0.0, 0.0, 2198.515
4772.2427887916565, 0.0, 0.0, 2199.556
4774.242876529694, 0.0, 0.0, 2200.981
4776.242978334427, 0.0, 0.0, 2202.522
4778.243087530136, 0.0, 0.0, 2203.483
4780.243187427521, 0.0, 0.0, 2204.452
4782.2432906627655, 0.0, 0.0, 2205.454
4784.243449211121, 0.0, 0.0, 2206.469
4786.243553638458, 0.0, 0.0, 2207.67
4788.243638277054, 0.0, 0.0, 2208.789
4790.243718862534, 0.0, 0.0, 2209.664
4792.243814706802, 0.0, 0.0, 2210.692
4794.243915557861, 0.0, 0.0, 2211.673
4796.2440021038055, 0.0, 0.0, 2212.773
4798.2441074848175, 0.0, 0.0, 2213.496
4800.244215488434, 0.0, 0.0, 2214.537
4802.244294166565, 0.0, 0.0, 2215.55
4804.2443969249725, 0.0, 0.0, 2216.386
4806.244486570358, 0.0, 0.0, 2217.37
4808.244573354721, 0.0, 0.0, 2218.107
4810.24467754364, 0.0, 0.0, 2218.597
4812.244811296463, 0.0, 0.0, 2219.26
4814.244953632355, 0.0, 0.0, 2220.318
4816.245088338852, 0.0, 0.0, 2220.926
4818.245190620422, 0.0, 0.0, 2221.579
4820.245291233063, 0.0, 0.0, 2222.158
4822.2453808784485, 0.0, 0.0, 2222.788
4824.24547958374, 0.0, 0.0, 2223.345
4826.245579481125, 0.0, 0.0, 2224.103
4828.2456793785095, 0.0, 0.0, 2224.906
4830.245781421661, 0.0, 0.0, 2225.569
4832.245881557465, 0.0, 0.0, 2226.665
4834.245979309082, 0.0, 0.0, 2227.684
4836.246081113815, 0.0, 0.0, 2228.623
4838.246180295944, 0.0, 0.0, 2229.48
4840.246283054352, 0.0, 0.0, 2230.05
4842.246383905411, 0.0, 0.0, 2230.662
4844.246480464935, 0.0, 0.0, 2231.507
4846.246579885483, 0.0, 0.0, 2232.37
4848.246679067612, 0.0, 0.0, 2233.37
4850.24676823616, 0.0, 0.0, 2234.077
4852.246870040894, 0.0, 0.0, 2235.031
4854.246969461441, 0.0, 0.0, 2235.815
4856.2470703125, 0.0, 0.0, 2236.591
4858.247170686722, 0.0, 0.0, 2237.363
4860.247270107269, 0.0, 0.0, 2238.101
4862.247349500656, 0.0, 0.0, 2239.308
4864.247454404831, 0.0, 0.0, 2240.357
4866.247554302216, 0.0, 0.0, 2241.221
4868.247654676437, 0.0, 0.0, 2242.269
4870.247753381729, 0.0, 0.0, 2243.646
4872.247852802277, 0.0, 0.0, 2244.644
4874.2479519844055, 0.0, 0.0, 2245.413
4876.248052597046, 0.0, 0.0, 2246.396
4878.248152017593, 0.0, 0.0, 2247.329
4880.248254299164, 0.0, 0.0, 2247.994
4882.248356342316, 0.0, 0.0, 2248.57
4884.248499631882, 0.0, 0.0, 2249.553
4886.248598575592, 0.0, 0.0, 2250.699
4888.248709201813, 0.0, 0.0, 2251.246
4890.248811006546, 0.0, 0.0, 2251.809
4892.248913049698, 0.0, 0.0, 2252.792
4894.249013185501, 0.0, 0.0, 2253.602
4896.249098062515, 0.0, 0.0, 2254.284
4898.24923157692, 0.0, 0.0, 2254.851
4900.249331951141, 0.0, 0.0, 2255.793
4902.249433755875, 0.0, 0.0, 2256.43
4904.249517440796, 0.0, 0.0, 2257.22
4906.249623298645, 0.0, 0.0, 2257.715
4908.249755859375, 0.0, 0.0, 2258.071
4910.249856472015, 0.0, 0.0, 2258.546
4912.2499878406525, 0.0, 0.0, 2259.247
4914.250089406967, 0.0, 0.0, 2259.84
4916.250208616257, 0.0, 0.0, 2260.41
4918.250314235687, 0.0, 0.0, 2260.978
4920.250434398651, 0.0, 0.0, 2261.882
4922.2505123615265, 0.0, 0.0, 2262.84
4924.250620603561, 0.0, 0.0, 2264.109
4926.250714302063, 0.0, 0.0, 2265.039
4928.250795841217, 0.0, 0.0, 2265.977
4930.250890016556, 0.0, 0.0, 2267.023
4932.250982046127, 0.0, 0.0, 2267.566
4934.251077413559, 0.0, 0.0, 2268.23
4936.251172542572, 0.0, 0.0, 2269.039
4938.251260995865, 0.0, 0.0, 2269.582
4940.251348733902, 0.0, 0.0, 2270.388
4942.251432180405, 0.0, 0.0, 2271.043
4944.251514911652, 0.0, 0.0, 2272.051
4946.251620054245, 0.0, 0.0, 2272.878
4948.251714468002, 0.0, 0.0, 2273.579
4950.251848459244, 0.0, 0.0, 2273.948
4952.251982450485, 0.0, 0.0, 2274.59
4954.252072572708, 0.0, 0.0, 2275.441
4956.252175331116, 0.0, 0.0, 2276.481
4958.252310037613, 0.0, 0.0, 2277.65
4960.252414464951, 0.0, 0.0, 2278.347
4962.252506732941, 0.0, 0.0, 2279.052
4964.252607345581, 0.0, 0.0, 2279.53
4966.25270819664, 0.0, 0.0, 2280.03
4968.25281047821, 0.0, 0.0, 2280.737
4970.252899646759, 0.0, 0.0, 2281.61
4972.253001689911, 0.0, 0.0, 2282.366
4974.253136396408, 0.0, 0.0, 2283.117
4976.253270626068, 0.0, 0.0, 2283.818
4978.253370523453, 0.0, 0.0, 2284.983
4980.253486633301, 0.0, 0.0, 2286.029
4982.253576040268, 0.0, 0.0, 2286.86
4984.253688573837, 0.0, 0.0, 2287.825
4986.253801584244, 0.0, 0.0, 2288.371
4988.253933906555, 0.0, 0.0, 2288.658
4990.25404715538, 0.0, 0.0, 2289.195
4992.254153966904, 0.0, 0.0, 2289.925
4994.254254817963, 0.0, 0.0, 2290.981
4996.254356145859, 0.0, 0.0, 2291.85
4998.254440069199, 0.0, 0.0, 2292.359
5000.254541635513, 0.0, 0.0, 2292.813
5002.254642724991, 0.0, 0.0, 2293.262
5004.2547307014465, 0.0, 0.0, 2293.851
5006.254831790924, 0.0, 0.0, 2294.823
5008.254917144775, 0.0, 0.0, 2296.001
5010.25513958931, 0.0, 0.0, 2296.849
5012.255219936371, 0.0, 0.0, 2297.838
5014.255321502686, 0.0, 0.0, 2298.325
5016.255423545837, 0.0, 0.0, 2298.858
5018.255522727966, 0.0, 0.0, 2299.552
5020.255680799484, 0.0, 0.0, 2300.139
5022.255777835846, 0.0, 0.0, 2300.583
5024.255884647369, 0.0, 0.0, 2301.217
5026.255973815918, 0.0, 0.0, 2302.283
5028.256062984467, 0.0, 0.0, 2302.942
5030.2561955451965, 0.0, 0.0, 2303.701
5032.256281614304, 0.0, 0.0, 2304.512
5034.256369590759, 0.0, 0.0, 2305.539
5036.256477594376, 0.0, 0.0, 2306.604
5038.256579875946, 0.0, 0.0, 2307.165
5040.256672620773, 0.0, 0.0, 2308.031
5042.256758451462, 0.0, 0.0, 2308.884
5044.256856441498, 0.0, 0.0, 2309.713
5046.256947517395, 0.0, 0.0, 2310.528
5048.2570424079895, 0.0, 0.0, 2311.342
5050.257132291794, 0.0, 0.0, 2311.748
5052.257217884064, 0.0, 0.0, 2312.358
5054.257322072983, 0.0, 0.0, 2312.92
5056.257406234741, 0.0, 0.0, 2313.201
5058.257498025894, 0.0, 0.0, 2313.499
5060.257598161697, 0.0, 0.0, 2314.149
5062.257708311081, 0.0, 0.0, 2314.921
5064.257812261581, 0.0, 0.0, 2315.394
5066.257917165756, 0.0, 0.0, 2315.91
5068.258052349091, 0.0, 0.0, 2316.374
5070.258136749268, 0.0, 0.0, 2317.148
5072.258271217346, 0.0, 0.0, 2317.949
5074.258353710175, 0.0, 0.0, 2318.651
5076.258438587189, 0.0, 0.0, 2319.6
5078.258521556854, 0.0, 0.0, 2320.335
5080.258607387543, 0.0, 0.0, 2321.369
5082.258690595627, 0.0, 0.0, 2322.092
5084.258787870407, 0.0, 0.0, 2322.81
5086.2588884830475, 0.0, 0.0, 2323.457
5088.258979558945, 0.0, 0.0, 2324.242
5090.259068489075, 0.0, 0.0, 2324.758
5092.259161472321, 0.0, 0.0, 2325.454
5094.259267091751, 0.0, 0.0, 2326.388
5096.259369850159, 0.0, 0.0, 2326.868
5098.259478569031, 0.0, 0.0, 2327.497
5100.259580373764, 0.0, 0.0, 2328.142
5102.259664297104, 0.0, 0.0, 2328.959
5104.259768247604, 0.0, 0.0, 2329.668
5106.259871721268, 0.0, 0.0, 2330.139
5108.259961366653, 0.0, 0.0, 2330.506
5110.260057210922, 0.0, 0.0, 2331.137
5112.2601528167725, 0.0, 0.0, 2332.029
5114.260248661041, 0.0, 0.0, 2333.082
5116.260384321213, 0.0, 0.0, 2333.739
5118.260495662689, 0.0, 0.0, 2334.12
5120.26059961319, 0.0, 0.0, 2334.487
5122.260704040527, 0.0, 0.0, 2334.928
5124.2608070373535, 0.0, 0.0, 2335.355
5126.260947704315, 0.0, 0.0, 2335.894
5128.261052370071, 0.0, 0.0, 2336.822
5130.261142492294, 0.0, 0.0, 2337.65
5132.261224985123, 0.0, 0.0, 2338.149
5134.261316537857, 0.0, 0.0, 2338.591
5136.261418104172, 0.0, 0.0, 2339.128
5138.261522531509, 0.0, 0.0, 2339.896
5140.261622428894, 0.0, 0.0, 2340.812
5142.261718034744, 0.0, 0.0, 2341.652
5144.2618045806885, 0.0, 0.0, 2342.325
5146.261904001236, 0.0, 0.0, 2343.268
5148.261986017227, 0.0, 0.0, 2343.813
5150.262070894241, 0.0, 0.0, 2344.518
5152.262161016464, 0.0, 0.0, 2345.37
5154.2622656822205, 0.0, 0.0, 2346.187
5156.262359380722, 0.0, 0.0, 2346.581
5158.262464284897, 0.0, 0.0, 2346.925
5160.262567996979, 0.0, 0.0, 2347.74
5162.262652635574, 0.0, 0.0, 2348.316
5164.262756109238, 0.0, 0.0, 2348.729
5166.262849807739, 0.0, 0.0, 2349.224
5168.262954711914, 0.0, 0.0, 2349.963
5170.263032197952, 0.0, 0.0, 2350.608
5172.263130426407, 0.0, 0.0, 2351.522
5174.26322722435, 0.0, 0.0, 2352.06
5176.263320684433, 0.0, 0.0, 2352.951
5178.263422966003, 0.0, 0.0, 2353.966
5180.2635288238525, 0.0, 0.0, 2354.453
5182.263626813889, 0.0, 0.0, 2354.904
5184.263722419739, 0.0, 0.0, 2355.232
5186.263832092285, 0.0, 0.0, 2355.44
5188.263914346695, 0.0, 0.0, 2356.065
5190.263998270035, 0.0, 0.0, 2356.65
5192.2640862464905, 0.0, 0.0, 2357.109
5194.264172792435, 0.0, 0.0, 2357.894
5196.264273881912, 0.0, 0.0, 2358.38
5198.264374017715, 0.0, 0.0, 2359.321
5200.264477014542, 0.0, 0.0, 2360.189
5202.264561414719, 0.0, 0.0, 2360.585
5204.264662742615, 0.0, 0.0, 2360.781
5206.26474070549, 0.0, 0.0, 2361.398
5208.26482129097, 0.0, 0.0, 2362.307
5210.264922142029, 0.0, 0.0, 2363.069
5212.265025377274, 0.0, 0.0, 2363.546
5214.265130519867, 0.0, 0.0, 2364.155
5216.265228271484, 0.0, 0.0, 2364.829
5218.265330553055, 0.0, 0.0, 2365.666
5220.265411376953, 0.0, 0.0, 2366.206
5222.265520334244, 0.0, 0.0, 2366.928
5224.265615463257, 0.0, 0.0, 2367.659
5226.2657079696655, 0.0, 0.0, 2368.427
5228.265793561935, 0.0, 0.0, 2369.187
5230.265896320343, 0.0, 0.0, 2370.114
5232.266034603119, 0.0, 0.0, 2370.606
5234.266144037247, 0.0, 0.0, 2371.197
5236.26624584198, 0.0, 0.0, 2371.635
5238.266326189041, 0.0, 0.0, 2371.888
5240.2664268016815, 0.0, 0.0, 2372.243
5242.266507387161, 0.0, 0.0, 2372.794
5244.2666120529175, 0.0, 0.0, 2373.454
5246.266712903976, 0.0, 0.0, 2373.849
5248.266800642014, 0.0, 0.0, 2374.177
5250.266903162003, 0.0, 0.0, 2374.5
5252.266986608505, 0.0, 0.0, 2375.04
5254.2670731544495, 0.0, 0.0, 2375.836
5256.267162561417, 0.0, 0.0, 2376.256
5258.267296791077, 0.0, 0.0, 2376.593
5260.267384290695, 0.0, 0.0, 2377.074
5262.267473697662, 0.0, 0.0, 2377.495
5264.267560243607, 0.0, 0.0, 2378.003
5266.267660140991, 0.0, 0.0, 2378.837
5268.267761230469, 0.0, 0.0, 2379.7
5270.267864704132, 0.0, 0.0, 2380.218
5272.267966270447, 0.0, 0.0, 2380.763
5274.26805639267, 0.0, 0.0, 2381.462
5276.26815867424, 0.0, 0.0, 2382.263
5278.2682383060455, 0.0, 0.0, 2382.818
5280.2683391571045, 0.0, 0.0, 2383.567
5282.268421411514, 0.0, 0.0, 2384.396
5284.26855635643, 0.0, 0.0, 2385.167
5286.268666744232, 0.0, 0.0, 2385.802
5288.268768072128, 0.0, 0.0, 2386.637
5290.268854379654, 0.0, 0.0, 2387.005
5292.268939495087, 0.0, 0.0, 2387.767
5294.269045114517, 0.0, 0.0, 2388.329
5296.269126653671, 0.0, 0.0, 2388.585
5298.269254684448, 0.0, 0.0, 2389.047
5300.269358158112, 0.0, 0.0, 2389.715
5302.269448757172, 0.0, 0.0, 2390.283
5304.2695388793945, 0.0, 0.0, 2391.021
5306.2697014808655, 0.0, 0.0, 2391.715
5308.2698040008545, 0.0, 0.0, 2392.047
5310.269904136658, 0.0, 0.0, 2392.169
5312.269990205765, 0.0, 0.0, 2392.721
5314.27006816864, 0.0, 0.0, 2393.553
5316.270169019699, 0.0, 0.0, 2394.132
5318.270256996155, 0.0, 0.0, 2394.855
5320.270357370377, 0.0, 0.0, 2395.52
5322.270457029343, 0.0, 0.0, 2396.04
5324.270560979843, 0.0, 0.0, 2396.509
5326.270661115646, 0.0, 0.0, 2396.858
5328.2707624435425, 0.0, 0.0, 2397.194
5330.270862817764, 0.0, 0.0, 2397.807
5332.270947933197, 0.0, 0.0, 2398.151
5334.271088838577, 0.0, 0.0, 2398.681
5336.27117562294, 0.0, 0.0, 2399.625
5338.271271705627, 0.0, 0.0, 2400.342
5340.271363019943, 0.0, 0.0, 2401.181
5342.271443367004, 0.0, 0.0, 2402.009
5344.271535396576, 0.0, 0.0, 2402.298
5346.2716681957245, 0.0, 0.0, 2402.389
5348.271761894226, 0.0, 0.0, 2402.845
5350.271841049194, 0.0, 0.0, 2403.669
5352.271943330765, 0.0, 0.0, 2404.321
5354.272031068802, 0.0, 0.0, 2405.146
5356.272142648697, 0.0, 0.0, 2406.048
5358.27224445343, 0.0, 0.0, 2406.762
5360.272345781326, 0.0, 0.0, 2407.136
5362.272447347641, 0.0, 0.0, 2407.261
5364.272530794144, 0.0, 0.0, 2407.494
5366.272611141205, 0.0, 0.0, 2408.095
5368.272713184357, 0.0, 0.0, 2408.925
5370.272849082947, 0.0, 0.0, 2409.444
5372.272933244705, 0.0, 0.0, 2409.875
5374.273026227951, 0.0, 0.0, 2410.423
5376.273159742355, 0.0, 0.0, 2410.831
5378.273260831833, 0.0, 0.0, 2411.184
5380.273396968842, 0.0, 0.0, 2411.538
5382.27353143692, 0.0, 0.0, 2411.83
5384.2736120224, 0.0, 0.0, 2411.984
5386.273695707321, 0.0, 0.0, 2412.445
5388.273806810379, 0.0, 0.0, 2413.028
5390.273942708969, 0.0, 0.0, 2413.408
5392.2740778923035, 0.0, 0.0, 2413.911
5394.274165868759, 0.0, 0.0, 2414.333
5396.274253845215, 0.0, 0.0, 2414.823
5398.274338245392, 0.0, 0.0, 2415.558
5400.274425983429, 0.0, 0.0, 2416.142
5402.274511098862, 0.0, 0.0, 2416.907
5404.274593114853, 0.0, 0.0, 2417.846
5406.274676561356, 0.0, 0.0, 2418.317
5408.274762868881, 0.0, 0.0, 2418.516
5410.274863481522, 0.0, 0.0, 2418.771
5412.274945497513, 0.0, 0.0, 2419.409
5414.275046348572, 0.0, 0.0, 2420.133
5416.275146484375, 0.0, 0.0, 2420.618
5418.275280714035, 0.0, 0.0, 2421.205
5420.275421857834, 0.0, 0.0, 2422.052
5422.275497674942, 0.0, 0.0, 2422.592
5424.27560544014, 0.0, 0.0, 2423.021
5426.275740861893, 0.0, 0.0, 2423.302
5428.2758502960205, 0.0, 0.0, 2423.754
5430.2759482860565, 0.0, 0.0, 2424.366
5432.276082754135, 0.0, 0.0, 2424.907
5434.276169061661, 0.0, 0.0, 2425.43
5436.276255130768, 0.0, 0.0, 2426.023
5438.276389122009, 0.0, 0.0, 2426.366
5440.2764728069305, 0.0, 0.0, 2427.059
5442.276577472687, 0.0, 0.0, 2427.74
5444.276664733887, 0.0, 0.0, 2428.339
5446.2767679691315, 0.0, 0.0, 2428.491
5448.276910543442, 0.0, 0.0, 2428.775
5450.2770454883575, 0.0, 0.0, 2429.519
5452.277179718018, 0.0, 0.0, 2430.143
5454.277267932892, 0.0, 0.0, 2430.496
5456.277369260788, 0.0, 0.0, 2430.886
5458.277449131012, 0.0, 0.0, 2431.398
5460.277529716492, 0.0, 0.0, 2431.997
5462.277629613876, 0.0, 0.0, 2432.451
5464.277718305588, 0.0, 0.0, 2432.921
5466.277859449387, 0.0, 0.0, 2433.241
5468.277948856354, 0.0, 0.0, 2433.833
5470.278049945831, 0.0, 0.0, 2434.333
5472.278132677078, 0.0, 0.0, 2434.707
5474.278225183487, 0.0, 0.0, 2434.973
5476.278310060501, 0.0, 0.0, 2435.199
5478.278411388397, 0.0, 0.0, 2435.845
5480.278513908386, 0.0, 0.0, 2436.619
5482.278615474701, 0.0, 0.0, 2437.182
5484.278694629669, 0.0, 0.0, 2437.417
5486.278802871704, 0.0, 0.0, 2437.804
5488.27894616127, 0.0, 0.0, 2438.364
5490.279048204422, 0.0, 0.0, 2438.933
5492.279146671295, 0.0, 0.0, 2439.367
5494.279226779938, 0.0, 0.0, 2439.726
5496.279329299927, 0.0, 0.0, 2440.082
5498.279428720474, 0.0, 0.0, 2440.573
5500.279530763626, 0.0, 0.0, 2441.042
5502.2796268463135, 0.0, 0.0, 2441.679
5504.279709339142, 0.0, 0.0, 2442.394
5506.279807567596, 0.0, 0.0, 2442.902
5508.279907941818, 0.0, 0.0, 2443.356
5510.280010700226, 0.0, 0.0, 2443.892
5512.280089378357, 0.0, 0.0, 2444.339
5514.280180215836, 0.0, 0.0, 2444.708
5516.280316114426, 0.0, 0.0, 2445.149
5518.280451059341, 0.0, 0.0, 2445.776
5520.280557632446, 0.0, 0.0, 2445.887
5522.280644416809, 0.0, 0.0, 2446.126
5524.280747652054, 0.0, 0.0, 2446.532
5526.28085231781, 0.0, 0.0, 2446.888
5528.2809455394745, 0.0, 0.0, 2447.201
5530.281033039093, 0.0, 0.0, 2447.754
5532.281123161316, 0.0, 0.0, 2448.273
5534.281222581863, 0.0, 0.0, 2448.736
5536.281305551529, 0.0, 0.0, 2449.177
5538.281407356262, 0.0, 0.0, 2449.738
5540.281508922577, 0.0, 0.0, 2450.342
5542.281609773636, 0.0, 0.0, 2450.937
5544.281708955765, 0.0, 0.0, 2451.451
5546.281793117523, 0.0, 0.0, 2451.861
5548.2818694114685, 0.0, 0.0, 2452.137
5550.28195977211, 0.0, 0.0, 2452.575
5552.282066822052, 0.0, 0.0, 2452.929
5554.282160282135, 0.0, 0.0, 2453.285
5556.282241821289, 0.0, 0.0, 2453.526
5558.282331228256, 0.0, 0.0, 2453.92
5560.282432317734, 0.0, 0.0, 2454.559
5562.282542705536, 0.0, 0.0, 2454.919
5564.282664060593, 0.0, 0.0, 2455.365
5566.282747268677, 0.0, 0.0, 2456.081
5568.282844781876, 0.0, 0.0, 2456.643
5570.282950401306, 0.0, 0.0, 2457.186
5572.283086776733, 0.0, 0.0, 2457.587
5574.283221721649, 0.0, 0.0, 2457.888
5576.283322811127, 0.0, 0.0, 2458.258
5578.2834577560425, 0.0, 0.0, 2458.594
5580.283593416214, 0.0, 0.0, 2458.978
5582.283684015274, 0.0, 0.0, 2459.647
5584.283761501312, 0.0, 0.0, 2460.108
5586.283856153488, 0.0, 0.0, 2460.503
5588.28395318985, 0.0, 0.0, 2460.942
5590.284037351608, 0.0, 0.0, 2461.6
5592.284138441086, 0.0, 0.0, 2462.085
5594.284271478653, 0.0, 0.0, 2462.401
5596.28435587883, 0.0, 0.0, 2463.025
5598.284440040588, 0.0, 0.0, 2463.575
5600.284540653229, 0.0, 0.0, 2463.924
5602.284620285034, 0.0, 0.0, 2464.444
5604.284724712372, 0.0, 0.0, 2464.635
5606.2848291397095, 0.0, 0.0, 2464.792
5608.284939289093, 0.0, 0.0, 2465.444
5610.285047292709, 0.0, 0.0, 2466.125
5612.285132884979, 0.0, 0.0, 2466.598
5614.285223245621, 0.0, 0.0, 2467.186
5616.285311222076, 0.0, 0.0, 2467.786
5618.285413742065, 0.0, 0.0, 2468.102
5620.285494565964, 0.0, 0.0, 2468.474
5622.28560256958, 0.0, 0.0, 2468.789
5624.285709619522, 0.0, 0.0, 2468.887
5626.285824537277, 0.0, 0.0, 2469.083
5628.285929203033, 0.0, 0.0, 2469.391
5630.286035776138, 0.0, 0.0, 2469.887
5632.286147594452, 0.0, 0.0, 2470.15
5634.2862367630005, 0.0, 0.0, 2470.489
5636.286331176758, 0.0, 0.0, 2470.826
5638.286420345306, 0.0, 0.0, 2471.301
5640.286505222321, 0.0, 0.0, 2471.717
5642.28659081459, 0.0, 0.0, 2472.044
5644.286673069, 0.0, 0.0, 2472.329
5646.286759853363, 0.0, 0.0, 2472.567
5648.286853551865, 0.0, 0.0, 2472.847
5650.286994218826, 0.0, 0.0, 2473.215
5652.2870807647705, 0.0, 0.0, 2473.779
5654.287165403366, 0.0, 0.0, 2474.336
5656.287250995636, 0.0, 0.0, 2474.681
5658.28733754158, 0.0, 0.0, 2475.119
5660.287432193756, 0.0, 0.0, 2475.368
5662.287529706955, 0.0, 0.0, 2475.705
5664.287626028061, 0.0, 0.0, 2476.012
5666.287712335587, 0.0, 0.0, 2476.514
5668.287798881531, 0.0, 0.0, 2476.872
5670.2879412174225, 0.0, 0.0, 2477.433
5672.288025856018, 0.0, 0.0, 2477.863
5674.288130283356, 0.0, 0.0, 2478.199
5676.28825712204, 0.0, 0.0, 2478.679
5678.288392782211, 0.0, 0.0, 2479.13
5680.288499116898, 0.0, 0.0, 2479.604
5682.2886028289795, 0.0, 0.0, 2480.358
5684.288736343384, 0.0, 0.0, 2480.83
5686.288872718811, 0.0, 0.0, 2481.241
5688.288975954056, 0.0, 0.0, 2481.682
5690.289076566696, 0.0, 0.0, 2481.929
5692.28915977478, 0.0, 0.0, 2482.196
5694.289268255234, 0.0, 0.0, 2482.671
5696.289394855499, 0.0, 0.0, 2483.168
5698.28950047493, 0.0, 0.0, 2483.663
5700.289609670639, 0.0, 0.0, 2484.123
5702.289693117142, 0.0, 0.0, 2484.466
5704.289796113968, 0.0, 0.0, 2484.769
5706.289902925491, 0.0, 0.0, 2484.941
5708.2899849414825, 0.0, 0.0, 2485.28
5710.290064573288, 0.0, 0.0, 2485.709
5712.290166854858, 0.0, 0.0, 2486.091
5714.290260791779, 0.0, 0.0, 2486.353
5716.290363311768, 0.0, 0.0, 2486.58
5718.290465354919, 0.0, 0.0, 2487.005
5720.290546655655, 0.0, 0.0, 2487.319
5722.290630578995, 0.0, 0.0, 2487.82
5724.290717124939, 0.0, 0.0, 2488.215
5726.290836811066, 0.0, 0.0, 2488.449
5728.290963888168, 0.0, 0.0, 2488.888
5730.291102409363, 0.0, 0.0, 2489.45
5732.291235923767, 0.0, 0.0, 2489.994
5734.29133605957, 0.0, 0.0, 2490.299
5736.291432619095, 0.0, 0.0, 2490.842
5738.291568517685, 0.0, 0.0, 2491.217
5740.291703939438, 0.0, 0.0, 2491.4
5742.291789054871, 0.0, 0.0, 2491.634
5744.291873693466, 0.0, 0.0, 2492.169
5746.291963815689, 0.0, 0.0, 2492.675
5748.292062044144, 0.0, 0.0, 2492.948
5750.292167425156, 0.0, 0.0, 2493.387
5752.292267084122, 0.0, 0.0, 2493.665
5754.292364835739, 0.0, 0.0, 2494.083
5756.292452573776, 0.0, 0.0, 2494.485
5758.292560577393, 0.0, 0.0, 2495.049
5760.2926523685455, 0.0, 0.0, 2495.534
5762.292737483978, 0.0, 0.0, 2495.897
5764.292840719223, 0.0, 0.0, 2496.462
5766.292946100235, 0.0, 0.0, 2496.856
5768.2930500507355, 0.0, 0.0, 2497.409
5770.293150186539, 0.0, 0.0, 2497.837
5772.293261766434, 0.0, 0.0, 2498.226
5774.293351173401, 0.0, 0.0, 2498.66
5776.293454408646, 0.0, 0.0, 2498.969
5778.293541193008, 0.0, 0.0, 2499.331
5780.293640136719, 0.0, 0.0, 2499.808
5782.29372048378, 0.0, 0.0, 2500.171
5784.2938232421875, 0.0, 0.0, 2500.262
5786.293936729431, 0.0, 0.0, 2500.636
5788.294043779373, 0.0, 0.0, 2501.017
5790.294144868851, 0.0, 0.0, 2501.365
5792.294234752655, 0.0, 0.0, 2501.83
5794.294324159622, 0.0, 0.0, 2502.299
5796.29442858696, 0.0, 0.0, 2502.741
5798.294511318207, 0.0, 0.0, 2503.202
5800.294615507126, 0.0, 0.0, 2503.434
5802.294722557068, 0.0, 0.0, 2503.605
5804.294838428497, 0.0, 0.0, 2503.87
5806.294941902161, 0.0, 0.0, 2504.25
5808.295087814331, 0.0, 0.0, 2504.563
5810.295231342316, 0.0, 0.0, 2505.026
5812.29531621933, 0.0, 0.0, 2505.514
5814.295417308807, 0.0, 0.0, 2505.946
5816.295522928238, 0.0, 0.0, 2506.252
5818.295609712601, 0.0, 0.0, 2506.616
5820.29571223259, 0.0, 0.0, 2507.038
5822.2958154678345, 0.0, 0.0, 2507.182
5824.295903921127, 0.0, 0.0, 2507.318
5826.29604101181, 0.0, 0.0, 2507.594
5828.296144247055, 0.0, 0.0, 2508.001
5830.296236753464, 0.0, 0.0, 2508.336
5832.296323060989, 0.0, 0.0, 2508.739
5834.2964124679565, 0.0, 0.0, 2509.128
5836.296500444412, 0.0, 0.0, 2509.383
5838.296598911285, 0.0, 0.0, 2509.73
5840.29669046402, 0.0, 0.0, 2510.165
5842.296788454056, 0.0, 0.0, 2510.543
5844.296890735626, 0.0, 0.0, 2510.918
5846.296992063522, 0.0, 0.0, 2511.354
5848.297089576721, 0.0, 0.0, 2511.654
5850.29717707634, 0.0, 0.0, 2511.965
5852.2973120212555, 0.0, 0.0, 2512.258
5854.297403097153, 0.0, 0.0, 2512.531
5856.297492742538, 0.0, 0.0, 2512.839
5858.29757809639, 0.0, 0.0, 2513.121
5860.297680139542, 0.0, 0.0, 2513.421
5862.2977702617645, 0.0, 0.0, 2513.757
5864.297859668732, 0.0, 0.0, 2514.172
5866.297966241837, 0.0, 0.0, 2514.465
5868.298055171967, 0.0, 0.0, 2514.848
5870.298156738281, 0.0, 0.0, 2515.145
5872.298243761063, 0.0, 0.0, 2515.498
5874.2983775138855, 0.0, 0.0, 2515.9
5876.298465013504, 0.0, 0.0, 2516.442
5878.298571109772, 0.0, 0.0, 2516.844
5880.298672914505, 0.0, 0.0, 2517.052
5882.29882478714, 0.0, 0.0, 2517.212
5884.298925638199, 0.0, 0.0, 2517.593
5886.299014091492, 0.0, 0.0, 2518.044
5888.299104452133, 0.0, 0.0, 2518.311
5890.299184560776, 0.0, 0.0, 2518.654
5892.29928445816, 0.0, 0.0, 2518.983
5894.299368858337, 0.0, 0.0, 2519.449
5896.29945731163, 0.0, 0.0, 2519.941
5898.299561738968, 0.0, 0.0, 2520.288
5900.299652338028, 0.0, 0.0, 2520.525
5902.299768686295, 0.0, 0.0, 2520.674
5904.299870252609, 0.0, 0.0, 2521.03
5906.299973487854, 0.0, 0.0, 2521.478
5908.300051212311, 0.0, 0.0, 2521.934
5910.300146818161, 0.0, 0.0, 2522.138
5912.3002252578735, 0.0, 0.0, 2522.555
5914.300328969955, 0.0, 0.0, 2522.882
5916.300428152084, 0.0, 0.0, 2523.126
5918.300529718399, 0.0, 0.0, 2523.399
5920.300631523132, 0.0, 0.0, 2523.57
5922.300767183304, 0.0, 0.0, 2523.658
5924.300869464874, 0.0, 0.0, 2523.814
5926.300953626633, 0.0, 0.0, 2524.069
5928.301053762436, 0.0, 0.0, 2524.437
5930.301156044006, 0.0, 0.0, 2524.684
5932.301258563995, 0.0, 0.0, 2524.753
5934.301387548447, 0.0, 0.0, 2524.859
5936.301490545273, 0.0, 0.0, 2525.178
5938.301591873169, 0.0, 0.0, 2525.67
5940.3017337322235, 0.0, 0.0, 2525.947
5942.301825046539, 0.0, 0.0, 2526.093
5944.30193400383, 0.0, 0.0, 2526.166
5946.302041530609, 0.0, 0.0, 2526.356
5948.302144527435, 0.0, 0.0, 2526.534
5950.302253007889, 0.0, 0.0, 2526.992
5952.302336215973, 0.0, 0.0, 2527.426
5954.30243730545, 0.0, 0.0, 2527.871
5956.302536010742, 0.0, 0.0, 2528.265
5958.302619695663, 0.0, 0.0, 2528.651
5960.302719831467, 0.0, 0.0, 2528.928
5962.302796363831, 0.0, 0.0, 2529.175
5964.30287027359, 0.0, 0.0, 2529.392
5966.302973985672, 0.0, 0.0, 2529.798
5968.303072452545, 0.0, 0.0, 2530.12
5970.303170919418, 0.0, 0.0, 2530.496
5972.303270816803, 0.0, 0.0, 2530.745
5974.3033719062805, 0.0, 0.0, 2531.084
5976.3034698963165, 0.0, 0.0, 2531.402
5978.303575992584, 0.0, 0.0, 2531.88
5980.303661346436, 0.0, 0.0, 2532.336
5982.303756713867, 0.0, 0.0, 2532.602
5984.30389046669, 0.0, 0.0, 2532.92
5986.3040137290955, 0.0, 0.0, 2533.408
5988.304113149643, 0.0, 0.0, 2533.645
5990.3042142391205, 0.0, 0.0, 2533.913
5992.304328680038, 0.0, 0.0, 2534.419
5994.3044176101685, 0.0, 0.0, 2534.908
5996.304520368576, 0.0, 0.0, 2535.275
5998.304597854614, 0.0, 0.0, 2535.597
6000.304691076279, 0.0, 0.0, 2535.767
6002.304779291153, 0.0, 0.0, 2535.943
6004.304876804352, 0.0, 0.0, 2536.15
6006.304973363876, 0.0, 0.0, 2536.504
6008.305114746094, 0.0, 0.0, 2536.942
6010.3052277565, 0.0, 0.0, 2537.33
6012.305333375931, 0.0, 0.0, 2537.851
6014.305418014526, 0.0, 0.0, 2538.389
6016.305508852005, 0.0, 0.0, 2538.848
6018.305607557297, 0.0, 0.0, 2539.149
6020.305690526962, 0.0, 0.0, 2539.36
6022.30578827858, 0.0, 0.0, 2539.546
6024.305886507034, 0.0, 0.0, 2539.916
6026.305988073349, 0.0, 0.0, 2540.239
6028.3060874938965, 0.0, 0.0, 2540.444
6030.306184053421, 0.0, 0.0, 2540.854
6032.306282520294, 0.0, 0.0, 2541.077
6034.306362628937, 0.0, 0.0, 2541.386
6036.306445837021, 0.0, 0.0, 2541.74
6038.306535720825, 0.0, 0.0, 2541.985
6040.30663228035, 0.0, 0.0, 2542.236
6042.306739330292, 0.0, 0.0, 2542.583
6044.306877613068, 0.0, 0.0, 2542.76
6046.307011127472, 0.0, 0.0, 2542.951
6048.3071122169495, 0.0, 0.0, 2543.102
6050.307243824005, 0.0, 0.0, 2543.238
6052.307321310043, 0.0, 0.0, 2543.447
6054.307425022125, 0.0, 0.0, 2543.688
6056.307526350021, 0.0, 0.0, 2544.093
6058.30762219429, 0.0, 0.0, 2544.437
6060.307725429535, 0.0, 0.0, 2544.737
6062.307827711105, 0.0, 0.0, 2545.045
6064.307919740677, 0.0, 0.0, 2545.219
6066.3080089092255, 0.0, 0.0, 2545.378
6068.308097362518, 0.0, 0.0, 2545.723
6070.308187007904, 0.0, 0.0, 2546.284
6072.308291435242, 0.0, 0.0, 2546.745
6074.308394193649, 0.0, 0.0, 2547.001
6076.308529615402, 0.0, 0.0, 2547.397
6078.30863070488, 0.0, 0.0, 2547.842
6080.308731555939, 0.0, 0.0, 2547.926
6082.308832645416, 0.0, 0.0, 2548.09
6084.308934926987, 0.0, 0.0, 2548.346
6086.309022426605, 0.0, 0.0, 2548.744
6088.309103012085, 0.0, 0.0, 2549.126
6090.3092041015625, 0.0, 0.0, 2549.498
6092.309286355972, 0.0, 0.0, 2549.7
6094.309388637543, 0.0, 0.0, 2549.971
6096.30949306488, 0.0, 0.0, 2550.347
6098.30962562561, 0.0, 0.0, 2550.57
6100.3097586631775, 0.0, 0.0, 2550.822
6102.3098521232605, 0.0, 0.0, 2551.094
6104.309994935989, 0.0, 0.0, 2551.491
6106.310072422028, 0.0, 0.0, 2551.706
6108.310163974762, 0.0, 0.0, 2551.712
6110.310256242752, 0.0, 0.0, 2551.871
6112.310364246368, 0.0, 0.0, 2552.14
6114.310503721237, 0.0, 0.0, 2552.389
6116.310608863831, 0.0, 0.0, 2552.668
6118.310718297958, 0.0, 0.0, 2552.996
6120.310836315155, 0.0, 0.0, 2553.22
6122.310921430588, 0.0, 0.0, 2553.462
6124.311002492905, 0.0, 0.0, 2553.813
6126.311096191406, 0.0, 0.0, 2554.253
6128.311190843582, 0.0, 0.0, 2554.703
6130.311293363571, 0.0, 0.0, 2554.859
6132.311434984207, 0.0, 0.0, 2555.06
6134.311537742615, 0.0, 0.0, 2555.49
6136.311639308929, 0.0, 0.0, 2555.898
6138.311740398407, 0.0, 0.0, 2556.201
6140.312181472778, 0.0, 0.0, 2556.283
6142.312264919281, 0.0, 0.0, 2556.502
6144.312364816666, 0.0, 0.0, 2556.747
6146.312463283539, 0.0, 0.0, 2557.042
6148.312563896179, 0.0, 0.0, 2557.34
6150.312664985657, 0.0, 0.0, 2557.73
6152.312766075134, 0.0, 0.0, 2558.192
6154.31285071373, 0.0, 0.0, 2558.458
6156.312951803207, 0.0, 0.0, 2558.562
6158.3130531311035, 0.0, 0.0, 2558.759
6160.313132762909, 0.0, 0.0, 2559.101
6162.313225746155, 0.0, 0.0, 2559.494
6164.313314676285, 0.0, 0.0, 2559.78
6166.313414573669, 0.0, 0.0, 2560.133
6168.31350684166, 0.0, 0.0, 2560.312
6170.3136394023895, 0.0, 0.0, 2560.471
6172.313772916794, 0.0, 0.0, 2560.498
6174.313870668411, 0.0, 0.0, 2560.894
6176.313981294632, 0.0, 0.0, 2561.249
6178.314062595367, 0.0, 0.0, 2561.573
6180.314173936844, 0.0, 0.0, 2561.721
6182.314275741577, 0.0, 0.0, 2561.8
6184.314378499985, 0.0, 0.0, 2562.021
6186.314467430115, 0.0, 0.0, 2562.133
6188.3145706653595, 0.0, 0.0, 2562.495
6190.31466794014, 0.0, 0.0, 2562.935
6192.3147785663605, 0.0, 0.0, 2563.154
6194.314874887466, 0.0, 0.0, 2563.197
6196.314958333969, 0.0, 0.0, 2563.481
6198.315057516098, 0.0, 0.0, 2563.922
6200.315159082413, 0.0, 0.0, 2564.176
6202.3152713775635, 0.0, 0.0, 2564.633
6204.315407276154, 0.0, 0.0, 2564.96
6206.315559148788, 0.0, 0.0, 2565.165
6208.315660953522, 0.0, 0.0, 2565.449
6210.315754652023, 0.0, 0.0, 2565.661
6212.315856456757, 0.0, 0.0, 2565.89
6214.315940618515, 0.0, 0.0, 2565.976
6216.316051006317, 0.0, 0.0, 2566.146
6218.3161444664, 0.0, 0.0, 2566.485
6220.316232919693, 0.0, 0.0, 2566.84
6222.316326379776, 0.0, 0.0, 2567.164
6224.316422224045, 0.0, 0.0, 2567.408
6226.316522359848, 0.0, 0.0, 2567.688
6228.316632509232, 0.0, 0.0, 2568.079
6230.316732406616, 0.0, 0.0, 2568.296
6232.316816806793, 0.0, 0.0, 2568.529
6234.31690621376, 0.0, 0.0, 2568.745
6236.316999435425, 0.0, 0.0, 2568.937
6238.317100286484, 0.0, 0.0, 2569.29
6240.317202329636, 0.0, 0.0, 2569.522
6242.3172833919525, 0.0, 0.0, 2569.775
6244.317371606827, 0.0, 0.0, 2569.995
6246.317471265793, 0.0, 0.0, 2570.385
6248.317553758621, 0.0, 0.0, 2570.742
6250.317634105682, 0.0, 0.0, 2571.039
6252.317717552185, 0.0, 0.0, 2571.282
6254.3178017139435, 0.0, 0.0, 2571.421
6256.317890167236, 0.0, 0.0, 2571.656
6258.317986249924, 0.0, 0.0, 2571.737
6260.318068981171, 0.0, 0.0, 2571.925
6262.318152666092, 0.0, 0.0, 2572.059
6264.318237781525, 0.0, 0.0, 2572.179
6266.318323135376, 0.0, 0.0, 2572.394
6268.318405628204, 0.0, 0.0, 2572.651
6270.318492889404, 0.0, 0.0, 2572.934
6272.318589448929, 0.0, 0.0, 2573.366
6274.318675279617, 0.0, 0.0, 2573.744
6276.318760633469, 0.0, 0.0, 2574.116
6278.318842411041, 0.0, 0.0, 2574.413
6280.31892824173, 0.0, 0.0, 2574.567
6282.319030284882, 0.0, 0.0, 2574.687
6284.319133043289, 0.0, 0.0, 2574.85
6286.319224357605, 0.0, 0.0, 2575.278
6288.319308042526, 0.0, 0.0, 2575.651
6290.319409132004, 0.0, 0.0, 2575.793
6292.319493532181, 0.0, 0.0, 2575.998
6294.3195741176605, 0.0, 0.0, 2576.488
6296.319655895233, 0.0, 0.0, 2576.958
6298.319765090942, 0.0, 0.0, 2577.205
6300.3198482990265, 0.0, 0.0, 2577.348
6302.3199298381805, 0.0, 0.0, 2577.405
6304.320013999939, 0.0, 0.0, 2577.754
6306.320114135742, 0.0, 0.0, 2577.977
6308.3202130794525, 0.0, 0.0, 2578.336
6310.32031750679, 0.0, 0.0, 2578.565
6312.320417642593, 0.0, 0.0, 2578.804
6314.320501089096, 0.0, 0.0, 2578.916
6316.320584535599, 0.0, 0.0, 2578.997
6318.320675849915, 0.0, 0.0, 2579.035
6320.320811510086, 0.0, 0.0, 2579.167
6322.320915937424, 0.0, 0.0, 2579.357
6324.321049213409, 0.0, 0.0, 2579.601
6326.32114982605, 0.0, 0.0, 2580.06
6328.321250915527, 0.0, 0.0, 2580.383
6330.321353197098, 0.0, 0.0, 2580.621
6332.321437358856, 0.0, 0.0, 2580.914
6334.321540117264, 0.0, 0.0, 2581.204
6336.321633338928, 0.0, 0.0, 2581.394
6338.321715354919, 0.0, 0.0, 2581.672
6340.3217985630035, 0.0, 0.0, 2581.924
6342.321891069412, 0.0, 0.0, 2582.258
6344.321972846985, 0.0, 0.0, 2582.424
6346.322056293488, 0.0, 0.0, 2582.677
6348.322145462036, 0.0, 0.0, 2582.784
6350.322247028351, 0.0, 0.0, 2582.836
6352.322330951691, 0.0, 0.0, 2583.044
6354.322413921356, 0.0, 0.0, 2583.27
6356.322505474091, 0.0, 0.0, 2583.498
6358.322587490082, 0.0, 0.0, 2583.651
6360.322682142258, 0.0, 0.0, 2583.881
6362.32283449173, 0.0, 0.0, 2584.181
6364.32293343544, 0.0, 0.0, 2584.554
6366.323012590408, 0.0, 0.0, 2584.791
6368.323110580444, 0.0, 0.0, 2584.961
6370.323212146759, 0.0, 0.0, 2585.17
6372.323314189911, 0.0, 0.0, 2585.347
6374.323411941528, 0.0, 0.0, 2585.521
6376.323491096497, 0.0, 0.0, 2585.779
6378.323593378067, 0.0, 0.0, 2585.944
6380.323677301407, 0.0, 0.0, 2586.25
6382.323776006699, 0.0, 0.0, 2586.539
6384.323880434036, 0.0, 0.0, 2586.737
6386.323979616165, 0.0, 0.0, 2587.058
6388.324085474014, 0.0, 0.0, 2587.373
6390.324179410934, 0.0, 0.0, 2587.675
6392.324266672134, 0.0, 0.0, 2588.009
6394.324346780777, 0.0, 0.0, 2588.265
6396.324430704117, 0.0, 0.0, 2588.402
6398.324562549591, 0.0, 0.0, 2588.622
6400.3246557712555, 0.0, 0.0, 2588.854
6402.324743747711, 0.0, 0.0, 2589.059
6404.324835062027, 0.0, 0.0, 2589.235
6406.324921607971, 0.0, 0.0, 2589.295
6408.325033426285, 0.0, 0.0, 2589.507
6410.325140714645, 0.0, 0.0, 2589.644
6412.3252210617065, 0.0, 0.0, 2589.815
6414.325318813324, 0.0, 0.0, 2589.952
6416.325400829315, 0.0, 0.0, 2590.111
6418.325486898422, 0.0, 0.0, 2590.2
6420.32559132576, 0.0, 0.0, 2590.384
6422.325692653656, 0.0, 0.0, 2590.621
6424.325793981552, 0.0, 0.0, 2590.865
6426.3258934021, 0.0, 0.0, 2591.077
6428.325993776321, 0.0, 0.0, 2591.34
6430.326087474823, 0.0, 0.0, 2591.49
6432.326189756393, 0.0, 0.0, 2591.694
6434.326284646988, 0.0, 0.0, 2591.909
6436.326383590698, 0.0, 0.0, 2592.074
6438.32648396492, 0.0, 0.0, 2592.178
6440.326584339142, 0.0, 0.0, 2592.276
6442.3266842365265, 0.0, 0.0, 2592.444
6444.326786518097, 0.0, 0.0, 2592.739
6446.3268892765045, 0.0, 0.0, 2592.947
6448.32697558403, 0.0, 0.0, 2593.148
6450.3270626068115, 0.0, 0.0, 2593.283
6452.327142000198, 0.0, 0.0, 2593.471
6454.327233314514, 0.0, 0.0, 2593.632
6456.327317714691, 0.0, 0.0, 2593.775
6458.327403783798, 0.0, 0.0, 2593.863
6460.327488899231, 0.0, 0.0, 2594.029
6462.327590942383, 0.0, 0.0, 2594.204
6464.327689170837, 0.0, 0.0, 2594.334
6466.327775001526, 0.0, 0.0, 2594.534
6468.327877044678, 0.0, 0.0, 2594.814
6470.327979326248, 0.0, 0.0, 2595.013
6472.328081130981, 0.0, 0.0, 2595.175
6474.328167915344, 0.0, 0.0, 2595.367
6476.328254699707, 0.0, 0.0, 2595.597
6478.3283660411835, 0.0, 0.0, 2595.803
6480.328468322754, 0.0, 0.0, 2596.091
6482.328573465347, 0.0, 0.0, 2596.249
6484.328649997711, 0.0, 0.0, 2596.623
6486.328752756119, 0.0, 0.0, 2596.827
6488.328835248947, 0.0, 0.0, 2596.953
6490.32893538475, 0.0, 0.0, 2596.97
6492.329041481018, 0.0, 0.0, 2597.126
6494.329140424728, 0.0, 0.0, 2597.279
6496.32922744751, 0.0, 0.0, 2597.504
6498.329329967499, 0.0, 0.0, 2597.676
6500.329437255859, 0.0, 0.0, 2597.709
6502.329518318176, 0.0, 0.0, 2597.788
6504.3296003341675, 0.0, 0.0, 2597.964
6506.329739570618, 0.0, 0.0, 2598.217
6508.329843997955, 0.0, 0.0, 2598.345
6510.329929113388, 0.0, 0.0, 2598.518
6512.330028057098, 0.0, 0.0, 2598.781
6514.330116987228, 0.0, 0.0, 2599.143
6516.330196857452, 0.0, 0.0, 2599.34
6518.330282449722, 0.0, 0.0, 2599.502
6520.330370903015, 0.0, 0.0, 2599.762
6522.330469369888, 0.0, 0.0, 2599.93
6524.330556154251, 0.0, 0.0, 2600.066
6526.3306453228, 0.0, 0.0, 2600.268
6528.3307366371155, 0.0, 0.0, 2600.401
6530.33082818985, 0.0, 0.0, 2600.579
6532.330950498581, 0.0, 0.0, 2600.761
6534.3310561180115, 0.0, 0.0, 2601.044
6536.33115530014, 0.0, 0.0, 2601.247
6538.331237077713, 0.0, 0.0, 2601.265
6540.331338167191, 0.0, 0.0, 2601.387
6542.3314418792725, 0.0, 0.0, 2601.413
6544.331528425217, 0.0, 0.0, 2601.476
6546.331654310226, 0.0, 0.0, 2601.738
6548.331734657288, 0.0, 0.0, 2601.93
6550.331836700439, 0.0, 0.0, 2602.089
6552.331937789917, 0.0, 0.0, 2602.259
6554.332045793533, 0.0, 0.0, 2602.651
6556.332126617432, 0.0, 0.0, 2602.805
6558.332229137421, 0.0, 0.0, 2602.818
6560.332314729691, 0.0, 0.0, 2602.887
6562.332416057587, 0.0, 0.0, 2603.223
6564.332516908646, 0.0, 0.0, 2603.614
6566.332595825195, 0.0, 0.0, 2603.79
6568.3327305316925, 0.0, 0.0, 2604.006
6570.332864522934, 0.0, 0.0, 2604.139
6572.332960367203, 0.0, 0.0, 2604.342
6574.333039999008, 0.0, 0.0, 2604.632
6576.333144187927, 0.0, 0.0, 2604.991
6578.333246231079, 0.0, 0.0, 2605.301
6580.333332538605, 0.0, 0.0, 2605.552
6582.333413362503, 0.0, 0.0, 2605.682
6584.333500623703, 0.0, 0.0, 2605.832
6586.33359670639, 0.0, 0.0, 2606.026
6588.3337297439575, 0.0, 0.0, 2606.111
6590.333835363388, 0.0, 0.0, 2606.326
6592.333932161331, 0.0, 0.0, 2606.453
6594.3340384960175, 0.0, 0.0, 2606.592
6596.334120512009, 0.0, 0.0, 2606.729
6598.334208488464, 0.0, 0.0, 2606.83
6600.334343194962, 0.0, 0.0, 2607.045
6602.334450006485, 0.0, 0.0, 2607.24
6604.334548950195, 0.0, 0.0, 2607.472
6606.334690570831, 0.0, 0.0, 2607.652
6608.334851264954, 0.0, 0.0, 2607.846
6610.334928035736, 0.0, 0.0, 2608.054
6612.33501291275, 0.0, 0.0, 2608.188
6614.335096359253, 0.0, 0.0, 2608.336
6616.335184574127, 0.0, 0.0, 2608.596
6618.335288524628, 0.0, 0.0, 2608.818
6620.335372924805, 0.0, 0.0, 2609.037
6622.335458040237, 0.0, 0.0, 2609.204
6624.335558891296, 0.0, 0.0, 2609.24
6626.335659265518, 0.0, 0.0, 2609.429
6628.335736036301, 0.0, 0.0, 2609.642
6630.335837364197, 0.0, 0.0, 2609.784
6632.335926294327, 0.0, 0.0, 2609.948
6634.336011886597, 0.0, 0.0, 2610.124
6636.336111545563, 0.0, 0.0, 2610.232
6638.336213111877, 0.0, 0.0, 2610.335
6640.336292505264, 0.0, 0.0, 2610.51
6642.336377382278, 0.0, 0.0, 2610.739
6644.336457014084, 0.0, 0.0, 2610.927
6646.336543560028, 0.0, 0.0, 2611.202
6648.336626291275, 0.0, 0.0, 2611.398
6650.336727619171, 0.0, 0.0, 2611.526
6652.336812019348, 0.0, 0.0, 2611.687
6654.336895942688, 0.0, 0.0, 2611.734
6656.336977720261, 0.0, 0.0, 2611.994
6658.337061405182, 0.0, 0.0, 2612.326
6660.337155342102, 0.0, 0.0, 2612.44
6662.337243318558, 0.0, 0.0, 2612.592
6664.3373234272, 0.0, 0.0, 2612.823
6666.337423324585, 0.0, 0.0, 2613.092
6668.337522983551, 0.0, 0.0, 2613.325
6670.337624311447, 0.0, 0.0, 2613.581
6672.337720155716, 0.0, 0.0, 2613.828
6674.337806463242, 0.0, 0.0, 2613.928
6676.337890625, 0.0, 0.0, 2614.133
6678.33797121048, 0.0, 0.0, 2614.426
6680.338107585907, 0.0, 0.0, 2614.615
6682.33818769455, 0.0, 0.0, 2614.793
6684.338289737701, 0.0, 0.0, 2615.016
6686.338385820389, 0.0, 0.0, 2615.078
6688.3384919166565, 0.0, 0.0, 2615.274
6690.33859372139, 0.0, 0.0, 2615.467
6692.3386924266815, 0.0, 0.0, 2615.712
6694.338793516159, 0.0, 0.0, 2615.911
6696.338927745819, 0.0, 0.0, 2616.099
6698.339008331299, 0.0, 0.0, 2616.182
6700.339087724686, 0.0, 0.0, 2616.274
6702.339187145233, 0.0, 0.0, 2616.489
6704.339319229126, 0.0, 0.0, 2616.81
6706.339403629303, 0.0, 0.0, 2617.057
6708.33949303627, 0.0, 0.0, 2617.316
6710.339631795883, 0.0, 0.0, 2617.471
6712.339731454849, 0.0, 0.0, 2617.695
6714.339837312698, 0.0, 0.0, 2617.873
6716.339935302734, 0.0, 0.0, 2618.004
6718.340016126633, 0.0, 0.0, 2618.089
6720.34012389183, 0.0, 0.0, 2618.115
6722.3402280807495, 0.0, 0.0, 2618.206
6724.340337276459, 0.0, 0.0, 2618.339
6726.340426206589, 0.0, 0.0, 2618.434
6728.340518951416, 0.0, 0.0, 2618.592
6730.340659379959, 0.0, 0.0, 2618.881
6732.3407464027405, 0.0, 0.0, 2619.03
6734.340837240219, 0.0, 0.0, 2619.232
6736.340919494629, 0.0, 0.0, 2619.412
6738.341023206711, 0.0, 0.0, 2619.508
6740.3411247730255, 0.0, 0.0, 2619.671
6742.341226100922, 0.0, 0.0, 2619.802
6744.341323852539, 0.0, 0.0, 2619.925
6746.3414261341095, 0.0, 0.0, 2620.149
6748.341529130936, 0.0, 0.0, 2620.209
6750.341620922089, 0.0, 0.0, 2620.28
6752.341723680496, 0.0, 0.0, 2620.465
6754.341803789139, 0.0, 0.0, 2620.757
6756.341903209686, 0.0, 0.0, 2620.915
6758.342006206512, 0.0, 0.0, 2621.157
6760.34209895134, 0.0, 0.0, 2621.302
6762.342204332352, 0.0, 0.0, 2621.59
6764.342308521271, 0.0, 0.0, 2621.766
6766.342410802841, 0.0, 0.0, 2621.866
6768.342512130737, 0.0, 0.0, 2621.972
6770.342618703842, 0.0, 0.0, 2622.189
6772.342702865601, 0.0, 0.0, 2622.393
6774.342801094055, 0.0, 0.0, 2622.565
6776.342950344086, 0.0, 0.0, 2622.747
6778.343045473099, 0.0, 0.0, 2622.865
6780.343139410019, 0.0, 0.0, 2623.039
6782.343227624893, 0.0, 0.0, 2623.273
6784.34331202507, 0.0, 0.0, 2623.386
6786.343398332596, 0.0, 0.0, 2623.512
6788.343491077423, 0.0, 0.0, 2623.635
6790.343576192856, 0.0, 0.0, 2623.668
6792.343680858612, 0.0, 0.0, 2623.795
6794.343770265579, 0.0, 0.0, 2624.113
6796.343859672546, 0.0, 0.0, 2624.289
6798.343962669373, 0.0, 0.0, 2624.302
6800.344061374664, 0.0, 0.0, 2624.304
6802.344153642654, 0.0, 0.0, 2624.561
6804.344259023666, 0.0, 0.0, 2624.8
6806.344359397888, 0.0, 0.0, 2624.966
6808.344439983368, 0.0, 0.0, 2625.187
6810.344542264938, 0.0, 0.0, 2625.252
6812.34464430809, 0.0, 0.0, 2625.455
6814.344750165939, 0.0, 0.0, 2625.678
6816.344850301743, 0.0, 0.0, 2625.933
6818.344947814941, 0.0, 0.0, 2626.062
6820.34503531456, 0.0, 0.0, 2626.183
6822.345121860504, 0.0, 0.0, 2626.228
6824.345216989517, 0.0, 0.0, 2626.364
6826.345298528671, 0.0, 0.0, 2626.377
6828.345385313034, 0.0, 0.0, 2626.44
6830.34548997879, 0.0, 0.0, 2626.567
6832.345592737198, 0.0, 0.0, 2626.595
6834.345721006393, 0.0, 0.0, 2626.662
6836.345828056335, 0.0, 0.0, 2626.81
6838.345932722092, 0.0, 0.0, 2626.893
6840.346077680588, 0.0, 0.0, 2626.962
6842.346182346344, 0.0, 0.0, 2627.085
6844.346269369125, 0.0, 0.0, 2627.135
6846.346373558044, 0.0, 0.0, 2627.205
6848.346469402313, 0.0, 0.0, 2627.351
6850.346575021744, 0.0, 0.0, 2627.644
6852.34667634964, 0.0, 0.0, 2627.908
6854.346774816513, 0.0, 0.0, 2628.028
6856.346866130829, 0.0, 0.0, 2628.125
6858.346967935562, 0.0, 0.0, 2628.32
6860.347102642059, 0.0, 0.0, 2628.342
6862.347185850143, 0.0, 0.0, 2628.38
6864.347288370132, 0.0, 0.0, 2628.573
6866.347389936447, 0.0, 0.0, 2628.817
6868.347491025925, 0.0, 0.0, 2629.117
6870.347593545914, 0.0, 0.0, 2629.236
6872.347708463669, 0.0, 0.0, 2629.389
6874.3478190898895, 0.0, 0.0, 2629.608
6876.347964525223, 0.0, 0.0, 2629.757
6878.348073244095, 0.0, 0.0, 2630.018
6880.3481528759, 0.0, 0.0, 2630.102
6882.348250627518, 0.0, 0.0, 2630.261
6884.348350286484, 0.0, 0.0, 2630.413
6886.348449468613, 0.0, 0.0, 2630.585
6888.348544597626, 0.0, 0.0, 2630.753
6890.348643541336, 0.0, 0.0, 2630.89
6892.348739862442, 0.0, 0.0, 2631.158
6894.348870277405, 0.0, 0.0, 2631.262
6896.348951816559, 0.0, 0.0, 2631.359
6898.349031209946, 0.0, 0.0, 2631.377
6900.349138259888, 0.0, 0.0, 2631.437
6902.34924030304, 0.0, 0.0, 2631.636
6904.349327087402, 0.0, 0.0, 2631.883
6906.349414110184, 0.0, 0.0, 2632.095
6908.349517583847, 0.0, 0.0, 2632.273
6910.349603652954, 0.0, 0.0, 2632.509
6912.349702596664, 0.0, 0.0, 2632.674
6914.349800348282, 0.0, 0.0, 2632.849
6916.349891424179, 0.0, 0.0, 2632.876
6918.349972963333, 0.0, 0.0, 2633.1
6920.350086450577, 0.0, 0.0, 2633.208
6922.350173711777, 0.0, 0.0, 2633.304
6924.350272893906, 0.0, 0.0, 2633.435
6926.3503539562225, 0.0, 0.0, 2633.55
6928.350465536118, 0.0, 0.0, 2633.686
6930.350566148758, 0.0, 0.0, 2633.858
6932.350670337677, 0.0, 0.0, 2633.931
6934.350752592087, 0.0, 0.0, 2634.028
6936.35084605217, 0.0, 0.0, 2634.259
6938.350952863693, 0.0, 0.0, 2634.315
6940.351064920425, 0.0, 0.0, 2634.419
6942.35117149353, 0.0, 0.0, 2634.52
6944.351254701614, 0.0, 0.0, 2634.69
6946.351353168488, 0.0, 0.0, 2634.886
6948.351440191269, 0.0, 0.0, 2635.097
6950.351521730423, 0.0, 0.0, 2635.253
6952.351602077484, 0.0, 0.0, 2635.325
6954.35170507431, 0.0, 0.0, 2635.514
6956.351809501648, 0.0, 0.0, 2635.66
6958.351909399033, 0.0, 0.0, 2635.713
6960.351997852325, 0.0, 0.0, 2635.969
6962.352082967758, 0.0, 0.0, 2636.132
6964.352171182632, 0.0, 0.0, 2636.268
6966.35227560997, 0.0, 0.0, 2636.389
6968.35235786438, 0.0, 0.0, 2636.436
6970.35244011879, 0.0, 0.0, 2636.392
6972.352539777756, 0.0, 0.0, 2636.47
6974.352625608444, 0.0, 0.0, 2636.511
6976.352720975876, 0.0, 0.0, 2636.523
6978.352809667587, 0.0, 0.0, 2636.656
6980.352912425995, 0.0, 0.0, 2636.756
6982.3529920578, 0.0, 0.0, 2636.886
6984.353093862534, 0.0, 0.0, 2636.86
6986.353203058243, 0.0, 0.0, 2636.89
6988.35328578949, 0.0, 0.0, 2637.038
6990.353389978409, 0.0, 0.0, 2637.203
6992.353493690491, 0.0, 0.0, 2637.296
6994.353592634201, 0.0, 0.0, 2637.345
6996.353691339493, 0.0, 0.0, 2637.448
6998.353780508041, 0.0, 0.0, 2637.468
7000.353886127472, 0.0, 0.0, 2637.641
7002.353988170624, 0.0, 0.0, 2637.789
7004.354090690613, 0.0, 0.0, 2637.927
7006.354173183441, 0.0, 0.0, 2638.118
7008.354307889938, 0.0, 0.0, 2638.233
7010.354391813278, 0.0, 0.0, 2638.234
7012.3544952869415, 0.0, 0.0, 2638.328
7014.354603052139, 0.0, 0.0, 2638.494
7016.354704380035, 0.0, 0.0, 2638.793
7018.354817867279, 0.0, 0.0, 2638.828
7020.354917049408, 0.0, 0.0, 2639.043
7022.354999542236, 0.0, 0.0, 2639.239
7024.35507941246, 0.0, 0.0, 2639.373
7026.355181932449, 0.0, 0.0, 2639.525
7028.355281352997, 0.0, 0.0, 2639.619
7030.355378866196, 0.0, 0.0, 2639.891
7032.355477809906, 0.0, 0.0, 2640.033
7034.355575323105, 0.0, 0.0, 2640.144
7036.355669260025, 0.0, 0.0, 2640.379
7038.355763196945, 0.0, 0.0, 2640.578
7040.35585641861, 0.0, 0.0, 2640.679
7042.355936288834, 0.0, 0.0, 2640.816
7044.356036901474, 0.0, 0.0, 2640.936
7046.356148958206, 0.0, 0.0, 2641.027
7048.356253385544, 0.0, 0.0, 2641.181
7050.356337308884, 0.0, 0.0, 2641.362
7052.356422185898, 0.0, 0.0, 2641.518
7054.3565220832825, 0.0, 0.0, 2641.541
7056.356628417969, 0.0, 0.0, 2641.602
7058.356726884842, 0.0, 0.0, 2641.699
7060.356821060181, 0.0, 0.0, 2641.933
7062.356919527054, 0.0, 0.0, 2642.04
7064.357007265091, 0.0, 0.0, 2642.078
7066.357100725174, 0.0, 0.0, 2642.28
7068.35719370842, 0.0, 0.0, 2642.47
7070.357279539108, 0.0, 0.0, 2642.657
7072.357372760773, 0.0, 0.0, 2642.735
7074.3574805259705, 0.0, 0.0, 2642.898
7076.3575830459595, 0.0, 0.0, 2643.086
7078.357662200928, 0.0, 0.0, 2643.289
7080.357799291611, 0.0, 0.0, 2643.475
7082.357882499695, 0.0, 0.0, 2643.634
7084.357986688614, 0.0, 0.0, 2643.695
7086.358085155487, 0.0, 0.0, 2643.797
7088.3581693172455, 0.0, 0.0, 2643.852
7090.358269453049, 0.0, 0.0, 2644.045
7092.358382940292, 0.0, 0.0, 2644.221
7094.358466863632, 0.0, 0.0, 2644.381
7096.358552932739, 0.0, 0.0, 2644.503
7098.358645439148, 0.0, 0.0, 2644.613
7100.358738660812, 0.0, 0.0, 2644.657
7102.358834266663, 0.0, 0.0, 2644.849
7104.358966827393, 0.0, 0.0, 2644.974
7106.359082460403, 0.0, 0.0, 2644.985
7108.359185218811, 0.0, 0.0, 2645.073
7110.359275817871, 0.0, 0.0, 2645.238
7112.359359025955, 0.0, 0.0, 2645.352
7114.3594472408295, 0.0, 0.0, 2645.57
7116.359549999237, 0.0, 0.0, 2645.661
7118.359666109085, 0.0, 0.0, 2645.737
7120.359776973724, 0.0, 0.0, 2645.721
7122.359878063202, 0.0, 0.0, 2645.656
7124.35996055603, 0.0, 0.0, 2645.725
7126.360111713409, 0.0, 0.0, 2645.86
7128.360203266144, 0.0, 0.0, 2646.122
7130.360345363617, 0.0, 0.0, 2646.266
7132.360425949097, 0.0, 0.0, 2646.418
7134.360529661179, 0.0, 0.0, 2646.422
7136.360628128052, 0.0, 0.0, 2646.478
7138.360733747482, 0.0, 0.0, 2646.619
7140.360827207565, 0.0, 0.0, 2646.744
7142.36091542244, 0.0, 0.0, 2646.874
7144.361016750336, 0.0, 0.0, 2647.137
7146.361122369766, 0.0, 0.0, 2647.348
7148.361255407333, 0.0, 0.0, 2647.52
7150.361385822296, 0.0, 0.0, 2647.69
7152.361488103867, 0.0, 0.0, 2647.857
7154.361572027206, 0.0, 0.0, 2647.997
7156.361675977707, 0.0, 0.0, 2648.205
7158.361767530441, 0.0, 0.0, 2648.38
7160.361869812012, 0.0, 0.0, 2648.542
7162.361971139908, 0.0, 0.0, 2648.725
7164.362062931061, 0.0, 0.0, 2648.808
7166.36216711998, 0.0, 0.0, 2648.948
7168.362246990204, 0.0, 0.0, 2649.081
7170.362343072891, 0.0, 0.0, 2649.222
7172.362444400787, 0.0, 0.0, 2649.409
7174.362533092499, 0.0, 0.0, 2649.495
7176.362626314163, 0.0, 0.0, 2649.619
7178.362732887268, 0.0, 0.0, 2649.691
7180.362868309021, 0.0, 0.0, 2649.743
7182.363004207611, 0.0, 0.0, 2649.784
7184.363106250763, 0.0, 0.0, 2649.937
7186.363185405731, 0.0, 0.0, 2650.048
7188.36326789856, 0.0, 0.0, 2650.189
7190.3634121418, 0.0, 0.0, 2650.382
7192.363495349884, 0.0, 0.0, 2650.566
7194.3635976314545, 0.0, 0.0, 2650.627
7196.363682985306, 0.0, 0.0, 2650.651
7198.363777637482, 0.0, 0.0, 2650.759
7200.363864660263, 0.0, 0.0, 2650.834
7202.363950252533, 0.0, 0.0, 2650.988
7204.36403298378, 0.0, 0.0, 2651.048
7206.364116668701, 0.0, 0.0, 2651.113
7208.364250421524, 0.0, 0.0, 2651.124
7210.364395618439, 0.0, 0.0, 2651.177
7212.364488363266, 0.0, 0.0, 2651.196
7214.364570379257, 0.0, 0.0, 2651.372
7216.364707946777, 0.0, 0.0, 2651.414
7218.364799022675, 0.0, 0.0, 2651.552
7220.364901542664, 0.0, 0.0, 2651.636
7222.364982128143, 0.0, 0.0, 2651.874
7224.365075588226, 0.0, 0.0, 2652.013
7226.365165948868, 0.0, 0.0, 2652.145
7228.365267753601, 0.0, 0.0, 2652.367
7230.365368127823, 0.0, 0.0, 2652.4
7232.3654692173, 0.0, 0.0, 2652.562
7234.365570783615, 0.0, 0.0, 2652.605
7236.365683078766, 0.0, 0.0, 2652.696
7238.365767478943, 0.0, 0.0, 2652.793
7240.365854263306, 0.0, 0.0, 2652.89
7242.365941524506, 0.0, 0.0, 2653.025
7244.366041898727, 0.0, 0.0, 2653.2
7246.366145610809, 0.0, 0.0, 2653.291
7248.366235971451, 0.0, 0.0, 2653.257
7250.366322040558, 0.0, 0.0, 2653.381
7252.366413354874, 0.0, 0.0, 2653.565
7254.3664972782135, 0.0, 0.0, 2653.817
7256.3665816783905, 0.0, 0.0, 2653.975
7258.366662740707, 0.0, 0.0, 2654.09
7260.366747617722, 0.0, 0.0, 2654.157
7262.366836309433, 0.0, 0.0, 2654.272
7264.366922616959, 0.0, 0.0, 2654.375
