time, current, power, resistance
0.0028793811798095703, 0.0, 0.0, 2627.627
2.0029613971710205, 0.0, 0.0, 2627.491
4.003063201904297, 0.0, 0.0, 2627.412
6.003164052963257, 0.0, 0.0, 2627.344
8.00326657295227, 0.0, 0.0, 2627.266
10.003369092941284, 0.0, 0.0, 2627.124
12.0034658908844, 0.0, 0.0, 2626.951
14.003559827804565, 0.0, 0.0, 2626.801
16.00366187095642, 0.0, 0.0, 2626.649
18.003751277923584, 0.0, 0.0, 2626.66
20.003848791122437, 0.0, 0.0, 2626.702
22.00393533706665, 0.0, 0.0, 2626.59
24.00402069091797, 0.0, 0.0, 2626.424
26.004119634628296, 0.0, 0.0, 2626.41
28.004202127456665, 0.0, 0.0, 2626.347
30.004284143447876, 0.0, 0.0, 2626.123
32.00436782836914, 0.0, 0.0, 2626.086
34.00444984436035, 0.0, 0.0, 2626.007
36.00453042984009, 0.0, 0.0, 2625.85
38.00461387634277, 0.0, 0.0, 2625.696
40.00470232963562, 0.0, 0.0, 2625.478
42.00478434562683, 0.0, 0.0, 2625.437
44.004865646362305, 0.0, 0.0, 2625.37
46.00494909286499, 0.0, 0.0, 2625.414
48.00503897666931, 0.0, 0.0, 2625.438
50.00512909889221, 0.0, 0.0, 2625.543
52.005211353302, 0.0, 0.0, 2625.482
54.005300998687744, 0.0, 0.0, 2625.281
56.00539755821228, 0.0, 0.0, 2625.168
58.00549244880676, 0.0, 0.0, 2625.055
60.0055878162384, 0.0, 0.0, 2625.007
62.007190227508545, 0.0, 0.0, 2595.425
64.00727701187134, 1.7014, 4.0828, 2377.613
66.0073664188385, 1.7014, 4.1277, 2220.035
68.00745248794556, 1.7014, 4.1746, 2094.459
70.00753951072693, 1.7014, 4.2009, 1978.302
72.00763392448425, 1.7014, 4.2275, 1908.564
74.00771355628967, 1.7014, 4.2499, 1836.7
76.00779318809509, 1.7014, 4.2696, 1774.571
78.0078752040863, 1.7014, 4.2867, 1719.858
80.00797891616821, 1.7014, 4.3022, 1671.294
82.00808310508728, 1.7014, 4.3162, 1628.924
84.00817465782166, 1.7014, 4.3288, 1589.72
86.0082585811615, 1.7014, 4.3405, 1554.483
88.00835371017456, 1.7014, 4.3497, 1521.601
90.0084376335144, 1.7014, 4.3619, 1490.919
92.00853991508484, 1.7014, 4.37, 1462.662
94.00863742828369, 1.7014, 4.3792, 1436.384
96.0087251663208, 1.7014, 4.388, 1411.475
98.00880980491638, 1.7014, 4.3964, 1388.196
100.00889015197754, 1.7014, 4.4043, 1365.946
102.0089795589447, 1.7014, 4.4118, 1345.064
104.0090582370758, 1.7014, 4.4192, 1324.909
106.00914716720581, 1.7014, 4.4263, 1305.781
108.00923657417297, 1.7014, 4.4331, 1288.215
110.00932049751282, 1.7014, 4.4396, 1270.875
112.00940299034119, 1.7014, 4.4451, 1254.322
114.00948095321655, 1.7014, 4.4523, 1237.82
116.00955986976624, 1.7014, 4.4582, 1222.558
118.0096390247345, 1.7014, 4.4631, 1207.838
120.00971341133118, 1.7014, 4.4689, 1193.268
122.00979351997375, 1.7014, 4.4743, 1180.121
124.00986647605896, 1.7014, 4.4797, 1166.743
126.00994658470154, 1.7014, 4.485, 1153.676
128.0100257396698, 1.7014, 4.4903, 1141.28
130.01010370254517, 1.7014, 4.4952, 1129.834
132.01020288467407, 1.7014, 4.5002, 1117.659
134.01027750968933, 1.7014, 4.5051, 1106.377
136.01035833358765, 1.7014, 4.5091, 1094.997
138.01044368743896, 1.7014, 4.5148, 1084.428
140.01052832603455, 1.7013, 4.5185, 1073.45
142.01063132286072, 1.7014, 4.5231, 1063.187
144.01073503494263, 1.7013, 4.5277, 1052.956
146.01081919670105, 1.7014, 4.5323, 1043.128
148.01089668273926, 1.7013, 4.5366, 1033.601
150.01097583770752, 1.7014, 4.5409, 1024.471
152.0110833644867, 1.7013, 4.545, 1015.793
154.01117634773254, 1.7014, 4.5494, 1006.482
156.0113170146942, 1.7014, 4.5535, 997.9293
158.011399269104, 1.7014, 4.5576, 989.692
160.0114870071411, 1.7014, 4.5609, 980.8783
162.0115933418274, 1.7013, 4.5655, 972.9403
164.01170110702515, 1.7014, 4.569, 965.1454
166.01179957389832, 1.7014, 4.5736, 956.9956
168.01189994812012, 1.7014, 4.5768, 949.2444
170.01199889183044, 1.7014, 4.5805, 941.7881
172.01208925247192, 1.7014, 4.5842, 934.8475
174.0121865272522, 1.7014, 4.588, 927.8867
176.01227164268494, 1.7014, 4.5915, 921.1605
178.01235628128052, 1.7014, 4.595, 914.1877
180.01245760917664, 1.7014, 4.5985, 907.3563
182.0125412940979, 1.7013, 4.6022, 900.4688
184.0126428604126, 1.7013, 4.6056, 894.5452
186.01273322105408, 1.7013, 4.6083, 888.4287
188.0128185749054, 1.7014, 4.6117, 882.1747
190.01291942596436, 1.7013, 4.6151, 876.2931
192.0130181312561, 1.7013, 4.6183, 870.36
194.01311683654785, 1.7013, 4.6217, 864.6223
196.0132176876068, 1.7013, 4.6249, 859.228
198.01331782341003, 1.7013, 4.628, 853.3204
200.01345324516296, 1.7013, 4.6312, 847.2712
202.01355504989624, 1.7013, 4.6345, 841.3517
204.0136559009552, 1.7013, 4.6375, 836.2548
206.01373720169067, 1.7013, 4.6401, 831.5139
208.0138394832611, 1.7013, 4.6434, 826.8083
210.01392078399658, 1.7013, 4.6458, 821.5873
212.01401448249817, 1.7013, 4.649, 816.5714
214.01410794258118, 1.7013, 4.6518, 811.6439
216.01420092582703, 1.7013, 4.6547, 807.0201
218.01433873176575, 1.7013, 4.6576, 802.321
220.01442432403564, 1.7013, 4.6603, 798.0935
222.01453185081482, 1.7013, 4.663, 793.8087
224.0146176815033, 1.7013, 4.6656, 789.4648
226.0147008895874, 1.7013, 4.6683, 785.2475
228.01478791236877, 1.7013, 4.671, 780.708
230.0148856639862, 1.7013, 4.6737, 776.4126
232.01499152183533, 1.7013, 4.6759, 772.3724
234.01508259773254, 1.7013, 4.6791, 768.1315
236.01517701148987, 1.7013, 4.6813, 764.2579
238.01526284217834, 1.7013, 4.6837, 760.3823
240.01534724235535, 1.7013, 4.6863, 756.6782
242.0154263973236, 1.7013, 4.6888, 752.9648
244.01552534103394, 1.7013, 4.6912, 749.4659
246.01561164855957, 1.7013, 4.6937, 745.7864
248.01569247245789, 1.7013, 4.696, 742.3803
250.0158269405365, 1.7013, 4.6982, 739.0445
252.01592874526978, 1.7013, 4.7005, 735.4283
254.01601219177246, 1.7013, 4.7029, 732.0076
256.01611065864563, 1.7013, 4.7046, 728.3749
258.01620078086853, 1.7013, 4.7073, 725.2022
260.016286611557, 1.7013, 4.7092, 721.9651
262.0163893699646, 1.7013, 4.7116, 718.5546
264.01652431488037, 1.7013, 4.7137, 715.4056
266.01662588119507, 1.7013, 4.7159, 712.4792
268.0167088508606, 1.7013, 4.7181, 709.2843
270.0168104171753, 1.7013, 4.7202, 706.6732
272.01691246032715, 1.7013, 4.7222, 703.9612
274.017023563385, 1.7013, 4.7241, 701.256
276.01711797714233, 1.7013, 4.7261, 698.5539
278.0172176361084, 1.7013, 4.728, 695.6533
280.01731967926025, 1.7013, 4.7302, 693.194
282.01740288734436, 1.7013, 4.732, 690.601
284.0174901485443, 1.7013, 4.7336, 687.5595
286.0175898075104, 1.7013, 4.7359, 684.7018
288.01768803596497, 1.7013, 4.7376, 682.0052
290.01779675483704, 1.7013, 4.7396, 679.3288
292.01789808273315, 1.7013, 4.7414, 677.3102
294.0179991722107, 1.7013, 4.7432, 674.6172
296.0181038379669, 1.7013, 4.7451, 672.1357
298.01820397377014, 1.7013, 4.7468, 669.9658
300.01830673217773, 1.7013, 4.7485, 667.7501
302.01839232444763, 1.7013, 4.7503, 665.6083
304.0184979438782, 1.7013, 4.7516, 663.3122
306.01859998703003, 1.7012, 4.7536, 661.2643
308.01870012283325, 1.7013, 4.755, 659.0158
310.01880073547363, 1.7013, 4.7568, 656.7276
312.0188934803009, 1.7012, 4.7583, 654.5343
314.01897621154785, 1.7013, 4.7599, 652.7285
316.0190644264221, 1.7013, 4.7614, 650.7071
318.0191488265991, 1.7012, 4.7631, 648.9632
320.0192804336548, 1.7012, 4.7646, 646.9201
322.01941204071045, 1.7012, 4.7663, 644.4713
324.0195429325104, 1.7012, 4.7678, 642.3633
326.0196216106415, 1.7012, 4.7693, 640.2343
328.0197377204895, 1.7012, 4.771, 638.3248
330.0198311805725, 1.7012, 4.7723, 636.617
332.01996326446533, 1.7012, 4.7737, 634.9582
334.02006912231445, 1.7012, 4.7754, 632.9336
336.0201687812805, 1.7012, 4.7766, 631.2975
338.0202691555023, 1.7013, 4.7778, 629.6734
340.0203697681427, 1.7012, 4.7793, 627.8597
342.020468711853, 1.7012, 4.7809, 626.1321
344.02055382728577, 1.7012, 4.7821, 624.4902
346.02065229415894, 1.7012, 4.7837, 622.9177
348.02074122428894, 1.7012, 4.785, 621.1918
350.0208284854889, 1.7012, 4.7862, 619.5789
352.02091097831726, 1.7012, 4.7873, 618.2169
354.02101016044617, 1.7012, 4.7885, 616.5072
356.0211431980133, 1.7012, 4.7901, 614.7297
358.0212299823761, 1.7012, 4.7915, 612.936
360.021311044693, 1.7012, 4.7925, 611.2335
362.0213894844055, 1.7012, 4.7939, 609.7637
364.0214886665344, 1.7012, 4.7951, 608.1122
366.0215880870819, 1.7012, 4.7964, 606.58
368.0216763019562, 1.7012, 4.7978, 605.0949
370.0217776298523, 1.7012, 4.7989, 603.4732
372.0218596458435, 1.7012, 4.8003, 601.9541
374.02195858955383, 1.7012, 4.8015, 600.8273
376.0220582485199, 1.7012, 4.8027, 599.5974
378.02216053009033, 1.7012, 4.8039, 598.3829
380.0222599506378, 1.7012, 4.8047, 596.7831
382.022362947464, 1.7012, 4.806, 595.5137
384.0224521160126, 1.7012, 4.807, 594.5824
386.0225393772125, 1.7012, 4.808, 593.5012
388.02267813682556, 1.7012, 4.8089, 592.1021
390.02276945114136, 1.7012, 4.8101, 590.9368
392.0228624343872, 1.7012, 4.8112, 589.9195
394.0229969024658, 1.7012, 4.8123, 588.4525
396.0230987071991, 1.7012, 4.8135, 586.7903
398.02319860458374, 1.7012, 4.8146, 585.5671
400.023300409317, 1.7012, 4.8157, 584.0872
402.0234019756317, 1.7012, 4.8167, 582.956
404.0235028266907, 1.7012, 4.8181, 581.8485
406.0236051082611, 1.7012, 4.8188, 580.4367
408.02368903160095, 1.7012, 4.8201, 579.1652
410.0237925052643, 1.7012, 4.8214, 577.8641
412.0238754749298, 1.7012, 4.8224, 576.7844
414.02395939826965, 1.7012, 4.8233, 575.6724
416.02404022216797, 1.7012, 4.8243, 574.4329
418.0241415500641, 1.7012, 4.8253, 573.3219
420.024227142334, 1.7011, 4.8263, 572.1118
422.0243601799011, 1.7011, 4.8272, 571.3182
424.02445340156555, 1.7012, 4.8281, 570.057
426.02455472946167, 1.7011, 4.8292, 569.5179
428.02465629577637, 1.7012, 4.8299, 569.0559
430.02476239204407, 1.7011, 4.8303, 567.9068
432.0248634815216, 1.7011, 4.8313, 566.8924
434.0249614715576, 1.7011, 4.8321, 565.6877
436.02504420280457, 1.7011, 4.8331, 564.7831
438.0251441001892, 1.7011, 4.8339, 564.1049
440.02524423599243, 1.7012, 4.8346, 563.434
442.02534461021423, 1.7011, 4.8357, 562.234
444.02544474601746, 1.7011, 4.8365, 561.0699
446.0255444049835, 1.7011, 4.8375, 560.1647
448.0256509780884, 1.7011, 4.8383, 559.5606
450.0257611274719, 1.7011, 4.8391, 558.7114
452.0258984565735, 1.7011, 4.8398, 557.6666
454.0260021686554, 1.7011, 4.8406, 556.7168
456.02610540390015, 1.7011, 4.8415, 555.4346
458.0262086391449, 1.7011, 4.8426, 554.7051
460.0263104438782, 1.7011, 4.8432, 554.2747
462.0264127254486, 1.7011, 4.8438, 553.6707
464.02651596069336, 1.7011, 4.8445, 552.9076
466.02663683891296, 1.7011, 4.8453, 551.9107
468.02673625946045, 1.7011, 4.8461, 551.1282
470.0268406867981, 1.7011, 4.847, 550.3343
472.026974439621, 1.7011, 4.8476, 549.4951
474.02706694602966, 1.7011, 4.8484, 548.8793
476.02715039253235, 1.7011, 4.8491, 548.2874
478.02725410461426, 1.7011, 4.8495, 547.7426
480.0273549556732, 1.7011, 4.8501, 547.117
482.02743911743164, 1.7011, 4.8507, 546.5639
484.02753829956055, 1.7011, 4.8513, 545.9513
486.0276229381561, 1.7011, 4.8519, 545.3578
488.0277099609375, 1.7011, 4.8526, 544.6614
490.0278089046478, 1.7011, 4.8532, 543.8271
492.0279095172882, 1.7011, 4.8539, 542.9413
494.0279908180237, 1.7011, 4.8547, 542.0324
496.0280954837799, 1.7011, 4.8555, 541.1171
498.0281960964203, 1.7011, 4.8563, 540.0513
500.02829027175903, 1.7011, 4.8572, 539.2563
502.02837347984314, 1.7011, 4.8579, 538.5999
504.0284833908081, 1.7011, 4.8585, 538.0648
506.0285761356354, 1.7011, 4.8592, 537.2469
508.02866673469543, 1.7011, 4.8597, 536.5252
510.02880239486694, 1.7011, 4.8606, 535.7796
512.0289056301117, 1.7011, 4.8612, 535.1935
514.0290398597717, 1.7011, 4.8619, 534.4893
516.0291719436646, 1.7011, 4.8626, 533.9589
518.0292809009552, 1.7011, 4.863, 533.2163
520.0293791294098, 1.7011, 4.8636, 532.3675
522.0294876098633, 1.7011, 4.8642, 531.7884
524.0296218395233, 1.7011, 4.8648, 531.4438
526.029736995697, 1.7011, 4.8652, 531.2014
528.0298783779144, 1.7011, 4.8658, 530.6274
530.029990196228, 1.7011, 4.8663, 530.1003
532.0300898551941, 1.7011, 4.8669, 529.7775
534.0301814079285, 1.7011, 4.8674, 529.1272
536.0302741527557, 1.7011, 4.8682, 528.2888
538.0303637981415, 1.7011, 4.8688, 527.4527
540.0305006504059, 1.701, 4.8694, 526.6836
542.0305914878845, 1.7011, 4.87, 526.3365
544.0306828022003, 1.701, 4.8704, 526.01
546.030787229538, 1.7011, 4.8709, 525.4805
548.0308744907379, 1.7011, 4.8715, 524.8603
550.0309653282166, 1.7011, 4.872, 524.0905
552.0311186313629, 1.7011, 4.8726, 523.7186
554.0312490463257, 1.7011, 4.8732, 523.223
556.03133893013, 1.7011, 4.8736, 522.7909
558.0314314365387, 1.7011, 4.8743, 522.0821
560.0315113067627, 1.7011, 4.8749, 521.2803
562.0316007137299, 1.7011, 4.8755, 520.8478
564.0317306518555, 1.7011, 4.8762, 520.1922
566.0318195819855, 1.7011, 4.8767, 519.584
568.0319321155548, 1.701, 4.8772, 519.0677
570.0320425033569, 1.7011, 4.878, 518.5312
572.0321445465088, 1.7011, 4.8784, 517.7597
574.0322325229645, 1.7011, 4.8791, 516.6072
576.0323343276978, 1.7011, 4.8798, 516.0089
578.0324187278748, 1.7011, 4.8804, 515.578
580.0325191020966, 1.7011, 4.8809, 515.3367
582.0326526165009, 1.7011, 4.8815, 514.8077
584.0327565670013, 1.701, 4.882, 514.3222
586.03289103508, 1.7011, 4.8824, 513.8824
588.032995223999, 1.701, 4.8831, 513.339
590.0330903530121, 1.7011, 4.8837, 512.661
592.033185005188, 1.701, 4.8842, 511.9772
594.0333180427551, 1.7011, 4.8851, 511.2331
596.0334093570709, 1.701, 4.8854, 510.7606
598.0335116386414, 1.701, 4.8859, 510.4291
600.0336117744446, 1.701, 4.8864, 510.0063
602.0336971282959, 1.7011, 4.887, 509.6025
604.033798456192, 1.701, 4.8873, 509.0583
606.0339050292969, 1.7011, 4.8878, 508.6219
608.0339877605438, 1.7011, 4.8884, 508.3372
610.0340905189514, 1.701, 4.8885, 508.1301
612.0341930389404, 1.7011, 4.889, 507.65
614.0342826843262, 1.701, 4.8894, 507.1369
616.0344159603119, 1.701, 4.8899, 506.7471
618.0345058441162, 1.701, 4.8901, 506.5158
620.0345969200134, 1.7011, 4.8906, 505.9202
622.0346829891205, 1.701, 4.891, 505.6356
624.0347633361816, 1.7011, 4.8914, 505.3358
626.0348951816559, 1.701, 4.8918, 504.8861
628.034996509552, 1.701, 4.8924, 504.4758
630.0350978374481, 1.701, 4.8929, 503.7895
632.0351860523224, 1.701, 4.8932, 503.5711
634.0352776050568, 1.701, 4.8936, 503.33
636.0354120731354, 1.701, 4.8939, 502.8616
638.0354993343353, 1.701, 4.8942, 502.5169
640.0356023311615, 1.701, 4.8947, 502.2784
642.0357358455658, 1.701, 4.8951, 502.0842
644.0358138084412, 1.701, 4.8952, 501.8394
646.0358943939209, 1.701, 4.8956, 501.4625
648.0360059738159, 1.701, 4.8961, 500.9437
650.0361089706421, 1.701, 4.8965, 500.4299
652.0362236499786, 1.701, 4.8971, 499.7777
654.0363068580627, 1.701, 4.8977, 499.3472
656.0364229679108, 1.701, 4.8982, 498.6635
658.0365273952484, 1.701, 4.8986, 497.9732
660.0366237163544, 1.701, 4.8992, 497.713
662.0367233753204, 1.701, 4.8995, 497.3729
664.0368130207062, 1.701, 4.9001, 497.0676
666.0369181632996, 1.701, 4.9003, 496.7321
668.0370206832886, 1.701, 4.9008, 496.4231
670.0371074676514, 1.701, 4.9013, 496.1471
672.0372076034546, 1.701, 4.9017, 496.0887
674.0373034477234, 1.701, 4.902, 495.6621
676.0373845100403, 1.701, 4.9023, 495.4407
678.0374879837036, 1.701, 4.9027, 494.932
680.0375890731812, 1.701, 4.9029, 494.7061
682.0376801490784, 1.701, 4.9033, 494.3672
684.0377745628357, 1.701, 4.9035, 494.2464
686.0378630161285, 1.701, 4.9039, 493.8478
688.0379638671875, 1.701, 4.9042, 493.5917
690.0380744934082, 1.701, 4.9045, 493.3067
692.0381731987, 1.701, 4.9047, 493.0375
694.0382785797119, 1.701, 4.9051, 492.7505
696.0383760929108, 1.701, 4.9053, 492.548
698.0384757518768, 1.701, 4.9056, 491.9932
700.0385625362396, 1.701, 4.9061, 491.9062
702.0386624336243, 1.701, 4.9063, 491.9071
704.0387666225433, 1.701, 4.9066, 491.7286
706.0388977527618, 1.701, 4.9069, 491.4485
708.0390000343323, 1.701, 4.9072, 490.887
710.0391001701355, 1.701, 4.9077, 490.239
712.0392005443573, 1.701, 4.908, 489.9713
714.0392942428589, 1.701, 4.9084, 489.5013
716.0393829345703, 1.701, 4.9087, 489.5479
718.0394818782806, 1.701, 4.9089, 489.2817
720.0395667552948, 1.701, 4.9092, 488.7692
722.039648771286, 1.701, 4.9096, 488.3305
724.0397555828094, 1.701, 4.9099, 488.0286
726.0398383140564, 1.701, 4.9104, 487.8816
728.0399215221405, 1.701, 4.9107, 487.6925
730.0400259494781, 1.701, 4.911, 487.3508
732.0401611328125, 1.701, 4.9113, 486.8155
734.0402688980103, 1.701, 4.9118, 486.5883
736.0403816699982, 1.701, 4.9123, 486.0482
738.0405294895172, 1.7011, 4.9127, 485.9828
740.0406310558319, 1.701, 4.9126, 485.9357
742.0407183170319, 1.701, 4.9129, 485.3987
744.0408048629761, 1.701, 4.9133, 485.0511
746.040887594223, 1.701, 4.9135, 485.1169
748.0409853458405, 1.701, 4.9135, 485.0401
750.0410883426666, 1.701, 4.9138, 484.7952
752.0412228107452, 1.701, 4.9141, 484.2741
754.04132604599, 1.701, 4.9146, 483.8852
756.0414695739746, 1.701, 4.9149, 483.6697
758.0415532588959, 1.701, 4.9151, 483.5989
760.0416417121887, 1.701, 4.9154, 483.1744
762.0417492389679, 1.701, 4.9158, 482.5606
764.0418503284454, 1.701, 4.9161, 482.5445
766.0419902801514, 1.701, 4.9163, 482.5537
768.0421113967896, 1.701, 4.9166, 482.2831
770.042209148407, 1.701, 4.9169, 481.8086
772.04230427742, 1.701, 4.9172, 481.5865
774.042409658432, 1.701, 4.9176, 481.2127
776.0425186157227, 1.701, 4.9179, 480.6523
778.0426089763641, 1.701, 4.9185, 480.2052
780.0427551269531, 1.701, 4.9189, 480.1189
782.0428385734558, 1.701, 4.9192, 479.7766
784.0429391860962, 1.701, 4.9194, 479.6082
786.0430400371552, 1.701, 4.9195, 479.6506
788.0431714057922, 1.701, 4.9197, 479.5757
790.0432674884796, 1.701, 4.92, 479.4655
792.0433702468872, 1.701, 4.9201, 479.3284
794.043470621109, 1.701, 4.9205, 478.926
796.0435588359833, 1.701, 4.9207, 478.6364
798.0436506271362, 1.701, 4.9209, 478.5632
800.0437591075897, 1.701, 4.9211, 478.2388
802.043892621994, 1.701, 4.9214, 478.139
804.0440394878387, 1.701, 4.9217, 477.7675
806.0441415309906, 1.701, 4.9219, 477.5852
808.0442447662354, 1.701, 4.9221, 477.2626
810.0443248748779, 1.701, 4.9225, 476.9806
812.0444283485413, 1.701, 4.9228, 476.4545
814.0445091724396, 1.701, 4.9232, 476.2918
816.0445966720581, 1.701, 4.9232, 476.172
818.0446782112122, 1.701, 4.9235, 476.1584
820.0447819232941, 1.7011, 4.9239, 475.7256
822.0449154376984, 1.701, 4.924, 475.2733
824.0449998378754, 1.701, 4.9246, 475.0832
826.0450809001923, 1.701, 4.9247, 474.997
828.0452172756195, 1.701, 4.9249, 474.8744
830.0453178882599, 1.701, 4.9251, 474.7415
832.0454235076904, 1.701, 4.9255, 474.2695
834.0455143451691, 1.701, 4.9258, 473.8904
836.0456116199493, 1.701, 4.9261, 473.7885
838.0457634925842, 1.701, 4.9264, 473.6527
840.0458991527557, 1.701, 4.9265, 473.6468
842.0459864139557, 1.701, 4.9268, 473.5418
844.0461196899414, 1.701, 4.9268, 473.3481
846.0462217330933, 1.701, 4.927, 473.1594
848.0463290214539, 1.701, 4.9273, 472.8179
850.0464644432068, 1.701, 4.9275, 472.5156
852.0465610027313, 1.701, 4.9278, 472.4138
854.0466668605804, 1.701, 4.9279, 472.13
856.0467875003815, 1.701, 4.9284, 471.9942
858.0468883514404, 1.701, 4.9286, 471.5188
860.0469915866852, 1.701, 4.9289, 471.4113
862.0470950603485, 1.701, 4.9291, 471.4501
864.0472183227539, 1.701, 4.9292, 471.3478
866.0473074913025, 1.701, 4.9295, 470.8334
868.0474057197571, 1.701, 4.9299, 470.5559
870.0475413799286, 1.701, 4.9301, 470.1024
872.0476417541504, 1.701, 4.9305, 469.7842
874.0477402210236, 1.701, 4.9306, 469.8731
876.0478436946869, 1.701, 4.9307, 469.7972
878.0479435920715, 1.701, 4.9309, 469.5508
880.0480813980103, 1.701, 4.9312, 469.367
882.0482187271118, 1.701, 4.9316, 468.9907
884.0483133792877, 1.701, 4.932, 468.5973
886.0484135150909, 1.701, 4.9324, 468.2768
888.0485239028931, 1.701, 4.9324, 468.1858
890.0486118793488, 1.701, 4.9326, 468.2453
892.0487167835236, 1.701, 4.9328, 467.8233
894.0488224029541, 1.701, 4.9329, 467.6645
896.048921585083, 1.701, 4.9332, 467.0926
898.0490283966064, 1.701, 4.9334, 467.3113
900.0491263866425, 1.701, 4.9335, 467.2562
902.0492289066315, 1.701, 4.9337, 467.315
904.0493092536926, 1.701, 4.9338, 467.2785
906.0493884086609, 1.701, 4.9339, 467.1576
908.0494797229767, 1.701, 4.9343, 466.7597
910.0495908260345, 1.701, 4.9345, 466.5694
912.0497069358826, 1.701, 4.9347, 466.3951
914.0498077869415, 1.701, 4.9349, 466.2721
916.0498969554901, 1.701, 4.935, 466.1022
918.0499851703644, 1.701, 4.9352, 465.7017
920.0500793457031, 1.701, 4.9357, 465.4068
922.0501806735992, 1.701, 4.9359, 465.2047
924.0503160953522, 1.701, 4.9362, 464.8873
926.0504508018494, 1.701, 4.9363, 465.0647
928.0505862236023, 1.7008, 4.9363, 465.1192
930.0506720542908, 1.701, 4.9366, 464.7272
932.0507659912109, 1.701, 4.937, 464.4917
934.050847530365, 1.701, 4.9372, 464.3002
936.0509843826294, 1.701, 4.9375, 464.1089
938.0510799884796, 1.701, 4.9377, 463.7187
940.0511827468872, 1.701, 4.9378, 463.7286
942.051278591156, 1.701, 4.9378, 463.724
944.051383972168, 1.701, 4.9382, 463.651
946.0515174865723, 1.701, 4.9382, 463.4969
948.0516228675842, 1.701, 4.9384, 463.4088
950.0517740249634, 1.701, 4.9385, 463.5584
952.0519125461578, 1.701, 4.9385, 463.5376
954.0519971847534, 1.701, 4.9387, 463.2378
956.052107334137, 1.701, 4.939, 462.6318
958.0521945953369, 1.701, 4.9392, 462.5565
960.0522854328156, 1.701, 4.9396, 462.0871
962.0523726940155, 1.701, 4.9399, 461.5725
964.0524725914001, 1.701, 4.9402, 461.7246
966.0525548458099, 1.701, 4.9402, 461.6633
968.0526406764984, 1.701, 4.9404, 461.415
970.0527310371399, 1.701, 4.9406, 461.376
972.0528161525726, 1.701, 4.9408, 460.7171
974.052898645401, 1.7008, 4.9413, 460.4313
976.0530333518982, 1.7008, 4.9416, 460.3741
978.053129196167, 1.7008, 4.9416, 460.2355
980.0532138347626, 1.7008, 4.9421, 460.0939
982.0532937049866, 1.701, 4.9423, 459.7888
984.0533788204193, 1.701, 4.9427, 459.4576
986.0534784793854, 1.701, 4.943, 459.3169
988.0535593032837, 1.701, 4.9432, 459.0913
990.0536649227142, 1.701, 4.9434, 458.9397
992.0538022518158, 1.701, 4.9436, 458.6907
994.0539026260376, 1.701, 4.9436, 458.7115
996.0540034770966, 1.701, 4.9441, 458.294
998.0540928840637, 1.701, 4.9441, 458.2764
1000.0541763305664, 1.701, 4.9443, 458.1798
1002.0542733669281, 1.701, 4.9445, 458.3234
1004.0543546676636, 1.701, 4.9445, 458.3348
1006.0544440746307, 1.701, 4.9446, 458.3473
1008.0545353889465, 1.7008, 4.9445, 458.2545
1010.0546381473541, 1.701, 4.9448, 457.9426
1012.0547242164612, 1.701, 4.9449, 457.7042
1014.0548083782196, 1.701, 4.9452, 457.7776
1016.0549032688141, 1.701, 4.9451, 458.0601
1018.0550384521484, 1.701, 4.9451, 457.8836
1020.0551419258118, 1.7008, 4.945, 457.9629
1022.0552241802216, 1.701, 4.9451, 457.9811
1024.0553178787231, 1.701, 4.9454, 457.389
1026.0554192066193, 1.701, 4.9456, 457.3247
1028.0555188655853, 1.701, 4.9456, 457.347
1030.0556230545044, 1.701, 4.9458, 457.1203
1032.0557208061218, 1.7008, 4.9458, 456.9462
1034.0558032989502, 1.701, 4.9462, 456.8426
1036.0559067726135, 1.7008, 4.9463, 456.6654
1038.055991411209, 1.7008, 4.9465, 456.4475
1040.0560710430145, 1.7008, 4.9468, 456.1318
1042.05615234375, 1.701, 4.9471, 455.8111
1044.0562369823456, 1.7008, 4.9474, 455.6863
1046.0563197135925, 1.701, 4.9478, 455.3144
1048.0564029216766, 1.701, 4.9479, 455.2076
1050.0565054416656, 1.7008, 4.9481, 455.0817
1052.0566074848175, 1.7008, 4.9481, 454.8325
1054.0567524433136, 1.7008, 4.9483, 454.5297
1056.0568418502808, 1.7008, 4.9485, 454.4016
1058.056927204132, 1.7008, 4.9487, 454.4338
1060.0570168495178, 1.701, 4.949, 454.03
1062.0571172237396, 1.7008, 4.9493, 453.9085
1064.0572044849396, 1.701, 4.9495, 453.7164
1066.0572946071625, 1.701, 4.9497, 453.5877
1068.05739569664, 1.701, 4.95, 453.48
1070.057495355606, 1.701, 4.9501, 453.475
1072.0575833320618, 1.7008, 4.95, 453.271
1074.0576646327972, 1.701, 4.9502, 452.9212
1076.0577728748322, 1.701, 4.9505, 452.6794
1078.0578725337982, 1.701, 4.9507, 452.6501
1080.0579686164856, 1.7008, 4.951, 452.6033
1082.0580501556396, 1.7008, 4.951, 452.4892
1084.0581402778625, 1.7008, 4.9511, 452.4787
1086.058233499527, 1.7008, 4.9512, 452.3088
1088.0583684444427, 1.7008, 4.9514, 452.1652
1090.0584692955017, 1.701, 4.9515, 451.9371
1092.0585691928864, 1.7008, 4.9517, 451.9537
1094.0587022304535, 1.7008, 4.9518, 451.8289
1096.0588026046753, 1.7008, 4.9519, 451.8994
1098.0588920116425, 1.701, 4.9522, 451.6171
1100.0590262413025, 1.7008, 4.9524, 451.1234
1102.0591168403625, 1.7008, 4.9527, 451.076
1104.0592217445374, 1.7008, 4.9529, 450.8521
1106.0593235492706, 1.7008, 4.9531, 450.7471
1108.0594248771667, 1.7008, 4.9532, 450.9095
1110.0595302581787, 1.7008, 4.9531, 451.1651
1112.0596175193787, 1.7008, 4.9533, 450.949
1114.0596976280212, 1.7008, 4.9535, 450.3937
1116.0598013401031, 1.7008, 4.9537, 450.4291
1118.0598950386047, 1.701, 4.9538, 450.2148
1120.0600318908691, 1.701, 4.9541, 449.9889
1122.0601196289062, 1.7008, 4.9543, 449.919
1124.060224533081, 1.7008, 4.9545, 449.8806
1126.0603249073029, 1.7008, 4.9548, 449.6586
1128.0604526996613, 1.7008, 4.9548, 449.2768
1130.0605852603912, 1.7008, 4.955, 449.3217
1132.0606696605682, 1.7008, 4.955, 449.5724
1134.0607829093933, 1.7008, 4.9549, 449.4017
1136.0608818531036, 1.7008, 4.9553, 449.0243
1138.0609784126282, 1.701, 4.9553, 449.5016
1140.0610785484314, 1.701, 4.9555, 449.1349
1142.0611591339111, 1.701, 4.9555, 448.9811
1144.0612590312958, 1.7008, 4.9556, 449.1201
1146.0613589286804, 1.701, 4.9555, 449.0973
1148.0614585876465, 1.7008, 4.9556, 449.1087
1150.0615425109863, 1.7008, 4.9556, 449.0992
1152.0616400241852, 1.701, 4.9555, 449.3971
1154.061742067337, 1.701, 4.9558, 449.0755
1156.0618443489075, 1.701, 4.9559, 449.1654
1158.0619268417358, 1.7008, 4.956, 448.9925
1160.062026500702, 1.7008, 4.9561, 448.9471
1162.0621664524078, 1.7008, 4.9561, 448.9495
1164.062299489975, 1.7008, 4.9561, 448.9164
1166.0624332427979, 1.7008, 4.9562, 448.4272
1168.0625250339508, 1.7008, 4.9564, 448.4227
1170.062605381012, 1.7008, 4.9565, 448.5892
1172.0627052783966, 1.7008, 4.9564, 448.793
1174.0627880096436, 1.701, 4.9563, 449.1673
1176.062869310379, 1.701, 4.9563, 449.1402
1178.0630042552948, 1.701, 4.9563, 448.8176
1180.0630900859833, 1.7008, 4.9565, 448.3857
1182.0631725788116, 1.701, 4.9566, 448.1698
1184.0632553100586, 1.701, 4.9568, 448.1077
1186.0633566379547, 1.701, 4.9568, 448.0224
1188.063460111618, 1.7008, 4.957, 448.0661
1190.0635640621185, 1.7008, 4.9571, 447.977
1192.063665151596, 1.701, 4.9572, 447.9148
1194.0637693405151, 1.7008, 4.9574, 447.6184
1196.0638692378998, 1.7008, 4.9575, 447.6001
1198.0639686584473, 1.7008, 4.9577, 447.2162
1200.0640709400177, 1.701, 4.9578, 446.9125
1202.0641689300537, 1.701, 4.9582, 446.7222
1204.0642473697662, 1.701, 4.9584, 446.5132
1206.0643529891968, 1.7008, 4.9586, 446.4806
1208.0644900798798, 1.7008, 4.9585, 446.3652
1210.064593076706, 1.7008, 4.9589, 446.0968
1212.0647294521332, 1.7008, 4.9589, 446.206
1214.0648128986359, 1.7008, 4.9592, 445.3719
1216.0649042129517, 1.701, 4.9596, 445.0908
1218.0650343894958, 1.7008, 4.9598, 445.2486
1220.0651700496674, 1.7008, 4.9598, 445.1845
1222.0652542114258, 1.701, 4.96, 445.3895
1224.0653557777405, 1.7008, 4.9599, 445.3115
1226.0654406547546, 1.701, 4.96, 445.3882
1228.0655255317688, 1.701, 4.9601, 445.3112
1230.0656287670135, 1.701, 4.9603, 445.4003
1232.0657136440277, 1.701, 4.9603, 445.4672
1234.0658133029938, 1.701, 4.9604, 445.5157
1236.065913438797, 1.701, 4.9603, 445.1528
1238.0660183429718, 1.701, 4.9605, 445.0146
1240.0660943984985, 1.701, 4.9606, 444.6254
1242.0661766529083, 1.701, 4.9608, 444.9203
1244.0662784576416, 1.701, 4.9607, 444.6301
1246.0664117336273, 1.701, 4.961, 444.1786
1248.0665519237518, 1.701, 4.9612, 444.2389
1250.0666360855103, 1.701, 4.9613, 444.2683
1252.0667357444763, 1.7008, 4.9614, 444.2728
1254.0668177604675, 1.7008, 4.9616, 444.1284
1256.066895723343, 1.7008, 4.9617, 444.1163
1258.0669808387756, 1.7008, 4.9618, 444.2259
1260.0670824050903, 1.7008, 4.9619, 444.0435
1262.0671854019165, 1.701, 4.9622, 443.7898
1264.067289352417, 1.701, 4.9623, 443.6154
1266.067390203476, 1.701, 4.9624, 443.3976
1268.067477941513, 1.701, 4.9628, 443.4183
1270.0675776004791, 1.701, 4.9628, 443.4678
1272.067676782608, 1.701, 4.9627, 443.6099
1274.067770242691, 1.7008, 4.9626, 443.6732
1276.0678493976593, 1.7008, 4.9625, 443.7749
1278.067944765091, 1.7008, 4.9626, 443.8601
1280.0680594444275, 1.701, 4.9627, 443.8072
1282.068160533905, 1.701, 4.9627, 443.3694
1284.068267583847, 1.7008, 4.9625, 443.4676
1286.068354845047, 1.701, 4.9628, 443.3741
1288.0684580802917, 1.7008, 4.9628, 443.4518
1290.0685594081879, 1.701, 4.9628, 443.4749
1292.0686616897583, 1.701, 4.9629, 443.0358
1294.0687248706818, 1.7008, 4.9631, 442.9714
1296.0688140392303, 1.701, 4.9631, 443.4265
1298.0689237117767, 1.7008, 4.963, 443.4977
1300.069017648697, 1.7008, 4.9629, 443.487
1302.06911444664, 1.7008, 4.9631, 443.4092
1304.0692312717438, 1.7008, 4.9633, 442.988
1306.0693380832672, 1.701, 4.9635, 442.5196
1308.069430589676, 1.7008, 4.9638, 442.3329
1310.0695264339447, 1.7008, 4.9639, 442.0645
1312.0696187019348, 1.7008, 4.9643, 441.9215
1314.0697197914124, 1.701, 4.9646, 441.8268
1316.069811820984, 1.7008, 4.9646, 441.6696
1318.0699470043182, 1.7008, 4.9649, 441.3217
1320.0700511932373, 1.7008, 4.9651, 441.2958
1322.0701377391815, 1.7008, 4.9654, 441.4302
1324.0702350139618, 1.7008, 4.9654, 441.57
1326.0703287124634, 1.7008, 4.9652, 441.9408
1328.070412158966, 1.7008, 4.9651, 442.0578
1330.0704956054688, 1.7008, 4.965, 442.0156
1332.0705885887146, 1.7008, 4.965, 441.8148
1334.0706899166107, 1.7008, 4.9651, 441.6028
1336.0707728862762, 1.7008, 4.9651, 441.5083
1338.0708537101746, 1.7008, 4.9653, 441.7019
1340.0709369182587, 1.7008, 4.9654, 441.3564
1342.0710730552673, 1.7008, 4.9654, 441.6062
1344.0712144374847, 1.7008, 4.9654, 441.4332
1346.0713551044464, 1.7008, 4.9654, 441.1976
1348.0714333057404, 1.7008, 4.9656, 440.9989
1350.0715355873108, 1.7008, 4.9657, 440.87
1352.0716421604156, 1.7008, 4.9659, 440.7932
1354.071736574173, 1.7008, 4.9659, 440.695
1356.0718262195587, 1.7008, 4.9659, 440.9151
1358.0719254016876, 1.7008, 4.966, 440.7056
1360.0720553398132, 1.7008, 4.9663, 440.68
1362.07218003273, 1.7008, 4.9662, 440.7792
1364.0722751617432, 1.7008, 4.9663, 440.5706
1366.0723628997803, 1.7008, 4.9664, 440.595
1368.0724658966064, 1.701, 4.9662, 440.7207
1370.072568655014, 1.701, 4.9665, 440.38
1372.0727229118347, 1.7008, 4.9664, 440.6499
1374.0728106498718, 1.7008, 4.9663, 440.5831
1376.0729098320007, 1.7008, 4.9666, 440.5001
1378.0730464458466, 1.7008, 4.9666, 440.4885
1380.0731484889984, 1.7008, 4.9665, 440.6951
1382.0732476711273, 1.7008, 4.9666, 440.6227
1384.073324918747, 1.7008, 4.9668, 440.6535
1386.0734283924103, 1.7008, 4.9666, 440.6164
1388.0735671520233, 1.7008, 4.9666, 440.8211
1390.073665380478, 1.7008, 4.9666, 440.8467
1392.073758840561, 1.701, 4.9665, 440.6262
1394.0738484859467, 1.7008, 4.9667, 440.4392
1396.0739579200745, 1.7008, 4.9668, 440.4055
1398.0740640163422, 1.701, 4.9668, 440.2509
1400.0741810798645, 1.7008, 4.9669, 440.2655
1402.0742659568787, 1.7008, 4.9669, 440.2513
1404.0743615627289, 1.701, 4.9671, 439.9374
1406.0744647979736, 1.7008, 4.9672, 439.778
1408.0745584964752, 1.7008, 4.9673, 439.8465
1410.0746471881866, 1.701, 4.9674, 439.8063
1412.0747408866882, 1.7008, 4.9675, 439.4216
1414.0748591423035, 1.7008, 4.9678, 439.3442
1416.0749547481537, 1.7008, 4.968, 439.1057
1418.0750644207, 1.7008, 4.9681, 438.9403
1420.0751447677612, 1.7008, 4.9682, 438.8254
1422.075228214264, 1.7008, 4.9684, 438.5318
1424.075325012207, 1.7008, 4.9688, 438.492
1426.0754520893097, 1.7008, 4.9686, 438.8545
1428.0755722522736, 1.7008, 4.9687, 438.8663
1430.0756800174713, 1.7008, 4.9687, 438.6106
1432.0757899284363, 1.7008, 4.9688, 438.4478
1434.0759046077728, 1.7008, 4.9688, 438.6493
1436.0760126113892, 1.7008, 4.9689, 438.5109
1438.0760922431946, 1.7008, 4.969, 438.1385
1440.0761978626251, 1.701, 4.9693, 438.0373
1442.0763041973114, 1.7008, 4.9692, 438.2241
1444.0764112472534, 1.7008, 4.9694, 437.9542
1446.0764937400818, 1.7008, 4.9695, 437.9166
1448.076595544815, 1.7008, 4.9696, 438.0182
1450.0766780376434, 1.7008, 4.9697, 437.6716
1452.0767831802368, 1.7008, 4.9699, 437.5875
1454.0768947601318, 1.7008, 4.97, 437.6755
1456.0769720077515, 1.7008, 4.9699, 438.0032
1458.0770726203918, 1.7008, 4.97, 437.4505
1460.0771741867065, 1.7008, 4.9702, 437.0714
1462.0772593021393, 1.7008, 4.9702, 436.9871
1464.077344417572, 1.7008, 4.9703, 437.2918
1466.0774347782135, 1.7008, 4.9702, 437.3174
1468.077520608902, 1.7008, 4.9704, 437.4134
1470.0776228904724, 1.7008, 4.9703, 437.7682
1472.077724456787, 1.7008, 4.9702, 437.4122
1474.0778014659882, 1.7008, 4.9704, 437.2571
1476.0779075622559, 1.7008, 4.9703, 437.0764
1478.0780079364777, 1.7008, 4.9704, 437.1383
1480.0781109333038, 1.7008, 4.9703, 437.4752
1482.0782160758972, 1.7008, 4.9703, 437.6508
1484.0783174037933, 1.7008, 4.9701, 437.571
1486.0784006118774, 1.7008, 4.9701, 437.809
1488.0784888267517, 1.7008, 4.9699, 437.7054
1490.0785782337189, 1.7008, 4.97, 437.5553
1492.0786628723145, 1.7008, 4.9701, 437.3696
1494.0787453651428, 1.7008, 4.9701, 437.5514
1496.078830242157, 1.7008, 4.9703, 437.2219
1498.07896900177, 1.7008, 4.9703, 437.2055
1500.0790736675262, 1.7008, 4.9703, 437.1545
1502.0791704654694, 1.7008, 4.9706, 437.3787
1504.0792577266693, 1.7008, 4.9704, 437.4544
1506.0793735980988, 1.7008, 4.9707, 437.3882
1508.0794641971588, 1.701, 4.9706, 437.2088
1510.0795469284058, 1.701, 4.9709, 437.031
1512.0796418190002, 1.701, 4.9708, 437.2883
1514.0797364711761, 1.7008, 4.9707, 437.3934
1516.0798406600952, 1.7008, 4.9708, 437.5506
1518.0799436569214, 1.7008, 4.9707, 437.5839
1520.080026626587, 1.7008, 4.9707, 437.3458
1522.0801644325256, 1.7008, 4.9707, 437.121
1524.0802562236786, 1.7008, 4.9708, 436.865
1526.0803365707397, 1.7008, 4.9709, 436.9376
1528.0804421901703, 1.7008, 4.971, 437.1852
1530.0805435180664, 1.701, 4.9708, 437.4188
1532.0806527137756, 1.7008, 4.9708, 437.1928
1534.080778837204, 1.7008, 4.9709, 437.0527
1536.080884218216, 1.7008, 4.971, 436.9365
1538.0809779167175, 1.7008, 4.971, 436.9839
1540.0810685157776, 1.7008, 4.971, 436.9211
1542.0812063217163, 1.7008, 4.9711, 437.0296
1544.0812938213348, 1.701, 4.9711, 436.9384
1546.081372499466, 1.7008, 4.9711, 436.9933
1548.0814592838287, 1.7008, 4.9713, 437.0073
1550.0815598964691, 1.701, 4.9712, 437.0131
1552.0816459655762, 1.7008, 4.9715, 436.704
1554.081745147705, 1.7008, 4.9715, 436.5412
1556.081847667694, 1.7008, 4.9717, 436.1623
1558.0819554328918, 1.7008, 4.9719, 435.8719
1560.0820398330688, 1.7008, 4.9722, 435.7128
1562.0821397304535, 1.7008, 4.9723, 435.7736
1564.0822203159332, 1.7008, 4.9723, 435.6916
1566.0823163986206, 1.7008, 4.9726, 435.4561
1568.0824208259583, 1.7008, 4.9727, 435.2956
1570.082522392273, 1.7008, 4.973, 435.3567
1572.0826053619385, 1.701, 4.973, 435.4239
1574.0826933383942, 1.701, 4.9729, 435.4297
1576.08278632164, 1.7008, 4.973, 435.0868
1578.082887172699, 1.7008, 4.9733, 435.2251
1580.0830328464508, 1.701, 4.973, 435.5879
1582.0831139087677, 1.7008, 4.9729, 435.4754
1584.0832154750824, 1.701, 4.9729, 435.393
1586.0833132266998, 1.701, 4.9729, 435.4001
1588.0834007263184, 1.701, 4.973, 435.2944
1590.0835032463074, 1.701, 4.9729, 435.254
1592.0835950374603, 1.701, 4.9731, 435.5838
1594.0836980342865, 1.7008, 4.9728, 435.6233
1596.0838112831116, 1.7008, 4.973, 435.3394
1598.0839438438416, 1.701, 4.9731, 435.3379
1600.084023475647, 1.7008, 4.9735, 435.1075
1602.0841236114502, 1.7008, 4.9735, 434.8521
1604.0842123031616, 1.7008, 4.9738, 434.6772
1606.0842967033386, 1.7008, 4.974, 434.5957
1608.0844323635101, 1.7008, 4.9742, 434.4091
1610.0845470428467, 1.7008, 4.9741, 434.0523
1612.0846309661865, 1.7008, 4.9744, 434.1867
1614.0847318172455, 1.7008, 4.9744, 434.1428
1616.0848364830017, 1.7008, 4.9745, 434.2603
1618.0849149227142, 1.7008, 4.9744, 434.0942
1620.0850296020508, 1.7008, 4.9744, 434.2051
1622.0851666927338, 1.7008, 4.9746, 434.1331
1624.0852708816528, 1.7008, 4.9746, 434.1605
1626.085361480713, 1.7008, 4.9746, 434.3073
1628.0854663848877, 1.7008, 4.9747, 434.3121
1630.0855469703674, 1.7008, 4.9748, 434.0582
1632.0856323242188, 1.7008, 4.975, 433.5513
1634.0857162475586, 1.7008, 4.9753, 433.3552
1636.0858130455017, 1.7008, 4.9755, 433.0998
1638.085900068283, 1.7008, 4.9757, 432.9485
1640.0860006809235, 1.7008, 4.9758, 433.09
1642.0861332416534, 1.7008, 4.976, 432.9883
1644.086232662201, 1.7008, 4.9761, 432.786
1646.0863330364227, 1.701, 4.9762, 432.7435
1648.0864346027374, 1.7008, 4.9764, 432.7604
1650.0865354537964, 1.7008, 4.9764, 432.8916
1652.0866227149963, 1.7008, 4.9762, 432.9514
1654.086699962616, 1.701, 4.9764, 432.7424
1656.0868000984192, 1.7008, 4.9765, 432.4128
1658.0869407653809, 1.7008, 4.9766, 432.2723
1660.0870442390442, 1.7008, 4.9767, 432.0448
1662.087145805359, 1.7008, 4.9769, 432.1558
1664.0872356891632, 1.7008, 4.977, 432.0697
1666.087337732315, 1.7008, 4.9769, 432.3043
1668.0874745845795, 1.701, 4.977, 432.3772
1670.0875566005707, 1.7008, 4.9771, 432.3252
1672.0876550674438, 1.7008, 4.977, 432.2343
1674.0878055095673, 1.7008, 4.9772, 432.1033
1676.0878942012787, 1.7008, 4.9772, 432.0288
1678.0879838466644, 1.7008, 4.9773, 431.645
1680.0880703926086, 1.7008, 4.9777, 431.2091
1682.0881679058075, 1.7008, 4.9777, 431.5302
1684.0882637500763, 1.7008, 4.9778, 431.2202
1686.0883543491364, 1.7008, 4.9779, 431.2139
1688.0884647369385, 1.7008, 4.9779, 431.3006
1690.0885498523712, 1.7008, 4.9781, 431.3176
1692.088650226593, 1.7008, 4.9781, 431.0522
1694.0887286663055, 1.7008, 4.9783, 430.8663
1696.0888283252716, 1.7008, 4.9785, 430.681
1698.0889415740967, 1.7008, 4.9786, 430.8398
1700.0890419483185, 1.7008, 4.9786, 430.6662
1702.0891439914703, 1.701, 4.9788, 430.4575
1704.0892450809479, 1.7008, 4.9789, 430.3457
1706.0893507003784, 1.7008, 4.9788, 430.3526
1708.0894343852997, 1.7008, 4.979, 430.4772
1710.0895366668701, 1.7008, 4.9791, 430.5469
1712.0896394252777, 1.7008, 4.9792, 430.3785
1714.0897295475006, 1.7008, 4.9792, 430.56
1716.089831829071, 1.7008, 4.9793, 430.7182
1718.0899369716644, 1.7008, 4.9791, 430.4077
1720.090071439743, 1.7008, 4.9792, 430.6131
1722.0902054309845, 1.7008, 4.9791, 430.5381
1724.090307712555, 1.7008, 4.9792, 429.9607
1726.0903904438019, 1.7008, 4.9794, 429.7598
1728.090484380722, 1.7008, 4.9795, 430.1908
1730.0905871391296, 1.7008, 4.9796, 430.1428
1732.0906784534454, 1.7008, 4.9795, 430.1573
1734.0907685756683, 1.7008, 4.9795, 430.1199
1736.0908589363098, 1.7008, 4.9797, 430.0309
1738.0909407138824, 1.7008, 4.9799, 429.8309
1740.0910279750824, 1.7008, 4.9799, 429.8045
1742.0911304950714, 1.7008, 4.9798, 429.9373
1744.0912067890167, 1.7008, 4.98, 429.7823
1746.0912902355194, 1.7008, 4.98, 429.9613
1748.0913717746735, 1.7008, 4.9798, 430.2769
1750.0915203094482, 1.7008, 4.9798, 430.1201
1752.0916485786438, 1.7008, 4.9801, 429.814
1754.091740846634, 1.7008, 4.9802, 429.7233
1756.0918378829956, 1.7008, 4.9801, 429.9762
1758.0919296741486, 1.7008, 4.9801, 429.8003
1760.0920639038086, 1.7008, 4.9803, 429.9073
1762.0921437740326, 1.7008, 4.9802, 429.7666
1764.0922775268555, 1.7008, 4.9801, 429.6833
1766.0923900604248, 1.7008, 4.9803, 429.6579
1768.0924854278564, 1.7008, 4.9804, 429.351
1770.0925889015198, 1.7008, 4.9805, 429.4761
1772.0927023887634, 1.7008, 4.9805, 429.6522
1774.0928030014038, 1.7008, 4.9805, 429.2012
1776.0928885936737, 1.7008, 4.9806, 429.0518
1778.0929737091064, 1.7008, 4.9808, 428.9426
1780.0930559635162, 1.7008, 4.9807, 429.1652
1782.093141078949, 1.7008, 4.9808, 428.761
1784.0932431221008, 1.7008, 4.9808, 428.7245
1786.0933239459991, 1.7008, 4.9806, 429.1451
1788.0934274196625, 1.7008, 4.9808, 429.2309
1790.093505859375, 1.7008, 4.9808, 429.3421
1792.0936071872711, 1.7008, 4.9806, 429.4654
1794.0937082767487, 1.7008, 4.9806, 429.6232
1796.0938484668732, 1.7008, 4.9806, 429.8172
1798.0939304828644, 1.701, 4.9806, 429.6212
1800.0940153598785, 1.7008, 4.9805, 429.6502
1802.0940964221954, 1.7008, 4.9806, 429.3881
1804.0942285060883, 1.7008, 4.9807, 429.3268
1806.0943286418915, 1.701, 4.9807, 429.2513
1808.0944302082062, 1.701, 4.981, 429.1232
1810.0945324897766, 1.7008, 4.9812, 429.0
1812.094630241394, 1.701, 4.9813, 428.901
1814.0947325229645, 1.7008, 4.9812, 428.9361
1816.0948138237, 1.7008, 4.9814, 428.5305
1818.0949091911316, 1.7008, 4.9816, 428.4218
1820.094994544983, 1.7008, 4.9817, 428.364
1822.0950825214386, 1.7008, 4.9817, 428.4942
1824.0951776504517, 1.7008, 4.9815, 428.4384
1826.0952596664429, 1.7008, 4.9815, 428.5852
1828.0953629016876, 1.7008, 4.9817, 428.5961
1830.0954537391663, 1.701, 4.9817, 428.687
1832.0955398082733, 1.7008, 4.9818, 428.5763
1834.0956304073334, 1.7008, 4.9819, 428.3142
1836.0957367420197, 1.7008, 4.9821, 428.0902
1838.0958261489868, 1.7008, 4.9825, 427.9312
1840.0959298610687, 1.7008, 4.9825, 427.9091
1842.0960171222687, 1.7008, 4.9827, 427.7346
1844.096126794815, 1.7008, 4.9827, 427.6617
1846.0962128639221, 1.7008, 4.9829, 427.4022
1848.0962991714478, 1.7008, 4.983, 427.3581
1850.0963914394379, 1.7008, 4.9831, 427.065
1852.0964772701263, 1.7008, 4.9832, 426.9989
1854.0965654850006, 1.7008, 4.9833, 426.88
1856.0967328548431, 1.7008, 4.9834, 426.6265
1858.0968208312988, 1.7008, 4.9835, 426.4594
1860.0969107151031, 1.7008, 4.9836, 426.8128
1862.0970032215118, 1.7008, 4.9836, 426.7673
1864.0970885753632, 1.701, 4.9837, 426.7932
1866.0971941947937, 1.7008, 4.9838, 426.4183
1868.097294807434, 1.7008, 4.984, 426.2683
1870.0973753929138, 1.7008, 4.984, 426.06
1872.097464799881, 1.7008, 4.9844, 425.9781
1874.0975668430328, 1.7008, 4.9844, 426.316
1876.097650527954, 1.7008, 4.9841, 426.8104
1878.0977461338043, 1.7008, 4.9841, 426.6828
1880.0978786945343, 1.7008, 4.9842, 426.7352
1882.0979707241058, 1.7008, 4.9843, 426.8629
1884.0980751514435, 1.7008, 4.9841, 426.9073
1886.0981805324554, 1.7008, 4.9843, 426.6069
1888.0982675552368, 1.7008, 4.9845, 426.3738
1890.0983579158783, 1.7008, 4.9845, 426.4244
1892.098444223404, 1.7008, 4.9844, 426.4748
1894.0985310077667, 1.7008, 4.9846, 426.1918
1896.0986330509186, 1.7008, 4.9846, 425.7262
1898.098720550537, 1.7008, 4.9847, 425.9458
1900.0988087654114, 1.7008, 4.9848, 426.0601
1902.0989112854004, 1.701, 4.985, 426.0356
1904.099044084549, 1.7008, 4.985, 425.9466
1906.0991208553314, 1.7008, 4.9852, 425.8651
1908.0992543697357, 1.7008, 4.9853, 425.8379
1910.0993473529816, 1.701, 4.9852, 425.7831
1912.0994527339935, 1.7008, 4.9854, 425.8572
1914.0995349884033, 1.7008, 4.9853, 425.7168
1916.0996255874634, 1.701, 4.9853, 425.4916
1918.0997121334076, 1.7008, 4.9856, 425.2756
1920.0998446941376, 1.7008, 4.9858, 425.397
1922.0999374389648, 1.7008, 4.9856, 425.8145
1924.1000261306763, 1.7008, 4.9857, 425.5345
1926.1001641750336, 1.7008, 4.9857, 425.3717
1928.100268125534, 1.7008, 4.9859, 425.2177
1930.100368976593, 1.7008, 4.986, 424.9377
1932.1004729270935, 1.7008, 4.986, 425.2096
1934.1005730628967, 1.7008, 4.9861, 425.1033
1936.1006731987, 1.7008, 4.9861, 425.0728
1938.1007738113403, 1.7008, 4.9863, 424.5851
1940.100875377655, 1.7008, 4.9863, 424.5276
1942.1009516716003, 1.7008, 4.9865, 424.5529
1944.1010520458221, 1.7008, 4.9866, 424.5395
1946.1011517047882, 1.7008, 4.9868, 424.5835
1948.1012513637543, 1.7008, 4.9867, 424.9943
1950.101352930069, 1.7008, 4.9866, 425.1176
1952.101445198059, 1.7008, 4.9863, 425.2079
1954.1015326976776, 1.7008, 4.9864, 424.9823
1956.1016128063202, 1.7008, 4.9863, 425.0063
1958.1017022132874, 1.7008, 4.9865, 424.8612
1960.1017999649048, 1.7008, 4.9866, 424.9802
1962.101889371872, 1.7008, 4.9866, 425.2564
1964.1019923686981, 1.7008, 4.9863, 425.4706
1966.1021041870117, 1.7008, 4.9862, 425.385
1968.102194070816, 1.7008, 4.9861, 425.2932
1970.102297782898, 1.7008, 4.9862, 424.9291
1972.1024084091187, 1.7008, 4.9863, 424.8893
1974.102499961853, 1.7008, 4.9865, 424.8536
1976.1026091575623, 1.7008, 4.9865, 424.9831
1978.1026990413666, 1.7008, 4.9866, 424.3559
1980.1028010845184, 1.7008, 4.9867, 424.3091
1982.102885723114, 1.7008, 4.9867, 424.3549
1984.1029958724976, 1.7008, 4.9865, 424.6211
1986.1031172275543, 1.7008, 4.9865, 424.7086
1988.1032047271729, 1.7008, 4.9864, 425.0656
1990.1032905578613, 1.7008, 4.9862, 425.2958
1992.1033735275269, 1.7008, 4.9861, 425.714
1994.1034617424011, 1.7008, 4.9858, 426.0662
1996.1035432815552, 1.7008, 4.9857, 425.9716
1998.103625535965, 1.7008, 4.9858, 425.8168
2000.1037304401398, 1.7008, 4.9857, 425.6677
2002.103812456131, 1.7008, 4.9858, 425.3929
2004.1038982868195, 1.7008, 4.9859, 425.4111
2006.1040008068085, 1.7008, 4.9859, 425.5204
2008.1040823459625, 1.7008, 4.9859, 425.4039
2010.1041841506958, 1.7008, 4.986, 425.5377
2012.1042778491974, 1.7008, 4.9861, 425.5908
2014.1043548583984, 1.7008, 4.9858, 425.5125
2016.104449748993, 1.7008, 4.9861, 425.4188
2018.1045529842377, 1.7008, 4.986, 424.9846
2020.1046495437622, 1.7008, 4.986, 425.1222
2022.104761838913, 1.7008, 4.9861, 425.0523
2024.1048574447632, 1.7008, 4.9863, 425.1433
2026.1049933433533, 1.7008, 4.9861, 425.3442
2028.1051275730133, 1.7008, 4.9862, 425.7057
2030.1052610874176, 1.7008, 4.9859, 425.6982
2032.1053402423859, 1.7008, 4.9858, 425.717
2034.105440378189, 1.7008, 4.9858, 425.3894
2036.1055722236633, 1.7008, 4.9859, 425.028
2038.105676651001, 1.7008, 4.9862, 425.3494
2040.1057789325714, 1.7008, 4.9862, 425.035
2042.1058642864227, 1.7008, 4.9862, 425.4394
2044.105947971344, 1.7008, 4.986, 425.5022
2046.1060326099396, 1.7008, 4.986, 425.4806
2048.106117963791, 1.7008, 4.9859, 425.2737
2050.106202363968, 1.7008, 4.9859, 425.8393
2052.1063380241394, 1.7008, 4.9859, 425.4735
2054.1064410209656, 1.7008, 4.9858, 425.4634
2056.106579065323, 1.7008, 4.986, 425.5902
2058.1066818237305, 1.7008, 4.9859, 425.5271
2060.106781721115, 1.7008, 4.9861, 425.3522
2062.1069157123566, 1.7008, 4.9861, 425.4587
2064.10702419281, 1.7008, 4.986, 425.3694
2066.1071186065674, 1.7008, 4.9861, 425.2554
2068.1071977615356, 1.7008, 4.9861, 425.3251
2070.107298851013, 1.7008, 4.9861, 425.5622
2072.107408761978, 1.7008, 4.9859, 425.5582
2074.10751247406, 1.7008, 4.9859, 425.5472
2076.1076164245605, 1.7008, 4.9858, 425.4574
2078.107697248459, 1.7008, 4.986, 425.6067
2080.1077840328217, 1.7008, 4.986, 425.5965
2082.107877254486, 1.7008, 4.9861, 425.4018
2084.1079790592194, 1.7008, 4.9861, 425.1347
2086.108058452606, 1.7008, 4.9862, 425.3563
2088.108161687851, 1.7008, 4.9861, 425.4183
2090.108264684677, 1.7008, 4.9861, 425.351
2092.1083674430847, 1.7008, 4.9861, 425.4257
2094.108454465866, 1.7008, 4.9861, 425.5365
2096.1085386276245, 1.7008, 4.9861, 425.4901
2098.1086440086365, 1.7008, 4.9861, 425.4456
2100.1087353229523, 1.7008, 4.986, 425.4822
2102.108833551407, 1.7008, 4.9861, 425.5972
2104.108910560608, 1.7008, 4.9859, 425.6675
2106.1090140342712, 1.7008, 4.9859, 425.7489
2108.1091079711914, 1.7008, 4.9858, 425.61
2110.1091933250427, 1.7008, 4.986, 425.2904
2112.1092755794525, 1.7008, 4.9861, 425.134
2114.109359741211, 1.7008, 4.9863, 425.121
2116.1094422340393, 1.7008, 4.9863, 425.4105
2118.109525680542, 1.7008, 4.9862, 425.246
2120.1096556186676, 1.7008, 4.9861, 424.9087
2122.1097342967987, 1.7008, 4.9862, 424.9215
2124.1098232269287, 1.7008, 4.9864, 424.6804
2126.1099240779877, 1.7008, 4.9866, 424.7763
2128.110033750534, 1.7008, 4.9866, 424.6375
2130.11012339592, 1.7008, 4.9867, 424.7733
2132.1102261543274, 1.7008, 4.9867, 424.7976
2134.110323190689, 1.7008, 4.9868, 424.8009
2136.110426902771, 1.7008, 4.9867, 425.1092
2138.110517978668, 1.7008, 4.9866, 424.915
2140.1106176376343, 1.7008, 4.9867, 424.8766
2142.110718727112, 1.7008, 4.9867, 424.9163
2144.1108210086823, 1.7008, 4.9867, 424.7855
2146.110961675644, 1.7008, 4.987, 424.5375
2148.1110644340515, 1.7008, 4.9871, 424.6496
2150.111156463623, 1.7008, 4.9869, 424.9696
2152.111296415329, 1.7008, 4.987, 424.8262
2154.1114304065704, 1.7008, 4.9868, 424.9694
2156.111565351486, 1.7008, 4.9867, 424.7648
2158.1116440296173, 1.7008, 4.9868, 424.7883
2160.111744403839, 1.7008, 4.987, 424.7263
2162.111827850342, 1.7008, 4.9869, 424.787
2164.1119294166565, 1.7008, 4.9871, 424.3414
2166.1120312213898, 1.7008, 4.9874, 424.2283
2168.112133026123, 1.7008, 4.9875, 424.3609
2170.112233877182, 1.7008, 4.9874, 424.4187
2172.1123356819153, 1.7008, 4.9872, 424.4692
2174.1124358177185, 1.7008, 4.9873, 423.8869
2176.112513065338, 1.7008, 4.9873, 424.0284
2178.1125948429108, 1.7008, 4.9875, 424.0501
2180.112716436386, 1.7008, 4.9875, 424.0042
2182.1128504276276, 1.7008, 4.9875, 424.1971
2184.112982749939, 1.7008, 4.9874, 424.2416
2186.113069295883, 1.7008, 4.9876, 424.0156
2188.1131711006165, 1.7008, 4.9875, 424.5086
2190.1132674217224, 1.701, 4.9873, 424.644
2192.1133563518524, 1.7008, 4.9871, 424.6011
2194.113441467285, 1.7008, 4.9873, 424.3335
2196.1135425567627, 1.7008, 4.9874, 423.9561
2198.1136853694916, 1.7008, 4.9876, 423.7111
2200.113828897476, 1.7008, 4.9878, 423.3596
2202.1139283180237, 1.7008, 4.9881, 423.0606
2204.1140394210815, 1.7008, 4.9883, 422.8283
2206.114138841629, 1.7008, 4.9887, 422.7582
2208.114242553711, 1.7008, 4.9888, 422.7031
2210.114333629608, 1.7008, 4.9889, 422.8546
2212.1144189834595, 1.7008, 4.9889, 422.8047
2214.114553451538, 1.7008, 4.9889, 422.7918
2216.114645242691, 1.7008, 4.9889, 422.6909
2218.114791870117, 1.701, 4.9891, 422.5002
2220.11492729187, 1.701, 4.9892, 422.318
2222.115012407303, 1.701, 4.9895, 422.1531
2224.1151094436646, 1.701, 4.9897, 422.305
2226.115207672119, 1.7008, 4.9898, 422.147
2228.115311384201, 1.7008, 4.9898, 422.0379
2230.1153972148895, 1.7008, 4.99, 421.7601
2232.1154849529266, 1.7008, 4.9903, 421.3138
2234.115572452545, 1.7008, 4.9905, 421.1192
2236.1156594753265, 1.7008, 4.9907, 421.2034
2238.11576294899, 1.7008, 4.9907, 421.1507
2240.1158604621887, 1.7008, 4.9906, 421.4588
2242.115995645523, 1.7008, 4.9906, 421.6017
2244.1160860061646, 1.7008, 4.9905, 421.7712
2246.116203546524, 1.7008, 4.9906, 421.7716
2248.1162881851196, 1.7008, 4.9908, 421.6683
2250.1163790225983, 1.7008, 4.9907, 421.6646
2252.116508245468, 1.7008, 4.9908, 421.6463
2254.1166219711304, 1.7008, 4.9909, 421.3979
2256.1167261600494, 1.7008, 4.991, 421.1643
2258.1168098449707, 1.7008, 4.9913, 420.9429
2260.1169109344482, 1.701, 4.9915, 420.937
2262.116993665695, 1.7008, 4.9915, 421.1127
2264.1170768737793, 1.7008, 4.9918, 420.9864
2266.117171525955, 1.7008, 4.9919, 420.8286
2268.1172518730164, 1.7008, 4.992, 420.5885
2270.117322206497, 1.7008, 4.9922, 420.2099
2272.1174228191376, 1.7008, 4.9923, 420.0398
2274.117523431778, 1.7008, 4.9924, 419.7579
2276.1176257133484, 1.7008, 4.9924, 420.2303
2278.117728471756, 1.7008, 4.9926, 420.2242
2280.1178092956543, 1.7008, 4.9927, 420.0502
2282.1178925037384, 1.7008, 4.9928, 420.0376
2284.1179909706116, 1.7008, 4.9926, 420.1056
2286.1180889606476, 1.7008, 4.9927, 419.7391
2288.1181852817535, 1.7008, 4.993, 419.278
2290.118264913559, 1.7008, 4.9933, 419.2003
2292.118366956711, 1.7008, 4.9935, 419.2723
2294.118468284607, 1.7008, 4.9937, 418.9825
2296.11856842041, 1.7008, 4.994, 418.6502
2298.1186611652374, 1.7008, 4.994, 418.9394
2300.1187615394592, 1.7008, 4.9939, 419.1706
2302.118847131729, 1.7008, 4.9939, 418.8724
2304.118936061859, 1.7008, 4.994, 418.7388
2306.119020462036, 1.7008, 4.9938, 419.2225
2308.1191551685333, 1.7008, 4.9939, 419.2014
2310.119292497635, 1.7008, 4.9939, 418.9115
2312.1193799972534, 1.7008, 4.9941, 418.6525
2314.119482755661, 1.7008, 4.994, 418.906
2316.119571208954, 1.7008, 4.9941, 418.6931
2318.1196739673615, 1.7008, 4.994, 418.5917
2320.11975646019, 1.7008, 4.9942, 418.5824
2322.1198995113373, 1.7008, 4.9943, 418.7543
2324.119999408722, 1.7008, 4.9944, 418.4819
2326.1201071739197, 1.7008, 4.9947, 418.1824
2328.120221853256, 1.7008, 4.9948, 418.0274
2330.120312690735, 1.7008, 4.995, 418.1811
2332.120405435562, 1.7008, 4.995, 418.2502
2334.120501279831, 1.7008, 4.9951, 418.0956
2336.120650291443, 1.7008, 4.9951, 418.0643
2338.120724439621, 1.7008, 4.995, 418.322
2340.120855808258, 1.701, 4.995, 418.5628
2342.1209511756897, 1.7008, 4.9949, 418.8734
2344.1210420131683, 1.7008, 4.9949, 418.6984
2346.1211483478546, 1.701, 4.9948, 418.6971
2348.1212882995605, 1.7008, 4.9948, 418.8296
2350.1213715076447, 1.7008, 4.9948, 418.4518
2352.1215040683746, 1.7008, 4.9949, 418.485
2354.121607065201, 1.7008, 4.9949, 418.6163
2356.1216876506805, 1.7008, 4.995, 418.5284
2358.121788263321, 1.7008, 4.995, 418.4642
2360.121890068054, 1.7008, 4.9951, 418.216
2362.121992826462, 1.7008, 4.9953, 418.1329
2364.122076511383, 1.7008, 4.9954, 417.9477
2366.122181415558, 1.7008, 4.9956, 417.7893
2368.1222875118256, 1.7008, 4.9958, 417.6357
2370.12238574028, 1.7008, 4.9959, 417.4502
2372.1224784851074, 1.7008, 4.9961, 417.5868
2374.1225724220276, 1.7008, 4.9959, 417.7475
2376.122673511505, 1.7008, 4.996, 417.5273
2378.1227741241455, 1.7008, 4.9963, 417.3605
2380.1228754520416, 1.7008, 4.9963, 417.5478
2382.1229791641235, 1.7008, 4.9961, 417.6795
2384.1230812072754, 1.7008, 4.9961, 417.5438
2386.1231808662415, 1.7008, 4.9962, 417.5463
2388.123282432556, 1.7008, 4.9964, 417.4402
2390.1233842372894, 1.7008, 4.9963, 417.5727
2392.123465538025, 1.7008, 4.9961, 417.6318
2394.123555421829, 1.7008, 4.9962, 417.637
2396.1236565113068, 1.7008, 4.9963, 417.5674
2398.123752117157, 1.7008, 4.9962, 417.7652
2400.123839378357, 1.7008, 4.9962, 417.7308
2402.123923301697, 1.7008, 4.9962, 417.8589
2404.1240105628967, 1.7008, 4.9961, 417.9293
2406.1241142749786, 1.7008, 4.9962, 417.6411
2408.1242117881775, 1.7008, 4.9964, 417.2319
2410.124301671982, 1.7008, 4.9966, 417.0079
2412.1244418621063, 1.7008, 4.9968, 417.0072
2414.1245741844177, 1.701, 4.9969, 416.6357
2416.1246564388275, 1.701, 4.9971, 416.8189
2418.124744415283, 1.7008, 4.997, 416.7519
2420.124846935272, 1.7008, 4.9971, 416.6178
2422.124941587448, 1.7008, 4.9971, 416.5951
2424.125031709671, 1.7008, 4.9969, 416.673
2426.125141143799, 1.7008, 4.9969, 416.7718
2428.12522816658, 1.701, 4.9971, 416.5267
2430.12531208992, 1.7008, 4.9972, 416.457
2432.125403881073, 1.7008, 4.9972, 416.4385
2434.1255090236664, 1.7008, 4.9973, 416.2966
2436.1256008148193, 1.7008, 4.9974, 416.2388
2438.125686645508, 1.7008, 4.9976, 416.2187
2440.1257724761963, 1.7008, 4.9976, 416.2076
2442.125912427902, 1.7008, 4.9978, 416.1775
2444.1260209083557, 1.7008, 4.9978, 416.0382
2446.126129388809, 1.7008, 4.998, 415.535
2448.126214027405, 1.7008, 4.9981, 415.7414
2450.126314163208, 1.7008, 4.9981, 415.7131
2452.126395702362, 1.7008, 4.9982, 415.6523
2454.126496553421, 1.7008, 4.9984, 415.6801
2456.1265959739685, 1.701, 4.9984, 415.7696
2458.1266815662384, 1.701, 4.9984, 415.5246
2460.1267795562744, 1.7008, 4.9984, 415.3272
2462.1268644332886, 1.7008, 4.9986, 415.3742
2464.1269443035126, 1.7008, 4.9985, 415.5551
2466.127051115036, 1.7008, 4.9986, 415.6161
2468.127152442932, 1.7008, 4.9986, 415.6375
2470.1272382736206, 1.7008, 4.9986, 415.5493
2472.127341747284, 1.7008, 4.9986, 415.8867
2474.1274445056915, 1.7008, 4.9986, 416.0113
2476.127538919449, 1.7008, 4.9983, 416.3339
2478.127636194229, 1.7008, 4.9981, 416.37
2480.127769947052, 1.7008, 4.9982, 415.9182
2482.1278500556946, 1.7008, 4.9983, 415.5847
2484.1279561519623, 1.7008, 4.9985, 414.9828
2486.1280970573425, 1.701, 4.9987, 415.0895
2488.1282007694244, 1.701, 4.9989, 415.1004
2490.1283009052277, 1.701, 4.9989, 415.4275
2492.128401517868, 1.7008, 4.9987, 415.6055
2494.128500699997, 1.7008, 4.9984, 416.0046
2496.1285915374756, 1.7008, 4.9984, 416.042
2498.1286973953247, 1.7008, 4.9984, 415.9131
2500.128774881363, 1.7008, 4.9983, 416.0738
2502.1289088726044, 1.7008, 4.9982, 415.9191
2504.1289958953857, 1.7008, 4.9983, 415.6694
2506.129104614258, 1.7008, 4.9984, 415.5413
2508.1292140483856, 1.7008, 4.9987, 415.3927
2510.1293144226074, 1.701, 4.9985, 415.4493
2512.129415988922, 1.7008, 4.9985, 415.4001
2514.129517555237, 1.701, 4.9988, 415.25
2516.1296215057373, 1.7008, 4.9988, 415.24
2518.1297023296356, 1.7008, 4.9991, 414.9299
2520.1298377513885, 1.7008, 4.9992, 414.8495
2522.1299414634705, 1.7008, 4.9992, 414.7827
2524.130047559738, 1.701, 4.9992, 414.5385
2526.1301515102386, 1.7008, 4.9991, 414.8995
2528.1302394866943, 1.7008, 4.999, 415.0245
2530.13032913208, 1.7008, 4.999, 414.813
2532.1304161548615, 1.7008, 4.9993, 414.736
2534.1305062770844, 1.7008, 4.9993, 415.0076
2536.130592107773, 1.7008, 4.9993, 414.8865
2538.1307294368744, 1.7008, 4.9995, 414.4337
2540.1308324337006, 1.7008, 4.9996, 414.2952
2542.1309192180634, 1.7008, 4.9997, 414.7329
2544.131002187729, 1.7008, 4.9995, 415.0541
2546.1310992240906, 1.7008, 4.9996, 415.0476
2548.131185770035, 1.7008, 4.9998, 414.8619
2550.1312704086304, 1.7008, 4.9997, 414.8551
2552.131372451782, 1.7008, 4.9997, 415.0258
2554.1314582824707, 1.7008, 4.9997, 414.8952
2556.131555080414, 1.7008, 4.9998, 414.6168
2558.1316452026367, 1.7008, 4.9999, 414.7577
2560.131747484207, 1.7008, 4.9998, 414.8523
2562.131848335266, 1.7008, 4.9996, 414.6823
2564.1319348812103, 1.7008, 4.9997, 414.4925
2566.1320354938507, 1.7008, 4.9995, 414.5579
2568.1321659088135, 1.7008, 4.9996, 414.2213
2570.1322462558746, 1.7008, 4.9996, 414.432
2572.132324695587, 1.7008, 4.9996, 414.6264
2574.1324253082275, 1.7008, 4.9997, 414.5935
2576.132522583008, 1.7008, 4.9997, 414.526
2578.132659673691, 1.7008, 4.9998, 414.5391
2580.132751226425, 1.7008, 4.9999, 414.4467
2582.1328341960907, 1.7008, 4.9998, 414.499
2584.1329736709595, 1.7008, 4.9998, 414.6961
2586.133087158203, 1.7008, 5.0, 414.433
2588.133181333542, 1.7008, 4.9999, 414.4855
2590.1332585811615, 1.7008, 5.0001, 414.0257
2592.1333565711975, 1.7008, 5.0001, 414.0939
2594.133467197418, 1.7008, 5.0, 413.9625
2596.133573293686, 1.7008, 5.0004, 414.1169
2598.133686542511, 1.7008, 5.0003, 414.1835
2600.133823156357, 1.7008, 5.0005, 413.7031
2602.1339614391327, 1.7008, 5.0007, 414.16
2604.134053468704, 1.7008, 5.0006, 414.156
2606.1341590881348, 1.7008, 5.0003, 414.3574
2608.1342358589172, 1.7008, 5.0003, 414.483
2610.134341239929, 1.7008, 5.0, 414.6671
2612.134424686432, 1.7008, 4.9999, 414.5907
2614.1345403194427, 1.7008, 5.0, 414.1914
2616.1346349716187, 1.7008, 5.0001, 414.1649
2618.1347398757935, 1.7008, 5.0003, 414.1752
2620.134838104248, 1.7008, 5.0004, 414.0312
2622.1349425315857, 1.7008, 5.0004, 414.0092
2624.1350481510162, 1.7008, 5.0006, 414.1579
2626.1351544857025, 1.7008, 5.0004, 414.2706
2628.1352710723877, 1.7008, 5.0005, 414.1884
2630.135421037674, 1.7008, 5.0006, 414.1246
2632.1355266571045, 1.7008, 5.0006, 413.9894
2634.1356127262115, 1.7008, 5.0007, 413.9046
2636.1356978416443, 1.7008, 5.0006, 414.1436
2638.1358337402344, 1.7008, 5.0003, 414.5103
2640.135971546173, 1.7008, 5.0003, 414.5696
2642.1360778808594, 1.7008, 5.0001, 414.6195
2644.136157989502, 1.7008, 5.0003, 414.6136
2646.136260509491, 1.7008, 5.0003, 414.7242
2648.1363627910614, 1.7008, 5.0001, 414.4231
2650.1364443302155, 1.7008, 5.0, 414.7755
2652.1365287303925, 1.7008, 5.0001, 414.7773
2654.136616230011, 1.7008, 5.0, 414.4034
2656.1367602348328, 1.7008, 5.0, 414.302
2658.1368505954742, 1.7008, 4.9999, 414.4935
2660.1369848251343, 1.7008, 5.0001, 414.5084
2662.137064218521, 1.7008, 5.0001, 414.8129
2664.1371438503265, 1.7008, 4.9999, 414.6939
2666.137227296829, 1.7008, 5.0001, 414.3878
2668.1373114585876, 1.7008, 4.9998, 414.8048
2670.137391805649, 1.7008, 4.9998, 414.6877
2672.1374793052673, 1.7008, 4.9998, 414.6847
2674.1375739574432, 1.7008, 4.9999, 414.5321
2676.137658596039, 1.7008, 4.9999, 414.4148
2678.1377606391907, 1.7008, 4.9998, 414.5437
2680.1378626823425, 1.7008, 4.9997, 415.1563
2682.1379668712616, 1.7008, 4.9995, 415.1757
2684.1380698680878, 1.7008, 4.9996, 414.9191
2686.138170480728, 1.7008, 4.9996, 414.8471
2688.138271331787, 1.7008, 4.9998, 414.4302
2690.1383736133575, 1.7008, 5.0, 414.6652
2692.1384596824646, 1.7008, 5.0, 414.735
2694.138546705246, 1.7008, 4.9998, 414.8199
2696.1386318206787, 1.7008, 4.9999, 414.7318
2698.138715028763, 1.7008, 4.9996, 414.8658
2700.138822078705, 1.7008, 4.9997, 414.6979
2702.138903617859, 1.7008, 4.9999, 414.8822
2704.1389949321747, 1.7008, 5.0001, 414.8304
2706.139096021652, 1.7008, 4.9999, 414.7467
2708.13919878006, 1.7008, 4.9999, 414.9243
2710.1393024921417, 1.7008, 4.9999, 414.5955
2712.139397621155, 1.7008, 5.0001, 414.35
2714.1394877433777, 1.7008, 5.0001, 414.305
2716.13956618309, 1.7008, 5.0003, 414.6472
2718.1396663188934, 1.7008, 5.0001, 414.5574
2720.139767408371, 1.7008, 5.0001, 414.5868
2722.1398696899414, 1.7008, 5.0001, 414.5647
2724.139971256256, 1.7008, 5.0003, 414.3388
2726.1400570869446, 1.7008, 5.0004, 414.1954
2728.1402003765106, 1.7008, 5.0003, 414.506
2730.140336036682, 1.7008, 5.0001, 414.4397
2732.1404390335083, 1.7008, 5.0003, 414.5479
2734.1405251026154, 1.7008, 5.0001, 414.7499
2736.1406211853027, 1.7008, 5.0, 414.9594
2738.1407222747803, 1.7008, 4.9999, 414.9558
2740.140823364258, 1.7008, 4.9998, 415.011
2742.140912294388, 1.7008, 4.9997, 415.2869
2744.1410195827484, 1.7008, 4.9997, 414.9189
2746.1411035060883, 1.7008, 4.9997, 414.5429
2748.1411962509155, 1.7008, 4.9998, 414.5183
2750.1413073539734, 1.7008, 4.9997, 414.8678
2752.141385793686, 1.7008, 4.9999, 414.9641
2754.1415255069733, 1.7008, 4.9996, 414.9286
2756.1416306495667, 1.7008, 4.9997, 414.8165
2758.141725063324, 1.701, 4.9998, 414.6843
2760.141804933548, 1.7008, 4.9998, 414.5563
2762.1419048309326, 1.7008, 5.0, 414.4935
2764.141983985901, 1.7008, 5.0, 414.3986
2766.142074584961, 1.7008, 4.9999, 414.7781
2768.1421711444855, 1.7008, 4.9997, 414.9756
2770.142250061035, 1.7008, 5.0, 414.7571
2772.142345905304, 1.7008, 4.9999, 414.7527
2774.1424412727356, 1.7008, 4.9999, 415.0571
2776.1425409317017, 1.7008, 4.9997, 415.1911
2778.1426413059235, 1.7008, 4.9996, 415.1695
2780.1427421569824, 1.7008, 4.9996, 415.2664
2782.142842531204, 1.7008, 4.9994, 415.2085
2784.142942428589, 1.7008, 4.9995, 415.3225
2786.1430814266205, 1.7008, 4.9993, 415.5026
2788.1431703567505, 1.7008, 4.9992, 415.5296
2790.1432683467865, 1.7008, 4.9991, 415.5484
2792.143371105194, 1.7008, 4.999, 415.282
2794.1434638500214, 1.7008, 4.9992, 415.2341
2796.1435515880585, 1.7008, 4.9992, 415.1299
2798.1436359882355, 1.7008, 4.9993, 415.4174
2800.14373922348, 1.7008, 4.9991, 415.6758
2802.1438422203064, 1.7008, 4.9991, 415.4685
2804.143943786621, 1.7008, 4.9992, 414.9788
2806.144021511078, 1.7008, 4.9992, 414.7413
2808.144123315811, 1.7008, 4.9993, 415.0158
2810.144211292267, 1.7008, 4.9989, 415.2812
2812.1443150043488, 1.7008, 4.9991, 415.2448
2814.1444606781006, 1.7008, 4.9989, 415.3466
2816.144598007202, 1.7008, 4.9988, 415.6913
2818.1446986198425, 1.7008, 4.9989, 415.6147
2820.1447896957397, 1.7008, 4.9989, 415.4165
2822.144886493683, 1.7008, 4.9988, 415.4313
2824.144966363907, 1.7008, 4.9987, 415.5844
2826.145072698593, 1.7008, 4.999, 415.486
2828.145174741745, 1.7008, 4.9991, 415.3771
2830.145256996155, 1.7008, 4.999, 414.9531
2832.1453387737274, 1.7008, 4.9991, 414.6429
2834.145437002182, 1.7008, 4.9991, 414.4011
2836.1455376148224, 1.7008, 4.9995, 414.3292
2838.145625591278, 1.7008, 4.9996, 414.5536
2840.1457118988037, 1.7008, 4.9996, 414.8303
2842.145793914795, 1.7008, 4.9995, 414.8854
2844.145883321762, 1.7008, 4.9995, 414.6218
2846.145973920822, 1.7008, 4.9997, 414.5768
2848.146065711975, 1.7008, 4.9996, 414.8023
2850.1461696624756, 1.7008, 4.9995, 415.1735
2852.1462500095367, 1.7008, 4.9993, 415.5695
2854.146341085434, 1.7008, 4.9991, 415.5133
2856.1464354991913, 1.7008, 4.999, 415.7021
2858.1465363502502, 1.7008, 4.9987, 416.0126
2860.1466217041016, 1.7008, 4.9986, 416.1875
2862.1467003822327, 1.7008, 4.9984, 416.0758
2864.1468012332916, 1.7008, 4.9983, 416.2817
2866.146881341934, 1.7008, 4.9982, 416.2525
2868.146987915039, 1.7008, 4.9981, 416.3939
2870.1471049785614, 1.7008, 4.9981, 416.2059
2872.1472051143646, 1.7008, 4.998, 416.1782
2874.1473076343536, 1.7008, 4.9981, 416.2355
2876.1473910808563, 1.7008, 4.9982, 416.0717
2878.147427558899, 1.7008, 4.9983, 416.1648
2880.147529363632, 1.7008, 4.9983, 416.1847
2882.147632598877, 1.7008, 4.9982, 416.0141
2884.1477315425873, 1.7008, 4.9982, 415.6552
2886.1478366851807, 1.7008, 4.9981, 416.1201
2888.147938489914, 1.7008, 4.9981, 416.2712
2890.1480400562286, 1.7008, 4.9982, 416.047
2892.14812374115, 1.7008, 4.9984, 415.8688
2894.1482253074646, 1.7008, 4.9986, 415.7018
2896.1483051776886, 1.7008, 4.9984, 415.864
2898.148385286331, 1.7008, 4.9987, 415.4778
2900.148488521576, 1.7008, 4.9986, 415.2605
2902.1485817432404, 1.7008, 4.9986, 415.0381
2904.1486694812775, 1.7008, 4.9987, 415.2875
2906.1487584114075, 1.7008, 4.9987, 415.2405
2908.1488955020905, 1.7008, 4.9989, 415.448
2910.1489973068237, 1.7008, 4.9988, 415.4405
2912.1490800380707, 1.7008, 4.9989, 415.3167
2914.1491601467133, 1.7008, 4.999, 415.367
2916.149261713028, 1.7008, 4.9992, 415.1699
2918.1493620872498, 1.7008, 4.9992, 415.0959
2920.1494624614716, 1.7008, 4.9994, 414.9992
2922.1495983600616, 1.7008, 4.9996, 414.8856
2924.1497020721436, 1.7008, 4.9995, 414.9114
2926.1497893333435, 1.7008, 4.9994, 415.1138
2928.1498851776123, 1.7008, 4.9994, 415.2649
2930.1499927043915, 1.7008, 4.9993, 415.0874
2932.1500787734985, 1.7008, 4.9994, 414.9744
2934.1501638889313, 1.7008, 4.9996, 414.8462
2936.150247812271, 1.7008, 4.9996, 415.049
2938.150336742401, 1.7008, 4.9995, 414.9578
2940.1504366397858, 1.7008, 4.9995, 415.122
2942.150537967682, 1.7008, 4.9993, 415.3551
2944.1506831645966, 1.7008, 4.9993, 415.3322
2946.1508202552795, 1.7008, 4.9989, 415.693
2948.1509697437286, 1.7008, 4.999, 415.6476
2950.15105175972, 1.7008, 4.9989, 415.5672
2952.1511561870575, 1.7008, 4.9991, 415.5801
2954.151294231415, 1.7008, 4.999, 415.5256
2956.1513957977295, 1.7008, 4.999, 415.6664
2958.1514840126038, 1.7008, 4.9988, 415.8223
2960.151575088501, 1.7008, 4.9988, 415.7799
2962.1517128944397, 1.7008, 4.9989, 415.6304
2964.151849269867, 1.7008, 4.9988, 415.7003
2966.1519372463226, 1.7008, 4.9989, 415.3949
2968.1520195007324, 1.7008, 4.9993, 415.1072
2970.1521105766296, 1.7008, 4.9994, 414.8097
2972.152203798294, 1.7008, 4.9995, 414.6755
2974.1523044109344, 1.7008, 4.9997, 414.5137
2976.1524000167847, 1.7008, 4.9998, 414.8096
2978.152496814728, 1.7008, 4.9997, 414.7643
2980.152601003647, 1.7008, 4.9997, 414.8333
2982.1527106761932, 1.7008, 4.9997, 414.9073
2984.1527993679047, 1.7008, 4.9997, 414.6156
2986.152932167053, 1.7008, 4.9996, 414.616
2988.1530249118805, 1.7008, 4.9997, 414.6663
2990.1531286239624, 1.7008, 5.0, 414.7123
2992.1532328128815, 1.7008, 5.0, 414.58
2994.153336286545, 1.7008, 5.0001, 414.6146
2996.153476715088, 1.7008, 5.0003, 414.5474
2998.153566598892, 1.7008, 5.0004, 414.2841
3000.1536705493927, 1.7008, 5.0006, 413.9204
3002.15375828743, 1.7008, 5.0006, 413.7345
3004.153842687607, 1.7008, 5.0005, 414.2171
3006.1539492607117, 1.7008, 5.0006, 414.0842
3008.1540536880493, 1.7008, 5.0007, 413.639
3010.154156446457, 1.7008, 5.001, 413.6029
3012.1542608737946, 1.7008, 5.0012, 413.7187
3014.1543617248535, 1.7008, 5.001, 413.737
3016.1544959545135, 1.7008, 5.0013, 413.7142
3018.1545832157135, 1.7008, 5.0013, 413.873
3020.1546771526337, 1.7008, 5.0013, 413.7341
3022.154759168625, 1.7008, 5.0013, 413.4698
3024.1548414230347, 1.7008, 5.0015, 413.2831
3026.154927968979, 1.7008, 5.0017, 413.1387
3028.1550331115723, 1.7008, 5.0021, 412.8692
3030.1551246643066, 1.7008, 5.0021, 412.4297
3032.155261039734, 1.7008, 5.0024, 412.5222
3034.155358314514, 1.7008, 5.0025, 412.5609
3036.155450105667, 1.7008, 5.0025, 412.4288
3038.155556201935, 1.7008, 5.0024, 412.6369
3040.1556367874146, 1.7008, 5.0026, 412.5313
3042.1557314395905, 1.7008, 5.0027, 412.4367
3044.1558179855347, 1.7008, 5.0029, 412.3645
3046.155919790268, 1.7008, 5.003, 411.88
3048.155997276306, 1.7008, 5.0032, 411.6717
3050.156096935272, 1.7008, 5.0028, 411.7453
3052.1561982631683, 1.7008, 5.0032, 411.8362
3054.1563000679016, 1.7008, 5.0033, 411.8035
3056.156400680542, 1.7008, 5.0033, 411.8824
3058.156481027603, 1.7008, 5.0032, 411.5834
3060.156583547592, 1.7008, 5.0034, 411.4385
3062.156669855118, 1.7008, 5.0032, 411.5323
3064.1567599773407, 1.7008, 5.0032, 411.599
3066.156845331192, 1.7008, 5.0035, 411.7139
3068.1569545269012, 1.7008, 5.0036, 411.463
3070.1570584774017, 1.7008, 5.0039, 411.0949
3072.157161474228, 1.7008, 5.0043, 411.0548
3074.1572604179382, 1.7008, 5.0043, 411.2818
3076.1573402881622, 1.7008, 5.0042, 411.354
3078.1574420928955, 1.7008, 5.0042, 411.2415
3080.157527923584, 1.7008, 5.004, 411.1632
3082.1576187610626, 1.7008, 5.0043, 410.9923
3084.157707929611, 1.7008, 5.0042, 411.2925
3086.157822370529, 1.7008, 5.004, 411.3634
3088.1579303741455, 1.7008, 5.004, 411.719
3090.158015727997, 1.7008, 5.0039, 411.333
3092.158148765564, 1.7008, 5.004, 411.4821
3094.158281326294, 1.7008, 5.004, 411.5445
3096.158369064331, 1.7008, 5.0043, 411.2054
3098.1584577560425, 1.7008, 5.0044, 411.0019
3100.1586017608643, 1.7008, 5.0044, 411.1548
3102.158704519272, 1.7008, 5.0044, 411.3293
3104.1588072776794, 1.7008, 5.0044, 411.396
3106.1589596271515, 1.7008, 5.0044, 411.6597
3108.1590502262115, 1.7008, 5.0042, 411.5567
3110.159138917923, 1.7008, 5.0042, 411.6365
3112.1592288017273, 1.7008, 5.0041, 411.636
3114.1593334674835, 1.7008, 5.0042, 411.2776
3116.1594383716583, 1.7007, 5.0041, 411.6243
3118.159544467926, 1.7008, 5.0041, 411.734
3120.159647703171, 1.7008, 5.0039, 411.9156
3122.1597516536713, 1.7008, 5.0038, 411.9767
3124.159854888916, 1.7008, 5.0038, 412.1361
3126.1599583625793, 1.7008, 5.0038, 412.1687
3128.160061597824, 1.7008, 5.0036, 412.0428
3130.1601383686066, 1.7008, 5.0037, 411.8065
3132.1602420806885, 1.7008, 5.0038, 411.5792
3134.160346031189, 1.7008, 5.004, 411.4643
3136.1604537963867, 1.7008, 5.0039, 411.764
3138.160544872284, 1.7008, 5.0039, 411.7311
3140.1606302261353, 1.7008, 5.004, 411.605
3142.1607179641724, 1.7008, 5.0038, 411.6347
3144.160820245743, 1.7008, 5.0037, 411.6794
3146.1609349250793, 1.7008, 5.0038, 411.9389
3148.161028146744, 1.7008, 5.0039, 411.7428
3150.1611166000366, 1.7008, 5.0039, 411.8077
3152.16122674942, 1.7008, 5.0038, 412.2306
3154.1613636016846, 1.7008, 5.0036, 412.2706
3156.161500930786, 1.7008, 5.0034, 412.362
3158.1616139411926, 1.7008, 5.0034, 412.3134
3160.161712169647, 1.7008, 5.0035, 412.4872
3162.1618146896362, 1.7008, 5.0032, 412.38
3164.1619584560394, 1.7008, 5.0032, 412.246
3166.162036895752, 1.7008, 5.0032, 412.4571
3168.1621363162994, 1.7008, 5.0032, 412.3097
3170.162239551544, 1.7008, 5.0034, 411.7336
3172.162344455719, 1.7008, 5.0038, 411.3565
3174.1624479293823, 1.7008, 5.004, 411.0026
3176.1625344753265, 1.7008, 5.0044, 411.0359
3178.162638902664, 1.7008, 5.0043, 411.2528
3180.162742137909, 1.7008, 5.0042, 411.6381
3182.162844657898, 1.7008, 5.0042, 411.5272
3184.1629235744476, 1.7008, 5.0042, 411.1431
3186.1630277633667, 1.7008, 5.0044, 411.0043
3188.1631157398224, 1.7008, 5.0044, 411.1873
3190.1632204055786, 1.7008, 5.0045, 411.319
3192.16335773468, 1.7008, 5.0045, 411.3852
3194.1634950637817, 1.7008, 5.0045, 411.2953
3196.163590192795, 1.7008, 5.0045, 410.8394
3198.163685798645, 1.7008, 5.0045, 411.179
3200.163771867752, 1.7008, 5.0048, 410.9036
3202.1638610363007, 1.7008, 5.0048, 411.0897
3204.1639533042908, 1.7008, 5.0045, 411.3964
3206.164037704468, 1.7008, 5.0046, 411.238
3208.1641232967377, 1.7008, 5.0048, 410.9762
3210.1642179489136, 1.7008, 5.0047, 410.9023
3212.164323091507, 1.7008, 5.0046, 411.1911
3214.1644089221954, 1.7008, 5.0044, 411.4879
3216.1644937992096, 1.7008, 5.0045, 411.6309
3218.164603948593, 1.7008, 5.0044, 411.7531
3220.1646943092346, 1.7008, 5.0044, 411.5183
3222.164776802063, 1.7008, 5.0045, 410.9179
3224.164878129959, 1.7008, 5.0047, 411.0458
3226.1650111675262, 1.7008, 5.0048, 411.1566
3228.165104866028, 1.7008, 5.0048, 411.0125
3230.165208339691, 1.7008, 5.0047, 411.0201
3232.1652908325195, 1.7008, 5.0047, 410.7657
3234.16539311409, 1.7008, 5.0047, 410.8393
3236.1654930114746, 1.7008, 5.005, 410.6491
3238.165571451187, 1.7008, 5.0049, 410.7387
3240.165671348572, 1.7008, 5.0051, 410.2959
3242.165773153305, 1.7008, 5.0052, 409.8974
3244.165858745575, 1.7008, 5.0051, 410.1806
3246.1659409999847, 1.7008, 5.0052, 410.013
3248.166043996811, 1.7008, 5.0052, 410.2061
3250.166132926941, 1.7008, 5.0054, 410.3233
3252.1662361621857, 1.7008, 5.0054, 410.4966
3254.166337966919, 1.7008, 5.0053, 410.6482
3256.1664152145386, 1.7008, 5.0055, 410.6946
3258.1665122509003, 1.7008, 5.0054, 410.6179
3260.166614294052, 1.7008, 5.0056, 410.4301
3262.1667132377625, 1.7008, 5.0055, 410.4508
3264.166812181473, 1.7008, 5.0057, 410.2345
3266.166914701462, 1.7008, 5.0057, 410.2128
3268.167016506195, 1.7008, 5.0057, 410.4411
3270.167115688324, 1.7008, 5.0057, 410.467
3272.167216062546, 1.7008, 5.0057, 410.6857
3274.167299747467, 1.7008, 5.0057, 410.5867
3276.167402982712, 1.7008, 5.0058, 410.6462
3278.167536497116, 1.7008, 5.0056, 410.7341
3280.167647123337, 1.7008, 5.0056, 410.6019
3282.16774892807, 1.7008, 5.0056, 410.5872
3284.167852163315, 1.7008, 5.0057, 410.5816
3286.167994260788, 1.7008, 5.0057, 410.6629
3288.1680948734283, 1.7008, 5.0056, 410.5994
3290.16818857193, 1.7008, 5.0057, 410.5106
3292.1682691574097, 1.7008, 5.0056, 410.0916
3294.1683707237244, 1.7008, 5.0056, 410.3467
3296.1684713363647, 1.7008, 5.0055, 410.7803
3298.1685757637024, 1.7008, 5.0054, 410.9974
3300.1686646938324, 1.7008, 5.0053, 410.7791
3302.1687529087067, 1.7008, 5.0054, 410.7582
3304.1688992977142, 1.7008, 5.0053, 410.581
3306.1689875125885, 1.7008, 5.0056, 410.6837
3308.169089078903, 1.7008, 5.0056, 410.6255
3310.1691896915436, 1.7008, 5.0056, 410.667
3312.1693255901337, 1.7008, 5.0055, 410.9448
3314.169463157654, 1.7008, 5.0056, 410.7362
3316.16956114769, 1.7008, 5.0055, 410.6798
3318.16965842247, 1.7008, 5.0053, 410.9168
3320.16975069046, 1.7008, 5.0053, 411.0681
3322.1698355674744, 1.7008, 5.0052, 411.229
3324.169919729233, 1.7008, 5.0052, 411.0133
3326.1700217723846, 1.7008, 5.0051, 411.0487
3328.170125722885, 1.7008, 5.0052, 410.97
3330.1702303886414, 1.7008, 5.0053, 410.3899
3332.1703350543976, 1.7008, 5.0052, 410.4815
3334.170417070389, 1.7008, 5.0052, 410.916
3336.1705179214478, 1.7008, 5.0052, 410.5569
3338.1706137657166, 1.7008, 5.0054, 410.2667
3340.1707174777985, 1.7008, 5.0054, 410.3358
3342.170798778534, 1.7008, 5.0057, 410.3761
3344.17090177536, 1.7008, 5.0057, 410.3849
3346.1709809303284, 1.7008, 5.0057, 410.5939
3348.1711161136627, 1.7008, 5.0056, 410.7684
3350.171254634857, 1.7008, 5.0055, 410.5271
3352.1713440418243, 1.7008, 5.0056, 410.31
3354.171439409256, 1.7008, 5.0057, 410.1478
3356.1715784072876, 1.7008, 5.0056, 410.4936
3358.1716661453247, 1.7008, 5.0055, 410.7431
3360.1717722415924, 1.7008, 5.0053, 410.7285
3362.1718623638153, 1.7008, 5.0052, 410.5023
3364.171954393387, 1.7008, 5.0054, 410.6362
3366.1720571517944, 1.7008, 5.0054, 410.69
3368.172153711319, 1.7008, 5.0054, 410.825
3370.1722543239594, 1.7008, 5.0055, 410.7138
3372.1723580360413, 1.7008, 5.0055, 410.7315
3374.1724605560303, 1.7008, 5.0053, 410.864
3376.172541618347, 1.7008, 5.0053, 410.9946
3378.1726446151733, 1.7008, 5.0053, 411.0116
3380.1727328300476, 1.7008, 5.0053, 411.0428
3382.172810316086, 1.7008, 5.0054, 410.8222
3384.172906398773, 1.7008, 5.0054, 410.6508
3386.1730020046234, 1.7008, 5.0054, 410.8254
3388.173103094101, 1.7008, 5.0056, 410.8634
3390.1731991767883, 1.7008, 5.0055, 410.9815
3392.173303127289, 1.7008, 5.0054, 411.0893
3394.1734113693237, 1.7008, 5.0052, 411.2845
3396.173543691635, 1.7008, 5.0052, 411.2829
3398.173632621765, 1.7008, 5.0049, 411.1924
3400.173712015152, 1.7008, 5.0049, 411.1022
3402.1738419532776, 1.7008, 5.0048, 411.2818
3404.173927783966, 1.7008, 5.0048, 411.1885
3406.1740143299103, 1.7008, 5.0048, 411.25
3408.1740975379944, 1.7008, 5.0048, 410.7356
3410.1741828918457, 1.7008, 5.0051, 410.2714
3412.174261569977, 1.7008, 5.0053, 409.7397
3414.174352169037, 1.7008, 5.0055, 410.1105
3416.174437522888, 1.7008, 5.0057, 410.0121
3418.174519777298, 1.7008, 5.0058, 409.9971
3420.174624443054, 1.7008, 5.0058, 410.4315
3422.174728155136, 1.7008, 5.0057, 410.958
3424.1748299598694, 1.7008, 5.0053, 411.0567
3426.1749625205994, 1.7008, 5.0052, 411.1576
3428.175053834915, 1.7008, 5.0052, 410.9837
3430.1751852035522, 1.7008, 5.0052, 410.5806
3432.1752829551697, 1.7008, 5.0051, 410.6046
3434.1753680706024, 1.7008, 5.0051, 410.8036
3436.175449371338, 1.7008, 5.0051, 410.9862
3438.1755661964417, 1.7008, 5.0049, 411.2799
3440.175669670105, 1.7008, 5.005, 411.3204
3442.175767660141, 1.7008, 5.005, 411.2162
3444.1758778095245, 1.7008, 5.0049, 411.2906
3446.175959587097, 1.7008, 5.0049, 411.2958
3448.1760630607605, 1.7008, 5.0049, 411.0086
3450.176153898239, 1.7008, 5.0049, 410.9838
3452.176258087158, 1.7008, 5.0049, 410.6787
3454.1763486862183, 1.7008, 5.005, 410.6111
3456.1764311790466, 1.7008, 5.0053, 410.7012
3458.176521062851, 1.7008, 5.0052, 410.6586
3460.1766300201416, 1.7008, 5.0055, 410.7305
3462.176766872406, 1.7008, 5.0055, 410.7299
3464.1769123077393, 1.7008, 5.0054, 410.7377
3466.176998615265, 1.7008, 5.0054, 410.7828
3468.177086830139, 1.7008, 5.0052, 410.9914
3470.1771903038025, 1.7008, 5.0053, 411.0638
3472.17729306221, 1.7008, 5.0053, 411.1702
3474.177386522293, 1.7008, 5.0051, 410.7871
3476.177467107773, 1.7008, 5.0053, 410.4978
3478.177546262741, 1.7008, 5.0056, 410.323
3480.1776251792908, 1.7008, 5.0055, 410.3765
3482.1777091026306, 1.7008, 5.0056, 410.5623
3484.1777954101562, 1.7008, 5.0055, 410.7299
3486.1778824329376, 1.7008, 5.0055, 410.7481
3488.1779658794403, 1.7008, 5.0055, 410.7474
3490.1780486106873, 1.7008, 5.0054, 410.9666
3492.178147315979, 1.7008, 5.0053, 411.085
3494.178246498108, 1.7008, 5.0053, 410.985
3496.1783287525177, 1.7008, 5.0053, 410.8489
3498.1784296035767, 1.7008, 5.0053, 410.8453
3500.1785209178925, 1.7008, 5.0054, 410.7625
3502.1786205768585, 1.7008, 5.0054, 410.1506
3504.1787071228027, 1.7008, 5.0057, 409.9016
3506.1788063049316, 1.7008, 5.0057, 410.4977
3508.1789066791534, 1.7008, 5.0055, 410.6045
3510.1789853572845, 1.7008, 5.0054, 410.0721
3512.17907166481, 1.7008, 5.0057, 409.871
3514.179156780243, 1.7008, 5.0057, 409.9025
3516.179256439209, 1.7008, 5.0058, 409.5763
3518.1793575286865, 1.7008, 5.0057, 409.7803
3520.179456949234, 1.7008, 5.0058, 409.8391
3522.179586648941, 1.7008, 5.0056, 410.3155
3524.179698705673, 1.7008, 5.0053, 410.8903
3526.179794549942, 1.7008, 5.0052, 410.9773
3528.179895401001, 1.7008, 5.0051, 410.8344
3530.179997444153, 1.7008, 5.0052, 410.6478
3532.180098295212, 1.7008, 5.0053, 410.597
3534.1801850795746, 1.7008, 5.0054, 410.6652
3536.180288553238, 1.7008, 5.0054, 410.8344
3538.1803727149963, 1.7008, 5.0054, 410.6271
3540.180457353592, 1.7008, 5.0055, 410.5999
3542.180538892746, 1.7008, 5.0054, 410.6269
3544.1806271076202, 1.7008, 5.0053, 410.8465
3546.1807255744934, 1.7008, 5.0053, 410.9246
3548.1808185577393, 1.7008, 5.0053, 410.5173
3550.1809220314026, 1.7008, 5.0053, 410.5544
3552.1810264587402, 1.7008, 5.0052, 410.7863
3554.181122303009, 1.7008, 5.0051, 410.9704
3556.181231737137, 1.7008, 5.005, 411.1485
3558.1813352108, 1.7008, 5.0049, 411.2493
3560.181418657303, 1.7008, 5.0051, 410.7085
3562.1815078258514, 1.7008, 5.0052, 410.6014
3564.181592941284, 1.7008, 5.0053, 410.5301
3566.181683778763, 1.7008, 5.0054, 410.3072
3568.181784629822, 1.7008, 5.0056, 410.2994
3570.181886911392, 1.7008, 5.0054, 410.6438
3572.1820034980774, 1.7008, 5.0055, 410.6135
3574.1820905208588, 1.7008, 5.0054, 410.8263
3576.182186126709, 1.7008, 5.0054, 410.7186
3578.1822850704193, 1.7008, 5.0053, 410.7951
3580.182373046875, 1.7008, 5.0052, 410.8524
3582.1824696063995, 1.7008, 5.0054, 410.2121
3584.1825692653656, 1.7008, 5.0057, 409.9048
3586.182668685913, 1.7008, 5.006, 409.8078
3588.182771205902, 1.7008, 5.0061, 409.8254
3590.1828804016113, 1.7008, 5.0062, 409.9587
3592.182981967926, 1.7008, 5.0063, 409.9542
3594.183089733124, 1.7008, 5.0062, 409.6721
3596.183201313019, 1.7008, 5.0063, 409.6266
3598.1832885742188, 1.7008, 5.0064, 409.6117
3600.1833803653717, 1.7008, 5.0065, 409.7746
3602.1834819316864, 1.7008, 5.0064, 409.8131
3604.183573484421, 1.7008, 5.0065, 409.4533
3606.1836755275726, 1.7008, 5.0067, 409.3548
3608.1837768554688, 1.7008, 5.0067, 409.4174
3610.1838703155518, 1.7008, 5.0066, 409.2607
3612.183955192566, 1.7008, 5.0066, 408.9867
3614.18403840065, 1.7008, 5.007, 408.8224
3616.184116125107, 1.7008, 5.007, 409.0055
3618.1842172145844, 1.7008, 5.007, 409.0451
3620.1843025684357, 1.7008, 5.007, 409.2061
3622.1843957901, 1.7008, 5.0068, 409.4987
3624.1844956874847, 1.7008, 5.0067, 409.774
3626.184595823288, 1.7008, 5.0065, 410.0254
3628.184711933136, 1.7008, 5.0063, 410.1574
3630.1847965717316, 1.7008, 5.0061, 410.2322
3632.1848978996277, 1.7008, 5.0062, 410.0998
3634.1849777698517, 1.7008, 5.0061, 410.0346
3636.185081243515, 1.7008, 5.006, 409.9634
3638.1851851940155, 1.7008, 5.006, 410.0591
3640.185326576233, 1.7008, 5.0059, 410.3966
3642.1854627132416, 1.7008, 5.0059, 410.2587
3644.185564994812, 1.7008, 5.0057, 410.2766
3646.185666322708, 1.7008, 5.0058, 410.0962
3648.1857504844666, 1.7008, 5.0058, 410.1629
3650.185850381851, 1.7008, 5.0059, 410.1978
3652.185935497284, 1.7008, 5.0061, 409.7057
3654.1860246658325, 1.7008, 5.0064, 409.5771
3656.1861579418182, 1.7008, 5.0064, 409.6128
3658.1862626075745, 1.7008, 5.0063, 409.8329
3660.1863944530487, 1.7008, 5.0062, 410.1932
3662.186495065689, 1.7008, 5.0061, 410.3018
3664.188049554825, 0.0, 0.0, 413.8828
3666.1881840229034, 0.0, 0.0, 444.6636
3668.188266515732, 0.0, 0.0, 469.5446
3670.1883583068848, 0.0, 0.0, 490.8934
3672.1884875297546, 0.0, 0.0, 510.2546
3674.188584089279, 0.0, 0.0, 527.6223
3676.188667535782, 0.0, 0.0, 543.188
3678.188815355301, 0.0, 0.0, 557.6088
3680.1888995170593, 0.0, 0.0, 571.5783
3682.1890020370483, 0.0, 0.0, 584.8893
3684.1891090869904, 0.0, 0.0, 598.2235
3686.189244031906, 0.0, 0.0, 610.335
3688.1893808841705, 0.0, 0.0, 621.6139
3690.1895220279694, 0.0, 0.0, 632.8319
3692.1896166801453, 0.0, 0.0, 643.6894
3694.1897642612457, 0.0, 0.0, 654.9145
3696.1898674964905, 0.0, 0.0, 665.6294
3698.1899497509003, 0.0, 0.0, 676.7578
3700.190033197403, 0.0, 0.0, 687.6195
3702.1901185512543, 0.0, 0.0, 697.8034
3704.1902141571045, 0.0, 0.0, 708.6826
3706.1902973651886, 0.0, 0.0, 718.8273
3708.190400123596, 0.0, 0.0, 728.2338
3710.190505027771, 0.0, 0.0, 737.8352
3712.19060754776, 0.0, 0.0, 748.1071
3714.190709590912, 0.0, 0.0, 758.538
3716.190797328949, 0.0, 0.0, 768.6553
3718.1908810138702, 0.0, 0.0, 778.4248
3720.1909630298615, 0.0, 0.0, 788.6183
3722.191043138504, 0.0, 0.0, 798.3942
3724.191127538681, 0.0, 0.0, 808.4993
3726.1912248134613, 0.0, 0.0, 818.199
3728.1913228034973, 0.0, 0.0, 827.5332
3730.191421508789, 0.0, 0.0, 837.1739
3732.191511154175, 0.0, 0.0, 847.5665
3734.191597700119, 0.0, 0.0, 857.1474
3736.1916840076447, 0.0, 0.0, 866.4401
3738.1917867660522, 0.0, 0.0, 875.4105
3740.1918704509735, 0.0, 0.0, 885.0569
3742.1919736862183, 0.0, 0.0, 895.1518
3744.1920795440674, 0.0, 0.0, 904.7772
3746.192181825638, 0.0, 0.0, 914.0925
3748.1922788619995, 0.0, 0.0, 924.0787
3750.1923792362213, 0.0, 0.0, 933.5364
3752.192514181137, 0.0, 0.0, 942.6747
3754.1926181316376, 0.0, 0.0, 951.8948
3756.1927196979523, 0.0, 0.0, 961.2336
3758.1928288936615, 0.0, 0.0, 970.1575
3760.192931652069, 0.0, 0.0, 978.757
3762.1930346488953, 0.0, 0.0, 987.8886
3764.193136692047, 0.0, 0.0, 996.7427
3766.193237543106, 0.0, 0.0, 1005.484
3768.193323135376, 0.0, 0.0, 1014.285
3770.193426132202, 0.0, 0.0, 1023.278
3772.193525314331, 0.0, 0.0, 1032.106
3774.19361948967, 0.0, 0.0, 1040.817
3776.1937549114227, 0.0, 0.0, 1049.431
3778.193843126297, 0.0, 0.0, 1058.493
3780.1939294338226, 0.0, 0.0, 1067.294
3782.1940083503723, 0.0, 0.0, 1075.606
3784.1941044330597, 0.0, 0.0, 1084.751
3786.1942105293274, 0.0, 0.0, 1094.193
3788.1942923069, 0.0, 0.0, 1103.165
3790.1943962574005, 0.0, 0.0, 1111.744
3792.194496870041, 0.0, 0.0, 1120.141
3794.1945939064026, 0.0, 0.0, 1128.891
3796.1946744918823, 0.0, 0.0, 1137.553
3798.194747209549, 0.0, 0.0, 1145.722
3800.1948277950287, 0.0, 0.0, 1153.812
3802.1949281692505, 0.0, 0.0, 1162.198
3804.1950159072876, 0.0, 0.0, 1169.927
3806.1951010227203, 0.0, 0.0, 1177.821
3808.195186138153, 0.0, 0.0, 1185.993
3810.19527053833, 0.0, 0.0, 1193.85
3812.195369720459, 0.0, 0.0, 1201.422
3814.195451259613, 0.0, 0.0, 1209.652
3816.1955530643463, 0.0, 0.0, 1217.784
3818.195636034012, 0.0, 0.0, 1225.766
3820.1957352161407, 0.0, 0.0, 1234.238
3822.1958231925964, 0.0, 0.0, 1241.926
3824.195918560028, 0.0, 0.0, 1248.891
3826.1960039138794, 0.0, 0.0, 1256.332
3828.1960949897766, 0.0, 0.0, 1263.641
3830.1961874961853, 0.0, 0.0, 1270.08
3832.1962678432465, 0.0, 0.0, 1277.208
3834.1963510513306, 0.0, 0.0, 1284.043
3836.196432828903, 0.0, 0.0, 1291.08
3838.1965141296387, 0.0, 0.0, 1298.276
3840.196598291397, 0.0, 0.0, 1305.19
3842.196679830551, 0.0, 0.0, 1312.824
3844.196759223938, 0.0, 0.0, 1320.721
3846.196843147278, 0.0, 0.0, 1327.787
3848.1969289779663, 0.0, 0.0, 1333.848
3850.197010755539, 0.0, 0.0, 1340.438
3852.197112083435, 0.0, 0.0, 1347.27
3854.1972064971924, 0.0, 0.0, 1354.297
3856.197288274765, 0.0, 0.0, 1361.872
3858.1973807811737, 0.0, 0.0, 1368.84
3860.1974642276764, 0.0, 0.0, 1375.926
3862.197546482086, 0.0, 0.0, 1382.274
3864.1976289749146, 0.0, 0.0, 1388.575
3866.1977105140686, 0.0, 0.0, 1395.59
3868.1977887153625, 0.0, 0.0, 1402.671
3870.197868347168, 0.0, 0.0, 1408.675
3872.197954893112, 0.0, 0.0, 1414.291
3874.1980555057526, 0.0, 0.0, 1420.036
3876.1981563568115, 0.0, 0.0, 1426.46
3878.1982402801514, 0.0, 0.0, 1432.597
3880.198322057724, 0.0, 0.0, 1439.727
3882.198415994644, 0.0, 0.0, 1445.816
3884.198517560959, 0.0, 0.0, 1451.565
3886.198600769043, 0.0, 0.0, 1458.69
3888.1986815929413, 0.0, 0.0, 1464.662
3890.1987619400024, 0.0, 0.0, 1470.791
3892.1988649368286, 0.0, 0.0, 1476.944
3894.198949813843, 0.0, 0.0, 1483.309
3896.1990373134613, 0.0, 0.0, 1488.877
3898.1991333961487, 0.0, 0.0, 1494.065
3900.1992206573486, 0.0, 0.0, 1499.945
3902.1993005275726, 0.0, 0.0, 1505.242
3904.19939661026, 0.0, 0.0, 1509.913
3906.199497461319, 0.0, 0.0, 1515.335
3908.1995797157288, 0.0, 0.0, 1521.498
3910.1996731758118, 0.0, 0.0, 1526.781
3912.1997542381287, 0.0, 0.0, 1532.015
3914.199856042862, 0.0, 0.0, 1536.964
3916.199959039688, 0.0, 0.0, 1541.934
3918.200060606003, 0.0, 0.0, 1547.372
3920.200147628784, 0.0, 0.0, 1552.594
3922.2002494335175, 0.0, 0.0, 1558.141
3924.200350999832, 0.0, 0.0, 1563.46
3926.2004387378693, 0.0, 0.0, 1568.79
3928.2005212306976, 0.0, 0.0, 1573.389
3930.200622320175, 0.0, 0.0, 1579.137
3932.2007246017456, 0.0, 0.0, 1585.605
3934.200813293457, 0.0, 0.0, 1591.253
3936.2008979320526, 0.0, 0.0, 1596.583
3938.200985431671, 0.0, 0.0, 1601.458
3940.2010889053345, 0.0, 0.0, 1605.663
3942.2011756896973, 0.0, 0.0, 1610.281
3944.2012696266174, 0.0, 0.0, 1614.455
3946.2013754844666, 0.0, 0.0, 1619.224
3948.201476573944, 0.0, 0.0, 1624.195
3950.20157623291, 0.0, 0.0, 1629.197
3952.2017130851746, 0.0, 0.0, 1633.544
3954.2018163204193, 0.0, 0.0, 1637.757
3956.2019000053406, 0.0, 0.0, 1641.687
3958.2019839286804, 0.0, 0.0, 1646.474
3960.202066898346, 0.0, 0.0, 1651.034
3962.2021520137787, 0.0, 0.0, 1655.181
3964.2022523880005, 0.0, 0.0, 1658.708
3966.2023515701294, 0.0, 0.0, 1662.638
3968.2024517059326, 0.0, 0.0, 1666.81
3970.2025520801544, 0.0, 0.0, 1671.354
3972.202653169632, 0.0, 0.0, 1675.538
3974.2027547359467, 0.0, 0.0, 1679.978
3976.202834367752, 0.0, 0.0, 1684.083
3978.2029190063477, 0.0, 0.0, 1688.469
3980.203052043915, 0.0, 0.0, 1692.486
3982.203146457672, 0.0, 0.0, 1696.126
3984.203251838684, 0.0, 0.0, 1699.869
3986.2033412456512, 0.0, 0.0, 1703.983
3988.2034323215485, 0.0, 0.0, 1707.99
3990.203533887863, 0.0, 0.0, 1712.487
3992.2036204338074, 0.0, 0.0, 1716.597
3994.203727245331, 0.0, 0.0, 1720.093
3996.203866481781, 0.0, 0.0, 1724.249
3998.203971862793, 0.0, 0.0, 1728.13
4000.2040643692017, 0.0, 0.0, 1732.11
4002.204158782959, 0.0, 0.0, 1735.936
4004.2042927742004, 0.0, 0.0, 1740.408
4006.204389333725, 0.0, 0.0, 1743.738
4008.2044956684113, 0.0, 0.0, 1747.18
4010.2045867443085, 0.0, 0.0, 1750.286
4012.204664707184, 0.0, 0.0, 1753.426
4014.2047941684723, 0.0, 0.0, 1756.932
4016.2048847675323, 0.0, 0.0, 1760.257
4018.2049899101257, 0.0, 0.0, 1764.203
4020.2050924301147, 0.0, 0.0, 1768.059
4022.2051825523376, 0.0, 0.0, 1771.487
4024.2052681446075, 0.0, 0.0, 1774.435
4026.205358982086, 0.0, 0.0, 1778.129
4028.2054409980774, 0.0, 0.0, 1781.479
4030.205543279648, 0.0, 0.0, 1784.105
4032.2056448459625, 0.0, 0.0, 1787.346
4034.2057275772095, 0.0, 0.0, 1791.17
4036.2058289051056, 0.0, 0.0, 1795.145
4038.205970287323, 0.0, 0.0, 1798.141
4040.2061038017273, 0.0, 0.0, 1801.002
4042.2062056064606, 0.0, 0.0, 1803.96
4044.2062981128693, 0.0, 0.0, 1807.387
4046.2063999176025, 0.0, 0.0, 1810.516
4048.2064821720123, 0.0, 0.0, 1813.549
4050.206582069397, 0.0, 0.0, 1816.593
4052.2066802978516, 0.0, 0.0, 1820.2
4054.206775188446, 0.0, 0.0, 1823.748
4056.2068741321564, 0.0, 0.0, 1826.914
4058.206979036331, 0.0, 0.0, 1829.475
4060.207063436508, 0.0, 0.0, 1832.457
4062.2071487903595, 0.0, 0.0, 1836.285
4064.2072513103485, 0.0, 0.0, 1839.215
4066.2073364257812, 0.0, 0.0, 1842.087
4068.207431077957, 0.0, 0.0, 1844.802
4070.2075140476227, 0.0, 0.0, 1846.759
4072.207597017288, 0.0, 0.0, 1849.002
4074.207683801651, 0.0, 0.0, 1851.865
4076.207767724991, 0.0, 0.0, 1855.325
4078.207849264145, 0.0, 0.0, 1858.223
4080.207935333252, 0.0, 0.0, 1861.045
4082.208020925522, 0.0, 0.0, 1863.587
4084.2081003189087, 0.0, 0.0, 1866.133
4086.2082331180573, 0.0, 0.0, 1869.321
4088.2083778381348, 0.0, 0.0, 1872.314
4090.208475828171, 0.0, 0.0, 1875.304
4092.2085642814636, 0.0, 0.0, 1877.965
4094.2086522579193, 0.0, 0.0, 1881.283
4096.208753824234, 0.0, 0.0, 1883.577
4098.208853721619, 0.0, 0.0, 1886.19
4100.208997964859, 0.0, 0.0, 1888.338
4102.209098339081, 0.0, 0.0, 1890.284
4104.209198713303, 0.0, 0.0, 1892.419
4106.209284067154, 0.0, 0.0, 1894.741
4108.209384202957, 0.0, 0.0, 1897.3
4110.209516525269, 0.0, 0.0, 1899.775
4112.20965051651, 0.0, 0.0, 1902.127
4114.209732532501, 0.0, 0.0, 1905.051
4116.209815740585, 0.0, 0.0, 1907.984
4118.209898233414, 0.0, 0.0, 1910.302
4120.210002660751, 0.0, 0.0, 1912.872
4122.210085630417, 0.0, 0.0, 1915.793
4124.21018576622, 0.0, 0.0, 1917.833
4126.21026968956, 0.0, 0.0, 1920.165
4128.21036529541, 0.0, 0.0, 1922.438
4130.2104687690735, 0.0, 0.0, 1924.963
4132.21057009697, 0.0, 0.0, 1927.311
4134.210658788681, 0.0, 0.0, 1930.384
4136.2107582092285, 0.0, 0.0, 1932.907
4138.210894107819, 0.0, 0.0, 1934.628
4140.2109842300415, 0.0, 0.0, 1936.496
4142.211080789566, 0.0, 0.0, 1938.416
4144.211216688156, 0.0, 0.0, 1940.292
4146.211351394653, 0.0, 0.0, 1942.963
4148.211444377899, 0.0, 0.0, 1944.917
4150.211546421051, 0.0, 0.0, 1946.881
4152.2116458415985, 0.0, 0.0, 1949.43
4154.21177983284, 0.0, 0.0, 1951.46
4156.211860656738, 0.0, 0.0, 1953.655
4158.211961984634, 0.0, 0.0, 1956.538
4160.212062358856, 0.0, 0.0, 1959.226
4162.212161779404, 0.0, 0.0, 1961.405
4164.212257385254, 0.0, 0.0, 1962.948
4166.212344408035, 0.0, 0.0, 1964.627
4168.2124309539795, 0.0, 0.0, 1966.185
4170.212566375732, 0.0, 0.0, 1968.342
4172.212671041489, 0.0, 0.0, 1970.704
4174.212767839432, 0.0, 0.0, 1972.893
4176.212874174118, 0.0, 0.0, 1975.156
4178.212970256805, 0.0, 0.0, 1977.614
4180.213065862656, 0.0, 0.0, 1979.864
4182.21314907074, 0.0, 0.0, 1982.147
4184.213270187378, 0.0, 0.0, 1983.931
4186.2133622169495, 0.0, 0.0, 1985.646
4188.21346616745, 0.0, 0.0, 1987.609
4190.2135689258575, 0.0, 0.0, 1989.823
4192.213653802872, 0.0, 0.0, 1992.087
4194.2137362957, 0.0, 0.0, 1994.031
4196.2138295173645, 0.0, 0.0, 1996.347
4198.21391582489, 0.0, 0.0, 1998.188
4200.214008569717, 0.0, 0.0, 1999.542
4202.214096546173, 0.0, 0.0, 2001.003
4204.214187145233, 0.0, 0.0, 2002.819
4206.21432352066, 0.0, 0.0, 2004.822
4208.214459180832, 0.0, 0.0, 2006.307
4210.21454501152, 0.0, 0.0, 2008.108
4212.214631080627, 0.0, 0.0, 2010.279
4214.214731454849, 0.0, 0.0, 2012.087
4216.2148315906525, 0.0, 0.0, 2013.78
4218.2149267196655, 0.0, 0.0, 2015.23
4220.215035915375, 0.0, 0.0, 2016.809
4222.215133666992, 0.0, 0.0, 2018.769
4224.215221643448, 0.0, 0.0, 2020.429
4226.2153079509735, 0.0, 0.0, 2022.184
4228.215395450592, 0.0, 0.0, 2024.282
4230.215473175049, 0.0, 0.0, 2026.154
4232.2155549526215, 0.0, 0.0, 2027.412
4234.2156364917755, 0.0, 0.0, 2028.773
4236.215723991394, 0.0, 0.0, 2030.194
4238.215822935104, 0.0, 0.0, 2031.582
4240.215930938721, 0.0, 0.0, 2033.25
4242.216041088104, 0.0, 0.0, 2035.054
4244.216143131256, 0.0, 0.0, 2036.863
4246.216244220734, 0.0, 0.0, 2038.961
4248.216351032257, 0.0, 0.0, 2041.057
4250.2164669036865, 0.0, 0.0, 2042.51
4252.216569185257, 0.0, 0.0, 2043.793
4254.216670751572, 0.0, 0.0, 2045.505
4256.216773509979, 0.0, 0.0, 2047.653
4258.216873884201, 0.0, 0.0, 2050.176
4260.216975450516, 0.0, 0.0, 2052.399
4262.21710896492, 0.0, 0.0, 2054.279
4264.217200994492, 0.0, 0.0, 2055.714
4266.217302799225, 0.0, 0.0, 2057.219
4268.217403888702, 0.0, 0.0, 2058.303
4270.217487573624, 0.0, 0.0, 2059.787
4272.217586755753, 0.0, 0.0, 2061.978
4274.21768784523, 0.0, 0.0, 2063.854
4276.217789649963, 0.0, 0.0, 2065.689
4278.2178909778595, 0.0, 0.0, 2067.181
4280.2179918289185, 0.0, 0.0, 2069.101
4282.218092441559, 0.0, 0.0, 2070.794
4284.218192815781, 0.0, 0.0, 2071.953
4286.218294382095, 0.0, 0.0, 2072.984
4288.218395471573, 0.0, 0.0, 2074.4
4290.21849656105, 0.0, 0.0, 2076.122
4292.2185871601105, 0.0, 0.0, 2077.311
4294.218693971634, 0.0, 0.0, 2078.586
4296.2188193798065, 0.0, 0.0, 2080.596
4298.218916893005, 0.0, 0.0, 2082.295
4300.21902346611, 0.0, 0.0, 2084.122
4302.219118833542, 0.0, 0.0, 2085.711
4304.219213485718, 0.0, 0.0, 2087.978
4306.219304323196, 0.0, 0.0, 2089.827
4308.21941947937, 0.0, 0.0, 2091.488
4310.219521760941, 0.0, 0.0, 2093.242
4312.219624042511, 0.0, 0.0, 2094.717
4314.219766378403, 0.0, 0.0, 2096.226
4316.219855546951, 0.0, 0.0, 2099.381
4318.219986200333, 0.0, 0.0, 2100.527
4320.220096111298, 0.0, 0.0, 2101.787
4322.220187902451, 0.0, 0.0, 2103.026
4324.220272541046, 0.0, 0.0, 2104.024
4326.220371961594, 0.0, 0.0, 2105.854
4328.220472335815, 0.0, 0.0, 2107.653
4330.220574378967, 0.0, 0.0, 2109.221
4332.220713853836, 0.0, 0.0, 2110.704
4334.2208161354065, 0.0, 0.0, 2111.909
4336.220898866653, 0.0, 0.0, 2113.264
4338.220999479294, 0.0, 0.0, 2115.0
4340.221130132675, 0.0, 0.0, 2116.353
4342.221261739731, 0.0, 0.0, 2117.242
4344.221356868744, 0.0, 0.0, 2118.56
4346.221492528915, 0.0, 0.0, 2119.932
4348.221606254578, 0.0, 0.0, 2121.891
4350.221707344055, 0.0, 0.0, 2123.458
4352.221809625626, 0.0, 0.0, 2125.157
4354.221902132034, 0.0, 0.0, 2126.887
4356.222033500671, 0.0, 0.0, 2128.23
4358.222116231918, 0.0, 0.0, 2129.585
4360.22225022316, 0.0, 0.0, 2130.552
4362.222383737564, 0.0, 0.0, 2131.958
4364.22247672081, 0.0, 0.0, 2133.519
4366.222578048706, 0.0, 0.0, 2134.622
4368.222665548325, 0.0, 0.0, 2135.872
4370.222745656967, 0.0, 0.0, 2136.88
4372.222852706909, 0.0, 0.0, 2138.654
4374.222932815552, 0.0, 0.0, 2140.129
4376.223019361496, 0.0, 0.0, 2142.036
4378.2231092453, 0.0, 0.0, 2143.341
4380.223204374313, 0.0, 0.0, 2144.735
4382.223291397095, 0.0, 0.0, 2145.708
4384.223383188248, 0.0, 0.0, 2146.551
4386.223475217819, 0.0, 0.0, 2147.194
4388.223564624786, 0.0, 0.0, 2148.306
4390.223648309708, 0.0, 0.0, 2149.574
4392.223746061325, 0.0, 0.0, 2150.856
4394.223838806152, 0.0, 0.0, 2152.154
4396.223926305771, 0.0, 0.0, 2152.821
4398.22402882576, 0.0, 0.0, 2153.724
4400.224134683609, 0.0, 0.0, 2154.737
4402.224236011505, 0.0, 0.0, 2155.796
4404.224338769913, 0.0, 0.0, 2157.121
4406.224440097809, 0.0, 0.0, 2158.667
4408.224558353424, 0.0, 0.0, 2159.911
4410.22466135025, 0.0, 0.0, 2161.419
4412.224767208099, 0.0, 0.0, 2163.658
4414.2248685359955, 0.0, 0.0, 2165.059
4416.224971294403, 0.0, 0.0, 2166.718
4418.225080728531, 0.0, 0.0, 2167.949
4420.225185871124, 0.0, 0.0, 2168.932
4422.225327730179, 0.0, 0.0, 2170.252
4424.225430965424, 0.0, 0.0, 2171.247
4426.225537776947, 0.0, 0.0, 2172.383
4428.225640535355, 0.0, 0.0, 2173.352
4430.2257215976715, 0.0, 0.0, 2173.974
4432.225813627243, 0.0, 0.0, 2174.506
4434.225897312164, 0.0, 0.0, 2175.4
4436.22598862648, 0.0, 0.0, 2176.585
4438.226094722748, 0.0, 0.0, 2177.833
4440.226180076599, 0.0, 0.0, 2179.447
4442.226264476776, 0.0, 0.0, 2180.95
4444.226370811462, 0.0, 0.0, 2182.15
4446.226475954056, 0.0, 0.0, 2183.305
4448.226584434509, 0.0, 0.0, 2184.519
4450.226692199707, 0.0, 0.0, 2185.458
4452.226790428162, 0.0, 0.0, 2186.245
4454.226931095123, 0.0, 0.0, 2187.074
4456.227039337158, 0.0, 0.0, 2188.025
4458.227139949799, 0.0, 0.0, 2189.045
4460.227244853973, 0.0, 0.0, 2190.194
4462.227353096008, 0.0, 0.0, 2190.919
4464.227486371994, 0.0, 0.0, 2191.466
4466.22759437561, 0.0, 0.0, 2192.485
4468.227688074112, 0.0, 0.0, 2193.607
4470.2277891635895, 0.0, 0.0, 2195.002
4472.227890014648, 0.0, 0.0, 2196.696
4474.227993965149, 0.0, 0.0, 2197.622
4476.2281041145325, 0.0, 0.0, 2198.514
4478.228237390518, 0.0, 0.0, 2199.693
4480.228340387344, 0.0, 0.0, 2200.621
4482.228445053101, 0.0, 0.0, 2201.912
4484.228551864624, 0.0, 0.0, 2203.068
4486.228712320328, 0.0, 0.0, 2204.531
4488.22881603241, 0.0, 0.0, 2205.217
4490.228915929794, 0.0, 0.0, 2205.824
4492.2290160655975, 0.0, 0.0, 2206.483
4494.229110956192, 0.0, 0.0, 2207.668
4496.229248046875, 0.0, 0.0, 2208.694
4498.229362487793, 0.0, 0.0, 2209.67
4500.2295043468475, 0.0, 0.0, 2210.825
4502.229592084885, 0.0, 0.0, 2211.924
4504.229695796967, 0.0, 0.0, 2213.222
4506.229835271835, 0.0, 0.0, 2214.265
4508.229920864105, 0.0, 0.0, 2215.511
4510.23001408577, 0.0, 0.0, 2216.891
4512.2301025390625, 0.0, 0.0, 2217.877
4514.230200767517, 0.0, 0.0, 2218.262
4516.230288743973, 0.0, 0.0, 2218.988
4518.230374097824, 0.0, 0.0, 2220.054
4520.230487346649, 0.0, 0.0, 2221.498
4522.230633020401, 0.0, 0.0, 2222.502
4524.23077082634, 0.0, 0.0, 2223.894
4526.230852842331, 0.0, 0.0, 2224.96
4528.230934858322, 0.0, 0.0, 2225.865
4530.2310383319855, 0.0, 0.0, 2226.872
4532.231123924255, 0.0, 0.0, 2227.702
4534.231205701828, 0.0, 0.0, 2228.289
4536.231309175491, 0.0, 0.0, 2228.638
4538.231396436691, 0.0, 0.0, 2229.695
4540.231499195099, 0.0, 0.0, 2230.96
4542.231600999832, 0.0, 0.0, 2231.964
4544.2316863536835, 0.0, 0.0, 2232.711
4546.231790781021, 0.0, 0.0, 2233.524
4548.231870174408, 0.0, 0.0, 2234.069
4550.231971979141, 0.0, 0.0, 2234.988
4552.2320737838745, 0.0, 0.0, 2236.184
4554.232177019119, 0.0, 0.0, 2237.472
4556.232278108597, 0.0, 0.0, 2238.218
4558.232359409332, 0.0, 0.0, 2238.856
4560.232444286346, 0.0, 0.0, 2240.166
4562.232545137405, 0.0, 0.0, 2241.027
4564.232636451721, 0.0, 0.0, 2242.199
4566.232723236084, 0.0, 0.0, 2243.29
4568.232807636261, 0.0, 0.0, 2244.506
4570.232915639877, 0.0, 0.0, 2245.376
4572.233018159866, 0.0, 0.0, 2245.987
4574.233127355576, 0.0, 0.0, 2246.898
4576.233229875565, 0.0, 0.0, 2247.436
4578.233322381973, 0.0, 0.0, 2248.096
4580.233453035355, 0.0, 0.0, 2248.867
4582.233546257019, 0.0, 0.0, 2249.481
4584.233645915985, 0.0, 0.0, 2250.621
4586.233748435974, 0.0, 0.0, 2252.041
4588.233849525452, 0.0, 0.0, 2253.455
4590.233949661255, 0.0, 0.0, 2254.46
4592.234034776688, 0.0, 0.0, 2254.814
4594.234129190445, 0.0, 0.0, 2255.727
4596.234225034714, 0.0, 0.0, 2256.46
4598.234328746796, 0.0, 0.0, 2257.096
4600.234431743622, 0.0, 0.0, 2258.581
4602.234534502029, 0.0, 0.0, 2259.343
4604.2346205711365, 0.0, 0.0, 2260.213
4606.234761714935, 0.0, 0.0, 2260.962
4608.234835624695, 0.0, 0.0, 2261.471
4610.234916448593, 0.0, 0.0, 2262.298
4612.235003709793, 0.0, 0.0, 2263.092
4614.235110759735, 0.0, 0.0, 2263.76
4616.235211849213, 0.0, 0.0, 2264.41
4618.235310077667, 0.0, 0.0, 2265.18
4620.235410928726, 0.0, 0.0, 2265.943
4622.23549413681, 0.0, 0.0, 2266.947
4624.235578536987, 0.0, 0.0, 2267.382
4626.23571228981, 0.0, 0.0, 2267.837
4628.235814332962, 0.0, 0.0, 2268.426
4630.235915184021, 0.0, 0.0, 2269.443
4632.235999345779, 0.0, 0.0, 2270.123
4634.236109495163, 0.0, 0.0, 2271.049
4636.236211538315, 0.0, 0.0, 2271.896
4638.236297130585, 0.0, 0.0, 2272.634
4640.236382007599, 0.0, 0.0, 2273.363
4642.236482381821, 0.0, 0.0, 2274.37
4644.2365646362305, 0.0, 0.0, 2275.596
4646.236647844315, 0.0, 0.0, 2276.948
4648.236743927002, 0.0, 0.0, 2277.829
4650.236842870712, 0.0, 0.0, 2278.108
4652.2369294166565, 0.0, 0.0, 2279.079
4654.2370274066925, 0.0, 0.0, 2279.671
4656.23712348938, 0.0, 0.0, 2280.716
4658.237213373184, 0.0, 0.0, 2281.461
4660.237300157547, 0.0, 0.0, 2282.541
4662.237402915955, 0.0, 0.0, 2283.254
4664.2375338077545, 0.0, 0.0, 2283.899
4666.237636566162, 0.0, 0.0, 2284.666
4668.237772941589, 0.0, 0.0, 2285.224
4670.237877130508, 0.0, 0.0, 2285.874
4672.23797750473, 0.0, 0.0, 2286.616
4674.238077163696, 0.0, 0.0, 2287.716
4676.238177776337, 0.0, 0.0, 2288.91
4678.23827290535, 0.0, 0.0, 2289.669
4680.23837518692, 0.0, 0.0, 2290.542
4682.2384786605835, 0.0, 0.0, 2291.719
4684.238561868668, 0.0, 0.0, 2292.522
4686.238665103912, 0.0, 0.0, 2293.23
4688.238755702972, 0.0, 0.0, 2293.807
4690.2388434410095, 0.0, 0.0, 2294.068
4692.238936662674, 0.0, 0.0, 2294.321
4694.2390241622925, 0.0, 0.0, 2294.711
4696.239130973816, 0.0, 0.0, 2295.183
4698.239231348038, 0.0, 0.0, 2296.002
4700.239329576492, 0.0, 0.0, 2296.724
4702.239426851273, 0.0, 0.0, 2297.421
4704.2395277023315, 0.0, 0.0, 2297.966
4706.239661693573, 0.0, 0.0, 2298.857
4708.23980140686, 0.0, 0.0, 2300.148
4710.239885807037, 0.0, 0.0, 2301.319
4712.239975452423, 0.0, 0.0, 2302.495
4714.240076303482, 0.0, 0.0, 2303.319
4716.240177631378, 0.0, 0.0, 2303.948
4718.2402629852295, 0.0, 0.0, 2304.489
4720.240348339081, 0.0, 0.0, 2305.346
4722.240449666977, 0.0, 0.0, 2306.202
4724.240550994873, 0.0, 0.0, 2307.166
4726.240646839142, 0.0, 0.0, 2307.458
4728.240740060806, 0.0, 0.0, 2307.72
4730.2408356666565, 0.0, 0.0, 2308.125
4732.240935325623, 0.0, 0.0, 2308.578
4734.241028785706, 0.0, 0.0, 2309.329
4736.241133928299, 0.0, 0.0, 2310.397
4738.241258144379, 0.0, 0.0, 2311.803
4740.241365432739, 0.0, 0.0, 2312.732
4742.241448879242, 0.0, 0.0, 2313.376
4744.241554021835, 0.0, 0.0, 2314.31
4746.241659879684, 0.0, 0.0, 2314.901
4748.241759061813, 0.0, 0.0, 2315.796
4750.241852521896, 0.0, 0.0, 2316.12
4752.241942167282, 0.0, 0.0, 2316.239
4754.242037057877, 0.0, 0.0, 2316.66
4756.242139816284, 0.0, 0.0, 2317.298
4758.24222946167, 0.0, 0.0, 2318.108
4760.242331981659, 0.0, 0.0, 2318.993
4762.242466926575, 0.0, 0.0, 2319.797
4764.242567062378, 0.0, 0.0, 2320.531
4766.24267077446, 0.0, 0.0, 2320.971
4768.242775917053, 0.0, 0.0, 2321.489
4770.242919206619, 0.0, 0.0, 2322.168
4772.243032217026, 0.0, 0.0, 2322.884
4774.243140935898, 0.0, 0.0, 2323.083
4776.243231058121, 0.0, 0.0, 2323.842
4778.243333816528, 0.0, 0.0, 2324.853
4780.243431806564, 0.0, 0.0, 2325.868
4782.243565559387, 0.0, 0.0, 2326.902
4784.243704319, 0.0, 0.0, 2327.854
4786.24379324913, 0.0, 0.0, 2328.609
4788.243893623352, 0.0, 0.0, 2329.394
4790.244002342224, 0.0, 0.0, 2330.101
4792.244112253189, 0.0, 0.0, 2330.925
4794.244213342667, 0.0, 0.0, 2331.536
4796.24432682991, 0.0, 0.0, 2331.613
4798.244463443756, 0.0, 0.0, 2331.782
4800.244560480118, 0.0, 0.0, 2332.251
4802.24466252327, 0.0, 0.0, 2332.877
4804.244765281677, 0.0, 0.0, 2333.563
4806.244855642319, 0.0, 0.0, 2333.998
4808.244964361191, 0.0, 0.0, 2334.641
4810.245116949081, 0.0, 0.0, 2335.568
4812.245220422745, 0.0, 0.0, 2336.433
4814.24530339241, 0.0, 0.0, 2336.776
4816.245385885239, 0.0, 0.0, 2337.195
4818.245468378067, 0.0, 0.0, 2338.376
4820.245573997498, 0.0, 0.0, 2339.158
4822.245676755905, 0.0, 0.0, 2339.572
4824.245768785477, 0.0, 0.0, 2340.035
4826.245854616165, 0.0, 0.0, 2340.808
4828.245952606201, 0.0, 0.0, 2341.634
4830.246040344238, 0.0, 0.0, 2342.62
4832.246141433716, 0.0, 0.0, 2343.771
4834.246239423752, 0.0, 0.0, 2344.369
4836.246341228485, 0.0, 0.0, 2344.826
4838.2464463710785, 0.0, 0.0, 2345.154
4840.246536970139, 0.0, 0.0, 2345.888
4842.246625423431, 0.0, 0.0, 2346.887
4844.246728658676, 0.0, 0.0, 2347.627
4846.246866941452, 0.0, 0.0, 2348.112
4848.246973991394, 0.0, 0.0, 2348.551
4850.2470717430115, 0.0, 0.0, 2349.413
4852.247171163559, 0.0, 0.0, 2350.324
4854.247272014618, 0.0, 0.0, 2351.182
4856.247371435165, 0.0, 0.0, 2351.945
4858.247459888458, 0.0, 0.0, 2352.63
4860.247550010681, 0.0, 0.0, 2353.16
4862.2476460933685, 0.0, 0.0, 2353.607
4864.247754096985, 0.0, 0.0, 2354.209
4866.24785900116, 0.0, 0.0, 2354.559
4868.247963428497, 0.0, 0.0, 2355.098
4870.248051643372, 0.0, 0.0, 2356.069
4872.24818444252, 0.0, 0.0, 2356.707
4874.248312473297, 0.0, 0.0, 2357.66
4876.248400211334, 0.0, 0.0, 2358.318
4878.248504638672, 0.0, 0.0, 2359.079
4880.2485954761505, 0.0, 0.0, 2359.948
4882.24870967865, 0.0, 0.0, 2360.487
4884.248809814453, 0.0, 0.0, 2361.244
4886.248907327652, 0.0, 0.0, 2361.998
4888.249002456665, 0.0, 0.0, 2362.823
4890.24910235405, 0.0, 0.0, 2363.511
4892.249189376831, 0.0, 0.0, 2364.026
4894.249269723892, 0.0, 0.0, 2364.237
4896.249346971512, 0.0, 0.0, 2364.562
4898.249424934387, 0.0, 0.0, 2365.031
4900.249524116516, 0.0, 0.0, 2365.836
4902.249619007111, 0.0, 0.0, 2366.883
4904.249699831009, 0.0, 0.0, 2367.53
4906.249778032303, 0.0, 0.0, 2368.231
4908.249877214432, 0.0, 0.0, 2368.642
4910.24996137619, 0.0, 0.0, 2369.18
4912.250045776367, 0.0, 0.0, 2369.633
4914.2501356601715, 0.0, 0.0, 2370.348
4916.25021982193, 0.0, 0.0, 2371.426
4918.250300645828, 0.0, 0.0, 2372.269
4920.250384092331, 0.0, 0.0, 2373.033
4922.250469684601, 0.0, 0.0, 2373.681
4924.25057053566, 0.0, 0.0, 2374.44
4926.250668287277, 0.0, 0.0, 2375.002
4928.250751495361, 0.0, 0.0, 2375.553
4930.250851631165, 0.0, 0.0, 2376.065
4932.250936508179, 0.0, 0.0, 2376.535
4934.251020908356, 0.0, 0.0, 2376.986
4936.251116275787, 0.0, 0.0, 2377.437
4938.251221179962, 0.0, 0.0, 2377.814
4940.251317977905, 0.0, 0.0, 2378.171
4942.251418352127, 0.0, 0.0, 2378.964
4944.251505851746, 0.0, 0.0, 2379.725
4946.251586675644, 0.0, 0.0, 2380.405
4948.251667022705, 0.0, 0.0, 2381.252
4950.251801729202, 0.0, 0.0, 2382.171
4952.251884698868, 0.0, 0.0, 2382.304
4954.251973867416, 0.0, 0.0, 2382.665
4956.252057313919, 0.0, 0.0, 2383.433
4958.252162456512, 0.0, 0.0, 2384.084
4960.2522559165955, 0.0, 0.0, 2385.094
4962.2523601055145, 0.0, 0.0, 2385.712
4964.252461910248, 0.0, 0.0, 2386.266
4966.252566099167, 0.0, 0.0, 2386.796
4968.252678632736, 0.0, 0.0, 2387.192
4970.252818584442, 0.0, 0.0, 2387.508
4972.252921581268, 0.0, 0.0, 2387.953
4974.253007888794, 0.0, 0.0, 2388.463
4976.253097772598, 0.0, 0.0, 2389.068
4978.25318646431, 0.0, 0.0, 2389.374
4980.253289222717, 0.0, 0.0, 2389.829
4982.2533893585205, 0.0, 0.0, 2390.47
4984.253525972366, 0.0, 0.0, 2391.421
4986.253621339798, 0.0, 0.0, 2391.911
4988.253709554672, 0.0, 0.0, 2392.372
4990.2538368701935, 0.0, 0.0, 2392.725
4992.253941059113, 0.0, 0.0, 2393.364
4994.254073858261, 0.0, 0.0, 2394.004
4996.254211425781, 0.0, 0.0, 2394.381
4998.254326581955, 0.0, 0.0, 2394.852
5000.254441022873, 0.0, 0.0, 2395.539
5002.254539489746, 0.0, 0.0, 2395.928
5004.2546899318695, 0.0, 0.0, 2396.572
5006.254791498184, 0.0, 0.0, 2397.08
5008.254884958267, 0.0, 0.0, 2397.837
5010.254993438721, 0.0, 0.0, 2398.616
5012.255094766617, 0.0, 0.0, 2399.195
5014.255204439163, 0.0, 0.0, 2399.512
5016.255299329758, 0.0, 0.0, 2399.921
5018.255415916443, 0.0, 0.0, 2400.28
5020.255507230759, 0.0, 0.0, 2400.491
5022.2555956840515, 0.0, 0.0, 2400.565
5024.255691766739, 0.0, 0.0, 2400.781
5026.255795478821, 0.0, 0.0, 2401.514
5028.255914211273, 0.0, 0.0, 2402.193
5030.256034851074, 0.0, 0.0, 2402.894
5032.25616145134, 0.0, 0.0, 2403.383
5034.256262302399, 0.0, 0.0, 2403.566
5036.256359577179, 0.0, 0.0, 2403.956
5038.256463766098, 0.0, 0.0, 2404.343
5040.256564617157, 0.0, 0.0, 2404.843
5042.256672382355, 0.0, 0.0, 2405.226
5044.256766796112, 0.0, 0.0, 2405.473
5046.25684261322, 0.0, 0.0, 2406.144
5048.2569262981415, 0.0, 0.0, 2406.757
5050.257029771805, 0.0, 0.0, 2407.108
5052.257175683975, 0.0, 0.0, 2407.825
5054.257263422012, 0.0, 0.0, 2408.512
5056.257363557816, 0.0, 0.0, 2409.406
5058.2574644088745, 0.0, 0.0, 2409.974
5060.257552862167, 0.0, 0.0, 2410.452
5062.257657051086, 0.0, 0.0, 2410.93
5064.257794380188, 0.0, 0.0, 2411.374
5066.25789809227, 0.0, 0.0, 2411.564
5068.258029937744, 0.0, 0.0, 2411.613
5070.258128643036, 0.0, 0.0, 2411.706
5072.258229255676, 0.0, 0.0, 2411.904
5074.258328914642, 0.0, 0.0, 2412.739
5076.258434057236, 0.0, 0.0, 2413.544
5078.258540868759, 0.0, 0.0, 2413.774
5080.258672475815, 0.0, 0.0, 2414.178
5082.258758068085, 0.0, 0.0, 2414.658
5084.258892774582, 0.0, 0.0, 2415.247
5086.258988142014, 0.0, 0.0, 2415.439
5088.259135484695, 0.0, 0.0, 2415.496
5090.259237289429, 0.0, 0.0, 2415.649
5092.259325742722, 0.0, 0.0, 2416.35
5094.259429216385, 0.0, 0.0, 2417.098
5096.259524822235, 0.0, 0.0, 2417.801
5098.259638547897, 0.0, 0.0, 2418.123
5100.259739160538, 0.0, 0.0, 2418.748
5102.259882450104, 0.0, 0.0, 2419.529
5104.26001906395, 0.0, 0.0, 2420.323
5106.260130882263, 0.0, 0.0, 2420.706
5108.260221719742, 0.0, 0.0, 2420.977
5110.260304450989, 0.0, 0.0, 2421.555
5112.2603969573975, 0.0, 0.0, 2422.193
5114.260529756546, 0.0, 0.0, 2422.704
5116.2606456279755, 0.0, 0.0, 2423.379
5118.260746002197, 0.0, 0.0, 2423.815
5120.260850191116, 0.0, 0.0, 2424.019
5122.260946512222, 0.0, 0.0, 2424.434
5124.261049747467, 0.0, 0.0, 2425.208
5126.261152505875, 0.0, 0.0, 2426.022
5128.2612891197205, 0.0, 0.0, 2426.605
5130.261382102966, 0.0, 0.0, 2427.318
5132.261487960815, 0.0, 0.0, 2427.681
5134.261637926102, 0.0, 0.0, 2428.044
5136.261751174927, 0.0, 0.0, 2428.689
5138.261856079102, 0.0, 0.0, 2429.254
5140.2619614601135, 0.0, 0.0, 2429.711
5142.262066364288, 0.0, 0.0, 2430.02
5144.2621948719025, 0.0, 0.0, 2430.289
5146.262302398682, 0.0, 0.0, 2430.687
5148.262408018112, 0.0, 0.0, 2430.67
5150.262510061264, 0.0, 0.0, 2430.628
5152.262614965439, 0.0, 0.0, 2431.087
5154.262723445892, 0.0, 0.0, 2431.752
5156.262827396393, 0.0, 0.0, 2432.185
5158.262925863266, 0.0, 0.0, 2432.718
5160.263027429581, 0.0, 0.0, 2433.419
5162.26313495636, 0.0, 0.0, 2434.358
5164.263219356537, 0.0, 0.0, 2434.827
5166.26330780983, 0.0, 0.0, 2434.969
5168.263404130936, 0.0, 0.0, 2435.237
5170.263501405716, 0.0, 0.0, 2435.88
5172.2636070251465, 0.0, 0.0, 2436.565
5174.26370716095, 0.0, 0.0, 2437.035
5176.263809680939, 0.0, 0.0, 2437.355
5178.263913393021, 0.0, 0.0, 2438.079
5180.264028310776, 0.0, 0.0, 2438.586
5182.264135837555, 0.0, 0.0, 2439.008
5184.264230012894, 0.0, 0.0, 2439.553
5186.2643258571625, 0.0, 0.0, 2440.534
5188.26442861557, 0.0, 0.0, 2441.281
5190.2645175457, 0.0, 0.0, 2441.45
5192.264620780945, 0.0, 0.0, 2441.429
5194.264719486237, 0.0, 0.0, 2442.03
5196.264827251434, 0.0, 0.0, 2442.791
5198.264939069748, 0.0, 0.0, 2443.216
5200.265083789825, 0.0, 0.0, 2443.745
5202.265192747116, 0.0, 0.0, 2443.962
5204.2652904987335, 0.0, 0.0, 2444.449
5206.265389442444, 0.0, 0.0, 2445.274
5208.2654910087585, 0.0, 0.0, 2446.191
5210.265597581863, 0.0, 0.0, 2446.814
5212.2656972408295, 0.0, 0.0, 2446.98
5214.265827655792, 0.0, 0.0, 2447.418
5216.265918254852, 0.0, 0.0, 2448.038
5218.266002416611, 0.0, 0.0, 2448.39
5220.2660846710205, 0.0, 0.0, 2448.563
5222.266172170639, 0.0, 0.0, 2448.731
5224.266310930252, 0.0, 0.0, 2449.436
5226.266453266144, 0.0, 0.0, 2449.674
5228.266586780548, 0.0, 0.0, 2449.815
5230.26669216156, 0.0, 0.0, 2449.96
5232.266824960709, 0.0, 0.0, 2450.159
5234.266956329346, 0.0, 0.0, 2450.608
5236.2670431137085, 0.0, 0.0, 2450.984
5238.267146587372, 0.0, 0.0, 2451.458
5240.267251968384, 0.0, 0.0, 2451.834
5242.267350912094, 0.0, 0.0, 2452.007
5244.267479419708, 0.0, 0.0, 2452.252
5246.267566680908, 0.0, 0.0, 2453.102
5248.267659187317, 0.0, 0.0, 2453.788
5250.267757177353, 0.0, 0.0, 2454.146
5252.2678565979, 0.0, 0.0, 2454.497
5254.267945289612, 0.0, 0.0, 2454.989
5256.268034696579, 0.0, 0.0, 2455.183
5258.268144607544, 0.0, 0.0, 2455.679
5260.268251419067, 0.0, 0.0, 2456.333
5262.268352031708, 0.0, 0.0, 2457.087
5264.268490552902, 0.0, 0.0, 2457.592
5266.2685759067535, 0.0, 0.0, 2458.198
5268.268664360046, 0.0, 0.0, 2458.618
5270.268746852875, 0.0, 0.0, 2458.917
5272.26883482933, 0.0, 0.0, 2459.515
5274.268923521042, 0.0, 0.0, 2459.925
5276.269010066986, 0.0, 0.0, 2460.258
5278.269100189209, 0.0, 0.0, 2460.886
5280.269232749939, 0.0, 0.0, 2461.394
5282.269366264343, 0.0, 0.0, 2461.834
5284.2694528102875, 0.0, 0.0, 2461.996
5286.26953458786, 0.0, 0.0, 2462.45
5288.269621133804, 0.0, 0.0, 2462.641
5290.269708156586, 0.0, 0.0, 2462.86
5292.26983499527, 0.0, 0.0, 2463.117
5294.269968509674, 0.0, 0.0, 2463.588
5296.270103931427, 0.0, 0.0, 2464.179
5298.27020573616, 0.0, 0.0, 2464.852
5300.270307302475, 0.0, 0.0, 2465.246
5302.270416975021, 0.0, 0.0, 2465.511
5304.270506858826, 0.0, 0.0, 2466.109
5306.27063703537, 0.0, 0.0, 2466.704
5308.270728588104, 0.0, 0.0, 2467.46
5310.270818710327, 0.0, 0.0, 2468.089
5312.270924091339, 0.0, 0.0, 2468.488
5314.271055459976, 0.0, 0.0, 2468.719
5316.271188020706, 0.0, 0.0, 2469.236
5318.2712914943695, 0.0, 0.0, 2469.576
5320.271393060684, 0.0, 0.0, 2469.905
5322.271490573883, 0.0, 0.0, 2470.554
5324.271590709686, 0.0, 0.0, 2470.888
5326.271724462509, 0.0, 0.0, 2471.173
5328.271865844727, 0.0, 0.0, 2471.497
5330.271999120712, 0.0, 0.0, 2471.85
5332.272101640701, 0.0, 0.0, 2472.368
5334.272207975388, 0.0, 0.0, 2472.862
5336.27231502533, 0.0, 0.0, 2473.202
5338.272421121597, 0.0, 0.0, 2473.992
5340.272534132004, 0.0, 0.0, 2474.335
5342.272621393204, 0.0, 0.0, 2474.522
5344.272713661194, 0.0, 0.0, 2474.861
5346.2728090286255, 0.0, 0.0, 2475.262
5348.2729432582855, 0.0, 0.0, 2475.651
5350.273025274277, 0.0, 0.0, 2476.153
5352.273113012314, 0.0, 0.0, 2476.442
5354.273212432861, 0.0, 0.0, 2476.548
5356.273350954056, 0.0, 0.0, 2476.936
5358.273455619812, 0.0, 0.0, 2477.633
5360.273587465286, 0.0, 0.0, 2477.832
5362.27366900444, 0.0, 0.0, 2478.245
5364.273770332336, 0.0, 0.0, 2478.511
5366.273876905441, 0.0, 0.0, 2478.723
5368.273962974548, 0.0, 0.0, 2478.94
5370.274099111557, 0.0, 0.0, 2479.324
5372.274204730988, 0.0, 0.0, 2479.658
5374.274300575256, 0.0, 0.0, 2480.207
5376.274404525757, 0.0, 0.0, 2480.629
5378.274509906769, 0.0, 0.0, 2481.174
5380.274645090103, 0.0, 0.0, 2481.786
5382.274755001068, 0.0, 0.0, 2482.372
5384.274841308594, 0.0, 0.0, 2482.584
5386.274926662445, 0.0, 0.0, 2482.911
5388.275028705597, 0.0, 0.0, 2483.252
5390.275139331818, 0.0, 0.0, 2483.737
5392.275241613388, 0.0, 0.0, 2484.193
5394.275375843048, 0.0, 0.0, 2484.569
5396.275479316711, 0.0, 0.0, 2484.669
5398.275614738464, 0.0, 0.0, 2484.789
5400.275720834732, 0.0, 0.0, 2485.533
5402.275822639465, 0.0, 0.0, 2486.241
5404.275919675827, 0.0, 0.0, 2486.805
5406.2760181427, 0.0, 0.0, 2487.125
5408.276103258133, 0.0, 0.0, 2487.563
5410.2762241363525, 0.0, 0.0, 2487.986
5412.276332378387, 0.0, 0.0, 2488.285
5414.2764348983765, 0.0, 0.0, 2488.44
5416.276568174362, 0.0, 0.0, 2488.858
5418.2766699790955, 0.0, 0.0, 2489.381
5420.276754140854, 0.0, 0.0, 2489.819
5422.276851892471, 0.0, 0.0, 2490.269
5424.27694940567, 0.0, 0.0, 2490.618
5426.2770829200745, 0.0, 0.0, 2490.932
5428.277177333832, 0.0, 0.0, 2491.212
5430.2772789001465, 0.0, 0.0, 2491.442
5432.277365684509, 0.0, 0.0, 2491.821
5434.277497053146, 0.0, 0.0, 2492.187
5436.277601003647, 0.0, 0.0, 2492.47
5438.277734279633, 0.0, 0.0, 2492.787
5440.277834892273, 0.0, 0.0, 2493.233
5442.277935266495, 0.0, 0.0, 2493.742
5444.278036117554, 0.0, 0.0, 2493.99
5446.2781438827515, 0.0, 0.0, 2494.42
5448.27824473381, 0.0, 0.0, 2494.742
5450.278326511383, 0.0, 0.0, 2495.093
5452.278419017792, 0.0, 0.0, 2495.524
5454.278528690338, 0.0, 0.0, 2496.02
5456.278630256653, 0.0, 0.0, 2496.184
5458.27871632576, 0.0, 0.0, 2496.541
5460.278820991516, 0.0, 0.0, 2496.836
5462.278904676437, 0.0, 0.0, 2497.052
5464.2790105342865, 0.0, 0.0, 2497.407
5466.279136896133, 0.0, 0.0, 2498.012
5468.279274225235, 0.0, 0.0, 2498.425
5470.279412984848, 0.0, 0.0, 2498.838
5472.279530763626, 0.0, 0.0, 2499.294
5474.279629945755, 0.0, 0.0, 2499.591
5476.279765844345, 0.0, 0.0, 2499.966
5478.279904127121, 0.0, 0.0, 2500.511
5480.280007123947, 0.0, 0.0, 2500.794
5482.280094861984, 0.0, 0.0, 2501.0
5484.280197620392, 0.0, 0.0, 2501.395
5486.280337810516, 0.0, 0.0, 2501.711
5488.280473947525, 0.0, 0.0, 2502.143
5490.280564546585, 0.0, 0.0, 2502.54
5492.280666589737, 0.0, 0.0, 2503.026
5494.280756950378, 0.0, 0.0, 2503.469
5496.280857086182, 0.0, 0.0, 2503.655
5498.280946731567, 0.0, 0.0, 2504.195
5500.281078577042, 0.0, 0.0, 2504.333
5502.2811641693115, 0.0, 0.0, 2504.38
5504.2812650203705, 0.0, 0.0, 2504.528
5506.281365633011, 0.0, 0.0, 2504.496
5508.281466722488, 0.0, 0.0, 2504.699
5510.281550645828, 0.0, 0.0, 2504.957
5512.281649589539, 0.0, 0.0, 2505.46
5514.281747579575, 0.0, 0.0, 2505.886
5516.281847000122, 0.0, 0.0, 2506.144
5518.281934499741, 0.0, 0.0, 2506.636
5520.2820336818695, 0.0, 0.0, 2507.259
5522.282139778137, 0.0, 0.0, 2507.625
5524.282220840454, 0.0, 0.0, 2508.072
5526.2823214530945, 0.0, 0.0, 2508.428
5528.282409191132, 0.0, 0.0, 2508.803
5530.282737493515, 0.0, 0.0, 2508.998
5532.282829284668, 0.0, 0.0, 2509.304
5534.282935380936, 0.0, 0.0, 2509.826
5536.283021211624, 0.0, 0.0, 2510.229
5538.2831354141235, 0.0, 0.0, 2510.526
5540.283233880997, 0.0, 0.0, 2510.813
5542.28334236145, 0.0, 0.0, 2511.179
5544.283442258835, 0.0, 0.0, 2511.623
5546.283533573151, 0.0, 0.0, 2511.996
5548.283632278442, 0.0, 0.0, 2512.247
5550.28373503685, 0.0, 0.0, 2512.47
5552.283835411072, 0.0, 0.0, 2512.852
5554.283936023712, 0.0, 0.0, 2513.308
5556.28403711319, 0.0, 0.0, 2513.651
5558.284143209457, 0.0, 0.0, 2513.802
5560.284243583679, 0.0, 0.0, 2514.087
5562.284340381622, 0.0, 0.0, 2514.302
5564.284442424774, 0.0, 0.0, 2514.522
5566.284537553787, 0.0, 0.0, 2514.81
5568.284623146057, 0.0, 0.0, 2515.0
5570.284704685211, 0.0, 0.0, 2515.396
5572.284804344177, 0.0, 0.0, 2515.885
5574.284906387329, 0.0, 0.0, 2516.294
5576.28514289856, 0.0, 0.0, 2516.925
5578.285243988037, 0.0, 0.0, 2517.411
5580.285341262817, 0.0, 0.0, 2517.865
5582.2854771614075, 0.0, 0.0, 2518.163
5584.285579442978, 0.0, 0.0, 2518.261
5586.285715579987, 0.0, 0.0, 2518.415
5588.2858345508575, 0.0, 0.0, 2518.63
5590.285971164703, 0.0, 0.0, 2518.747
5592.286076784134, 0.0, 0.0, 2518.933
5594.286168336868, 0.0, 0.0, 2519.443
5596.286253213882, 0.0, 0.0, 2520.14
5598.286351442337, 0.0, 0.0, 2520.599
5600.286505699158, 0.0, 0.0, 2520.721
5602.286592721939, 0.0, 0.0, 2520.772
5604.286679267883, 0.0, 0.0, 2521.026
5606.286799669266, 0.0, 0.0, 2521.469
5608.2869346141815, 0.0, 0.0, 2521.997
5610.287019252777, 0.0, 0.0, 2522.116
5612.287111997604, 0.0, 0.0, 2522.117
5614.287245750427, 0.0, 0.0, 2522.297
5616.28738617897, 0.0, 0.0, 2522.445
5618.287487268448, 0.0, 0.0, 2522.874
5620.287597417831, 0.0, 0.0, 2523.338
5622.287740945816, 0.0, 0.0, 2523.8
5624.287835359573, 0.0, 0.0, 2523.813
5626.287931680679, 0.0, 0.0, 2523.928
5628.288041114807, 0.0, 0.0, 2524.332
5630.288202047348, 0.0, 0.0, 2524.555
5632.288303136826, 0.0, 0.0, 2524.691
5634.288395166397, 0.0, 0.0, 2525.056
5636.2884974479675, 0.0, 0.0, 2525.362
5638.288596868515, 0.0, 0.0, 2525.698
5640.288701534271, 0.0, 0.0, 2526.181
5642.288780450821, 0.0, 0.0, 2526.363
5644.2888832092285, 0.0, 0.0, 2526.732
5646.289020776749, 0.0, 0.0, 2527.396
5648.289119243622, 0.0, 0.0, 2527.824
5650.289215326309, 0.0, 0.0, 2527.952
5652.289318323135, 0.0, 0.0, 2528.015
5654.289452075958, 0.0, 0.0, 2528.453
5656.289558887482, 0.0, 0.0, 2528.82
5658.289659738541, 0.0, 0.0, 2529.198
5660.289737701416, 0.0, 0.0, 2529.424
5662.289824008942, 0.0, 0.0, 2530.033
5664.289929151535, 0.0, 0.0, 2530.539
5666.290011882782, 0.0, 0.0, 2530.94
5668.290123701096, 0.0, 0.0, 2531.158
5670.290214300156, 0.0, 0.0, 2531.428
5672.290320634842, 0.0, 0.0, 2531.693
5674.290405750275, 0.0, 0.0, 2532.207
5676.290513277054, 0.0, 0.0, 2532.559
5678.290659666061, 0.0, 0.0, 2532.882
5680.290762424469, 0.0, 0.0, 2533.228
5682.290861606598, 0.0, 0.0, 2533.501
5684.290958166122, 0.0, 0.0, 2533.757
5686.291050672531, 0.0, 0.0, 2534.056
5688.29114151001, 0.0, 0.0, 2534.174
5690.291246652603, 0.0, 0.0, 2534.391
5692.291347742081, 0.0, 0.0, 2534.685
5694.29144859314, 0.0, 0.0, 2534.776
5696.29153585434, 0.0, 0.0, 2534.881
5698.291638374329, 0.0, 0.0, 2535.087
5700.291738033295, 0.0, 0.0, 2535.395
5702.291887998581, 0.0, 0.0, 2535.469
5704.29198718071, 0.0, 0.0, 2535.701
5706.292093753815, 0.0, 0.0, 2535.881
5708.292214632034, 0.0, 0.0, 2536.004
5710.292305231094, 0.0, 0.0, 2536.199
5712.292419195175, 0.0, 0.0, 2536.173
5714.292517662048, 0.0, 0.0, 2536.179
5716.292610645294, 0.0, 0.0, 2536.274
5718.292715787888, 0.0, 0.0, 2536.842
5720.292798757553, 0.0, 0.0, 2537.332
5722.292885065079, 0.0, 0.0, 2537.763
5724.292991876602, 0.0, 0.0, 2538.282
5726.293093204498, 0.0, 0.0, 2538.773
5728.293196678162, 0.0, 0.0, 2538.846
5730.293299198151, 0.0, 0.0, 2538.917
5732.293399095535, 0.0, 0.0, 2539.378
5734.293506860733, 0.0, 0.0, 2539.636
5736.293608188629, 0.0, 0.0, 2539.938
5738.293750762939, 0.0, 0.0, 2540.19
5740.29388833046, 0.0, 0.0, 2540.391
5742.293970823288, 0.0, 0.0, 2541.016
5744.294062614441, 0.0, 0.0, 2541.414
5746.29416680336, 0.0, 0.0, 2541.647
5748.294260978699, 0.0, 0.0, 2541.834
5750.294376373291, 0.0, 0.0, 2542.193
5752.294508457184, 0.0, 0.0, 2542.525
5754.294612407684, 0.0, 0.0, 2542.689
5756.294714927673, 0.0, 0.0, 2543.099
5758.2948043346405, 0.0, 0.0, 2543.346
5760.294893026352, 0.0, 0.0, 2543.657
5762.2949776649475, 0.0, 0.0, 2544.084
5764.295115947723, 0.0, 0.0, 2544.27
5766.295206308365, 0.0, 0.0, 2544.388
5768.295303583145, 0.0, 0.0, 2544.684
5770.2954432964325, 0.0, 0.0, 2544.982
5772.295537233353, 0.0, 0.0, 2545.07
5774.2956199646, 0.0, 0.0, 2545.336
5776.295728683472, 0.0, 0.0, 2545.314
5778.295864582062, 0.0, 0.0, 2545.416
5780.295968770981, 0.0, 0.0, 2545.754
5782.29607129097, 0.0, 0.0, 2545.855
5784.296176195145, 0.0, 0.0, 2546.103
5786.2962641716, 0.0, 0.0, 2546.474
5788.296403884888, 0.0, 0.0, 2546.953
5790.296509981155, 0.0, 0.0, 2547.246
5792.2966520786285, 0.0, 0.0, 2547.388
5794.296755552292, 0.0, 0.0, 2547.709
5796.296859025955, 0.0, 0.0, 2547.849
5798.296958684921, 0.0, 0.0, 2548.107
5800.297062635422, 0.0, 0.0, 2548.442
5802.297168970108, 0.0, 0.0, 2548.665
5804.297251701355, 0.0, 0.0, 2549.125
5806.297353029251, 0.0, 0.0, 2549.423
5808.297449588776, 0.0, 0.0, 2549.535
5810.297551393509, 0.0, 0.0, 2549.717
5812.297634601593, 0.0, 0.0, 2550.125
5814.297737598419, 0.0, 0.0, 2550.729
5816.297839641571, 0.0, 0.0, 2550.958
5818.297943115234, 0.0, 0.0, 2551.299
5820.298046588898, 0.0, 0.0, 2551.455
5822.298202037811, 0.0, 0.0, 2551.71
5824.2983112335205, 0.0, 0.0, 2552.043
5826.298395395279, 0.0, 0.0, 2552.336
5828.298484325409, 0.0, 0.0, 2552.742
5830.298586368561, 0.0, 0.0, 2552.947
5832.298670768738, 0.0, 0.0, 2553.382
5834.298753023148, 0.0, 0.0, 2553.474
5836.298854827881, 0.0, 0.0, 2553.549
5838.298954248428, 0.0, 0.0, 2553.665
5840.299039363861, 0.0, 0.0, 2554.104
5842.299140453339, 0.0, 0.0, 2554.361
5844.2992486953735, 0.0, 0.0, 2554.51
5846.299338817596, 0.0, 0.0, 2554.829
5848.299425840378, 0.0, 0.0, 2555.257
5850.299517869949, 0.0, 0.0, 2555.486
5852.299622297287, 0.0, 0.0, 2555.864
5854.2997233867645, 0.0, 0.0, 2556.143
5856.299861431122, 0.0, 0.0, 2556.423
5858.300015926361, 0.0, 0.0, 2556.447
5860.300105810165, 0.0, 0.0, 2556.731
5862.300203323364, 0.0, 0.0, 2557.098
5864.300353765488, 0.0, 0.0, 2557.448
5866.300488710403, 0.0, 0.0, 2557.867
5868.300585985184, 0.0, 0.0, 2558.056
5870.300712108612, 0.0, 0.0, 2558.272
5872.300813674927, 0.0, 0.0, 2558.503
5874.300914764404, 0.0, 0.0, 2558.86
5876.301015138626, 0.0, 0.0, 2559.227
5878.301114559174, 0.0, 0.0, 2559.416
5880.301254987717, 0.0, 0.0, 2559.708
5882.301334857941, 0.0, 0.0, 2560.015
5884.301438093185, 0.0, 0.0, 2560.197
5886.301542758942, 0.0, 0.0, 2560.116
5888.301629066467, 0.0, 0.0, 2560.197
5890.301722288132, 0.0, 0.0, 2560.526
5892.301815509796, 0.0, 0.0, 2560.834
5894.301915645599, 0.0, 0.0, 2561.04
5896.3020050525665, 0.0, 0.0, 2561.248
5898.302095174789, 0.0, 0.0, 2561.56
5900.30219078064, 0.0, 0.0, 2561.851
5902.3022747039795, 0.0, 0.0, 2562.134
5904.302379846573, 0.0, 0.0, 2562.432
5906.302469491959, 0.0, 0.0, 2562.619
5908.302575588226, 0.0, 0.0, 2562.835
5910.302665233612, 0.0, 0.0, 2563.172
5912.302768468857, 0.0, 0.0, 2563.58
5914.30287694931, 0.0, 0.0, 2563.698
5916.302967071533, 0.0, 0.0, 2563.889
5918.303068161011, 0.0, 0.0, 2564.032
5920.303150177002, 0.0, 0.0, 2564.131
5922.303251743317, 0.0, 0.0, 2564.285
5924.303356409073, 0.0, 0.0, 2564.411
5926.303446531296, 0.0, 0.0, 2564.581
5928.30352807045, 0.0, 0.0, 2564.788
5930.303624153137, 0.0, 0.0, 2564.887
5932.303707122803, 0.0, 0.0, 2565.262
5934.303835630417, 0.0, 0.0, 2565.56
5936.303935289383, 0.0, 0.0, 2565.774
5938.304036617279, 0.0, 0.0, 2566.07
5940.304121494293, 0.0, 0.0, 2566.395
5942.3042204380035, 0.0, 0.0, 2566.593
5944.304360151291, 0.0, 0.0, 2566.981
5946.304443836212, 0.0, 0.0, 2567.279
5948.304542064667, 0.0, 0.0, 2567.55
5950.3046317100525, 0.0, 0.0, 2567.781
5952.304787158966, 0.0, 0.0, 2567.8
5954.304887771606, 0.0, 0.0, 2568.011
5956.304986715317, 0.0, 0.0, 2568.191
5958.305121421814, 0.0, 0.0, 2568.46
5960.3052225112915, 0.0, 0.0, 2569.061
5962.305300474167, 0.0, 0.0, 2569.477
5964.305400133133, 0.0, 0.0, 2569.874
5966.305490732193, 0.0, 0.0, 2570.005
5968.305627346039, 0.0, 0.0, 2570.064
5970.305717468262, 0.0, 0.0, 2570.091
5972.30580663681, 0.0, 0.0, 2570.182
5974.305907487869, 0.0, 0.0, 2570.486
5976.3060138225555, 0.0, 0.0, 2570.739
5978.306148767471, 0.0, 0.0, 2571.102
5980.306238889694, 0.0, 0.0, 2571.38
5982.306329965591, 0.0, 0.0, 2571.611
5984.306436538696, 0.0, 0.0, 2571.81
5986.306523561478, 0.0, 0.0, 2572.179
5988.306628227234, 0.0, 0.0, 2572.57
5990.306732416153, 0.0, 0.0, 2572.792
5992.306827783585, 0.0, 0.0, 2572.826
5994.306924581528, 0.0, 0.0, 2572.971
5996.307058095932, 0.0, 0.0, 2573.127
5998.307163476944, 0.0, 0.0, 2573.506
6000.307271003723, 0.0, 0.0, 2573.794
6002.307370662689, 0.0, 0.0, 2574.157
6004.307464838028, 0.0, 0.0, 2574.432
6006.307569503784, 0.0, 0.0, 2574.597
6008.307669639587, 0.0, 0.0, 2574.892
6010.307777166367, 0.0, 0.0, 2575.047
6012.307879924774, 0.0, 0.0, 2575.104
6014.307984352112, 0.0, 0.0, 2575.241
6016.308130979538, 0.0, 0.0, 2575.554
6018.308230400085, 0.0, 0.0, 2575.902
6020.30832862854, 0.0, 0.0, 2576.06
6022.308439254761, 0.0, 0.0, 2576.224
6024.308549165726, 0.0, 0.0, 2576.574
6026.308645963669, 0.0, 0.0, 2576.947
6028.30876493454, 0.0, 0.0, 2577.284
6030.308853626251, 0.0, 0.0, 2577.634
6032.308981895447, 0.0, 0.0, 2577.919
6034.309114694595, 0.0, 0.0, 2578.029
6036.30921626091, 0.0, 0.0, 2577.95
6038.309299945831, 0.0, 0.0, 2577.977
6040.309385299683, 0.0, 0.0, 2578.024
6042.309486150742, 0.0, 0.0, 2578.309
6044.309587717056, 0.0, 0.0, 2578.99
6046.309665441513, 0.0, 0.0, 2579.422
6048.309747457504, 0.0, 0.0, 2579.716
6050.309847354889, 0.0, 0.0, 2579.86
6052.309950828552, 0.0, 0.0, 2579.987
6054.3100509643555, 0.0, 0.0, 2580.238
6056.310151815414, 0.0, 0.0, 2580.479
6058.310252428055, 0.0, 0.0, 2580.589
6060.310386657715, 0.0, 0.0, 2580.83
6062.310486793518, 0.0, 0.0, 2581.061
6064.310576438904, 0.0, 0.0, 2581.096
6066.31071305275, 0.0, 0.0, 2581.064
6068.310816526413, 0.0, 0.0, 2581.28
6070.310950517654, 0.0, 0.0, 2581.607
6072.3110563755035, 0.0, 0.0, 2581.963
6074.311157941818, 0.0, 0.0, 2582.251
6076.311240673065, 0.0, 0.0, 2582.502
6078.3113424777985, 0.0, 0.0, 2582.716
6080.311444044113, 0.0, 0.0, 2582.866
6082.311527729034, 0.0, 0.0, 2583.139
6084.311669111252, 0.0, 0.0, 2583.303
6086.3117690086365, 0.0, 0.0, 2583.437
6088.311859846115, 0.0, 0.0, 2583.391
6090.311945199966, 0.0, 0.0, 2583.553
6092.312036514282, 0.0, 0.0, 2583.841
6094.312171697617, 0.0, 0.0, 2583.949
6096.312260150909, 0.0, 0.0, 2584.074
6098.312354803085, 0.0, 0.0, 2584.057
6100.312485694885, 0.0, 0.0, 2584.196
6102.312578678131, 0.0, 0.0, 2584.537
6104.312663078308, 0.0, 0.0, 2584.588
6106.31271481514, 0.0, 0.0, 2584.916
6108.312813043594, 0.0, 0.0, 2585.254
6110.3129007816315, 0.0, 0.0, 2585.409
6112.312992334366, 0.0, 0.0, 2585.651
6114.313076257706, 0.0, 0.0, 2586.011
6116.31317615509, 0.0, 0.0, 2586.045
6118.313256025314, 0.0, 0.0, 2586.289
6120.313334226608, 0.0, 0.0, 2586.308
6122.313424110413, 0.0, 0.0, 2586.331
6124.313547134399, 0.0, 0.0, 2586.347
6126.313639163971, 0.0, 0.0, 2586.391
6128.313742160797, 0.0, 0.0, 2586.378
6130.313824415207, 0.0, 0.0, 2586.525
6132.313910245895, 0.0, 0.0, 2586.779
6134.314007520676, 0.0, 0.0, 2587.041
6136.314088344574, 0.0, 0.0, 2587.359
6138.314190387726, 0.0, 0.0, 2587.696
6140.314280509949, 0.0, 0.0, 2587.866
6142.314416885376, 0.0, 0.0, 2587.893
6144.314518928528, 0.0, 0.0, 2587.935
6146.314620018005, 0.0, 0.0, 2587.983
6148.314755439758, 0.0, 0.0, 2588.34
6150.31484246254, 0.0, 0.0, 2588.555
6152.31492805481, 0.0, 0.0, 2588.673
6154.315015792847, 0.0, 0.0, 2588.86
6156.315113067627, 0.0, 0.0, 2589.231
6158.315208673477, 0.0, 0.0, 2589.379
6160.3153030872345, 0.0, 0.0, 2589.552
6162.315393209457, 0.0, 0.0, 2589.59
6164.315491914749, 0.0, 0.0, 2589.622
6166.315600395203, 0.0, 0.0, 2589.782
6168.315693616867, 0.0, 0.0, 2589.964
6170.315793991089, 0.0, 0.0, 2590.036
6172.315922498703, 0.0, 0.0, 2590.245
6174.316025733948, 0.0, 0.0, 2590.469
6176.316123485565, 0.0, 0.0, 2590.56
6178.316209077835, 0.0, 0.0, 2590.636
6180.316342830658, 0.0, 0.0, 2590.796
6182.3164875507355, 0.0, 0.0, 2590.783
6184.31658411026, 0.0, 0.0, 2590.986
6186.316666126251, 0.0, 0.0, 2591.154
6188.316761493683, 0.0, 0.0, 2591.34
6190.316841602325, 0.0, 0.0, 2591.668
6192.31694316864, 0.0, 0.0, 2592.04
6194.317088127136, 0.0, 0.0, 2592.294
6196.317190170288, 0.0, 0.0, 2592.261
6198.31729388237, 0.0, 0.0, 2592.423
6200.317395687103, 0.0, 0.0, 2592.49
6202.317537307739, 0.0, 0.0, 2592.71
6204.317621231079, 0.0, 0.0, 2592.843
6206.317710399628, 0.0, 0.0, 2593.063
6208.317813396454, 0.0, 0.0, 2593.283
6210.317912578583, 0.0, 0.0, 2593.648
6212.317996263504, 0.0, 0.0, 2593.908
6214.318078756332, 0.0, 0.0, 2594.293
6216.318161010742, 0.0, 0.0, 2594.623
6218.318244218826, 0.0, 0.0, 2594.662
6220.31834602356, 0.0, 0.0, 2594.577
6222.318430423737, 0.0, 0.0, 2594.873
6224.318515300751, 0.0, 0.0, 2595.235
6226.318598270416, 0.0, 0.0, 2595.243
6228.318700790405, 0.0, 0.0, 2595.357
6230.318803310394, 0.0, 0.0, 2595.839
6232.318907499313, 0.0, 0.0, 2596.08
6234.319009542465, 0.0, 0.0, 2596.059
6236.319102525711, 0.0, 0.0, 2596.264
6238.319205999374, 0.0, 0.0, 2596.427
6240.319308757782, 0.0, 0.0, 2596.602
6242.319410085678, 0.0, 0.0, 2596.693
6244.319496154785, 0.0, 0.0, 2596.791
6246.319582223892, 0.0, 0.0, 2596.782
6248.319675445557, 0.0, 0.0, 2596.821
6250.319778680801, 0.0, 0.0, 2597.022
6252.319879770279, 0.0, 0.0, 2597.404
6254.3199644088745, 0.0, 0.0, 2597.875
6256.320055484772, 0.0, 0.0, 2598.193
6258.320141792297, 0.0, 0.0, 2598.261
6260.320271968842, 0.0, 0.0, 2598.208
6262.320353746414, 0.0, 0.0, 2598.213
6264.320446014404, 0.0, 0.0, 2598.304
6266.320576906204, 0.0, 0.0, 2598.437
6268.320675611496, 0.0, 0.0, 2598.738
6270.3207585811615, 0.0, 0.0, 2599.037
6272.320858001709, 0.0, 0.0, 2599.083
6274.320958852768, 0.0, 0.0, 2599.178
6276.321073055267, 0.0, 0.0, 2599.237
6278.321165084839, 0.0, 0.0, 2599.223
6280.321247577667, 0.0, 0.0, 2599.199
6282.321351051331, 0.0, 0.0, 2599.124
6284.321451187134, 0.0, 0.0, 2599.019
6286.321548938751, 0.0, 0.0, 2598.958
6288.32163310051, 0.0, 0.0, 2599.025
6290.321722745895, 0.0, 0.0, 2599.416
6292.321823358536, 0.0, 0.0, 2599.756
6294.32191324234, 0.0, 0.0, 2600.114
6296.322043895721, 0.0, 0.0, 2600.453
6298.322128295898, 0.0, 0.0, 2600.825
6300.322227478027, 0.0, 0.0, 2600.92
6302.32231593132, 0.0, 0.0, 2601.055
6304.322420597076, 0.0, 0.0, 2601.284
6306.322558164597, 0.0, 0.0, 2601.469
6308.322650671005, 0.0, 0.0, 2601.628
6310.322751283646, 0.0, 0.0, 2601.506
6312.32285451889, 0.0, 0.0, 2601.693
6314.32294511795, 0.0, 0.0, 2601.989
6316.323034524918, 0.0, 0.0, 2602.093
6318.323132991791, 0.0, 0.0, 2602.332
6320.323220014572, 0.0, 0.0, 2602.336
6322.323321580887, 0.0, 0.0, 2602.404
6324.323428153992, 0.0, 0.0, 2602.739
6326.323531150818, 0.0, 0.0, 2602.94
6328.323632478714, 0.0, 0.0, 2603.151
6330.3237388134, 0.0, 0.0, 2603.291
6332.323839902878, 0.0, 0.0, 2603.422
6334.323935270309, 0.0, 0.0, 2603.574
6336.324036359787, 0.0, 0.0, 2603.887
6338.324146747589, 0.0, 0.0, 2604.027
6340.324249267578, 0.0, 0.0, 2604.017
6342.3243572711945, 0.0, 0.0, 2604.189
6344.324458599091, 0.0, 0.0, 2604.152
6346.324589014053, 0.0, 0.0, 2604.248
6348.324715852737, 0.0, 0.0, 2604.392
6350.324819564819, 0.0, 0.0, 2604.566
6352.324904918671, 0.0, 0.0, 2604.874
6354.325013399124, 0.0, 0.0, 2605.171
6356.325117588043, 0.0, 0.0, 2605.368
6358.325214624405, 0.0, 0.0, 2605.561
6360.325319051743, 0.0, 0.0, 2605.652
6362.325421094894, 0.0, 0.0, 2605.838
6364.3255224227905, 0.0, 0.0, 2606.005
6366.3256096839905, 0.0, 0.0, 2606.058
6368.32569694519, 0.0, 0.0, 2606.168
6370.325775384903, 0.0, 0.0, 2606.414
6372.325882673264, 0.0, 0.0, 2606.611
6374.325963258743, 0.0, 0.0, 2606.738
6376.326060533524, 0.0, 0.0, 2606.897
6378.32616686821, 0.0, 0.0, 2607.026
6380.326269865036, 0.0, 0.0, 2607.149
6382.326374053955, 0.0, 0.0, 2607.215
6384.326481342316, 0.0, 0.0, 2607.37
6386.3265771865845, 0.0, 0.0, 2607.425
6388.326662540436, 0.0, 0.0, 2607.446
6390.3267567157745, 0.0, 0.0, 2607.49
6392.326837301254, 0.0, 0.0, 2607.769
6394.326942443848, 0.0, 0.0, 2607.927
6396.3270428180695, 0.0, 0.0, 2607.967
6398.327142953873, 0.0, 0.0, 2608.017
6400.327274084091, 0.0, 0.0, 2608.217
6402.327352046967, 0.0, 0.0, 2608.451
6404.327454805374, 0.0, 0.0, 2608.584
6406.327535390854, 0.0, 0.0, 2608.782
6408.3276262283325, 0.0, 0.0, 2609.031
6410.327768802643, 0.0, 0.0, 2609.233
6412.327866077423, 0.0, 0.0, 2609.358
6414.327949047089, 0.0, 0.0, 2609.458
