time, current, power, resistance
0.0009732246398925781, -8.636116e-05, 6.795231e-10, 2631.751
2.00107741355896, -8.578222e-05, 6.377555e-10, 2631.813
4.00116229057312, -8.636113e-05, 6.996285e-10, 2631.76
6.001255750656128, -8.520331e-05, 6.225108e-10, 2631.754
8.001358032226562, -8.809791e-05, 6.451045e-10, 2631.715
10.001458406448364, -8.809791e-05, 5.929253e-10, 2631.724
12.001588582992554, -8.578223e-05, 6.192155e-10, 2631.714
14.001723051071167, -8.751899e-05, 6.884545e-10, 2631.722
16.00181269645691, -8.34665e-05, 6.408331e-10, 2631.728
18.00191020965576, -8.346653e-05, 6.812356e-10, 2631.744
20.002042770385742, -8.809792e-05, 6.267114e-10, 2631.764
22.002144813537598, -8.7519e-05, 6.616645e-10, 2631.784
24.002233505249023, -8.694008e-05, 6.637535e-10, 2631.79
26.00233006477356, -8.636113e-05, 6.267154e-10, 2631.795
28.00241708755493, -8.809791e-05, 7.291895e-10, 2631.805
30.002521276474, -8.809791e-05, 6.292628e-10, 2631.821
32.00265574455261, -9.041358e-05, 5.774476e-10, 2631.818
34.00275468826294, -8.694008e-05, 6.051561e-10, 2631.862
36.00289463996887, -8.751899e-05, 6.795226e-10, 2631.871
38.00298476219177, -8.867681e-05, 6.131639e-10, 2631.842
40.003087282180786, -8.925577e-05, 7.236695e-10, 2631.827
42.003222942352295, -8.925577e-05, 6.354881e-10, 2631.798
44.00333118438721, -8.983468e-05, 6.973871e-10, 2631.863
46.00341081619263, -9.099254e-05, 6.738716e-10, 2631.879
48.0035457611084, -8.867683e-05, 6.430746e-10, 2631.897
50.003629207611084, -8.694007e-05, 6.474745e-10, 2631.875
52.00371170043945, -8.867686e-05, 6.83988e-10, 2631.906
54.00379514694214, -8.925577e-05, 7.236695e-10, 2631.91
56.00388741493225, -8.925576e-05, 6.637535e-10, 2631.918
58.00398588180542, -8.983464e-05, 6.477183e-10, 2631.91
60.00412178039551, -8.867685e-05, 5.872968e-10, 2631.897
62.0048725605011, 0.6998651, 1.235198, 2622.377
64.00496101379395, 0.6998695, 1.238954, 2584.835
66.00505518913269, 0.6998671, 1.241218, 2557.002
68.00514268875122, 0.69987, 1.242871, 2534.365
70.00522947311401, 0.6998678, 1.244144, 2515.32
72.00533151626587, 0.6998598, 1.245134, 2498.982
74.00542640686035, 0.699856, 1.246001, 2484.632
76.005526304245, 0.6998631, 1.246765, 2471.845
78.00561618804932, 0.6998625, 1.24743, 2460.225
80.00574994087219, 0.6998635, 1.248028, 2449.56
82.00583028793335, 0.6998568, 1.248572, 2439.658
84.00591850280762, 0.699859, 1.249076, 2430.437
86.00600051879883, 0.6998562, 1.249539, 2421.812
88.00610184669495, 0.6998612, 1.250006, 2413.502
90.00620365142822, 0.6998603, 1.250411, 2405.66
92.00629544258118, 0.6998602, 1.250798, 2398.167
94.00642800331116, 0.6998599, 1.25118, 2390.977
96.0065324306488, 0.6998607, 1.251562, 2384.046
98.00661849975586, 0.699859, 1.251897, 2377.371
100.00670027732849, 0.6998604, 1.25226, 2370.844
102.00683641433716, 0.6998627, 1.252589, 2364.523
104.0069375038147, 0.6998634, 1.252907, 2358.331
106.0070276260376, 0.6998652, 1.253229, 2352.299
108.00712895393372, 0.6998647, 1.253532, 2346.402
110.00723266601562, 0.6998602, 1.25382, 2340.56
112.0073778629303, 0.6998616, 1.254097, 2334.934
114.00746941566467, 0.6998599, 1.254391, 2329.405
116.00758361816406, 0.6998591, 1.254658, 2323.983
118.00767517089844, 0.6998602, 1.254929, 2318.748
120.0078136920929, 0.6998631, 1.255194, 2313.647
122.00795292854309, 0.6998574, 1.255448, 2308.547
124.00809144973755, 0.6998661, 1.255714, 2303.621
126.00822901725769, 0.6998593, 1.255961, 2298.834
128.0083236694336, 0.6998631, 1.256206, 2294.076
130.00841784477234, 0.6998602, 1.25644, 2289.523
132.0085186958313, 0.6998582, 1.256657, 2285.084
134.00861930847168, 0.6998553, 1.256872, 2280.691
136.0087058544159, 0.6998647, 1.257105, 2276.499
138.0088403224945, 0.6998622, 1.25732, 2272.378
140.0089409351349, 0.6998617, 1.257526, 2268.264
142.009042263031, 0.6998583, 1.257734, 2264.22
144.00915551185608, 0.6998625, 1.257931, 2260.469
146.00924229621887, 0.6998585, 1.258125, 2256.551
148.0093355178833, 0.6998566, 1.258329, 2252.573
150.00942134857178, 0.6998633, 1.258535, 2248.699
152.00950956344604, 0.6998611, 1.258728, 2244.876
154.0095944404602, 0.6998602, 1.258916, 2241.037
156.0096778869629, 0.6998604, 1.259093, 2237.249
158.00975966453552, 0.6998597, 1.259271, 2233.585
160.00984477996826, 0.6998636, 1.259462, 2229.902
162.00992465019226, 0.6998616, 1.259636, 2226.226
164.01002526283264, 0.699859, 1.259804, 2222.68
166.01010274887085, 0.6998635, 1.259992, 2219.152
168.01020526885986, 0.6998589, 1.260165, 2215.614
170.01030731201172, 0.699864, 1.260348, 2212.193
172.01038479804993, 0.6998662, 1.260514, 2208.805
174.0104603767395, 0.6998647, 1.260692, 2205.538
176.0105538368225, 0.6998667, 1.260861, 2202.35
178.01063704490662, 0.6998639, 1.261018, 2199.152
180.01076769828796, 0.699868, 1.261188, 2196.082
182.010897397995, 0.6998686, 1.261348, 2193.015
184.01103043556213, 0.6998703, 1.261502, 2189.94
186.01116299629211, 0.6998701, 1.261661, 2186.975
188.011248588562, 0.6998692, 1.2618, 2183.977
190.01133823394775, 0.699867, 1.261944, 2181.103
192.01146936416626, 0.6998634, 1.262087, 2178.216
194.0115523338318, 0.6998655, 1.262237, 2175.426
196.0116446018219, 0.6998631, 1.262372, 2172.63
198.01173663139343, 0.6998618, 1.262523, 2169.848
200.0118339061737, 0.6998615, 1.262643, 2167.129
202.01194310188293, 0.6998583, 1.262773, 2164.483
204.01202821731567, 0.6998559, 1.262908, 2161.861
206.01213240623474, 0.6998572, 1.263043, 2159.299
208.01221704483032, 0.6998591, 1.263183, 2156.708
210.0123109817505, 0.6998567, 1.263296, 2154.317
212.0124433040619, 0.6998571, 1.26344, 2151.924
214.01258516311646, 0.6998597, 1.26357, 2149.466
216.01269006729126, 0.6998578, 1.263679, 2147.03
218.01277470588684, 0.6998617, 1.263831, 2144.726
220.01285934448242, 0.6998535, 1.26392, 2142.393
222.01294231414795, 0.6998575, 1.264056, 2140.129
224.0130434036255, 0.6998572, 1.264176, 2137.881
226.01312279701233, 0.6998575, 1.264301, 2135.65
228.01322507858276, 0.6998593, 1.264399, 2133.638
230.01332926750183, 0.6998531, 1.264497, 2131.809
232.01341080665588, 0.6998596, 1.264623, 2129.876
234.01349329948425, 0.6998605, 1.264726, 2127.9
236.01357865333557, 0.6998593, 1.264837, 2125.972
238.01367044448853, 0.6998554, 1.264928, 2124.064
240.01377367973328, 0.6998606, 1.265042, 2122.134
242.01390671730042, 0.6998618, 1.265139, 2120.274
244.01404547691345, 0.6998559, 1.265238, 2118.418
246.01413989067078, 0.6998602, 1.26534, 2116.426
248.01423621177673, 0.6998606, 1.265445, 2114.372
250.01438999176025, 0.6998572, 1.26553, 2112.477
252.01449489593506, 0.6998546, 1.265629, 2110.535
254.01457929611206, 0.6998544, 1.265731, 2108.72
256.01468086242676, 0.6998609, 1.265845, 2106.962
258.01478600502014, 0.6998602, 1.26595, 2105.295
260.0148947238922, 0.6998605, 1.266019, 2103.81
262.014986038208, 0.6998594, 1.266125, 2101.979
264.01508235931396, 0.6998613, 1.266219, 2100.089
266.01519203186035, 0.6998606, 1.266306, 2098.291
268.01528882980347, 0.6998571, 1.266394, 2096.529
270.0154266357422, 0.6998588, 1.266484, 2094.79
272.015522480011, 0.6998604, 1.266574, 2093.142
274.01562571525574, 0.6998619, 1.266675, 2091.641
276.01571226119995, 0.6998621, 1.266765, 2090.204
278.0158460140228, 0.6998612, 1.266839, 2088.771
280.0159287452698, 0.6998602, 1.26692, 2087.238
282.0160596370697, 0.6998585, 1.266996, 2085.727
284.0161609649658, 0.6998583, 1.267081, 2084.133
286.0162661075592, 0.6998561, 1.267165, 2082.759
288.0163776874542, 0.6998582, 1.267242, 2081.434
290.01650857925415, 0.6998565, 1.267315, 2080.04
292.0166416168213, 0.6998568, 1.2674, 2078.666
294.0167307853699, 0.6998599, 1.267481, 2077.309
296.01681661605835, 0.6998582, 1.267547, 2075.844
298.01689743995667, 0.6998586, 1.267625, 2074.439
300.0169816017151, 0.6998581, 1.267695, 2073.118
302.0170578956604, 0.6998593, 1.267785, 2071.819
304.01714181900024, 0.6998582, 1.267843, 2070.586
306.01722598075867, 0.6998568, 1.267909, 2069.251
308.01731538772583, 0.6998605, 1.267974, 2067.976
310.0174050331116, 0.6998562, 1.268049, 2066.534
312.01748847961426, 0.6998606, 1.268129, 2065.281
314.0175883769989, 0.6998566, 1.26819, 2064.012
316.01772236824036, 0.6998584, 1.268264, 2062.874
318.01786255836487, 0.699858, 1.268335, 2061.789
320.0179600715637, 0.6998581, 1.268401, 2060.508
322.0180633068085, 0.6998602, 1.268469, 2059.145
324.01818442344666, 0.6998564, 1.268539, 2057.764
326.01827025413513, 0.6998584, 1.268605, 2056.533
328.0183756351471, 0.699861, 1.268683, 2055.282
330.0184757709503, 0.6998617, 1.268756, 2054.112
332.0185749530792, 0.6998615, 1.268816, 2052.854
334.0186550617218, 0.6998587, 1.268879, 2051.62
336.01875591278076, 0.6998612, 1.268956, 2050.487
338.01886105537415, 0.6998609, 1.269016, 2049.338
340.01895666122437, 0.6998636, 1.26908, 2048.21
342.0190577507019, 0.699856, 1.269138, 2047.064
344.0191402435303, 0.6998584, 1.269205, 2045.93
346.0192368030548, 0.6998609, 1.269257, 2044.791
348.0193552970886, 0.6998597, 1.269322, 2043.62
350.0194625854492, 0.6998602, 1.269385, 2042.479
352.0195417404175, 0.6998595, 1.269452, 2041.332
354.01963782310486, 0.6998612, 1.269519, 2040.267
356.0197284221649, 0.6998604, 1.269574, 2039.319
358.01981830596924, 0.6998615, 1.269646, 2038.431
360.01990962028503, 0.6998656, 1.269695, 2037.432
362.0199930667877, 0.6998644, 1.269752, 2036.431
364.0200788974762, 0.6998581, 1.269802, 2035.513
366.020170211792, 0.699863, 1.26985, 2034.591
368.02030324935913, 0.6998617, 1.26989, 2033.64
370.0203902721405, 0.6998639, 1.26996, 2032.647
372.0204780101776, 0.6998609, 1.269993, 2031.678
374.0206108093262, 0.6998574, 1.270062, 2030.72
376.0206959247589, 0.6998667, 1.270147, 2029.742
378.0209593772888, 0.6998705, 1.270196, 2028.872
380.02109599113464, 0.6998642, 1.270247, 2027.97
382.0211863517761, 0.6998636, 1.270285, 2027.138
384.02130031585693, 0.6998638, 1.270345, 2026.291
386.0214021205902, 0.6998668, 1.270385, 2025.406
388.0214912891388, 0.6998683, 1.270443, 2024.609
390.02159786224365, 0.6998659, 1.270498, 2023.742
392.0217344760895, 0.6998705, 1.27054, 2022.916
394.0218334197998, 0.6998683, 1.270583, 2022.06
396.0219271183014, 0.699869, 1.270638, 2021.225
398.02201199531555, 0.6998631, 1.270685, 2020.412
400.0221064090729, 0.6998673, 1.27073, 2019.487
402.0222153663635, 0.6998702, 1.27078, 2018.585
404.02230978012085, 0.6998618, 1.270818, 2017.812
406.0223925113678, 0.6998651, 1.270866, 2017.067
408.0224754810333, 0.6998662, 1.270937, 2016.339
410.02257919311523, 0.6998705, 1.270984, 2015.493
412.0226802825928, 0.6998686, 1.271027, 2014.617
414.0227596759796, 0.6998677, 1.271049, 2013.87
416.0228624343872, 0.6998689, 1.271114, 2013.059
418.02296566963196, 0.6998729, 1.271155, 2012.256
420.02306938171387, 0.6998704, 1.271192, 2011.526
422.0231521129608, 0.6998731, 1.271249, 2010.803
424.02324414253235, 0.6998707, 1.271305, 2010.01
426.02338314056396, 0.6998692, 1.271342, 2009.222
428.02348351478577, 0.6998605, 1.27135, 2008.541
430.0236268043518, 0.6998639, 1.271403, 2007.964
432.023729801178, 0.699867, 1.271442, 2007.424
434.02383279800415, 0.6998708, 1.27148, 2006.935
436.0239677429199, 0.6998665, 1.271513, 2006.329
438.024071931839, 0.6998661, 1.27154, 2005.606
440.02417278289795, 0.6998709, 1.27158, 2005.164
442.02426075935364, 0.6998718, 1.271617, 2004.702
444.02439284324646, 0.6998686, 1.271654, 2004.105
446.0245261192322, 0.6998665, 1.271666, 2003.394
448.0246117115021, 0.69986, 1.271714, 2002.722
450.02470874786377, 0.6998661, 1.271752, 2002.041
452.0247995853424, 0.6998693, 1.271799, 2001.368
454.02493381500244, 0.6998699, 1.271824, 2000.907
456.025013923645, 0.6998692, 1.271866, 2000.362
458.02511382102966, 0.6998724, 1.271901, 1998.878
460.02520179748535, 0.6998696, 1.271938, 1998.209
462.02528524398804, 0.69987, 1.27198, 1997.503
464.0254256725311, 0.6998659, 1.27199, 1996.848
466.02552127838135, 0.699865, 1.272032, 1996.329
468.02562046051025, 0.6998683, 1.272068, 1995.743
470.02572202682495, 0.6998675, 1.272115, 1995.069
472.0258274078369, 0.6998708, 1.272145, 1994.619
474.02591943740845, 0.6998712, 1.272175, 1994.173
476.02601194381714, 0.6998627, 1.272187, 1993.538
478.02609610557556, 0.6998638, 1.272216, 1992.991
480.0261845588684, 0.6998636, 1.272245, 1992.698
482.02627062797546, 0.6998639, 1.272277, 1992.319
484.02637004852295, 0.6998639, 1.2723, 1991.865
486.0264687538147, 0.6998637, 1.272327, 1991.328
488.0265667438507, 0.6998654, 1.272344, 1990.813
490.0266623497009, 0.6998631, 1.272382, 1990.278
492.02675914764404, 0.6998645, 1.272417, 1989.615
494.026864528656, 0.6998715, 1.272464, 1989.059
496.0269465446472, 0.6998667, 1.272482, 1988.508
498.02704405784607, 0.6998646, 1.272525, 1987.924
500.02715373039246, 0.6998593, 1.272525, 1987.324
502.02723956108093, 0.6998618, 1.272574, 1986.744
504.02735018730164, 0.699863, 1.272601, 1986.182
506.027441740036, 0.699863, 1.272632, 1985.624
508.02754187583923, 0.6998615, 1.272678, 1985.019
510.0276484489441, 0.6998638, 1.272707, 1984.478
512.0277516841888, 0.6998617, 1.272739, 1984.002
514.0278499126434, 0.6998641, 1.272776, 1983.435
516.0279343128204, 0.6998643, 1.272812, 1982.899
518.0280368328094, 0.6998671, 1.272846, 1982.464
520.028137922287, 0.6998672, 1.272856, 1982.055
522.0282220840454, 0.6998664, 1.272897, 1981.494
524.0283136367798, 0.6998624, 1.272929, 1980.93
526.02845287323, 0.6998636, 1.272981, 1980.404
528.0285561084747, 0.6998668, 1.273004, 1979.836
530.0286898612976, 0.6998675, 1.273035, 1979.307
532.0287787914276, 0.699868, 1.273054, 1978.786
534.0288615226746, 0.6998695, 1.273089, 1978.399
536.028966665268, 0.6998675, 1.273112, 1978.034
538.0291063785553, 0.6998711, 1.273131, 1977.655
540.0292065143585, 0.6998669, 1.273164, 1977.257
542.029313325882, 0.6998681, 1.273191, 1976.791
544.0294346809387, 0.6998658, 1.273215, 1976.356
546.0295350551605, 0.6998646, 1.273232, 1975.889
548.0296359062195, 0.699865, 1.273253, 1975.466
550.0297238826752, 0.6998636, 1.273281, 1975.048
552.0298614501953, 0.699864, 1.273302, 1974.533
554.0299966335297, 0.6998645, 1.273343, 1973.969
556.0301461219788, 0.6998672, 1.273388, 1973.464
558.0302484035492, 0.6998663, 1.273411, 1972.933
560.0303862094879, 0.6998695, 1.273436, 1972.458
562.0305223464966, 0.6998702, 1.27347, 1972.17
564.0306260585785, 0.6998702, 1.273484, 1971.904
566.0307290554047, 0.6998729, 1.273503, 1971.653
568.0308067798615, 0.699866, 1.273521, 1971.478
570.0308949947357, 0.6998686, 1.27353, 1971.289
572.0309910774231, 0.699865, 1.27355, 1970.983
574.0310914516449, 0.699867, 1.273558, 1970.668
576.0312278270721, 0.6998641, 1.273577, 1970.37
578.0313193798065, 0.6998702, 1.27361, 1970.151
580.0314555168152, 0.6998685, 1.273636, 1969.701
582.031543970108, 0.6998721, 1.273653, 1969.305
584.0316443443298, 0.6998717, 1.273675, 1968.954
586.0317351818085, 0.6998709, 1.273698, 1968.518
588.0318703651428, 0.6998708, 1.273725, 1968.073
590.0320036411285, 0.6998699, 1.273743, 1967.639
592.03209233284, 0.6998703, 1.273754, 1967.661
594.0321748256683, 0.6998667, 1.273791, 1967.646
596.0322687625885, 0.6998703, 1.273779, 1967.367
598.0323574542999, 0.6998715, 1.273808, 1966.869
600.0324411392212, 0.6998704, 1.273827, 1966.471
602.032543182373, 0.6998724, 1.27385, 1966.094
604.0326232910156, 0.6998707, 1.273871, 1965.596
606.032721042633, 0.6998724, 1.273905, 1965.128
608.0328235626221, 0.6998689, 1.273918, 1964.655
610.0329260826111, 0.699868, 1.273941, 1964.272
612.0330300331116, 0.6998683, 1.273963, 1963.816
614.033135175705, 0.6998703, 1.273992, 1963.459
616.0332279205322, 0.6998721, 1.274017, 1963.055
618.0333330631256, 0.6998693, 1.274055, 1962.661
620.0334496498108, 0.6998705, 1.274071, 1962.317
622.0335364341736, 0.6998718, 1.274076, 1962.039
624.033623456955, 0.6998742, 1.274113, 1961.873
626.0337116718292, 0.6998689, 1.274123, 1961.597
628.0338017940521, 0.699868, 1.274126, 1961.406
630.0338871479034, 0.6998682, 1.274152, 1961.349
632.0339827537537, 0.6998671, 1.274156, 1961.373
634.0340847969055, 0.6998712, 1.274166, 1961.158
636.034191608429, 0.6998719, 1.274177, 1960.966
638.0343017578125, 0.6998669, 1.274185, 1960.601
640.0343842506409, 0.6998674, 1.274198, 1960.319
642.0344698429108, 0.6998678, 1.274209, 1960.212
644.0345752239227, 0.699867, 1.274225, 1960.121
646.0346755981445, 0.6998616, 1.274211, 1960.265
648.0347816944122, 0.6998689, 1.274244, 1960.047
650.0348753929138, 0.6998666, 1.274256, 1959.824
652.03498005867, 0.6998671, 1.274264, 1959.755
654.0350828170776, 0.6998671, 1.274275, 1959.723
656.0351762771606, 0.6998661, 1.27428, 1959.574
658.0352690219879, 0.6998649, 1.274295, 1959.183
660.0353546142578, 0.6998675, 1.274315, 1958.736
662.0354480743408, 0.6998729, 1.274343, 1958.643
664.0355362892151, 0.699869, 1.27435, 1958.583
666.035641670227, 0.6998647, 1.274339, 1958.44
668.0357477664948, 0.699866, 1.274354, 1958.153
670.0358419418335, 0.6998695, 1.274377, 1957.84
672.0359766483307, 0.699869, 1.274378, 1957.682
674.0360682010651, 0.6998655, 1.274364, 1957.635
676.0361490249634, 0.6998659, 1.274382, 1957.569
678.0362365245819, 0.6998733, 1.274419, 1957.272
680.0363249778748, 0.6998723, 1.274433, 1957.014
682.0364274978638, 0.6998718, 1.274435, 1956.813
684.0365262031555, 0.6998689, 1.274441, 1956.573
686.0366206169128, 0.6998707, 1.274461, 1956.217
688.0367062091827, 0.6998714, 1.274499, 1955.673
690.0367960929871, 0.6998703, 1.274503, 1955.274
692.0368821620941, 0.6998678, 1.274525, 1954.801
694.0369699001312, 0.6998671, 1.274544, 1954.39
696.0370645523071, 0.6998697, 1.274584, 1954.041
698.0371532440186, 0.6998729, 1.274592, 1953.831
700.037234544754, 0.6998699, 1.27461, 1953.549
702.0373382568359, 0.6998711, 1.274645, 1953.259
704.0374181270599, 0.6998659, 1.274634, 1953.019
706.0374975204468, 0.6998661, 1.274656, 1952.698
708.0375874042511, 0.6998687, 1.274672, 1952.37
710.0376884937286, 0.6998675, 1.274685, 1952.069
712.0377721786499, 0.6998683, 1.274702, 1951.824
714.0378525257111, 0.699868, 1.274723, 1951.501
716.0379548072815, 0.6998681, 1.274733, 1951.171
718.038054227829, 0.6998665, 1.274751, 1951.01
720.0381760597229, 0.6998689, 1.274766, 1950.811
722.0382688045502, 0.6998682, 1.274796, 1950.649
724.0383543968201, 0.6998674, 1.274812, 1950.394
726.0384919643402, 0.6998739, 1.274826, 1950.157
728.038595199585, 0.6998712, 1.274844, 1949.924
730.0386965274811, 0.6998714, 1.274856, 1949.875
732.0388042926788, 0.6998691, 1.274869, 1949.66
734.0389349460602, 0.6998706, 1.27486, 1949.368
736.0390350818634, 0.6998695, 1.274899, 1949.016
738.039112329483, 0.6998695, 1.274902, 1948.9
740.0391933917999, 0.6998703, 1.274917, 1948.715
742.0392987728119, 0.6998702, 1.274933, 1948.465
744.0394058227539, 0.6998709, 1.274964, 1948.207
746.0395045280457, 0.6998743, 1.274966, 1947.882
748.0395936965942, 0.6998736, 1.274985, 1947.573
750.0396780967712, 0.6998695, 1.27499, 1947.411
752.0397765636444, 0.6998632, 1.27499, 1947.241
754.0398757457733, 0.6998677, 1.275023, 1947.019
756.039990901947, 0.6998708, 1.275025, 1946.741
758.0400969982147, 0.6998703, 1.275047, 1946.377
760.0401828289032, 0.6998739, 1.275068, 1945.974
762.0402743816376, 0.6998704, 1.27508, 1945.697
764.0403792858124, 0.6998697, 1.275106, 1945.449
766.0404825210571, 0.6998715, 1.275111, 1945.302
768.0405659675598, 0.6998709, 1.275126, 1945.097
770.0406641960144, 0.699869, 1.27514, 1944.971
772.0407636165619, 0.6998687, 1.275155, 1944.726
774.0408627986908, 0.6998721, 1.275172, 1944.393
776.0409617424011, 0.6998758, 1.275186, 1944.027
778.0410611629486, 0.6998664, 1.275192, 1943.785
780.0411477088928, 0.6998686, 1.275218, 1943.569
782.0412530899048, 0.6998723, 1.275231, 1943.4
784.0413439273834, 0.6998729, 1.275256, 1943.207
786.0414752960205, 0.6998739, 1.27527, 1943.036
788.0415935516357, 0.6998739, 1.275299, 1942.77
790.041695356369, 0.6998741, 1.275307, 1942.493
792.041796207428, 0.6998745, 1.27532, 1942.331
794.0419044494629, 0.6998753, 1.275314, 1942.213
796.0420050621033, 0.6998729, 1.27534, 1941.999
798.042099237442, 0.6998733, 1.275344, 1941.788
800.0422003269196, 0.6998709, 1.275362, 1941.606
802.0424902439117, 0.6998741, 1.27535, 1941.399
804.0425922870636, 0.6998696, 1.275378, 1941.215
806.0427060127258, 0.6998712, 1.275395, 1941.011
808.042807340622, 0.6998706, 1.27538, 1940.957
810.0429413318634, 0.6998689, 1.2754, 1940.857
812.0430266857147, 0.6998723, 1.275415, 1940.83
814.043130159378, 0.6998729, 1.275409, 1940.735
816.043219089508, 0.6998706, 1.275427, 1940.509
818.0433235168457, 0.6998753, 1.275441, 1940.374
820.0434057712555, 0.699869, 1.275443, 1940.117
822.0434906482697, 0.6998677, 1.275454, 1939.936
824.0436255931854, 0.6998677, 1.275468, 1939.891
826.0437295436859, 0.6998739, 1.275467, 1939.772
828.0438134670258, 0.6998696, 1.275483, 1939.495
830.0439162254333, 0.6998676, 1.275488, 1939.21
832.044050693512, 0.6998699, 1.275507, 1938.965
834.0441505908966, 0.6998643, 1.275508, 1938.781
836.0442509651184, 0.6998662, 1.275529, 1938.57
838.0443308353424, 0.6998706, 1.275545, 1938.308
840.0444202423096, 0.6998723, 1.275565, 1938.206
842.0445001125336, 0.6998707, 1.275565, 1938.127
844.0445878505707, 0.6998696, 1.275587, 1937.87
846.0446712970734, 0.6998735, 1.275606, 1937.696
848.044755935669, 0.6998773, 1.275606, 1937.42
850.0448427200317, 0.6998687, 1.275621, 1937.148
852.0449328422546, 0.6998742, 1.275642, 1936.906
854.0450358390808, 0.6998701, 1.275636, 1936.657
856.0451369285583, 0.6998717, 1.275668, 1936.384
858.0452380180359, 0.6998733, 1.275683, 1936.171
860.0453476905823, 0.6998752, 1.275706, 1935.988
862.045440196991, 0.6998731, 1.275727, 1935.768
864.0455737113953, 0.6998749, 1.275728, 1935.563
866.0456638336182, 0.6998701, 1.275734, 1935.411
868.0457534790039, 0.6998718, 1.275754, 1935.381
870.0458548069, 0.6998735, 1.275765, 1935.251
872.0459377765656, 0.699875, 1.27577, 1935.367
874.0460157394409, 0.6998734, 1.275771, 1935.345
876.0461132526398, 0.6998712, 1.27578, 1935.064
878.0462129116058, 0.6998734, 1.275775, 1935.061
880.0463447570801, 0.6998696, 1.27577, 1935.186
882.046454668045, 0.6998718, 1.275784, 1935.136
884.0465571880341, 0.6998676, 1.275786, 1935.121
886.0466930866241, 0.6998689, 1.275783, 1935.11
888.046799659729, 0.6998679, 1.275784, 1935.061
890.0469064712524, 0.6998695, 1.275797, 1934.927
892.0470097064972, 0.699872, 1.275794, 1934.763
894.047120809555, 0.6998737, 1.275809, 1934.545
896.0472238063812, 0.6998668, 1.275792, 1934.478
898.0473418235779, 0.6998656, 1.27579, 1934.303
900.0474429130554, 0.6998656, 1.275812, 1934.159
902.0475494861603, 0.6998657, 1.275809, 1933.97
904.0476534366608, 0.6998677, 1.275841, 1933.796
906.0477459430695, 0.6998686, 1.275837, 1933.8
908.0478858947754, 0.6998656, 1.275838, 1933.7
910.047975063324, 0.6998668, 1.275856, 1933.541
912.0480716228485, 0.6998664, 1.275863, 1933.424
914.0481715202332, 0.699869, 1.275872, 1933.067
916.0482771396637, 0.6998687, 1.275884, 1932.812
918.0483784675598, 0.6998611, 1.275896, 1932.594
920.0484790802002, 0.6998663, 1.275901, 1932.408
922.0486164093018, 0.6998688, 1.275925, 1932.242
924.0487234592438, 0.6998684, 1.275937, 1931.978
926.0488257408142, 0.6998665, 1.275937, 1931.746
928.0489101409912, 0.6998703, 1.275957, 1931.476
930.0489933490753, 0.6998685, 1.275971, 1931.464
932.0490798950195, 0.6998672, 1.275977, 1931.285
934.0491662025452, 0.699866, 1.275977, 1931.159
936.0492560863495, 0.6998665, 1.275988, 1931.055
938.0493597984314, 0.699865, 1.275988, 1930.915
940.0494518280029, 0.6998608, 1.275994, 1930.654
942.0495507717133, 0.6998656, 1.276025, 1930.368
944.0496542453766, 0.699868, 1.276045, 1930.142
946.0497360229492, 0.699866, 1.276049, 1930.035
948.0498366355896, 0.6998709, 1.276064, 1929.888
950.0499181747437, 0.6998652, 1.27607, 1929.831
952.050014257431, 0.6998636, 1.276078, 1929.615
954.0500936508179, 0.6998673, 1.276105, 1929.455
956.0501871109009, 0.6998662, 1.276101, 1929.264
958.0502789020538, 0.6998624, 1.276117, 1928.997
960.0503692626953, 0.699863, 1.276126, 1928.69
962.0504567623138, 0.699864, 1.276138, 1928.472
964.050537109375, 0.6998634, 1.276149, 1928.353
966.0506269931793, 0.6998634, 1.276146, 1928.277
968.050728559494, 0.6998627, 1.276161, 1928.375
970.0508289337158, 0.6998661, 1.276168, 1928.303
972.0509293079376, 0.6998678, 1.276167, 1928.098
974.051034450531, 0.6998692, 1.276209, 1927.902
976.0511200428009, 0.699867, 1.276205, 1927.677
978.0512142181396, 0.6998644, 1.276196, 1927.426
980.0512931346893, 0.6998661, 1.276226, 1927.223
982.0513970851898, 0.6998633, 1.27623, 1927.061
984.0514805316925, 0.6998662, 1.276265, 1926.86
986.0515649318695, 0.6998631, 1.276262, 1926.82
988.0516691207886, 0.6998634, 1.276265, 1926.807
990.0517725944519, 0.6998627, 1.27625, 1926.768
992.0518732070923, 0.6998633, 1.276266, 1926.576
994.051971912384, 0.6998617, 1.276275, 1926.36
996.0520777702332, 0.699862, 1.27628, 1926.124
998.0521697998047, 0.6998655, 1.276302, 1925.85
1000.0522708892822, 0.6998685, 1.276312, 1925.608
1002.0523672103882, 0.6998572, 1.276312, 1925.363
1004.0524687767029, 0.6998644, 1.27634, 1925.196
1006.0525667667389, 0.6998639, 1.276354, 1925.109
1008.0526735782623, 0.6998624, 1.276355, 1924.975
1010.0527670383453, 0.6998618, 1.276357, 1924.837
1012.052900314331, 0.6998613, 1.276362, 1924.664
1014.0529854297638, 0.6998582, 1.276367, 1924.525
1016.0530807971954, 0.6998644, 1.276382, 1924.371
1018.0531680583954, 0.6998651, 1.276413, 1924.13
1020.053314447403, 0.6998641, 1.276436, 1923.917
1022.053418636322, 0.6998589, 1.27643, 1923.89
1024.0535199642181, 0.69986, 1.276435, 1923.849
1026.0536222457886, 0.6998611, 1.276433, 1923.748
1028.0537250041962, 0.6998636, 1.276447, 1923.741
1030.0538141727448, 0.6998699, 1.276462, 1923.56
1032.0539469718933, 0.6998655, 1.276474, 1923.514
1034.0540482997894, 0.6998637, 1.276473, 1923.437
1036.054135799408, 0.6998736, 1.276499, 1923.22
1038.0542817115784, 0.6998712, 1.276515, 1923.079
1040.0543823242188, 0.6998726, 1.276525, 1923.054
1042.0544681549072, 0.6998696, 1.276518, 1923.034
1044.0545706748962, 0.6998704, 1.276516, 1922.92
1046.0546534061432, 0.6998711, 1.27654, 1922.842
1048.0547351837158, 0.6998726, 1.276543, 1922.681
1050.0548362731934, 0.699869, 1.276559, 1922.45
1052.0549170970917, 0.69987, 1.276569, 1922.181
1054.0549964904785, 0.6998693, 1.276564, 1921.945
1056.0550830364227, 0.6998698, 1.276582, 1921.708
1058.0551660060883, 0.6998689, 1.276594, 1921.441
1060.0552711486816, 0.6998662, 1.276604, 1921.155
1062.055373430252, 0.6998714, 1.276624, 1920.932
1064.0554764270782, 0.6998643, 1.276632, 1920.87
1066.0555775165558, 0.6998687, 1.276639, 1920.809
1068.0556797981262, 0.6998714, 1.276648, 1920.832
1070.055781841278, 0.6998724, 1.276655, 1920.679
1072.0558841228485, 0.6998729, 1.276669, 1920.557
1074.055986404419, 0.6998708, 1.276676, 1920.574
1076.0560910701752, 0.699869, 1.276673, 1920.78
1078.0561804771423, 0.6998668, 1.276675, 1921.006
1080.0562937259674, 0.6998656, 1.276659, 1920.956
1082.0563938617706, 0.699867, 1.276657, 1920.855
1084.056509256363, 0.6998672, 1.276665, 1920.882
1086.0565946102142, 0.6998671, 1.276661, 1920.816
1088.0566861629486, 0.699869, 1.276677, 1920.733
1090.0567893981934, 0.6998698, 1.276666, 1920.738
1092.0569307804108, 0.6998631, 1.276648, 1920.784
1094.0570244789124, 0.699863, 1.276637, 1920.693
1096.0571613311768, 0.6998623, 1.276658, 1920.433
1098.0572731494904, 0.6998613, 1.276653, 1920.402
1100.0573785305023, 0.6998627, 1.276659, 1920.308
1102.0574824810028, 0.6998642, 1.276672, 1920.196
1104.0575869083405, 0.6998639, 1.276696, 1919.991
1106.0576918125153, 0.6998653, 1.276703, 1919.689
1108.0578055381775, 0.6998659, 1.276725, 1919.453
1110.0579190254211, 0.6998651, 1.276717, 1919.167
1112.0580298900604, 0.69986, 1.276747, 1918.946
1114.0581390857697, 0.6998625, 1.276739, 1918.71
1116.0582828521729, 0.6998638, 1.27676, 1918.485
1118.0584082603455, 0.6998627, 1.276767, 1918.289
1120.058498620987, 0.6998646, 1.276771, 1918.064
1122.0585877895355, 0.6998627, 1.276795, 1917.859
1124.0586810112, 0.699867, 1.276796, 1917.689
1126.0587708950043, 0.6998651, 1.27682, 1917.59
1128.0588865280151, 0.6998644, 1.276814, 1917.481
1130.0589854717255, 0.699861, 1.276824, 1917.366
1132.059087753296, 0.6998612, 1.276836, 1917.287
1134.0592250823975, 0.6998672, 1.27684, 1917.357
1136.0593156814575, 0.6998616, 1.276851, 1917.47
1138.0594177246094, 0.6998603, 1.276839, 1917.448
1140.059517621994, 0.6998641, 1.276868, 1917.32
1142.0596227645874, 0.6998624, 1.276875, 1917.283
1144.0597150325775, 0.6998643, 1.276884, 1917.111
1146.0598001480103, 0.699868, 1.276899, 1916.999
1148.0598893165588, 0.6998675, 1.276897, 1917.047
1150.0599973201752, 0.6998699, 1.276904, 1917.168
1152.0601387023926, 0.6998685, 1.276899, 1917.357
1154.0602831840515, 0.6998686, 1.276886, 1917.478
1156.0603885650635, 0.6998652, 1.276905, 1917.32
1158.060525894165, 0.6998682, 1.2769, 1917.007
1160.0606615543365, 0.6998737, 1.276925, 1916.753
1162.0607633590698, 0.6998692, 1.276919, 1916.527
1164.0608763694763, 0.6998695, 1.276929, 1916.249
1166.060970067978, 0.6998671, 1.276937, 1916.045
1168.0610585212708, 0.69987, 1.276956, 1915.869
1170.0611598491669, 0.6998733, 1.276977, 1915.658
1172.0612647533417, 0.6998723, 1.276985, 1915.506
1174.0613684654236, 0.6998721, 1.276994, 1915.381
1176.0615029335022, 0.6998743, 1.277, 1915.311
1178.0616047382355, 0.6998723, 1.277015, 1915.225
1180.0617377758026, 0.6998734, 1.277015, 1915.087
1182.0618731975555, 0.6998709, 1.277018, 1914.88
1184.0620205402374, 0.6998745, 1.277037, 1914.73
1186.062155008316, 0.6998729, 1.277047, 1914.545
1188.062242269516, 0.6998681, 1.277043, 1914.454
1190.0623309612274, 0.6998653, 1.277042, 1914.495
1192.0624165534973, 0.6998757, 1.277057, 1914.82
1194.062514781952, 0.6998686, 1.277052, 1914.835
1196.062599658966, 0.6998723, 1.277055, 1914.76
1198.062683582306, 0.6998704, 1.277054, 1914.543
1200.0627834796906, 0.6998695, 1.277059, 1914.286
1202.0628743171692, 0.6998709, 1.277076, 1914.247
1204.062964439392, 0.6998684, 1.277072, 1914.184
1206.063048839569, 0.6998709, 1.277082, 1914.047
1208.0631833076477, 0.69987, 1.277086, 1913.858
1210.0632877349854, 0.6998721, 1.277102, 1913.573
1212.0633809566498, 0.6998684, 1.277107, 1913.253
1214.0635271072388, 0.699866, 1.277125, 1912.996
1216.0636193752289, 0.6998655, 1.277134, 1912.774
1218.0637106895447, 0.6998631, 1.27715, 1912.548
1220.063800573349, 0.6998687, 1.277169, 1912.375
1222.0639035701752, 0.6998704, 1.277176, 1912.158
1224.0639975070953, 0.6998712, 1.277178, 1911.933
1226.0641269683838, 0.6998706, 1.277198, 1911.793
1228.0642185211182, 0.6998727, 1.2772, 1911.625
1230.0643064975739, 0.6998695, 1.277226, 1911.406
1232.0644414424896, 0.699869, 1.277229, 1911.213
1234.0645742416382, 0.6998715, 1.277244, 1911.127
1236.0646831989288, 0.6998692, 1.277251, 1911.162
1238.0647852420807, 0.6998717, 1.277265, 1910.95
1240.0648720264435, 0.6998656, 1.277278, 1910.775
1242.0649700164795, 0.6998704, 1.277283, 1910.662
1244.0650806427002, 0.6998756, 1.27728, 1910.545
1246.0651841163635, 0.6998698, 1.277292, 1910.372
1248.0653245449066, 0.699869, 1.277303, 1910.376
1250.0654487609863, 0.6998689, 1.277307, 1910.318
1252.065541267395, 0.6998675, 1.277335, 1910.181
1254.0656406879425, 0.6998714, 1.277333, 1910.064
1256.0657329559326, 0.6998727, 1.277337, 1909.923
1258.065844297409, 0.6998677, 1.277333, 1909.743
1260.065948009491, 0.6998683, 1.277356, 1909.556
1262.066083908081, 0.6998684, 1.277355, 1909.339
1264.0661804676056, 0.6998687, 1.277362, 1909.314
1266.0662779808044, 0.6998681, 1.277369, 1909.337
1268.0663678646088, 0.699867, 1.277371, 1909.235
1270.0664727687836, 0.699865, 1.277353, 1909.139
1272.0665867328644, 0.6998736, 1.277378, 1909.295
1274.0666720867157, 0.6998724, 1.277372, 1909.17
1276.066773891449, 0.6998662, 1.277364, 1909.035
1278.066869020462, 0.6998652, 1.277386, 1909.075
1280.0669553279877, 0.6998675, 1.277395, 1908.991
1282.067057609558, 0.6998658, 1.277413, 1908.742
1284.0671620368958, 0.6998743, 1.277422, 1908.492
1286.0672953128815, 0.6998716, 1.277433, 1908.285
1288.0673990249634, 0.6998752, 1.277441, 1908.175
1290.0675337314606, 0.6998671, 1.277449, 1908.06
1292.0676684379578, 0.6998705, 1.277452, 1908.043
1294.0677616596222, 0.6998754, 1.277469, 1907.952
1296.0678646564484, 0.6998711, 1.277475, 1907.843
1298.0679650306702, 0.6998699, 1.27748, 1907.765
1300.068100452423, 0.6998731, 1.277487, 1907.601
1302.0682084560394, 0.6998681, 1.277492, 1907.362
1304.0683073997498, 0.6998675, 1.277498, 1907.223
1306.068410396576, 0.6998709, 1.277493, 1907.172
1308.0684967041016, 0.6998682, 1.277503, 1907.082
1310.0685815811157, 0.6998675, 1.277507, 1907.13
1312.0687129497528, 0.6998658, 1.277492, 1907.244
1314.0688128471375, 0.6998696, 1.277503, 1907.147
1316.0688979625702, 0.6998656, 1.277496, 1907.115
1318.0689964294434, 0.6998721, 1.277517, 1907.067
1320.069334745407, 0.6998714, 1.277522, 1907.148
1322.069444656372, 0.6998686, 1.277511, 1907.239
1324.0695486068726, 0.6998696, 1.277518, 1907.258
1326.0696470737457, 0.6998699, 1.277506, 1907.326
1328.06973361969, 0.6998681, 1.277506, 1907.287
1330.0698692798615, 0.6998659, 1.27751, 1907.354
1332.0699574947357, 0.6998665, 1.277511, 1907.305
1334.0700478553772, 0.6998693, 1.27752, 1907.054
1336.07013297081, 0.6998687, 1.27753, 1906.818
1338.070219039917, 0.6998658, 1.277527, 1906.652
1340.0703177452087, 0.6998652, 1.277542, 1906.571
1342.0703990459442, 0.6998667, 1.277544, 1906.523
1344.0705313682556, 0.6998642, 1.277554, 1906.363
1346.0706236362457, 0.6998646, 1.277549, 1906.237
1348.070769071579, 0.6998644, 1.277563, 1906.084
1350.070876121521, 0.6998679, 1.277585, 1905.9
1352.07098031044, 0.699867, 1.277591, 1905.666
1354.0710921287537, 0.6998676, 1.277594, 1905.591
1356.0711948871613, 0.699869, 1.277616, 1905.452
1358.0712938308716, 0.6998672, 1.277608, 1905.282
1360.0713958740234, 0.699871, 1.277628, 1905.253
1362.0714974403381, 0.6998655, 1.277614, 1905.313
1364.0715866088867, 0.6998686, 1.277615, 1905.336
1366.0716857910156, 0.6998709, 1.277619, 1905.286
1368.071772813797, 0.6998707, 1.277644, 1905.249
1370.0718619823456, 0.6998714, 1.277643, 1905.145
1372.0719485282898, 0.6998686, 1.27765, 1904.953
1374.07204580307, 0.6998687, 1.277664, 1904.765
1376.0721802711487, 0.6998649, 1.277658, 1904.613
1378.0723214149475, 0.6998659, 1.277663, 1904.429
1380.0724260807037, 0.6998644, 1.277671, 1904.198
1382.0725190639496, 0.6998655, 1.277668, 1904.01
1384.0726511478424, 0.6998646, 1.277698, 1903.939
1386.072791814804, 0.6998679, 1.277712, 1903.878
1388.0729277133942, 0.6998683, 1.277724, 1903.745
1390.0730254650116, 0.6998628, 1.277716, 1903.514
1392.073115825653, 0.6998696, 1.277729, 1903.336
1394.0732593536377, 0.6998655, 1.277749, 1903.096
1396.0733578205109, 0.6998651, 1.277754, 1902.874
1398.0734584331512, 0.6998686, 1.27777, 1902.753
1400.073561668396, 0.6998705, 1.277781, 1902.66
1402.0736753940582, 0.699864, 1.277767, 1902.527
1404.0737764835358, 0.6998666, 1.277791, 1902.395
1406.0739138126373, 0.6998638, 1.27779, 1902.285
1408.0740485191345, 0.6998661, 1.277796, 1902.115
1410.0741384029388, 0.6998624, 1.277784, 1902.069
1412.0742421150208, 0.6998661, 1.277806, 1902.321
1414.074337720871, 0.6998641, 1.277801, 1902.643
1416.074473142624, 0.6998638, 1.277799, 1902.684
1418.0745565891266, 0.6998622, 1.277777, 1902.8
1420.074649810791, 0.6998612, 1.277801, 1902.675
1422.074732542038, 0.6998672, 1.277796, 1902.721
1424.0748345851898, 0.6998646, 1.277797, 1902.839
1426.0749731063843, 0.6998663, 1.277781, 1903.022
1428.075118303299, 0.6998647, 1.277777, 1902.998
1430.075227022171, 0.6998653, 1.2778, 1902.935
1432.0753285884857, 0.6998714, 1.277795, 1902.923
1434.07545876503, 0.6998689, 1.277785, 1903.056
1436.0755553245544, 0.6998695, 1.277775, 1902.891
1438.075698375702, 0.6998644, 1.277783, 1902.837
1440.0757825374603, 0.6998684, 1.277791, 1902.904
1442.0758836269379, 0.6998673, 1.277801, 1903.113
1444.0759844779968, 0.6998686, 1.277776, 1903.272
1446.0760905742645, 0.6998698, 1.277792, 1903.069
1448.0762021541595, 0.6998724, 1.277803, 1902.953
1450.0763056278229, 0.6998708, 1.277798, 1902.89
1452.0764129161835, 0.6998709, 1.27781, 1902.711
1454.0765180587769, 0.699869, 1.277804, 1902.561
1456.0766191482544, 0.699869, 1.27782, 1902.326
1458.0767228603363, 0.699868, 1.277827, 1902.196
1460.0768296718597, 0.6998692, 1.277844, 1902.113
1462.076934337616, 0.6998743, 1.27785, 1902.046
1464.077041387558, 0.6998714, 1.277846, 1901.964
1466.0771596431732, 0.6998711, 1.277853, 1901.89
1468.0772812366486, 0.69987, 1.277854, 1901.964
1470.0774219036102, 0.6998736, 1.277872, 1902.09
1472.0775201320648, 0.6998671, 1.277857, 1902.058
1474.077625989914, 0.6998634, 1.277846, 1901.921
1476.0777390003204, 0.6998672, 1.277838, 1901.914
1478.0778868198395, 0.6998681, 1.277836, 1902.05
1480.0779888629913, 0.6998682, 1.277847, 1902.059
1482.0780973434448, 0.6998631, 1.277831, 1902.081
1484.078186750412, 0.6998711, 1.27785, 1902.162
1486.0782961845398, 0.6998748, 1.277859, 1902.046
1488.0784361362457, 0.6998729, 1.277862, 1901.811
1490.0785882472992, 0.6998679, 1.277853, 1901.618
1492.078685760498, 0.6998675, 1.277883, 1901.399
1494.0787932872772, 0.6998686, 1.277887, 1901.144
1496.0789239406586, 0.6998711, 1.277915, 1900.824
1498.0790529251099, 0.6998693, 1.277915, 1900.561
1500.0791857242584, 0.699873, 1.277943, 1900.426
1502.0792772769928, 0.6998704, 1.277928, 1900.545
1504.079362154007, 0.6998742, 1.277948, 1900.452
1506.079463481903, 0.6998712, 1.277948, 1900.286
1508.0795984268188, 0.6998727, 1.277962, 1900.297
1510.0797095298767, 0.6998718, 1.277965, 1900.274
1512.0798137187958, 0.6998692, 1.277959, 1900.138
1514.0799176692963, 0.6998686, 1.277978, 1899.934
1516.0800182819366, 0.6998685, 1.277977, 1899.755
1518.0801203250885, 0.6998631, 1.277973, 1899.56
1520.080222606659, 0.6998706, 1.278009, 1899.352
1522.0803055763245, 0.6998732, 1.278015, 1899.16
1524.080409526825, 0.6998717, 1.27803, 1899.021
1526.0804979801178, 0.6998709, 1.278032, 1898.797
1528.0806047916412, 0.6998693, 1.278053, 1898.685
1530.0807552337646, 0.6998691, 1.278048, 1898.565
1532.080860376358, 0.699872, 1.278066, 1898.455
1534.0809938907623, 0.6998686, 1.278056, 1898.289
1536.0811009407043, 0.6998715, 1.278089, 1898.154
1538.0812265872955, 0.6998714, 1.278089, 1898.202
1540.081327676773, 0.6998736, 1.278094, 1898.066
1542.081422328949, 0.699873, 1.278109, 1897.817
1544.081521987915, 0.6998692, 1.278105, 1897.695
1546.0816106796265, 0.6998703, 1.27812, 1897.701
1548.081696510315, 0.6998742, 1.278124, 1897.73
1550.0818045139313, 0.6998706, 1.278121, 1897.834
1552.0819027423859, 0.6998665, 1.278102, 1897.852
1554.0819869041443, 0.6998682, 1.278113, 1897.91
1556.0820758342743, 0.6998724, 1.278129, 1897.889
1558.0821957588196, 0.6998683, 1.278109, 1897.832
1560.0822927951813, 0.6998693, 1.27811, 1897.911
1562.0823969841003, 0.6998707, 1.278117, 1897.746
1564.0824785232544, 0.6998728, 1.278127, 1897.662
1566.0825741291046, 0.6998724, 1.278131, 1897.453
1568.0826568603516, 0.6998684, 1.278139, 1897.183
1570.0827414989471, 0.6998699, 1.278146, 1897.028
1572.0828292369843, 0.6998708, 1.278159, 1896.95
1574.082926750183, 0.6998699, 1.278169, 1896.831
1576.083062171936, 0.6998709, 1.278199, 1896.673
1578.083165884018, 0.6998709, 1.278199, 1896.511
1580.0832562446594, 0.6998721, 1.278203, 1896.455
1582.0833458900452, 0.6998709, 1.278205, 1896.352
1584.0834407806396, 0.6998701, 1.278199, 1896.286
1586.0835344791412, 0.6998708, 1.278196, 1896.321
1588.0836503505707, 0.6998668, 1.278207, 1896.239
1590.0837574005127, 0.6998702, 1.278213, 1896.112
1592.0838479995728, 0.6998709, 1.278216, 1896.113
1594.0839364528656, 0.6998725, 1.278219, 1896.21
1596.0840208530426, 0.6998736, 1.278226, 1896.352
1598.0841557979584, 0.6998704, 1.278213, 1896.495
1600.0842678546906, 0.6998698, 1.278217, 1896.43
1602.084373474121, 0.6998724, 1.278225, 1896.357
1604.0845029354095, 0.6998765, 1.278218, 1896.491
1606.084599494934, 0.6998762, 1.278223, 1896.557
1608.084702014923, 0.6998717, 1.278215, 1896.523
1610.0847926139832, 0.6998699, 1.278229, 1896.465
1612.084900856018, 0.6998667, 1.278216, 1896.355
1614.0850009918213, 0.6998695, 1.27821, 1896.414
1616.0851345062256, 0.6998722, 1.278213, 1896.478
1618.085247516632, 0.6998704, 1.27821, 1896.311
1620.0853822231293, 0.6998664, 1.278208, 1896.289
1622.0854890346527, 0.699868, 1.278214, 1896.18
1624.0855922698975, 0.6998679, 1.278224, 1895.954
1626.0856971740723, 0.6998693, 1.278234, 1895.756
1628.0858426094055, 0.6998681, 1.278239, 1895.624
1630.0859293937683, 0.6998736, 1.278267, 1895.634
1632.0860164165497, 0.6998748, 1.278262, 1895.658
1634.086121559143, 0.6998724, 1.278261, 1895.572
1636.0862247943878, 0.6998723, 1.278263, 1895.329
1638.0863769054413, 0.6998716, 1.278276, 1895.261
1640.0864880084991, 0.6998753, 1.278288, 1895.242
1642.0865721702576, 0.699867, 1.278281, 1895.078
1644.086672782898, 0.6998727, 1.278298, 1894.938
1646.0867762565613, 0.6998741, 1.27829, 1894.72
1648.0869114398956, 0.6998678, 1.278308, 1894.595
1650.0870034694672, 0.6998718, 1.278312, 1894.411
1652.0871081352234, 0.6998724, 1.278321, 1894.307
1654.087261915207, 0.6998718, 1.278322, 1894.228
1656.0873579978943, 0.6998692, 1.278332, 1894.148
1658.0874934196472, 0.6998704, 1.278329, 1894.172
1660.0876019001007, 0.6998729, 1.278354, 1894.21
1662.0877039432526, 0.6998687, 1.278355, 1894.226
1664.0878539085388, 0.6998707, 1.278351, 1894.332
1666.0879576206207, 0.699868, 1.278319, 1894.408
1668.0880613327026, 0.6998699, 1.278319, 1894.399
1670.0881547927856, 0.699868, 1.278327, 1894.557
1672.0882585048676, 0.6998715, 1.278326, 1894.643
1674.0883600711823, 0.6998708, 1.278325, 1894.551
1676.0884609222412, 0.6998704, 1.278335, 1894.402
1678.0885717868805, 0.69987, 1.278339, 1894.428
1680.0886814594269, 0.6998711, 1.278332, 1894.331
1682.088784456253, 0.6998733, 1.278336, 1894.224
1684.088889837265, 0.6998693, 1.278358, 1894.116
1686.0889835357666, 0.6998736, 1.278352, 1894.113
1688.0891189575195, 0.699872, 1.27835, 1893.971
1690.0892634391785, 0.6998709, 1.278362, 1893.775
1692.089352607727, 0.6998743, 1.278366, 1893.607
1694.089457988739, 0.6998678, 1.278376, 1893.454
1696.0895946025848, 0.6998699, 1.27837, 1893.547
1698.0896978378296, 0.6998707, 1.278384, 1893.604
1700.0898020267487, 0.6998681, 1.278374, 1893.772
1702.0898909568787, 0.6998722, 1.278387, 1893.884
1704.0899953842163, 0.6998712, 1.278372, 1893.911
1706.0900793075562, 0.6998717, 1.278368, 1893.974
1708.090183019638, 0.6998627, 1.27837, 1893.958
1710.0902671813965, 0.6998724, 1.278386, 1893.951
1712.0903639793396, 0.6998726, 1.278367, 1893.974
1714.0904541015625, 0.6998726, 1.278371, 1893.911
1716.0905485153198, 0.699869, 1.278377, 1893.774
1718.090653181076, 0.699871, 1.278377, 1893.61
1720.0907573699951, 0.6998636, 1.27837, 1893.519
1722.0908632278442, 0.6998679, 1.27837, 1893.395
1724.0909943580627, 0.69987, 1.278395, 1893.242
1726.0911223888397, 0.6998675, 1.278411, 1893.075
1728.0912356376648, 0.6998671, 1.27842, 1892.949
1730.0913443565369, 0.6998668, 1.278424, 1892.74
1732.0914528369904, 0.6998695, 1.278425, 1892.491
1734.091557264328, 0.6998738, 1.27844, 1892.328
1736.0916900634766, 0.6998685, 1.278456, 1892.168
1738.0917930603027, 0.6998718, 1.278467, 1891.975
1740.0919363498688, 0.6998674, 1.278466, 1891.836
1742.0920717716217, 0.6998666, 1.278476, 1891.837
1744.092176437378, 0.6998706, 1.278484, 1891.849
1746.0922796726227, 0.6998658, 1.278473, 1892.023
1748.09241604805, 0.699873, 1.278491, 1891.932
1750.092520236969, 0.6998656, 1.278507, 1891.794
1752.092656135559, 0.6998718, 1.278496, 1891.901
1754.0927650928497, 0.6998723, 1.278513, 1891.87
1756.0928626060486, 0.6998675, 1.278495, 1891.82
1758.093023300171, 0.6998731, 1.27849, 1891.998
1760.0931310653687, 0.699867, 1.278476, 1892.179
1762.0932397842407, 0.6998703, 1.27848, 1892.313
1764.093344449997, 0.6998652, 1.27847, 1892.252
1766.0934357643127, 0.6998674, 1.27847, 1892.231
1768.0935344696045, 0.6998696, 1.278482, 1892.205
1770.0936386585236, 0.6998644, 1.278488, 1892.077
1772.0937385559082, 0.6998693, 1.278489, 1892.039
1774.0938358306885, 0.6998715, 1.278489, 1891.872
1776.0939364433289, 0.6998672, 1.278489, 1891.841
1778.0940220355988, 0.6998714, 1.278503, 1891.966
1780.0941247940063, 0.6998695, 1.278499, 1891.715
1782.0942227840424, 0.6998733, 1.278514, 1891.643
1784.0943157672882, 0.6998675, 1.278502, 1891.589
1786.0944044589996, 0.6998665, 1.278515, 1891.606
1788.094490289688, 0.6998709, 1.278513, 1891.616
1790.0945992469788, 0.6998708, 1.278519, 1891.586
1792.0947325229645, 0.6998709, 1.278503, 1891.455
1794.0948684215546, 0.6998698, 1.278518, 1891.397
1796.0949652194977, 0.6998717, 1.278517, 1891.346
1798.0950491428375, 0.6998688, 1.278522, 1891.238
1800.0951335430145, 0.6998708, 1.278533, 1891.255
1802.0952739715576, 0.699871, 1.278521, 1891.416
1804.0953750610352, 0.6998723, 1.278514, 1891.486
1806.0954768657684, 0.6998716, 1.27854, 1891.475
1808.0955770015717, 0.6998714, 1.278531, 1891.468
1810.0956571102142, 0.6998739, 1.27853, 1891.376
1812.0957581996918, 0.6998713, 1.278534, 1891.265
1814.0958614349365, 0.6998732, 1.278533, 1891.282
1816.0959556102753, 0.6998712, 1.278559, 1891.201
1818.0960557460785, 0.6998709, 1.278546, 1891.184
1820.0961582660675, 0.6998714, 1.278546, 1891.272
1822.0962975025177, 0.6998736, 1.278538, 1891.278
1824.0964002609253, 0.6998675, 1.278531, 1891.428
1826.0965387821198, 0.6998656, 1.278529, 1891.455
1828.0966613292694, 0.6998714, 1.27853, 1891.617
1830.0967650413513, 0.6998665, 1.278517, 1891.799
1832.0969099998474, 0.6998697, 1.278528, 1891.713
1834.0970470905304, 0.6998667, 1.278529, 1891.641
1836.0971529483795, 0.6998692, 1.27853, 1891.483
1838.0972549915314, 0.699865, 1.278527, 1891.36
1840.0973691940308, 0.6998712, 1.278538, 1891.254
1842.0974559783936, 0.699868, 1.278535, 1891.206
1844.0975964069366, 0.69987, 1.278549, 1891.114
1846.0976784229279, 0.6998694, 1.278543, 1890.976
1848.0977666378021, 0.6998685, 1.278558, 1890.865
1850.0978693962097, 0.6998649, 1.278532, 1890.715
1852.0979754924774, 0.699864, 1.278552, 1890.551
1854.098061800003, 0.6998626, 1.278548, 1890.368
1856.0981771945953, 0.6998661, 1.278562, 1890.247
1858.0982692241669, 0.6998664, 1.278585, 1890.175
1860.09836769104, 0.6998643, 1.278584, 1890.201
1862.0984661579132, 0.6998719, 1.278601, 1890.251
1864.0985491275787, 0.6998651, 1.278591, 1890.558
1866.0986461639404, 0.6998673, 1.278582, 1890.824
1868.098757982254, 0.6998699, 1.278582, 1891.119
1870.0989010334015, 0.6998697, 1.278583, 1891.251
1872.0990056991577, 0.6998692, 1.278583, 1891.051
1874.0991394519806, 0.6998716, 1.278569, 1891.143
1876.0992438793182, 0.6998712, 1.278575, 1890.972
1878.0993392467499, 0.699871, 1.278583, 1890.902
1880.0994427204132, 0.6998708, 1.278567, 1890.859
1882.0995225906372, 0.6998703, 1.278589, 1891.021
1884.0996568202972, 0.6998703, 1.278577, 1891.082
1886.0997550487518, 0.6998714, 1.278574, 1891.146
1888.0998373031616, 0.6998677, 1.27858, 1891.225
1890.0999314785004, 0.6998716, 1.278566, 1891.424
1892.100067615509, 0.6998737, 1.278577, 1891.532
1894.1001541614532, 0.699873, 1.278567, 1891.571
1896.100250005722, 0.6998724, 1.278566, 1891.399
1898.1003589630127, 0.6998746, 1.278569, 1891.137
1900.100471496582, 0.6998688, 1.278572, 1891.147
1902.1005833148956, 0.6998701, 1.278555, 1891.185
1904.1006784439087, 0.6998659, 1.278558, 1891.287
1906.1007823944092, 0.6998661, 1.278564, 1891.148
1908.1008756160736, 0.6998712, 1.278566, 1890.978
1910.1009895801544, 0.6998699, 1.278561, 1890.85
1912.1010921001434, 0.6998757, 1.278557, 1890.768
1914.1012032032013, 0.6998705, 1.278579, 1890.767
1916.1012988090515, 0.6998683, 1.278568, 1891.064
1918.1014339923859, 0.6998724, 1.278568, 1891.416
1920.1015384197235, 0.699869, 1.278545, 1891.537
1922.1016397476196, 0.6998709, 1.278552, 1891.752
1924.1017384529114, 0.6998675, 1.27856, 1891.764
1926.1018738746643, 0.6998703, 1.278553, 1891.631
1928.1020114421844, 0.6998712, 1.278559, 1891.672
1930.1021010875702, 0.699869, 1.278544, 1891.939
1932.1022381782532, 0.6998752, 1.278551, 1892.134
1934.1023817062378, 0.6998745, 1.278541, 1892.242
1936.1025168895721, 0.6998724, 1.278545, 1892.056
1938.1026101112366, 0.6998711, 1.278545, 1891.904
1940.1027157306671, 0.699873, 1.278535, 1891.665
1942.102807044983, 0.6998684, 1.278551, 1891.299
1944.1028952598572, 0.6998731, 1.278558, 1891.109
1946.103035211563, 0.699874, 1.278578, 1890.965
1948.1031348705292, 0.6998695, 1.278566, 1890.827
1950.1032197475433, 0.6998743, 1.278593, 1890.574
1952.1033561229706, 0.6998752, 1.278597, 1890.463
1954.1034486293793, 0.6998743, 1.278604, 1890.306
1956.1035437583923, 0.6998755, 1.278612, 1890.292
1958.1036570072174, 0.6998728, 1.278613, 1890.158
1960.103763103485, 0.6998739, 1.278617, 1889.97
1962.1038506031036, 0.6998721, 1.278642, 1889.741
1964.10395860672, 0.6998704, 1.278638, 1889.606
1966.1040434837341, 0.6998689, 1.278652, 1889.483
1968.1041941642761, 0.6998705, 1.278661, 1889.295
1970.1042819023132, 0.6998709, 1.278666, 1889.119
1972.104388475418, 0.6998709, 1.278667, 1888.89
1974.1045227050781, 0.6998718, 1.278686, 1888.642
1976.1046137809753, 0.6998678, 1.278692, 1888.456
1978.1047036647797, 0.6998658, 1.278698, 1888.356
1980.1048057079315, 0.6998682, 1.278713, 1888.265
1982.1049087047577, 0.6998675, 1.278727, 1888.109
1984.1050205230713, 0.6998664, 1.27872, 1887.939
1986.105126619339, 0.6998674, 1.278731, 1887.731
1988.1052145957947, 0.6998624, 1.278735, 1887.601
1990.1053178310394, 0.6998662, 1.278742, 1887.448
1992.1054215431213, 0.6998703, 1.278778, 1887.387
1994.1055371761322, 0.6998714, 1.278777, 1887.341
1996.1056368350983, 0.6998748, 1.278789, 1887.303
1998.1057217121124, 0.6998704, 1.278779, 1887.369
2000.1058275699615, 0.6998695, 1.278792, 1887.239
2002.1059401035309, 0.6998701, 1.278801, 1887.03
2004.1060326099396, 0.6998695, 1.278815, 1887.042
2006.1061189174652, 0.699867, 1.278798, 1887.051
2008.1062207221985, 0.6998701, 1.278819, 1886.993
2010.1063249111176, 0.6998709, 1.278826, 1886.819
2012.1064660549164, 0.6998658, 1.278821, 1886.61
2014.1065578460693, 0.6998644, 1.278821, 1886.417
2016.1066524982452, 0.6998664, 1.278832, 1886.357
2018.1067605018616, 0.6998709, 1.278843, 1886.248
2020.1068449020386, 0.6998662, 1.278859, 1886.086
2022.1069366931915, 0.6998675, 1.278867, 1885.878
2024.1070251464844, 0.699869, 1.278869, 1885.719
2026.1071224212646, 0.6998753, 1.278897, 1885.596
2028.107227563858, 0.6998718, 1.278894, 1885.402
2030.1073446273804, 0.6998724, 1.278891, 1885.41
2032.1074361801147, 0.6998704, 1.27891, 1885.559
2034.107524394989, 0.6998716, 1.278899, 1885.797
2036.1076347827911, 0.6998715, 1.2789, 1885.919
2038.1077289581299, 0.6998702, 1.278896, 1885.83
2040.1078345775604, 0.6998746, 1.278901, 1885.637
2042.107967376709, 0.6998711, 1.278898, 1885.444
2044.108071088791, 0.6998681, 1.278917, 1885.305
2046.1081583499908, 0.6998729, 1.278929, 1885.174
2048.108247756958, 0.6998704, 1.278942, 1885.09
2050.1083409786224, 0.6998729, 1.27895, 1884.922
2052.1084372997284, 0.6998737, 1.278956, 1884.824
2054.108526945114, 0.6998726, 1.27896, 1884.836
2056.1086299419403, 0.6998703, 1.27896, 1884.818
2058.1087300777435, 0.6998713, 1.278955, 1884.582
2060.108810901642, 0.6998722, 1.278969, 1884.45
2062.1089425086975, 0.699872, 1.278971, 1884.388
2064.109026193619, 0.6998752, 1.278981, 1884.242
2066.10910987854, 0.699869, 1.278988, 1884.029
2068.1091985702515, 0.699873, 1.279007, 1883.891
2070.109300136566, 0.699873, 1.279021, 1883.682
2072.1094357967377, 0.6998738, 1.279028, 1883.568
2074.1095247268677, 0.6998724, 1.279033, 1883.501
2076.1096618175507, 0.6998682, 1.279038, 1883.358
2078.109780073166, 0.6998729, 1.279051, 1883.313
2080.1098840236664, 0.6998712, 1.279041, 1883.478
2082.109988927841, 0.6998688, 1.27903, 1883.712
2084.11012506485, 0.6998685, 1.279016, 1883.776
2086.110230922699, 0.6998693, 1.279033, 1883.67
2088.1103270053864, 0.6998699, 1.279037, 1883.542
2090.110429048538, 0.6998715, 1.279044, 1883.5
2092.1105301380157, 0.6998727, 1.279053, 1883.494
2094.1106083393097, 0.6998705, 1.27906, 1883.507
2096.1107099056244, 0.6998728, 1.279053, 1883.387
2098.110799074173, 0.6998697, 1.279062, 1883.255
2100.110887527466, 0.6998719, 1.279065, 1883.022
2102.111025094986, 0.6998721, 1.279066, 1882.833
2104.111150741577, 0.6998692, 1.279074, 1882.67
2106.1112492084503, 0.6998712, 1.2791, 1882.591
2108.111347913742, 0.6998733, 1.279099, 1882.524
2110.1114571094513, 0.6998732, 1.279116, 1882.315
2112.1115612983704, 0.6998714, 1.279121, 1882.135
2114.1116638183594, 0.6998715, 1.279126, 1882.053
2116.1117691993713, 0.6998734, 1.279122, 1882.012
2118.1119151115417, 0.6998718, 1.279142, 1881.97
2120.112014055252, 0.6998727, 1.279138, 1881.861
2122.1121215820312, 0.6998748, 1.279148, 1881.73
2124.11220908165, 0.6998695, 1.279135, 1881.529
2126.1123173236847, 0.6998704, 1.279149, 1881.293
2128.112407684326, 0.6998715, 1.279161, 1881.225
2130.112544298172, 0.6998696, 1.279164, 1881.417
2132.1126787662506, 0.6998652, 1.279157, 1881.654
2134.1127684116364, 0.6998675, 1.279147, 1881.854
2136.1128692626953, 0.6998685, 1.279144, 1881.968
2138.11297249794, 0.6998667, 1.279146, 1881.964
2140.1130776405334, 0.6998719, 1.279159, 1881.908
2142.113167285919, 0.6998692, 1.279149, 1881.723
2144.1132690906525, 0.6998705, 1.279158, 1881.539
2146.113403081894, 0.6998711, 1.279175, 1881.481
2148.113482952118, 0.699869, 1.279172, 1881.411
2150.113569021225, 0.6998694, 1.27919, 1881.236
2152.113671064377, 0.6998721, 1.279188, 1881.051
2154.113771677017, 0.6998696, 1.279182, 1880.926
2156.113874912262, 0.6998734, 1.279207, 1880.783
2158.113966703415, 0.6998729, 1.27921, 1880.769
2160.114052295685, 0.6998705, 1.279214, 1880.612
2162.1141407489777, 0.6998695, 1.279226, 1880.464
2164.1142802238464, 0.6998699, 1.27922, 1880.603
2166.114418029785, 0.6998738, 1.279228, 1880.706
2168.114522218704, 0.6998755, 1.279235, 1880.721
2170.114661693573, 0.6998722, 1.279229, 1880.872
2172.1147978305817, 0.6998727, 1.279224, 1880.84
2174.1148993968964, 0.6998752, 1.279214, 1880.629
2176.115001440048, 0.6998736, 1.279232, 1880.468
2178.1151015758514, 0.6998713, 1.279237, 1880.288
2180.1152012348175, 0.6998696, 1.279249, 1880.106
2182.115280866623, 0.6998737, 1.279256, 1879.939
2184.115380048752, 0.6998737, 1.279263, 1879.813
2186.1155157089233, 0.6998695, 1.279263, 1879.672
2188.115668773651, 0.6998713, 1.279281, 1879.508
2190.1158051490784, 0.6998684, 1.279272, 1879.392
2192.1159389019012, 0.6998686, 1.27929, 1879.221
2194.1160378456116, 0.6998717, 1.279302, 1879.064
2196.1161444187164, 0.6998681, 1.279294, 1878.911
2198.116278886795, 0.6998686, 1.279312, 1878.843
2200.116381406784, 0.6998689, 1.27932, 1878.84
2202.1164894104004, 0.6998697, 1.279314, 1878.9
2204.116573572159, 0.6998719, 1.279322, 1879.085
2206.116683483124, 0.6998691, 1.279305, 1879.238
2208.1168184280396, 0.6998651, 1.279295, 1879.321
2210.1169250011444, 0.6998719, 1.279315, 1879.435
2212.1170167922974, 0.6998693, 1.27931, 1879.408
2214.1171400547028, 0.69987, 1.27931, 1879.569
2216.1172547340393, 0.6998723, 1.27931, 1879.701
2218.117348909378, 0.6998699, 1.279298, 1879.674
2220.1174342632294, 0.6998729, 1.279294, 1879.652
2222.117527484894, 0.6998704, 1.279301, 1879.717
2224.117621421814, 0.6998731, 1.279301, 1879.778
2226.1177263259888, 0.6998754, 1.279307, 1879.741
2228.117857694626, 0.6998759, 1.279289, 1879.784
2230.117948770523, 0.6998722, 1.279288, 1879.841
2232.1180489063263, 0.6998717, 1.279282, 1879.734
2234.118191719055, 0.699874, 1.279295, 1879.497
2236.1182906627655, 0.6998767, 1.279309, 1879.396
2238.1184270381927, 0.6998718, 1.279297, 1879.308
2240.118512392044, 0.6998755, 1.279313, 1879.307
2242.11860203743, 0.6998729, 1.279321, 1879.468
2244.1187047958374, 0.6998725, 1.279311, 1879.666
2246.1188423633575, 0.699869, 1.279301, 1879.576
2248.1189477443695, 0.699877, 1.279324, 1879.524
2250.119045972824, 0.6998757, 1.27933, 1879.578
2252.119197368622, 0.699875, 1.279326, 1879.365
2254.1193063259125, 0.6998739, 1.279324, 1879.307
2256.119403362274, 0.6998742, 1.279337, 1879.212
2258.1195147037506, 0.6998715, 1.279334, 1879.279
2260.1196002960205, 0.6998723, 1.27934, 1879.25
2262.119697570801, 0.6998718, 1.279325, 1879.271
2264.1197996139526, 0.6998695, 1.27932, 1879.236
2266.119895219803, 0.6998737, 1.279335, 1879.133
2268.1200284957886, 0.6998728, 1.279339, 1879.141
2270.1201298236847, 0.6998719, 1.279345, 1879.04
2272.120226621628, 0.6998724, 1.279335, 1878.992
2274.1203322410583, 0.6998715, 1.279335, 1879.114
2276.120440721512, 0.6998731, 1.279329, 1879.207
2278.1205434799194, 0.6998715, 1.279322, 1879.11
2280.120726108551, 0.6998708, 1.279331, 1878.974
2282.12082695961, 0.6998722, 1.279337, 1878.735
2284.120938062668, 0.6998723, 1.279328, 1878.646
2286.1210556030273, 0.6998703, 1.279348, 1878.646
2288.121161222458, 0.6998755, 1.27935, 1878.527
2290.1212747097015, 0.6998724, 1.279365, 1878.517
2292.1213722229004, 0.6998758, 1.279359, 1878.445
2294.121510744095, 0.6998729, 1.279368, 1878.501
2296.1216490268707, 0.6998724, 1.279371, 1878.492
2298.121752023697, 0.6998714, 1.279366, 1878.674
2300.121856689453, 0.6998707, 1.279356, 1878.7
2302.121964454651, 0.6998756, 1.27937, 1878.821
2304.122101545334, 0.6998715, 1.27936, 1878.738
2306.1222443580627, 0.6998631, 1.279362, 1878.53
2308.1223423480988, 0.6998685, 1.279354, 1878.466
2310.122428894043, 0.6998685, 1.279355, 1878.357
2312.1225180625916, 0.6998672, 1.279365, 1878.362
2314.122608423233, 0.6998687, 1.279372, 1878.404
2316.1227514743805, 0.6998673, 1.279377, 1878.374
2318.122854232788, 0.6998706, 1.279377, 1878.209
2320.122942209244, 0.6998711, 1.279392, 1878.061
2322.123029947281, 0.6998704, 1.279399, 1877.957
2324.1231758594513, 0.6998685, 1.27941, 1877.826
2326.123267889023, 0.6998723, 1.279416, 1877.734
2328.12339758873, 0.6998686, 1.279404, 1877.692
2330.123526573181, 0.6998707, 1.279406, 1877.847
2332.123637199402, 0.6998708, 1.279407, 1877.796
2334.1237409114838, 0.6998721, 1.279424, 1877.616
2336.123847723007, 0.6998684, 1.279409, 1877.562
2338.1239483356476, 0.6998718, 1.279419, 1877.437
2340.124060869217, 0.6998684, 1.279417, 1877.491
2342.124213695526, 0.699869, 1.279413, 1877.467
2344.1243135929108, 0.6998661, 1.279407, 1877.304
2346.1244657039642, 0.6998698, 1.279435, 1877.416
2348.124573469162, 0.6998696, 1.27944, 1877.597
2350.124668598175, 0.6998657, 1.279435, 1877.584
2352.124768972397, 0.6998708, 1.27942, 1877.668
2354.124853849411, 0.6998708, 1.279424, 1877.735
2356.1249577999115, 0.6998739, 1.279423, 1877.649
2358.125087738037, 0.6998693, 1.279426, 1877.595
2360.12517952919, 0.6998712, 1.27941, 1877.566
2362.125280857086, 0.6998717, 1.279427, 1877.722
2364.1253719329834, 0.699869, 1.279417, 1877.678
2366.125476360321, 0.6998704, 1.279428, 1877.635
2368.1255819797516, 0.6998671, 1.279426, 1877.554
2370.125683069229, 0.6998733, 1.279438, 1877.413
2372.1257696151733, 0.699873, 1.279447, 1877.253
2374.1259117126465, 0.6998752, 1.279459, 1877.117
2376.1259956359863, 0.6998709, 1.279468, 1876.999
2378.126127719879, 0.6998699, 1.279471, 1876.941
2380.1262171268463, 0.6998677, 1.27946, 1876.968
2382.126310110092, 0.6998726, 1.279462, 1877.038
2384.1264114379883, 0.6998681, 1.279458, 1877.167
2386.12650847435, 0.6998686, 1.279439, 1877.336
2388.1265931129456, 0.699866, 1.279434, 1877.457
2390.1266989707947, 0.6998672, 1.279422, 1877.58
2392.126834630966, 0.6998696, 1.279438, 1877.671
2394.1269161701202, 0.699866, 1.279406, 1877.747
2396.127021551132, 0.6998608, 1.279422, 1877.43
2398.1271748542786, 0.6998705, 1.27943, 1877.273
2400.1273109912872, 0.699863, 1.279424, 1877.36
2402.1274180412292, 0.6998636, 1.279418, 1877.559
2404.1275222301483, 0.6998634, 1.279404, 1877.683
2406.127631187439, 0.6998641, 1.279413, 1877.668
2408.1277747154236, 0.699869, 1.279418, 1877.565
2410.127925634384, 0.6998655, 1.279406, 1877.492
2412.1280257701874, 0.6998634, 1.279419, 1877.266
2414.1281731128693, 0.6998645, 1.279433, 1877.101
2416.1282756328583, 0.6998649, 1.279434, 1877.126
2418.128410577774, 0.6998661, 1.279425, 1877.087
2420.12854886055, 0.6998658, 1.279417, 1876.99
2422.1286940574646, 0.6998649, 1.279429, 1876.896
2424.1287837028503, 0.6998625, 1.279426, 1876.781
2426.1288871765137, 0.6998605, 1.279436, 1876.859
2428.1289868354797, 0.6998655, 1.279433, 1876.946
2430.129070997238, 0.699867, 1.279453, 1876.859
2432.1292111873627, 0.6998658, 1.27945, 1876.822
2434.129296064377, 0.6998619, 1.27945, 1876.718
2436.1294310092926, 0.6998667, 1.27947, 1876.585
2438.1295363903046, 0.6998627, 1.27947, 1876.547
2440.1296231746674, 0.6998662, 1.279477, 1876.478
2442.129714488983, 0.6998703, 1.279495, 1876.313
2444.1298022270203, 0.6998622, 1.279493, 1876.112
2446.129938364029, 0.6998608, 1.279492, 1876.039
2448.130050420761, 0.6998656, 1.279506, 1876.046
2450.1302075386047, 0.6998631, 1.279498, 1876.023
2452.130352497101, 0.699863, 1.279502, 1876.181
2454.1304383277893, 0.6998667, 1.279498, 1876.585
2456.1305713653564, 0.6998723, 1.279483, 1876.956
2458.1306738853455, 0.6998634, 1.279468, 1877.165
2460.1307775974274, 0.6998651, 1.279472, 1877.198
2462.130884408951, 0.6998668, 1.279455, 1877.168
2464.131019592285, 0.6998657, 1.279476, 1877.25
2466.131130218506, 0.6998699, 1.279466, 1876.938
2468.131267309189, 0.6998674, 1.27947, 1876.809
2470.131363391876, 0.6998663, 1.279455, 1876.78
2472.1314868927, 0.699872, 1.279478, 1876.617
2474.131574869156, 0.6998646, 1.279468, 1876.373
2476.1316759586334, 0.6998625, 1.279474, 1876.21
2478.131765604019, 0.6998639, 1.279491, 1876.148
2480.131852865219, 0.699868, 1.279511, 1875.95
2482.1319448947906, 0.6998656, 1.279518, 1875.74
2484.1320519447327, 0.6998674, 1.279526, 1875.478
2486.1321592330933, 0.6998605, 1.279537, 1875.268
2488.132254600525, 0.6998665, 1.27955, 1875.108
2490.1323897838593, 0.699865, 1.279556, 1874.997
2492.132494211197, 0.6998637, 1.279547, 1874.861
2494.132628917694, 0.6998646, 1.279579, 1874.745
2496.132711648941, 0.6998683, 1.279594, 1874.68
2498.1328098773956, 0.6998664, 1.279594, 1874.583
2500.132949590683, 0.6998654, 1.279598, 1874.542
2502.133052110672, 0.6998637, 1.279602, 1874.463
2504.133195400238, 0.699863, 1.279614, 1874.301
2506.1332926750183, 0.699865, 1.279613, 1874.199
2508.133380651474, 0.6998688, 1.279616, 1874.158
2510.133481502533, 0.6998688, 1.279634, 1874.076
2512.1336145401, 0.6998656, 1.279638, 1873.934
2514.133748292923, 0.6998688, 1.279651, 1873.789
2516.133833885193, 0.6998671, 1.279664, 1873.63
2518.1339700222015, 0.6998706, 1.279674, 1873.472
2520.1340532302856, 0.6998676, 1.279654, 1873.465
2522.1341824531555, 0.699868, 1.279653, 1873.822
2524.134281396866, 0.6998647, 1.279641, 1874.18
2526.134383201599, 0.6998667, 1.279633, 1874.525
2528.134478330612, 0.6998636, 1.279628, 1874.878
2530.1345801353455, 0.6998661, 1.279593, 1875.072
2532.134684085846, 0.6998636, 1.279588, 1875.081
2534.1348221302032, 0.6998654, 1.279592, 1875.019
2536.1349079608917, 0.6998678, 1.279605, 1874.9
2538.1349999904633, 0.6998671, 1.279591, 1875.028
2540.1351041793823, 0.6998674, 1.279603, 1874.902
2542.1352066993713, 0.6998689, 1.279597, 1874.702
2544.1353085041046, 0.6998671, 1.279604, 1874.722
2546.1354146003723, 0.6998686, 1.279604, 1874.667
2548.135507583618, 0.6998673, 1.279612, 1874.477
2550.135600090027, 0.6998622, 1.279615, 1874.308
2552.135698080063, 0.6998685, 1.279636, 1874.209
2554.1358375549316, 0.6998717, 1.27963, 1874.35
2556.1359622478485, 0.6998667, 1.279625, 1874.275
2558.136093854904, 0.6998642, 1.279637, 1874.147
2560.136207818985, 0.699867, 1.279634, 1873.999
2562.1363554000854, 0.6998651, 1.279651, 1873.893
2564.136497735977, 0.6998634, 1.27962, 1874.135
2566.1366426944733, 0.6998648, 1.27964, 1874.299
2568.1367745399475, 0.6998625, 1.279614, 1874.628
2570.1368701457977, 0.699868, 1.279609, 1874.841
2572.1369693279266, 0.6998602, 1.279607, 1874.945
2574.1370689868927, 0.6998593, 1.279601, 1875.152
2576.137169122696, 0.6998609, 1.279605, 1875.179
2578.137269258499, 0.6998636, 1.279584, 1875.253
2580.137400865555, 0.6998624, 1.279576, 1875.392
2582.137501478195, 0.6998663, 1.279574, 1875.722
2584.1376383304596, 0.6998688, 1.279582, 1875.89
2586.1377415657043, 0.6998635, 1.279566, 1876.218
2588.1378796100616, 0.6998647, 1.279538, 1876.427
2590.138015270233, 0.699862, 1.279533, 1876.534
2592.1381182670593, 0.6998599, 1.27952, 1876.662
2594.138206243515, 0.6998621, 1.279518, 1876.674
2596.1383430957794, 0.6998647, 1.279513, 1876.688
2598.1384308338165, 0.6998658, 1.27951, 1876.626
2600.1385176181793, 0.6998672, 1.279508, 1876.439
2602.138615131378, 0.6998664, 1.279521, 1876.246
2604.1386992931366, 0.6998613, 1.279521, 1876.121
2606.138791322708, 0.6998665, 1.279524, 1875.979
2608.138894557953, 0.6998622, 1.279535, 1875.705
2610.1389775276184, 0.6998625, 1.279547, 1875.363
2612.139078140259, 0.6998665, 1.279562, 1875.119
2614.1391620635986, 0.6998644, 1.279571, 1875.042
2616.1392993927, 0.699866, 1.279589, 1874.834
2618.1394078731537, 0.6998657, 1.279589, 1874.573
2620.139540910721, 0.6998625, 1.279594, 1874.392
2622.1396832466125, 0.6998615, 1.279609, 1874.321
2624.1398179531097, 0.6998663, 1.279633, 1874.223
2626.1399536132812, 0.6998637, 1.279616, 1874.137
2628.1400892734528, 0.6998622, 1.27963, 1874.041
2630.140228033066, 0.6998618, 1.279626, 1874.005
2632.140338420868, 0.6998636, 1.279629, 1873.859
2634.140476703644, 0.6998627, 1.279631, 1873.832
2636.1405794620514, 0.6998597, 1.279643, 1873.6
2638.140717983246, 0.6998608, 1.279636, 1873.551
2640.14080619812, 0.6998618, 1.279649, 1873.435
2642.140906572342, 0.699864, 1.279669, 1873.309
2644.1410031318665, 0.6998656, 1.279688, 1873.204
2646.1410987377167, 0.699864, 1.279695, 1873.095
2648.141199350357, 0.6998647, 1.279692, 1873.02
2650.141300678253, 0.699873, 1.279719, 1872.859
2652.1414375305176, 0.699873, 1.279735, 1872.724
2654.141541481018, 0.6998657, 1.279737, 1872.658
2656.1416442394257, 0.6998704, 1.279734, 1872.635
2658.1417367458344, 0.6998695, 1.279752, 1872.581
2660.1418194770813, 0.6998665, 1.279758, 1872.452
2662.141910791397, 0.6998673, 1.279759, 1872.323
2664.14204621315, 0.6998673, 1.279749, 1872.165
2666.1421525478363, 0.6998671, 1.279767, 1872.008
2668.1422605514526, 0.6998662, 1.27977, 1872.01
2670.142365694046, 0.6998678, 1.279774, 1872.047
2672.1424815654755, 0.699869, 1.279778, 1872.133
2674.142569541931, 0.6998705, 1.279774, 1872.531
2676.1426758766174, 0.6998718, 1.279775, 1872.659
2678.1427812576294, 0.6998716, 1.279753, 1872.823
2680.1428899765015, 0.6998701, 1.279759, 1873.046
2682.142983198166, 0.6998674, 1.279733, 1873.212
2684.1430838108063, 0.6998688, 1.279734, 1873.356
2686.1431822776794, 0.6998661, 1.27972, 1873.274
2688.143273830414, 0.6998652, 1.279723, 1873.286
2690.1433761119843, 0.6998715, 1.279728, 1873.209
2692.143512248993, 0.6998718, 1.279739, 1873.002
2694.143602848053, 0.6998697, 1.279736, 1873.027
2696.143716096878, 0.6998706, 1.279737, 1872.776
2698.1438553333282, 0.6998668, 1.279727, 1872.68
2700.1439888477325, 0.6998705, 1.279747, 1872.561
2702.144140481949, 0.6998712, 1.279748, 1872.396
2704.144283771515, 0.6998696, 1.279759, 1872.228
2706.1443841457367, 0.6998675, 1.279765, 1872.049
2708.1444878578186, 0.6998698, 1.279782, 1871.927
2710.1445899009705, 0.6998676, 1.279784, 1871.746
2712.1446800231934, 0.6998697, 1.279776, 1871.65
2714.1447734832764, 0.6998681, 1.279796, 1871.502
2716.144869327545, 0.69987, 1.279809, 1871.291
2718.145004749298, 0.6998708, 1.279812, 1871.203
2720.1451256275177, 0.6998708, 1.27982, 1871.064
2722.145227909088, 0.6998715, 1.279842, 1870.928
2724.14533162117, 0.6998715, 1.279841, 1870.863
2726.145425796509, 0.6998709, 1.279848, 1870.825
2728.1455154418945, 0.699869, 1.279861, 1870.738
2730.1456077098846, 0.6998706, 1.279864, 1870.544
2732.1457126140594, 0.6998684, 1.279862, 1870.381
2734.1458146572113, 0.6998702, 1.279878, 1870.254
2736.14591217041, 0.6998695, 1.279876, 1870.309
2738.146010875702, 0.699872, 1.279886, 1870.234
2740.146111726761, 0.6998672, 1.279898, 1870.091
2742.146215200424, 0.6998667, 1.2799, 1870.01
2744.1463034152985, 0.6998711, 1.279904, 1869.9
2746.146404504776, 0.6998689, 1.279925, 1869.857
2748.1465027332306, 0.6998702, 1.279913, 1869.697
2750.146603345871, 0.699867, 1.279912, 1869.631
2752.1466858386993, 0.6998693, 1.279921, 1869.695
2754.146821498871, 0.6998701, 1.279928, 1869.915
2756.146955013275, 0.699869, 1.27993, 1869.946
2758.1470470428467, 0.6998668, 1.279921, 1869.998
2760.147147655487, 0.6998724, 1.279923, 1869.983
2762.1472868919373, 0.6998704, 1.279904, 1870.281
2764.1474227905273, 0.6998688, 1.279909, 1870.499
2766.1475076675415, 0.6998683, 1.279887, 1870.88
2768.147603750229, 0.699867, 1.279879, 1871.15
2770.1476995944977, 0.6998684, 1.279868, 1871.384
2772.1478173732758, 0.6998689, 1.279859, 1871.854
2774.147909641266, 0.6998733, 1.279839, 1872.058
2776.1480174064636, 0.6998704, 1.279818, 1871.985
2778.148123025894, 0.6998675, 1.279824, 1871.922
2780.148226737976, 0.6998681, 1.279815, 1872.105
2782.1483314037323, 0.6998672, 1.279807, 1871.93
2784.1484117507935, 0.6998692, 1.279821, 1871.766
2786.148510456085, 0.6998662, 1.279819, 1871.565
2788.1486098766327, 0.6998678, 1.279821, 1871.393
2790.148698568344, 0.699868, 1.279835, 1871.351
2792.1488354206085, 0.6998675, 1.279846, 1871.263
2794.148947954178, 0.6998672, 1.279846, 1871.163
2796.1490902900696, 0.6998672, 1.279852, 1870.875
2798.1492054462433, 0.6998697, 1.279877, 1870.652
2800.149317741394, 0.6998683, 1.279878, 1870.47
2802.1494233608246, 0.6998693, 1.279878, 1870.378
2804.1495356559753, 0.6998673, 1.279894, 1870.096
2806.149677991867, 0.6998731, 1.279903, 1869.848
2808.149815797806, 0.6998627, 1.279904, 1869.834
2810.149910926819, 0.6998661, 1.279908, 1870.097
2812.1500039100647, 0.6998693, 1.279906, 1870.108
2814.1500902175903, 0.6998656, 1.279885, 1870.332
2816.1501948833466, 0.6998678, 1.279881, 1870.524
2818.1502783298492, 0.6998641, 1.279881, 1870.574
2820.150372028351, 0.6998663, 1.279885, 1870.718
2822.150472640991, 0.6998668, 1.27987, 1870.905
2824.1505568027496, 0.6998699, 1.279878, 1870.878
2826.1506481170654, 0.6998698, 1.279881, 1870.702
2828.1507756710052, 0.6998711, 1.279891, 1870.616
2830.1508774757385, 0.6998719, 1.279887, 1870.667
2832.1510264873505, 0.6998693, 1.279892, 1870.607
2834.1511352062225, 0.6998706, 1.279876, 1870.747
2836.1512615680695, 0.6998687, 1.279866, 1870.709
2838.1513743400574, 0.6998651, 1.279861, 1870.876
2840.1514704227448, 0.6998684, 1.279876, 1870.994
2842.151564359665, 0.6998672, 1.279864, 1870.818
2844.151677131653, 0.699864, 1.279873, 1870.576
2846.1517899036407, 0.6998664, 1.279884, 1870.535
2848.1518952846527, 0.6998671, 1.279887, 1870.506
2850.1519882678986, 0.6998709, 1.279882, 1870.392
2852.152131795883, 0.6998646, 1.279884, 1870.197
2854.1522653102875, 0.6998658, 1.279881, 1870.373
2856.152342557907, 0.6998695, 1.279895, 1870.525
2858.152435541153, 0.6998689, 1.279886, 1870.608
2860.1525337696075, 0.699868, 1.279871, 1870.901
2862.152671813965, 0.6998672, 1.279872, 1871.036
2864.1527717113495, 0.6998702, 1.279858, 1871.206
2866.152869939804, 0.6998641, 1.279842, 1871.096
2868.152977705002, 0.6998696, 1.27987, 1870.819
2870.1530644893646, 0.6998678, 1.27986, 1870.678
2872.153153896332, 0.6998718, 1.279876, 1870.412
2874.153259754181, 0.6998687, 1.279886, 1870.275
2876.153352499008, 0.699864, 1.279891, 1870.199
2878.1534905433655, 0.6998675, 1.279887, 1870.044
2880.1535816192627, 0.6998671, 1.27991, 1869.772
2882.1536798477173, 0.6998685, 1.279912, 1869.558
2884.1537845134735, 0.6998686, 1.279935, 1869.445
2886.153938770294, 0.6998656, 1.279951, 1869.341
2888.1540350914, 0.6998678, 1.279947, 1869.251
2890.1541950702667, 0.6998661, 1.279933, 1869.286
2892.1543262004852, 0.6998675, 1.279939, 1869.42
2894.1544284820557, 0.6998681, 1.279932, 1869.443
2896.154528617859, 0.6998627, 1.279943, 1869.469
2898.154665708542, 0.6998665, 1.279937, 1869.35
2900.154759168625, 0.6998659, 1.279949, 1869.143
2902.1548619270325, 0.6998659, 1.27997, 1869.021
2904.154958486557, 0.6998686, 1.279964, 1868.971
2906.1550941467285, 0.6998659, 1.27998, 1868.813
2908.155202627182, 0.6998692, 1.279989, 1868.593
2910.155348300934, 0.6998664, 1.279992, 1868.372
2912.1554787158966, 0.6998629, 1.280004, 1868.204
2914.1555807590485, 0.6998708, 1.279999, 1868.221
2916.1556990146637, 0.6998667, 1.280014, 1868.08
2918.15584731102, 0.699868, 1.280019, 1867.952
2920.155954360962, 0.6998658, 1.280015, 1867.863
2922.1561074256897, 0.6998685, 1.280024, 1867.926
2924.15624332428, 0.6998654, 1.280038, 1867.976
2926.1563403606415, 0.6998669, 1.280039, 1867.971
2928.156440258026, 0.6998648, 1.280027, 1867.942
2930.1565737724304, 0.6998687, 1.280047, 1868.092
2932.156679391861, 0.6998736, 1.280049, 1868.254
2934.156765937805, 0.6998702, 1.280034, 1868.083
2936.1568751335144, 0.6998675, 1.280036, 1867.959
2938.156971693039, 0.6998672, 1.280038, 1867.915
2940.157074213028, 0.6998693, 1.280053, 1867.804
2942.157178878784, 0.6998694, 1.28006, 1867.67
2944.1572840213776, 0.6998678, 1.280052, 1867.571
2946.157419204712, 0.6998683, 1.280071, 1867.479
2948.157551765442, 0.6998706, 1.28007, 1867.3
2950.1576793193817, 0.6998715, 1.280077, 1867.155
2952.157783269882, 0.6998636, 1.280093, 1866.965
2954.1578726768494, 0.6998677, 1.280093, 1866.908
2956.1579687595367, 0.699871, 1.280102, 1866.813
2958.158102273941, 0.6998644, 1.280095, 1866.756
2960.15819644928, 0.6998668, 1.280107, 1866.671
2962.1583063602448, 0.6998696, 1.28012, 1866.699
2964.158385515213, 0.699875, 1.280134, 1866.74
2966.1584889888763, 0.6998696, 1.280119, 1866.56
2968.1585907936096, 0.6998708, 1.280141, 1866.463
2970.1586945056915, 0.699871, 1.28014, 1866.478
2972.1587982177734, 0.6998684, 1.280141, 1866.463
2974.1588904857635, 0.6998668, 1.280144, 1866.393
2976.158987760544, 0.6998652, 1.280136, 1866.362
2978.1590855121613, 0.699867, 1.280147, 1866.236
2980.159187078476, 0.6998718, 1.280166, 1866.125
2982.1592886447906, 0.6998679, 1.28017, 1866.042
2984.159384250641, 0.6998671, 1.280168, 1866.082
2986.1595211029053, 0.6998646, 1.280174, 1866.135
2988.159612417221, 0.6998658, 1.280163, 1866.113
2990.1597158908844, 0.6998704, 1.280189, 1866.0
2992.1598126888275, 0.6998699, 1.280198, 1865.897
2994.1599135398865, 0.6998682, 1.280197, 1865.742
2996.160003185272, 0.6998695, 1.280211, 1865.656
2998.1600880622864, 0.6998711, 1.280208, 1865.597
3000.1601786613464, 0.6998712, 1.280216, 1865.476
3002.1603145599365, 0.6998685, 1.280208, 1865.359
3004.160411834717, 0.6998718, 1.280216, 1865.332
3006.1605134010315, 0.6998697, 1.280227, 1865.25
3008.1606209278107, 0.6998678, 1.280215, 1865.036
3010.160722017288, 0.6998661, 1.280214, 1864.847
3012.1608805656433, 0.6998682, 1.280237, 1864.736
3014.1609830856323, 0.6998678, 1.280241, 1864.774
3016.161120414734, 0.6998658, 1.280245, 1865.088
3018.1612062454224, 0.6998699, 1.280223, 1865.539
3020.161311149597, 0.6998658, 1.28021, 1865.557
3022.161411046982, 0.6998652, 1.280198, 1865.58
3024.1615011692047, 0.699863, 1.280186, 1865.7
3026.161599636078, 0.6998651, 1.28019, 1865.847
3028.1617016792297, 0.6998637, 1.280187, 1865.692
3030.161794900894, 0.6998634, 1.280174, 1865.743
3032.1619272232056, 0.6998641, 1.280187, 1865.577
3034.1620111465454, 0.699866, 1.280202, 1865.518
3036.162112236023, 0.6998657, 1.280197, 1865.562
3038.162252187729, 0.699868, 1.280194, 1865.472
3040.162353992462, 0.6998634, 1.280203, 1865.313
3042.1624801158905, 0.6998724, 1.280219, 1865.125
3044.1625809669495, 0.6998678, 1.28022, 1864.935
3046.162731409073, 0.6998658, 1.280234, 1864.782
3048.1628398895264, 0.6998706, 1.280242, 1864.69
3050.1629424095154, 0.6998698, 1.28025, 1864.563
3052.163044691086, 0.6998687, 1.280259, 1864.64
3054.163130760193, 0.6998728, 1.280244, 1864.731
3056.163236618042, 0.6998672, 1.280237, 1864.983
3058.1633353233337, 0.6998665, 1.280237, 1865.117
3060.1634736061096, 0.6998713, 1.280243, 1864.998
3062.163579940796, 0.6998705, 1.280248, 1864.945
3064.1637213230133, 0.6998709, 1.28024, 1865.005
3066.163826227188, 0.6998631, 1.280237, 1864.93
3068.163964986801, 0.6998647, 1.280219, 1865.073
3070.164063692093, 0.6998694, 1.280237, 1865.221
3072.164148569107, 0.6998698, 1.280225, 1865.15
3074.1642575263977, 0.6998698, 1.280226, 1865.018
3076.1643607616425, 0.6998736, 1.280239, 1864.85
3078.16446352005, 0.699867, 1.280241, 1864.683
3080.1645970344543, 0.6998659, 1.280235, 1864.659
3082.164692878723, 0.6998671, 1.280234, 1864.795
3084.1647822856903, 0.6998636, 1.280221, 1864.862
3086.164865732193, 0.6998664, 1.280242, 1864.826
3088.1649556159973, 0.6998671, 1.280234, 1864.812
3090.165036201477, 0.699864, 1.280232, 1864.948
3092.165171146393, 0.6998619, 1.280221, 1864.98
3094.1652631759644, 0.6998624, 1.280233, 1864.938
3096.1653983592987, 0.6998669, 1.280233, 1865.132
3098.1655411720276, 0.6998646, 1.280228, 1865.101
3100.165673971176, 0.6998674, 1.280221, 1865.168
3102.1657695770264, 0.699862, 1.280213, 1865.392
3104.1659257411957, 0.699867, 1.280217, 1865.687
3106.166022539139, 0.6998675, 1.280193, 1865.877
3108.166110754013, 0.6998616, 1.280179, 1865.926
3110.166220188141, 0.6998628, 1.280174, 1866.033
3112.1663217544556, 0.699868, 1.280185, 1866.018
3114.166459083557, 0.6998668, 1.2802, 1865.94
3116.166561126709, 0.6998648, 1.280211, 1866.025
3118.1666445732117, 0.6998698, 1.280195, 1866.242
3120.166801214218, 0.6998709, 1.280191, 1866.296
3122.1669075489044, 0.699871, 1.280182, 1866.243
3124.1670150756836, 0.6998665, 1.280167, 1866.114
3126.1670932769775, 0.6998692, 1.280186, 1865.979
3128.1671969890594, 0.6998678, 1.280171, 1865.797
3130.1672937870026, 0.6998686, 1.280188, 1865.572
3132.1673889160156, 0.6998678, 1.280214, 1865.409
3134.1674947738647, 0.6998691, 1.280217, 1865.261
3136.1675815582275, 0.6998715, 1.280226, 1865.183
3138.1676862239838, 0.6998643, 1.280217, 1865.314
3140.167820215225, 0.699867, 1.280217, 1865.313
3142.167956352234, 0.6998744, 1.280229, 1865.332
3144.1680352687836, 0.699867, 1.280225, 1865.217
3146.1681373119354, 0.6998685, 1.280226, 1865.142
3148.1682324409485, 0.6998692, 1.280221, 1865.13
3150.1683809757233, 0.6998707, 1.280227, 1865.055
3152.1684703826904, 0.6998685, 1.280242, 1864.982
3154.1686079502106, 0.6998698, 1.28024, 1864.786
3156.1687066555023, 0.6998689, 1.280235, 1864.698
3158.168801546097, 0.6998656, 1.280241, 1864.555
3160.1689038276672, 0.6998718, 1.280258, 1864.539
3162.168984889984, 0.6998724, 1.280258, 1864.409
3164.169127225876, 0.6998695, 1.280276, 1864.315
3166.1692333221436, 0.6998734, 1.28028, 1864.344
3168.1693346500397, 0.6998696, 1.280276, 1864.452
3170.1694345474243, 0.6998703, 1.280272, 1864.361
3172.1695215702057, 0.6998721, 1.280288, 1864.431
3174.169602870941, 0.6998726, 1.280291, 1864.474
3176.1696906089783, 0.699873, 1.280287, 1864.44
3178.1698322296143, 0.6998668, 1.280267, 1864.419
3180.169911623001, 0.6998661, 1.28027, 1864.556
3182.169999599457, 0.6998658, 1.280251, 1865.091
3184.1700999736786, 0.6998682, 1.280242, 1865.507
3186.1702349185944, 0.6998662, 1.280229, 1865.75
3188.1703424453735, 0.6998685, 1.280232, 1866.016
3190.170425415039, 0.699868, 1.280179, 1866.501
3192.1705141067505, 0.6998642, 1.28019, 1866.844
3194.1706154346466, 0.6998652, 1.280179, 1867.062
3196.1707241535187, 0.6998683, 1.280167, 1866.966
3198.170811653137, 0.6998719, 1.280153, 1867.022
3200.170913696289, 0.6998683, 1.280168, 1866.872
3202.1710119247437, 0.6998708, 1.280162, 1866.834
3204.171107530594, 0.69987, 1.280148, 1866.964
3206.171211004257, 0.699868, 1.280122, 1867.126
3208.171315431595, 0.6998662, 1.280126, 1867.332
3210.1714498996735, 0.6998667, 1.280128, 1867.24
3212.1715528964996, 0.6998656, 1.280113, 1867.039
3214.171651363373, 0.6998649, 1.280126, 1866.704
3216.171729326248, 0.6998641, 1.280127, 1866.461
3218.171830892563, 0.6998702, 1.280149, 1866.329
3220.1719329357147, 0.6998639, 1.280143, 1866.131
3222.1720328330994, 0.6998618, 1.280144, 1866.076
3224.1721334457397, 0.6998665, 1.280162, 1865.978
3226.1722362041473, 0.699866, 1.280186, 1865.755
3228.1723465919495, 0.699869, 1.280191, 1865.52
3230.172479867935, 0.699865, 1.280196, 1865.299
3232.1726174354553, 0.6998698, 1.280205, 1865.135
3234.172713279724, 0.6998678, 1.28021, 1865.014
3236.172798871994, 0.6998653, 1.280207, 1865.026
3238.172902584076, 0.6998654, 1.28022, 1864.965
3240.173011302948, 0.6998653, 1.280227, 1864.921
3242.1731040477753, 0.6998635, 1.280224, 1864.83
3244.1731917858124, 0.6998678, 1.280217, 1864.836
3246.173295021057, 0.6998643, 1.280235, 1865.069
3248.173392534256, 0.6998624, 1.280212, 1865.236
3250.1734795570374, 0.6998647, 1.280208, 1865.262
3252.173569917679, 0.6998649, 1.280226, 1865.196
3254.173674106598, 0.6998653, 1.280227, 1865.14
3256.1737949848175, 0.6998677, 1.280228, 1865.144
3258.173926591873, 0.6998629, 1.28021, 1865.326
3260.174026966095, 0.6998647, 1.280218, 1865.358
3262.174126148224, 0.699865, 1.280217, 1865.137
3264.174226284027, 0.6998637, 1.280212, 1864.955
3266.1743137836456, 0.6998665, 1.280233, 1864.791
3268.1743998527527, 0.6998641, 1.280253, 1864.596
3270.1746332645416, 0.699864, 1.280251, 1864.481
3272.1747286319733, 0.699864, 1.280246, 1864.341
3274.174813747406, 0.6998633, 1.280264, 1864.211
3276.1749119758606, 0.6998655, 1.280255, 1864.341
3278.1750004291534, 0.6998662, 1.280258, 1864.469
3280.175104856491, 0.699867, 1.280264, 1864.637
3282.175201654434, 0.6998647, 1.280244, 1864.593
3284.175305366516, 0.6998626, 1.280243, 1864.559
3286.175397872925, 0.6998653, 1.280261, 1864.645
3288.175482273102, 0.6998675, 1.280271, 1864.846
3290.1755657196045, 0.6998622, 1.280241, 1864.835
3292.1756734848022, 0.699863, 1.280255, 1864.968
3294.1758177280426, 0.6998655, 1.280247, 1865.143
3296.1759121418, 0.6998652, 1.280237, 1865.161
3298.1760017871857, 0.6998644, 1.280219, 1865.25
3300.17613697052, 0.6998658, 1.280223, 1865.507
3302.1762380599976, 0.6998668, 1.280223, 1865.787
3304.1763191223145, 0.69987, 1.280217, 1865.936
3306.1764352321625, 0.6998693, 1.28021, 1865.787
3308.17654132843, 0.6998667, 1.280212, 1865.751
3310.1766390800476, 0.6998699, 1.280206, 1865.646
3312.176773548126, 0.6998675, 1.280218, 1865.637
3314.1768729686737, 0.6998677, 1.280205, 1865.676
3316.176959991455, 0.6998657, 1.280207, 1865.57
3318.177066087723, 0.6998689, 1.28022, 1865.288
3320.177204847336, 0.6998609, 1.280218, 1865.278
3322.1773438453674, 0.6998618, 1.280204, 1865.189
3324.1774201393127, 0.6998603, 1.280205, 1865.121
3326.1775546073914, 0.6998608, 1.280227, 1865.005
3328.1776807308197, 0.6998673, 1.280245, 1864.791
3330.1777889728546, 0.6998703, 1.280251, 1864.73
3332.177919626236, 0.6998696, 1.280256, 1864.682
3334.1780121326447, 0.6998653, 1.280239, 1864.749
3336.178184747696, 0.6998665, 1.28025, 1864.933
3338.178281545639, 0.6998661, 1.280245, 1864.939
3340.1784207820892, 0.6998653, 1.280231, 1864.927
3342.178498029709, 0.6998651, 1.280235, 1864.939
3344.178598880768, 0.6998647, 1.280225, 1864.937
3346.1786890029907, 0.6998641, 1.280257, 1864.79
3348.1788227558136, 0.699867, 1.280241, 1864.832
3350.1789252758026, 0.699865, 1.280248, 1864.774
3352.1790142059326, 0.6998639, 1.28024, 1864.681
3354.1791157722473, 0.6998651, 1.280243, 1864.627
3356.179248571396, 0.6998692, 1.280254, 1864.865
3358.1793823242188, 0.6998665, 1.280255, 1865.098
3360.1794633865356, 0.6998663, 1.280248, 1865.081
3362.1795654296875, 0.6998683, 1.280233, 1865.014
3364.179660797119, 0.6998669, 1.280249, 1864.896
3366.179753780365, 0.6998681, 1.280253, 1864.805
3368.179855108261, 0.6998649, 1.280249, 1864.738
3370.1799988746643, 0.6998665, 1.280257, 1864.825
3372.1800973415375, 0.6998655, 1.280252, 1864.756
3374.1801879405975, 0.6998644, 1.280258, 1864.551
3376.1802723407745, 0.6998661, 1.280274, 1864.364
3378.180353164673, 0.6998656, 1.280283, 1864.254
3380.1804497241974, 0.6998603, 1.280274, 1864.058
3382.180540084839, 0.6998597, 1.280286, 1863.902
3384.1806926727295, 0.6998623, 1.280305, 1863.765
3386.1808009147644, 0.6998672, 1.280314, 1863.567
3388.180903196335, 0.6998703, 1.280328, 1863.448
3390.1810443401337, 0.6998684, 1.280336, 1863.316
3392.181181192398, 0.6998691, 1.280348, 1863.168
3394.1812665462494, 0.6998685, 1.280358, 1863.116
3396.181352376938, 0.6998671, 1.280364, 1863.115
3398.1814453601837, 0.6998661, 1.280359, 1862.936
3400.1815485954285, 0.6998695, 1.280359, 1862.863
3402.1816556453705, 0.699865, 1.280356, 1862.894
3404.181763648987, 0.6998665, 1.280358, 1862.834
3406.1818673610687, 0.6998707, 1.280356, 1862.754
3408.1819689273834, 0.6998669, 1.280366, 1862.833
3410.1820738315582, 0.699864, 1.280363, 1862.828
3412.1821796894073, 0.6998624, 1.280369, 1862.764
3414.1822650432587, 0.6998678, 1.280361, 1862.93
3416.1823692321777, 0.6998664, 1.280368, 1862.846
3418.1824593544006, 0.6998605, 1.280345, 1862.759
3420.1825618743896, 0.6998557, 1.280357, 1862.601
3422.182656764984, 0.6998597, 1.280348, 1862.518
3424.1827454566956, 0.6998639, 1.280368, 1862.376
3426.1828417778015, 0.6998615, 1.280373, 1862.312
3428.1829319000244, 0.6998623, 1.280393, 1862.272
3430.183263540268, 0.6998616, 1.280397, 1862.23
3432.183342695236, 0.6998624, 1.280386, 1862.291
3434.1834256649017, 0.699867, 1.280387, 1862.276
3436.1835191249847, 0.6998619, 1.280392, 1862.251
3438.1836059093475, 0.6998639, 1.280378, 1862.367
3440.1836993694305, 0.6998631, 1.280376, 1862.413
3442.1838026046753, 0.6998693, 1.280396, 1862.378
3444.183935403824, 0.6998681, 1.280397, 1862.599
3446.184013605118, 0.6998679, 1.2804, 1862.873
3448.184116601944, 0.6998685, 1.280402, 1862.992
3450.1841962337494, 0.6998696, 1.280399, 1863.04
3452.1842937469482, 0.6998675, 1.280384, 1863.171
3454.1843972206116, 0.6998695, 1.280394, 1863.158
3456.184536933899, 0.6998704, 1.280378, 1863.215
3458.1846408843994, 0.6998693, 1.280382, 1863.14
3460.184727668762, 0.6998714, 1.280399, 1862.977
3462.1848661899567, 0.6998703, 1.280385, 1862.936
3464.185009241104, 0.6998698, 1.280389, 1863.083
3466.185145378113, 0.6998682, 1.280369, 1863.201
3468.185234069824, 0.6998662, 1.28038, 1863.407
3470.185323238373, 0.6998658, 1.280356, 1863.885
3472.1854577064514, 0.6998701, 1.28034, 1863.964
3474.1855459213257, 0.6998689, 1.28034, 1863.935
3476.1856808662415, 0.6998617, 1.280329, 1863.763
3478.1857833862305, 0.6998633, 1.280329, 1863.517
3480.1859278678894, 0.6998599, 1.280333, 1863.303
3482.1860268115997, 0.6998581, 1.280333, 1863.169
3484.1861124038696, 0.6998659, 1.280366, 1862.845
3486.1861956119537, 0.6998674, 1.280364, 1862.689
3488.1862971782684, 0.6998674, 1.280371, 1862.657
3490.1864306926727, 0.6998608, 1.280364, 1862.504
3492.1865701675415, 0.699863, 1.280394, 1862.313
3494.1866755485535, 0.6998661, 1.280391, 1862.153
3496.186809539795, 0.6998692, 1.280412, 1862.052
3498.186911344528, 0.6998683, 1.280408, 1862.033
3500.1870222091675, 0.6998653, 1.280416, 1861.985
3502.1871330738068, 0.6998633, 1.280414, 1861.913
3504.1872158050537, 0.699864, 1.280424, 1861.902
3506.1873123645782, 0.6998622, 1.280421, 1861.954
3508.1874175071716, 0.6998575, 1.280397, 1861.927
3510.1875083446503, 0.6998625, 1.280412, 1862.161
3512.1875970363617, 0.6998639, 1.280404, 1862.099
3514.187680721283, 0.6998628, 1.280407, 1862.328
3516.187767982483, 0.6998665, 1.280403, 1862.513
3518.1878731250763, 0.6998674, 1.28039, 1862.746
3520.187974691391, 0.6998671, 1.280394, 1862.837
3522.188065767288, 0.6998674, 1.280388, 1862.817
3524.1881561279297, 0.699863, 1.280388, 1862.899
3526.188246011734, 0.6998638, 1.280404, 1862.838
3528.18834733963, 0.6998664, 1.280406, 1862.589
3530.188481092453, 0.6998698, 1.280418, 1862.473
3532.1885917186737, 0.6998667, 1.280415, 1862.647
3534.1886942386627, 0.6998649, 1.280406, 1862.684
3536.188793897629, 0.6998633, 1.280417, 1862.536
3538.188895702362, 0.6998659, 1.280419, 1862.438
3540.1889803409576, 0.6998633, 1.280434, 1862.213
3542.189069747925, 0.6998652, 1.280415, 1862.032
3544.189174413681, 0.6998641, 1.280432, 1861.967
3546.189277648926, 0.6998687, 1.280427, 1862.01
3548.1893544197083, 0.6998686, 1.280446, 1861.917
3550.189439535141, 0.6998642, 1.280449, 1861.766
3552.1895287036896, 0.699867, 1.280464, 1861.525
3554.189613342285, 0.6998665, 1.280458, 1861.438
3556.189705133438, 0.6998658, 1.280467, 1861.428
3558.189790725708, 0.6998633, 1.280465, 1861.566
3560.189895629883, 0.6998661, 1.280469, 1861.578
3562.190000772476, 0.6998723, 1.280468, 1861.56
3564.1901350021362, 0.6998698, 1.280465, 1861.897
3566.1902368068695, 0.6998758, 1.280455, 1862.146
3568.190336227417, 0.6998704, 1.280451, 1862.359
3570.1904697418213, 0.6998735, 1.280454, 1862.322
3572.190575838089, 0.6998727, 1.28045, 1862.122
3574.1906740665436, 0.6998689, 1.280447, 1861.982
3576.1907589435577, 0.699871, 1.280462, 1861.923
3578.190863132477, 0.6998651, 1.280472, 1861.798
3580.1909685134888, 0.6998734, 1.280479, 1861.647
3582.1911051273346, 0.6998704, 1.280475, 1861.622
3584.1911885738373, 0.6998727, 1.280486, 1861.658
3586.191279411316, 0.699868, 1.280496, 1861.453
3588.1913692951202, 0.6998685, 1.280499, 1861.245
3590.191465616226, 0.6998701, 1.280503, 1861.049
3592.1916127204895, 0.6998719, 1.280517, 1860.907
3594.1916971206665, 0.6998706, 1.280514, 1860.806
3596.191801071167, 0.6998708, 1.280521, 1860.737
3598.1919066905975, 0.6998675, 1.280519, 1860.694
3600.192010641098, 0.6998686, 1.280543, 1860.521
3602.1921162605286, 0.6998724, 1.280539, 1860.485
3604.192216396332, 0.6998682, 1.280545, 1860.468
3606.1923542022705, 0.6998725, 1.280549, 1860.632
3608.1924998760223, 0.699874, 1.280545, 1860.879
3610.1926045417786, 0.6998712, 1.280535, 1861.053
3612.1926879882812, 0.6998707, 1.280526, 1861.216
3614.1927812099457, 0.6998738, 1.280531, 1861.575
3616.192896127701, 0.6998733, 1.280494, 1862.03
3618.1929988861084, 0.6998686, 1.280503, 1862.057
3620.193104982376, 0.6998733, 1.280487, 1862.016
3622.193192958832, 0.6998729, 1.280486, 1861.954
3624.1933467388153, 0.6998765, 1.280481, 1862.009
3626.1934809684753, 0.6998715, 1.280473, 1861.95
3628.1935696601868, 0.6998697, 1.280461, 1861.71
3630.193653345108, 0.699866, 1.280467, 1861.475
3632.1937668323517, 0.6998636, 1.280483, 1861.164
3634.193908929825, 0.6998702, 1.280498, 1861.072
3636.1940116882324, 0.6998646, 1.280499, 1861.15
3638.1941487789154, 0.6998698, 1.280517, 1861.194
3640.1942508220673, 0.699868, 1.280513, 1861.226
3642.1943547725677, 0.6998783, 1.280521, 1861.381
3644.1944575309753, 0.6998737, 1.280521, 1861.462
3646.1945571899414, 0.6998727, 1.280507, 1861.613
3648.194637298584, 0.6998714, 1.280491, 1861.871
3650.1947412490845, 0.6998712, 1.280492, 1861.805
3652.1948461532593, 0.6998699, 1.280479, 1861.753
3654.1949887275696, 0.6998687, 1.280479, 1861.644
3656.1950833797455, 0.6998695, 1.280495, 1861.542
3658.195188999176, 0.6998722, 1.280487, 1861.471
3660.195277929306, 0.6998705, 1.280503, 1861.552
3662.1953806877136, 0.699867, 1.280494, 1861.409
3664.1962473392487, -9.562642e-05, 6.54619e-10, 1867.668
3666.196333169937, -9.446852e-05, 7.025244e-10, 1893.972
3668.196476459503, -9.620535e-05, 6.421899e-10, 1913.881
3670.1965894699097, -9.446855e-05, 6.529683e-10, 1930.348
3672.1966800689697, -9.099487e-05, 7.003451e-10, 1944.585
3674.196784257889, -9.388966e-05, 6.556113e-10, 1956.787
3676.1969170570374, -9.388957e-05, 6.662493e-10, 1967.563
3678.1970171928406, -9.504748e-05, 6.529632e-10, 1977.336
3680.197150707245, -9.446851e-05, 5.630496e-10, 1986.283
3682.1972873210907, -9.273174e-05, 6.409627e-10, 1994.676
3684.1973650455475, -9.273167e-05, 6.159334e-10, 2002.512
3686.1974976062775, -9.041595e-05, 6.497138e-10, 2009.746
3688.197599172592, -9.157378e-05, 5.77045e-10, 2016.576
3690.1977157592773, -9.215272e-05, 6.081912e-10, 2023.167
3692.197816133499, -9.273163e-05, 6.449637e-10, 2029.707
3694.1979167461395, -8.983697e-05, 6.249628e-10, 2036.049
3696.1980545520782, -9.157377e-05, 6.18575e-10, 2042.398
3698.1982028484344, -8.867903e-05, 6.198055e-10, 2048.568
3700.1982934474945, -9.273165e-05, 6.081936e-10, 2054.297
3702.198382139206, -9.215269e-05, 6.912604e-10, 2059.721
3704.198520421982, -9.215262e-05, 7.000621e-10, 2065.089
3706.198608160019, -8.983686e-05, 5.911744e-10, 2070.554
3708.1987574100494, -9.215264e-05, 5.73378e-10, 2075.874
3710.198841571808, -9.215265e-05, 6.98207e-10, 2081.029
3712.19894695282, -9.041579e-05, 6.621357e-10, 2085.945
3714.19904589653, -8.867896e-05, 5.762269e-10, 2090.644
3716.199149131775, -9.09947e-05, 6.971898e-10, 2095.274
3718.1992502212524, -9.215256e-05, 6.895516e-10, 2101.405
3720.1993346214294, -9.041571e-05, 6.705104e-10, 2105.408
3722.1994400024414, -9.215255e-05, 6.685246e-10, 2109.739
3724.1995322704315, -8.92578e-05, 6.705061e-10, 2114.001
3726.1996183395386, -9.331036e-05, 6.393649e-10, 2118.234
3728.1997022628784, -9.041566e-05, 6.19828e-10, 2122.469
3730.1997933387756, -8.983668e-05, 6.601309e-10, 2126.701
3732.1998999118805, -9.215238e-05, 5.522659e-10, 2131.14
3734.199985742569, -9.041559e-05, 4.979794e-10, 2135.532
3736.200087785721, -9.09945e-05, 5.180588e-10, 2139.861
3738.200167655945, -9.099447e-05, 5.83726e-10, 2143.968
3740.200268268585, -8.925763e-05, 5.703065e-10, 2147.929
3742.200377225876, -8.983652e-05, 5.213454e-10, 2151.862
3744.2005157470703, -9.15733e-05, 4.744144e-10, 2156.051
3746.200625181198, -9.215223e-05, 5.881065e-10, 2160.093
3748.20073390007, -9.041539e-05, 5.650484e-10, 2164.033
3750.200847864151, -9.157325e-05, 5.35565e-10, 2167.77
3752.200956106186, -9.041533e-05, 5.45715e-10, 2171.359
3754.20104432106, -9.099424e-05, 5.452385e-10, 2174.957
3756.2011370658875, -9.041531e-05, 5.563401e-10, 2178.496
3758.201234817505, -8.752057e-05, 5.012197e-10, 2182.02
3760.201338291168, -9.157312e-05, 4.642484e-10, 2185.368
3762.201442718506, -8.809946e-05, 5.902681e-10, 2188.787
3764.2015397548676, -9.157303e-05, 5.320717e-10, 2192.204
3766.2016310691833, -9.215195e-05, 6.210238e-10, 2195.522
3768.2017323970795, -9.099406e-05, 6.825265e-10, 2198.697
3770.201840162277, -9.215192e-05, 6.290323e-10, 2202.087
3772.201941728592, -8.867829e-05, 6.330382e-10, 2205.288
3774.202023267746, -9.157293e-05, 6.896149e-10, 2208.529
3776.2021057605743, -9.330971e-05, 7.515168e-10, 2211.686
3778.2022156715393, -9.215183e-05, 6.08279e-10, 2215.105
3780.2023174762726, -8.867821e-05, 7.026179e-10, 2218.435
3782.2024273872375, -9.273073e-05, 5.800416e-10, 2221.524
3784.2025804519653, -9.041496e-05, 6.160216e-10, 2224.886
3786.2027270793915, -9.15728e-05, 5.800447e-10, 2228.235
3788.202819108963, -9.041491e-05, 6.265419e-10, 2231.345
3790.202953338623, -9.330957e-05, 5.734736e-10, 2234.344
3792.20303273201, -9.041487e-05, 5.39022e-10, 2237.363
3794.203134059906, -9.273058e-05, 5.734736e-10, 2240.269
3796.2032313346863, -9.041483e-05, 5.941083e-10, 2243.136
3798.2033336162567, -9.21516e-05, 5.219893e-10, 2245.85
3800.203433036804, -9.273051e-05, 5.422283e-10, 2248.65
3802.2035188674927, -9.099372e-05, 6.017229e-10, 2251.404
3804.2036094665527, -9.041476e-05, 6.723141e-10, 2254.127
3806.203710079193, -9.041474e-05, 6.10813e-10, 2257.016
3808.203800201416, -9.330939e-05, 5.827069e-10, 2259.744
3810.2038855552673, -9.099361e-05, 5.903177e-10, 2262.389
3812.2040207386017, -8.867787e-05, 6.055364e-10, 2265.041
3814.2041091918945, -8.983572e-05, 5.634811e-10, 2267.611
3816.2042133808136, -8.925678e-05, 5.734958e-10, 2270.025
3818.204316854477, -9.157247e-05, 6.017372e-10, 2272.558
3820.2044570446014, -9.273033e-05, 6.450933e-10, 2274.988
3822.204550266266, -9.099351e-05, 6.121882e-10, 2277.467
3824.204649448395, -8.925671e-05, 6.199289e-10, 2279.847
3826.204746246338, -8.867779e-05, 5.812162e-10, 2282.16
3828.2048230171204, -8.925668e-05, 5.698316e-10, 2284.563
3830.2049078941345, -9.041453e-05, 5.667947e-10, 2286.753
3832.2050111293793, -8.925664e-05, 6.620861e-10, 2288.899
3834.205096244812, -9.099343e-05, 5.912998e-10, 2291.006
3836.2051918506622, -8.809876e-05, 4.878355e-10, 2293.125
3838.2052822113037, -9.157234e-05, 5.460379e-10, 2295.26
3840.2053842544556, -8.925657e-05, 4.673384e-10, 2297.362
3842.205488681793, -9.273014e-05, 5.950463e-10, 2299.437
3844.205591440201, -8.867763e-05, 5.812282e-10, 2301.603
3846.205673456192, -9.215121e-05, 7.375836e-10, 2303.73
3848.2057580947876, -9.099333e-05, 6.394826e-10, 2305.779
3850.205859184265, -9.157225e-05, 6.394832e-10, 2307.85
3852.2059597969055, -9.388795e-05, 6.187214e-10, 2309.849
3854.206097126007, -9.157222e-05, 7.076313e-10, 2311.946
3856.206199645996, -9.15722e-05, 6.147867e-10, 2313.924
3858.2062861919403, -9.041435e-05, 6.896824e-10, 2315.914
3860.206382751465, -9.099326e-05, 7.087559e-10, 2317.877
3862.206478834152, -9.157218e-05, 7.680809e-10, 2319.95
3864.2065572738647, -8.80986e-05, 6.434525e-10, 2322.116
3866.2066395282745, -8.636178e-05, 5.801053e-10, 2324.278
3868.2067787647247, -8.925641e-05, 6.090988e-10, 2326.211
3870.206882238388, -8.69407e-05, 5.726297e-10, 2328.247
3872.2069919109344, -8.867749e-05, 6.091e-10, 2330.298
3874.2070786952972, -8.925639e-05, 6.59362e-10, 2332.119
3876.2071783542633, -8.636175e-05, 6.224539e-10, 2333.904
3878.2072670459747, -8.925637e-05, 6.606185e-10, 2335.776
3880.2073662281036, -8.925634e-05, 6.150864e-10, 2337.592
3882.207451105118, -8.867743e-05, 7.189522e-10, 2339.274
3884.2075321674347, -8.809847e-05, 6.011006e-10, 2341.004
3886.2076194286346, -8.751955e-05, 6.434651e-10, 2342.763
3888.207721710205, -8.809846e-05, 6.82619e-10, 2344.523
3890.2078177928925, -8.694059e-05, 7.003022e-10, 2346.232
3892.2079071998596, -8.925629e-05, 6.292132e-10, 2348.015
3894.207986831665, -8.809842e-05, 6.694249e-10, 2349.561
3896.2080838680267, -8.867731e-05, 6.839427e-10, 2351.076
3898.2081747055054, -8.520378e-05, 6.333499e-10, 2352.672
3900.2082691192627, -8.751948e-05, 6.182664e-10, 2354.403
3902.2083501815796, -8.983517e-05, 7.03125e-10, 2356.191
3904.2084381580353, -8.925623e-05, 6.51877e-10, 2357.774
3906.208575963974, -9.157194e-05, 5.865676e-10, 2359.363
3908.2086610794067, -9.157191e-05, 6.794835e-10, 2360.842
3910.208751678467, -9.215086e-05, 7.087798e-10, 2362.244
3912.2088873386383, -8.925621e-05, 5.651732e-10, 2363.665
3914.2089750766754, -8.751941e-05, 5.928866e-10, 2365.078
3916.20907831192, -8.751943e-05, 6.749295e-10, 2366.571
3918.209165096283, -8.867729e-05, 5.551871e-10, 2368.033
3920.20924782753, -8.925617e-05, 6.81048e-10, 2369.481
3922.209351539612, -8.867725e-05, 6.148199e-10, 2370.968
3924.209452152252, -9.041399e-05, 6.191737e-10, 2372.375
3926.2095336914062, -8.925612e-05, 5.576985e-10, 2373.879
3928.2096314430237, -8.867722e-05, 6.434807e-10, 2375.227
3930.2097363471985, -8.809831e-05, 6.81048e-10, 2376.445
3932.2098207473755, -8.983507e-05, 5.698825e-10, 2377.61
3934.209912776947, -8.636148e-05, 6.171307e-10, 2378.799
3936.209992647171, -9.099291e-05, 6.251374e-10, 2380.154
3938.2100977897644, -8.636149e-05, 5.352227e-10, 2381.728
3940.2101862430573, -8.867721e-05, 6.313892e-10, 2383.003
3942.21027803421, -8.63615e-05, 6.17133e-10, 2384.23
3944.210377931595, -8.751933e-05, 6.416364e-10, 2385.525
3946.2104642391205, -9.157177e-05, 6.581767e-10, 2386.732
3948.210569381714, -9.041394e-05, 6.540406e-10, 2388.065
3950.2107107639313, -8.983501e-05, 7.087913e-10, 2389.363
3952.2108550071716, -8.925608e-05, 6.499112e-10, 2390.473
3954.210940361023, -9.157177e-05, 6.226989e-10, 2391.569
3956.2110245227814, -8.925606e-05, 6.251004e-10, 2392.701
3958.211114168167, -8.983497e-05, 7.107525e-10, 2393.948
3960.2112023830414, -9.09928e-05, 6.602955e-10, 2395.091
3962.2113060951233, -8.867714e-05, 7.794257e-10, 2396.169
3964.211405515671, -8.925604e-05, 5.614495e-10, 2397.179
3966.211526632309, -8.925604e-05, 7.480823e-10, 2398.336
3968.2116692066193, -9.099279e-05, 7.143175e-10, 2399.512
3970.2117817401886, -9.099281e-05, 5.990855e-10, 2400.757
3972.2118606567383, -8.809818e-05, 6.928959e-10, 2401.911
3974.2119760513306, -9.041387e-05, 6.375107e-10, 2402.964
3976.2120876312256, -8.925601e-05, 6.782464e-10, 2403.933
3978.2121980190277, -8.751921e-05, 7.18985e-10, 2404.889
3980.2123296260834, -8.86771e-05, 6.940829e-10, 2405.778
3982.2124383449554, -8.751923e-05, 5.72669e-10, 2406.624
3984.212550878525, -8.578246e-05, 6.333768e-10, 2407.492
3986.2126848697662, -8.867706e-05, 5.625532e-10, 2408.361
3988.2127776145935, -8.867708e-05, 6.47696e-10, 2409.235
3990.2128665447235, -9.099275e-05, 6.826473e-10, 2410.129
3992.2130041122437, -8.636135e-05, 6.750378e-10, 2411.022
3994.2130947113037, -8.694029e-05, 6.434968e-10, 2411.918
3996.213183403015, -8.520351e-05, 6.434975e-10, 2412.721
3998.213278055191, -8.925592e-05, 6.393006e-10, 2413.593
4000.213413953781, -9.157164e-05, 6.826534e-10, 2414.417
4002.213548898697, -8.80981e-05, 6.308955e-10, 2415.3
4004.213654279709, -8.983483e-05, 6.457879e-10, 2416.191
4006.213756799698, -8.694026e-05, 5.380106e-10, 2417.167
4008.2138357162476, -8.636134e-05, 5.689394e-10, 2418.098
4010.2139773368835, -8.520348e-05, 6.171512e-10, 2419.067
4012.214068174362, -8.751918e-05, 5.588849e-10, 2420.041
4014.2141880989075, -8.80981e-05, 6.435004e-10, 2420.988
4016.214294195175, -8.751918e-05, 6.594042e-10, 2421.93
4018.2144060134888, -8.751916e-05, 6.536216e-10, 2422.914
4020.214554309845, -8.751914e-05, 6.408207e-10, 2423.822
4022.214696407318, -8.809807e-05, 7.08808e-10, 2424.746
4024.2147812843323, -8.867698e-05, 6.006554e-10, 2425.644
4026.2148673534393, -8.8677e-05, 6.273367e-10, 2426.44
4028.2152156829834, -8.809807e-05, 6.333859e-10, 2427.237
4030.2153282165527, -8.983482e-05, 6.435034e-10, 2428.052
4032.2154352664948, -8.694018e-05, 6.550751e-10, 2428.828
4034.215534210205, -8.636128e-05, 6.578887e-10, 2429.625
4036.2156314849854, -8.751913e-05, 6.694604e-10, 2430.463
4038.215749979019, -8.809804e-05, 6.168492e-10, 2431.335
4040.2158875465393, -8.751913e-05, 6.724067e-10, 2432.109
4042.2160227298737, -8.75191e-05, 7.291782e-10, 2432.885
4044.2161178588867, -8.751911e-05, 6.450897e-10, 2433.689
4046.2162144184113, -8.636128e-05, 6.151327e-10, 2434.517
4048.2163536548615, -8.751908e-05, 6.507449e-10, 2435.29
4050.216466665268, -8.75191e-05, 7.042136e-10, 2435.974
4052.216556787491, -8.925587e-05, 7.398252e-10, 2436.772
4054.2166476249695, -8.578235e-05, 6.929072e-10, 2437.506
4056.216782808304, -8.983478e-05, 7.2918e-10, 2438.157
4058.2168893814087, -8.694018e-05, 7.050065e-10, 2438.755
4060.2169930934906, -8.75191e-05, 6.884449e-10, 2439.414
4062.217077732086, -8.925585e-05, 6.251182e-10, 2440.071
4064.2171816825867, -8.694016e-05, 6.377434e-10, 2440.804
4066.2172904014587, -9.09926e-05, 7.59735e-10, 2441.509
4068.217423439026, -8.983476e-05, 7.031624e-10, 2442.266
4070.217524766922, -8.809799e-05, 6.637457e-10, 2443.076
4072.2176144123077, -8.8098e-05, 6.795143e-10, 2443.704
4074.217719078064, -8.983475e-05, 6.884462e-10, 2444.421
4076.2178053855896, -9.041365e-05, 6.518668e-10, 2444.993
4078.21791267395, -8.867687e-05, 7.433729e-10, 2445.521
4080.217994451523, -8.925582e-05, 6.333913e-10, 2446.097
4082.218104124069, -8.578231e-05, 7.297747e-10, 2446.596
4084.218208551407, -8.636121e-05, 7.201841e-10, 2447.167
4086.218293905258, -8.867693e-05, 6.637487e-10, 2447.716
4088.2184002399445, -8.751906e-05, 6.904254e-10, 2448.347
4090.2184915542603, -8.751907e-05, 7.149955e-10, 2448.995
4092.218584537506, -8.694013e-05, 6.550798e-10, 2449.645
4094.2186992168427, -8.694013e-05, 7.349658e-10, 2450.282
4096.218802690506, -8.636121e-05, 7.548084e-10, 2450.853
4098.218888282776, -8.636119e-05, 7.544148e-10, 2451.402
4100.218991279602, -8.69401e-05, 7.499464e-10, 2451.923
4102.219099998474, -8.751905e-05, 7.350998e-10, 2452.413
4104.219193696976, -8.694011e-05, 7.252459e-10, 2452.97
4106.219297170639, -8.578228e-05, 6.594196e-10, 2453.429
4108.21940279007, -8.751902e-05, 7.851662e-10, 2453.915
4110.219509840012, -8.578225e-05, 8.148563e-10, 2454.394
4112.219617366791, -8.809795e-05, 6.69467e-10, 2454.86
4114.219702959061, -8.694011e-05, 6.237596e-10, 2455.317
4116.219783067703, -8.867688e-05, 6.14853e-10, 2455.763
4118.219885349274, -8.80979e-05, 5.252685e-10, 2456.246
4120.219988107681, -8.809796e-05, 5.322182e-10, 2456.758
4122.2200701236725, -8.69401e-05, 6.393125e-10, 2457.302
4124.220174312592, -8.578228e-05, 5.991059e-10, 2457.826
4126.220257520676, -8.925578e-05, 5.614727e-10, 2458.427
4128.220358848572, -8.636118e-05, 5.539968e-10, 2458.973
4130.220516443253, -8.867688e-05, 4.209228e-10, 2459.557
4132.220626831055, -8.809794e-05, 5.308133e-10, 2460.022
4134.220707416534, -8.694013e-05, 5.387987e-10, 2460.486
4136.220849990845, -8.578225e-05, 6.232803e-10, 2460.958
4138.220947504044, -8.636119e-05, 5.458788e-10, 2461.518
4140.22109079361, -8.809794e-05, 6.507507e-10, 2462.038
4142.221225261688, -8.462441e-05, 5.754883e-10, 2462.667
4144.221332550049, -8.867683e-05, 6.16858e-10, 2463.338
4146.221453905106, -8.809793e-05, 5.452441e-10, 2463.864
4148.2216720581055, -8.867683e-05, 6.151434e-10, 2464.327
4150.221816301346, -8.520333e-05, 5.078969e-10, 2464.878
4152.221922874451, -8.636117e-05, 6.110743e-10, 2465.566
4154.222024440765, -8.925577e-05, 7.499499e-10, 2466.14
4156.222187757492, -8.809792e-05, 6.474745e-10, 2466.797
4158.222330331802, -8.751899e-05, 7.398345e-10, 2467.353
4160.222417831421, -8.809791e-05, 7.499493e-10, 2467.841
4162.222554683685, -8.809791e-05, 6.805124e-10, 2468.376
4164.222702503204, -8.809792e-05, 6.493675e-10, 2468.855
4166.222811698914, -8.694008e-05, 7.008125e-10, 2469.337
4168.222925662994, -8.809791e-05, 6.416711e-10, 2469.818
4170.2230060100555, -8.751899e-05, 7.15396e-10, 2470.23
4172.223111867905, -8.925573e-05, 6.960829e-10, 2470.637
4174.223216056824, -8.636115e-05, 7.592832e-10, 2471.094
4176.223313093185, -8.636116e-05, 6.365717e-10, 2471.475
4178.223468542099, -8.694008e-05, 6.464192e-10, 2471.866
4180.2236161231995, -8.751897e-05, 6.351178e-10, 2472.338
4182.223719835281, -8.694008e-05, 6.451021e-10, 2472.739
4184.223820447922, -8.520331e-05, 8.155244e-10, 2473.165
4186.2239282131195, -8.809792e-05, 6.594209e-10, 2473.551
4188.224009990692, -8.809794e-05, 6.536353e-10, 2473.986
4190.224323272705, -8.867683e-05, 6.812374e-10, 2474.403
4192.224420070648, -8.809788e-05, 6.73871e-10, 2474.833
4194.224515914917, -8.52033e-05, 6.225131e-10, 2475.21
4196.224614143372, -8.80979e-05, 6.750601e-10, 2475.609
4198.224720001221, -8.751899e-05, 7.050165e-10, 2475.964
4200.224817752838, -8.80979e-05, 6.65073e-10, 2476.32
4202.224960565567, -8.751897e-05, 6.750625e-10, 2476.746
4204.225088119507, -8.694008e-05, 5.637871e-10, 2477.178
4206.225173711777, -8.636115e-05, 7.031702e-10, 2477.531
4208.22527885437, -8.867683e-05, 6.650742e-10, 2477.9
4210.225411891937, -8.694005e-05, 5.951737e-10, 2478.131
4212.225541353226, -8.52033e-05, 6.309154e-10, 2478.396
4214.225656986237, -8.694004e-05, 6.323027e-10, 2478.727
4216.225800991058, -8.694006e-05, 6.750602e-10, 2479.047
4218.225909471512, -8.578222e-05, 7.291949e-10, 2479.351
4220.226010322571, -8.694006e-05, 6.477232e-10, 2479.649
4222.226113319397, -8.694007e-05, 6.680873e-10, 2479.975
4224.2262134552, -9.041357e-05, 7.143448e-10, 2480.296
4226.226315736771, -8.636112e-05, 6.884575e-10, 2480.648
4228.22641658783, -8.57822e-05, 6.858372e-10, 2481.01
4230.226525068283, -8.983466e-05, 6.941067e-10, 2481.343
4232.226662635803, -8.80979e-05, 7.649315e-10, 2481.697
4234.226768016815, -8.636111e-05, 6.616663e-10, 2482.139
4236.226859331131, -8.867677e-05, 6.694741e-10, 2482.556
4238.226966619492, -8.80979e-05, 6.956894e-10, 2483.013
4240.227085113525, -8.694002e-05, 7.050206e-10, 2483.338
4242.227165222168, -8.809789e-05, 7.398357e-10, 2483.686
4244.22730922699, -8.636112e-05, 7.849052e-10, 2484.039
4246.227464675903, -8.694005e-05, 7.399662e-10, 2484.364
4248.227567434311, -8.694005e-05, 7.349751e-10, 2484.788
4250.227704048157, -8.63611e-05, 6.863651e-10, 2485.24
4252.2278072834015, -8.520326e-05, 6.237676e-10, 2485.656
4254.227942705154, -8.867678e-05, 7.499539e-10, 2486.097
4256.228044986725, -8.462434e-05, 5.50261e-10, 2486.472
4258.2281239032745, -8.520326e-05, 6.430785e-10, 2486.77
4260.228207826614, -8.925564e-05, 6.805182e-10, 2487.031
4262.228347301483, -8.751893e-05, 6.18316e-10, 2487.236
4264.228457450867, -8.694005e-05, 6.085918e-10, 2487.461
4266.228548049927, -8.462435e-05, 6.606771e-10, 2487.672
4268.22864818573, -8.578217e-05, 7.24464e-10, 2487.905
4270.228747844696, -8.694003e-05, 7.153989e-10, 2488.143
4272.228888988495, -8.751894e-05, 6.430803e-10, 2488.351
4274.228995800018, -8.46243e-05, 5.97159e-10, 2488.625
4276.229129314423, -8.404542e-05, 7.449641e-10, 2488.885
4278.229208946228, -8.694e-05, 6.661329e-10, 2489.144
4280.2293112277985, -8.578219e-05, 5.813197e-10, 2489.438
4282.22940158844, -8.520325e-05, 5.599869e-10, 2489.664
4284.229504823685, -8.694003e-05, 4.982475e-10, 2489.919
4286.229648113251, -8.636108e-05, 5.210985e-10, 2490.277
4288.229754209518, -8.404542e-05, 5.971578e-10, 2490.684
4290.2298579216, -8.636111e-05, 6.562807e-10, 2490.995
4292.2299637794495, -8.462434e-05, 5.561826e-10, 2491.312
4294.230069637299, -8.751893e-05, 5.04428e-10, 2491.707
4296.230150461197, -8.404542e-05, 5.577421e-10, 2492.125
4298.230235338211, -8.520326e-05, 5.23608e-10, 2492.556
4300.2303378582, -8.694e-05, 5.790106e-10, 2492.939
4302.230445146561, -8.462431e-05, 5.637923e-10, 2493.283
4304.23055768013, -8.75189e-05, 5.813227e-10, 2493.63
4306.2306571006775, -8.867677e-05, 6.386815e-10, 2494.027
4308.230761766434, -8.809784e-05, 6.39322e-10, 2494.375
4310.230865240097, -8.636107e-05, 5.714027e-10, 2494.689
4312.231001138687, -8.751889e-05, 6.43082e-10, 2494.992
4314.231090545654, -8.751894e-05, 7.003605e-10, 2495.28
4316.23119187355, -8.63611e-05, 6.280383e-10, 2495.522
4318.231297969818, -8.983461e-05, 7.042308e-10, 2495.818
4320.231384515762, -8.694003e-05, 7.297889e-10, 2496.104
4322.231481313705, -8.63611e-05, 7.495639e-10, 2496.304
4324.231574773788, -8.636109e-05, 6.168651e-10, 2496.491
4326.231710195541, -8.809786e-05, 6.474819e-10, 2496.681
4328.231796741486, -8.751894e-05, 6.606777e-10, 2496.926
4330.231879234314, -8.520323e-05, 6.127287e-10, 2497.158
4332.231979608536, -8.694e-05, 6.884593e-10, 2497.418
4334.232084989548, -8.694e-05, 6.493741e-10, 2497.703
4336.232199430466, -8.867679e-05, 5.478876e-10, 2497.972
4338.23228931427, -8.636109e-05, 6.562783e-10, 2498.143
4340.232386112213, -8.636108e-05, 6.904376e-10, 2498.319
4342.2324867248535, -8.751894e-05, 6.43525e-10, 2498.476
4344.232597589493, -8.578216e-05, 7.143489e-10, 2498.661
4346.23272895813, -8.694e-05, 6.2252e-10, 2498.833
4348.232811689377, -8.867677e-05, 6.606783e-10, 2499.039
4350.232888698578, -8.809786e-05, 6.973945e-10, 2499.247
4352.233016967773, -8.925567e-05, 6.40839e-10, 2499.447
4354.233119487762, -8.63611e-05, 6.9044e-10, 2499.685
4356.2332327365875, -8.751894e-05, 7.646741e-10, 2499.897
4358.233366012573, -8.867677e-05, 6.334069e-10, 2500.115
4360.233512401581, -8.578217e-05, 7.096841e-10, 2500.306
4362.233601331711, -8.751891e-05, 7.291991e-10, 2500.543
4364.233706474304, -8.98346e-05, 6.408395e-10, 2500.716
4366.233805894852, -8.520325e-05, 6.817032e-10, 2500.938
4368.233891487122, -8.867677e-05, 6.477244e-10, 2501.154
4370.233995676041, -8.867674e-05, 6.650789e-10, 2501.32
4372.234096288681, -8.636106e-05, 6.011621e-10, 2501.595
4374.23418545723, -8.694002e-05, 6.42094e-10, 2501.929
4376.234331130981, -8.925568e-05, 5.405438e-10, 2502.206
4378.234436988831, -8.462431e-05, 6.408413e-10, 2502.468
4380.234577655792, -8.520323e-05, 6.550946e-10, 2502.69
4382.23469209671, -8.809784e-05, 7.143495e-10, 2503.016
4384.234825849533, -8.693995e-05, 5.948078e-10, 2503.336
4386.234904766083, -8.636108e-05, 6.474836e-10, 2503.636
4388.235011577606, -8.751894e-05, 6.950375e-10, 2503.914
4390.235102891922, -8.288753e-05, 5.851486e-10, 2504.339
4392.235214233398, -8.288755e-05, 5.619685e-10, 2504.607
4394.235312700272, -8.694e-05, 5.113843e-10, 2504.863
4396.235462188721, -8.75189e-05, 4.952826e-10, 2505.087
4398.235599040985, -8.636108e-05, 6.251395e-10, 2505.326
4400.235704660416, -8.636107e-05, 4.952791e-10, 2505.532
4402.235840082169, -8.520323e-05, 5.050681e-10, 2505.758
4404.235919713974, -8.462431e-05, 4.784971e-10, 2505.978
4406.236004829407, -8.751893e-05, 4.627735e-10, 2506.187
4408.23609495163, -8.751891e-05, 6.069913e-10, 2506.38
4410.2361941337585, -8.925566e-05, 5.183306e-10, 2506.642
4412.236279726028, -8.578216e-05, 5.458886e-10, 2506.86
4414.236369609833, -8.636104e-05, 5.183377e-10, 2507.156
4416.23650598526, -8.578214e-05, 5.561854e-10, 2507.417
4418.236647844315, -8.404541e-05, 4.854924e-10, 2507.736
4420.2367532253265, -8.809782e-05, 5.281839e-10, 2507.967
4422.236838340759, -8.693999e-05, 5.344311e-10, 2508.225
4424.236948728561, -8.578214e-05, 5.577468e-10, 2508.5
4426.237052679062, -8.751889e-05, 5.752094e-10, 2508.795
4428.237148761749, -8.520322e-05, 5.113837e-10, 2508.952
4430.237290859222, -8.46243e-05, 6.127311e-10, 2509.139
4432.237439393997, -8.578214e-05, 5.873098e-10, 2509.351
4434.237530708313, -8.578215e-05, 6.110826e-10, 2509.581
4436.237628936768, -8.694001e-05, 5.774517e-10, 2509.869
4438.237733125687, -8.694001e-05, 6.168662e-10, 2510.144
4440.237825632095, -8.636107e-05, 5.676007e-10, 2510.262
4442.237959384918, -8.636107e-05, 5.502656e-10, 2510.496
4444.238102912903, -8.693998e-05, 6.323084e-10, 2510.731
4446.238234996796, -8.636102e-05, 6.323097e-10, 2510.907
4448.238338708878, -8.636107e-05, 5.752076e-10, 2511.048
4450.238444328308, -8.809784e-05, 6.309208e-10, 2511.207
4452.238547086716, -8.636107e-05, 6.267218e-10, 2511.438
4454.238650798798, -8.867675e-05, 6.151528e-10, 2511.702
4456.238736867905, -8.693996e-05, 5.352665e-10, 2511.916
4458.238813877106, -8.404537e-05, 6.225183e-10, 2512.087
4460.238918542862, -8.346645e-05, 5.390526e-10, 2512.266
4462.239009618759, -8.520321e-05, 6.011626e-10, 2512.586
4464.239103794098, -8.404539e-05, 5.308279e-10, 2512.848
4466.239196062088, -8.636104e-05, 6.57911e-10, 2513.019
4468.2392864227295, -8.693998e-05, 6.812449e-10, 2513.246
4470.239392757416, -8.578211e-05, 5.676223e-10, 2513.532
4472.23952794075, -8.520323e-05, 5.183323e-10, 2513.688
4474.2396285533905, -8.694e-05, 6.192202e-10, 2513.875
4476.239709854126, -8.693999e-05, 5.148583e-10, 2514.137
4478.239814281464, -8.578216e-05, 5.246462e-10, 2514.34
4480.239914417267, -8.636105e-05, 5.502691e-10, 2514.462
4482.240015268326, -8.751892e-05, 5.811473e-10, 2514.637
4484.240148305893, -8.751889e-05, 6.393243e-10, 2514.831
4486.240277290344, -8.693996e-05, 5.790149e-10, 2514.984
4488.24036693573, -8.75189e-05, 5.851498e-10, 2515.233
4490.240464687347, -8.636104e-05, 6.550946e-10, 2515.455
4492.240601539612, -8.693998e-05, 5.599892e-10, 2515.65
4494.240681886673, -8.693999e-05, 5.246444e-10, 2515.825
4496.240785121918, -8.578211e-05, 6.393249e-10, 2516.035
4498.240867137909, -8.694e-05, 5.652234e-10, 2516.146
4500.240952730179, -8.983455e-05, 6.171749e-10, 2516.358
4502.241055488586, -8.693996e-05, 6.393244e-10, 2516.536
4504.241150856018, -8.693996e-05, 5.790125e-10, 2516.769
4506.241237401962, -8.867672e-05, 6.110832e-10, 2516.925
4508.241335630417, -8.578215e-05, 5.714045e-10, 2517.113
4510.241477251053, -8.578214e-05, 5.697104e-10, 2517.261
4512.241568565369, -8.636108e-05, 5.561854e-10, 2517.4
4514.24166059494, -8.809783e-05, 6.232923e-10, 2517.525
4516.241761207581, -8.809782e-05, 5.99119e-10, 2517.716
4518.241867780685, -8.636102e-05, 5.140241e-10, 2517.831
4520.2420082092285, -8.693999e-05, 5.246474e-10, 2517.974
4522.2421135902405, -8.983457e-05, 5.148571e-10, 2518.142
4524.242215871811, -8.578214e-05, 5.21804e-10, 2518.274
4526.2423486709595, -8.636107e-05, 6.420958e-10, 2518.415
4528.242443323135, -8.404539e-05, 4.238874e-10, 2518.707
4530.24254655838, -8.751891e-05, 5.281869e-10, 2518.924
4532.242648839951, -8.867674e-05, 6.151523e-10, 2519.09
4534.2427842617035, -8.693995e-05, 6.579164e-10, 2519.279
4536.242880344391, -8.520322e-05, 6.562813e-10, 2519.464
4538.242965459824, -8.578213e-05, 5.87308e-10, 2519.657
4540.243067741394, -8.636104e-05, 6.051692e-10, 2519.827
4542.2431626319885, -8.578214e-05, 6.085982e-10, 2520.021
4544.243298530579, -8.809778e-05, 6.251389e-10, 2520.163
4546.243383646011, -8.693994e-05, 6.594327e-10, 2520.328
4548.24346780777, -8.867672e-05, 7.096901e-10, 2520.56
4550.2435693740845, -8.867673e-05, 6.365752e-10, 2520.769
4552.243711233139, -8.52032e-05, 6.759908e-10, 2521.002
4554.243847370148, -8.80978e-05, 6.003284e-10, 2521.259
4556.243944168091, -8.288753e-05, 6.960915e-10, 2521.48
4558.244049549103, -8.578211e-05, 6.377636e-10, 2521.637
4560.244154930115, -8.636105e-05, 6.430831e-10, 2521.707
4562.24425983429, -8.867673e-05, 7.349827e-10, 2521.863
4564.244362831116, -8.693997e-05, 6.623952e-10, 2522.025
4566.244450092316, -8.751889e-05, 6.578631e-10, 2522.157
4568.244539260864, -8.636104e-05, 6.723811e-10, 2522.357
4570.244636058807, -8.636105e-05, 6.342866e-10, 2522.487
4572.244775533676, -8.404538e-05, 6.334297e-10, 2522.627
4574.244863033295, -8.346645e-05, 6.393243e-10, 2522.77
4576.245000123978, -8.636103e-05, 5.8792e-10, 2522.936
4578.245104312897, -8.46243e-05, 6.805223e-10, 2523.111
4580.245208978653, -8.462427e-05, 6.195089e-10, 2523.254
4582.245341062546, -8.462428e-05, 6.070146e-10, 2523.389
4584.245423078537, -8.636102e-05, 5.771448e-10, 2523.549
4586.2455241680145, -8.346643e-05, 5.56186e-10, 2523.691
4588.245657205582, -8.404536e-05, 6.044636e-10, 2523.806
4590.245755195618, -8.52032e-05, 5.211061e-10, 2523.998
4592.245847940445, -8.636104e-05, 5.344334e-10, 2524.28
4594.245975494385, -8.520322e-05, 4.974845e-10, 2524.441
4596.2460725307465, -8.693995e-05, 5.951814e-10, 2524.653
4598.246193408966, -8.578214e-05, 5.735843e-10, 2524.875
4600.246303081512, -8.751891e-05, 5.308261e-10, 2525.086
4602.246402978897, -8.867673e-05, 6.430831e-10, 2525.272
4604.246537446976, -8.346645e-05, 5.715605e-10, 2525.423
4606.246667385101, -8.751888e-05, 5.368762e-10, 2525.529
4608.246773481369, -8.52032e-05, 5.715599e-10, 2525.697
4610.246876001358, -8.520317e-05, 5.113825e-10, 2525.822
4612.247005939484, -8.52032e-05, 5.637947e-10, 2525.934
4614.247097492218, -8.520322e-05, 5.637971e-10, 2526.094
4616.247200489044, -8.693996e-05, 6.011703e-10, 2526.283
4618.247304439545, -8.578212e-05, 5.04439e-10, 2526.425
4620.24738574028, -8.693995e-05, 5.332029e-10, 2526.619
4622.247485637665, -8.462428e-05, 5.46532e-10, 2526.808
4624.247579574585, -8.520318e-05, 5.580987e-10, 2527.071
4626.247684955597, -8.636105e-05, 4.854966e-10, 2527.24
4628.247786283493, -8.578213e-05, 5.502709e-10, 2527.397
4630.247868776321, -8.693999e-05, 5.016613e-10, 2527.61
4632.248005628586, -8.462428e-05, 6.195066e-10, 2527.824
4634.2481341362, -8.462426e-05, 5.637988e-10, 2527.974
4636.248243570328, -8.80978e-05, 5.714062e-10, 2528.156
4638.248324871063, -8.578212e-05, 6.011644e-10, 2528.345
4640.248465299606, -8.693998e-05, 6.273621e-10, 2528.497
4642.248594760895, -8.404532e-05, 5.308255e-10, 2528.584
4644.248691320419, -8.636104e-05, 5.442219e-10, 2528.701
4646.248822927475, -8.520321e-05, 5.561871e-10, 2528.804
4648.248929023743, -8.404537e-05, 6.616721e-10, 2528.874
4650.249066829681, -8.520318e-05, 6.168697e-10, 2528.995
4652.249170064926, -8.636107e-05, 5.390514e-10, 2529.125
4654.24932551384, -8.693997e-05, 5.697127e-10, 2529.243
4656.249423742294, -8.520321e-05, 6.07014e-10, 2529.349
4658.2495284080505, -8.578212e-05, 6.051698e-10, 2529.514
4660.249671220779, -8.80978e-05, 6.192214e-10, 2529.631
4662.24977350235, -8.520322e-05, 6.750684e-10, 2529.719
4664.249870061874, -8.751888e-05, 6.251395e-10, 2529.883
4666.250009059906, -8.57821e-05, 5.833716e-10, 2530.042
4668.250146389008, -8.636104e-05, 6.309249e-10, 2530.131
4670.250260591507, -8.520318e-05, 6.151541e-10, 2530.166
4672.250363111496, -8.636104e-05, 5.82821e-10, 2530.255
4674.25044131279, -8.578209e-05, 6.03056e-10, 2530.319
4676.2505803108215, -8.636102e-05, 5.971654e-10, 2530.363
4678.250694513321, -8.462428e-05, 6.225224e-10, 2530.451
4680.25079703331, -8.520319e-05, 5.281869e-10, 2530.558
4682.250932216644, -8.636103e-05, 5.676235e-10, 2530.632
4684.251036643982, -8.288751e-05, 5.050746e-10, 2530.731
4686.25114107132, -8.462425e-05, 5.907376e-10, 2530.785
4688.251277923584, -8.636104e-05, 6.127386e-10, 2530.884
4690.251433610916, -8.751888e-05, 5.929404e-10, 2530.997
4692.251528501511, -8.751888e-05, 6.895859e-10, 2531.098
4694.2516310215, -8.462428e-05, 6.795338e-10, 2531.187
4696.251712799072, -8.751882e-05, 6.151559e-10, 2531.333
4698.2518146038055, -8.636103e-05, 5.523799e-10, 2531.457
4700.251927614212, -8.636104e-05, 5.754969e-10, 2531.575
4702.252062320709, -8.578212e-05, 6.474888e-10, 2531.739
4704.252197742462, -8.867672e-05, 5.752118e-10, 2531.896
4706.252356052399, -8.288753e-05, 5.697151e-10, 2531.935
4708.252450942993, -8.578212e-05, 6.029479e-10, 2532.076
4710.2525424957275, -8.751888e-05, 5.991209e-10, 2532.253
4712.252628564835, -8.693995e-05, 6.738805e-10, 2532.469
4714.252736091614, -8.520318e-05, 6.661375e-10, 2532.587
4716.252871513367, -8.52032e-05, 6.141199e-10, 2532.672
4718.252979040146, -8.578212e-05, 5.637971e-10, 2532.764
4720.253114461899, -8.462428e-05, 5.988788e-10, 2532.88
4722.253475427628, -8.404536e-05, 6.003296e-10, 2532.966
4724.253561735153, -8.404536e-05, 6.086028e-10, 2533.053
4726.253648042679, -8.636104e-05, 6.070211e-10, 2533.21
4728.253727912903, -8.288748e-05, 5.427914e-10, 2533.376
4730.253861188889, -8.52032e-05, 5.774553e-10, 2533.524
4732.253961801529, -8.404534e-05, 5.813262e-10, 2533.603
4734.254065752029, -8.462425e-05, 5.308279e-10, 2533.721
4736.254152536392, -8.751886e-05, 5.931582e-10, 2533.841
4738.254255056381, -8.462425e-05, 5.380402e-10, 2533.947
4740.254357337952, -8.636107e-05, 6.661386e-10, 2534.095
4742.254507780075, -8.520322e-05, 7.400391e-10, 2534.246
4744.254611492157, -8.520321e-05, 6.420981e-10, 2534.402
4746.254691362381, -8.636105e-05, 6.650842e-10, 2534.526
4748.254827976227, -8.52032e-05, 6.795369e-10, 2534.667
4750.254930496216, -8.578212e-05, 6.507624e-10, 2534.745
4752.25507235527, -8.636105e-05, 5.912444e-10, 2534.86
4754.255160808563, -8.693997e-05, 6.929296e-10, 2534.925
4756.25524687767, -8.693999e-05, 7.649395e-10, 2535.022
4758.255348920822, -8.925562e-05, 7.699995e-10, 2535.104
4760.255443096161, -8.751889e-05, 7.952939e-10, 2535.199
4762.255576610565, -8.693996e-05, 7.339317e-10, 2535.29
4764.255656957626, -8.751889e-05, 7.249961e-10, 2535.407
4766.255757808685, -8.809778e-05, 6.850526e-10, 2535.549
4768.255843162537, -8.693996e-05, 7.150107e-10, 2535.7
4770.255976438522, -8.867672e-05, 7.150107e-10, 2535.821
4772.256058216095, -8.809778e-05, 7.749308e-10, 2535.942
4774.256152391434, -8.636105e-05, 6.623974e-10, 2536.092
4776.256240844727, -8.867673e-05, 7.447039e-10, 2536.219
4778.256376981735, -8.75189e-05, 7.042332e-10, 2536.351
4780.2565104961395, -8.925564e-05, 7.59294e-10, 2536.462
4782.256591081619, -8.693997e-05, 6.661381e-10, 2536.602
4784.256725072861, -8.867671e-05, 6.895854e-10, 2536.695
4786.256869792938, -8.636105e-05, 7.252569e-10, 2536.79
4788.256957292557, -9.04135e-05, 6.430872e-10, 2536.871
4790.257061004639, -8.578214e-05, 7.055537e-10, 2537.038
4792.257147550583, -8.578212e-05, 6.817072e-10, 2537.075
4794.257249593735, -8.751889e-05, 7.003616e-10, 2537.174
4796.257352590561, -8.636105e-05, 7.54821e-10, 2537.26
4798.2574899196625, -8.809778e-05, 7.896396e-10, 2537.347
4800.2575714588165, -8.693999e-05, 7.544211e-10, 2537.44
4802.25771021843, -8.867672e-05, 7.797196e-10, 2537.495
4804.2578155994415, -8.404535e-05, 7.399725e-10, 2537.611
4806.257920503616, -8.80978e-05, 7.649408e-10, 2537.711
4808.258000135422, -8.809782e-05, 7.797219e-10, 2537.856
4810.258105278015, -8.520321e-05, 7.203284e-10, 2537.998
4812.2582051754, -8.578214e-05, 6.251406e-10, 2538.138
4814.25831413269, -8.462428e-05, 6.195066e-10, 2538.237
4816.2583973407745, -8.462427e-05, 6.616732e-10, 2538.368
4818.258475065231, -8.636105e-05, 6.408419e-10, 2538.565
4820.258576393127, -8.578211e-05, 7.031786e-10, 2538.811
4822.258673906326, -8.636104e-05, 6.464309e-10, 2538.973
4824.258775949478, -8.52032e-05, 6.616726e-10, 2539.158
4826.258877038956, -8.751891e-05, 6.435286e-10, 2539.338
4828.2589638233185, -8.751889e-05, 5.988764e-10, 2539.469
4830.259098291397, -8.75189e-05, 6.572054e-10, 2539.558
4832.259231567383, -8.346643e-05, 6.464309e-10, 2539.635
4834.259334564209, -8.520321e-05, 6.251407e-10, 2539.755
4836.25942158699, -8.578212e-05, 7.398445e-10, 2539.865
4838.259520769119, -8.462425e-05, 6.408454e-10, 2539.978
4840.259626865387, -8.80978e-05, 6.110832e-10, 2540.181
4842.259731531143, -8.809779e-05, 6.377653e-10, 2540.276
4844.259832382202, -8.80978e-05, 6.858441e-10, 2540.344
4846.259933233261, -8.404536e-05, 6.858441e-10, 2540.453
4848.260067224503, -8.636103e-05, 7.143549e-10, 2540.563
4850.260208845139, -8.751886e-05, 6.251406e-10, 2540.75
4852.260304450989, -8.404534e-05, 6.572054e-10, 2540.828
4854.260384559631, -8.578212e-05, 6.141181e-10, 2540.902
4856.26052069664, -8.693994e-05, 6.085999e-10, 2541.015
4858.260656118393, -8.578213e-05, 6.110837e-10, 2541.108
4860.260755062103, -8.751887e-05, 6.168697e-10, 2541.208
4862.260839223862, -8.751889e-05, 5.675996e-10, 2541.301
4864.260972261429, -8.693996e-05, 6.151523e-10, 2541.376
4866.261112451553, -8.86767e-05, 6.477292e-10, 2541.505
4868.261217594147, -8.751889e-05, 5.7521e-10, 2541.568
4870.261308670044, -8.925563e-05, 6.477274e-10, 2541.642
4872.2613961696625, -8.75189e-05, 5.968101e-10, 2541.771
4874.261476278305, -8.693996e-05, 6.805235e-10, 2541.906
4876.261563539505, -9.099241e-05, 6.499506e-10, 2542.003
4878.261663675308, -9.041349e-05, 7.386596e-10, 2542.086
4880.261763811111, -9.041348e-05, 6.536461e-10, 2542.145
4882.261867761612, -8.983455e-05, 6.561323e-10, 2542.238
4884.262004613876, -8.80978e-05, 5.971636e-10, 2542.371
4886.262145280838, -9.04135e-05, 5.317276e-10, 2542.464
4888.262278556824, -8.867672e-05, 6.273627e-10, 2542.489
4890.262379407883, -8.983458e-05, 6.895854e-10, 2542.635
4892.262478590012, -8.520321e-05, 6.550987e-10, 2542.777
4894.262584209442, -8.983456e-05, 6.840035e-10, 2542.915
4896.262690544128, -8.751887e-05, 6.151547e-10, 2543.005
4898.2627811431885, -8.578212e-05, 6.029461e-10, 2543.12
4900.262881755829, -8.809778e-05, 7.077114e-10, 2543.23
4902.263015508652, -8.809781e-05, 6.759908e-10, 2543.337
4904.263101577759, -8.867672e-05, 6.225206e-10, 2543.48
4906.263206720352, -8.578214e-05, 5.714045e-10, 2543.6
4908.263284921646, -8.809783e-05, 6.507625e-10, 2543.678
4910.263418197632, -8.809781e-05, 7.154047e-10, 2543.795
4912.26355266571, -9.041347e-05, 7.399725e-10, 2543.93
4914.263687372208, -8.693996e-05, 7.154052e-10, 2544.036
4916.26379108429, -8.925563e-05, 7.597534e-10, 2544.167
4918.263893604279, -8.578214e-05, 8.106718e-10, 2544.293
4920.263998270035, -8.693998e-05, 7.449669e-10, 2544.407
4922.264135837555, -8.693996e-05, 7.202027e-10, 2544.57
4924.264273643494, -8.867672e-05, 7.649419e-10, 2544.749
4926.264374256134, -8.636104e-05, 7.449682e-10, 2544.852
4928.2644782066345, -8.809783e-05, 6.884642e-10, 2544.953
4930.264583349228, -8.520322e-05, 7.102816e-10, 2545.045
4932.264713048935, -8.404537e-05, 6.858465e-10, 2545.157
4934.264851331711, -8.693997e-05, 6.705995e-10, 2545.225
4936.264985561371, -8.809778e-05, 6.251407e-10, 2545.349
4938.265119791031, -8.867674e-05, 6.950386e-10, 2545.432
4940.265266895294, -8.925562e-05, 7.44705e-10, 2545.493
4942.265404462814, -8.925563e-05, 7.549536e-10, 2545.549
4944.265540838242, -8.809782e-05, 6.782806e-10, 2545.632
4946.265630722046, -8.751889e-05, 6.895853e-10, 2545.746
4948.265715837479, -8.867671e-05, 6.579146e-10, 2545.849
4950.265850543976, -8.751885e-05, 7.291997e-10, 2545.935
4952.265980958939, -9.041349e-05, 6.724334e-10, 2546.029
4954.2661163806915, -8.520322e-05, 6.267224e-10, 2546.066
4956.266208648682, -8.578212e-05, 5.912456e-10, 2546.167
4958.266309976578, -8.867673e-05, 8.211881e-10, 2546.303
4960.266403675079, -8.751888e-05, 7.548209e-10, 2546.429
4962.266485929489, -9.157132e-05, 7.599493e-10, 2546.53
4964.2665894031525, -8.751889e-05, 8.056804e-10, 2546.601
4966.266717672348, -8.751891e-05, 7.495657e-10, 2546.657
4968.26685833931, -8.983458e-05, 8.056804e-10, 2546.739
4970.26696228981, -8.867673e-05, 6.33411e-10, 2546.804
4972.2670974731445, -9.04135e-05, 6.192256e-10, 2546.879
4974.2671847343445, -8.983456e-05, 6.687385e-10, 2546.965
4976.267318725586, -8.925563e-05, 6.805235e-10, 2547.12
4978.267401218414, -9.041346e-05, 6.171761e-10, 2547.273
4980.267483949661, -8.751889e-05, 6.33411e-10, 2547.463
4982.267609596252, -8.925566e-05, 7.345881e-10, 2547.555
4984.26775932312, -8.925565e-05, 6.273633e-10, 2547.683
4986.267856121063, -9.041348e-05, 5.951826e-10, 2547.724
4988.267956733704, -8.925565e-05, 6.188078e-10, 2547.838
4990.268038272858, -8.636105e-05, 6.884647e-10, 2547.859
4992.2681386470795, -8.809782e-05, 4.917657e-10, 2547.901
4994.268224477768, -8.578211e-05, 5.053102e-10, 2548.003
4996.268326044083, -8.693996e-05, 6.914806e-10, 2548.093
4998.2684116363525, -9.041349e-05, 6.519311e-10, 2548.164
5000.268508672714, -8.809779e-05, 6.273609e-10, 2548.272
5002.268594026566, -8.693994e-05, 6.211822e-10, 2548.348
5004.2686977386475, -8.867672e-05, 6.85055e-10, 2548.498
5006.268785715103, -8.80978e-05, 6.782823e-10, 2548.573
5008.268892765045, -8.693997e-05, 7.03181e-10, 2548.675
5010.269006967545, -9.099239e-05, 6.664473e-10, 2548.777
5012.269103765488, -8.925562e-05, 6.210073e-10, 2548.928
5014.269205570221, -8.925563e-05, 6.550993e-10, 2549.045
5016.269335746765, -8.751889e-05, 6.110891e-10, 2549.137
5018.269473075867, -8.751887e-05, 5.662593e-10, 2549.276
5020.269567012787, -9.041348e-05, 6.66141e-10, 2549.372
5022.269649744034, -8.693996e-05, 6.507636e-10, 2549.468
5024.2697558403015, -8.693995e-05, 6.375462e-10, 2549.528
5026.269854784012, -8.809775e-05, 5.637941e-10, 2549.625
5028.269955396652, -8.578212e-05, 5.390526e-10, 2549.709
5030.270056962967, -8.578211e-05, 6.507648e-10, 2549.805
5032.270193099976, -8.520317e-05, 5.599944e-10, 2549.859
5034.2702758312225, -8.578212e-05, 5.731429e-10, 2549.934
5036.270369529724, -8.578211e-05, 6.290969e-10, 2549.988
5038.270464897156, -8.578212e-05, 5.890681e-10, 2550.055
5040.270570039749, -8.693995e-05, 5.502691e-10, 2550.139
5042.270701408386, -8.693993e-05, 5.912456e-10, 2550.21
5044.270836591721, -8.346645e-05, 5.866684e-10, 2550.338
5046.270942687988, -8.80978e-05, 5.991215e-10, 2550.473
5048.271076917648, -8.867672e-05, 6.099164e-10, 2550.607
5050.271217346191, -8.578214e-05, 6.420981e-10, 2550.745
5052.271305561066, -8.462425e-05, 6.127346e-10, 2550.878
5054.271402359009, -8.80978e-05, 6.759908e-10, 2550.952
5056.271486759186, -8.52032e-05, 7.44701e-10, 2551.01
5058.271624326706, -8.52032e-05, 6.766502e-10, 2551.067
5060.27171587944, -8.57821e-05, 7.349845e-10, 2551.188
5062.271819591522, -8.751888e-05, 7.400409e-10, 2551.323
5064.271936655045, -8.578209e-05, 6.839993e-10, 2551.456
5066.272073984146, -8.693996e-05, 7.345893e-10, 2551.56
5068.272178411484, -8.925564e-05, 7.252574e-10, 2551.734
5070.272280931473, -8.751889e-05, 7.345893e-10, 2551.823
5072.272333621979, -8.809782e-05, 6.606829e-10, 2551.91
5074.27242064476, -8.75189e-05, 7.549548e-10, 2552.006
5076.2725257873535, -8.693997e-05, 6.950404e-10, 2552.092
5078.27262878418, -8.751888e-05, 6.616721e-10, 2552.216
5080.2727663517, -8.693996e-05, 7.003611e-10, 2552.319
5082.272899627686, -8.80978e-05, 7.843814e-10, 2552.451
5084.2730078697205, -8.578212e-05, 8.303114e-10, 2552.501
5086.273152112961, -8.578213e-05, 8.04091e-10, 2552.536
5088.273283481598, -8.80978e-05, 7.749239e-10, 2552.575
5090.273376464844, -8.404536e-05, 7.851787e-10, 2552.608
5092.27348947525, -8.52032e-05, 7.25258e-10, 2552.626
5094.2735760211945, -8.520319e-05, 7.299859e-10, 2552.684
5096.273683547974, -8.751888e-05, 7.396411e-10, 2552.7
5098.273771762848, -8.636102e-05, 7.203992e-10, 2552.729
5100.273866653442, -8.520317e-05, 7.449705e-10, 2552.773
5102.274021863937, -8.693994e-05, 7.20398e-10, 2552.904
5104.27418756485, -8.520316e-05, 7.548232e-10, 2552.989
5106.27432513237, -8.636104e-05, 7.150131e-10, 2553.112
5108.2744290828705, -8.636104e-05, 6.863703e-10, 2553.218
5110.274537324905, -8.57821e-05, 7.896395e-10, 2553.312
5112.2746505737305, -8.578211e-05, 7.595477e-10, 2553.401
5114.274795770645, -8.751887e-05, 7.400403e-10, 2553.513
5116.274883508682, -8.693996e-05, 7.400403e-10, 2553.645
5118.27498960495, -8.636103e-05, 7.349856e-10, 2553.706
5120.275095462799, -8.578211e-05, 7.203302e-10, 2553.81
5122.275195121765, -8.636105e-05, 6.714593e-10, 2553.896
5124.2752730846405, -8.636104e-05, 7.499597e-10, 2554.05
5126.275376081467, -8.462428e-05, 6.858481e-10, 2554.224
5128.275480747223, -8.520319e-05, 7.252621e-10, 2554.295
5130.275621891022, -8.578213e-05, 6.817072e-10, 2554.39
5132.275730133057, -8.346645e-05, 6.957004e-10, 2554.45
5134.2758712768555, -8.52032e-05, 6.96223e-10, 2554.531
5136.276031970978, -8.52032e-05, 7.05556e-10, 2554.582
5138.276130437851, -8.751887e-05, 7.096918e-10, 2554.738
5140.27622795105, -8.751888e-05, 7.598785e-10, 2554.862
5142.276331663132, -8.462428e-05, 7.396427e-10, 2554.963
5144.2764229774475, -8.751887e-05, 7.249973e-10, 2555.021
5146.276526212692, -8.6361e-05, 7.64676e-10, 2555.128
5148.276618719101, -8.751886e-05, 6.770448e-10, 2555.218
5150.276724100113, -8.751888e-05, 7.301197e-10, 2555.346
5152.27684211731, -8.809779e-05, 6.895859e-10, 2555.403
5154.276987075806, -8.578212e-05, 7.042379e-10, 2555.495
5156.2770819664, -8.578211e-05, 5.907376e-10, 2555.595
5158.2771825790405, -8.751887e-05, 6.15157e-10, 2555.677
5160.277276992798, -8.636103e-05, 5.988782e-10, 2555.749
5162.277382135391, -8.578211e-05, 5.873086e-10, 2555.836
5164.277511358261, -8.520319e-05, 5.599921e-10, 2555.912
5166.277648687363, -8.693997e-05, 6.070164e-10, 2556.014
5168.277791976929, -8.925563e-05, 6.210067e-10, 2556.111
5170.2779042720795, -8.693996e-05, 5.971631e-10, 2556.245
5172.278051376343, -8.80978e-05, 5.890694e-10, 2556.3
5174.278193950653, -8.867672e-05, 5.752112e-10, 2556.389
5176.278337240219, -8.925559e-05, 6.110862e-10, 2556.492
5178.278427124023, -8.809781e-05, 5.478935e-10, 2556.61
5180.278564691544, -8.983453e-05, 5.890681e-10, 2556.686
5182.27867269516, -8.867672e-05, 6.168685e-10, 2556.731
5184.278785467148, -8.751891e-05, 5.637953e-10, 2556.813
5186.278899908066, -8.983456e-05, 7.495686e-10, 2556.879
5188.279012918472, -8.693996e-05, 5.552433e-10, 2556.907
5190.279153347015, -8.867672e-05, 6.451109e-10, 2557.016
5192.279283046722, -8.80978e-05, 5.689676e-10, 2557.111
5194.27942943573, -8.751888e-05, 6.210078e-10, 2557.173
5196.279509544373, -8.693992e-05, 6.621819e-10, 2557.257
5198.2796449661255, -8.693996e-05, 6.550988e-10, 2557.368
5200.279760837555, -8.578211e-05, 6.986489e-10, 2557.455
5202.279871702194, -8.520318e-05, 6.051704e-10, 2557.557
5204.280008792877, -8.751887e-05, 6.616709e-10, 2557.563
5206.280147075653, -8.636104e-05, 7.203986e-10, 2557.582
5208.2802793979645, -8.867672e-05, 6.805229e-10, 2557.692
5210.280388832092, -8.751891e-05, 6.225236e-10, 2557.764
5212.2805297374725, -8.52032e-05, 6.616692e-10, 2557.824
5214.280609369278, -8.751886e-05, 5.951838e-10, 2557.922
5216.280715227127, -8.75189e-05, 6.650817e-10, 2557.981
5218.280811786652, -8.578212e-05, 6.680976e-10, 2558.074
5220.280939340591, -8.693996e-05, 7.236815e-10, 2558.132
5222.281039953232, -8.925564e-05, 7.339299e-10, 2558.209
5224.281130552292, -8.693994e-05, 6.351284e-10, 2558.286
5226.281235694885, -8.983456e-05, 6.110843e-10, 2558.459
5228.28134059906, -8.693996e-05, 6.151565e-10, 2558.565
5230.281446218491, -8.578214e-05, 6.003284e-10, 2558.679
5232.28155040741, -8.693996e-05, 6.069973e-10, 2558.753
5234.2816960811615, -8.867673e-05, 6.030579e-10, 2558.814
5236.281797885895, -8.751889e-05, 5.752118e-10, 2558.841
5238.281891107559, -8.636104e-05, 6.435286e-10, 2558.933
5240.28201007843, -8.636105e-05, 6.738829e-10, 2558.992
5242.282099246979, -8.751886e-05, 6.292752e-10, 2559.098
5244.282218456268, -8.983454e-05, 6.17179e-10, 2559.126
5246.2823185920715, -9.099239e-05, 6.351302e-10, 2559.151
5248.282420635223, -8.80978e-05, 6.579128e-10, 2559.136
5250.282524585724, -8.867671e-05, 6.273633e-10, 2559.216
5252.282622337341, -8.693994e-05, 5.851984e-10, 2559.244
5254.282707929611, -8.636102e-05, 6.211846e-10, 2559.341
5256.282791376114, -8.983455e-05, 7.623092e-10, 2559.405
5258.282928943634, -9.099239e-05, 6.767649e-10, 2559.471
5260.283022403717, -8.751885e-05, 6.850538e-10, 2559.516
5262.283132791519, -8.925563e-05, 6.458178e-10, 2559.607
5264.283237218857, -9.041346e-05, 7.031816e-10, 2559.666
5266.2833206653595, -8.925565e-05, 6.192226e-10, 2559.762
5268.283400774002, -8.809778e-05, 6.210055e-10, 2559.86
5270.283518314362, -8.80978e-05, 6.724327e-10, 2559.953
5272.283650159836, -8.925557e-05, 6.941216e-10, 2559.996
5274.283748149872, -8.809782e-05, 7.244724e-10, 2560.082
5276.28388261795, -8.867674e-05, 6.536455e-10, 2560.198
5278.283971786499, -8.751889e-05, 6.273633e-10, 2560.325
5280.284105300903, -8.867672e-05, 6.232929e-10, 2560.439
5282.284190654755, -8.636104e-05, 6.507636e-10, 2560.517
5284.284335851669, -8.693996e-05, 6.464303e-10, 2560.604
5286.284435272217, -8.636102e-05, 6.110879e-10, 2560.641
5288.284525632858, -8.636104e-05, 6.738854e-10, 2560.669
5290.284619092941, -8.80978e-05, 6.051704e-10, 2560.736
5292.2847356796265, -8.867672e-05, 6.267289e-10, 2560.771
5294.28484082222, -8.636101e-05, 6.451115e-10, 2560.844
5296.28493976593, -8.751887e-05, 5.689664e-10, 2560.96
5298.285039663315, -8.925563e-05, 6.73883e-10, 2561.101
5300.285192966461, -8.636102e-05, 5.95185e-10, 2561.21
5302.285325050354, -8.925562e-05, 5.774565e-10, 2561.263
5304.285405874252, -8.693996e-05, 7.318209e-10, 2561.36
5306.285506725311, -8.693997e-05, 6.536461e-10, 2561.358
5308.28560423851, -8.751887e-05, 6.750713e-10, 2561.38
5310.285707473755, -8.693997e-05, 6.863715e-10, 2561.4
5312.285813331604, -8.578211e-05, 5.81328e-10, 2561.459
5314.285916566849, -8.636102e-05, 6.562853e-10, 2561.545
5316.286020994186, -8.636105e-05, 6.579158e-10, 2561.624
5318.286195755005, -8.867669e-05, 6.309255e-10, 2561.728
5320.286330699921, -8.925563e-05, 5.524672e-10, 2561.791
5322.286433935165, -8.80978e-05, 6.669278e-10, 2561.877
5324.286568641663, -8.751886e-05, 6.351261e-10, 2561.925
5326.286671876907, -8.751888e-05, 7.042415e-10, 2561.998
5328.286771774292, -8.809776e-05, 6.151559e-10, 2562.085
5330.2868711948395, -8.6361e-05, 6.518876e-10, 2562.192
5332.286974191666, -8.751888e-05, 6.759914e-10, 2562.259
5334.287084341049, -8.52032e-05, 6.562859e-10, 2562.329
5336.287230014801, -8.52032e-05, 6.110867e-10, 2562.35
5338.2873430252075, -8.693997e-05, 5.873109e-10, 2562.399
5340.287451028824, -8.925563e-05, 6.795344e-10, 2562.481
5342.2875390052795, -8.80978e-05, 6.192256e-10, 2562.627
5344.287682533264, -8.520322e-05, 6.68097e-10, 2562.696
5346.287815332413, -8.578212e-05, 7.055537e-10, 2562.81
5348.287954092026, -8.983454e-05, 6.210096e-10, 2562.862
5350.288056135178, -8.983454e-05, 6.750725e-10, 2562.959
5352.288206338882, -8.86767e-05, 7.042355e-10, 2563.047
5354.28835105896, -8.693994e-05, 6.680981e-10, 2563.113
5356.288454294205, -8.80978e-05, 6.616732e-10, 2563.203
5358.288552284241, -8.693996e-05, 6.420975e-10, 2563.299
5360.288691282272, -8.578208e-05, 7.197468e-10, 2563.333
5362.288834810257, -8.693996e-05, 7.202004e-10, 2563.427
5364.288970947266, -8.75189e-05, 7.102834e-10, 2563.46
5366.289077758789, -8.578211e-05, 6.365763e-10, 2563.546
5368.289222955704, -8.578212e-05, 6.225218e-10, 2563.625
5370.289329767227, -8.925563e-05, 5.931588e-10, 2563.744
5372.289473056793, -8.578211e-05, 5.891564e-10, 2563.799
5374.289629936218, -8.693992e-05, 6.085999e-10, 2563.848
5376.289719581604, -8.346644e-05, 6.904429e-10, 2563.847
5378.289822340012, -8.404534e-05, 6.720509e-10, 2563.859
5380.289939880371, -8.80978e-05, 6.694841e-10, 2563.9
5382.29007434845, -8.520318e-05, 6.070164e-10, 2563.986
5384.290186882019, -8.636104e-05, 6.507642e-10, 2564.093
5386.290327548981, -8.462428e-05, 6.342854e-10, 2564.168
5388.290463685989, -8.80978e-05, 6.661386e-10, 2564.255
5390.29061460495, -8.636103e-05, 6.895883e-10, 2564.325
5392.290756940842, -8.925563e-05, 5.794363e-10, 2564.4
5394.290848970413, -8.636104e-05, 6.183212e-10, 2564.454
5396.290964126587, -8.751887e-05, 6.280464e-10, 2564.543
5398.291067838669, -8.867672e-05, 6.323096e-10, 2564.658
5400.2912011146545, -8.636104e-05, 5.637982e-10, 2564.745
5402.291339635849, -8.520317e-05, 6.309266e-10, 2564.754
5404.291429519653, -8.809778e-05, 5.272211e-10, 2564.793
5406.291567325592, -8.578211e-05, 6.029478e-10, 2564.863
5408.29167175293, -8.693994e-05, 7.143537e-10, 2564.915
5410.29178404808, -8.80978e-05, 7.649437e-10, 2564.938
5412.2918746471405, -8.809778e-05, 6.192268e-10, 2564.968
5414.2919921875, -8.693995e-05, 6.251424e-10, 2565.019
5416.292095184326, -8.751887e-05, 6.661387e-10, 2565.035
5418.292204141617, -8.578209e-05, 6.309267e-10, 2565.089
5420.292316675186, -8.751889e-05, 5.971636e-10, 2565.156
5422.292407751083, -8.636103e-05, 5.813274e-10, 2565.178
5424.292511463165, -8.983454e-05, 6.73883e-10, 2565.286
5426.292617321014, -8.404536e-05, 6.606842e-10, 2565.376
5428.292724370956, -8.751889e-05, 6.840005e-10, 2565.524
5430.292814016342, -8.80978e-05, 7.107945e-10, 2565.614
5432.292948484421, -8.693994e-05, 6.550993e-10, 2565.63
5434.293090343475, -8.751888e-05, 6.594339e-10, 2565.672
5436.293190717697, -8.578212e-05, 6.527406e-10, 2565.742
5438.293324708939, -8.92556e-05, 6.694836e-10, 2565.805
5440.293461084366, -8.693996e-05, 7.2447e-10, 2565.87
5442.293569564819, -8.80978e-05, 7.400438e-10, 2565.964
5444.29372048378, -8.751887e-05, 7.050265e-10, 2566.066
5446.293840169907, -8.867672e-05, 7.400409e-10, 2566.12
5448.293977975845, -8.809782e-05, 6.795344e-10, 2566.192
5450.2940809726715, -8.867669e-05, 7.592916e-10, 2566.287
5452.294182062149, -8.925564e-05, 6.950422e-10, 2566.333
5454.2942843437195, -8.983455e-05, 7.154047e-10, 2566.446
5456.294383764267, -8.867673e-05, 6.435286e-10, 2566.563
5458.294486761093, -8.751889e-05, 7.058145e-10, 2566.67
5460.294586420059, -8.751886e-05, 6.477298e-10, 2566.739
5462.294685602188, -8.751883e-05, 6.910379e-10, 2566.866
5464.294821739197, -8.578211e-05, 6.750708e-10, 2566.94
5466.294956207275, -8.636104e-05, 6.950451e-10, 2567.01
5468.295059919357, -8.867672e-05, 6.75069e-10, 2567.13
5470.295156955719, -8.693996e-05, 7.050282e-10, 2567.176
5472.295299530029, -8.80978e-05, 6.507648e-10, 2567.197
5474.295397758484, -8.867669e-05, 5.589143e-10, 2567.255
5476.295546293259, -8.751887e-05, 6.550988e-10, 2567.313
5478.295683145523, -8.693994e-05, 6.694848e-10, 2567.387
5480.295789003372, -8.983452e-05, 5.794374e-10, 2567.476
5482.295893907547, -8.80978e-05, 6.561341e-10, 2567.445
5484.295993566513, -8.983455e-05, 6.518876e-10, 2567.557
5486.296097755432, -8.693994e-05, 6.292789e-10, 2567.65
5488.29624080658, -8.693993e-05, 6.375481e-10, 2567.674
5490.2963762283325, -8.98345e-05, 6.714616e-10, 2567.717
5492.296476602554, -8.867671e-05, 6.030597e-10, 2567.778
5494.296568870544, -8.751889e-05, 6.02949e-10, 2567.817
5496.296663284302, -8.867672e-05, 5.92941e-10, 2567.868
5498.296755552292, -8.751887e-05, 5.95188e-10, 2567.931
5500.296855926514, -8.751888e-05, 5.971636e-10, 2567.976
5502.296952009201, -8.80978e-05, 5.515693e-10, 2567.983
5504.297054767609, -8.693996e-05, 5.488623e-10, 2568.04
5506.297158002853, -8.636102e-05, 6.110873e-10, 2568.11
5508.29726433754, -8.578211e-05, 6.127363e-10, 2568.156
5510.297362804413, -8.751888e-05, 6.40846e-10, 2568.227
5512.297499656677, -8.578211e-05, 6.273633e-10, 2568.242
5514.297603368759, -8.751889e-05, 5.931629e-10, 2568.29
5516.297687292099, -8.751889e-05, 5.24648e-10, 2568.333
5518.297789096832, -8.578212e-05, 5.676061e-10, 2568.45
5520.297894477844, -8.80978e-05, 6.8959e-10, 2568.514
5522.298006534576, -8.693994e-05, 7.345893e-10, 2568.58
5524.298105716705, -8.693995e-05, 6.637642e-10, 2568.664
5526.298250436783, -8.52032e-05, 6.650842e-10, 2568.784
5528.298350811005, -8.693994e-05, 6.562894e-10, 2568.862
5530.298453569412, -8.52032e-05, 6.421004e-10, 2568.961
5532.298537731171, -8.693994e-05, 6.408478e-10, 2569.015
5534.298627376556, -8.693996e-05, 6.621825e-10, 2569.054
5536.298731088638, -8.578211e-05, 6.493801e-10, 2569.104
5538.29881644249, -8.578207e-05, 6.420975e-10, 2569.198
5540.298906326294, -8.867671e-05, 7.106102e-10, 2569.269
5542.299016952515, -8.404534e-05, 6.507677e-10, 2569.404
5544.299107313156, -8.52032e-05, 5.833739e-10, 2569.478
5546.299208164215, -8.578211e-05, 5.771465e-10, 2569.541
5548.299320220947, -8.925564e-05, 5.971625e-10, 2569.651
5550.299459934235, -8.636103e-05, 6.795392e-10, 2569.704
5552.2995500564575, -8.462425e-05, 5.676258e-10, 2569.791
5554.299685955048, -8.6361e-05, 5.735866e-10, 2569.88
5556.299781322479, -8.693992e-05, 6.086028e-10, 2569.924
5558.299864053726, -8.636104e-05, 5.368757e-10, 2569.967
5560.299996137619, -8.693992e-05, 6.637666e-10, 2570.04
5562.300086259842, -8.636104e-05, 6.393297e-10, 2570.07
5564.300226926804, -8.809778e-05, 6.292759e-10, 2570.085
5566.300343751907, -8.693994e-05, 6.451134e-10, 2570.142
5568.3004496097565, -8.809778e-05, 5.561871e-10, 2570.17
5570.300538063049, -8.693994e-05, 6.464309e-10, 2570.202
5572.300631523132, -8.693994e-05, 6.840035e-10, 2570.267
5574.300761461258, -8.462427e-05, 6.606836e-10, 2570.296
5576.300863265991, -8.751886e-05, 5.813286e-10, 2570.318
5578.300952196121, -8.751883e-05, 6.518854e-10, 2570.356
5580.301057338715, -8.809779e-05, 6.435304e-10, 2570.376
5582.301151037216, -8.578212e-05, 6.251419e-10, 2570.408
5584.301253080368, -8.867668e-05, 6.029519e-10, 2570.494
5586.30135345459, -8.751886e-05, 6.309249e-10, 2570.562
5588.301469326019, -8.751886e-05, 6.536479e-10, 2570.648
5590.301559925079, -8.751885e-05, 6.884659e-10, 2570.686
5592.301815986633, -8.693992e-05, 7.351125e-10, 2570.769
5594.301929950714, -8.636102e-05, 6.572117e-10, 2570.84
5596.302047014236, -8.751887e-05, 7.042374e-10, 2570.906
5598.302150249481, -8.751885e-05, 7.050317e-10, 2570.936
5600.302250623703, -8.636103e-05, 6.795344e-10, 2570.979
5602.302388906479, -8.693994e-05, 6.795368e-10, 2570.976
5604.302480459213, -8.751886e-05, 6.986513e-10, 2571.017
5606.302587032318, -8.809777e-05, 7.800551e-10, 2571.072
5608.302689313889, -8.751886e-05, 5.252828e-10, 2571.131
5610.302772283554, -8.809776e-05, 6.051704e-10, 2571.132
5612.30286026001, -9.041341e-05, 6.996409e-10, 2571.197
5614.302980422974, -8.751886e-05, 6.759937e-10, 2571.206
5616.303082704544, -8.80978e-05, 7.345899e-10, 2571.218
5618.303170204163, -8.809778e-05, 6.519329e-10, 2571.198
5620.303257226944, -8.751886e-05, 6.840017e-10, 2571.249
5622.303407907486, -8.867671e-05, 6.941198e-10, 2571.307
5624.303545475006, -8.636103e-05, 7.386608e-10, 2571.376
5626.303633213043, -9.041344e-05, 6.39328e-10, 2571.409
5628.3037168979645, -8.693994e-05, 6.929314e-10, 2571.462
5630.303819894791, -8.693992e-05, 6.706041e-10, 2571.519
5632.3039581775665, -8.867672e-05, 6.606836e-10, 2571.607
5634.304272890091, -8.925561e-05, 6.782823e-10, 2571.682
5636.304363012314, -8.983454e-05, 6.069936e-10, 2571.746
5638.304460525513, -8.693994e-05, 5.813274e-10, 2571.763
5640.304594993591, -8.57821e-05, 6.375504e-10, 2571.805
5642.304736852646, -8.867669e-05, 6.251419e-10, 2571.857
5644.304874181747, -9.041344e-05, 6.884671e-10, 2571.939
5646.304961919785, -8.636099e-05, 6.323149e-10, 2572.003
5648.305045127869, -8.925562e-05, 6.738841e-10, 2572.002
5650.305130720139, -8.867671e-05, 5.079114e-10, 2572.027
5652.305214881897, -8.693995e-05, 6.550999e-10, 2572.098
5654.305312871933, -8.751887e-05, 7.646831e-10, 2572.098
5656.3054292202, -8.693992e-05, 6.408478e-10, 2572.127
5658.305514335632, -8.751884e-05, 6.309267e-10, 2572.201
5660.305599689484, -8.6361e-05, 6.606854e-10, 2572.225
5662.305733919144, -8.6361e-05, 6.365793e-10, 2572.299
5664.305834531784, -8.693993e-05, 6.070176e-10, 2572.394
5666.305971860886, -8.867668e-05, 5.697168e-10, 2572.471
5668.306071996689, -8.636102e-05, 6.579189e-10, 2572.548
5670.306176900864, -8.809775e-05, 6.365787e-10, 2572.616
5672.306275129318, -8.520317e-05, 6.507654e-10, 2572.653
5674.306373119354, -8.80978e-05, 6.650847e-10, 2572.718
5676.306474685669, -8.520318e-05, 5.85199e-10, 2572.746
5678.306564092636, -8.636103e-05, 6.451151e-10, 2572.803
5680.306666851044, -8.693996e-05, 6.910367e-10, 2572.861
5682.306753873825, -8.636102e-05, 6.365787e-10, 2572.943
5684.306833267212, -8.636103e-05, 6.572106e-10, 2573.011
5686.306972503662, -8.636101e-05, 6.661415e-10, 2573.047
5688.30712389946, -8.983452e-05, 6.805235e-10, 2573.158
5690.30725979805, -8.983455e-05, 6.616749e-10, 2573.266
5692.307363033295, -8.636104e-05, 7.088379e-10, 2573.295
5694.307497501373, -8.751882e-05, 6.110879e-10, 2573.346
5696.307633638382, -8.751883e-05, 5.246473e-10, 2573.447
5698.307769536972, -8.462425e-05, 5.332064e-10, 2573.485
5700.3078734874725, -8.520318e-05, 6.551011e-10, 2573.589
5702.308017492294, -8.69399e-05, 6.550988e-10, 2573.642
5704.308162689209, -8.693992e-05, 7.25262e-10, 2573.673
5706.308260917664, -8.751884e-05, 7.548285e-10, 2573.667
5708.308364391327, -8.809778e-05, 7.150136e-10, 2573.673
5710.30845785141, -8.578209e-05, 7.088367e-10, 2573.674
5712.308563947678, -8.809772e-05, 7.042385e-10, 2573.784
5714.308651685715, -8.578211e-05, 7.244736e-10, 2573.837
5716.308786869049, -8.809775e-05, 7.197445e-10, 2573.883
5718.308878183365, -8.636098e-05, 7.050276e-10, 2573.922
5720.308979034424, -8.520319e-05, 7.447116e-10, 2573.967
5722.309123516083, -8.636098e-05, 7.050311e-10, 2573.972
5724.3092629909515, -8.809778e-05, 6.738847e-10, 2573.965
5726.309395313263, -8.867671e-05, 7.339336e-10, 2573.996
5728.309524536133, -8.867669e-05, 8.248585e-10, 2574.038
5730.309636592865, -8.925556e-05, 7.301273e-10, 2574.063
5732.309778928757, -8.809778e-05, 7.649437e-10, 2574.115
5734.309916257858, -8.809778e-05, 8.15536e-10, 2574.137
5736.310036897659, -8.636102e-05, 7.699381e-10, 2574.149
5738.310128211975, -8.809778e-05, 8.208603e-10, 2574.204
5740.310259580612, -8.867669e-05, 6.88469e-10, 2574.303
5742.310363531113, -8.867668e-05, 6.706041e-10, 2574.401
5744.310473203659, -8.809773e-05, 6.884707e-10, 2574.454
5746.310575246811, -8.867672e-05, 8.357693e-10, 2574.497
5748.310714960098, -8.809777e-05, 7.30187e-10, 2574.526
5750.310803413391, -8.751887e-05, 6.858471e-10, 2574.58
5752.31090426445, -8.809776e-05, 6.904446e-10, 2574.654
5754.310985088348, -8.809778e-05, 6.941204e-10, 2574.681
5756.3111090660095, -8.983452e-05, 5.774576e-10, 2574.746
5758.311206817627, -8.693995e-05, 6.309278e-10, 2574.82
5760.311335802078, -8.636098e-05, 7.077156e-10, 2574.907
5762.311450481415, -8.636102e-05, 6.237809e-10, 2575.008
5764.311534166336, -8.751885e-05, 5.755009e-10, 2575.086
5766.311635017395, -8.751883e-05, 5.540109e-10, 2575.133
5768.311737537384, -8.751886e-05, 5.98881e-10, 2575.157
5770.311831474304, -8.693994e-05, 6.110897e-10, 2575.177
5772.311918735504, -8.578209e-05, 5.332064e-10, 2575.17
5774.312052488327, -8.462426e-05, 5.658452e-10, 2575.248
5776.3121638298035, -8.6361e-05, 6.99648e-10, 2575.269
5778.31227350235, -8.520318e-05, 6.812489e-10, 2575.242
5780.312376976013, -8.636102e-05, 6.941198e-10, 2575.292
5782.312486410141, -8.520317e-05, 6.091765e-10, 2575.352
5784.312618732452, -8.86767e-05, 6.323108e-10, 2575.412
5786.31271314621, -8.520318e-05, 6.183234e-10, 2575.52
5788.312830209732, -8.693994e-05, 5.502755e-10, 2575.587
5790.312917947769, -8.520317e-05, 5.465338e-10, 2575.646
5792.313024997711, -8.636099e-05, 6.267242e-10, 2575.691
5794.313137054443, -8.693995e-05, 5.764441e-10, 2575.789
5796.313230752945, -8.520318e-05, 6.110902e-10, 2575.822
5798.3133137226105, -8.867671e-05, 5.637999e-10, 2575.887
5800.31346654892, -8.693996e-05, 5.828241e-10, 2575.935
5802.313594341278, -8.693992e-05, 5.54011e-10, 2575.945
5804.3136949539185, -8.693992e-05, 4.880315e-10, 2575.967
5806.313803195953, -8.69399e-05, 5.931611e-10, 2575.978
5808.313894987106, -8.578211e-05, 5.416511e-10, 2576.058
5810.3140234947205, -8.867666e-05, 5.416511e-10, 2576.081
5812.314128637314, -8.693992e-05, 6.85062e-10, 2576.153
5814.314235448837, -8.520317e-05, 6.030585e-10, 2576.168
5816.314327955246, -8.92556e-05, 6.309278e-10, 2576.163
5818.314420938492, -8.80978e-05, 6.070211e-10, 2576.205
5820.314522027969, -8.809775e-05, 6.420998e-10, 2576.166
5822.314619779587, -8.693994e-05, 5.390549e-10, 2576.2
5824.3147122859955, -8.693992e-05, 5.478971e-10, 2576.23
5826.314814329147, -8.6361e-05, 6.280441e-10, 2576.291
5828.3149218559265, -8.809778e-05, 5.794386e-10, 2576.316
5830.315064907074, -8.636105e-05, 6.408466e-10, 2576.363
5832.315171003342, -8.751879e-05, 6.550993e-10, 2576.354
5834.31528377533, -8.86767e-05, 5.828229e-10, 2576.397
5836.315388679504, -8.462425e-05, 5.676072e-10, 2576.433
5838.315494060516, -8.520318e-05, 5.465355e-10, 2576.45
5840.315598726273, -8.57821e-05, 5.452567e-10, 2576.415
5842.315697669983, -8.636104e-05, 4.723929e-10, 2576.469
5844.315784454346, -8.57821e-05, 5.771482e-10, 2576.542
5846.315882921219, -8.578209e-05, 5.873103e-10, 2576.556
5848.315972328186, -8.404532e-05, 6.044647e-10, 2576.615
5850.316072702408, -8.578212e-05, 4.974885e-10, 2576.683
5852.316179275513, -8.404534e-05, 5.581015e-10, 2576.735
5854.316281557083, -8.578208e-05, 5.912497e-10, 2576.814
5856.316369056702, -8.80978e-05, 5.735884e-10, 2576.845
5858.316476345062, -8.52032e-05, 6.40846e-10, 2576.851
5860.3165781497955, -8.404534e-05, 5.12798e-10, 2576.922
5862.316678762436, -8.346639e-05, 6.183223e-10, 2576.933
5864.316827058792, -8.52032e-05, 5.676246e-10, 2576.997
5866.316913127899, -8.636102e-05, 6.131784e-10, 2576.988
5868.3169939517975, -8.520317e-05, 5.794345e-10, 2577.028
5870.317095518112, -8.462428e-05, 5.9316e-10, 2577.067
5872.317196369171, -8.578211e-05, 5.540103e-10, 2577.111
5874.3172969818115, -8.578211e-05, 5.813268e-10, 2577.125
5876.317384004593, -8.693994e-05, 6.168715e-10, 2577.166
5878.317468881607, -8.462427e-05, 5.619725e-10, 2577.202
5880.317553281784, -8.52032e-05, 5.465331e-10, 2577.237
5882.317654132843, -8.693995e-05, 5.405508e-10, 2577.292
5884.317736625671, -8.925563e-05, 6.395725e-10, 2577.312
5886.317836761475, -8.693995e-05, 6.044659e-10, 2577.354
5888.317922592163, -8.80978e-05, 5.50272e-10, 2577.38
5890.318024158478, -8.578211e-05, 6.003295e-10, 2577.403
5892.318108797073, -8.57821e-05, 6.386877e-10, 2577.417
5894.3181982040405, -8.520319e-05, 6.323114e-10, 2577.508
5896.318289756775, -8.693992e-05, 6.183217e-10, 2577.514
5898.318541765213, -8.6361e-05, 5.931606e-10, 2577.581
5900.318629741669, -8.751886e-05, 5.991232e-10, 2577.629
5902.318767309189, -8.751887e-05, 6.267254e-10, 2577.679
5904.318896770477, -8.809778e-05, 6.650842e-10, 2577.735
5906.31902885437, -8.693996e-05, 6.766502e-10, 2577.789
5908.319123744965, -8.636099e-05, 5.502715e-10, 2577.825
5910.31921339035, -8.462426e-05, 5.652275e-10, 2577.861
5912.319315433502, -8.80978e-05, 5.175659e-10, 2577.926
5914.31941819191, -8.751886e-05, 5.494329e-10, 2577.927
5916.319554567337, -8.80978e-05, 6.267236e-10, 2578.004
5918.319638252258, -8.751885e-05, 6.26723e-10, 2578.047
5920.319743156433, -8.86767e-05, 6.309249e-10, 2578.09
5922.319827079773, -8.693994e-05, 5.929439e-10, 2578.114
5924.319928407669, -8.751887e-05, 4.82132e-10, 2578.133
5926.320024490356, -8.693994e-05, 5.637994e-10, 2578.157
5928.320129394531, -8.6361e-05, 5.833756e-10, 2578.2
5930.320230722427, -8.751886e-05, 5.175671e-10, 2578.22
5932.320332527161, -8.693994e-05, 7.190215e-10, 2578.293
5934.320427894592, -8.80978e-05, 6.621849e-10, 2578.321
5936.32053399086, -8.52032e-05, 5.912497e-10, 2578.375
5938.320656299591, -8.867669e-05, 6.536497e-10, 2578.401
5940.320756196976, -8.867669e-05, 7.498983e-10, 2578.46
5942.320845127106, -8.462425e-05, 6.435333e-10, 2578.516
5944.320937633514, -8.925561e-05, 7.646831e-10, 2578.533
5946.321039915085, -8.809779e-05, 6.782823e-10, 2578.563
5948.321141958237, -8.925561e-05, 6.637642e-10, 2578.633
5950.321241140366, -8.983454e-05, 7.096901e-10, 2578.652
5952.321326971054, -9.15713e-05, 7.330063e-10, 2578.66
5954.321432352066, -8.925561e-05, 6.650853e-10, 2578.711
5956.3215498924255, -9.041346e-05, 7.843957e-10, 2578.753
5958.321651697159, -9.099238e-05, 7.088361e-10, 2578.846
5960.321771621704, -8.925563e-05, 6.94118e-10, 2578.933
5962.321900844574, -8.92556e-05, 6.826823e-10, 2578.958
5964.322005987167, -8.809781e-05, 6.914806e-10, 2579.0
5966.322100162506, -9.099237e-05, 7.134331e-10, 2579.066
5968.322200536728, -9.21502e-05, 6.171803e-10, 2579.112
5970.322296142578, -8.867669e-05, 6.929387e-10, 2579.135
5972.3223831653595, -8.86767e-05, 7.050288e-10, 2579.225
5974.322482347488, -9.041341e-05, 6.650859e-10, 2579.299
5976.322585582733, -8.751888e-05, 7.597552e-10, 2579.347
5978.322683811188, -8.983453e-05, 5.971642e-10, 2579.379
5980.322787284851, -8.867671e-05, 5.951856e-10, 2579.465
5982.322906255722, -8.867669e-05, 6.435333e-10, 2579.504
5984.323015928268, -8.693991e-05, 6.904458e-10, 2579.536
5986.323104143143, -8.867668e-05, 6.750719e-10, 2579.592
5988.323240041733, -8.809778e-05, 7.19745e-10, 2579.632
5990.323347091675, -8.867669e-05, 6.870824e-10, 2579.651
5992.323431491852, -8.6361e-05, 5.502744e-10, 2579.676
5994.32351064682, -9.15713e-05, 6.986519e-10, 2579.725
5996.323643684387, -8.925559e-05, 7.544352e-10, 2579.731
5998.323727846146, -8.925556e-05, 6.94124e-10, 2579.791
6000.323818683624, -8.462427e-05, 7.236815e-10, 2579.849
6002.323917627335, -8.809776e-05, 7.699417e-10, 2579.911
6004.324018001556, -8.751885e-05, 6.680987e-10, 2579.932
6006.324113607407, -8.751884e-05, 6.706123e-10, 2579.975
6008.324216365814, -8.693994e-05, 6.694847e-10, 2580.014
6010.324322938919, -8.578209e-05, 6.070181e-10, 2579.995
6012.324422597885, -8.925561e-05, 6.458227e-10, 2580.05
6014.324522972107, -8.578207e-05, 7.398474e-10, 2580.081
6016.324656486511, -8.867669e-05, 6.232959e-10, 2580.174
6018.32476067543, -8.578209e-05, 6.750767e-10, 2580.156
6020.324866056442, -8.809778e-05, 6.029513e-10, 2580.219
6022.3249678611755, -8.809778e-05, 6.551023e-10, 2580.24
6024.325069904327, -8.983452e-05, 6.251442e-10, 2580.252
6026.325153589249, -8.520318e-05, 7.250014e-10, 2580.283
6028.325238704681, -8.462423e-05, 6.812535e-10, 2580.338
6030.325375080109, -8.809777e-05, 7.250002e-10, 2580.336
6032.325513124466, -8.751882e-05, 6.941221e-10, 2580.354
6034.325618505478, -8.751886e-05, 4.627788e-10, 2580.366
6036.32572221756, -8.809777e-05, 6.011679e-10, 2580.408
6038.325857400894, -8.867667e-05, 7.236821e-10, 2580.405
6040.326002120972, -8.69399e-05, 8.005592e-10, 2580.396
6042.326139211655, -8.867669e-05, 7.901136e-10, 2580.408
6044.326243638992, -8.867666e-05, 7.398475e-10, 2580.478
6046.326381444931, -8.867666e-05, 8.104844e-10, 2580.522
6048.326482772827, -8.809775e-05, 7.393875e-10, 2580.617
6050.326570034027, -8.925561e-05, 6.66451e-10, 2580.659
6052.326657772064, -8.578209e-05, 6.051716e-10, 2580.679
6054.326762676239, -8.751886e-05, 7.202051e-10, 2580.718
6056.326864957809, -8.983454e-05, 6.661405e-10, 2580.72
6058.326954364777, -8.867672e-05, 7.042368e-10, 2580.729
6060.327035903931, -8.462426e-05, 6.375462e-10, 2580.755
6062.327136516571, -8.751887e-05, 7.48122e-10, 2580.783
6064.327234983444, -8.693994e-05, 5.272228e-10, 2580.835
6066.327316522598, -8.693994e-05, 5.790167e-10, 2580.876
6068.32741189003, -8.809775e-05, 5.084826e-10, 2580.88
6070.32749247551, -8.751886e-05, 6.171815e-10, 2580.908
6072.327597618103, -8.867669e-05, 6.127368e-10, 2580.948
6074.327742099762, -8.693995e-05, 6.030597e-10, 2580.963
6076.327840566635, -8.751885e-05, 6.650871e-10, 2580.995
6078.327935695648, -8.693992e-05, 5.991227e-10, 2581.024
6080.328037977219, -8.636103e-05, 5.951868e-10, 2581.052
6082.328148126602, -8.578209e-05, 5.676061e-10, 2581.114
6084.328248739243, -8.578206e-05, 6.192262e-10, 2581.128
6086.328331947327, -8.809773e-05, 6.225259e-10, 2581.132
6088.328439712524, -8.751883e-05, 6.011708e-10, 2581.148
6090.328587770462, -8.520317e-05, 6.536521e-10, 2581.142
6092.328682184219, -8.751886e-05, 6.25143e-10, 2581.139
6094.328821897507, -8.520317e-05, 5.813339e-10, 2581.13
6096.328926086426, -8.867669e-05, 5.948113e-10, 2581.189
6098.329029798508, -8.809777e-05, 5.97166e-10, 2581.223
6100.329129934311, -8.809777e-05, 6.62188e-10, 2581.252
6102.329220056534, -8.925562e-05, 6.051698e-10, 2581.288
6104.329321861267, -8.983451e-05, 5.951862e-10, 2581.322
6106.329422712326, -8.693993e-05, 5.689706e-10, 2581.373
6108.329517126083, -8.867666e-05, 5.662624e-10, 2581.403
6110.329618215561, -8.636103e-05, 5.813286e-10, 2581.428
6112.329703807831, -8.578207e-05, 6.26726e-10, 2581.459
6114.329807043076, -8.751883e-05, 5.515705e-10, 2581.532
6116.32991027832, -8.809776e-05, 5.991226e-10, 2581.497
6118.330048322678, -8.983454e-05, 5.676072e-10, 2581.6
6120.330181121826, -8.751885e-05, 5.951885e-10, 2581.603
6122.330282688141, -8.809775e-05, 5.086576e-10, 2581.715
6124.330372810364, -8.693993e-05, 5.577492e-10, 2581.676
6126.330463409424, -8.983452e-05, 6.091747e-10, 2581.759
6128.330552101135, -8.636097e-05, 5.97166e-10, 2581.79
6130.330676078796, -8.693994e-05, 5.971677e-10, 2581.792
6132.330767154694, -8.983452e-05, 5.442254e-10, 2581.767
6134.330868959427, -8.751885e-05, 5.971642e-10, 2581.834
6136.330973148346, -8.636101e-05, 5.405514e-10, 2581.846
6138.331078052521, -8.809778e-05, 5.826022e-10, 2581.885
6140.331185340881, -8.636103e-05, 5.676043e-10, 2581.928
6142.331287384033, -8.751881e-05, 5.774594e-10, 2581.961
6144.331388473511, -8.925559e-05, 6.416845e-10, 2582.05
6146.331488370895, -8.751882e-05, 5.99122e-10, 2582.119
6148.331602811813, -8.751883e-05, 6.650859e-10, 2582.22
6150.33168721199, -8.636104e-05, 6.171821e-10, 2582.265
6152.3317749500275, -8.925559e-05, 6.826854e-10, 2582.333
6154.331878900528, -8.636104e-05, 6.782854e-10, 2582.38
6156.331980705261, -8.983452e-05, 5.714092e-10, 2582.392
6158.332065582275, -8.867669e-05, 6.131796e-10, 2582.403
6160.332170963287, -8.636098e-05, 6.030603e-10, 2582.383
6162.332273244858, -8.693991e-05, 5.790179e-10, 2582.395
6164.33237528801, -8.867668e-05, 6.251424e-10, 2582.396
6166.332478523254, -8.462423e-05, 5.67602e-10, 2582.439
6168.332562923431, -8.751885e-05, 5.638023e-10, 2582.482
6170.33265709877, -8.693993e-05, 5.380443e-10, 2582.593
6172.332757472992, -8.867669e-05, 6.606865e-10, 2582.613
6174.332847595215, -8.751883e-05, 6.477335e-10, 2582.66
6176.3329491615295, -8.809774e-05, 5.852013e-10, 2582.647
6178.333086013794, -9.041343e-05, 5.735878e-10, 2582.69
6180.333185911179, -8.809778e-05, 7.042385e-10, 2582.706
6182.333270788193, -8.867669e-05, 6.334152e-10, 2582.74
6184.333367109299, -8.751885e-05, 7.050305e-10, 2582.728
6186.333460092545, -8.867669e-05, 5.929434e-10, 2582.786
6188.333547115326, -8.809778e-05, 6.192268e-10, 2582.801
6190.333648681641, -8.693992e-05, 6.091771e-10, 2582.82
6192.333743810654, -8.578206e-05, 5.774594e-10, 2582.889
6194.3338367938995, -8.751885e-05, 6.232959e-10, 2582.86
6196.333931207657, -8.6361e-05, 6.375487e-10, 2582.94
6198.334019422531, -8.520317e-05, 6.493829e-10, 2582.983
6200.334107398987, -8.86767e-05, 6.435322e-10, 2582.973
6202.33419919014, -8.751885e-05, 6.011673e-10, 2583.011
6204.33433842659, -8.925559e-05, 5.148612e-10, 2583.062
6206.33447432518, -8.636102e-05, 5.599933e-10, 2583.099
6208.334578990936, -8.520317e-05, 5.589149e-10, 2583.151
6210.334673881531, -8.693992e-05, 5.416488e-10, 2583.156
6212.334809303284, -8.983452e-05, 6.292783e-10, 2583.234
6214.334889411926, -9.041346e-05, 5.98045e-10, 2583.244
6216.334987640381, -8.983452e-05, 6.603379e-10, 2583.236
6218.335099697113, -8.578208e-05, 5.218142e-10, 2583.256
6220.335196733475, -8.693993e-05, 5.828235e-10, 2583.309
6222.335279464722, -8.925561e-05, 5.287611e-10, 2583.337
6224.335381984711, -8.809774e-05, 5.912497e-10, 2583.398
6226.335477352142, -8.751886e-05, 6.694847e-10, 2583.402
6228.335569143295, -8.751883e-05, 6.251895e-10, 2583.443
6230.335716247559, -8.867663e-05, 5.494354e-10, 2583.498
6232.335820913315, -9.041346e-05, 5.801873e-10, 2583.492
6234.335909366608, -8.693991e-05, 6.109338e-10, 2583.553
6236.336003541946, -8.809779e-05, 5.890718e-10, 2583.596
6238.336091756821, -8.693994e-05, 5.752136e-10, 2583.622
6240.336178064346, -8.751884e-05, 6.091753e-10, 2583.641
6242.336266756058, -8.636102e-05, 6.351302e-10, 2583.591
6244.336356163025, -8.693992e-05, 5.380438e-10, 2583.643
6246.336440563202, -8.462425e-05, 6.840035e-10, 2583.701
6248.336574792862, -8.520316e-05, 5.084832e-10, 2583.746
6250.336675643921, -8.751883e-05, 5.452591e-10, 2583.79
6252.336809873581, -8.809774e-05, 5.552433e-10, 2583.828
6254.336950302124, -8.809775e-05, 5.152998e-10, 2583.898
6256.337054729462, -8.636102e-05, 5.689694e-10, 2583.912
6258.3371567726135, -8.578209e-05, 6.006884e-10, 2583.944
6260.33725976944, -8.983452e-05, 5.352725e-10, 2583.99
6262.337395906448, -8.520317e-05, 5.625902e-10, 2584.039
6264.337478876114, -8.809777e-05, 5.540115e-10, 2584.049
6266.337582111359, -8.809777e-05, 5.912486e-10, 2584.154
6268.337673902512, -8.57821e-05, 5.478953e-10, 2584.157
6270.337776422501, -8.809775e-05, 7.088367e-10, 2584.19
6272.337912797928, -8.6361e-05, 6.309278e-10, 2584.218
6274.338013887405, -8.809778e-05, 7.597558e-10, 2584.222
6276.3381152153015, -8.578208e-05, 7.003657e-10, 2584.258
6278.338212966919, -8.578206e-05, 7.298024e-10, 2584.269
6280.338317155838, -8.925561e-05, 7.70003e-10, 2584.287
6282.33841919899, -8.751885e-05, 7.096912e-10, 2584.32
6284.3385174274445, -8.809775e-05, 7.441844e-10, 2584.316
6286.338624000549, -8.636098e-05, 6.996439e-10, 2584.352
6288.338728427887, -8.693989e-05, 6.624014e-10, 2584.387
6290.338809251785, -8.520317e-05, 6.05174e-10, 2584.438
6292.338910579681, -8.809774e-05, 6.292812e-10, 2584.474
6294.338992118835, -8.751885e-05, 6.314342e-10, 2584.505
6296.3390946388245, -8.809773e-05, 6.884689e-10, 2584.505
6298.339195251465, -8.809775e-05, 6.251419e-10, 2584.497
6300.339336633682, -8.809775e-05, 6.192286e-10, 2584.451
6302.339434862137, -8.578209e-05, 7.08839e-10, 2584.492
6304.339514493942, -8.751886e-05, 6.661427e-10, 2584.544
6306.339614868164, -8.751885e-05, 6.210095e-10, 2584.589
6308.33971786499, -8.6361e-05, 7.250031e-10, 2584.668
6310.3398196697235, -8.636102e-05, 5.96196e-10, 2584.689
6312.339900493622, -8.520317e-05, 6.351297e-10, 2584.706
6314.339982748032, -8.578207e-05, 6.750725e-10, 2584.76
6316.340076446533, -8.404528e-05, 7.150189e-10, 2584.826
6318.340163707733, -8.462421e-05, 6.551034e-10, 2584.855
6320.340260028839, -8.520317e-05, 6.562876e-10, 2584.924
6322.340363264084, -8.867666e-05, 7.597558e-10, 2584.95
6324.340465784073, -8.983452e-05, 8.05687e-10, 2584.953
6326.340569019318, -8.636095e-05, 6.6069e-10, 2584.941
6328.340657949448, -8.6361e-05, 6.840065e-10, 2584.963
6330.340756893158, -8.693992e-05, 6.782835e-10, 2585.011
6332.341095209122, -8.636097e-05, 7.042403e-10, 2585.035
6334.341197490692, -8.578207e-05, 6.314348e-10, 2585.065
6336.341300725937, -8.751884e-05, 5.912509e-10, 2585.088
6338.341392040253, -8.636098e-05, 6.091759e-10, 2585.138
6340.3414940834045, -8.751883e-05, 6.393315e-10, 2585.125
6342.341595172882, -8.693994e-05, 4.948493e-10, 2585.174
6344.341680526733, -8.983451e-05, 5.524726e-10, 2585.181
6346.3418226242065, -8.751883e-05, 6.47737e-10, 2585.231
6348.341913700104, -8.751883e-05, 5.991232e-10, 2585.315
6350.341996431351, -8.809775e-05, 6.996427e-10, 2585.346
6352.342079877853, -8.925559e-05, 7.190227e-10, 2585.377
6354.342178821564, -8.75188e-05, 5.452609e-10, 2585.391
6356.34227180481, -8.925562e-05, 5.991226e-10, 2585.436
6358.34237408638, -8.578208e-05, 5.638023e-10, 2585.477
6360.342481136322, -8.636099e-05, 5.357123e-10, 2585.517
6362.342585325241, -8.636103e-05, 5.053144e-10, 2585.544
6364.342721223831, -8.693991e-05, 6.192298e-10, 2585.568
6366.342824220657, -8.983452e-05, 6.536502e-10, 2585.563
6368.342957735062, -9.215022e-05, 5.66263e-10, 2585.568
6370.343061208725, -8.578209e-05, 5.991227e-10, 2585.609
6372.343198060989, -8.809775e-05, 6.334129e-10, 2585.644
6374.343292236328, -8.925556e-05, 6.782871e-10, 2585.609
6376.343375682831, -8.751884e-05, 6.519359e-10, 2585.629
6378.343455076218, -8.983453e-05, 6.273711e-10, 2585.66
6380.343592882156, -8.809775e-05, 5.552433e-10, 2585.685
6382.343696832657, -8.92556e-05, 5.187102e-10, 2585.734
6384.343829154968, -8.983454e-05, 5.344364e-10, 2585.795
6386.3439309597015, -8.809775e-05, 5.317329e-10, 2585.821
6388.344018697739, -8.693992e-05, 6.029519e-10, 2585.879
6390.344098567963, -8.925561e-05, 5.187078e-10, 2585.877
6392.34420132637, -8.925561e-05, 5.689682e-10, 2585.871
6394.3443121910095, -9.041345e-05, 6.011679e-10, 2585.888
6396.344416618347, -8.925561e-05, 6.74985e-10, 2585.92
6398.3445546627045, -8.925563e-05, 5.968125e-10, 2585.954
6400.344650030136, -9.041343e-05, 6.464355e-10, 2585.959
6402.34473490715, -8.751886e-05, 6.351291e-10, 2585.967
6404.344843149185, -8.693992e-05, 5.929416e-10, 2585.942
6406.344977378845, -8.925556e-05, 6.309267e-10, 2585.968
6408.345081329346, -8.693993e-05, 7.096942e-10, 2585.983
6410.3452253341675, -9.041345e-05, 6.435304e-10, 2585.978
6412.345311164856, -8.867669e-05, 7.528553e-10, 2586.016
6414.3454468250275, -8.867669e-05, 6.416857e-10, 2586.05
6416.345588922501, -8.925559e-05, 7.489789e-10, 2586.062
6418.34569644928, -8.809775e-05, 6.694877e-10, 2586.122
6420.345831155777, -8.809775e-05, 6.929356e-10, 2586.165
6422.34596323967, -8.925559e-05, 6.681018e-10, 2586.198
6424.346053123474, -8.693994e-05, 6.986555e-10, 2586.235
6426.346145391464, -8.809778e-05, 6.974011e-10, 2586.28
6428.346290588379, -8.693992e-05, 6.416869e-10, 2586.275
6430.3463814258575, -8.751883e-05, 5.991238e-10, 2586.242
6432.346486091614, -8.92556e-05, 7.018666e-10, 2586.263
6434.346623420715, -8.983451e-05, 6.904475e-10, 2586.255
6436.346711874008, -8.867669e-05, 6.637684e-10, 2586.274
6438.346846103668, -8.809777e-05, 5.828241e-10, 2586.306
6440.34694314003, -8.867669e-05, 5.968131e-10, 2586.328
6442.347041606903, -8.751886e-05, 6.273699e-10, 2586.364
6444.347146272659, -8.751883e-05, 5.931623e-10, 2586.404
6446.347247838974, -8.751885e-05, 5.991274e-10, 2586.48
6448.34735417366, -8.809778e-05, 6.795421e-10, 2586.535
6450.347457170486, -8.809774e-05, 6.051722e-10, 2586.607
6452.3475613594055, -8.636098e-05, 5.357123e-10, 2586.614
6454.3476638793945, -8.751884e-05, 6.507665e-10, 2586.633
6456.3477437496185, -8.751882e-05, 5.515722e-10, 2586.624
6458.347843408585, -8.983451e-05, 6.211883e-10, 2586.613
6460.347952127457, -8.809775e-05, 6.451156e-10, 2586.667
6462.3480541706085, -8.751883e-05, 6.986597e-10, 2586.615
6464.348158121109, -8.983452e-05, 6.334141e-10, 2586.642
6466.348259925842, -8.925556e-05, 6.151564e-10, 2586.612
6468.348342180252, -8.751885e-05, 6.110902e-10, 2586.657
6470.348438739777, -8.751883e-05, 6.210084e-10, 2586.658
6472.348549604416, -8.751885e-05, 6.606894e-10, 2586.652
6474.348696708679, -8.867669e-05, 6.131784e-10, 2586.674
6476.348835945129, -8.867669e-05, 6.795374e-10, 2586.725
6478.348939418793, -8.751882e-05, 6.168714e-10, 2586.748
6480.349028348923, -8.404534e-05, 5.988856e-10, 2586.777
6482.349135875702, -8.867669e-05, 6.110884e-10, 2586.834
6484.349216222763, -8.578209e-05, 5.90437e-10, 2586.853
6486.349310398102, -8.925559e-05, 6.131801e-10, 2586.952
6488.349404811859, -8.6361e-05, 6.07024e-10, 2586.993
6490.349494457245, -8.867669e-05, 5.813315e-10, 2587.015
6492.3496289253235, -8.578206e-05, 6.21009e-10, 2587.078
6494.349720954895, -8.751885e-05, 6.681048e-10, 2587.074
6496.349817991257, -8.636102e-05, 6.051722e-10, 2587.114
6498.349903345108, -8.809776e-05, 6.840035e-10, 2587.117
6500.350037097931, -8.462424e-05, 6.895883e-10, 2587.073
6502.350200176239, -8.693992e-05, 5.81153e-10, 2587.11
6504.350301980972, -8.57821e-05, 7.10679e-10, 2587.1
6506.350391864777, -8.751883e-05, 5.502744e-10, 2587.115
6508.350483179092, -8.578209e-05, 6.029507e-10, 2587.171
6510.350578069687, -8.751883e-05, 6.579176e-10, 2587.181
6512.35072517395, -8.751879e-05, 6.536497e-10, 2587.212
6514.350820541382, -8.69399e-05, 6.812558e-10, 2587.214
6516.35092830658, -8.751885e-05, 6.141222e-10, 2587.219
6518.351033687592, -8.925561e-05, 6.694847e-10, 2587.241
6520.351129055023, -8.809774e-05, 5.951898e-10, 2587.262
6522.351227521896, -8.809774e-05, 5.929458e-10, 2587.288
6524.351366043091, -8.636101e-05, 6.309343e-10, 2587.304
6526.351458787918, -8.693991e-05, 6.750719e-10, 2587.282
6528.35156416893, -8.925557e-05, 5.97166e-10, 2587.277
6530.351717472076, -9.041344e-05, 6.309307e-10, 2587.282
6532.351832866669, -8.867667e-05, 6.168732e-10, 2587.27
6534.351922988892, -8.578209e-05, 6.091777e-10, 2587.324
6536.35205745697, -8.925557e-05, 7.646872e-10, 2587.398
6538.352160215378, -8.751883e-05, 5.764472e-10, 2587.459
6540.352260351181, -8.69399e-05, 5.774605e-10, 2587.433
6542.352364778519, -8.693993e-05, 7.190197e-10, 2587.405
6544.352450847626, -8.636098e-05, 6.267277e-10, 2587.383
6546.352587461472, -8.983451e-05, 6.738842e-10, 2587.403
6548.352683067322, -8.6361e-05, 6.351297e-10, 2587.487
6550.352780580521, -8.983452e-05, 5.614898e-10, 2587.52
6552.352875471115, -8.693992e-05, 5.912527e-10, 2587.536
6554.352977275848, -8.983451e-05, 5.735895e-10, 2587.556
6556.353078842163, -8.69399e-05, 6.621868e-10, 2587.591
6558.353167295456, -8.867667e-05, 6.637685e-10, 2587.602
6560.3532593250275, -8.636095e-05, 5.735884e-10, 2587.607
6562.353350639343, -8.751881e-05, 6.416887e-10, 2587.591
6564.353437900543, -8.867664e-05, 5.515722e-10, 2587.64
6566.35352230072, -8.578207e-05, 5.113884e-10, 2587.676
6568.353626012802, -8.636099e-05, 5.25287e-10, 2587.703
6570.353732585907, -8.751883e-05, 6.334177e-10, 2587.708
6572.353834629059, -8.751883e-05, 7.134366e-10, 2587.744
6574.353935480118, -8.925556e-05, 7.641582e-10, 2587.747
6576.354037761688, -8.925558e-05, 7.283475e-10, 2587.766
6578.354136943817, -8.809774e-05, 6.97403e-10, 2587.76
6580.354239225388, -8.636098e-05, 6.127391e-10, 2587.787
6582.354342222214, -8.578208e-05, 5.295346e-10, 2587.825
6584.354444742203, -8.751883e-05, 5.494366e-10, 2587.818
6586.354548215866, -8.98345e-05, 5.873144e-10, 2587.849
6588.3546533584595, -8.751882e-05, 6.086017e-10, 2587.841
6590.354757785797, -8.693992e-05, 5.662618e-10, 2587.841
6592.354893684387, -8.809774e-05, 6.536502e-10, 2587.891
6594.355036735535, -8.693992e-05, 6.292788e-10, 2587.911
6596.355180740356, -8.809775e-05, 5.423539e-10, 2587.892
6598.355269432068, -8.751881e-05, 5.774605e-10, 2587.914
6600.355359554291, -8.751883e-05, 5.828258e-10, 2587.925
6602.355448246002, -8.925561e-05, 6.210114e-10, 2587.948
6604.355550289154, -8.809775e-05, 5.577504e-10, 2587.981
6606.35563492775, -8.578208e-05, 6.131796e-10, 2588.038
6608.355753183365, -8.693992e-05, 5.735907e-10, 2588.091
6610.355840444565, -8.809777e-05, 6.168738e-10, 2588.125
6612.355927228928, -8.636098e-05, 6.070223e-10, 2588.187
6614.356029510498, -8.867668e-05, 6.168743e-10, 2588.222
6616.356121301651, -8.925558e-05, 5.890723e-10, 2588.207
6618.356258153915, -8.809775e-05, 5.442249e-10, 2588.277
6620.356343746185, -8.751883e-05, 5.813345e-10, 2588.284
6622.356435537338, -8.578209e-05, 6.579176e-10, 2588.29
6624.35657119751, -8.520315e-05, 5.638011e-10, 2588.303
6626.356683969498, -8.578206e-05, 5.931629e-10, 2588.321
6628.356800079346, -8.809775e-05, 6.151606e-10, 2588.316
6630.3569078445435, -8.693992e-05, 5.577539e-10, 2588.338
6632.357037305832, -8.751881e-05, 7.592946e-10, 2588.355
6634.357145547867, -8.693993e-05, 5.735895e-10, 2588.305
6636.35723567009, -8.751885e-05, 6.375493e-10, 2588.311
6638.357372999191, -8.693992e-05, 6.183234e-10, 2588.349
6640.35747718811, -8.751884e-05, 5.991232e-10, 2588.323
6642.357608795166, -8.867669e-05, 6.738883e-10, 2588.339
6644.357701063156, -8.751883e-05, 6.375499e-10, 2588.396
6646.357802629471, -8.867668e-05, 6.070217e-10, 2588.448
6648.357887744904, -8.809778e-05, 7.190191e-10, 2588.479
6650.358021497726, -8.809776e-05, 5.08657e-10, 2588.481
6652.358125925064, -8.867669e-05, 6.375493e-10, 2588.498
6654.35823392868, -8.578208e-05, 5.540121e-10, 2588.574
6656.3583290576935, -8.751883e-05, 5.281905e-10, 2588.569
6658.3584616184235, -8.693992e-05, 6.408483e-10, 2588.58
6660.358548879623, -8.809775e-05, 6.43531e-10, 2588.577
6662.358640432358, -8.925562e-05, 5.873139e-10, 2588.6
6664.358727455139, -8.925561e-05, 5.951867e-10, 2588.615
6666.358813524246, -8.693992e-05, 5.352742e-10, 2588.666
6668.358896493912, -8.520316e-05, 5.388132e-10, 2588.679
6670.358983755112, -8.578205e-05, 5.929428e-10, 2588.68
6672.359065055847, -8.57821e-05, 5.614917e-10, 2588.66
6674.359200716019, -8.867667e-05, 6.342951e-10, 2588.686
6676.359303712845, -8.751884e-05, 6.75999e-10, 2588.692
6678.3594007492065, -8.69399e-05, 5.852008e-10, 2588.756
6680.359493017197, -8.520317e-05, 5.332064e-10, 2588.763
6682.3595933914185, -8.636101e-05, 6.148733e-10, 2588.747
6684.3597230911255, -8.578207e-05, 6.650877e-10, 2588.741
6686.359866857529, -8.69399e-05, 6.464361e-10, 2588.76
6688.3599627017975, -8.693987e-05, 6.435364e-10, 2588.812
6690.360064744949, -8.809774e-05, 5.852026e-10, 2588.822
6692.360160112381, -8.867669e-05, 5.755039e-10, 2588.882
6694.360254049301, -8.578209e-05, 6.091777e-10, 2588.925
6696.360343456268, -8.867664e-05, 6.21009e-10, 2589.015
6698.360430717468, -8.578207e-05, 5.380479e-10, 2589.005
6700.360528469086, -8.6361e-05, 5.833756e-10, 2589.06
6702.360629081726, -8.809776e-05, 6.579176e-10, 2589.06
6704.360725641251, -8.693985e-05, 6.536521e-10, 2589.099
6706.360832452774, -8.867666e-05, 6.386899e-10, 2589.097
6708.360944271088, -8.809772e-05, 6.8959e-10, 2589.112
6710.361038684845, -8.983451e-05, 6.650877e-10, 2589.102
6712.36115527153, -8.925555e-05, 6.051746e-10, 2589.089
6714.361243724823, -8.809769e-05, 5.697209e-10, 2589.097
6716.361339569092, -8.867666e-05, 6.603396e-10, 2589.058
6718.36143040657, -8.578208e-05, 5.552469e-10, 2589.062
6720.361525058746, -8.867666e-05, 6.168773e-10, 2589.061
6722.3616280555725, -8.751883e-05, 6.011703e-10, 2589.046
6724.36177277565, -9.099231e-05, 6.416881e-10, 2589.114
6726.361875295639, -8.98345e-05, 6.782866e-10, 2589.155
6728.362016916275, -8.751884e-05, 7.646879e-10, 2589.143
6730.36211514473, -8.693991e-05, 6.192285e-10, 2589.138
6732.362220287323, -8.809775e-05, 7.339354e-10, 2589.174
6734.362322568893, -8.578206e-05, 6.029554e-10, 2589.206
6736.362426280975, -8.636098e-05, 6.750736e-10, 2589.209
6738.362535476685, -8.925556e-05, 6.030633e-10, 2589.277
6740.362668037415, -8.69399e-05, 6.750783e-10, 2589.293
6742.3628261089325, -8.69399e-05, 6.606888e-10, 2589.298
6744.362963914871, -8.462421e-05, 5.991274e-10, 2589.31
6746.363069534302, -8.693992e-05, 6.273675e-10, 2589.309
6748.363187789917, -8.809774e-05, 5.614934e-10, 2589.34
6750.363318443298, -8.578209e-05, 6.267295e-10, 2589.391
6752.363410949707, -8.636097e-05, 5.948142e-10, 2589.437
6754.3635466098785, -8.636098e-05, 6.127391e-10, 2589.417
6756.363651275635, -8.578207e-05, 6.507695e-10, 2589.415
6758.363796710968, -8.751884e-05, 6.661427e-10, 2589.345
6760.363932132721, -8.69399e-05, 6.070187e-10, 2589.31
6762.364064455032, -8.578208e-05, 6.171815e-10, 2589.302
6764.364205360413, -8.693989e-05, 6.251437e-10, 2589.296
6766.364301919937, -8.404531e-05, 6.127403e-10, 2589.313
6768.364435911179, -8.693987e-05, 6.267277e-10, 2589.392
6770.364534854889, -8.578208e-05, 5.735913e-10, 2589.437
6772.364644050598, -8.636099e-05, 6.551064e-10, 2589.477
6774.364737510681, -8.69399e-05, 6.606877e-10, 2589.526
6776.364874124527, -8.578206e-05, 6.957062e-10, 2589.584
6778.365008115768, -8.693989e-05, 6.451174e-10, 2589.627
6780.36511015892, -8.751881e-05, 8.303171e-10, 2589.636
6782.365221261978, -8.520314e-05, 6.421056e-10, 2589.686
6784.3653247356415, -8.578206e-05, 6.280521e-10, 2589.667
6786.3654181957245, -8.462423e-05, 6.477358e-10, 2589.704
6788.3655524253845, -8.404528e-05, 5.442278e-10, 2589.718
6790.365638494492, -8.809775e-05, 5.652311e-10, 2589.678
6792.365733861923, -8.578206e-05, 6.011732e-10, 2589.743
6794.365820407867, -8.809773e-05, 5.790257e-10, 2589.748
6796.36590719223, -8.636097e-05, 6.110902e-10, 2589.762
6798.365995883942, -8.751882e-05, 6.168738e-10, 2589.784
6800.366087675095, -8.462423e-05, 6.192322e-10, 2589.795
6802.366174697876, -8.520314e-05, 6.029513e-10, 2589.784
6804.36626124382, -8.69399e-05, 6.292788e-10, 2589.797
6806.366344690323, -8.46242e-05, 5.794397e-10, 2589.786
6808.366429567337, -8.636098e-05, 6.091777e-10, 2589.82
6810.36653137207, -8.809774e-05, 5.764484e-10, 2589.807
6812.366663455963, -8.867666e-05, 5.971677e-10, 2589.738
6814.366765499115, -8.636099e-05, 5.97166e-10, 2589.751
6816.366854190826, -8.693992e-05, 6.451145e-10, 2589.711
6818.3669974803925, -8.751884e-05, 5.929445e-10, 2589.718
6820.367083311081, -8.98345e-05, 5.774582e-10, 2589.771
6822.367181062698, -8.520312e-05, 6.110902e-10, 2589.822
6824.36732840538, -8.809774e-05, 5.478988e-10, 2589.865
6826.3674166202545, -8.98345e-05, 6.070009e-10, 2589.938
6828.36750459671, -8.809775e-05, 5.552469e-10, 2589.949
6830.367603778839, -8.809777e-05, 5.774599e-10, 2589.987
6832.36771273613, -8.809775e-05, 5.380455e-10, 2589.994
6834.367793083191, -8.983452e-05, 6.127404e-10, 2589.992
6836.3678941726685, -8.867666e-05, 6.393309e-10, 2590.052
6838.368029356003, -8.636098e-05, 6.895925e-10, 2590.095
6840.368114471436, -8.925561e-05, 5.951909e-10, 2590.133
6842.368259429932, -8.6361e-05, 5.676072e-10, 2590.148
6844.368360519409, -8.693991e-05, 6.408478e-10, 2590.153
6846.368513584137, -8.693993e-05, 5.912485e-10, 2590.177
6848.368615865707, -8.983452e-05, 6.637702e-10, 2590.191
6850.368701696396, -8.578208e-05, 5.90437e-10, 2590.195
6852.368788719177, -8.520314e-05, 5.488671e-10, 2590.23
6854.368927240372, -8.578206e-05, 6.941221e-10, 2590.229
6856.369020700455, -8.867669e-05, 5.423545e-10, 2590.223
6858.369125127792, -8.809775e-05, 5.452597e-10, 2590.237
6860.369216442108, -8.751882e-05, 5.050757e-10, 2590.265
6862.369306087494, -8.983452e-05, 6.030626e-10, 2590.29
6864.369411706924, -8.578203e-05, 5.540127e-10, 2590.307
6866.369554519653, -8.925561e-05, 5.118942e-10, 2590.345
6868.369665384293, -8.809774e-05, 6.273686e-10, 2590.36
6870.369765043259, -9.041344e-05, 5.596893e-10, 2590.373
6872.3698699474335, -8.809778e-05, 6.519341e-10, 2590.346
6874.369963169098, -8.867664e-05, 5.951915e-10, 2590.312
6876.370064496994, -8.867666e-05, 6.782866e-10, 2590.375
6878.370198011398, -8.867666e-05, 5.790221e-10, 2590.373
6880.370300292969, -8.867667e-05, 4.917669e-10, 2590.412
6882.370403289795, -8.809775e-05, 5.951928e-10, 2590.456
6884.3704924583435, -8.867666e-05, 5.552487e-10, 2590.487
6886.370596647263, -8.520314e-05, 5.85205e-10, 2590.525
6888.370726823807, -8.751884e-05, 6.292812e-10, 2590.528
6890.370861530304, -8.462423e-05, 5.971677e-10, 2590.531
6892.370977640152, -8.751883e-05, 5.416529e-10, 2590.549
6894.371112346649, -8.809773e-05, 5.44226e-10, 2590.547
6896.371245622635, -8.867668e-05, 5.658464e-10, 2590.572
6898.371397733688, -8.925558e-05, 6.029519e-10, 2590.592
6900.371502161026, -8.751883e-05, 5.458965e-10, 2590.628
6902.371648311615, -8.636096e-05, 6.551028e-10, 2590.671
6904.371737480164, -8.751884e-05, 5.118936e-10, 2590.688
6906.371871232986, -8.809775e-05, 5.912509e-10, 2590.708
6908.372009277344, -8.578206e-05, 6.044699e-10, 2590.74
6910.372144937515, -8.462423e-05, 6.35132e-10, 2590.793
6912.372248888016, -8.404531e-05, 5.890736e-10, 2590.83
6914.3723731040955, -8.693991e-05, 6.273675e-10, 2590.821
6916.372509002686, -8.6361e-05, 6.029513e-10, 2590.803
6918.372616529465, -8.578206e-05, 6.029513e-10, 2590.789
6920.372765302658, -8.462423e-05, 5.912515e-10, 2590.754
6922.372866153717, -8.578206e-05, 6.070211e-10, 2590.825
6924.372948884964, -9.041341e-05, 5.912497e-10, 2590.874
6926.373051643372, -8.520314e-05, 6.251478e-10, 2590.86
6928.373148918152, -8.867666e-05, 6.292812e-10, 2590.858
6930.373234033585, -8.578207e-05, 5.48583e-10, 2590.847
6932.373336315155, -8.69399e-05, 6.141245e-10, 2590.813
6934.37345123291, -8.751875e-05, 5.246544e-10, 2590.78
6936.373535394669, -8.69399e-05, 6.051776e-10, 2590.732
6938.3736307621, -8.578207e-05, 6.141233e-10, 2590.714
6940.373730897903, -8.636099e-05, 6.572117e-10, 2590.683
6942.373823642731, -8.751882e-05, 5.652329e-10, 2590.66
6944.373912096024, -8.867668e-05, 6.091789e-10, 2590.603
6946.374011039734, -8.636099e-05, 6.606882e-10, 2590.604
6948.374112129211, -8.809775e-05, 5.221195e-10, 2590.588
6950.374214887619, -8.578204e-05, 5.1757e-10, 2590.555
6952.374302864075, -8.636095e-05, 6.273681e-10, 2590.556
6954.374406337738, -8.578206e-05, 5.828258e-10, 2590.568
6956.374493837357, -8.809776e-05, 5.971677e-10, 2590.64
6958.374616146088, -8.6361e-05, 5.344387e-10, 2590.647
6960.374716043472, -8.693992e-05, 5.187121e-10, 2590.711
6962.3748524188995, -8.867662e-05, 5.755009e-10, 2590.715
6964.374954462051, -8.462423e-05, 5.488659e-10, 2590.727
6966.3750586509705, -8.693989e-05, 5.873144e-10, 2590.708
6968.375153303146, -8.809772e-05, 6.232989e-10, 2590.61
6970.375248432159, -8.925556e-05, 5.218136e-10, 2590.604
6972.3753657341, -8.867668e-05, 5.662654e-10, 2590.588
6974.375470876694, -8.462423e-05, 6.267307e-10, 2590.603
6976.37562918663, -8.578204e-05, 6.35132e-10, 2590.662
6978.375721216202, -8.925559e-05, 5.988822e-10, 2590.676
6980.375837802887, -8.867666e-05, 5.614928e-10, 2590.763
6982.376163244247, -8.751879e-05, 5.488646e-10, 2590.789
6984.376263380051, -8.69399e-05, 5.752171e-10, 2590.86
6986.376397609711, -8.636096e-05, 5.281934e-10, 2590.87
6988.376510858536, -8.751881e-05, 6.251478e-10, 2590.931
6990.376631259918, -8.578207e-05, 5.478994e-10, 2590.963
6992.376735687256, -8.578206e-05, 5.187169e-10, 2591.016
6994.376871585846, -8.462423e-05, 6.21012e-10, 2591.01
6996.376967906952, -8.520314e-05, 5.423545e-10, 2591.081
6998.3770706653595, -8.867666e-05, 5.255293e-10, 2591.112
7000.3771715164185, -8.520314e-05, 4.949792e-10, 2591.134
7002.377315759659, -8.636098e-05, 4.622944e-10, 2591.157
7004.377397060394, -8.69399e-05, 5.050787e-10, 2591.135
7006.37752866745, -8.693989e-05, 5.452597e-10, 2591.148
7008.377628087997, -8.751883e-05, 5.086624e-10, 2591.134
7010.377759695053, -8.751882e-05, 4.85503e-10, 2591.18
7012.377853155136, -8.809774e-05, 6.594369e-10, 2591.228
7014.377945184708, -8.636097e-05, 5.866338e-10, 2591.264
7016.378031253815, -8.809772e-05, 6.110914e-10, 2591.276
7018.378118276596, -8.578206e-05, 6.941234e-10, 2591.301
7020.378252506256, -8.751882e-05, 7.19748e-10, 2591.309
7022.378389120102, -8.867666e-05, 7.499018e-10, 2591.337
7024.378520488739, -8.867666e-05, 6.507677e-10, 2591.329
7026.378613233566, -8.809774e-05, 7.339348e-10, 2591.38
7028.3787479400635, -8.693989e-05, 5.442265e-10, 2591.449
7030.378837108612, -8.636097e-05, 5.931641e-10, 2591.434
7032.378936767578, -8.751882e-05, 6.31436e-10, 2591.445
7034.379041671753, -8.983452e-05, 7.150171e-10, 2591.4
7036.379143714905, -8.636098e-05, 5.86632e-10, 2591.401
7038.379248857498, -8.751883e-05, 5.951885e-10, 2591.464
7040.379336118698, -8.578207e-05, 5.912509e-10, 2591.463
7042.379442691803, -8.636097e-05, 5.614934e-10, 2591.477
7044.37958240509, -8.867667e-05, 5.488677e-10, 2591.476
7046.379686832428, -8.578207e-05, 6.714674e-10, 2591.443
7048.379791498184, -8.751882e-05, 6.011715e-10, 2591.397
7050.379878044128, -8.69399e-05, 6.192298e-10, 2591.351
7052.379975318909, -8.693992e-05, 6.110902e-10, 2591.377
7054.380107879639, -8.69399e-05, 5.774605e-10, 2591.435
7056.380194425583, -8.636097e-05, 5.76449e-10, 2591.511
7058.380313634872, -8.69399e-05, 5.912515e-10, 2591.525
7060.38045167923, -8.578208e-05, 6.091771e-10, 2591.505
7062.380547046661, -8.693987e-05, 6.536539e-10, 2591.523
7064.380686283112, -8.520317e-05, 6.884707e-10, 2591.58
7066.380777835846, -8.751882e-05, 6.435327e-10, 2591.621
7068.380920171738, -8.867668e-05, 6.030651e-10, 2591.603
7070.381055355072, -8.867667e-05, 5.971684e-10, 2591.613
7072.381190538406, -8.693989e-05, 7.298018e-10, 2591.628
7074.381296634674, -8.983452e-05, 6.996421e-10, 2591.544
7076.381401062012, -8.867666e-05, 7.745394e-10, 2591.553
7078.381498575211, -8.925559e-05, 7.190245e-10, 2591.537
7080.38158249855, -8.867669e-05, 6.84004e-10, 2591.602
7082.38166975975, -8.809775e-05, 8.056857e-10, 2591.623
7084.381758451462, -9.041341e-05, 7.696121e-10, 2591.685
7086.381849050522, -9.157127e-05, 7.441856e-10, 2591.754
7088.381978750229, -8.983453e-05, 7.690212e-10, 2591.738
7090.382114887238, -8.983449e-05, 7.700042e-10, 2591.758
7092.382208585739, -8.809772e-05, 7.398545e-10, 2591.785
7094.382313966751, -8.867665e-05, 5.968161e-10, 2591.837
7096.382418870926, -8.925561e-05, 6.637708e-10, 2591.863
7098.382517814636, -8.578204e-05, 5.951885e-10, 2591.911
7100.382600784302, -9.041339e-05, 6.27368e-10, 2591.913
7102.382706165314, -8.867667e-05, 6.00686e-10, 2591.916
7104.382837057114, -8.693992e-05, 5.44226e-10, 2591.969
7106.382923364639, -8.867661e-05, 6.292812e-10, 2591.982
7108.383011817932, -8.809773e-05, 6.251483e-10, 2591.996
7110.383093833923, -9.099234e-05, 6.314372e-10, 2591.969
7112.383183002472, -8.867666e-05, 5.873144e-10, 2591.963
7114.383284568787, -8.925556e-05, 6.070009e-10, 2592.006
7116.383378982544, -8.867666e-05, 6.237779e-10, 2591.994
7118.38348197937, -8.751882e-05, 6.273675e-10, 2592.066
7120.383584976196, -8.751883e-05, 6.408501e-10, 2592.093
7122.383677482605, -8.867666e-05, 6.210138e-10, 2592.13
7124.383779764175, -8.867665e-05, 6.795416e-10, 2592.15
7126.38391327858, -8.520314e-05, 6.070009e-10, 2592.186
7128.384047031403, -8.867666e-05, 5.890736e-10, 2592.214
7130.384183883667, -8.69399e-05, 6.069998e-10, 2592.195
7132.384288549423, -8.867667e-05, 6.273681e-10, 2592.218
7134.384424686432, -8.636098e-05, 6.551028e-10, 2592.202
7136.3845307827, -8.809775e-05, 6.151594e-10, 2592.238
7138.384637594223, -8.867666e-05, 5.912527e-10, 2592.238
7140.384738683701, -8.925553e-05, 6.273705e-10, 2592.218
7142.384878158569, -8.98345e-05, 6.850609e-10, 2592.17
7144.384980916977, -8.925555e-05, 6.070003e-10, 2592.214
7146.385070562363, -8.867666e-05, 6.895925e-10, 2592.25
7148.385177373886, -8.98345e-05, 7.297989e-10, 2592.284
7150.385278463364, -9.099235e-05, 6.870854e-10, 2592.308
7152.3853764534, -9.157125e-05, 6.706082e-10, 2592.373
7154.385470628738, -8.983449e-05, 6.393368e-10, 2592.421
7156.385579586029, -8.867662e-05, 7.398498e-10, 2592.465
7158.385663032532, -8.983445e-05, 7.649496e-10, 2592.505
7160.385802268982, -8.809774e-05, 6.375504e-10, 2592.459
7162.385937929153, -8.809775e-05, 6.594374e-10, 2592.454
7164.386049032211, -8.867666e-05, 6.782866e-10, 2592.501
7166.3861701488495, -8.867664e-05, 7.393898e-10, 2592.491
7168.386258602142, -8.809775e-05, 7.376791e-10, 2592.53
7170.386360406876, -8.693989e-05, 7.749356e-10, 2592.575
7172.386519193649, -8.693987e-05, 7.150177e-10, 2592.636
7174.386650562286, -8.809774e-05, 6.782908e-10, 2592.648
7176.386753082275, -8.751881e-05, 6.210108e-10, 2592.688
7178.386853933334, -8.809775e-05, 6.795379e-10, 2592.699
7180.386979103088, -8.751882e-05, 6.858493e-10, 2592.717
7182.387106895447, -8.867666e-05, 6.35132e-10, 2592.712
7184.387251853943, -8.867666e-05, 6.68103e-10, 2592.736
7186.387384176254, -8.346637e-05, 6.858517e-10, 2592.743
7188.387495517731, -8.520312e-05, 6.606929e-10, 2592.777
7190.387596845627, -8.751881e-05, 6.750755e-10, 2592.838
7192.38772892952, -8.636097e-05, 7.106159e-10, 2592.882
7194.387861728668, -8.867664e-05, 6.536545e-10, 2592.918
7196.387964010239, -8.751882e-05, 7.54964e-10, 2592.914
7198.388099193573, -8.809775e-05, 7.155401e-10, 2592.908
7200.388201475143, -8.809775e-05, 6.527463e-10, 2592.854
7202.388297319412, -8.693986e-05, 7.495763e-10, 2592.824
7204.38840174675, -8.636098e-05, 7.150201e-10, 2592.799
7206.388509988785, -8.578204e-05, 6.714685e-10, 2592.775
7208.388612270355, -8.404531e-05, 7.055612e-10, 2592.733
7210.388706684113, -8.462422e-05, 7.244777e-10, 2592.721
7212.388807058334, -8.636097e-05, 6.714668e-10, 2592.705
7214.388942480087, -8.636098e-05, 5.97173e-10, 2592.683
7216.389026880264, -8.925558e-05, 6.572123e-10, 2592.722
7218.38912153244, -8.693989e-05, 6.986537e-10, 2592.764
7220.3892557621, -8.867662e-05, 6.606894e-10, 2592.777
7222.389344215393, -8.867668e-05, 6.616772e-10, 2592.834
7224.389446258545, -8.6361e-05, 6.650871e-10, 2592.918
7226.389535188675, -8.69399e-05, 6.011691e-10, 2592.926
7228.389630794525, -8.69399e-05, 6.996427e-10, 2592.944
7230.389732599258, -8.69399e-05, 6.233014e-10, 2592.958
7232.38982963562, -8.6361e-05, 6.070211e-10, 2592.956
7234.389932394028, -8.578207e-05, 6.183264e-10, 2592.951
7236.3900327682495, -8.520314e-05, 6.706088e-10, 2592.99
7238.390130996704, -8.751885e-05, 7.134366e-10, 2592.976
7240.390231370926, -8.925553e-05, 6.131796e-10, 2592.946
7242.390333890915, -8.636098e-05, 5.113901e-10, 2592.965
7244.3904366493225, -8.925558e-05, 6.79541e-10, 2592.949
7246.3905210494995, -8.751883e-05, 6.334164e-10, 2592.945
7248.39062166214, -8.867664e-05, 6.507706e-10, 2592.948
7250.390704393387, -8.925558e-05, 7.954355e-10, 2592.954
7252.390789031982, -8.6361e-05, 6.996474e-10, 2592.96
7254.39092707634, -8.867662e-05, 7.499048e-10, 2593.003
7256.391060590744, -8.751883e-05, 6.950451e-10, 2593.017
7258.391195058823, -8.636098e-05, 7.031852e-10, 2593.053
7260.391328334808, -8.693992e-05, 6.850638e-10, 2593.016
7262.391458749771, -8.578204e-05, 5.951886e-10, 2593.072
7264.391574859619, -8.69399e-05, 5.322376e-10, 2593.063
