time, current, power, resistance
0.0025789737701416016, 0.0, 0.0, 2424.056
2.0027172565460205, 0.0, 0.0, 2424.065
4.002799034118652, 0.0, 0.0, 2424.065
6.00289249420166, 0.0, 0.0, 2424.1
8.002992630004883, 0.0, 0.0, 2424.073
10.003085851669312, 0.0, 0.0, 2424.124
12.003223419189453, 0.0, 0.0, 2424.1
14.003329038619995, 0.0, 0.0, 2424.105
16.00340986251831, 0.0, 0.0, 2424.142
18.003543376922607, 0.0, 0.0, 2424.132
20.00363779067993, 0.0, 0.0, 2424.155
22.003724098205566, 0.0, 0.0, 2424.15
24.003825187683105, 0.0, 0.0, 2424.179
26.00392723083496, 0.0, 0.0, 2424.225
28.004003524780273, 0.0, 0.0, 2424.254
30.00408411026001, 0.0, 0.0, 2424.25
32.004180669784546, 0.0, 0.0, 2424.278
34.00428056716919, 0.0, 0.0, 2424.278
36.00438642501831, 0.0, 0.0, 2424.285
38.004493951797485, 0.0, 0.0, 2424.344
40.00459265708923, 0.0, 0.0, 2424.319
42.00467538833618, 0.0, 0.0, 2424.308
44.00478506088257, 0.0, 0.0, 2424.327
46.00487399101257, 0.0, 0.0, 2424.364
48.00497603416443, 0.0, 0.0, 2424.329
50.00507593154907, 0.0, 0.0, 2424.365
52.00517535209656, 0.0, 0.0, 2424.396
54.0052764415741, 0.0, 0.0, 2424.391
56.005409717559814, 0.0, 0.0, 2424.436
58.00555062294006, 0.0, 0.0, 2424.415
60.005635499954224, 0.0, 0.0, 2424.44
62.00732922554016, 0.0, 0.0, 2408.654
64.00741195678711, 1.3012, 3.108, 2290.243
66.00752830505371, 1.3012, 3.1317, 2202.324
68.0076208114624, 1.3012, 3.1492, 2131.441
70.00770592689514, 1.3012, 3.1628, 2072.093
72.00779056549072, 1.3012, 3.1741, 2021.833
74.0078866481781, 1.3012, 3.1836, 1975.312
76.00798845291138, 1.3012, 3.1918, 1938.757
78.0080885887146, 1.3012, 3.1979, 1904.377
80.00818991661072, 1.3012, 3.2055, 1873.315
82.00826859474182, 1.3012, 3.2107, 1845.158
84.00836324691772, 1.3012, 3.2162, 1819.22
86.00846695899963, 1.3012, 3.2212, 1795.236
88.00855779647827, 1.3012, 3.226, 1772.928
90.00869345664978, 1.3012, 3.2304, 1752.052
92.00879740715027, 1.3012, 3.2346, 1732.201
94.00889992713928, 1.3012, 3.2385, 1713.882
96.00900316238403, 1.3012, 3.2424, 1696.298
98.00909113883972, 1.3012, 3.2459, 1679.418
100.00916886329651, 1.3012, 3.2494, 1663.601
102.00930500030518, 1.3012, 3.2527, 1648.32
104.00938773155212, 1.3012, 3.2559, 1633.645
106.00949168205261, 1.3012, 3.2585, 1619.606
108.00959730148315, 1.3012, 3.2614, 1606.085
110.0096914768219, 1.3012, 3.2644, 1592.914
112.00979471206665, 1.3012, 3.267, 1580.336
114.00989651679993, 1.3012, 3.2699, 1568.136
116.00999808311462, 1.3012, 3.2725, 1556.288
118.01008605957031, 1.3012, 3.275, 1544.887
120.01018905639648, 1.3012, 3.2776, 1533.751
122.01028800010681, 1.3012, 3.2799, 1522.783
124.01042222976685, 1.3012, 3.2824, 1512.372
126.01052212715149, 1.3012, 3.2846, 1502.162
128.01062202453613, 1.3012, 3.2866, 1492.167
130.01070594787598, 1.3012, 3.2891, 1482.321
132.01080441474915, 1.3012, 3.291, 1472.89
134.0109362602234, 1.3012, 3.2931, 1463.527
136.01101970672607, 1.3011, 3.2952, 1454.483
138.01110792160034, 1.3012, 3.2973, 1445.631
140.01119756698608, 1.3012, 3.2994, 1436.991
142.01130366325378, 1.3011, 3.3013, 1428.544
144.0114369392395, 1.3012, 3.3033, 1420.199
146.01154112815857, 1.3012, 3.3053, 1411.994
148.01164293289185, 1.3011, 3.3072, 1404.114
150.01174926757812, 1.3011, 3.3089, 1396.347
152.01184678077698, 1.3012, 3.311, 1388.736
154.0119285583496, 1.3012, 3.3127, 1381.162
156.01206278800964, 1.3011, 3.3145, 1374.019
158.0122048854828, 1.3011, 3.3159, 1366.874
160.01235151290894, 1.3012, 3.3177, 1359.904
162.01248407363892, 1.3011, 3.3194, 1353.112
164.01258897781372, 1.3011, 3.321, 1346.473
166.01269054412842, 1.3011, 3.3226, 1339.938
168.0127718448639, 1.3011, 3.3242, 1333.49
170.01285433769226, 1.3012, 3.3258, 1327.234
172.01294040679932, 1.3012, 3.3274, 1321.166
174.01303601264954, 1.3011, 3.3286, 1315.092
176.01313829421997, 1.3011, 3.3305, 1309.214
178.013249874115, 1.3011, 3.3319, 1303.415
180.01333594322205, 1.3012, 3.3333, 1297.626
182.01341676712036, 1.3011, 3.335, 1292.154
184.0135543346405, 1.3012, 3.3362, 1286.688
186.0136923789978, 1.3011, 3.3375, 1281.252
188.01379537582397, 1.3011, 3.3389, 1275.769
190.0138828754425, 1.3011, 3.3403, 1270.541
192.01398396492004, 1.3011, 3.3417, 1265.327
194.01406836509705, 1.3011, 3.3431, 1260.205
196.01415181159973, 1.3011, 3.3445, 1255.248
198.014230966568, 1.3011, 3.3458, 1250.347
200.01432061195374, 1.3011, 3.3471, 1245.53
202.01440453529358, 1.3011, 3.3483, 1240.824
204.01448941230774, 1.3011, 3.3495, 1236.185
206.01459336280823, 1.3011, 3.3507, 1231.603
208.0146768093109, 1.3011, 3.352, 1227.04
210.01475405693054, 1.3011, 3.3531, 1222.539
212.01483345031738, 1.3011, 3.3544, 1218.174
214.0149347782135, 1.3011, 3.3555, 1213.873
216.01503562927246, 1.3011, 3.3568, 1209.57
218.0151228904724, 1.3011, 3.3581, 1205.409
220.01522421836853, 1.3011, 3.3591, 1201.286
222.0153911113739, 1.301, 3.3602, 1197.179
224.01549196243286, 1.3011, 3.3614, 1193.249
226.01557755470276, 1.301, 3.3622, 1189.337
228.0156753063202, 1.301, 3.3636, 1185.465
230.015775680542, 1.301, 3.3646, 1181.682
232.0158760547638, 1.3011, 3.3656, 1177.891
234.01597023010254, 1.3011, 3.3668, 1174.088
236.0160734653473, 1.301, 3.3679, 1170.484
238.0161747932434, 1.301, 3.3689, 1166.863
240.01631712913513, 1.301, 3.3701, 1163.293
242.0164623260498, 1.3011, 3.371, 1159.742
244.01654052734375, 1.3011, 3.3723, 1156.235
246.01667380332947, 1.301, 3.3731, 1152.846
248.01677656173706, 1.301, 3.374, 1149.489
250.01688408851624, 1.301, 3.3751, 1146.163
252.01701593399048, 1.301, 3.3761, 1142.873
254.01710271835327, 1.301, 3.3768, 1139.704
256.01723527908325, 1.301, 3.378, 1136.531
258.01732420921326, 1.301, 3.3787, 1133.446
260.0174102783203, 1.301, 3.3798, 1130.322
262.0175061225891, 1.301, 3.3805, 1127.213
264.0175986289978, 1.301, 3.3815, 1124.131
266.0176877975464, 1.301, 3.3824, 1121.106
268.01777625083923, 1.301, 3.3833, 1118.166
270.0178828239441, 1.301, 3.3842, 1115.291
272.01798939704895, 1.301, 3.3852, 1112.499
274.01808881759644, 1.301, 3.386, 1109.673
276.0182321071625, 1.301, 3.3867, 1106.866
278.0183653831482, 1.301, 3.3877, 1104.138
280.01844811439514, 1.301, 3.3883, 1101.469
282.01853036880493, 1.301, 3.3892, 1098.854
284.0186150074005, 1.301, 3.3899, 1096.323
286.01871490478516, 1.3009, 3.3907, 1093.756
288.0188503265381, 1.301, 3.3916, 1091.178
290.0189836025238, 1.3009, 3.3922, 1088.663
292.0190763473511, 1.301, 3.393, 1086.261
294.01917839050293, 1.301, 3.3939, 1083.934
296.0192632675171, 1.301, 3.3947, 1081.518
298.01937317848206, 1.301, 3.3953, 1079.153
300.01945090293884, 1.301, 3.3961, 1076.845
302.0195517539978, 1.301, 3.3968, 1074.449
304.01965165138245, 1.301, 3.3975, 1072.183
306.0197334289551, 1.301, 3.3982, 1070.01
308.0198669433594, 1.3009, 3.3989, 1067.924
310.01995825767517, 1.3009, 3.3997, 1065.896
312.02003717422485, 1.3009, 3.4002, 1063.852
314.0201258659363, 1.3009, 3.4009, 1061.756
316.0202114582062, 1.3009, 3.4017, 1059.589
318.0203015804291, 1.3009, 3.4022, 1057.434
320.0204019546509, 1.3009, 3.4029, 1055.352
322.02049589157104, 1.3009, 3.4036, 1053.335
324.02059721946716, 1.3009, 3.4042, 1051.323
326.02069759368896, 1.3009, 3.4049, 1049.374
328.0207853317261, 1.3009, 3.4055, 1047.444
330.0208671092987, 1.3009, 3.4061, 1045.477
332.0209617614746, 1.3009, 3.4067, 1043.632
334.0210461616516, 1.3009, 3.4074, 1041.822
336.02114176750183, 1.3009, 3.4078, 1039.993
338.0212433338165, 1.3009, 3.4085, 1038.143
340.0213270187378, 1.3009, 3.4091, 1036.29
342.0214145183563, 1.3009, 3.4097, 1034.42
344.0215165615082, 1.3009, 3.4103, 1032.704
346.021621465683, 1.3009, 3.411, 1031.054
348.0217571258545, 1.3009, 3.4114, 1029.374
350.02185821533203, 1.3009, 3.4121, 1027.663
352.0219416618347, 1.3009, 3.4126, 1025.993
354.02207708358765, 1.3009, 3.4131, 1024.332
356.02217960357666, 1.3008, 3.4137, 1022.675
358.02228116989136, 1.3008, 3.4142, 1021.089
360.0223846435547, 1.3008, 3.4147, 1019.491
362.02248525619507, 1.3008, 3.4153, 1017.933
364.02258586883545, 1.3008, 3.4159, 1016.424
366.02267694473267, 1.3008, 3.4163, 1014.926
368.0227782726288, 1.3008, 3.4169, 1013.439
370.0228590965271, 1.3008, 3.4173, 1011.881
372.0229449272156, 1.3008, 3.4179, 1010.258
374.02302980422974, 1.3008, 3.4183, 1008.713
376.0231177806854, 1.3008, 3.4187, 1007.198
378.0232195854187, 1.3008, 3.4193, 1005.759
380.0233066082001, 1.3008, 3.4198, 1004.361
382.0234124660492, 1.3008, 3.4202, 1002.959
384.02351546287537, 1.3008, 3.4209, 1001.493
386.0235950946808, 1.3008, 3.4214, 1000.062
388.0236716270447, 1.3008, 3.4218, 998.6933
390.02375388145447, 1.3008, 3.4222, 997.3951
392.0238530635834, 1.3008, 3.4226, 996.1395
394.0239534378052, 1.3008, 3.4231, 994.9122
396.0240385532379, 1.3008, 3.4235, 993.6594
398.024178981781, 1.3008, 3.424, 992.3383
400.0242807865143, 1.3008, 3.4245, 991.0306
402.02436447143555, 1.3008, 3.4248, 989.7246
404.024471282959, 1.3008, 3.4253, 988.445
406.0245499610901, 1.3008, 3.4258, 987.2068
408.024671792984, 1.3008, 3.4261, 985.9502
410.0248019695282, 1.3008, 3.4265, 984.7483
412.02514719963074, 1.3008, 3.4269, 983.5787
414.02524280548096, 1.3008, 3.4272, 982.5141
416.0253281593323, 1.3007, 3.4276, 981.4086
418.02546072006226, 1.3008, 3.4281, 980.295
420.0255539417267, 1.3008, 3.4286, 979.1269
422.02564907073975, 1.3008, 3.429, 977.8555
424.0257349014282, 1.3008, 3.4294, 976.9264
426.02583026885986, 1.3008, 3.4297, 975.9906
428.0259327888489, 1.3008, 3.4302, 975.0414
430.02607560157776, 1.3008, 3.4306, 973.9668
432.026162147522, 1.3007, 3.4309, 972.7958
434.026248216629, 1.3008, 3.4312, 971.6967
436.02638506889343, 1.3007, 3.4316, 970.6063
438.02647161483765, 1.3007, 3.432, 969.5952
440.02656269073486, 1.3007, 3.4323, 968.649
442.02664017677307, 1.3007, 3.4326, 967.6122
444.026743888855, 1.3007, 3.4329, 966.5787
446.02685284614563, 1.3007, 3.4333, 965.5658
448.02693486213684, 1.3007, 3.4337, 964.6235
450.02703380584717, 1.3007, 3.434, 963.6985
452.0271415710449, 1.3007, 3.4344, 962.753
454.0272433757782, 1.3007, 3.4348, 961.8565
456.0273599624634, 1.3007, 3.4352, 960.9761
458.02745938301086, 1.3007, 3.4353, 960.0986
460.0275378227234, 1.3007, 3.4357, 959.1827
462.02762389183044, 1.3008, 3.4362, 958.2151
464.0277581214905, 1.3007, 3.4364, 957.3366
466.02785301208496, 1.3007, 3.4368, 956.3447
468.0279541015625, 1.3007, 3.4371, 955.4147
470.02804946899414, 1.3007, 3.4373, 954.5472
472.02814984321594, 1.3007, 3.4376, 953.6421
474.0282278060913, 1.3007, 3.4379, 952.8236
476.0283601284027, 1.3007, 3.4382, 951.9929
478.02843832969666, 1.3007, 3.4384, 951.1867
480.02852272987366, 1.3007, 3.4387, 950.3931
482.0286250114441, 1.3007, 3.4391, 949.5772
484.02876114845276, 1.3007, 3.4393, 948.7528
486.02884435653687, 1.3007, 3.4396, 947.9509
488.02894163131714, 1.3007, 3.4399, 947.1666
490.02905082702637, 1.3007, 3.4403, 946.329
492.02915024757385, 1.3007, 3.4405, 945.531
494.02928376197815, 1.3007, 3.4408, 944.7481
496.02937364578247, 1.3007, 3.4411, 943.9663
498.0294780731201, 1.3005, 3.4412, 943.208
500.02957367897034, 1.3007, 3.4415, 942.4637
502.0297124385834, 1.3007, 3.4419, 941.6963
504.0298202037811, 1.3005, 3.4422, 940.9937
506.02992582321167, 1.3005, 3.4424, 940.303
508.030024766922, 1.3005, 3.4427, 939.5734
510.03013038635254, 1.3005, 3.4428, 938.8543
512.0302305221558, 1.3005, 3.4431, 938.052
514.0303163528442, 1.3005, 3.4433, 937.308
516.0304436683655, 1.3005, 3.4436, 936.6269
518.0305440425873, 1.3005, 3.4438, 935.9929
520.0306260585785, 1.3005, 3.4441, 935.3428
522.0307312011719, 1.3005, 3.4444, 934.6974
524.0308315753937, 1.3005, 3.4447, 934.0472
526.0309331417084, 1.3005, 3.4449, 933.4319
528.0310323238373, 1.3005, 3.445, 932.9206
530.0311408042908, 1.3005, 3.4453, 932.4146
532.0312230587006, 1.3005, 3.4455, 931.7996
534.0313265323639, 1.3005, 3.4456, 931.1558
536.0313913822174, 1.3005, 3.4459, 930.5043
538.0314791202545, 1.3005, 3.4461, 929.8585
540.03156042099, 1.3005, 3.4463, 929.2134
542.0316615104675, 1.3005, 3.4466, 928.6094
544.0317869186401, 1.3005, 3.4468, 928.0363
546.0318667888641, 1.3005, 3.4471, 927.4709
548.0319983959198, 1.3005, 3.4473, 926.8074
550.0320770740509, 1.3005, 3.4475, 926.0954
552.0321638584137, 1.3005, 3.4477, 925.4428
554.0322976112366, 1.3005, 3.4481, 924.799
556.0323996543884, 1.3005, 3.4483, 924.2327
558.0324852466583, 1.3005, 3.4485, 923.7101
560.0325770378113, 1.3005, 3.4487, 923.1092
562.0327088832855, 1.3005, 3.4489, 922.4666
564.0328435897827, 1.3005, 3.4492, 921.8375
566.0329387187958, 1.3005, 3.4492, 921.2039
568.0330145359039, 1.3005, 3.4496, 920.6199
570.0331239700317, 1.3005, 3.4497, 920.1299
572.0332307815552, 1.3005, 3.4501, 919.6633
574.0333318710327, 1.3005, 3.4503, 919.1572
576.0334329605103, 1.3005, 3.4505, 918.5745
578.033536195755, 1.3005, 3.4508, 918.0234
580.0336427688599, 1.3005, 3.4509, 917.4663
582.0337255001068, 1.3005, 3.451, 916.9111
584.0338292121887, 1.3005, 3.4512, 916.3556
586.0339138507843, 1.3005, 3.4514, 915.8773
588.0340588092804, 1.3005, 3.4516, 915.3835
590.0342056751251, 1.3005, 3.4517, 914.9602
592.0343027114868, 1.3005, 3.4518, 914.5136
594.0344040393829, 1.3005, 3.4521, 914.0747
596.0345387458801, 1.3005, 3.4523, 913.5899
598.0346577167511, 1.3005, 3.4524, 913.0689
600.0347990989685, 1.3005, 3.4526, 912.5976
602.0349144935608, 1.3005, 3.4528, 912.2311
604.0349938869476, 1.3005, 3.4528, 911.9027
606.0350801944733, 1.3005, 3.4531, 911.5391
608.0351867675781, 1.3004, 3.4531, 910.9705
610.03528881073, 1.3005, 3.4535, 910.3781
612.0354206562042, 1.3004, 3.4535, 910.0067
614.0355205535889, 1.3005, 3.4537, 909.6707
616.0356287956238, 1.3004, 3.4538, 909.2518
618.0357706546783, 1.3005, 3.4541, 908.8239
620.0358765125275, 1.3005, 3.4544, 908.3106
622.0359568595886, 1.3004, 3.4543, 907.7823
624.0360631942749, 1.3005, 3.4545, 907.3102
626.0361649990082, 1.3004, 3.4547, 906.8101
628.0362508296967, 1.3004, 3.455, 906.2413
630.0363531112671, 1.3004, 3.4551, 905.7414
632.0364542007446, 1.3004, 3.4552, 905.2106
634.0365557670593, 1.3004, 3.4554, 904.7286
636.0366590023041, 1.3004, 3.4556, 904.2809
638.0367975234985, 1.3004, 3.4559, 903.8117
640.0368783473969, 1.3005, 3.4561, 903.3493
642.0369679927826, 1.3004, 3.4562, 902.8639
644.0370604991913, 1.3004, 3.4564, 902.3981
646.0371599197388, 1.3004, 3.4567, 901.9677
648.0372457504272, 1.3004, 3.4568, 901.5257
650.0373797416687, 1.3004, 3.457, 901.1054
652.0374960899353, 1.3004, 3.4572, 900.662
654.0375912189484, 1.3005, 3.4574, 900.2072
656.0376982688904, 1.3004, 3.4575, 899.7917
658.0377833843231, 1.3004, 3.4577, 899.3526
660.037917137146, 1.3004, 3.4578, 898.9128
662.0380210876465, 1.3004, 3.4579, 898.5458
664.0381247997284, 1.3004, 3.4582, 898.1212
666.0382318496704, 1.3004, 3.4584, 897.7222
668.038332939148, 1.3004, 3.4585, 897.381
670.0384192466736, 1.3004, 3.4586, 897.0048
672.0385184288025, 1.3004, 3.4587, 896.5824
674.03861951828, 1.3004, 3.4589, 896.1468
676.0386989116669, 1.3004, 3.4591, 895.8232
678.0387988090515, 1.3004, 3.4593, 895.5569
680.0389051437378, 1.3004, 3.4593, 895.136
682.0390462875366, 1.3004, 3.4594, 894.7506
684.0391464233398, 1.3004, 3.4595, 894.3547
686.0392527580261, 1.3004, 3.4597, 893.9701
688.0393643379211, 1.3004, 3.4598, 893.5272
690.0394675731659, 1.3004, 3.4601, 893.0981
692.0395650863647, 1.3004, 3.4601, 892.6805
694.0396418571472, 1.3004, 3.4603, 892.304
696.0397410392761, 1.3004, 3.4605, 891.9049
698.0398480892181, 1.3004, 3.4605, 891.5215
700.0399503707886, 1.3004, 3.4607, 891.1792
702.0400521755219, 1.3004, 3.461, 890.8156
704.0401875972748, 1.3004, 3.4609, 890.411
706.0402789115906, 1.3004, 3.461, 890.0765
708.0403785705566, 1.3004, 3.4612, 889.6749
710.0404846668243, 1.3004, 3.4614, 889.4258
712.0405716896057, 1.3004, 3.4616, 889.2201
714.0406718254089, 1.3004, 3.4616, 888.9498
716.040810585022, 1.3004, 3.4618, 888.7981
718.0409135818481, 1.3004, 3.4618, 888.5363
720.0410089492798, 1.3004, 3.4621, 888.185
722.0410997867584, 1.3004, 3.4622, 887.7932
724.0411901473999, 1.3004, 3.4623, 887.4841
726.0412831306458, 1.3004, 3.4625, 887.109
728.0413672924042, 1.3004, 3.4626, 886.7368
730.0414488315582, 1.3004, 3.4626, 886.358
732.0415468215942, 1.3004, 3.4628, 885.9655
734.0416443347931, 1.3004, 3.463, 885.5843
736.0417392253876, 1.3004, 3.4631, 885.2893
738.0418238639832, 1.3004, 3.4632, 884.9552
740.041915178299, 1.3004, 3.4634, 884.5603
742.0420470237732, 1.3004, 3.4636, 884.1344
744.0421495437622, 1.3004, 3.4635, 883.7916
746.042248249054, 1.3004, 3.4636, 883.5796
748.0423276424408, 1.3004, 3.4638, 883.4313
750.0424675941467, 1.3004, 3.464, 883.2244
752.042564868927, 1.3004, 3.464, 882.9927
754.0426564216614, 1.3004, 3.4641, 882.7453
756.0427610874176, 1.3004, 3.4643, 882.5099
758.0428583621979, 1.3004, 3.4644, 882.2935
760.04296708107, 1.3004, 3.4644, 882.0077
762.0430998802185, 1.3004, 3.4644, 881.7228
764.0432004928589, 1.3004, 3.4646, 881.4842
766.0432929992676, 1.3004, 3.4648, 881.2377
768.043375492096, 1.3004, 3.4646, 881.0412
770.0434308052063, 1.3004, 3.4648, 880.8174
772.0435209274292, 1.3004, 3.4649, 880.5754
774.0436124801636, 1.3004, 3.4649, 880.325
776.0437471866608, 1.3003, 3.465, 880.0411
778.0438833236694, 1.3004, 3.465, 879.7613
780.0439689159393, 1.3004, 3.4653, 879.5338
782.0440580844879, 1.3003, 3.4653, 879.3426
784.0441515445709, 1.3004, 3.4654, 879.0893
786.0442445278168, 1.3004, 3.4655, 878.8281
788.0443389415741, 1.3004, 3.4657, 878.5606
790.0444366931915, 1.3004, 3.4658, 878.3335
792.0445675849915, 1.3004, 3.4658, 878.0773
794.0447137355804, 1.3004, 3.4662, 877.7897
796.0448014736176, 1.3004, 3.4662, 877.5977
798.0449094772339, 1.3004, 3.4664, 877.4497
800.0450234413147, 1.3003, 3.4664, 877.178
802.0451564788818, 1.3003, 3.4665, 876.7606
804.0452878475189, 1.3004, 3.4666, 876.4643
806.0453841686249, 1.3003, 3.4666, 876.2857
808.0454618930817, 1.3003, 3.4667, 876.0754
810.0455636978149, 1.3003, 3.4668, 875.8434
812.0456669330597, 1.3003, 3.467, 875.5771
814.0458083152771, 1.3003, 3.4672, 875.1452
816.0459110736847, 1.3003, 3.4673, 874.7969
818.0460131168365, 1.3003, 3.4673, 874.4485
820.0460958480835, 1.3003, 3.4674, 874.0861
822.0461959838867, 1.3003, 3.4676, 873.8778
824.04629945755, 1.3003, 3.4677, 873.7641
826.0464015007019, 1.3003, 3.4677, 873.6369
828.0464818477631, 1.3003, 3.4679, 873.3887
830.0465714931488, 1.3003, 3.4678, 873.0257
832.0466656684875, 1.3003, 3.4681, 872.713
834.0467662811279, 1.3003, 3.4682, 872.4205
836.0468604564667, 1.3003, 3.4683, 872.1444
838.0469465255737, 1.3004, 3.4684, 871.8679
840.0470321178436, 1.3003, 3.4684, 871.5469
842.0471343994141, 1.3003, 3.4685, 871.2432
844.0472702980042, 1.3003, 3.4687, 871.005
846.0473568439484, 1.3003, 3.4687, 870.906
848.0474894046783, 1.3003, 3.4687, 870.8331
850.0475950241089, 1.3003, 3.4687, 870.6814
852.047693490982, 1.3003, 3.4688, 870.5482
854.0477941036224, 1.3003, 3.469, 870.397
856.0478711128235, 1.3003, 3.4691, 870.0586
858.0479683876038, 1.3003, 3.4691, 869.7694
860.0480682849884, 1.3003, 3.4692, 869.517
862.0481717586517, 1.3003, 3.4693, 869.3136
864.0482733249664, 1.3003, 3.4694, 869.1108
866.0484082698822, 1.3003, 3.4694, 868.7048
868.0484898090363, 1.3003, 3.4694, 868.5921
870.0485918521881, 1.3003, 3.4696, 868.5851
872.04869556427, 1.3003, 3.4699, 868.4258
874.0487809181213, 1.3003, 3.4699, 868.2248
876.048882484436, 1.3003, 3.4701, 868.0282
878.048983335495, 1.3003, 3.4701, 867.8545
880.0491166114807, 1.3004, 3.4702, 867.6494
882.0492298603058, 1.3003, 3.4703, 867.4867
884.049334526062, 1.3003, 3.4705, 867.2894
886.0494709014893, 1.3003, 3.4704, 867.061
888.049608707428, 1.3003, 3.4707, 866.7844
890.0497195720673, 1.3003, 3.4707, 866.4501
892.0498015880585, 1.3003, 3.4708, 866.1602
894.0499041080475, 1.3003, 3.4709, 865.9119
896.0500082969666, 1.3003, 3.471, 865.6148
898.0501022338867, 1.3003, 3.471, 865.3349
900.0501868724823, 1.3003, 3.471, 865.1382
902.0502727031708, 1.3003, 3.4711, 864.9454
904.0504064559937, 1.3003, 3.4712, 864.7691
906.0505096912384, 1.3003, 3.4712, 864.5585
908.0506122112274, 1.3003, 3.4714, 864.4539
910.050699710846, 1.3003, 3.4715, 864.3508
912.0508055686951, 1.3003, 3.4715, 864.0547
914.0508983135223, 1.3003, 3.4717, 863.7527
916.0509915351868, 1.3003, 3.4718, 863.4806
918.0510783195496, 1.3003, 3.4718, 863.2625
920.0511827468872, 1.3003, 3.472, 863.1078
922.0512888431549, 1.3003, 3.4719, 862.8679
924.0513896942139, 1.3003, 3.472, 862.628
926.0514934062958, 1.3003, 3.4722, 862.3991
928.0515730381012, 1.3003, 3.4723, 862.1764
930.0516769886017, 1.3003, 3.4723, 861.9491
932.0517778396606, 1.3003, 3.4723, 861.6796
934.0518746376038, 1.3003, 3.4726, 861.3576
936.051976442337, 1.3003, 3.4726, 861.0862
938.052078962326, 1.3003, 3.4727, 860.9275
940.052178144455, 1.3003, 3.4727, 860.8842
942.0522639751434, 1.3003, 3.4729, 860.6955
944.0523521900177, 1.3002, 3.4729, 860.4401
946.052428483963, 1.3003, 3.473, 860.1841
948.0525257587433, 1.3003, 3.4732, 859.9229
950.0526740550995, 1.3003, 3.4732, 859.6379
952.0528137683868, 1.3003, 3.4732, 859.323
954.05295586586, 1.3003, 3.4735, 859.0001
956.0530524253845, 1.3003, 3.4734, 858.7413
958.0531358718872, 1.3003, 3.4736, 858.4986
960.0532257556915, 1.3003, 3.4737, 858.3243
962.0533649921417, 1.3003, 3.4739, 858.1572
964.0534551143646, 1.3003, 3.4738, 858.0708
966.0535380840302, 1.3002, 3.474, 857.95
968.0536363124847, 1.3003, 3.474, 857.7993
970.0537438392639, 1.3003, 3.4742, 857.6894
972.0538368225098, 1.3002, 3.4742, 857.5314
974.0539393424988, 1.3003, 3.4742, 857.3841
976.0540237426758, 1.3002, 3.4742, 857.318
978.0541281700134, 1.3003, 3.4744, 857.2595
980.054221868515, 1.3003, 3.4744, 857.1659
982.0543222427368, 1.3003, 3.4745, 857.0741
984.054425239563, 1.3003, 3.4744, 856.9937
986.0545434951782, 1.3003, 3.4745, 856.8938
988.0546789169312, 1.3003, 3.4746, 856.7436
990.0547814369202, 1.3002, 3.4746, 856.588
992.0548717975616, 1.3003, 3.4746, 856.3217
994.0549731254578, 1.3003, 3.4748, 856.0951
996.0550742149353, 1.3002, 3.4748, 855.8159
998.0551764965057, 1.3003, 3.4751, 855.5919
1000.055257320404, 1.3003, 3.4752, 855.3769
1002.0553619861603, 1.3002, 3.4752, 855.2779
1004.0554585456848, 1.3002, 3.4753, 855.1418
1006.055543422699, 1.3002, 3.4753, 854.9484
1008.0556290149689, 1.3002, 3.4755, 854.7609
1010.0557091236115, 1.3003, 3.4755, 854.5766
1012.0558123588562, 1.3003, 3.4755, 854.4943
1014.0558967590332, 1.3002, 3.4756, 854.3679
1016.055979013443, 1.3002, 3.4757, 854.2813
1018.0560576915741, 1.3002, 3.4758, 854.1539
1020.0561587810516, 1.3002, 3.4758, 854.0343
1022.0562615394592, 1.3002, 3.4757, 853.9475
1024.0563626289368, 1.3002, 3.4757, 853.789
1026.0564661026, 1.3002, 3.4757, 853.5822
1028.0565671920776, 1.3002, 3.4758, 853.3868
1030.0566461086273, 1.3002, 3.4758, 853.2176
1032.0567889213562, 1.3002, 3.4759, 853.0722
1034.0569200515747, 1.3002, 3.476, 852.9417
1036.0570003986359, 1.3002, 3.4762, 852.7646
1038.0571012496948, 1.3002, 3.4762, 852.5967
1040.057184934616, 1.3002, 3.4763, 852.4476
1042.057286977768, 1.3002, 3.4764, 852.3447
1044.0573740005493, 1.3002, 3.4766, 852.2684
1046.057475566864, 1.3003, 3.4766, 852.1815
1048.057579278946, 1.3003, 3.4766, 852.1017
1050.0576612949371, 1.3003, 3.4767, 851.8697
1052.0577487945557, 1.3003, 3.4766, 851.6799
1054.0578320026398, 1.3003, 3.4767, 851.5228
1056.0579359531403, 1.3002, 3.4766, 851.3616
1058.0580732822418, 1.3002, 3.4769, 851.2857
1060.0581665039062, 1.3003, 3.4769, 851.1878
1062.0582942962646, 1.3002, 3.4769, 850.985
1064.0583782196045, 1.3002, 3.4769, 850.7161
1066.0585067272186, 1.3003, 3.477, 850.6008
1068.0585894584656, 1.3002, 3.477, 850.514
1070.0586698055267, 1.3003, 3.4771, 850.4005
1072.058755159378, 1.3003, 3.4772, 850.2813
1074.0588409900665, 1.3002, 3.4773, 850.1548
1076.058937072754, 1.3003, 3.4774, 849.978
1078.059032201767, 1.3002, 3.4774, 849.8981
1080.0591306686401, 1.3003, 3.4775, 849.783
1082.059229850769, 1.3003, 3.4776, 849.6476
1084.059320449829, 1.3002, 3.4777, 849.4931
1086.0594098567963, 1.3002, 3.4776, 849.2916
1088.0595099925995, 1.3002, 3.4776, 849.1765
1090.0595893859863, 1.3003, 3.4779, 849.086
1092.0596899986267, 1.3002, 3.4778, 848.9538
1094.0597877502441, 1.3002, 3.478, 848.7916
1096.05992269516, 1.3003, 3.4781, 848.6209
1098.0600247383118, 1.3003, 3.4781, 848.4214
1100.0601086616516, 1.3003, 3.4782, 848.1835
1102.060198545456, 1.3002, 3.4783, 847.9494
1104.0602812767029, 1.3003, 3.4784, 847.8044
1106.060361623764, 1.3003, 3.4785, 847.5443
1108.0604376792908, 1.3002, 3.4785, 847.294
1110.060545682907, 1.3003, 3.4786, 847.0678
1112.0606486797333, 1.3002, 3.4787, 846.8427
1114.0607392787933, 1.3002, 3.4788, 846.6625
1116.0608434677124, 1.3003, 3.4789, 846.4742
1118.0609457492828, 1.3003, 3.479, 846.2993
1120.0610485076904, 1.3003, 3.479, 846.081
1122.0611519813538, 1.3003, 3.4791, 845.8528
1124.0612514019012, 1.3003, 3.4791, 845.6322
1126.0613310337067, 1.3003, 3.4793, 845.4497
1128.0614368915558, 1.3002, 3.4793, 845.2805
1130.0615389347076, 1.3002, 3.4794, 845.1269
1132.0616402626038, 1.3003, 3.4795, 844.9803
1134.0617282390594, 1.3003, 3.4795, 844.8687
1136.0618302822113, 1.3002, 3.4796, 844.7455
1138.0619192123413, 1.3002, 3.4797, 844.6053
1140.062010526657, 1.3002, 3.4797, 844.4095
1142.0621082782745, 1.3002, 3.4797, 844.1866
1144.0621922016144, 1.3002, 3.4798, 843.9105
1146.0623297691345, 1.3003, 3.4799, 843.7005
1148.062435388565, 1.3002, 3.4801, 843.5043
1150.0625395774841, 1.3002, 3.4801, 843.3904
1152.0626509189606, 1.3002, 3.4801, 843.3002
1154.0627415180206, 1.3003, 3.4802, 843.2971
1156.062825679779, 1.3003, 3.4803, 843.2272
1158.062908411026, 1.3002, 3.4803, 843.1364
1160.06298995018, 1.3002, 3.4805, 842.9617
1162.0630848407745, 1.3002, 3.4804, 842.6568
1164.0631849765778, 1.3002, 3.4806, 842.5211
1166.063286781311, 1.3002, 3.4806, 842.2559
1168.063380241394, 1.3002, 3.4807, 842.2059
1170.0634655952454, 1.3002, 3.4807, 842.1927
1172.0636019706726, 1.3002, 3.4809, 842.2062
1174.0637056827545, 1.3003, 3.4809, 842.0906
1176.0637917518616, 1.3002, 3.4809, 841.8541
1178.0638768672943, 1.3002, 3.481, 841.7293
1180.0639650821686, 1.3002, 3.481, 841.6407
1182.0640738010406, 1.3002, 3.4811, 841.5092
1184.0641870498657, 1.3002, 3.481, 841.3336
1186.0642714500427, 1.3002, 3.481, 841.0785
1188.0643751621246, 1.3002, 3.4811, 840.9216
1190.0644822120667, 1.3002, 3.4812, 840.7833
1192.0646197795868, 1.3002, 3.4813, 840.6283
1194.0647251605988, 1.3002, 3.4813, 840.4665
1196.064828634262, 1.3002, 3.4813, 840.3116
1198.0649197101593, 1.3002, 3.4815, 840.0955
1200.065019607544, 1.3002, 3.4815, 840.0007
1202.0651216506958, 1.3002, 3.4816, 839.9573
1204.0652203559875, 1.3002, 3.4817, 839.8433
1206.0653026103973, 1.3002, 3.4818, 839.7131
1208.0653984546661, 1.3002, 3.4819, 839.6405
1210.0655019283295, 1.3002, 3.482, 839.6443
1212.065601348877, 1.3002, 3.482, 839.5963
1214.065697669983, 1.3003, 3.482, 839.5621
1216.0657753944397, 1.3002, 3.4821, 839.4546
1218.0658774375916, 1.3002, 3.482, 839.3688
1220.0659868717194, 1.3002, 3.4821, 839.3623
1222.0660769939423, 1.3002, 3.4821, 839.2275
1224.0661628246307, 1.3002, 3.4821, 839.097
1226.0662651062012, 1.3002, 3.4822, 839.012
1228.0663466453552, 1.3002, 3.4822, 838.9442
1230.0664536952972, 1.3003, 3.4823, 838.9238
1232.0665564537048, 1.3003, 3.4824, 838.8737
1234.0666472911835, 1.3002, 3.4825, 838.8266
1236.0667462348938, 1.3002, 3.4825, 838.6939
1238.066831111908, 1.3003, 3.4826, 838.5761
1240.0669341087341, 1.3003, 3.4826, 838.389
1242.0670385360718, 1.3003, 3.4826, 838.232
1244.0671396255493, 1.3003, 3.4828, 838.1251
1246.0672380924225, 1.3003, 3.4828, 838.0533
1248.0673387050629, 1.3003, 3.4829, 837.9227
1250.0673711299896, 1.3003, 3.4829, 837.7885
1252.0674481391907, 1.3003, 3.483, 837.6449
1254.067539215088, 1.3003, 3.483, 837.5008
1256.0676276683807, 1.3003, 3.4829, 837.3599
1258.0677111148834, 1.3002, 3.483, 837.1404
1260.067806482315, 1.3002, 3.483, 836.9052
1262.0679111480713, 1.3002, 3.4831, 836.7506
1264.0680446624756, 1.3003, 3.4831, 836.5647
1266.0681784152985, 1.3002, 3.4832, 836.216
1268.0682654380798, 1.3002, 3.4833, 835.9686
1270.0683426856995, 1.3002, 3.4834, 835.8009
1272.068442106247, 1.3002, 3.4834, 835.7976
1274.0685272216797, 1.3002, 3.4835, 835.8242
1276.068613767624, 1.3002, 3.4836, 835.8564
1278.068698167801, 1.3002, 3.4835, 835.7643
1280.0687956809998, 1.3002, 3.4836, 835.6925
1282.0688767433167, 1.3002, 3.4837, 835.6861
1284.0689883232117, 1.3002, 3.4837, 835.4268
1286.0690701007843, 1.3002, 3.4837, 835.2975
1288.0691480636597, 1.3002, 3.4838, 835.2464
1290.0692505836487, 1.3002, 3.4838, 835.2128
1292.0693354606628, 1.3002, 3.4837, 835.1668
1294.0694189071655, 1.3002, 3.4841, 835.0539
1296.0695161819458, 1.3002, 3.4842, 834.9546
1298.069608926773, 1.3002, 3.4841, 834.7865
1300.0697000026703, 1.3002, 3.4842, 834.6424
1302.069794178009, 1.3002, 3.4843, 834.6274
1304.0698854923248, 1.3002, 3.4844, 834.6602
1306.0699684619904, 1.3002, 3.4843, 834.7138
1308.0700538158417, 1.3002, 3.4844, 834.4675
1310.0701413154602, 1.3002, 3.4844, 834.1708
1312.0702450275421, 1.3002, 3.4845, 833.9303
1314.0703270435333, 1.3002, 3.4845, 833.7774
1316.0704095363617, 1.3002, 3.4844, 833.5994
1318.0704953670502, 1.3002, 3.4845, 833.4373
1320.0705788135529, 1.3003, 3.4847, 833.3675
1322.0706567764282, 1.3003, 3.4846, 833.2898
1324.0707414150238, 1.3003, 3.4846, 833.1919
1326.0708248615265, 1.3002, 3.4847, 833.1647
1328.070901632309, 1.3002, 3.4849, 833.0637
1330.070979833603, 1.3002, 3.4849, 833.0743
1332.071056842804, 1.3002, 3.485, 832.987
1334.0711390972137, 1.3002, 3.485, 832.8173
1336.0712172985077, 1.3002, 3.4851, 832.7907
1338.0712995529175, 1.3002, 3.4851, 832.7137
1340.0713920593262, 1.3002, 3.4851, 832.5954
1342.0714666843414, 1.3002, 3.4852, 832.4953
1344.0715560913086, 1.3002, 3.4854, 832.3742
1346.0716540813446, 1.3003, 3.4854, 832.2508
1348.0717298984528, 1.3002, 3.4853, 832.1709
1350.0718100070953, 1.3002, 3.4855, 832.0992
1352.071891784668, 1.3002, 3.4853, 832.0206
1354.0719819068909, 1.3002, 3.4854, 831.724
1356.072066783905, 1.3002, 3.4853, 831.5666
1358.072157382965, 1.3002, 3.4856, 831.445
1360.0722374916077, 1.3002, 3.4855, 831.4469
1362.0723314285278, 1.3002, 3.4857, 831.3217
1364.0724411010742, 1.3002, 3.4856, 831.1851
1366.0725457668304, 1.3002, 3.4857, 831.017
1368.072648525238, 1.3002, 3.4858, 830.8983
1370.07275056839, 1.3002, 3.4859, 830.7886
1372.072835445404, 1.3002, 3.4859, 830.7513
1374.072928905487, 1.3002, 3.4859, 830.7114
1376.0730171203613, 1.3002, 3.4859, 830.6555
1378.0731105804443, 1.3002, 3.4861, 830.5729
1380.0732135772705, 1.3002, 3.4861, 830.5067
1382.0732960700989, 1.3002, 3.4862, 830.4188
1384.0734021663666, 1.3002, 3.4862, 830.3421
1386.0734825134277, 1.3002, 3.4863, 830.2215
1388.0735726356506, 1.3002, 3.4863, 830.1014
1390.0736560821533, 1.3002, 3.4864, 830.0153
1392.0737493038177, 1.3002, 3.4862, 829.9049
1394.0738549232483, 1.3003, 3.4863, 829.8127
1396.0739388465881, 1.3002, 3.4864, 829.733
1398.0740537643433, 1.3002, 3.4865, 829.7063
1400.074167251587, 1.3002, 3.4865, 829.6612
1402.074279308319, 1.3002, 3.4866, 829.5596
1404.0743761062622, 1.3002, 3.4865, 829.478
1406.0744757652283, 1.3002, 3.4865, 829.3945
1408.0745775699615, 1.3002, 3.4866, 829.3216
1410.0746643543243, 1.3002, 3.4865, 829.1807
1412.0747871398926, 1.3002, 3.4866, 829.121
1414.074872493744, 1.3002, 3.4867, 829.0368
1416.0749621391296, 1.3002, 3.4869, 828.9882
1418.0750558376312, 1.3002, 3.4869, 828.9541
1420.0751502513885, 1.3002, 3.4868, 828.8414
1422.075257062912, 1.3002, 3.4869, 828.6169
1424.0753643512726, 1.3002, 3.4869, 828.5188
1426.0754721164703, 1.3002, 3.4869, 828.6321
1428.075564622879, 1.3002, 3.4869, 828.6105
1430.0756483078003, 1.3002, 3.4869, 828.605
1432.0757267475128, 1.3002, 3.487, 828.7325
1434.0758090019226, 1.3002, 3.487, 828.5816
1436.075903892517, 1.3002, 3.487, 828.2981
1438.0760040283203, 1.3002, 3.4871, 828.0958
1440.0760979652405, 1.3002, 3.487, 828.1581
1442.0761861801147, 1.3002, 3.487, 828.2246
1444.0762753486633, 1.3002, 3.4872, 828.1234
1446.0763626098633, 1.3002, 3.4872, 828.033
1448.0764677524567, 1.3002, 3.4872, 827.8589
1450.0765566825867, 1.3002, 3.4872, 827.8192
1452.0766608715057, 1.3002, 3.4874, 827.691
1454.0767574310303, 1.3002, 3.4874, 827.6415
1456.0768814086914, 1.3002, 3.4873, 827.6333
1458.0769803524017, 1.3002, 3.4874, 827.6606
1460.0770678520203, 1.3002, 3.4874, 827.7025
1462.0771687030792, 1.3002, 3.4873, 827.7319
1464.0772573947906, 1.3002, 3.4874, 827.62
1466.0773561000824, 1.3002, 3.4874, 827.5149
1468.0774369239807, 1.3002, 3.4874, 827.4334
1470.0775582790375, 1.3002, 3.4874, 827.3781
1472.0776736736298, 1.3002, 3.4873, 827.2722
1474.0777640342712, 1.3002, 3.4874, 827.0576
1476.0778651237488, 1.3002, 3.4875, 826.8926
1478.077961921692, 1.3002, 3.4874, 826.8298
1480.0780620574951, 1.3002, 3.4875, 826.7856
1482.0781724452972, 1.3002, 3.4876, 826.7007
1484.0782618522644, 1.3002, 3.4877, 826.5884
1486.0783443450928, 1.3002, 3.4878, 826.4073
1488.0784475803375, 1.3003, 3.4879, 826.1971
1490.0785593986511, 1.3002, 3.4879, 826.0578
1492.0786628723145, 1.3002, 3.488, 825.9153
1494.0787689685822, 1.3002, 3.4882, 825.7637
1496.0788674354553, 1.3002, 3.4882, 825.5891
1498.0789654254913, 1.3002, 3.4883, 825.3857
1500.0790679454803, 1.3002, 3.4884, 825.169
1502.0791599750519, 1.3002, 3.4885, 824.9587
1504.0792410373688, 1.3002, 3.4886, 824.7785
1506.0793585777283, 1.3002, 3.4886, 824.6425
1508.07945728302, 1.3002, 3.4886, 824.5541
1510.0795645713806, 1.3002, 3.4887, 824.5507
1512.079645395279, 1.3002, 3.4888, 824.6181
1514.079729795456, 1.3002, 3.4888, 824.6105
1516.0798225402832, 1.3002, 3.4887, 824.4452
1518.0799090862274, 1.3002, 3.4887, 824.3195
1520.0800020694733, 1.3002, 3.4887, 824.2159
1522.0800940990448, 1.3002, 3.4887, 824.0975
1524.0801837444305, 1.3002, 3.4887, 823.8898
1526.0802657604218, 1.3002, 3.4889, 823.7345
1528.0803875923157, 1.3002, 3.4889, 823.7015
1530.080491065979, 1.3002, 3.489, 823.6366
1532.080579996109, 1.3002, 3.489, 823.4986
1534.080705165863, 1.3002, 3.4892, 823.5872
1536.0808155536652, 1.3002, 3.4893, 823.5088
1538.0809502601624, 1.3002, 3.4893, 823.427
1540.0810434818268, 1.3002, 3.4893, 823.3244
1542.081158399582, 1.3002, 3.4893, 823.2548
1544.0812783241272, 1.3002, 3.4892, 823.1297
1546.0813672542572, 1.3002, 3.4895, 823.0576
1548.0814838409424, 1.3002, 3.4893, 823.0102
1550.081585407257, 1.3002, 3.4894, 822.9446
1552.0817036628723, 1.3002, 3.4894, 822.8029
1554.0818183422089, 1.3002, 3.4895, 822.7032
1556.0819175243378, 1.3002, 3.4896, 822.6101
1558.0820116996765, 1.3002, 3.4895, 822.5334
1560.0821180343628, 1.3002, 3.4896, 822.4107
1562.0822114944458, 1.3002, 3.4896, 822.2542
1564.082308292389, 1.3002, 3.4897, 822.0826
1566.0823993682861, 1.3002, 3.4898, 821.8901
1568.0824873447418, 1.3002, 3.4898, 821.649
1570.082596063614, 1.3002, 3.4898, 821.5249
1572.0826869010925, 1.3002, 3.4898, 821.5164
1574.0827858448029, 1.3002, 3.49, 821.4907
1576.0828759670258, 1.3002, 3.49, 821.3988
1578.0829718112946, 1.3002, 3.49, 821.3368
1580.0830776691437, 1.3002, 3.4902, 821.2724
1582.0831980705261, 1.3002, 3.4903, 821.2555
1584.0833082199097, 1.3002, 3.4904, 821.2659
1586.0834095478058, 1.3002, 3.4902, 821.1408
1588.0835070610046, 1.3002, 3.4901, 821.0553
1590.0836086273193, 1.3002, 3.4902, 820.9556
1592.0837213993073, 1.3002, 3.4903, 820.926
1594.0838248729706, 1.3002, 3.4904, 820.7784
1596.083933353424, 1.3002, 3.4903, 820.5679
1598.0840382575989, 1.3002, 3.4903, 820.41
1600.0841464996338, 1.3002, 3.4904, 820.3795
1602.0842473506927, 1.3002, 3.4905, 820.2359
1604.0843863487244, 1.3002, 3.4906, 820.0941
1606.0844824314117, 1.3002, 3.4906, 819.939
1608.084604024887, 1.3002, 3.4907, 819.8062
1610.0847079753876, 1.3002, 3.4907, 819.7636
1612.0848009586334, 1.3002, 3.4908, 819.7333
1614.0849077701569, 1.3002, 3.4906, 819.5557
1616.085019826889, 1.3002, 3.4907, 819.3967
1618.0851311683655, 1.3002, 3.4908, 819.2604
1620.0852510929108, 1.3002, 3.4908, 819.1567
1622.085351228714, 1.3002, 3.4908, 819.0541
1624.0854518413544, 1.3002, 3.4907, 818.9831
1626.0855391025543, 1.3002, 3.4908, 818.9014
1628.0856204032898, 1.3002, 3.4908, 818.7771
1630.085699081421, 1.3002, 3.491, 818.6969
1632.0857877731323, 1.3002, 3.491, 818.6341
1634.0858891010284, 1.3001, 3.4911, 818.6204
1636.085983991623, 1.3002, 3.4911, 818.6319
1638.086072921753, 1.3002, 3.4912, 818.6664
1640.086181640625, 1.3002, 3.4913, 818.5749
1642.0862832069397, 1.3002, 3.4913, 818.3819
1644.0863823890686, 1.3002, 3.4913, 818.1892
1646.0864896774292, 1.3002, 3.4913, 817.9851
1648.0866000652313, 1.3002, 3.4915, 817.8459
1650.0867352485657, 1.3002, 3.4916, 817.8056
1652.0868380069733, 1.3002, 3.4917, 817.7018
1654.0869355201721, 1.3002, 3.4918, 817.5822
1656.0870373249054, 1.3002, 3.4918, 817.3794
1658.0871393680573, 1.3002, 3.4917, 817.2954
1660.0872457027435, 1.3002, 3.4918, 817.1751
1662.087363243103, 1.3002, 3.4919, 817.0415
1664.0874633789062, 1.3002, 3.4921, 816.9199
1666.0875616073608, 1.3002, 3.492, 816.8825
1668.0876507759094, 1.3002, 3.492, 816.887
1670.0877430438995, 1.3002, 3.492, 816.9075
1672.0878455638885, 1.3002, 3.4921, 816.8538
1674.087955236435, 1.3002, 3.4921, 816.7758
1676.088057756424, 1.3002, 3.4921, 816.681
1678.0881502628326, 1.3002, 3.4921, 816.6939
1680.0882377624512, 1.3002, 3.4922, 816.7094
1682.0883376598358, 1.3002, 3.4921, 816.7969
1684.0884201526642, 1.3002, 3.4921, 816.7869
1686.088506937027, 1.3002, 3.4921, 816.786
1688.0885972976685, 1.3002, 3.4922, 816.8105
1690.0886988639832, 1.3002, 3.4922, 816.7999
1692.0888061523438, 1.3002, 3.4922, 816.7119
1694.088907957077, 1.3002, 3.4922, 816.5363
1696.088998556137, 1.3002, 3.4924, 816.3132
1698.089102268219, 1.3002, 3.4925, 816.1281
1700.0891885757446, 1.3002, 3.4924, 815.9136
1702.0892684459686, 1.3002, 3.4925, 815.7641
1704.0893688201904, 1.3002, 3.4926, 815.6302
1706.0894529819489, 1.3002, 3.4927, 815.4668
1708.0895533561707, 1.3002, 3.4928, 815.3456
1710.0896372795105, 1.3002, 3.4929, 815.1778
1712.089720249176, 1.3002, 3.4928, 815.3016
1714.0898213386536, 1.3002, 3.4928, 815.3737
1716.0899040699005, 1.3002, 3.4928, 815.4008
1718.0899963378906, 1.3002, 3.4927, 815.2069
1720.0900933742523, 1.3002, 3.4927, 815.1007
1722.0902349948883, 1.3002, 3.4928, 815.17
1724.0903370380402, 1.3002, 3.4928, 815.241
1726.090441942215, 1.3002, 3.4928, 815.209
1728.090525150299, 1.3002, 3.4928, 815.1414
1730.090610742569, 1.3002, 3.4929, 815.0263
1732.0906910896301, 1.3002, 3.4931, 814.9549
1734.090793132782, 1.3002, 3.4929, 814.9421
1736.0908770561218, 1.3002, 3.4929, 814.8546
1738.0910105705261, 1.3002, 3.4931, 814.7387
1740.0911049842834, 1.3002, 3.4932, 814.6014
1742.0912370681763, 1.3002, 3.4932, 814.4792
1744.0913245677948, 1.3002, 3.4932, 814.2811
1746.0914099216461, 1.3002, 3.4933, 814.0879
1748.0914969444275, 1.3002, 3.4933, 813.959
1750.0915801525116, 1.3002, 3.4934, 813.8167
1752.0916664600372, 1.3002, 3.4935, 813.631
1754.0917534828186, 1.3002, 3.4935, 813.4957
1756.091834306717, 1.3002, 3.4935, 813.3607
1758.0919365882874, 1.3002, 3.4936, 813.24
1760.0920391082764, 1.3002, 3.4936, 813.0617
1762.092176914215, 1.3002, 3.4937, 813.0078
1764.0922784805298, 1.3002, 3.4937, 812.955
1766.0923750400543, 1.3002, 3.4938, 812.897
1768.0924756526947, 1.3002, 3.4938, 812.8051
1770.0925946235657, 1.3002, 3.4937, 812.7358
1772.0926821231842, 1.3002, 3.4937, 812.6718
1774.0927731990814, 1.3002, 3.4938, 812.6098
1776.0928812026978, 1.3002, 3.4939, 812.5655
1778.092983007431, 1.3002, 3.494, 812.4629
1780.093070268631, 1.3002, 3.494, 812.4433
1782.0931746959686, 1.3002, 3.494, 812.4424
1784.093269109726, 1.3002, 3.4941, 812.4246
1786.0933692455292, 1.3002, 3.494, 812.3834
1788.0934550762177, 1.3002, 3.494, 812.3546
1790.093561887741, 1.3002, 3.494, 812.3199
1792.0936427116394, 1.3002, 3.4939, 812.27
1794.0937476158142, 1.3002, 3.4941, 812.1802
1796.093853712082, 1.3002, 3.4941, 811.998
1798.0939600467682, 1.3002, 3.4942, 811.8392
1800.0940449237823, 1.3002, 3.4943, 811.7226
1802.0941824913025, 1.3002, 3.4943, 811.6397
1804.0942778587341, 1.3002, 3.4944, 811.508
1806.0944180488586, 1.3002, 3.4943, 811.3662
1808.0945193767548, 1.3002, 3.4945, 811.2226
1810.0946338176727, 1.3002, 3.4945, 811.122
1812.095138311386, 1.3002, 3.4946, 811.0257
1814.0952351093292, 1.3002, 3.4946, 810.9132
1816.0953330993652, 1.3002, 3.4947, 810.7496
1818.095426082611, 1.3002, 3.4947, 810.532
1820.0955259799957, 1.3002, 3.4948, 810.3425
1822.0956399440765, 1.3002, 3.4948, 810.2623
1824.0957372188568, 1.3002, 3.4949, 809.9627
1826.0958309173584, 1.3002, 3.4948, 809.7137
1828.0959303379059, 1.3002, 3.4949, 809.5042
1830.0960307121277, 1.3002, 3.4949, 809.3038
1832.0961232185364, 1.3002, 3.4951, 809.18
1834.0962302684784, 1.3002, 3.4951, 809.1159
1836.0963666439056, 1.3002, 3.4953, 808.9803
1838.0964667797089, 1.3002, 3.4952, 808.939
1840.096570968628, 1.3002, 3.4953, 808.9019
1842.0967063903809, 1.3002, 3.4954, 808.896
1844.0968165397644, 1.3002, 3.4955, 808.8787
1846.0969495773315, 1.3002, 3.4954, 808.8662
1848.097093820572, 1.3002, 3.4955, 808.9364
1850.0971949100494, 1.3002, 3.4955, 809.0084
1852.097291469574, 1.3002, 3.4955, 809.2399
1854.0973949432373, 1.3002, 3.4956, 809.3865
1856.0974946022034, 1.3002, 3.4955, 809.3838
1858.0976004600525, 1.3002, 3.4955, 809.2368
1860.0976927280426, 1.3002, 3.4956, 809.1773
1862.0978028774261, 1.3002, 3.4956, 809.154
1864.0979115962982, 1.3002, 3.4955, 809.0537
1866.0980215072632, 1.3002, 3.4956, 808.9455
1868.098120212555, 1.3002, 3.4957, 808.8671
1870.0982089042664, 1.3002, 3.4958, 808.8322
1872.098307609558, 1.3002, 3.4957, 808.8211
1874.0983893871307, 1.3002, 3.4957, 808.7859
1876.0985312461853, 1.3002, 3.4959, 808.821
1878.0986304283142, 1.3002, 3.4959, 808.8206
1880.098713874817, 1.3002, 3.4957, 808.7744
1882.0988011360168, 1.3002, 3.4957, 808.6938
1884.098917722702, 1.3002, 3.4958, 808.6779
1886.0990192890167, 1.3002, 3.4959, 808.7123
1888.0991201400757, 1.3002, 3.4958, 808.7971
1890.09921002388, 1.3002, 3.4959, 808.9212
1892.0992946624756, 1.3002, 3.4958, 808.8774
1894.0994029045105, 1.3002, 3.496, 808.794
1896.0994899272919, 1.3002, 3.4959, 808.6976
1898.099594116211, 1.3002, 3.496, 808.5392
1900.099693775177, 1.3002, 3.4959, 808.6886
1902.0997953414917, 1.3002, 3.4961, 808.8739
1904.0999093055725, 1.3002, 3.4959, 808.822
1906.1000077724457, 1.3002, 3.4959, 808.856
1908.1000950336456, 1.3002, 3.4959, 808.8567
1910.1001863479614, 1.3002, 3.4959, 808.9015
1912.1002786159515, 1.3002, 3.496, 808.9129
1914.1003646850586, 1.3002, 3.4958, 808.8976
1916.1004655361176, 1.3002, 3.496, 808.8139
1918.1005635261536, 1.3002, 3.496, 808.6087
1920.1006722450256, 1.3002, 3.4961, 808.3761
1922.1007719039917, 1.3002, 3.4961, 808.1516
1924.100904226303, 1.3001, 3.4962, 807.9064
1926.101007938385, 1.3002, 3.4962, 807.6766
1928.1011090278625, 1.3002, 3.4962, 807.6894
1930.1011981964111, 1.3002, 3.4963, 807.7052
1932.1012995243073, 1.3002, 3.4962, 807.6442
1934.101435661316, 1.3002, 3.4962, 807.4793
1936.1015188694, 1.3002, 3.4964, 807.3172
1938.1016645431519, 1.3002, 3.4964, 807.0326
1940.1017560958862, 1.3002, 3.4964, 806.8337
1942.1018438339233, 1.3002, 3.4965, 806.768
1944.1019542217255, 1.3002, 3.4965, 806.7077
1946.1020617485046, 1.3002, 3.4966, 806.6499
1948.1021611690521, 1.3002, 3.4965, 806.6018
1950.102261543274, 1.3002, 3.4966, 806.4201
1952.1023623943329, 1.3002, 3.4966, 806.2517
1954.1024479866028, 1.3002, 3.4966, 806.0864
1956.102549791336, 1.3002, 3.4967, 806.087
1958.1026368141174, 1.3002, 3.4967, 806.1663
1960.1027369499207, 1.3002, 3.4967, 806.1541
1962.1028633117676, 1.3002, 3.4969, 806.2066
1964.1029648780823, 1.3002, 3.4968, 806.1099
1966.1030957698822, 1.3002, 3.4969, 806.0761
1968.103182554245, 1.3002, 3.497, 806.0548
1970.1032829284668, 1.3002, 3.497, 805.9854
1972.1033818721771, 1.3002, 3.497, 805.8818
1974.1034846305847, 1.3002, 3.4971, 805.911
1976.1035645008087, 1.3002, 3.4972, 805.9041
1978.1036703586578, 1.3002, 3.497, 805.708
1980.103786945343, 1.3002, 3.497, 805.7008
1982.1038901805878, 1.3002, 3.4971, 805.7602
1984.1039898395538, 1.3002, 3.4971, 805.7799
1986.10409283638, 1.3002, 3.497, 805.7142
1988.1041951179504, 1.3002, 3.4971, 805.8166
1990.104279756546, 1.3002, 3.497, 805.9193
1992.1043803691864, 1.3002, 3.497, 806.0867
1994.1044805049896, 1.3002, 3.497, 806.2644
1996.10458111763, 1.3002, 3.4969, 806.4695
1998.1046862602234, 1.3002, 3.497, 806.347
2000.104786157608, 1.3002, 3.497, 806.3038
2002.10488986969, 1.3002, 3.497, 806.2937
2004.1049904823303, 1.3002, 3.497, 806.2983
2006.1050748825073, 1.3002, 3.4968, 806.1701
2008.1051638126373, 1.3002, 3.497, 806.1475
2010.1052482128143, 1.3002, 3.497, 806.1123
2012.1053471565247, 1.3002, 3.497, 806.0693
2014.1054351329803, 1.3002, 3.4971, 806.0054
2016.105544090271, 1.3002, 3.4971, 805.8316
2018.1056458950043, 1.3002, 3.4972, 805.6271
2020.1057481765747, 1.3002, 3.4973, 805.447
2022.1058337688446, 1.3002, 3.4974, 805.2871
2024.105937719345, 1.3002, 3.4973, 805.192
2026.106038093567, 1.3002, 3.4974, 805.2223
2028.106137752533, 1.3002, 3.4973, 805.1903
2030.1062395572662, 1.3002, 3.4974, 805.1625
2032.1063237190247, 1.3002, 3.4974, 805.1043
2034.1064562797546, 1.3002, 3.4974, 804.966
2036.1065557003021, 1.3002, 3.4974, 804.8385
2038.1066544055939, 1.3002, 3.4975, 804.6851
2040.1067879199982, 1.3002, 3.4976, 804.494
2042.1068766117096, 1.3002, 3.4976, 804.3757
2044.1070108413696, 1.3002, 3.4977, 804.365
2046.10711312294, 1.3002, 3.4978, 804.3806
2048.1072494983673, 1.3002, 3.4978, 804.3781
2050.1073727607727, 1.3002, 3.4977, 804.3244
2052.1074724197388, 1.3002, 3.4977, 804.2532
2054.1075744628906, 1.3002, 3.4978, 804.1486
2056.1076822280884, 1.3002, 3.4978, 804.1563
2058.10778260231, 1.3002, 3.4978, 804.154
2060.1078758239746, 1.3002, 3.4978, 804.0968
2062.1079766750336, 1.3002, 3.4979, 804.0039
2064.1080741882324, 1.3002, 3.498, 803.9617
2066.1081581115723, 1.3002, 3.4979, 804.0215
2068.1082923412323, 1.3002, 3.4979, 804.0278
2070.1084253787994, 1.3002, 3.4978, 803.8455
2072.108515024185, 1.3002, 3.4979, 803.7401
2074.1086184978485, 1.3002, 3.4981, 803.6633
2076.1087222099304, 1.3002, 3.498, 803.5528
2078.1088247299194, 1.3002, 3.498, 803.4376
2080.108906507492, 1.3002, 3.498, 803.4231
2082.108991622925, 1.3002, 3.4982, 803.3633
2084.1090939044952, 1.3002, 3.4981, 803.2904
2086.1092314720154, 1.3002, 3.4982, 803.3162
2088.109364271164, 1.3002, 3.4981, 803.2007
2090.1094591617584, 1.3002, 3.4984, 803.0344
2092.109560728073, 1.3002, 3.4983, 803.0599
2094.109663963318, 1.3002, 3.4982, 802.8937
2096.109795331955, 1.3002, 3.4983, 802.7991
2098.1098868846893, 1.3002, 3.4984, 802.727
2100.1099922657013, 1.3002, 3.4984, 802.8913
2102.1100878715515, 1.3002, 3.4983, 802.8879
2104.1102204322815, 1.3002, 3.4983, 802.9021
2106.11035490036, 1.3002, 3.4984, 803.0333
2108.1104896068573, 1.3002, 3.4982, 802.9926
2110.110580921173, 1.3002, 3.4982, 803.0907
2112.110669374466, 1.3002, 3.4982, 803.1037
2114.1107721328735, 1.3002, 3.4982, 803.2669
2116.1108541488647, 1.3001, 3.4982, 803.3365
2118.1109597682953, 1.3002, 3.4981, 803.4552
2120.1110606193542, 1.3002, 3.4983, 803.4975
2122.1111426353455, 1.3002, 3.4982, 803.4753
2124.11124253273, 1.3002, 3.4981, 803.4577
2126.111358642578, 1.3001, 3.498, 803.3769
2128.11146068573, 1.3002, 3.4982, 803.3233
2130.1115624904633, 1.3002, 3.498, 803.3237
2132.1116514205933, 1.3002, 3.4982, 803.3274
2134.1117537021637, 1.3002, 3.4981, 803.2831
2136.111844778061, 1.3002, 3.4981, 803.2436
2138.111973285675, 1.3002, 3.4981, 803.2421
2140.112076282501, 1.3002, 3.4982, 803.1871
2142.112215280533, 1.3002, 3.4984, 803.1112
2144.1122975349426, 1.3002, 3.4983, 803.0035
2146.1123974323273, 1.3002, 3.4984, 802.8107
2148.1125366687775, 1.3002, 3.4985, 802.6942
2150.112622499466, 1.3002, 3.4985, 802.4818
2152.1127490997314, 1.3002, 3.4986, 802.2864
2154.1128494739532, 1.3002, 3.4987, 802.1717
2156.1129512786865, 1.3002, 3.4986, 802.0929
2158.113052845001, 1.3002, 3.4988, 801.9918
2160.1131539344788, 1.3002, 3.4988, 801.8728
2162.1132323741913, 1.3002, 3.4988, 801.741
2164.113337278366, 1.3002, 3.4988, 801.6726
2166.1134662628174, 1.3002, 3.4989, 801.6864
2168.1135671138763, 1.3002, 3.4989, 801.6229
2170.113649368286, 1.3002, 3.499, 801.5974
2172.113742351532, 1.3002, 3.499, 801.4919
2174.113843679428, 1.3002, 3.4991, 801.3475
2176.1139290332794, 1.3002, 3.4992, 801.2876
2178.1140644550323, 1.3002, 3.4992, 801.3005
2180.1141967773438, 1.3002, 3.4992, 801.2749
2182.114305496216, 1.3002, 3.4992, 801.2506
2184.114408493042, 1.3002, 3.4992, 801.2483
2186.114516735077, 1.3002, 3.4993, 801.2048
2188.114599466324, 1.3002, 3.4993, 801.0881
2190.114688396454, 1.3002, 3.4994, 800.9464
2192.1147701740265, 1.3002, 3.4994, 800.8058
2194.114861011505, 1.3002, 3.4994, 800.7417
2196.1149418354034, 1.3002, 3.4992, 800.7728
2198.1150362491608, 1.3002, 3.4994, 800.6979
2200.1151700019836, 1.3002, 3.4995, 800.5756
2202.115272283554, 1.3002, 3.4994, 800.4858
2204.115366458893, 1.3002, 3.4995, 800.5443
2206.1154639720917, 1.3002, 3.4994, 800.6082
2208.1155982017517, 1.3002, 3.4995, 800.6822
2210.115705013275, 1.3002, 3.4994, 800.7029
2212.11580657959, 1.3002, 3.4994, 800.7
2214.1159036159515, 1.3002, 3.4994, 800.5997
2216.116006374359, 1.3002, 3.4996, 800.6396
2218.1161432266235, 1.3002, 3.4993, 800.7002
2220.1162326335907, 1.3002, 3.4995, 800.7119
2222.116334915161, 1.3002, 3.4995, 800.6059
2224.1164152622223, 1.3002, 3.4995, 800.5063
2226.116515159607, 1.3002, 3.4995, 800.556
2228.1168212890625, 1.3002, 3.4995, 800.4544
2230.116926908493, 1.3002, 3.4995, 800.3398
2232.1170270442963, 1.3002, 3.4995, 800.395
2234.11732673645, 1.3002, 3.4996, 800.592
2236.117428302765, 1.3002, 3.4995, 800.8289
2238.1175303459167, 1.3002, 3.4994, 800.8284
2240.1176311969757, 1.3002, 3.4994, 800.7607
2242.1177337169647, 1.3002, 3.4995, 800.76
2244.1178648471832, 1.3002, 3.4996, 800.7538
2246.117998600006, 1.3002, 3.4997, 800.5234
2248.1180906295776, 1.3002, 3.4995, 800.3543
2250.1181919574738, 1.3002, 3.4996, 800.2416
2252.118290424347, 1.3002, 3.4997, 799.9349
2254.118401527405, 1.3002, 3.4997, 799.7731
2256.1185014247894, 1.3002, 3.4997, 799.6941
2258.1185898780823, 1.3002, 3.4997, 799.67
2260.11869597435, 1.3002, 3.4998, 799.6224
2262.1187970638275, 1.3002, 3.4999, 799.5494
2264.1188971996307, 1.3002, 3.5, 799.4676
2266.118999004364, 1.3002, 3.5, 799.3836
2268.1190969944, 1.3002, 3.5001, 799.3401
2270.1191997528076, 1.3002, 3.5001, 799.4472
2272.119300365448, 1.3002, 3.5001, 799.358
2274.1194014549255, 1.3002, 3.5, 799.1702
2276.1195011138916, 1.3002, 3.5001, 798.9936
2278.119600534439, 1.3002, 3.5002, 798.9092
2280.1196966171265, 1.3002, 3.5001, 798.7794
2282.1197969913483, 1.3002, 3.5003, 798.7914
2284.11989235878, 1.3002, 3.5004, 798.7698
2286.119991540909, 1.3002, 3.5004, 798.8182
2288.1200926303864, 1.3002, 3.5004, 798.8741
2290.1201996803284, 1.3002, 3.5004, 798.9526
2292.120301961899, 1.3002, 3.5004, 798.964
2294.1204087734222, 1.3002, 3.5003, 798.933
2296.1205010414124, 1.3002, 3.5003, 798.8817
2298.1206028461456, 1.3002, 3.5003, 798.8668
2300.1207048892975, 1.3002, 3.5004, 798.8483
2302.1208112239838, 1.3002, 3.5003, 798.8011
2304.12092256546, 1.3002, 3.5004, 798.6836
2306.121027469635, 1.3002, 3.5004, 798.6895
2308.121123790741, 1.3002, 3.5004, 798.7607
2310.121206998825, 1.3002, 3.5006, 798.7488
2312.1213488578796, 1.3002, 3.5005, 798.7419
2314.1214878559113, 1.3002, 3.5005, 798.9431
2316.1215891838074, 1.3002, 3.5003, 798.9583
2318.1216897964478, 1.3002, 3.5005, 798.8805
2320.1217925548553, 1.3002, 3.5004, 798.8238
2322.121895313263, 1.3002, 3.5005, 798.7475
2324.1219959259033, 1.3002, 3.5005, 798.7365
2326.122084379196, 1.3002, 3.5005, 798.7408
2328.122171640396, 1.3002, 3.5005, 798.6154
2330.122256755829, 1.3002, 3.5005, 798.4205
2332.1223578453064, 1.3002, 3.5005, 798.232
2334.1224439144135, 1.3002, 3.5005, 798.0506
2336.1225352287292, 1.3002, 3.5006, 797.8901
2338.122637271881, 1.3002, 3.5008, 797.7457
2340.1227757930756, 1.3002, 3.5007, 797.6275
2342.1228773593903, 1.3002, 3.5008, 797.5455
2344.122977256775, 1.3002, 3.5009, 797.3064
2346.123077392578, 1.3002, 3.501, 797.1968
2348.1231746673584, 1.3002, 3.5011, 797.1751
2350.1232585906982, 1.3002, 3.5011, 797.1539
2352.1233565807343, 1.3002, 3.501, 797.0532
2354.1234414577484, 1.3002, 3.5012, 797.0686
2356.123584985733, 1.3002, 3.5011, 796.779
2358.1236724853516, 1.3002, 3.5011, 796.6019
2360.1237828731537, 1.3002, 3.5012, 796.4617
2362.123883485794, 1.3002, 3.5011, 796.3724
2364.123965740204, 1.3002, 3.5011, 796.4599
2366.1240553855896, 1.3002, 3.5012, 796.5497
2368.124165058136, 1.3002, 3.5012, 796.5571
2370.124286174774, 1.3002, 3.5012, 796.5195
2372.124440908432, 1.3002, 3.5013, 796.5771
2374.124528169632, 1.3001, 3.5012, 796.631
2376.1246361732483, 1.3001, 3.5013, 796.6384
2378.1247458457947, 1.3002, 3.5012, 796.6332
2380.124829530716, 1.3002, 3.5013, 796.6251
2382.1249141693115, 1.3002, 3.5013, 796.6054
2384.1250207424164, 1.3002, 3.5013, 796.6343
2386.1251690387726, 1.3002, 3.5013, 796.5995
2388.1252551078796, 1.3002, 3.5012, 796.5519
2390.1253407001495, 1.3002, 3.5014, 796.4468
2392.125428915024, 1.3002, 3.5014, 796.4575
2394.125514268875, 1.3002, 3.5014, 796.3804
2396.1256153583527, 1.3001, 3.5014, 796.3057
2398.1257224082947, 1.3002, 3.5015, 796.3241
2400.1258080005646, 1.3002, 3.5014, 796.3816
2402.125888824463, 1.3002, 3.5015, 796.1885
2404.1259665489197, 1.3002, 3.5014, 795.9529
2406.1260664463043, 1.3002, 3.5014, 795.7044
2408.1261620521545, 1.3002, 3.5015, 795.4548
2410.1262950897217, 1.3002, 3.5017, 795.2395
2412.1263942718506, 1.3002, 3.5017, 795.1892
2414.126540660858, 1.3002, 3.5018, 795.2908
2416.1266419887543, 1.3002, 3.5018, 795.4471
2418.1267426013947, 1.3002, 3.5017, 795.6418
2420.126829147339, 1.3002, 3.5017, 795.6928
2422.1269314289093, 1.3002, 3.5017, 795.7271
2424.1270322799683, 1.3002, 3.5018, 795.7389
2426.1271352767944, 1.3002, 3.5016, 795.6939
2428.1272370815277, 1.3002, 3.5017, 795.6175
2430.1273806095123, 1.3002, 3.5018, 795.5565
2432.127482175827, 1.3002, 3.5019, 795.654
2434.1275811195374, 1.3002, 3.5018, 795.6608
2436.1276848316193, 1.3002, 3.5018, 795.6781
2438.127767801285, 1.3002, 3.5018, 795.7059
2440.127872467041, 1.3002, 3.5019, 795.7543
2442.127956390381, 1.3002, 3.5019, 795.7731
2444.1280555725098, 1.3002, 3.5018, 795.6707
2446.1281595230103, 1.3002, 3.5019, 795.6784
2448.128244638443, 1.3002, 3.5019, 795.6919
2450.12832736969, 1.3002, 3.5019, 795.689
2452.128430366516, 1.3002, 3.5017, 795.6617
2454.128536462784, 1.3002, 3.5017, 795.7127
2456.1286227703094, 1.3002, 3.5017, 795.7413
2458.1287059783936, 1.3002, 3.5018, 795.7204
2460.1288135051727, 1.3002, 3.5016, 795.6883
2462.1289212703705, 1.3002, 3.5016, 795.5965
2464.1290254592896, 1.3002, 3.5018, 795.5875
2466.1291608810425, 1.3002, 3.5018, 795.5473
2468.1292955875397, 1.3002, 3.5019, 795.4949
2470.129382610321, 1.3002, 3.5018, 795.3879
2472.129477262497, 1.3002, 3.5019, 795.2861
2474.1296169757843, 1.3002, 3.5021, 795.316
2476.12975525856, 1.3002, 3.5021, 795.3327
2478.1298592090607, 1.3002, 3.5021, 795.2791
2480.1299629211426, 1.3002, 3.5023, 795.1333
2482.1300642490387, 1.3001, 3.5021, 794.9662
2484.1301469802856, 1.3002, 3.5021, 794.8998
2486.1302473545074, 1.3002, 3.5023, 794.7444
2488.130350589752, 1.3002, 3.5024, 794.6749
2490.1304626464844, 1.3001, 3.5023, 794.4676
2492.130568265915, 1.3001, 3.5024, 794.4304
2494.1306717395782, 1.3001, 3.5025, 794.4784
2496.1307780742645, 1.3002, 3.5025, 794.5268
2498.1308648586273, 1.3002, 3.5025, 794.6197
2500.1309685707092, 1.3001, 3.5025, 794.5333
2502.1310703754425, 1.3002, 3.5026, 794.4807
2504.1311531066895, 1.3001, 3.5025, 794.486
2506.1312363147736, 1.3001, 3.5025, 794.4586
2508.1313376426697, 1.3002, 3.5025, 794.5178
2510.1314826011658, 1.3002, 3.5023, 794.5818
2512.131590127945, 1.3002, 3.5023, 794.5634
2514.131697177887, 1.3002, 3.5023, 794.4833
2516.131793498993, 1.3002, 3.5023, 794.3955
2518.1319324970245, 1.3002, 3.5024, 794.358
2520.1320400238037, 1.3002, 3.5024, 794.2724
2522.1321413517, 1.3002, 3.5025, 794.1732
2524.1322269439697, 1.3002, 3.5025, 794.1183
2526.132328748703, 1.3002, 3.5026, 794.0128
2528.13240981102, 1.3002, 3.5027, 793.9412
2530.1324923038483, 1.3002, 3.5025, 793.9792
2532.1325805187225, 1.3002, 3.5026, 793.81
2534.1326837539673, 1.3002, 3.5026, 793.6566
2536.1327891349792, 1.3002, 3.5026, 793.6248
2538.132898569107, 1.3002, 3.5026, 793.6461
2540.1329901218414, 1.3002, 3.5027, 793.5403
2542.13307595253, 1.3002, 3.5027, 793.2846
2544.1331775188446, 1.3002, 3.5027, 793.0197
2546.133257627487, 1.3002, 3.5028, 792.801
2548.13339138031, 1.3001, 3.5028, 792.7089
2550.1334748268127, 1.3001, 3.5029, 792.634
2552.1336238384247, 1.3001, 3.5029, 792.6567
2554.1337196826935, 1.3001, 3.5029, 792.6325
2556.1338646411896, 1.3002, 3.503, 792.5087
2558.134011030197, 1.3002, 3.503, 792.4571
2560.134119749069, 1.3002, 3.5031, 792.374
2562.1342227458954, 1.3002, 3.5031, 792.3881
2564.134330511093, 1.3002, 3.5031, 792.5782
2566.1344151496887, 1.3002, 3.503, 792.7274
2568.134514808655, 1.3001, 3.5031, 792.7366
2570.134603023529, 1.3001, 3.5031, 792.681
2572.134687900543, 1.3002, 3.503, 792.6703
2574.134773492813, 1.3002, 3.503, 792.7318
2576.1348752975464, 1.3002, 3.5031, 792.8211
2578.1349773406982, 1.3001, 3.5031, 792.9573
2580.135078907013, 1.3002, 3.503, 793.0239
2582.1351795196533, 1.3002, 3.5031, 793.0415
2584.135265111923, 1.3002, 3.5031, 793.0031
2586.135370492935, 1.3002, 3.5032, 793.0065
2588.135469198227, 1.3002, 3.5032, 792.912
2590.135554790497, 1.3002, 3.503, 792.9405
2592.1356568336487, 1.3002, 3.503, 792.9573
2594.1357588768005, 1.3002, 3.503, 792.9515
2596.1358499526978, 1.3002, 3.5031, 792.9639
2598.1359536647797, 1.3002, 3.5032, 792.968
2600.1360466480255, 1.3002, 3.5032, 792.9181
2602.1361281871796, 1.3002, 3.5031, 792.8289
2604.1362311840057, 1.3002, 3.5031, 792.7305
2606.1363105773926, 1.3002, 3.5032, 792.6595
2608.136416196823, 1.3002, 3.5032, 792.5822
2610.136503458023, 1.3002, 3.5031, 792.6195
2612.1366369724274, 1.3002, 3.5031, 792.7495
2614.136770248413, 1.3001, 3.503, 792.8566
2616.136867046356, 1.3002, 3.5031, 792.923
2618.136962890625, 1.3002, 3.5029, 792.9539
2620.137050151825, 1.3001, 3.5029, 792.8942
2622.1371519565582, 1.3002, 3.503, 792.8255
2624.1372866630554, 1.3002, 3.5031, 792.8922
2626.1374258995056, 1.3002, 3.5031, 792.8099
2628.1375155448914, 1.3002, 3.5031, 792.6185
2630.1376049518585, 1.3002, 3.5031, 792.4278
2632.137692451477, 1.3002, 3.503, 792.2598
2634.137791633606, 1.3002, 3.5033, 792.1904
2636.137878894806, 1.3002, 3.5032, 791.9773
2638.137982606888, 1.3002, 3.5033, 791.7707
2640.138123035431, 1.3002, 3.5034, 791.6296
2642.1382195949554, 1.3002, 3.5034, 791.6047
2644.1383769512177, 1.3002, 3.5035, 791.6053
2646.138479948044, 1.3002, 3.5036, 791.5748
2648.13858127594, 1.3002, 3.5035, 791.604
2650.138683795929, 1.3002, 3.5037, 791.5551
2652.1387882232666, 1.3002, 3.5037, 791.4843
2654.1388716697693, 1.3002, 3.5037, 791.3508
2656.1389701366425, 1.3002, 3.5037, 791.1709
2658.13907289505, 1.3002, 3.5037, 791.1414
2660.139173269272, 1.3002, 3.5039, 791.0599
2662.139272928238, 1.3002, 3.5038, 791.065
2664.139377593994, 1.3002, 3.5039, 791.0836
2666.1394641399384, 1.3002, 3.5039, 791.1257
2668.1395647525787, 1.3002, 3.5039, 791.1395
2670.139671564102, 1.3001, 3.5039, 791.1281
2672.139823913574, 1.3002, 3.504, 791.1898
2674.1399364471436, 1.3002, 3.5039, 791.1523
2676.140039205551, 1.3002, 3.5039, 791.0576
2678.1401360034943, 1.3001, 3.5038, 790.8708
2680.140232563019, 1.3001, 3.5038, 790.8907
2682.1403131484985, 1.3002, 3.5038, 790.8886
2684.14040017128, 1.3001, 3.5037, 790.7406
2686.1405029296875, 1.3002, 3.5038, 790.7338
2688.1406030654907, 1.3002, 3.504, 791.0277
2690.140737771988, 1.3002, 3.5039, 791.3138
2692.1408247947693, 1.3002, 3.504, 791.4214
2694.140964269638, 1.3001, 3.5039, 791.1416
2696.1410896778107, 1.3001, 3.5039, 791.0246
2698.141172170639, 1.3002, 3.504, 791.0593
2700.141307115555, 1.3002, 3.5039, 791.0361
2702.1414065361023, 1.3001, 3.5039, 790.9902
2704.141535282135, 1.3002, 3.5039, 790.9891
2706.1416358947754, 1.3002, 3.5039, 790.9502
2708.1417372226715, 1.3002, 3.504, 790.9115
2710.141869544983, 1.3002, 3.5041, 790.774
2712.141969203949, 1.3001, 3.5041, 790.7051
2714.142071247101, 1.3002, 3.5042, 790.5159
2716.1421711444855, 1.3002, 3.5042, 790.3295
2718.1422634124756, 1.3002, 3.5042, 790.2966
2720.1423633098602, 1.3002, 3.5042, 790.1515
2722.142463207245, 1.3002, 3.5043, 790.065
2724.1425631046295, 1.3002, 3.5042, 790.0811
2726.1426615715027, 1.3002, 3.5043, 790.11
2728.1427671909332, 1.3002, 3.5043, 790.1729
2730.1428701877594, 1.3002, 3.5043, 790.1826
2732.1430082321167, 1.3002, 3.5043, 790.1521
2734.1431300640106, 1.3001, 3.5043, 790.0798
2736.1432344913483, 1.3002, 3.5045, 790.0584
2738.14337682724, 1.3002, 3.5043, 790.037
2740.1435182094574, 1.3002, 3.5044, 789.9435
2742.1436212062836, 1.3002, 3.5044, 790.0495
2744.1437513828278, 1.3002, 3.5044, 790.0924
2746.143851518631, 1.3001, 3.5043, 790.1223
2748.1439533233643, 1.3002, 3.5045, 790.1846
2750.144052505493, 1.3002, 3.5044, 790.2077
2752.144151687622, 1.3002, 3.5044, 790.2381
2754.144257068634, 1.3002, 3.5044, 790.3095
2756.144357919693, 1.3002, 3.5045, 790.3518
2758.1444551944733, 1.3002, 3.5045, 790.3599
2760.144556760788, 1.3002, 3.5044, 790.36
2762.144653558731, 1.3002, 3.5044, 790.2995
2764.144757270813, 1.3002, 3.5044, 790.2487
2766.1448674201965, 1.3002, 3.5044, 790.178
2768.1449608802795, 1.3002, 3.5046, 790.0977
2770.1450669765472, 1.3002, 3.5046, 790.0127
2772.14515376091, 1.3002, 3.5045, 790.0307
2774.1452519893646, 1.3001, 3.5046, 790.0571
2776.145355463028, 1.3002, 3.5047, 790.1296
2778.1454560756683, 1.3002, 3.5046, 790.0183
2780.1455647945404, 1.3002, 3.5046, 789.8609
2782.1456673145294, 1.3002, 3.5046, 789.7522
2784.1457612514496, 1.3002, 3.5046, 789.7279
2786.145852088928, 1.3002, 3.5045, 789.7555
2788.1459455490112, 1.3002, 3.5044, 789.6744
2790.1460428237915, 1.3002, 3.5044, 789.6519
2792.1461415290833, 1.3002, 3.5043, 789.5598
2794.146278142929, 1.3002, 3.5043, 789.4537
2796.1463754177094, 1.3002, 3.5045, 789.43
2798.146480321884, 1.3002, 3.5045, 789.3768
2800.14656662941, 1.3002, 3.5046, 789.3772
2802.1467015743256, 1.3002, 3.5047, 789.3108
2804.1467859745026, 1.3002, 3.5048, 789.2259
2806.1468784809113, 1.3002, 3.5049, 789.2299
2808.1470096111298, 1.3002, 3.5049, 789.0507
2810.1470909118652, 1.3002, 3.5048, 789.0449
2812.14719247818, 1.3002, 3.5048, 789.073
2814.147300004959, 1.3002, 3.5048, 788.981
2816.1474385261536, 1.3002, 3.5048, 788.8267
2818.1475450992584, 1.3002, 3.5047, 788.7888
2820.1476323604584, 1.3002, 3.5049, 788.8392
2822.1477229595184, 1.3002, 3.5048, 788.8497
2824.1478066444397, 1.3002, 3.5048, 788.7818
2826.147898197174, 1.3002, 3.5049, 788.6842
2828.148032426834, 1.3002, 3.5049, 788.7081
2830.148121356964, 1.3001, 3.505, 788.6535
2832.148210287094, 1.3002, 3.5051, 788.5509
2834.1482989788055, 1.3002, 3.505, 788.539
2836.148402452469, 1.3002, 3.5051, 788.4742
2838.1484849452972, 1.3002, 3.5051, 788.4285
2840.148574113846, 1.3002, 3.505, 788.5227
2842.1486744880676, 1.3002, 3.5051, 788.557
2844.1487782001495, 1.3002, 3.5051, 788.6232
2846.1488869190216, 1.3002, 3.5052, 788.6095
2848.1489770412445, 1.3002, 3.5051, 788.5646
2850.1490800380707, 1.3002, 3.5051, 788.5769
2852.149180650711, 1.3002, 3.5051, 788.623
2854.1492881774902, 1.3002, 3.505, 788.7407
2856.149391412735, 1.3001, 3.5051, 788.745
2858.149528026581, 1.3002, 3.5051, 788.7447
2860.1496312618256, 1.3001, 3.505, 788.7042
2862.149734735489, 1.3001, 3.505, 788.6264
2864.1498358249664, 1.3002, 3.5051, 788.4856
2866.1499361991882, 1.3002, 3.505, 788.513
2868.150015115738, 1.3002, 3.505, 788.4145
2870.1501171588898, 1.3001, 3.5052, 788.2767
2872.150217294693, 1.3001, 3.5051, 788.1732
2874.1503121852875, 1.3001, 3.5052, 788.0572
2876.1504151821136, 1.3001, 3.5052, 787.8901
2878.150516271591, 1.3002, 3.5052, 787.7601
2880.1506221294403, 1.3001, 3.5054, 787.6452
2882.150714635849, 1.3002, 3.5054, 787.5518
2884.150812625885, 1.3002, 3.5054, 787.3122
2886.150913000107, 1.3001, 3.5055, 787.2558
2888.151020050049, 1.3001, 3.5054, 787.1538
2890.1511318683624, 1.3002, 3.5056, 787.1362
2892.1512327194214, 1.3002, 3.5055, 787.1877
2894.1513681411743, 1.3001, 3.5055, 787.2253
2896.15150475502, 1.3001, 3.5055, 787.3202
2898.151600122452, 1.3002, 3.5055, 787.4248
2900.1516885757446, 1.3002, 3.5056, 787.5148
2902.1517910957336, 1.3002, 3.5054, 787.5617
2904.1518943309784, 1.3002, 3.5054, 787.6304
2906.151999950409, 1.3001, 3.5054, 787.6812
2908.1521015167236, 1.3001, 3.5053, 787.6493
2910.152199745178, 1.3002, 3.5055, 787.5813
2912.152297973633, 1.3002, 3.5055, 787.435
2914.152388572693, 1.3002, 3.5056, 787.4662
2916.152494907379, 1.3002, 3.5055, 787.3977
2918.1525976657867, 1.3002, 3.5054, 787.3201
2920.1527049541473, 1.3002, 3.5055, 787.2738
2922.152807712555, 1.3002, 3.5054, 787.2348
2924.1529030799866, 1.3002, 3.5054, 787.2604
2926.153012037277, 1.3001, 3.5054, 787.3061
2928.1531085968018, 1.3002, 3.5054, 787.3422
2930.153217792511, 1.3002, 3.5054, 787.43
2932.1533188819885, 1.3002, 3.5054, 787.4473
2934.1534214019775, 1.3002, 3.5054, 787.4478
2936.1535193920135, 1.3001, 3.5053, 787.4241
2938.1536569595337, 1.3002, 3.5055, 787.4011
2940.153748512268, 1.3002, 3.5056, 787.3507
2942.15385222435, 1.3002, 3.5055, 787.2778
2944.15393614769, 1.3002, 3.5054, 787.1701
2946.154070854187, 1.3002, 3.5056, 787.1757
2948.1541674137115, 1.3002, 3.5055, 787.2908
2950.154282808304, 1.3002, 3.5057, 787.4014
2952.1543962955475, 1.3002, 3.5056, 787.4877
2954.154525756836, 1.3002, 3.5056, 787.5411
2956.154629468918, 1.3002, 3.5057, 787.4728
2958.154732942581, 1.3002, 3.5057, 787.565
2960.1548392772675, 1.3002, 3.5056, 787.6594
2962.154942750931, 1.3002, 3.5056, 787.7381
2964.155038356781, 1.3002, 3.5056, 787.7837
2966.1551225185394, 1.3002, 3.5055, 787.8008
2968.155225276947, 1.3001, 3.5055, 787.7622
2970.155382871628, 1.3002, 3.5056, 787.6369
2972.155517101288, 1.3002, 3.5056, 787.6019
2974.155650615692, 1.3002, 3.5056, 787.6343
2976.155745744705, 1.3002, 3.5055, 787.6606
2978.15584731102, 1.3002, 3.5056, 787.6461
2980.15598154068, 1.3002, 3.5055, 787.63
2982.1561167240143, 1.3002, 3.5057, 787.6461
2984.15625667572, 1.3001, 3.5056, 787.6213
2986.1563596725464, 1.3002, 3.5054, 787.6251
2988.156448841095, 1.3002, 3.5056, 787.5269
2990.156589269638, 1.3002, 3.5055, 787.3074
2992.156721353531, 1.3002, 3.5055, 787.1633
2994.1568188667297, 1.3001, 3.5056, 787.1998
2996.156937122345, 1.3001, 3.5056, 787.1079
2998.157078027725, 1.3002, 3.5058, 786.9935
3000.157172679901, 1.3002, 3.5058, 786.8789
3002.157279729843, 1.3002, 3.5058, 786.8452
3004.157419204712, 1.3001, 3.5058, 786.7761
3006.1575140953064, 1.3001, 3.5057, 786.6751
3008.157615661621, 1.3002, 3.5058, 786.6087
3010.1577587127686, 1.3001, 3.506, 786.4976
3012.1578934192657, 1.3002, 3.5061, 786.4228
3014.1579778194427, 1.3001, 3.5059, 786.3625
3016.1580712795258, 1.3002, 3.506, 786.483
3018.1581580638885, 1.3002, 3.506, 786.5054
3020.1582522392273, 1.3002, 3.5058, 786.5429
3022.158338546753, 1.3001, 3.5059, 786.4476
3024.1584753990173, 1.3002, 3.5059, 786.3594
3026.15856385231, 1.3002, 3.506, 786.3692
3028.158698320389, 1.3002, 3.5062, 786.4292
3030.1588072776794, 1.3001, 3.506, 786.6064
3032.1589114665985, 1.3002, 3.506, 786.591
3034.159013748169, 1.3002, 3.506, 786.6665
3036.1591765880585, 1.3001, 3.506, 786.8146
3038.1592860221863, 1.3001, 3.506, 786.8655
3040.1594212055206, 1.3001, 3.5059, 786.8252
3042.159514427185, 1.3001, 3.5061, 786.6989
3044.1596088409424, 1.3002, 3.5061, 786.547
3046.1597056388855, 1.3002, 3.506, 786.5092
3048.159806251526, 1.3002, 3.5059, 786.3823
3050.1599402427673, 1.3002, 3.5058, 786.4121
3052.160022497177, 1.3001, 3.5059, 786.3695
3054.1601202487946, 1.3001, 3.5059, 786.2721
3056.160206079483, 1.3001, 3.5059, 786.1847
3058.160307407379, 1.3002, 3.5061, 786.1418
3060.1604087352753, 1.3001, 3.506, 786.0877
3062.1605110168457, 1.3001, 3.506, 785.9318
3064.1606121063232, 1.3002, 3.506, 785.9522
3066.1606945991516, 1.3001, 3.5059, 785.9348
3068.160796880722, 1.3001, 3.506, 785.9177
3070.1609020233154, 1.3001, 3.5059, 785.9119
3072.160986661911, 1.3002, 3.506, 785.8233
3074.1610882282257, 1.3001, 3.5061, 785.7113
3076.1611897945404, 1.3001, 3.5061, 785.6616
3078.161290407181, 1.3001, 3.506, 785.8921
3080.1613948345184, 1.3001, 3.5059, 785.9094
3082.161495923996, 1.3001, 3.5059, 785.8845
3084.1615867614746, 1.3001, 3.5059, 785.9082
3086.161689519882, 1.3001, 3.506, 785.711
3088.161796092987, 1.3001, 3.5061, 785.5631
3090.161905527115, 1.3001, 3.5062, 785.4596
3092.1620078086853, 1.3002, 3.5063, 785.3264
3094.1620926856995, 1.3002, 3.5063, 785.3767
3096.162191390991, 1.3001, 3.5063, 785.3523
3098.1622812747955, 1.3001, 3.5064, 785.5121
3100.1624150276184, 1.3001, 3.5064, 785.5405
3102.1625049114227, 1.3001, 3.5063, 785.5365
3104.162647485733, 1.3001, 3.5062, 785.7619
3106.162749528885, 1.3001, 3.5061, 785.8206
3108.162834882736, 1.3001, 3.5062, 785.6882
3110.1629362106323, 1.3001, 3.5062, 785.6586
3112.163034439087, 1.3001, 3.5063, 785.6305
3114.1631169319153, 1.3001, 3.5063, 785.6925
3116.163206100464, 1.3001, 3.5063, 785.5785
3118.1633071899414, 1.3002, 3.5064, 785.4266
3120.163416862488, 1.3001, 3.5064, 785.309
3122.163501024246, 1.3001, 3.5065, 785.1727
3124.163606405258, 1.3002, 3.5065, 785.0463
3126.1637091636658, 1.3001, 3.5066, 784.9825
3128.1640090942383, 1.3002, 3.5067, 784.9077
3130.1641154289246, 1.3001, 3.5066, 784.7959
3132.1642158031464, 1.3002, 3.5068, 784.55
3134.164320230484, 1.3001, 3.5068, 784.3574
3136.1644253730774, 1.3002, 3.5069, 784.2674
3138.1645274162292, 1.3002, 3.5069, 784.2028
3140.164626598358, 1.3002, 3.5069, 784.0249
3142.1647651195526, 1.3002, 3.5069, 784.0032
3144.1648983955383, 1.3002, 3.5069, 784.0244
3146.1650006771088, 1.3002, 3.5069, 784.0178
3148.165103673935, 1.3002, 3.507, 783.9899
3150.1651980876923, 1.3002, 3.507, 783.9337
3152.1652998924255, 1.3002, 3.507, 783.9372
3154.1653881073, 1.3002, 3.507, 783.9383
3156.165521144867, 1.3002, 3.5069, 783.932
3158.1656177043915, 1.3002, 3.5071, 783.839
3160.165718793869, 1.3002, 3.5071, 783.713
3162.1658005714417, 1.3002, 3.5071, 783.615
3164.165890455246, 1.3002, 3.507, 783.541
3166.1659734249115, 1.3002, 3.5072, 783.5834
3168.1661055088043, 1.3002, 3.5072, 783.5774
3170.1662089824677, 1.3002, 3.5073, 783.6296
3172.1663117408752, 1.3001, 3.5073, 783.4985
3174.1664168834686, 1.3001, 3.5071, 783.5902
3176.166518688202, 1.3001, 3.5071, 783.85
3178.1666593551636, 1.3002, 3.5071, 783.9691
3180.166763305664, 1.3002, 3.5071, 783.9792
3182.16689825058, 1.3001, 3.5071, 783.9854
3184.1670014858246, 1.3002, 3.5071, 783.9708
3186.1671464443207, 1.3002, 3.5073, 783.943
3188.167281150818, 1.3002, 3.5073, 783.897
3190.1674122810364, 1.3002, 3.5072, 783.7777
3192.1675453186035, 1.3002, 3.5074, 783.6687
3194.167647123337, 1.3002, 3.5073, 783.544
3196.1677765846252, 1.3002, 3.5072, 783.4428
3198.16787815094, 1.3001, 3.5074, 783.4064
3200.168012857437, 1.3001, 3.5072, 783.2905
3202.168157339096, 1.3002, 3.5074, 783.1767
3204.1682913303375, 1.3001, 3.5075, 783.158
3206.168377637863, 1.3001, 3.5075, 783.0707
3208.168510913849, 1.3001, 3.5075, 782.8075
3210.168614625931, 1.3002, 3.5076, 782.6585
3212.1687018871307, 1.3001, 3.5076, 782.5691
3214.1688046455383, 1.3001, 3.5076, 782.497
3216.1688997745514, 1.3001, 3.5076, 782.4983
3218.1689960956573, 1.3001, 3.5077, 782.4529
3220.1691019535065, 1.3001, 3.5077, 782.424
3222.1692028045654, 1.3001, 3.5077, 782.4355
3224.169285297394, 1.3001, 3.5077, 782.4823
3226.169387817383, 1.3001, 3.5077, 782.6036
3228.16948056221, 1.3001, 3.5074, 782.7723
3230.169586658478, 1.3001, 3.5075, 782.9132
3232.169668674469, 1.3001, 3.5073, 782.9944
3234.169771671295, 1.3001, 3.5074, 783.0648
3236.169874191284, 1.3002, 3.5074, 783.0996
3238.1699595451355, 1.3001, 3.5073, 783.3311
3240.170047044754, 1.3001, 3.5074, 783.4836
3242.1701283454895, 1.3001, 3.5072, 783.5468
3244.170214176178, 1.3001, 3.5071, 783.5641
3246.1702938079834, 1.3002, 3.507, 783.5261
3248.1703782081604, 1.3001, 3.507, 783.4977
3250.1704819202423, 1.3001, 3.5071, 783.4607
3252.1705832481384, 1.3001, 3.507, 783.4734
3254.170670032501, 1.3001, 3.5072, 783.4476
3256.170773744583, 1.3001, 3.5073, 783.4451
3258.1708784103394, 1.3001, 3.5072, 783.2745
3260.1710205078125, 1.3001, 3.5073, 783.1432
3262.171123981476, 1.3001, 3.5073, 783.0816
3264.1712605953217, 1.3001, 3.5073, 783.0884
3266.171366453171, 1.3001, 3.5075, 783.0344
3268.1715037822723, 1.3001, 3.5075, 783.0661
3270.17160320282, 1.3001, 3.5075, 782.944
3272.1717064380646, 1.3001, 3.5075, 782.6965
3274.171847820282, 1.3001, 3.5075, 782.6138
3276.1719329357147, 1.3001, 3.5076, 782.5047
3278.172033548355, 1.3001, 3.5076, 782.5105
3280.1721382141113, 1.3001, 3.5078, 782.4938
3282.1722404956818, 1.3001, 3.5078, 782.3583
3284.172346830368, 1.3001, 3.5077, 782.1531
3286.172456264496, 1.3001, 3.5077, 782.2283
3288.1725986003876, 1.3001, 3.5076, 782.2619
3290.1727328300476, 1.3001, 3.5075, 782.3332
3292.1728336811066, 1.3001, 3.5076, 782.3488
3294.172967195511, 1.3001, 3.5078, 782.3315
3296.173072576523, 1.3001, 3.5077, 782.3127
3298.1731765270233, 1.3002, 3.5077, 782.2698
3300.1732630729675, 1.3001, 3.5078, 782.2756
3302.1733663082123, 1.3002, 3.5078, 782.4274
3304.1734657287598, 1.3002, 3.5079, 782.534
3306.173567056656, 1.3001, 3.5078, 782.5691
3308.173666000366, 1.3001, 3.5079, 782.4898
3310.1737711429596, 1.3002, 3.5079, 782.3336
3312.1738724708557, 1.3001, 3.5079, 782.2542
3314.1739523410797, 1.3001, 3.5079, 782.3588
3316.1741139888763, 1.3002, 3.5078, 782.3824
3318.174206972122, 1.3001, 3.5078, 782.2627
3320.1743104457855, 1.3001, 3.5076, 782.2327
3322.1744105815887, 1.3001, 3.5076, 782.2374
3324.174504995346, 1.3002, 3.5078, 782.2236
3326.1745891571045, 1.3002, 3.5079, 782.2273
3328.1746847629547, 1.3002, 3.5079, 782.398
3330.174781560898, 1.3002, 3.5078, 782.4743
3332.1748814582825, 1.3001, 3.5078, 782.4611
3334.174966096878, 1.3002, 3.5078, 782.5127
3336.1750712394714, 1.3002, 3.5077, 782.6072
3338.175171136856, 1.3002, 3.5077, 782.6022
3340.1752705574036, 1.3002, 3.5077, 782.5375
3342.1753623485565, 1.3002, 3.5077, 782.4407
3344.1754608154297, 1.3002, 3.5078, 782.333
3346.175561904907, 1.3002, 3.5079, 782.2883
3348.1756598949432, 1.3002, 3.5078, 782.2398
3350.1757600307465, 1.3002, 3.5078, 782.2224
3352.175897359848, 1.3002, 3.5077, 782.1404
3354.1759984493256, 1.3002, 3.5077, 782.0684
3356.176097869873, 1.3001, 3.5078, 782.1471
3358.176197052002, 1.3001, 3.5077, 782.1847
3360.1762838363647, 1.3002, 3.5079, 782.195
3362.176367521286, 1.3001, 3.5078, 782.2181
3364.17644739151, 1.3002, 3.5079, 782.1446
3366.1765356063843, 1.3002, 3.5079, 782.1403
3368.1766333580017, 1.3002, 3.508, 782.0767
3370.176733493805, 1.3001, 3.508, 782.0834
3372.1768338680267, 1.3002, 3.508, 782.1586
3374.176935195923, 1.3001, 3.5079, 782.1982
3376.1770236492157, 1.3002, 3.508, 782.1817
3378.1771087646484, 1.3001, 3.508, 782.145
3380.177208185196, 1.3001, 3.5081, 782.1121
3382.1773109436035, 1.3001, 3.5081, 782.0595
3384.177414417267, 1.3002, 3.5081, 782.1888
3386.177494764328, 1.3001, 3.5081, 782.1885
3388.177596092224, 1.3002, 3.5082, 782.1895
3390.1776974201202, 1.3001, 3.5081, 782.2607
3392.1778478622437, 1.3002, 3.5081, 782.2757
3394.1779820919037, 1.3001, 3.508, 782.3402
3396.178081035614, 1.3001, 3.5081, 782.3328
3398.1781754493713, 1.3001, 3.5081, 782.3422
3400.1782763004303, 1.3002, 3.5081, 782.4676
3402.178376674652, 1.3002, 3.508, 782.3121
3404.1784765720367, 1.3001, 3.5079, 782.1797
3406.17857837677, 1.3002, 3.5078, 782.0555
3408.1786811351776, 1.3002, 3.5079, 781.8833
3410.1787836551666, 1.3002, 3.508, 781.7557
3412.178886651993, 1.3002, 3.508, 781.8793
3414.1790001392365, 1.3001, 3.508, 781.8238
3416.1791319847107, 1.3002, 3.508, 781.7926
3418.1792154312134, 1.3002, 3.5081, 781.7701
3420.1793732643127, 1.3002, 3.5081, 781.7542
3422.17946434021, 1.3002, 3.5081, 781.7876
3424.179552078247, 1.3002, 3.508, 781.8497
3426.179649591446, 1.3001, 3.5081, 781.8201
3428.1797568798065, 1.3002, 3.5082, 781.8425
3430.1798532009125, 1.3002, 3.5082, 781.8961
3432.179944753647, 1.3002, 3.5081, 781.8661
3434.1800808906555, 1.3001, 3.5081, 781.9025
3436.1801652908325, 1.3001, 3.508, 781.9463
3438.1802656650543, 1.3001, 3.5081, 782.0855
3440.1803698539734, 1.3001, 3.5081, 782.2048
3442.180480003357, 1.3001, 3.5081, 782.2787
3444.180616378784, 1.3001, 3.5081, 782.1868
3446.1807520389557, 1.3001, 3.5081, 782.2618
3448.180834531784, 1.3001, 3.5082, 782.3775
3450.1809165477753, 1.3002, 3.5082, 782.6967
3452.18101644516, 1.3002, 3.5079, 782.8895
3454.1811203956604, 1.3002, 3.5077, 782.9154
3456.181257247925, 1.3001, 3.5076, 783.1136
3458.181343317032, 1.3002, 3.5076, 783.176
3460.1814546585083, 1.3002, 3.5076, 783.1748
3462.1815564632416, 1.3001, 3.5076, 783.1238
3464.1816997528076, 1.3001, 3.5076, 783.1062
3466.181793451309, 1.3001, 3.5078, 783.0834
3468.181880235672, 1.3001, 3.5077, 782.9718
3470.181990146637, 1.3002, 3.5078, 782.9095
3472.182135105133, 1.3002, 3.5078, 782.9062
3474.182236433029, 1.3001, 3.5078, 782.8948
3476.1823427677155, 1.3002, 3.5078, 782.8878
3478.1824452877045, 1.3002, 3.5078, 782.7974
3480.182535648346, 1.3002, 3.5079, 782.633
3482.182636976242, 1.3002, 3.508, 782.6199
3484.1827375888824, 1.3001, 3.5078, 782.3908
3486.182820558548, 1.3001, 3.5079, 782.4058
3488.1829669475555, 1.3001, 3.5079, 782.4786
3490.183071374893, 1.3001, 3.5078, 782.5458
3492.183183670044, 1.3002, 3.5079, 782.4078
3494.183268070221, 1.3001, 3.5078, 782.3372
3496.183371782303, 1.3001, 3.5078, 782.3814
3498.1834557056427, 1.3001, 3.5077, 782.4162
3500.183555841446, 1.3001, 3.5076, 782.4724
3502.183656692505, 1.3001, 3.5077, 782.5956
3504.1837570667267, 1.3001, 3.5078, 782.6661
3506.183848619461, 1.3002, 3.5077, 782.5928
3508.183939218521, 1.3002, 3.5079, 782.5518
3510.1840391159058, 1.3001, 3.5077, 782.686
3512.18412065506, 1.3002, 3.5078, 782.749
3514.1842205524445, 1.3001, 3.5076, 782.7718
3516.184320449829, 1.3002, 3.5077, 782.6712
3518.184404373169, 1.3001, 3.5077, 782.6156
3520.1844902038574, 1.3002, 3.5078, 782.5335
3522.1845903396606, 1.3001, 3.5078, 782.438
3524.184683084488, 1.3002, 3.5079, 782.271
3526.1847751140594, 1.3002, 3.508, 782.1855
3528.1849088668823, 1.3001, 3.508, 782.0769
3530.1850430965424, 1.3002, 3.5079, 781.9384
3532.18514251709, 1.3001, 3.5079, 781.8536
3534.185242652893, 1.3001, 3.5079, 781.771
3536.185340642929, 1.3001, 3.508, 781.6982
3538.185439348221, 1.3001, 3.5081, 781.6033
3540.185520172119, 1.3001, 3.508, 781.6268
3542.185604572296, 1.3001, 3.508, 781.6069
3544.185701608658, 1.3002, 3.5081, 781.6019
3546.185834646225, 1.3002, 3.5081, 781.7923
3548.1859409809113, 1.3001, 3.5081, 781.9989
3550.1860449314117, 1.3001, 3.5081, 781.8293
3552.186145544052, 1.3002, 3.5081, 781.7106
3554.1862421035767, 1.3002, 3.5081, 781.5148
3556.186325073242, 1.3001, 3.5081, 781.3047
3558.186424255371, 1.3001, 3.5081, 781.2511
3560.18652677536, 1.3002, 3.5081, 781.286
3562.186630010605, 1.3001, 3.5081, 781.3302
3564.1867299079895, 1.3001, 3.508, 781.4217
3566.18683218956, 1.3001, 3.5081, 781.566
3568.1869418621063, 1.3002, 3.5081, 781.6577
3570.187042951584, 1.3001, 3.508, 781.7418
3572.1871480941772, 1.3002, 3.5081, 781.8649
3574.1872503757477, 1.3002, 3.508, 781.8978
3576.1873738765717, 1.3002, 3.5081, 781.9012
3578.187468767166, 1.3002, 3.508, 781.6866
3580.187574148178, 1.3002, 3.5081, 781.579
3582.1876726150513, 1.3002, 3.5081, 781.5477
3584.1877603530884, 1.3002, 3.5082, 781.5447
3586.1878633499146, 1.3001, 3.5081, 781.4469
3588.187964439392, 1.3001, 3.5082, 781.3591
3590.188069820404, 1.3001, 3.5081, 781.2754
3592.1881778240204, 1.3002, 3.5082, 781.2136
3594.1882724761963, 1.3002, 3.5084, 781.1766
3596.1883714199066, 1.3002, 3.5083, 781.0442
3598.1884734630585, 1.3002, 3.5084, 780.9539
3600.188573360443, 1.3001, 3.5085, 780.8848
3602.188656568527, 1.3001, 3.5084, 780.9149
3604.1887423992157, 1.3001, 3.5085, 780.9743
3606.188841819763, 1.3002, 3.5084, 780.9315
3608.188944339752, 1.3002, 3.5086, 780.9332
3610.1890313625336, 1.3002, 3.5086, 780.9936
3612.189120054245, 1.3001, 3.5086, 781.1334
3614.1891989707947, 1.3001, 3.5085, 781.2122
3616.1892907619476, 1.3001, 3.5085, 781.2558
3618.1893990039825, 1.3002, 3.5083, 781.3326
3620.1894867420197, 1.3001, 3.5082, 781.5201
3622.1895694732666, 1.3001, 3.5081, 781.7482
3624.189676761627, 1.3002, 3.5081, 781.7542
3626.1897809505463, 1.3002, 3.5081, 781.6279
3628.1898860931396, 1.3001, 3.5082, 781.4498
3630.1899864673615, 1.3001, 3.5082, 781.2738
3632.1900877952576, 1.3001, 3.5081, 781.2147
3634.1901910305023, 1.3001, 3.5081, 781.2371
3636.190277814865, 1.3001, 3.5081, 781.1803
3638.190370321274, 1.3001, 3.5082, 781.2133
3640.190470933914, 1.3001, 3.5083, 781.3116
3642.190576314926, 1.3001, 3.5084, 781.2887
3644.1906621456146, 1.3001, 3.5084, 781.1895
3646.190746307373, 1.3001, 3.5084, 781.0725
3648.190826177597, 1.3001, 3.5084, 780.9993
3650.1909215450287, 1.3001, 3.5084, 780.8614
3652.1910066604614, 1.3001, 3.5085, 780.613
3654.191110610962, 1.3001, 3.5085, 780.5382
3656.191244363785, 1.3001, 3.5084, 780.6822
3658.1913583278656, 1.3001, 3.5086, 780.6829
3660.1914603710175, 1.3001, 3.5086, 780.705
3662.1916031837463, 1.3001, 3.5086, 780.6627
3664.198007583618, 0.0, 0.0, 785.0939
3666.1981086730957, 0.0, 0.0, 821.5535
3668.1982095241547, 0.0, 0.0, 849.4891
3670.198307991028, 0.0, 0.0, 873.9382
3672.1984021663666, 0.0, 0.0, 895.2648
3674.1985013484955, 0.0, 0.0, 914.0665
3676.198613882065, 0.0, 0.0, 931.3352
3678.1987602710724, 0.0, 0.0, 947.1759
3680.199100971222, 0.0, 0.0, 961.8576
3682.1991879940033, 0.0, 0.0, 975.5691
3684.1992852687836, 0.0, 0.0, 988.5373
3686.1993947029114, 0.0, 0.0, 1000.743
3688.199543237686, 0.0, 0.0, 1012.494
3690.1996836662292, 0.0, 0.0, 1023.799
3692.1997871398926, 0.0, 0.0, 1034.78
3694.199922800064, 0.0, 0.0, 1045.453
3696.200066804886, 0.0, 0.0, 1055.9
3698.2002103328705, 0.0, 0.0, 1065.866
3700.200301170349, 0.0, 0.0, 1075.794
3702.2003860473633, 0.0, 0.0, 1085.762
3704.200519800186, 0.0, 0.0, 1095.467
3706.2006044387817, 0.0, 0.0, 1104.946
3708.2007105350494, 0.0, 0.0, 1113.888
3710.2008147239685, 0.0, 0.0, 1122.691
3712.200917005539, 0.0, 0.0, 1131.314
3714.2010185718536, 0.0, 0.0, 1140.008
3716.2010996341705, 0.0, 0.0, 1148.865
3718.201243162155, 0.0, 0.0, 1157.74
3720.2013490200043, 0.0, 0.0, 1167.096
3722.201450109482, 0.0, 0.0, 1175.855
3724.2015471458435, 0.0, 0.0, 1184.229
3726.201643705368, 0.0, 0.0, 1192.652
3728.2017431259155, 0.0, 0.0, 1200.872
3730.2018237113953, 0.0, 0.0, 1208.875
3732.20223069191, 0.0, 0.0, 1216.949
3734.202334165573, 0.0, 0.0, 1225.062
3736.2024807929993, 0.0, 0.0, 1232.971
3738.2025711536407, 0.0, 0.0, 1240.773
3740.2026739120483, 0.0, 0.0, 1248.296
3742.2027649879456, 0.0, 0.0, 1255.811
3744.202873468399, 0.0, 0.0, 1263.145
3746.202973842621, 0.0, 0.0, 1270.577
3748.203073978424, 0.0, 0.0, 1278.136
3750.2031767368317, 0.0, 0.0, 1285.701
3752.203275680542, 0.0, 0.0, 1293.004
3754.203375816345, 0.0, 0.0, 1300.359
3756.203459739685, 0.0, 0.0, 1307.45
3758.2035598754883, 0.0, 0.0, 1314.38
3760.2036442756653, 0.0, 0.0, 1321.561
3762.20374250412, 0.0, 0.0, 1328.526
3764.2038497924805, 0.0, 0.0, 1335.449
3766.2039511203766, 0.0, 0.0, 1342.221
3768.2040524482727, 0.0, 0.0, 1348.984
3770.2041528224945, 0.0, 0.0, 1355.572
3772.204289674759, 0.0, 0.0, 1362.316
3774.2044191360474, 0.0, 0.0, 1369.251
3776.2045555114746, 0.0, 0.0, 1376.142
3778.204657316208, 0.0, 0.0, 1382.891
3780.2047441005707, 0.0, 0.0, 1389.384
3782.2048523426056, 0.0, 0.0, 1395.689
3784.204939842224, 0.0, 0.0, 1402.108
3786.205041408539, 0.0, 0.0, 1408.71
3788.2051429748535, 0.0, 0.0, 1415.138
3790.205243587494, 0.0, 0.0, 1421.488
3792.2053773403168, 0.0, 0.0, 1427.77
3794.205476284027, 0.0, 0.0, 1433.763
3796.2055592536926, 0.0, 0.0, 1439.642
3798.205657720566, 0.0, 0.0, 1445.704
3800.2057571411133, 0.0, 0.0, 1451.88
3802.2058618068695, 0.0, 0.0, 1457.871
3804.2059626579285, 0.0, 0.0, 1463.749
3806.2060680389404, 0.0, 0.0, 1469.58
3808.2061669826508, 0.0, 0.0, 1475.481
3810.206251859665, 0.0, 0.0, 1481.162
3812.206351518631, 0.0, 0.0, 1486.746
3814.2064521312714, 0.0, 0.0, 1492.273
3816.20654630661, 0.0, 0.0, 1497.894
3818.2066769599915, 0.0, 0.0, 1503.554
3820.206777572632, 0.0, 0.0, 1508.821
3822.206872701645, 0.0, 0.0, 1514.106
3824.206975221634, 0.0, 0.0, 1519.277
3826.2070717811584, 0.0, 0.0, 1524.569
3828.2071573734283, 0.0, 0.0, 1529.981
3830.2072937488556, 0.0, 0.0, 1535.309
3832.207380056381, 0.0, 0.0, 1540.554
3834.207483291626, 0.0, 0.0, 1545.869
3836.207589149475, 0.0, 0.0, 1550.996
3838.2076835632324, 0.0, 0.0, 1556.152
3840.2078166007996, 0.0, 0.0, 1561.439
3842.207899570465, 0.0, 0.0, 1566.609
3844.207980632782, 0.0, 0.0, 1571.57
3846.2080755233765, 0.0, 0.0, 1576.333
3848.2081637382507, 0.0, 0.0, 1580.961
3850.2082459926605, 0.0, 0.0, 1585.612
3852.2083508968353, 0.0, 0.0, 1590.104
3854.208437204361, 0.0, 0.0, 1594.525
3856.2085213661194, 0.0, 0.0, 1598.887
3858.2086083889008, 0.0, 0.0, 1603.214
3860.208740234375, 0.0, 0.0, 1607.714
3862.2088346481323, 0.0, 0.0, 1612.141
3864.2089273929596, 0.0, 0.0, 1616.49
3866.209061861038, 0.0, 0.0, 1620.747
3868.209166288376, 0.0, 0.0, 1625.076
3870.209270477295, 0.0, 0.0, 1629.204
3872.2093708515167, 0.0, 0.0, 1633.301
3874.2094740867615, 0.0, 0.0, 1637.382
3876.209630250931, 0.0, 0.0, 1641.687
3878.2097635269165, 0.0, 0.0, 1645.882
3880.209887266159, 0.0, 0.0, 1650.091
3882.209986448288, 0.0, 0.0, 1654.261
3884.2101199626923, 0.0, 0.0, 1658.578
3886.2102558612823, 0.0, 0.0, 1663.115
3888.210358142853, 0.0, 0.0, 1667.551
3890.210461139679, 0.0, 0.0, 1671.853
3892.2105944156647, 0.0, 0.0, 1676.048
3894.2106959819794, 0.0, 0.0, 1679.903
3896.2107965946198, 0.0, 0.0, 1683.593
3898.21089887619, 0.0, 0.0, 1687.277
3900.211000919342, 0.0, 0.0, 1690.964
3902.211135864258, 0.0, 0.0, 1694.672
3904.2112712860107, 0.0, 0.0, 1698.326
3906.2113876342773, 0.0, 0.0, 1701.928
3908.211528778076, 0.0, 0.0, 1705.712
3910.2116708755493, 0.0, 0.0, 1709.348
3912.211774110794, 0.0, 0.0, 1712.717
3914.2118797302246, 0.0, 0.0, 1716.042
3916.211982488632, 0.0, 0.0, 1719.381
3918.2120831012726, 0.0, 0.0, 1722.754
3920.2121822834015, 0.0, 0.0, 1726.15
3922.212284564972, 0.0, 0.0, 1729.587
3924.212392091751, 0.0, 0.0, 1733.0
3926.2124996185303, 0.0, 0.0, 1736.229
3928.2126019001007, 0.0, 0.0, 1739.561
3930.2127029895782, 0.0, 0.0, 1742.837
3932.2127883434296, 0.0, 0.0, 1746.092
3934.212872982025, 0.0, 0.0, 1749.464
3936.2129538059235, 0.0, 0.0, 1752.809
3938.213050842285, 0.0, 0.0, 1755.908
3940.2131514549255, 0.0, 0.0, 1758.906
3942.213254213333, 0.0, 0.0, 1761.909
3944.2133588790894, 0.0, 0.0, 1764.983
3946.2134606838226, 0.0, 0.0, 1768.012
3948.213561296463, 0.0, 0.0, 1771.126
3950.213662147522, 0.0, 0.0, 1774.352
3952.2137637138367, 0.0, 0.0, 1777.55
3954.2138645648956, 0.0, 0.0, 1780.467
3956.2139678001404, 0.0, 0.0, 1783.286
3958.2140638828278, 0.0, 0.0, 1786.509
3960.2141664028168, 0.0, 0.0, 1789.706
3962.2142729759216, 0.0, 0.0, 1792.961
3964.2143862247467, 0.0, 0.0, 1796.081
3966.2144858837128, 0.0, 0.0, 1799.102
3968.2145845890045, 0.0, 0.0, 1802.128
3970.214719772339, 0.0, 0.0, 1805.185
3972.214866876602, 0.0, 0.0, 1808.094
3974.2149543762207, 0.0, 0.0, 1810.848
3976.215039253235, 0.0, 0.0, 1813.3
3978.215145587921, 0.0, 0.0, 1815.759
3980.2152478694916, 0.0, 0.0, 1818.415
3982.2153885364532, 0.0, 0.0, 1820.935
3984.2154903411865, 0.0, 0.0, 1823.28
3986.2156190872192, 0.0, 0.0, 1825.753
3988.2157180309296, 0.0, 0.0, 1828.496
3990.2158648967743, 0.0, 0.0, 1831.004
3992.21594953537, 0.0, 0.0, 1833.365
3994.21609044075, 0.0, 0.0, 1835.708
3996.2161769866943, 0.0, 0.0, 1838.053
3998.2162659168243, 0.0, 0.0, 1840.429
4000.21635055542, 0.0, 0.0, 1842.814
4002.216448545456, 0.0, 0.0, 1845.447
4004.216549396515, 0.0, 0.0, 1847.976
4006.216628551483, 0.0, 0.0, 1850.177
4008.216727256775, 0.0, 0.0, 1852.345
4010.216834306717, 0.0, 0.0, 1854.693
4012.216933965683, 0.0, 0.0, 1857.126
4014.2170310020447, 0.0, 0.0, 1859.536
4016.2171313762665, 0.0, 0.0, 1862.027
4018.217229127884, 0.0, 0.0, 1864.371
4020.2173297405243, 0.0, 0.0, 1866.746
4022.2174305915833, 0.0, 0.0, 1868.911
4024.2175674438477, 0.0, 0.0, 1871.019
4026.217703819275, 0.0, 0.0, 1872.972
4028.2177860736847, 0.0, 0.0, 1874.773
4030.217885494232, 0.0, 0.0, 1876.742
4032.2179861068726, 0.0, 0.0, 1878.852
4034.2180881500244, 0.0, 0.0, 1880.894
4036.218188524246, 0.0, 0.0, 1882.923
4038.218277692795, 0.0, 0.0, 1884.754
4040.2183690071106, 0.0, 0.0, 1886.612
4042.2184517383575, 0.0, 0.0, 1888.492
4044.2185888290405, 0.0, 0.0, 1890.331
4046.218731403351, 0.0, 0.0, 1892.142
4048.2188725471497, 0.0, 0.0, 1893.931
4050.2189700603485, 0.0, 0.0, 1895.753
4052.2190771102905, 0.0, 0.0, 1897.561
4054.219177722931, 0.0, 0.0, 1899.363
4056.2192821502686, 0.0, 0.0, 1901.146
4058.2194170951843, 0.0, 0.0, 1902.939
4060.2195007801056, 0.0, 0.0, 1904.692
4062.219579935074, 0.0, 0.0, 1906.607
4064.2196640968323, 0.0, 0.0, 1908.794
4066.2197501659393, 0.0, 0.0, 1910.914
4068.2198560237885, 0.0, 0.0, 1912.871
4070.2199470996857, 0.0, 0.0, 1914.939
4072.220049381256, 0.0, 0.0, 1916.766
4074.220188140869, 0.0, 0.0, 1918.413
4076.220288038254, 0.0, 0.0, 1919.937
4078.2203891277313, 0.0, 0.0, 1921.433
4080.220493555069, 0.0, 0.0, 1922.992
4082.2205760478973, 0.0, 0.0, 1924.666
4084.2206785678864, 0.0, 0.0, 1926.266
4086.2207798957825, 0.0, 0.0, 1927.936
4088.2208836078644, 0.0, 0.0, 1929.59
4090.2209842205048, 0.0, 0.0, 1931.187
4092.2210862636566, 0.0, 0.0, 1932.731
4094.221186876297, 0.0, 0.0, 1934.248
4096.221328020096, 0.0, 0.0, 1935.747
4098.221457719803, 0.0, 0.0, 1937.297
4100.22153878212, 0.0, 0.0, 1938.882
4102.221641778946, 0.0, 0.0, 1940.418
4104.221725225449, 0.0, 0.0, 1941.887
4106.221804857254, 0.0, 0.0, 1943.359
4108.221936702728, 0.0, 0.0, 1944.843
4110.222022533417, 0.0, 0.0, 1946.509
4112.22212266922, 0.0, 0.0, 1947.884
4114.222212314606, 0.0, 0.0, 1949.449
4116.2223155498505, 0.0, 0.0, 1951.18
4118.222420215607, 0.0, 0.0, 1952.839
4120.222519874573, 0.0, 0.0, 1954.515
4122.222619533539, 0.0, 0.0, 1956.168
4124.222720623016, 0.0, 0.0, 1957.827
4126.22282743454, 0.0, 0.0, 1959.397
4128.222926616669, 0.0, 0.0, 1960.763
4130.223027706146, 0.0, 0.0, 1962.017
4132.223109722137, 0.0, 0.0, 1963.274
4134.2232077121735, 0.0, 0.0, 1964.589
4136.223306179047, 0.0, 0.0, 1965.917
4138.2234036922455, 0.0, 0.0, 1967.266
4140.223505496979, 0.0, 0.0, 1968.809
4142.223605871201, 0.0, 0.0, 1970.416
4144.223707199097, 0.0, 0.0, 1971.897
4146.223810434341, 0.0, 0.0, 1973.356
4148.223910331726, 0.0, 0.0, 1974.971
4150.22399187088, 0.0, 0.0, 1976.408
4152.224071502686, 0.0, 0.0, 1977.736
4154.224157810211, 0.0, 0.0, 1979.038
4156.224237203598, 0.0, 0.0, 1980.484
4158.224336862564, 0.0, 0.0, 1981.803
4160.224421977997, 0.0, 0.0, 1983.061
4162.224512577057, 0.0, 0.0, 1984.462
4164.224613904953, 0.0, 0.0, 1985.649
4166.224700450897, 0.0, 0.0, 1986.768
4168.224781990051, 0.0, 0.0, 1988.077
4170.2248656749725, 0.0, 0.0, 1989.361
4172.224966287613, 0.0, 0.0, 1990.477
4174.225095033646, 0.0, 0.0, 1991.625
4176.2252016067505, 0.0, 0.0, 1992.857
4178.225305080414, 0.0, 0.0, 1994.06
4180.225406885147, 0.0, 0.0, 1995.236
4182.225509405136, 0.0, 0.0, 1996.586
4184.225647926331, 0.0, 0.0, 1997.901
4186.225780725479, 0.0, 0.0, 1998.994
4188.225868225098, 0.0, 0.0, 1999.925
4190.225967884064, 0.0, 0.0, 2000.901
4192.226069688797, 0.0, 0.0, 2001.873
4194.226162433624, 0.0, 0.0, 2003.019
4196.226245164871, 0.0, 0.0, 2004.185
4198.226345300674, 0.0, 0.0, 2005.393
4200.226446628571, 0.0, 0.0, 2006.594
4202.226547241211, 0.0, 0.0, 2007.847
4204.226648569107, 0.0, 0.0, 2009.162
4206.2267479896545, 0.0, 0.0, 2010.506
4208.226851224899, 0.0, 0.0, 2011.871
4210.226951599121, 0.0, 0.0, 2013.164
4212.227056026459, 0.0, 0.0, 2014.378
4214.227155447006, 0.0, 0.0, 2015.224
4216.227262973785, 0.0, 0.0, 2016.11
4218.227395296097, 0.0, 0.0, 2017.425
4220.227503299713, 0.0, 0.0, 2018.663
4222.227641582489, 0.0, 0.0, 2019.818
4224.227732181549, 0.0, 0.0, 2020.847
4226.2278435230255, 0.0, 0.0, 2021.815
4228.227931976318, 0.0, 0.0, 2022.673
4230.228031158447, 0.0, 0.0, 2023.567
4232.22812795639, 0.0, 0.0, 2024.574
4234.228229999542, 0.0, 0.0, 2025.49
4236.22832942009, 0.0, 0.0, 2026.369
4238.22842001915, 0.0, 0.0, 2027.349
4240.22850894928, 0.0, 0.0, 2028.364
4242.2286150455475, 0.0, 0.0, 2029.305
4244.228698253632, 0.0, 0.0, 2030.067
4246.228781700134, 0.0, 0.0, 2030.883
4248.22891831398, 0.0, 0.0, 2031.761
4250.229005098343, 0.0, 0.0, 2032.697
4252.229139328003, 0.0, 0.0, 2033.704
4254.229270458221, 0.0, 0.0, 2034.712
4256.229376077652, 0.0, 0.0, 2035.709
4258.229461431503, 0.0, 0.0, 2036.695
4260.229540586472, 0.0, 0.0, 2037.485
4262.229620933533, 0.0, 0.0, 2038.392
4264.229755163193, 0.0, 0.0, 2039.219
4266.229855775833, 0.0, 0.0, 2040.082
4268.229947805405, 0.0, 0.0, 2040.967
4270.23008108139, 0.0, 0.0, 2041.883
4272.230214357376, 0.0, 0.0, 2042.862
4274.230353832245, 0.0, 0.0, 2043.811
4276.230447292328, 0.0, 0.0, 2044.635
4278.230537414551, 0.0, 0.0, 2045.541
4280.230670213699, 0.0, 0.0, 2046.455
4282.23077249527, 0.0, 0.0, 2047.357
4284.230910539627, 0.0, 0.0, 2048.196
4286.231016635895, 0.0, 0.0, 2049.153
4288.231105327606, 0.0, 0.0, 2050.172
4290.231193304062, 0.0, 0.0, 2051.041
4292.231299638748, 0.0, 0.0, 2051.842
4294.231436729431, 0.0, 0.0, 2052.8
4296.2315146923065, 0.0, 0.0, 2053.651
4298.2316563129425, 0.0, 0.0, 2054.334
4300.231798410416, 0.0, 0.0, 2055.077
4302.231878042221, 0.0, 0.0, 2055.802
4304.2319803237915, 0.0, 0.0, 2056.502
4306.232080459595, 0.0, 0.0, 2057.293
4308.232182264328, 0.0, 0.0, 2058.1
4310.23228263855, 0.0, 0.0, 2059.051
4312.232367992401, 0.0, 0.0, 2060.149
4314.232460737228, 0.0, 0.0, 2061.205
4316.232563972473, 0.0, 0.0, 2061.964
4318.232664823532, 0.0, 0.0, 2062.7
4320.232753276825, 0.0, 0.0, 2063.476
4322.232867717743, 0.0, 0.0, 2064.244
4324.2330057621, 0.0, 0.0, 2064.963
4326.233107328415, 0.0, 0.0, 2065.723
4328.23320889473, 0.0, 0.0, 2066.516
4330.233297586441, 0.0, 0.0, 2067.313
4332.233401060104, 0.0, 0.0, 2068.126
4334.233496904373, 0.0, 0.0, 2068.92
4336.2335777282715, 0.0, 0.0, 2069.68
4338.233659982681, 0.0, 0.0, 2070.434
4340.233789682388, 0.0, 0.0, 2071.183
4342.23389005661, 0.0, 0.0, 2071.963
4344.233991146088, 0.0, 0.0, 2072.598
4346.234090566635, 0.0, 0.0, 2073.276
4348.234224081039, 0.0, 0.0, 2073.898
4350.2343027591705, 0.0, 0.0, 2074.527
4352.234443426132, 0.0, 0.0, 2075.198
4354.234575271606, 0.0, 0.0, 2075.936
4356.234671831131, 0.0, 0.0, 2076.654
4358.234772443771, 0.0, 0.0, 2077.456
4360.234914064407, 0.0, 0.0, 2078.217
4362.235014200211, 0.0, 0.0, 2078.953
4364.235114574432, 0.0, 0.0, 2079.681
4366.235214471817, 0.0, 0.0, 2080.461
4368.2353138923645, 0.0, 0.0, 2081.114
4370.235412597656, 0.0, 0.0, 2081.72
4372.235512256622, 0.0, 0.0, 2082.371
4374.235598325729, 0.0, 0.0, 2083.022
4376.235680341721, 0.0, 0.0, 2083.734
4378.235780477524, 0.0, 0.0, 2084.534
4380.235863685608, 0.0, 0.0, 2085.363
4382.23601269722, 0.0, 0.0, 2086.157
4384.236112833023, 0.0, 0.0, 2087.006
4386.236191511154, 0.0, 0.0, 2087.863
4388.2365646362305, 0.0, 0.0, 2088.628
4390.236642837524, 0.0, 0.0, 2089.375
4392.236744880676, 0.0, 0.0, 2090.078
4394.236830949783, 0.0, 0.0, 2090.771
4396.236964941025, 0.0, 0.0, 2091.402
4398.237065553665, 0.0, 0.0, 2091.901
4400.237148761749, 0.0, 0.0, 2092.45
4402.237233161926, 0.0, 0.0, 2093.076
4404.237315416336, 0.0, 0.0, 2093.71
4406.237416267395, 0.0, 0.0, 2094.302
4408.237515926361, 0.0, 0.0, 2094.95
4410.237615585327, 0.0, 0.0, 2095.61
4412.237715482712, 0.0, 0.0, 2096.286
4414.237816095352, 0.0, 0.0, 2098.226
4416.237892627716, 0.0, 0.0, 2098.68
4418.238007307053, 0.0, 0.0, 2099.144
4420.2381155490875, 0.0, 0.0, 2099.719
4422.2381954193115, 0.0, 0.0, 2100.305
4424.238284111023, 0.0, 0.0, 2100.927
4426.238389253616, 0.0, 0.0, 2101.467
4428.23849272728, 0.0, 0.0, 2102.089
4430.238574028015, 0.0, 0.0, 2102.776
4432.23867726326, 0.0, 0.0, 2103.462
4434.238779067993, 0.0, 0.0, 2104.217
4436.238858222961, 0.0, 0.0, 2105.107
4438.238956928253, 0.0, 0.0, 2105.918
4440.23904299736, 0.0, 0.0, 2106.739
4442.239144086838, 0.0, 0.0, 2107.527
4444.239285469055, 0.0, 0.0, 2108.158
4446.239394903183, 0.0, 0.0, 2108.645
4448.239497900009, 0.0, 0.0, 2109.246
4450.239579439163, 0.0, 0.0, 2109.82
4452.239666700363, 0.0, 0.0, 2110.381
4454.2397537231445, 0.0, 0.0, 2111.016
4456.239855289459, 0.0, 0.0, 2111.657
4458.239952325821, 0.0, 0.0, 2112.212
4460.240051031113, 0.0, 0.0, 2112.639
4462.24018406868, 0.0, 0.0, 2113.045
4464.2402675151825, 0.0, 0.0, 2113.51
4466.240367174149, 0.0, 0.0, 2114.121
4468.240464448929, 0.0, 0.0, 2114.804
4470.240552902222, 0.0, 0.0, 2115.512
4472.240655183792, 0.0, 0.0, 2116.098
4474.240738391876, 0.0, 0.0, 2116.69
4476.240812778473, 0.0, 0.0, 2117.294
4478.240895748138, 0.0, 0.0, 2117.799
4480.240995883942, 0.0, 0.0, 2118.404
4482.241084098816, 0.0, 0.0, 2118.954
4484.24116897583, 0.0, 0.0, 2119.474
4486.241271018982, 0.0, 0.0, 2120.053
4488.241376399994, 0.0, 0.0, 2120.691
4490.241464853287, 0.0, 0.0, 2121.232
4492.241545200348, 0.0, 0.0, 2121.719
4494.241626262665, 0.0, 0.0, 2122.199
4496.241729736328, 0.0, 0.0, 2122.654
4498.2418620586395, 0.0, 0.0, 2123.167
4500.242007255554, 0.0, 0.0, 2123.667
4502.242114543915, 0.0, 0.0, 2124.284
4504.242198944092, 0.0, 0.0, 2124.831
4506.242300033569, 0.0, 0.0, 2125.357
4508.24240064621, 0.0, 0.0, 2126.005
4510.242502212524, 0.0, 0.0, 2126.584
4512.242583036423, 0.0, 0.0, 2127.136
4514.24271440506, 0.0, 0.0, 2127.782
4516.242797374725, 0.0, 0.0, 2128.413
4518.242879629135, 0.0, 0.0, 2129.015
4520.242980957031, 0.0, 0.0, 2129.648
4522.243131160736, 0.0, 0.0, 2130.335
4524.243437051773, 0.0, 0.0, 2130.977
4526.243535995483, 0.0, 0.0, 2131.485
4528.243667602539, 0.0, 0.0, 2131.868
4530.243701696396, 0.0, 0.0, 2132.217
4532.243839502335, 0.0, 0.0, 2132.574
4534.243931055069, 0.0, 0.0, 2133.047
4536.244078397751, 0.0, 0.0, 2133.622
4538.244178056717, 0.0, 0.0, 2134.193
4540.244279384613, 0.0, 0.0, 2134.708
4542.2443788051605, 0.0, 0.0, 2135.222
4544.244477748871, 0.0, 0.0, 2135.773
4546.244579315186, 0.0, 0.0, 2136.311
4548.244667291641, 0.0, 0.0, 2136.818
4550.24476313591, 0.0, 0.0, 2137.272
4552.24507856369, 0.0, 0.0, 2137.754
4554.245157241821, 0.0, 0.0, 2138.213
4556.24526143074, 0.0, 0.0, 2138.678
4558.245366811752, 0.0, 0.0, 2139.22
4560.245489120483, 0.0, 0.0, 2139.77
4562.245568990707, 0.0, 0.0, 2140.307
4564.245668411255, 0.0, 0.0, 2140.753
4566.245748758316, 0.0, 0.0, 2141.229
4568.245850563049, 0.0, 0.0, 2141.748
4570.2459506988525, 0.0, 0.0, 2142.272
4572.246045827866, 0.0, 0.0, 2142.76
4574.246142864227, 0.0, 0.0, 2143.312
4576.2462430000305, 0.0, 0.0, 2143.8
4578.246341943741, 0.0, 0.0, 2144.318
4580.2464418411255, 0.0, 0.0, 2144.888
4582.246523618698, 0.0, 0.0, 2145.537
4584.246597766876, 0.0, 0.0, 2146.204
4586.246697664261, 0.0, 0.0, 2146.899
4588.246831893921, 0.0, 0.0, 2147.559
4590.246932506561, 0.0, 0.0, 2148.118
4592.247031927109, 0.0, 0.0, 2148.668
4594.24711227417, 0.0, 0.0, 2149.137
4596.247194766998, 0.0, 0.0, 2149.637
4598.247294425964, 0.0, 0.0, 2150.051
4600.24742770195, 0.0, 0.0, 2150.458
4602.247513771057, 0.0, 0.0, 2151.041
4604.24764752388, 0.0, 0.0, 2151.564
4606.2477304935455, 0.0, 0.0, 2151.961
4608.247833013535, 0.0, 0.0, 2152.318
4610.247935056686, 0.0, 0.0, 2152.722
4612.248034954071, 0.0, 0.0, 2153.107
4614.24812412262, 0.0, 0.0, 2153.503
4616.248211145401, 0.0, 0.0, 2153.962
4618.248347520828, 0.0, 0.0, 2154.416
4620.2484250068665, 0.0, 0.0, 2155.009
4622.248520612717, 0.0, 0.0, 2155.657
4624.2486181259155, 0.0, 0.0, 2156.187
4626.248704910278, 0.0, 0.0, 2156.744
4628.248796463013, 0.0, 0.0, 2157.207
4630.248897790909, 0.0, 0.0, 2157.631
4632.248998403549, 0.0, 0.0, 2158.168
4634.249098062515, 0.0, 0.0, 2158.665
4636.249242544174, 0.0, 0.0, 2159.258
4638.249329566956, 0.0, 0.0, 2159.761
4640.249463796616, 0.0, 0.0, 2160.145
4642.249567747116, 0.0, 0.0, 2160.43
4644.249670743942, 0.0, 0.0, 2160.711
4646.2497527599335, 0.0, 0.0, 2161.045
4648.249859333038, 0.0, 0.0, 2161.398
4650.25000333786, 0.0, 0.0, 2161.75
4652.250099658966, 0.0, 0.0, 2162.113
4654.250245809555, 0.0, 0.0, 2162.428
4656.2503299713135, 0.0, 0.0, 2162.786
4658.250429153442, 0.0, 0.0, 2163.217
4660.250531196594, 0.0, 0.0, 2163.606
4662.250625610352, 0.0, 0.0, 2163.987
4664.250723838806, 0.0, 0.0, 2164.415
4666.250823259354, 0.0, 0.0, 2164.858
4668.250925540924, 0.0, 0.0, 2165.283
4670.25103020668, 0.0, 0.0, 2165.688
4672.251120090485, 0.0, 0.0, 2166.093
4674.251200675964, 0.0, 0.0, 2166.573
4676.251306772232, 0.0, 0.0, 2166.919
4678.251425743103, 0.0, 0.0, 2167.252
4680.2515604496, 0.0, 0.0, 2167.638
4682.251664400101, 0.0, 0.0, 2168.109
4684.251753091812, 0.0, 0.0, 2168.672
4686.251837730408, 0.0, 0.0, 2169.134
4688.251974105835, 0.0, 0.0, 2169.691
4690.252108335495, 0.0, 0.0, 2170.149
4692.252189159393, 0.0, 0.0, 2170.622
4694.252290725708, 0.0, 0.0, 2171.161
4696.252395153046, 0.0, 0.0, 2171.637
4698.252495765686, 0.0, 0.0, 2172.083
4700.252587080002, 0.0, 0.0, 2172.523
4702.252665758133, 0.0, 0.0, 2172.975
4704.252760410309, 0.0, 0.0, 2173.458
4706.252854347229, 0.0, 0.0, 2174.041
4708.2529973983765, 0.0, 0.0, 2174.571
4710.253075838089, 0.0, 0.0, 2174.997
4712.253210783005, 0.0, 0.0, 2175.448
4714.253297328949, 0.0, 0.0, 2175.797
4716.253383398056, 0.0, 0.0, 2176.212
4718.253484725952, 0.0, 0.0, 2176.598
4720.253587961197, 0.0, 0.0, 2176.999
4722.25373005867, 0.0, 0.0, 2177.382
4724.253832578659, 0.0, 0.0, 2177.649
4726.253917217255, 0.0, 0.0, 2177.981
4728.253994464874, 0.0, 0.0, 2178.316
4730.254077196121, 0.0, 0.0, 2178.701
4732.254158973694, 0.0, 0.0, 2179.091
4734.2543087005615, 0.0, 0.0, 2179.456
4736.25442647934, 0.0, 0.0, 2179.886
4738.2545285224915, 0.0, 0.0, 2180.409
4740.254630088806, 0.0, 0.0, 2180.837
4742.254768610001, 0.0, 0.0, 2181.22
4744.254871368408, 0.0, 0.0, 2181.558
4746.254955530167, 0.0, 0.0, 2181.85
4748.2550573349, 0.0, 0.0, 2182.179
4750.255159854889, 0.0, 0.0, 2182.53
4752.2552609443665, 0.0, 0.0, 2182.913
4754.255366325378, 0.0, 0.0, 2183.335
4756.25545167923, 0.0, 0.0, 2183.72
4758.255550861359, 0.0, 0.0, 2184.104
4760.255656480789, 0.0, 0.0, 2184.465
4762.255755901337, 0.0, 0.0, 2184.783
4764.255835533142, 0.0, 0.0, 2185.177
4766.25593495369, 0.0, 0.0, 2185.53
4768.2560613155365, 0.0, 0.0, 2185.848
4770.256163358688, 0.0, 0.0, 2186.224
4772.256312131882, 0.0, 0.0, 2186.602
4774.256465911865, 0.0, 0.0, 2187.017
4776.256568431854, 0.0, 0.0, 2187.403
4778.256669998169, 0.0, 0.0, 2187.703
4780.256770610809, 0.0, 0.0, 2187.982
4782.256848335266, 0.0, 0.0, 2188.36
4784.256951570511, 0.0, 0.0, 2188.716
4786.257055282593, 0.0, 0.0, 2189.093
4788.257192373276, 0.0, 0.0, 2189.378
4790.257341146469, 0.0, 0.0, 2189.691
4792.257444143295, 0.0, 0.0, 2190.054
4794.257554292679, 0.0, 0.0, 2190.43
4796.257658481598, 0.0, 0.0, 2190.787
4798.257793903351, 0.0, 0.0, 2191.144
4800.257874011993, 0.0, 0.0, 2191.531
4802.257975578308, 0.0, 0.0, 2191.857
4804.258110284805, 0.0, 0.0, 2192.183
4806.258210897446, 0.0, 0.0, 2192.489
4808.258319616318, 0.0, 0.0, 2192.802
4810.258420705795, 0.0, 0.0, 2193.132
4812.258523464203, 0.0, 0.0, 2193.576
4814.2586579322815, 0.0, 0.0, 2194.057
4816.258745908737, 0.0, 0.0, 2194.446
4818.25882935524, 0.0, 0.0, 2194.878
4820.258917331696, 0.0, 0.0, 2195.256
4822.259001493454, 0.0, 0.0, 2195.588
4824.259086370468, 0.0, 0.0, 2195.924
4826.259173631668, 0.0, 0.0, 2196.265
4828.25927567482, 0.0, 0.0, 2196.654
4830.259376525879, 0.0, 0.0, 2197.092
4832.2594792842865, 0.0, 0.0, 2197.523
4834.25957942009, 0.0, 0.0, 2197.933
4836.259657859802, 0.0, 0.0, 2198.39
4838.25975728035, 0.0, 0.0, 2198.854
4840.259855031967, 0.0, 0.0, 2199.324
4842.259956121445, 0.0, 0.0, 2199.606
4844.260035991669, 0.0, 0.0, 2200.0
4846.260133743286, 0.0, 0.0, 2200.277
4848.260239601135, 0.0, 0.0, 2200.525
4850.26034617424, 0.0, 0.0, 2200.782
4852.260426998138, 0.0, 0.0, 2201.08
4854.260492324829, 0.0, 0.0, 2201.338
4856.2605929374695, 0.0, 0.0, 2201.646
4858.26069355011, 0.0, 0.0, 2202.005
4860.260792255402, 0.0, 0.0, 2202.323
4862.260874032974, 0.0, 0.0, 2202.639
4864.260969161987, 0.0, 0.0, 2202.97
4866.261052131653, 0.0, 0.0, 2203.314
4868.261152982712, 0.0, 0.0, 2203.631
4870.261234998703, 0.0, 0.0, 2203.933
4872.261312007904, 0.0, 0.0, 2204.284
4874.261410713196, 0.0, 0.0, 2204.633
4876.261511802673, 0.0, 0.0, 2205.0
4878.261612415314, 0.0, 0.0, 2205.31
4880.261711835861, 0.0, 0.0, 2205.68
4882.2618136405945, 0.0, 0.0, 2206.033
4884.261947631836, 0.0, 0.0, 2206.404
4886.262081861496, 0.0, 0.0, 2206.827
4888.262221574783, 0.0, 0.0, 2207.221
4890.262306213379, 0.0, 0.0, 2207.591
4892.262409448624, 0.0, 0.0, 2207.92
4894.262549877167, 0.0, 0.0, 2208.353
4896.262641906738, 0.0, 0.0, 2208.818
4898.262733697891, 0.0, 0.0, 2209.293
4900.262820005417, 0.0, 0.0, 2209.748
4902.262923240662, 0.0, 0.0, 2210.047
4904.263031244278, 0.0, 0.0, 2210.319
4906.263172149658, 0.0, 0.0, 2210.533
4908.263258457184, 0.0, 0.0, 2210.797
4910.263393878937, 0.0, 0.0, 2211.041
4912.263491868973, 0.0, 0.0, 2211.285
4914.263574361801, 0.0, 0.0, 2211.588
4916.263674020767, 0.0, 0.0, 2211.882
4918.263765573502, 0.0, 0.0, 2212.221
4920.263869524002, 0.0, 0.0, 2212.589
4922.263972759247, 0.0, 0.0, 2213.056
4924.264073133469, 0.0, 0.0, 2213.533
4926.26415681839, 0.0, 0.0, 2214.01
4928.264256000519, 0.0, 0.0, 2214.438
4930.264359235764, 0.0, 0.0, 2214.805
4932.26446056366, 0.0, 0.0, 2215.179
4934.26456618309, 0.0, 0.0, 2215.624
4936.264646053314, 0.0, 0.0, 2216.039
4938.264781236649, 0.0, 0.0, 2216.372
4940.2648804187775, 0.0, 0.0, 2216.742
4942.264966964722, 0.0, 0.0, 2217.074
4944.2650644779205, 0.0, 0.0, 2217.402
4946.265163183212, 0.0, 0.0, 2217.786
4948.265265703201, 0.0, 0.0, 2218.19
4950.265367031097, 0.0, 0.0, 2218.502
4952.265451431274, 0.0, 0.0, 2218.887
4954.2655465602875, 0.0, 0.0, 2219.301
4956.2656326293945, 0.0, 0.0, 2219.626
4958.265715837479, 0.0, 0.0, 2219.941
4960.265800237656, 0.0, 0.0, 2220.163
4962.26588511467, 0.0, 0.0, 2220.391
4964.265971899033, 0.0, 0.0, 2220.602
4966.266056060791, 0.0, 0.0, 2220.814
4968.266144275665, 0.0, 0.0, 2221.042
4970.266246557236, 0.0, 0.0, 2221.336
4972.26634645462, 0.0, 0.0, 2221.599
4974.266433954239, 0.0, 0.0, 2221.843
4976.266536474228, 0.0, 0.0, 2222.156
4978.266639471054, 0.0, 0.0, 2222.45
4980.266717672348, 0.0, 0.0, 2222.767
4982.266819000244, 0.0, 0.0, 2223.12
4984.266915559769, 0.0, 0.0, 2223.515
4986.267019033432, 0.0, 0.0, 2223.866
4988.2671184539795, 0.0, 0.0, 2224.19
4990.267198801041, 0.0, 0.0, 2224.521
4992.267300605774, 0.0, 0.0, 2224.825
4994.267382860184, 0.0, 0.0, 2225.215
4996.267466545105, 0.0, 0.0, 2225.669
4998.267551898956, 0.0, 0.0, 2226.15
5000.267647743225, 0.0, 0.0, 2226.56
5002.267781019211, 0.0, 0.0, 2226.909
5004.267872333527, 0.0, 0.0, 2227.224
5006.267951726913, 0.0, 0.0, 2227.425
5008.268047094345, 0.0, 0.0, 2227.653
5010.26814198494, 0.0, 0.0, 2227.945
5012.268234014511, 0.0, 0.0, 2228.35
5014.268331289291, 0.0, 0.0, 2228.755
5016.268430709839, 0.0, 0.0, 2229.168
5018.268532752991, 0.0, 0.0, 2229.558
5020.268616199493, 0.0, 0.0, 2229.917
5022.268702983856, 0.0, 0.0, 2230.16
5024.268785476685, 0.0, 0.0, 2230.346
5026.26891875267, 0.0, 0.0, 2230.52
5028.269025802612, 0.0, 0.0, 2230.722
5030.269109010696, 0.0, 0.0, 2230.992
5032.269210577011, 0.0, 0.0, 2231.2
5034.269289731979, 0.0, 0.0, 2231.441
5036.2693774700165, 0.0, 0.0, 2231.7
5038.269466638565, 0.0, 0.0, 2231.959
5040.26956987381, 0.0, 0.0, 2232.278
5042.26965713501, 0.0, 0.0, 2232.564
5044.269738197327, 0.0, 0.0, 2232.925
5046.269815921783, 0.0, 0.0, 2233.234
5048.2698969841, 0.0, 0.0, 2233.543
5050.270030736923, 0.0, 0.0, 2233.804
5052.270112752914, 0.0, 0.0, 2234.108
5054.2701959609985, 0.0, 0.0, 2234.391
5056.270283699036, 0.0, 0.0, 2234.635
5058.270386219025, 0.0, 0.0, 2234.895
5060.270492315292, 0.0, 0.0, 2235.181
5062.270574092865, 0.0, 0.0, 2235.498
5064.270674467087, 0.0, 0.0, 2235.74
5066.2707595825195, 0.0, 0.0, 2236.006
5068.270854473114, 0.0, 0.0, 2236.249
5070.270946264267, 0.0, 0.0, 2236.488
5072.271032094955, 0.0, 0.0, 2236.724
5074.271173238754, 0.0, 0.0, 2236.982
5076.271255016327, 0.0, 0.0, 2237.257
5078.271337985992, 0.0, 0.0, 2237.598
5080.2714211940765, 0.0, 0.0, 2237.936
5082.271513938904, 0.0, 0.0, 2238.243
5084.271589756012, 0.0, 0.0, 2238.538
5086.271669626236, 0.0, 0.0, 2238.892
5088.271745681763, 0.0, 0.0, 2239.304
5090.271827220917, 0.0, 0.0, 2239.66
5092.271923542023, 0.0, 0.0, 2239.871
5094.272002458572, 0.0, 0.0, 2240.143
5096.2720856666565, 0.0, 0.0, 2240.4
5098.272243738174, 0.0, 0.0, 2240.679
5100.2723569869995, 0.0, 0.0, 2240.934
5102.272433042526, 0.0, 0.0, 2241.22
5104.272519350052, 0.0, 0.0, 2241.472
5106.272603034973, 0.0, 0.0, 2241.75
5108.272706985474, 0.0, 0.0, 2242.069
5110.272809267044, 0.0, 0.0, 2242.275
5112.272905111313, 0.0, 0.0, 2242.53
5114.273000717163, 0.0, 0.0, 2242.796
5116.273079872131, 0.0, 0.0, 2243.115
5118.273178577423, 0.0, 0.0, 2243.404
5120.273318767548, 0.0, 0.0, 2243.693
5122.273648262024, 0.0, 0.0, 2243.964
5124.2737283706665, 0.0, 0.0, 2244.261
5126.273806333542, 0.0, 0.0, 2244.559
5128.273906707764, 0.0, 0.0, 2244.86
5130.273988008499, 0.0, 0.0, 2245.156
5132.274076938629, 0.0, 0.0, 2245.448
5134.274174451828, 0.0, 0.0, 2245.64
5136.274277925491, 0.0, 0.0, 2245.945
5138.274377584457, 0.0, 0.0, 2246.253
5140.2745089530945, 0.0, 0.0, 2246.557
5142.27459526062, 0.0, 0.0, 2246.865
5144.2746958732605, 0.0, 0.0, 2247.159
5146.274788141251, 0.0, 0.0, 2247.367
5148.274863243103, 0.0, 0.0, 2247.684
5150.274945735931, 0.0, 0.0, 2248.023
5152.275047302246, 0.0, 0.0, 2248.353
5154.275183677673, 0.0, 0.0, 2248.672
5156.275281190872, 0.0, 0.0, 2249.04
5158.275376558304, 0.0, 0.0, 2249.367
5160.275464773178, 0.0, 0.0, 2249.597
5162.275563001633, 0.0, 0.0, 2249.797
5164.275666713715, 0.0, 0.0, 2250.069
5166.275748252869, 0.0, 0.0, 2250.397
5168.275848388672, 0.0, 0.0, 2250.726
5170.275926351547, 0.0, 0.0, 2251.052
5172.2760627269745, 0.0, 0.0, 2251.387
5174.276165962219, 0.0, 0.0, 2251.714
5176.276306152344, 0.0, 0.0, 2252.057
5178.276384115219, 0.0, 0.0, 2252.344
5180.276483535767, 0.0, 0.0, 2252.557
5182.276572942734, 0.0, 0.0, 2252.884
5184.276653766632, 0.0, 0.0, 2253.138
5186.2767329216, 0.0, 0.0, 2253.323
5188.276830673218, 0.0, 0.0, 2253.495
5190.27693104744, 0.0, 0.0, 2253.67
5192.277013540268, 0.0, 0.0, 2253.913
5194.277144908905, 0.0, 0.0, 2254.156
5196.277225255966, 0.0, 0.0, 2254.498
5198.27731013298, 0.0, 0.0, 2254.823
5200.277440547943, 0.0, 0.0, 2255.041
5202.277532815933, 0.0, 0.0, 2255.27
5204.277667284012, 0.0, 0.0, 2255.567
5206.277770519257, 0.0, 0.0, 2255.92
5208.277903318405, 0.0, 0.0, 2256.194
5210.278000354767, 0.0, 0.0, 2256.523
5212.278085231781, 0.0, 0.0, 2256.841
5214.278164148331, 0.0, 0.0, 2257.166
5216.278249740601, 0.0, 0.0, 2257.456
5218.2783324718475, 0.0, 0.0, 2257.632
5220.27846455574, 0.0, 0.0, 2257.812
5222.278551340103, 0.0, 0.0, 2258.146
5224.278653144836, 0.0, 0.0, 2258.398
5226.278788328171, 0.0, 0.0, 2258.569
5228.278887987137, 0.0, 0.0, 2258.758
5230.2789804935455, 0.0, 0.0, 2258.922
5232.279071807861, 0.0, 0.0, 2259.144
5234.2791748046875, 0.0, 0.0, 2259.377
5236.279306411743, 0.0, 0.0, 2259.625
5238.279415845871, 0.0, 0.0, 2259.862
5240.2795243263245, 0.0, 0.0, 2260.084
5242.279624700546, 0.0, 0.0, 2260.332
5244.279759168625, 0.0, 0.0, 2260.55
5246.2798590660095, 0.0, 0.0, 2260.757
5248.279944896698, 0.0, 0.0, 2260.954
5250.280033349991, 0.0, 0.0, 2261.171
5252.280165433884, 0.0, 0.0, 2261.403
5254.280301570892, 0.0, 0.0, 2261.622
5256.280403137207, 0.0, 0.0, 2261.835
5258.2805552482605, 0.0, 0.0, 2262.037
5260.28090262413, 0.0, 0.0, 2262.257
5262.281037569046, 0.0, 0.0, 2262.599
5264.281137228012, 0.0, 0.0, 2262.937
5266.281237363815, 0.0, 0.0, 2263.296
5268.281321287155, 0.0, 0.0, 2263.612
5270.2814564704895, 0.0, 0.0, 2263.937
5272.281551122665, 0.0, 0.0, 2264.259
5274.281651496887, 0.0, 0.0, 2264.509
5276.281728029251, 0.0, 0.0, 2264.736
5278.281872034073, 0.0, 0.0, 2264.944
5280.281977653503, 0.0, 0.0, 2265.125
5282.282080411911, 0.0, 0.0, 2265.327
5284.282183170319, 0.0, 0.0, 2265.538
5286.28226685524, 0.0, 0.0, 2265.739
5288.282350301743, 0.0, 0.0, 2265.968
5290.282448291779, 0.0, 0.0, 2266.178
5292.2825565338135, 0.0, 0.0, 2266.41
5294.282643318176, 0.0, 0.0, 2266.627
5296.282779455185, 0.0, 0.0, 2266.86
5298.282876491547, 0.0, 0.0, 2267.06
5300.283009767532, 0.0, 0.0, 2267.283
5302.283111810684, 0.0, 0.0, 2267.526
5304.283198595047, 0.0, 0.0, 2267.761
5306.283334970474, 0.0, 0.0, 2267.918
5308.28346824646, 0.0, 0.0, 2268.116
5310.283554553986, 0.0, 0.0, 2268.265
5312.283637523651, 0.0, 0.0, 2268.452
5314.283739566803, 0.0, 0.0, 2268.652
5316.283839941025, 0.0, 0.0, 2268.858
5318.283981800079, 0.0, 0.0, 2269.056
5320.284082651138, 0.0, 0.0, 2269.305
5322.284160375595, 0.0, 0.0, 2269.495
5324.2842609882355, 0.0, 0.0, 2269.734
5326.284359455109, 0.0, 0.0, 2269.99
5328.2844405174255, 0.0, 0.0, 2270.259
5330.28459072113, 0.0, 0.0, 2270.477
5332.284692764282, 0.0, 0.0, 2270.74
5334.284795284271, 0.0, 0.0, 2271.039
5336.284895896912, 0.0, 0.0, 2271.336
5338.284998416901, 0.0, 0.0, 2271.6
5340.28507566452, 0.0, 0.0, 2271.843
5342.285174131393, 0.0, 0.0, 2272.084
5344.285303354263, 0.0, 0.0, 2272.313
5346.28541302681, 0.0, 0.0, 2272.55
5348.285513162613, 0.0, 0.0, 2272.891
5350.28561425209, 0.0, 0.0, 2273.195
5352.285714626312, 0.0, 0.0, 2273.445
5354.28581571579, 0.0, 0.0, 2273.673
5356.285919427872, 0.0, 0.0, 2273.94
5358.2859988212585, 0.0, 0.0, 2274.229
5360.286100387573, 0.0, 0.0, 2274.476
5362.286183357239, 0.0, 0.0, 2274.711
5364.2862684726715, 0.0, 0.0, 2274.901
5366.286367416382, 0.0, 0.0, 2275.136
5368.286449670792, 0.0, 0.0, 2275.389
5370.286550283432, 0.0, 0.0, 2275.57
5372.286688566208, 0.0, 0.0, 2275.832
5374.286783695221, 0.0, 0.0, 2276.056
5376.286862373352, 0.0, 0.0, 2276.271
5378.2869663238525, 0.0, 0.0, 2276.431
5380.287074804306, 0.0, 0.0, 2276.607
5382.287176132202, 0.0, 0.0, 2276.805
5384.2872722148895, 0.0, 0.0, 2276.993
5386.28737282753, 0.0, 0.0, 2277.15
5388.287475347519, 0.0, 0.0, 2277.368
5390.287558555603, 0.0, 0.0, 2277.632
5392.287660360336, 0.0, 0.0, 2277.916
5394.287740468979, 0.0, 0.0, 2278.154
5396.287843465805, 0.0, 0.0, 2278.393
5398.288168430328, 0.0, 0.0, 2278.682
5400.288305044174, 0.0, 0.0, 2278.957
5402.288404464722, 0.0, 0.0, 2279.262
5404.288485527039, 0.0, 0.0, 2279.498
5406.288591623306, 0.0, 0.0, 2279.779
5408.28869342804, 0.0, 0.0, 2280.031
5410.288795948029, 0.0, 0.0, 2280.247
5412.28888964653, 0.0, 0.0, 2280.444
5414.2889885902405, 0.0, 0.0, 2280.646
5416.2891302108765, 0.0, 0.0, 2280.822
5418.289457559586, 0.0, 0.0, 2281.063
5420.289541721344, 0.0, 0.0, 2281.348
5422.289625883102, 0.0, 0.0, 2281.526
5424.2897272109985, 0.0, 0.0, 2281.744
5426.289832353592, 0.0, 0.0, 2281.902
5428.28991818428, 0.0, 0.0, 2282.083
5430.290000915527, 0.0, 0.0, 2282.311
5432.290143251419, 0.0, 0.0, 2282.518
5434.290296792984, 0.0, 0.0, 2282.723
5436.290440559387, 0.0, 0.0, 2282.839
5438.290528059006, 0.0, 0.0, 2283.045
5440.290637731552, 0.0, 0.0, 2283.28
5442.290740728378, 0.0, 0.0, 2283.445
5444.290842294693, 0.0, 0.0, 2283.652
5446.290981769562, 0.0, 0.0, 2283.829
5448.291068792343, 0.0, 0.0, 2283.986
5450.291171312332, 0.0, 0.0, 2284.166
5452.29127907753, 0.0, 0.0, 2284.369
5454.291378259659, 0.0, 0.0, 2284.514
5456.291512012482, 0.0, 0.0, 2284.719
5458.291617155075, 0.0, 0.0, 2284.89
5460.291731595993, 0.0, 0.0, 2285.114
5462.291866540909, 0.0, 0.0, 2285.287
5464.291968822479, 0.0, 0.0, 2285.493
5466.29204750061, 0.0, 0.0, 2285.708
5468.292150020599, 0.0, 0.0, 2285.918
5470.292249917984, 0.0, 0.0, 2286.106
5472.292335033417, 0.0, 0.0, 2286.294
5474.292418003082, 0.0, 0.0, 2286.562
5476.2925572395325, 0.0, 0.0, 2286.812
5478.292662620544, 0.0, 0.0, 2287.008
5480.292753696442, 0.0, 0.0, 2287.273
5482.292854785919, 0.0, 0.0, 2287.429
5484.292931318283, 0.0, 0.0, 2287.61
5486.2930381298065, 0.0, 0.0, 2287.808
5488.293127536774, 0.0, 0.0, 2287.993
5490.2932205200195, 0.0, 0.0, 2288.215
5492.293302297592, 0.0, 0.0, 2288.432
5494.293448209763, 0.0, 0.0, 2288.647
5496.293534755707, 0.0, 0.0, 2288.895
5498.293645143509, 0.0, 0.0, 2289.091
5500.293748140335, 0.0, 0.0, 2289.359
5502.293847560883, 0.0, 0.0, 2289.602
5504.293946504593, 0.0, 0.0, 2289.779
5506.294049024582, 0.0, 0.0, 2289.954
5508.294185161591, 0.0, 0.0, 2290.147
5510.294320106506, 0.0, 0.0, 2290.304
5512.294422388077, 0.0, 0.0, 2290.544
5514.294529438019, 0.0, 0.0, 2290.824
5516.294643878937, 0.0, 0.0, 2291.061
5518.294742822647, 0.0, 0.0, 2291.235
5520.29482293129, 0.0, 0.0, 2291.459
5522.294925451279, 0.0, 0.0, 2291.66
5524.295010089874, 0.0, 0.0, 2291.826
5526.295104265213, 0.0, 0.0, 2292.031
5528.295187473297, 0.0, 0.0, 2292.243
5530.29528927803, 0.0, 0.0, 2292.468
5532.295430421829, 0.0, 0.0, 2292.745
5534.295513153076, 0.0, 0.0, 2292.986
5536.2956557273865, 0.0, 0.0, 2293.231
5538.2957372665405, 0.0, 0.0, 2293.455
5540.295837163925, 0.0, 0.0, 2293.684
5542.295935869217, 0.0, 0.0, 2293.898
5544.296064376831, 0.0, 0.0, 2294.158
5546.296166181564, 0.0, 0.0, 2294.436
5548.2962646484375, 0.0, 0.0, 2294.691
5550.296360492706, 0.0, 0.0, 2294.909
5552.296503782272, 0.0, 0.0, 2295.09
5554.2965931892395, 0.0, 0.0, 2295.276
5556.296674013138, 0.0, 0.0, 2295.464
5558.2967710494995, 0.0, 0.0, 2295.685
5560.296858549118, 0.0, 0.0, 2295.822
5562.29699587822, 0.0, 0.0, 2296.011
5564.297096014023, 0.0, 0.0, 2296.253
5566.297195196152, 0.0, 0.0, 2296.473
5568.297332048416, 0.0, 0.0, 2296.712
5570.297449588776, 0.0, 0.0, 2296.971
5572.2975997924805, 0.0, 0.0, 2297.187
5574.297691345215, 0.0, 0.0, 2297.457
5576.297778606415, 0.0, 0.0, 2297.631
5578.297877788544, 0.0, 0.0, 2297.824
5580.298010349274, 0.0, 0.0, 2297.932
5582.298157215118, 0.0, 0.0, 2298.112
5584.29825592041, 0.0, 0.0, 2298.219
5586.298349380493, 0.0, 0.0, 2298.325
5588.298483610153, 0.0, 0.0, 2298.497
5590.298570632935, 0.0, 0.0, 2298.667
5592.298657178879, 0.0, 0.0, 2298.814
5594.298787117004, 0.0, 0.0, 2298.958
5596.2988703250885, 0.0, 0.0, 2299.155
5598.299008131027, 0.0, 0.0, 2299.303
5600.29914188385, 0.0, 0.0, 2299.47
5602.299283027649, 0.0, 0.0, 2299.622
5604.299426794052, 0.0, 0.0, 2299.785
5606.299558877945, 0.0, 0.0, 2299.926
5608.299662351608, 0.0, 0.0, 2300.116
5610.299761295319, 0.0, 0.0, 2300.271
5612.299908399582, 0.0, 0.0, 2300.432
5614.300009012222, 0.0, 0.0, 2300.606
5616.30010843277, 0.0, 0.0, 2300.79
5618.300212860107, 0.0, 0.0, 2300.967
5620.300347805023, 0.0, 0.0, 2301.13
5622.3004767894745, 0.0, 0.0, 2301.271
5624.300610542297, 0.0, 0.0, 2301.461
5626.300719261169, 0.0, 0.0, 2301.663
5628.300804615021, 0.0, 0.0, 2301.907
5630.301159620285, 0.0, 0.0, 2302.074
5632.3012409210205, 0.0, 0.0, 2302.318
5634.301347732544, 0.0, 0.0, 2302.526
5636.301430940628, 0.0, 0.0, 2302.7
5638.301520586014, 0.0, 0.0, 2302.871
5640.301668405533, 0.0, 0.0, 2303.053
5642.301747083664, 0.0, 0.0, 2303.258
5644.301847934723, 0.0, 0.0, 2303.475
5646.301926851273, 0.0, 0.0, 2303.746
5648.302029848099, 0.0, 0.0, 2303.988
5650.302129983902, 0.0, 0.0, 2304.23
5652.302234172821, 0.0, 0.0, 2304.428
5654.302328824997, 0.0, 0.0, 2304.597
5656.302411079407, 0.0, 0.0, 2304.744
5658.302513122559, 0.0, 0.0, 2304.891
5660.302613973618, 0.0, 0.0, 2305.024
5662.302713632584, 0.0, 0.0, 2305.177
5664.302790641785, 0.0, 0.0, 2305.308
5666.302892208099, 0.0, 0.0, 2305.474
5668.3029890060425, 0.0, 0.0, 2305.626
5670.303089618683, 0.0, 0.0, 2305.803
5672.303222417831, 0.0, 0.0, 2305.93
5674.303324699402, 0.0, 0.0, 2306.083
5676.3034653663635, 0.0, 0.0, 2306.262
5678.303559303284, 0.0, 0.0, 2306.44
5680.303666591644, 0.0, 0.0, 2306.631
5682.303748369217, 0.0, 0.0, 2306.768
5684.303834199905, 0.0, 0.0, 2306.939
5686.303922891617, 0.0, 0.0, 2307.116
5688.3040227890015, 0.0, 0.0, 2307.29
5690.304128170013, 0.0, 0.0, 2307.504
5692.30423283577, 0.0, 0.0, 2307.734
5694.304321527481, 0.0, 0.0, 2307.959
5696.304456949234, 0.0, 0.0, 2308.151
5698.304593324661, 0.0, 0.0, 2308.334
5700.3046844005585, 0.0, 0.0, 2308.513
5702.304785490036, 0.0, 0.0, 2308.677
5704.304884433746, 0.0, 0.0, 2308.815
5706.304988622665, 0.0, 0.0, 2309.011
5708.305092096329, 0.0, 0.0, 2309.172
5710.305180311203, 0.0, 0.0, 2309.327
5712.305268287659, 0.0, 0.0, 2309.483
5714.305353164673, 0.0, 0.0, 2309.698
5716.305453538895, 0.0, 0.0, 2309.859
5718.305536985397, 0.0, 0.0, 2310.057
5720.305639505386, 0.0, 0.0, 2310.22
5722.30574297905, 0.0, 0.0, 2310.375
5724.30584025383, 0.0, 0.0, 2310.54
5726.305928230286, 0.0, 0.0, 2310.662
5728.306065559387, 0.0, 0.0, 2310.802
5730.306166410446, 0.0, 0.0, 2310.987
5732.306257724762, 0.0, 0.0, 2311.121
5734.306353569031, 0.0, 0.0, 2311.356
5736.3064386844635, 0.0, 0.0, 2311.524
5738.306533098221, 0.0, 0.0, 2311.732
5740.306633710861, 0.0, 0.0, 2311.941
5742.3067278862, 0.0, 0.0, 2312.13
5744.306826353073, 0.0, 0.0, 2312.337
5746.306969642639, 0.0, 0.0, 2312.517
5748.307074308395, 0.0, 0.0, 2312.703
5750.307164907455, 0.0, 0.0, 2312.917
5752.307268619537, 0.0, 0.0, 2313.114
5754.307362794876, 0.0, 0.0, 2313.324
5756.307463645935, 0.0, 0.0, 2313.484
5758.307559490204, 0.0, 0.0, 2313.66
5760.307661533356, 0.0, 0.0, 2313.773
5762.307765960693, 0.0, 0.0, 2313.946
5764.307866573334, 0.0, 0.0, 2314.084
5766.307954549789, 0.0, 0.0, 2314.249
5768.308038473129, 0.0, 0.0, 2314.382
5770.308140277863, 0.0, 0.0, 2314.54
5772.308219194412, 0.0, 0.0, 2314.705
5774.308319807053, 0.0, 0.0, 2314.878
5776.308403253555, 0.0, 0.0, 2314.99
5778.308488607407, 0.0, 0.0, 2315.144
5780.308593988419, 0.0, 0.0, 2315.312
5782.308693885803, 0.0, 0.0, 2315.447
5784.308777093887, 0.0, 0.0, 2315.595
5786.308882474899, 0.0, 0.0, 2315.75
5788.308984041214, 0.0, 0.0, 2315.856
5790.309067726135, 0.0, 0.0, 2315.996
5792.30916595459, 0.0, 0.0, 2316.194
5794.309293270111, 0.0, 0.0, 2316.322
5796.309380531311, 0.0, 0.0, 2316.543
5798.309475898743, 0.0, 0.0, 2316.686
5800.30956363678, 0.0, 0.0, 2316.885
5802.309650182724, 0.0, 0.0, 2316.971
5804.309786558151, 0.0, 0.0, 2317.182
5806.309875249863, 0.0, 0.0, 2317.363
5808.309958934784, 0.0, 0.0, 2317.532
5810.310043096542, 0.0, 0.0, 2317.686
5812.310136556625, 0.0, 0.0, 2317.888
5814.310230016708, 0.0, 0.0, 2318.06
5816.310314416885, 0.0, 0.0, 2318.25
5818.310406446457, 0.0, 0.0, 2318.351
5820.3105092048645, 0.0, 0.0, 2318.535
5822.310616493225, 0.0, 0.0, 2318.714
5824.310724258423, 0.0, 0.0, 2318.891
5826.31080365181, 0.0, 0.0, 2319.072
5828.3109085559845, 0.0, 0.0, 2319.272
5830.311038970947, 0.0, 0.0, 2319.424
5832.311140298843, 0.0, 0.0, 2319.589
5834.311272859573, 0.0, 0.0, 2319.718
5836.311407804489, 0.0, 0.0, 2319.844
5838.3115112781525, 0.0, 0.0, 2319.998
5840.3115973472595, 0.0, 0.0, 2320.163
5842.311697483063, 0.0, 0.0, 2320.321
5844.3117852211, 0.0, 0.0, 2320.49
5846.311872243881, 0.0, 0.0, 2320.64
5848.3119649887085, 0.0, 0.0, 2320.79
5850.312065601349, 0.0, 0.0, 2320.988
5852.312150478363, 0.0, 0.0, 2321.134
5854.312244176865, 0.0, 0.0, 2321.285
5856.312345504761, 0.0, 0.0, 2321.467
5858.312446117401, 0.0, 0.0, 2321.563
5860.312546491623, 0.0, 0.0, 2321.749
5862.312627315521, 0.0, 0.0, 2321.899
5864.312723875046, 0.0, 0.0, 2322.098
5866.312823295593, 0.0, 0.0, 2322.298
5868.312921047211, 0.0, 0.0, 2322.523
5870.313039779663, 0.0, 0.0, 2322.657
5872.3131268024445, 0.0, 0.0, 2322.772
5874.313225746155, 0.0, 0.0, 2322.937
5876.313326358795, 0.0, 0.0, 2323.093
5878.3134253025055, 0.0, 0.0, 2323.264
5880.3135142326355, 0.0, 0.0, 2323.401
5882.31359910965, 0.0, 0.0, 2323.541
5884.3136875629425, 0.0, 0.0, 2323.685
5886.313775777817, 0.0, 0.0, 2323.793
5888.313863992691, 0.0, 0.0, 2323.941
5890.313951730728, 0.0, 0.0, 2324.077
5892.314061880112, 0.0, 0.0, 2324.237
5894.314194440842, 0.0, 0.0, 2324.441
5896.31428194046, 0.0, 0.0, 2324.569
5898.314364671707, 0.0, 0.0, 2324.727
5900.314469575882, 0.0, 0.0, 2324.876
5902.314603567123, 0.0, 0.0, 2324.987
5904.3146913051605, 0.0, 0.0, 2325.146
5906.314822435379, 0.0, 0.0, 2325.313
5908.314906597137, 0.0, 0.0, 2325.462
5910.315010547638, 0.0, 0.0, 2325.641
5912.315112113953, 0.0, 0.0, 2325.826
5914.31521487236, 0.0, 0.0, 2325.999
5916.315297842026, 0.0, 0.0, 2326.199
5918.315402030945, 0.0, 0.0, 2326.309
5920.315499305725, 0.0, 0.0, 2326.456
5922.315583944321, 0.0, 0.0, 2326.588
5924.315687179565, 0.0, 0.0, 2326.825
5926.315822124481, 0.0, 0.0, 2326.971
5928.315965175629, 0.0, 0.0, 2327.169
5930.316069602966, 0.0, 0.0, 2327.328
5932.316169261932, 0.0, 0.0, 2327.476
5934.316252231598, 0.0, 0.0, 2327.603
5936.316334486008, 0.0, 0.0, 2327.786
5938.316429853439, 0.0, 0.0, 2327.909
5940.316516637802, 0.0, 0.0, 2327.991
5942.316615104675, 0.0, 0.0, 2328.129
5944.31676530838, 0.0, 0.0, 2328.199
5946.316912174225, 0.0, 0.0, 2328.34
5948.3170075416565, 0.0, 0.0, 2328.47
5950.3171129226685, 0.0, 0.0, 2328.54
5952.3171916008, 0.0, 0.0, 2328.681
5954.317288398743, 0.0, 0.0, 2328.8
5956.31738948822, 0.0, 0.0, 2328.97
5958.317490816116, 0.0, 0.0, 2329.106
5960.317590713501, 0.0, 0.0, 2329.234
5962.317692279816, 0.0, 0.0, 2329.4
5964.317793607712, 0.0, 0.0, 2329.559
5966.317898511887, 0.0, 0.0, 2329.695
5968.3180372715, 0.0, 0.0, 2329.855
5970.3181273937225, 0.0, 0.0, 2329.987
5972.3182282447815, 0.0, 0.0, 2330.174
5974.31832742691, 0.0, 0.0, 2330.342
5976.318428277969, 0.0, 0.0, 2330.509
5978.318529367447, 0.0, 0.0, 2330.657
5980.318629026413, 0.0, 0.0, 2330.825
5982.318727731705, 0.0, 0.0, 2330.949
5984.318830013275, 0.0, 0.0, 2331.089
5986.318930864334, 0.0, 0.0, 2331.252
5988.319020271301, 0.0, 0.0, 2331.375
5990.319107532501, 0.0, 0.0, 2331.497
5992.31919169426, 0.0, 0.0, 2331.593
5994.31928396225, 0.0, 0.0, 2331.741
5996.319416046143, 0.0, 0.0, 2331.853
5998.319499731064, 0.0, 0.0, 2332.004
6000.3196041584015, 0.0, 0.0, 2332.143
6002.319687604904, 0.0, 0.0, 2332.274
6004.319796800613, 0.0, 0.0, 2332.426
6006.319931507111, 0.0, 0.0, 2332.592
6008.320060491562, 0.0, 0.0, 2332.778
6010.320158958435, 0.0, 0.0, 2332.904
6012.320247173309, 0.0, 0.0, 2333.012
6014.320346593857, 0.0, 0.0, 2333.17
6016.320427656174, 0.0, 0.0, 2333.31
6018.320534706116, 0.0, 0.0, 2333.434
6020.320619344711, 0.0, 0.0, 2333.544
6022.32071852684, 0.0, 0.0, 2333.712
6024.320819854736, 0.0, 0.0, 2333.86
6026.320930480957, 0.0, 0.0, 2334.01
6028.321034193039, 0.0, 0.0, 2334.155
6030.321142911911, 0.0, 0.0, 2334.282
6032.32127904892, 0.0, 0.0, 2334.376
6034.321370840073, 0.0, 0.0, 2334.491
6036.32145857811, 0.0, 0.0, 2334.672
6038.3215589523315, 0.0, 0.0, 2334.807
6040.321658372879, 0.0, 0.0, 2334.991
6042.321741580963, 0.0, 0.0, 2335.113
6044.322043418884, 0.0, 0.0, 2335.265
6046.322162866592, 0.0, 0.0, 2335.324
6048.322299003601, 0.0, 0.0, 2335.494
6050.322412729263, 0.0, 0.0, 2335.586
6052.32253241539, 0.0, 0.0, 2335.756
6054.322633743286, 0.0, 0.0, 2335.906
6056.322733879089, 0.0, 0.0, 2336.075
6058.3228278160095, 0.0, 0.0, 2336.179
6060.322908401489, 0.0, 0.0, 2336.301
6062.323009490967, 0.0, 0.0, 2336.464
6064.3231110572815, 0.0, 0.0, 2336.579
6066.323214054108, 0.0, 0.0, 2336.721
6068.3233070373535, 0.0, 0.0, 2336.859
6070.323388576508, 0.0, 0.0, 2336.993
6072.32347536087, 0.0, 0.0, 2337.169
6074.323558092117, 0.0, 0.0, 2337.299
6076.3236355781555, 0.0, 0.0, 2337.469
6078.323729753494, 0.0, 0.0, 2337.564
6080.32386302948, 0.0, 0.0, 2337.675
6082.323951482773, 0.0, 0.0, 2337.75
6084.32405257225, 0.0, 0.0, 2337.905
6086.3241555690765, 0.0, 0.0, 2338.03
6088.324252843857, 0.0, 0.0, 2338.193
6090.324344873428, 0.0, 0.0, 2338.3
6092.324431180954, 0.0, 0.0, 2338.425
6094.324523687363, 0.0, 0.0, 2338.567
6096.324656009674, 0.0, 0.0, 2338.701
6098.324758052826, 0.0, 0.0, 2338.836
6100.324899196625, 0.0, 0.0, 2339.01
6102.324983358383, 0.0, 0.0, 2339.1
6104.325084447861, 0.0, 0.0, 2339.228
6106.325162887573, 0.0, 0.0, 2339.398
6108.325302600861, 0.0, 0.0, 2339.535
6110.325388431549, 0.0, 0.0, 2339.69
6112.325487852097, 0.0, 0.0, 2339.895
6114.325566768646, 0.0, 0.0, 2340.031
6116.325667381287, 0.0, 0.0, 2340.106
6118.325774908066, 0.0, 0.0, 2340.202
6120.325877189636, 0.0, 0.0, 2340.332
6122.326009273529, 0.0, 0.0, 2340.429
6124.326104640961, 0.0, 0.0, 2340.616
6126.326205253601, 0.0, 0.0, 2340.778
6128.326305627823, 0.0, 0.0, 2340.996
6130.3264055252075, 0.0, 0.0, 2341.161
6132.3265018463135, 0.0, 0.0, 2341.28
6134.3266043663025, 0.0, 0.0, 2341.314
6136.326704025269, 0.0, 0.0, 2341.409
6138.326807975769, 0.0, 0.0, 2341.52
6140.326909780502, 0.0, 0.0, 2341.592
6142.327008724213, 0.0, 0.0, 2341.719
6144.327109098434, 0.0, 0.0, 2341.846
6146.327204465866, 0.0, 0.0, 2341.925
6148.32728767395, 0.0, 0.0, 2342.008
6150.327374458313, 0.0, 0.0, 2342.136
6152.327457904816, 0.0, 0.0, 2342.308
6154.327538967133, 0.0, 0.0, 2342.371
6156.327630281448, 0.0, 0.0, 2342.503
6158.32771897316, 0.0, 0.0, 2342.575
6160.327815771103, 0.0, 0.0, 2342.705
6162.3279531002045, 0.0, 0.0, 2342.819
6164.328051567078, 0.0, 0.0, 2342.955
6166.328140735626, 0.0, 0.0, 2343.047
6168.328222990036, 0.0, 0.0, 2343.245
6170.328324556351, 0.0, 0.0, 2343.469
6172.328418493271, 0.0, 0.0, 2343.623
6174.328509569168, 0.0, 0.0, 2343.772
6176.328743219376, 0.0, 0.0, 2343.94
6178.328884363174, 0.0, 0.0, 2344.081
6180.32900428772, 0.0, 0.0, 2344.201
6182.3290956020355, 0.0, 0.0, 2344.3
6184.32923746109, 0.0, 0.0, 2344.433
6186.329316616058, 0.0, 0.0, 2344.567
6188.329418420792, 0.0, 0.0, 2344.702
6190.329519748688, 0.0, 0.0, 2344.807
6192.329607248306, 0.0, 0.0, 2344.919
6194.329703330994, 0.0, 0.0, 2345.054
6196.329784870148, 0.0, 0.0, 2345.176
6198.329878568649, 0.0, 0.0, 2345.289
6200.329982757568, 0.0, 0.0, 2345.435
6202.33008480072, 0.0, 0.0, 2345.546
6204.33016371727, 0.0, 0.0, 2345.652
6206.330265283585, 0.0, 0.0, 2345.827
6208.330365419388, 0.0, 0.0, 2345.923
6210.330466508865, 0.0, 0.0, 2346.014
6212.330566644669, 0.0, 0.0, 2346.149
6214.330666303635, 0.0, 0.0, 2346.242
6216.330768823624, 0.0, 0.0, 2346.365
6218.330871343613, 0.0, 0.0, 2346.467
6220.330976724625, 0.0, 0.0, 2346.584
6222.331106185913, 0.0, 0.0, 2346.655
6224.331239938736, 0.0, 0.0, 2346.768
6226.3313364982605, 0.0, 0.0, 2346.89
6228.331469535828, 0.0, 0.0, 2347.012
6230.331560373306, 0.0, 0.0, 2347.183
6232.331650495529, 0.0, 0.0, 2347.281
6234.331740140915, 0.0, 0.0, 2347.398
6236.331844091415, 0.0, 0.0, 2347.542
6238.331976175308, 0.0, 0.0, 2347.711
6240.332054853439, 0.0, 0.0, 2347.815
6242.332152605057, 0.0, 0.0, 2347.935
6244.332284450531, 0.0, 0.0, 2348.045
6246.332374095917, 0.0, 0.0, 2348.125
6248.332466840744, 0.0, 0.0, 2348.22
6250.332550287247, 0.0, 0.0, 2348.355
6252.332685709, 0.0, 0.0, 2348.414
6254.332785844803, 0.0, 0.0, 2348.498
6256.332888126373, 0.0, 0.0, 2348.639
6258.333022356033, 0.0, 0.0, 2348.76
6260.333122968674, 0.0, 0.0, 2348.886
6262.333224773407, 0.0, 0.0, 2348.979
6264.333329916, 0.0, 0.0, 2349.064
6266.333416223526, 0.0, 0.0, 2349.179
6268.333504676819, 0.0, 0.0, 2349.332
6270.334015369415, 0.0, 0.0, 2349.469
6272.334158658981, 0.0, 0.0, 2349.602
6274.334249019623, 0.0, 0.0, 2349.722
6276.3343369960785, 0.0, 0.0, 2349.825
6278.334488630295, 0.0, 0.0, 2349.93
6280.334594249725, 0.0, 0.0, 2350.016
6282.334693908691, 0.0, 0.0, 2350.152
6284.33479142189, 0.0, 0.0, 2350.335
6286.334892034531, 0.0, 0.0, 2350.463
6288.33519244194, 0.0, 0.0, 2350.577
6290.335285663605, 0.0, 0.0, 2350.694
6292.335372924805, 0.0, 0.0, 2350.803
6294.335451602936, 0.0, 0.0, 2350.899
6296.335555553436, 0.0, 0.0, 2350.979
6298.335648775101, 0.0, 0.0, 2351.119
6300.335736751556, 0.0, 0.0, 2351.209
6302.33581328392, 0.0, 0.0, 2351.331
6304.335913896561, 0.0, 0.0, 2351.49
6306.3360142707825, 0.0, 0.0, 2351.621
6308.336112976074, 0.0, 0.0, 2351.759
6310.336211681366, 0.0, 0.0, 2351.878
6312.336290359497, 0.0, 0.0, 2351.979
6314.336389064789, 0.0, 0.0, 2352.094
6316.3364861011505, 0.0, 0.0, 2352.255
6318.336585998535, 0.0, 0.0, 2352.404
6320.336672306061, 0.0, 0.0, 2352.567
6322.33677983284, 0.0, 0.0, 2352.719
6324.336881160736, 0.0, 0.0, 2352.872
6326.336975336075, 0.0, 0.0, 2353.009
6328.337074756622, 0.0, 0.0, 2353.151
6330.337176799774, 0.0, 0.0, 2353.235
6332.337276935577, 0.0, 0.0, 2353.352
6334.337375879288, 0.0, 0.0, 2353.496
6336.337475299835, 0.0, 0.0, 2353.575
6338.337607860565, 0.0, 0.0, 2353.685
6340.337698221207, 0.0, 0.0, 2353.811
6342.337839126587, 0.0, 0.0, 2353.925
6344.33794260025, 0.0, 0.0, 2354.044
6346.338083028793, 0.0, 0.0, 2354.204
6348.338171958923, 0.0, 0.0, 2354.338
6350.338265180588, 0.0, 0.0, 2354.425
6352.33836555481, 0.0, 0.0, 2354.497
6354.338458776474, 0.0, 0.0, 2354.581
6356.338562250137, 0.0, 0.0, 2354.693
6358.338695764542, 0.0, 0.0, 2354.804
6360.338784456253, 0.0, 0.0, 2354.883
6362.338885307312, 0.0, 0.0, 2354.957
6364.338979959488, 0.0, 0.0, 2355.061
6366.339071512222, 0.0, 0.0, 2355.185
6368.339163541794, 0.0, 0.0, 2355.28
6370.339305639267, 0.0, 0.0, 2355.404
6372.339410066605, 0.0, 0.0, 2355.529
6374.339549064636, 0.0, 0.0, 2355.613
6376.339645385742, 0.0, 0.0, 2355.719
6378.33974814415, 0.0, 0.0, 2355.89
6380.339881896973, 0.0, 0.0, 2356.006
6382.340011835098, 0.0, 0.0, 2356.166
6384.340109825134, 0.0, 0.0, 2356.229
6386.340211868286, 0.0, 0.0, 2356.377
6388.34034204483, 0.0, 0.0, 2356.521
6390.340443372726, 0.0, 0.0, 2356.649
6392.340540885925, 0.0, 0.0, 2356.798
6394.340653657913, 0.0, 0.0, 2356.895
6396.340738534927, 0.0, 0.0, 2356.935
6398.340840578079, 0.0, 0.0, 2357.058
6400.340942144394, 0.0, 0.0, 2357.177
6402.341074466705, 0.0, 0.0, 2357.311
6404.341170549393, 0.0, 0.0, 2357.414
6406.34125995636, 0.0, 0.0, 2357.517
6408.341349840164, 0.0, 0.0, 2357.571
6410.3414351940155, 0.0, 0.0, 2357.698
6412.341531038284, 0.0, 0.0, 2357.797
6414.341631889343, 0.0, 0.0, 2357.904
6416.3417336940765, 0.0, 0.0, 2357.991
6418.3418226242065, 0.0, 0.0, 2358.112
6420.341910839081, 0.0, 0.0, 2358.239
6422.342053413391, 0.0, 0.0, 2358.35
6424.342136859894, 0.0, 0.0, 2358.45
6426.342237710953, 0.0, 0.0, 2358.616
6428.3423228263855, 0.0, 0.0, 2358.714
6430.342404842377, 0.0, 0.0, 2358.821
6432.342486858368, 0.0, 0.0, 2358.904
6434.342572927475, 0.0, 0.0, 2359.032
6436.342685699463, 0.0, 0.0, 2359.117
6438.342762470245, 0.0, 0.0, 2359.225
6440.342863321304, 0.0, 0.0, 2359.338
6442.342959165573, 0.0, 0.0, 2359.44
6444.343060016632, 0.0, 0.0, 2359.59
6446.3431487083435, 0.0, 0.0, 2359.695
6448.343240022659, 0.0, 0.0, 2359.777
6450.343379974365, 0.0, 0.0, 2359.923
6452.343482255936, 0.0, 0.0, 2360.053
6454.34358549118, 0.0, 0.0, 2360.155
6456.34367108345, 0.0, 0.0, 2360.286
6458.343803167343, 0.0, 0.0, 2360.405
6460.343904256821, 0.0, 0.0, 2360.549
6462.343991756439, 0.0, 0.0, 2360.705
6464.344094991684, 0.0, 0.0, 2360.9
6466.344230890274, 0.0, 0.0, 2361.008
6468.3443212509155, 0.0, 0.0, 2361.125
6470.344424247742, 0.0, 0.0, 2361.173
6472.344534158707, 0.0, 0.0, 2361.282
6474.344622135162, 0.0, 0.0, 2361.374
6476.344727039337, 0.0, 0.0, 2361.438
6478.344856023788, 0.0, 0.0, 2361.54
6480.344942808151, 0.0, 0.0, 2361.603
6482.345022201538, 0.0, 0.0, 2361.716
6484.345121622086, 0.0, 0.0, 2361.81
6486.345221757889, 0.0, 0.0, 2361.923
6488.345305919647, 0.0, 0.0, 2361.999
6490.345394849777, 0.0, 0.0, 2362.109
6492.345479488373, 0.0, 0.0, 2362.204
6494.345581531525, 0.0, 0.0, 2362.284
6496.345682382584, 0.0, 0.0, 2362.372
6498.345762014389, 0.0, 0.0, 2362.477
6500.3458461761475, 0.0, 0.0, 2362.579
6502.345947504044, 0.0, 0.0, 2362.731
6504.346045970917, 0.0, 0.0, 2362.858
6506.346127986908, 0.0, 0.0, 2362.988
6508.346230745316, 0.0, 0.0, 2363.109
6510.346324443817, 0.0, 0.0, 2363.197
6512.346462011337, 0.0, 0.0, 2363.305
6514.346554517746, 0.0, 0.0, 2363.399
6516.346660375595, 0.0, 0.0, 2363.506
6518.346755743027, 0.0, 0.0, 2363.578
6520.346834897995, 0.0, 0.0, 2363.673
6522.34693312645, 0.0, 0.0, 2363.768
6524.347035169601, 0.0, 0.0, 2363.872
6526.347140073776, 0.0, 0.0, 2363.992
6528.347223997116, 0.0, 0.0, 2364.087
6530.3473291397095, 0.0, 0.0, 2364.151
6532.347430706024, 0.0, 0.0, 2364.293
6534.347529888153, 0.0, 0.0, 2364.434
6536.347630739212, 0.0, 0.0, 2364.519
6538.347728252411, 0.0, 0.0, 2364.624
6540.347816705704, 0.0, 0.0, 2364.76
6542.347921133041, 0.0, 0.0, 2364.879
6544.348006486893, 0.0, 0.0, 2365.045
6546.348088264465, 0.0, 0.0, 2365.164
6548.348174095154, 0.0, 0.0, 2365.24
6550.348258733749, 0.0, 0.0, 2365.394
6552.348346948624, 0.0, 0.0, 2365.51
6554.348429441452, 0.0, 0.0, 2365.639
6556.348511457443, 0.0, 0.0, 2365.765
6558.348600625992, 0.0, 0.0, 2365.835
6560.348701715469, 0.0, 0.0, 2365.966
6562.348786115646, 0.0, 0.0, 2366.013
6564.34886264801, 0.0, 0.0, 2366.119
6566.348961830139, 0.0, 0.0, 2366.192
6568.3490471839905, 0.0, 0.0, 2366.273
6570.349180936813, 0.0, 0.0, 2366.402
6572.349268436432, 0.0, 0.0, 2366.522
6574.349370002747, 0.0, 0.0, 2366.652
6576.349461078644, 0.0, 0.0, 2366.794
6578.3495943546295, 0.0, 0.0, 2366.944
6580.349681854248, 0.0, 0.0, 2367.031
6582.349783182144, 0.0, 0.0, 2367.093
6584.350211143494, 0.0, 0.0, 2367.183
6586.350354194641, 0.0, 0.0, 2367.256
6588.350454330444, 0.0, 0.0, 2367.369
6590.350537776947, 0.0, 0.0, 2367.473
6592.350636005402, 0.0, 0.0, 2367.579
6594.350735902786, 0.0, 0.0, 2367.676
6596.350829601288, 0.0, 0.0, 2367.807
6598.350928783417, 0.0, 0.0, 2367.894
6600.351030349731, 0.0, 0.0, 2367.988
6602.351131439209, 0.0, 0.0, 2368.089
6604.3512325286865, 0.0, 0.0, 2368.174
6606.351313591003, 0.0, 0.0, 2368.269
6608.351397037506, 0.0, 0.0, 2368.354
6610.35147857666, 0.0, 0.0, 2368.45
6612.3515775203705, 0.0, 0.0, 2368.55
6614.35165977478, 0.0, 0.0, 2368.651
6616.351762056351, 0.0, 0.0, 2368.728
6618.3518397808075, 0.0, 0.0, 2368.814
6620.351943254471, 0.0, 0.0, 2368.894
6622.352021455765, 0.0, 0.0, 2369.051
6624.352121114731, 0.0, 0.0, 2369.107
6626.352200984955, 0.0, 0.0, 2369.183
6628.352291107178, 0.0, 0.0, 2369.292
6630.3523716926575, 0.0, 0.0, 2369.386
6632.352452039719, 0.0, 0.0, 2369.518
6634.352552652359, 0.0, 0.0, 2369.573
6636.352643489838, 0.0, 0.0, 2369.62
6638.352723836899, 0.0, 0.0, 2369.697
6640.352809429169, 0.0, 0.0, 2369.812
6642.3528888225555, 0.0, 0.0, 2369.937
6644.353024721146, 0.0, 0.0, 2370.002
6646.353120565414, 0.0, 0.0, 2370.098
6648.353204011917, 0.0, 0.0, 2370.163
6650.353287696838, 0.0, 0.0, 2370.255
6652.353374481201, 0.0, 0.0, 2370.338
6654.353455066681, 0.0, 0.0, 2370.45
6656.353585481644, 0.0, 0.0, 2370.529
6658.353663444519, 0.0, 0.0, 2370.591
6660.353763341904, 0.0, 0.0, 2370.726
6662.353867292404, 0.0, 0.0, 2370.832
6664.35396027565, 0.0, 0.0, 2370.928
6666.354038953781, 0.0, 0.0, 2371.004
6668.354145526886, 0.0, 0.0, 2371.07
6670.354241847992, 0.0, 0.0, 2371.158
6672.354326963425, 0.0, 0.0, 2371.247
6674.354418992996, 0.0, 0.0, 2371.339
6676.354519128799, 0.0, 0.0, 2371.396
6678.354620695114, 0.0, 0.0, 2371.474
6680.354708194733, 0.0, 0.0, 2371.537
6682.354787826538, 0.0, 0.0, 2371.65
6684.354872226715, 0.0, 0.0, 2371.718
6686.354956150055, 0.0, 0.0, 2371.858
6688.355044364929, 0.0, 0.0, 2371.981
6690.355124950409, 0.0, 0.0, 2372.1
6692.35521197319, 0.0, 0.0, 2372.233
6694.355361700058, 0.0, 0.0, 2372.366
6696.355444908142, 0.0, 0.0, 2372.456
6698.355526924133, 0.0, 0.0, 2372.544
6700.355606555939, 0.0, 0.0, 2372.65
6702.355699062347, 0.0, 0.0, 2372.7
6704.3558003902435, 0.0, 0.0, 2372.822
6706.355891227722, 0.0, 0.0, 2372.962
6708.355986595154, 0.0, 0.0, 2373.048
6710.356083393097, 0.0, 0.0, 2373.093
6712.356174468994, 0.0, 0.0, 2373.184
6714.356277704239, 0.0, 0.0, 2373.322
6716.356380224228, 0.0, 0.0, 2373.429
6718.356486082077, 0.0, 0.0, 2373.511
6720.35658121109, 0.0, 0.0, 2373.557
6722.3566834926605, 0.0, 0.0, 2373.684
6724.356819629669, 0.0, 0.0, 2373.757
6726.356900930405, 0.0, 0.0, 2373.831
6728.357033967972, 0.0, 0.0, 2373.949
6730.357120513916, 0.0, 0.0, 2374.026
6732.357222318649, 0.0, 0.0, 2374.127
6734.357319355011, 0.0, 0.0, 2374.207
6736.357421636581, 0.0, 0.0, 2374.3
6738.357521533966, 0.0, 0.0, 2374.4
6740.357618808746, 0.0, 0.0, 2374.517
6742.357702970505, 0.0, 0.0, 2374.594
6744.357791423798, 0.0, 0.0, 2374.678
6746.357925415039, 0.0, 0.0, 2374.798
6748.358006954193, 0.0, 0.0, 2374.878
6750.358111143112, 0.0, 0.0, 2374.981
6752.3582146167755, 0.0, 0.0, 2375.06
6754.35829615593, 0.0, 0.0, 2375.203
6756.358388185501, 0.0, 0.0, 2375.303
6758.35852432251, 0.0, 0.0, 2375.407
6760.358626842499, 0.0, 0.0, 2375.475
6762.358729600906, 0.0, 0.0, 2375.566
6764.358863830566, 0.0, 0.0, 2375.636
6766.358945846558, 0.0, 0.0, 2375.732
6768.359087944031, 0.0, 0.0, 2375.835
6770.359171867371, 0.0, 0.0, 2375.947
6772.359280824661, 0.0, 0.0, 2376.053
6774.359366893768, 0.0, 0.0, 2376.134
6776.359452962875, 0.0, 0.0, 2376.196
6778.359585285187, 0.0, 0.0, 2376.306
6780.359675168991, 0.0, 0.0, 2376.414
6782.359755277634, 0.0, 0.0, 2376.469
6784.3598549366, 0.0, 0.0, 2376.594
6786.359933614731, 0.0, 0.0, 2376.667
6788.36003780365, 0.0, 0.0, 2376.706
6790.360114812851, 0.0, 0.0, 2376.79
6792.36021566391, 0.0, 0.0, 2376.837
6794.360296726227, 0.0, 0.0, 2376.924
6796.3603982925415, 0.0, 0.0, 2376.999
6798.360481500626, 0.0, 0.0, 2377.073
6800.360566139221, 0.0, 0.0, 2377.157
6802.3606514930725, 0.0, 0.0, 2377.237
6804.360787391663, 0.0, 0.0, 2377.339
6806.360874176025, 0.0, 0.0, 2377.437
6808.360958337784, 0.0, 0.0, 2377.514
6810.361058712006, 0.0, 0.0, 2377.603
6812.3611624240875, 0.0, 0.0, 2377.704
6814.361298084259, 0.0, 0.0, 2377.813
6816.361396789551, 0.0, 0.0, 2377.895
6818.361497879028, 0.0, 0.0, 2377.998
6820.361579656601, 0.0, 0.0, 2378.074
6822.361709117889, 0.0, 0.0, 2378.162
6824.361811161041, 0.0, 0.0, 2378.221
6826.361943483353, 0.0, 0.0, 2378.268
6828.3620393276215, 0.0, 0.0, 2378.362
6830.362127780914, 0.0, 0.0, 2378.473
6832.362207889557, 0.0, 0.0, 2378.585
6834.362308502197, 0.0, 0.0, 2378.647
6836.362397670746, 0.0, 0.0, 2378.716
6838.36249256134, 0.0, 0.0, 2378.801
6840.36257481575, 0.0, 0.0, 2378.845
6842.362658500671, 0.0, 0.0, 2378.926
6844.36274600029, 0.0, 0.0, 2379.039
6846.362845420837, 0.0, 0.0, 2379.114
6848.362986564636, 0.0, 0.0, 2379.232
6850.3631200790405, 0.0, 0.0, 2379.354
6852.363201618195, 0.0, 0.0, 2379.467
6854.3632798194885, 0.0, 0.0, 2379.522
6856.363424539566, 0.0, 0.0, 2379.648
6858.363521575928, 0.0, 0.0, 2379.746
6860.3636038303375, 0.0, 0.0, 2379.873
6862.363744497299, 0.0, 0.0, 2379.939
6864.363845825195, 0.0, 0.0, 2380.034
6866.363953590393, 0.0, 0.0, 2380.12
6868.364054203033, 0.0, 0.0, 2380.256
6870.364144563675, 0.0, 0.0, 2380.349
6872.364243507385, 0.0, 0.0, 2380.465
6874.3643453121185, 0.0, 0.0, 2380.58
6876.3644926548, 0.0, 0.0, 2380.689
6878.36460018158, 0.0, 0.0, 2380.776
6880.364732980728, 0.0, 0.0, 2380.858
6882.364828824997, 0.0, 0.0, 2380.955
6884.364938735962, 0.0, 0.0, 2381.015
6886.365039587021, 0.0, 0.0, 2381.088
6888.365140914917, 0.0, 0.0, 2381.184
6890.365243911743, 0.0, 0.0, 2381.247
6892.365393877029, 0.0, 0.0, 2381.32
6894.365494966507, 0.0, 0.0, 2381.396
6896.365628957748, 0.0, 0.0, 2381.442
6898.365764379501, 0.0, 0.0, 2381.564
6900.365902662277, 0.0, 0.0, 2381.6
6902.366006612778, 0.0, 0.0, 2381.693
6904.366109609604, 0.0, 0.0, 2381.744
6906.366196870804, 0.0, 0.0, 2381.815
6908.366274833679, 0.0, 0.0, 2381.939
6910.366366147995, 0.0, 0.0, 2382.005
6912.366466283798, 0.0, 0.0, 2382.121
6914.366568565369, 0.0, 0.0, 2382.168
6916.366669654846, 0.0, 0.0, 2382.284
6918.366766214371, 0.0, 0.0, 2382.371
6920.366914272308, 0.0, 0.0, 2382.42
6922.367016792297, 0.0, 0.0, 2382.515
6924.367100954056, 0.0, 0.0, 2382.569
6926.36719417572, 0.0, 0.0, 2382.704
6928.367299556732, 0.0, 0.0, 2382.779
6930.367387771606, 0.0, 0.0, 2382.839
6932.367490768433, 0.0, 0.0, 2382.928
6934.367594242096, 0.0, 0.0, 2383.011
6936.367695569992, 0.0, 0.0, 2383.092
6938.36779665947, 0.0, 0.0, 2383.227
6940.367908477783, 0.0, 0.0, 2383.323
6942.367992639542, 0.0, 0.0, 2383.37
6944.368074417114, 0.0, 0.0, 2383.437
6946.368178129196, 0.0, 0.0, 2383.515
6948.368279933929, 0.0, 0.0, 2383.59
6950.368383169174, 0.0, 0.0, 2383.667
6952.368488311768, 0.0, 0.0, 2383.778
6954.368593215942, 0.0, 0.0, 2383.872
6956.368696451187, 0.0, 0.0, 2383.927
6958.36879825592, 0.0, 0.0, 2383.977
6960.368886709213, 0.0, 0.0, 2384.021
6962.368994474411, 0.0, 0.0, 2384.069
6964.369082927704, 0.0, 0.0, 2384.157
6966.36917257309, 0.0, 0.0, 2384.254
6968.369275808334, 0.0, 0.0, 2384.342
6970.369389772415, 0.0, 0.0, 2384.425
6972.369490623474, 0.0, 0.0, 2384.533
6974.36959195137, 0.0, 0.0, 2384.641
6976.369676589966, 0.0, 0.0, 2384.781
6978.3697719573975, 0.0, 0.0, 2384.87
6980.369870901108, 0.0, 0.0, 2384.978
6982.369959592819, 0.0, 0.0, 2385.081
6984.370102405548, 0.0, 0.0, 2385.142
6986.37021446228, 0.0, 0.0, 2385.251
6988.370348453522, 0.0, 0.0, 2385.31
6990.370450496674, 0.0, 0.0, 2385.367
6992.370546102524, 0.0, 0.0, 2385.433
6994.370646476746, 0.0, 0.0, 2385.491
6996.370778799057, 0.0, 0.0, 2385.549
6998.370871782303, 0.0, 0.0, 2385.603
7000.371006011963, 0.0, 0.0, 2385.688
7002.37110042572, 0.0, 0.0, 2385.779
7004.3712475299835, 0.0, 0.0, 2385.833
7006.371367931366, 0.0, 0.0, 2385.901
7008.371454238892, 0.0, 0.0, 2386.012
7010.371590852737, 0.0, 0.0, 2386.069
7012.371676445007, 0.0, 0.0, 2386.16
7014.371778964996, 0.0, 0.0, 2386.204
7016.3718683719635, 0.0, 0.0, 2386.301
7018.371974229813, 0.0, 0.0, 2386.356
7020.372077465057, 0.0, 0.0, 2386.458
7022.372178554535, 0.0, 0.0, 2386.509
7024.37228012085, 0.0, 0.0, 2386.569
7026.372393846512, 0.0, 0.0, 2386.646
7028.372475147247, 0.0, 0.0, 2386.734
7030.372576713562, 0.0, 0.0, 2386.807
7032.37266087532, 0.0, 0.0, 2386.865
7034.372746706009, 0.0, 0.0, 2386.928
7036.372845888138, 0.0, 0.0, 2386.989
7038.3729412555695, 0.0, 0.0, 2387.053
7040.373028278351, 0.0, 0.0, 2387.141
7042.37312245369, 0.0, 0.0, 2387.226
7044.373209476471, 0.0, 0.0, 2387.286
7046.373291492462, 0.0, 0.0, 2387.417
7048.373426914215, 0.0, 0.0, 2387.531
7050.373556852341, 0.0, 0.0, 2387.617
7052.373659133911, 0.0, 0.0, 2387.686
7054.373752117157, 0.0, 0.0, 2387.75
7056.37388086319, 0.0, 0.0, 2387.775
7058.373977422714, 0.0, 0.0, 2387.82
7060.374080181122, 0.0, 0.0, 2387.887
7062.374214887619, 0.0, 0.0, 2387.958
7064.374356746674, 0.0, 0.0, 2388.049
7066.37446141243, 0.0, 0.0, 2388.15
7068.374556064606, 0.0, 0.0, 2388.217
7070.374658584595, 0.0, 0.0, 2388.289
7072.374752998352, 0.0, 0.0, 2388.355
7074.374853134155, 0.0, 0.0, 2388.437
7076.374950885773, 0.0, 0.0, 2388.543
7078.37503361702, 0.0, 0.0, 2388.614
7080.375137090683, 0.0, 0.0, 2388.673
7082.375222206116, 0.0, 0.0, 2388.714
7084.375368833542, 0.0, 0.0, 2388.8
7086.375503540039, 0.0, 0.0, 2388.905
7088.375606060028, 0.0, 0.0, 2388.962
7090.375693798065, 0.0, 0.0, 2389.022
7092.375795125961, 0.0, 0.0, 2389.115
7094.37588095665, 0.0, 0.0, 2389.177
7096.3759660720825, 0.0, 0.0, 2389.246
7098.376099824905, 0.0, 0.0, 2389.3
7100.37623500824, 0.0, 0.0, 2389.416
7102.376369714737, 0.0, 0.0, 2389.478
7104.37645983696, 0.0, 0.0, 2389.552
7106.376544952393, 0.0, 0.0, 2389.592
7108.3766412734985, 0.0, 0.0, 2389.68
7110.376747131348, 0.0, 0.0, 2389.768
7112.376852989197, 0.0, 0.0, 2389.811
7114.377005338669, 0.0, 0.0, 2389.895
7116.377111196518, 0.0, 0.0, 2389.969
7118.377197265625, 0.0, 0.0, 2390.017
7120.377296209335, 0.0, 0.0, 2390.09
7122.377392053604, 0.0, 0.0, 2390.184
7124.377496004105, 0.0, 0.0, 2390.26
7126.377598524094, 0.0, 0.0, 2390.368
7128.3776869773865, 0.0, 0.0, 2390.408
7130.3777866363525, 0.0, 0.0, 2390.49
7132.377868175507, 0.0, 0.0, 2390.539
7134.377975463867, 0.0, 0.0, 2390.603
7136.378285169601, 0.0, 0.0, 2390.705
7138.378397703171, 0.0, 0.0, 2390.759
7140.378484249115, 0.0, 0.0, 2390.814
7142.378592014313, 0.0, 0.0, 2390.935
7144.378694534302, 0.0, 0.0, 2391.014
7146.378777265549, 0.0, 0.0, 2391.068
7148.378878593445, 0.0, 0.0, 2391.15
7150.378981351852, 0.0, 0.0, 2391.247
7152.379085302353, 0.0, 0.0, 2391.34
7154.379188537598, 0.0, 0.0, 2391.414
7156.379287958145, 0.0, 0.0, 2391.47
7158.37939453125, 0.0, 0.0, 2391.557
7160.3794901371, 0.0, 0.0, 2391.624
7162.379592180252, 0.0, 0.0, 2391.675
7164.37969660759, 0.0, 0.0, 2391.783
7166.37978720665, 0.0, 0.0, 2391.868
7168.37988948822, 0.0, 0.0, 2391.951
7170.379971981049, 0.0, 0.0, 2392.042
7172.380061864853, 0.0, 0.0, 2392.138
7174.3801901340485, 0.0, 0.0, 2392.219
7176.380290746689, 0.0, 0.0, 2392.29
7178.380390405655, 0.0, 0.0, 2392.34
7180.38049197197, 0.0, 0.0, 2392.412
7182.380595445633, 0.0, 0.0, 2392.502
7184.380742311478, 0.0, 0.0, 2392.554
7186.3808789253235, 0.0, 0.0, 2392.621
7188.381015062332, 0.0, 0.0, 2392.666
7190.381124258041, 0.0, 0.0, 2392.706
7192.381257772446, 0.0, 0.0, 2392.782
7194.381365060806, 0.0, 0.0, 2392.842
7196.381497144699, 0.0, 0.0, 2392.861
7198.381632328033, 0.0, 0.0, 2392.913
7200.38173866272, 0.0, 0.0, 2392.971
7202.381815671921, 0.0, 0.0, 2393.019
7204.381915569305, 0.0, 0.0, 2393.056
7206.381997823715, 0.0, 0.0, 2393.113
7208.382098197937, 0.0, 0.0, 2393.168
7210.3821849823, 0.0, 0.0, 2393.223
7212.382266521454, 0.0, 0.0, 2393.315
7214.382358551025, 0.0, 0.0, 2393.369
7216.382444620132, 0.0, 0.0, 2393.421
7218.382526874542, 0.0, 0.0, 2393.5
7220.382622003555, 0.0, 0.0, 2393.549
7222.382767677307, 0.0, 0.0, 2393.644
7224.382868766785, 0.0, 0.0, 2393.694
7226.382967472076, 0.0, 0.0, 2393.781
7228.383101224899, 0.0, 0.0, 2393.847
7230.383210659027, 0.0, 0.0, 2393.948
7232.38331079483, 0.0, 0.0, 2394.032
7234.383414983749, 0.0, 0.0, 2394.119
7236.383514881134, 0.0, 0.0, 2394.193
7238.383653640747, 0.0, 0.0, 2394.254
7240.383915185928, 0.0, 0.0, 2394.353
7242.384001255035, 0.0, 0.0, 2394.413
7244.384085893631, 0.0, 0.0, 2394.525
7246.3841671943665, 0.0, 0.0, 2394.591
7248.38426733017, 0.0, 0.0, 2394.613
7250.384368419647, 0.0, 0.0, 2394.715
7252.384462118149, 0.0, 0.0, 2394.813
7254.384568452835, 0.0, 0.0, 2394.915
7256.384663105011, 0.0, 0.0, 2394.938
7258.38476228714, 0.0, 0.0, 2395.032
7260.384864330292, 0.0, 0.0, 2395.12
7262.384965419769, 0.0, 0.0, 2395.18
7264.3850655555725, 0.0, 0.0, 2395.241
