time, current, power, resistance
0.005246639251708984, 0.0, 0.0, 2685.002
2.0053317546844482, 0.0, 0.0, 2685.122
4.005414009094238, 0.0, 0.0, 2685.254
6.005494117736816, 0.0, 0.0, 2685.375
8.005577802658081, 0.0, 0.0, 2685.548
10.005666494369507, 0.0, 0.0, 2685.776
12.005744695663452, 0.0, 0.0, 2685.886
14.005845069885254, 0.0, 0.0, 2685.932
16.005951404571533, 0.0, 0.0, 2686.003
18.006036043167114, 0.0, 0.0, 2686.074
20.006118774414062, 0.0, 0.0, 2686.132
22.00620698928833, 0.0, 0.0, 2686.186
24.006293058395386, 0.0, 0.0, 2686.324
26.006394386291504, 0.0, 0.0, 2686.501
28.006477117538452, 0.0, 0.0, 2686.611
30.00656747817993, 0.0, 0.0, 2686.654
32.006654500961304, 0.0, 0.0, 2686.834
34.00674366950989, 0.0, 0.0, 2687.011
36.00684595108032, 0.0, 0.0, 2687.2
38.006953716278076, 0.0, 0.0, 2687.42
40.007044315338135, 0.0, 0.0, 2687.426
42.00714898109436, 0.0, 0.0, 2687.311
44.007248401641846, 0.0, 0.0, 2687.436
46.00732922554016, 0.0, 0.0, 2687.486
48.00741624832153, 0.0, 0.0, 2687.491
50.00751304626465, 0.0, 0.0, 2687.508
52.007598876953125, 0.0, 0.0, 2687.696
54.00770282745361, 0.0, 0.0, 2687.905
56.007813453674316, 0.0, 0.0, 2688.003
58.00789785385132, 0.0, 0.0, 2688.101
60.008002519607544, 0.0, 0.0, 2688.042
62.00965237617493, 0.0, 0.0, 2650.724
64.00973773002625, 1.9016, 4.5731, 2374.119
66.0098397731781, 1.9016, 4.6507, 2177.314
68.00995111465454, 1.9016, 4.7079, 1969.293
70.01005220413208, 1.9016, 4.7533, 1900.024
72.01014065742493, 1.9015, 4.7908, 1799.218
74.01022982597351, 1.9015, 4.8229, 1713.594
76.0103189945221, 1.9016, 4.8506, 1641.538
78.01045894622803, 1.9016, 4.8752, 1578.283
80.01056170463562, 1.9016, 4.8971, 1522.54
82.01064777374268, 1.9015, 4.9171, 1473.25
84.01074981689453, 1.9016, 4.9324, 1429.106
86.0108380317688, 1.9016, 4.9524, 1389.189
88.0109224319458, 1.9016, 4.9655, 1352.789
90.01100754737854, 1.9016, 4.9803, 1318.689
92.01109099388123, 1.9016, 4.9943, 1287.137
94.0112247467041, 1.9016, 5.0074, 1258.932
96.01133179664612, 1.9016, 5.0198, 1231.901
98.01143288612366, 1.9016, 5.0317, 1207.098
100.01151728630066, 1.9016, 5.0429, 1183.334
102.01165580749512, 1.9016, 5.0536, 1160.893
104.01175022125244, 1.9016, 5.0623, 1139.781
106.01185321807861, 1.9016, 5.0741, 1119.377
108.01195955276489, 1.9016, 5.0821, 1100.519
110.01206183433533, 1.9016, 5.0915, 1082.455
112.01216411590576, 1.9016, 5.1005, 1064.943
114.01224827766418, 1.9016, 5.1094, 1048.022
116.01234865188599, 1.9016, 5.118, 1032.086
118.01244878768921, 1.9016, 5.1262, 1016.897
120.01254105567932, 1.9016, 5.1343, 1002.597
122.0126416683197, 1.9016, 5.1422, 988.7333
124.01274561882019, 1.9016, 5.1499, 974.6061
126.01287937164307, 1.9016, 5.1575, 960.9633
128.01297235488892, 1.9016, 5.1651, 948.1039
130.01305508613586, 1.9015, 5.1723, 935.8378
132.01315760612488, 1.9015, 5.1795, 923.5876
134.01325011253357, 1.9015, 5.1854, 911.8387
136.01334500312805, 1.9016, 5.1924, 900.312
138.01342821121216, 1.9016, 5.1996, 889.1438
140.0135304927826, 1.9016, 5.2064, 878.1935
142.01362895965576, 1.9016, 5.2131, 867.5769
144.0137162208557, 1.9016, 5.2197, 857.8743
146.0138168334961, 1.9015, 5.226, 848.3414
148.01391768455505, 1.9016, 5.2325, 838.3515
150.01401042938232, 1.9016, 5.2388, 828.9302
152.01411366462708, 1.9016, 5.2449, 820.3586
154.0141932964325, 1.9016, 5.2508, 811.5089
156.0142946243286, 1.9015, 5.2567, 802.9631
158.01439499855042, 1.9016, 5.2617, 794.1361
160.01448488235474, 1.9015, 5.2675, 786.2059
162.014573097229, 1.9015, 5.2731, 778.4891
164.0146541595459, 1.9015, 5.2787, 770.6414
166.01474523544312, 1.9015, 5.2843, 762.8429
168.01484489440918, 1.9015, 5.2898, 755.6986
170.0149359703064, 1.9015, 5.2952, 748.8028
172.01502346992493, 1.9015, 5.3006, 741.8169
174.01511454582214, 1.9015, 5.306, 734.4259
176.01521944999695, 1.9015, 5.3112, 727.5695
178.01532196998596, 1.9015, 5.3165, 721.0209
180.01542592048645, 1.9016, 5.3218, 714.2835
182.0155177116394, 1.9015, 5.3261, 708.1306
184.0156261920929, 1.9015, 5.3309, 701.9196
186.01572442054749, 1.9015, 5.3358, 696.1491
188.01582551002502, 1.9015, 5.3406, 689.7042
190.01590538024902, 1.9015, 5.3456, 683.8633
192.0160436630249, 1.9015, 5.3504, 678.1707
194.01618599891663, 1.9015, 5.3551, 672.4346
196.01632022857666, 1.9015, 5.3598, 667.0643
198.0164613723755, 1.9015, 5.3643, 661.7743
200.01654028892517, 1.9015, 5.3688, 656.3634
202.0166404247284, 1.9015, 5.3734, 651.2985
204.01674270629883, 1.9015, 5.377, 646.4712
206.01684427261353, 1.9015, 5.3813, 641.9859
208.016925573349, 1.9015, 5.3855, 637.2777
210.01706624031067, 1.9015, 5.39, 631.8347
212.01715326309204, 1.9015, 5.3944, 627.2483
214.01724982261658, 1.9015, 5.3984, 622.8419
216.017347574234, 1.9015, 5.4026, 618.3549
218.01748490333557, 1.9015, 5.4067, 614.1422
220.01761841773987, 1.9015, 5.4109, 609.515
222.017724275589, 1.9015, 5.4151, 605.3583
224.01782608032227, 1.9015, 5.4182, 601.6322
226.01791095733643, 1.9015, 5.4225, 597.9693
228.01801300048828, 1.9015, 5.4256, 594.0218
230.018146276474, 1.9015, 5.4294, 589.9438
232.01824283599854, 1.9015, 5.4333, 586.3129
234.01837801933289, 1.9015, 5.4369, 582.5963
236.0185170173645, 1.9015, 5.4406, 578.9858
238.01860976219177, 1.9015, 5.4443, 575.3232
240.01874709129333, 1.9015, 5.448, 571.4114
242.01884126663208, 1.9015, 5.4517, 567.7756
244.01893663406372, 1.9015, 5.4553, 564.0711
246.0190727710724, 1.9015, 5.4588, 560.7908
248.01915645599365, 1.9015, 5.4617, 557.9591
250.01923847198486, 1.9015, 5.4655, 554.8338
252.0193305015564, 1.9014, 5.4691, 551.5517
254.01942348480225, 1.9015, 5.4717, 548.8066
256.01951122283936, 1.9015, 5.4755, 545.5512
258.0196363925934, 1.9014, 5.4785, 542.5122
260.01971983909607, 1.9015, 5.4817, 539.3635
262.0198132991791, 1.9015, 5.4851, 536.1475
264.0198996067047, 1.9015, 5.4884, 533.4005
266.01999378204346, 1.9015, 5.4915, 530.748
268.0200765132904, 1.9015, 5.4945, 528.1438
270.02016019821167, 1.9014, 5.4975, 525.4134
272.0202612876892, 1.9015, 5.5003, 523.0658
274.02034306526184, 1.9015, 5.5028, 520.5331
276.02043294906616, 1.9014, 5.5057, 517.783
278.02053022384644, 1.9015, 5.5094, 515.0823
280.0205891132355, 1.9015, 5.5116, 512.839
282.02068042755127, 1.9015, 5.5146, 510.0499
284.020779132843, 1.9014, 5.5175, 507.4815
286.0208704471588, 1.9014, 5.5204, 505.2795
288.0209574699402, 1.9014, 5.5232, 502.7904
290.0210385322571, 1.9014, 5.5261, 500.1397
292.0211434364319, 1.9014, 5.5288, 497.7518
294.0212314128876, 1.9014, 5.5316, 495.5954
296.02131509780884, 1.9014, 5.5345, 493.4729
298.0214033126831, 1.9014, 5.5372, 491.4636
300.02148723602295, 1.9014, 5.5393, 489.572
302.02157640457153, 1.9014, 5.5421, 487.7349
304.0216817855835, 1.9014, 5.5442, 485.6776
306.0217652320862, 1.9014, 5.5467, 483.6115
308.0218620300293, 1.9014, 5.5492, 481.5344
310.0219769477844, 1.9014, 5.5517, 479.5991
312.02207136154175, 1.9014, 5.5543, 477.5471
314.02217268943787, 1.9014, 5.5566, 475.6178
316.02225637435913, 1.9014, 5.5593, 473.4389
318.02234840393066, 1.9014, 5.5619, 471.2364
320.0224509239197, 1.9014, 5.5643, 469.1937
322.0225534439087, 1.9014, 5.5668, 467.3707
324.02264618873596, 1.9014, 5.5689, 465.6445
326.022744178772, 1.9014, 5.5712, 464.1626
328.0228796005249, 1.9014, 5.5733, 462.6141
330.0229706764221, 1.9014, 5.5755, 460.911
332.0230779647827, 1.9014, 5.5778, 459.2613
334.0231592655182, 1.9014, 5.5799, 457.7246
336.023264169693, 1.9014, 5.582, 455.9483
338.0233654975891, 1.9014, 5.5842, 454.2739
340.02346777915955, 1.9014, 5.5865, 452.7763
342.0235641002655, 1.9014, 5.5887, 451.0927
344.0236761569977, 1.9014, 5.5907, 449.6401
346.0237760543823, 1.9014, 5.5928, 448.2615
348.02387714385986, 1.9014, 5.5945, 446.5799
350.0239825248718, 1.9014, 5.5969, 445.4071
352.02406668663025, 1.9014, 5.5987, 444.1172
354.0241684913635, 1.9014, 5.6003, 442.7528
356.0242705345154, 1.9014, 5.6021, 441.3859
358.0243730545044, 1.9014, 5.604, 440.091
360.0244719982147, 1.9014, 5.6061, 438.681
362.0245854854584, 1.9014, 5.608, 437.3766
364.0246696472168, 1.9014, 5.61, 435.7348
366.02480459213257, 1.9014, 5.6119, 434.084
368.0248820781708, 1.9014, 5.6137, 432.7903
370.0249581336975, 1.9014, 5.6159, 431.5432
372.0250689983368, 1.9014, 5.6174, 430.4818
374.02515411376953, 1.9014, 5.6195, 429.4353
376.02523493766785, 1.9014, 5.621, 427.9732
378.02532410621643, 1.9014, 5.623, 426.6589
380.0254623889923, 1.9014, 5.6245, 425.6788
382.0255455970764, 1.9014, 5.6266, 424.2536
384.0256769657135, 1.9013, 5.6278, 423.2397
386.02576088905334, 1.9013, 5.6293, 422.454
388.02583861351013, 1.9014, 5.631, 421.5206
390.0259647369385, 1.9014, 5.6327, 420.411
392.0260589122772, 1.9013, 5.634, 419.1524
394.0261616706848, 1.9013, 5.6359, 418.0021
396.02626276016235, 1.9013, 5.6373, 416.5773
398.0263640880585, 1.9013, 5.6394, 415.312
400.0264644622803, 1.9014, 5.641, 414.4593
402.0265440940857, 1.9014, 5.6426, 413.1959
404.0266332626343, 1.9013, 5.6441, 412.0814
406.0267128944397, 1.9013, 5.6457, 410.8188
408.02684569358826, 1.9013, 5.6474, 409.9047
410.0269310474396, 1.9013, 5.6487, 409.1593
412.0270183086395, 1.9014, 5.6502, 408.5225
414.0271027088165, 1.9013, 5.6515, 407.6731
416.0272047519684, 1.9014, 5.6527, 407.1892
418.0273070335388, 1.9014, 5.6538, 406.2849
420.02739119529724, 1.9014, 5.6553, 404.9432
422.0274918079376, 1.9014, 5.6569, 403.959
424.0275695323944, 1.9014, 5.6584, 403.2729
426.0276515483856, 1.9013, 5.6595, 402.5276
428.02773690223694, 1.9013, 5.6607, 401.9853
430.02782368659973, 1.9013, 5.6619, 401.0887
432.0279531478882, 1.9013, 5.6633, 400.0086
434.02803349494934, 1.9013, 5.6647, 399.3286
436.02816700935364, 1.9013, 5.6656, 398.9316
438.0282561779022, 1.9013, 5.667, 398.0292
440.0283899307251, 1.9013, 5.6681, 396.9758
442.0284721851349, 1.9014, 5.6698, 396.0666
444.028582572937, 1.9013, 5.6707, 395.5824
446.0286726951599, 1.9013, 5.6719, 394.6595
448.0288178920746, 1.9013, 5.6733, 393.5609
450.02892661094666, 1.9013, 5.6746, 392.737
452.02906250953674, 1.9013, 5.676, 391.8637
454.0292067527771, 1.9013, 5.6773, 391.33
456.0292921066284, 1.9013, 5.6784, 390.4632
458.0293881893158, 1.9013, 5.6799, 389.4309
460.0294711589813, 1.9013, 5.6811, 388.5127
462.0295753479004, 1.9013, 5.6824, 387.8384
464.02970695495605, 1.9013, 5.6835, 387.0266
466.02980065345764, 1.9013, 5.6847, 386.1123
468.0299003124237, 1.9013, 5.6866, 385.1597
470.0300085544586, 1.9013, 5.6875, 384.5682
472.03009510040283, 1.9013, 5.6887, 383.9075
474.0302290916443, 1.9013, 5.6898, 383.0805
476.0303328037262, 1.9013, 5.691, 382.3264
478.0304117202759, 1.9013, 5.6922, 381.6778
480.0305142402649, 1.9013, 5.6935, 381.0749
482.0305962562561, 1.9013, 5.6945, 380.5665
484.03069615364075, 1.9013, 5.6955, 380.2689
486.03080654144287, 1.9013, 5.6966, 379.5208
488.03088903427124, 1.9013, 5.6975, 378.8319
490.03098940849304, 1.9013, 5.6983, 378.2879
492.03109073638916, 1.9012, 5.6993, 377.5018
494.0312330722809, 1.9013, 5.7002, 377.1381
496.0313105583191, 1.9013, 5.701, 376.8448
498.0314085483551, 1.9013, 5.7021, 376.0807
500.0315091609955, 1.9013, 5.7032, 375.3673
502.0315947532654, 1.9013, 5.7042, 374.7712
504.0317270755768, 1.9013, 5.7051, 374.3181
506.0318648815155, 1.9013, 5.706, 373.701
508.03196573257446, 1.9013, 5.7069, 372.898
510.03206634521484, 1.9013, 5.7079, 372.3872
512.0321674346924, 1.9013, 5.7088, 371.9651
514.0322461128235, 1.9013, 5.7097, 371.7808
516.0323429107666, 1.9013, 5.7106, 370.9397
518.0324399471283, 1.9013, 5.7115, 370.3409
520.0325212478638, 1.9012, 5.7126, 369.8766
522.0326206684113, 1.9013, 5.7135, 369.2845
524.0327007770538, 1.9013, 5.7147, 368.5764
526.03280210495, 1.9013, 5.7156, 368.2359
528.0329020023346, 1.9013, 5.7166, 367.3599
530.0330018997192, 1.9013, 5.7177, 366.5129
532.033084154129, 1.9012, 5.7185, 365.9769
534.0331852436066, 1.9012, 5.7195, 365.5945
536.033284664154, 1.9012, 5.72, 365.3067
538.0333726406097, 1.9012, 5.7211, 364.9231
540.0334548950195, 1.9012, 5.7218, 364.4163
542.03355717659, 1.9012, 5.7228, 364.0007
544.0336565971375, 1.9012, 5.7237, 363.564
546.0337572097778, 1.9012, 5.7244, 363.2837
548.0338468551636, 1.9012, 5.7252, 362.7612
550.0339255332947, 1.9013, 5.7258, 362.2311
552.0340521335602, 1.9012, 5.7266, 361.8824
554.0341846942902, 1.9012, 5.7274, 361.0492
556.0342726707458, 1.9012, 5.7287, 360.1188
558.0343596935272, 1.9012, 5.7295, 359.5306
560.034453868866, 1.9012, 5.7303, 359.2254
562.0345928668976, 1.9012, 5.731, 359.2655
564.0346944332123, 1.9012, 5.7316, 358.7371
566.0347938537598, 1.9012, 5.7325, 358.0577
568.0348806381226, 1.9012, 5.7333, 357.431
570.0349631309509, 1.9012, 5.7343, 356.6719
572.0350937843323, 1.9012, 5.7354, 356.2452
574.0351748466492, 1.9012, 5.7362, 355.9912
576.0352749824524, 1.9012, 5.7368, 355.7529
578.0353591442108, 1.9012, 5.7375, 355.5575
580.0354602336884, 1.9012, 5.7379, 355.1089
582.0355658531189, 1.9012, 5.739, 354.7439
584.0356647968292, 1.9012, 5.7396, 354.2414
586.0357427597046, 1.9012, 5.7401, 354.3237
588.0358414649963, 1.9012, 5.7404, 354.2355
590.0359411239624, 1.9012, 5.7409, 353.6573
592.0360472202301, 1.9012, 5.7415, 353.463
594.0361478328705, 1.9012, 5.7421, 352.8544
596.036229133606, 1.9012, 5.7432, 352.083
598.0363202095032, 1.9012, 5.7442, 351.4495
600.0364060401917, 1.9012, 5.7449, 351.2338
602.0364873409271, 1.9012, 5.7458, 350.7394
604.0365836620331, 1.9012, 5.7462, 350.471
606.0366797447205, 1.9012, 5.7469, 350.1976
608.036773443222, 1.9012, 5.7473, 350.0305
610.036859035492, 1.9012, 5.7478, 349.8606
612.0369596481323, 1.9012, 5.7486, 349.55
614.0370666980743, 1.9012, 5.7492, 349.0535
616.0372240543365, 1.9012, 5.7498, 348.7103
618.0373115539551, 1.9012, 5.7504, 348.3108
620.0374057292938, 1.9012, 5.751, 347.8682
622.0374989509583, 1.9012, 5.7516, 347.1592
624.0376019477844, 1.9012, 5.7525, 346.8206
626.0376832485199, 1.9012, 5.7535, 346.2886
628.0377707481384, 1.9012, 5.7541, 346.0154
630.0378739833832, 1.9012, 5.7547, 345.9383
632.0379614830017, 1.9012, 5.7555, 345.5064
634.0380485057831, 1.9012, 5.7561, 345.1423
636.0381531715393, 1.9012, 5.7566, 344.8037
638.0382945537567, 1.9012, 5.7574, 344.3211
640.0383856296539, 1.9012, 5.7582, 344.1263
642.0384726524353, 1.9012, 5.7589, 343.4845
644.0385537147522, 1.9011, 5.7595, 343.3265
646.0386908054352, 1.9012, 5.7599, 343.0338
648.0387914180756, 1.9012, 5.7605, 342.757
650.0388913154602, 1.9012, 5.7611, 342.3878
652.0389919281006, 1.9012, 5.7618, 342.0217
654.0390949249268, 1.9012, 5.7623, 341.8184
656.0391793251038, 1.9012, 5.763, 341.3972
658.0392596721649, 1.9012, 5.7636, 341.003
660.0393569469452, 1.9012, 5.7643, 340.8275
662.0394487380981, 1.9011, 5.7648, 340.4237
664.0395512580872, 1.9012, 5.7655, 340.2022
666.0396418571472, 1.9012, 5.7661, 339.7673
668.0397248268127, 1.9011, 5.7667, 339.5275
670.0398616790771, 1.9012, 5.7673, 339.3254
672.0400037765503, 1.9012, 5.7679, 339.0683
674.0401492118835, 1.9012, 5.7685, 338.8137
676.0402376651764, 1.9012, 5.7689, 338.4925
678.0403213500977, 1.9011, 5.7695, 338.3909
680.0404574871063, 1.9011, 5.77, 337.9557
682.0405848026276, 1.9011, 5.7705, 337.5568
684.0406868457794, 1.9012, 5.7711, 337.2963
686.0407867431641, 1.9012, 5.7717, 337.0465
688.0408833026886, 1.9011, 5.7721, 336.77
690.0409758090973, 1.9012, 5.7728, 336.5614
692.0410761833191, 1.9011, 5.773, 336.2975
694.0411586761475, 1.9012, 5.7738, 335.9664
696.0412483215332, 1.9012, 5.7743, 335.5962
698.0413525104523, 1.9012, 5.7751, 335.1695
700.041445016861, 1.9012, 5.7757, 334.9746
702.04154920578, 1.9011, 5.7764, 334.7443
704.0416405200958, 1.9011, 5.7769, 334.4396
706.041740655899, 1.9012, 5.7773, 334.1316
708.0418379306793, 1.9012, 5.7778, 334.039
710.0419397354126, 1.9011, 5.7783, 333.7181
712.0420234203339, 1.9011, 5.7788, 333.0201
714.0421240329742, 1.9011, 5.7796, 332.5986
716.0422239303589, 1.9011, 5.7801, 332.4671
718.0423219203949, 1.9012, 5.7806, 332.2143
720.0424225330353, 1.9011, 5.781, 331.9595
722.0425028800964, 1.9011, 5.7817, 331.4939
724.0425848960876, 1.9012, 5.7823, 331.347
726.0427153110504, 1.9012, 5.7826, 331.0528
728.0428178310394, 1.9011, 5.7832, 330.5935
730.0429055690765, 1.9011, 5.7836, 330.5525
732.0430059432983, 1.9011, 5.7842, 330.4032
734.0430903434753, 1.9012, 5.7845, 330.1918
736.043173789978, 1.9012, 5.7851, 330.0004
738.0432622432709, 1.9012, 5.7857, 329.4728
740.0433623790741, 1.9011, 5.7863, 329.2857
742.043449640274, 1.9011, 5.787, 328.9259
744.0435512065887, 1.9012, 5.7875, 328.6656
746.043651342392, 1.9012, 5.7879, 328.3496
748.0437340736389, 1.9012, 5.7883, 328.4312
750.0438342094421, 1.9012, 5.7884, 328.8165
752.0439329147339, 1.9011, 5.7885, 328.7172
754.0440301895142, 1.9012, 5.7888, 328.5364
756.0441393852234, 1.9011, 5.789, 328.4297
758.0442430973053, 1.9011, 5.7892, 328.4481
760.0443284511566, 1.9011, 5.7894, 328.2933
762.04443359375, 1.9011, 5.7898, 328.0669
764.0445246696472, 1.9011, 5.79, 327.6639
766.0446000099182, 1.9012, 5.7905, 327.516
768.0447034835815, 1.9011, 5.7908, 327.1691
770.0448088645935, 1.9012, 5.7912, 327.1249
772.044905424118, 1.9011, 5.7914, 327.0987
774.0450024604797, 1.9011, 5.7919, 326.7852
776.0451011657715, 1.9011, 5.7924, 326.3842
778.0451965332031, 1.9011, 5.7931, 326.3916
780.0452876091003, 1.9012, 5.7933, 326.2096
782.0453815460205, 1.9012, 5.7937, 326.0528
784.0454611778259, 1.9012, 5.7941, 325.9231
786.0455651283264, 1.9012, 5.7945, 325.8057
788.0456445217133, 1.9011, 5.7948, 325.5615
790.0457842350006, 1.9011, 5.7952, 325.3319
792.045892238617, 1.9011, 5.7956, 325.0896
794.0459926128387, 1.9011, 5.796, 324.7802
796.0460920333862, 1.9011, 5.7964, 324.4999
798.0461919307709, 1.9011, 5.7968, 324.4029
800.0463311672211, 1.9011, 5.7972, 324.3891
802.0464105606079, 1.9011, 5.7975, 323.8543
804.0465116500854, 1.9012, 5.7984, 323.4174
806.0466079711914, 1.9011, 5.7986, 323.3636
808.0467166900635, 1.9011, 5.799, 323.2905
810.0468354225159, 1.9012, 5.7994, 323.149
812.0469410419464, 1.9012, 5.7997, 322.93
814.0470449924469, 1.9011, 5.8002, 322.814
816.0471286773682, 1.9011, 5.8005, 322.6434
818.04722905159, 1.9011, 5.8009, 322.4256
820.0473101139069, 1.9012, 5.8012, 322.3879
822.0473990440369, 1.9012, 5.8017, 322.201
824.0475509166718, 1.9011, 5.8019, 322.1187
826.0476875305176, 1.9011, 5.8023, 322.029
828.047780752182, 1.9012, 5.8026, 321.7048
830.0478672981262, 1.9011, 5.8031, 321.3885
832.0480086803436, 1.9011, 5.8036, 321.0456
834.0481128692627, 1.9012, 5.8041, 320.9378
836.0482013225555, 1.9011, 5.8045, 320.7856
838.0482821464539, 1.9011, 5.8049, 320.4812
840.0483739376068, 1.9011, 5.8053, 320.2559
842.0485119819641, 1.9012, 5.8057, 320.2498
844.0485990047455, 1.9011, 5.8059, 320.1119
846.0486953258514, 1.9011, 5.8063, 319.8662
848.0487840175629, 1.9011, 5.8064, 319.7046
850.0488862991333, 1.9011, 5.8067, 319.6585
852.0489795207977, 1.9011, 5.8071, 319.3957
854.0490863323212, 1.9011, 5.8074, 319.2762
856.0491650104523, 1.9011, 5.8077, 319.2065
858.0492632389069, 1.9011, 5.8081, 319.1667
860.0493621826172, 1.9011, 5.8084, 318.9995
862.0494606494904, 1.9011, 5.8086, 318.9973
864.0495924949646, 1.9011, 5.8086, 318.8948
866.0496790409088, 1.9011, 5.809, 318.4761
868.0497660636902, 1.9011, 5.8095, 318.1073
870.0498704910278, 1.9011, 5.8099, 318.0607
872.0499701499939, 1.9011, 5.81, 318.093
874.0500793457031, 1.9011, 5.8103, 318.0477
876.0501816272736, 1.9011, 5.8104, 317.9923
878.0502843856812, 1.9011, 5.8108, 317.751
880.0503876209259, 1.9011, 5.8111, 317.6468
882.050493478775, 1.9011, 5.8114, 317.5723
884.0505981445312, 1.9011, 5.8118, 317.0807
886.0507092475891, 1.9011, 5.8122, 316.9981
888.0508179664612, 1.9011, 5.8123, 316.8882
890.0509514808655, 1.9011, 5.8127, 316.5243
892.0510363578796, 1.9011, 5.8131, 316.4335
894.0511374473572, 1.9011, 5.8136, 316.1561
896.051266670227, 1.9011, 5.8136, 316.2704
898.0513513088226, 1.9011, 5.8139, 316.1462
900.0514533519745, 1.9011, 5.8141, 316.0775
902.0515570640564, 1.9011, 5.8145, 316.0748
904.0516600608826, 1.9011, 5.8146, 316.1005
906.051745891571, 1.9011, 5.8147, 316.1972
908.051849603653, 1.9011, 5.8146, 316.2306
910.0519502162933, 1.9011, 5.8149, 316.0877
912.0520534515381, 1.9011, 5.8152, 315.7431
914.0521423816681, 1.9011, 5.8157, 315.2031
916.0522310733795, 1.9011, 5.8162, 315.0371
918.0523192882538, 1.9011, 5.8165, 314.9803
920.052410364151, 1.9011, 5.8167, 314.8288
922.0524966716766, 1.9011, 5.8171, 314.7934
924.0526351928711, 1.9011, 5.8172, 314.8301
926.052726984024, 1.9011, 5.8171, 314.8987
928.0528035163879, 1.9011, 5.8174, 314.7389
930.0529358386993, 1.9011, 5.8177, 314.7098
932.0530276298523, 1.9011, 5.818, 314.617
934.0531244277954, 1.9011, 5.8184, 314.3433
936.0532112121582, 1.9011, 5.8189, 314.0196
938.0532984733582, 1.9011, 5.8194, 313.8362
940.05339884758, 1.9011, 5.8195, 313.7101
942.0534908771515, 1.9011, 5.8197, 313.5769
944.0535943508148, 1.9011, 5.8198, 313.5442
946.0536742210388, 1.9011, 5.8202, 313.3627
948.0537576675415, 1.9011, 5.8207, 313.1931
950.0538594722748, 1.9011, 5.821, 313.1305
952.0539493560791, 1.9011, 5.8212, 312.8532
954.0540549755096, 1.9011, 5.8216, 312.6817
956.0541422367096, 1.9011, 5.822, 312.4163
958.0542414188385, 1.9011, 5.8225, 312.1214
960.0543432235718, 1.9011, 5.8228, 311.9914
962.0544459819794, 1.9011, 5.8233, 311.8158
964.0545234680176, 1.9011, 5.8235, 311.8369
966.0546629428864, 1.9011, 5.8237, 311.4869
968.0547626018524, 1.9011, 5.8242, 311.1419
970.0548655986786, 1.9011, 5.8248, 310.9875
972.0549664497375, 1.9011, 5.825, 310.9595
974.055077791214, 1.9011, 5.8253, 310.8609
976.0551664829254, 1.9011, 5.8257, 310.4516
978.0552544593811, 1.9011, 5.8262, 310.0747
980.0553541183472, 1.9011, 5.8267, 309.8486
982.0554361343384, 1.9011, 5.827, 310.0609
984.0555365085602, 1.9011, 5.827, 310.1289
986.055638551712, 1.9011, 5.8272, 309.9246
988.0557386875153, 1.9011, 5.8272, 310.0926
990.0558249950409, 1.9011, 5.8273, 309.8037
992.0559244155884, 1.9011, 5.8279, 309.7113
994.0560150146484, 1.9011, 5.828, 309.6954
996.0561156272888, 1.9011, 5.8283, 309.2536
998.0562152862549, 1.9011, 5.8289, 308.9919
1000.056300163269, 1.9011, 5.8292, 308.9468
1002.0564031600952, 1.9011, 5.8295, 309.0318
1004.0565338134766, 1.9011, 5.8295, 309.1566
1006.0566165447235, 1.9011, 5.8299, 308.9517
1008.0567195415497, 1.9011, 5.8303, 308.3465
1010.0568263530731, 1.9011, 5.8307, 308.2503
1012.0569162368774, 1.9011, 5.8309, 308.41
1014.0570170879364, 1.9011, 5.8311, 308.2543
1016.0571508407593, 1.9011, 5.8315, 308.0881
1018.0572454929352, 1.9011, 5.8316, 307.9946
1020.0573806762695, 1.9011, 5.832, 307.9854
1022.0574615001678, 1.9011, 5.8321, 307.9563
1024.0575499534607, 1.9011, 5.8325, 307.6803
1026.0576496124268, 1.9011, 5.8328, 307.4736
1028.0577645301819, 1.9011, 5.8331, 307.1659
1030.0579006671906, 1.9011, 5.8332, 307.1892
1032.0580027103424, 1.9011, 5.8334, 306.9919
1034.0581057071686, 1.9011, 5.8336, 306.6618
1036.058189868927, 1.9011, 5.8343, 306.489
1038.0582904815674, 1.9011, 5.8346, 306.332
1040.0583968162537, 1.9011, 5.8345, 306.3769
1042.0585010051727, 1.9011, 5.8349, 306.4787
1044.0586359500885, 1.9011, 5.8349, 306.4114
1046.0587406158447, 1.9011, 5.8353, 306.0765
1048.0588364601135, 1.9011, 5.8356, 306.1872
1050.0589706897736, 1.9011, 5.8356, 306.1673
1052.0590965747833, 1.9011, 5.8356, 306.2005
1054.059178352356, 1.9011, 5.8355, 306.0626
1056.05925822258, 1.9011, 5.8359, 305.9778
1058.0593597888947, 1.9011, 5.8361, 305.9153
1060.0594546794891, 1.9011, 5.8364, 305.8294
1062.059586763382, 1.9011, 5.8366, 305.7063
1064.0596878528595, 1.9011, 5.8369, 305.66
1066.0597915649414, 1.9011, 5.837, 305.6533
1068.0598769187927, 1.9011, 5.837, 305.6314
1070.0599751472473, 1.9011, 5.8375, 305.4846
1072.0600583553314, 1.9011, 5.8377, 305.1127
1074.0602040290833, 1.9011, 5.8381, 305.1267
1076.060332775116, 1.9011, 5.8381, 305.0085
1078.0604343414307, 1.9011, 5.8386, 304.8116
1080.0605401992798, 1.9011, 5.8388, 304.7586
1082.0606226921082, 1.9011, 5.8389, 304.9165
1084.0607266426086, 1.9011, 5.8389, 304.8831
1086.060865163803, 1.9011, 5.8393, 304.7785
1088.0609652996063, 1.9011, 5.8394, 304.7798
1090.0610418319702, 1.9011, 5.8395, 304.7572
1092.0611414909363, 1.9011, 5.8396, 304.6622
1094.0612313747406, 1.9011, 5.8399, 304.4295
1096.0613312721252, 1.9011, 5.84, 304.4964
1098.06143283844, 1.9011, 5.8401, 304.4537
1100.061546087265, 1.9011, 5.8402, 304.3854
1102.061658859253, 1.9011, 5.8402, 304.2444
1104.0620367527008, 1.9011, 5.8404, 304.2419
1106.0621778964996, 1.9011, 5.8404, 304.4193
1108.0622601509094, 1.9011, 5.8407, 304.2208
1110.0623753070831, 1.9011, 5.8409, 303.9786
1112.062518119812, 1.9011, 5.8414, 303.6986
1114.0626215934753, 1.9011, 5.8415, 303.7593
1116.0627586841583, 1.9011, 5.8418, 303.6942
1118.0628626346588, 1.9011, 5.8418, 303.671
1120.0629642009735, 1.9011, 5.842, 303.5466
1122.0631110668182, 1.9011, 5.8423, 303.356
1124.0632433891296, 1.9011, 5.8425, 303.3858
1126.0633285045624, 1.9011, 5.8426, 303.3534
1128.0634410381317, 1.9011, 5.8429, 303.3771
1130.0635437965393, 1.9011, 5.8429, 303.187
1132.063640832901, 1.9011, 5.8429, 303.0592
1134.06374001503, 1.9011, 5.8435, 302.6723
1136.06387424469, 1.9011, 5.8439, 302.3936
1138.0640122890472, 1.9011, 5.844, 302.3394
1140.0641157627106, 1.9011, 5.8441, 302.4026
1142.0642111301422, 1.9011, 5.8443, 302.4874
1144.0642929077148, 1.9011, 5.8445, 302.2649
1146.0644013881683, 1.9011, 5.8445, 302.4339
1148.0645108222961, 1.9011, 5.8448, 302.2866
1150.0646007061005, 1.9011, 5.8448, 302.2813
1152.0647313594818, 1.9011, 5.845, 302.0943
1154.0648250579834, 1.9011, 5.8454, 301.9046
1156.0649201869965, 1.9011, 5.8454, 301.604
1158.065020084381, 1.9011, 5.8456, 301.6767
1160.0651276111603, 1.9011, 5.8457, 301.6618
1162.0652070045471, 1.9011, 5.846, 301.413
1164.0653414726257, 1.9011, 5.8464, 301.3867
1166.0654759407043, 1.9011, 5.8465, 301.5876
1168.0655755996704, 1.9011, 5.8465, 301.5983
1170.0656759738922, 1.9011, 5.8465, 301.6098
1172.0657773017883, 1.9011, 5.8468, 301.3861
1174.0658767223358, 1.9011, 5.8471, 301.2321
1176.0659782886505, 1.9011, 5.8472, 301.3214
1178.066090106964, 1.9011, 5.8475, 301.2492
1180.0661706924438, 1.9011, 5.8477, 300.9322
1182.0662696361542, 1.9011, 5.848, 300.7582
1184.0663712024689, 1.9011, 5.8481, 300.8079
1186.0664720535278, 1.9011, 5.8483, 300.8207
1188.0665707588196, 1.9011, 5.8486, 300.7375
1190.0666749477386, 1.9011, 5.8485, 300.6229
1192.0667588710785, 1.9011, 5.849, 300.2154
1194.0668623447418, 1.9011, 5.8492, 300.129
1196.0669605731964, 1.9011, 5.8494, 300.0908
1198.067059993744, 1.9011, 5.8496, 300.1867
1200.0671589374542, 1.9011, 5.8495, 300.1725
1202.0672585964203, 1.9011, 5.8498, 300.0848
1204.0673608779907, 1.9011, 5.8501, 300.1771
1206.0674605369568, 1.9011, 5.8499, 300.0375
1208.0675704479218, 1.9011, 5.85, 299.9093
1210.0676612854004, 1.9011, 5.8502, 299.775
1212.0677454471588, 1.9011, 5.8502, 299.7232
1214.0678405761719, 1.9011, 5.8504, 299.735
1216.0679211616516, 1.9011, 5.8505, 299.7415
1218.0680239200592, 1.9011, 5.8507, 299.677
1220.0681262016296, 1.9011, 5.8509, 299.5702
1222.06822681427, 1.9011, 5.8511, 299.565
1224.0683617591858, 1.9011, 5.8511, 299.5625
1226.0684559345245, 1.9011, 5.8512, 299.4725
1228.0685560703278, 1.9011, 5.8516, 299.1974
1230.0686552524567, 1.9011, 5.8518, 299.1803
1232.0687589645386, 1.9011, 5.852, 299.0911
1234.0688390731812, 1.9011, 5.8522, 299.0539
1236.0689420700073, 1.9011, 5.8522, 299.0465
1238.0690438747406, 1.9011, 5.8523, 298.9523
1240.0691471099854, 1.9011, 5.8526, 298.901
1242.0692403316498, 1.9011, 5.8527, 298.7826
1244.0693328380585, 1.9011, 5.8529, 298.8067
1246.069471359253, 1.9011, 5.8532, 298.7299
1248.0695824623108, 1.9011, 5.8533, 298.4648
1250.0696704387665, 1.9011, 5.8536, 298.3665
1252.0697619915009, 1.9011, 5.8537, 298.4437
1254.0698637962341, 1.9011, 5.8538, 298.4826
1256.06999874115, 1.9011, 5.8539, 298.244
1258.0701034069061, 1.9011, 5.8543, 298.1169
1260.0702061653137, 1.9011, 5.8544, 298.0806
1262.0702929496765, 1.9011, 5.8544, 297.9087
1264.0703961849213, 1.9011, 5.8545, 297.9127
1266.0704863071442, 1.9011, 5.8546, 297.9442
1268.0705745220184, 1.9011, 5.8548, 297.8775
1270.0706548690796, 1.9011, 5.855, 297.8326
1272.070740222931, 1.9011, 5.8552, 297.7836
1274.0708391666412, 1.9011, 5.8553, 297.7813
1276.07093167305, 1.9011, 5.8553, 297.7483
1278.0710322856903, 1.9011, 5.8555, 297.6843
1280.0711314678192, 1.9011, 5.8558, 297.2733
1282.0712494850159, 1.9011, 5.8563, 297.0454
1284.071385383606, 1.9011, 5.8566, 297.0872
1286.071518421173, 1.9011, 5.8567, 297.0852
1288.071609735489, 1.9011, 5.8569, 296.9192
1290.0717148780823, 1.9011, 5.8569, 296.9244
1292.0718562602997, 1.9011, 5.857, 296.864
1294.071983575821, 1.9011, 5.8572, 296.8
1296.0721273422241, 1.9011, 5.8575, 296.6808
1298.0722115039825, 1.9011, 5.8575, 296.6229
1300.072348833084, 1.9011, 5.858, 296.5002
1302.0724520683289, 1.9011, 5.858, 296.5526
1304.0725524425507, 1.9011, 5.858, 296.5585
1306.0725979804993, 1.9011, 5.858, 296.335
1308.0727381706238, 1.9011, 5.8581, 296.5906
1310.0728375911713, 1.9011, 5.8581, 296.5482
1312.0729370117188, 1.9011, 5.8583, 296.3882
1314.0730180740356, 1.9011, 5.8585, 296.4823
1316.0731160640717, 1.9011, 5.8583, 296.7189
1318.0732519626617, 1.9011, 5.8584, 296.5288
1320.0733661651611, 1.9011, 5.8585, 296.3761
1322.073501586914, 1.9011, 5.8588, 296.1946
1324.0735914707184, 1.9011, 5.859, 296.0637
1326.073691368103, 1.9011, 5.859, 296.1265
1328.0737707614899, 1.9011, 5.859, 296.2264
1330.0738718509674, 1.9011, 5.8591, 296.3085
1332.0739719867706, 1.9011, 5.8591, 296.177
1334.0740730762482, 1.9011, 5.8591, 296.1026
1336.074170589447, 1.9011, 5.8596, 295.7027
1338.0742716789246, 1.9011, 5.8601, 295.6049
1340.0743718147278, 1.9011, 5.8604, 295.6023
1342.0744545459747, 1.9011, 5.8604, 295.5177
1344.0745544433594, 1.9011, 5.8607, 295.39
1346.074637413025, 1.9011, 5.8608, 295.2491
1348.0747697353363, 1.9011, 5.861, 295.2685
1350.0748584270477, 1.9011, 5.8612, 295.2157
1352.0749626159668, 1.9011, 5.8613, 295.0638
1354.0750477313995, 1.9011, 5.8616, 294.8192
1356.0751342773438, 1.9011, 5.8618, 294.8602
1358.0752353668213, 1.9011, 5.8622, 294.7027
1360.0753231048584, 1.9011, 5.8625, 294.5285
1362.0754277706146, 1.9011, 5.8625, 294.6709
1364.0755569934845, 1.9011, 5.8625, 294.6946
1366.0756888389587, 1.9011, 5.8626, 294.7798
1368.0757894515991, 1.9011, 5.8627, 294.6964
1370.0758893489838, 1.9011, 5.8628, 294.2926
1372.07599234581, 1.9011, 5.863, 294.0785
1374.076101064682, 1.9011, 5.8634, 294.1916
1376.0762023925781, 1.9011, 5.8637, 294.0543
1378.076283454895, 1.9011, 5.8638, 293.5027
1380.0763719081879, 1.9011, 5.8644, 293.1185
1382.0764713287354, 1.9011, 5.8646, 293.0442
1384.076581478119, 1.9011, 5.8646, 293.4283
1386.0766832828522, 1.9011, 5.8647, 293.4946
1388.0767674446106, 1.9011, 5.8648, 293.621
1390.076866865158, 1.9011, 5.8647, 293.6546
1392.0769665241241, 1.9011, 5.8647, 293.6711
1394.0770580768585, 1.9011, 5.8648, 293.5622
1396.0771367549896, 1.9011, 5.8653, 293.1949
1398.0772709846497, 1.9011, 5.8655, 293.2584
1400.0773634910583, 1.9011, 5.8656, 293.0931
1402.0775077342987, 1.9011, 5.8658, 292.9952
1404.077588558197, 1.9011, 5.8655, 293.3304
1406.0776662826538, 1.9011, 5.8656, 293.5289
1408.0777649879456, 1.9011, 5.8654, 293.4869
1410.0778603553772, 1.9011, 5.8655, 293.4555
1412.0779411792755, 1.9011, 5.8656, 293.5145
1414.0780260562897, 1.9011, 5.8656, 293.5432
1416.0781137943268, 1.9011, 5.8654, 293.5198
1418.0782134532928, 1.9011, 5.8655, 293.7324
1420.0782978534698, 1.9011, 5.8654, 293.774
1422.0783994197845, 1.9011, 5.8653, 293.981
1424.078500509262, 1.9011, 5.8649, 293.8686
1426.0785827636719, 1.9011, 5.8653, 293.5875
1428.0786850452423, 1.9011, 5.8657, 293.3513
1430.0787851810455, 1.9011, 5.866, 293.3216
1432.0788643360138, 1.9011, 5.8661, 293.1323
1434.0789659023285, 1.9011, 5.8663, 293.1223
1436.0790419578552, 1.9011, 5.8664, 292.8897
1438.07914686203, 1.9011, 5.8668, 292.6185
1440.0792455673218, 1.9011, 5.8671, 292.5319
1442.0793471336365, 1.9011, 5.8673, 292.4842
1444.0794401168823, 1.9011, 5.8674, 292.301
1446.0795760154724, 1.9011, 5.8677, 292.1979
1448.0796735286713, 1.9011, 5.8676, 292.1616
1450.0797595977783, 1.9011, 5.868, 291.9765
1452.0798959732056, 1.9011, 5.8682, 291.8918
1454.0799961090088, 1.9011, 5.8683, 292.1088
1456.080090045929, 1.9011, 5.8684, 292.0595
1458.0801901817322, 1.9011, 5.8686, 291.9202
1460.080270767212, 1.9011, 5.869, 291.7796
1462.080355644226, 1.9011, 5.869, 291.7071
1464.0804588794708, 1.9011, 5.8692, 291.6053
1466.08056974411, 1.9011, 5.8696, 291.4438
1468.080646276474, 1.9011, 5.8697, 291.2156
1470.080727815628, 1.901, 5.8695, 291.4864
1472.0808131694794, 1.9011, 5.8695, 291.5488
1474.0809466838837, 1.9011, 5.8696, 291.5448
1476.0810546875, 1.9011, 5.8699, 291.3714
1478.0811522006989, 1.9011, 5.8701, 291.2227
1480.0812537670135, 1.9011, 5.8702, 291.2611
1482.0813355445862, 1.9011, 5.8702, 291.4455
1484.081416606903, 1.9011, 5.8703, 291.1205
1486.0814971923828, 1.9011, 5.8706, 291.0889
1488.0815916061401, 1.9011, 5.8707, 290.9422
1490.0816731452942, 1.9011, 5.8708, 290.9408
1492.0817694664001, 1.9011, 5.8709, 290.8316
1494.0818502902985, 1.9011, 5.871, 290.6407
1496.0819504261017, 1.9011, 5.8713, 290.7814
1498.0820338726044, 1.9011, 5.8713, 290.7887
1500.0821359157562, 1.901, 5.8715, 290.7829
1502.082273721695, 1.9011, 5.8716, 290.6924
1504.0823531150818, 1.9011, 5.8718, 290.6526
1506.0825064182281, 1.9011, 5.8721, 290.3776
1508.0825934410095, 1.9011, 5.8719, 290.4445
1510.0826873779297, 1.9011, 5.8724, 290.1901
1512.08278799057, 1.9011, 5.8726, 290.1577
1514.0828974246979, 1.9011, 5.8725, 289.8727
1516.0829994678497, 1.9011, 5.8729, 290.0678
1518.0831010341644, 1.9011, 5.8731, 290.1738
1520.0832040309906, 1.9011, 5.8731, 289.9339
1522.0832962989807, 1.9011, 5.8734, 289.9879
1524.083382844925, 1.9011, 5.8737, 289.6796
1526.0835041999817, 1.9011, 5.874, 289.6341
1528.0836100578308, 1.9011, 5.8744, 289.5749
1530.0837426185608, 1.9011, 5.8748, 289.4521
1532.0838508605957, 1.9011, 5.875, 289.5822
1534.0839550495148, 1.9011, 5.875, 289.5292
1536.0840549468994, 1.9011, 5.8751, 289.5547
1538.0841555595398, 1.9011, 5.875, 289.4729
1540.0842356681824, 1.9011, 5.8749, 289.6046
1542.0843386650085, 1.9011, 5.8749, 289.6014
1544.0844373703003, 1.9011, 5.8749, 289.4288
1546.0845363140106, 1.9011, 5.8751, 289.1733
1548.0846755504608, 1.9011, 5.8754, 289.1102
1550.0847654342651, 1.9011, 5.8753, 289.2684
1552.084855556488, 1.9011, 5.8753, 289.2215
1554.0849459171295, 1.9011, 5.8755, 289.2075
1556.0850450992584, 1.9011, 5.8757, 288.9494
1558.0851233005524, 1.9011, 5.8759, 289.0622
1560.0852220058441, 1.9011, 5.8761, 288.9528
1562.0853242874146, 1.9011, 5.8761, 288.9958
1564.0854210853577, 1.9011, 5.8761, 288.9885
1566.085526227951, 1.9011, 5.8761, 288.8138
1568.0856292247772, 1.9011, 5.8764, 288.7096
1570.085731267929, 1.9011, 5.8765, 288.3918
1572.0858249664307, 1.9011, 5.8767, 288.1212
1574.0859260559082, 1.9011, 5.877, 288.034
1576.0860087871552, 1.9011, 5.8773, 288.0382
1578.086110830307, 1.9011, 5.8772, 288.2067
1580.0861971378326, 1.9011, 5.8774, 288.2411
1582.086333990097, 1.9011, 5.8773, 288.3342
1584.0864191055298, 1.9011, 5.8773, 288.4429
1586.0865252017975, 1.9011, 5.8771, 288.6119
1588.0866277217865, 1.9011, 5.877, 288.4279
1590.0867154598236, 1.9011, 5.8772, 288.4276
1592.0868029594421, 1.9011, 5.8772, 288.5925
1594.0869481563568, 1.9011, 5.8772, 288.4712
1596.0870325565338, 1.9011, 5.8774, 288.23
1598.087117433548, 1.9011, 5.8777, 288.0837
1600.0872206687927, 1.9011, 5.8779, 287.5248
1602.0873246192932, 1.9011, 5.8783, 287.4568
1604.0874140262604, 1.9011, 5.8784, 287.6884
1606.0875165462494, 1.9011, 5.8786, 287.8379
1608.0876183509827, 1.9011, 5.8787, 287.7256
1610.0877199172974, 1.9011, 5.8788, 287.8672
1612.08780002594, 1.9011, 5.8786, 287.7382
1614.0878880023956, 1.9011, 5.879, 287.6201
1616.0879843235016, 1.9011, 5.8792, 287.7139
1618.0880963802338, 1.9011, 5.8791, 287.783
1620.088199853897, 1.9011, 5.879, 287.5653
1622.0882830619812, 1.9011, 5.8792, 287.1285
1624.088368177414, 1.9011, 5.8796, 287.0567
1626.0884699821472, 1.9011, 5.8796, 287.0219
1628.0885875225067, 1.9011, 5.8798, 287.0508
1630.088665485382, 1.901, 5.8798, 287.0673
1632.088761806488, 1.9011, 5.8799, 287.0848
1634.0888485908508, 1.9011, 5.8803, 286.9902
1636.088944196701, 1.9011, 5.8804, 286.9334
1638.0890355110168, 1.9011, 5.8806, 286.7556
1640.0891377925873, 1.9011, 5.8809, 286.6689
1642.0892400741577, 1.9011, 5.8812, 286.3065
1644.0893242359161, 1.9011, 5.8815, 286.1514
1646.0894627571106, 1.9011, 5.8817, 285.7371
1648.0895402431488, 1.9011, 5.8818, 285.4322
1650.0896427631378, 1.9011, 5.8823, 285.4655
1652.0897419452667, 1.9011, 5.8824, 285.808
1654.089848279953, 1.9011, 5.8825, 286.0416
1656.089931488037, 1.9011, 5.8824, 286.1801
1658.0900168418884, 1.9011, 5.8823, 286.1717
1660.0901184082031, 1.9011, 5.8824, 286.0728
1662.0902252197266, 1.9011, 5.8823, 286.204
1664.0903282165527, 1.9011, 5.8821, 286.3423
1666.0904078483582, 1.9011, 5.8822, 286.3299
1668.0905091762543, 1.9011, 5.8822, 286.1665
1670.0906491279602, 1.9011, 5.8826, 285.8793
1672.0907330513, 1.901, 5.8829, 285.77
1674.0908224582672, 1.9011, 5.8832, 285.7861
1676.0909028053284, 1.9011, 5.8834, 285.8797
1678.0910053253174, 1.9011, 5.8834, 285.8942
1680.0911011695862, 1.9011, 5.8834, 285.745
1682.0912058353424, 1.9011, 5.8835, 285.6611
1684.0912854671478, 1.901, 5.8837, 285.64
1686.091389656067, 1.9011, 5.8839, 285.5926
1688.0914721488953, 1.9011, 5.8839, 285.2435
1690.0915739536285, 1.9011, 5.8841, 285.1092
1692.0916721820831, 1.9011, 5.8843, 285.1545
1694.0917718410492, 1.9011, 5.8844, 285.13
1696.0918629169464, 1.9011, 5.8848, 285.0077
1698.091964483261, 1.9011, 5.8846, 285.1748
1700.092045545578, 1.9011, 5.8845, 285.472
1702.0921223163605, 1.9011, 5.8843, 285.7443
1704.0922243595123, 1.9011, 5.8842, 285.5378
1706.0923326015472, 1.9011, 5.8843, 285.0374
1708.0924181938171, 1.901, 5.8846, 284.6584
1710.0925192832947, 1.9011, 5.8849, 284.7398
1712.0926566123962, 1.9011, 5.8851, 284.6238
1714.0927395820618, 1.9011, 5.8851, 284.8733
1716.092833995819, 1.9011, 5.8851, 284.9319
1718.0929334163666, 1.9011, 5.8852, 284.9368
1720.093024969101, 1.9011, 5.8853, 284.922
1722.0931146144867, 1.9011, 5.8855, 284.9977
1724.0931940078735, 1.9011, 5.8854, 285.0257
1726.0933003425598, 1.9011, 5.8853, 285.142
1728.0933995246887, 1.9011, 5.8853, 285.2524
1730.0934858322144, 1.9011, 5.8853, 285.2321
1732.0935807228088, 1.9011, 5.8854, 285.039
1734.0937175750732, 1.9011, 5.8857, 284.763
1736.093811750412, 1.9011, 5.886, 284.7545
1738.0938992500305, 1.9011, 5.8861, 284.5936
1740.0940022468567, 1.9011, 5.8863, 284.3214
1742.0940868854523, 1.9011, 5.8866, 284.1902
1744.094173192978, 1.9011, 5.8869, 283.8557
1746.094307899475, 1.9011, 5.8873, 283.5127
1748.0944094657898, 1.9011, 5.8873, 283.8926
1750.0945100784302, 1.9011, 5.8872, 284.1052
1752.094609260559, 1.9011, 5.8872, 283.9672
1754.0947093963623, 1.9011, 5.8873, 283.9914
1756.0948016643524, 1.9011, 5.8874, 284.1083
1758.0948843955994, 1.9011, 5.8875, 283.9613
1760.0949647426605, 1.9011, 5.8878, 283.6794
1762.095058441162, 1.9011, 5.8881, 283.6755
1764.095151424408, 1.9011, 5.8881, 283.8447
1766.0952434539795, 1.9011, 5.888, 283.9869
1768.0953814983368, 1.9011, 5.8881, 283.5898
1770.0954711437225, 1.9011, 5.8882, 283.2416
1772.0955679416656, 1.9011, 5.8885, 283.125
1774.0956735610962, 1.9011, 5.8887, 283.4359
1776.0957643985748, 1.9011, 5.8885, 283.5884
1778.0958535671234, 1.9011, 5.8886, 283.0883
1780.0959584712982, 1.9011, 5.8889, 282.6699
1782.096066236496, 1.9011, 5.8895, 282.7555
1784.0961666107178, 1.9011, 5.8894, 282.9869
1786.0962719917297, 1.9011, 5.8896, 283.0544
1788.0963578224182, 1.9011, 5.8896, 283.1362
1790.0964586734772, 1.9011, 5.8895, 283.1995
1792.0965683460236, 1.9011, 5.8894, 283.1488
1794.0966663360596, 1.9011, 5.8896, 282.9559
1796.0967547893524, 1.9011, 5.8898, 283.0191
1798.0968554019928, 1.9011, 5.8901, 282.825
1800.0969421863556, 1.9011, 5.8903, 282.8715
1802.0970487594604, 1.9011, 5.8902, 282.8227
1804.0971503257751, 1.9011, 5.8903, 282.8166
1806.09725356102, 1.9011, 5.8903, 282.827
1808.097351551056, 1.9011, 5.8905, 282.7576
1810.0974349975586, 1.9011, 5.8907, 282.7889
1812.097538471222, 1.9011, 5.8906, 282.8359
1814.0976312160492, 1.9011, 5.8907, 282.7641
1816.0977153778076, 1.9011, 5.8906, 282.9389
1818.0978055000305, 1.9011, 5.8907, 282.9974
1820.097907781601, 1.9011, 5.891, 282.6704
1822.0980093479156, 1.9011, 5.891, 282.5743
1824.098111152649, 1.9011, 5.8912, 282.5259
1826.0982375144958, 1.9011, 5.8914, 282.4761
1828.0983169078827, 1.9011, 5.8913, 282.6189
1830.0984127521515, 1.9011, 5.8912, 282.7411
1832.0985128879547, 1.9011, 5.8908, 282.9346
1834.0986154079437, 1.9011, 5.8908, 282.9407
1836.0987181663513, 1.9011, 5.8908, 282.7794
1838.098820924759, 1.9011, 5.8909, 282.8727
1840.098923921585, 1.9011, 5.8911, 282.6934
1842.0990273952484, 1.9011, 5.8912, 282.7867
1844.099128961563, 1.9011, 5.8911, 282.7056
1846.0992171764374, 1.9011, 5.8913, 282.5779
1848.0993068218231, 1.9011, 5.8915, 282.433
1850.0993947982788, 1.9011, 5.8917, 282.3307
1852.0994989871979, 1.9011, 5.8917, 282.3577
1854.0995845794678, 1.9011, 5.8917, 282.278
1856.099685907364, 1.9011, 5.8916, 282.4791
1858.0997881889343, 1.9011, 5.8915, 282.5768
1860.0998916625977, 1.9011, 5.8914, 282.6134
1862.0999970436096, 1.9011, 5.8913, 282.454
1864.100078344345, 1.9011, 5.8914, 282.3322
1866.1001796722412, 1.9011, 5.8916, 282.2839
1868.1002850532532, 1.9011, 5.8917, 282.2245
1870.1003878116608, 1.9011, 5.8917, 282.3177
1872.1004910469055, 1.9011, 5.8917, 282.309
1874.1005859375, 1.9011, 5.8918, 282.2158
1876.1006865501404, 1.9011, 5.8919, 282.1165
1878.1008200645447, 1.9011, 5.8919, 282.1915
1880.1009638309479, 1.9011, 5.8925, 281.8881
1882.1010520458221, 1.9011, 5.8929, 281.6079
1884.1011335849762, 1.9011, 5.8932, 281.4182
1886.1012179851532, 1.9011, 5.8933, 281.5314
1888.1013016700745, 1.9011, 5.8932, 281.6841
1890.1014020442963, 1.9011, 5.893, 281.7409
1892.101482629776, 1.9011, 5.8931, 281.6113
1894.1015627384186, 1.9011, 5.8933, 281.5145
1896.1016519069672, 1.9011, 5.8934, 281.5802
1898.1017382144928, 1.9011, 5.8936, 281.6518
1900.101824760437, 1.9011, 5.8938, 281.4555
1902.1019155979156, 1.9011, 5.8938, 281.1222
1904.102056980133, 1.9011, 5.8941, 281.2047
1906.1021375656128, 1.9011, 5.894, 281.4136
1908.10222530365, 1.901, 5.8941, 281.4175
1910.1023304462433, 1.9011, 5.8943, 281.3998
1912.1024615764618, 1.9011, 5.8945, 281.1436
1914.102550983429, 1.901, 5.8946, 280.9989
1916.1026856899261, 1.9011, 5.8949, 280.9665
1918.1027896404266, 1.9011, 5.8953, 280.8861
1920.1028928756714, 1.9011, 5.8954, 280.7879
1922.1029772758484, 1.9011, 5.8956, 280.9139
1924.1031112670898, 1.9011, 5.8955, 280.7783
1926.1031942367554, 1.9011, 5.8956, 280.8497
1928.103274822235, 1.9011, 5.8958, 280.7359
1930.1033761501312, 1.9011, 5.8958, 280.3851
1932.1035163402557, 1.9011, 5.896, 280.5026
1934.1035985946655, 1.9011, 5.896, 280.5312
1936.103699684143, 1.9011, 5.896, 280.5422
1938.1038026809692, 1.9011, 5.8961, 280.5276
1940.1039316654205, 1.9011, 5.8962, 280.5276
1942.1040320396423, 1.9011, 5.8963, 280.1876
1944.1041150093079, 1.9011, 5.8965, 279.9199
1946.1041996479034, 1.9011, 5.897, 279.8018
1948.1043322086334, 1.9011, 5.8973, 279.6953
1950.1044335365295, 1.9011, 5.8977, 279.7803
1952.1045351028442, 1.9011, 5.8977, 279.7235
1954.1046214103699, 1.9011, 5.8979, 279.7314
1956.1047067642212, 1.9011, 5.898, 279.8897
1958.1048214435577, 1.9011, 5.8978, 279.7665
1960.1049070358276, 1.9011, 5.8981, 279.5773
1962.104990720749, 1.9011, 5.8985, 279.2218
1964.105076789856, 1.9011, 5.8984, 279.3873
1966.1051607131958, 1.9011, 5.8984, 279.1865
1968.1052477359772, 1.9011, 5.8988, 278.9252
1970.1053323745728, 1.9011, 5.8988, 279.2477
1972.1054141521454, 1.9011, 5.8988, 279.3074
1974.105500459671, 1.9011, 5.8987, 279.3856
1976.1056032180786, 1.9011, 5.8989, 279.3796
1978.1056904792786, 1.9011, 5.8988, 279.4737
1980.1057891845703, 1.9011, 5.8986, 279.75
1982.1058895587921, 1.9011, 5.8986, 279.5766
1984.1059889793396, 1.9011, 5.8988, 279.1951
1986.106083869934, 1.9011, 5.899, 279.0198
1988.1061718463898, 1.9011, 5.8989, 279.1972
1990.1062724590302, 1.9011, 5.8991, 279.0199
1992.1063599586487, 1.9011, 5.8992, 279.1168
1994.1064610481262, 1.9011, 5.8994, 279.2347
1996.106561422348, 1.9011, 5.8997, 279.0465
1998.1067025661469, 1.9011, 5.8997, 279.0267
2000.1068332195282, 1.9011, 5.8998, 279.115
2002.1069366931915, 1.9011, 5.8997, 279.1964
2004.1070437431335, 1.9011, 5.8998, 279.3334
2006.1071329116821, 1.9011, 5.8997, 279.1358
2008.1072137355804, 1.9011, 5.9001, 279.0066
2010.1073486804962, 1.9011, 5.9, 278.9111
2012.1074912548065, 1.9011, 5.9003, 278.9005
2014.1075716018677, 1.9011, 5.9003, 278.6926
2016.1076669692993, 1.9011, 5.9002, 278.8795
2018.1078035831451, 1.9011, 5.9004, 278.9597
2020.1079106330872, 1.9011, 5.9005, 278.8354
2022.1080000400543, 1.9011, 5.9003, 278.7537
2024.108099937439, 1.9011, 5.9005, 278.7269
2026.1082003116608, 1.9011, 5.9002, 278.7646
2028.108306646347, 1.9011, 5.9005, 278.7832
2030.1083862781525, 1.9011, 5.9005, 278.8259
2032.10848736763, 1.9011, 5.9006, 278.7109
2034.1085829734802, 1.9011, 5.9007, 278.5607
2036.108725786209, 1.9011, 5.9012, 278.221
2038.1088273525238, 1.9011, 5.9014, 278.0774
2040.108963727951, 1.9011, 5.9015, 278.1458
2042.1090977191925, 1.9011, 5.9016, 278.3018
2044.109177827835, 1.9011, 5.9015, 278.4927
2046.1092643737793, 1.9011, 5.9013, 278.7599
2048.109366416931, 1.9011, 5.9015, 278.576
2050.109461784363, 1.9011, 5.9015, 278.4354
2052.1095628738403, 1.9011, 5.9016, 278.5229
2054.1097042560577, 1.9011, 5.9015, 278.4035
2056.109804868698, 1.9011, 5.9017, 278.2732
2058.109885931015, 1.9011, 5.9019, 278.2954
2060.1099729537964, 1.9011, 5.902, 278.2649
2062.1101059913635, 1.9011, 5.9021, 278.3757
2064.1102046966553, 1.9011, 5.902, 278.228
2066.1103041172028, 1.9011, 5.9023, 278.1113
2068.110403060913, 1.9011, 5.9024, 278.1132
2070.1104900836945, 1.9011, 5.9023, 277.9128
2072.1105914115906, 1.9011, 5.9024, 277.7894
2074.1106786727905, 1.9011, 5.9024, 277.9213
2076.110779285431, 1.9011, 5.9025, 277.9318
2078.110908985138, 1.9011, 5.9026, 277.8453
2080.1109879016876, 1.9011, 5.9027, 277.7522
2082.111088514328, 1.9011, 5.9028, 277.843
2084.1112229824066, 1.9011, 5.9027, 277.862
2086.1113290786743, 1.9011, 5.9028, 277.8553
2088.1114118099213, 1.9011, 5.9029, 277.8315
2090.1115112304688, 1.9011, 5.9032, 277.6672
2092.111620426178, 1.9011, 5.9034, 277.7245
2094.1117177009583, 1.9011, 5.9033, 277.7483
2096.111816883087, 1.9011, 5.9033, 277.5757
2098.1118960380554, 1.9011, 5.9036, 277.5422
2100.1119968891144, 1.9011, 5.9038, 277.4014
2102.1120977401733, 1.9011, 5.9038, 277.3904
2104.112240552902, 1.901, 5.9039, 277.359
2106.11234331131, 1.9011, 5.9041, 277.3423
2108.1124353408813, 1.9011, 5.9041, 277.3131
2110.1125395298004, 1.9011, 5.9043, 277.3478
2112.112643480301, 1.9011, 5.9041, 277.4508
2114.112746477127, 1.9011, 5.9043, 277.3646
2116.1128809452057, 1.9011, 5.9042, 277.4809
2118.112982749939, 1.9011, 5.9041, 277.178
2120.1130690574646, 1.9011, 5.9043, 277.1943
2122.113156080246, 1.9011, 5.9044, 277.1904
2124.113298177719, 1.9011, 5.9045, 277.2237
2126.1134026050568, 1.9011, 5.9044, 277.3931
2128.1135358810425, 1.9011, 5.9043, 277.4376
2130.1136379241943, 1.9011, 5.9043, 277.5253
2132.113721847534, 1.9011, 5.9042, 277.5224
2134.113805294037, 1.9011, 5.9043, 277.377
2136.113944530487, 1.901, 5.9044, 277.3222
2138.1140501499176, 1.9011, 5.9048, 277.0732
2140.1141340732574, 1.9011, 5.9048, 277.209
2142.114266395569, 1.9011, 5.9048, 277.1573
2144.114403963089, 1.9011, 5.9049, 277.1061
2146.114537000656, 1.9011, 5.9052, 276.8406
2148.114623785019, 1.9011, 5.9054, 276.6959
2150.1147570610046, 1.9011, 5.9055, 276.7147
2152.114891767502, 1.9011, 5.9053, 276.7438
2154.1149830818176, 1.9011, 5.9056, 276.5826
2156.115085840225, 1.9011, 5.9057, 276.7758
2158.1151757240295, 1.9011, 5.9056, 276.4227
2160.1152563095093, 1.9011, 5.9056, 276.312
2162.1153886318207, 1.9011, 5.9055, 276.4461
2164.1154696941376, 1.9011, 5.9056, 276.5954
2166.115557193756, 1.9011, 5.9057, 276.6715
2168.115688085556, 1.9011, 5.9057, 276.5817
2170.115790128708, 1.9011, 5.9058, 276.714
2172.115924835205, 1.901, 5.9056, 276.7113
2174.116051673889, 1.9011, 5.9057, 276.6985
2176.1161501407623, 1.9011, 5.9058, 276.7404
2178.116252183914, 1.9011, 5.906, 276.4627
2180.116386413574, 1.9011, 5.9064, 276.1418
2182.1164877414703, 1.9011, 5.9063, 276.3674
2184.1165823936462, 1.9011, 5.9063, 276.4637
2186.1166830062866, 1.9011, 5.9062, 276.5648
2188.116763353348, 1.901, 5.9062, 276.5188
2190.116854906082, 1.9011, 5.9063, 276.5658
2192.1169357299805, 1.9011, 5.9064, 276.5065
2194.117039203644, 1.9011, 5.9063, 276.5765
2196.117138147354, 1.9011, 5.9064, 276.6498
2198.1172173023224, 1.9011, 5.9062, 276.6354
2200.117317676544, 1.9011, 5.9062, 276.6425
2202.1173963546753, 1.9011, 5.9064, 276.6742
2204.1175100803375, 1.9011, 5.9063, 276.5252
2206.1176414489746, 1.9011, 5.9066, 276.1546
2208.117725610733, 1.9011, 5.9068, 275.9572
2210.1178262233734, 1.9011, 5.9071, 275.7165
2212.117909193039, 1.9011, 5.9073, 276.0053
2214.118010520935, 1.9011, 5.9073, 275.908
2216.1181104183197, 1.9011, 5.9078, 275.5864
2218.118199110031, 1.9011, 5.908, 275.4064
2220.1182878017426, 1.9011, 5.9082, 275.2161
2222.118367910385, 1.9011, 5.9083, 275.0921
2224.118466615677, 1.9011, 5.9084, 275.2116
2226.1185595989227, 1.9011, 5.9082, 275.3372
2228.118640899658, 1.9011, 5.9081, 275.6878
2230.118721961975, 1.9011, 5.908, 276.0479
2232.1188158988953, 1.9011, 5.9077, 276.1544
2234.118917942047, 1.9011, 5.9075, 276.1375
2236.119020462036, 1.9011, 5.9076, 275.9156
2238.119122982025, 1.9011, 5.9078, 275.8147
2240.119203567505, 1.9011, 5.908, 275.7937
2242.1192882061005, 1.9011, 5.908, 275.7226
2244.1193726062775, 1.9011, 5.9081, 275.6218
2246.1194722652435, 1.9011, 5.9083, 275.6404
2248.1195743083954, 1.9011, 5.9084, 275.6666
2250.1196591854095, 1.9011, 5.9085, 275.6722
2252.119742870331, 1.9011, 5.9082, 275.8062
2254.119876384735, 1.9011, 5.9085, 275.5592
2256.1199769973755, 1.9011, 5.9086, 275.3128
2258.120109796524, 1.9011, 5.9086, 275.4697
2260.1202430725098, 1.9011, 5.9086, 275.543
2262.120322704315, 1.9011, 5.9087, 275.5825
2264.120408296585, 1.9011, 5.9084, 275.4741
2266.1204931735992, 1.9011, 5.9087, 275.2542
2268.1205763816833, 1.9011, 5.9087, 275.1413
2270.1206521987915, 1.9011, 5.9089, 275.1803
2272.1207568645477, 1.9011, 5.9086, 275.2747
2274.1208493709564, 1.9011, 5.9087, 275.3897
2276.120979309082, 1.9011, 5.9086, 275.4595
2278.1211092472076, 1.9011, 5.9085, 275.4815
2280.1212255954742, 1.9011, 5.9088, 275.0303
2282.121308326721, 1.9011, 5.9088, 275.4054
2284.121386528015, 1.9011, 5.9088, 275.3838
2286.121527194977, 1.9011, 5.9089, 275.4148
2288.121622800827, 1.9011, 5.9086, 275.6224
2290.1217243671417, 1.9011, 5.9088, 275.5654
2292.121826171875, 1.9011, 5.9088, 275.5577
2294.1219098567963, 1.9011, 5.9087, 275.6468
2296.1220092773438, 1.9011, 5.9086, 275.738
2298.122141599655, 1.9011, 5.9085, 275.8815
2300.122223138809, 1.9011, 5.9081, 276.0417
2302.122320652008, 1.9011, 5.908, 276.0288
2304.12242269516, 1.9011, 5.9078, 276.1
2306.1225259304047, 1.9011, 5.9079, 276.1365
2308.122629404068, 1.9011, 5.9077, 276.1465
2310.12273311615, 1.9011, 5.9079, 275.8687
2312.1228351593018, 1.9011, 5.908, 275.6921
2314.1229350566864, 1.9011, 5.9083, 275.4554
2316.123024702072, 1.9011, 5.9086, 275.4422
2318.123127222061, 1.9011, 5.9089, 275.247
2320.12321805954, 1.9011, 5.9091, 275.178
2322.123298883438, 1.9011, 5.9093, 275.1853
2324.123396396637, 1.9011, 5.9094, 275.0795
2326.123498916626, 1.9011, 5.9096, 275.2734
2328.123600959778, 1.9011, 5.9095, 275.3666
2330.123735189438, 1.9011, 5.9096, 275.1279
2332.1238358020782, 1.9011, 5.9099, 275.0287
2334.123933315277, 1.9011, 5.9098, 274.9982
2336.1240406036377, 1.9011, 5.9102, 274.7844
2338.124127149582, 1.9011, 5.9099, 274.8697
2340.124231338501, 1.9011, 5.9103, 274.665
2342.124333381653, 1.9011, 5.9102, 274.6976
2344.1244218349457, 1.9011, 5.9104, 274.5949
2346.12451004982, 1.9011, 5.91, 274.6257
2348.124611854553, 1.9011, 5.9099, 275.037
2350.1247129440308, 1.9011, 5.9098, 275.2408
2352.1248066425323, 1.9011, 5.9099, 275.07
2354.124901533127, 1.9011, 5.91, 275.1009
2356.1249990463257, 1.9011, 5.9103, 274.9067
2358.1250879764557, 1.9011, 5.9104, 275.051
2360.1251862049103, 1.9011, 5.9105, 274.7501
2362.1252896785736, 1.9011, 5.9108, 274.5311
2364.1253910064697, 1.9011, 5.9109, 274.2354
2366.125475883484, 1.9011, 5.9111, 274.0191
2368.125574350357, 1.9011, 5.911, 274.3037
2370.125654697418, 1.9011, 5.9111, 274.4816
2372.1257417201996, 1.9011, 5.9113, 274.323
2374.125830888748, 1.9011, 5.9111, 274.257
2376.125916004181, 1.9011, 5.9112, 274.3765
2378.126010656357, 1.9011, 5.9113, 274.3647
2380.126095056534, 1.9011, 5.9112, 274.5886
2382.1261789798737, 1.9011, 5.911, 274.712
2384.1263086795807, 1.9011, 5.9109, 274.8083
2386.126390695572, 1.9011, 5.911, 274.6507
2388.126524448395, 1.9011, 5.9109, 274.5345
2390.1266186237335, 1.9011, 5.9111, 274.5898
2392.126711845398, 1.9011, 5.9113, 274.591
2394.126800775528, 1.9011, 5.9114, 274.3936
2396.126935482025, 1.9011, 5.9113, 274.5615
2398.127077817917, 1.9011, 5.9114, 274.5053
2400.1271617412567, 1.9011, 5.9115, 274.429
2402.1272399425507, 1.9011, 5.9115, 274.4899
2404.1273243427277, 1.9011, 5.9115, 274.1852
2406.1274065971375, 1.9011, 5.9119, 273.9983
2408.1274893283844, 1.9011, 5.912, 274.0501
2410.127625465393, 1.9011, 5.9121, 274.2707
2412.127716064453, 1.9011, 5.9123, 274.1851
2414.127802848816, 1.9011, 5.9125, 273.9832
2416.1279034614563, 1.9011, 5.9127, 273.8986
2418.127991914749, 1.9011, 5.9127, 273.9834
2420.1280930042267, 1.9011, 5.9127, 273.9828
2422.128178358078, 1.9011, 5.9127, 273.8951
2424.1282584667206, 1.9011, 5.9127, 273.9442
2426.1283643245697, 1.9011, 5.9129, 273.853
2428.1284515857697, 1.9011, 5.9131, 273.8466
2430.128555059433, 1.9011, 5.9131, 273.8716
2432.1286568641663, 1.9011, 5.9132, 273.5393
2434.1287910938263, 1.9011, 5.9135, 273.6269
2436.1288731098175, 1.9011, 5.9134, 273.7
2438.1289739608765, 1.9011, 5.9132, 273.97
2440.1290533542633, 1.9011, 5.9131, 273.9
2442.129148721695, 1.9011, 5.913, 274.072
2444.1292793750763, 1.9011, 5.9128, 274.1089
2446.1293637752533, 1.9011, 5.9127, 273.9846
2448.1295006275177, 1.9011, 5.9125, 273.9419
2450.129636526108, 1.9011, 5.9127, 273.8306
2452.1297228336334, 1.9011, 5.9128, 273.7701
2454.129831314087, 1.9011, 5.9133, 273.6229
2456.129933834076, 1.9011, 5.9135, 273.5351
2458.130040884018, 1.9011, 5.9134, 273.6474
2460.1301419734955, 1.9011, 5.9134, 273.8222
2462.1302437782288, 1.9011, 5.9134, 273.8772
2464.130326271057, 1.9011, 5.9133, 273.9646
2466.13040971756, 1.9011, 5.9134, 273.7933
2468.1304969787598, 1.9011, 5.9133, 273.7544
2470.1305842399597, 1.9011, 5.9133, 273.8112
2472.130668401718, 1.9011, 5.9133, 273.6498
2474.130801677704, 1.9011, 5.9136, 273.5885
2476.1308794021606, 1.9011, 5.9136, 273.6635
2478.130959510803, 1.9011, 5.9138, 273.4895
2480.1310601234436, 1.9011, 5.9137, 273.4199
2482.1311435699463, 1.9011, 5.9139, 273.1875
2484.131224632263, 1.9011, 5.9139, 273.291
2486.131327152252, 1.9011, 5.9138, 273.5545
2488.131419658661, 1.9011, 5.9137, 273.3674
2490.131505727768, 1.9011, 5.9136, 273.6568
2492.1316080093384, 1.9011, 5.9136, 273.4934
2494.1316888332367, 1.901, 5.9136, 273.6801
2496.131772041321, 1.901, 5.9136, 273.6784
2498.131873846054, 1.9011, 5.9135, 273.8606
2500.1319572925568, 1.901, 5.9133, 273.6692
2502.1320974826813, 1.9011, 5.9135, 273.7335
2504.1321840286255, 1.9011, 5.9136, 273.5271
2506.1323194503784, 1.9011, 5.9138, 273.2762
2508.1324207782745, 1.9011, 5.914, 273.2611
2510.1325223445892, 1.9011, 5.9143, 273.2304
2512.132611513138, 1.901, 5.9144, 273.2856
2514.132711172104, 1.9011, 5.9145, 273.1389
2516.132802248001, 1.9011, 5.9148, 273.0349
2518.1328966617584, 1.9011, 5.915, 272.7764
2520.132984638214, 1.9011, 5.9155, 272.5024
2522.133068561554, 1.9011, 5.9154, 272.5296
2524.133150577545, 1.9011, 5.9155, 272.7022
2526.1332881450653, 1.9011, 5.9155, 272.7699
2528.1333758831024, 1.9011, 5.9157, 272.8489
2530.1334614753723, 1.9011, 5.9156, 272.8537
2532.1335637569427, 1.9011, 5.9157, 272.9258
2534.133699655533, 1.9011, 5.9156, 272.7743
2536.1337847709656, 1.9011, 5.9153, 272.8292
2538.133875608444, 1.9011, 5.9154, 272.7596
2540.133964776993, 1.9011, 5.9154, 272.8763
2542.1340568065643, 1.9011, 5.9153, 272.7736
2544.134195327759, 1.9011, 5.9155, 272.8548
2546.1342890262604, 1.9011, 5.9153, 272.8615
2548.1343746185303, 1.9011, 5.9153, 272.9195
2550.1344611644745, 1.9011, 5.9153, 272.8462
2552.134551525116, 1.9011, 5.9153, 272.6873
2554.1346423625946, 1.9011, 5.9154, 272.8192
2556.1347303390503, 1.9011, 5.9153, 272.6535
2558.134826898575, 1.9011, 5.9155, 272.5937
2560.134964466095, 1.9011, 5.9156, 272.6672
2562.135063648224, 1.9011, 5.9155, 272.6725
2564.135142803192, 1.9011, 5.9157, 272.6541
2566.135224342346, 1.9011, 5.9159, 272.6501
2568.1353590488434, 1.9011, 5.916, 272.6891
2570.1354513168335, 1.9011, 5.9159, 272.7828
2572.135537147522, 1.9011, 5.9159, 272.7021
2574.135644197464, 1.9011, 5.9159, 272.5901
2576.1357350349426, 1.9011, 5.9162, 272.5174
2578.1358201503754, 1.9011, 5.9163, 272.4349
2580.135899782181, 1.9011, 5.9162, 272.6199
2582.135987520218, 1.901, 5.9161, 272.6886
2584.1360750198364, 1.901, 5.9162, 272.4206
2586.1361684799194, 1.9011, 5.9162, 272.502
2588.136251449585, 1.9011, 5.9164, 272.2637
2590.136335849762, 1.9011, 5.9165, 272.0593
2592.1364216804504, 1.9011, 5.9167, 272.1647
2594.136503458023, 1.9011, 5.9167, 272.2333
2596.1365859508514, 1.9011, 5.9167, 272.3359
2598.136669397354, 1.9011, 5.9166, 272.3485
2600.1367530822754, 1.9011, 5.9166, 272.3208
2602.136838912964, 1.9011, 5.9169, 272.3645
2604.13693857193, 1.9011, 5.9167, 272.3049
2606.1370282173157, 1.9011, 5.917, 272.2591
2608.137111186981, 1.9011, 5.9169, 272.3086
2610.1371989250183, 1.9011, 5.9171, 272.1003
2612.137333393097, 1.9011, 5.9173, 272.0856
2614.137414455414, 1.9011, 5.9172, 272.0914
2616.137494325638, 1.9011, 5.9171, 272.3103
2618.1375732421875, 1.9011, 5.917, 272.3292
2620.1376523971558, 1.9011, 5.9169, 272.3882
2622.1377308368683, 1.9011, 5.9169, 272.4625
2624.1378083229065, 1.9011, 5.9169, 272.2624
2626.1378853321075, 1.9011, 5.9169, 271.956
2628.1379628181458, 1.9011, 5.9173, 271.7044
2630.13804602623, 1.9011, 5.9175, 271.6387
2632.138125181198, 1.9011, 5.9178, 271.9114
2634.138204097748, 1.9011, 5.9174, 272.1501
2636.138286113739, 1.9011, 5.9176, 271.6498
2638.138367176056, 1.9011, 5.9178, 271.4003
2640.1384468078613, 1.9011, 5.9177, 271.6482
2642.138523578644, 1.9011, 5.9175, 272.1394
2644.138600587845, 1.9011, 5.9175, 271.9407
2646.138674736023, 1.9011, 5.9177, 271.7507
2648.1387555599213, 1.9011, 5.9177, 271.9081
2650.1388368606567, 1.9011, 5.9174, 272.0049
2652.1389150619507, 1.9011, 5.9174, 272.0965
2654.139004468918, 1.9011, 5.9173, 272.2997
2656.1390919685364, 1.9011, 5.9172, 272.0053
2658.139181613922, 1.9011, 5.9174, 271.9433
2660.1392657756805, 1.9011, 5.9173, 271.839
2662.139368057251, 1.9011, 5.9176, 271.6883
2664.1394860744476, 1.9011, 5.9176, 271.7829
2666.1395876407623, 1.9011, 5.9178, 271.8472
2668.1396894454956, 1.9011, 5.9178, 271.9327
2670.139794111252, 1.9011, 5.9178, 271.9185
2672.139894962311, 1.9011, 5.9176, 272.0369
2674.1399762630463, 1.9011, 5.9176, 271.9208
2676.1400666236877, 1.9011, 5.9178, 271.972
2678.1401929855347, 1.9011, 5.9178, 271.5821
2680.1402921676636, 1.9011, 5.9179, 271.261
2682.140384197235, 1.9011, 5.9179, 271.5895
2684.1404750347137, 1.9011, 5.9178, 271.8185
2686.1405787467957, 1.9011, 5.918, 271.7562
2688.1406812667847, 1.9011, 5.9179, 271.814
2690.140764951706, 1.9011, 5.918, 271.8252
2692.1408698558807, 1.9011, 5.918, 271.6153
2694.140967607498, 1.9011, 5.9181, 271.9101
2696.1410937309265, 1.9011, 5.918, 272.0759
2698.141198158264, 1.9011, 5.918, 271.8951
2700.141294002533, 1.9011, 5.9182, 271.7043
2702.1413943767548, 1.9011, 5.9181, 271.9603
2704.1414706707, 1.9011, 5.9179, 271.7581
2706.141571521759, 1.9011, 5.9181, 271.7116
2708.1416730880737, 1.9011, 5.9181, 271.5432
2710.141755104065, 1.9011, 5.9181, 271.738
2712.1418561935425, 1.9011, 5.9182, 271.6092
2714.1419570446014, 1.9011, 5.9181, 271.502
2716.1420600414276, 1.9011, 5.9181, 271.6373
2718.1421699523926, 1.9011, 5.9181, 271.7663
2720.1422715187073, 1.9011, 5.918, 271.6654
2722.142375946045, 1.9011, 5.9184, 271.5054
2724.142511844635, 1.9011, 5.9184, 271.554
2726.142612218857, 1.9011, 5.9182, 271.7031
2728.142697095871, 1.9011, 5.9182, 271.7346
2730.1427841186523, 1.9011, 5.9182, 271.6965
2732.142873764038, 1.9011, 5.9182, 271.8116
2734.1429767608643, 1.9011, 5.9183, 271.8348
2736.1430575847626, 1.9011, 5.9183, 271.7242
2738.1431589126587, 1.9011, 5.9182, 271.4659
2740.1432988643646, 1.9011, 5.9179, 271.7007
2742.143397092819, 1.9011, 5.9179, 271.5032
2744.1434988975525, 1.9011, 5.9181, 271.6877
2746.1435787677765, 1.9011, 5.9181, 271.5912
2748.143665075302, 1.9011, 5.918, 271.8761
2750.1437726020813, 1.9011, 5.918, 271.9176
2752.14386343956, 1.9011, 5.9179, 271.6948
2754.1439452171326, 1.9011, 5.918, 271.5161
2756.144054889679, 1.9011, 5.9183, 271.258
2758.1441407203674, 1.9011, 5.9183, 271.3764
2760.1442453861237, 1.9011, 5.9182, 271.4609
2762.1443405151367, 1.9011, 5.9184, 271.6254
2764.144430398941, 1.9011, 5.9185, 271.6804
2766.14452457428, 1.9011, 5.9184, 271.5605
2768.144661426544, 1.9011, 5.9183, 271.5552
2770.144777536392, 1.9011, 5.9186, 271.539
2772.1448822021484, 1.9011, 5.9186, 271.4179
2774.1450250148773, 1.9011, 5.9189, 271.3734
2776.145109653473, 1.9011, 5.9188, 271.3126
2778.1452021598816, 1.9011, 5.9188, 271.3793
2780.145286798477, 1.9011, 5.9193, 271.324
2782.1453909873962, 1.9011, 5.9193, 271.4728
2784.1454961299896, 1.9011, 5.9192, 271.5308
2786.1456327438354, 1.9011, 5.9189, 271.5169
2788.14573264122, 1.9011, 5.919, 271.2604
2790.1458399295807, 1.9011, 5.919, 271.5291
2792.1459414958954, 1.9011, 5.9182, 272.3074
2794.1460332870483, 1.9011, 5.9173, 272.829
2796.1461341381073, 1.9011, 5.9169, 272.7684
2798.1462349891663, 1.9011, 5.9169, 272.6208
2800.146336555481, 1.9011, 5.9169, 272.2516
2802.146466732025, 1.9011, 5.9169, 272.0195
2804.1466014385223, 1.9011, 5.9173, 271.8434
2806.1467068195343, 1.9011, 5.9174, 271.8463
2808.1468093395233, 1.9011, 5.9174, 272.0291
2810.1468958854675, 1.9011, 5.9173, 272.02
2812.1470396518707, 1.9011, 5.9173, 272.0775
2814.147139310837, 1.9011, 5.9174, 272.004
2816.147238254547, 1.9011, 5.9175, 271.8962
2818.1473269462585, 1.9011, 5.9174, 271.8084
2820.1474316120148, 1.9011, 5.9174, 271.7206
2822.147536277771, 1.9011, 5.9175, 271.8559
2824.147625684738, 1.9011, 5.9178, 271.7717
2826.147714614868, 1.9011, 5.918, 271.5425
2828.147837162018, 1.9011, 5.9181, 271.4263
2830.147941827774, 1.9011, 5.9183, 271.4512
2832.1480326652527, 1.9011, 5.9183, 271.5435
2834.1481318473816, 1.9011, 5.9185, 271.2677
2836.1482648849487, 1.9011, 5.9186, 271.2233
2838.148405790329, 1.9011, 5.9189, 271.1433
2840.148505926132, 1.9011, 5.9192, 271.0838
2842.148640394211, 1.9011, 5.9194, 271.217
2844.14875125885, 1.9011, 5.9192, 271.3532
2846.14888548851, 1.9011, 5.9192, 271.3173
2848.1490309238434, 1.9011, 5.9193, 271.5129
2850.149170398712, 1.9011, 5.9189, 271.5679
2852.1492717266083, 1.9011, 5.9192, 271.4834
2854.149355649948, 1.9011, 5.9193, 271.4413
2856.14945602417, 1.9011, 5.9192, 271.4308
2858.1495501995087, 1.9011, 5.9193, 271.4284
2860.149652481079, 1.9011, 5.9193, 271.5101
2862.1497514247894, 1.9011, 5.9193, 271.2528
2864.1498506069183, 1.9011, 5.9193, 271.3495
2866.149947166443, 1.9011, 5.9194, 271.1298
2868.1500408649445, 1.9011, 5.9196, 271.0579
2870.1501803398132, 1.901, 5.9196, 271.2309
2872.150318622589, 1.9011, 5.9199, 270.9973
2874.1504168510437, 1.9011, 5.9199, 271.1676
2876.1505177021027, 1.9011, 5.9197, 271.2814
2878.150627374649, 1.9011, 5.9196, 271.5188
2880.1507263183594, 1.9011, 5.9195, 271.4521
2882.150815486908, 1.9011, 5.9193, 271.317
2884.1508955955505, 1.9011, 5.9194, 271.4415
2886.1509816646576, 1.9011, 5.9196, 271.3092
2888.151129245758, 1.9011, 5.9197, 270.9954
2890.1512084007263, 1.9011, 5.9197, 271.0663
2892.1513452529907, 1.901, 5.9199, 271.0899
2894.151460170746, 1.9011, 5.9202, 270.9037
2896.1515457630157, 1.9011, 5.9202, 271.0024
2898.1516366004944, 1.901, 5.9202, 270.9374
2900.1517205238342, 1.9011, 5.9204, 270.672
2902.1518218517303, 1.9011, 5.9206, 270.5978
2904.1519610881805, 1.9011, 5.9208, 270.6012
2906.1520614624023, 1.9011, 5.9209, 270.6027
2908.152150630951, 1.9011, 5.9209, 270.782
2910.152284383774, 1.9011, 5.9207, 270.7871
2912.1523854732513, 1.9011, 5.9207, 270.8367
2914.152487039566, 1.9011, 5.9206, 270.8854
2916.1525909900665, 1.9011, 5.9204, 270.7811
2918.152691602707, 1.9011, 5.9203, 270.9172
2920.152772665024, 1.9011, 5.9202, 270.7963
2922.152859210968, 1.9011, 5.9203, 270.8066
2924.1529593467712, 1.9011, 5.9203, 270.8477
2926.1530611515045, 1.9011, 5.9206, 270.4697
2928.1531574726105, 1.9011, 5.9208, 270.602
2930.1532588005066, 1.9011, 5.9207, 270.5584
2932.1533632278442, 1.9011, 5.9209, 270.65
2934.1534588336945, 1.9011, 5.9208, 270.7443
2936.153562068939, 1.9011, 5.9208, 270.7453
2938.153659105301, 1.9011, 5.9207, 270.7601
2940.1537623405457, 1.9011, 5.9205, 270.9114
2942.153864145279, 1.9011, 5.9209, 270.3046
2944.1539516448975, 1.9011, 5.9212, 269.9066
2946.1540400981903, 1.9011, 5.9212, 270.089
2948.1541328430176, 1.9011, 5.9214, 270.1849
2950.154221534729, 1.9011, 5.9216, 269.93
2952.1543238162994, 1.9011, 5.9216, 269.8809
2954.1544268131256, 1.9011, 5.9217, 270.0058
2956.154529809952, 1.9011, 5.9216, 270.2102
2958.1546306610107, 1.9011, 5.9215, 270.2362
2960.154732942581, 1.9011, 5.9217, 270.0783
2962.1548404693604, 1.9011, 5.9217, 269.9598
2964.1549305915833, 1.9011, 5.9216, 269.932
2966.1550250053406, 1.9011, 5.9216, 270.0775
2968.1551065444946, 1.901, 5.9215, 270.3585
2970.1551926136017, 1.9011, 5.9213, 270.7576
2972.155286550522, 1.9011, 5.9211, 270.7953
2974.155395746231, 1.9011, 5.921, 270.8661
2976.155492544174, 1.9011, 5.9211, 270.7158
2978.155606031418, 1.9011, 5.9214, 270.5454
2980.1556928157806, 1.901, 5.9216, 270.2976
2982.155831336975, 1.9011, 5.9218, 270.3148
2984.1559302806854, 1.9011, 5.9217, 270.3925
2986.1560428142548, 1.9011, 5.9219, 270.3123
2988.1561398506165, 1.9011, 5.9221, 269.9945
2990.1562337875366, 1.9011, 5.922, 270.3681
2992.1563398838043, 1.9011, 5.9217, 270.5123
2994.156438589096, 1.9011, 5.9217, 270.4858
2996.156554698944, 1.9011, 5.9218, 270.4787
2998.15665435791, 1.9011, 5.9216, 270.458
3000.156741142273, 1.901, 5.9216, 270.6324
3002.1568474769592, 1.9011, 5.9212, 270.7891
3004.1569814682007, 1.9011, 5.921, 270.9027
3006.157076358795, 1.9011, 5.921, 270.747
3008.1571815013885, 1.9011, 5.9212, 270.4809
3010.1572737693787, 1.9011, 5.9213, 270.4804
3012.157372236252, 1.9011, 5.9213, 270.518
3014.157461643219, 1.9011, 5.9215, 270.5884
3016.1575627326965, 1.9011, 5.9214, 270.4063
3018.1576936244965, 1.9011, 5.9213, 270.3788
3020.157824754715, 1.9011, 5.9216, 270.3731
3022.1579365730286, 1.9011, 5.9219, 270.3067
3024.1580300331116, 1.9011, 5.9219, 270.2706
3026.1581325531006, 1.9011, 5.922, 270.1315
3028.1582214832306, 1.9011, 5.9222, 270.2247
3030.1583223342896, 1.9011, 5.9222, 269.9179
3032.158415555954, 1.9011, 5.9219, 269.9926
3034.15851688385, 1.9011, 5.9221, 269.7466
3036.1586213111877, 1.9011, 5.9218, 269.6978
3038.158751964569, 1.9011, 5.922, 269.7495
3040.1588525772095, 1.9011, 5.9218, 269.8378
3042.1589543819427, 1.9011, 5.9222, 269.9485
3044.159059524536, 1.9011, 5.9223, 269.8659
3046.159207344055, 1.9011, 5.9226, 269.7612
3048.1593120098114, 1.9011, 5.9229, 269.5943
3050.1593978405, 1.9011, 5.9232, 269.4857
3052.159481525421, 1.9011, 5.9234, 269.5527
3054.159567594528, 1.9011, 5.9234, 269.5224
3056.159667491913, 1.9011, 5.9234, 269.4877
3058.1597747802734, 1.9011, 5.9232, 269.6923
3060.1598830223083, 1.901, 5.9229, 269.9846
3062.1600267887115, 1.9011, 5.9227, 270.1137
3064.160123348236, 1.901, 5.9226, 270.1812
3066.1602296829224, 1.9011, 5.9225, 270.3149
3068.160331249237, 1.9011, 5.9224, 270.1268
3070.160413980484, 1.9011, 5.9222, 270.1599
3072.1605155467987, 1.9011, 5.9222, 270.2159
3074.1606163978577, 1.9011, 5.9221, 270.0946
3076.1607530117035, 1.9011, 5.9224, 270.1865
3078.1608588695526, 1.9011, 5.9223, 270.1074
3080.1609394550323, 1.9011, 5.9223, 270.0827
3082.1610226631165, 1.9011, 5.9223, 269.9477
3084.1611082553864, 1.9011, 5.9226, 270.085
3086.161208629608, 1.9011, 5.9225, 269.5602
3088.161307811737, 1.9011, 5.9227, 269.3502
3090.1614072322845, 1.9011, 5.9228, 269.4365
3092.1615076065063, 1.9011, 5.9229, 269.2294
3094.161610364914, 1.9011, 5.923, 268.9286
3096.1617109775543, 1.9011, 5.9234, 269.2989
3098.1618132591248, 1.9011, 5.9235, 269.4005
3100.161946773529, 1.9011, 5.9234, 269.6268
3102.162082672119, 1.9011, 5.9232, 269.8327
3104.162169933319, 1.9011, 5.9233, 269.7819
3106.1622638702393, 1.9011, 5.9231, 269.8587
3108.162366628647, 1.9011, 5.9231, 269.9204
3110.1624698638916, 1.9011, 5.9232, 269.7488
3112.1625702381134, 1.9011, 5.9231, 269.9395
3114.162663936615, 1.9011, 5.923, 269.9919
3116.1627972126007, 1.9011, 5.9228, 270.2138
3118.1628906726837, 1.9011, 5.9227, 270.1691
3120.1630325317383, 1.9011, 5.9225, 270.311
3122.1631178855896, 1.9011, 5.9226, 270.2965
3124.163211107254, 1.9011, 5.9225, 270.3027
3126.16331076622, 1.9011, 5.9222, 270.3304
3128.163420200348, 1.9011, 5.9225, 270.1703
3130.1635196208954, 1.9011, 5.9224, 270.3421
3132.1636106967926, 1.9011, 5.9224, 270.2555
3134.163700580597, 1.9011, 5.9223, 270.2781
3136.1638329029083, 1.9011, 5.9225, 270.0551
3138.163980484009, 1.9011, 5.9225, 270.1452
3140.1640837192535, 1.9011, 5.9224, 270.1488
3142.164185523987, 1.9011, 5.9225, 270.2507
3144.1642832756042, 1.9011, 5.9227, 269.7733
3146.1644027233124, 1.9011, 5.923, 269.8551
3148.164528131485, 1.9011, 5.9228, 269.7428
3150.164642572403, 1.9011, 5.9229, 269.5734
3152.164761543274, 1.9011, 5.923, 269.7341
3154.164862394333, 1.9011, 5.9234, 269.5243
3156.1649634838104, 1.9011, 5.9234, 269.6584
3158.1650655269623, 1.9011, 5.9233, 269.4535
3160.1651978492737, 1.9011, 5.9235, 268.928
3162.1652960777283, 1.9011, 5.9237, 269.2924
3164.165399312973, 1.9011, 5.9235, 269.2353
3166.1654992103577, 1.9011, 5.9239, 269.1815
3168.165591955185, 1.9011, 5.9238, 269.2367
3170.165675878525, 1.9011, 5.9238, 269.0587
3172.1657848358154, 1.901, 5.9235, 269.4219
3174.1658866405487, 1.9011, 5.9235, 269.3849
3176.1660375595093, 1.9011, 5.9237, 268.9732
3178.1661415100098, 1.9011, 5.9239, 269.1259
3180.1662406921387, 1.9011, 5.9238, 269.332
3182.166333913803, 1.9011, 5.9237, 269.3631
3184.166424512863, 1.9011, 5.924, 269.0783
3186.1665177345276, 1.9011, 5.9244, 269.1293
3188.166620016098, 1.9011, 5.9246, 268.9686
3190.166719675064, 1.9011, 5.9247, 269.1013
3192.1668198108673, 1.9011, 5.9248, 269.0844
3194.166920185089, 1.9011, 5.9247, 268.8277
3196.167026281357, 1.9011, 5.9248, 268.9698
3198.167124271393, 1.9011, 5.9246, 269.143
3200.1672241687775, 1.9011, 5.9246, 269.0933
3202.167325258255, 1.9011, 5.9249, 269.0196
3204.167424440384, 1.9011, 5.9252, 268.7787
3206.167524576187, 1.9011, 5.9253, 268.8711
3208.167608499527, 1.9011, 5.9252, 268.9221
3210.1676914691925, 1.9011, 5.925, 269.1588
3212.1677737236023, 1.9011, 5.9247, 269.389
3214.167857646942, 1.9011, 5.9245, 269.3513
3216.167941093445, 1.9011, 5.9245, 269.3486
3218.1680285930634, 1.9011, 5.9243, 269.077
3220.168131828308, 1.9011, 5.9244, 268.8967
3222.168231010437, 1.9011, 5.9244, 269.171
3224.1683309078217, 1.9011, 5.9242, 269.3233
3226.1684300899506, 1.9011, 5.9243, 269.1192
3228.1685276031494, 1.9011, 5.9246, 269.13
3230.1686272621155, 1.9011, 5.9245, 269.3505
3232.1687285900116, 1.9011, 5.9243, 269.3658
3234.168829202652, 1.9011, 5.9244, 269.4557
3236.168932914734, 1.9011, 5.9246, 269.4799
3238.1690349578857, 1.9011, 5.9248, 269.2072
3240.1691343784332, 1.9011, 5.9249, 269.0326
3242.169234752655, 1.9011, 5.9249, 269.1726
3244.169333934784, 1.9011, 5.9248, 269.0596
3246.16943526268, 1.9011, 5.9247, 269.3145
3248.169533729553, 1.9011, 5.9247, 269.4258
3250.169634103775, 1.9011, 5.9246, 269.2289
3252.1697359085083, 1.9011, 5.9244, 269.1394
3254.1698203086853, 1.9011, 5.9246, 268.9871
3256.1699204444885, 1.9011, 5.9246, 268.8862
3258.170058965683, 1.9011, 5.9245, 268.9168
3260.170140981674, 1.9011, 5.9244, 269.305
3262.170241832733, 1.9011, 5.9243, 269.4909
3264.1703424453735, 1.9011, 5.9244, 269.3615
3266.1704421043396, 1.9011, 5.9244, 269.3924
3268.1705210208893, 1.9011, 5.9243, 269.297
3270.1706211566925, 1.9011, 5.9246, 268.725
3272.170721054077, 1.9011, 5.9248, 268.9341
3274.1708195209503, 1.9011, 5.9249, 269.0761
3276.1709241867065, 1.9011, 5.925, 269.1162
3278.1710302829742, 1.901, 5.9248, 269.0939
3280.1711633205414, 1.9011, 5.9252, 268.7924
3282.17125248909, 1.9011, 5.9251, 268.7154
3284.171340227127, 1.9011, 5.9252, 268.6513
3286.1714372634888, 1.9011, 5.9255, 268.6618
3288.171536922455, 1.9011, 5.9252, 268.7722
3290.171638727188, 1.9011, 5.9255, 268.7699
3292.171742916107, 1.9011, 5.9254, 268.955
3294.1718411445618, 1.9011, 5.9253, 268.9268
3296.1719286441803, 1.9011, 5.9252, 268.8837
3298.1720168590546, 1.9011, 5.9254, 268.5282
3300.1721045970917, 1.9011, 5.9255, 268.5621
3302.172199487686, 1.9011, 5.9255, 268.6673
3304.1722836494446, 1.9011, 5.9254, 268.8773
3306.1723878383636, 1.9011, 5.9254, 268.8955
3308.1724891662598, 1.901, 5.9254, 268.885
3310.1725952625275, 1.9011, 5.9254, 268.8325
3312.1729328632355, 1.9011, 5.9254, 268.976
3314.1730382442474, 1.9011, 5.9252, 269.0492
3316.1731424331665, 1.9011, 5.9251, 269.1973
3318.1732223033905, 1.9011, 5.9251, 269.1969
3320.173303604126, 1.9011, 5.9252, 269.1002
3322.1734023094177, 1.9011, 5.9253, 268.8821
3324.1735377311707, 1.9011, 5.9254, 268.7933
3326.173641681671, 1.9011, 5.9256, 268.8459
3328.1737456321716, 1.9011, 5.926, 268.7174
3330.1738460063934, 1.9011, 5.926, 268.7114
3332.173981666565, 1.901, 5.9257, 268.9591
3334.1741166114807, 1.9011, 5.9256, 269.1541
3336.1742584705353, 1.9011, 5.9254, 269.3399
3338.1743607521057, 1.9011, 5.9254, 269.0702
3340.174464225769, 1.9011, 5.9254, 268.883
3342.1745686531067, 1.9011, 5.9253, 268.872
3344.1746695041656, 1.9011, 5.9256, 268.801
3346.1747610569, 1.9011, 5.9256, 268.6402
3348.1748483181, 1.9011, 5.9259, 268.8351
3350.17494225502, 1.9011, 5.9256, 268.9496
3352.1750338077545, 1.9011, 5.9257, 268.9795
3354.1751272678375, 1.9011, 5.9255, 269.0253
3356.1752347946167, 1.9011, 5.9257, 268.878
3358.1753199100494, 1.9011, 5.9257, 268.9596
3360.1754236221313, 1.9011, 5.9256, 269.0405
3362.175527572632, 1.9011, 5.9259, 268.7301
3364.1756312847137, 1.9011, 5.9258, 268.7957
3366.17574262619, 1.9011, 5.9258, 268.9181
3368.1758317947388, 1.9011, 5.9257, 268.9497
3370.175943851471, 1.9011, 5.9255, 268.9316
3372.1760790348053, 1.9011, 5.9256, 268.7918
3374.176180124283, 1.9011, 5.9256, 268.5753
3376.1762795448303, 1.901, 5.9257, 268.3558
3378.176367998123, 1.9011, 5.926, 268.5299
3380.17644906044, 1.9011, 5.9262, 268.6178
3382.176545381546, 1.9011, 5.9261, 268.4371
3384.1766510009766, 1.9011, 5.9261, 268.7013
3386.176755666733, 1.9011, 5.9261, 268.8102
3388.176845550537, 1.9011, 5.9261, 268.8507
3390.1769411563873, 1.9011, 5.9258, 268.9494
3392.1770391464233, 1.9011, 5.9258, 268.8623
3394.1771433353424, 1.9011, 5.9257, 268.8685
3396.1772820949554, 1.9011, 5.9256, 268.6123
3398.177424430847, 1.9011, 5.9258, 268.5411
3400.1775290966034, 1.9011, 5.9259, 268.5399
3402.1776373386383, 1.9011, 5.926, 268.7588
3404.177741765976, 1.9011, 5.9258, 268.9355
3406.1778259277344, 1.901, 5.9257, 269.05
3408.1779289245605, 1.9011, 5.9256, 268.9212
3410.1780319213867, 1.9011, 5.9257, 268.8834
3412.178134202957, 1.9011, 5.9258, 268.6812
3414.1782279014587, 1.9011, 5.9259, 268.6235
3416.1783673763275, 1.9011, 5.9258, 268.4087
3418.1784830093384, 1.9011, 5.9259, 268.5317
3420.1786069869995, 1.9011, 5.9258, 268.7417
3422.178692340851, 1.9011, 5.9258, 268.8058
3424.1787779331207, 1.901, 5.9256, 268.986
3426.178868293762, 1.9011, 5.9255, 268.9895
3428.178957223892, 1.9011, 5.9255, 268.9648
3430.179041147232, 1.9011, 5.9256, 269.0099
3432.179126262665, 1.9011, 5.9253, 269.1453
3434.1792101860046, 1.9011, 5.9252, 269.1153
3436.1793081760406, 1.9011, 5.9253, 269.0013
3438.1793987751007, 1.9011, 5.9252, 268.9624
3440.179502248764, 1.9011, 5.9256, 268.8105
3442.179584980011, 1.9011, 5.9256, 268.9592
3444.179666996002, 1.9011, 5.9255, 268.8193
3446.1797680854797, 1.901, 5.9258, 268.675
3448.1798708438873, 1.9011, 5.9257, 268.7602
3450.1799697875977, 1.9011, 5.9259, 268.7375
3452.180073738098, 1.9011, 5.9261, 268.3529
3454.1802096366882, 1.9011, 5.9258, 268.1509
3456.18031167984, 1.9011, 5.9262, 267.9188
3458.1803958415985, 1.9011, 5.926, 268.2682
3460.1804904937744, 1.9011, 5.9263, 268.2817
3462.180588245392, 1.9011, 5.9261, 268.459
3464.1806814670563, 1.9011, 5.926, 268.5313
3466.1807832717896, 1.9011, 5.9262, 268.5764
3468.1808817386627, 1.9011, 5.9261, 268.6515
3470.180990934372, 1.9011, 5.9265, 268.4072
3472.181092977524, 1.9011, 5.9264, 268.3954
3474.181229352951, 1.9011, 5.9266, 268.2364
3476.18132686615, 1.901, 5.9267, 268.2655
3478.181424856186, 1.9011, 5.9267, 268.2629
3480.181564092636, 1.9011, 5.9268, 268.1683
3482.181653022766, 1.9011, 5.9268, 267.9362
3484.181751012802, 1.9011, 5.9268, 267.9593
3486.1818401813507, 1.9011, 5.927, 267.855
3488.1819298267365, 1.9011, 5.9268, 267.9479
3490.1820344924927, 1.9011, 5.9267, 268.0208
3492.1821253299713, 1.9011, 5.9268, 268.0873
3494.1822266578674, 1.901, 5.9268, 268.1899
3496.1823313236237, 1.9011, 5.9269, 268.2593
3498.1824300289154, 1.901, 5.9267, 268.2427
3500.182532310486, 1.901, 5.9264, 268.3719
3502.182635307312, 1.9011, 5.9265, 268.2178
3504.182739019394, 1.9011, 5.9265, 268.3107
3506.182839870453, 1.9011, 5.9266, 267.9286
3508.1829454898834, 1.9011, 5.9269, 268.1318
3510.1830389499664, 1.9011, 5.9269, 268.2763
3512.1831409931183, 1.9011, 5.9267, 268.2657
3514.1832745075226, 1.9011, 5.9267, 268.288
3516.1834077835083, 1.9011, 5.9268, 268.3192
3518.183506965637, 1.9011, 5.9268, 268.2517
3520.183607816696, 1.9011, 5.9269, 267.9467
3522.183703184128, 1.9011, 5.9272, 267.7206
3524.1838040351868, 1.9011, 5.9274, 267.8192
3526.1839032173157, 1.9011, 5.9275, 268.0821
3528.184010744095, 1.9011, 5.9271, 268.1673
3530.184095621109, 1.9011, 5.9271, 268.3721
3532.1842205524445, 1.901, 5.927, 268.164
3534.184309244156, 1.901, 5.9269, 268.3551
3536.1844069957733, 1.9011, 5.927, 268.2413
3538.184492826462, 1.9011, 5.9271, 268.2101
3540.1845779418945, 1.9011, 5.9271, 268.4157
3542.184676170349, 1.9011, 5.9271, 268.2986
3544.184811592102, 1.9011, 5.927, 268.4641
3546.184913635254, 1.9011, 5.9269, 268.5196
3548.185015439987, 1.901, 5.9266, 268.5581
3550.185114145279, 1.9011, 5.9267, 268.4182
3552.185221195221, 1.9011, 5.9267, 268.3979
3554.185322523117, 1.9011, 5.9269, 268.4725
3556.1854090690613, 1.901, 5.9268, 268.299
3558.18550658226, 1.9011, 5.9273, 268.0714
3560.1855912208557, 1.9011, 5.9276, 267.872
3562.1856796741486, 1.9011, 5.9276, 267.9114
3564.1857702732086, 1.901, 5.9275, 268.145
3566.185875415802, 1.901, 5.9274, 268.2502
3568.1859850883484, 1.9011, 5.9273, 268.3084
3570.186084985733, 1.9011, 5.9274, 268.3195
3572.186173915863, 1.9011, 5.9275, 268.0652
3574.186275243759, 1.901, 5.9272, 268.3395
3576.1863849163055, 1.901, 5.9271, 268.3501
3578.186488389969, 1.901, 5.927, 267.9963
3580.1865906715393, 1.9011, 5.9272, 268.0206
3582.1866912841797, 1.901, 5.9273, 268.1061
3584.186779975891, 1.901, 5.9274, 268.0901
3586.1868801116943, 1.9011, 5.9277, 267.9958
3588.187028169632, 1.901, 5.9277, 267.9311
3590.187130212784, 1.9011, 5.9276, 268.0309
3592.1872160434723, 1.9011, 5.9277, 268.0514
3594.1873195171356, 1.9011, 5.9276, 267.9194
3596.1874628067017, 1.9011, 5.9275, 268.257
3598.187557697296, 1.9011, 5.9274, 268.2578
3600.187655210495, 1.9011, 5.9273, 268.287
3602.1877377033234, 1.9011, 5.9274, 268.2801
3604.1878402233124, 1.9011, 5.9274, 268.2253
3606.1879408359528, 1.901, 5.9274, 268.2462
3608.188058614731, 1.9011, 5.9275, 267.9971
3610.188170671463, 1.9011, 5.9274, 268.1985
3612.188277244568, 1.9011, 5.9274, 267.9995
3614.1883676052094, 1.9011, 5.9274, 267.8855
3616.1884713172913, 1.9011, 5.9278, 267.3666
3618.1885826587677, 1.9011, 5.9279, 267.7335
3620.1886835098267, 1.9011, 5.9277, 267.6644
3622.18882727623, 1.9011, 5.9277, 267.7384
3624.188929796219, 1.9011, 5.9279, 267.7447
3626.189033269882, 1.9011, 5.9278, 267.8072
3628.1891169548035, 1.9011, 5.9278, 268.036
3630.1892149448395, 1.9011, 5.9275, 268.2279
3632.18931722641, 1.9011, 5.9275, 268.3264
3634.1894176006317, 1.9011, 5.9273, 268.1779
3636.189520597458, 1.9011, 5.9273, 268.1848
3638.189649581909, 1.901, 5.9273, 268.1287
3640.1897807121277, 1.9011, 5.9274, 267.9744
3642.1898646354675, 1.9011, 5.9274, 268.025
3644.1899511814117, 1.9011, 5.9272, 268.3045
3646.1900532245636, 1.9011, 5.9271, 268.4118
3648.1901569366455, 1.9011, 5.9269, 268.3788
3650.1902389526367, 1.9011, 5.9269, 268.4384
3652.190330028534, 1.9011, 5.9272, 268.1175
3654.1904668807983, 1.9011, 5.9274, 267.8631
3656.190569639206, 1.9011, 5.9274, 267.6937
3658.190706729889, 1.9011, 5.9278, 267.5266
3660.1908106803894, 1.901, 5.9279, 267.5356
3662.1909034252167, 1.9011, 5.928, 267.6567
3664.1957943439484, 0.0, 0.0, 270.6836
3666.195886850357, 0.0, 0.0, 294.8575
3668.1959912776947, 0.0, 0.0, 314.7854
3670.1960887908936, 0.0, 0.0, 332.4448
3672.1961793899536, 0.0, 0.0, 347.7436
3674.1962809562683, 0.0, 0.0, 362.0317
3676.1963782310486, 0.0, 0.0, 375.6309
3678.1964917182922, 0.0, 0.0, 387.785
3680.1965944767, 0.0, 0.0, 399.5817
3682.1966960430145, 0.0, 0.0, 410.399
3684.1967837810516, 0.0, 0.0, 420.6696
3686.196874856949, 0.0, 0.0, 431.2302
3688.196984052658, 0.0, 0.0, 441.4359
3690.197086572647, 0.0, 0.0, 451.4719
3692.1971950531006, 0.0, 0.0, 461.5742
3694.197296142578, 0.0, 0.0, 471.2396
3696.19740486145, 0.0, 0.0, 480.7229
3698.1975388526917, 0.0, 0.0, 489.8589
3700.1976301670074, 0.0, 0.0, 499.1561
3702.1977248191833, 0.0, 0.0, 508.8512
3704.1978192329407, 0.0, 0.0, 518.2463
3706.1979253292084, 0.0, 0.0, 527.5432
3708.1980085372925, 0.0, 0.0, 536.1889
3710.198093891144, 0.0, 0.0, 545.4469
3712.1981933116913, 0.0, 0.0, 554.8315
3714.1982934474945, 0.0, 0.0, 564.3024
3716.1983873844147, 0.0, 0.0, 573.6044
3718.1984770298004, 0.0, 0.0, 582.2641
3720.1985840797424, 0.0, 0.0, 591.6536
3722.198719263077, 0.0, 0.0, 600.6177
3724.1988065242767, 0.0, 0.0, 609.4743
3726.198894739151, 0.0, 0.0, 618.1346
3728.198999404907, 0.0, 0.0, 626.8667
3730.1991007328033, 0.0, 0.0, 635.8471
3732.1992037296295, 0.0, 0.0, 644.7908
3734.1992876529694, 0.0, 0.0, 654.1982
3736.1993901729584, 0.0, 0.0, 663.3506
3738.1994729042053, 0.0, 0.0, 672.5086
3740.1995565891266, 0.0, 0.0, 681.5407
3742.199660539627, 0.0, 0.0, 690.613
3744.1997961997986, 0.0, 0.0, 699.7108
3746.199895620346, 0.0, 0.0, 709.012
3748.2000002861023, 0.0, 0.0, 717.8993
3750.2000846862793, 0.0, 0.0, 726.8401
3752.200186729431, 0.0, 0.0, 736.1708
3754.2002880573273, 0.0, 0.0, 745.4833
3756.2003774642944, 0.0, 0.0, 753.7257
3758.2004816532135, 0.0, 0.0, 763.0543
3760.200595855713, 0.0, 0.0, 772.0952
3762.200700044632, 0.0, 0.0, 780.9484
3764.200783252716, 0.0, 0.0, 789.5939
3766.2008860111237, 0.0, 0.0, 798.2235
3768.2009751796722, 0.0, 0.0, 807.0631
3770.2010765075684, 0.0, 0.0, 816.0413
3772.201160669327, 0.0, 0.0, 824.1606
3774.2012679576874, 0.0, 0.0, 832.7261
3776.2013709545135, 0.0, 0.0, 841.8489
3778.201472759247, 0.0, 0.0, 850.1514
3780.2015788555145, 0.0, 0.0, 859.0244
3782.2016575336456, 0.0, 0.0, 867.6393
3784.201746225357, 0.0, 0.0, 876.0713
3786.2018535137177, 0.0, 0.0, 885.0242
3788.2019641399384, 0.0, 0.0, 893.4238
3790.2020552158356, 0.0, 0.0, 901.8776
3792.202162504196, 0.0, 0.0, 910.1825
3794.20228099823, 0.0, 0.0, 918.5687
3796.20241522789, 0.0, 0.0, 927.6396
3798.202522277832, 0.0, 0.0, 936.7192
3800.2026612758636, 0.0, 0.0, 945.7337
3802.20276427269, 0.0, 0.0, 953.9883
3804.202897310257, 0.0, 0.0, 961.9701
3806.203297138214, 0.0, 0.0, 970.5767
3808.2034022808075, 0.0, 0.0, 979.1449
3810.2035114765167, 0.0, 0.0, 987.4456
3812.2036077976227, 0.0, 0.0, 994.7926
3814.2037398815155, 0.0, 0.0, 1003.462
3816.2038764953613, 0.0, 0.0, 1011.652
3818.2039659023285, 0.0, 0.0, 1019.032
3820.2040672302246, 0.0, 0.0, 1026.741
3822.204184293747, 0.0, 0.0, 1034.819
3824.204294204712, 0.0, 0.0, 1043.358
3826.2044310569763, 0.0, 0.0, 1051.599
3828.20459151268, 0.0, 0.0, 1060.248
3830.2047321796417, 0.0, 0.0, 1068.742
3832.2048618793488, 0.0, 0.0, 1076.705
3834.204967021942, 0.0, 0.0, 1084.32
3836.2050738334656, 0.0, 0.0, 1092.883
3838.2051763534546, 0.0, 0.0, 1101.537
3840.205276966095, 0.0, 0.0, 1109.553
3842.2053554058075, 0.0, 0.0, 1117.046
3844.205458879471, 0.0, 0.0, 1124.692
3846.205595254898, 0.0, 0.0, 1132.585
3848.2056818008423, 0.0, 0.0, 1139.853
3850.2058238983154, 0.0, 0.0, 1147.883
3852.205923318863, 0.0, 0.0, 1155.356
3854.2060101032257, 0.0, 0.0, 1162.669
3856.206108570099, 0.0, 0.0, 1170.599
3858.2061915397644, 0.0, 0.0, 1178.237
3860.2063229084015, 0.0, 0.0, 1185.656
3862.20641207695, 0.0, 0.0, 1192.867
3864.2065448760986, 0.0, 0.0, 1200.471
3866.2066328525543, 0.0, 0.0, 1208.324
3868.2067198753357, 0.0, 0.0, 1216.105
3870.206854581833, 0.0, 0.0, 1223.136
3872.206960439682, 0.0, 0.0, 1230.573
3874.207060098648, 0.0, 0.0, 1237.696
3876.207200527191, 0.0, 0.0, 1244.442
3878.2073047161102, 0.0, 0.0, 1251.606
3880.20738863945, 0.0, 0.0, 1257.671
3882.207487821579, 0.0, 0.0, 1264.095
3884.207590818405, 0.0, 0.0, 1270.761
3886.207733154297, 0.0, 0.0, 1277.822
3888.20783662796, 0.0, 0.0, 1283.973
3890.207982301712, 0.0, 0.0, 1290.044
3892.2081270217896, 0.0, 0.0, 1296.572
3894.2082254886627, 0.0, 0.0, 1303.604
3896.2083394527435, 0.0, 0.0, 1310.793
3898.2084414958954, 0.0, 0.0, 1318.548
3900.2085247039795, 0.0, 0.0, 1325.224
3902.2086153030396, 0.0, 0.0, 1331.952
3904.208717107773, 0.0, 0.0, 1338.422
3906.208808660507, 0.0, 0.0, 1344.435
3908.2089037895203, 0.0, 0.0, 1350.614
3910.209040403366, 0.0, 0.0, 1357.745
3912.209129333496, 0.0, 0.0, 1363.797
3914.2092294692993, 0.0, 0.0, 1370.546
3916.2093303203583, 0.0, 0.0, 1376.283
3918.2094304561615, 0.0, 0.0, 1382.596
3920.209510087967, 0.0, 0.0, 1388.955
3922.2096111774445, 0.0, 0.0, 1395.397
3924.2097103595734, 0.0, 0.0, 1400.941
3926.209812641144, 0.0, 0.0, 1406.204
3928.209912776947, 0.0, 0.0, 1412.456
3930.2100105285645, 0.0, 0.0, 1418.811
3932.2100977897644, 0.0, 0.0, 1424.733
3934.2101974487305, 0.0, 0.0, 1431.007
3936.2103078365326, 0.0, 0.0, 1437.048
3938.2104091644287, 0.0, 0.0, 1443.417
3940.210512638092, 0.0, 0.0, 1448.638
3942.210611343384, 0.0, 0.0, 1453.401
3944.2107141017914, 0.0, 0.0, 1458.198
3946.2108166217804, 0.0, 0.0, 1463.498
3948.2109010219574, 0.0, 0.0, 1469.363
3950.2109830379486, 0.0, 0.0, 1474.81
3952.2110719680786, 0.0, 0.0, 1480.655
3954.2111525535583, 0.0, 0.0, 1486.232
3956.2112538814545, 0.0, 0.0, 1491.459
3958.21138548851, 0.0, 0.0, 1495.889
3960.211488008499, 0.0, 0.0, 1500.684
3962.2115750312805, 0.0, 0.0, 1505.608
3964.2117068767548, 0.0, 0.0, 1510.735
3966.211802482605, 0.0, 0.0, 1515.979
3968.2119057178497, 0.0, 0.0, 1520.929
3970.2120072841644, 0.0, 0.0, 1525.836
3972.2121109962463, 0.0, 0.0, 1530.711
3974.212193965912, 0.0, 0.0, 1535.787
3976.212327480316, 0.0, 0.0, 1540.47
3978.212461709976, 0.0, 0.0, 1545.774
3980.2125837802887, 0.0, 0.0, 1550.576
3982.2126743793488, 0.0, 0.0, 1555.878
3984.212779521942, 0.0, 0.0, 1560.726
3986.212875843048, 0.0, 0.0, 1565.85
3988.213007211685, 0.0, 0.0, 1570.835
3990.213103055954, 0.0, 0.0, 1575.699
3992.2132363319397, 0.0, 0.0, 1579.48
3994.21333861351, 0.0, 0.0, 1583.498
3996.2134721279144, 0.0, 0.0, 1588.354
3998.2135739326477, 0.0, 0.0, 1592.949
4000.213707447052, 0.0, 0.0, 1597.494
4002.2138106822968, 0.0, 0.0, 1601.435
4004.2139575481415, 0.0, 0.0, 1606.642
4006.2140922546387, 0.0, 0.0, 1610.654
4008.2142293453217, 0.0, 0.0, 1614.739
4010.2143149375916, 0.0, 0.0, 1619.223
4012.2144050598145, 0.0, 0.0, 1623.526
4014.214505672455, 0.0, 0.0, 1627.748
4016.214611053467, 0.0, 0.0, 1632.108
4018.214746952057, 0.0, 0.0, 1636.262
4020.2148435115814, 0.0, 0.0, 1641.191
4022.2149546146393, 0.0, 0.0, 1645.171
4024.2150580883026, 0.0, 0.0, 1648.542
4026.2151448726654, 0.0, 0.0, 1652.824
4028.2152285575867, 0.0, 0.0, 1657.383
4030.2153129577637, 0.0, 0.0, 1661.877
4032.2154557704926, 0.0, 0.0, 1666.203
4034.2155475616455, 0.0, 0.0, 1670.53
4036.2156517505646, 0.0, 0.0, 1674.895
4038.2157492637634, 0.0, 0.0, 1679.03
4040.2158300876617, 0.0, 0.0, 1682.624
4042.2159402370453, 0.0, 0.0, 1686.343
4044.21604180336, 0.0, 0.0, 1690.1
4046.216143846512, 0.0, 0.0, 1693.933
4048.2162470817566, 0.0, 0.0, 1697.336
4050.216329574585, 0.0, 0.0, 1700.678
4052.2164118289948, 0.0, 0.0, 1704.338
4054.2165126800537, 0.0, 0.0, 1707.971
4056.2165987491608, 0.0, 0.0, 1711.868
4058.2167024612427, 0.0, 0.0, 1716.403
4060.216803073883, 0.0, 0.0, 1719.853
4062.216903448105, 0.0, 0.0, 1723.752
4064.217007637024, 0.0, 0.0, 1727.56
4066.21710896492, 0.0, 0.0, 1730.451
4068.2172091007233, 0.0, 0.0, 1733.192
4070.217287302017, 0.0, 0.0, 1736.36
4072.2173874378204, 0.0, 0.0, 1740.298
4074.217489719391, 0.0, 0.0, 1744.129
4076.217577457428, 0.0, 0.0, 1747.672
4078.2176790237427, 0.0, 0.0, 1750.621
4080.217782020569, 0.0, 0.0, 1754.323
4082.217883825302, 0.0, 0.0, 1757.623
4084.2179839611053, 0.0, 0.0, 1761.111
4086.21808719635, 0.0, 0.0, 1764.119
4088.218188047409, 0.0, 0.0, 1768.501
4090.2182846069336, 0.0, 0.0, 1772.326
4092.2183866500854, 0.0, 0.0, 1775.47
4094.2184698581696, 0.0, 0.0, 1778.359
4096.218570947647, 0.0, 0.0, 1782.293
4098.218670368195, 0.0, 0.0, 1785.688
4100.218765497208, 0.0, 0.0, 1788.277
4102.218865156174, 0.0, 0.0, 1791.923
4104.21896314621, 0.0, 0.0, 1795.483
4106.219066619873, 0.0, 0.0, 1799.014
4108.219167470932, 0.0, 0.0, 1802.468
4110.219267845154, 0.0, 0.0, 1806.013
4112.219359636307, 0.0, 0.0, 1809.291
4114.2194538116455, 0.0, 0.0, 1812.327
4116.219554424286, 0.0, 0.0, 1815.778
4118.219653844833, 0.0, 0.0, 1818.379
4120.219757080078, 0.0, 0.0, 1820.311
4122.219858407974, 0.0, 0.0, 1823.445
4124.219960689545, 0.0, 0.0, 1826.348
4126.220060825348, 0.0, 0.0, 1829.282
4128.220164775848, 0.0, 0.0, 1831.958
4130.220265865326, 0.0, 0.0, 1834.759
4132.220368862152, 0.0, 0.0, 1838.162
4134.220468997955, 0.0, 0.0, 1841.045
4136.220587015152, 0.0, 0.0, 1844.013
4138.220694541931, 0.0, 0.0, 1846.916
4140.220795631409, 0.0, 0.0, 1849.054
4142.22093296051, 0.0, 0.0, 1851.491
4144.221036195755, 0.0, 0.0, 1854.205
4146.221142292023, 0.0, 0.0, 1856.623
4148.221242189407, 0.0, 0.0, 1859.337
4150.221336603165, 0.0, 0.0, 1862.162
4152.221443653107, 0.0, 0.0, 1865.685
4154.221527338028, 0.0, 0.0, 1869.011
4156.221609830856, 0.0, 0.0, 1871.742
4158.221697568893, 0.0, 0.0, 1874.261
4160.2217881679535, 0.0, 0.0, 1877.068
4162.2219026088715, 0.0, 0.0, 1879.555
4164.221988916397, 0.0, 0.0, 1881.595
4166.22209072113, 0.0, 0.0, 1884.026
4168.222191333771, 0.0, 0.0, 1886.147
4170.222324371338, 0.0, 0.0, 1888.704
4172.222413301468, 0.0, 0.0, 1890.823
4174.222500324249, 0.0, 0.0, 1893.787
4176.2225885391235, 0.0, 0.0, 1897.149
4178.222691774368, 0.0, 0.0, 1900.124
4180.222791194916, 0.0, 0.0, 1902.772
4182.22287940979, 0.0, 0.0, 1904.87
4184.2229726314545, 0.0, 0.0, 1906.84
4186.223083496094, 0.0, 0.0, 1908.981
4188.223166942596, 0.0, 0.0, 1912.159
4190.223264455795, 0.0, 0.0, 1914.341
4192.22335767746, 0.0, 0.0, 1916.685
4194.2234942913055, 0.0, 0.0, 1919.218
4196.223596096039, 0.0, 0.0, 1921.394
4198.223690509796, 0.0, 0.0, 1923.646
4200.2237894535065, 0.0, 0.0, 1926.263
4202.223886728287, 0.0, 0.0, 1928.918
4204.223992109299, 0.0, 0.0, 1931.185
4206.224104642868, 0.0, 0.0, 1933.24
4208.224209785461, 0.0, 0.0, 1935.036
4210.224318742752, 0.0, 0.0, 1937.812
4212.224405050278, 0.0, 0.0, 1940.73
4214.224498987198, 0.0, 0.0, 1942.543
4216.22460269928, 0.0, 0.0, 1944.08
4218.224709749222, 0.0, 0.0, 1946.357
4220.224809408188, 0.0, 0.0, 1948.468
4222.224914073944, 0.0, 0.0, 1951.14
4224.225014209747, 0.0, 0.0, 1953.751
4226.225114822388, 0.0, 0.0, 1955.736
4228.225212335587, 0.0, 0.0, 1957.529
4230.225313663483, 0.0, 0.0, 1959.856
4232.225447893143, 0.0, 0.0, 1962.784
4234.22557926178, 0.0, 0.0, 1964.523
4236.225712776184, 0.0, 0.0, 1966.06
4238.225815296173, 0.0, 0.0, 1968.062
4240.225960493088, 0.0, 0.0, 1970.228
4242.22606253624, 0.0, 0.0, 1972.193
4244.226163625717, 0.0, 0.0, 1974.173
4246.2262625694275, 0.0, 0.0, 1975.543
4248.226348161697, 0.0, 0.0, 1977.901
4250.226448059082, 0.0, 0.0, 1979.917
4252.226545095444, 0.0, 0.0, 1981.773
4254.226646900177, 0.0, 0.0, 1983.798
4256.226752996445, 0.0, 0.0, 1986.109
4258.226853132248, 0.0, 0.0, 1988.236
4260.226959466934, 0.0, 0.0, 1990.206
4262.2270402908325, 0.0, 0.0, 1991.957
4264.227127790451, 0.0, 0.0, 1994.45
4266.227215528488, 0.0, 0.0, 1996.213
4268.227300167084, 0.0, 0.0, 1997.797
4270.227383613586, 0.0, 0.0, 2000.154
4272.2274758815765, 0.0, 0.0, 2003.71
4274.227560997009, 0.0, 0.0, 2005.359
4276.227639913559, 0.0, 0.0, 2006.413
4278.227744817734, 0.0, 0.0, 2008.457
4280.22788643837, 0.0, 0.0, 2010.191
4282.2279920578, 0.0, 0.0, 2011.952
4284.22807431221, 0.0, 0.0, 2012.983
4286.2281584739685, 0.0, 0.0, 2014.521
4288.228252410889, 0.0, 0.0, 2017.02
4290.228383779526, 0.0, 0.0, 2018.715
4292.228470563889, 0.0, 0.0, 2019.958
4294.228585481644, 0.0, 0.0, 2021.959
4296.228692531586, 0.0, 0.0, 2024.347
4298.228777885437, 0.0, 0.0, 2026.05
4300.228857040405, 0.0, 0.0, 2027.754
4302.228943109512, 0.0, 0.0, 2030.358
4304.229023933411, 0.0, 0.0, 2032.113
4306.229113340378, 0.0, 0.0, 2034.048
4308.229213237762, 0.0, 0.0, 2035.426
4310.229310274124, 0.0, 0.0, 2037.097
4312.229417800903, 0.0, 0.0, 2038.942
4314.229509830475, 0.0, 0.0, 2041.619
4316.22959280014, 0.0, 0.0, 2043.492
4318.229696273804, 0.0, 0.0, 2044.758
4320.229796886444, 0.0, 0.0, 2046.006
4322.229880094528, 0.0, 0.0, 2047.28
4324.229973554611, 0.0, 0.0, 2048.789
4326.23007440567, 0.0, 0.0, 2050.691
4328.230177640915, 0.0, 0.0, 2052.488
4330.230269432068, 0.0, 0.0, 2054.258
4332.230363607407, 0.0, 0.0, 2056.139
4334.230466842651, 0.0, 0.0, 2058.434
4336.230546236038, 0.0, 0.0, 2060.148
4338.2306480407715, 0.0, 0.0, 2061.466
4340.230748653412, 0.0, 0.0, 2062.932
4342.230852842331, 0.0, 0.0, 2064.069
4344.230935573578, 0.0, 0.0, 2064.911
4346.231042146683, 0.0, 0.0, 2066.094
4348.231134653091, 0.0, 0.0, 2067.776
4350.231215715408, 0.0, 0.0, 2069.428
4352.231318235397, 0.0, 0.0, 2070.969
4354.231411218643, 0.0, 0.0, 2072.968
4356.231494903564, 0.0, 0.0, 2075.001
4358.2316155433655, 0.0, 0.0, 2076.546
4360.231716871262, 0.0, 0.0, 2078.156
4362.231817007065, 0.0, 0.0, 2079.685
4364.231918096542, 0.0, 0.0, 2081.835
4366.232018709183, 0.0, 0.0, 2083.288
4368.232117176056, 0.0, 0.0, 2084.426
4370.232205629349, 0.0, 0.0, 2085.365
4372.232305765152, 0.0, 0.0, 2086.53
4374.232402801514, 0.0, 0.0, 2088.093
4376.23250412941, 0.0, 0.0, 2089.395
4378.23260641098, 0.0, 0.0, 2090.648
4380.23269534111, 0.0, 0.0, 2092.375
4382.232786655426, 0.0, 0.0, 2093.79
4384.232877492905, 0.0, 0.0, 2094.728
4386.232983112335, 0.0, 0.0, 2095.873
4388.23307466507, 0.0, 0.0, 2099.092
4390.233186483383, 0.0, 0.0, 2100.345
4392.233288764954, 0.0, 0.0, 2101.979
4394.233392715454, 0.0, 0.0, 2103.295
4396.233478546143, 0.0, 0.0, 2104.857
4398.233580350876, 0.0, 0.0, 2106.091
4400.2336802482605, 0.0, 0.0, 2107.545
4402.2337691783905, 0.0, 0.0, 2109.131
4404.233848333359, 0.0, 0.0, 2109.976
4406.233929395676, 0.0, 0.0, 2110.711
4408.23401427269, 0.0, 0.0, 2111.559
4410.23409819603, 0.0, 0.0, 2113.099
4412.234186172485, 0.0, 0.0, 2115.287
4414.234287261963, 0.0, 0.0, 2116.672
4416.234390497208, 0.0, 0.0, 2118.279
4418.234527587891, 0.0, 0.0, 2119.884
4420.234615325928, 0.0, 0.0, 2121.195
4422.234700679779, 0.0, 0.0, 2123.183
4424.234787225723, 0.0, 0.0, 2124.77
4426.234887599945, 0.0, 0.0, 2126.109
4428.234979629517, 0.0, 0.0, 2127.052
4430.23508644104, 0.0, 0.0, 2127.997
4432.235186815262, 0.0, 0.0, 2129.366
4434.235287427902, 0.0, 0.0, 2131.195
4436.235387563705, 0.0, 0.0, 2132.48
4438.235489606857, 0.0, 0.0, 2133.789
4440.235588788986, 0.0, 0.0, 2134.76
4442.235689401627, 0.0, 0.0, 2135.754
4444.2357885837555, 0.0, 0.0, 2136.691
4446.235888957977, 0.0, 0.0, 2137.779
4448.235980987549, 0.0, 0.0, 2139.184
4450.236080408096, 0.0, 0.0, 2140.153
4452.236186265945, 0.0, 0.0, 2141.36
4454.236274719238, 0.0, 0.0, 2142.463
4456.236376285553, 0.0, 0.0, 2143.756
4458.236473560333, 0.0, 0.0, 2144.59
4460.236606836319, 0.0, 0.0, 2145.616
4462.236694812775, 0.0, 0.0, 2146.956
4464.236797094345, 0.0, 0.0, 2148.623
4466.236897945404, 0.0, 0.0, 2149.924
4468.236998796463, 0.0, 0.0, 2151.051
4470.237099409103, 0.0, 0.0, 2152.094
4472.237182855606, 0.0, 0.0, 2153.124
4474.237281560898, 0.0, 0.0, 2154.747
4476.237367630005, 0.0, 0.0, 2156.657
4478.237450122833, 0.0, 0.0, 2157.763
4480.237534761429, 0.0, 0.0, 2158.717
4482.2376363277435, 0.0, 0.0, 2159.39
4484.237741231918, 0.0, 0.0, 2160.123
4486.237828493118, 0.0, 0.0, 2161.103
4488.237916469574, 0.0, 0.0, 2162.676
4490.238003492355, 0.0, 0.0, 2164.292
4492.238085269928, 0.0, 0.0, 2165.505
4494.238165378571, 0.0, 0.0, 2166.621
4496.238268136978, 0.0, 0.0, 2167.95
4498.238403558731, 0.0, 0.0, 2169.234
4500.238532066345, 0.0, 0.0, 2171.14
4502.23866891861, 0.0, 0.0, 2172.979
4504.238770484924, 0.0, 0.0, 2174.295
4506.238866567612, 0.0, 0.0, 2175.501
4508.238970756531, 0.0, 0.0, 2176.695
4510.239107131958, 0.0, 0.0, 2177.859
4512.239186763763, 0.0, 0.0, 2178.88
4514.239287614822, 0.0, 0.0, 2180.325
4516.239375591278, 0.0, 0.0, 2181.325
4518.239508867264, 0.0, 0.0, 2182.294
4520.239590406418, 0.0, 0.0, 2183.942
4522.23969912529, 0.0, 0.0, 2184.958
4524.239800691605, 0.0, 0.0, 2185.981
4526.239902257919, 0.0, 0.0, 2186.712
4528.240004062653, 0.0, 0.0, 2187.971
4530.240084409714, 0.0, 0.0, 2189.378
4532.240188121796, 0.0, 0.0, 2190.872
4534.240288972855, 0.0, 0.0, 2191.9
4536.24037194252, 0.0, 0.0, 2192.504
4538.24045753479, 0.0, 0.0, 2193.122
4540.2405524253845, 0.0, 0.0, 2194.13
4542.240656852722, 0.0, 0.0, 2196.04
4544.240761041641, 0.0, 0.0, 2196.973
4546.240873575211, 0.0, 0.0, 2197.642
4548.24095082283, 0.0, 0.0, 2199.163
4550.241035938263, 0.0, 0.0, 2200.53
4552.241169929504, 0.0, 0.0, 2201.555
4554.241271734238, 0.0, 0.0, 2202.232
4556.241359949112, 0.0, 0.0, 2203.179
4558.241463422775, 0.0, 0.0, 2204.161
4560.241572380066, 0.0, 0.0, 2205.702
4562.24165892601, 0.0, 0.0, 2206.62
4564.241762876511, 0.0, 0.0, 2207.68
4566.241846084595, 0.0, 0.0, 2208.834
4568.241933345795, 0.0, 0.0, 2209.856
4570.242022514343, 0.0, 0.0, 2211.352
4572.242122411728, 0.0, 0.0, 2211.973
4574.242210626602, 0.0, 0.0, 2212.712
4576.242292881012, 0.0, 0.0, 2213.649
4578.242394924164, 0.0, 0.0, 2214.842
4580.242481708527, 0.0, 0.0, 2215.934
4582.242579936981, 0.0, 0.0, 2216.787
4584.242709159851, 0.0, 0.0, 2218.051
4586.242810726166, 0.0, 0.0, 2219.138
4588.242908477783, 0.0, 0.0, 2219.973
4590.243003845215, 0.0, 0.0, 2221.311
4592.243091583252, 0.0, 0.0, 2222.581
4594.243221759796, 0.0, 0.0, 2224.059
4596.243324279785, 0.0, 0.0, 2224.982
4598.24342751503, 0.0, 0.0, 2225.954
4600.243537902832, 0.0, 0.0, 2227.135
4602.243642091751, 0.0, 0.0, 2227.488
4604.2437443733215, 0.0, 0.0, 2228.013
4606.243834257126, 0.0, 0.0, 2228.52
4608.243937015533, 0.0, 0.0, 2229.898
4610.244014263153, 0.0, 0.0, 2231.359
4612.244149684906, 0.0, 0.0, 2232.789
4614.244249582291, 0.0, 0.0, 2234.175
4616.244349956512, 0.0, 0.0, 2234.955
4618.244433164597, 0.0, 0.0, 2235.878
4620.244531869888, 0.0, 0.0, 2236.934
4622.24461555481, 0.0, 0.0, 2237.84
4624.244756698608, 0.0, 0.0, 2238.801
4626.244888782501, 0.0, 0.0, 2239.978
4628.244975805283, 0.0, 0.0, 2241.49
4630.245062589645, 0.0, 0.0, 2242.648
4632.245145320892, 0.0, 0.0, 2243.241
4634.245230913162, 0.0, 0.0, 2244.077
4636.245318174362, 0.0, 0.0, 2244.632
4638.245398283005, 0.0, 0.0, 2244.945
4640.245490789413, 0.0, 0.0, 2246.298
4642.245586156845, 0.0, 0.0, 2247.429
4644.24569272995, 0.0, 0.0, 2247.916
4646.245777606964, 0.0, 0.0, 2248.768
4648.245879411697, 0.0, 0.0, 2249.939
4650.246014118195, 0.0, 0.0, 2251.025
4652.246097326279, 0.0, 0.0, 2252.005
4654.246197223663, 0.0, 0.0, 2253.031
4656.246274232864, 0.0, 0.0, 2253.669
4658.246360063553, 0.0, 0.0, 2254.221
4660.246467590332, 0.0, 0.0, 2254.887
4662.246567964554, 0.0, 0.0, 2255.492
4664.246666193008, 0.0, 0.0, 2256.31
4666.246752738953, 0.0, 0.0, 2257.57
4668.246843099594, 0.0, 0.0, 2258.743
4670.246943950653, 0.0, 0.0, 2260.21
4672.247029542923, 0.0, 0.0, 2261.193
4674.247111320496, 0.0, 0.0, 2261.565
4676.247212409973, 0.0, 0.0, 2262.322
4678.247313261032, 0.0, 0.0, 2263.208
4680.247397661209, 0.0, 0.0, 2263.89
4682.247479438782, 0.0, 0.0, 2264.361
4684.247560739517, 0.0, 0.0, 2264.985
4686.247664451599, 0.0, 0.0, 2265.663
4688.247766017914, 0.0, 0.0, 2266.9
4690.2478723526, 0.0, 0.0, 2268.063
4692.24792432785, 0.0, 0.0, 2269.29
4694.248010635376, 0.0, 0.0, 2270.326
4696.248095750809, 0.0, 0.0, 2271.486
4698.248183250427, 0.0, 0.0, 2272.448
4700.24826836586, 0.0, 0.0, 2273.251
4702.24835562706, 0.0, 0.0, 2273.664
4704.248438119888, 0.0, 0.0, 2274.161
4706.248539209366, 0.0, 0.0, 2274.642
4708.248640298843, 0.0, 0.0, 2275.56
4710.248724222183, 0.0, 0.0, 2276.309
4712.248825550079, 0.0, 0.0, 2277.616
4714.248925447464, 0.0, 0.0, 2278.305
4716.249026060104, 0.0, 0.0, 2279.139
4718.249126911163, 0.0, 0.0, 2279.497
4720.249267101288, 0.0, 0.0, 2280.295
4722.249368429184, 0.0, 0.0, 2281.655
4724.24946475029, 0.0, 0.0, 2282.63
4726.249552965164, 0.0, 0.0, 2283.622
4728.249648571014, 0.0, 0.0, 2284.172
4730.24973988533, 0.0, 0.0, 2284.727
4732.2498416900635, 0.0, 0.0, 2285.413
4734.249942541122, 0.0, 0.0, 2286.124
4736.250044345856, 0.0, 0.0, 2286.638
4738.250150918961, 0.0, 0.0, 2287.729
4740.250236034393, 0.0, 0.0, 2289.136
4742.250319719315, 0.0, 0.0, 2289.919
4744.250422477722, 0.0, 0.0, 2291.551
4746.250503778458, 0.0, 0.0, 2293.01
4748.2506058216095, 0.0, 0.0, 2294.139
4750.250694990158, 0.0, 0.0, 2295.166
4752.250780582428, 0.0, 0.0, 2296.232
4754.25088095665, 0.0, 0.0, 2296.587
4756.250983715057, 0.0, 0.0, 2297.032
4758.251080036163, 0.0, 0.0, 2298.29
4760.251168727875, 0.0, 0.0, 2299.512
4762.251252174377, 0.0, 0.0, 2300.122
4764.251349449158, 0.0, 0.0, 2300.665
4766.251434087753, 0.0, 0.0, 2301.162
4768.251538991928, 0.0, 0.0, 2301.596
4770.251634120941, 0.0, 0.0, 2303.008
4772.251722812653, 0.0, 0.0, 2304.485
4774.251818180084, 0.0, 0.0, 2305.521
4776.251913785934, 0.0, 0.0, 2306.001
4778.252049922943, 0.0, 0.0, 2306.302
4780.25218629837, 0.0, 0.0, 2306.766
4782.25226855278, 0.0, 0.0, 2307.417
4784.252381801605, 0.0, 0.0, 2308.208
4786.2524790763855, 0.0, 0.0, 2309.091
4788.25257730484, 0.0, 0.0, 2309.541
4790.252678394318, 0.0, 0.0, 2310.663
4792.252778768539, 0.0, 0.0, 2311.752
4794.252879619598, 0.0, 0.0, 2312.19
4796.252982139587, 0.0, 0.0, 2312.538
4798.253092765808, 0.0, 0.0, 2313.033
4800.253144025803, 0.0, 0.0, 2313.959
4802.253223657608, 0.0, 0.0, 2314.614
4804.25332570076, 0.0, 0.0, 2315.041
4806.253425836563, 0.0, 0.0, 2315.781
4808.253526210785, 0.0, 0.0, 2316.661
4810.253620624542, 0.0, 0.0, 2318.19
4812.2537133693695, 0.0, 0.0, 2319.455
4814.253813266754, 0.0, 0.0, 2320.445
4816.2539138793945, 0.0, 0.0, 2320.777
4818.254003763199, 0.0, 0.0, 2321.232
4820.254092931747, 0.0, 0.0, 2321.888
4822.254187583923, 0.0, 0.0, 2322.421
4824.254322528839, 0.0, 0.0, 2322.887
4826.254406929016, 0.0, 0.0, 2323.41
4828.254540681839, 0.0, 0.0, 2324.317
4830.254627943039, 0.0, 0.0, 2325.411
4832.254736661911, 0.0, 0.0, 2326.721
4834.254875421524, 0.0, 0.0, 2327.821
4836.254956007004, 0.0, 0.0, 2328.753
4838.255056619644, 0.0, 0.0, 2329.417
4840.255157470703, 0.0, 0.0, 2329.682
4842.255259752274, 0.0, 0.0, 2330.321
4844.255351066589, 0.0, 0.0, 2331.478
4846.255452156067, 0.0, 0.0, 2332.611
4848.255554437637, 0.0, 0.0, 2333.261
4850.25568985939, 0.0, 0.0, 2333.871
4852.255777597427, 0.0, 0.0, 2334.756
4854.255878686905, 0.0, 0.0, 2335.378
4856.255962133408, 0.0, 0.0, 2335.872
4858.256056308746, 0.0, 0.0, 2336.246
4860.256161689758, 0.0, 0.0, 2337.165
4862.256242990494, 0.0, 0.0, 2337.539
4864.256333589554, 0.0, 0.0, 2338.291
4866.256443023682, 0.0, 0.0, 2339.332
4868.256543397903, 0.0, 0.0, 2340.206
4870.256657361984, 0.0, 0.0, 2340.932
4872.256751298904, 0.0, 0.0, 2341.462
4874.256844997406, 0.0, 0.0, 2342.267
4876.256987333298, 0.0, 0.0, 2343.058
4878.257077217102, 0.0, 0.0, 2343.54
4880.257176876068, 0.0, 0.0, 2344.519
4882.257276058197, 0.0, 0.0, 2345.318
4884.25741147995, 0.0, 0.0, 2346.344
4886.257516145706, 0.0, 0.0, 2347.174
4888.2576212883, 0.0, 0.0, 2348.023
4890.257704973221, 0.0, 0.0, 2349.053
4892.257828235626, 0.0, 0.0, 2349.786
4894.2579135894775, 0.0, 0.0, 2350.09
4896.258058786392, 0.0, 0.0, 2350.319
4898.258146524429, 0.0, 0.0, 2350.777
4900.258232831955, 0.0, 0.0, 2351.744
4902.258316755295, 0.0, 0.0, 2352.62
4904.258420467377, 0.0, 0.0, 2353.102
4906.258522987366, 0.0, 0.0, 2353.497
4908.258601903915, 0.0, 0.0, 2354.158
4910.258702993393, 0.0, 0.0, 2355.005
4912.258789300919, 0.0, 0.0, 2355.919
4914.258876085281, 0.0, 0.0, 2356.404
4916.258969545364, 0.0, 0.0, 2356.846
4918.259078025818, 0.0, 0.0, 2357.551
4920.259166717529, 0.0, 0.0, 2358.159
4922.259255886078, 0.0, 0.0, 2358.886
4924.259353399277, 0.0, 0.0, 2359.472
4926.259439468384, 0.0, 0.0, 2360.134
4928.259520292282, 0.0, 0.0, 2360.632
4930.259646177292, 0.0, 0.0, 2361.052
4932.2597370147705, 0.0, 0.0, 2361.781
4934.259872674942, 0.0, 0.0, 2362.543
4936.25997543335, 0.0, 0.0, 2363.435
4938.260076999664, 0.0, 0.0, 2364.105
4940.26016163826, 0.0, 0.0, 2364.986
4942.260246753693, 0.0, 0.0, 2366.122
4944.2603368759155, 0.0, 0.0, 2367.017
4946.260426044464, 0.0, 0.0, 2367.481
4948.260559082031, 0.0, 0.0, 2368.231
4950.260650873184, 0.0, 0.0, 2368.963
4952.260735034943, 0.0, 0.0, 2369.466
4954.26081943512, 0.0, 0.0, 2369.741
4956.260905981064, 0.0, 0.0, 2370.597
4958.260995388031, 0.0, 0.0, 2371.415
4960.26110625267, 0.0, 0.0, 2371.754
4962.261194467545, 0.0, 0.0, 2372.206
4964.261278867722, 0.0, 0.0, 2372.518
4966.261364936829, 0.0, 0.0, 2372.97
4968.261452674866, 0.0, 0.0, 2373.597
4970.261549949646, 0.0, 0.0, 2374.143
4972.261638879776, 0.0, 0.0, 2375.246
4974.261743068695, 0.0, 0.0, 2376.282
4976.261843442917, 0.0, 0.0, 2376.753
4978.261945009232, 0.0, 0.0, 2376.889
4980.262027263641, 0.0, 0.0, 2377.67
4982.2621114254, 0.0, 0.0, 2378.521
4984.262188673019, 0.0, 0.0, 2379.457
4986.262276649475, 0.0, 0.0, 2379.698
4988.262378454208, 0.0, 0.0, 2380.215
4990.26247882843, 0.0, 0.0, 2380.965
4992.262580871582, 0.0, 0.0, 2381.907
4994.262681245804, 0.0, 0.0, 2382.617
4996.262782335281, 0.0, 0.0, 2383.184
4998.262863874435, 0.0, 0.0, 2384.011
5000.262946844101, 0.0, 0.0, 2384.455
5002.2630443573, 0.0, 0.0, 2384.751
5004.26313495636, 0.0, 0.0, 2385.263
5006.263222694397, 0.0, 0.0, 2386.235
5008.263320684433, 0.0, 0.0, 2387.383
5010.2634127140045, 0.0, 0.0, 2387.829
5012.263547420502, 0.0, 0.0, 2388.515
5014.263649463654, 0.0, 0.0, 2389.263
5016.263733625412, 0.0, 0.0, 2389.855
5018.263837099075, 0.0, 0.0, 2390.705
5020.263927698135, 0.0, 0.0, 2391.435
5022.264016151428, 0.0, 0.0, 2392.06
5024.2641525268555, 0.0, 0.0, 2392.581
5026.264248132706, 0.0, 0.0, 2392.761
5028.264349937439, 0.0, 0.0, 2393.209
5030.264450073242, 0.0, 0.0, 2393.863
5032.264549732208, 0.0, 0.0, 2394.378
5034.264617204666, 0.0, 0.0, 2394.823
5036.264712333679, 0.0, 0.0, 2395.308
5038.264813899994, 0.0, 0.0, 2395.761
5040.264914751053, 0.0, 0.0, 2396.52
5042.26501750946, 0.0, 0.0, 2397.221
5044.265119552612, 0.0, 0.0, 2397.949
5046.265205621719, 0.0, 0.0, 2399.019
5048.265305042267, 0.0, 0.0, 2399.684
5050.265398025513, 0.0, 0.0, 2400.103
5052.265483617783, 0.0, 0.0, 2401.035
5054.265585422516, 0.0, 0.0, 2401.986
5056.265689134598, 0.0, 0.0, 2402.902
5058.2657952308655, 0.0, 0.0, 2403.67
5060.265878200531, 0.0, 0.0, 2404.031
5062.265958309174, 0.0, 0.0, 2404.895
5064.266052246094, 0.0, 0.0, 2405.235
5066.266186237335, 0.0, 0.0, 2405.281
5068.266287088394, 0.0, 0.0, 2405.575
5070.266372680664, 0.0, 0.0, 2405.947
5072.266475200653, 0.0, 0.0, 2406.927
5074.266570091248, 0.0, 0.0, 2407.884
5076.266664505005, 0.0, 0.0, 2408.464
5078.26681303978, 0.0, 0.0, 2408.972
5080.266918420792, 0.0, 0.0, 2409.72
5082.267003297806, 0.0, 0.0, 2410.198
5084.267135620117, 0.0, 0.0, 2410.507
5086.267226934433, 0.0, 0.0, 2410.897
5088.267307758331, 0.0, 0.0, 2411.115
5090.267393350601, 0.0, 0.0, 2411.558
5092.267494440079, 0.0, 0.0, 2412.065
5094.267595767975, 0.0, 0.0, 2412.833
5096.267691850662, 0.0, 0.0, 2413.331
5098.267786026001, 0.0, 0.0, 2413.933
5100.26787686348, 0.0, 0.0, 2414.626
5102.267974853516, 0.0, 0.0, 2415.122
5104.268081665039, 0.0, 0.0, 2415.466
5106.2681748867035, 0.0, 0.0, 2415.99
5108.268275976181, 0.0, 0.0, 2416.708
5110.268378734589, 0.0, 0.0, 2417.02
5112.268482923508, 0.0, 0.0, 2417.488
5114.268579006195, 0.0, 0.0, 2417.884
5116.268684148788, 0.0, 0.0, 2418.158
5118.268789052963, 0.0, 0.0, 2418.393
5120.268877744675, 0.0, 0.0, 2418.983
5122.268980979919, 0.0, 0.0, 2419.66
5124.269068002701, 0.0, 0.0, 2419.947
5126.269171953201, 0.0, 0.0, 2420.441
5128.269263267517, 0.0, 0.0, 2421.423
5130.269364833832, 0.0, 0.0, 2422.257
5132.269466161728, 0.0, 0.0, 2422.997
5134.269550085068, 0.0, 0.0, 2423.4
5136.26965379715, 0.0, 0.0, 2423.823
5138.269743204117, 0.0, 0.0, 2424.434
5140.2698295116425, 0.0, 0.0, 2424.971
5142.269908189774, 0.0, 0.0, 2425.641
5144.270012140274, 0.0, 0.0, 2426.405
5146.270121335983, 0.0, 0.0, 2427.04
5148.270204305649, 0.0, 0.0, 2427.741
5150.270307779312, 0.0, 0.0, 2428.168
5152.27040886879, 0.0, 0.0, 2428.454
5154.27050948143, 0.0, 0.0, 2428.788
5156.270612001419, 0.0, 0.0, 2429.059
5158.270713329315, 0.0, 0.0, 2429.451
5160.270794391632, 0.0, 0.0, 2429.95
5162.270899057388, 0.0, 0.0, 2430.665
5164.2710020542145, 0.0, 0.0, 2431.283
5166.271138191223, 0.0, 0.0, 2431.443
5168.2712416648865, 0.0, 0.0, 2432.333
5170.271339416504, 0.0, 0.0, 2432.831
5172.271440267563, 0.0, 0.0, 2433.131
5174.27152466774, 0.0, 0.0, 2433.511
5176.271608829498, 0.0, 0.0, 2433.825
5178.271693944931, 0.0, 0.0, 2434.356
5180.271798849106, 0.0, 0.0, 2434.919
5182.271902084351, 0.0, 0.0, 2435.835
5184.272000312805, 0.0, 0.0, 2436.504
5186.272089719772, 0.0, 0.0, 2436.667
5188.272195100784, 0.0, 0.0, 2437.467
5190.272297382355, 0.0, 0.0, 2438.132
5192.27238368988, 0.0, 0.0, 2438.541
5194.272490262985, 0.0, 0.0, 2439.12
5196.272594213486, 0.0, 0.0, 2439.531
5198.272697210312, 0.0, 0.0, 2439.759
5200.272800922394, 0.0, 0.0, 2440.455
5202.272939920425, 0.0, 0.0, 2440.892
5204.273040771484, 0.0, 0.0, 2441.107
5206.27314043045, 0.0, 0.0, 2441.213
5208.273240327835, 0.0, 0.0, 2441.644
5210.273373842239, 0.0, 0.0, 2442.186
5212.273482084274, 0.0, 0.0, 2442.753
5214.273558855057, 0.0, 0.0, 2443.324
5216.27366065979, 0.0, 0.0, 2443.692
5218.273761034012, 0.0, 0.0, 2444.096
5220.273861169815, 0.0, 0.0, 2444.555
5222.273961782455, 0.0, 0.0, 2445.099
5224.274060487747, 0.0, 0.0, 2445.39
5226.274159669876, 0.0, 0.0, 2445.893
5228.274259090424, 0.0, 0.0, 2446.515
5230.274360895157, 0.0, 0.0, 2447.261
5232.274454116821, 0.0, 0.0, 2447.963
5234.2745571136475, 0.0, 0.0, 2448.98
5236.274660825729, 0.0, 0.0, 2449.559
5238.274765491486, 0.0, 0.0, 2449.87
5240.274856567383, 0.0, 0.0, 2450.023
5242.274951457977, 0.0, 0.0, 2450.136
5244.275039672852, 0.0, 0.0, 2450.365
5246.275126695633, 0.0, 0.0, 2450.612
5248.275215625763, 0.0, 0.0, 2450.826
5250.275299549103, 0.0, 0.0, 2451.06
5252.275389671326, 0.0, 0.0, 2451.776
5254.275477409363, 0.0, 0.0, 2452.56
5256.2755625247955, 0.0, 0.0, 2453.438
5258.27565407753, 0.0, 0.0, 2453.942
5260.2757396698, 0.0, 0.0, 2454.044
5262.275828361511, 0.0, 0.0, 2454.751
5264.275914669037, 0.0, 0.0, 2455.465
5266.276052474976, 0.0, 0.0, 2455.667
5268.276136636734, 0.0, 0.0, 2456.14
5270.27622461319, 0.0, 0.0, 2456.53
5272.276328802109, 0.0, 0.0, 2456.777
5274.276416063309, 0.0, 0.0, 2457.395
5276.276496648788, 0.0, 0.0, 2458.001
5278.276633262634, 0.0, 0.0, 2458.689
5280.276721715927, 0.0, 0.0, 2459.106
5282.276800394058, 0.0, 0.0, 2459.406
5284.276901483536, 0.0, 0.0, 2460.067
5286.276979446411, 0.0, 0.0, 2460.643
5288.277079820633, 0.0, 0.0, 2461.185
5290.277158021927, 0.0, 0.0, 2461.693
5292.277254581451, 0.0, 0.0, 2461.713
5294.2773633003235, 0.0, 0.0, 2462.092
5296.277452468872, 0.0, 0.0, 2462.713
5298.277583837509, 0.0, 0.0, 2463.049
5300.277686834335, 0.0, 0.0, 2463.42
5302.277816534042, 0.0, 0.0, 2464.067
5304.277902364731, 0.0, 0.0, 2464.678
5306.27800488472, 0.0, 0.0, 2465.087
5308.278093099594, 0.0, 0.0, 2465.891
5310.278232336044, 0.0, 0.0, 2466.369
5312.278365850449, 0.0, 0.0, 2466.47
5314.278500080109, 0.0, 0.0, 2466.885
5316.27858710289, 0.0, 0.0, 2467.373
5318.27868103981, 0.0, 0.0, 2467.496
5320.27882027626, 0.0, 0.0, 2468.031
5322.2789170742035, 0.0, 0.0, 2468.341
5324.279003143311, 0.0, 0.0, 2468.538
5326.2791068553925, 0.0, 0.0, 2469.046
5328.279194355011, 0.0, 0.0, 2469.589
5330.279297351837, 0.0, 0.0, 2469.839
5332.279389858246, 0.0, 0.0, 2470.084
5334.27947473526, 0.0, 0.0, 2470.755
5336.279555559158, 0.0, 0.0, 2471.52
5338.279639482498, 0.0, 0.0, 2471.974
5340.279717683792, 0.0, 0.0, 2472.562
5342.279797792435, 0.0, 0.0, 2473.004
5344.279906272888, 0.0, 0.0, 2473.654
5346.28004193306, 0.0, 0.0, 2473.863
5348.280132293701, 0.0, 0.0, 2474.229
5350.280221700668, 0.0, 0.0, 2474.561
5352.280325889587, 0.0, 0.0, 2475.262
5354.280420303345, 0.0, 0.0, 2475.69
5356.280555963516, 0.0, 0.0, 2476.392
5358.280599832535, 0.0, 0.0, 2476.948
5360.280735015869, 0.0, 0.0, 2477.492
5362.28083729744, 0.0, 0.0, 2477.939
5364.280919790268, 0.0, 0.0, 2478.145
5366.281007528305, 0.0, 0.0, 2478.583
5368.281108856201, 0.0, 0.0, 2478.967
5370.281195163727, 0.0, 0.0, 2479.388
5372.28128361702, 0.0, 0.0, 2479.62
5374.281393527985, 0.0, 0.0, 2479.989
5376.2814700603485, 0.0, 0.0, 2480.319
5378.281574726105, 0.0, 0.0, 2480.605
5380.281680583954, 0.0, 0.0, 2480.847
5382.281778812408, 0.0, 0.0, 2481.235
5384.281878232956, 0.0, 0.0, 2481.517
5386.281976222992, 0.0, 0.0, 2481.844
5388.282079219818, 0.0, 0.0, 2482.509
5390.282180547714, 0.0, 0.0, 2483.171
5392.282284259796, 0.0, 0.0, 2483.714
5394.282368898392, 0.0, 0.0, 2484.181
5396.282471656799, 0.0, 0.0, 2484.742
5398.282569408417, 0.0, 0.0, 2485.431
5400.282656669617, 0.0, 0.0, 2485.931
5402.282755613327, 0.0, 0.0, 2486.093
5404.282840490341, 0.0, 0.0, 2486.29
5406.282946586609, 0.0, 0.0, 2486.628
5408.283056020737, 0.0, 0.0, 2486.976
5410.283157348633, 0.0, 0.0, 2487.271
5412.283242464066, 0.0, 0.0, 2487.532
5414.283377408981, 0.0, 0.0, 2487.92
5416.283479452133, 0.0, 0.0, 2488.661
5418.283614873886, 0.0, 0.0, 2489.377
5420.283704996109, 0.0, 0.0, 2489.852
5422.283807277679, 0.0, 0.0, 2490.039
5424.283894062042, 0.0, 0.0, 2490.089
5426.283979415894, 0.0, 0.0, 2490.297
5428.284065723419, 0.0, 0.0, 2490.676
5430.284153699875, 0.0, 0.0, 2490.867
5432.284244298935, 0.0, 0.0, 2491.181
5434.2843499183655, 0.0, 0.0, 2491.589
5436.284457921982, 0.0, 0.0, 2492.228
5438.284594297409, 0.0, 0.0, 2493.048
5440.284696817398, 0.0, 0.0, 2493.375
5442.284803390503, 0.0, 0.0, 2493.992
5444.284910202026, 0.0, 0.0, 2494.429
5446.284996032715, 0.0, 0.0, 2494.715
5448.285079717636, 0.0, 0.0, 2495.363
5450.28521323204, 0.0, 0.0, 2496.072
5452.285301208496, 0.0, 0.0, 2496.895
5454.285402536392, 0.0, 0.0, 2497.199
5456.285503387451, 0.0, 0.0, 2497.267
5458.28560423851, 0.0, 0.0, 2497.522
5460.285697937012, 0.0, 0.0, 2497.987
5462.285781383514, 0.0, 0.0, 2498.227
5464.2858901023865, 0.0, 0.0, 2498.571
5466.285975456238, 0.0, 0.0, 2498.886
5468.286078929901, 0.0, 0.0, 2499.246
5470.286182880402, 0.0, 0.0, 2499.933
5472.286283016205, 0.0, 0.0, 2500.543
5474.286378622055, 0.0, 0.0, 2501.226
5476.286514997482, 0.0, 0.0, 2501.817
5478.286619901657, 0.0, 0.0, 2501.867
5480.2867069244385, 0.0, 0.0, 2502.007
5482.286796569824, 0.0, 0.0, 2502.394
5484.286879777908, 0.0, 0.0, 2502.602
5486.286981582642, 0.0, 0.0, 2503.0
5488.287086963654, 0.0, 0.0, 2503.806
5490.287170410156, 0.0, 0.0, 2504.419
5492.287271022797, 0.0, 0.0, 2504.712
5494.287372589111, 0.0, 0.0, 2504.906
5496.287473201752, 0.0, 0.0, 2505.207
5498.287574768066, 0.0, 0.0, 2505.774
5500.287675857544, 0.0, 0.0, 2506.593
5502.287758111954, 0.0, 0.0, 2506.925
5504.287859201431, 0.0, 0.0, 2507.068
5506.287980794907, 0.0, 0.0, 2507.541
5508.288083314896, 0.0, 0.0, 2508.4
5510.288168668747, 0.0, 0.0, 2508.858
5512.288273096085, 0.0, 0.0, 2509.151
5514.288411855698, 0.0, 0.0, 2509.229
5516.288530826569, 0.0, 0.0, 2509.56
5518.28862953186, 0.0, 0.0, 2509.941
5520.288707494736, 0.0, 0.0, 2510.384
5522.288831233978, 0.0, 0.0, 2511.029
5524.288985490799, 0.0, 0.0, 2511.642
5526.28907585144, 0.0, 0.0, 2512.337
5528.289165258408, 0.0, 0.0, 2512.592
5530.289248943329, 0.0, 0.0, 2512.694
5532.289348125458, 0.0, 0.0, 2512.912
5534.289476394653, 0.0, 0.0, 2513.344
5536.289575576782, 0.0, 0.0, 2513.903
5538.2896592617035, 0.0, 0.0, 2514.151
5540.289761543274, 0.0, 0.0, 2514.525
5542.289842128754, 0.0, 0.0, 2515.147
5544.289949655533, 0.0, 0.0, 2515.761
5546.290086269379, 0.0, 0.0, 2516.316
5548.290167570114, 0.0, 0.0, 2516.436
5550.290271282196, 0.0, 0.0, 2516.819
5552.290403366089, 0.0, 0.0, 2517.218
5554.290492534637, 0.0, 0.0, 2517.562
5556.29057264328, 0.0, 0.0, 2517.952
5558.290652036667, 0.0, 0.0, 2518.342
5560.290737867355, 0.0, 0.0, 2518.664
5562.290817499161, 0.0, 0.0, 2519.159
5564.290910482407, 0.0, 0.0, 2519.398
5566.291049718857, 0.0, 0.0, 2519.835
5568.291179895401, 0.0, 0.0, 2520.284
5570.291316509247, 0.0, 0.0, 2520.73
5572.2913999557495, 0.0, 0.0, 2521.122
5574.291481018066, 0.0, 0.0, 2521.494
5576.291580915451, 0.0, 0.0, 2522.2
5578.2916696071625, 0.0, 0.0, 2522.527
5580.29177069664, 0.0, 0.0, 2522.989
5582.2918519973755, 0.0, 0.0, 2523.694
5584.291962146759, 0.0, 0.0, 2524.259
5586.292068719864, 0.0, 0.0, 2524.625
5588.292172431946, 0.0, 0.0, 2524.789
5590.292268753052, 0.0, 0.0, 2525.101
5592.292361736298, 0.0, 0.0, 2525.451
5594.292458534241, 0.0, 0.0, 2525.656
5596.292554140091, 0.0, 0.0, 2525.949
5598.292597293854, 0.0, 0.0, 2526.133
5600.292690992355, 0.0, 0.0, 2526.715
5602.292794942856, 0.0, 0.0, 2527.13
5604.2928965091705, 0.0, 0.0, 2527.55
5606.292991161346, 0.0, 0.0, 2527.863
5608.293098926544, 0.0, 0.0, 2528.456
5610.293179273605, 0.0, 0.0, 2528.916
5612.293314218521, 0.0, 0.0, 2529.293
5614.2934494018555, 0.0, 0.0, 2529.709
5616.293583869934, 0.0, 0.0, 2530.135
5618.293689250946, 0.0, 0.0, 2530.572
5620.29377746582, 0.0, 0.0, 2530.949
5622.293878078461, 0.0, 0.0, 2531.42
5624.2939710617065, 0.0, 0.0, 2531.466
5626.294067144394, 0.0, 0.0, 2531.36
5628.294151067734, 0.0, 0.0, 2531.512
5630.294251203537, 0.0, 0.0, 2531.876
5632.294385910034, 0.0, 0.0, 2532.366
5634.29447054863, 0.0, 0.0, 2532.822
5636.294570446014, 0.0, 0.0, 2533.256
5638.294686794281, 0.0, 0.0, 2533.545
5640.294826030731, 0.0, 0.0, 2534.079
5642.294911623001, 0.0, 0.0, 2534.567
5644.295006513596, 0.0, 0.0, 2534.92
5646.295088291168, 0.0, 0.0, 2535.359
5648.295172214508, 0.0, 0.0, 2535.93
5650.295260667801, 0.0, 0.0, 2536.179
5652.295362472534, 0.0, 0.0, 2536.411
5654.295466423035, 0.0, 0.0, 2536.646
5656.295570850372, 0.0, 0.0, 2537.129
5658.295664310455, 0.0, 0.0, 2537.698
5660.29575419426, 0.0, 0.0, 2537.892
5662.295878171921, 0.0, 0.0, 2538.052
5664.295977592468, 0.0, 0.0, 2538.598
5666.296061992645, 0.0, 0.0, 2538.72
5668.2962012290955, 0.0, 0.0, 2539.124
5670.296302556992, 0.0, 0.0, 2539.338
5672.296397924423, 0.0, 0.0, 2539.716
5674.296483755112, 0.0, 0.0, 2540.034
5676.296581029892, 0.0, 0.0, 2540.479
5678.296671390533, 0.0, 0.0, 2541.063
5680.296774625778, 0.0, 0.0, 2541.504
5682.296862602234, 0.0, 0.0, 2541.825
5684.296973466873, 0.0, 0.0, 2542.123
5686.297077894211, 0.0, 0.0, 2542.43
5688.297213792801, 0.0, 0.0, 2542.523
5690.297312498093, 0.0, 0.0, 2542.968
5692.297406673431, 0.0, 0.0, 2543.416
5694.297506570816, 0.0, 0.0, 2544.126
5696.297611713409, 0.0, 0.0, 2544.356
5698.297695636749, 0.0, 0.0, 2544.526
5700.29777598381, 0.0, 0.0, 2544.653
5702.297877788544, 0.0, 0.0, 2544.928
5704.297985076904, 0.0, 0.0, 2545.199
5706.298072338104, 0.0, 0.0, 2545.475
5708.298180103302, 0.0, 0.0, 2545.975
5710.298268795013, 0.0, 0.0, 2546.555
5712.298374414444, 0.0, 0.0, 2547.142
5714.2984755039215, 0.0, 0.0, 2547.502
5716.2985763549805, 0.0, 0.0, 2547.553
5718.298662185669, 0.0, 0.0, 2547.874
5720.298765897751, 0.0, 0.0, 2548.468
5722.2988538742065, 0.0, 0.0, 2548.996
5724.298939943314, 0.0, 0.0, 2549.625
5726.299026966095, 0.0, 0.0, 2550.234
5728.299121141434, 0.0, 0.0, 2550.619
5730.299227237701, 0.0, 0.0, 2551.017
5732.29932308197, 0.0, 0.0, 2551.417
5734.299425840378, 0.0, 0.0, 2551.746
5736.299526453018, 0.0, 0.0, 2551.987
5738.299612045288, 0.0, 0.0, 2552.075
5740.299697875977, 0.0, 0.0, 2552.297
5742.29979968071, 0.0, 0.0, 2552.886
5744.29989862442, 0.0, 0.0, 2553.397
5746.300009012222, 0.0, 0.0, 2553.823
5748.300108671188, 0.0, 0.0, 2554.303
5750.300206184387, 0.0, 0.0, 2554.502
5752.30029296875, 0.0, 0.0, 2554.624
5754.300381660461, 0.0, 0.0, 2554.854
5756.300465106964, 0.0, 0.0, 2555.295
5758.3005793094635, 0.0, 0.0, 2555.592
5760.3007180690765, 0.0, 0.0, 2556.05
5762.3008053302765, 0.0, 0.0, 2556.246
5764.300889492035, 0.0, 0.0, 2556.608
5766.3009877204895, 0.0, 0.0, 2557.02
5768.30109500885, 0.0, 0.0, 2557.35
5770.301199674606, 0.0, 0.0, 2557.686
5772.301285505295, 0.0, 0.0, 2557.753
5774.301392316818, 0.0, 0.0, 2557.966
5776.301500797272, 0.0, 0.0, 2558.371
5778.301603317261, 0.0, 0.0, 2558.62
5780.301707029343, 0.0, 0.0, 2558.773
5782.301810741425, 0.0, 0.0, 2559.132
5784.301913738251, 0.0, 0.0, 2559.653
5786.302021741867, 0.0, 0.0, 2560.072
5788.302125692368, 0.0, 0.0, 2560.448
5790.302207708359, 0.0, 0.0, 2560.958
5792.302294254303, 0.0, 0.0, 2561.256
5794.302382230759, 0.0, 0.0, 2561.626
5796.30251288414, 0.0, 0.0, 2561.645
5798.302593231201, 0.0, 0.0, 2561.754
5800.302724599838, 0.0, 0.0, 2562.308
5802.302861213684, 0.0, 0.0, 2562.919
5804.302968740463, 0.0, 0.0, 2563.282
5806.303065538406, 0.0, 0.0, 2563.464
5808.303144931793, 0.0, 0.0, 2563.712
5810.303250551224, 0.0, 0.0, 2563.853
5812.303350925446, 0.0, 0.0, 2563.938
5814.303451538086, 0.0, 0.0, 2564.203
5816.303552389145, 0.0, 0.0, 2564.489
5818.303638458252, 0.0, 0.0, 2564.959
5820.303739309311, 0.0, 0.0, 2565.411
5822.30384016037, 0.0, 0.0, 2565.781
5824.303940534592, 0.0, 0.0, 2566.107
5826.3040227890015, 0.0, 0.0, 2566.331
5828.304128408432, 0.0, 0.0, 2566.547
5830.30422949791, 0.0, 0.0, 2566.845
5832.30433511734, 0.0, 0.0, 2566.924
5834.304438114166, 0.0, 0.0, 2567.262
5836.304541110992, 0.0, 0.0, 2567.79
5838.304647922516, 0.0, 0.0, 2568.178
5840.304783344269, 0.0, 0.0, 2568.367
5842.304918527603, 0.0, 0.0, 2568.65
5844.30502986908, 0.0, 0.0, 2569.037
5846.305134057999, 0.0, 0.0, 2569.279
5848.305238246918, 0.0, 0.0, 2569.617
5850.30538892746, 0.0, 0.0, 2569.931
5852.305521249771, 0.0, 0.0, 2570.001
5854.305622816086, 0.0, 0.0, 2570.105
5856.305706739426, 0.0, 0.0, 2570.409
5858.305804491043, 0.0, 0.0, 2570.541
5860.305904150009, 0.0, 0.0, 2570.638
5862.305994749069, 0.0, 0.0, 2571.189
5864.306082248688, 0.0, 0.0, 2571.797
5866.30618596077, 0.0, 0.0, 2572.151
5868.30628490448, 0.0, 0.0, 2572.152
5870.306385040283, 0.0, 0.0, 2572.287
5872.306482076645, 0.0, 0.0, 2572.525
5874.306571483612, 0.0, 0.0, 2572.91
5876.3066573143005, 0.0, 0.0, 2573.396
5878.306743860245, 0.0, 0.0, 2573.887
5880.306827306747, 0.0, 0.0, 2574.105
5882.306912899017, 0.0, 0.0, 2574.233
5884.306998968124, 0.0, 0.0, 2574.527
5886.307100772858, 0.0, 0.0, 2574.821
5888.307189464569, 0.0, 0.0, 2574.948
5890.307277202606, 0.0, 0.0, 2575.206
5892.307379484177, 0.0, 0.0, 2575.299
5894.307471990585, 0.0, 0.0, 2575.504
5896.307558774948, 0.0, 0.0, 2575.821
5898.307640314102, 0.0, 0.0, 2576.209
5900.307721853256, 0.0, 0.0, 2576.436
5902.307807445526, 0.0, 0.0, 2576.67
5904.307908296585, 0.0, 0.0, 2577.141
5906.30801653862, 0.0, 0.0, 2577.733
5908.308119058609, 0.0, 0.0, 2578.268
5910.308220148087, 0.0, 0.0, 2578.531
5912.308330774307, 0.0, 0.0, 2578.913
5914.308435201645, 0.0, 0.0, 2579.357
5916.308512687683, 0.0, 0.0, 2579.741
5918.308616399765, 0.0, 0.0, 2580.082
5920.308718442917, 0.0, 0.0, 2580.086
5922.308810472488, 0.0, 0.0, 2580.194
5924.308894634247, 0.0, 0.0, 2580.28
5926.308996677399, 0.0, 0.0, 2580.365
5928.309096336365, 0.0, 0.0, 2580.707
5930.309195518494, 0.0, 0.0, 2581.013
5932.309295892715, 0.0, 0.0, 2581.438
5934.309373140335, 0.0, 0.0, 2582.0
5936.309468269348, 0.0, 0.0, 2582.486
5938.30957198143, 0.0, 0.0, 2582.752
5940.309670686722, 0.0, 0.0, 2582.675
5942.309776067734, 0.0, 0.0, 2582.721
5944.3098793029785, 0.0, 0.0, 2583.156
5946.3099863529205, 0.0, 0.0, 2583.712
5948.310088396072, 0.0, 0.0, 2584.045
5950.310223579407, 0.0, 0.0, 2584.205
5952.310311079025, 0.0, 0.0, 2584.524
5954.310399770737, 0.0, 0.0, 2584.699
5956.310503482819, 0.0, 0.0, 2585.172
5958.310597419739, 0.0, 0.0, 2585.526
5960.310733795166, 0.0, 0.0, 2585.714
5962.310820579529, 0.0, 0.0, 2585.85
5964.310953617096, 0.0, 0.0, 2586.046
5966.311053752899, 0.0, 0.0, 2586.347
5968.311187744141, 0.0, 0.0, 2586.801
5970.311267614365, 0.0, 0.0, 2587.073
5972.311356544495, 0.0, 0.0, 2587.318
5974.311462879181, 0.0, 0.0, 2587.635
5976.3116109371185, 0.0, 0.0, 2587.875
5978.311716079712, 0.0, 0.0, 2588.227
5980.3118097782135, 0.0, 0.0, 2588.588
5982.311906576157, 0.0, 0.0, 2588.952
5984.312007665634, 0.0, 0.0, 2589.245
5986.312119960785, 0.0, 0.0, 2589.281
5988.312202215195, 0.0, 0.0, 2589.511
5990.312318325043, 0.0, 0.0, 2589.613
5992.312428951263, 0.0, 0.0, 2589.659
5994.312601327896, 0.0, 0.0, 2589.765
5996.312694787979, 0.0, 0.0, 2589.976
5998.312779426575, 0.0, 0.0, 2590.314
6000.312882900238, 0.0, 0.0, 2590.78
6002.312963008881, 0.0, 0.0, 2591.104
6004.313103437424, 0.0, 0.0, 2591.22
6006.313180685043, 0.0, 0.0, 2591.397
6008.313282251358, 0.0, 0.0, 2591.856
6010.3133680820465, 0.0, 0.0, 2592.266
6012.313469171524, 0.0, 0.0, 2592.629
6014.313556432724, 0.0, 0.0, 2592.718
6016.3136558532715, 0.0, 0.0, 2593.117
6018.313756227493, 0.0, 0.0, 2593.515
6020.313889980316, 0.0, 0.0, 2593.631
6022.313993930817, 0.0, 0.0, 2593.879
6024.314083099365, 0.0, 0.0, 2594.154
6026.314186096191, 0.0, 0.0, 2594.358
6028.314272403717, 0.0, 0.0, 2594.469
6030.314367771149, 0.0, 0.0, 2594.756
6032.314455509186, 0.0, 0.0, 2594.945
6034.314556598663, 0.0, 0.0, 2595.384
6036.314638853073, 0.0, 0.0, 2595.848
6038.314739704132, 0.0, 0.0, 2596.081
6040.314841747284, 0.0, 0.0, 2596.164
6042.314917802811, 0.0, 0.0, 2596.581
6044.315009593964, 0.0, 0.0, 2596.707
6046.315093755722, 0.0, 0.0, 2596.89
6048.315174818039, 0.0, 0.0, 2597.088
6050.315268754959, 0.0, 0.0, 2597.432
6052.315368175507, 0.0, 0.0, 2597.731
6054.315467834473, 0.0, 0.0, 2597.758
6056.315569639206, 0.0, 0.0, 2598.133
6058.315656661987, 0.0, 0.0, 2598.446
6060.315739393234, 0.0, 0.0, 2598.628
6062.315878868103, 0.0, 0.0, 2598.634
6064.3160009384155, 0.0, 0.0, 2598.944
6066.316091537476, 0.0, 0.0, 2599.312
6068.3161878585815, 0.0, 0.0, 2599.669
6070.31628537178, 0.0, 0.0, 2600.191
6072.3163850307465, 0.0, 0.0, 2600.543
6074.316477298737, 0.0, 0.0, 2600.664
6076.316579341888, 0.0, 0.0, 2600.784
6078.316658735275, 0.0, 0.0, 2601.087
6080.316734075546, 0.0, 0.0, 2601.369
6082.316839933395, 0.0, 0.0, 2601.447
6084.316940784454, 0.0, 0.0, 2601.767
6086.3170511722565, 0.0, 0.0, 2602.047
6088.317152500153, 0.0, 0.0, 2602.308
6090.317251205444, 0.0, 0.0, 2602.537
6092.317346811295, 0.0, 0.0, 2602.913
6094.317453384399, 0.0, 0.0, 2603.29
6096.317533969879, 0.0, 0.0, 2603.376
6098.317631959915, 0.0, 0.0, 2603.396
6100.317733287811, 0.0, 0.0, 2603.528
6102.317837715149, 0.0, 0.0, 2603.888
6104.317942857742, 0.0, 0.0, 2604.151
6106.318034172058, 0.0, 0.0, 2604.283
6108.318127632141, 0.0, 0.0, 2604.518
6110.318224906921, 0.0, 0.0, 2604.56
6112.318311691284, 0.0, 0.0, 2604.577
6114.318390369415, 0.0, 0.0, 2604.564
6116.3184769153595, 0.0, 0.0, 2604.739
6118.31857919693, 0.0, 0.0, 2604.884
6120.318679094315, 0.0, 0.0, 2605.287
6122.31877207756, 0.0, 0.0, 2605.44
6124.318872928619, 0.0, 0.0, 2605.568
6126.319021463394, 0.0, 0.0, 2605.988
6128.319128036499, 0.0, 0.0, 2606.096
6130.31923532486, 0.0, 0.0, 2606.153
6132.3193283081055, 0.0, 0.0, 2606.294
6134.319429159164, 0.0, 0.0, 2606.626
6136.31956243515, 0.0, 0.0, 2607.053
6138.319665670395, 0.0, 0.0, 2607.156
6140.319766521454, 0.0, 0.0, 2607.342
6142.319855690002, 0.0, 0.0, 2607.599
6144.319948196411, 0.0, 0.0, 2608.107
6146.320055007935, 0.0, 0.0, 2608.358
6148.320137500763, 0.0, 0.0, 2608.436
6150.320218324661, 0.0, 0.0, 2608.784
6152.320304393768, 0.0, 0.0, 2609.281
6154.320444107056, 0.0, 0.0, 2609.534
6156.320548295975, 0.0, 0.0, 2609.84
6158.320648193359, 0.0, 0.0, 2609.938
6160.320753574371, 0.0, 0.0, 2610.119
6162.320853471756, 0.0, 0.0, 2610.402
6164.320954799652, 0.0, 0.0, 2610.686
6166.321047067642, 0.0, 0.0, 2610.813
6168.321127653122, 0.0, 0.0, 2611.052
6170.321227073669, 0.0, 0.0, 2611.137
6172.321330308914, 0.0, 0.0, 2611.127
6174.321417331696, 0.0, 0.0, 2611.142
6176.321504831314, 0.0, 0.0, 2611.407
6178.321606636047, 0.0, 0.0, 2611.718
6180.321694850922, 0.0, 0.0, 2611.984
6182.3218331336975, 0.0, 0.0, 2612.418
6184.321982383728, 0.0, 0.0, 2612.715
6186.322062969208, 0.0, 0.0, 2612.828
6188.322153091431, 0.0, 0.0, 2612.984
6190.322238922119, 0.0, 0.0, 2613.127
6192.3223242759705, 0.0, 0.0, 2613.478
6194.32240819931, 0.0, 0.0, 2613.569
6196.322491407394, 0.0, 0.0, 2613.593
6198.322578430176, 0.0, 0.0, 2613.739
6200.322682380676, 0.0, 0.0, 2613.904
6202.32279086113, 0.0, 0.0, 2614.132
6204.322881698608, 0.0, 0.0, 2614.444
6206.322987794876, 0.0, 0.0, 2615.004
6208.323081731796, 0.0, 0.0, 2615.399
6210.323166370392, 0.0, 0.0, 2615.61
6212.323271989822, 0.0, 0.0, 2615.602
6214.323360681534, 0.0, 0.0, 2615.799
6216.323463439941, 0.0, 0.0, 2615.95
6218.323554992676, 0.0, 0.0, 2615.934
6220.323658466339, 0.0, 0.0, 2615.862
6222.323744058609, 0.0, 0.0, 2616.106
6224.323844909668, 0.0, 0.0, 2616.348
6226.323927164078, 0.0, 0.0, 2616.736
6228.324012756348, 0.0, 0.0, 2616.966
6230.324112176895, 0.0, 0.0, 2617.011
6232.3242111206055, 0.0, 0.0, 2617.237
6234.324313402176, 0.0, 0.0, 2617.472
6236.324420452118, 0.0, 0.0, 2617.74
6238.324520587921, 0.0, 0.0, 2618.124
6240.324589252472, 0.0, 0.0, 2618.229
6242.324689626694, 0.0, 0.0, 2618.239
6244.324821710587, 0.0, 0.0, 2618.407
6246.324916362762, 0.0, 0.0, 2618.437
6248.325002670288, 0.0, 0.0, 2618.713
6250.325088977814, 0.0, 0.0, 2619.042
6252.325186491013, 0.0, 0.0, 2619.178
6254.325266122818, 0.0, 0.0, 2619.247
6256.325350522995, 0.0, 0.0, 2619.341
6258.325433731079, 0.0, 0.0, 2619.489
6260.325517416, 0.0, 0.0, 2619.797
6262.3256142139435, 0.0, 0.0, 2619.907
6264.32569694519, 0.0, 0.0, 2620.035
6266.3257875442505, 0.0, 0.0, 2620.122
6268.325889348984, 0.0, 0.0, 2620.203
6270.325991868973, 0.0, 0.0, 2620.183
6272.326092004776, 0.0, 0.0, 2620.274
6274.326192140579, 0.0, 0.0, 2620.363
6276.326270341873, 0.0, 0.0, 2620.81
6278.326357126236, 0.0, 0.0, 2621.141
6280.326442241669, 0.0, 0.0, 2621.301
6282.32653927803, 0.0, 0.0, 2621.341
6284.326638698578, 0.0, 0.0, 2621.606
6286.326739788055, 0.0, 0.0, 2621.988
6288.326823234558, 0.0, 0.0, 2622.215
6290.32693362236, 0.0, 0.0, 2622.291
6292.327072143555, 0.0, 0.0, 2622.363
6294.3271679878235, 0.0, 0.0, 2622.611
6296.327255964279, 0.0, 0.0, 2622.774
6298.327345132828, 0.0, 0.0, 2622.903
6300.327427387238, 0.0, 0.0, 2623.027
6302.327516794205, 0.0, 0.0, 2623.252
6304.327619552612, 0.0, 0.0, 2623.586
6306.327716350555, 0.0, 0.0, 2623.751
6308.327851772308, 0.0, 0.0, 2623.879
6310.327995538712, 0.0, 0.0, 2624.014
6312.328081607819, 0.0, 0.0, 2624.22
6314.328188657761, 0.0, 0.0, 2624.331
6316.328277349472, 0.0, 0.0, 2624.513
6318.328379392624, 0.0, 0.0, 2624.832
6320.328464508057, 0.0, 0.0, 2624.967
6322.328580856323, 0.0, 0.0, 2625.059
6324.328665733337, 0.0, 0.0, 2625.343
6326.328802347183, 0.0, 0.0, 2625.463
6328.32889008522, 0.0, 0.0, 2625.492
6330.328969955444, 0.0, 0.0, 2625.555
6332.329060316086, 0.0, 0.0, 2625.729
6334.329174995422, 0.0, 0.0, 2625.938
6336.329268217087, 0.0, 0.0, 2626.207
6338.329374790192, 0.0, 0.0, 2626.386
6340.3294932842255, 0.0, 0.0, 2626.516
6342.329598665237, 0.0, 0.0, 2626.672
6344.329702138901, 0.0, 0.0, 2626.898
6346.32984495163, 0.0, 0.0, 2627.023
6348.329929113388, 0.0, 0.0, 2627.1
6350.330028533936, 0.0, 0.0, 2627.43
6352.330130577087, 0.0, 0.0, 2627.722
6354.330235004425, 0.0, 0.0, 2627.983
6356.3303389549255, 0.0, 0.0, 2628.182
6358.330428123474, 0.0, 0.0, 2628.146
6360.330517292023, 0.0, 0.0, 2628.485
6362.330604314804, 0.0, 0.0, 2628.86
6364.330705404282, 0.0, 0.0, 2629.047
6366.33078789711, 0.0, 0.0, 2629.08
6368.330891132355, 0.0, 0.0, 2629.029
6370.330997228622, 0.0, 0.0, 2629.033
6372.331099510193, 0.0, 0.0, 2629.255
6374.331200361252, 0.0, 0.0, 2629.627
6376.331281423569, 0.0, 0.0, 2629.88
6378.331384420395, 0.0, 0.0, 2630.015
6380.33148765564, 0.0, 0.0, 2630.319
6382.331604957581, 0.0, 0.0, 2630.482
6384.3316967487335, 0.0, 0.0, 2630.563
6386.33184170723, 0.0, 0.0, 2630.697
6388.331937789917, 0.0, 0.0, 2630.804
6390.332035303116, 0.0, 0.0, 2631.1
6392.332137107849, 0.0, 0.0, 2631.322
6394.332240343094, 0.0, 0.0, 2631.623
6396.3323431015015, 0.0, 0.0, 2631.92
6398.332445144653, 0.0, 0.0, 2632.104
6400.332547903061, 0.0, 0.0, 2632.159
6402.332591056824, 0.0, 0.0, 2632.467
6404.33269405365, 0.0, 0.0, 2632.662
6406.332799434662, 0.0, 0.0, 2632.705
6408.332907438278, 0.0, 0.0, 2633.055
6410.333000421524, 0.0, 0.0, 2633.242
6412.333085298538, 0.0, 0.0, 2633.276
6414.333168745041, 0.0, 0.0, 2633.325
6416.333253622055, 0.0, 0.0, 2633.549
6418.333339214325, 0.0, 0.0, 2633.72
6420.333419561386, 0.0, 0.0, 2633.917
6422.333505392075, 0.0, 0.0, 2633.929
6424.33359503746, 0.0, 0.0, 2634.124
6426.333706855774, 0.0, 0.0, 2634.366
6428.333808660507, 0.0, 0.0, 2634.576
6430.333904743195, 0.0, 0.0, 2634.583
6432.334008693695, 0.0, 0.0, 2634.538
6434.334094285965, 0.0, 0.0, 2634.599
6436.334193468094, 0.0, 0.0, 2634.653
6438.334275960922, 0.0, 0.0, 2634.814
6440.334361314774, 0.0, 0.0, 2635.197
6442.334458827972, 0.0, 0.0, 2635.303
6444.334547758102, 0.0, 0.0, 2635.448
6446.334649562836, 0.0, 0.0, 2635.516
6448.334732532501, 0.0, 0.0, 2635.56
6450.334820985794, 0.0, 0.0, 2635.66
6452.334910392761, 0.0, 0.0, 2635.8
6454.335003852844, 0.0, 0.0, 2635.968
6456.33508849144, 0.0, 0.0, 2636.169
6458.335167646408, 0.0, 0.0, 2636.385
6460.33526802063, 0.0, 0.0, 2636.51
6462.335350036621, 0.0, 0.0, 2636.631
6464.335452079773, 0.0, 0.0, 2636.872
6466.335533380508, 0.0, 0.0, 2637.159
6468.335617780685, 0.0, 0.0, 2637.366
6470.335702896118, 0.0, 0.0, 2637.544
6472.335789203644, 0.0, 0.0, 2637.818
6474.335880756378, 0.0, 0.0, 2637.954
6476.335973262787, 0.0, 0.0, 2637.989
6478.336057186127, 0.0, 0.0, 2638.043
6480.336140871048, 0.0, 0.0, 2638.26
6482.336231470108, 0.0, 0.0, 2638.61
6484.336333990097, 0.0, 0.0, 2638.877
6486.336429834366, 0.0, 0.0, 2638.914
6488.336522102356, 0.0, 0.0, 2638.941
6490.336590528488, 0.0, 0.0, 2638.981
6492.336669206619, 0.0, 0.0, 2639.028
6494.336770057678, 0.0, 0.0, 2639.158
6496.336873292923, 0.0, 0.0, 2639.382
6498.337009191513, 0.0, 0.0, 2639.718
6500.337110280991, 0.0, 0.0, 2639.975
6502.337194681168, 0.0, 0.0, 2640.217
6504.337294816971, 0.0, 0.0, 2640.437
6506.337403059006, 0.0, 0.0, 2640.607
6508.3375062942505, 0.0, 0.0, 2640.699
6510.337598562241, 0.0, 0.0, 2640.776
6512.337688446045, 0.0, 0.0, 2640.815
6514.337784051895, 0.0, 0.0, 2640.844
6516.337882041931, 0.0, 0.0, 2640.842
6518.337973833084, 0.0, 0.0, 2640.806
6520.33806180954, 0.0, 0.0, 2640.973
6522.338148355484, 0.0, 0.0, 2641.258
6524.338232517242, 0.0, 0.0, 2641.499
6526.33833527565, 0.0, 0.0, 2641.516
6528.338416337967, 0.0, 0.0, 2641.552
6530.3385014534, 0.0, 0.0, 2641.591
6532.338592529297, 0.0, 0.0, 2641.739
6534.338671207428, 0.0, 0.0, 2642.042
6536.338755607605, 0.0, 0.0, 2642.226
6538.338854789734, 0.0, 0.0, 2642.405
6540.338994026184, 0.0, 0.0, 2642.568
6542.339096069336, 0.0, 0.0, 2642.818
6544.3391926288605, 0.0, 0.0, 2643.011
6546.339274644852, 0.0, 0.0, 2643.032
6548.339377164841, 0.0, 0.0, 2643.094
6550.339483261108, 0.0, 0.0, 2643.327
6552.339618682861, 0.0, 0.0, 2643.568
6554.3397471904755, 0.0, 0.0, 2643.744
6556.339838504791, 0.0, 0.0, 2643.902
6558.33992266655, 0.0, 0.0, 2644.015
6560.340008735657, 0.0, 0.0, 2644.21
6562.340110063553, 0.0, 0.0, 2644.443
6564.340210437775, 0.0, 0.0, 2644.502
6566.340313911438, 0.0, 0.0, 2644.423
6568.340416908264, 0.0, 0.0, 2644.467
6570.3405022621155, 0.0, 0.0, 2644.667
6572.340616226196, 0.0, 0.0, 2644.904
6574.340696811676, 0.0, 0.0, 2645.132
6576.340783119202, 0.0, 0.0, 2645.318
6578.340882062912, 0.0, 0.0, 2645.392
6580.340983629227, 0.0, 0.0, 2645.481
6582.341066122055, 0.0, 0.0, 2645.715
6584.341149330139, 0.0, 0.0, 2646.025
6586.3412528038025, 0.0, 0.0, 2646.16
6588.341387987137, 0.0, 0.0, 2646.287
6590.341489076614, 0.0, 0.0, 2646.466
6592.341589927673, 0.0, 0.0, 2646.616
6594.341679096222, 0.0, 0.0, 2646.924
6596.341767787933, 0.0, 0.0, 2647.089
6598.341867446899, 0.0, 0.0, 2647.261
6600.341950893402, 0.0, 0.0, 2647.336
6602.342035531998, 0.0, 0.0, 2647.329
6604.342136621475, 0.0, 0.0, 2647.52
6606.3422474861145, 0.0, 0.0, 2647.718
6608.342381477356, 0.0, 0.0, 2647.938
6610.342467308044, 0.0, 0.0, 2647.923
6612.34256529808, 0.0, 0.0, 2647.949
6614.342664480209, 0.0, 0.0, 2648.155
6616.342759609222, 0.0, 0.0, 2648.324
6618.342851638794, 0.0, 0.0, 2648.399
6620.342956781387, 0.0, 0.0, 2648.583
6622.343061685562, 0.0, 0.0, 2648.669
6624.343149900436, 0.0, 0.0, 2648.695
6626.343249797821, 0.0, 0.0, 2648.882
6628.343384504318, 0.0, 0.0, 2649.171
6630.343487501144, 0.0, 0.0, 2649.253
6632.34357881546, 0.0, 0.0, 2649.425
6634.34365940094, 0.0, 0.0, 2649.68
6636.343748807907, 0.0, 0.0, 2649.796
6638.343856811523, 0.0, 0.0, 2649.931
6640.3439400196075, 0.0, 0.0, 2649.928
6642.344025373459, 0.0, 0.0, 2650.044
6644.344122886658, 0.0, 0.0, 2650.2
6646.344209909439, 0.0, 0.0, 2650.179
6648.344299316406, 0.0, 0.0, 2650.275
6650.344390869141, 0.0, 0.0, 2650.394
6652.344486951828, 0.0, 0.0, 2650.513
6654.344585180283, 0.0, 0.0, 2650.695
6656.344680309296, 0.0, 0.0, 2650.914
6658.344781160355, 0.0, 0.0, 2651.072
6660.344915151596, 0.0, 0.0, 2651.379
6662.345016717911, 0.0, 0.0, 2651.559
6664.345117092133, 0.0, 0.0, 2651.734
6666.3452162742615, 0.0, 0.0, 2651.872
6668.345317363739, 0.0, 0.0, 2651.881
6670.345420360565, 0.0, 0.0, 2651.904
6672.345528125763, 0.0, 0.0, 2651.985
6674.345629930496, 0.0, 0.0, 2652.121
6676.3457317352295, 0.0, 0.0, 2652.194
6678.345819711685, 0.0, 0.0, 2652.344
6680.345955133438, 0.0, 0.0, 2652.659
6682.34605383873, 0.0, 0.0, 2653.013
6684.346138238907, 0.0, 0.0, 2653.18
6686.346220493317, 0.0, 0.0, 2653.223
6688.346309185028, 0.0, 0.0, 2653.229
6690.346410036087, 0.0, 0.0, 2653.353
6692.346560955048, 0.0, 0.0, 2653.452
6694.3466646671295, 0.0, 0.0, 2653.711
6696.346795082092, 0.0, 0.0, 2653.836
6698.3468980789185, 0.0, 0.0, 2653.959
6700.347030639648, 0.0, 0.0, 2653.977
6702.347138881683, 0.0, 0.0, 2654.21
6704.347239494324, 0.0, 0.0, 2654.439
6706.347341060638, 0.0, 0.0, 2654.519
6708.347425937653, 0.0, 0.0, 2654.725
6710.347532749176, 0.0, 0.0, 2654.745
6712.347636938095, 0.0, 0.0, 2654.782
6714.347741365433, 0.0, 0.0, 2654.819
6716.3478446006775, 0.0, 0.0, 2655.013
6718.3479471206665, 0.0, 0.0, 2655.354
6720.348084449768, 0.0, 0.0, 2655.447
6722.348190784454, 0.0, 0.0, 2655.636
6724.348298788071, 0.0, 0.0, 2655.783
6726.348389863968, 0.0, 0.0, 2655.922
6728.348525524139, 0.0, 0.0, 2656.013
6730.348628044128, 0.0, 0.0, 2656.216
6732.3487293720245, 0.0, 0.0, 2656.455
6734.348836421967, 0.0, 0.0, 2656.544
6736.348937988281, 0.0, 0.0, 2656.627
6738.34903383255, 0.0, 0.0, 2656.832
6740.349134206772, 0.0, 0.0, 2657.056
6742.34924697876, 0.0, 0.0, 2657.244
6744.3493320941925, 0.0, 0.0, 2657.459
6746.349424362183, 0.0, 0.0, 2657.734
6748.349515914917, 0.0, 0.0, 2657.935
6750.349611282349, 0.0, 0.0, 2657.961
6752.3497042655945, 0.0, 0.0, 2657.897
6754.349810838699, 0.0, 0.0, 2657.919
6756.349906921387, 0.0, 0.0, 2658.04
6758.3500020504, 0.0, 0.0, 2658.31
6760.350098133087, 0.0, 0.0, 2658.556
6762.350177764893, 0.0, 0.0, 2658.777
6764.3502678871155, 0.0, 0.0, 2658.864
6766.350365161896, 0.0, 0.0, 2659.007
6768.350469112396, 0.0, 0.0, 2659.231
6770.350571155548, 0.0, 0.0, 2659.278
6772.3506731987, 0.0, 0.0, 2659.386
6774.3507771492, 0.0, 0.0, 2659.709
6776.350889921188, 0.0, 0.0, 2659.862
6778.350992679596, 0.0, 0.0, 2659.859
6780.351083517075, 0.0, 0.0, 2659.842
6782.3512263298035, 0.0, 0.0, 2659.823
6784.351327896118, 0.0, 0.0, 2659.763
6786.35142993927, 0.0, 0.0, 2659.837
6788.351518630981, 0.0, 0.0, 2659.842
6790.351611614227, 0.0, 0.0, 2659.929
6792.351702928543, 0.0, 0.0, 2660.17
6794.351842164993, 0.0, 0.0, 2660.503
6796.351948261261, 0.0, 0.0, 2660.699
6798.352086305618, 0.0, 0.0, 2660.869
6800.352170705795, 0.0, 0.0, 2661.056
6802.352280378342, 0.0, 0.0, 2661.235
6804.352376699448, 0.0, 0.0, 2661.38
6806.352477312088, 0.0, 0.0, 2661.469
6808.352583646774, 0.0, 0.0, 2661.683
6810.352680444717, 0.0, 0.0, 2661.728
6812.352783203125, 0.0, 0.0, 2661.778
6814.352881908417, 0.0, 0.0, 2662.055
6816.352959871292, 0.0, 0.0, 2662.253
6818.353060007095, 0.0, 0.0, 2662.499
6820.353172540665, 0.0, 0.0, 2662.523
6822.353271484375, 0.0, 0.0, 2662.554
6824.3533589839935, 0.0, 0.0, 2662.597
6826.353494644165, 0.0, 0.0, 2662.677
6828.35359120369, 0.0, 0.0, 2662.694
6830.3537085056305, 0.0, 0.0, 2662.829
6832.353810548782, 0.0, 0.0, 2663.002
6834.353902339935, 0.0, 0.0, 2663.183
6836.35400724411, 0.0, 0.0, 2663.285
6838.354089021683, 0.0, 0.0, 2663.324
6840.354190587997, 0.0, 0.0, 2663.482
6842.354287147522, 0.0, 0.0, 2663.764
6844.354390382767, 0.0, 0.0, 2663.903
6846.3544754981995, 0.0, 0.0, 2664.032
6848.354611158371, 0.0, 0.0, 2664.048
6850.354714870453, 0.0, 0.0, 2664.108
6852.354798555374, 0.0, 0.0, 2664.226
6854.354912519455, 0.0, 0.0, 2664.519
6856.355016708374, 0.0, 0.0, 2664.704
6858.3551506996155, 0.0, 0.0, 2664.789
6860.355285406113, 0.0, 0.0, 2664.923
6862.3553903102875, 0.0, 0.0, 2664.966
6864.355490922928, 0.0, 0.0, 2665.051
6866.355594873428, 0.0, 0.0, 2665.158
6868.355697393417, 0.0, 0.0, 2665.333
6870.3558032512665, 0.0, 0.0, 2665.368
6872.355906248093, 0.0, 0.0, 2665.56
6874.3560090065, 0.0, 0.0, 2665.704
6876.356110572815, 0.0, 0.0, 2665.982
6878.356212377548, 0.0, 0.0, 2666.161
6880.356292963028, 0.0, 0.0, 2666.373
6882.356384038925, 0.0, 0.0, 2666.587
6884.356467247009, 0.0, 0.0, 2666.713
6886.356576919556, 0.0, 0.0, 2666.86
6888.356673717499, 0.0, 0.0, 2666.991
6890.35680937767, 0.0, 0.0, 2667.161
6892.356910228729, 0.0, 0.0, 2667.303
6894.357044696808, 0.0, 0.0, 2667.314
6896.357132434845, 0.0, 0.0, 2667.353
6898.357221603394, 0.0, 0.0, 2667.533
6900.3573117256165, 0.0, 0.0, 2667.621
6902.35741353035, 0.0, 0.0, 2667.745
6904.357501745224, 0.0, 0.0, 2667.798
6906.357579946518, 0.0, 0.0, 2668.012
6908.357714653015, 0.0, 0.0, 2668.169
6910.357797861099, 0.0, 0.0, 2668.38
6912.357879161835, 0.0, 0.0, 2668.501
6914.357972860336, 0.0, 0.0, 2668.616
6916.358060836792, 0.0, 0.0, 2668.687
6918.358150243759, 0.0, 0.0, 2668.941
6920.358261823654, 0.0, 0.0, 2669.093
6922.35836648941, 0.0, 0.0, 2669.295
6924.358495950699, 0.0, 0.0, 2669.394
6926.358600854874, 0.0, 0.0, 2669.405
6928.35874581337, 0.0, 0.0, 2669.351
6930.358842372894, 0.0, 0.0, 2669.521
6932.358926773071, 0.0, 0.0, 2669.602
6934.359064102173, 0.0, 0.0, 2669.84
6936.359170198441, 0.0, 0.0, 2670.156
6938.359263896942, 0.0, 0.0, 2670.234
6940.3593645095825, 0.0, 0.0, 2670.322
6942.359447002411, 0.0, 0.0, 2670.599
6944.359550237656, 0.0, 0.0, 2670.722
6946.359645605087, 0.0, 0.0, 2670.987
6948.359731912613, 0.0, 0.0, 2671.269
6950.359841585159, 0.0, 0.0, 2671.467
6952.359946727753, 0.0, 0.0, 2671.508
6954.360003948212, 0.0, 0.0, 2671.65
6956.360106706619, 0.0, 0.0, 2671.8
6958.360188484192, 0.0, 0.0, 2672.051
6960.360268831253, 0.0, 0.0, 2672.179
6962.360351800919, 0.0, 0.0, 2672.366
6964.360434293747, 0.0, 0.0, 2672.536
6966.360542535782, 0.0, 0.0, 2672.691
6968.360630273819, 0.0, 0.0, 2672.87
6970.360730409622, 0.0, 0.0, 2673.051
6972.36082983017, 0.0, 0.0, 2673.179
6974.360926151276, 0.0, 0.0, 2673.118
6976.36101269722, 0.0, 0.0, 2673.173
6978.361101388931, 0.0, 0.0, 2673.333
6980.36119890213, 0.0, 0.0, 2673.407
6982.361303091049, 0.0, 0.0, 2673.46
6984.361393690109, 0.0, 0.0, 2673.55
6986.361503362656, 0.0, 0.0, 2673.696
6988.3616008758545, 0.0, 0.0, 2673.816
6990.361704349518, 0.0, 0.0, 2674.032
6992.361784696579, 0.0, 0.0, 2674.059
6994.361919164658, 0.0, 0.0, 2674.095
6996.362008810043, 0.0, 0.0, 2674.289
6998.362096071243, 0.0, 0.0, 2674.507
7000.362201452255, 0.0, 0.0, 2674.646
7002.362308740616, 0.0, 0.0, 2674.888
7004.362397909164, 0.0, 0.0, 2675.073
7006.362499713898, 0.0, 0.0, 2675.128
7008.3625831604, 0.0, 0.0, 2675.192
7010.362686634064, 0.0, 0.0, 2675.222
7012.362829446793, 0.0, 0.0, 2675.203
7014.362928390503, 0.0, 0.0, 2675.197
7016.363024711609, 0.0, 0.0, 2675.347
7018.363115787506, 0.0, 0.0, 2675.498
7020.363206148148, 0.0, 0.0, 2675.695
7022.363306283951, 0.0, 0.0, 2675.919
7024.36340713501, 0.0, 0.0, 2676.13
7026.363514184952, 0.0, 0.0, 2676.142
7028.363602876663, 0.0, 0.0, 2676.166
7030.363690853119, 0.0, 0.0, 2676.408
7032.363788843155, 0.0, 0.0, 2676.714
7034.36387181282, 0.0, 0.0, 2676.848
7036.364003896713, 0.0, 0.0, 2676.847
7038.364103555679, 0.0, 0.0, 2676.888
7040.3642110824585, 0.0, 0.0, 2677.007
7042.364292144775, 0.0, 0.0, 2677.053
7044.36442565918, 0.0, 0.0, 2677.275
7046.3645260334015, 0.0, 0.0, 2677.457
7048.3646671772, 0.0, 0.0, 2677.496
7050.364757537842, 0.0, 0.0, 2677.661
7052.364860773087, 0.0, 0.0, 2677.933
7054.364953517914, 0.0, 0.0, 2678.114
7056.3650369644165, 0.0, 0.0, 2678.273
7058.365118980408, 0.0, 0.0, 2678.439
7060.365204811096, 0.0, 0.0, 2678.625
7062.365289211273, 0.0, 0.0, 2678.691
7064.36537194252, 0.0, 0.0, 2678.812
7066.3654572963715, 0.0, 0.0, 2678.851
7068.365544080734, 0.0, 0.0, 2678.998
7070.3656322956085, 0.0, 0.0, 2679.19
7072.36571764946, 0.0, 0.0, 2679.406
7074.365816831589, 0.0, 0.0, 2679.56
7076.365904331207, 0.0, 0.0, 2679.601
7078.366010189056, 0.0, 0.0, 2679.675
7080.366112470627, 0.0, 0.0, 2679.953
7082.366196870804, 0.0, 0.0, 2680.087
7084.366286277771, 0.0, 0.0, 2680.243
7086.366369724274, 0.0, 0.0, 2680.323
7088.366452217102, 0.0, 0.0, 2680.383
7090.36653470993, 0.0, 0.0, 2680.601
7092.366636276245, 0.0, 0.0, 2680.605
7094.36673283577, 0.0, 0.0, 2680.756
7096.366837501526, 0.0, 0.0, 2680.951
7098.366937875748, 0.0, 0.0, 2681.095
7100.367039203644, 0.0, 0.0, 2681.288
7102.367139339447, 0.0, 0.0, 2681.434
7104.367223501205, 0.0, 0.0, 2681.635
7106.3673260211945, 0.0, 0.0, 2681.608
7108.367409706116, 0.0, 0.0, 2681.589
7110.367510318756, 0.0, 0.0, 2681.763
7112.367611885071, 0.0, 0.0, 2681.874
7114.367708444595, 0.0, 0.0, 2681.854
7116.367844343185, 0.0, 0.0, 2681.913
7118.367946386337, 0.0, 0.0, 2682.253
7120.368048429489, 0.0, 0.0, 2682.467
7122.368147611618, 0.0, 0.0, 2682.662
7124.368231534958, 0.0, 0.0, 2682.89
7126.368319511414, 0.0, 0.0, 2682.976
7128.368407011032, 0.0, 0.0, 2683.093
7130.368509054184, 0.0, 0.0, 2683.046
7132.368613243103, 0.0, 0.0, 2683.125
7134.368752717972, 0.0, 0.0, 2683.295
7136.368852615356, 0.0, 0.0, 2683.216
7138.368951797485, 0.0, 0.0, 2683.266
7140.369029998779, 0.0, 0.0, 2683.359
7142.369108438492, 0.0, 0.0, 2683.551
7144.3692009449005, 0.0, 0.0, 2683.694
7146.369311332703, 0.0, 0.0, 2683.857
7148.369415044785, 0.0, 0.0, 2683.97
7150.369520664215, 0.0, 0.0, 2684.033
7152.369654893875, 0.0, 0.0, 2684.045
7154.369753599167, 0.0, 0.0, 2684.107
7156.369854450226, 0.0, 0.0, 2684.176
7158.369955301285, 0.0, 0.0, 2684.273
7160.370058059692, 0.0, 0.0, 2684.43
7162.370145320892, 0.0, 0.0, 2684.403
7164.370227813721, 0.0, 0.0, 2684.418
7166.370331048965, 0.0, 0.0, 2684.424
7168.3704307079315, 0.0, 0.0, 2684.57
7170.3705179691315, 0.0, 0.0, 2684.702
7172.370622396469, 0.0, 0.0, 2684.749
7174.370718717575, 0.0, 0.0, 2684.82
7176.370824337006, 0.0, 0.0, 2685.023
7178.370968341827, 0.0, 0.0, 2685.114
7180.371056318283, 0.0, 0.0, 2685.214
7182.371196746826, 0.0, 0.0, 2685.373
7184.3712792396545, 0.0, 0.0, 2685.59
7186.37136054039, 0.0, 0.0, 2685.781
7188.371444702148, 0.0, 0.0, 2685.898
7190.371545791626, 0.0, 0.0, 2686.09
7192.371629238129, 0.0, 0.0, 2686.286
7194.371728658676, 0.0, 0.0, 2686.364
7196.371835947037, 0.0, 0.0, 2686.375
7198.371933221817, 0.0, 0.0, 2686.376
7200.372035264969, 0.0, 0.0, 2686.488
7202.372114419937, 0.0, 0.0, 2686.551
7204.372215747833, 0.0, 0.0, 2686.544
7206.3723158836365, 0.0, 0.0, 2686.582
7208.37241768837, 0.0, 0.0, 2686.591
7210.372528553009, 0.0, 0.0, 2686.723
7212.3726098537445, 0.0, 0.0, 2686.89
7214.372711181641, 0.0, 0.0, 2687.048
7216.3728103637695, 0.0, 0.0, 2687.228
7218.372913122177, 0.0, 0.0, 2687.359
7220.372994422913, 0.0, 0.0, 2687.428
7222.373075246811, 0.0, 0.0, 2687.633
7224.373166561127, 0.0, 0.0, 2687.68
7226.373268604279, 0.0, 0.0, 2687.825
7228.373360157013, 0.0, 0.0, 2687.775
7230.373461008072, 0.0, 0.0, 2687.883
7232.373549222946, 0.0, 0.0, 2687.98
7234.373651742935, 0.0, 0.0, 2688.09
7236.373748540878, 0.0, 0.0, 2688.131
7238.37384223938, 0.0, 0.0, 2688.167
7240.3739767074585, 0.0, 0.0, 2688.178
7242.37407875061, 0.0, 0.0, 2688.278
7244.374182462692, 0.0, 0.0, 2688.422
7246.374267578125, 0.0, 0.0, 2688.735
7248.374349832535, 0.0, 0.0, 2689.001
7250.374433755875, 0.0, 0.0, 2689.183
7252.374521255493, 0.0, 0.0, 2689.265
7254.374601364136, 0.0, 0.0, 2689.355
7256.374683380127, 0.0, 0.0, 2689.45
7258.374771595001, 0.0, 0.0, 2689.529
7260.374853849411, 0.0, 0.0, 2689.641
7262.37495303154, 0.0, 0.0, 2689.603
7264.375044822693, 0.0, 0.0, 2689.562
