time, current, power, resistance
0.0028350353240966797, 0.0, 0.0, 2612.252
2.0029375553131104, 0.0, 0.0, 2612.3
4.003017425537109, 0.0, 0.0, 2612.486
6.003122091293335, 0.0, 0.0, 2612.854
8.00321102142334, 0.0, 0.0, 2613.105
10.003296613693237, 0.0, 0.0, 2613.358
12.00338339805603, 0.0, 0.0, 2613.525
14.003484010696411, 0.0, 0.0, 2613.478
16.003631353378296, 0.0, 0.0, 2613.746
18.003716945648193, 0.0, 0.0, 2613.963
20.003807544708252, 0.0, 0.0, 2614.06
22.003889322280884, 0.0, 0.0, 2613.895
24.003973722457886, 0.0, 0.0, 2613.989
26.004103660583496, 0.0, 0.0, 2614.108
28.00419020652771, 0.0, 0.0, 2614.332
30.00426936149597, 0.0, 0.0, 2614.577
32.00437521934509, 0.0, 0.0, 2614.726
34.00446367263794, 0.0, 0.0, 2614.951
36.004558086395264, 0.0, 0.0, 2615.206
38.00468945503235, 0.0, 0.0, 2615.356
40.0047926902771, 0.0, 0.0, 2615.508
42.004889726638794, 0.0, 0.0, 2615.949
44.00499248504639, 0.0, 0.0, 2616.166
46.0050950050354, 0.0, 0.0, 2616.119
48.00519633293152, 0.0, 0.0, 2616.21
50.00529718399048, 0.0, 0.0, 2616.528
52.005380630493164, 0.0, 0.0, 2616.76
54.00546479225159, 0.0, 0.0, 2616.888
56.00556993484497, 0.0, 0.0, 2617.005
58.00565576553345, 0.0, 0.0, 2617.095
60.00573921203613, 0.0, 0.0, 2617.002
62.0073504447937, 0.0, 0.0, 2583.897
64.00744676589966, 1.8015, 4.3296, 2341.924
66.00753116607666, 1.8015, 4.3951, 2167.307
68.00761222839355, 1.8016, 4.4435, 2032.428
70.00770139694214, 1.8015, 4.4817, 1917.475
72.00777959823608, 1.8016, 4.5134, 1830.503
74.00787305831909, 1.8016, 4.5401, 1752.933
76.00795340538025, 1.8016, 4.5633, 1686.887
78.00805616378784, 1.8015, 4.5837, 1629.716
80.008145570755, 1.8015, 4.6021, 1578.905
82.00823640823364, 1.8015, 4.6187, 1533.421
84.00832748413086, 1.8015, 4.6315, 1492.529
86.00841927528381, 1.8016, 4.6478, 1454.92
88.00850653648376, 1.8016, 4.6588, 1420.901
90.00860238075256, 1.8015, 4.6712, 1389.646
92.00868821144104, 1.8015, 4.6827, 1360.141
94.00879263877869, 1.8015, 4.6937, 1333.142
96.00889897346497, 1.8016, 4.7042, 1307.733
98.00897932052612, 1.8015, 4.7141, 1283.305
100.00906610488892, 1.8015, 4.7235, 1260.748
102.00917077064514, 1.8016, 4.7325, 1239.795
104.00925588607788, 1.8015, 4.7412, 1219.777
106.0093424320221, 1.8015, 4.7496, 1200.034
108.0094256401062, 1.8015, 4.7564, 1181.338
110.00949001312256, 1.8015, 4.7658, 1163.272
112.00957918167114, 1.8015, 4.7721, 1146.161
114.0096583366394, 1.8016, 4.7796, 1129.298
116.00973916053772, 1.8016, 4.7871, 1113.227
118.00981974601746, 1.8016, 4.7942, 1098.347
120.00990009307861, 1.8015, 4.801, 1083.764
122.00998044013977, 1.8015, 4.8078, 1070.289
124.01008367538452, 1.8016, 4.8143, 1056.602
126.01016473770142, 1.8016, 4.8209, 1043.568
128.01024794578552, 1.8015, 4.827, 1030.9
130.010329246521, 1.8016, 4.8333, 1018.754
132.0104193687439, 1.8015, 4.8393, 1006.859
134.01052165031433, 1.8016, 4.8443, 995.2556
136.01065945625305, 1.8016, 4.8501, 983.8238
138.01076483726501, 1.8016, 4.856, 973.1464
140.01085329055786, 1.8016, 4.8616, 962.6679
142.0109419822693, 1.8015, 4.8672, 952.2487
144.01104307174683, 1.8015, 4.8726, 942.0275
146.01113176345825, 1.8015, 4.878, 932.1998
148.01124143600464, 1.8015, 4.8833, 922.4969
150.0113446712494, 1.8015, 4.8886, 913.3976
152.01142859458923, 1.8015, 4.8937, 904.9052
154.01153016090393, 1.8015, 4.8988, 895.6306
156.01160883903503, 1.8015, 4.9029, 887.2395
158.01171159744263, 1.8015, 4.9079, 878.7794
160.01181197166443, 1.8015, 4.9129, 870.2402
162.01191329956055, 1.8015, 4.9177, 861.9883
164.01201486587524, 1.8015, 4.9226, 854.2066
166.0121169090271, 1.8015, 4.9274, 846.2009
168.01221919059753, 1.8015, 4.9321, 839.0562
170.0123200416565, 1.8015, 4.9365, 832.5496
172.0124213695526, 1.8015, 4.9409, 825.9244
174.01252341270447, 1.8015, 4.9451, 818.6995
176.01261472702026, 1.8015, 4.9495, 811.8802
178.01271748542786, 1.8015, 4.9538, 804.5823
180.0128219127655, 1.8015, 4.9576, 797.7881
182.0129268169403, 1.8015, 4.9625, 791.1674
184.01301622390747, 1.8015, 4.9661, 784.8768
186.01312112808228, 1.8015, 4.9702, 779.1698
188.01320791244507, 1.8015, 4.9743, 773.3174
190.01329064369202, 1.8015, 4.9781, 767.4299
192.01342868804932, 1.8015, 4.9821, 761.6615
194.0135142803192, 1.8015, 4.9862, 756.2518
196.01362705230713, 1.8015, 4.99, 750.4818
198.01371240615845, 1.8015, 4.994, 744.9679
200.01384711265564, 1.8015, 4.9977, 739.9729
202.0139331817627, 1.8015, 5.0015, 734.9344
204.01403427124023, 1.8014, 5.005, 729.8623
206.0141155719757, 1.8015, 5.0087, 724.667
208.01421904563904, 1.8015, 5.0118, 719.2691
210.0143015384674, 1.8015, 5.0155, 714.6378
212.0143826007843, 1.8015, 5.0191, 710.0202
214.01445960998535, 1.8014, 5.0224, 705.4875
216.01453566551208, 1.8014, 5.0259, 700.7983
218.01462078094482, 1.8014, 5.0294, 695.7563
220.01471614837646, 1.8014, 5.0328, 691.9186
222.01480293273926, 1.8015, 5.0361, 687.2931
224.0149438381195, 1.8014, 5.0395, 683.1882
226.0150763988495, 1.8015, 5.0429, 679.2723
228.0151665210724, 1.8015, 5.0455, 675.3203
230.01525473594666, 1.8014, 5.0493, 670.642
232.01534008979797, 1.8014, 5.052, 666.5675
234.01542448997498, 1.8014, 5.0551, 663.3004
236.01551747322083, 1.8014, 5.058, 659.8354
238.01562476158142, 1.8015, 5.0612, 655.9543
240.01571917533875, 1.8014, 5.0641, 652.5338
242.01580142974854, 1.8014, 5.0668, 649.6387
244.01590156555176, 1.8014, 5.0696, 646.4515
246.01598954200745, 1.8014, 5.0722, 642.8146
248.0160858631134, 1.8014, 5.0751, 639.5739
250.01619338989258, 1.8014, 5.0775, 636.2784
252.01627707481384, 1.8014, 5.0807, 632.7124
254.01638197898865, 1.8014, 5.0832, 629.4012
256.0165183544159, 1.8014, 5.0859, 626.1615
258.01666355133057, 1.8014, 5.0885, 622.9439
260.01679730415344, 1.8014, 5.0916, 619.9863
262.0169153213501, 1.8014, 5.094, 617.1625
264.0170199871063, 1.8014, 5.0965, 614.5238
266.01712441444397, 1.8014, 5.0988, 611.9815
268.01722145080566, 1.8014, 5.1013, 609.4412
270.01730585098267, 1.8014, 5.1038, 606.718
272.0174140930176, 1.8014, 5.106, 604.3747
274.0175166130066, 1.8014, 5.1084, 601.7773
276.01766324043274, 1.8014, 5.1108, 599.1449
278.0177676677704, 1.8014, 5.1128, 595.9796
280.01786160469055, 1.8014, 5.1158, 592.9056
282.01796436309814, 1.8014, 5.118, 590.0501
284.0180506706238, 1.8014, 5.1204, 587.5176
286.018187046051, 1.8014, 5.1226, 584.6608
288.0182731151581, 1.8014, 5.1252, 581.8537
290.01837849617004, 1.8014, 5.1277, 579.703
292.01848316192627, 1.8014, 5.1299, 577.2918
294.0185854434967, 1.8014, 5.1319, 575.0927
296.01868653297424, 1.8014, 5.134, 573.0846
298.0187888145447, 1.8014, 5.1363, 571.0434
300.01889157295227, 1.8014, 5.1382, 568.9237
302.0189929008484, 1.8014, 5.14, 566.7378
304.0191321372986, 1.8014, 5.142, 564.9324
306.0192356109619, 1.8014, 5.1441, 562.572
308.0193364620209, 1.8014, 5.1463, 560.2173
310.01944041252136, 1.8013, 5.1483, 558.0257
312.01952600479126, 1.8014, 5.1505, 556.229
314.01961159706116, 1.8014, 5.1524, 554.7197
316.01971459388733, 1.8014, 5.1542, 553.0357
318.0198178291321, 1.8014, 5.156, 550.6213
320.01991844177246, 1.8014, 5.1582, 548.0789
322.020015001297, 1.8013, 5.1601, 546.1738
324.02011036872864, 1.8014, 5.1618, 544.775
326.0202510356903, 1.8014, 5.1638, 542.4376
328.0203514099121, 1.8014, 5.1658, 540.827
330.0204405784607, 1.8013, 5.1676, 538.9663
332.02053928375244, 1.8013, 5.1693, 537.6083
334.0206265449524, 1.8014, 5.1709, 536.2673
336.0207254886627, 1.8014, 5.1729, 534.2779
338.02081084251404, 1.8014, 5.1747, 532.1338
340.02089643478394, 1.8014, 5.1766, 530.472
342.020977973938, 1.8013, 5.1781, 528.8966
344.0210614204407, 1.8014, 5.1796, 527.6901
346.0211625099182, 1.8013, 5.1817, 526.1067
348.02124786376953, 1.8014, 5.1831, 524.4457
350.02132844924927, 1.8013, 5.1846, 523.2049
352.0214304924011, 1.8013, 5.1861, 521.9219
354.02153277397156, 1.8013, 5.1876, 520.5843
356.0216336250305, 1.8013, 5.1891, 518.9737
358.0217356681824, 1.8013, 5.1908, 517.7333
360.0218255519867, 1.8013, 5.1926, 515.7538
362.021959066391, 1.8013, 5.1943, 514.168
364.02209424972534, 1.8013, 5.1958, 512.6934
366.0221951007843, 1.8013, 5.1976, 511.1138
368.0222873687744, 1.8014, 5.1993, 509.9393
370.0223672389984, 1.8013, 5.2006, 508.2292
372.0224587917328, 1.8013, 5.2022, 506.7352
374.02254271507263, 1.8013, 5.2035, 505.7203
376.0226287841797, 1.8013, 5.205, 504.5829
378.0227098464966, 1.8013, 5.2063, 503.5708
380.02281165122986, 1.8013, 5.2075, 502.2658
382.0229091644287, 1.8013, 5.2091, 500.754
384.0230073928833, 1.8013, 5.2106, 499.3852
386.02310490608215, 1.8013, 5.212, 497.9757
388.02318954467773, 1.8013, 5.2135, 496.9727
390.0232677459717, 1.8013, 5.2149, 495.3495
392.02334809303284, 1.8013, 5.2166, 493.7957
394.02343702316284, 1.8013, 5.2182, 492.4694
396.02352261543274, 1.8013, 5.2193, 491.7721
398.02360463142395, 1.8013, 5.2206, 490.4266
400.02370953559875, 1.8013, 5.2217, 489.3402
402.02380871772766, 1.8013, 5.2229, 488.4655
404.023912191391, 1.8013, 5.2241, 487.3557
406.02401542663574, 1.8013, 5.2253, 486.4793
408.02410912513733, 1.8013, 5.2267, 485.5092
410.0242521762848, 1.8013, 5.2279, 484.5646
412.02438616752625, 1.8013, 5.2292, 483.2899
414.02447032928467, 1.8013, 5.2302, 482.2189
416.0245714187622, 1.8013, 5.2314, 481.2118
418.0246729850769, 1.8013, 5.2327, 480.6372
420.02475595474243, 1.8013, 5.2335, 479.8805
422.0248591899872, 1.8013, 5.2346, 478.7861
424.0249409675598, 1.8013, 5.2358, 477.8973
426.0250747203827, 1.8013, 5.2369, 477.1334
428.0251705646515, 1.8013, 5.238, 475.9892
430.0252573490143, 1.8013, 5.2391, 475.1586
432.0253369808197, 1.8013, 5.2402, 473.8831
434.0254259109497, 1.8013, 5.2414, 473.1338
436.02556228637695, 1.8013, 5.2424, 471.9728
438.02570819854736, 1.8013, 5.2438, 470.8462
440.02584195137024, 1.8013, 5.2447, 470.288
442.0259394645691, 1.8013, 5.2456, 469.6079
444.02604365348816, 1.8013, 5.2467, 468.3001
446.0261781215668, 1.8013, 5.2479, 467.1892
448.026319026947, 1.8013, 5.2491, 466.1172
450.02641201019287, 1.8013, 5.2502, 465.3477
452.02651476860046, 1.8013, 5.251, 464.8552
454.02661991119385, 1.8013, 5.2522, 463.775
456.0267267227173, 1.8013, 5.2533, 463.0687
458.02681136131287, 1.8013, 5.2543, 462.477
460.0269205570221, 1.8013, 5.2553, 461.6127
462.0270094871521, 1.8013, 5.2564, 460.7838
464.02711296081543, 1.8012, 5.2571, 460.0091
466.0272207260132, 1.8012, 5.2583, 459.3299
468.02732157707214, 1.8013, 5.2592, 458.4315
470.02746534347534, 1.8013, 5.2602, 457.7514
472.0275545120239, 1.8013, 5.261, 456.9785
474.02765226364136, 1.8013, 5.2621, 456.3038
476.0277509689331, 1.8013, 5.263, 455.6345
478.0278856754303, 1.8013, 5.264, 454.7419
480.027982711792, 1.8013, 5.2648, 454.28
482.0280683040619, 1.8013, 5.2655, 453.572
484.02816891670227, 1.8013, 5.2665, 452.6846
486.0282483100891, 1.8013, 5.2673, 452.2976
488.02832984924316, 1.8013, 5.2681, 451.676
490.02842569351196, 1.8013, 5.2688, 451.1514
492.0285310745239, 1.8013, 5.2697, 450.3506
494.02863574028015, 1.8012, 5.2707, 449.4932
496.02873969078064, 1.8013, 5.2715, 448.9451
498.0288414955139, 1.8013, 5.2724, 448.1325
500.02897334098816, 1.8012, 5.2733, 447.2673
502.0290825366974, 1.8012, 5.2743, 446.4519
504.0291693210602, 1.8013, 5.2751, 445.823
506.02930331230164, 1.8013, 5.276, 445.3627
508.02939438819885, 1.8013, 5.2766, 445.0633
510.0295355319977, 1.8012, 5.2773, 444.2562
512.0296380519867, 1.8013, 5.278, 443.7194
514.0297431945801, 1.8012, 5.2789, 442.9467
516.0298433303833, 1.8012, 5.2799, 442.3036
518.0299341678619, 1.8012, 5.2807, 441.6056
520.030027627945, 1.8012, 5.2816, 440.7889
522.0301263332367, 1.8012, 5.2824, 440.2827
524.0302233695984, 1.8012, 5.2829, 440.2821
526.0303087234497, 1.8012, 5.2834, 440.0287
528.0303866863251, 1.8012, 5.2841, 439.4002
530.0304796695709, 1.8012, 5.2848, 438.7368
532.0305638313293, 1.8012, 5.2856, 438.1322
534.0307066440582, 1.8012, 5.2863, 437.7288
536.0307853221893, 1.8012, 5.287, 437.1296
538.0308859348297, 1.8012, 5.2877, 436.6524
540.0309646129608, 1.8012, 5.288, 436.1205
542.0310649871826, 1.8012, 5.2889, 435.3991
544.0311424732208, 1.8012, 5.2897, 435.0353
546.0312442779541, 1.8012, 5.2904, 434.5446
548.0313255786896, 1.8012, 5.291, 433.8154
550.0314042568207, 1.8012, 5.2918, 433.2425
552.0314831733704, 1.8012, 5.2926, 432.8637
554.0315840244293, 1.8012, 5.2932, 432.31
556.0316691398621, 1.8012, 5.2944, 431.5579
558.0317735671997, 1.8012, 5.2948, 431.0786
560.0318510532379, 1.8012, 5.2956, 430.6762
562.031988620758, 1.8012, 5.2962, 430.343
564.0320732593536, 1.8013, 5.2967, 429.6897
566.032169342041, 1.8012, 5.2976, 429.2633
568.032304763794, 1.8012, 5.2982, 428.7956
570.0323877334595, 1.8012, 5.2986, 428.4934
572.0325243473053, 1.8012, 5.2994, 428.015
574.0326209068298, 1.8012, 5.3, 427.3168
576.032763004303, 1.8012, 5.3007, 426.7612
578.0328435897827, 1.8012, 5.3015, 426.2816
580.03293633461, 1.8012, 5.302, 425.9319
582.033052444458, 1.8012, 5.3025, 425.7367
584.0331873893738, 1.8012, 5.3031, 425.3851
586.0332760810852, 1.8013, 5.3034, 424.9081
588.0333688259125, 1.8012, 5.304, 424.7231
590.0334589481354, 1.8012, 5.3043, 424.5648
592.0335564613342, 1.8012, 5.3048, 423.9721
594.0336401462555, 1.8012, 5.3055, 423.5757
596.0337283611298, 1.8012, 5.3061, 423.1538
598.0338249206543, 1.8012, 5.3066, 422.8495
600.0339200496674, 1.8012, 5.307, 422.6445
602.0340023040771, 1.8012, 5.3073, 422.2852
604.0341053009033, 1.8012, 5.308, 421.8772
606.0342047214508, 1.8012, 5.3086, 421.422
608.0343158245087, 1.8012, 5.3091, 420.9915
610.034398317337, 1.8012, 5.3095, 420.7062
612.0345003604889, 1.8012, 5.3102, 419.9043
614.0345861911774, 1.8012, 5.3109, 419.3812
616.0346691608429, 1.8012, 5.3113, 419.4119
618.0347728729248, 1.8012, 5.3117, 419.2005
620.0348608493805, 1.8012, 5.3121, 419.0671
622.0349640846252, 1.8012, 5.3123, 418.5667
624.0350406169891, 1.8012, 5.313, 418.0473
626.0351412296295, 1.8012, 5.3136, 417.5673
628.0352261066437, 1.8012, 5.3142, 417.0481
630.035311460495, 1.8012, 5.3147, 416.4298
632.0353920459747, 1.8012, 5.3157, 415.6503
634.0354914665222, 1.8012, 5.3164, 415.1232
636.0355732440948, 1.8012, 5.3169, 414.8226
638.0356709957123, 1.8012, 5.3176, 414.4476
640.0357592105865, 1.8012, 5.3182, 414.0307
642.0358607769012, 1.8012, 5.3187, 413.8093
644.0359618663788, 1.8012, 5.3192, 413.3212
646.0360622406006, 1.8012, 5.3197, 413.0533
648.0361442565918, 1.8012, 5.3202, 413.0429
650.0362432003021, 1.8012, 5.3205, 412.9348
652.0363671779633, 1.8012, 5.3209, 412.3686
654.0364532470703, 1.8012, 5.3213, 412.0197
656.0365884304047, 1.8012, 5.322, 411.5951
658.0366842746735, 1.8012, 5.3224, 411.2428
660.0367767810822, 1.8012, 5.323, 411.032
662.0368790626526, 1.8011, 5.3236, 410.4717
664.0370125770569, 1.8012, 5.3241, 410.1589
666.037116765976, 1.8012, 5.3244, 410.0376
668.0372087955475, 1.8012, 5.3248, 409.6936
670.0373423099518, 1.8012, 5.3253, 409.587
672.0374276638031, 1.8012, 5.3255, 409.2372
674.037531375885, 1.8012, 5.326, 408.8428
676.0376274585724, 1.8012, 5.3266, 408.7446
678.0377311706543, 1.8012, 5.3269, 408.6122
680.0378203392029, 1.8012, 5.3271, 408.4689
682.037924528122, 1.8012, 5.3275, 408.107
684.0380303859711, 1.8012, 5.328, 407.7048
686.0381219387054, 1.8012, 5.3285, 407.2741
688.0382030010223, 1.8012, 5.3291, 406.7923
690.0383079051971, 1.8012, 5.3294, 406.6127
692.0383913516998, 1.8012, 5.3296, 406.3873
694.0384719371796, 1.8012, 5.3298, 406.304
696.0385746955872, 1.8012, 5.3301, 406.2322
698.0386762619019, 1.8011, 5.3305, 405.8342
700.0387651920319, 1.8012, 5.3309, 405.5026
702.0388462543488, 1.8012, 5.3314, 405.2487
704.0389478206635, 1.8011, 5.332, 404.7669
706.0390470027924, 1.8012, 5.3325, 404.4423
708.0391447544098, 1.8012, 5.3327, 404.2165
710.03923869133, 1.8012, 5.3331, 403.9271
712.0393414497375, 1.8011, 5.3333, 403.7043
714.0394444465637, 1.8012, 5.334, 403.445
716.0395476818085, 1.8011, 5.3343, 403.1789
718.0396504402161, 1.8011, 5.3347, 402.8326
720.0397362709045, 1.8011, 5.335, 402.7102
722.0398395061493, 1.8011, 5.3352, 402.7523
724.0399253368378, 1.8011, 5.3356, 402.3719
726.0400631427765, 1.8012, 5.336, 402.1045
728.0401465892792, 1.8011, 5.3363, 401.9732
730.040246963501, 1.8012, 5.3366, 401.9357
732.0403499603271, 1.8011, 5.337, 401.612
734.0404381752014, 1.8011, 5.3375, 401.0948
736.0405249595642, 1.8011, 5.3377, 400.9396
738.0406231880188, 1.8011, 5.3381, 400.8703
740.0407264232635, 1.8012, 5.3384, 400.7743
742.0408277511597, 1.8011, 5.3385, 400.5506
744.0409314632416, 1.8011, 5.3388, 400.3773
746.0410721302032, 1.8012, 5.3391, 399.9066
748.0411729812622, 1.8012, 5.3394, 399.7496
750.0412490367889, 1.8011, 5.3398, 399.4206
752.0413823127747, 1.8011, 5.3403, 399.0357
754.0414621829987, 1.8011, 5.3407, 398.713
756.0415418148041, 1.8011, 5.3412, 398.429
758.0416221618652, 1.8011, 5.3415, 398.174
760.0417523384094, 1.8011, 5.3418, 398.134
762.0418555736542, 1.8011, 5.3422, 397.7818
764.0419371128082, 1.8011, 5.3427, 397.3451
766.04203748703, 1.8012, 5.3431, 397.1977
768.0421714782715, 1.8011, 5.3434, 396.9501
770.0422537326813, 1.8012, 5.3438, 396.703
772.0423877239227, 1.8011, 5.3442, 396.4055
774.0425198078156, 1.8012, 5.3447, 396.0953
776.0426206588745, 1.8011, 5.345, 395.8914
778.0427198410034, 1.8011, 5.3453, 395.787
780.0428183078766, 1.8011, 5.3457, 395.3742
782.042959690094, 1.8011, 5.3461, 395.3609
784.0430452823639, 1.8011, 5.3464, 394.9527
786.0431270599365, 1.8011, 5.3468, 394.5465
788.0432090759277, 1.8011, 5.347, 394.4113
790.0433037281036, 1.8011, 5.3473, 394.3664
792.0434355735779, 1.8011, 5.3477, 394.2308
794.0435190200806, 1.8011, 5.348, 393.9702
796.043615102768, 1.8011, 5.3482, 393.7949
798.043740272522, 1.8011, 5.3485, 393.6705
800.0438692569733, 1.8011, 5.3487, 393.7561
802.043967962265, 1.8011, 5.3488, 393.5506
804.044100522995, 1.8011, 5.3489, 393.4943
806.0442430973053, 1.8011, 5.3491, 393.3792
808.0443785190582, 1.8011, 5.3494, 393.1501
810.0444631576538, 1.8011, 5.3498, 392.9467
812.0445580482483, 1.8011, 5.35, 392.8598
814.044647693634, 1.8011, 5.3503, 392.4201
816.0447447299957, 1.8011, 5.3508, 392.0654
818.0448489189148, 1.8011, 5.3512, 391.9159
820.0449502468109, 1.8012, 5.3518, 391.4862
822.0450477600098, 1.8011, 5.3522, 391.1351
824.0451488494873, 1.8012, 5.3523, 391.2323
826.0452518463135, 1.8011, 5.3523, 391.3292
828.0453553199768, 1.8011, 5.3524, 391.431
830.0454592704773, 1.8011, 5.3524, 391.3764
832.0455417633057, 1.8011, 5.3528, 391.0061
834.0456230640411, 1.8012, 5.3532, 390.6172
836.0457026958466, 1.8011, 5.3533, 390.5186
838.0457816123962, 1.8011, 5.3536, 390.4018
840.0458695888519, 1.8011, 5.3538, 390.3219
842.0459563732147, 1.8011, 5.354, 390.1633
844.0460438728333, 1.8011, 5.3544, 389.8761
846.0461566448212, 1.8011, 5.3545, 390.12
848.0462691783905, 1.8011, 5.3547, 389.7522
850.0463621616364, 1.8011, 5.355, 389.5104
852.046468257904, 1.8011, 5.3554, 389.323
854.0465695858002, 1.8011, 5.3556, 388.8791
856.0466685295105, 1.8011, 5.3561, 388.8274
858.0467655658722, 1.8011, 5.3561, 388.8719
860.046875, 1.8011, 5.3562, 388.88
862.046957731247, 1.8011, 5.3563, 388.5513
864.047037601471, 1.8011, 5.3565, 388.4422
866.047120809555, 1.8011, 5.3567, 388.4452
868.0472025871277, 1.8011, 5.357, 388.1641
870.0473020076752, 1.8011, 5.3575, 387.7978
872.0473990440369, 1.8011, 5.3575, 387.7217
874.0475015640259, 1.8011, 5.3579, 387.6943
876.0476024150848, 1.8011, 5.3581, 387.4882
878.0476865768433, 1.8011, 5.3584, 387.1624
880.047839641571, 1.8011, 5.3585, 387.2472
882.0479273796082, 1.8011, 5.3587, 387.1886
884.0480165481567, 1.8011, 5.3591, 386.7375
886.048098564148, 1.8011, 5.3594, 386.5208
888.0482053756714, 1.8011, 5.3596, 386.4348
890.0483059883118, 1.8011, 5.3597, 386.3934
892.0484070777893, 1.8011, 5.3601, 386.045
894.0485081672668, 1.8011, 5.3608, 385.4003
896.0486087799072, 1.8011, 5.3611, 384.9496
898.0487101078033, 1.8011, 5.3613, 385.0584
900.0487957000732, 1.8011, 5.3615, 385.1306
902.048898935318, 1.8011, 5.3615, 385.1407
904.0489835739136, 1.8011, 5.3618, 384.9712
906.0490844249725, 1.8011, 5.3622, 384.7482
908.0491900444031, 1.8011, 5.3625, 384.3934
910.0492813587189, 1.8011, 5.3626, 384.5115
912.0493807792664, 1.8011, 5.3627, 384.496
914.0494875907898, 1.8011, 5.363, 384.345
916.0495665073395, 1.8011, 5.3631, 384.1809
918.0496492385864, 1.8011, 5.3632, 384.1292
920.0497486591339, 1.8011, 5.3633, 384.1158
922.0498487949371, 1.8011, 5.3634, 384.0551
924.0499496459961, 1.8011, 5.3635, 383.8157
926.0500903129578, 1.8011, 5.3638, 383.6669
928.0502169132233, 1.8011, 5.364, 383.49
930.0503199100494, 1.8011, 5.3642, 383.256
932.0504031181335, 1.8011, 5.3646, 382.9135
934.0505032539368, 1.8011, 5.3651, 382.5791
936.0506286621094, 1.8011, 5.3656, 382.2912
938.0507295131683, 1.8011, 5.3659, 382.0486
940.0508389472961, 1.8011, 5.3663, 381.9337
942.0509326457977, 1.8011, 5.3664, 381.6794
944.051034450531, 1.8011, 5.3668, 381.5946
946.0511348247528, 1.8011, 5.3669, 381.3682
948.0512354373932, 1.8011, 5.3674, 381.2576
950.0513391494751, 1.8011, 5.3677, 380.9658
952.0514423847198, 1.8011, 5.368, 380.636
954.0515365600586, 1.8011, 5.3683, 380.553
956.0516726970673, 1.8011, 5.3684, 380.6695
958.0517745018005, 1.8011, 5.3685, 380.6884
960.0518727302551, 1.8011, 5.3686, 380.5454
962.051974773407, 1.8011, 5.3687, 380.1342
964.0520768165588, 1.8011, 5.3689, 380.0711
966.0522208213806, 1.8011, 5.369, 380.1947
968.052303314209, 1.8011, 5.3691, 380.0121
970.0523865222931, 1.801, 5.3694, 380.029
972.0524868965149, 1.8011, 5.3697, 379.9224
974.0525867938995, 1.8011, 5.3699, 379.9399
976.0526869297028, 1.8011, 5.3699, 379.9114
978.0527846813202, 1.8011, 5.3699, 379.9152
980.0528857707977, 1.8011, 5.3701, 379.9519
982.0529906749725, 1.8011, 5.3702, 379.73
984.0530927181244, 1.8011, 5.3706, 379.3826
986.0532281398773, 1.8011, 5.3711, 378.834
988.0533287525177, 1.8011, 5.3714, 378.8044
990.0534172058105, 1.8011, 5.3715, 378.806
992.053505897522, 1.8011, 5.3716, 379.0166
994.0536463260651, 1.8011, 5.3716, 379.0658
996.0537796020508, 1.8011, 5.3716, 379.15
998.0539064407349, 1.8011, 5.3718, 378.9109
1000.0539996623993, 1.8011, 5.372, 378.5877
1002.0541007518768, 1.8011, 5.3724, 378.384
1004.0542001724243, 1.8011, 5.3726, 378.0711
1006.0543372631073, 1.8011, 5.3728, 377.8954
1008.0544376373291, 1.8011, 5.373, 377.8066
1010.0545225143433, 1.8011, 5.3731, 377.7194
1012.0546252727509, 1.8011, 5.3733, 377.7799
1014.0547256469727, 1.8011, 5.3734, 377.7111
1016.0548329353333, 1.8011, 5.3734, 377.686
1018.0549328327179, 1.8011, 5.3736, 377.7205
1020.0550351142883, 1.8011, 5.3735, 377.4832
1022.0551257133484, 1.8011, 5.3739, 377.0727
1024.0552172660828, 1.8011, 5.3742, 377.128
1026.055302143097, 1.8011, 5.3742, 377.0767
1028.0553936958313, 1.8011, 5.3748, 376.6831
1030.0554790496826, 1.8011, 5.375, 376.5911
1032.0555851459503, 1.8011, 5.3752, 376.6074
1034.0556905269623, 1.8011, 5.3753, 376.3669
1036.0557923316956, 1.8011, 5.3754, 376.3791
1038.0558955669403, 1.8011, 5.3755, 376.113
1040.0559992790222, 1.8011, 5.3759, 376.0265
1042.0561022758484, 1.8011, 5.3761, 375.7553
1044.0562019348145, 1.8011, 5.3762, 375.9144
1046.0562863349915, 1.8011, 5.3763, 375.9406
1048.056390762329, 1.8011, 5.3763, 375.8648
1050.0565247535706, 1.8011, 5.3765, 375.7991
1052.0566251277924, 1.8011, 5.3766, 375.6238
1054.0567185878754, 1.8011, 5.3768, 375.4532
1056.0568087100983, 1.8011, 5.377, 375.1718
1058.0569427013397, 1.8011, 5.3773, 374.8718
1060.057079076767, 1.8011, 5.3775, 374.738
1062.057168006897, 1.8011, 5.3777, 374.8726
1064.0572526454926, 1.8011, 5.3779, 374.6529
1066.0573406219482, 1.8011, 5.3781, 374.5299
1068.0574731826782, 1.8011, 5.3781, 374.6013
1070.0575578212738, 1.8011, 5.3783, 374.1904
1072.057692527771, 1.8011, 5.3789, 373.8367
1074.0577793121338, 1.8011, 5.3791, 373.8969
1076.0578665733337, 1.8011, 5.3792, 373.8212
1078.0579528808594, 1.8011, 5.3795, 373.5838
1080.0580885410309, 1.8011, 5.3796, 373.6931
1082.0581896305084, 1.8011, 5.3796, 373.7208
1084.058275461197, 1.8011, 5.38, 373.5062
1086.058376789093, 1.8011, 5.38, 373.3366
1088.0584564208984, 1.8011, 5.3804, 372.9225
1090.0585572719574, 1.8011, 5.3807, 372.9377
1092.0586512088776, 1.8011, 5.3805, 373.1653
1094.058791399002, 1.8011, 5.3804, 373.5736
1096.058928489685, 1.8011, 5.3803, 373.544
1098.0590317249298, 1.8011, 5.3805, 373.2337
1100.0591344833374, 1.8011, 5.3809, 372.8584
1102.059233903885, 1.8011, 5.381, 372.5701
1104.0593140125275, 1.8011, 5.3812, 372.585
1106.0594153404236, 1.8011, 5.3814, 372.5046
1108.0595502853394, 1.801, 5.3815, 372.323
1110.0596413612366, 1.8011, 5.3818, 372.2002
1112.059743642807, 1.8011, 5.3819, 372.2448
1114.0598249435425, 1.8011, 5.3823, 372.1236
1116.0599255561829, 1.8011, 5.3823, 372.1552
1118.0600247383118, 1.8011, 5.3823, 372.0943
1120.0601258277893, 1.8011, 5.3826, 372.0108
1122.060210466385, 1.8011, 5.3827, 371.7996
1124.0603392124176, 1.8011, 5.383, 371.3589
1126.0604224205017, 1.8011, 5.3833, 370.8798
1128.0605254173279, 1.8011, 5.3838, 370.8038
1130.0606141090393, 1.8011, 5.384, 370.8361
1132.0607159137726, 1.8011, 5.3843, 370.8581
1134.0608122348785, 1.8011, 5.3843, 370.7652
1136.060922384262, 1.8011, 5.3844, 370.6596
1138.0610129833221, 1.8011, 5.3848, 370.5361
1140.0611124038696, 1.8011, 5.3846, 370.5304
1142.0612030029297, 1.8011, 5.3848, 370.4124
1144.0613043308258, 1.8011, 5.3851, 370.0896
1146.061388015747, 1.8011, 5.3855, 369.6197
1148.061472415924, 1.8011, 5.3856, 369.8219
1150.0615735054016, 1.8011, 5.3858, 369.7882
1152.0616557598114, 1.8011, 5.3859, 369.6086
1154.0617549419403, 1.8011, 5.386, 369.958
1156.0618438720703, 1.8011, 5.386, 370.0521
1158.0619282722473, 1.8011, 5.3859, 370.2233
1160.0620279312134, 1.8011, 5.386, 370.1063
1162.062106847763, 1.8011, 5.3861, 370.0878
1164.0622475147247, 1.8011, 5.3862, 370.0519
1166.062350988388, 1.8011, 5.3862, 370.0263
1168.0624537467957, 1.8011, 5.386, 370.1036
1170.0625538825989, 1.8011, 5.3861, 369.8669
1172.0626566410065, 1.8011, 5.3862, 369.5219
1174.0627403259277, 1.8011, 5.3866, 369.432
1176.062826871872, 1.8011, 5.3868, 369.5358
1178.0629212856293, 1.8011, 5.3867, 369.3825
1180.0630073547363, 1.8011, 5.3869, 369.2768
1182.0630872249603, 1.8011, 5.3871, 369.0415
1184.0632238388062, 1.8011, 5.3874, 368.8357
1186.0633237361908, 1.8011, 5.3877, 368.6428
1188.06343126297, 1.8011, 5.388, 368.4963
1190.063530921936, 1.8011, 5.3882, 368.4497
1192.0636291503906, 1.8011, 5.3884, 368.2129
1194.0637168884277, 1.801, 5.3887, 367.9288
1196.0638177394867, 1.8011, 5.3888, 367.9353
1198.0639026165009, 1.8011, 5.3891, 368.0403
1200.0640382766724, 1.8011, 5.3891, 368.1087
1202.064139842987, 1.8011, 5.3892, 367.9891
1204.0642437934875, 1.8011, 5.3892, 367.7683
1206.0643424987793, 1.8011, 5.3897, 367.564
1208.0644235610962, 1.8011, 5.3897, 367.6642
1210.0645253658295, 1.8011, 5.3897, 367.5353
1212.0646283626556, 1.8011, 5.3898, 367.4943
1214.0647575855255, 1.8011, 5.3901, 367.1086
1216.0648396015167, 1.8011, 5.3903, 366.5092
1218.0649769306183, 1.8011, 5.3909, 366.4177
1220.0650689601898, 1.8011, 5.3913, 366.1913
1222.0651528835297, 1.8011, 5.3914, 366.2007
1224.0652868747711, 1.8011, 5.3919, 366.0102
1226.0653738975525, 1.8011, 5.3921, 365.9018
1228.065463066101, 1.8011, 5.3923, 365.8179
1230.0655982494354, 1.8011, 5.3923, 365.8946
1232.0657031536102, 1.8011, 5.3924, 365.8065
1234.0658099651337, 1.8011, 5.3927, 365.4876
1236.0659129619598, 1.8011, 5.3929, 365.3442
1238.0660257339478, 1.8011, 5.3931, 365.2213
1240.0661270618439, 1.8011, 5.3932, 365.139
1242.0662286281586, 1.8011, 5.3934, 364.9118
1244.0663278102875, 1.8011, 5.3938, 364.7362
1246.0664281845093, 1.8011, 5.3939, 364.991
1248.066524028778, 1.8011, 5.3939, 364.9329
1250.0666267871857, 1.8011, 5.3942, 364.5896
1252.066728591919, 1.8011, 5.3945, 364.5028
1254.0668261051178, 1.8011, 5.3945, 364.6196
1256.0669193267822, 1.8011, 5.3946, 364.5354
1258.067020893097, 1.8011, 5.3948, 364.5503
1260.067099571228, 1.8011, 5.3948, 364.6319
1262.0671982765198, 1.8011, 5.3949, 364.4794
1264.0672821998596, 1.8011, 5.395, 364.4197
1266.0673613548279, 1.8011, 5.3952, 364.3296
1268.0674560070038, 1.8011, 5.3954, 364.2759
1270.0675628185272, 1.8011, 5.3955, 364.1677
1272.0676655769348, 1.8011, 5.3956, 363.8966
1274.0677688121796, 1.8011, 5.3959, 363.8537
1276.0678761005402, 1.801, 5.396, 363.5299
1278.0679795742035, 1.8011, 5.3961, 363.5404
1280.068059682846, 1.801, 5.3963, 363.3803
1282.068162202835, 1.8011, 5.3964, 362.9951
1284.068295955658, 1.8011, 5.3967, 362.9291
1286.0683970451355, 1.8011, 5.3969, 362.9653
1288.0685014724731, 1.8011, 5.3971, 363.0043
1290.0685820579529, 1.8011, 5.3972, 362.616
1292.0686829090118, 1.801, 5.3974, 362.429
1294.068766117096, 1.8011, 5.3979, 362.2901
1296.0688478946686, 1.8011, 5.3982, 362.1383
1298.0689823627472, 1.8011, 5.3985, 362.0614
1300.069073677063, 1.8011, 5.3985, 361.9426
1302.069209098816, 1.801, 5.3986, 361.8391
1304.0693011283875, 1.8011, 5.3988, 361.9012
1306.0693907737732, 1.8011, 5.3992, 361.6574
1308.0694797039032, 1.8011, 5.3996, 361.5814
1310.0695643424988, 1.8011, 5.3995, 361.6437
1312.0696971416473, 1.8011, 5.3996, 361.5289
1314.0697977542877, 1.8011, 5.3999, 361.4046
1316.0699095726013, 1.8011, 5.4, 361.365
1318.070012331009, 1.801, 5.4002, 361.0948
1320.0701467990875, 1.801, 5.4004, 361.0749
1322.0702278614044, 1.8011, 5.4006, 361.1119
1324.070321559906, 1.8011, 5.4005, 361.0345
1326.0704231262207, 1.8011, 5.4007, 360.8087
1328.0705020427704, 1.8011, 5.4008, 360.8316
1330.0705835819244, 1.8011, 5.4009, 360.7731
1332.0709886550903, 1.8011, 5.401, 360.8506
1334.0710723400116, 1.8011, 5.4012, 360.7396
1336.0711736679077, 1.8011, 5.4012, 360.7434
1338.0712733268738, 1.8011, 5.4014, 360.5757
1340.0713710784912, 1.8011, 5.4016, 360.3137
1342.0714712142944, 1.8011, 5.4018, 360.2807
1344.0715520381927, 1.8011, 5.402, 360.0828
1346.0716557502747, 1.8011, 5.4023, 359.917
1348.0717890262604, 1.8011, 5.4025, 359.9404
1350.0718739032745, 1.8011, 5.4026, 359.7018
1352.0719540119171, 1.8011, 5.4027, 359.562
1354.072036743164, 1.8011, 5.4027, 359.6826
1356.072121143341, 1.8011, 5.403, 359.243
1358.0722105503082, 1.8011, 5.4034, 358.9087
1360.0723114013672, 1.8011, 5.4036, 358.9999
1362.0723931789398, 1.8011, 5.4039, 358.8885
1364.0724952220917, 1.8011, 5.4041, 358.6959
1366.072597503662, 1.8011, 5.4043, 358.6381
1368.072698354721, 1.8011, 5.4045, 358.49
1370.0727787017822, 1.8011, 5.4047, 358.3727
1372.0728797912598, 1.8011, 5.4048, 358.5231
1374.072981595993, 1.8011, 5.4046, 358.5909
1376.0730845928192, 1.8011, 5.4049, 358.5157
1378.073186159134, 1.8011, 5.4049, 358.5215
1380.073269367218, 1.8011, 5.4048, 358.738
1382.0733604431152, 1.8011, 5.405, 358.3565
1384.0734612941742, 1.8011, 5.4052, 358.4176
1386.0735437870026, 1.8011, 5.4053, 358.0123
1388.0736236572266, 1.8011, 5.4055, 357.6007
1390.0737571716309, 1.801, 5.4058, 357.6082
1392.0738596916199, 1.8011, 5.406, 357.6617
1394.0739614963531, 1.8011, 5.406, 357.6779
1396.0740687847137, 1.8011, 5.4061, 357.9382
1398.0741696357727, 1.8011, 5.4059, 357.8884
1400.0742712020874, 1.8011, 5.406, 357.9216
1402.0743701457977, 1.801, 5.4061, 357.7066
1404.0745017528534, 1.8011, 5.4063, 357.4429
1406.074598312378, 1.8011, 5.4068, 357.1087
1408.0747375488281, 1.801, 5.407, 357.1505
1410.0748407840729, 1.8011, 5.407, 357.3499
1412.074942111969, 1.801, 5.4071, 356.9234
1414.0750424861908, 1.8011, 5.4073, 356.8514
1416.0751419067383, 1.8011, 5.4073, 356.7427
1418.075275182724, 1.8011, 5.4076, 356.8201
1420.0753588676453, 1.8011, 5.4076, 356.9857
1422.0754432678223, 1.801, 5.4076, 356.8058
1424.0755336284637, 1.8011, 5.4076, 356.831
1426.075635433197, 1.801, 5.4074, 357.0537
1428.0757403373718, 1.801, 5.4073, 357.3516
1430.0758414268494, 1.8011, 5.4072, 357.3637
1432.0759427547455, 1.801, 5.4072, 357.6254
1434.0760428905487, 1.801, 5.4072, 357.3695
1436.0761432647705, 1.801, 5.4074, 357.2076
1438.076243877411, 1.801, 5.4075, 357.1121
1440.0763320922852, 1.801, 5.4075, 357.1165
1442.0764133930206, 1.8011, 5.4077, 356.8622
1444.0765132904053, 1.8011, 5.4079, 356.635
1446.0765957832336, 1.8011, 5.4084, 356.3941
1448.0767030715942, 1.8011, 5.4086, 356.3898
1450.0768077373505, 1.8011, 5.4086, 356.3979
1452.0769164562225, 1.8011, 5.4087, 356.3451
1454.0770165920258, 1.8011, 5.409, 355.9341
1456.0771100521088, 1.8011, 5.4092, 355.7337
1458.0772142410278, 1.8011, 5.4094, 355.9953
1460.0773494243622, 1.801, 5.4092, 356.3139
1462.0774657726288, 1.8011, 5.4089, 356.3415
1464.0776176452637, 1.8011, 5.4089, 356.2395
1466.0777049064636, 1.801, 5.4089, 356.3751
1468.077803850174, 1.8011, 5.4092, 356.2495
1470.0779671669006, 1.8011, 5.4094, 356.0337
1472.0781104564667, 1.8011, 5.4094, 355.9457
1474.0782070159912, 1.8011, 5.4093, 356.0222
1476.0783410072327, 1.801, 5.4093, 356.1624
1478.0784449577332, 1.8011, 5.409, 356.1724
1480.0785429477692, 1.8011, 5.4093, 356.3136
1482.0786347389221, 1.8011, 5.4093, 356.1716
1484.0787189006805, 1.8011, 5.4094, 355.9757
1486.078804731369, 1.801, 5.4097, 355.7419
1488.0788927078247, 1.801, 5.41, 355.5628
1490.079000711441, 1.8011, 5.4101, 355.4246
1492.0791363716125, 1.8011, 5.4105, 354.9664
1494.0792236328125, 1.8011, 5.4108, 354.8586
1496.0793070793152, 1.8011, 5.411, 354.9779
1498.079440355301, 1.8011, 5.411, 354.9441
1500.0795423984528, 1.801, 5.4111, 354.8484
1502.0796263217926, 1.801, 5.4113, 354.6879
1504.0797274112701, 1.8011, 5.4114, 354.5697
1506.079827785492, 1.8011, 5.4117, 354.3571
1508.0799360275269, 1.8011, 5.4119, 354.2891
1510.0800387859344, 1.801, 5.4121, 354.119
1512.08012342453, 1.801, 5.4124, 353.8462
1514.0802164077759, 1.8011, 5.4126, 353.9271
1516.0803110599518, 1.801, 5.4128, 353.728
1518.080397605896, 1.801, 5.413, 353.5778
1520.080486536026, 1.801, 5.4131, 353.4179
1522.0805699825287, 1.8011, 5.4135, 353.1449
1524.080671787262, 1.801, 5.4137, 352.7957
1526.0807750225067, 1.801, 5.414, 352.7921
1528.0808601379395, 1.801, 5.4142, 352.4742
1530.08096241951, 1.801, 5.4147, 352.4116
1532.0810487270355, 1.8011, 5.4147, 352.7645
1534.0811462402344, 1.8011, 5.4143, 353.2302
1536.081242799759, 1.801, 5.4141, 353.4313
1538.081337928772, 1.801, 5.4139, 353.4959
1540.0814273357391, 1.8011, 5.414, 353.2991
1542.081515789032, 1.8011, 5.4139, 353.5274
1544.0816144943237, 1.8011, 5.4139, 353.5421
1546.0817573070526, 1.8011, 5.414, 353.3317
1548.0818436145782, 1.8011, 5.4143, 353.019
1550.081949710846, 1.8011, 5.4145, 352.8824
1552.0820484161377, 1.8011, 5.4147, 352.9241
1554.0821418762207, 1.8011, 5.4145, 352.8375
1556.0822322368622, 1.8011, 5.4149, 352.7092
1558.0823330879211, 1.8011, 5.4151, 352.5788
1560.0824134349823, 1.8011, 5.4153, 352.4897
1562.0825154781342, 1.801, 5.4155, 352.4216
1564.0826160907745, 1.8011, 5.4156, 352.3973
1566.08269906044, 1.801, 5.4155, 352.434
1568.0827858448029, 1.8011, 5.4156, 352.147
1570.0829153060913, 1.801, 5.4159, 352.0262
1572.0830216407776, 1.8011, 5.4161, 351.8499
1574.0831201076508, 1.8011, 5.4163, 351.6992
1576.0832245349884, 1.801, 5.4164, 351.4942
1578.083333492279, 1.8011, 5.4168, 351.2945
1580.0834383964539, 1.801, 5.4171, 351.1434
1582.0835745334625, 1.8011, 5.4172, 350.9556
1584.0837123394012, 1.801, 5.4174, 350.8257
1586.0838055610657, 1.8011, 5.4179, 350.7596
1588.0838901996613, 1.801, 5.4179, 351.0084
1590.0839893817902, 1.8011, 5.4178, 351.1738
1592.0840957164764, 1.8011, 5.4178, 350.9454
1594.0841987133026, 1.801, 5.4179, 350.9609
1596.0843012332916, 1.8011, 5.418, 350.9147
1598.0843875408173, 1.8011, 5.418, 350.9681
1600.0845255851746, 1.8011, 5.4182, 350.7248
1602.084629535675, 1.8011, 5.4181, 350.3673
1604.0847311019897, 1.801, 5.4183, 350.4765
1606.084834098816, 1.801, 5.4183, 350.6624
1608.0849430561066, 1.801, 5.4185, 350.3608
1610.0850434303284, 1.801, 5.4188, 350.1551
1612.0851435661316, 1.8011, 5.419, 349.8229
1614.0852274894714, 1.8011, 5.4193, 350.1481
1616.0853221416473, 1.8011, 5.4195, 350.0261
1618.0854229927063, 1.8011, 5.4193, 350.1163
1620.0855066776276, 1.8011, 5.4195, 350.1078
1622.085586309433, 1.8011, 5.4196, 350.2069
1624.0856976509094, 1.8011, 5.4197, 350.0772
1626.08580160141, 1.8011, 5.4197, 350.1668
1628.0859060287476, 1.8011, 5.4199, 350.1062
1630.085990190506, 1.8011, 5.4198, 350.0056
1632.0860903263092, 1.8011, 5.4198, 349.9389
1634.086191892624, 1.8011, 5.4199, 349.944
1636.0862939357758, 1.8011, 5.4203, 349.6402
1638.0864276885986, 1.8011, 5.4204, 349.6006
1640.086529970169, 1.8011, 5.4205, 349.7687
1642.0866379737854, 1.8011, 5.4204, 349.709
1644.08673620224, 1.8011, 5.4204, 349.7057
1646.0868172645569, 1.8011, 5.4203, 349.3469
1648.0869188308716, 1.8011, 5.4207, 348.86
1650.0870151519775, 1.801, 5.4207, 349.1119
1652.0870995521545, 1.8011, 5.4211, 349.0822
1654.0872025489807, 1.8011, 5.4211, 348.9965
1656.0872972011566, 1.8011, 5.4213, 348.9413
1658.0874004364014, 1.801, 5.4215, 348.9106
1660.0874922275543, 1.8011, 5.4214, 348.9179
1662.0875797271729, 1.8011, 5.4215, 348.7249
1664.087660074234, 1.8011, 5.4216, 348.7031
1666.0877463817596, 1.8011, 5.4216, 348.8729
1668.0878298282623, 1.8011, 5.4216, 349.0613
1670.0879106521606, 1.8011, 5.4216, 348.7797
1672.0880479812622, 1.8011, 5.4217, 348.7855
1674.0881326198578, 1.8011, 5.4219, 348.9715
1676.088217973709, 1.8011, 5.4219, 348.9582
1678.0883469581604, 1.8011, 5.422, 348.7153
1680.0884325504303, 1.8011, 5.4222, 348.4958
1682.08851480484, 1.8011, 5.4222, 348.6732
1684.08860373497, 1.8011, 5.4223, 348.5029
1686.0887069702148, 1.8011, 5.4223, 348.5377
1688.0887978076935, 1.8011, 5.4224, 348.6672
1690.0888793468475, 1.801, 5.4223, 348.7127
1692.0889897346497, 1.801, 5.4223, 348.3646
1694.08909034729, 1.801, 5.4225, 348.0145
1696.0891757011414, 1.8011, 5.4229, 347.7849
1698.08926820755, 1.8011, 5.4231, 347.4937
1700.089371919632, 1.8011, 5.4234, 347.5021
1702.0894792079926, 1.8011, 5.4235, 347.6144
1704.0895578861237, 1.8011, 5.4235, 347.7922
1706.0896503925323, 1.8011, 5.4234, 347.8711
1708.0897397994995, 1.8011, 5.4232, 348.0381
1710.089879989624, 1.8011, 5.4232, 348.2103
1712.0899741649628, 1.8011, 5.4231, 348.2761
1714.0900747776031, 1.8011, 5.4231, 348.2443
1716.0901772975922, 1.8011, 5.423, 348.0246
1718.0902659893036, 1.8011, 5.4235, 347.5598
1720.0903573036194, 1.8011, 5.4239, 347.3921
1722.0904476642609, 1.8011, 5.4241, 347.2794
1724.0905330181122, 1.801, 5.4242, 347.1239
1726.090619802475, 1.8011, 5.4245, 346.9512
1728.0907106399536, 1.8011, 5.4247, 347.1003
1730.0907921791077, 1.8011, 5.4247, 347.1135
1732.0908741950989, 1.8011, 5.4247, 347.2588
1734.0909533500671, 1.8011, 5.4246, 347.3696
1736.0910549163818, 1.8011, 5.4247, 347.4613
1738.091156721115, 1.8011, 5.4246, 347.4188
1740.0912573337555, 1.8011, 5.4246, 347.3968
1742.0913453102112, 1.801, 5.4248, 347.2263
1744.091448545456, 1.8011, 5.4248, 347.2224
1746.0915882587433, 1.8011, 5.4248, 347.2088
1748.0916788578033, 1.8011, 5.4248, 347.0887
1750.0917794704437, 1.8011, 5.4248, 347.1676
1752.0918788909912, 1.8011, 5.4249, 346.8611
1754.0920054912567, 1.8011, 5.4251, 346.4504
1756.0920932292938, 1.8011, 5.4253, 346.6533
1758.0921773910522, 1.8011, 5.4255, 346.3062
1760.0922615528107, 1.8011, 5.4258, 346.0188
1762.0923624038696, 1.8011, 5.4259, 346.0594
1764.0924491882324, 1.8011, 5.426, 346.0946
1766.0925359725952, 1.8011, 5.4261, 346.0959
1768.092621088028, 1.8011, 5.4263, 346.0012
1770.0927171707153, 1.8011, 5.4266, 346.0428
1772.092853307724, 1.8011, 5.4265, 346.2289
1774.092936515808, 1.8011, 5.4264, 345.859
1776.0930721759796, 1.8011, 5.4266, 345.7212
1778.0931758880615, 1.8011, 5.4266, 346.0992
1780.0932757854462, 1.8011, 5.4265, 346.1662
1782.0933759212494, 1.8011, 5.4264, 346.1544
1784.093468427658, 1.8011, 5.4265, 346.033
1786.093600511551, 1.8011, 5.4265, 346.2723
1788.0937337875366, 1.8011, 5.4266, 346.195
1790.0938277244568, 1.8011, 5.4266, 345.9598
1792.0939087867737, 1.8011, 5.427, 345.8939
1794.0940091609955, 1.8011, 5.427, 345.7862
1796.0940947532654, 1.8011, 5.4271, 345.8885
1798.0941953659058, 1.8011, 5.4272, 345.9311
1800.0942928791046, 1.8011, 5.427, 345.8459
1802.0943734645844, 1.8011, 5.4271, 345.8135
1804.0944728851318, 1.8011, 5.4271, 345.8233
1806.0945715904236, 1.8011, 5.4272, 345.4502
1808.094651222229, 1.8011, 5.4273, 345.5037
1810.0947496891022, 1.8011, 5.4274, 345.8164
1812.094851732254, 1.801, 5.4272, 345.9708
1814.0949540138245, 1.8011, 5.4271, 346.1897
1816.0950553417206, 1.8011, 5.4272, 346.0723
1818.0951585769653, 1.8011, 5.4272, 345.8407
1820.095291852951, 1.8011, 5.4272, 345.891
1822.0953953266144, 1.8011, 5.4273, 345.9222
1824.0955317020416, 1.8011, 5.4273, 345.8919
1826.0956304073334, 1.8011, 5.4274, 345.7244
1828.0957345962524, 1.8011, 5.4275, 345.7433
1830.0958206653595, 1.8011, 5.4274, 345.9417
1832.0959284305573, 1.8011, 5.4273, 345.9889
1834.0960342884064, 1.8011, 5.4274, 345.9888
1836.0961771011353, 1.8011, 5.4274, 345.6157
1838.0962772369385, 1.8011, 5.4276, 345.6795
1840.0963747501373, 1.8011, 5.4276, 345.6415
1842.0964615345001, 1.8011, 5.4276, 345.4656
1844.0965464115143, 1.8011, 5.4279, 345.2598
1846.0966827869415, 1.8011, 5.4281, 345.1922
1848.096820116043, 1.8011, 5.4282, 345.1675
1850.096910238266, 1.8011, 5.4283, 345.1397
1852.0970454216003, 1.8011, 5.4285, 345.0701
1854.0971336364746, 1.8011, 5.4286, 345.0751
1856.0972328186035, 1.8011, 5.4286, 345.1469
1858.097546339035, 1.801, 5.4286, 345.1426
1860.0976502895355, 1.8011, 5.4285, 345.1506
1862.0977511405945, 1.8011, 5.4286, 345.2242
1864.0978348255157, 1.801, 5.4285, 344.9971
1866.0979251861572, 1.801, 5.4287, 344.9184
1868.0980288982391, 1.801, 5.4289, 344.8363
1870.098111629486, 1.801, 5.429, 344.773
1872.0982117652893, 1.8011, 5.429, 344.9106
1874.0982978343964, 1.801, 5.4289, 344.8333
1876.0984275341034, 1.8011, 5.4289, 344.709
1878.0985114574432, 1.8011, 5.4291, 344.8246
1880.0986456871033, 1.801, 5.4293, 344.5956
1882.0987477302551, 1.8011, 5.4295, 344.585
1884.0988318920135, 1.8011, 5.4295, 344.4335
1886.098932504654, 1.8011, 5.4298, 344.3921
1888.099015712738, 1.8011, 5.4299, 344.1099
1890.0991189479828, 1.801, 5.43, 343.8306
1892.0992152690887, 1.8011, 5.4304, 343.8548
1894.099319934845, 1.8011, 5.4305, 343.777
1896.0994546413422, 1.8011, 5.4307, 343.7593
1898.0995571613312, 1.8011, 5.4308, 343.5782
1900.0996584892273, 1.8011, 5.4309, 343.5146
1902.0997619628906, 1.8011, 5.4312, 343.2901
1904.0998966693878, 1.8011, 5.4315, 343.1908
1906.1000010967255, 1.801, 5.4317, 343.0539
1908.100088596344, 1.801, 5.432, 342.7084
1910.1001839637756, 1.801, 5.4323, 342.6816
1912.10027217865, 1.8011, 5.4321, 342.9467
1914.1003713607788, 1.8011, 5.4323, 342.8665
1916.100468635559, 1.8011, 5.4325, 342.6662
1918.100570678711, 1.8011, 5.4325, 342.6164
1920.1006562709808, 1.8011, 5.4327, 342.3366
1922.1007463932037, 1.8011, 5.4329, 342.0743
1924.100835800171, 1.8011, 5.4331, 342.014
1926.1009397506714, 1.8011, 5.4335, 342.238
1928.1010274887085, 1.8011, 5.4333, 342.0955
1930.1011304855347, 1.8011, 5.4334, 342.3259
1932.101232767105, 1.8011, 5.4333, 342.4653
1934.1013209819794, 1.8011, 5.4332, 342.4405
1936.1014306545258, 1.8011, 5.4333, 342.4494
1938.101524591446, 1.8011, 5.4333, 342.4184
1940.1016159057617, 1.8011, 5.4335, 342.3798
1942.1016988754272, 1.8011, 5.4335, 342.3634
1944.1017932891846, 1.8011, 5.4335, 342.4318
1946.1018755435944, 1.8011, 5.4334, 342.2966
1948.101972103119, 1.8011, 5.4336, 341.9664
1950.1020998954773, 1.8011, 5.4338, 342.1239
1952.1021847724915, 1.8011, 5.4339, 342.1531
1954.1022658348083, 1.8011, 5.434, 341.9557
1956.102350473404, 1.8011, 5.4341, 341.8125
1958.1024487018585, 1.8011, 5.4344, 341.7068
1960.1025331020355, 1.8011, 5.4344, 341.8158
1962.1026780605316, 1.8011, 5.4343, 341.821
1964.1028101444244, 1.801, 5.4344, 341.8509
1966.102897644043, 1.8011, 5.4346, 341.6744
1968.1029946804047, 1.8011, 5.4348, 341.5372
1970.103084564209, 1.8011, 5.4349, 341.3597
1972.103185415268, 1.8011, 5.4352, 341.1909
1974.1032872200012, 1.801, 5.4353, 341.1161
1976.1033873558044, 1.8011, 5.4355, 341.0638
1978.1034834384918, 1.8011, 5.4355, 341.0657
1980.103567123413, 1.8011, 5.4355, 341.206
1982.1036484241486, 1.8011, 5.4355, 340.761
1984.1037232875824, 1.801, 5.4355, 340.9676
1986.1038057804108, 1.8011, 5.4355, 341.2056
1988.103886604309, 1.8011, 5.4355, 341.2787
1990.103966474533, 1.8011, 5.4354, 341.3471
1992.1040506362915, 1.8011, 5.4356, 341.1598
1994.1041331291199, 1.8011, 5.4357, 340.9686
1996.1042129993439, 1.8011, 5.436, 340.9142
1998.104294538498, 1.8011, 5.4358, 341.112
2000.1043763160706, 1.8011, 5.4358, 340.7779
2002.1044762134552, 1.8011, 5.4358, 340.3983
2004.1045775413513, 1.8011, 5.4361, 340.3001
2006.1046776771545, 1.801, 5.4362, 340.3276
2008.1047620773315, 1.8011, 5.4361, 340.6152
2010.104845046997, 1.8011, 5.436, 341.1561
2012.1049265861511, 1.8011, 5.4357, 341.4899
2014.1050369739532, 1.8011, 5.4357, 341.5599
2016.1051695346832, 1.8011, 5.4355, 341.4098
2018.10524892807, 1.8011, 5.4353, 341.1335
2020.105350971222, 1.8011, 5.4354, 341.1142
2022.105455160141, 1.8011, 5.4355, 341.3002
2024.1055529117584, 1.8011, 5.4354, 341.2067
2026.1056320667267, 1.8011, 5.4356, 341.171
2028.105711221695, 1.8011, 5.4356, 341.3319
2030.105793952942, 1.8011, 5.4358, 340.8732
2032.1058781147003, 1.8011, 5.436, 340.3681
2034.1059613227844, 1.8011, 5.4361, 340.3928
2036.1060512065887, 1.8011, 5.4361, 340.5683
2038.1061310768127, 1.8011, 5.4364, 340.2565
2040.1062214374542, 1.8011, 5.4365, 340.4994
2042.1063010692596, 1.8011, 5.4365, 340.0981
2044.1063785552979, 1.8011, 5.4366, 340.4522
2046.1064703464508, 1.8011, 5.4367, 340.2218
2048.106563806534, 1.8011, 5.4367, 340.4752
2050.1066489219666, 1.8011, 5.4368, 340.6894
2052.1067337989807, 1.8011, 5.4366, 340.9249
2054.106810092926, 1.8011, 5.4364, 341.0402
2056.106891155243, 1.8011, 5.4363, 340.8336
2058.10697555542, 1.8011, 5.4364, 340.832
2060.1070654392242, 1.8011, 5.4366, 340.8073
2062.1071434020996, 1.8011, 5.4367, 340.5317
2064.1072220802307, 1.8011, 5.4367, 340.8365
2066.1072976589203, 1.8011, 5.4365, 340.692
2068.107411623001, 1.8011, 5.4368, 340.5373
2070.1075098514557, 1.8011, 5.4369, 340.5047
2072.1076052188873, 1.8011, 5.4368, 340.4678
2074.107689857483, 1.8011, 5.4369, 340.6789
2076.10777759552, 1.8011, 5.437, 340.7629
2078.107887506485, 1.8011, 5.4368, 340.5276
2080.107969522476, 1.8011, 5.4369, 340.1362
2082.108070373535, 1.8011, 5.4371, 339.6314
2084.108158349991, 1.8011, 5.4375, 339.4823
2086.1082532405853, 1.8011, 5.4375, 339.8429
2088.108337163925, 1.8011, 5.4375, 340.308
2090.108441591263, 1.8011, 5.4372, 340.542
2092.108529806137, 1.8011, 5.4369, 340.6322
2094.1086587905884, 1.8011, 5.4368, 340.7309
2096.108762025833, 1.8011, 5.4368, 340.769
2098.1088643074036, 1.8011, 5.4367, 340.6028
2100.1089611053467, 1.8011, 5.4369, 340.2175
2102.1090495586395, 1.8011, 5.4373, 340.2167
2104.109153032303, 1.8011, 5.4373, 340.3972
2106.1092574596405, 1.8011, 5.4374, 340.4675
2108.109365463257, 1.8011, 5.4371, 340.4086
2110.109451532364, 1.8011, 5.437, 340.7708
2112.1095345020294, 1.8011, 5.4368, 340.8822
2114.1096346378326, 1.8011, 5.4368, 340.6205
2116.109717130661, 1.8011, 5.4369, 340.7446
2118.109860897064, 1.8011, 5.4368, 340.73
2120.109960794449, 1.8011, 5.437, 340.5808
2122.110066175461, 1.8011, 5.4371, 340.5888
2124.110165119171, 1.8011, 5.4372, 340.3562
2126.110264778137, 1.8011, 5.4374, 340.273
2128.110363006592, 1.8011, 5.4375, 340.3652
2130.11044383049, 1.8011, 5.4374, 340.0504
2132.1105439662933, 1.8011, 5.4374, 339.8599
2134.110682249069, 1.8011, 5.4377, 339.5403
2136.1107664108276, 1.8011, 5.438, 339.403
2138.1108663082123, 1.8011, 5.438, 339.5786
2140.1109664440155, 1.8011, 5.4379, 339.6827
2142.1110558509827, 1.8011, 5.438, 339.8308
2144.1111578941345, 1.8011, 5.438, 339.8107
2146.1112616062164, 1.8011, 5.4378, 340.09
2148.1113917827606, 1.8011, 5.4376, 340.2858
2150.111490011215, 1.8011, 5.4378, 340.0845
2152.111582517624, 1.8011, 5.438, 339.6767
2154.111717224121, 1.8011, 5.4382, 339.6577
2156.1118454933167, 1.8011, 5.4383, 339.702
2158.1119384765625, 1.801, 5.4384, 339.7063
2160.112084388733, 1.8011, 5.4384, 339.7259
2162.1121633052826, 1.8011, 5.4384, 339.7417
2164.1122677326202, 1.8011, 5.4385, 339.7537
2166.1123633384705, 1.8011, 5.4386, 339.8424
2168.1124546527863, 1.8011, 5.4386, 339.8347
2170.1125452518463, 1.8011, 5.4388, 339.4558
2172.1126794815063, 1.8011, 5.4391, 339.0684
2174.112782239914, 1.8011, 5.4395, 338.9846
2176.1128919124603, 1.8011, 5.4396, 338.9551
2178.1129941940308, 1.8011, 5.4396, 339.1937
2180.1130952835083, 1.8011, 5.4397, 339.0865
2182.1131966114044, 1.8011, 5.4397, 339.1956
2184.1133046150208, 1.8011, 5.4395, 339.4941
2186.113418340683, 1.8011, 5.4394, 339.584
2188.113517522812, 1.8011, 5.4392, 339.4717
2190.1136157512665, 1.8011, 5.4391, 339.3527
2192.1137211322784, 1.8011, 5.4392, 339.2474
2194.11381149292, 1.8011, 5.4394, 339.4308
2196.1139063835144, 1.8011, 5.4394, 339.3006
2198.1139855384827, 1.8011, 5.4394, 339.2356
2200.1140744686127, 1.8011, 5.4391, 339.279
2202.1141624450684, 1.8011, 5.4391, 339.2952
2204.114295721054, 1.8011, 5.4393, 339.2701
2206.11439704895, 1.8011, 5.4392, 339.5661
2208.1145005226135, 1.8011, 5.439, 339.3957
2210.1146025657654, 1.8011, 5.439, 339.5328
2212.114683866501, 1.8011, 5.4392, 339.3003
2214.1147844791412, 1.8011, 5.4393, 339.3167
2216.1148834228516, 1.8011, 5.4392, 339.4955
2218.114990711212, 1.8011, 5.4393, 339.4565
2220.1151275634766, 1.8011, 5.4393, 339.3437
2222.115262031555, 1.8011, 5.4393, 339.2632
2224.1153972148895, 1.8011, 5.4393, 339.1862
2226.115487575531, 1.8011, 5.4393, 339.2436
2228.115576028824, 1.8011, 5.4392, 339.4092
2230.11568069458, 1.8011, 5.4392, 339.4985
2232.115782022476, 1.8011, 5.4391, 339.7244
2234.115866661072, 1.8011, 5.4392, 339.6153
2236.1159539222717, 1.8011, 5.4391, 339.5888
2238.116047859192, 1.8011, 5.4392, 339.635
2240.1161375045776, 1.8011, 5.4391, 339.6375
2242.116241455078, 1.8011, 5.439, 339.7263
2244.1163449287415, 1.8011, 5.4391, 339.6003
2246.116436481476, 1.8011, 5.4387, 339.7426
2248.1165215969086, 1.8011, 5.4389, 339.6707
2250.1166145801544, 1.8011, 5.439, 339.4519
2252.116720676422, 1.801, 5.4393, 339.2961
2254.116815328598, 1.8011, 5.4394, 339.0613
2256.116952896118, 1.8011, 5.4396, 338.6039
2258.11710190773, 1.8011, 5.4396, 338.5449
2260.117196083069, 1.8011, 5.4397, 338.6075
2262.117275238037, 1.8011, 5.4397, 338.6194
2264.1173803806305, 1.8011, 5.4398, 338.7962
2266.1174833774567, 1.8011, 5.4397, 338.9106
2268.117570400238, 1.8011, 5.4397, 339.1636
2270.11767077446, 1.8011, 5.4396, 339.2632
2272.1177706718445, 1.801, 5.4395, 339.3511
2274.1178715229034, 1.8011, 5.4396, 339.1531
2276.1179728507996, 1.8011, 5.4397, 338.9949
2278.118082046509, 1.8011, 5.4398, 338.9498
2280.118216753006, 1.8011, 5.4398, 339.1437
2282.1183512210846, 1.8011, 5.4398, 338.9789
2284.118454694748, 1.8011, 5.4398, 339.1119
2286.118556022644, 1.8011, 5.4398, 339.1479
2288.11865735054, 1.8011, 5.4398, 339.0869
2290.1187596321106, 1.8011, 5.4398, 339.0592
2292.118894100189, 1.8011, 5.44, 338.9624
2294.118997812271, 1.8011, 5.44, 338.9755
2296.119133234024, 1.8011, 5.44, 338.9934
2298.119270801544, 1.8011, 5.4404, 338.6626
2300.1193635463715, 1.8011, 5.4406, 338.3914
2302.1194455623627, 1.8011, 5.4408, 338.3313
2304.1195290088654, 1.8011, 5.4409, 338.2833
2306.119613647461, 1.8011, 5.441, 338.3059
2308.119698524475, 1.8011, 5.4411, 338.2537
2310.119789123535, 1.8011, 5.4413, 338.099
2312.119896173477, 1.8011, 5.4413, 338.065
2314.1200001239777, 1.8011, 5.4413, 338.4118
2316.1200938224792, 1.8011, 5.4409, 338.7115
2318.120181083679, 1.8011, 5.4407, 338.9014
2320.120263814926, 1.8011, 5.4407, 338.5625
2322.1203730106354, 1.8011, 5.4407, 338.762
2324.120463371277, 1.8011, 5.4406, 338.8292
2326.12056684494, 1.8011, 5.4403, 339.1469
2328.1207048892975, 1.8011, 5.44, 339.2137
2330.1207945346832, 1.8011, 5.4402, 339.0685
2332.1208968162537, 1.8011, 5.4402, 338.82
2334.121031999588, 1.8011, 5.4403, 338.4583
2336.121173143387, 1.8011, 5.4405, 338.7046
2338.1212611198425, 1.8011, 5.4406, 338.7868
2340.1213619709015, 1.8011, 5.4405, 338.92
2342.121460199356, 1.8011, 5.4404, 339.0621
2344.121597766876, 1.8011, 5.4403, 339.2044
2346.121684551239, 1.8011, 5.4401, 339.2249
2348.121772289276, 1.8011, 5.44, 339.1583
2350.121865749359, 1.8011, 5.4401, 339.0247
2352.1219596862793, 1.8011, 5.4402, 339.096
2354.1220479011536, 1.8011, 5.4402, 339.1412
2356.122189283371, 1.8011, 5.44, 339.2185
2358.1222746372223, 1.8011, 5.44, 339.2172
2360.1223731040955, 1.8011, 5.44, 339.1614
2362.122510910034, 1.8011, 5.4402, 338.903
2364.1226103305817, 1.8011, 5.4402, 338.7846
2366.122711658478, 1.8011, 5.4403, 338.6598
2368.1228606700897, 1.8011, 5.4407, 338.4937
2370.1229462623596, 1.8011, 5.4407, 338.0726
2372.1230483055115, 1.8011, 5.4407, 338.2485
2374.123150587082, 1.8011, 5.4409, 338.2909
2376.1232528686523, 1.8011, 5.4409, 338.2978
2378.123348236084, 1.8011, 5.4411, 338.1713
2380.1234521865845, 1.8011, 5.4412, 338.197
2382.1235427856445, 1.8011, 5.4411, 338.1897
2384.1236414909363, 1.8011, 5.4412, 337.9965
2386.123720884323, 1.8011, 5.4413, 338.0489
2388.123822450638, 1.8011, 5.4411, 338.0124
2390.123923301697, 1.8011, 5.4411, 338.1349
2392.1240105628967, 1.8011, 5.4414, 337.9371
2394.124111175537, 1.8011, 5.4417, 337.8572
2396.124187707901, 1.8011, 5.4418, 337.8291
2398.124287843704, 1.8011, 5.442, 337.9226
2400.124389886856, 1.8011, 5.4418, 338.0588
2402.1244933605194, 1.8011, 5.4419, 337.9426
2404.124584674835, 1.8011, 5.4418, 337.8235
2406.1246688365936, 1.8011, 5.4419, 337.8781
2408.1247527599335, 1.8011, 5.442, 337.8151
2410.1248598098755, 1.8011, 5.4422, 337.6754
2412.1249470710754, 1.8011, 5.4423, 337.5283
2414.1250293254852, 1.8011, 5.4425, 337.1271
2416.1251294612885, 1.8011, 5.4424, 337.2585
2418.1252315044403, 1.8011, 5.4424, 337.4765
2420.1253669261932, 1.8011, 5.4424, 337.694
2422.1254975795746, 1.8011, 5.4423, 337.7513
2424.125597000122, 1.8011, 5.4423, 337.7731
2426.1256799697876, 1.8011, 5.4424, 337.8521
2428.1258084774017, 1.8011, 5.4422, 337.9416
2430.1258964538574, 1.8011, 5.442, 338.0272
2432.125978708267, 1.8011, 5.4419, 338.0726
2434.1260874271393, 1.8011, 5.4419, 338.1004
2436.126193523407, 1.8011, 5.442, 338.0945
2438.12632727623, 1.8011, 5.442, 338.0566
2440.1264226436615, 1.8011, 5.4421, 338.1741
2442.126537799835, 1.8011, 5.442, 338.1746
2444.1266379356384, 1.8011, 5.4421, 338.2846
2446.1267397403717, 1.8011, 5.4419, 338.3834
2448.1268417835236, 1.8011, 5.4418, 338.3277
2450.1269431114197, 1.8011, 5.4417, 338.2827
2452.127044916153, 1.8011, 5.442, 337.853
2454.127147436142, 1.8011, 5.4422, 337.8731
2456.1272456645966, 1.8011, 5.4422, 337.8987
2458.1273441314697, 1.8011, 5.4423, 337.6844
2460.127449989319, 1.8011, 5.4422, 337.537
2462.1275520324707, 1.8011, 5.4425, 337.5797
2464.127640247345, 1.8011, 5.4425, 337.5539
2466.1277413368225, 1.8011, 5.4427, 337.5784
2468.1278505325317, 1.8011, 5.4427, 337.5092
2470.127992630005, 1.8011, 5.4429, 337.4902
2472.1280829906464, 1.8011, 5.443, 337.3557
2474.1281855106354, 1.8011, 5.4431, 337.0494
2476.1282711029053, 1.8011, 5.4431, 337.2357
2478.1283762454987, 1.8011, 5.4431, 337.1303
2480.128457069397, 1.8011, 5.4432, 337.142
2482.1285421848297, 1.8011, 5.4435, 336.9986
2484.128633737564, 1.8011, 5.4434, 337.1683
2486.1287200450897, 1.8011, 5.4434, 337.2812
2488.1288125514984, 1.8011, 5.4433, 337.3465
2490.128902196884, 1.8011, 5.4434, 337.3203
2492.129009246826, 1.8011, 5.4434, 337.3027
2494.1291007995605, 1.8011, 5.4432, 337.3843
2496.129189968109, 1.8011, 5.4433, 337.2303
2498.1292867660522, 1.8011, 5.4435, 337.1635
2500.129420042038, 1.8011, 5.4434, 337.056
2502.129518032074, 1.8011, 5.4436, 336.5795
2504.1295931339264, 1.8011, 5.4438, 336.6366
2506.1296756267548, 1.8011, 5.4438, 336.7045
2508.129776239395, 1.8011, 5.4439, 336.8853
2510.129861354828, 1.8011, 5.4436, 336.8753
2512.129951477051, 1.8011, 5.4437, 336.4857
2514.130050420761, 1.8011, 5.4438, 336.3911
2516.130182981491, 1.8011, 5.4439, 336.5061
2518.130315065384, 1.8011, 5.4438, 336.6115
2520.130404472351, 1.8011, 5.4441, 336.7899
2522.1304829120636, 1.8011, 5.444, 336.7128
2524.130578994751, 1.8011, 5.4441, 336.821
2526.1306688785553, 1.8011, 5.4439, 337.0663
2528.130767583847, 1.801, 5.4438, 337.0644
2530.130898475647, 1.8011, 5.4439, 336.9925
2532.131033182144, 1.8011, 5.4442, 336.724
2534.131114244461, 1.8011, 5.4443, 336.9317
2536.1312143802643, 1.8011, 5.4443, 336.5792
2538.1313149929047, 1.8011, 5.4443, 336.3572
2540.1313922405243, 1.8011, 5.4445, 336.1056
2542.131491661072, 1.8011, 5.4446, 335.9587
2544.1315879821777, 1.8011, 5.4447, 336.1066
2546.131687402725, 1.8011, 5.4447, 336.011
2548.1317863464355, 1.801, 5.4447, 336.153
2550.131885290146, 1.8011, 5.445, 335.8289
2552.131985425949, 1.8011, 5.4449, 335.9648
2554.1320860385895, 1.8011, 5.4449, 335.9603
2556.132185459137, 1.8011, 5.445, 335.8486
2558.132264614105, 1.8011, 5.445, 336.001
2560.132363319397, 1.8011, 5.445, 336.0704
2562.1324615478516, 1.8011, 5.445, 336.0123
2564.132560968399, 1.8011, 5.4452, 335.9681
2566.1326615810394, 1.8011, 5.4453, 335.9591
2568.132761478424, 1.801, 5.4456, 335.8904
2570.132895231247, 1.8011, 5.4456, 336.0097
2572.1329803466797, 1.8011, 5.4453, 335.8496
2574.1330807209015, 1.8011, 5.4454, 335.6773
2576.133160352707, 1.801, 5.4455, 335.5846
2578.133258342743, 1.8011, 5.4456, 335.8016
2580.133360385895, 1.8011, 5.4455, 336.1393
2582.1334614753723, 1.8011, 5.4455, 335.8994
2584.1335456371307, 1.8011, 5.4457, 335.8359
2586.1336455345154, 1.8011, 5.4456, 335.7534
2588.1337463855743, 1.8011, 5.4456, 335.5257
2590.133832216263, 1.8011, 5.4457, 335.5707
2592.1339337825775, 1.8011, 5.4458, 335.4931
2594.134010076523, 1.8011, 5.446, 335.5483
2596.134115457535, 1.8011, 5.446, 335.8545
2598.134199619293, 1.8011, 5.4459, 335.7347
2600.1342825889587, 1.8011, 5.4459, 335.8153
2602.1343858242035, 1.8011, 5.4457, 335.9103
2604.1344883441925, 1.8011, 5.4456, 335.8999
2606.1345920562744, 1.8011, 5.4458, 335.8647
2608.134692668915, 1.8011, 5.4458, 335.8411
2610.134775876999, 1.8011, 5.4457, 336.0319
2612.1348543167114, 1.8011, 5.4457, 336.1489
2614.134955883026, 1.8011, 5.4455, 336.078
2616.1350407600403, 1.8011, 5.4454, 336.2245
2618.1351432800293, 1.8011, 5.4453, 336.2469
2620.135246992111, 1.8011, 5.4455, 336.2549
2622.1353883743286, 1.8011, 5.4454, 336.2306
2624.1354899406433, 1.8011, 5.4453, 336.2691
2626.135571241379, 1.8011, 5.4456, 336.1863
2628.135672569275, 1.8011, 5.4452, 336.4533
2630.1357460021973, 1.8011, 5.4451, 336.3596
2632.136054992676, 1.8011, 5.4451, 336.2275
2634.136203765869, 1.8011, 5.4453, 336.29
2636.1363427639008, 1.8011, 5.445, 336.5256
2638.136432647705, 1.8011, 5.4449, 336.4842
2640.136533975601, 1.8011, 5.4449, 336.6238
2642.1366238594055, 1.8011, 5.4449, 336.5916
2644.1367313861847, 1.8011, 5.4449, 336.5254
2646.136818408966, 1.8011, 5.4449, 336.6069
2648.1369128227234, 1.801, 5.4448, 336.7089
2650.137012720108, 1.801, 5.4447, 336.6469
2652.137162208557, 1.8011, 5.445, 336.5032
2654.1372497081757, 1.8011, 5.445, 336.457
2656.137351036072, 1.8011, 5.4451, 336.7457
2658.1374514102936, 1.8011, 5.4449, 336.886
2660.1375868320465, 1.8011, 5.4449, 336.7128
2662.1376719474792, 1.8011, 5.4449, 336.6807
2664.1377696990967, 1.8011, 5.445, 336.5011
2666.137852907181, 1.8011, 5.4451, 336.5677
2668.1379356384277, 1.8011, 5.445, 336.6566
2670.1380183696747, 1.8011, 5.4449, 336.6399
2672.138100862503, 1.8011, 5.4448, 336.6998
2674.138185977936, 1.8011, 5.4448, 336.5841
2676.138318300247, 1.8011, 5.4447, 336.6682
2678.1384270191193, 1.8011, 5.4446, 336.4211
2680.1385111808777, 1.8011, 5.4449, 336.3076
2682.1386132240295, 1.8011, 5.4449, 336.3742
2684.1387012004852, 1.8011, 5.4448, 336.363
2686.138785123825, 1.8011, 5.4448, 336.505
2688.1388700008392, 1.801, 5.4449, 336.4801
2690.1389524936676, 1.8011, 5.4447, 336.1646
2692.139054775238, 1.801, 5.4449, 336.2381
2694.139155626297, 1.8011, 5.445, 336.2792
2696.1392555236816, 1.8011, 5.445, 336.1823
2698.1393899917603, 1.8011, 5.4451, 336.2089
2700.1394896507263, 1.8011, 5.4453, 336.3763
2702.1395738124847, 1.8011, 5.4451, 336.3625
2704.1396996974945, 1.8011, 5.4452, 336.0703
2706.139785051346, 1.8011, 5.4452, 336.1939
2708.139867544174, 1.8011, 5.4453, 335.8938
2710.1399507522583, 1.8011, 5.4452, 335.9156
2712.140050172806, 1.8011, 5.4451, 336.1169
2714.140149831772, 1.8011, 5.4452, 336.2405
2716.1402490139008, 1.8011, 5.4452, 336.1876
2718.140332698822, 1.8011, 5.4453, 336.3553
2720.1404192447662, 1.8011, 5.4452, 336.4213
2722.1405198574066, 1.8011, 5.445, 336.5893
2724.1406106948853, 1.8011, 5.4451, 336.7682
2726.1407432556152, 1.8011, 5.4449, 336.6862
2728.1408462524414, 1.8011, 5.445, 336.5378
2730.1409804821014, 1.8011, 5.4451, 336.5205
2732.1411361694336, 1.8011, 5.4451, 336.4134
2734.141222000122, 1.8011, 5.4451, 336.5587
2736.1413559913635, 1.8011, 5.445, 336.4593
2738.141408920288, 1.8011, 5.4453, 336.0733
2740.1414997577667, 1.8011, 5.4455, 336.0806
2742.141587495804, 1.8011, 5.4455, 336.263
2744.141690969467, 1.8011, 5.4454, 336.3346
2746.1417922973633, 1.8011, 5.4456, 336.2844
2748.141880750656, 1.8011, 5.4455, 336.1559
2750.141987323761, 1.8011, 5.4457, 336.1668
2752.1420884132385, 1.8011, 5.4454, 336.4275
2754.1421875953674, 1.8011, 5.4453, 336.5265
2756.1422696113586, 1.8011, 5.445, 336.4474
2758.142373085022, 1.8011, 5.445, 336.1149
2760.142464160919, 1.8011, 5.4451, 335.9738
2762.1425445079803, 1.8011, 5.4451, 336.2896
2764.1426217556, 1.8011, 5.4448, 336.4192
2766.142700433731, 1.8011, 5.4447, 336.4903
2768.142786026001, 1.8011, 5.4447, 336.7027
2770.142877817154, 1.8011, 5.4445, 336.7049
2772.1429648399353, 1.8011, 5.4448, 336.722
2774.1430542469025, 1.801, 5.4449, 336.6574
2776.1431818008423, 1.8011, 5.4449, 336.7754
2778.143278837204, 1.801, 5.4448, 336.6536
2780.1433799266815, 1.8011, 5.4449, 336.4753
2782.143490076065, 1.801, 5.4449, 336.5427
2784.1435804367065, 1.8011, 5.445, 336.3608
2786.143682718277, 1.8011, 5.445, 336.4177
2788.143784761429, 1.8011, 5.4449, 336.5114
2790.1438851356506, 1.8011, 5.445, 336.4766
2792.1439611911774, 1.801, 5.4448, 336.5051
2794.1440970897675, 1.8011, 5.4448, 336.4097
2796.1442000865936, 1.8011, 5.4449, 336.3655
2798.14431476593, 1.8011, 5.4448, 336.337
2800.1444194316864, 1.8011, 5.445, 336.2253
2802.144552230835, 1.8011, 5.4449, 336.2363
2804.144656896591, 1.8011, 5.4448, 336.2464
2806.1447582244873, 1.8011, 5.4448, 336.2812
2808.1448929309845, 1.8011, 5.4449, 336.4284
2810.14501619339, 1.8011, 5.4449, 336.6391
2812.1451287269592, 1.801, 5.4449, 336.6229
2814.1452605724335, 1.8011, 5.4449, 336.6135
2816.145365715027, 1.8011, 5.445, 336.4237
2818.1455035209656, 1.8011, 5.4451, 336.3582
2820.14559340477, 1.8011, 5.4451, 336.3326
2822.145677089691, 1.8011, 5.445, 336.5255
2824.145768880844, 1.8011, 5.4451, 336.5404
2826.1458826065063, 1.8011, 5.4451, 336.4713
2828.1459608078003, 1.8011, 5.4449, 336.5562
2830.1460621356964, 1.8011, 5.4448, 336.7333
2832.1461658477783, 1.8011, 5.4447, 336.7904
2834.1462688446045, 1.8011, 5.4445, 336.9026
2836.1463849544525, 1.8011, 5.4446, 336.5629
2838.1464858055115, 1.8011, 5.4444, 336.528
2840.146589279175, 1.8011, 5.4443, 336.8014
2842.1466710567474, 1.8011, 5.4444, 336.2958
2844.146806240082, 1.8011, 5.4447, 336.2966
2846.1468884944916, 1.8011, 5.4443, 336.6833
2848.1470232009888, 1.8011, 5.4443, 336.8833
2850.1471197605133, 1.801, 5.4443, 336.7952
2852.147205352783, 1.801, 5.4445, 336.6933
2854.147288799286, 1.801, 5.4445, 336.4329
2856.147397041321, 1.801, 5.4446, 336.6092
2858.147485256195, 1.8011, 5.4445, 336.6959
2860.1475689411163, 1.8011, 5.4444, 336.5657
2862.1476576328278, 1.8011, 5.4445, 336.668
2864.147735118866, 1.8011, 5.4443, 336.7412
2866.1478407382965, 1.8011, 5.4443, 336.7664
2868.147944688797, 1.8011, 5.4442, 336.8453
2870.148026704788, 1.8011, 5.4442, 336.9589
2872.1481115818024, 1.8011, 5.4441, 336.9915
2874.1482133865356, 1.8011, 5.4441, 337.2048
2876.148296356201, 1.8011, 5.4439, 337.2412
2878.148398399353, 1.8011, 5.4437, 337.388
2880.1484847068787, 1.8011, 5.4437, 337.3898
2882.1485648155212, 1.8011, 5.4438, 337.2443
2884.148655653, 1.8011, 5.4437, 337.362
2886.1487567424774, 1.8011, 5.4437, 337.2843
2888.148838043213, 1.8011, 5.4437, 337.3293
2890.1489424705505, 1.8011, 5.4436, 337.339
2892.1490256786346, 1.801, 5.4436, 337.2776
2894.149128675461, 1.8011, 5.4437, 337.3028
2896.1492223739624, 1.8011, 5.444, 337.0999
2898.1493220329285, 1.8011, 5.4441, 336.9066
2900.1494059562683, 1.8011, 5.4443, 336.7047
2902.1495435237885, 1.8011, 5.4444, 336.4816
2904.149647474289, 1.8011, 5.4447, 336.3313
2906.1497325897217, 1.8011, 5.4448, 336.4369
2908.1498177051544, 1.8011, 5.4445, 336.555
2910.1499042510986, 1.8011, 5.4446, 336.5334
2912.1500086784363, 1.8011, 5.4445, 336.5332
2914.150111436844, 1.801, 5.4445, 336.5708
2916.1501953601837, 1.801, 5.4447, 336.5093
2918.1502845287323, 1.801, 5.4448, 336.5257
2920.15038895607, 1.801, 5.4449, 336.5602
2922.150490760803, 1.8011, 5.4447, 336.6338
2924.1505925655365, 1.8011, 5.4448, 336.4287
2926.1506950855255, 1.8011, 5.4449, 336.4573
2928.1508033275604, 1.8011, 5.4448, 336.6252
2930.1509063243866, 1.8011, 5.4447, 336.3969
2932.150995016098, 1.801, 5.4448, 336.6612
2934.1510865688324, 1.801, 5.4447, 336.622
2936.151171207428, 1.801, 5.4446, 336.6703
2938.1512756347656, 1.8011, 5.4445, 336.9495
2940.1513776779175, 1.801, 5.4443, 336.9919
2942.151460170746, 1.8011, 5.4443, 336.9934
2944.151561975479, 1.8011, 5.4444, 336.8847
2946.1516642570496, 1.8011, 5.4444, 336.9366
2948.1517612934113, 1.8011, 5.4443, 336.8806
2950.151844739914, 1.801, 5.4443, 336.8171
2952.151928424835, 1.801, 5.4443, 336.7193
2954.1520121097565, 1.801, 5.4445, 336.6182
2956.152102470398, 1.801, 5.4446, 336.7692
2958.1521878242493, 1.8011, 5.4444, 336.7445
2960.1522669792175, 1.8011, 5.4443, 336.8265
2962.1523497104645, 1.8011, 5.4444, 336.9493
2964.1524307727814, 1.801, 5.4444, 336.5713
2966.1525316238403, 1.8011, 5.4443, 336.8259
2968.1526322364807, 1.8011, 5.4444, 336.8039
2970.152734518051, 1.8011, 5.4445, 336.6056
2972.152813434601, 1.8011, 5.4446, 336.5327
2974.152912378311, 1.8011, 5.4447, 336.5755
2976.1530106067657, 1.8011, 5.4447, 336.5618
2978.15309548378, 1.801, 5.4447, 336.6404
2980.1531710624695, 1.8011, 5.4449, 336.2394
2982.1532728672028, 1.8011, 5.445, 336.2719
2984.15336060524, 1.8011, 5.4452, 336.1161
2986.153461933136, 1.8011, 5.4452, 335.9036
2988.1535420417786, 1.8011, 5.4453, 335.7259
2990.1536128520966, 1.801, 5.4451, 335.9836
2992.1537144184113, 1.801, 5.4451, 335.993
2994.153796672821, 1.8011, 5.4455, 335.912
2996.153895139694, 1.801, 5.4453, 335.921
2998.153993368149, 1.8011, 5.4454, 336.0849
3000.15407037735, 1.8011, 5.4454, 336.3014
3002.1541578769684, 1.8011, 5.4455, 336.0952
3004.1542613506317, 1.8011, 5.4455, 336.0219
3006.1543595790863, 1.8011, 5.4455, 336.0071
3008.1544330120087, 1.8011, 5.4455, 336.1509
3010.1545333862305, 1.8011, 5.4455, 336.1676
3012.1546351909637, 1.8011, 5.4455, 336.2386
3014.15473651886, 1.8011, 5.4455, 336.0789
3016.1548371315002, 1.8011, 5.4453, 336.3831
3018.1549229621887, 1.8011, 5.4452, 336.47
3020.1550216674805, 1.8011, 5.4451, 336.6987
3022.1551196575165, 1.8011, 5.4447, 336.8198
3024.1552197933197, 1.8011, 5.4446, 336.915
3026.1553065776825, 1.8011, 5.4445, 336.8973
3028.155435562134, 1.8011, 5.4448, 336.6877
3030.1555173397064, 1.801, 5.4447, 336.5131
3032.1556582450867, 1.8011, 5.445, 336.1362
3034.155758857727, 1.8011, 5.445, 335.9979
3036.1558430194855, 1.8011, 5.4452, 336.2742
3038.1559433937073, 1.8011, 5.445, 336.3676
3040.1560430526733, 1.8011, 5.4449, 336.4597
3042.1561427116394, 1.8011, 5.4448, 336.4565
3044.1562271118164, 1.8011, 5.4449, 336.4126
3046.1563675403595, 1.8011, 5.4451, 336.3085
3048.156526327133, 1.8011, 5.4452, 336.304
3050.1566123962402, 1.8011, 5.4451, 336.3214
3052.156695842743, 1.8011, 5.4454, 336.171
3054.1568055152893, 1.8011, 5.4454, 336.2285
3056.156908273697, 1.8011, 5.4454, 336.2875
3058.157010793686, 1.8011, 5.4453, 336.2384
3060.157113313675, 1.8011, 5.4454, 336.0624
3062.157195329666, 1.8011, 5.4453, 336.2288
3064.1573317050934, 1.8011, 5.4455, 336.1899
3066.1574223041534, 1.8011, 5.4457, 336.1149
3068.157513856888, 1.8011, 5.4457, 335.9858
3070.157614707947, 1.8011, 5.4458, 335.805
3072.1577162742615, 1.801, 5.4458, 335.7321
3074.1578187942505, 1.8011, 5.4461, 335.6654
3076.1579189300537, 1.8011, 5.4464, 335.4618
3078.157996892929, 1.8011, 5.4466, 335.3209
3080.15807390213, 1.8011, 5.4466, 335.5513
3082.158212661743, 1.8011, 5.4466, 335.5884
3084.1583018302917, 1.8011, 5.4467, 335.8485
3086.1584305763245, 1.8011, 5.4464, 335.9446
3088.158538579941, 1.8011, 5.4463, 335.9381
3090.1586363315582, 1.8011, 5.4462, 336.174
3092.158719062805, 1.8011, 5.4462, 335.8775
3094.1588082313538, 1.8011, 5.4463, 335.6531
3096.158907175064, 1.8011, 5.4461, 335.9368
3098.1589946746826, 1.8011, 5.446, 335.9472
3100.159093141556, 1.8011, 5.4461, 335.9595
3102.1591849327087, 1.8011, 5.4462, 335.6277
3104.159323453903, 1.8011, 5.4465, 335.4042
3106.1594648361206, 1.8011, 5.4467, 335.3776
3108.1595616340637, 1.8011, 5.4468, 335.4228
3110.159661769867, 1.8011, 5.4468, 335.4139
3112.1597929000854, 1.8011, 5.4469, 335.4148
3114.159927368164, 1.8011, 5.4469, 335.2164
3116.1600136756897, 1.8011, 5.4471, 335.1023
3118.1601078510284, 1.8011, 5.4471, 335.0001
3120.160208940506, 1.8011, 5.4471, 335.0635
3122.1602885723114, 1.8011, 5.4471, 335.0716
3124.1603717803955, 1.8011, 5.4472, 335.0071
3126.1604738235474, 1.8011, 5.4471, 335.084
3128.160561323166, 1.8011, 5.4468, 335.3905
3130.160662651062, 1.8011, 5.4469, 335.3759
3132.160763025284, 1.8011, 5.4471, 335.1696
3134.160841703415, 1.8011, 5.4471, 335.6001
3136.160941839218, 1.8011, 5.4468, 335.5659
3138.16103887558, 1.8011, 5.447, 335.2159
3140.161127090454, 1.8011, 5.447, 335.0873
3142.1612124443054, 1.8011, 5.4473, 335.1328
3144.161299467087, 1.8011, 5.4473, 335.1848
3146.1614005565643, 1.8011, 5.4472, 335.3219
3148.1615042686462, 1.8011, 5.4472, 335.0883
3150.1616065502167, 1.8011, 5.4475, 335.0442
3152.161690235138, 1.8011, 5.4473, 334.9514
3154.161832332611, 1.8011, 5.4473, 334.7985
3156.16193318367, 1.8011, 5.4475, 334.8512
3158.162038564682, 1.8011, 5.4474, 334.9812
3160.1621401309967, 1.8011, 5.4476, 334.9387
3162.1622393131256, 1.8011, 5.4477, 334.8683
3164.1623435020447, 1.8011, 5.4478, 334.7933
3166.162458896637, 1.8011, 5.4479, 334.6961
3168.162594795227, 1.8011, 5.4479, 334.6201
3170.1626782417297, 1.8011, 5.448, 334.5743
3172.162779569626, 1.8011, 5.4479, 334.6068
3174.162880897522, 1.8011, 5.4481, 334.5855
3176.1629831790924, 1.8011, 5.4481, 334.451
3178.1630821228027, 1.8011, 5.4479, 334.417
3180.163166999817, 1.8011, 5.4482, 334.3934
3182.1632483005524, 1.8011, 5.448, 334.7009
3184.163331747055, 1.8011, 5.4481, 334.871
3186.1634204387665, 1.8011, 5.4481, 334.9574
3188.1635043621063, 1.8011, 5.448, 334.8368
3190.163597345352, 1.8011, 5.448, 334.8121
3192.1636950969696, 1.8011, 5.4481, 334.7716
3194.1637971401215, 1.8011, 5.4482, 334.678
3196.163898229599, 1.8011, 5.4483, 334.6418
3198.163983106613, 1.8011, 5.4483, 334.5647
3200.1640758514404, 1.8011, 5.4485, 334.3908
3202.1641857624054, 1.8011, 5.4487, 334.3489
3204.1642899513245, 1.8011, 5.4488, 334.3962
3206.1643764972687, 1.8011, 5.4487, 334.2289
3208.1644637584686, 1.8011, 5.4487, 334.1906
3210.1645514965057, 1.8011, 5.4487, 334.3272
3212.164637565613, 1.8011, 5.4488, 334.1623
3214.164746284485, 1.8011, 5.4488, 334.0722
3216.1648337841034, 1.8011, 5.4489, 334.2318
3218.16494512558, 1.8011, 5.449, 334.2837
3220.1650540828705, 1.8011, 5.4489, 334.3586
3222.165198326111, 1.8011, 5.4489, 334.4972
3224.165283203125, 1.8011, 5.4488, 334.528
3226.1653859615326, 1.8011, 5.4489, 334.388
3228.1654863357544, 1.8011, 5.4489, 334.3038
3230.1655852794647, 1.8011, 5.449, 334.2637
3232.165718317032, 1.8011, 5.4488, 334.3276
3234.1658487319946, 1.8011, 5.4488, 334.4048
3236.1659331321716, 1.8011, 5.4487, 334.0906
3238.166024208069, 1.8011, 5.4487, 333.6239
3240.1661233901978, 1.801, 5.4491, 333.2243
3242.166203737259, 1.8011, 5.4494, 333.2101
3244.1662981510162, 1.8011, 5.4495, 333.401
3246.1663856506348, 1.8011, 5.4496, 333.2732
3248.1664831638336, 1.8011, 5.4496, 333.1188
3250.166582584381, 1.8011, 5.4496, 333.5962
3252.1666831970215, 1.8011, 5.4495, 333.9123
3254.1667692661285, 1.8011, 5.4492, 334.1718
3256.166857481003, 1.801, 5.4493, 333.9445
3258.166949033737, 1.8011, 5.4493, 334.09
3260.1670281887054, 1.8011, 5.4492, 333.7585
3262.167120695114, 1.8011, 5.4493, 333.5425
3264.167211532593, 1.801, 5.4495, 333.5797
3266.1673431396484, 1.8011, 5.4494, 333.7996
3268.1674468517303, 1.8011, 5.4493, 333.8703
3270.1675791740417, 1.801, 5.4495, 333.7452
3272.167683362961, 1.8011, 5.4496, 333.6625
3274.1677832603455, 1.8011, 5.4496, 333.413
3276.1678853034973, 1.8011, 5.4496, 333.495
3278.16796541214, 1.8011, 5.4497, 333.1935
3280.1680681705475, 1.8011, 5.4497, 333.4556
3282.1681702136993, 1.801, 5.4496, 333.6661
3284.1682691574097, 1.8011, 5.4496, 333.6599
3286.1683700084686, 1.8011, 5.4498, 333.6338
3288.168469429016, 1.8011, 5.4498, 333.432
3290.1685712337494, 1.8011, 5.4499, 333.2528
3292.168672800064, 1.8011, 5.4499, 333.4482
3294.1687524318695, 1.801, 5.4497, 333.498
3296.1688344478607, 1.801, 5.4498, 333.5454
3298.168920993805, 1.8011, 5.4498, 333.3389
3300.1690196990967, 1.8011, 5.4499, 333.3933
3302.169103384018, 1.8011, 5.4497, 333.6279
3304.1691970825195, 1.801, 5.4498, 333.8061
3306.169280529022, 1.8011, 5.4495, 333.5551
3308.1693811416626, 1.8011, 5.4495, 333.8779
3310.169520378113, 1.8011, 5.4494, 333.8797
3312.1696197986603, 1.8011, 5.4495, 333.9069
3314.1696968078613, 1.8011, 5.4498, 333.8174
3316.1698038578033, 1.8011, 5.4499, 333.6398
3318.1699039936066, 1.8011, 5.45, 333.4371
3320.1699883937836, 1.8011, 5.4501, 333.3152
3322.1700887680054, 1.8011, 5.45, 333.7522
3324.170194387436, 1.8011, 5.4497, 333.7594
3326.1702964305878, 1.8011, 5.4497, 333.7228
3328.170384645462, 1.8011, 5.4498, 333.6893
3330.170483350754, 1.8011, 5.4499, 333.5123
3332.170577764511, 1.8011, 5.4499, 333.5165
3334.1706795692444, 1.8011, 5.45, 333.71
3336.1707804203033, 1.8011, 5.4501, 333.6413
3338.1708624362946, 1.8011, 5.45, 333.3092
3340.170946121216, 1.8011, 5.45, 333.1528
3342.171029806137, 1.801, 5.4502, 332.9787
3344.1711163520813, 1.8011, 5.4501, 333.1597
3346.171222448349, 1.8011, 5.4502, 333.0739
3348.1713087558746, 1.8011, 5.4504, 333.1923
3350.17139005661, 1.8011, 5.4502, 333.4153
3352.171492576599, 1.8011, 5.45, 333.731
3354.171595811844, 1.8011, 5.4499, 333.8468
3356.1716837882996, 1.8011, 5.4498, 333.7764
3358.1717658042908, 1.8011, 5.4499, 333.8272
3360.1718475818634, 1.8011, 5.45, 333.6895
3362.171948671341, 1.8011, 5.4502, 333.5117
3364.172050714493, 1.8011, 5.45, 333.5277
3366.1721365451813, 1.801, 5.4501, 333.3751
3368.172226667404, 1.8011, 5.4503, 333.4164
3370.1723279953003, 1.8011, 5.4504, 333.5138
3372.172417163849, 1.801, 5.4503, 333.5282
3374.1725080013275, 1.8011, 5.4504, 333.0401
3376.1725964546204, 1.8011, 5.4505, 332.9255
3378.1726982593536, 1.801, 5.4505, 333.1685
3380.1728298664093, 1.8011, 5.4505, 333.2065
3382.1729352474213, 1.8011, 5.4508, 333.1419
3384.1730365753174, 1.8011, 5.4508, 333.1715
3386.1731181144714, 1.8011, 5.4509, 333.0567
3388.1732268333435, 1.8011, 5.451, 333.1811
3390.173328638077, 1.8011, 5.4509, 333.0223
3392.1734488010406, 1.8011, 5.451, 332.9976
3394.1735532283783, 1.8011, 5.451, 333.1478
3396.1736874580383, 1.8011, 5.451, 332.9989
3398.173790693283, 1.8011, 5.4511, 332.9512
3400.1738951206207, 1.8011, 5.4511, 333.0486
3402.173991203308, 1.8011, 5.4509, 333.0315
3404.1740453243256, 1.8011, 5.451, 332.9585
3406.1741285324097, 1.8011, 5.451, 333.0322
3408.1742177009583, 1.8011, 5.451, 333.1197
3410.174300670624, 1.8011, 5.4511, 332.9651
3412.1743977069855, 1.8011, 5.4514, 332.7453
3414.17449760437, 1.8011, 5.4515, 332.4982
3416.174604654312, 1.8011, 5.4517, 332.7184
3418.174741744995, 1.8011, 5.4515, 332.9577
3420.1748440265656, 1.8011, 5.4514, 333.1036
3422.174926996231, 1.8011, 5.4513, 333.0249
3424.1750407218933, 1.8011, 5.4513, 332.9462
3426.175144433975, 1.8011, 5.4513, 332.9496
3428.17524266243, 1.8011, 5.4511, 332.9046
3430.175323486328, 1.8011, 5.4511, 332.6416
3432.1754093170166, 1.8011, 5.4514, 332.5421
3434.1754944324493, 1.8011, 5.4514, 332.3693
3436.175595521927, 1.801, 5.4515, 332.5309
3438.1756966114044, 1.8011, 5.4516, 332.6402
3440.17577457428, 1.8011, 5.4517, 332.6886
3442.1758563518524, 1.8011, 5.4517, 332.7354
3444.175952196121, 1.8011, 5.4518, 332.6175
3446.176034927368, 1.8011, 5.4518, 332.5973
3448.1761400699615, 1.8011, 5.4517, 332.6729
3450.1762335300446, 1.801, 5.4518, 332.6977
3452.1763348579407, 1.8011, 5.452, 332.5181
3454.1764385700226, 1.801, 5.4518, 332.5344
3456.176542520523, 1.8011, 5.4521, 332.4298
3458.17662525177, 1.8011, 5.4519, 332.3553
3460.176714658737, 1.8011, 5.4519, 331.9336
3462.176849126816, 1.8011, 5.4522, 331.9168
3464.1769514083862, 1.801, 5.4522, 331.9593
3466.177050590515, 1.8011, 5.4522, 331.7825
3468.1771528720856, 1.8011, 5.452, 332.153
3470.177253484726, 1.8011, 5.4519, 332.453
3472.1773838996887, 1.8011, 5.4519, 332.5635
3474.1775188446045, 1.8011, 5.4519, 332.6082
3476.1775953769684, 1.8011, 5.4518, 332.763
3478.177679538727, 1.8011, 5.4518, 332.7958
3480.177812099457, 1.8011, 5.4517, 332.4587
3482.177897453308, 1.8011, 5.4518, 332.3332
3484.1780095100403, 1.8011, 5.452, 332.471
3486.1781125068665, 1.8011, 5.4519, 332.4331
3488.1782178878784, 1.8011, 5.4518, 332.5901
3490.1783061027527, 1.8011, 5.4519, 332.7927
3492.178421974182, 1.8011, 5.4517, 332.9405
3494.178502559662, 1.8011, 5.4515, 332.8282
3496.1785893440247, 1.8011, 5.4514, 332.6594
3498.1786828041077, 1.8011, 5.4514, 332.2163
3500.1787707805634, 1.8011, 5.4516, 332.2266
3502.178853750229, 1.8011, 5.4516, 332.5753
3504.178955078125, 1.8011, 5.4517, 332.6165
3506.1790599823, 1.8011, 5.4517, 332.5481
3508.179192304611, 1.8011, 5.452, 332.3938
3510.1793258190155, 1.8011, 5.4522, 332.2441
3512.179407119751, 1.8011, 5.4522, 332.2771
3514.1794962882996, 1.8011, 5.4523, 332.3055
3516.1795978546143, 1.8011, 5.4522, 332.4147
3518.179697751999, 1.8011, 5.452, 332.3717
3520.1797988414764, 1.8011, 5.4522, 332.358
3522.1799023151398, 1.8011, 5.4521, 332.4739
3524.1800425052643, 1.8011, 5.4521, 332.4009
3526.1801750659943, 1.8011, 5.4521, 332.2656
3528.180276632309, 1.8011, 5.4522, 332.4283
3530.1803634166718, 1.8011, 5.452, 332.6116
3532.1804592609406, 1.8011, 5.452, 332.7189
3534.180541753769, 1.8011, 5.452, 332.7996
3536.1806423664093, 1.8011, 5.4518, 332.7647
3538.180742263794, 1.8011, 5.452, 332.5969
3540.18084359169, 1.8011, 5.4519, 332.399
3542.180992126465, 1.8011, 5.452, 332.3761
3544.181083917618, 1.8011, 5.4519, 332.3299
3546.1812171936035, 1.8011, 5.4518, 332.3687
3548.1813011169434, 1.8011, 5.4521, 332.2323
3550.181401014328, 1.8011, 5.4521, 332.3151
3552.1815025806427, 1.8011, 5.4523, 331.9609
3554.181599855423, 1.8011, 5.4524, 332.0244
3556.181699991226, 1.8011, 5.4526, 331.966
3558.181802511215, 1.8011, 5.4527, 331.6875
3560.1819455623627, 1.8011, 5.4527, 331.7615
3562.1820833683014, 1.8011, 5.4528, 331.922
3564.182232618332, 1.8011, 5.4528, 332.2913
3566.1823115348816, 1.8011, 5.4526, 332.3901
3568.1824095249176, 1.8011, 5.4526, 332.4157
3570.182511329651, 1.8011, 5.4526, 332.4205
3572.1826133728027, 1.801, 5.4525, 332.3073
3574.1826963424683, 1.8011, 5.4524, 332.3948
3576.182781934738, 1.801, 5.4523, 332.3063
3578.182874441147, 1.8011, 5.4523, 332.5482
3580.182958841324, 1.8011, 5.4522, 332.4275
3582.1830434799194, 1.8011, 5.4522, 332.2977
3584.1831226348877, 1.801, 5.4524, 332.1007
3586.1832127571106, 1.801, 5.4526, 332.1501
3588.1833412647247, 1.801, 5.4525, 332.3832
3590.1834416389465, 1.8011, 5.4524, 332.3299
3592.183546066284, 1.8011, 5.4524, 332.3906
3594.1836354732513, 1.8011, 5.4524, 332.4117
3596.1837286949158, 1.801, 5.4521, 332.5202
3598.1838161945343, 1.801, 5.452, 332.4083
3600.1839458942413, 1.8011, 5.4523, 331.9357
3602.1840250492096, 1.801, 5.4523, 331.6945
3604.1841146945953, 1.8011, 5.4525, 331.8185
3606.184195280075, 1.8011, 5.4525, 331.8522
3608.1842801570892, 1.8011, 5.4524, 332.0107
3610.184368610382, 1.8011, 5.4527, 332.2029
3612.1845037937164, 1.8011, 5.4523, 332.3892
3614.1845927238464, 1.8011, 5.4524, 332.2184
3616.1847331523895, 1.801, 5.4525, 332.0696
3618.184835910797, 1.8011, 5.4526, 331.9665
3620.184918165207, 1.8011, 5.4527, 331.8877
3622.185007095337, 1.8011, 5.4528, 331.8633
3624.1851041316986, 1.801, 5.4527, 331.9543
3626.1851840019226, 1.8011, 5.4527, 331.9564
3628.1852793693542, 1.801, 5.4528, 332.0478
3630.1853625774384, 1.8011, 5.4527, 332.1893
3632.1854586601257, 1.8011, 5.4528, 331.9471
3634.1855623722076, 1.801, 5.453, 331.7241
3636.185697555542, 1.8011, 5.4532, 331.6134
3638.185780763626, 1.8011, 5.4534, 331.674
3640.185887336731, 1.8011, 5.4531, 331.9941
3642.1860218048096, 1.8011, 5.453, 331.9837
3644.1861345767975, 1.8011, 5.453, 332.0872
3646.186247587204, 1.8011, 5.453, 331.8844
3648.1863470077515, 1.8011, 5.4532, 331.865
3650.1864454746246, 1.8011, 5.4531, 332.0875
3652.186559200287, 1.8011, 5.453, 332.0609
3654.1866619586945, 1.8011, 5.4531, 331.751
3656.1867525577545, 1.801, 5.4533, 331.6502
3658.1868517398834, 1.8011, 5.4535, 331.4701
3660.1869695186615, 1.8011, 5.4537, 331.2505
3662.1870670318604, 1.8011, 5.4538, 331.5661
3664.188860177994, 0.0, 0.0, 334.4609
3666.18896317482, 0.0, 0.0, 361.9381
3668.189051389694, 0.0, 0.0, 383.9519
3670.1891508102417, 0.0, 0.0, 403.1992
3672.1892516613007, 0.0, 0.0, 421.1867
3674.1893305778503, 0.0, 0.0, 436.9567
3676.18944978714, 0.0, 0.0, 451.655
3678.189557790756, 0.0, 0.0, 465.2515
3680.189693927765, 0.0, 0.0, 477.9671
3682.1897954940796, 0.0, 0.0, 490.1536
3684.1898901462555, 0.0, 0.0, 502.3263
3686.1900374889374, 0.0, 0.0, 513.8827
3688.190144777298, 0.0, 0.0, 525.1361
3690.1902487277985, 0.0, 0.0, 536.1088
3692.190352678299, 0.0, 0.0, 546.3802
3694.1904587745667, 0.0, 0.0, 556.5087
3696.190547466278, 0.0, 0.0, 566.7464
3698.19064950943, 0.0, 0.0, 576.9026
3700.1907439231873, 0.0, 0.0, 586.6109
3702.190831899643, 0.0, 0.0, 596.516
3704.190975666046, 0.0, 0.0, 606.6111
3706.191064119339, 0.0, 0.0, 616.6476
3708.191160440445, 0.0, 0.0, 626.1482
3710.191242456436, 0.0, 0.0, 635.8784
3712.191333770752, 0.0, 0.0, 645.9391
3714.191436290741, 0.0, 0.0, 655.4321
3716.1915373802185, 0.0, 0.0, 664.7318
3718.1916394233704, 0.0, 0.0, 674.3119
3720.1917238235474, 0.0, 0.0, 683.5964
3722.191872358322, 0.0, 0.0, 693.177
3724.1919729709625, 0.0, 0.0, 702.1948
3726.1920573711395, 0.0, 0.0, 711.7453
3728.1921496391296, 0.0, 0.0, 721.6942
3730.1922512054443, 0.0, 0.0, 731.2152
3732.192351102829, 0.0, 0.0, 740.3581
3734.1924333572388, 0.0, 0.0, 750.4063
3736.192512512207, 0.0, 0.0, 759.7513
3738.192596912384, 0.0, 0.0, 769.0507
3740.192701101303, 0.0, 0.0, 778.9886
3742.1928374767303, 0.0, 0.0, 787.8353
3744.1929428577423, 0.0, 0.0, 796.8452
3746.1930232048035, 0.0, 0.0, 806.3387
3748.1931142807007, 0.0, 0.0, 815.4693
3750.1932151317596, 0.0, 0.0, 824.0323
3752.193299293518, 0.0, 0.0, 832.7323
3754.193478822708, 0.0, 0.0, 841.2685
3756.193596124649, 0.0, 0.0, 850.6248
3758.193699121475, 0.0, 0.0, 859.7696
3760.193831920624, 0.0, 0.0, 868.933
3762.1939327716827, 0.0, 0.0, 877.9217
3764.194025993347, 0.0, 0.0, 886.9925
3766.1941301822662, 0.0, 0.0, 896.0246
3768.1942286491394, 0.0, 0.0, 905.1065
3770.1943283081055, 0.0, 0.0, 913.809
3772.1944217681885, 0.0, 0.0, 922.2208
3774.194555044174, 0.0, 0.0, 931.3522
3776.1946561336517, 0.0, 0.0, 940.1543
3778.1947605609894, 0.0, 0.0, 948.6536
3780.1948475837708, 0.0, 0.0, 957.4448
3782.1949265003204, 0.0, 0.0, 966.2774
3784.195027589798, 0.0, 0.0, 974.6117
3786.1951611042023, 0.0, 0.0, 982.919
3788.195241212845, 0.0, 0.0, 990.9932
3790.195340871811, 0.0, 0.0, 1000.06
3792.195421218872, 0.0, 0.0, 1008.5
3794.1955211162567, 0.0, 0.0, 1017.111
3796.195622444153, 0.0, 0.0, 1026.217
3798.1957228183746, 0.0, 0.0, 1034.636
3800.1957998275757, 0.0, 0.0, 1042.687
3802.1958990097046, 0.0, 0.0, 1051.535
3804.1959960460663, 0.0, 0.0, 1059.502
3806.1960968971252, 0.0, 0.0, 1067.519
3808.1961958408356, 0.0, 0.0, 1076.156
3810.1962780952454, 0.0, 0.0, 1084.797
3812.196362018585, 0.0, 0.0, 1092.736
3814.196459531784, 0.0, 0.0, 1100.114
3816.1965663433075, 0.0, 0.0, 1108.01
3818.196645259857, 0.0, 0.0, 1116.131
3820.196746826172, 0.0, 0.0, 1124.396
3822.196851015091, 0.0, 0.0, 1132.423
3824.1969571113586, 0.0, 0.0, 1140.183
3826.1970615386963, 0.0, 0.0, 1148.388
3828.1972002983093, 0.0, 0.0, 1155.903
3830.1973338127136, 0.0, 0.0, 1163.268
3832.1974556446075, 0.0, 0.0, 1170.834
3834.1975586414337, 0.0, 0.0, 1178.487
3836.197637796402, 0.0, 0.0, 1186.275
3838.197740316391, 0.0, 0.0, 1193.801
3840.197827577591, 0.0, 0.0, 1200.849
3842.197922229767, 0.0, 0.0, 1208.284
3844.1980237960815, 0.0, 0.0, 1215.97
3846.1981241703033, 0.0, 0.0, 1223.188
3848.1982073783875, 0.0, 0.0, 1230.214
3850.1982913017273, 0.0, 0.0, 1237.923
3852.1983914375305, 0.0, 0.0, 1245.667
3854.1984798908234, 0.0, 0.0, 1253.271
3856.1986150741577, 0.0, 0.0, 1260.366
3858.198705673218, 0.0, 0.0, 1266.963
3860.198789358139, 0.0, 0.0, 1273.909
3862.198923110962, 0.0, 0.0, 1281.03
3864.199054956436, 0.0, 0.0, 1287.653
3866.1991577148438, 0.0, 0.0, 1293.98
3868.1992630958557, 0.0, 0.0, 1300.503
3870.199407339096, 0.0, 0.0, 1308.19
3872.1994948387146, 0.0, 0.0, 1315.518
3874.199583053589, 0.0, 0.0, 1322.398
3876.1996788978577, 0.0, 0.0, 1329.353
3878.1997826099396, 0.0, 0.0, 1336.053
3880.1998841762543, 0.0, 0.0, 1342.43
3882.1999683380127, 0.0, 0.0, 1348.113
3884.2000510692596, 0.0, 0.0, 1353.814
3886.200141429901, 0.0, 0.0, 1360.117
3888.2002453804016, 0.0, 0.0, 1366.426
3890.200326681137, 0.0, 0.0, 1372.98
3892.2004079818726, 0.0, 0.0, 1380.008
3894.200490474701, 0.0, 0.0, 1386.276
3896.2006278038025, 0.0, 0.0, 1393.111
3898.2007641792297, 0.0, 0.0, 1399.503
3900.200859308243, 0.0, 0.0, 1405.698
3902.2009501457214, 0.0, 0.0, 1411.913
3904.201084136963, 0.0, 0.0, 1418.01
3906.2011754512787, 0.0, 0.0, 1424.287
3908.201252937317, 0.0, 0.0, 1430.524
3910.2013535499573, 0.0, 0.0, 1436.441
3912.2014622688293, 0.0, 0.0, 1441.722
3914.2015657424927, 0.0, 0.0, 1448.092
3916.2016491889954, 0.0, 0.0, 1454.256
3918.2017369270325, 0.0, 0.0, 1460.756
3920.2018196582794, 0.0, 0.0, 1467.084
3922.201910495758, 0.0, 0.0, 1472.559
3924.202047586441, 0.0, 0.0, 1477.824
3926.202130317688, 0.0, 0.0, 1483.27
3928.202233314514, 0.0, 0.0, 1489.001
3930.202334880829, 0.0, 0.0, 1494.569
3932.2024426460266, 0.0, 0.0, 1500.375
3934.202550172806, 0.0, 0.0, 1505.724
3936.2026467323303, 0.0, 0.0, 1510.978
3938.202735900879, 0.0, 0.0, 1516.66
3940.2028391361237, 0.0, 0.0, 1522.458
3942.2029230594635, 0.0, 0.0, 1528.171
3944.2030086517334, 0.0, 0.0, 1533.964
3946.2031116485596, 0.0, 0.0, 1539.527
3948.2032430171967, 0.0, 0.0, 1544.127
3950.203346014023, 0.0, 0.0, 1548.697
3952.2034463882446, 0.0, 0.0, 1553.548
3954.2035462856293, 0.0, 0.0, 1558.265
3956.203649997711, 0.0, 0.0, 1562.664
3958.2037539482117, 0.0, 0.0, 1567.113
3960.203894853592, 0.0, 0.0, 1572.672
3962.20397400856, 0.0, 0.0, 1577.63
3964.204076528549, 0.0, 0.0, 1582.325
3966.204179048538, 0.0, 0.0, 1587.167
3968.2042801380157, 0.0, 0.0, 1591.979
3970.204383611679, 0.0, 0.0, 1596.875
3972.204487800598, 0.0, 0.0, 1601.815
3974.2045900821686, 0.0, 0.0, 1606.137
3976.204684495926, 0.0, 0.0, 1611.203
3978.204779624939, 0.0, 0.0, 1615.453
3980.2048597335815, 0.0, 0.0, 1620.215
3982.2049572467804, 0.0, 0.0, 1624.102
3984.2050445079803, 0.0, 0.0, 1628.714
3986.205147743225, 0.0, 0.0, 1632.808
3988.205249071121, 0.0, 0.0, 1637.661
3990.2053320407867, 0.0, 0.0, 1641.988
3992.2054526805878, 0.0, 0.0, 1646.653
3994.205543756485, 0.0, 0.0, 1651.339
3996.205643892288, 0.0, 0.0, 1655.584
3998.205722093582, 0.0, 0.0, 1659.502
4000.205832004547, 0.0, 0.0, 1664.132
4002.205933570862, 0.0, 0.0, 1668.212
4004.2060346603394, 0.0, 0.0, 1672.049
4006.206134080887, 0.0, 0.0, 1677.529
4008.2062356472015, 0.0, 0.0, 1682.164
4010.206335067749, 0.0, 0.0, 1686.766
4012.2064337730408, 0.0, 0.0, 1691.5
4014.2065331935883, 0.0, 0.0, 1695.627
4016.2066144943237, 0.0, 0.0, 1698.955
4018.206715106964, 0.0, 0.0, 1702.366
4020.206815958023, 0.0, 0.0, 1706.551
4022.206917285919, 0.0, 0.0, 1710.925
4024.2070190906525, 0.0, 0.0, 1715.1
4026.20716047287, 0.0, 0.0, 1718.662
4028.207242488861, 0.0, 0.0, 1722.218
4030.207335948944, 0.0, 0.0, 1725.504
4032.207424879074, 0.0, 0.0, 1728.234
4034.2075107097626, 0.0, 0.0, 1731.596
4036.207594394684, 0.0, 0.0, 1736.605
4038.2076983451843, 0.0, 0.0, 1741.077
4040.207803249359, 0.0, 0.0, 1744.948
4042.2079441547394, 0.0, 0.0, 1748.91
4044.208032608032, 0.0, 0.0, 1752.458
4046.2081344127655, 0.0, 0.0, 1756.457
4048.2082285881042, 0.0, 0.0, 1759.208
4050.2083382606506, 0.0, 0.0, 1762.15
4052.208423137665, 0.0, 0.0, 1765.045
4054.2085316181183, 0.0, 0.0, 1767.96
4056.2086358070374, 0.0, 0.0, 1770.778
4058.2087259292603, 0.0, 0.0, 1773.932
4060.2088329792023, 0.0, 0.0, 1776.987
4062.2089190483093, 0.0, 0.0, 1780.389
4064.209007024765, 0.0, 0.0, 1783.64
4066.209100008011, 0.0, 0.0, 1787.14
4068.209195613861, 0.0, 0.0, 1789.881
4070.209276199341, 0.0, 0.0, 1793.691
4072.209372282028, 0.0, 0.0, 1797.596
4074.209474802017, 0.0, 0.0, 1800.42
4076.209618330002, 0.0, 0.0, 1804.162
4078.209713459015, 0.0, 0.0, 1807.306
4080.2098095417023, 0.0, 0.0, 1810.189
4082.2099125385284, 0.0, 0.0, 1813.228
4084.2100138664246, 0.0, 0.0, 1815.822
4086.210104227066, 0.0, 0.0, 1818.3
4088.2101826667786, 0.0, 0.0, 1820.958
4090.2103390693665, 0.0, 0.0, 1823.68
4092.2104227542877, 0.0, 0.0, 1826.315
4094.210522413254, 0.0, 0.0, 1830.154
4096.210604429245, 0.0, 0.0, 1833.873
4098.210692882538, 0.0, 0.0, 1837.609
4100.210813045502, 0.0, 0.0, 1840.476
4102.2109179496765, 0.0, 0.0, 1842.732
4104.211052656174, 0.0, 0.0, 1845.009
4106.211141109467, 0.0, 0.0, 1847.183
4108.211240530014, 0.0, 0.0, 1849.86
4110.211373329163, 0.0, 0.0, 1853.375
4112.211461544037, 0.0, 0.0, 1856.884
4114.211563587189, 0.0, 0.0, 1859.659
4116.211654186249, 0.0, 0.0, 1861.749
4118.211749076843, 0.0, 0.0, 1863.931
4120.2118508815765, 0.0, 0.0, 1865.978
4122.21195101738, 0.0, 0.0, 1868.574
4124.212043046951, 0.0, 0.0, 1871.603
4126.212147951126, 0.0, 0.0, 1874.224
4128.212278604507, 0.0, 0.0, 1877.115
4130.212411642075, 0.0, 0.0, 1879.492
4132.212506771088, 0.0, 0.0, 1881.553
4134.212591409683, 0.0, 0.0, 1884.169
4136.212695360184, 0.0, 0.0, 1887.271
4138.212795495987, 0.0, 0.0, 1890.247
4140.212895154953, 0.0, 0.0, 1893.182
4142.212975740433, 0.0, 0.0, 1896.229
4144.21307682991, 0.0, 0.0, 1898.501
4146.213178873062, 0.0, 0.0, 1900.571
4148.213274478912, 0.0, 0.0, 1902.876
4150.213407278061, 0.0, 0.0, 1904.771
4152.213508605957, 0.0, 0.0, 1906.626
4154.213598489761, 0.0, 0.0, 1909.29
4156.213732481003, 0.0, 0.0, 1912.048
4158.213833093643, 0.0, 0.0, 1914.723
4160.213912725449, 0.0, 0.0, 1917.349
4162.214012384415, 0.0, 0.0, 1919.371
4164.214114665985, 0.0, 0.0, 1921.122
4166.214205265045, 0.0, 0.0, 1923.145
4168.214303970337, 0.0, 0.0, 1925.603
4170.214405298233, 0.0, 0.0, 1928.072
4172.214537620544, 0.0, 0.0, 1929.72
4174.214627504349, 0.0, 0.0, 1932.172
4176.214731216431, 0.0, 0.0, 1934.094
4178.214825630188, 0.0, 0.0, 1936.115
4180.214959859848, 0.0, 0.0, 1938.792
4182.215055465698, 0.0, 0.0, 1941.082
4184.215151786804, 0.0, 0.0, 1942.665
4186.215254306793, 0.0, 0.0, 1944.426
4188.215397357941, 0.0, 0.0, 1947.489
4190.215538263321, 0.0, 0.0, 1949.888
4192.2156529426575, 0.0, 0.0, 1951.986
4194.2157390117645, 0.0, 0.0, 1954.36
4196.215820550919, 0.0, 0.0, 1956.219
4198.215926170349, 0.0, 0.0, 1958.395
4200.216023445129, 0.0, 0.0, 1959.806
4202.216114282608, 0.0, 0.0, 1961.388
4204.216221809387, 0.0, 0.0, 1962.683
4206.21631526947, 0.0, 0.0, 1964.458
4208.216413974762, 0.0, 0.0, 1966.747
4210.216547727585, 0.0, 0.0, 1968.895
4212.216647386551, 0.0, 0.0, 1971.507
4214.216729640961, 0.0, 0.0, 1974.012
4216.216818332672, 0.0, 0.0, 1975.951
4218.216920137405, 0.0, 0.0, 1978.312
4220.2170586586, 0.0, 0.0, 1980.189
4222.217162370682, 0.0, 0.0, 1982.27
4224.217297077179, 0.0, 0.0, 1983.733
4226.217401504517, 0.0, 0.0, 1985.347
4228.217504501343, 0.0, 0.0, 1987.4
4230.21759223938, 0.0, 0.0, 1990.094
4232.217673301697, 0.0, 0.0, 1992.556
4234.217774391174, 0.0, 0.0, 1994.737
4236.217877864838, 0.0, 0.0, 1996.657
4238.217969655991, 0.0, 0.0, 1998.316
4240.218049526215, 0.0, 0.0, 1999.935
4242.218134403229, 0.0, 0.0, 2001.598
4244.21821475029, 0.0, 0.0, 2003.264
4246.218295097351, 0.0, 0.0, 2005.205
4248.2184002399445, 0.0, 0.0, 2006.965
4250.218479156494, 0.0, 0.0, 2008.245
4252.218564271927, 0.0, 0.0, 2009.922
4254.21865105629, 0.0, 0.0, 2011.372
4256.218754053116, 0.0, 0.0, 2013.618
4258.218857765198, 0.0, 0.0, 2015.174
4260.218990802765, 0.0, 0.0, 2016.861
4262.219069004059, 0.0, 0.0, 2018.463
4264.219160556793, 0.0, 0.0, 2020.321
4266.219247341156, 0.0, 0.0, 2021.589
4268.219328165054, 0.0, 0.0, 2023.184
4270.2194283008575, 0.0, 0.0, 2025.115
4272.219529390335, 0.0, 0.0, 2027.338
4274.219613075256, 0.0, 0.0, 2029.384
4276.219713926315, 0.0, 0.0, 2030.602
4278.21981549263, 0.0, 0.0, 2032.404
4280.219895124435, 0.0, 0.0, 2033.862
4282.220030784607, 0.0, 0.0, 2035.754
4284.220175504684, 0.0, 0.0, 2037.672
4286.220323562622, 0.0, 0.0, 2039.842
4288.220411777496, 0.0, 0.0, 2041.642
4290.2205493450165, 0.0, 0.0, 2043.574
4292.220652580261, 0.0, 0.0, 2045.336
4294.220752954483, 0.0, 0.0, 2047.114
4296.220855951309, 0.0, 0.0, 2048.996
4298.220957040787, 0.0, 0.0, 2050.512
4300.221059560776, 0.0, 0.0, 2051.439
4302.221162319183, 0.0, 0.0, 2053.101
4304.221244812012, 0.0, 0.0, 2054.975
4306.2213306427, 0.0, 0.0, 2056.629
4308.221429109573, 0.0, 0.0, 2058.727
4310.221529722214, 0.0, 0.0, 2059.663
4312.221631288528, 0.0, 0.0, 2061.164
4314.2217309474945, 0.0, 0.0, 2062.42
4316.221833705902, 0.0, 0.0, 2063.349
4318.221916913986, 0.0, 0.0, 2064.852
4320.222016811371, 0.0, 0.0, 2066.484
4322.222097396851, 0.0, 0.0, 2067.535
4324.222185850143, 0.0, 0.0, 2068.804
4326.222265958786, 0.0, 0.0, 2071.121
4328.222353935242, 0.0, 0.0, 2072.689
4330.222465515137, 0.0, 0.0, 2073.653
4332.222599983215, 0.0, 0.0, 2074.85
4334.222703456879, 0.0, 0.0, 2076.464
4336.222796916962, 0.0, 0.0, 2078.314
4338.2228853702545, 0.0, 0.0, 2079.638
4340.223017692566, 0.0, 0.0, 2081.05
4342.2231113910675, 0.0, 0.0, 2082.44
4344.2232122421265, 0.0, 0.0, 2083.535
4346.223304271698, 0.0, 0.0, 2084.658
4348.223391294479, 0.0, 0.0, 2085.921
4350.223502874374, 0.0, 0.0, 2087.528
4352.223639726639, 0.0, 0.0, 2089.249
4354.223740816116, 0.0, 0.0, 2090.916
4356.2238676548, 0.0, 0.0, 2091.84
4358.223954677582, 0.0, 0.0, 2093.194
4360.224058389664, 0.0, 0.0, 2095.076
4362.224157810211, 0.0, 0.0, 2098.5
4364.2242603302, 0.0, 0.0, 2099.645
4366.224363327026, 0.0, 0.0, 2100.486
4368.224452257156, 0.0, 0.0, 2101.357
4370.224540233612, 0.0, 0.0, 2103.304
4372.224627017975, 0.0, 0.0, 2105.485
4374.224729776382, 0.0, 0.0, 2107.113
4376.224819421768, 0.0, 0.0, 2108.446
4378.224922657013, 0.0, 0.0, 2110.036
4380.225008487701, 0.0, 0.0, 2111.603
4382.2250900268555, 0.0, 0.0, 2113.272
4384.2251789569855, 0.0, 0.0, 2114.94
4386.225264787674, 0.0, 0.0, 2116.57
4388.225355148315, 0.0, 0.0, 2117.998
4390.225458860397, 0.0, 0.0, 2119.664
4392.22554564476, 0.0, 0.0, 2120.86
4394.225625991821, 0.0, 0.0, 2122.239
4396.22572851181, 0.0, 0.0, 2123.919
4398.225831031799, 0.0, 0.0, 2125.476
4400.225936174393, 0.0, 0.0, 2126.626
4402.22603225708, 0.0, 0.0, 2128.518
4404.226121902466, 0.0, 0.0, 2130.726
4406.2262325286865, 0.0, 0.0, 2132.268
4408.226341962814, 0.0, 0.0, 2134.112
4410.226441860199, 0.0, 0.0, 2135.872
4412.226529598236, 0.0, 0.0, 2137.079
4414.226614236832, 0.0, 0.0, 2138.191
4416.226723909378, 0.0, 0.0, 2139.955
4418.226825475693, 0.0, 0.0, 2141.308
4420.226937055588, 0.0, 0.0, 2143.164
4422.22704076767, 0.0, 0.0, 2144.569
4424.227128982544, 0.0, 0.0, 2145.7
4426.22726559639, 0.0, 0.0, 2147.094
4428.227410554886, 0.0, 0.0, 2148.316
4430.227497339249, 0.0, 0.0, 2149.23
4432.227605104446, 0.0, 0.0, 2150.069
4434.227708816528, 0.0, 0.0, 2150.883
4436.227843999863, 0.0, 0.0, 2152.175
4438.227948188782, 0.0, 0.0, 2153.858
4440.228051185608, 0.0, 0.0, 2155.269
4442.228136539459, 0.0, 0.0, 2156.835
4444.228240728378, 0.0, 0.0, 2157.714
4446.228345632553, 0.0, 0.0, 2158.57
4448.228425979614, 0.0, 0.0, 2159.918
4450.228518009186, 0.0, 0.0, 2161.517
4452.22859787941, 0.0, 0.0, 2163.239
4454.2286813259125, 0.0, 0.0, 2164.647
4456.228782176971, 0.0, 0.0, 2165.359
4458.228866815567, 0.0, 0.0, 2166.542
4460.229209899902, 0.0, 0.0, 2168.506
4462.229293107986, 0.0, 0.0, 2170.294
4464.2293972969055, 0.0, 0.0, 2171.191
4466.229460000992, 0.0, 0.0, 2171.992
4468.229560375214, 0.0, 0.0, 2173.171
4470.229662179947, 0.0, 0.0, 2174.02
4472.229763031006, 0.0, 0.0, 2174.818
4474.229847431183, 0.0, 0.0, 2176.341
4476.229952096939, 0.0, 0.0, 2178.184
4478.230053424835, 0.0, 0.0, 2180.01
4480.23015499115, 0.0, 0.0, 2181.071
4482.2302396297455, 0.0, 0.0, 2182.297
4484.230325937271, 0.0, 0.0, 2183.293
4486.230460882187, 0.0, 0.0, 2184.424
4488.230561256409, 0.0, 0.0, 2185.807
4490.230660438538, 0.0, 0.0, 2187.618
4492.230746507645, 0.0, 0.0, 2188.314
4494.230848312378, 0.0, 0.0, 2188.863
4496.2309494018555, 0.0, 0.0, 2190.028
4498.231051445007, 0.0, 0.0, 2191.321
4500.231152534485, 0.0, 0.0, 2192.096
4502.2312297821045, 0.0, 0.0, 2193.14
4504.2313096523285, 0.0, 0.0, 2194.523
4506.2313895225525, 0.0, 0.0, 2196.092
4508.2314889431, 0.0, 0.0, 2197.297
4510.231565952301, 0.0, 0.0, 2198.14
4512.23165345192, 0.0, 0.0, 2199.034
4514.231744766235, 0.0, 0.0, 2200.214
4516.231842517853, 0.0, 0.0, 2201.319
4518.231942892075, 0.0, 0.0, 2202.432
4520.232026100159, 0.0, 0.0, 2203.454
4522.2321264743805, 0.0, 0.0, 2204.871
4524.232213497162, 0.0, 0.0, 2205.801
4526.2323043346405, 0.0, 0.0, 2206.924
4528.232399940491, 0.0, 0.0, 2207.531
4530.232500553131, 0.0, 0.0, 2208.697
4532.232588529587, 0.0, 0.0, 2209.79
4534.232689619064, 0.0, 0.0, 2211.196
4536.232788801193, 0.0, 0.0, 2212.359
4538.232892274857, 0.0, 0.0, 2213.66
4540.232994794846, 0.0, 0.0, 2215.168
4542.233100414276, 0.0, 0.0, 2216.338
4544.233217000961, 0.0, 0.0, 2217.188
4546.233313322067, 0.0, 0.0, 2218.386
4548.2334859371185, 0.0, 0.0, 2219.857
4550.233587741852, 0.0, 0.0, 2221.141
4552.233691930771, 0.0, 0.0, 2222.633
4554.2337827682495, 0.0, 0.0, 2223.501
4556.23387503624, 0.0, 0.0, 2224.367
4558.234007358551, 0.0, 0.0, 2225.59
4560.234140396118, 0.0, 0.0, 2226.831
4562.234227657318, 0.0, 0.0, 2227.605
4564.234322786331, 0.0, 0.0, 2228.248
4566.234412431717, 0.0, 0.0, 2229.6
4568.234503030777, 0.0, 0.0, 2230.757
4570.234590053558, 0.0, 0.0, 2232.045
4572.234669923782, 0.0, 0.0, 2233.192
4574.234752655029, 0.0, 0.0, 2234.323
4576.234838962555, 0.0, 0.0, 2235.073
4578.234982252121, 0.0, 0.0, 2235.961
4580.235077857971, 0.0, 0.0, 2237.26
4582.235214948654, 0.0, 0.0, 2237.715
4584.235307216644, 0.0, 0.0, 2238.718
4586.235409975052, 0.0, 0.0, 2240.18
4588.235517501831, 0.0, 0.0, 2241.166
4590.23562002182, 0.0, 0.0, 2242.044
4592.235718488693, 0.0, 0.0, 2242.906
4594.235818386078, 0.0, 0.0, 2243.885
4596.235917806625, 0.0, 0.0, 2244.877
4598.2360236644745, 0.0, 0.0, 2245.758
4600.236164093018, 0.0, 0.0, 2246.873
4602.236298799515, 0.0, 0.0, 2248.04
4604.23640704155, 0.0, 0.0, 2249.284
4606.236540079117, 0.0, 0.0, 2249.778
4608.236633777618, 0.0, 0.0, 2250.556
4610.236720561981, 0.0, 0.0, 2251.912
4612.236815214157, 0.0, 0.0, 2252.414
4614.236911535263, 0.0, 0.0, 2253.515
4616.237055778503, 0.0, 0.0, 2255.033
4618.237148284912, 0.0, 0.0, 2256.108
4620.237243413925, 0.0, 0.0, 2256.676
4622.237340688705, 0.0, 0.0, 2257.171
4624.237449884415, 0.0, 0.0, 2257.541
4626.237541437149, 0.0, 0.0, 2258.6
4628.23761844635, 0.0, 0.0, 2260.2
4630.2377145290375, 0.0, 0.0, 2261.254
4632.237815856934, 0.0, 0.0, 2262.552
4634.237894296646, 0.0, 0.0, 2263.383
4636.2379784584045, 0.0, 0.0, 2264.1
4638.238061666489, 0.0, 0.0, 2264.656
4640.2381591796875, 0.0, 0.0, 2265.531
4642.238251924515, 0.0, 0.0, 2265.938
4644.238354206085, 0.0, 0.0, 2266.573
4646.238446235657, 0.0, 0.0, 2267.449
4648.238545179367, 0.0, 0.0, 2268.083
4650.238645792007, 0.0, 0.0, 2268.825
4652.238732337952, 0.0, 0.0, 2269.414
4654.238839149475, 0.0, 0.0, 2270.07
4656.238942623138, 0.0, 0.0, 2271.099
4658.239039182663, 0.0, 0.0, 2272.141
4660.239124059677, 0.0, 0.0, 2273.088
4662.23921251297, 0.0, 0.0, 2274.933
4664.239292144775, 0.0, 0.0, 2276.448
4666.239395141602, 0.0, 0.0, 2277.878
4668.23947763443, 0.0, 0.0, 2278.628
4670.239564180374, 0.0, 0.0, 2279.424
4672.23964881897, 0.0, 0.0, 2280.483
4674.239748239517, 0.0, 0.0, 2281.552
4676.239827156067, 0.0, 0.0, 2282.993
4678.239924907684, 0.0, 0.0, 2284.485
4680.240006446838, 0.0, 0.0, 2285.547
4682.240087270737, 0.0, 0.0, 2286.493
4684.240187168121, 0.0, 0.0, 2287.067
4686.240288734436, 0.0, 0.0, 2287.952
4688.240389585495, 0.0, 0.0, 2289.228
4690.240489244461, 0.0, 0.0, 2290.114
4692.240589141846, 0.0, 0.0, 2291.575
4694.240688085556, 0.0, 0.0, 2292.618
4696.240787267685, 0.0, 0.0, 2293.623
4698.240886926651, 0.0, 0.0, 2294.92
4700.240968465805, 0.0, 0.0, 2296.025
4702.241102695465, 0.0, 0.0, 2296.799
4704.241238832474, 0.0, 0.0, 2297.21
4706.241322517395, 0.0, 0.0, 2298.107
4708.241411924362, 0.0, 0.0, 2299.283
4710.2415091991425, 0.0, 0.0, 2299.999
4712.241641759872, 0.0, 0.0, 2300.73
4714.24174284935, 0.0, 0.0, 2301.664
4716.2418377399445, 0.0, 0.0, 2302.482
4718.241940021515, 0.0, 0.0, 2303.3
4720.242072343826, 0.0, 0.0, 2304.115
4722.242201566696, 0.0, 0.0, 2305.081
4724.242297887802, 0.0, 0.0, 2306.188
4726.242387294769, 0.0, 0.0, 2306.704
4728.242483615875, 0.0, 0.0, 2307.24
4730.24260020256, 0.0, 0.0, 2308.141
4732.242703676224, 0.0, 0.0, 2308.614
4734.242804765701, 0.0, 0.0, 2309.686
4736.242887735367, 0.0, 0.0, 2310.56
4738.242997407913, 0.0, 0.0, 2311.376
4740.243099689484, 0.0, 0.0, 2312.282
4742.243182420731, 0.0, 0.0, 2313.105
4744.243270635605, 0.0, 0.0, 2313.821
4746.2433540821075, 0.0, 0.0, 2314.443
4748.243433713913, 0.0, 0.0, 2315.143
4750.243535757065, 0.0, 0.0, 2315.823
4752.24363899231, 0.0, 0.0, 2317.175
4754.243740081787, 0.0, 0.0, 2317.872
4756.243839979172, 0.0, 0.0, 2319.006
4758.243992328644, 0.0, 0.0, 2320.198
4760.244122982025, 0.0, 0.0, 2321.269
4762.244210720062, 0.0, 0.0, 2322.161
4764.244302749634, 0.0, 0.0, 2322.937
4766.244442462921, 0.0, 0.0, 2323.677
4768.244538784027, 0.0, 0.0, 2324.304
4770.24464225769, 0.0, 0.0, 2325.295
4772.244729757309, 0.0, 0.0, 2326.479
4774.244833946228, 0.0, 0.0, 2327.386
4776.244924545288, 0.0, 0.0, 2327.918
4778.245037794113, 0.0, 0.0, 2328.251
4780.245177984238, 0.0, 0.0, 2328.879
4782.245312929153, 0.0, 0.0, 2329.397
4784.245421171188, 0.0, 0.0, 2330.054
4786.24552822113, 0.0, 0.0, 2330.57
4788.245663404465, 0.0, 0.0, 2331.095
4790.245804309845, 0.0, 0.0, 2332.129
4792.245886325836, 0.0, 0.0, 2332.801
4794.24599480629, 0.0, 0.0, 2333.361
4796.246098518372, 0.0, 0.0, 2334.109
4798.246237516403, 0.0, 0.0, 2334.903
4800.246330738068, 0.0, 0.0, 2335.814
4802.246434688568, 0.0, 0.0, 2336.519
4804.24656867981, 0.0, 0.0, 2337.32
4806.246678352356, 0.0, 0.0, 2338.133
4808.246772527695, 0.0, 0.0, 2338.928
4810.246911287308, 0.0, 0.0, 2339.541
4812.24702000618, 0.0, 0.0, 2340.453
4814.247120380402, 0.0, 0.0, 2341.093
4816.247206687927, 0.0, 0.0, 2341.56
4818.2473130226135, 0.0, 0.0, 2341.982
4820.247450828552, 0.0, 0.0, 2342.757
4822.247554779053, 0.0, 0.0, 2343.543
4824.247692108154, 0.0, 0.0, 2344.38
4826.247771978378, 0.0, 0.0, 2345.061
4828.247907161713, 0.0, 0.0, 2346.221
4830.24804019928, 0.0, 0.0, 2347.467
4832.248167514801, 0.0, 0.0, 2348.276
4834.248253583908, 0.0, 0.0, 2348.634
4836.248356342316, 0.0, 0.0, 2349.522
4838.248443365097, 0.0, 0.0, 2350.635
4840.248528718948, 0.0, 0.0, 2351.424
4842.248617649078, 0.0, 0.0, 2352.268
4844.248703241348, 0.0, 0.0, 2353.039
4846.248809814453, 0.0, 0.0, 2353.795
4848.248955965042, 0.0, 0.0, 2354.449
4850.249060630798, 0.0, 0.0, 2355.301
4852.249161720276, 0.0, 0.0, 2355.977
4854.249247074127, 0.0, 0.0, 2356.436
4856.249334096909, 0.0, 0.0, 2357.145
4858.249423980713, 0.0, 0.0, 2357.576
4860.24951672554, 0.0, 0.0, 2358.342
4862.2496073246, 0.0, 0.0, 2358.817
4864.249695777893, 0.0, 0.0, 2359.447
4866.249800682068, 0.0, 0.0, 2360.374
4868.249885559082, 0.0, 0.0, 2361.476
4870.249972105026, 0.0, 0.0, 2362.226
4872.2500739097595, 0.0, 0.0, 2362.701
4874.250159502029, 0.0, 0.0, 2362.971
4876.250260353088, 0.0, 0.0, 2363.861
4878.250394105911, 0.0, 0.0, 2364.705
4880.25047492981, 0.0, 0.0, 2365.633
4882.250574350357, 0.0, 0.0, 2366.424
4884.250678062439, 0.0, 0.0, 2367.116
4886.2508108615875, 0.0, 0.0, 2367.232
4888.250900030136, 0.0, 0.0, 2367.308
4890.250999689102, 0.0, 0.0, 2368.389
4892.251082420349, 0.0, 0.0, 2368.955
4894.25116109848, 0.0, 0.0, 2369.366
4896.251260280609, 0.0, 0.0, 2370.552
4898.251340150833, 0.0, 0.0, 2371.614
4900.251440286636, 0.0, 0.0, 2372.39
4902.251527309418, 0.0, 0.0, 2372.904
4904.251612663269, 0.0, 0.0, 2373.709
4906.251705646515, 0.0, 0.0, 2374.143
4908.251835823059, 0.0, 0.0, 2374.946
4910.251985788345, 0.0, 0.0, 2376.125
4912.252100467682, 0.0, 0.0, 2376.627
4914.252212047577, 0.0, 0.0, 2377.341
4916.252352714539, 0.0, 0.0, 2377.868
4918.252485990524, 0.0, 0.0, 2378.437
4920.252588510513, 0.0, 0.0, 2379.402
4922.252722740173, 0.0, 0.0, 2380.002
4924.252824783325, 0.0, 0.0, 2380.33
4926.25293302536, 0.0, 0.0, 2380.965
4928.25303030014, 0.0, 0.0, 2381.63
4930.253126621246, 0.0, 0.0, 2382.296
4932.253231287003, 0.0, 0.0, 2383.009
4934.253311157227, 0.0, 0.0, 2383.74
4936.253399848938, 0.0, 0.0, 2384.69
4938.25349521637, 0.0, 0.0, 2385.309
4940.253595352173, 0.0, 0.0, 2386.09
4942.25367975235, 0.0, 0.0, 2386.88
4944.253757953644, 0.0, 0.0, 2387.679
4946.253844261169, 0.0, 0.0, 2388.414
4948.253947496414, 0.0, 0.0, 2388.844
4950.254044532776, 0.0, 0.0, 2389.489
4952.254127264023, 0.0, 0.0, 2390.119
4954.254208564758, 0.0, 0.0, 2390.839
4956.254296302795, 0.0, 0.0, 2391.148
4958.254384279251, 0.0, 0.0, 2391.526
4960.254499673843, 0.0, 0.0, 2392.038
4962.254603624344, 0.0, 0.0, 2392.781
4964.25469827652, 0.0, 0.0, 2393.475
4966.2547998428345, 0.0, 0.0, 2394.499
4968.254897356033, 0.0, 0.0, 2394.898
4970.255031585693, 0.0, 0.0, 2395.333
4972.255134105682, 0.0, 0.0, 2395.911
4974.255222558975, 0.0, 0.0, 2396.455
4976.255301475525, 0.0, 0.0, 2396.926
4978.255398511887, 0.0, 0.0, 2397.816
4980.255478382111, 0.0, 0.0, 2398.38
4982.25557923317, 0.0, 0.0, 2398.866
4984.255711078644, 0.0, 0.0, 2399.305
4986.255811929703, 0.0, 0.0, 2399.783
4988.255894899368, 0.0, 0.0, 2400.679
4990.25602889061, 0.0, 0.0, 2401.11
4992.256109714508, 0.0, 0.0, 2401.998
4994.256242990494, 0.0, 0.0, 2402.842
4996.256327629089, 0.0, 0.0, 2403.305
4998.25643825531, 0.0, 0.0, 2403.58
5000.256529331207, 0.0, 0.0, 2403.968
5002.256614685059, 0.0, 0.0, 2404.542
5004.256705522537, 0.0, 0.0, 2404.881
5006.256789684296, 0.0, 0.0, 2405.546
5008.256892442703, 0.0, 0.0, 2406.345
5010.25697684288, 0.0, 0.0, 2406.758
5012.257061719894, 0.0, 0.0, 2407.613
5014.257157802582, 0.0, 0.0, 2407.861
5016.257292747498, 0.0, 0.0, 2407.944
5018.257376670837, 0.0, 0.0, 2408.889
5020.257478952408, 0.0, 0.0, 2409.689
5022.257563352585, 0.0, 0.0, 2410.217
5024.257658004761, 0.0, 0.0, 2410.615
5026.257791996002, 0.0, 0.0, 2411.049
5028.257899522781, 0.0, 0.0, 2411.361
5030.257988214493, 0.0, 0.0, 2411.979
5032.258073806763, 0.0, 0.0, 2412.575
5034.258174419403, 0.0, 0.0, 2413.064
5036.2582654953, 0.0, 0.0, 2413.56
5038.258369684219, 0.0, 0.0, 2413.879
5040.258471727371, 0.0, 0.0, 2414.313
5042.258558750153, 0.0, 0.0, 2414.781
5044.258690595627, 0.0, 0.0, 2415.276
5046.258791208267, 0.0, 0.0, 2415.643
5048.258882045746, 0.0, 0.0, 2416.198
5050.258983135223, 0.0, 0.0, 2416.844
5052.259074926376, 0.0, 0.0, 2417.268
5054.259158611298, 0.0, 0.0, 2417.657
5056.259293556213, 0.0, 0.0, 2418.152
5058.259383440018, 0.0, 0.0, 2418.752
5060.259472846985, 0.0, 0.0, 2419.062
5062.259575366974, 0.0, 0.0, 2419.51
5064.259673833847, 0.0, 0.0, 2420.192
5066.259793043137, 0.0, 0.0, 2421.023
5068.259888410568, 0.0, 0.0, 2421.925
5070.259978532791, 0.0, 0.0, 2422.821
5072.260075807571, 0.0, 0.0, 2423.287
5074.260177612305, 0.0, 0.0, 2423.58
5076.260321378708, 0.0, 0.0, 2424.246
5078.260459661484, 0.0, 0.0, 2424.647
5080.260551214218, 0.0, 0.0, 2425.153
5082.260694503784, 0.0, 0.0, 2425.574
5084.260802030563, 0.0, 0.0, 2426.336
5086.260912895203, 0.0, 0.0, 2427.183
5088.26101565361, 0.0, 0.0, 2428.005
5090.261157035828, 0.0, 0.0, 2428.671
5092.2612590789795, 0.0, 0.0, 2429.011
5094.261360645294, 0.0, 0.0, 2429.546
5096.261466741562, 0.0, 0.0, 2430.268
5098.261572599411, 0.0, 0.0, 2430.711
5100.261657238007, 0.0, 0.0, 2431.09
5102.261741161346, 0.0, 0.0, 2431.507
5104.261824131012, 0.0, 0.0, 2431.863
5106.261909484863, 0.0, 0.0, 2432.295
5108.261995792389, 0.0, 0.0, 2432.885
5110.262084245682, 0.0, 0.0, 2433.385
5112.2621874809265, 0.0, 0.0, 2433.953
5114.26228928566, 0.0, 0.0, 2434.563
5116.262391805649, 0.0, 0.0, 2434.947
5118.262489080429, 0.0, 0.0, 2435.296
5120.262593269348, 0.0, 0.0, 2435.872
5122.2626967430115, 0.0, 0.0, 2436.105
5124.262786149979, 0.0, 0.0, 2436.609
5126.262893438339, 0.0, 0.0, 2437.177
5128.262991905212, 0.0, 0.0, 2437.803
5130.26312828064, 0.0, 0.0, 2438.023
5132.263232469559, 0.0, 0.0, 2438.405
5134.263368368149, 0.0, 0.0, 2438.86
5136.263475894928, 0.0, 0.0, 2439.22
5138.263562917709, 0.0, 0.0, 2439.716
5140.263666152954, 0.0, 0.0, 2440.336
5142.263799667358, 0.0, 0.0, 2441.26
5144.263934850693, 0.0, 0.0, 2441.886
5146.264037847519, 0.0, 0.0, 2442.309
5148.264140844345, 0.0, 0.0, 2442.742
5150.264243841171, 0.0, 0.0, 2443.227
5152.264341831207, 0.0, 0.0, 2443.825
5154.264432191849, 0.0, 0.0, 2444.291
5156.264519453049, 0.0, 0.0, 2444.764
5158.2646198272705, 0.0, 0.0, 2445.441
5160.264720439911, 0.0, 0.0, 2445.86
5162.264808177948, 0.0, 0.0, 2446.475
5164.264895200729, 0.0, 0.0, 2447.126
5166.264991283417, 0.0, 0.0, 2447.688
5168.265072107315, 0.0, 0.0, 2448.342
5170.265169620514, 0.0, 0.0, 2448.953
5172.265260457993, 0.0, 0.0, 2449.341
5174.265340566635, 0.0, 0.0, 2449.478
5176.265425920486, 0.0, 0.0, 2449.77
5178.265560865402, 0.0, 0.0, 2450.353
5180.265697717667, 0.0, 0.0, 2450.86
5182.26579451561, 0.0, 0.0, 2451.469
5184.265882492065, 0.0, 0.0, 2451.732
5186.26598405838, 0.0, 0.0, 2452.241
5188.266089677811, 0.0, 0.0, 2453.046
5190.266226530075, 0.0, 0.0, 2453.668
5192.266329526901, 0.0, 0.0, 2454.015
5194.266462087631, 0.0, 0.0, 2454.793
5196.2665638923645, 0.0, 0.0, 2455.27
5198.266705989838, 0.0, 0.0, 2455.638
5200.266840696335, 0.0, 0.0, 2456.269
5202.266942739487, 0.0, 0.0, 2456.834
5204.267043590546, 0.0, 0.0, 2457.222
5206.267144918442, 0.0, 0.0, 2457.785
5208.2672781944275, 0.0, 0.0, 2458.188
5210.267411231995, 0.0, 0.0, 2458.638
5212.26750254631, 0.0, 0.0, 2459.303
5214.267594099045, 0.0, 0.0, 2460.112
5216.267698049545, 0.0, 0.0, 2460.701
5218.267836809158, 0.0, 0.0, 2461.173
5220.26793718338, 0.0, 0.0, 2461.433
5222.268039226532, 0.0, 0.0, 2461.42
5224.268140077591, 0.0, 0.0, 2461.918
5226.26824092865, 0.0, 0.0, 2462.369
5228.268327713013, 0.0, 0.0, 2462.653
5230.268429279327, 0.0, 0.0, 2462.797
5232.268550634384, 0.0, 0.0, 2463.042
5234.268632888794, 0.0, 0.0, 2463.166
5236.268747806549, 0.0, 0.0, 2463.882
5238.268858671188, 0.0, 0.0, 2465.081
5240.268941640854, 0.0, 0.0, 2466.108
5242.269032239914, 0.0, 0.0, 2466.93
5244.269126653671, 0.0, 0.0, 2467.444
5246.269220352173, 0.0, 0.0, 2468.107
5248.269309282303, 0.0, 0.0, 2468.764
5250.269412279129, 0.0, 0.0, 2469.102
5252.269504070282, 0.0, 0.0, 2469.54
5254.26960682869, 0.0, 0.0, 2470.003
5256.26970911026, 0.0, 0.0, 2470.62
5258.26980304718, 0.0, 0.0, 2471.002
5260.269908428192, 0.0, 0.0, 2471.233
5262.269997358322, 0.0, 0.0, 2471.57
5264.270101547241, 0.0, 0.0, 2471.943
5266.270182609558, 0.0, 0.0, 2472.43
5268.270281791687, 0.0, 0.0, 2472.912
5270.27037525177, 0.0, 0.0, 2473.236
5272.2705154418945, 0.0, 0.0, 2473.663
5274.270611524582, 0.0, 0.0, 2474.093
5276.270713806152, 0.0, 0.0, 2474.382
5278.270801544189, 0.0, 0.0, 2474.688
5280.270902395248, 0.0, 0.0, 2475.034
5282.271012306213, 0.0, 0.0, 2475.537
5284.271120786667, 0.0, 0.0, 2475.943
5286.2712235450745, 0.0, 0.0, 2476.173
5288.271307229996, 0.0, 0.0, 2476.608
5290.27139544487, 0.0, 0.0, 2476.949
5292.27149772644, 0.0, 0.0, 2477.323
5294.271581411362, 0.0, 0.0, 2477.373
5296.271666526794, 0.0, 0.0, 2477.344
5298.271751642227, 0.0, 0.0, 2477.824
5300.271846294403, 0.0, 0.0, 2478.163
5302.271937847137, 0.0, 0.0, 2478.347
5304.272039890289, 0.0, 0.0, 2478.482
5306.272141218185, 0.0, 0.0, 2478.862
5308.272240400314, 0.0, 0.0, 2479.106
5310.272346496582, 0.0, 0.0, 2479.104
5312.272451877594, 0.0, 0.0, 2479.23
5314.272550821304, 0.0, 0.0, 2479.534
5316.2726373672485, 0.0, 0.0, 2479.606
5318.27273774147, 0.0, 0.0, 2479.858
5320.272827386856, 0.0, 0.0, 2480.558
5322.272912025452, 0.0, 0.0, 2480.778
5324.273001432419, 0.0, 0.0, 2481.038
5326.273103713989, 0.0, 0.0, 2481.468
5328.273203372955, 0.0, 0.0, 2481.715
5330.27329659462, 0.0, 0.0, 2482.198
5332.2733938694, 0.0, 0.0, 2482.194
5334.273494243622, 0.0, 0.0, 2481.983
5336.273595571518, 0.0, 0.0, 2481.593
5338.273694753647, 0.0, 0.0, 2481.512
5340.273793697357, 0.0, 0.0, 2481.679
5342.273895978928, 0.0, 0.0, 2481.709
5344.273997306824, 0.0, 0.0, 2481.738
5346.274080514908, 0.0, 0.0, 2481.92
5348.274162054062, 0.0, 0.0, 2482.115
5350.274243354797, 0.0, 0.0, 2482.565
5352.274346113205, 0.0, 0.0, 2482.81
5354.274432659149, 0.0, 0.0, 2483.348
5356.27453327179, 0.0, 0.0, 2483.741
5358.27462387085, 0.0, 0.0, 2484.311
5360.274704694748, 0.0, 0.0, 2484.958
5362.274788141251, 0.0, 0.0, 2485.135
5364.274922132492, 0.0, 0.0, 2484.958
5366.275007009506, 0.0, 0.0, 2485.162
5368.275141000748, 0.0, 0.0, 2485.072
5370.275225877762, 0.0, 0.0, 2485.3
5372.275311231613, 0.0, 0.0, 2485.502
5374.275445222855, 0.0, 0.0, 2485.921
5376.275583028793, 0.0, 0.0, 2486.411
5378.275685548782, 0.0, 0.0, 2486.661
5380.27583360672, 0.0, 0.0, 2486.926
5382.275927305222, 0.0, 0.0, 2487.293
5384.276029348373, 0.0, 0.0, 2487.464
5386.276127815247, 0.0, 0.0, 2487.607
5388.276221752167, 0.0, 0.0, 2487.905
5390.276313781738, 0.0, 0.0, 2488.125
5392.276461601257, 0.0, 0.0, 2488.354
5394.276564836502, 0.0, 0.0, 2488.563
5396.276674985886, 0.0, 0.0, 2488.63
5398.276757478714, 0.0, 0.0, 2488.903
5400.276850700378, 0.0, 0.0, 2488.989
5402.276951789856, 0.0, 0.0, 2489.277
5404.277058601379, 0.0, 0.0, 2489.279
5406.277149915695, 0.0, 0.0, 2489.442
5408.2772517204285, 0.0, 0.0, 2489.772
5410.27735209465, 0.0, 0.0, 2490.393
5412.277456045151, 0.0, 0.0, 2490.798
5414.277557134628, 0.0, 0.0, 2491.125
5416.2776601314545, 0.0, 0.0, 2491.482
5418.27774643898, 0.0, 0.0, 2491.721
5420.277851104736, 0.0, 0.0, 2492.005
5422.277953147888, 0.0, 0.0, 2492.009
5424.2780549526215, 0.0, 0.0, 2492.18
5426.27815580368, 0.0, 0.0, 2492.456
5428.2782373428345, 0.0, 0.0, 2492.742
5430.278375148773, 0.0, 0.0, 2492.743
5432.278500556946, 0.0, 0.0, 2492.987
5434.278599977493, 0.0, 0.0, 2493.344
5436.278702497482, 0.0, 0.0, 2493.734
5438.278800010681, 0.0, 0.0, 2494.31
5440.278899431229, 0.0, 0.0, 2494.763
5442.27899646759, 0.0, 0.0, 2494.784
5444.279093980789, 0.0, 0.0, 2494.895
5446.279197216034, 0.0, 0.0, 2495.166
5448.279295921326, 0.0, 0.0, 2495.429
5450.279382944107, 0.0, 0.0, 2495.618
5452.279489278793, 0.0, 0.0, 2495.842
5454.279576539993, 0.0, 0.0, 2496.417
5456.279659986496, 0.0, 0.0, 2496.749
5458.279810428619, 0.0, 0.0, 2497.028
5460.279895544052, 0.0, 0.0, 2497.409
5462.279981613159, 0.0, 0.0, 2497.74
5464.280131578445, 0.0, 0.0, 2498.001
5466.28022313118, 0.0, 0.0, 2498.124
5468.2803246974945, 0.0, 0.0, 2498.269
5470.280432224274, 0.0, 0.0, 2498.528
5472.2805371284485, 0.0, 0.0, 2499.039
5474.280623674393, 0.0, 0.0, 2499.469
5476.280714273453, 0.0, 0.0, 2499.737
5478.280822753906, 0.0, 0.0, 2500.083
5480.280926465988, 0.0, 0.0, 2500.196
5482.281029701233, 0.0, 0.0, 2500.331
5484.281132698059, 0.0, 0.0, 2500.447
5486.281235694885, 0.0, 0.0, 2500.993
5488.281335115433, 0.0, 0.0, 2501.554
5490.281452178955, 0.0, 0.0, 2501.94
5492.281532526016, 0.0, 0.0, 2501.936
5494.281635284424, 0.0, 0.0, 2501.96
5496.281734704971, 0.0, 0.0, 2502.132
5498.281839609146, 0.0, 0.0, 2502.836
5500.281942605972, 0.0, 0.0, 2503.503
5502.282041549683, 0.0, 0.0, 2503.714
5504.282143831253, 0.0, 0.0, 2504.103
5506.282245159149, 0.0, 0.0, 2504.455
5508.282349586487, 0.0, 0.0, 2504.355
5510.282491207123, 0.0, 0.0, 2504.604
5512.282604932785, 0.0, 0.0, 2504.943
5514.282708644867, 0.0, 0.0, 2504.963
5516.282792806625, 0.0, 0.0, 2504.828
5518.282874345779, 0.0, 0.0, 2504.632
5520.282973051071, 0.0, 0.0, 2504.987
5522.283073425293, 0.0, 0.0, 2505.789
5524.283174037933, 0.0, 0.0, 2506.45
5526.283286333084, 0.0, 0.0, 2506.551
5528.283377408981, 0.0, 0.0, 2506.475
5530.283461093903, 0.0, 0.0, 2506.447
5532.2835965156555, 0.0, 0.0, 2507.027
5534.283699512482, 0.0, 0.0, 2507.597
5536.283803939819, 0.0, 0.0, 2508.145
5538.283893585205, 0.0, 0.0, 2508.518
5540.283974647522, 0.0, 0.0, 2509.035
5542.284054994583, 0.0, 0.0, 2509.225
5544.284139633179, 0.0, 0.0, 2509.745
5546.284242391586, 0.0, 0.0, 2510.129
5548.284380674362, 0.0, 0.0, 2510.746
5550.284467935562, 0.0, 0.0, 2511.343
5552.284555912018, 0.0, 0.0, 2511.645
5554.284657239914, 0.0, 0.0, 2511.735
5556.2847464084625, 0.0, 0.0, 2511.694
5558.28483247757, 0.0, 0.0, 2512.184
5560.284934520721, 0.0, 0.0, 2512.492
5562.285029888153, 0.0, 0.0, 2512.61
5564.285116910934, 0.0, 0.0, 2512.74
5566.2852075099945, 0.0, 0.0, 2512.853
5568.285340547562, 0.0, 0.0, 2512.931
5570.285428285599, 0.0, 0.0, 2513.267
5572.285527944565, 0.0, 0.0, 2513.512
5574.285617828369, 0.0, 0.0, 2513.796
5576.285704612732, 0.0, 0.0, 2514.151
5578.285809755325, 0.0, 0.0, 2514.556
5580.285909414291, 0.0, 0.0, 2514.81
5582.285991191864, 0.0, 0.0, 2514.944
5584.286126375198, 0.0, 0.0, 2515.419
5586.286251544952, 0.0, 0.0, 2515.657
5588.286344528198, 0.0, 0.0, 2516.017
5590.286445617676, 0.0, 0.0, 2516.439
5592.286530971527, 0.0, 0.0, 2516.979
5594.286620855331, 0.0, 0.0, 2517.384
5596.286724090576, 0.0, 0.0, 2517.591
5598.286824226379, 0.0, 0.0, 2518.033
5600.286922216415, 0.0, 0.0, 2518.355
5602.287024259567, 0.0, 0.0, 2518.623
5604.287124872208, 0.0, 0.0, 2518.924
5606.287222146988, 0.0, 0.0, 2519.173
5608.287316799164, 0.0, 0.0, 2519.46
5610.28745174408, 0.0, 0.0, 2519.41
5612.287550449371, 0.0, 0.0, 2519.223
5614.287647247314, 0.0, 0.0, 2519.452
5616.287730455399, 0.0, 0.0, 2519.791
5618.28782081604, 0.0, 0.0, 2520.161
5620.287926673889, 0.0, 0.0, 2520.582
5622.288031578064, 0.0, 0.0, 2521.09
5624.288129329681, 0.0, 0.0, 2521.481
5626.288214683533, 0.0, 0.0, 2521.745
5628.288304805756, 0.0, 0.0, 2522.203
5630.288407802582, 0.0, 0.0, 2522.527
5632.288511753082, 0.0, 0.0, 2522.622
5634.288595914841, 0.0, 0.0, 2522.618
5636.288677453995, 0.0, 0.0, 2522.89
5638.288779497147, 0.0, 0.0, 2523.365
5640.288874864578, 0.0, 0.0, 2523.795
5642.288969516754, 0.0, 0.0, 2524.166
5644.28906917572, 0.0, 0.0, 2524.211
5646.289173126221, 0.0, 0.0, 2524.425
5648.289254665375, 0.0, 0.0, 2524.648
5650.289354801178, 0.0, 0.0, 2524.838
5652.289456367493, 0.0, 0.0, 2525.065
5654.289541959763, 0.0, 0.0, 2525.216
5656.2896246910095, 0.0, 0.0, 2525.447
5658.28972530365, 0.0, 0.0, 2525.522
5660.289824485779, 0.0, 0.0, 2525.621
5662.2899289131165, 0.0, 0.0, 2525.602
5664.290021419525, 0.0, 0.0, 2525.946
5666.290123939514, 0.0, 0.0, 2526.384
5668.29021692276, 0.0, 0.0, 2526.87
5670.290318250656, 0.0, 0.0, 2527.336
5672.290452718735, 0.0, 0.0, 2527.649
5674.290587186813, 0.0, 0.0, 2527.849
5676.290674448013, 0.0, 0.0, 2528.304
5678.290770530701, 0.0, 0.0, 2528.819
5680.290880680084, 0.0, 0.0, 2529.132
5682.290972471237, 0.0, 0.0, 2529.503
5684.291123628616, 0.0, 0.0, 2529.756
5686.2912085056305, 0.0, 0.0, 2529.934
5688.2912940979, 0.0, 0.0, 2530.127
5690.291376590729, 0.0, 0.0, 2530.293
5692.291477680206, 0.0, 0.0, 2530.552
5694.291570425034, 0.0, 0.0, 2530.768
5696.291657447815, 0.0, 0.0, 2530.868
5698.291736841202, 0.0, 0.0, 2531.027
5700.291822195053, 0.0, 0.0, 2531.282
5702.291912078857, 0.0, 0.0, 2531.679
5704.291999101639, 0.0, 0.0, 2532.03
5706.292103767395, 0.0, 0.0, 2532.29
5708.292184352875, 0.0, 0.0, 2532.508
5710.292267799377, 0.0, 0.0, 2532.855
5712.292357444763, 0.0, 0.0, 2532.956
5714.292440652847, 0.0, 0.0, 2532.841
5716.292532682419, 0.0, 0.0, 2532.798
5718.2926297187805, 0.0, 0.0, 2533.09
5720.292712211609, 0.0, 0.0, 2533.377
5722.292816877365, 0.0, 0.0, 2533.833
5724.292917966843, 0.0, 0.0, 2534.185
5726.293019533157, 0.0, 0.0, 2534.521
5728.293117523193, 0.0, 0.0, 2534.997
5730.2932279109955, 0.0, 0.0, 2535.356
5732.293330669403, 0.0, 0.0, 2535.364
5734.293430328369, 0.0, 0.0, 2535.924
5736.293519735336, 0.0, 0.0, 2536.406
5738.293623447418, 0.0, 0.0, 2536.628
5740.293724775314, 0.0, 0.0, 2536.75
5742.293803691864, 0.0, 0.0, 2536.849
5744.293905496597, 0.0, 0.0, 2537.099
5746.294006824493, 0.0, 0.0, 2537.374
5748.294108629227, 0.0, 0.0, 2537.852
5750.294208526611, 0.0, 0.0, 2538.366
5752.294308185577, 0.0, 0.0, 2538.726
5754.294394493103, 0.0, 0.0, 2538.912
5756.294527053833, 0.0, 0.0, 2539.064
5758.294632911682, 0.0, 0.0, 2539.349
5760.294718027115, 0.0, 0.0, 2539.524
5762.294807910919, 0.0, 0.0, 2540.009
5764.294948577881, 0.0, 0.0, 2540.439
5766.295027256012, 0.0, 0.0, 2540.724
5768.295130252838, 0.0, 0.0, 2540.973
5770.295231342316, 0.0, 0.0, 2541.14
5772.295331478119, 0.0, 0.0, 2541.419
5774.295429944992, 0.0, 0.0, 2541.565
5776.29553103447, 0.0, 0.0, 2541.754
5778.295661687851, 0.0, 0.0, 2542.015
5780.295760631561, 0.0, 0.0, 2542.215
5782.295844554901, 0.0, 0.0, 2542.555
5784.295940160751, 0.0, 0.0, 2542.945
5786.296041965485, 0.0, 0.0, 2543.293
5788.296135902405, 0.0, 0.0, 2543.346
5790.296236753464, 0.0, 0.0, 2543.62
5792.296337366104, 0.0, 0.0, 2544.087
5794.296437740326, 0.0, 0.0, 2544.535
5796.296537637711, 0.0, 0.0, 2544.815
5798.296638727188, 0.0, 0.0, 2545.166
5800.296720743179, 0.0, 0.0, 2545.579
5802.296818494797, 0.0, 0.0, 2545.879
5804.296921014786, 0.0, 0.0, 2546.456
5806.297028303146, 0.0, 0.0, 2546.6
5808.297121047974, 0.0, 0.0, 2546.573
5810.297221899033, 0.0, 0.0, 2546.642
5812.297324895859, 0.0, 0.0, 2546.56
5814.297427177429, 0.0, 0.0, 2546.743
5816.297530174255, 0.0, 0.0, 2546.841
5818.29766201973, 0.0, 0.0, 2547.169
5820.297795295715, 0.0, 0.0, 2547.384
5822.297904729843, 0.0, 0.0, 2547.761
5824.297994852066, 0.0, 0.0, 2547.963
5826.29808306694, 0.0, 0.0, 2548.359
5828.298176765442, 0.0, 0.0, 2548.63
5830.298257112503, 0.0, 0.0, 2548.924
5832.298348426819, 0.0, 0.0, 2549.078
5834.298444509506, 0.0, 0.0, 2549.243
5836.298537492752, 0.0, 0.0, 2549.236
5838.298630952835, 0.0, 0.0, 2549.432
5840.298717737198, 0.0, 0.0, 2549.65
5842.298818588257, 0.0, 0.0, 2550.055
5844.298953533173, 0.0, 0.0, 2550.311
5846.299054861069, 0.0, 0.0, 2550.501
5848.299153327942, 0.0, 0.0, 2550.48
5850.299232721329, 0.0, 0.0, 2550.831
5852.299366950989, 0.0, 0.0, 2551.171
5854.29944896698, 0.0, 0.0, 2551.553
5856.299536943436, 0.0, 0.0, 2551.954
5858.299646854401, 0.0, 0.0, 2552.385
5860.299735546112, 0.0, 0.0, 2552.686
5862.2998332977295, 0.0, 0.0, 2553.047
5864.299936771393, 0.0, 0.0, 2553.421
5866.300025463104, 0.0, 0.0, 2553.644
5868.300106287003, 0.0, 0.0, 2553.8
5870.300188302994, 0.0, 0.0, 2554.116
5872.300269603729, 0.0, 0.0, 2554.301
5874.300355195999, 0.0, 0.0, 2554.487
5876.300440311432, 0.0, 0.0, 2554.514
5878.300534248352, 0.0, 0.0, 2554.911
5880.3006184101105, 0.0, 0.0, 2554.986
5882.300715684891, 0.0, 0.0, 2554.952
5884.300854682922, 0.0, 0.0, 2555.043
5886.300990581512, 0.0, 0.0, 2555.274
5888.301091432571, 0.0, 0.0, 2555.859
5890.3011910915375, 0.0, 0.0, 2556.197
5892.301294326782, 0.0, 0.0, 2556.394
5894.3014278411865, 0.0, 0.0, 2556.237
5896.301514148712, 0.0, 0.0, 2556.414
5898.301622629166, 0.0, 0.0, 2556.781
5900.301706075668, 0.0, 0.0, 2556.845
5902.301806926727, 0.0, 0.0, 2557.218
5904.3019099235535, 0.0, 0.0, 2557.642
5906.301993370056, 0.0, 0.0, 2557.914
5908.302075147629, 0.0, 0.0, 2558.142
5910.302177429199, 0.0, 0.0, 2558.186
5912.302269935608, 0.0, 0.0, 2558.614
5914.302351951599, 0.0, 0.0, 2558.678
5916.302451372147, 0.0, 0.0, 2558.7
5918.302541971207, 0.0, 0.0, 2558.949
5920.302640199661, 0.0, 0.0, 2559.533
5922.302748680115, 0.0, 0.0, 2559.894
5924.302840948105, 0.0, 0.0, 2559.929
5926.302943706512, 0.0, 0.0, 2560.056
5928.303046703339, 0.0, 0.0, 2560.499
5930.303130865097, 0.0, 0.0, 2560.809
5932.3032648563385, 0.0, 0.0, 2561.077
5934.303399324417, 0.0, 0.0, 2561.224
5936.303514003754, 0.0, 0.0, 2561.403
5938.303643465042, 0.0, 0.0, 2561.42
5940.303743839264, 0.0, 0.0, 2561.551
5942.303827524185, 0.0, 0.0, 2561.772
5944.303934812546, 0.0, 0.0, 2562.005
5946.304028511047, 0.0, 0.0, 2562.119
5948.30411863327, 0.0, 0.0, 2562.413
5950.304217815399, 0.0, 0.0, 2562.776
5952.304321050644, 0.0, 0.0, 2563.11
5954.304423093796, 0.0, 0.0, 2563.254
5956.304525375366, 0.0, 0.0, 2563.416
5958.304626703262, 0.0, 0.0, 2563.659
5960.30472612381, 0.0, 0.0, 2564.054
5962.304806947708, 0.0, 0.0, 2564.296
5964.304881811142, 0.0, 0.0, 2564.237
5966.304966449738, 0.0, 0.0, 2564.514
5968.305048942566, 0.0, 0.0, 2564.77
5970.305149793625, 0.0, 0.0, 2565.367
5972.305251598358, 0.0, 0.0, 2565.706
5974.3053460121155, 0.0, 0.0, 2566.044
5976.305431842804, 0.0, 0.0, 2566.222
5978.305514097214, 0.0, 0.0, 2566.512
5980.305591344833, 0.0, 0.0, 2566.625
5982.305670261383, 0.0, 0.0, 2566.763
5984.305751085281, 0.0, 0.0, 2567.002
5986.305883407593, 0.0, 0.0, 2567.237
5988.305987119675, 0.0, 0.0, 2567.492
5990.306088209152, 0.0, 0.0, 2567.981
5992.306191682816, 0.0, 0.0, 2568.238
5994.306292772293, 0.0, 0.0, 2568.388
5996.306393861771, 0.0, 0.0, 2568.741
5998.306491136551, 0.0, 0.0, 2568.985
6000.306586742401, 0.0, 0.0, 2569.029
6002.306677818298, 0.0, 0.0, 2569.165
6004.306781291962, 0.0, 0.0, 2569.508
6006.306889295578, 0.0, 0.0, 2569.716
6008.306989192963, 0.0, 0.0, 2569.708
6010.307092428207, 0.0, 0.0, 2569.874
6012.307194709778, 0.0, 0.0, 2570.256
6014.3072962760925, 0.0, 0.0, 2570.565
6016.307398557663, 0.0, 0.0, 2570.768
6018.307484149933, 0.0, 0.0, 2570.93
6020.30757188797, 0.0, 0.0, 2571.104
6022.307674407959, 0.0, 0.0, 2571.281
6024.307773590088, 0.0, 0.0, 2571.36
6026.3078536987305, 0.0, 0.0, 2571.324
6028.307951450348, 0.0, 0.0, 2571.533
6030.308052539825, 0.0, 0.0, 2571.796
6032.308153152466, 0.0, 0.0, 2572.161
6034.308254480362, 0.0, 0.0, 2572.602
6036.3083555698395, 0.0, 0.0, 2572.977
6038.308445215225, 0.0, 0.0, 2573.153
6040.3085470199585, 0.0, 0.0, 2573.337
6042.308636665344, 0.0, 0.0, 2573.403
6044.308726072311, 0.0, 0.0, 2573.555
6046.308827638626, 0.0, 0.0, 2573.866
6048.3089427948, 0.0, 0.0, 2574.112
6050.3090851306915, 0.0, 0.0, 2574.421
6052.309216976166, 0.0, 0.0, 2574.674
6054.309321641922, 0.0, 0.0, 2575.049
6056.309423923492, 0.0, 0.0, 2575.316
6058.309527635574, 0.0, 0.0, 2575.41
6060.309622049332, 0.0, 0.0, 2575.424
6062.309707403183, 0.0, 0.0, 2575.538
6064.3097932338715, 0.0, 0.0, 2575.629
6066.309908866882, 0.0, 0.0, 2575.856
6068.309993028641, 0.0, 0.0, 2576.109
6070.310094594955, 0.0, 0.0, 2576.514
6072.310196638107, 0.0, 0.0, 2577.119
6074.310296535492, 0.0, 0.0, 2577.277
6076.310388088226, 0.0, 0.0, 2577.476
6078.3104701042175, 0.0, 0.0, 2577.753
6080.310611248016, 0.0, 0.0, 2577.94
6082.3107035160065, 0.0, 0.0, 2578.05
6084.310788631439, 0.0, 0.0, 2578.039
6086.310889720917, 0.0, 0.0, 2578.125
6088.310969829559, 0.0, 0.0, 2578.502
6090.311107158661, 0.0, 0.0, 2578.997
6092.311214923859, 0.0, 0.0, 2579.281
6094.3113033771515, 0.0, 0.0, 2579.301
6096.31144118309, 0.0, 0.0, 2579.331
6098.3115701675415, 0.0, 0.0, 2579.601
6100.311674356461, 0.0, 0.0, 2579.814
6102.311775445938, 0.0, 0.0, 2579.948
6104.3118596076965, 0.0, 0.0, 2579.982
6106.311995983124, 0.0, 0.0, 2580.167
6108.3120901584625, 0.0, 0.0, 2580.48
6110.312174320221, 0.0, 0.0, 2580.965
6112.312264442444, 0.0, 0.0, 2581.51
6114.31236577034, 0.0, 0.0, 2581.737
6116.312448501587, 0.0, 0.0, 2581.877
6118.31254529953, 0.0, 0.0, 2582.164
6120.31263422966, 0.0, 0.0, 2582.5
6122.312725782394, 0.0, 0.0, 2582.862
6124.312821388245, 0.0, 0.0, 2583.212
6126.312923908234, 0.0, 0.0, 2583.388
6128.313014268875, 0.0, 0.0, 2583.593
6130.313100337982, 0.0, 0.0, 2583.799
6132.313192367554, 0.0, 0.0, 2584.227
6134.313294649124, 0.0, 0.0, 2584.392
6136.313396453857, 0.0, 0.0, 2584.546
6138.313537359238, 0.0, 0.0, 2584.743
6140.3136467933655, 0.0, 0.0, 2584.734
6142.3137373924255, 0.0, 0.0, 2584.863
6144.313849449158, 0.0, 0.0, 2585.155
6146.314003944397, 0.0, 0.0, 2585.118
6148.314138174057, 0.0, 0.0, 2585.149
6150.31424164772, 0.0, 0.0, 2585.174
6152.314346075058, 0.0, 0.0, 2585.51
6154.314481496811, 0.0, 0.0, 2585.929
6156.3145840168, 0.0, 0.0, 2586.178
6158.314685821533, 0.0, 0.0, 2586.391
6160.314774751663, 0.0, 0.0, 2586.38
6162.314877271652, 0.0, 0.0, 2586.483
6164.314979314804, 0.0, 0.0, 2586.754
6166.315082073212, 0.0, 0.0, 2587.086
6168.315183162689, 0.0, 0.0, 2587.377
6170.315282583237, 0.0, 0.0, 2587.473
6172.315383434296, 0.0, 0.0, 2587.712
6174.315484046936, 0.0, 0.0, 2588.034
6176.31559920311, 0.0, 0.0, 2588.528
6178.315700054169, 0.0, 0.0, 2588.699
6180.315834760666, 0.0, 0.0, 2589.127
6182.315939664841, 0.0, 0.0, 2589.624
6184.31604552269, 0.0, 0.0, 2589.813
6186.316182613373, 0.0, 0.0, 2589.885
6188.316264152527, 0.0, 0.0, 2589.902
6190.31636929512, 0.0, 0.0, 2589.944
6192.31650686264, 0.0, 0.0, 2590.18
6194.316607475281, 0.0, 0.0, 2590.356
6196.31670999527, 0.0, 0.0, 2590.43
6198.316809654236, 0.0, 0.0, 2590.73
6200.316923379898, 0.0, 0.0, 2590.891
6202.317009687424, 0.0, 0.0, 2591.148
6204.317100763321, 0.0, 0.0, 2591.452
6206.317187786102, 0.0, 0.0, 2591.663
6208.317274093628, 0.0, 0.0, 2592.065
6210.317380905151, 0.0, 0.0, 2592.18
6212.3175139427185, 0.0, 0.0, 2592.153
6214.317609548569, 0.0, 0.0, 2592.278
6216.317736625671, 0.0, 0.0, 2592.673
6218.317838191986, 0.0, 0.0, 2592.897
6220.317922115326, 0.0, 0.0, 2592.9
6222.318023920059, 0.0, 0.0, 2593.254
6224.318102359772, 0.0, 0.0, 2593.385
6226.31818985939, 0.0, 0.0, 2593.725
6228.318291187286, 0.0, 0.0, 2594.024
6230.31839299202, 0.0, 0.0, 2594.272
6232.318472623825, 0.0, 0.0, 2594.691
6234.318572759628, 0.0, 0.0, 2595.223
6236.318674564362, 0.0, 0.0, 2595.446
6238.3187663555145, 0.0, 0.0, 2595.626
6240.318856239319, 0.0, 0.0, 2595.851
6242.318946361542, 0.0, 0.0, 2596.185
6244.319047451019, 0.0, 0.0, 2596.251
6246.31912612915, 0.0, 0.0, 2596.365
6248.319207906723, 0.0, 0.0, 2596.648
6250.319324970245, 0.0, 0.0, 2596.807
6252.319430112839, 0.0, 0.0, 2596.764
6254.319532871246, 0.0, 0.0, 2596.826
6256.319634437561, 0.0, 0.0, 2597.142
6258.3197338581085, 0.0, 0.0, 2597.417
6260.319835424423, 0.0, 0.0, 2597.579
6262.319943666458, 0.0, 0.0, 2597.893
6264.320020198822, 0.0, 0.0, 2598.427
6266.320121049881, 0.0, 0.0, 2598.696
6268.320222854614, 0.0, 0.0, 2598.92
6270.320320367813, 0.0, 0.0, 2599.088
6272.320404291153, 0.0, 0.0, 2599.275
6274.3205189704895, 0.0, 0.0, 2599.135
6276.320621728897, 0.0, 0.0, 2599.349
6278.3207223415375, 0.0, 0.0, 2599.603
6280.320823431015, 0.0, 0.0, 2599.742
6282.320970535278, 0.0, 0.0, 2599.867
6284.321113586426, 0.0, 0.0, 2600.123
6286.321199178696, 0.0, 0.0, 2600.287
6288.3212831020355, 0.0, 0.0, 2600.521
6290.32138633728, 0.0, 0.0, 2600.889
6292.321489334106, 0.0, 0.0, 2600.922
6294.321574687958, 0.0, 0.0, 2600.91
6296.321676015854, 0.0, 0.0, 2601.027
6298.321762084961, 0.0, 0.0, 2601.354
6300.321870803833, 0.0, 0.0, 2601.428
6302.321974277496, 0.0, 0.0, 2601.466
6304.322069644928, 0.0, 0.0, 2601.79
6306.322168827057, 0.0, 0.0, 2601.975
6308.322251319885, 0.0, 0.0, 2602.249
6310.322341680527, 0.0, 0.0, 2602.52
6312.322477817535, 0.0, 0.0, 2602.831
6314.322581768036, 0.0, 0.0, 2602.951
6316.322684049606, 0.0, 0.0, 2603.129
6318.3227643966675, 0.0, 0.0, 2603.312
6320.32284784317, 0.0, 0.0, 2603.562
6322.322984218597, 0.0, 0.0, 2603.758
6324.323079586029, 0.0, 0.0, 2603.898
6326.323183774948, 0.0, 0.0, 2603.776
6328.32332277298, 0.0, 0.0, 2603.906
6330.323425531387, 0.0, 0.0, 2604.288
6332.323511362076, 0.0, 0.0, 2604.844
6334.3236038684845, 0.0, 0.0, 2605.305
6336.323682785034, 0.0, 0.0, 2605.502
6338.3237726688385, 0.0, 0.0, 2605.695
6340.32387304306, 0.0, 0.0, 2606.128
6342.323974132538, 0.0, 0.0, 2606.427
6344.324081897736, 0.0, 0.0, 2606.736
6346.324216842651, 0.0, 0.0, 2607.144
6348.324321508408, 0.0, 0.0, 2607.322
6350.324418067932, 0.0, 0.0, 2607.382
6352.324515342712, 0.0, 0.0, 2607.433
6354.32461309433, 0.0, 0.0, 2607.629
6356.324711084366, 0.0, 0.0, 2608.041
6358.324823141098, 0.0, 0.0, 2608.253
6360.324934959412, 0.0, 0.0, 2608.39
6362.325019359589, 0.0, 0.0, 2608.539
6364.32511639595, 0.0, 0.0, 2608.932
6366.325218677521, 0.0, 0.0, 2609.313
6368.325320482254, 0.0, 0.0, 2609.647
6370.325405359268, 0.0, 0.0, 2609.861
6372.32547211647, 0.0, 0.0, 2610.223
6374.325573205948, 0.0, 0.0, 2610.651
6376.32567358017, 0.0, 0.0, 2610.965
6378.325766801834, 0.0, 0.0, 2611.086
6380.325854539871, 0.0, 0.0, 2611.1
6382.325953245163, 0.0, 0.0, 2611.262
6384.326039552689, 0.0, 0.0, 2611.81
6386.326134681702, 0.0, 0.0, 2612.213
6388.326233863831, 0.0, 0.0, 2612.574
6390.326367378235, 0.0, 0.0, 2612.817
6392.326458454132, 0.0, 0.0, 2613.207
6394.326561450958, 0.0, 0.0, 2613.629
6396.326662540436, 0.0, 0.0, 2613.9
6398.326763153076, 0.0, 0.0, 2614.281
6400.3268620967865, 0.0, 0.0, 2614.733
6402.326949119568, 0.0, 0.0, 2615.108
6404.327050924301, 0.0, 0.0, 2615.463
6406.327152729034, 0.0, 0.0, 2615.714
6408.327253818512, 0.0, 0.0, 2615.958
6410.327336072922, 0.0, 0.0, 2616.27
6412.3274347782135, 0.0, 0.0, 2616.608
6414.327537536621, 0.0, 0.0, 2617.117
6416.327620983124, 0.0, 0.0, 2617.482
6418.327724456787, 0.0, 0.0, 2617.828
6420.32782626152, 0.0, 0.0, 2617.948
6422.327931880951, 0.0, 0.0, 2618.301
6424.32803273201, 0.0, 0.0, 2618.732
6426.328132867813, 0.0, 0.0, 2618.898
6428.328218221664, 0.0, 0.0, 2619.096
6430.328347206116, 0.0, 0.0, 2619.453
6432.32848072052, 0.0, 0.0, 2619.659
6434.32858300209, 0.0, 0.0, 2619.99
6436.328686475754, 0.0, 0.0, 2620.25
6438.328827619553, 0.0, 0.0, 2620.517
6440.328954458237, 0.0, 0.0, 2620.828
6442.329088926315, 0.0, 0.0, 2621.003
6444.329193115234, 0.0, 0.0, 2621.222
6446.329276800156, 0.0, 0.0, 2621.447
6448.329354524612, 0.0, 0.0, 2621.844
6450.329455375671, 0.0, 0.0, 2622.168
6452.32955622673, 0.0, 0.0, 2622.433
6454.329657077789, 0.0, 0.0, 2622.666
6456.3297436237335, 0.0, 0.0, 2622.842
6458.329826116562, 0.0, 0.0, 2623.108
6460.329912185669, 0.0, 0.0, 2623.276
6462.329998254776, 0.0, 0.0, 2623.299
6464.330107927322, 0.0, 0.0, 2623.444
6466.33021736145, 0.0, 0.0, 2623.944
6468.3303163051605, 0.0, 0.0, 2624.445
6470.330398797989, 0.0, 0.0, 2624.651
6472.330500125885, 0.0, 0.0, 2624.906
6474.330601215363, 0.0, 0.0, 2625.017
6476.330697774887, 0.0, 0.0, 2625.235
6478.330796957016, 0.0, 0.0, 2625.603
6480.330886125565, 0.0, 0.0, 2625.949
6482.330968618393, 0.0, 0.0, 2626.156
6484.331059217453, 0.0, 0.0, 2626.522
6486.331161260605, 0.0, 0.0, 2626.888
6488.331263542175, 0.0, 0.0, 2627.0
6490.331363916397, 0.0, 0.0, 2627.275
6492.331496953964, 0.0, 0.0, 2627.423
6494.331598997116, 0.0, 0.0, 2627.646
6496.331681013107, 0.0, 0.0, 2627.961
6498.331764698029, 0.0, 0.0, 2628.246
6500.331908464432, 0.0, 0.0, 2628.435
6502.332051277161, 0.0, 0.0, 2628.591
6504.332189798355, 0.0, 0.0, 2628.764
6506.332293510437, 0.0, 0.0, 2628.896
6508.332431316376, 0.0, 0.0, 2629.285
6510.332537651062, 0.0, 0.0, 2629.554
6512.332637548447, 0.0, 0.0, 2629.765
6514.332738161087, 0.0, 0.0, 2630.063
6516.3328223228455, 0.0, 0.0, 2630.296
6518.332930326462, 0.0, 0.0, 2630.444
6520.333037137985, 0.0, 0.0, 2630.535
6522.33317232132, 0.0, 0.0, 2630.777
6524.333277225494, 0.0, 0.0, 2631.191
6526.333413600922, 0.0, 0.0, 2631.662
6528.333551168442, 0.0, 0.0, 2631.928
6530.3336889743805, 0.0, 0.0, 2632.339
6532.333777189255, 0.0, 0.0, 2632.818
6534.333877325058, 0.0, 0.0, 2633.056
6536.333967208862, 0.0, 0.0, 2633.251
6538.334100246429, 0.0, 0.0, 2633.505
6540.33419585228, 0.0, 0.0, 2633.848
6542.33429813385, 0.0, 0.0, 2634.163
6544.334397554398, 0.0, 0.0, 2634.568
6546.334501028061, 0.0, 0.0, 2634.925
6548.334599733353, 0.0, 0.0, 2635.169
6550.334693670273, 0.0, 0.0, 2635.325
6552.3347754478455, 0.0, 0.0, 2635.404
6554.334875822067, 0.0, 0.0, 2635.553
6556.334976434708, 0.0, 0.0, 2635.698
6558.335075378418, 0.0, 0.0, 2635.905
6560.335155725479, 0.0, 0.0, 2636.148
6562.335256099701, 0.0, 0.0, 2636.35
6564.335350990295, 0.0, 0.0, 2636.715
6566.335433959961, 0.0, 0.0, 2636.955
6568.335562705994, 0.0, 0.0, 2637.114
6570.335673093796, 0.0, 0.0, 2637.358
6572.335819244385, 0.0, 0.0, 2637.664
6574.335922241211, 0.0, 0.0, 2637.8
6576.33605670929, 0.0, 0.0, 2638.068
6578.33619260788, 0.0, 0.0, 2638.409
6580.336296319962, 0.0, 0.0, 2638.525
6582.336378335953, 0.0, 0.0, 2638.89
6584.336512327194, 0.0, 0.0, 2639.197
6586.336615562439, 0.0, 0.0, 2639.284
6588.336716890335, 0.0, 0.0, 2639.539
6590.336817264557, 0.0, 0.0, 2639.82
6592.336928129196, 0.0, 0.0, 2639.87
6594.337028264999, 0.0, 0.0, 2640.017
6596.337131738663, 0.0, 0.0, 2640.183
6598.337312936783, 0.0, 0.0, 2640.273
6600.337403059006, 0.0, 0.0, 2640.62
6602.3375079631805, 0.0, 0.0, 2640.948
6604.3376433849335, 0.0, 0.0, 2641.079
6606.337732076645, 0.0, 0.0, 2641.226
6608.33781170845, 0.0, 0.0, 2641.436
6610.337896823883, 0.0, 0.0, 2641.659
6612.33798289299, 0.0, 0.0, 2641.867
6614.3380653858185, 0.0, 0.0, 2642.207
6616.338165283203, 0.0, 0.0, 2642.399
6618.338256597519, 0.0, 0.0, 2642.598
6620.338356494904, 0.0, 0.0, 2642.811
6622.338456869125, 0.0, 0.0, 2643.198
6624.338557958603, 0.0, 0.0, 2643.331
6626.338658809662, 0.0, 0.0, 2643.376
6628.338758945465, 0.0, 0.0, 2643.621
6630.338854551315, 0.0, 0.0, 2644.041
6632.338956356049, 0.0, 0.0, 2644.19
6634.3390464782715, 0.0, 0.0, 2644.264
6636.339181184769, 0.0, 0.0, 2644.259
6638.339277982712, 0.0, 0.0, 2644.551
6640.339360237122, 0.0, 0.0, 2644.83
6642.3394458293915, 0.0, 0.0, 2644.91
6644.339526891708, 0.0, 0.0, 2645.058
6646.33961558342, 0.0, 0.0, 2645.279
6648.339703798294, 0.0, 0.0, 2645.386
6650.339835166931, 0.0, 0.0, 2645.585
6652.339964389801, 0.0, 0.0, 2645.625
6654.340101480484, 0.0, 0.0, 2645.845
6656.34020614624, 0.0, 0.0, 2645.942
6658.340293645859, 0.0, 0.0, 2646.013
6660.340391635895, 0.0, 0.0, 2646.136
6662.340478420258, 0.0, 0.0, 2646.485
6664.340615510941, 0.0, 0.0, 2646.681
6666.340718507767, 0.0, 0.0, 2646.825
6668.340803861618, 0.0, 0.0, 2646.931
6670.340915679932, 0.0, 0.0, 2647.006
6672.341004371643, 0.0, 0.0, 2646.996
6674.341085910797, 0.0, 0.0, 2647.013
6676.341189861298, 0.0, 0.0, 2647.079
6678.341293096542, 0.0, 0.0, 2647.127
6680.34139585495, 0.0, 0.0, 2647.434
6682.341503858566, 0.0, 0.0, 2647.672
6684.341639995575, 0.0, 0.0, 2647.902
6686.341770887375, 0.0, 0.0, 2648.038
6688.341888427734, 0.0, 0.0, 2648.106
6690.342020750046, 0.0, 0.0, 2648.286
6692.342158317566, 0.0, 0.0, 2648.558
6694.342293977737, 0.0, 0.0, 2648.807
6696.342432022095, 0.0, 0.0, 2648.941
6698.342521905899, 0.0, 0.0, 2648.953
6700.342618227005, 0.0, 0.0, 2649.067
6702.342697143555, 0.0, 0.0, 2649.201
6704.3427975177765, 0.0, 0.0, 2649.324
6706.342904090881, 0.0, 0.0, 2649.541
6708.3430387973785, 0.0, 0.0, 2649.701
6710.343173503876, 0.0, 0.0, 2649.82
6712.343274116516, 0.0, 0.0, 2649.88
6714.343376636505, 0.0, 0.0, 2650.117
6716.343465328217, 0.0, 0.0, 2650.28
6718.343599796295, 0.0, 0.0, 2650.492
6720.343698501587, 0.0, 0.0, 2650.71
6722.343788385391, 0.0, 0.0, 2650.768
6724.343933105469, 0.0, 0.0, 2650.892
6726.344069004059, 0.0, 0.0, 2651.121
6728.34414768219, 0.0, 0.0, 2651.25
6730.344247579575, 0.0, 0.0, 2651.532
6732.344336986542, 0.0, 0.0, 2651.651
6734.344438076019, 0.0, 0.0, 2651.71
6736.344522237778, 0.0, 0.0, 2651.643
6738.344601631165, 0.0, 0.0, 2651.631
6740.3447325229645, 0.0, 0.0, 2651.791
6742.344817399979, 0.0, 0.0, 2652.005
6744.3449165821075, 0.0, 0.0, 2652.251
6746.345017910004, 0.0, 0.0, 2652.362
6748.345099210739, 0.0, 0.0, 2652.403
6750.345207691193, 0.0, 0.0, 2652.578
6752.345301866531, 0.0, 0.0, 2652.704
6754.345399618149, 0.0, 0.0, 2652.775
6756.345498800278, 0.0, 0.0, 2652.961
6758.345597982407, 0.0, 0.0, 2653.21
6760.345730066299, 0.0, 0.0, 2653.253
6762.3458087444305, 0.0, 0.0, 2653.348
6764.3459050655365, 0.0, 0.0, 2653.556
6766.346013307571, 0.0, 0.0, 2653.728
6768.346116065979, 0.0, 0.0, 2654.025
6770.34620475769, 0.0, 0.0, 2654.264
6772.346286773682, 0.0, 0.0, 2654.44
6774.346378326416, 0.0, 0.0, 2654.637
6776.3464732170105, 0.0, 0.0, 2654.858
6778.3465576171875, 0.0, 0.0, 2654.885
6780.346659183502, 0.0, 0.0, 2655.059
6782.346750497818, 0.0, 0.0, 2655.244
6784.346859693527, 0.0, 0.0, 2655.45
6786.346945762634, 0.0, 0.0, 2655.631
6788.347040653229, 0.0, 0.0, 2655.921
6790.347145557404, 0.0, 0.0, 2656.117
6792.34725356102, 0.0, 0.0, 2656.148
6794.347337245941, 0.0, 0.0, 2656.267
6796.347420692444, 0.0, 0.0, 2656.423
6798.347519874573, 0.0, 0.0, 2656.586
6800.347627162933, 0.0, 0.0, 2656.622
6802.3477284908295, 0.0, 0.0, 2656.862
6804.3478281497955, 0.0, 0.0, 2656.896
6806.347909212112, 0.0, 0.0, 2656.968
6808.348007678986, 0.0, 0.0, 2656.955
6810.348107099533, 0.0, 0.0, 2657.036
6812.348190307617, 0.0, 0.0, 2657.073
6814.3482711315155, 0.0, 0.0, 2657.241
6816.348354578018, 0.0, 0.0, 2657.532
6818.348440647125, 0.0, 0.0, 2657.586
6820.348526716232, 0.0, 0.0, 2657.666
6822.348612070084, 0.0, 0.0, 2657.833
6824.348699092865, 0.0, 0.0, 2658.132
6826.348787069321, 0.0, 0.0, 2658.269
6828.348874092102, 0.0, 0.0, 2658.432
6830.348975419998, 0.0, 0.0, 2658.582
6832.349075555801, 0.0, 0.0, 2658.633
6834.349175453186, 0.0, 0.0, 2658.86
6836.349276542664, 0.0, 0.0, 2659.11
6838.349367856979, 0.0, 0.0, 2659.264
6840.349497318268, 0.0, 0.0, 2659.274
6842.34960269928, 0.0, 0.0, 2659.289
6844.349685907364, 0.0, 0.0, 2659.283
6846.349786520004, 0.0, 0.0, 2659.32
6848.349875926971, 0.0, 0.0, 2659.492
6850.3500101566315, 0.0, 0.0, 2659.614
6852.350110054016, 0.0, 0.0, 2659.571
6854.350215911865, 0.0, 0.0, 2659.712
6856.350312948227, 0.0, 0.0, 2659.76
6858.350401163101, 0.0, 0.0, 2659.841
6860.350535154343, 0.0, 0.0, 2660.058
6862.350636005402, 0.0, 0.0, 2660.355
6864.350774049759, 0.0, 0.0, 2660.565
6866.350931882858, 0.0, 0.0, 2660.762
6868.351019382477, 0.0, 0.0, 2660.922
6870.351129293442, 0.0, 0.0, 2661.135
6872.351263046265, 0.0, 0.0, 2661.409
6874.351347446442, 0.0, 0.0, 2661.563
6876.3514358997345, 0.0, 0.0, 2661.64
6878.351536989212, 0.0, 0.0, 2661.837
6880.351635932922, 0.0, 0.0, 2662.086
6882.351736783981, 0.0, 0.0, 2662.276
6884.351840019226, 0.0, 0.0, 2662.326
6886.351975440979, 0.0, 0.0, 2662.382
6888.3521111011505, 0.0, 0.0, 2662.524
6890.352245330811, 0.0, 0.0, 2662.613
6892.3523807525635, 0.0, 0.0, 2662.646
6894.352485895157, 0.0, 0.0, 2662.689
6896.352621078491, 0.0, 0.0, 2662.746
6898.352747917175, 0.0, 0.0, 2662.91
6900.352852106094, 0.0, 0.0, 2663.032
6902.352956056595, 0.0, 0.0, 2663.204
6904.3530559539795, 0.0, 0.0, 2663.327
6906.353145122528, 0.0, 0.0, 2663.341
6908.353249311447, 0.0, 0.0, 2663.323
6910.353351831436, 0.0, 0.0, 2663.397
6912.3534688949585, 0.0, 0.0, 2663.536
6914.353603601456, 0.0, 0.0, 2663.696
6916.35368847847, 0.0, 0.0, 2663.788
6918.3537764549255, 0.0, 0.0, 2663.851
6920.353860139847, 0.0, 0.0, 2664.021
6922.353964328766, 0.0, 0.0, 2664.276
6924.354049921036, 0.0, 0.0, 2664.443
6926.354127883911, 0.0, 0.0, 2664.488
6928.354208946228, 0.0, 0.0, 2664.534
6930.354290723801, 0.0, 0.0, 2664.747
6932.354379892349, 0.0, 0.0, 2665.027
6934.354478597641, 0.0, 0.0, 2665.168
6936.354588031769, 0.0, 0.0, 2665.331
6938.354687690735, 0.0, 0.0, 2665.417
6940.35479092598, 0.0, 0.0, 2665.54
6942.354892253876, 0.0, 0.0, 2665.629
6944.354998588562, 0.0, 0.0, 2665.636
6946.355099201202, 0.0, 0.0, 2665.546
6948.355191707611, 0.0, 0.0, 2665.411
6950.355276823044, 0.0, 0.0, 2665.494
6952.355357408524, 0.0, 0.0, 2665.626
6954.35545873642, 0.0, 0.0, 2665.794
6956.355541706085, 0.0, 0.0, 2666.01
6958.355623006821, 0.0, 0.0, 2666.187
6960.355708599091, 0.0, 0.0, 2666.29
6962.355840206146, 0.0, 0.0, 2666.495
6964.355924129486, 0.0, 0.0, 2666.619
6966.356058835983, 0.0, 0.0, 2666.692
6968.356142282486, 0.0, 0.0, 2666.751
6970.35622882843, 0.0, 0.0, 2666.92
6972.3563668727875, 0.0, 0.0, 2667.007
6974.356467485428, 0.0, 0.0, 2667.031
6976.356553316116, 0.0, 0.0, 2667.079
6978.356650590897, 0.0, 0.0, 2667.188
6980.356734037399, 0.0, 0.0, 2667.169
6982.356886148453, 0.0, 0.0, 2667.329
6984.357034921646, 0.0, 0.0, 2667.493
6986.357123374939, 0.0, 0.0, 2667.506
6988.357233285904, 0.0, 0.0, 2667.612
6990.357316493988, 0.0, 0.0, 2667.715
6992.357418298721, 0.0, 0.0, 2667.92
6994.35751080513, 0.0, 0.0, 2668.211
6996.357610702515, 0.0, 0.0, 2668.396
6998.3576991558075, 0.0, 0.0, 2668.544
7000.3578016757965, 0.0, 0.0, 2668.642
7002.357934713364, 0.0, 0.0, 2668.65
7004.358045101166, 0.0, 0.0, 2668.796
7006.35816526413, 0.0, 0.0, 2668.916
7008.358300209045, 0.0, 0.0, 2669.167
7010.358401060104, 0.0, 0.0, 2669.384
7012.358488082886, 0.0, 0.0, 2669.439
7014.35857629776, 0.0, 0.0, 2669.395
7016.358655691147, 0.0, 0.0, 2669.226
7018.3587436676025, 0.0, 0.0, 2669.153
7020.3588881492615, 0.0, 0.0, 2669.138
7022.358967781067, 0.0, 0.0, 2669.191
7024.359053850174, 0.0, 0.0, 2669.472
7026.359196424484, 0.0, 0.0, 2669.766
7028.359278917313, 0.0, 0.0, 2669.884
7030.35941529274, 0.0, 0.0, 2669.996
7032.3595497608185, 0.0, 0.0, 2670.116
7034.359686136246, 0.0, 0.0, 2670.182
7036.359773397446, 0.0, 0.0, 2670.227
7038.359871149063, 0.0, 0.0, 2670.436
7040.3599734306335, 0.0, 0.0, 2670.463
7042.360076189041, 0.0, 0.0, 2670.556
7044.360160112381, 0.0, 0.0, 2670.677
7046.36025428772, 0.0, 0.0, 2670.944
7048.360337972641, 0.0, 0.0, 2671.185
7050.360418319702, 0.0, 0.0, 2671.335
7052.3605189323425, 0.0, 0.0, 2671.47
7054.360630989075, 0.0, 0.0, 2671.615
7056.3607342243195, 0.0, 0.0, 2671.69
7058.360820531845, 0.0, 0.0, 2671.606
7060.3609092235565, 0.0, 0.0, 2671.654
7062.361002206802, 0.0, 0.0, 2671.869
7064.361088752747, 0.0, 0.0, 2672.163
7066.361173629761, 0.0, 0.0, 2672.451
7068.361273527145, 0.0, 0.0, 2672.48
7070.361359596252, 0.0, 0.0, 2672.587
7072.361463069916, 0.0, 0.0, 2672.708
7074.3615527153015, 0.0, 0.0, 2672.792
7076.3616535663605, 0.0, 0.0, 2672.939
7078.361756563187, 0.0, 0.0, 2673.167
7080.361869812012, 0.0, 0.0, 2673.276
7082.3619730472565, 0.0, 0.0, 2673.36
7084.362069368362, 0.0, 0.0, 2673.413
7086.362167596817, 0.0, 0.0, 2673.485
7088.362267255783, 0.0, 0.0, 2673.361
7090.362368106842, 0.0, 0.0, 2673.33
7092.362471580505, 0.0, 0.0, 2673.56
7094.362573862076, 0.0, 0.0, 2673.793
7096.362657546997, 0.0, 0.0, 2673.964
7098.36275267601, 0.0, 0.0, 2674.138
7100.362860202789, 0.0, 0.0, 2674.405
7102.362956762314, 0.0, 0.0, 2674.538
7104.363042116165, 0.0, 0.0, 2674.699
7106.3631274700165, 0.0, 0.0, 2674.832
7108.363213062286, 0.0, 0.0, 2674.875
7110.363344907761, 0.0, 0.0, 2674.985
7112.363479137421, 0.0, 0.0, 2675.163
7114.36358165741, 0.0, 0.0, 2675.309
7116.36371421814, 0.0, 0.0, 2675.355
7118.36385846138, 0.0, 0.0, 2675.297
7120.3639624118805, 0.0, 0.0, 2675.462
7122.364063739777, 0.0, 0.0, 2675.59
7124.364197254181, 0.0, 0.0, 2675.594
7126.36434173584, 0.0, 0.0, 2675.762
7128.364442586899, 0.0, 0.0, 2676.105
7130.364542007446, 0.0, 0.0, 2676.381
7132.364670276642, 0.0, 0.0, 2676.618
7134.364764213562, 0.0, 0.0, 2676.753
7136.364865064621, 0.0, 0.0, 2676.746
7138.364971637726, 0.0, 0.0, 2676.933
7140.365103006363, 0.0, 0.0, 2677.133
7142.3651967048645, 0.0, 0.0, 2677.151
7144.365291595459, 0.0, 0.0, 2677.298
7146.365387439728, 0.0, 0.0, 2677.491
7148.365470409393, 0.0, 0.0, 2677.566
7150.36555314064, 0.0, 0.0, 2677.678
7152.365643262863, 0.0, 0.0, 2677.767
7154.365747213364, 0.0, 0.0, 2677.886
7156.365889072418, 0.0, 0.0, 2678.062
7158.3659925460815, 0.0, 0.0, 2678.22
7160.366128444672, 0.0, 0.0, 2678.437
7162.366233348846, 0.0, 0.0, 2678.567
7164.366365909576, 0.0, 0.0, 2678.784
7166.3664627075195, 0.0, 0.0, 2678.947
7168.366561174393, 0.0, 0.0, 2679.066
7170.366659879684, 0.0, 0.0, 2679.031
7172.366754770279, 0.0, 0.0, 2679.122
7174.366857767105, 0.0, 0.0, 2679.1
7176.366943120956, 0.0, 0.0, 2679.259
7178.367044210434, 0.0, 0.0, 2679.28
7180.367173194885, 0.0, 0.0, 2679.468
7182.367301940918, 0.0, 0.0, 2679.721
7184.367406606674, 0.0, 0.0, 2679.793
7186.367496967316, 0.0, 0.0, 2679.81
7188.3675973415375, 0.0, 0.0, 2680.042
7190.3677361011505, 0.0, 0.0, 2680.123
7192.3678567409515, 0.0, 0.0, 2680.132
7194.367997407913, 0.0, 0.0, 2680.189
7196.368131637573, 0.0, 0.0, 2680.429
7198.368221998215, 0.0, 0.0, 2680.567
7200.368321180344, 0.0, 0.0, 2680.685
7202.368408441544, 0.0, 0.0, 2680.883
7204.3685121536255, 0.0, 0.0, 2680.961
7206.368613481522, 0.0, 0.0, 2681.08
7208.368720531464, 0.0, 0.0, 2681.185
7210.368804216385, 0.0, 0.0, 2681.388
7212.368896484375, 0.0, 0.0, 2681.566
7214.36899971962, 0.0, 0.0, 2681.686
7216.3691346645355, 0.0, 0.0, 2681.891
7218.369235992432, 0.0, 0.0, 2682.053
7220.369335412979, 0.0, 0.0, 2682.204
7222.369444847107, 0.0, 0.0, 2682.391
7224.3695430755615, 0.0, 0.0, 2682.48
7226.369644165039, 0.0, 0.0, 2682.664
7228.3697283267975, 0.0, 0.0, 2682.812
7230.369836330414, 0.0, 0.0, 2682.825
7232.369925737381, 0.0, 0.0, 2682.825
7234.370025396347, 0.0, 0.0, 2682.934
7236.370129823685, 0.0, 0.0, 2683.128
7238.370213985443, 0.0, 0.0, 2683.199
7240.370291233063, 0.0, 0.0, 2683.331
7242.370408535004, 0.0, 0.0, 2683.499
7244.3705015182495, 0.0, 0.0, 2683.773
7246.370647907257, 0.0, 0.0, 2683.859
7248.370733261108, 0.0, 0.0, 2684.059
7250.370818138123, 0.0, 0.0, 2684.169
7252.370901107788, 0.0, 0.0, 2684.245
7254.370986223221, 0.0, 0.0, 2684.293
7256.3710696697235, 0.0, 0.0, 2684.396
7258.371177434921, 0.0, 0.0, 2684.579
7260.371260643005, 0.0, 0.0, 2684.578
7262.371344566345, 0.0, 0.0, 2684.724
7264.371430635452, 0.0, 0.0, 2684.85
