time, current, power, resistance
0.0009946823120117188, -8.520316e-05, 5.99128e-10, 2593.068
2.001131772994995, -8.636098e-05, 5.52388e-10, 2593.103
4.001219034194946, -8.809771e-05, 6.97403e-10, 2593.09
6.00135064125061, -8.230853e-05, 5.523892e-10, 2593.075
8.001434803009033, -8.636097e-05, 5.211107e-10, 2593.1
10.001521348953247, -8.462421e-05, 5.540162e-10, 2593.129
12.00165343284607, -8.462423e-05, 5.774599e-10, 2593.113
14.001757144927979, -8.636098e-05, 5.828313e-10, 2593.087
16.001890420913696, -8.462423e-05, 5.148654e-10, 2593.135
18.00197744369507, -8.520314e-05, 6.070205e-10, 2593.17
20.002076625823975, -8.578206e-05, 5.951898e-10, 2593.252
22.002176523208618, -8.751882e-05, 5.638041e-10, 2593.232
24.00227928161621, -8.520313e-05, 5.272275e-10, 2593.262
26.00237226486206, -8.636098e-05, 6.309319e-10, 2593.315
28.00246024131775, -8.578207e-05, 6.110915e-10, 2593.284
30.00254464149475, -8.751882e-05, 5.515765e-10, 2593.295
32.00264525413513, -8.34664e-05, 6.518876e-10, 2593.321
34.002737283706665, -8.578207e-05, 6.334171e-10, 2593.308
36.002816915512085, -8.578206e-05, 5.755033e-10, 2593.265
38.00290250778198, -8.636098e-05, 6.267295e-10, 2593.222
40.00299906730652, -8.578203e-05, 6.225264e-10, 2593.224
42.00309681892395, -8.693989e-05, 6.464385e-10, 2593.232
44.00317692756653, -8.462421e-05, 6.714662e-10, 2593.255
46.00325536727905, -8.751881e-05, 5.873168e-10, 2593.277
48.00338554382324, -8.636092e-05, 6.782877e-10, 2593.318
50.00348162651062, -8.578206e-05, 7.102892e-10, 2593.401
52.0035605430603, -8.693989e-05, 7.49903e-10, 2593.425
54.003665924072266, -8.809774e-05, 7.447163e-10, 2593.429
56.00373911857605, -8.578206e-05, 6.738871e-10, 2593.427
58.003828287124634, -8.751883e-05, 6.451174e-10, 2593.481
60.00391912460327, -8.69399e-05, 6.464355e-10, 2593.461
62.00461149215698, 0.7998538, 1.616371, 2581.221
64.00469183921814, 0.799861, 1.622773, 2532.984
66.00477433204651, 0.7998602, 1.62666, 2497.453
68.00485730171204, 0.7998587, 1.629465, 2468.677
70.00495672225952, 0.7998657, 1.631657, 2444.525
72.00506138801575, 0.7998655, 1.633434, 2423.786
74.0051600933075, 0.7998605, 1.634932, 2405.61
76.00524520874023, 0.7998654, 1.63622, 2389.383
78.0053858757019, 0.7998577, 1.637355, 2374.731
80.00550079345703, 0.7998596, 1.638381, 2361.39
82.0055832862854, 0.7998593, 1.639322, 2349.01
84.00567078590393, 0.7998614, 1.640187, 2337.428
86.00580501556396, 0.7998571, 1.641005, 2326.42
88.00591397285461, 0.7998509, 1.641731, 2316.087
90.0060167312622, 0.7998557, 1.642471, 2306.258
92.00615215301514, 0.7998587, 1.643168, 2296.77
94.00623965263367, 0.7998592, 1.643813, 2287.705
96.00637555122375, 0.7998608, 1.644449, 2279.06
98.00647187232971, 0.7998561, 1.645046, 2270.712
100.00655221939087, 0.7998604, 1.645654, 2262.557
102.00663995742798, 0.7998608, 1.64621, 2254.722
104.00672221183777, 0.7998645, 1.646766, 2246.955
106.00682473182678, 0.7998688, 1.647309, 2239.529
108.00696325302124, 0.7998617, 1.647825, 2232.364
110.0070526599884, 0.7998635, 1.648328, 2225.278
112.00715637207031, 0.7998638, 1.648813, 2218.372
114.00726127624512, 0.7998653, 1.649306, 2211.652
116.00736427307129, 0.7998638, 1.649777, 2205.049
118.00746893882751, 0.7998625, 1.650234, 2198.61
120.00757265090942, 0.7998561, 1.650682, 2192.334
122.00771117210388, 0.7998613, 1.65111, 2186.276
124.00784420967102, 0.7998583, 1.651535, 2180.456
126.007981300354, 0.799859, 1.65194, 2174.675
128.00811672210693, 0.7998547, 1.65236, 2168.936
130.00820183753967, 0.7998605, 1.652748, 2163.337
132.00830578804016, 0.7998611, 1.653149, 2157.757
134.00840210914612, 0.7998613, 1.653549, 2152.171
136.00848817825317, 0.7998555, 1.653913, 2146.694
138.00857377052307, 0.7998574, 1.654281, 2141.412
140.00871086120605, 0.799853, 1.654648, 2136.13
142.00881552696228, 0.799862, 1.655052, 2130.925
144.0089566707611, 0.7998571, 1.655422, 2125.831
146.00906109809875, 0.7998624, 1.655796, 2120.846
148.00915908813477, 0.7998586, 1.656139, 2115.998
150.0092749595642, 0.7998576, 1.656459, 2111.238
152.00937294960022, 0.7998628, 1.656814, 2106.704
154.0094771385193, 0.799858, 1.65713, 2102.251
156.00957083702087, 0.7998595, 1.657441, 2097.784
158.00967407226562, 0.7998602, 1.657748, 2093.414
160.0097770690918, 0.7998639, 1.658071, 2089.095
162.00992584228516, 0.7998645, 1.658375, 2084.844
164.01000547409058, 0.7998639, 1.65868, 2080.594
166.01009154319763, 0.7998649, 1.658978, 2076.565
168.01019477844238, 0.7998674, 1.65926, 2072.644
170.0102894306183, 0.799868, 1.659566, 2068.559
172.01037216186523, 0.799868, 1.659843, 2064.607
174.01045870780945, 0.7998601, 1.660114, 2060.67
176.01056432724, 0.7998598, 1.660384, 2056.793
178.01066660881042, 0.7998579, 1.660672, 2053.134
180.01076531410217, 0.7998573, 1.660935, 2049.571
182.01085114479065, 0.7998533, 1.661203, 2046.085
184.01095509529114, 0.7998587, 1.661467, 2042.467
186.0110912322998, 0.7998592, 1.661727, 2038.75
188.01118230819702, 0.7998582, 1.661981, 2035.104
190.01128578186035, 0.799856, 1.662255, 2031.587
192.01138472557068, 0.7998582, 1.662506, 2028.275
194.01146936416626, 0.799862, 1.662763, 2024.929
196.01160550117493, 0.7998623, 1.662994, 2021.706
198.01170706748962, 0.7998594, 1.66323, 2018.615
200.0117928981781, 0.799862, 1.663472, 2015.396
202.01187586784363, 0.7998616, 1.663711, 2012.217
204.0119595527649, 0.7998648, 1.663948, 2009.204
206.01207184791565, 0.7998687, 1.664173, 2006.194
208.0121831893921, 0.799862, 1.664395, 2003.132
210.0123167037964, 0.7998661, 1.664644, 1998.497
212.01241087913513, 0.7998665, 1.664861, 1995.999
214.01250004768372, 0.7998647, 1.665089, 1993.025
216.01259994506836, 0.7998607, 1.665309, 1990.112
218.01267790794373, 0.7998621, 1.665505, 1987.287
220.01277709007263, 0.7998617, 1.665737, 1984.506
222.01286268234253, 0.7998624, 1.665929, 1981.762
224.01299953460693, 0.7998608, 1.666152, 1979.052
226.01313376426697, 0.7998641, 1.666348, 1976.43
228.01321649551392, 0.799866, 1.666573, 1973.759
230.0133035182953, 0.7998671, 1.66677, 1971.085
232.01339149475098, 0.7998643, 1.666966, 1968.45
234.01349258422852, 0.7998633, 1.667146, 1965.876
236.01358437538147, 0.7998703, 1.667368, 1963.287
238.01368522644043, 0.7998685, 1.667558, 1960.846
240.01378893852234, 0.7998693, 1.667741, 1958.446
242.01389718055725, 0.7998645, 1.667935, 1956.023
244.01398921012878, 0.7998669, 1.66811, 1953.827
246.0140733718872, 0.7998618, 1.668311, 1951.508
248.0141818523407, 0.7998661, 1.668471, 1949.094
250.01428389549255, 0.7998667, 1.668644, 1946.764
252.0143826007843, 0.7998665, 1.668828, 1944.545
254.01445865631104, 0.7998625, 1.669007, 1942.367
256.01456117630005, 0.7998621, 1.669159, 1940.334
258.01466035842896, 0.7998626, 1.669352, 1938.405
260.0147428512573, 0.7998598, 1.669478, 1936.572
262.01484775543213, 0.7998619, 1.669639, 1934.592
264.0149359703064, 0.7998612, 1.669792, 1932.595
266.0150377750397, 0.7998625, 1.669952, 1930.739
268.01511907577515, 0.7998608, 1.670092, 1928.906
270.0152027606964, 0.799863, 1.670235, 1926.912
272.01530170440674, 0.7998629, 1.670402, 1924.872
274.01539874076843, 0.7998647, 1.670562, 1922.888
276.01548171043396, 0.7998612, 1.670721, 1920.837
278.015563249588, 0.7998674, 1.670875, 1918.852
280.01568579673767, 0.7998642, 1.671007, 1916.85
282.01577854156494, 0.7998675, 1.67118, 1914.937
284.01592230796814, 0.799863, 1.671328, 1913.231
286.01603531837463, 0.7998627, 1.671463, 1911.46
288.01617765426636, 0.799855, 1.671609, 1909.906
290.01626420021057, 0.7998595, 1.671734, 1908.377
292.0163531303406, 0.799863, 1.671871, 1906.685
294.01649236679077, 0.7998621, 1.672005, 1905.095
296.0166223049164, 0.7998632, 1.672129, 1903.324
298.0167329311371, 0.7998691, 1.672257, 1901.677
300.01683712005615, 0.799862, 1.672381, 1899.96
302.0169425010681, 0.7998688, 1.672527, 1898.282
304.01704812049866, 0.7998703, 1.672664, 1896.516
306.0171823501587, 0.7998705, 1.672798, 1894.877
308.01727414131165, 0.7998636, 1.672936, 1893.247
310.01740980148315, 0.7998638, 1.67306, 1891.609
312.0175533294678, 0.7998625, 1.673188, 1890.07
314.01766300201416, 0.7998595, 1.673312, 1888.453
316.0177991390228, 0.7998649, 1.673427, 1886.922
318.01789259910583, 0.7998626, 1.673557, 1885.345
320.01798462867737, 0.7998611, 1.673682, 1883.764
322.0180835723877, 0.7998642, 1.67381, 1882.294
324.0181725025177, 0.7998621, 1.673928, 1880.829
326.0182602405548, 0.7998633, 1.674057, 1879.343
328.01836681365967, 0.7998626, 1.674199, 1877.87
330.0184690952301, 0.7998671, 1.6743, 1876.399
332.0185716152191, 0.7998646, 1.674406, 1875.015
334.01866340637207, 0.7998644, 1.674521, 1873.859
336.01875376701355, 0.7998651, 1.674624, 1872.63
338.01889967918396, 0.7998663, 1.674733, 1871.27
340.01904296875, 0.7998651, 1.674855, 1869.897
342.0191774368286, 0.7998649, 1.674983, 1868.512
344.01926612854004, 0.7998649, 1.675091, 1867.141
346.01936960220337, 0.7998655, 1.675193, 1865.805
348.0194733142853, 0.7998687, 1.675301, 1864.496
350.0196075439453, 0.7998703, 1.675418, 1863.167
352.0196900367737, 0.7998726, 1.675528, 1861.888
354.01980447769165, 0.7998719, 1.675639, 1860.704
356.01991844177246, 0.7998719, 1.675736, 1859.615
358.02002477645874, 0.7998633, 1.675809, 1858.515
360.0201270580292, 0.7998657, 1.675902, 1857.323
362.0202157497406, 0.7998645, 1.676003, 1856.051
364.0203502178192, 0.7998692, 1.676111, 1854.891
366.0204439163208, 0.7998679, 1.67621, 1853.674
368.0205783843994, 0.7998628, 1.676287, 1852.495
370.0206787586212, 0.7998621, 1.67636, 1851.418
372.0207748413086, 0.7998609, 1.67647, 1850.274
374.02088379859924, 0.7998651, 1.676562, 1849.141
376.0210244655609, 0.7998616, 1.676649, 1847.96
378.02112770080566, 0.7998651, 1.676754, 1846.797
380.0212049484253, 0.7998611, 1.676849, 1845.787
382.0213050842285, 0.7998728, 1.67696, 1844.804
384.0213871002197, 0.7998673, 1.67704, 1843.931
386.0214681625366, 0.799871, 1.6771, 1843.19
388.0215473175049, 0.7998667, 1.677191, 1842.345
390.02163887023926, 0.7998675, 1.67725, 1841.672
392.021719455719, 0.7998672, 1.677318, 1840.973
394.0218026638031, 0.7998694, 1.677395, 1840.41
396.0219078063965, 0.7998639, 1.677438, 1839.502
398.02201223373413, 0.799862, 1.677502, 1838.463
400.02211570739746, 0.7998568, 1.677579, 1837.486
402.0221998691559, 0.7998632, 1.677669, 1836.483
404.02229928970337, 0.7998623, 1.677739, 1835.485
406.02239751815796, 0.7998596, 1.677805, 1834.538
408.0225474834442, 0.7998681, 1.677911, 1833.603
410.0226857662201, 0.7998683, 1.677985, 1832.751
412.02282333374023, 0.7998692, 1.678054, 1832.101
414.0229196548462, 0.799872, 1.678137, 1831.354
416.0230202674866, 0.799866, 1.678215, 1830.265
418.02312755584717, 0.7998695, 1.678292, 1829.234
420.023264169693, 0.7998678, 1.678372, 1828.3
422.02336382865906, 0.7998667, 1.678446, 1827.328
424.0234613418579, 0.7998664, 1.678534, 1826.39
426.0236008167267, 0.7998703, 1.678609, 1825.49
428.0237021446228, 0.7998693, 1.678682, 1824.702
430.02379965782166, 0.7998683, 1.678755, 1823.833
432.02393889427185, 0.7998683, 1.678819, 1823.001
434.02402567863464, 0.799871, 1.678885, 1822.137
436.0241069793701, 0.7998683, 1.67896, 1821.304
438.0241951942444, 0.7998624, 1.679015, 1820.573
440.0242965221405, 0.7998617, 1.679055, 1819.922
442.02437925338745, 0.7998642, 1.679127, 1819.147
444.02446579933167, 0.7998583, 1.679196, 1818.467
446.0245518684387, 0.799866, 1.679251, 1817.905
448.02468633651733, 0.7998611, 1.67931, 1817.259
450.0248222351074, 0.7998695, 1.679355, 1816.681
452.02490162849426, 0.7998649, 1.6794, 1816.323
454.02500343322754, 0.7998564, 1.679429, 1815.902
456.0250868797302, 0.7998586, 1.679464, 1815.313
458.02519178390503, 0.7998576, 1.679532, 1814.74
460.0253326892853, 0.799858, 1.679552, 1814.148
462.0254399776459, 0.7998592, 1.679605, 1813.655
464.0255455970764, 0.7998373, 1.679576, 1813.232
466.0256381034851, 0.7998183, 1.679534, 1812.679
468.0257782936096, 0.7997962, 1.679496, 1811.962
470.0258574485779, 0.7997684, 1.679449, 1811.331
472.02596521377563, 0.7997456, 1.679399, 1810.644
474.0260691642761, 0.7997253, 1.679362, 1810.127
476.026207447052, 0.7997077, 1.67933, 1809.507
478.02630734443665, 0.799686, 1.679295, 1808.784
480.0264060497284, 0.7996665, 1.679246, 1808.091
482.026513338089, 0.7996388, 1.679206, 1807.386
484.02662682533264, 0.7996134, 1.679154, 1806.818
486.026713848114, 0.7995855, 1.679096, 1806.27
488.02679085731506, 0.7995598, 1.679034, 1805.649
490.0269169807434, 0.7995311, 1.678981, 1804.885
492.0270507335663, 0.7995035, 1.678923, 1804.17
494.0271542072296, 0.7994795, 1.678873, 1803.474
496.02725291252136, 0.7994515, 1.678814, 1802.768
498.0273907184601, 0.7994255, 1.67877, 1802.091
500.0275340080261, 0.7994007, 1.67871, 1801.597
502.027672290802, 0.7993792, 1.678658, 1801.029
504.0278060436249, 0.7993539, 1.678616, 1800.483
506.0279026031494, 0.7993322, 1.678564, 1799.899
508.02799224853516, 0.7993051, 1.678508, 1799.184
510.02810049057007, 0.7992768, 1.678448, 1798.568
512.0282356739044, 0.7992559, 1.678412, 1798.028
514.0283677577972, 0.7992336, 1.678359, 1797.404
516.0285053253174, 0.7992045, 1.678306, 1796.693
518.0286164283752, 0.799189, 1.678262, 1796.242
520.0287251472473, 0.7991686, 1.678218, 1795.998
522.0288202762604, 0.799151, 1.678183, 1795.688
524.0289127826691, 0.7991385, 1.678153, 1795.449
526.029025554657, 0.7991239, 1.678125, 1795.056
528.0291624069214, 0.7991088, 1.678091, 1794.814
530.029301404953, 0.7990928, 1.678055, 1794.39
532.0294060707092, 0.7990708, 1.678014, 1793.852
534.0295021533966, 0.799051, 1.677979, 1793.421
536.0296101570129, 0.7990311, 1.677934, 1792.944
538.0297448635101, 0.7990127, 1.677892, 1792.606
540.029853105545, 0.7989977, 1.677863, 1792.177
542.029942035675, 0.7989859, 1.677838, 1791.804
544.0302431583405, 0.7989708, 1.677806, 1791.463
546.0303361415863, 0.7989604, 1.67778, 1791.137
548.0304267406464, 0.7989387, 1.677728, 1790.585
550.0305576324463, 0.7989143, 1.677687, 1790.007
552.0306611061096, 0.7988967, 1.677642, 1789.443
554.0307614803314, 0.7988746, 1.677605, 1788.868
556.030877828598, 0.7988546, 1.677571, 1788.392
558.0310196876526, 0.7988346, 1.677526, 1787.941
560.0311131477356, 0.7988142, 1.677481, 1787.459
562.0312175750732, 0.7987936, 1.677429, 1786.902
564.0313115119934, 0.7987761, 1.677391, 1786.496
566.0314013957977, 0.7987589, 1.677367, 1786.231
568.0315010547638, 0.7987455, 1.677331, 1785.946
570.0316071510315, 0.7987349, 1.677308, 1785.599
572.031712770462, 0.798712, 1.677266, 1785.034
574.0318541526794, 0.7986966, 1.677221, 1784.465
576.0319361686707, 0.7986715, 1.677178, 1783.958
578.0320415496826, 0.7986569, 1.677136, 1783.507
580.0321898460388, 0.7986348, 1.677096, 1783.175
582.0323235988617, 0.7986177, 1.677066, 1782.692
584.0324335098267, 0.7985983, 1.677022, 1782.136
586.0325345993042, 0.7985789, 1.676981, 1781.642
588.0326688289642, 0.7985604, 1.676945, 1781.178
590.0327763557434, 0.7985421, 1.676901, 1780.788
592.0328736305237, 0.7985244, 1.676873, 1780.417
594.0330214500427, 0.7985047, 1.676827, 1780.077
596.0331065654755, 0.7984861, 1.67679, 1779.648
598.0332453250885, 0.7984721, 1.676756, 1779.212
600.0333385467529, 0.7984506, 1.676715, 1778.74
602.0334570407867, 0.7984343, 1.676673, 1778.221
604.0335593223572, 0.7984145, 1.676637, 1777.912
606.0336747169495, 0.7984023, 1.676607, 1777.555
608.0337750911713, 0.7983905, 1.676585, 1777.261
610.0338780879974, 0.7983781, 1.676562, 1777.092
612.0339777469635, 0.7983671, 1.676539, 1776.968
614.0340580940247, 0.7983527, 1.676503, 1776.443
616.0341625213623, 0.7983353, 1.676474, 1775.903
618.0342681407928, 0.7983227, 1.676437, 1775.489
620.0343987941742, 0.7983033, 1.676403, 1775.184
622.0344786643982, 0.7982872, 1.676365, 1774.791
624.034585237503, 0.7982721, 1.676335, 1774.326
626.034726858139, 0.7982547, 1.676303, 1773.962
628.0348720550537, 0.7982355, 1.676267, 1773.567
630.0349817276001, 0.7982198, 1.676227, 1773.113
632.0350630283356, 0.7982047, 1.676195, 1772.779
634.0351696014404, 0.798188, 1.676161, 1772.449
636.0352590084076, 0.7981734, 1.676135, 1772.04
638.0353653430939, 0.7981544, 1.676094, 1771.571
640.035471200943, 0.7981408, 1.676057, 1771.214
642.0355591773987, 0.7981235, 1.676025, 1770.81
644.0356554985046, 0.7981101, 1.67599, 1770.513
646.0357596874237, 0.7980899, 1.675961, 1770.259
648.0358552932739, 0.7980795, 1.675936, 1769.927
650.035933971405, 0.7980654, 1.675898, 1769.54
652.036018371582, 0.7980522, 1.675872, 1769.124
654.0361166000366, 0.7980354, 1.675841, 1768.806
656.036226272583, 0.798025, 1.675818, 1768.557
658.0363337993622, 0.7980077, 1.675786, 1768.278
660.0364723205566, 0.7979968, 1.675755, 1767.963
662.0366213321686, 0.7979841, 1.67573, 1767.646
664.0367572307587, 0.7979691, 1.675701, 1767.281
666.0369071960449, 0.7979526, 1.675678, 1766.893
668.0369944572449, 0.7979363, 1.67564, 1766.563
670.0371024608612, 0.7979261, 1.675617, 1766.294
672.0372068881989, 0.7979162, 1.675588, 1765.952
674.0373110771179, 0.7979009, 1.675561, 1765.669
676.0374104976654, 0.7978898, 1.675532, 1765.396
678.0374982357025, 0.7978765, 1.675508, 1765.079
680.0375866889954, 0.7978615, 1.675482, 1764.709
682.0377295017242, 0.7978496, 1.675448, 1764.419
684.0378258228302, 0.7978393, 1.675426, 1764.12
686.0379614830017, 0.7978243, 1.675404, 1763.854
688.0381083488464, 0.7978131, 1.675365, 1763.582
690.0382161140442, 0.797799, 1.675348, 1763.334
692.0383148193359, 0.7977851, 1.675329, 1763.053
694.038416147232, 0.7977749, 1.675294, 1762.765
696.0385074615479, 0.7977632, 1.675269, 1762.451
698.0386090278625, 0.7977501, 1.67524, 1762.119
700.0387151241302, 0.7977378, 1.675206, 1761.764
702.0388157367706, 0.7977259, 1.675187, 1761.509
704.038898229599, 0.7977116, 1.675162, 1761.216
706.0389993190765, 0.7976992, 1.675134, 1760.935
708.0391039848328, 0.7976873, 1.675113, 1760.72
710.0392391681671, 0.7976763, 1.675088, 1760.521
712.0393743515015, 0.7976628, 1.675056, 1760.229
714.0395114421844, 0.797651, 1.675039, 1759.933
716.039609670639, 0.7976409, 1.675015, 1759.716
718.0397446155548, 0.7976326, 1.674999, 1759.449
720.0398919582367, 0.7976231, 1.674975, 1759.184
722.0399734973907, 0.7976112, 1.674946, 1758.933
724.0400679111481, 0.7975982, 1.674919, 1758.698
726.0401704311371, 0.7975886, 1.674901, 1758.448
728.0402841567993, 0.7975787, 1.67487, 1758.14
730.0403718948364, 0.7975646, 1.674853, 1757.846
732.0404722690582, 0.7975577, 1.674836, 1757.612
734.0406053066254, 0.7975464, 1.674812, 1757.353
736.0406942367554, 0.7975327, 1.674787, 1757.088
738.0408024787903, 0.7975239, 1.674769, 1756.809
740.0408928394318, 0.7975122, 1.674744, 1756.586
742.040979385376, 0.7975026, 1.674725, 1756.391
744.0410730838776, 0.7974947, 1.674702, 1756.084
746.0411765575409, 0.7974835, 1.674681, 1755.868
748.0412707328796, 0.7974744, 1.674658, 1755.672
750.0413568019867, 0.7974631, 1.674644, 1755.365
752.0414912700653, 0.7974583, 1.674624, 1755.114
754.0416302680969, 0.7974459, 1.674607, 1755.01
756.0417668819427, 0.7974356, 1.674583, 1754.733
758.0418474674225, 0.7974245, 1.674559, 1754.462
760.0419404506683, 0.7974133, 1.674534, 1754.244
762.0420768260956, 0.7974026, 1.674517, 1753.969
764.0422253608704, 0.7973936, 1.674494, 1753.716
766.0423295497894, 0.7973839, 1.674474, 1753.497
768.0424242019653, 0.7973775, 1.674454, 1753.268
770.0425233840942, 0.797364, 1.674434, 1753.056
772.042608499527, 0.7973549, 1.674411, 1752.876
774.0427095890045, 0.7973462, 1.674387, 1752.628
776.0427889823914, 0.7973355, 1.674369, 1752.333
778.0428960323334, 0.7973222, 1.674346, 1752.068
780.0429909229279, 0.7973112, 1.674319, 1751.777
782.0430943965912, 0.7972996, 1.674296, 1751.445
784.0431966781616, 0.7972885, 1.674274, 1751.171
786.0433387756348, 0.7972798, 1.674251, 1750.963
788.0434465408325, 0.7972679, 1.674227, 1750.788
790.0435826778412, 0.7972601, 1.674207, 1750.614
792.0436837673187, 0.7972498, 1.674193, 1750.407
794.0437700748444, 0.7972414, 1.674171, 1750.266
796.0441122055054, 0.7972326, 1.674157, 1749.986
798.0442025661469, 0.7972201, 1.674133, 1749.672
800.0443480014801, 0.7972109, 1.674114, 1749.384
802.0444815158844, 0.7972032, 1.674099, 1749.166
804.0445749759674, 0.7971932, 1.67407, 1748.97
806.0446937084198, 0.7971845, 1.674056, 1748.77
808.0448079109192, 0.797175, 1.674034, 1748.541
810.0449135303497, 0.7971656, 1.674011, 1748.328
812.044992685318, 0.7971563, 1.673991, 1748.11
814.0450823307037, 0.7971449, 1.673964, 1747.919
816.0451674461365, 0.7971355, 1.673951, 1747.745
818.0452518463135, 0.7971261, 1.673934, 1747.451
820.0453498363495, 0.7971155, 1.673917, 1747.217
822.045490026474, 0.7971105, 1.673894, 1746.939
824.0456352233887, 0.7970988, 1.673872, 1746.683
826.0457639694214, 0.797089, 1.673852, 1746.472
828.0458738803864, 0.7970794, 1.673838, 1746.329
830.0459496974945, 0.7970727, 1.673822, 1746.133
832.0460338592529, 0.7970639, 1.673802, 1745.951
834.0461339950562, 0.7970555, 1.67378, 1745.759
836.046238899231, 0.7970485, 1.673769, 1745.548
838.0463423728943, 0.7970379, 1.673754, 1745.322
840.0464453697205, 0.7970314, 1.673736, 1745.173
842.0465507507324, 0.7970258, 1.673721, 1745.095
844.0466549396515, 0.7970182, 1.673712, 1745.001
846.0467636585236, 0.7970123, 1.673695, 1744.897
848.0468564033508, 0.7970036, 1.673678, 1744.696
850.0469620227814, 0.7969958, 1.673663, 1744.481
852.0470542907715, 0.7969887, 1.67364, 1744.223
854.0471580028534, 0.796982, 1.673633, 1744.131
856.0472457408905, 0.7969788, 1.673618, 1743.952
858.047381401062, 0.7969685, 1.673605, 1743.971
860.0475211143494, 0.7969648, 1.673599, 1743.973
862.0476064682007, 0.7969594, 1.673582, 1743.907
864.047696352005, 0.7969517, 1.673571, 1743.634
866.047780752182, 0.7969442, 1.673558, 1743.359
868.0478744506836, 0.7969382, 1.673533, 1743.151
870.0479588508606, 0.7969258, 1.673516, 1742.98
872.0480620861053, 0.7969216, 1.673503, 1742.766
874.0481433868408, 0.7969099, 1.673483, 1742.543
876.0482494831085, 0.7969026, 1.673463, 1742.306
878.0483314990997, 0.796895, 1.673448, 1742.058
880.0484683513641, 0.7968895, 1.673431, 1741.841
882.0485529899597, 0.796879, 1.673408, 1741.608
884.0486574172974, 0.7968717, 1.673401, 1741.361
886.0487430095673, 0.7968624, 1.673372, 1741.167
888.048849105835, 0.796856, 1.67337, 1740.992
890.0489492416382, 0.7968478, 1.67335, 1740.89
892.0490379333496, 0.7968417, 1.673328, 1740.725
894.0491435527802, 0.7968334, 1.673321, 1740.516
896.0492334365845, 0.7968274, 1.673306, 1740.315
898.0493371486664, 0.7968203, 1.673291, 1740.187
900.0494408607483, 0.79681, 1.673276, 1740.054
902.0495455265045, 0.7968034, 1.673256, 1739.958
904.0496480464935, 0.7967985, 1.673238, 1739.766
906.0497448444366, 0.796788, 1.673225, 1739.545
908.0498492717743, 0.7967814, 1.673201, 1739.342
910.049952507019, 0.7967744, 1.673191, 1739.223
912.0500535964966, 0.796769, 1.673179, 1739.026
914.0501551628113, 0.7967625, 1.673173, 1738.833
916.0502550601959, 0.7967566, 1.673157, 1738.798
918.0503957271576, 0.7967565, 1.673151, 1738.97
920.0504817962646, 0.7967547, 1.673157, 1738.983
922.0505826473236, 0.7967491, 1.673141, 1738.903
924.0506765842438, 0.7967468, 1.673136, 1738.754
926.0507688522339, 0.7967408, 1.673123, 1738.648
928.0508773326874, 0.7967328, 1.673106, 1738.508
930.0510206222534, 0.7967301, 1.673095, 1738.402
932.0511193275452, 0.7967242, 1.673085, 1738.222
934.0512552261353, 0.7967151, 1.673067, 1738.001
936.0513453483582, 0.7967061, 1.673059, 1737.729
938.0514278411865, 0.796697, 1.673035, 1737.467
940.0515148639679, 0.796692, 1.673017, 1737.299
942.051611661911, 0.796684, 1.673004, 1737.173
944.0517210960388, 0.7966766, 1.672989, 1737.08
946.0518555641174, 0.7966697, 1.672972, 1736.847
948.0519509315491, 0.7966579, 1.672949, 1736.544
950.0520551204681, 0.796649, 1.672937, 1736.416
952.0521938800812, 0.7966415, 1.672918, 1736.385
954.0523002147675, 0.7966348, 1.672909, 1736.381
956.0523808002472, 0.7966312, 1.672892, 1736.209
958.0525121688843, 0.796625, 1.672886, 1735.954
960.052606344223, 0.7966176, 1.672862, 1735.625
962.052707195282, 0.7966092, 1.672846, 1735.362
964.0528056621552, 0.7965984, 1.672828, 1735.15
966.0528964996338, 0.7965904, 1.672817, 1735.019
968.0530316829681, 0.7965839, 1.672795, 1734.811
970.0531344413757, 0.7965773, 1.672774, 1734.631
972.0532364845276, 0.7965735, 1.672768, 1734.601
974.0533230304718, 0.7965636, 1.672751, 1734.571
976.0534262657166, 0.7965574, 1.672741, 1734.491
978.0535600185394, 0.796556, 1.672738, 1734.381
980.0536470413208, 0.796546, 1.672715, 1734.086
982.0537853240967, 0.7965411, 1.672703, 1733.848
984.0538773536682, 0.7965353, 1.672697, 1733.743
986.0539829730988, 0.7965317, 1.672678, 1733.618
988.054080247879, 0.7965217, 1.672665, 1733.369
990.0542147159576, 0.7965132, 1.672645, 1733.158
992.0542953014374, 0.7965068, 1.672629, 1733.059
994.0544292926788, 0.7965007, 1.672621, 1732.92
996.0545330047607, 0.7964951, 1.672612, 1732.821
998.054634809494, 0.7964935, 1.672603, 1732.675
1000.0547332763672, 0.796482, 1.672582, 1732.487
1002.0548648834229, 0.7964774, 1.67257, 1732.253
1004.0549697875977, 0.7964711, 1.672553, 1732.061
1006.0550768375397, 0.796463, 1.672542, 1732.005
1008.0551679134369, 0.796456, 1.672516, 1731.953
1010.0552470684052, 0.7964509, 1.672515, 1731.957
1012.0553324222565, 0.7964518, 1.672512, 1731.896
1014.055422782898, 0.7964468, 1.672504, 1731.796
1016.055525302887, 0.7964445, 1.672494, 1731.721
1018.0556178092957, 0.7964377, 1.672482, 1731.589
1020.0557553768158, 0.7964316, 1.672475, 1731.422
1022.0559010505676, 0.7964272, 1.672463, 1731.271
1024.0559980869293, 0.7964185, 1.67245, 1731.076
1026.0560870170593, 0.7964118, 1.672442, 1730.949
1028.056176662445, 0.7964084, 1.672418, 1730.754
1030.0562694072723, 0.7964008, 1.672407, 1730.529
1032.056404352188, 0.7963957, 1.672395, 1730.35
1034.0565090179443, 0.7963906, 1.672391, 1730.22
1036.056607246399, 0.7963841, 1.672372, 1730.152
1038.0567033290863, 0.7963808, 1.672367, 1730.027
1040.056847333908, 0.796375, 1.672356, 1729.953
1042.0569295883179, 0.796371, 1.672342, 1729.88
1044.0570154190063, 0.7963586, 1.672336, 1729.706
1046.0571007728577, 0.7963549, 1.672312, 1729.526
1048.057241678238, 0.7963449, 1.672291, 1729.416
1050.0573732852936, 0.7963396, 1.672281, 1729.299
1052.057480096817, 0.7963336, 1.672273, 1729.2
1054.0575695037842, 0.7963288, 1.672253, 1729.03
1056.0577054023743, 0.7963244, 1.672249, 1728.907
1058.0578072071075, 0.7963227, 1.67224, 1728.824
1060.0579006671906, 0.7963148, 1.672227, 1728.711
1062.057983636856, 0.7963083, 1.672217, 1728.548
1064.0580615997314, 0.7963054, 1.672199, 1728.372
1066.0581862926483, 0.7963015, 1.672203, 1728.318
1068.058289051056, 0.7962991, 1.672197, 1728.21
1070.058393239975, 0.7962958, 1.672184, 1728.055
1072.0584831237793, 0.7962883, 1.672176, 1727.987
1074.058586359024, 0.7962838, 1.672163, 1727.954
1076.0587239265442, 0.7962797, 1.672147, 1727.921
1078.0588161945343, 0.7962717, 1.672139, 1727.713
1080.058950662613, 0.7962623, 1.672118, 1727.502
1082.0590415000916, 0.7962577, 1.672112, 1727.365
1084.0591487884521, 0.7962494, 1.672093, 1727.144
1086.0592889785767, 0.7962426, 1.672076, 1726.965
1088.0594260692596, 0.796237, 1.672072, 1726.802
1090.0595223903656, 0.7962332, 1.672059, 1726.611
1092.0596692562103, 0.7962256, 1.672046, 1726.596
1094.0597689151764, 0.7962214, 1.672036, 1726.49
1096.0599224567413, 0.7962165, 1.672019, 1726.443
1098.0600187778473, 0.796214, 1.672011, 1726.362
1100.060097694397, 0.7962046, 1.672011, 1726.158
1102.0601983070374, 0.7962009, 1.671991, 1725.968
1104.0602819919586, 0.7961959, 1.67199, 1725.867
1106.0603682994843, 0.7961943, 1.671973, 1725.815
1108.0604693889618, 0.7961974, 1.671969, 1725.77
1110.0605704784393, 0.7961886, 1.671965, 1725.78
1112.0606713294983, 0.7961822, 1.671953, 1725.744
1114.0607721805573, 0.7961747, 1.671939, 1725.675
1116.0608785152435, 0.7961712, 1.671926, 1725.472
1118.0609557628632, 0.796165, 1.671915, 1725.212
1120.0610587596893, 0.79616, 1.671907, 1725.076
1122.0611617565155, 0.796153, 1.671891, 1724.974
1124.0612633228302, 0.796149, 1.67188, 1724.993
1126.0613951683044, 0.7961457, 1.671876, 1724.809
1128.0615310668945, 0.7961417, 1.671863, 1724.669
1130.0616648197174, 0.7961355, 1.671856, 1724.49
1132.0617682933807, 0.7961286, 1.67184, 1724.34
1134.0619378089905, 0.7961258, 1.671837, 1724.258
1136.0620186328888, 0.796122, 1.67182, 1724.174
1138.0621182918549, 0.7961141, 1.67181, 1723.999
1140.062261581421, 0.7961065, 1.671799, 1723.899
1142.0624012947083, 0.7961063, 1.67179, 1723.783
1144.06249666214, 0.7960982, 1.671774, 1723.667
1146.062617778778, 0.7960922, 1.671761, 1723.542
1148.062711238861, 0.7960876, 1.671751, 1723.402
1150.0628163814545, 0.7960831, 1.671738, 1723.309
1152.0629200935364, 0.7960783, 1.671732, 1723.133
1154.0629982948303, 0.7960778, 1.67173, 1723.108
1156.063099861145, 0.7960764, 1.671727, 1723.126
1158.0631999969482, 0.7960727, 1.671723, 1723.053
1160.0633008480072, 0.7960668, 1.671709, 1722.892
1162.0633883476257, 0.7960624, 1.671699, 1722.774
1164.0634870529175, 0.7960596, 1.671685, 1722.689
1166.0635783672333, 0.7960533, 1.671674, 1722.57
1168.0636792182922, 0.7960497, 1.671681, 1722.486
1170.063761472702, 0.7960518, 1.67168, 1722.528
1172.0638389587402, 0.7960463, 1.671659, 1722.425
1174.0639193058014, 0.7960409, 1.671652, 1722.222
1176.0640213489532, 0.7960353, 1.671643, 1722.182
1178.064109325409, 0.7960286, 1.671631, 1722.072
1180.0642025470734, 0.7960235, 1.671623, 1721.826
1182.0642940998077, 0.796015, 1.671596, 1721.72
1184.064395904541, 0.7960046, 1.671579, 1721.536
1186.064529657364, 0.7960023, 1.671574, 1721.419
1188.0646650791168, 0.796, 1.671561, 1721.309
1190.0647461414337, 0.7959958, 1.671553, 1721.279
1192.064840555191, 0.7959887, 1.67154, 1721.266
1194.0649468898773, 0.7959869, 1.671538, 1721.171
1196.0650899410248, 0.7959791, 1.671527, 1721.006
1198.0651903152466, 0.795973, 1.671516, 1720.757
1200.0653216838837, 0.7959664, 1.671498, 1720.488
1202.0654582977295, 0.7959589, 1.671482, 1720.412
1204.065559387207, 0.7959518, 1.67147, 1720.267
1206.065646648407, 0.7959462, 1.671453, 1720.183
1208.065726518631, 0.795944, 1.67145, 1720.112
1210.0658123493195, 0.7959358, 1.671438, 1720.037
1212.0659029483795, 0.7959314, 1.671426, 1719.936
1214.06600522995, 0.7959281, 1.67141, 1719.762
1216.0661346912384, 0.7959229, 1.671405, 1719.598
1218.066235780716, 0.7959176, 1.67139, 1719.459
1220.0663356781006, 0.7959111, 1.671383, 1719.387
1222.0664150714874, 0.7959066, 1.671372, 1719.322
1224.066514968872, 0.7959007, 1.671362, 1719.321
1226.066594839096, 0.7958996, 1.671359, 1719.271
1228.066734790802, 0.7958956, 1.67135, 1719.221
1230.0668742656708, 0.7958933, 1.67134, 1719.096
1232.0669763088226, 0.7958893, 1.671334, 1718.932
1234.067078113556, 0.7958848, 1.671327, 1718.759
1236.0671932697296, 0.795877, 1.67131, 1718.57
1238.0672824382782, 0.7958749, 1.671309, 1718.442
1240.0673866271973, 0.7958704, 1.671292, 1718.374
1242.0674731731415, 0.7958677, 1.67129, 1718.264
1244.0675551891327, 0.7958653, 1.671279, 1718.389
1246.0676572322845, 0.7958617, 1.671284, 1718.359
1248.0677642822266, 0.7958624, 1.671276, 1718.323
1250.067860364914, 0.7958632, 1.671281, 1718.283
1252.0679640769958, 0.7958614, 1.671277, 1718.137
1254.0680549144745, 0.7958623, 1.671273, 1718.221
1256.068144083023, 0.7958558, 1.671261, 1718.352
1258.0682253837585, 0.795851, 1.671257, 1718.419
1260.068306684494, 0.7958474, 1.671256, 1718.418
1262.0683856010437, 0.7958459, 1.671255, 1718.218
1264.0684888362885, 0.7958382, 1.671233, 1717.986
1266.068627357483, 0.7958355, 1.671218, 1717.734
1268.0687623023987, 0.7958316, 1.671208, 1717.618
1270.068850517273, 0.7958286, 1.671211, 1717.562
1272.0689516067505, 0.7958267, 1.671211, 1717.579
1274.0690877437592, 0.7958279, 1.671211, 1717.555
1276.0692207813263, 0.795826, 1.671198, 1717.44
1278.0693295001984, 0.7958199, 1.6712, 1717.359
1280.0694119930267, 0.795817, 1.671185, 1717.345
1282.0695481300354, 0.7958155, 1.671173, 1717.223
1284.0696396827698, 0.7958062, 1.671159, 1717.178
1286.0697770118713, 0.7958036, 1.671158, 1716.987
1288.0698719024658, 0.7958013, 1.671147, 1716.869
1290.0699775218964, 0.7957944, 1.67114, 1716.82
1292.0700843334198, 0.7957912, 1.67113, 1716.741
1294.070182800293, 0.7957855, 1.671117, 1716.626
1296.0702822208405, 0.7957806, 1.67111, 1716.457
1298.0703673362732, 0.7957755, 1.671103, 1716.314
1300.0704503059387, 0.7957695, 1.671086, 1716.147
1302.0705420970917, 0.7957662, 1.67107, 1715.983
1304.070638179779, 0.7957641, 1.671059, 1715.811
1306.0707747936249, 0.7957517, 1.671049, 1715.701
1308.0709211826324, 0.795751, 1.671046, 1715.589
1310.0710258483887, 0.7957467, 1.671035, 1715.545
1312.0711288452148, 0.7957478, 1.671032, 1715.646
1314.0712342262268, 0.7957457, 1.671035, 1715.728
1316.0713148117065, 0.7957423, 1.671027, 1715.718
1318.0714190006256, 0.79574, 1.671026, 1715.65
1320.071517944336, 0.795736, 1.671017, 1715.547
1322.0715992450714, 0.7957353, 1.671008, 1715.405
1324.0717475414276, 0.7957273, 1.670996, 1715.214
1326.0718545913696, 0.7957249, 1.670987, 1715.104
1328.0719788074493, 0.7957195, 1.670981, 1715.121
1330.0720872879028, 0.795719, 1.670972, 1715.192
1332.0721776485443, 0.7957161, 1.670978, 1715.167
1334.0722641944885, 0.7957138, 1.67096, 1715.033
1336.072374343872, 0.7957112, 1.670959, 1714.947
1338.0724885463715, 0.7957079, 1.670951, 1714.845
1340.0725755691528, 0.7957037, 1.670955, 1714.743
1342.0726590156555, 0.7957012, 1.670941, 1714.656
1344.072755098343, 0.795701, 1.670942, 1714.483
1346.0728678703308, 0.7956967, 1.670935, 1714.368
1348.0729563236237, 0.7956934, 1.670923, 1714.365
1350.0730638504028, 0.7956896, 1.670912, 1714.374
1352.0731432437897, 0.7956869, 1.670905, 1714.274
1354.0732831954956, 0.795677, 1.670893, 1714.125
1356.0733797550201, 0.7956723, 1.670887, 1713.976
1358.0734770298004, 0.7956699, 1.670872, 1713.808
1360.073576927185, 0.7956679, 1.670868, 1713.665
1362.0736782550812, 0.7956614, 1.670867, 1713.566
1364.0737793445587, 0.7956615, 1.670847, 1713.5
1366.0738816261292, 0.7956533, 1.670838, 1713.372
1368.0740146636963, 0.7956496, 1.670832, 1713.316
1370.0740990638733, 0.7956452, 1.670818, 1713.244
1372.074200630188, 0.7956427, 1.670823, 1713.159
1374.074301958084, 0.7956408, 1.670813, 1713.097
1376.0744042396545, 0.7956397, 1.670808, 1712.994
1378.0745069980621, 0.7956337, 1.670803, 1712.926
1380.0745940208435, 0.7956312, 1.67079, 1712.881
1382.0746810436249, 0.7956277, 1.670793, 1712.812
1384.074816942215, 0.7956262, 1.670777, 1712.769
1386.0749626159668, 0.7956234, 1.670774, 1712.764
1388.0750567913055, 0.7956216, 1.67077, 1712.837
1390.0751717090607, 0.7956156, 1.670762, 1712.777
1392.0752747058868, 0.7956099, 1.670743, 1712.595
1394.07541680336, 0.7956054, 1.670737, 1712.407
1396.075518131256, 0.7955965, 1.670724, 1712.285
1398.0756409168243, 0.795593, 1.670711, 1712.171
1400.0757834911346, 0.7955903, 1.670703, 1711.986
1402.0758755207062, 0.7955842, 1.670694, 1711.855
1404.075986623764, 0.7955826, 1.67069, 1711.703
1406.0760884284973, 0.7955774, 1.67068, 1711.592
1408.0761938095093, 0.7955722, 1.670673, 1711.474
1410.076292514801, 0.7955684, 1.670658, 1711.36
1412.076378583908, 0.7955612, 1.67065, 1711.308
1414.0764803886414, 0.7955622, 1.670637, 1711.185
1416.0765817165375, 0.7955554, 1.670633, 1711.091
1418.0766880512238, 0.795553, 1.670622, 1711.073
1420.0767903327942, 0.7955486, 1.670613, 1711.005
1422.0769352912903, 0.795543, 1.67061, 1710.925
1424.0770258903503, 0.7955403, 1.670609, 1710.877
1426.0771613121033, 0.795535, 1.670595, 1710.808
1428.0772652626038, 0.7955308, 1.67059, 1710.632
1430.0773694515228, 0.7955299, 1.670582, 1710.512
1432.0775067806244, 0.7955272, 1.670572, 1710.48
1434.0775969028473, 0.7955234, 1.670569, 1710.452
1436.0777032375336, 0.7955256, 1.67057, 1710.369
1438.0778048038483, 0.795516, 1.670561, 1710.314
1440.0778977870941, 0.7955166, 1.670549, 1710.223
1442.0779902935028, 0.7955153, 1.670548, 1710.272
1444.0780954360962, 0.795517, 1.670552, 1710.334
1446.0782010555267, 0.7955188, 1.670556, 1710.393
1448.07830119133, 0.7955124, 1.670545, 1710.255
1450.07843708992, 0.7955095, 1.670535, 1710.091
1452.0785245895386, 0.795505, 1.670529, 1710.073
1454.0786666870117, 0.7955022, 1.67052, 1710.127
1456.0788052082062, 0.7955013, 1.670525, 1710.214
1458.0789263248444, 0.795498, 1.670515, 1710.313
1460.0790264606476, 0.7954962, 1.670511, 1710.54
1462.0791249275208, 0.7955008, 1.670516, 1710.679
1464.079225063324, 0.7955008, 1.670517, 1710.448
1466.07932472229, 0.7954944, 1.670503, 1710.119
1468.0794248580933, 0.7954895, 1.670502, 1709.856
1470.0795197486877, 0.7954848, 1.670493, 1709.654
1472.0796327590942, 0.7954819, 1.67048, 1709.415
1474.0797390937805, 0.7954782, 1.670471, 1709.278
1476.0798394680023, 0.795471, 1.670455, 1709.365
1478.0799231529236, 0.7954671, 1.670451, 1709.503
1480.0800259113312, 0.7954667, 1.670445, 1709.498
1482.0801422595978, 0.7954671, 1.670449, 1709.402
1484.0802416801453, 0.795461, 1.670439, 1709.249
1486.0803365707397, 0.7954593, 1.670433, 1709.051
1488.080478668213, 0.7954485, 1.67042, 1708.93
1490.0806331634521, 0.7954497, 1.670411, 1708.88
1492.08074426651, 0.7954451, 1.6704, 1708.699
1494.080910205841, 0.7954428, 1.670391, 1708.528
1496.0809950828552, 0.7954342, 1.67038, 1708.476
1498.0811417102814, 0.7954311, 1.670378, 1708.338
1500.0812816619873, 0.7954285, 1.670372, 1708.256
1502.081421136856, 0.7954263, 1.670358, 1708.25
1504.081520318985, 0.7954225, 1.670361, 1708.29
1506.0816481113434, 0.7954201, 1.670352, 1708.251
1508.0817449092865, 0.7954171, 1.670346, 1708.169
1510.0818371772766, 0.7954169, 1.670344, 1708.097
1512.0819461345673, 0.7954169, 1.670343, 1708.052
1514.0820333957672, 0.7954141, 1.670342, 1708.024
1516.0821454524994, 0.7954113, 1.67033, 1707.976
1518.0822422504425, 0.7954097, 1.670328, 1708.023
1520.0823476314545, 0.7954084, 1.670324, 1708.08
1522.082438468933, 0.7954059, 1.670317, 1708.095
1524.0825819969177, 0.7954015, 1.670314, 1708.089
1526.0826756954193, 0.7953991, 1.670315, 1708.061
1528.0827746391296, 0.7953992, 1.670305, 1708.036
1530.0828802585602, 0.7953977, 1.670298, 1707.985
1532.0829606056213, 0.7953944, 1.670298, 1707.882
1534.0830538272858, 0.7953865, 1.670287, 1707.753
1536.0831367969513, 0.7953861, 1.670272, 1707.655
1538.0832707881927, 0.7953863, 1.670274, 1707.769
1540.083373785019, 0.7953865, 1.670278, 1707.738
1542.0835072994232, 0.7953883, 1.670277, 1707.692
1544.0836164951324, 0.7953829, 1.670276, 1707.648
1546.083755493164, 0.7953827, 1.670268, 1707.466
1548.0838487148285, 0.7953747, 1.670259, 1707.249
1550.0839340686798, 0.7953701, 1.670244, 1707.024
1552.0840451717377, 0.795364, 1.670231, 1706.909
1554.0841414928436, 0.7953596, 1.670229, 1706.855
1556.0842306613922, 0.7953613, 1.67022, 1706.732
1558.0843353271484, 0.7953569, 1.670224, 1706.668
1560.0844366550446, 0.7953532, 1.670221, 1706.592
1562.0845384597778, 0.7953538, 1.670208, 1706.56
1564.0846269130707, 0.7953542, 1.670205, 1706.574
1566.084709405899, 0.7953526, 1.670214, 1706.646
1568.084811449051, 0.7953435, 1.670196, 1706.611
1570.0849010944366, 0.7953455, 1.670196, 1706.407
1572.0849924087524, 0.79534, 1.670185, 1706.309
1574.0850994586945, 0.7953367, 1.670179, 1706.25
1576.0852308273315, 0.7953327, 1.670167, 1706.327
1578.0853188037872, 0.795334, 1.670169, 1706.233
1580.085420370102, 0.7953283, 1.670159, 1706.031
1582.0855214595795, 0.7953268, 1.67016, 1705.881
1584.08562707901, 0.7953255, 1.670147, 1705.794
1586.0857093334198, 0.7953237, 1.670155, 1705.771
1588.0858116149902, 0.7953182, 1.670138, 1705.881
1590.0859153270721, 0.7953189, 1.670142, 1705.771
1592.0860130786896, 0.79532, 1.67013, 1705.677
1594.0861120224, 0.7953112, 1.670126, 1705.553
1596.0862121582031, 0.7953064, 1.670107, 1705.469
1598.086314201355, 0.7953026, 1.670102, 1705.434
1600.086415052414, 0.7952988, 1.670095, 1705.34
1602.0865142345428, 0.7952935, 1.670088, 1705.233
1604.08660030365, 0.7952912, 1.67008, 1705.136
1606.0867030620575, 0.795288, 1.670074, 1705.082
1608.086801290512, 0.7952855, 1.670071, 1704.998
1610.0869052410126, 0.7952856, 1.670067, 1705.022
1612.0870044231415, 0.7952836, 1.67006, 1705.096
1614.087096452713, 0.7952808, 1.670057, 1705.101
1616.0871980190277, 0.7952783, 1.67005, 1705.111
1618.0873038768768, 0.7952762, 1.670045, 1704.979
1620.087406873703, 0.7952752, 1.670048, 1704.85
1622.0874903202057, 0.7952736, 1.670049, 1704.707
1624.0875985622406, 0.7952678, 1.670029, 1704.595
1626.0877401828766, 0.7952672, 1.670028, 1704.605
1628.0878415107727, 0.7952653, 1.670023, 1704.669
1630.087972164154, 0.7952657, 1.670022, 1704.652
1632.0880861282349, 0.795265, 1.670023, 1704.627
1634.0881705284119, 0.7952598, 1.670022, 1704.615
1636.088300228119, 0.7952607, 1.670015, 1704.589
1638.0884006023407, 0.7952604, 1.670011, 1704.608
1640.0884799957275, 0.795257, 1.67, 1704.64
1642.0885813236237, 0.7952545, 1.670005, 1704.551
1644.0886733531952, 0.7952518, 1.669996, 1704.486
1646.0887746810913, 0.7952474, 1.66999, 1704.463
1648.08886885643, 0.7952412, 1.66998, 1704.454
1650.0889620780945, 0.7952388, 1.669974, 1704.422
1652.0890645980835, 0.7952384, 1.669966, 1704.331
1654.0891683101654, 0.7952361, 1.66996, 1704.131
1656.0892713069916, 0.7952331, 1.669958, 1703.871
1658.0893533229828, 0.7952339, 1.669947, 1703.753
1660.0894558429718, 0.7952295, 1.669947, 1703.69
1662.0895495414734, 0.7952271, 1.669946, 1703.645
1664.089685678482, 0.7952261, 1.669943, 1703.681
1666.0897870063782, 0.7952303, 1.669943, 1703.781
1668.0898706912994, 0.7952316, 1.669945, 1703.891
1670.0900042057037, 0.7952266, 1.669947, 1703.876
1672.090106010437, 0.795222, 1.669935, 1703.872
1674.0902347564697, 0.7952188, 1.669933, 1703.92
1676.0903177261353, 0.7952169, 1.66992, 1703.816
1678.09042096138, 0.7952151, 1.669924, 1703.699
1680.090502500534, 0.7952108, 1.669908, 1703.514
1682.0906057357788, 0.7952033, 1.669898, 1703.353
1684.0906999111176, 0.7952001, 1.669897, 1703.186
1686.090782880783, 0.7951988, 1.669888, 1703.1
1688.090888261795, 0.7951976, 1.669879, 1703.024
1690.091025352478, 0.7951921, 1.669866, 1702.934
1692.0911619663239, 0.7951889, 1.669866, 1702.894
1694.0912420749664, 0.7951837, 1.669851, 1702.816
1696.091373205185, 0.7951832, 1.669855, 1702.744
1698.0914771556854, 0.7951856, 1.669859, 1702.708
1700.091612815857, 0.7951799, 1.66985, 1702.675
1702.0916991233826, 0.7951846, 1.669856, 1702.73
1704.0917789936066, 0.7951872, 1.669865, 1702.862
1706.0918638706207, 0.7951893, 1.669872, 1702.913
1708.091964483261, 0.7951853, 1.66986, 1702.896
1710.0920541286469, 0.795184, 1.669855, 1702.86
1712.0921411514282, 0.7951816, 1.66985, 1702.747
1714.0922801494598, 0.7951778, 1.669847, 1702.665
1716.09237074852, 0.7951745, 1.669825, 1702.556
1718.09246301651, 0.7951694, 1.669827, 1702.457
1720.0925588607788, 0.7951661, 1.669818, 1702.341
1722.0926434993744, 0.7951645, 1.669808, 1702.284
1724.092782497406, 0.7951645, 1.669812, 1702.277
1726.0929162502289, 0.7951611, 1.669797, 1702.23
1728.0930523872375, 0.7951584, 1.669796, 1702.19
1730.093148469925, 0.7951511, 1.66979, 1702.148
1732.093266248703, 0.7951513, 1.669787, 1702.125
1734.0933995246887, 0.79515, 1.669782, 1702.029
1736.0934953689575, 0.7951493, 1.669777, 1701.938
1738.0935871601105, 0.7951426, 1.66978, 1701.866
1740.0936877727509, 0.7951385, 1.669754, 1701.64
1742.0938329696655, 0.7951366, 1.669754, 1701.559
1744.0939719676971, 0.7951366, 1.669746, 1701.546
1746.0941095352173, 0.7951316, 1.66975, 1701.449
1748.094205379486, 0.7951279, 1.669745, 1701.335
1750.0943064689636, 0.7951269, 1.66973, 1701.247
1752.094407081604, 0.795122, 1.669724, 1701.219
1754.0945041179657, 0.7951171, 1.669718, 1701.171
1756.0946068763733, 0.7951124, 1.669702, 1701.095
1758.0947096347809, 0.7951119, 1.6697, 1701.044
1760.094841003418, 0.7951076, 1.669695, 1701.083
1762.0949432849884, 0.7951103, 1.669698, 1701.055
1764.0950772762299, 0.7951082, 1.669696, 1701.101
1766.0951681137085, 0.7951103, 1.669695, 1701.146
1768.095279932022, 0.7951128, 1.669706, 1701.202
1770.0953998565674, 0.7951182, 1.669721, 1701.249
1772.0954976081848, 0.795119, 1.669716, 1701.356
1774.0956091880798, 0.7951199, 1.669714, 1701.259
1776.095694065094, 0.7951154, 1.669715, 1701.212
1778.095784187317, 0.7951099, 1.669693, 1701.102
1780.0958681106567, 0.7951052, 1.669681, 1700.943
1782.0959763526917, 0.7950988, 1.669676, 1700.756
1784.0960800647736, 0.7950958, 1.669671, 1700.565
1786.0962116718292, 0.7950923, 1.669658, 1700.456
1788.0963473320007, 0.7950897, 1.669659, 1700.436
1790.096450805664, 0.7950885, 1.669648, 1700.398
1792.0965402126312, 0.795086, 1.66965, 1700.379
1794.096640586853, 0.7950822, 1.669642, 1700.383
1796.096743106842, 0.7950807, 1.669636, 1700.309
1798.0968339443207, 0.795076, 1.669627, 1700.184
1800.096939086914, 0.7950757, 1.669617, 1700.081
1802.0970342159271, 0.7950749, 1.669626, 1700.058
1804.0971417427063, 0.7950724, 1.669615, 1699.996
1806.097277879715, 0.7950702, 1.669607, 1700.035
1808.0973858833313, 0.7950661, 1.669601, 1699.985
1810.097495317459, 0.7950614, 1.669601, 1699.929
1812.0976295471191, 0.7950563, 1.669582, 1699.818
1814.0977313518524, 0.7950537, 1.669575, 1699.735
1816.0978662967682, 0.7950512, 1.669569, 1699.65
1818.0979969501495, 0.7950469, 1.669571, 1699.645
1820.0980777740479, 0.7950489, 1.669574, 1699.626
1822.098159313202, 0.7950482, 1.669573, 1699.585
1824.0982611179352, 0.7950469, 1.669571, 1699.554
1826.0983576774597, 0.7950478, 1.669567, 1699.52
1828.098464012146, 0.795046, 1.669567, 1699.533
1830.0986022949219, 0.795046, 1.669563, 1699.529
1832.0986959934235, 0.7950416, 1.669548, 1699.493
1834.0988285541534, 0.7950425, 1.66955, 1699.402
1836.0989315509796, 0.79504, 1.669556, 1699.46
1838.0990147590637, 0.7950438, 1.66955, 1699.501
1840.099101305008, 0.7950444, 1.669559, 1699.567
1842.0992352962494, 0.795045, 1.66956, 1699.694
1844.09934258461, 0.7950444, 1.669565, 1699.747
1846.099445104599, 0.7950409, 1.669556, 1699.709
1848.0995461940765, 0.7950388, 1.669545, 1699.628
1850.0996882915497, 0.7950339, 1.669536, 1699.586
1852.0997941493988, 0.7950345, 1.669534, 1699.46
1854.0999314785004, 0.7950344, 1.669539, 1699.458
1856.1000113487244, 0.7950327, 1.66953, 1699.373
1858.1001133918762, 0.7950282, 1.669518, 1699.248
1860.100216627121, 0.7950284, 1.669526, 1699.249
1862.1003203392029, 0.7950323, 1.669536, 1699.234
1864.1004140377045, 0.7950294, 1.669524, 1699.308
1866.1005146503448, 0.7950295, 1.669531, 1699.354
1868.1006062030792, 0.7950292, 1.66953, 1699.288
1870.100709438324, 0.7950283, 1.669524, 1699.321
1872.1008110046387, 0.7950253, 1.669521, 1699.339
1874.1008884906769, 0.7950202, 1.669512, 1699.386
1876.1009783744812, 0.7950211, 1.669507, 1699.421
1878.101112127304, 0.7950213, 1.669503, 1699.282
1880.1012053489685, 0.7950202, 1.669506, 1699.116
1882.1013412475586, 0.7950147, 1.669496, 1698.901
1884.1014404296875, 0.7950075, 1.669491, 1698.71
1886.1015803813934, 0.7950061, 1.669481, 1698.645
1888.1016914844513, 0.7950048, 1.669471, 1698.624
1890.1017954349518, 0.7950011, 1.669478, 1698.507
1892.1018719673157, 0.7950029, 1.669477, 1698.422
1894.1019620895386, 0.7950029, 1.669474, 1698.413
1896.1020467281342, 0.7949983, 1.669462, 1698.429
1898.1021564006805, 0.7949944, 1.669459, 1698.378
1900.1022572517395, 0.7949961, 1.669464, 1698.285
1902.1023409366608, 0.7949949, 1.669465, 1698.207
1904.1024401187897, 0.7949911, 1.669455, 1698.187
1906.1025302410126, 0.794993, 1.669451, 1698.257
1908.1026213169098, 0.794984, 1.669435, 1698.262
1910.102709054947, 0.7949814, 1.669433, 1698.177
1912.102795600891, 0.7949796, 1.669433, 1698.066
1914.102881193161, 0.7949768, 1.669421, 1698.032
1916.1029782295227, 0.7949746, 1.669412, 1698.068
1918.1030654907227, 0.7949786, 1.66942, 1698.101
1920.1031634807587, 0.7949833, 1.66944, 1698.256
1922.1032524108887, 0.7949873, 1.669435, 1698.431
1924.1033508777618, 0.7949892, 1.669443, 1698.554
1926.1034877300262, 0.794984, 1.669436, 1698.588
1928.1035752296448, 0.7949834, 1.669429, 1698.403
1930.1036624908447, 0.7949765, 1.669422, 1698.319
1932.1037595272064, 0.7949758, 1.669415, 1698.175
1934.1038546562195, 0.7949685, 1.669408, 1698.008
1936.1039879322052, 0.794963, 1.669387, 1697.898
1938.1040725708008, 0.7949595, 1.669388, 1697.769
1940.1042075157166, 0.7949574, 1.669377, 1697.678
1942.104308605194, 0.7949529, 1.669372, 1697.53
1944.104410648346, 0.7949467, 1.669357, 1697.426
1946.10448884964, 0.7949464, 1.669352, 1697.449
1948.1045923233032, 0.7949418, 1.66935, 1697.399
1950.104694366455, 0.7949421, 1.669345, 1697.221
1952.1047883033752, 0.7949384, 1.669345, 1697.048
1954.1048805713654, 0.7949349, 1.669335, 1696.96
1956.104974269867, 0.7949339, 1.669326, 1696.947
1958.1050717830658, 0.7949305, 1.669326, 1696.951
1960.1051571369171, 0.7949284, 1.669314, 1696.915
1962.1052432060242, 0.7949252, 1.66931, 1696.803
1964.1053349971771, 0.7949182, 1.6693, 1696.694
1966.10542678833, 0.7949148, 1.669298, 1696.646
1968.1055603027344, 0.7949163, 1.669289, 1696.597
1970.1056604385376, 0.7949121, 1.669292, 1696.577
1972.1057572364807, 0.7949148, 1.669282, 1696.515
1974.1058883666992, 0.7949124, 1.669289, 1696.48
1976.1059901714325, 0.7949114, 1.669285, 1696.362
1978.1060914993286, 0.7949077, 1.669272, 1696.321
1980.1062331199646, 0.7949054, 1.669275, 1696.448
1982.1063115596771, 0.7949035, 1.669256, 1696.376
1984.1064128875732, 0.7948983, 1.669257, 1696.298
1986.1064982414246, 0.7948993, 1.669257, 1696.218
1988.1065826416016, 0.7949005, 1.669253, 1696.221
1990.1067163944244, 0.7948976, 1.669253, 1696.216
1992.1068003177643, 0.7949, 1.669266, 1696.18
1994.1069023609161, 0.7948971, 1.669254, 1696.154
1996.1069865226746, 0.7948959, 1.66925, 1696.199
1998.1070733070374, 0.7948892, 1.669237, 1696.068
2000.1071543693542, 0.7948887, 1.669231, 1695.988
2002.1072888374329, 0.7948866, 1.669228, 1695.858
2004.1073806285858, 0.7948836, 1.669227, 1695.789
2006.1074831485748, 0.7948855, 1.669226, 1695.727
2008.1076173782349, 0.7948806, 1.669212, 1695.717
2010.1077649593353, 0.7948787, 1.66921, 1695.744
2012.1078991889954, 0.7948749, 1.669208, 1695.657
2014.1079833507538, 0.7948712, 1.669201, 1695.565
2016.1080722808838, 0.7948708, 1.669197, 1695.474
2018.1081540584564, 0.7948644, 1.66919, 1695.499
2020.1082844734192, 0.7948677, 1.669196, 1695.604
2022.1083869934082, 0.7948688, 1.669192, 1695.692
2024.108484506607, 0.7948656, 1.66918, 1695.733
2026.1085720062256, 0.7948661, 1.669181, 1695.618
2028.108675956726, 0.794867, 1.669183, 1695.612
2030.1087718009949, 0.794862, 1.66918, 1695.424
2032.1088647842407, 0.7948608, 1.669176, 1695.301
2034.1089985370636, 0.7948568, 1.669172, 1695.284
2036.1090879440308, 0.7948574, 1.66917, 1695.259
2038.1092240810394, 0.794855, 1.66916, 1695.205
2040.109356880188, 0.7948542, 1.669162, 1695.162
2042.1094622612, 0.7948501, 1.669158, 1695.168
2044.1095678806305, 0.7948541, 1.669164, 1695.146
2046.109679222107, 0.7948571, 1.669171, 1695.204
2048.1097848415375, 0.794854, 1.669163, 1695.141
2050.10991358757, 0.7948545, 1.669166, 1695.071
2052.11004781723, 0.7948513, 1.669154, 1695.009
2054.1101274490356, 0.7948464, 1.669149, 1694.991
2056.1102283000946, 0.7948459, 1.669143, 1694.945
2058.1103386878967, 0.79484, 1.669137, 1694.942
2060.1104674339294, 0.7948388, 1.669126, 1694.941
2062.1105523109436, 0.794835, 1.669118, 1694.861
2064.11065530777, 0.7948338, 1.669117, 1694.812
2066.110744714737, 0.794831, 1.669117, 1694.797
2068.110840320587, 0.7948295, 1.669116, 1694.82
2070.1109471321106, 0.7948305, 1.669117, 1694.786
2072.1110384464264, 0.7948382, 1.669123, 1694.729
2074.1111426353455, 0.794836, 1.669126, 1694.798
2076.11123251915, 0.7948343, 1.669123, 1694.945
2078.111338376999, 0.7948337, 1.669116, 1695.056
2080.1114361286163, 0.7948367, 1.669129, 1695.029
2082.111542224884, 0.7948375, 1.669127, 1695.064
2084.1116778850555, 0.7948386, 1.669122, 1695.177
2086.111781358719, 0.7948403, 1.669128, 1694.991
2088.111884355545, 0.794839, 1.669129, 1694.796
2090.1119635105133, 0.7948353, 1.669122, 1694.65
2092.112050294876, 0.7948304, 1.66911, 1694.618
2094.1121542453766, 0.7948291, 1.669104, 1694.52
2096.1122579574585, 0.7948241, 1.669097, 1694.331
2098.1123609542847, 0.7948191, 1.669087, 1694.237
2100.1124637126923, 0.7948166, 1.669076, 1694.167
2102.11256480217, 0.7948119, 1.669076, 1694.149
2104.1126701831818, 0.7948095, 1.669069, 1694.028
2106.112775325775, 0.7948049, 1.669053, 1693.945
2108.1128561496735, 0.794799, 1.669053, 1693.837
2110.112956762314, 0.7947959, 1.669043, 1693.751
2112.1130607128143, 0.7947926, 1.669028, 1693.669
2114.113163471222, 0.7947896, 1.669018, 1693.475
2116.113263607025, 0.7947811, 1.669004, 1693.397
2118.1133675575256, 0.7947793, 1.668996, 1693.329
2120.113469839096, 0.7947735, 1.668989, 1693.255
2122.1135742664337, 0.794772, 1.668984, 1693.185
2124.113678216934, 0.7947666, 1.668986, 1693.088
2126.1137681007385, 0.7947669, 1.668973, 1693.041
2128.1138503551483, 0.7947646, 1.668969, 1693.048
2130.1139595508575, 0.7947612, 1.668965, 1693.052
2132.1140625476837, 0.7947602, 1.668959, 1692.991
2134.114202976227, 0.7947531, 1.668953, 1692.904
2136.1143014431, 0.7947542, 1.668954, 1692.784
2138.1143968105316, 0.7947565, 1.668948, 1692.786
2140.114518404007, 0.7947523, 1.66894, 1692.737
2142.1146504879, 0.7947504, 1.668945, 1692.669
2144.114734172821, 0.7947481, 1.668937, 1692.652
2146.114824295044, 0.7947434, 1.668922, 1692.572
2148.114964723587, 0.7947426, 1.668924, 1692.511
2150.115066766739, 0.79474, 1.668925, 1692.474
2152.115156173706, 0.7947406, 1.668915, 1692.476
2154.115240573883, 0.7947379, 1.668916, 1692.565
2156.115338563919, 0.7947389, 1.668917, 1692.547
2158.115443468094, 0.7947367, 1.668915, 1692.362
2160.11554646492, 0.7947358, 1.668907, 1692.275
2162.1156520843506, 0.7947319, 1.668905, 1692.237
2164.115739107132, 0.794728, 1.668894, 1692.233
2166.115827560425, 0.7947288, 1.668891, 1692.221
2168.1159253120422, 0.7947261, 1.668897, 1692.301
2170.1160361766815, 0.7947255, 1.668888, 1692.43
2172.1161403656006, 0.7947261, 1.668892, 1692.499
2174.116245508194, 0.7947252, 1.668893, 1692.557
2176.116334438324, 0.7947308, 1.668898, 1692.577
2178.116438627243, 0.794727, 1.668902, 1692.508
2180.11652803421, 0.7947295, 1.668909, 1692.562
2182.1166429519653, 0.7947267, 1.668899, 1692.605
2184.116763353348, 0.7947263, 1.668896, 1692.482
2186.11687374115, 0.7947238, 1.668892, 1692.386
2188.1169788837433, 0.7947205, 1.668885, 1692.241
2190.1171176433563, 0.7947201, 1.66887, 1692.108
2192.117219209671, 0.7947133, 1.668868, 1691.995
2194.1173119544983, 0.7947111, 1.66886, 1691.898
2196.1174459457397, 0.7947041, 1.668851, 1691.773
2198.1175339221954, 0.7947024, 1.668841, 1691.707
2200.1176211833954, 0.7946973, 1.668835, 1691.603
2202.1177310943604, 0.7946945, 1.668828, 1691.484
2204.1178708076477, 0.7946916, 1.668818, 1691.393
2206.1180124282837, 0.7946882, 1.668815, 1691.341
2208.118144750595, 0.7946859, 1.668812, 1691.237
2210.1182453632355, 0.7946811, 1.668806, 1691.226
2212.1183309555054, 0.7946834, 1.668808, 1691.205
2214.1184334754944, 0.7946908, 1.668821, 1691.253
2216.1185178756714, 0.7946897, 1.668819, 1691.311
2218.1186530590057, 0.79469, 1.668817, 1691.352
2220.1187555789948, 0.7946921, 1.668813, 1691.274
2222.1188542842865, 0.7946914, 1.668819, 1691.252
2224.118991613388, 0.7946932, 1.668825, 1691.245
2226.1190886497498, 0.7946926, 1.668824, 1691.254
2228.1192264556885, 0.7946935, 1.668826, 1691.352
2230.119359731674, 0.794694, 1.66882, 1691.357
2232.1194660663605, 0.7946887, 1.668805, 1691.288
2234.1195566654205, 0.7946848, 1.668808, 1691.178
2236.119701385498, 0.7946833, 1.6688, 1691.143
2238.1198370456696, 0.7946805, 1.668797, 1691.179
2240.1199426651, 0.7946775, 1.668793, 1691.233
2242.120048046112, 0.7946776, 1.668795, 1691.264
2244.1201462745667, 0.7946805, 1.6688, 1691.251
2246.1202788352966, 0.7946783, 1.66879, 1691.181
2248.120361328125, 0.794676, 1.668783, 1691.15
2250.1204624176025, 0.7946708, 1.668779, 1691.103
2252.120542526245, 0.7946697, 1.66878, 1691.044
2254.1206233501434, 0.794666, 1.668774, 1690.949
2256.1207571029663, 0.7946629, 1.668759, 1690.876
2258.120864391327, 0.7946572, 1.668743, 1690.775
2260.1209666728973, 0.7946519, 1.668739, 1690.693
2262.1210379600525, 0.7946491, 1.668732, 1690.61
2264.1211338043213, 0.7946475, 1.668722, 1690.584
2266.1212255954742, 0.7946439, 1.668719, 1690.485
2268.1213648319244, 0.7946414, 1.668721, 1690.394
2270.121443748474, 0.7946392, 1.668712, 1690.236
2272.1215405464172, 0.794634, 1.668693, 1690.112
2274.1216790676117, 0.7946289, 1.668687, 1690.007
2276.1217823028564, 0.7946271, 1.668685, 1689.92
2278.1219160556793, 0.7946199, 1.668673, 1689.843
2280.122009754181, 0.7946203, 1.668672, 1689.78
2282.122120141983, 0.7946164, 1.668667, 1689.746
2284.122218847275, 0.7946182, 1.668663, 1689.624
2286.1223528385162, 0.794616, 1.66866, 1689.565
2288.1224405765533, 0.7946169, 1.668663, 1689.57
2290.1225752830505, 0.7946178, 1.668668, 1689.681
2292.122718811035, 0.7946169, 1.668663, 1689.739
2294.122849702835, 0.7946143, 1.668661, 1689.715
2296.122982978821, 0.7946144, 1.668669, 1689.724
2298.123118162155, 0.7946184, 1.668669, 1689.755
2300.123209953308, 0.7946208, 1.668669, 1689.822
2302.123349905014, 0.7946237, 1.668676, 1689.812
2304.123456478119, 0.7946241, 1.668681, 1689.846
2306.1235406398773, 0.7946231, 1.668673, 1689.892
2308.123705148697, 0.7946192, 1.668673, 1689.822
2310.1237943172455, 0.7946157, 1.668668, 1689.861
2312.123902320862, 0.7946167, 1.668673, 1689.88
2314.1239864826202, 0.7946225, 1.66868, 1689.888
2316.124086856842, 0.7946207, 1.668682, 1689.908
2318.1241903305054, 0.7946237, 1.668681, 1689.973
2320.1242945194244, 0.7946232, 1.668682, 1690.025
2322.1244010925293, 0.7946203, 1.668674, 1690.057
2324.124485731125, 0.7946201, 1.668674, 1690.16
2326.1245844364166, 0.7946192, 1.668664, 1690.216
2328.124702692032, 0.7946143, 1.668662, 1690.177
2330.1247997283936, 0.7946137, 1.668656, 1690.147
2332.124890089035, 0.7946125, 1.668652, 1690.067
2334.1249747276306, 0.794613, 1.668652, 1690.044
2336.1250574588776, 0.794614, 1.668659, 1689.992
2338.1251633167267, 0.7946191, 1.668665, 1689.93
2340.125308036804, 0.7946201, 1.66867, 1689.895
2342.1253955364227, 0.7946245, 1.66868, 1689.862
2344.1255004405975, 0.7946205, 1.66867, 1689.849
2346.125627040863, 0.7946173, 1.668668, 1689.724
2348.1257627010345, 0.7946159, 1.668659, 1689.663
2350.125867843628, 0.7946161, 1.668655, 1689.64
2352.125972509384, 0.7946125, 1.668655, 1689.624
2354.1260771751404, 0.7946102, 1.668649, 1689.487
2356.126213312149, 0.7946089, 1.668645, 1689.395
2358.126316308975, 0.7946028, 1.66864, 1689.36
2360.1264474391937, 0.7946013, 1.668633, 1689.419
2362.126543045044, 0.7945974, 1.668627, 1689.36
2364.126624107361, 0.7945915, 1.668615, 1689.293
2366.1267285346985, 0.7945906, 1.66861, 1689.229
2368.1268248558044, 0.7945893, 1.668614, 1689.174
2370.1269121170044, 0.7945904, 1.668611, 1689.105
2372.1270155906677, 0.794589, 1.668606, 1688.965
2374.127119779587, 0.7945883, 1.668595, 1688.939
2376.127221107483, 0.7945853, 1.668604, 1688.965
2378.127304315567, 0.7945869, 1.668604, 1688.987
2380.127410888672, 0.7945852, 1.668601, 1688.988
2382.1275131702423, 0.7945821, 1.668587, 1688.852
2384.1276063919067, 0.7945794, 1.668585, 1688.714
2386.1277091503143, 0.7945766, 1.668573, 1688.633
2388.1277992725372, 0.7945703, 1.668566, 1688.504
2390.1279006004333, 0.7945679, 1.668563, 1688.422
2392.128002166748, 0.7945637, 1.66855, 1688.408
2394.1281521320343, 0.7945621, 1.668542, 1688.367
2396.1282324790955, 0.794562, 1.668549, 1688.373
2398.128340959549, 0.7945617, 1.668546, 1688.322
2400.1284692287445, 0.7945586, 1.668539, 1688.297
2402.1286101341248, 0.7945555, 1.668537, 1688.338
2404.1287422180176, 0.7945592, 1.668543, 1688.299
2406.128844499588, 0.79456, 1.668543, 1688.305
2408.128940343857, 0.7945579, 1.668534, 1688.373
2410.1290757656097, 0.7945555, 1.668535, 1688.403
2412.1292130947113, 0.7945582, 1.668545, 1688.356
2414.129323244095, 0.7945616, 1.668548, 1688.366
2416.129459619522, 0.7945596, 1.668544, 1688.373
2418.1295709609985, 0.7945594, 1.668538, 1688.24
2420.1296694278717, 0.7945611, 1.668547, 1688.396
2422.1297719478607, 0.794562, 1.66855, 1688.538
2424.129907608032, 0.7945567, 1.668542, 1688.686
2426.129990339279, 0.7945578, 1.668542, 1688.688
2428.1300950050354, 0.7945554, 1.668532, 1688.599
2430.1301970481873, 0.7945527, 1.668528, 1688.439
2432.1302835941315, 0.7945511, 1.668526, 1688.252
2434.1303758621216, 0.7945511, 1.668525, 1688.158
2436.1304762363434, 0.794551, 1.668525, 1688.134
2438.1305627822876, 0.7945456, 1.668515, 1688.136
2440.130660057068, 0.7945436, 1.668508, 1688.143
2442.130782842636, 0.7945426, 1.668509, 1688.142
2444.1308839321136, 0.7945438, 1.668509, 1688.101
2446.130987882614, 0.7945426, 1.668507, 1687.996
2448.131083011627, 0.7945407, 1.668497, 1687.89
2450.1311626434326, 0.7945384, 1.668505, 1687.927
2452.131261110306, 0.7945382, 1.668501, 1688.045
2454.131368637085, 0.7945399, 1.668508, 1688.055
2456.1314730644226, 0.7945464, 1.668519, 1688.058
2458.1315853595734, 0.7945471, 1.668516, 1688.073
2460.131701231003, 0.7945462, 1.66852, 1688.058
2462.131806373596, 0.7945454, 1.66852, 1688.079
2464.131910085678, 0.7945479, 1.668522, 1688.115
2466.1320226192474, 0.794546, 1.66852, 1688.036
2468.1321592330933, 0.7945446, 1.668519, 1688.155
2470.132294654846, 0.7945446, 1.668511, 1688.214
2472.1323726177216, 0.7945436, 1.668512, 1688.169
2474.1324734687805, 0.7945432, 1.668512, 1688.076
2476.1325731277466, 0.7945433, 1.668509, 1688.028
2478.1326837539673, 0.7945403, 1.668497, 1687.912
2480.132785797119, 0.7945397, 1.668493, 1687.878
2482.132872104645, 0.7945361, 1.6685, 1687.982
2484.132959127426, 0.7945395, 1.668498, 1688.024
2486.1330609321594, 0.7945367, 1.668497, 1687.964
2488.1331963539124, 0.7945342, 1.668494, 1687.831
2490.133284807205, 0.7945313, 1.668484, 1687.719
2492.133383512497, 0.794526, 1.66848, 1687.702
2494.133483171463, 0.7945243, 1.668474, 1687.801
2496.1335701942444, 0.794526, 1.668468, 1687.846
2498.1336798667908, 0.7945224, 1.668471, 1687.711
2500.1337780952454, 0.7945262, 1.668476, 1687.67
2502.133858203888, 0.7945269, 1.668476, 1687.614
2504.1339371204376, 0.7945266, 1.668476, 1687.623
2506.134042263031, 0.7945271, 1.668472, 1687.637
2508.1341741085052, 0.7945269, 1.668479, 1687.675
2510.134264945984, 0.7945254, 1.66847, 1687.65
2512.134352207184, 0.7945222, 1.668471, 1687.625
2514.1344883441925, 0.7945256, 1.668463, 1687.582
2516.1349318027496, 0.794526, 1.66848, 1687.608
2518.1350259780884, 0.7945281, 1.668478, 1687.58
2520.1351146698, 0.7945278, 1.668477, 1687.574
2522.1352031230927, 0.7945245, 1.668468, 1687.493
2524.1352915763855, 0.7945259, 1.668472, 1687.386
2526.135377407074, 0.7945201, 1.668468, 1687.346
2528.135461330414, 0.7945197, 1.66846, 1687.341
2530.135563135147, 0.7945144, 1.668452, 1687.36
2532.135668992996, 0.7945113, 1.668448, 1687.49
2534.135774374008, 0.7945127, 1.668453, 1687.513
2536.1358580589294, 0.7945145, 1.668443, 1687.416
2538.1359605789185, 0.7945092, 1.668434, 1687.31
2540.136043071747, 0.7945069, 1.668422, 1687.134
2542.1361775398254, 0.7945049, 1.668432, 1687.122
2544.1362657546997, 0.794506, 1.668434, 1687.397
2546.136396884918, 0.7945046, 1.668427, 1687.395
2548.136500597, 0.7945012, 1.668428, 1687.313
2550.1365990638733, 0.7945014, 1.668423, 1687.119
2552.1367058753967, 0.794502, 1.668422, 1686.995
2554.136818885803, 0.7944974, 1.668421, 1686.931
2556.1369647979736, 0.7944937, 1.668409, 1686.868
2558.137050628662, 0.7944953, 1.668403, 1686.883
2560.1371829509735, 0.7944884, 1.668392, 1686.922
2562.137289047241, 0.794486, 1.668391, 1686.948
2564.137419462204, 0.7944876, 1.668393, 1687.025
2566.137529850006, 0.7944871, 1.668384, 1686.952
2568.1376242637634, 0.7944822, 1.668392, 1686.861
2570.1377260684967, 0.7944859, 1.66839, 1686.883
2572.1378309726715, 0.7944794, 1.668373, 1686.827
2574.1379351615906, 0.7944793, 1.668375, 1686.775
2576.138018131256, 0.7944778, 1.668373, 1686.708
2578.138111591339, 0.7944734, 1.668358, 1686.54
2580.1382672786713, 0.79447, 1.668359, 1686.327
2582.1383740901947, 0.7944694, 1.668354, 1686.353
2584.138477087021, 0.7944697, 1.668353, 1686.401
2586.138564348221, 0.7944707, 1.668362, 1686.45
2588.1386482715607, 0.7944708, 1.668355, 1686.411
2590.138782262802, 0.7944711, 1.668352, 1686.488
2592.1388733386993, 0.7944734, 1.668359, 1686.532
2594.1389770507812, 0.7944748, 1.66836, 1686.604
2596.1390743255615, 0.7944782, 1.668371, 1686.531
2598.139160633087, 0.7944782, 1.668378, 1686.501
2600.1392710208893, 0.7944806, 1.668377, 1686.524
2602.13937664032, 0.7944791, 1.668369, 1686.566
2604.139529943466, 0.7944714, 1.668363, 1686.53
2606.1396157741547, 0.7944686, 1.668356, 1686.493
2608.1397042274475, 0.794463, 1.668342, 1686.354
2610.13982462883, 0.7944561, 1.66833, 1686.202
2612.1399099826813, 0.7944497, 1.668316, 1686.143
2614.1400532722473, 0.794447, 1.668314, 1686.204
2616.1401426792145, 0.7944492, 1.668315, 1686.114
2618.1402349472046, 0.7944521, 1.668322, 1686.014
2620.140332698822, 0.7944556, 1.668321, 1685.925
2622.140424013138, 0.7944577, 1.668331, 1685.967
2624.1405193805695, 0.7944557, 1.668325, 1686.119
2626.1406400203705, 0.7944543, 1.668325, 1686.116
2628.1407861709595, 0.7944567, 1.668326, 1685.965
2630.140925168991, 0.7944539, 1.668322, 1685.895
2632.141030550003, 0.7944528, 1.668322, 1685.937
2634.1411197185516, 0.7944546, 1.668327, 1686.009
2636.1412184238434, 0.7944553, 1.668329, 1685.951
2638.141343832016, 0.7944525, 1.668323, 1685.922
2640.141429424286, 0.7944543, 1.66832, 1685.908
2642.1415317058563, 0.7944498, 1.668312, 1685.87
2644.1416416168213, 0.7944463, 1.668312, 1685.812
2646.141754627228, 0.7944498, 1.668309, 1685.722
2648.141857147217, 0.7944462, 1.668309, 1685.703
2650.1419942379, 0.7944436, 1.668299, 1685.828
2652.1420950889587, 0.7944378, 1.668288, 1685.723
2654.1422007083893, 0.7944329, 1.668281, 1685.63
2656.1423065662384, 0.7944304, 1.66828, 1685.54
2658.1424057483673, 0.7944319, 1.668275, 1685.512
2660.1425092220306, 0.7944285, 1.668272, 1685.504
2662.1426124572754, 0.794429, 1.668267, 1685.386
2664.1427478790283, 0.7944254, 1.668261, 1685.255
2666.1428484916687, 0.7944208, 1.668257, 1685.226
2668.1429500579834, 0.79442, 1.668252, 1685.217
2670.1430881023407, 0.7944174, 1.66824, 1685.22
2672.1431922912598, 0.7944165, 1.668244, 1685.251
2674.1432750225067, 0.7944184, 1.668245, 1685.195
2676.1433775424957, 0.7944124, 1.668239, 1685.018
2678.143476963043, 0.794409, 1.668225, 1684.914
2680.143579483032, 0.7944067, 1.668221, 1684.847
2682.143676519394, 0.7944027, 1.668218, 1684.724
2684.1437616348267, 0.7944026, 1.668206, 1684.666
2686.143850326538, 0.7944008, 1.668211, 1684.673
2688.143949508667, 0.7943977, 1.668205, 1684.685
2690.1440873146057, 0.7943962, 1.668201, 1684.552
2692.1441984176636, 0.7943969, 1.668196, 1684.459
2694.1443345546722, 0.7943923, 1.668194, 1684.551
2696.1444420814514, 0.794391, 1.668193, 1684.632
2698.1445438861847, 0.7943881, 1.668194, 1684.598
2700.1446969509125, 0.7943835, 1.668171, 1684.435
2702.144788980484, 0.7943805, 1.668164, 1684.333
2704.1449389457703, 0.7943755, 1.668158, 1684.25
2706.1450328826904, 0.7943752, 1.668158, 1684.213
2708.1451313495636, 0.7943741, 1.668159, 1684.177
2710.1452329158783, 0.7943736, 1.668162, 1684.292
2712.14536857605, 0.7943796, 1.668153, 1684.267
2714.145470380783, 0.7943807, 1.66817, 1684.237
2716.1456015110016, 0.7943771, 1.668166, 1684.203
2718.1457130908966, 0.7943813, 1.668173, 1684.213
2720.1458179950714, 0.7943813, 1.668168, 1684.207
2722.1459259986877, 0.7943789, 1.668156, 1684.2
2724.1460378170013, 0.7943744, 1.668156, 1684.219
2726.1461746692657, 0.7943689, 1.668144, 1684.14
2728.1462683677673, 0.7943674, 1.668144, 1684.048
2730.1463708877563, 0.7943658, 1.668142, 1684.025
2732.146507501602, 0.7943683, 1.668142, 1684.031
2734.146591424942, 0.7943738, 1.668153, 1684.054
2736.1467077732086, 0.7943693, 1.668149, 1684.066
2738.146792411804, 0.7943693, 1.668144, 1684.054
2740.1468982696533, 0.7943674, 1.668147, 1684.139
2742.146994829178, 0.7943707, 1.668148, 1684.31
2744.1470997333527, 0.7943648, 1.668143, 1684.442
2746.1471898555756, 0.7943685, 1.668143, 1684.465
2748.14728975296, 0.7943713, 1.668148, 1684.449
2750.147392988205, 0.7943699, 1.668149, 1684.399
2752.1474924087524, 0.7943702, 1.668152, 1684.291
2754.147593975067, 0.7943699, 1.668146, 1684.209
2756.1476817131042, 0.7943695, 1.668147, 1684.141
2758.1477706432343, 0.7943659, 1.668132, 1684.132
2760.147872686386, 0.7943652, 1.668128, 1683.972
2762.147960662842, 0.7943615, 1.668123, 1683.845
2764.148102760315, 0.7943566, 1.668124, 1683.771
2766.1482059955597, 0.7943525, 1.668111, 1683.72
2768.14829826355, 0.7943496, 1.668098, 1683.589
2770.1483821868896, 0.7943453, 1.668094, 1683.516
2772.1484711170197, 0.7943427, 1.668098, 1683.492
2774.1485648155212, 0.7943427, 1.668096, 1683.513
2776.148659467697, 0.7943437, 1.668086, 1683.458
2778.1487967967987, 0.7943415, 1.668087, 1683.452
2780.148895263672, 0.7943376, 1.668075, 1683.422
2782.1490325927734, 0.7943336, 1.668066, 1683.366
2784.1491706371307, 0.7943298, 1.668065, 1683.367
2786.149305343628, 0.7943304, 1.668067, 1683.351
2788.149446249008, 0.7943348, 1.66807, 1683.28
2790.1495361328125, 0.7943339, 1.668065, 1683.248
2792.1496255397797, 0.7943308, 1.668076, 1683.241
2794.149718761444, 0.794328, 1.668058, 1683.214
2796.149826526642, 0.7943297, 1.668057, 1683.155
2798.149962425232, 0.7943248, 1.668047, 1683.038
2800.1500594615936, 0.794323, 1.668043, 1682.922
2802.1501994132996, 0.7943199, 1.668036, 1682.866
2804.1503033638, 0.7943141, 1.668028, 1682.837
2806.150447368622, 0.7943129, 1.668028, 1682.801
2808.1505484580994, 0.7943109, 1.668021, 1682.781
2810.1506474018097, 0.7943113, 1.66802, 1682.715
2812.1507637500763, 0.7943106, 1.668019, 1682.58
2814.1508691310883, 0.7943072, 1.668011, 1682.532
2816.1509585380554, 0.7943069, 1.668012, 1682.468
2818.151094675064, 0.7943012, 1.668006, 1682.522
2820.15122961998, 0.7943049, 1.668001, 1682.534
2822.151329278946, 0.7943052, 1.66801, 1682.54
2824.151417016983, 0.7943058, 1.668012, 1682.543
2826.151503801346, 0.7943067, 1.668014, 1682.605
2828.151607275009, 0.7943116, 1.668026, 1682.712
2830.151711463928, 0.7943056, 1.668019, 1682.755
2832.1518433094025, 0.7943082, 1.668016, 1682.858
2834.1519482135773, 0.7943103, 1.668017, 1682.921
2836.152037858963, 0.7943094, 1.668025, 1682.942
2838.152154445648, 0.7943081, 1.668011, 1682.813
2840.15225982666, 0.7943083, 1.668009, 1682.765
2842.1523654460907, 0.7943021, 1.66801, 1682.838
2844.15247797966, 0.7943053, 1.668009, 1682.916
2846.152559518814, 0.7943054, 1.668011, 1682.868
2848.152662038803, 0.7943073, 1.668013, 1682.784
2850.152766227722, 0.7943045, 1.668008, 1682.707
2852.1528704166412, 0.7943041, 1.668004, 1682.714
2854.1529772281647, 0.7943055, 1.66801, 1682.765
2856.153079509735, 0.7943029, 1.668019, 1682.747
2858.1531846523285, 0.7943058, 1.668013, 1682.687
2860.1532917022705, 0.7943057, 1.668014, 1682.557
2862.1534371376038, 0.7943026, 1.668005, 1682.513
2864.1535358428955, 0.7943012, 1.668014, 1682.477
2866.1536321640015, 0.7943051, 1.668015, 1682.519
2868.153717517853, 0.7943044, 1.668007, 1682.673
2870.1538157463074, 0.7943053, 1.668005, 1682.836
2872.1539163589478, 0.7943018, 1.667999, 1682.936
2874.154055118561, 0.7943045, 1.668007, 1682.851
2876.1541566848755, 0.7943048, 1.668014, 1682.763
2878.154258966446, 0.7943039, 1.668012, 1682.89
2880.154392719269, 0.794313, 1.668022, 1682.98
2882.154482126236, 0.7943091, 1.668018, 1682.997
2884.1545825004578, 0.7943112, 1.668019, 1683.083
2886.1546881198883, 0.7943103, 1.668017, 1683.047
2888.1547906398773, 0.794311, 1.668028, 1682.822
2890.154876232147, 0.79431, 1.668022, 1682.709
2892.154969930649, 0.7943067, 1.668021, 1682.577
2894.155071735382, 0.7943082, 1.668014, 1682.728
2896.155174970627, 0.794311, 1.668024, 1682.835
2898.1552772521973, 0.7943124, 1.668018, 1682.95
2900.1553823947906, 0.7943143, 1.668031, 1682.983
2902.1554889678955, 0.7943175, 1.668037, 1683.105
2904.1556499004364, 0.7943166, 1.668035, 1683.194
2906.155749320984, 0.7943104, 1.668026, 1683.033
2908.15588927269, 0.7943094, 1.66802, 1682.876
2910.155981063843, 0.7943076, 1.668015, 1682.948
2912.156065940857, 0.7943122, 1.668027, 1682.847
2914.1561710834503, 0.7943115, 1.668026, 1682.818
2916.1562604904175, 0.7943143, 1.668022, 1682.82
2918.156350374222, 0.7943062, 1.668012, 1682.701
2920.1564586162567, 0.794302, 1.668004, 1682.557
2922.1565656661987, 0.7942992, 1.667995, 1682.456
2924.156672000885, 0.794296, 1.667989, 1682.394
2926.156809568405, 0.7942911, 1.667978, 1682.329
2928.1569454669952, 0.7942872, 1.66797, 1682.315
2930.157051563263, 0.7942854, 1.667961, 1682.284
2932.1571888923645, 0.7942833, 1.667965, 1682.255
2934.157289981842, 0.7942848, 1.667965, 1682.318
2936.157392024994, 0.7942814, 1.667967, 1682.171
2938.157493829727, 0.7942797, 1.667959, 1681.985
2940.1575927734375, 0.7942806, 1.667956, 1681.872
2942.1576895713806, 0.7942771, 1.667947, 1681.788
2944.157800912857, 0.7942753, 1.66795, 1681.793
2946.157938718796, 0.7942708, 1.667938, 1681.822
2948.158043861389, 0.7942705, 1.667938, 1681.887
2950.158177614212, 0.7942699, 1.667934, 1681.86
2952.1582691669464, 0.7942677, 1.667926, 1681.784
2954.1583511829376, 0.7942639, 1.667922, 1681.756
2956.158458709717, 0.7942632, 1.667925, 1681.664
2958.1585924625397, 0.7942632, 1.66792, 1681.583
2960.1586990356445, 0.7942621, 1.667919, 1681.559
2962.1588220596313, 0.7942604, 1.667916, 1681.568
2964.158958673477, 0.794259, 1.667916, 1681.593
2966.1590642929077, 0.7942617, 1.667914, 1681.593
2968.1592016220093, 0.794255, 1.667903, 1681.54
2970.1593070030212, 0.7942498, 1.667891, 1681.481
2972.1594021320343, 0.7942493, 1.667888, 1681.48
2974.1595044136047, 0.7942422, 1.667878, 1681.479
2976.1596512794495, 0.7942377, 1.667875, 1681.447
2978.159796476364, 0.7942364, 1.667864, 1681.304
2980.1599049568176, 0.7942395, 1.667857, 1681.199
2982.160041809082, 0.7942345, 1.667863, 1681.027
2984.160148382187, 0.7942333, 1.667852, 1680.928
2986.1602435112, 0.7942297, 1.667849, 1680.874
2988.16037774086, 0.7942297, 1.667849, 1680.896
2990.160481929779, 0.7942314, 1.667854, 1681.135
2992.1605925559998, 0.7942356, 1.66786, 1681.234
2994.160695552826, 0.7942336, 1.667859, 1681.051
2996.160812139511, 0.7942301, 1.667851, 1680.933
2998.1609168052673, 0.7942268, 1.667847, 1680.923
3000.1610510349274, 0.7942246, 1.66784, 1680.782
3002.1611890792847, 0.7942209, 1.667833, 1680.636
3004.1612944602966, 0.79422, 1.66783, 1680.56
3006.161383628845, 0.7942142, 1.667819, 1680.419
3008.1614847183228, 0.7942175, 1.667822, 1680.316
3010.161587715149, 0.7942117, 1.667814, 1680.427
3012.1616904735565, 0.7942131, 1.667808, 1680.509
3014.161816596985, 0.7942125, 1.667816, 1680.479
3016.161948442459, 0.7942115, 1.667806, 1680.487
3018.1620860099792, 0.7942071, 1.667808, 1680.451
3020.1621928215027, 0.7942055, 1.667801, 1680.354
3022.162321805954, 0.7942043, 1.667792, 1680.371
3024.162431240082, 0.7941998, 1.66779, 1680.451
3026.1625690460205, 0.7942024, 1.667794, 1680.569
3028.1626682281494, 0.7941982, 1.667786, 1680.597
3030.1627805233, 0.7942, 1.667797, 1680.515
3032.1628696918488, 0.794198, 1.66778, 1680.41
3034.1630096435547, 0.7941989, 1.667783, 1680.371
3036.1630952358246, 0.7941979, 1.667786, 1680.36
3038.163202047348, 0.7941993, 1.667787, 1680.258
3040.1633043289185, 0.7941977, 1.66779, 1680.266
3042.1634092330933, 0.7941978, 1.667785, 1680.301
3044.1634936332703, 0.7941978, 1.667779, 1680.404
3046.163603782654, 0.7941936, 1.667781, 1680.479
3048.16370677948, 0.794197, 1.667786, 1680.508
3050.163810968399, 0.7941982, 1.667794, 1680.495
3052.163910150528, 0.7941982, 1.667777, 1680.483
3054.1640124320984, 0.7941966, 1.667782, 1680.493
3056.1641054153442, 0.7941964, 1.667777, 1680.465
3058.1642096042633, 0.7941995, 1.667788, 1680.369
3060.164311170578, 0.794194, 1.667785, 1680.248
3062.164393424988, 0.794196, 1.667777, 1680.209
3064.1645019054413, 0.7941918, 1.667772, 1680.184
3066.1645884513855, 0.7941918, 1.667772, 1680.167
3068.164689064026, 0.7941892, 1.667767, 1680.125
3070.164786338806, 0.7941924, 1.667772, 1680.08
3072.164868116379, 0.7941919, 1.667778, 1680.059
3074.164977312088, 0.7941937, 1.667772, 1680.069
3076.1650874614716, 0.7941952, 1.667774, 1680.192
3078.165180683136, 0.7941961, 1.66778, 1680.284
3080.165266752243, 0.7941965, 1.667781, 1680.308
3082.1653707027435, 0.7941962, 1.667778, 1680.203
3084.1655106544495, 0.7941933, 1.667773, 1680.101
3086.1655950546265, 0.7941924, 1.667771, 1680.006
3088.1656897068024, 0.7941915, 1.667769, 1680.008
3090.1658008098602, 0.7941872, 1.667765, 1680.076
3092.1659283638, 0.7941866, 1.667757, 1679.992
3094.16601228714, 0.7941865, 1.667761, 1679.96
3096.166142463684, 0.794183, 1.667753, 1679.958
3098.166250228882, 0.7941837, 1.667755, 1679.994
3100.166352033615, 0.7941844, 1.667759, 1679.894
3102.16645359993, 0.7941855, 1.667764, 1679.915
3104.166586637497, 0.7941844, 1.667757, 1679.921
3106.1667177677155, 0.7941841, 1.667758, 1679.899
3108.1668660640717, 0.7941847, 1.667752, 1679.927
3110.1669726371765, 0.7941815, 1.667748, 1680.021
3112.167074918747, 0.7941778, 1.667744, 1680.038
3114.1671667099, 0.7941767, 1.667736, 1679.922
3116.16725564003, 0.7941741, 1.667734, 1679.787
3118.167359828949, 0.7941731, 1.667724, 1679.853
3120.167500734329, 0.7941724, 1.667727, 1679.987
3122.1676564216614, 0.7941727, 1.667734, 1680.036
3124.1677644252777, 0.7941722, 1.667729, 1679.933
3126.167876958847, 0.79417, 1.667724, 1679.849
3128.16797041893, 0.7941652, 1.667717, 1679.697
3130.1681048870087, 0.794163, 1.667712, 1679.541
3132.168207883835, 0.7941642, 1.667706, 1679.519
3134.168290615082, 0.794157, 1.667703, 1679.475
3136.1683995723724, 0.794156, 1.667692, 1679.271
3138.16854262352, 0.7941525, 1.667692, 1679.087
3140.1686913967133, 0.7941501, 1.667687, 1679.026
3142.168783426285, 0.7941496, 1.667682, 1678.957
3144.168889760971, 0.7941493, 1.667686, 1679.026
3146.168978691101, 0.7941602, 1.6677, 1679.191
3148.1690657138824, 0.794163, 1.667712, 1679.328
3150.169204235077, 0.7941694, 1.667722, 1679.44
3152.16930603981, 0.7941714, 1.667725, 1679.482
3154.1694416999817, 0.7941772, 1.667741, 1679.548
3156.1695466041565, 0.7941765, 1.667736, 1679.562
3158.1696631908417, 0.7941763, 1.667739, 1679.57
3160.169768810272, 0.7941793, 1.667739, 1679.633
3162.1698751449585, 0.7941748, 1.667726, 1679.674
3164.170011281967, 0.7941701, 1.667728, 1679.601
3166.170114517212, 0.7941662, 1.667722, 1679.586
3168.170212984085, 0.7941653, 1.667719, 1679.685
3170.1703159809113, 0.7941651, 1.667714, 1679.601
3172.1704127788544, 0.794171, 1.667726, 1679.542
3174.1705482006073, 0.7941678, 1.667722, 1679.533
3176.170645713806, 0.7941642, 1.667717, 1679.44
3178.170756816864, 0.7941645, 1.667717, 1679.387
3180.1708555221558, 0.7941653, 1.667718, 1679.419
3182.170942544937, 0.7941608, 1.667709, 1679.457
3184.1710529327393, 0.7941626, 1.667711, 1679.473
3186.171159505844, 0.794166, 1.667712, 1679.42
3188.1712622642517, 0.7941646, 1.667715, 1679.449
3190.171366930008, 0.7941666, 1.667714, 1679.478
3192.171469926834, 0.7941712, 1.667727, 1679.566
3194.1715574264526, 0.7941713, 1.667726, 1679.63
3196.171642303467, 0.7941741, 1.667732, 1679.637
3198.1717307567596, 0.7941723, 1.667726, 1679.727
3200.171816587448, 0.794167, 1.667719, 1679.763
3202.1719059944153, 0.7941617, 1.667713, 1679.664
3204.1719992160797, 0.7941595, 1.667705, 1679.577
3206.1720848083496, 0.7941554, 1.6677, 1679.482
3208.172187566757, 0.7941557, 1.667694, 1679.391
3210.1722781658173, 0.7941477, 1.667684, 1679.285
3212.172371864319, 0.7941499, 1.667687, 1679.147
3214.172476530075, 0.7941493, 1.667683, 1679.025
3216.1725845336914, 0.7941483, 1.667672, 1678.974
3218.1726875305176, 0.7941418, 1.66767, 1678.888
3220.172795534134, 0.7941403, 1.667665, 1678.841
3222.172885656357, 0.7941368, 1.667658, 1678.868
3224.172977924347, 0.7941369, 1.667666, 1678.865
3226.1730756759644, 0.7941359, 1.66766, 1678.8
3228.173176765442, 0.7941351, 1.667657, 1678.817
3230.1733157634735, 0.7941342, 1.667656, 1678.897
3232.1734204292297, 0.7941328, 1.667653, 1678.815
3234.1735117435455, 0.7941282, 1.667639, 1678.609
3236.1736102104187, 0.7941274, 1.667637, 1678.505
3238.1737473011017, 0.7941259, 1.667632, 1678.511
3240.1738381385803, 0.7941259, 1.66764, 1678.489
3242.173931121826, 0.7941259, 1.667631, 1678.599
3244.1740345954895, 0.7941259, 1.66764, 1678.794
3246.174135684967, 0.7941284, 1.667638, 1678.81
3248.1742391586304, 0.7941268, 1.66764, 1678.667
3250.1743257045746, 0.7941308, 1.667639, 1678.618
3252.174419403076, 0.79413, 1.667633, 1678.642
3254.174531698227, 0.7941322, 1.66764, 1678.647
3256.17466711998, 0.7941258, 1.66764, 1678.565
3258.1747767925262, 0.7941265, 1.667639, 1678.554
3260.174877882004, 0.7941284, 1.667639, 1678.51
3262.1749606132507, 0.7941273, 1.667641, 1678.581
3264.1750593185425, 0.7941286, 1.667645, 1678.725
3266.1751656532288, 0.7941306, 1.667638, 1678.8
3268.1752676963806, 0.7941306, 1.667647, 1678.901
3270.175377368927, 0.7941289, 1.667643, 1678.987
3272.1754705905914, 0.794129, 1.667641, 1678.946
3274.1755714416504, 0.794135, 1.667648, 1678.868
3276.175683736801, 0.7941335, 1.667642, 1678.864
3278.175770521164, 0.7941301, 1.667638, 1678.875
3280.1759176254272, 0.7941278, 1.667632, 1678.853
3282.1760301589966, 0.7941262, 1.667623, 1678.787
3284.1761395931244, 0.7941195, 1.667616, 1678.667
3286.1762297153473, 0.7941173, 1.667614, 1678.599
3288.176339149475, 0.7941167, 1.667619, 1678.56
3290.176482439041, 0.7941143, 1.667612, 1678.538
3292.1765892505646, 0.7941148, 1.667611, 1678.623
3294.1767263412476, 0.7941135, 1.667612, 1678.67
3296.176817893982, 0.7941148, 1.667611, 1678.666
3298.1769120693207, 0.7941146, 1.667607, 1678.531
3300.177024126053, 0.794111, 1.667605, 1678.399
3302.177126646042, 0.7941076, 1.667598, 1678.104
3304.1772289276123, 0.7941141, 1.667603, 1678.298
3306.1773312091827, 0.7941121, 1.667611, 1678.499
3308.1774356365204, 0.7941095, 1.667603, 1678.364
3310.177589893341, 0.7941061, 1.667593, 1678.21
3312.1776938438416, 0.7941062, 1.66758, 1678.247
3314.1777954101562, 0.7941044, 1.667592, 1678.256
3316.177898168564, 0.794104, 1.667591, 1678.236
3318.1779975891113, 0.7941052, 1.667587, 1678.201
3320.1781344413757, 0.7941036, 1.667583, 1678.232
3322.178227186203, 0.7941045, 1.66759, 1678.196
3324.1783123016357, 0.7941059, 1.667586, 1678.214
3326.178415775299, 0.7941054, 1.667596, 1678.174
3328.1785061359406, 0.7941027, 1.667578, 1678.104
3330.1786086559296, 0.7940984, 1.667575, 1677.844
3332.178750038147, 0.7940966, 1.66757, 1677.724
3334.178898334503, 0.7940986, 1.667572, 1677.769
3336.1790025234222, 0.7940994, 1.667583, 1677.819
3338.179109811783, 0.7940964, 1.667576, 1677.824
3340.1792232990265, 0.7940947, 1.667559, 1677.855
3342.1793072223663, 0.7940928, 1.667561, 1678.03
3344.179399251938, 0.7940924, 1.667563, 1678.002
3346.1795358657837, 0.7940891, 1.667559, 1677.98
3348.1796414852142, 0.794093, 1.667566, 1677.868
3350.1797308921814, 0.7940967, 1.667567, 1677.796
3352.179887533188, 0.7940964, 1.667569, 1677.772
3354.1799919605255, 0.7940938, 1.667562, 1677.725
3356.1800990104675, 0.7940943, 1.66756, 1677.71
3358.180187702179, 0.7940907, 1.667557, 1677.668
3360.180286884308, 0.794086, 1.667557, 1677.613
3362.18040060997, 0.7940854, 1.667551, 1677.705
3364.1805346012115, 0.7940887, 1.667553, 1677.694
3366.1806354522705, 0.7940875, 1.667543, 1677.632
3368.180725812912, 0.7940879, 1.667548, 1677.542
3370.1808199882507, 0.7940822, 1.667545, 1677.507
3372.18092751503, 0.7940809, 1.667541, 1677.442
3374.181022167206, 0.7940767, 1.667524, 1677.385
3376.181111097336, 0.7940723, 1.667518, 1677.275
3378.1812081336975, 0.7940744, 1.667518, 1677.382
3380.1813192367554, 0.7940745, 1.66753, 1677.516
3382.18141746521, 0.7940743, 1.667522, 1677.614
3384.181516647339, 0.794076, 1.667529, 1677.749
3386.1816234588623, 0.7940787, 1.667531, 1677.834
3388.1817214488983, 0.794084, 1.667546, 1677.903
3390.1818249225616, 0.7940851, 1.667548, 1677.923
3392.1819322109222, 0.7940835, 1.667549, 1677.927
3394.182042121887, 0.7940879, 1.667549, 1677.872
3396.1821496486664, 0.7940884, 1.66755, 1677.836
3398.182242155075, 0.7940865, 1.66755, 1677.735
3400.182331800461, 0.7940849, 1.667555, 1677.61
3402.182421684265, 0.7940903, 1.667558, 1677.578
3404.182525873184, 0.7940863, 1.667552, 1677.525
3406.182606458664, 0.794083, 1.667544, 1677.523
3408.1827006340027, 0.7940798, 1.667547, 1677.582
3410.18280005455, 0.7940804, 1.667536, 1677.554
3412.1829466819763, 0.7940772, 1.667527, 1677.471
3414.183087825775, 0.7940745, 1.667526, 1677.454
3416.183226585388, 0.7940704, 1.66752, 1677.432
3418.1833353042603, 0.7940667, 1.667508, 1677.303
3420.1834630966187, 0.7940624, 1.667503, 1677.213
3422.1835696697235, 0.7940632, 1.667502, 1677.127
3424.18367767334, 0.7940608, 1.6675, 1677.055
3426.18376493454, 0.7940599, 1.667491, 1677.094
3428.1838669776917, 0.7940577, 1.6675, 1677.151
3430.1840119361877, 0.7940589, 1.667489, 1677.1
3432.1841468811035, 0.794055, 1.667491, 1677.077
3434.1842494010925, 0.7940564, 1.667483, 1677.047
3436.1843390464783, 0.7940503, 1.667486, 1676.894
3438.1844391822815, 0.7940458, 1.667476, 1676.76
3440.1845490932465, 0.79405, 1.667472, 1676.784
3442.1846470832825, 0.7940467, 1.667468, 1676.83
3444.184746980667, 0.7940481, 1.667475, 1676.863
3446.184837579727, 0.7940503, 1.667474, 1676.94
3448.1849608421326, 0.7940484, 1.667478, 1676.852
3450.185064315796, 0.7940461, 1.667472, 1676.711
3452.185170650482, 0.7940457, 1.667458, 1676.69
3454.1853086948395, 0.794041, 1.667457, 1676.606
3456.185442209244, 0.79404, 1.66745, 1676.468
3458.1855475902557, 0.7940381, 1.667452, 1676.433
3460.185654401779, 0.7940412, 1.667444, 1676.453
3462.185760498047, 0.7940366, 1.667449, 1676.41
3464.1858763694763, 0.7940342, 1.667444, 1676.367
3466.185980319977, 0.794032, 1.667432, 1676.334
3468.18608212471, 0.7940308, 1.667432, 1676.302
3470.1861844062805, 0.794028, 1.66742, 1676.294
3472.1862845420837, 0.7940267, 1.66743, 1676.306
3474.1863861083984, 0.7940282, 1.667432, 1676.313
3476.1864726543427, 0.7940271, 1.667431, 1676.209
3478.1866166591644, 0.7940266, 1.667425, 1676.167
3480.1867043972015, 0.7940248, 1.667418, 1676.275
3482.186842441559, 0.7940257, 1.667423, 1676.36
3484.186949491501, 0.7940282, 1.667427, 1676.421
3486.1870515346527, 0.7940298, 1.667426, 1676.433
3488.187131881714, 0.7940331, 1.667429, 1676.484
3490.1872193813324, 0.7940354, 1.667448, 1676.609
3492.1873123645782, 0.7940406, 1.667463, 1676.695
3494.18744969368, 0.7940448, 1.667466, 1676.785
3496.187528371811, 0.7940451, 1.667458, 1676.893
3498.187616586685, 0.7940432, 1.667459, 1676.945
3500.187665462494, 0.7940437, 1.667461, 1676.895
3502.18776679039, 0.7940398, 1.667454, 1676.772
3504.1879057884216, 0.7940441, 1.667456, 1676.715
3506.1880016326904, 0.7940438, 1.66747, 1676.624
3508.188093185425, 0.7940457, 1.667469, 1676.621
3510.1882123947144, 0.7940442, 1.667463, 1676.65
3512.188299179077, 0.7940455, 1.667463, 1676.636
3514.188384771347, 0.7940459, 1.667469, 1676.755
3516.188486814499, 0.7940458, 1.66747, 1676.726
3518.1885781288147, 0.7940451, 1.667466, 1676.807
3520.1887125968933, 0.7940432, 1.667464, 1676.9
3522.188849210739, 0.7940442, 1.66746, 1676.909
3524.188944339752, 0.7940451, 1.66746, 1676.806
3526.1890544891357, 0.7940451, 1.667458, 1676.826
3528.189140319824, 0.7940445, 1.667465, 1676.795
3530.1892428398132, 0.7940446, 1.667463, 1676.635
3532.1893441677094, 0.7940426, 1.667459, 1676.52
3534.189440011978, 0.7940409, 1.667461, 1676.575
3536.189547777176, 0.7940381, 1.66745, 1676.581
3538.1896874904633, 0.7940381, 1.667447, 1676.518
3540.1897888183594, 0.7940374, 1.667445, 1676.411
3542.1898798942566, 0.7940393, 1.66745, 1676.302
3544.190019130707, 0.7940381, 1.66744, 1676.23
3546.19015955925, 0.7940345, 1.667442, 1676.325
3548.190263271332, 0.7940396, 1.66745, 1676.504
3550.1903705596924, 0.7940453, 1.667454, 1676.752
3552.1904757022858, 0.794044, 1.667458, 1676.626
3554.1905801296234, 0.7940414, 1.667458, 1676.596
3556.1906836032867, 0.7940374, 1.667446, 1676.491
3558.1907711029053, 0.7940332, 1.667433, 1676.442
3560.1908729076385, 0.7940319, 1.667437, 1676.368
3562.1909732818604, 0.7940276, 1.667439, 1676.368
3564.1911087036133, 0.7940302, 1.667424, 1676.338
3566.1912121772766, 0.7940275, 1.667424, 1676.302
3568.1913166046143, 0.7940269, 1.667424, 1676.316
3570.191426515579, 0.7940236, 1.667422, 1676.318
3572.1915316581726, 0.7940233, 1.66742, 1676.307
3574.191662788391, 0.7940247, 1.667413, 1676.25
3576.191749572754, 0.794022, 1.667407, 1676.167
3578.191841363907, 0.794016, 1.667404, 1676.051
3580.1919255256653, 0.7940155, 1.667405, 1675.999
3582.1920228004456, 0.7940139, 1.667401, 1675.941
3584.192155122757, 0.7940107, 1.667394, 1675.866
3586.192263841629, 0.7940078, 1.667383, 1675.812
3588.1923496723175, 0.7940137, 1.667386, 1675.905
3590.1924345493317, 0.794013, 1.667398, 1676.083
3592.192537546158, 0.7940152, 1.667392, 1676.273
3594.1926312446594, 0.794015, 1.667404, 1676.351
3596.19273352623, 0.7940154, 1.667401, 1676.279
3598.192837715149, 0.7940148, 1.667398, 1676.224
3600.192945241928, 0.7940097, 1.667392, 1676.033
3602.193048477173, 0.794012, 1.667384, 1675.88
3604.1931490898132, 0.7940105, 1.667382, 1675.82
3606.193291425705, 0.7940065, 1.667388, 1675.806
3608.193392753601, 0.7940055, 1.667383, 1675.781
3610.1934971809387, 0.7940061, 1.667376, 1675.821
3612.193593263626, 0.7940044, 1.66738, 1675.905
3614.1936995983124, 0.7940088, 1.667387, 1675.932
3616.193801879883, 0.7940074, 1.667382, 1675.894
3618.1939034461975, 0.7940055, 1.667373, 1675.864
3620.194003343582, 0.7940026, 1.66738, 1675.833
3622.194138765335, 0.7940059, 1.667377, 1675.867
3624.194226503372, 0.7940034, 1.667377, 1675.858
3626.194311618805, 0.7940091, 1.667378, 1675.893
3628.194408416748, 0.7940078, 1.667381, 1675.755
3630.194497823715, 0.7940017, 1.667373, 1675.663
3632.194600343704, 0.7940063, 1.66738, 1675.687
3634.1947016716003, 0.7940074, 1.667388, 1675.801
3636.194789171219, 0.7940108, 1.667382, 1675.943
3638.1948716640472, 0.7940083, 1.667386, 1675.988
3640.1949598789215, 0.7940071, 1.667382, 1675.965
3642.195059299469, 0.794008, 1.667384, 1676.019
3644.1951382160187, 0.7940087, 1.667386, 1676.023
3646.195241689682, 0.7940141, 1.667402, 1676.008
3648.195327758789, 0.7940162, 1.667398, 1675.93
3650.1954691410065, 0.7940135, 1.667396, 1675.951
3652.195560693741, 0.7940124, 1.667395, 1675.963
3654.195696592331, 0.7940081, 1.66738, 1675.873
3656.1957743167877, 0.7940025, 1.667362, 1675.675
3658.195882320404, 0.7940007, 1.667372, 1675.688
3660.196033000946, 0.7939966, 1.667363, 1675.675
3662.1961209774017, 0.7939962, 1.667353, 1675.648
3664.196855545044, -0.0001025734, 9.16513e-10, 1683.017
3666.196956396103, -0.0001008366, 8.895696e-10, 1713.393
3668.197041273117, -0.0001037313, 8.254824e-10, 1736.452
3670.1971759796143, -0.0001025735, 8.679431e-10, 1755.495
3672.197259426117, -0.0001025734, 8.895573e-10, 1771.833
3674.1973474025726, -0.0001019945, 8.777983e-10, 1786.226
3676.1974449157715, -0.0001002577, 8.005651e-10, 1799.057
3678.197578907013, -9.909974e-05, 8.320032e-10, 1810.684
3680.197681427002, -9.967873e-05, 8.433133e-10, 1821.291
3682.197769880295, -9.909978e-05, 8.659282e-10, 1831.173
3684.1978752613068, -9.794199e-05, 8.729698e-10, 1840.437
3686.197965145111, -9.736289e-05, 8.446288e-10, 1849.09
3688.19807100296, -9.562603e-05, 9.285135e-10, 1857.275
3690.1982073783875, -9.85208e-05, 8.66984e-10, 1865.209
3692.198307991028, -9.620503e-05, 9.284528e-10, 1872.852
3694.198391675949, -9.736294e-05, 8.833496e-10, 1880.3
3696.1984736919403, -9.678389e-05, 8.46488e-10, 1887.387
3698.198566675186, -9.562611e-05, 8.222932e-10, 1894.2
3700.198647737503, -9.678395e-05, 8.396445e-10, 1900.858
3702.198736190796, -9.794183e-05, 7.437624e-10, 1907.39
3704.1988248825073, -9.909965e-05, 8.222911e-10, 1913.787
3706.1989119052887, -9.85207e-05, 7.546092e-10, 1920.132
3708.1989970207214, -9.736281e-05, 8.516198e-10, 1926.26
3710.199104785919, -9.736278e-05, 8.196844e-10, 1932.265
3712.1992421150208, -9.678385e-05, 7.82351e-10, 1938.22
3714.1993725299835, -9.446808e-05, 7.5147e-10, 1944.092
3716.199479818344, -9.446809e-05, 8.788355e-10, 1949.873
3718.199618577957, -9.562594e-05, 8.525542e-10, 1955.585
3720.199723005295, -9.794161e-05, 7.638149e-10, 1961.191
3722.1998207569122, -9.620484e-05, 8.567523e-10, 1966.607
3724.199919462204, -9.562583e-05, 7.22087e-10, 1972.035
3726.2000665664673, -9.678375e-05, 8.465075e-10, 1977.268
3728.2001538276672, -9.620476e-05, 8.465133e-10, 1982.443
3730.200246810913, -9.620473e-05, 8.137801e-10, 1987.576
3732.20032954216, -9.736261e-05, 9.340693e-10, 1992.621
3734.2004206180573, -9.446784e-05, 7.500388e-10, 1997.862
3736.2005014419556, -9.562568e-05, 7.871702e-10, 2002.862
3738.2006018161774, -9.388886e-05, 7.701473e-10, 2007.6
3740.2007026672363, -9.504671e-05, 8.346916e-10, 2012.361
3742.2007818222046, -9.273094e-05, 7.931632e-10, 2017.259
3744.2008664608, -9.562554e-05, 6.98271e-10, 2021.89
3746.200952768326, -9.504657e-05, 7.621536e-10, 2026.39
3748.2010400295258, -9.273085e-05, 8.097374e-10, 2030.893
3750.2011268138885, -9.273084e-05, 8.473349e-10, 2035.374
3752.2012102603912, -9.330973e-05, 9.061549e-10, 2039.723
3754.201290845871, -9.388862e-05, 8.578538e-10, 2044.089
3756.201374053955, -9.446754e-05, 8.106712e-10, 2048.495
3758.2014570236206, -9.09939e-05, 8.159322e-10, 2052.723
3760.201549053192, -9.099384e-05, 7.132965e-10, 2056.807
3762.2016637325287, -9.041493e-05, 6.330537e-10, 2060.945
3764.201764345169, -9.330953e-05, 6.330568e-10, 2064.992
3766.201864719391, -9.388847e-05, 7.375451e-10, 2069.07
3768.201974630356, -9.157271e-05, 6.602095e-10, 2073.063
3770.202070713043, -9.273055e-05, 7.166492e-10, 2077.122
3772.202154159546, -9.330946e-05, 6.456962e-10, 2081.148
3774.2022426128387, -8.867799e-05, 6.492599e-10, 2085.136
3776.2023253440857, -8.983579e-05, 6.47588e-10, 2089.004
3778.202413082123, -9.21515e-05, 7.001624e-10, 2092.871
3780.2025051116943, -8.983578e-05, 5.966972e-10, 2098.293
3782.2025883197784, -9.099361e-05, 6.353883e-10, 2101.45
3784.2026660442352, -9.215144e-05, 6.581126e-10, 2105.177
3786.2027492523193, -9.157242e-05, 6.869748e-10, 2108.749
3788.2028353214264, -9.273033e-05, 7.330096e-10, 2112.32
3790.2029201984406, -9.21514e-05, 7.422326e-10, 2115.744
3792.203003168106, -8.809882e-05, 7.00176e-10, 2119.201
3794.203087568283, -9.273026e-05, 7.31721e-10, 2122.746
3796.20317196846, -9.215133e-05, 6.957803e-10, 2126.278
3798.2032585144043, -9.330912e-05, 7.089798e-10, 2129.653
3800.2033643722534, -9.27302e-05, 6.766693e-10, 2133.059
3802.2034521102905, -9.041447e-05, 6.810045e-10, 2136.488
3804.203536748886, -9.56248e-05, 6.973064e-10, 2139.694
3806.2036802768707, -9.099337e-05, 8.05333e-10, 2143.06
3808.2037942409515, -9.157225e-05, 5.928511e-10, 2146.402
3810.203891515732, -9.330901e-05, 6.83431e-10, 2149.728
3812.2039749622345, -9.157225e-05, 7.317389e-10, 2152.994
3814.2040684223175, -9.388792e-05, 7.562435e-10, 2156.095
3816.204167842865, -9.273006e-05, 6.834372e-10, 2159.089
3818.204247713089, -9.157216e-05, 7.026829e-10, 2162.138
3820.2043838500977, -9.215111e-05, 7.584929e-10, 2165.012
3822.204485654831, -9.099324e-05, 7.68939e-10, 2167.824
3824.204577922821, -9.215104e-05, 7.090024e-10, 2170.756
3826.2046768665314, -9.272996e-05, 6.766925e-10, 2173.603
3828.20476937294, -8.983532e-05, 7.062552e-10, 2176.476
3830.204916715622, -9.272995e-05, 6.371221e-10, 2179.334
3832.204997777939, -9.157207e-05, 6.395005e-10, 2182.058
3834.2051005363464, -9.215099e-05, 7.196559e-10, 2184.846
3836.2051873207092, -9.562453e-05, 7.070272e-10, 2187.662
3838.205288887024, -9.099311e-05, 6.476434e-10, 2190.408
3840.20539188385, -9.099309e-05, 6.41131e-10, 2193.174
3842.205496072769, -9.1572e-05, 5.988117e-10, 2195.841
3844.205632209778, -8.925628e-05, 6.706545e-10, 2198.376
3846.205741882324, -9.215088e-05, 6.211261e-10, 2200.931
3848.2058777809143, -9.388768e-05, 6.853711e-10, 2203.573
3850.2060158252716, -9.330868e-05, 7.018061e-10, 2206.121
3852.206148147583, -8.925624e-05, 7.225716e-10, 2208.677
3854.2062401771545, -9.388759e-05, 6.644785e-10, 2211.163
3856.20632314682, -8.925619e-05, 6.161105e-10, 2213.574
3858.206427335739, -9.157191e-05, 7.134241e-10, 2216.038
3860.2065308094025, -9.21508e-05, 6.517285e-10, 2218.49
3862.2066345214844, -9.157188e-05, 6.95832e-10, 2220.896
3864.206729412079, -9.0414e-05, 7.179804e-10, 2223.229
3866.2068285942078, -9.099292e-05, 6.794877e-10, 2225.415
3868.2069306373596, -8.925613e-05, 6.88418e-10, 2227.649
3870.207067966461, -9.041395e-05, 6.897197e-10, 2229.939
3872.2071690559387, -8.925611e-05, 8.264035e-10, 2232.263
3874.2072656154633, -9.041395e-05, 7.902627e-10, 2234.554
3876.2073695659637, -8.751931e-05, 7.122038e-10, 2236.788
3878.2075107097626, -9.157176e-05, 6.637218e-10, 2239.052
3880.207610607147, -9.272961e-05, 6.680579e-10, 2241.366
3882.2077701091766, -9.099285e-05, 5.903911e-10, 2243.652
3884.207892894745, -9.041389e-05, 6.518928e-10, 2245.822
3886.2079911231995, -9.04139e-05, 6.55805e-10, 2247.902
3888.208099126816, -9.041387e-05, 7.107561e-10, 2249.912
3890.2081837654114, -9.272958e-05, 6.810615e-10, 2251.932
3892.208286046982, -9.041387e-05, 7.002441e-10, 2253.903
3894.208420753479, -9.215064e-05, 6.069621e-10, 2255.817
3896.2085568904877, -8.983491e-05, 6.018094e-10, 2257.637
3898.2086889743805, -9.099275e-05, 5.838862e-10, 2259.534
3900.208820104599, -8.983491e-05, 6.782499e-10, 2261.365
3902.2089216709137, -8.867706e-05, 6.392987e-10, 2263.18
3904.2090220451355, -8.925598e-05, 7.107654e-10, 2265.103
3906.2091205120087, -8.98349e-05, 6.603059e-10, 2267.018
3908.2092220783234, -9.04138e-05, 5.5965e-10, 2268.856
3910.2093188762665, -8.694026e-05, 6.749535e-10, 2270.727
3912.209419488907, -9.099269e-05, 6.273348e-10, 2272.505
3914.2095155715942, -9.04138e-05, 6.375191e-10, 2274.253
3916.209617137909, -8.92559e-05, 6.645076e-10, 2276.006
3918.209720134735, -9.272945e-05, 6.792263e-10, 2277.766
3920.2098219394684, -9.099266e-05, 5.387849e-10, 2279.491
3922.209919691086, -9.041373e-05, 6.839772e-10, 2281.172
3924.2100505828857, -9.157158e-05, 6.914555e-10, 2282.9
3926.210154056549, -9.099265e-05, 7.031582e-10, 2284.689
3928.210257291794, -9.04137e-05, 6.97375e-10, 2286.491
3930.2103600502014, -8.867696e-05, 7.902189e-10, 2288.261
3932.210492372513, -8.925586e-05, 7.646645e-10, 2289.93
3934.2105820178986, -8.983479e-05, 7.695868e-10, 2291.5
3936.210701227188, -9.099261e-05, 6.884456e-10, 2293.066
3938.2108035087585, -8.983476e-05, 7.952804e-10, 2294.762
3940.2109100818634, -8.925584e-05, 7.042177e-10, 2296.515
3942.211000442505, -8.867692e-05, 7.695892e-10, 2298.182
3944.2110879421234, -9.330826e-05, 7.376553e-10, 2299.702
3946.2111802101135, -9.330826e-05, 7.063106e-10, 2301.18
3948.2113127708435, -8.925582e-05, 6.540715e-10, 2302.735
3950.211410999298, -8.983476e-05, 5.789987e-10, 2304.265
3952.211512565613, -8.92558e-05, 7.190012e-10, 2305.685
3954.21164894104, -8.809797e-05, 7.226099e-10, 2307.103
3956.2117524147034, -9.041363e-05, 6.82666e-10, 2308.547
3958.2118899822235, -8.69401e-05, 6.694699e-10, 2310.099
3960.2119941711426, -8.751902e-05, 6.858326e-10, 2311.577
3962.2120821475983, -8.694011e-05, 7.499488e-10, 2313.078
3964.212184906006, -8.404547e-05, 6.579019e-10, 2314.438
3966.2122778892517, -8.809792e-05, 6.267125e-10, 2315.778
3968.212415456772, -8.867685e-05, 6.621735e-10, 2317.116
3970.2125244140625, -8.751897e-05, 6.571974e-10, 2318.507
3972.2126314640045, -8.636116e-05, 6.694723e-10, 2319.771
3974.2127726078033, -8.809789e-05, 7.29786e-10, 2321.03
3976.2129094600677, -8.983466e-05, 7.03172e-10, 2322.335
3978.2130002975464, -9.099249e-05, 7.489668e-10, 2323.641
3980.2130873203278, -8.925574e-05, 7.236725e-10, 2324.938
3982.213183403015, -8.983465e-05, 6.436343e-10, 2326.22
3984.2132861614227, -9.041357e-05, 7.031726e-10, 2327.49
3986.2133870124817, -8.809786e-05, 7.134258e-10, 2328.823
3988.213490486145, -8.809786e-05, 6.232857e-10, 2330.157
3990.2136318683624, -8.809788e-05, 6.232887e-10, 2331.359
3992.21373462677, -8.983462e-05, 7.801134e-10, 2332.631
3994.213838338852, -8.983463e-05, 6.030513e-10, 2333.797
3996.213975429535, -8.867677e-05, 6.232875e-10, 2334.972
3998.2140769958496, -8.751897e-05, 6.334027e-10, 2336.162
4000.214210987091, -8.809783e-05, 6.493741e-10, 2337.337
4002.2143437862396, -8.867679e-05, 6.493741e-10, 2338.473
4004.2144491672516, -8.751894e-05, 6.650764e-10, 2339.729
4006.2145340442657, -8.636107e-05, 6.085971e-10, 2340.926
4008.2146282196045, -8.867677e-05, 6.904376e-10, 2342.078
4010.2147212028503, -8.867676e-05, 6.493759e-10, 2343.226
4012.2148213386536, -8.867677e-05, 6.011603e-10, 2344.285
4014.214905023575, -8.867674e-05, 7.649413e-10, 2345.478
4016.215040206909, -8.636108e-05, 6.579098e-10, 2346.659
4018.2151670455933, -8.809784e-05, 5.81325e-10, 2347.837
4020.215269804001, -8.867677e-05, 6.929278e-10, 2348.884
4022.2153651714325, -8.809784e-05, 6.192202e-10, 2349.925
4024.21546125412, -9.099243e-05, 6.507624e-10, 2350.919
4026.2155652046204, -8.693998e-05, 8.159341e-10, 2351.989
4028.2157015800476, -8.867674e-05, 7.349804e-10, 2353.107
4030.2158436775208, -8.867674e-05, 7.042332e-10, 2354.13
4032.215977907181, -8.867674e-05, 6.694817e-10, 2355.11
4034.2160823345184, -8.80978e-05, 6.956992e-10, 2356.121
4036.2162199020386, -8.809778e-05, 7.386578e-10, 2357.114
4038.2163059711456, -9.215026e-05, 7.899137e-10, 2358.18
4040.216409444809, -8.867672e-05, 7.489771e-10, 2359.227
4042.2165126800537, -8.809778e-05, 7.297918e-10, 2360.275
4044.2166562080383, -8.867672e-05, 6.550987e-10, 2361.273
4046.2167410850525, -8.867669e-05, 7.69937e-10, 2362.341
4048.216846227646, -9.041349e-05, 6.986489e-10, 2363.309
4050.216982126236, -8.751888e-05, 7.143524e-10, 2364.212
4052.2171211242676, -9.041348e-05, 6.110855e-10, 2365.09
4054.217223405838, -8.86767e-05, 5.99119e-10, 2365.996
4056.217313528061, -8.693996e-05, 6.550975e-10, 2366.959
4058.217431783676, -8.867671e-05, 6.267254e-10, 2367.866
4060.2175645828247, -8.867668e-05, 6.59432e-10, 2368.754
4062.2176575660706, -8.925562e-05, 6.606859e-10, 2369.715
4064.217769384384, -8.867669e-05, 6.393291e-10, 2370.624
4066.2179038524628, -8.693994e-05, 6.477322e-10, 2371.55
4068.218004465103, -8.751887e-05, 6.681e-10, 2372.401
4070.2181012630463, -8.983452e-05, 6.724334e-10, 2373.24
4072.2182338237762, -8.693994e-05, 6.551005e-10, 2374.115
4074.2183706760406, -9.15713e-05, 7.330124e-10, 2374.978
4076.218471288681, -8.92556e-05, 6.6069e-10, 2375.849
4078.2185728549957, -8.925561e-05, 6.99641e-10, 2376.718
4080.218721151352, -8.809776e-05, 6.996404e-10, 2377.508
4082.218855857849, -8.6361e-05, 6.70719e-10, 2378.315
4084.218959569931, -8.751885e-05, 6.536491e-10, 2379.029
4086.219048023224, -8.809776e-05, 6.79538e-10, 2379.899
4088.2191824913025, -8.809777e-05, 6.606871e-10, 2380.686
4090.219287633896, -8.867669e-05, 6.681018e-10, 2381.437
4092.2193908691406, -8.693994e-05, 6.210078e-10, 2382.222
4094.2194905281067, -8.809774e-05, 6.210096e-10, 2383.052
4096.219584465027, -8.6361e-05, 6.858499e-10, 2383.885
4098.219689369202, -8.751885e-05, 6.7061e-10, 2384.684
4100.219790697098, -8.751883e-05, 6.694859e-10, 2385.46
4102.219935178757, -8.98345e-05, 6.210084e-10, 2386.172
4104.220038175583, -8.69399e-05, 6.759978e-10, 2386.892
4106.220132827759, -8.809775e-05, 6.694871e-10, 2387.602
4108.220266819, -9.041341e-05, 6.36581e-10, 2388.305
4110.220350027084, -8.925556e-05, 7.597575e-10, 2389.136
4112.220432758331, -8.925556e-05, 7.244783e-10, 2389.938
4114.220571279526, -8.751883e-05, 6.759978e-10, 2390.576
4116.220660448074, -8.809774e-05, 7.447116e-10, 2391.33
4118.220751523972, -8.867666e-05, 6.750772e-10, 2392.062
4120.22084236145, -8.925555e-05, 7.042427e-10, 2392.892
4122.220932483673, -8.983448e-05, 7.197468e-10, 2393.613
4124.2210257053375, -8.578204e-05, 6.795392e-10, 2394.388
4126.221113681793, -8.751879e-05, 6.75999e-10, 2395.1
4128.221247673035, -9.099233e-05, 7.03187e-10, 2395.812
4130.2213933467865, -8.693989e-05, 6.151636e-10, 2396.561
4132.221497535706, -8.809773e-05, 6.493872e-10, 2397.228
4134.221608400345, -8.867664e-05, 6.309307e-10, 2397.819
4136.221707105637, -8.925556e-05, 6.351326e-10, 2398.397
4138.221795082092, -9.041338e-05, 6.011738e-10, 2399.056
4140.221887588501, -8.751882e-05, 5.904381e-10, 2399.656
4142.221994161606, -8.693989e-05, 6.331995e-10, 2400.231
4144.222100496292, -8.693986e-05, 6.292854e-10, 2400.878
4146.222183942795, -8.867663e-05, 7.398527e-10, 2401.577
4148.2222673892975, -8.86766e-05, 6.551076e-10, 2402.175
4150.222373485565, -8.751881e-05, 6.79541e-10, 2402.796
4152.222455024719, -8.288741e-05, 5.988845e-10, 2403.407
4154.222539901733, -8.983441e-05, 5.790251e-10, 2404.004
4156.22262597084, -8.925555e-05, 6.314397e-10, 2404.649
4158.2227194309235, -8.983444e-05, 6.519402e-10, 2405.222
4160.222808599472, -8.693987e-05, 5.552547e-10, 2405.863
4162.222890138626, -8.636096e-05, 6.171857e-10, 2406.456
4164.222993135452, -8.751877e-05, 5.790269e-10, 2407.03
4166.223098039627, -9.09923e-05, 5.357178e-10, 2407.634
4168.223231315613, -8.809766e-05, 5.929518e-10, 2408.211
4170.223334312439, -8.983447e-05, 6.435364e-10, 2408.725
4172.223440885544, -8.693984e-05, 6.43537e-10, 2409.284
4174.223590135574, -8.751881e-05, 5.790263e-10, 2409.886
4176.223690509796, -8.983444e-05, 6.375553e-10, 2410.531
4178.223792076111, -8.867665e-05, 6.436473e-10, 2411.13
4180.223931789398, -8.867664e-05, 5.72712e-10, 2411.797
4182.224064588547, -8.751876e-05, 5.479042e-10, 2412.459
4184.2241678237915, -8.809769e-05, 6.110932e-10, 2413.165
4186.224256277084, -8.86766e-05, 5.662673e-10, 2413.824
4188.224359750748, -8.867662e-05, 5.34444e-10, 2414.382
4190.224466085434, -8.636095e-05, 5.852067e-10, 2414.893
4192.224614858627, -8.520311e-05, 5.079189e-10, 2415.443
4194.224715232849, -8.751875e-05, 5.614976e-10, 2416.038
4196.224816560745, -8.52031e-05, 6.030675e-10, 2416.604
4198.224927186966, -8.867662e-05, 4.920609e-10, 2417.111
4200.225030660629, -8.578203e-05, 5.019785e-10, 2417.636
4202.225165843964, -8.925551e-05, 5.47903e-10, 2418.247
4204.225309371948, -8.867661e-05, 5.524769e-10, 2418.826
4206.225410699844, -8.520305e-05, 4.564975e-10, 2419.33
4208.225515604019, -8.809768e-05, 4.596449e-10, 2419.795
4210.225618362427, -8.75188e-05, 5.735936e-10, 2420.29
4212.225704908371, -8.809769e-05, 5.951939e-10, 2420.834
4214.225807666779, -8.80977e-05, 5.357208e-10, 2421.391
4216.225910902023, -8.636093e-05, 5.991304e-10, 2421.865
4218.226014614105, -8.462418e-05, 6.782926e-10, 2422.327
4220.226126432419, -8.520309e-05, 4.952991e-10, 2422.79
4222.226231575012, -8.693988e-05, 5.380496e-10, 2423.25
4224.226334571838, -8.751877e-05, 6.151647e-10, 2423.697
4226.226439237595, -8.693986e-05, 6.292884e-10, 2424.148
4228.226548433304, -8.636092e-05, 5.873197e-10, 2424.567
4230.226650476456, -8.925553e-05, 5.308396e-10, 2425.004
4232.226752281189, -8.520312e-05, 6.351344e-10, 2425.48
4234.226849794388, -8.636093e-05, 5.735966e-10, 2426.007
4236.22692990303, -8.867661e-05, 5.735936e-10, 2426.544
4238.227033138275, -9.041338e-05, 6.267324e-10, 2427.093
4240.227134466171, -8.462416e-05, 6.233056e-10, 2427.668
4242.227222442627, -8.693985e-05, 5.790299e-10, 2428.141
4244.227324485779, -8.636089e-05, 6.974066e-10, 2428.576
4246.227408647537, -9.04133e-05, 6.393374e-10, 2428.988
4248.227508306503, -8.636095e-05, 6.826926e-10, 2429.395
4250.227642536163, -8.86766e-05, 5.625974e-10, 2429.842
4252.227727174759, -8.693984e-05, 5.625968e-10, 2430.294
4254.227861166, -8.404525e-05, 5.380514e-10, 2430.821
4256.227956056595, -8.925553e-05, 5.589234e-10, 2431.283
4258.228042840958, -8.809769e-05, 5.18343e-10, 2431.789
4260.228122711182, -8.92555e-05, 5.904418e-10, 2432.295
4262.228216409683, -8.636092e-05, 5.423606e-10, 2432.728
4264.228305101395, -8.80977e-05, 6.091825e-10, 2433.11
4266.228445768356, -8.751877e-05, 5.813357e-10, 2433.51
4268.228867769241, -8.751875e-05, 5.676131e-10, 2433.91
4270.228969573975, -8.520309e-05, 6.051805e-10, 2434.396
4272.229069948196, -8.693985e-05, 5.752255e-10, 2434.875
4274.229153633118, -8.693984e-05, 6.334255e-10, 2435.244
4276.229287624359, -9.099229e-05, 6.334225e-10, 2435.57
4278.229372501373, -8.693984e-05, 5.187187e-10, 2435.938
4280.2294590473175, -8.809771e-05, 6.030681e-10, 2436.369
4282.2295553684235, -8.636092e-05, 6.314415e-10, 2436.801
4284.2296488285065, -8.809768e-05, 5.852085e-10, 2437.23
4286.229740381241, -8.693987e-05, 5.577568e-10, 2437.657
4288.229836463928, -8.636094e-05, 5.891668e-10, 2438.093
4290.229965209961, -8.636092e-05, 5.577586e-10, 2438.604
4292.230102777481, -8.578201e-05, 6.251513e-10, 2439.206
4294.230203151703, -8.867661e-05, 6.127456e-10, 2439.757
4296.230338811874, -8.867662e-05, 5.790263e-10, 2440.176
4298.230428218842, -8.751876e-05, 6.4774e-10, 2440.54
4300.230524778366, -8.925553e-05, 6.151635e-10, 2440.943
4302.23060798645, -8.809769e-05, 6.091825e-10, 2441.317
4304.230705738068, -9.157119e-05, 6.334206e-10, 2441.672
4306.230791091919, -8.867662e-05, 6.792616e-10, 2442.015
4308.2308921813965, -8.983444e-05, 6.579236e-10, 2442.401
4310.23100566864, -8.751876e-05, 5.774717e-10, 2442.814
4312.231112003326, -8.867661e-05, 6.291982e-10, 2443.277
4314.231250286102, -8.751876e-05, 5.92953e-10, 2443.625
4316.2313396930695, -8.809769e-05, 7.077211e-10, 2443.996
4318.231427431107, -8.751879e-05, 6.603446e-10, 2444.305
4320.231533765793, -8.693987e-05, 6.070252e-10, 2444.686
4322.231637001038, -8.809771e-05, 6.393363e-10, 2445.012
4324.23174238205, -8.867663e-05, 7.031895e-10, 2445.335
4326.231842279434, -8.867663e-05, 5.890766e-10, 2445.619
4328.231936454773, -8.809769e-05, 6.045638e-10, 2445.97
4330.232026576996, -8.809769e-05, 6.131838e-10, 2446.301
4332.232129335403, -8.86766e-05, 6.210149e-10, 2446.669
4334.232267618179, -8.867662e-05, 6.131856e-10, 2447.029
4336.232389450073, -8.92555e-05, 6.767789e-10, 2447.356
4338.232555150986, -9.041338e-05, 5.912556e-10, 2447.753
4340.232689380646, -8.867661e-05, 6.006933e-10, 2448.104
4342.232826471329, -8.520309e-05, 6.840106e-10, 2448.472
4344.23296546936, -8.809769e-05, 6.782931e-10, 2448.79
4346.233060359955, -8.693984e-05, 6.536575e-10, 2449.158
4348.233154535294, -8.693986e-05, 6.941264e-10, 2449.525
4350.233249902725, -8.809768e-05, 6.706147e-10, 2449.858
4352.233350038528, -8.751876e-05, 6.616841e-10, 2450.199
4354.233451128006, -8.751877e-05, 6.408554e-10, 2450.541
4356.2335729599, -8.809768e-05, 6.840106e-10, 2450.882
4358.233710050583, -8.751875e-05, 6.536587e-10, 2451.204
4360.233813047409, -8.867661e-05, 5.971718e-10, 2451.611
4362.233950138092, -8.809768e-05, 6.151647e-10, 2452.06
4364.2340569496155, -9.041337e-05, 6.694901e-10, 2452.413
4366.234161615372, -8.86766e-05, 5.991322e-10, 2452.8
4368.234256505966, -8.636092e-05, 6.131874e-10, 2453.097
4370.234391927719, -9.15712e-05, 5.951969e-10, 2453.435
4372.234494447708, -8.925553e-05, 6.694925e-10, 2453.755
4374.234600543976, -8.925555e-05, 6.309366e-10, 2454.103
4376.2347407341, -8.867661e-05, 6.594445e-10, 2454.501
4378.234829425812, -8.867658e-05, 5.524806e-10, 2454.862
4380.234921693802, -8.578201e-05, 6.29286e-10, 2455.229
4382.235055923462, -8.578199e-05, 6.131887e-10, 2455.476
4384.235134601593, -8.520309e-05, 6.091825e-10, 2455.811
4386.235234737396, -8.809768e-05, 6.292884e-10, 2456.184
4388.2353410720825, -8.867662e-05, 5.929506e-10, 2456.594
4390.235449314117, -9.099228e-05, 6.458331e-10, 2457.011
4392.2355427742, -9.099229e-05, 6.493895e-10, 2457.417
4394.235649108887, -8.809769e-05, 5.95198e-10, 2457.854
4396.235753059387, -8.92555e-05, 5.625981e-10, 2458.22
4398.235853433609, -8.983444e-05, 5.790287e-10, 2458.516
4400.235944509506, -8.867663e-05, 5.876683e-10, 2458.766
4402.236043691635, -8.809769e-05, 6.045618e-10, 2459.036
4404.236178636551, -8.809769e-05, 5.866362e-10, 2459.3
4406.236273765564, -8.925553e-05, 5.790305e-10, 2459.518
4408.236382961273, -8.462419e-05, 6.518958e-10, 2459.823
4410.236518621445, -8.636089e-05, 6.594404e-10, 2460.119
4412.23662853241, -8.983444e-05, 5.352797e-10, 2460.347
4414.236727714539, -9.041336e-05, 5.99131e-10, 2460.606
4416.236819028854, -8.86766e-05, 5.452639e-10, 2460.869
4418.23691534996, -8.867662e-05, 5.727143e-10, 2461.178
4420.237011432648, -8.751878e-05, 6.536593e-10, 2461.454
4422.237113714218, -8.693984e-05, 5.852085e-10, 2461.755
4424.237205505371, -8.809766e-05, 5.951939e-10, 2462.053
4426.237298488617, -8.809769e-05, 5.459026e-10, 2462.335
4428.237395524979, -8.983447e-05, 7.423452e-10, 2462.678
4430.2375111579895, -8.92555e-05, 7.799332e-10, 2463.031
4432.237645626068, -9.215015e-05, 7.180373e-10, 2463.354
4434.237744092941, -8.80977e-05, 7.646896e-10, 2463.636
4436.237854719162, -8.867662e-05, 7.699465e-10, 2463.925
4438.237956047058, -8.92555e-05, 8.421636e-10, 2464.187
4440.238049030304, -8.751878e-05, 7.349932e-10, 2464.482
4442.238221406937, -8.80977e-05, 7.548339e-10, 2464.755
4444.238309383392, -8.867662e-05, 7.301314e-10, 2465.043
4446.2384469509125, -8.578201e-05, 7.399885e-10, 2465.303
4448.238540887833, -8.693985e-05, 6.488113e-10, 2465.528
4450.238627195358, -8.693986e-05, 7.050358e-10, 2465.857
4452.238726377487, -8.520305e-05, 6.451227e-10, 2466.105
4454.238862752914, -8.520309e-05, 6.706128e-10, 2466.411
4456.2389924526215, -8.751878e-05, 7.599586e-10, 2466.636
4458.239099740982, -8.925552e-05, 7.447175e-10, 2466.913
4460.2392036914825, -8.751879e-05, 8.005675e-10, 2467.179
4462.23931312561, -8.809766e-05, 7.154145e-10, 2467.415
4464.239449501038, -8.693981e-05, 8.194097e-10, 2467.682
4466.23956155777, -8.867661e-05, 6.805322e-10, 2467.971
4468.239666938782, -8.636092e-05, 7.649525e-10, 2468.163
4470.239773035049, -8.693984e-05, 7.055612e-10, 2468.421
4472.239874124527, -8.75187e-05, 6.812592e-10, 2468.638
4474.239954710007, -8.867658e-05, 7.649525e-10, 2468.864
4476.240040540695, -8.983447e-05, 6.795469e-10, 2469.082
4478.240144252777, -8.925546e-05, 7.05037e-10, 2469.337
4480.2402403354645, -8.983442e-05, 7.042445e-10, 2469.592
4482.240329027176, -8.636088e-05, 6.760018e-10, 2469.84
4484.24041557312, -8.578201e-05, 6.895977e-10, 2470.103
4486.24050116539, -8.809764e-05, 6.895948e-10, 2470.401
4488.2406005859375, -8.867661e-05, 7.85187e-10, 2470.729
4490.240707159042, -8.636092e-05, 7.292158e-10, 2471.039
4492.240802526474, -8.925551e-05, 6.996492e-10, 2471.302
4494.240902662277, -8.983444e-05, 6.738937e-10, 2471.547
4496.24098944664, -8.693985e-05, 7.00371e-10, 2471.838
4498.241077423096, -8.925553e-05, 7.008315e-10, 2472.076
4500.241214990616, -8.693984e-05, 7.843906e-10, 2472.37
4502.241320848465, -8.867659e-05, 7.393958e-10, 2472.68
4504.241459131241, -8.578203e-05, 7.203386e-10, 2472.971
4506.241546630859, -8.520311e-05, 7.345993e-10, 2473.29
4508.241648435593, -8.693987e-05, 7.398569e-10, 2473.539
4510.241776704788, -8.69398e-05, 6.030687e-10, 2473.831
4512.241860151291, -8.578201e-05, 6.435412e-10, 2474.093
4514.241991043091, -8.751876e-05, 6.334388e-10, 2474.381
4516.242081165314, -8.636093e-05, 6.669387e-10, 2474.696
4518.242165327072, -8.462417e-05, 6.61683e-10, 2474.946
4520.242256641388, -8.404526e-05, 7.003763e-10, 2475.207
4522.242343425751, -8.809769e-05, 6.706152e-10, 2475.44
4524.242435455322, -8.578201e-05, 5.175758e-10, 2475.683
4526.242524862289, -8.809772e-05, 7.750747e-10, 2475.944
4528.242624998093, -8.578201e-05, 7.447163e-10, 2476.147
4530.242727994919, -8.809768e-05, 7.252672e-10, 2476.431
4532.242831707001, -8.636095e-05, 7.549664e-10, 2476.616
4534.24293088913, -8.693986e-05, 6.910448e-10, 2476.827
4536.2430300712585, -8.925555e-05, 7.197503e-10, 2477.128
4538.243116140366, -8.693985e-05, 6.957119e-10, 2477.352
4540.243198156357, -8.809769e-05, 6.904534e-10, 2477.567
4542.243291854858, -8.751879e-05, 6.904516e-10, 2477.898
4544.243393421173, -8.462416e-05, 7.449811e-10, 2478.219
4546.243489980698, -8.636095e-05, 7.649501e-10, 2478.419
4548.243586063385, -8.578203e-05, 6.533411e-10, 2478.719
4550.243692874908, -8.867661e-05, 7.102927e-10, 2479.015
4552.243807077408, -8.809772e-05, 7.549617e-10, 2479.3
4554.243908166885, -8.92555e-05, 7.20212e-10, 2479.645
4556.244005918503, -8.867661e-05, 7.851888e-10, 2479.843
4558.244140386581, -8.86766e-05, 7.102904e-10, 2480.014
4560.244282007217, -8.809771e-05, 7.25269e-10, 2480.26
4562.244391441345, -8.925553e-05, 7.102897e-10, 2480.46
4564.244519710541, -8.809768e-05, 6.850638e-10, 2480.707
4566.244623422623, -8.809769e-05, 7.548289e-10, 2481.059
4568.244736433029, -8.809769e-05, 6.606918e-10, 2481.267
4570.244840621948, -8.867663e-05, 7.25001e-10, 2481.497
4572.244979858398, -8.925555e-05, 7.593019e-10, 2481.691
4574.2451157569885, -8.809771e-05, 6.621892e-10, 2482.004
4576.24525308609, -8.809771e-05, 7.102915e-10, 2482.264
4578.2453553676605, -8.983447e-05, 6.750808e-10, 2482.508
4580.245454788208, -8.693984e-05, 6.870897e-10, 2482.77
4582.245586395264, -8.983444e-05, 5.65851e-10, 2483.004
4584.245683670044, -8.809767e-05, 6.408548e-10, 2483.25
4586.245782852173, -9.041337e-05, 6.805304e-10, 2483.539
4588.245885133743, -8.693986e-05, 6.151659e-10, 2483.815
4590.245982408524, -8.693984e-05, 6.650942e-10, 2484.04
4592.2460832595825, -8.751877e-05, 6.594428e-10, 2484.247
4594.246182918549, -8.693984e-05, 6.323207e-10, 2484.459
4596.246281147003, -8.983446e-05, 6.895936e-10, 2484.699
4598.246381521225, -8.751875e-05, 5.368861e-10, 2484.87
4600.246462583542, -8.809769e-05, 5.890837e-10, 2485.063
4602.246595859528, -8.578203e-05, 6.323178e-10, 2485.3
4604.246730566025, -8.75188e-05, 6.292842e-10, 2485.488
4606.246868848801, -8.867664e-05, 5.676131e-10, 2485.646
4608.2469828128815, -8.751879e-05, 6.091795e-10, 2485.786
4610.247085809708, -8.751877e-05, 7.088439e-10, 2485.964
4612.247196435928, -8.983444e-05, 6.884744e-10, 2486.213
4614.247339010239, -8.867663e-05, 7.180385e-10, 2486.419
4616.24746966362, -8.520309e-05, 6.127421e-10, 2486.642
4618.247603416443, -8.636093e-05, 6.451204e-10, 2486.851
4620.247713804245, -8.751876e-05, 6.292848e-10, 2487.074
4622.247815132141, -8.867663e-05, 6.579236e-10, 2487.286
4624.24794960022, -8.809768e-05, 6.365869e-10, 2487.493
4626.248055934906, -8.578203e-05, 5.488743e-10, 2487.706
4628.248163700104, -8.578198e-05, 5.833826e-10, 2487.882
4630.248270988464, -8.578203e-05, 5.794438e-10, 2488.153
4632.248374223709, -8.462419e-05, 6.127432e-10, 2488.42
4634.248475313187, -8.925553e-05, 6.110944e-10, 2488.681
4636.248566627502, -8.925555e-05, 7.349909e-10, 2488.851
4638.248674154282, -8.925555e-05, 7.29208e-10, 2489.021
4640.248769044876, -8.925556e-05, 6.996457e-10, 2489.245
4642.2488758563995, -8.578202e-05, 6.904516e-10, 2489.561
4644.2490158081055, -8.751879e-05, 6.351332e-10, 2489.791
4646.249108791351, -8.636094e-05, 6.89596e-10, 2490.018
4648.24920630455, -8.809769e-05, 6.664565e-10, 2490.196
4650.249291181564, -8.983444e-05, 6.650912e-10, 2490.39
4652.249401330948, -8.809771e-05, 6.782895e-10, 2490.577
4654.249501466751, -9.041337e-05, 7.042456e-10, 2490.754
4656.249616384506, -8.925556e-05, 8.003719e-10, 2490.964
4658.249729156494, -8.86766e-05, 7.250055e-10, 2491.142
4660.249820947647, -8.86766e-05, 6.85854e-10, 2491.342
4662.249915361404, -8.751879e-05, 6.251489e-10, 2491.518
4664.250019788742, -9.041336e-05, 7.393928e-10, 2491.724
4666.250107526779, -8.636092e-05, 6.225317e-10, 2491.899
4668.250198841095, -8.693987e-05, 6.421079e-10, 2492.087
4670.250293493271, -8.867662e-05, 7.800592e-10, 2492.243
4672.250386238098, -8.809769e-05, 6.90454e-10, 2492.397
4674.25048160553, -8.693987e-05, 6.493901e-10, 2492.579
4676.2505786418915, -8.693987e-05, 6.863817e-10, 2492.752
4678.250710725784, -8.751876e-05, 6.805293e-10, 2493.031
4680.250813007355, -8.925551e-05, 6.795421e-10, 2493.268
4682.250904798508, -8.867662e-05, 6.805304e-10, 2493.449
4684.25100851059, -8.578201e-05, 6.805317e-10, 2493.65
4686.25111413002, -8.404526e-05, 7.6981e-10, 2493.922
4688.251206159592, -8.578206e-05, 7.797282e-10, 2494.159
4690.25134396553, -8.578203e-05, 7.055617e-10, 2494.337
4692.251446247101, -8.809772e-05, 6.669358e-10, 2494.562
4694.251535177231, -8.520314e-05, 6.840077e-10, 2494.743
4696.251647472382, -8.867663e-05, 6.750778e-10, 2494.895
4698.251780033112, -8.693984e-05, 6.910488e-10, 2495.151
4700.251923322678, -8.462419e-05, 7.204054e-10, 2495.308
4702.252060651779, -8.404528e-05, 6.183303e-10, 2495.439
4704.252195596695, -8.520312e-05, 6.572152e-10, 2495.57
4706.252310037613, -8.809767e-05, 6.210137e-10, 2495.747
4708.252440452576, -8.636096e-05, 6.941281e-10, 2495.934
4710.252534866333, -8.809769e-05, 6.36584e-10, 2496.096
4712.252668142319, -8.346637e-05, 5.175717e-10, 2496.341
4714.252770662308, -8.520312e-05, 5.295386e-10, 2496.48
4716.25287437439, -8.462421e-05, 5.833785e-10, 2496.67
4718.25297665596, -8.578204e-05, 5.561952e-10, 2496.866
4720.253070354462, -8.983444e-05, 5.697226e-10, 2497.119
4722.25315284729, -8.693983e-05, 5.951927e-10, 2497.313
4724.253259181976, -8.636095e-05, 6.23783e-10, 2497.502
4726.253342628479, -8.404526e-05, 6.50773e-10, 2497.709
4728.253444671631, -8.809769e-05, 5.873186e-10, 2497.949
4730.253530025482, -8.404526e-05, 5.65855e-10, 2498.123
4732.253612518311, -8.693989e-05, 5.931687e-10, 2498.331
4734.253747224808, -9.041337e-05, 7.102897e-10, 2498.525
4736.253833055496, -8.693987e-05, 6.070252e-10, 2498.751
4738.2539710998535, -8.636095e-05, 7.150218e-10, 2498.964
4740.254098892212, -8.578205e-05, 6.323172e-10, 2499.173
4742.254233837128, -8.578204e-05, 6.910436e-10, 2499.352
4744.254324674606, -8.636095e-05, 6.996474e-10, 2499.502
4746.254467725754, -8.636097e-05, 6.421056e-10, 2499.644
4748.254586696625, -8.52031e-05, 5.774623e-10, 2499.813
4750.2547199726105, -8.636097e-05, 5.73596e-10, 2500.018
4752.254853963852, -8.693987e-05, 5.61494e-10, 2500.29
4754.254991769791, -8.693989e-05, 6.292836e-10, 2500.527
4756.255093097687, -8.636095e-05, 5.866338e-10, 2500.689
4758.255199670792, -8.693986e-05, 6.151624e-10, 2500.843
4760.255286693573, -8.578205e-05, 6.393357e-10, 2500.984
4762.255398988724, -8.693987e-05, 6.15163e-10, 2501.095
4764.2555022239685, -8.751878e-05, 6.168785e-10, 2501.262
4766.255606651306, -8.636097e-05, 6.151636e-10, 2501.359
4768.255712270737, -9.099227e-05, 5.912557e-10, 2501.529
4770.255818843842, -8.925555e-05, 6.334194e-10, 2501.706
4772.255953550339, -9.041338e-05, 6.309319e-10, 2501.954
4774.256055355072, -8.636097e-05, 6.551064e-10, 2502.152
4776.256184577942, -9.099231e-05, 7.244795e-10, 2502.338
4778.256275653839, -9.041338e-05, 6.854445e-10, 2502.485
4780.256387472153, -9.04134e-05, 6.540963e-10, 2502.635
4782.256469488144, -9.04134e-05, 6.408566e-10, 2502.784
4784.256584882736, -8.925556e-05, 7.33942e-10, 2502.913
4786.256712913513, -8.925555e-05, 5.31736e-10, 2503.065
4788.256797552109, -8.983447e-05, 6.870885e-10, 2503.236
4790.2568962574005, -8.751878e-05, 5.153082e-10, 2503.401
4792.256984710693, -8.751876e-05, 6.594398e-10, 2503.586
4794.257082223892, -8.983447e-05, 6.750766e-10, 2503.777
4796.2571885585785, -8.751879e-05, 6.091867e-10, 2503.906
4798.257291793823, -8.809771e-05, 5.912533e-10, 2504.131
4800.257379055023, -8.751879e-05, 6.314404e-10, 2504.326
4802.2574853897095, -8.925553e-05, 6.840118e-10, 2504.567
4804.257588148117, -8.693988e-05, 6.706088e-10, 2504.722
4806.257727384567, -8.925558e-05, 7.244783e-10, 2504.926
4808.257838726044, -8.636097e-05, 6.045594e-10, 2505.104
4810.25793838501, -8.809772e-05, 7.449745e-10, 2505.293
4812.2580444812775, -8.404528e-05, 6.507688e-10, 2505.45
4814.258142232895, -8.751881e-05, 7.49903e-10, 2505.606
4816.258243083954, -8.693986e-05, 7.499042e-10, 2505.718
4818.258343219757, -8.69399e-05, 7.134354e-10, 2505.849
4820.258478403091, -8.867666e-05, 7.244777e-10, 2506.042
4822.258583784103, -9.099233e-05, 6.840088e-10, 2506.23
4824.2586715221405, -8.925556e-05, 7.197475e-10, 2506.422
4826.258807182312, -8.636098e-05, 7.096971e-10, 2506.603
4828.258912563324, -8.983448e-05, 6.435352e-10, 2506.734
4830.259014844894, -8.983445e-05, 7.44188e-10, 2506.891
4832.259114265442, -8.809772e-05, 7.497667e-10, 2507.112
4834.259220838547, -8.809774e-05, 6.974042e-10, 2507.299
4836.259329795837, -8.636096e-05, 7.449745e-10, 2507.5
4838.259432554245, -8.867666e-05, 7.339371e-10, 2507.663
4840.2595427036285, -8.80977e-05, 7.1502e-10, 2507.772
4842.259649038315, -8.578202e-05, 6.351361e-10, 2507.917
4844.2597579956055, -9.041337e-05, 6.812575e-10, 2508.1
4846.259845972061, -8.751882e-05, 7.050346e-10, 2508.272
4848.259932041168, -9.099232e-05, 7.00368e-10, 2508.404
4850.260038137436, -8.867666e-05, 7.244783e-10, 2508.577
4852.260141372681, -8.925557e-05, 7.106159e-10, 2508.693
4854.2602298259735, -8.693989e-05, 6.706082e-10, 2508.877
4856.260318517685, -8.693989e-05, 7.499707e-10, 2509.074
4858.260425567627, -8.520314e-05, 7.154122e-10, 2509.211
4860.260538339615, -8.462423e-05, 7.106233e-10, 2509.349
4862.260627508163, -8.693987e-05, 6.669336e-10, 2509.516
4864.260739564896, -8.809774e-05, 6.706082e-10, 2509.692
4866.260829210281, -8.751881e-05, 7.398527e-10, 2509.863
4868.260973930359, -8.693989e-05, 6.464413e-10, 2510.072
4870.261075258255, -8.867664e-05, 6.795391e-10, 2510.302
4872.261164903641, -8.867665e-05, 6.782877e-10, 2510.448
4874.261268377304, -8.983448e-05, 6.694889e-10, 2510.649
4876.26137471199, -8.751881e-05, 6.706088e-10, 2510.86
4878.261468410492, -8.809774e-05, 5.488695e-10, 2511.043
4880.261570692062, -8.867664e-05, 5.988827e-10, 2511.204
4882.261682510376, -8.983447e-05, 6.477407e-10, 2511.296
4884.261784315109, -8.809772e-05, 5.652317e-10, 2511.457
4886.261886835098, -8.925555e-05, 5.599991e-10, 2511.61
4888.261989355087, -8.809772e-05, 6.070252e-10, 2511.731
4890.262095928192, -8.809772e-05, 7.190232e-10, 2511.886
4892.262187719345, -8.751876e-05, 6.051776e-10, 2512.008
4894.2622883319855, -8.867665e-05, 5.524769e-10, 2512.206
4896.26237988472, -8.462418e-05, 6.091813e-10, 2512.388
4898.262487649918, -8.751879e-05, 5.727126e-10, 2512.511
4900.2625732421875, -8.693989e-05, 6.233008e-10, 2512.694
4902.262676477432, -8.751881e-05, 5.600032e-10, 2512.862
4904.262763738632, -8.636097e-05, 6.110908e-10, 2513.01
4906.262867689133, -8.69399e-05, 6.375522e-10, 2513.12
4908.262971878052, -8.636097e-05, 6.594362e-10, 2513.266
4910.263067722321, -8.693992e-05, 7.649484e-10, 2513.418
4912.263173341751, -8.578202e-05, 6.091795e-10, 2513.626
4914.263265371323, -8.809774e-05, 6.086051e-10, 2513.774
4916.263353586197, -8.636097e-05, 5.790221e-10, 2513.983
4918.263443470001, -8.751879e-05, 4.919506e-10, 2514.207
4920.263558626175, -8.751881e-05, 6.267277e-10, 2514.343
4922.2636659145355, -8.809774e-05, 5.813339e-10, 2514.531
4924.263752698898, -8.520312e-05, 5.308337e-10, 2514.733
4926.263848781586, -8.69399e-05, 6.606888e-10, 2514.95
4928.263950586319, -8.69399e-05, 5.931646e-10, 2515.121
4930.264051914215, -8.346637e-05, 6.110915e-10, 2515.285
4932.264159679413, -8.636096e-05, 6.759989e-10, 2515.464
4934.264260292053, -8.867666e-05, 6.430923e-10, 2515.567
4936.264358997345, -8.693989e-05, 5.961983e-10, 2515.69
4938.26446056366, -8.809774e-05, 6.408524e-10, 2515.826
4940.264544963837, -8.636098e-05, 6.280487e-10, 2515.995
4942.264626026154, -8.346637e-05, 6.070258e-10, 2516.15
4944.264707326889, -8.288745e-05, 5.148654e-10, 2516.318
4946.2647976875305, -8.693989e-05, 6.127391e-10, 2516.454
4948.264898061752, -8.69399e-05, 5.308331e-10, 2516.606
4950.264983177185, -8.925556e-05, 4.886074e-10, 2516.732
4952.265063524246, -8.404531e-05, 5.295375e-10, 2516.828
4954.26517367363, -8.636095e-05, 6.309313e-10, 2516.967
4956.265264034271, -8.636095e-05, 4.56143e-10, 2517.072
4958.265359163284, -8.578206e-05, 4.852626e-10, 2517.209
4960.26545882225, -8.46242e-05, 4.436088e-10, 2517.366
4962.265557050705, -8.578204e-05, 5.658487e-10, 2517.479
4964.265678167343, -8.520312e-05, 5.790251e-10, 2517.616
4966.265820741653, -8.693989e-05, 6.365857e-10, 2517.758
4968.265908956528, -8.809772e-05, 6.749899e-10, 2517.903
4970.266005277634, -8.636097e-05, 6.309289e-10, 2518.032
4972.26610827446, -8.462422e-05, 5.388163e-10, 2518.206
4974.266215324402, -8.636094e-05, 5.599961e-10, 2518.379
4976.266350030899, -8.983449e-05, 6.393345e-10, 2518.489
4978.266434669495, -8.520314e-05, 5.833774e-10, 2518.652
4980.266544342041, -8.751878e-05, 6.011738e-10, 2518.787
4982.266681909561, -8.404533e-05, 6.267307e-10, 2518.908
4984.266824960709, -8.462418e-05, 5.755073e-10, 2519.098
4986.266928911209, -8.751881e-05, 5.714134e-10, 2519.198
4988.267012119293, -8.636097e-05, 6.091801e-10, 2519.379
4990.2671020030975, -8.75188e-05, 5.971702e-10, 2519.519
4992.267197370529, -8.925555e-05, 6.89596e-10, 2519.676
4994.267302751541, -9.041341e-05, 5.0866e-10, 2519.821
4996.267390966415, -8.925556e-05, 6.579206e-10, 2519.927
4998.267488002777, -8.98345e-05, 6.594362e-10, 2520.125
5000.267580986023, -8.636099e-05, 5.287635e-10, 2520.263
5002.267671823502, -9.041338e-05, 5.83928e-10, 2520.387
5004.267766237259, -8.809775e-05, 6.493842e-10, 2520.525
5006.267854213715, -8.983447e-05, 5.752159e-10, 2520.661
5008.267960548401, -8.693989e-05, 6.171839e-10, 2520.806
5010.268067359924, -8.751882e-05, 6.393345e-10, 2520.971
5012.2681567668915, -8.98345e-05, 6.070009e-10, 2521.104
5014.268258571625, -8.809775e-05, 6.029525e-10, 2521.221
5016.268346786499, -8.751882e-05, 5.246509e-10, 2521.379
5018.268451690674, -8.578204e-05, 4.920543e-10, 2521.468
5020.268548488617, -8.867665e-05, 5.221207e-10, 2521.585
5022.268652677536, -8.578203e-05, 5.44226e-10, 2521.719
5024.268800020218, -8.69399e-05, 5.502744e-10, 2521.896
5026.268901109695, -8.751883e-05, 4.789238e-10, 2522.047
5028.269003868103, -8.172962e-05, 5.113884e-10, 2522.154
5030.269113779068, -8.636097e-05, 5.211096e-10, 2522.261
5032.269250154495, -8.578208e-05, 4.886046e-10, 2522.418
5034.269364356995, -8.462421e-05, 5.948142e-10, 2522.496
5036.269456148148, -8.69399e-05, 6.334177e-10, 2522.61
5038.269552230835, -8.462422e-05, 5.794415e-10, 2522.724
5040.269656658173, -8.578204e-05, 6.518905e-10, 2522.89
5042.2697496414185, -8.462421e-05, 5.891633e-10, 2523.012
5044.26984167099, -8.693991e-05, 5.416523e-10, 2523.126
5046.269949913025, -8.6361e-05, 5.368803e-10, 2523.263
5048.270037412643, -8.751885e-05, 5.790197e-10, 2523.411
5050.270123958588, -8.578207e-05, 4.756711e-10, 2523.526
5052.270231723785, -8.520314e-05, 5.524757e-10, 2523.627
5054.27034163475, -8.578207e-05, 5.427995e-10, 2523.726
5056.2704339027405, -8.578206e-05, 5.931646e-10, 2523.866
5058.270548343658, -8.578203e-05, 5.246514e-10, 2524.019
5060.2706344127655, -8.867669e-05, 4.169887e-10, 2524.13
5062.270715475082, -8.520317e-05, 5.637999e-10, 2524.181
5064.270805358887, -8.404534e-05, 5.912515e-10, 2524.281
5066.27091217041, -8.462419e-05, 5.211148e-10, 2524.448
5068.27100944519, -8.578207e-05, 5.332064e-10, 2524.608
5070.271102428436, -8.751878e-05, 5.851578e-10, 2524.732
5072.271191358566, -8.578206e-05, 5.614911e-10, 2524.878
5074.271283864975, -8.751883e-05, 5.662648e-10, 2525.068
5076.271378517151, -8.751883e-05, 4.982597e-10, 2525.191
5078.271481752396, -8.636098e-05, 5.423618e-10, 2525.325
5080.271616697311, -8.867666e-05, 5.961972e-10, 2525.488
5082.271723747253, -8.636097e-05, 5.552439e-10, 2525.612
5084.271860837936, -8.57821e-05, 6.091759e-10, 2525.748
5086.271966218948, -8.693992e-05, 6.211858e-10, 2525.843
5088.272071123123, -8.6361e-05, 6.151594e-10, 2525.936
5090.272180557251, -8.520312e-05, 5.614917e-10, 2525.994
5092.272271871567, -8.520313e-05, 5.272239e-10, 2526.135
5094.272386074066, -8.69399e-05, 4.553861e-10, 2526.28
5096.272505998611, -8.462423e-05, 4.722155e-10, 2526.434
5098.272593975067, -8.69399e-05, 5.416523e-10, 2526.567
5100.2726855278015, -8.462425e-05, 4.403288e-10, 2526.665
5102.272781133652, -8.462419e-05, 5.016695e-10, 2526.745
5104.2728724479675, -8.404528e-05, 4.692931e-10, 2526.918
5106.272977352142, -8.751882e-05, 6.070022e-10, 2527.074
5108.273060321808, -8.520313e-05, 5.515722e-10, 2527.232
5110.273147106171, -8.462425e-05, 4.596385e-10, 2527.376
5112.273231267929, -8.693992e-05, 4.753624e-10, 2527.474
5114.273365497589, -8.751883e-05, 5.689688e-10, 2527.586
5116.2734525203705, -8.520309e-05, 4.690729e-10, 2527.709
5118.273543834686, -8.578208e-05, 5.183389e-10, 2527.824
5120.273679733276, -8.520312e-05, 5.912509e-10, 2527.926
5122.273782253265, -8.809775e-05, 6.070263e-10, 2528.042
5124.273866415024, -8.57821e-05, 5.552439e-10, 2528.167
5126.273974657059, -8.578207e-05, 5.488689e-10, 2528.327
5128.2740597724915, -8.751884e-05, 4.690711e-10, 2528.476
5130.274173974991, -8.462423e-05, 6.051746e-10, 2528.656
5132.274278879166, -8.69399e-05, 4.789238e-10, 2528.797
5134.274364233017, -8.404528e-05, 5.05077e-10, 2528.954
5136.274448871613, -8.693991e-05, 4.85503e-10, 2529.109
5138.274557828903, -8.693992e-05, 6.66454e-10, 2529.229
5140.274660587311, -8.6361e-05, 6.051728e-10, 2529.286
5142.27475643158, -8.578209e-05, 6.309301e-10, 2529.387
5144.274857759476, -8.809775e-05, 5.577533e-10, 2529.444
5146.274946689606, -8.693991e-05, 6.210108e-10, 2529.499
5148.275048971176, -8.520317e-05, 5.676061e-10, 2529.662
5150.275150775909, -8.636102e-05, 5.619748e-10, 2529.789
5152.275235891342, -8.69399e-05, 5.175688e-10, 2529.917
5154.275313138962, -8.578206e-05, 5.873157e-10, 2530.01
5156.275403022766, -8.809775e-05, 4.986323e-10, 2530.099
5158.275505065918, -8.6361e-05, 5.442265e-10, 2530.2
5160.275603294373, -8.520315e-05, 5.658481e-10, 2530.332
5162.275692224503, -8.520314e-05, 6.4309e-10, 2530.404
5164.275797367096, -8.520316e-05, 5.478976e-10, 2530.556
5166.275903224945, -8.693992e-05, 5.599956e-10, 2530.646
5168.276009082794, -8.751884e-05, 6.168732e-10, 2530.787
5170.276088476181, -8.462425e-05, 5.352731e-10, 2530.925
5172.27617931366, -8.578208e-05, 5.28191e-10, 2531.091
5174.276258945465, -8.867666e-05, 5.524727e-10, 2531.28
5176.276361465454, -8.578209e-05, 5.890723e-10, 2531.339
5178.276443481445, -8.636098e-05, 5.540138e-10, 2531.492
5180.276586055756, -8.578209e-05, 5.308296e-10, 2531.589
5182.276684999466, -8.751884e-05, 5.714092e-10, 2531.754
5184.276772737503, -8.520316e-05, 5.774588e-10, 2531.832
5186.276865243912, -8.809775e-05, 6.267254e-10, 2531.961
5188.276942491531, -8.92556e-05, 5.714122e-10, 2532.099
5190.27702999115, -8.636103e-05, 6.225247e-10, 2532.144
5192.277132511139, -8.925561e-05, 5.929422e-10, 2532.246
5194.277217626572, -8.809774e-05, 6.334152e-10, 2532.393
5196.277298927307, -8.983451e-05, 6.43531e-10, 2532.52
5198.277403831482, -8.809777e-05, 6.694836e-10, 2532.611
5200.277511835098, -8.925561e-05, 5.287599e-10, 2532.724
5202.277647018433, -8.57821e-05, 6.127375e-10, 2532.898
5204.277782917023, -8.751887e-05, 5.676031e-10, 2533.025
5206.27786898613, -8.809778e-05, 6.393291e-10, 2533.183
5208.278004169464, -8.80978e-05, 6.251406e-10, 2533.324
5210.278094768524, -8.6361e-05, 6.006871e-10, 2533.41
5212.278187513351, -8.751885e-05, 5.540121e-10, 2533.517
5214.278276920319, -8.751883e-05, 6.210108e-10, 2533.632
5216.278358697891, -8.578209e-05, 5.699347e-10, 2533.716
5218.278462648392, -8.57821e-05, 6.351302e-10, 2533.807
5220.278574705124, -8.578209e-05, 5.931629e-10, 2533.913
5222.278656959534, -8.578208e-05, 6.351314e-10, 2534.054
5224.278735637665, -8.86767e-05, 5.153004e-10, 2534.095
5226.278873682022, -8.925561e-05, 5.929434e-10, 2534.219
5228.278973579407, -8.6361e-05, 6.091735e-10, 2534.367
5230.279074668884, -8.867666e-05, 6.070009e-10, 2534.447
5232.279163837433, -9.041344e-05, 5.452561e-10, 2534.505
5234.27935385704, -8.925562e-05, 5.388096e-10, 2534.586
5236.279487371445, -8.6361e-05, 6.273633e-10, 2534.725
5238.279581308365, -9.041346e-05, 6.680994e-10, 2534.854
5240.2797174453735, -8.925561e-05, 7.055549e-10, 2535.008
5242.279797792435, -8.693992e-05, 6.188115e-10, 2535.184
5244.279934883118, -8.636102e-05, 5.929428e-10, 2535.395
5246.2800216674805, -9.041345e-05, 5.352725e-10, 2535.589
5248.280125141144, -8.751887e-05, 5.852002e-10, 2535.618
5250.280227661133, -8.751885e-05, 5.515722e-10, 2535.742
5252.280364274979, -8.925561e-05, 5.951867e-10, 2535.852
5254.280462503433, -8.636102e-05, 5.423521e-10, 2535.957
5256.280573129654, -8.6361e-05, 5.652281e-10, 2536.072
5258.2807075977325, -8.809776e-05, 6.131802e-10, 2536.229
5260.280784606934, -8.578206e-05, 6.458221e-10, 2536.358
5262.2808718681335, -8.983454e-05, 7.499001e-10, 2536.446
5264.281007528305, -8.636102e-05, 5.890736e-10, 2536.534
5266.2810962200165, -8.636103e-05, 6.519359e-10, 2536.685
5268.281193971634, -8.578211e-05, 4.986287e-10, 2536.822
5270.281275033951, -8.751885e-05, 5.614887e-10, 2536.985
5272.2813584804535, -8.578211e-05, 5.357141e-10, 2537.062
5274.28146314621, -8.751885e-05, 6.232966e-10, 2537.16
5276.2815725803375, -8.57821e-05, 5.053138e-10, 2537.184
5278.28165602684, -8.578209e-05, 5.478971e-10, 2537.288
5280.281742572784, -8.751887e-05, 5.515693e-10, 2537.371
5282.281847476959, -9.041346e-05, 5.912474e-10, 2537.445
5284.281931638718, -8.751881e-05, 6.051698e-10, 2537.56
5286.282036066055, -8.636102e-05, 6.051722e-10, 2537.665
5288.2821753025055, -8.693993e-05, 5.890724e-10, 2537.767
5290.282286643982, -8.346642e-05, 5.833733e-10, 2537.879
5292.282388687134, -8.693994e-05, 5.084809e-10, 2538.037
5294.282524585724, -8.809774e-05, 5.727083e-10, 2538.106
5296.282607793808, -8.86767e-05, 5.929428e-10, 2538.186
5298.282743215561, -8.809776e-05, 5.727077e-10, 2538.286
5300.282874107361, -8.520317e-05, 4.952903e-10, 2538.373
5302.282978057861, -8.751883e-05, 5.016666e-10, 2538.473
5304.283084869385, -8.693995e-05, 4.855013e-10, 2538.552
5306.283174037933, -8.636102e-05, 5.344358e-10, 2538.661
5308.283318519592, -8.578206e-05, 5.211066e-10, 2538.784
5310.283418893814, -8.578211e-05, 4.499816e-10, 2538.914
5312.283564090729, -8.404536e-05, 4.725e-10, 2539.027
5314.283662557602, -8.520317e-05, 5.034059e-10, 2539.214
5316.283771514893, -8.462427e-05, 5.281916e-10, 2539.283
5318.283874750137, -8.462425e-05, 5.272269e-10, 2539.48
5320.283980369568, -8.578211e-05, 5.755015e-10, 2539.576
5322.284083604813, -8.693991e-05, 6.069979e-10, 2539.711
5324.284170866013, -8.809778e-05, 6.393297e-10, 2539.829
5326.2842745780945, -8.636102e-05, 5.427943e-10, 2539.891
5328.284376144409, -8.230855e-05, 4.627788e-10, 2539.984
5330.284509181976, -8.578209e-05, 6.051722e-10, 2540.09
5332.284594297409, -8.520316e-05, 5.050728e-10, 2540.135
5334.284728527069, -8.462427e-05, 5.637958e-10, 2540.23
5336.2848291397095, -8.693993e-05, 4.614102e-10, 2540.297
5338.284930944443, -8.578209e-05, 5.08482e-10, 2540.403
5340.285061120987, -8.636102e-05, 5.416505e-10, 2540.523
5342.285173177719, -8.636102e-05, 5.50272e-10, 2540.622
5344.285276651382, -8.751887e-05, 4.722132e-10, 2540.748
5346.285411596298, -8.809778e-05, 4.885535e-10, 2540.847
5348.285545825958, -8.404534e-05, 5.638011e-10, 2540.987
5350.285631895065, -8.693992e-05, 5.3173e-10, 2541.139
5352.285729169846, -8.751884e-05, 4.986049e-10, 2541.269
5354.2858328819275, -8.6361e-05, 6.011708e-10, 2541.385
5356.285934686661, -8.462424e-05, 5.485785e-10, 2541.515
5358.28603386879, -8.867666e-05, 5.40552e-10, 2541.643
5360.286118507385, -8.751883e-05, 6.05171e-10, 2541.781
5362.286252975464, -8.6361e-05, 5.552421e-10, 2541.913
5364.28635597229, -8.578209e-05, 5.120001e-10, 2541.985
5366.286492347717, -8.578206e-05, 5.852008e-10, 2542.164
5368.286579847336, -8.578211e-05, 5.281916e-10, 2542.251
5370.286675691605, -8.520313e-05, 5.637982e-10, 2542.414
5372.28678560257, -8.867669e-05, 6.091735e-10, 2542.625
5374.2868745327, -8.751884e-05, 5.05315e-10, 2542.792
5376.28700709343, -8.809779e-05, 6.051704e-10, 2542.885
5378.28710103035, -8.40453e-05, 5.561924e-10, 2543.001
5380.287238121033, -8.462425e-05, 5.794403e-10, 2543.084
5382.287376642227, -8.578209e-05, 5.084826e-10, 2543.17
5384.287480592728, -8.578209e-05, 5.581056e-10, 2543.248
5386.287563800812, -8.520317e-05, 5.73589e-10, 2543.305
5388.287670373917, -8.636102e-05, 5.416541e-10, 2543.384
5390.287755250931, -8.578207e-05, 4.920525e-10, 2543.472
5392.287843942642, -8.346642e-05, 6.225241e-10, 2543.65
5394.287944078445, -8.693994e-05, 5.577504e-10, 2543.803
5396.28805565834, -8.751883e-05, 6.393297e-10, 2543.897
5398.288173675537, -8.751883e-05, 5.344346e-10, 2544.039
5400.288276910782, -8.578209e-05, 6.950439e-10, 2544.174
5402.288411855698, -8.867668e-05, 6.973999e-10, 2544.292
5404.288491487503, -8.520318e-05, 6.280487e-10, 2544.388
5406.288629770279, -8.867668e-05, 6.21009e-10, 2544.487
5408.288733243942, -8.69399e-05, 6.334152e-10, 2544.607
5410.288838148117, -8.578211e-05, 5.281881e-10, 2544.681
5412.288947343826, -8.809778e-05, 6.650865e-10, 2544.75
5414.289080381393, -8.925559e-05, 5.794363e-10, 2544.886
5416.289170742035, -8.867669e-05, 5.813292e-10, 2544.989
5418.289307117462, -8.983452e-05, 5.852013e-10, 2545.09
5420.289404392242, -8.693992e-05, 6.051746e-10, 2545.198
5422.289489984512, -8.693992e-05, 5.515741e-10, 2545.295
5424.289583206177, -8.636102e-05, 5.689706e-10, 2545.455
5426.289671182632, -8.867669e-05, 4.523721e-10, 2545.567
5428.289806365967, -8.809775e-05, 6.192256e-10, 2545.657
5430.289893388748, -8.751886e-05, 6.045545e-10, 2545.737
5432.290004968643, -9.099237e-05, 5.82824e-10, 2545.812
5434.29013967514, -8.693993e-05, 6.192298e-10, 2545.921
5436.290241956711, -8.636104e-05, 5.357074e-10, 2546.041
5438.290376424789, -8.925562e-05, 5.652305e-10, 2546.218
5440.290456771851, -8.636102e-05, 5.95185e-10, 2546.419
5442.290581226349, -8.288751e-05, 6.110873e-10, 2546.669
5444.290676832199, -8.636103e-05, 4.854995e-10, 2546.768
5446.290776729584, -8.693992e-05, 5.951844e-10, 2546.891
5448.2908680438995, -8.578207e-05, 5.948113e-10, 2547.019
5450.291009902954, -8.6361e-05, 5.614916e-10, 2547.113
5452.291144371033, -8.80978e-05, 6.251858e-10, 2547.228
5454.291253089905, -8.578208e-05, 6.131754e-10, 2547.342
5456.291359424591, -8.751887e-05, 6.273626e-10, 2547.407
5458.291445493698, -8.809778e-05, 5.689694e-10, 2547.421
5460.291599988937, -8.867672e-05, 6.091753e-10, 2547.476
5462.291702270508, -9.041349e-05, 6.091723e-10, 2547.533
5464.2918038368225, -8.693995e-05, 6.183228e-10, 2547.604
5466.291907072067, -8.867671e-05, 6.051698e-10, 2547.698
5468.292008638382, -8.751887e-05, 6.26723e-10, 2547.777
5470.292116641998, -8.751886e-05, 6.292812e-10, 2547.891
5472.29221868515, -8.925563e-05, 6.724327e-10, 2547.974
5474.292311668396, -8.925563e-05, 6.416844e-10, 2548.072
5476.2923901081085, -8.925561e-05, 6.650853e-10, 2548.246
5478.29249048233, -8.636101e-05, 6.393291e-10, 2548.338
5480.292590856552, -9.041347e-05, 7.107951e-10, 2548.441
5482.292731285095, -8.751887e-05, 6.314361e-10, 2548.508
5484.292832612991, -9.041341e-05, 6.314342e-10, 2548.578
5486.292974233627, -9.157131e-05, 7.236821e-10, 2548.652
5488.293071269989, -8.925563e-05, 6.594333e-10, 2548.759
5490.293206691742, -8.751884e-05, 7.180294e-10, 2548.863
5492.293309211731, -8.86767e-05, 7.297971e-10, 2548.932
5494.2933921813965, -8.809777e-05, 6.72434e-10, 2549.072
5496.2934782505035, -8.636103e-05, 6.795368e-10, 2549.163
5498.29358625412, -8.925563e-05, 6.314324e-10, 2549.259
5500.293686628342, -8.462428e-05, 6.225224e-10, 2549.373
5502.293780565262, -8.636103e-05, 6.12738e-10, 2549.495
5504.293870210648, -8.520317e-05, 5.971642e-10, 2549.661
5506.294008016586, -8.693994e-05, 6.493818e-10, 2549.751
5508.294150352478, -8.578209e-05, 5.697145e-10, 2549.849
5510.294258117676, -8.751887e-05, 5.515675e-10, 2549.863
5512.294361829758, -8.751888e-05, 6.141199e-10, 2549.968
5514.294465303421, -8.867669e-05, 6.085999e-10, 2550.111
5516.294543027878, -8.462423e-05, 5.79438e-10, 2550.16
5518.294645309448, -8.693997e-05, 6.267242e-10, 2550.23
5520.294731616974, -8.52032e-05, 5.991215e-10, 2550.322
5522.2948346138, -8.751887e-05, 6.408442e-10, 2550.436
5524.294919252396, -8.80978e-05, 6.168691e-10, 2550.514
5526.295011043549, -8.404531e-05, 6.606842e-10, 2550.583
5528.295102357864, -8.578211e-05, 5.465315e-10, 2550.691
5530.295186042786, -8.751885e-05, 5.931594e-10, 2550.799
5532.295294046402, -8.346643e-05, 5.540098e-10, 2550.882
5534.295406341553, -8.346645e-05, 6.323097e-10, 2550.992
5536.295504570007, -8.867672e-05, 6.782823e-10, 2551.094
5538.2955939769745, -8.578213e-05, 6.750684e-10, 2551.156
5540.295685052872, -8.578211e-05, 6.26726e-10, 2551.257
5542.295790672302, -8.520318e-05, 5.931617e-10, 2551.374
5544.29590010643, -8.751888e-05, 6.110862e-10, 2551.48
5546.296035289764, -8.751885e-05, 6.850556e-10, 2551.599
5548.296132564545, -8.809778e-05, 6.292747e-10, 2551.621
5550.296238660812, -8.925565e-05, 6.840017e-10, 2551.714
5552.296375989914, -8.693998e-05, 6.782823e-10, 2551.812
5554.296515226364, -8.636105e-05, 6.536479e-10, 2551.918
5556.2966022491455, -8.751888e-05, 6.941168e-10, 2552.036
5558.29669880867, -8.983458e-05, 6.40843e-10, 2552.066
5560.296789646149, -8.693996e-05, 6.895889e-10, 2552.198
5562.296875238419, -8.925565e-05, 6.26723e-10, 2552.262
5564.296976566315, -8.867672e-05, 6.127368e-10, 2552.352
5566.297057151794, -8.751887e-05, 5.281869e-10, 2552.449
5568.2971613407135, -8.751888e-05, 6.536473e-10, 2552.496
5570.2972621917725, -8.693995e-05, 5.890712e-10, 2552.587
5572.297364234924, -8.751889e-05, 5.866265e-10, 2552.643
5574.297461509705, -8.925566e-05, 6.375474e-10, 2552.728
5576.2975697517395, -8.693997e-05, 5.317288e-10, 2552.861
5578.297673225403, -8.751888e-05, 5.442213e-10, 2553.059
5580.297807455063, -8.693996e-05, 4.72209e-10, 2553.124
5582.297909259796, -8.867672e-05, 5.388084e-10, 2553.2
5584.297989368439, -8.80978e-05, 5.322321e-10, 2553.258
5586.298125982285, -8.751889e-05, 5.614845e-10, 2553.331
5588.2982585430145, -8.75189e-05, 5.246473e-10, 2553.441
5590.298344135284, -8.751887e-05, 4.986281e-10, 2553.523
5592.298446655273, -8.578214e-05, 5.764454e-10, 2553.652
5594.298532962799, -8.867674e-05, 5.416482e-10, 2553.722
5596.298633575439, -8.520319e-05, 5.084815e-10, 2553.806
5598.298765659332, -8.578211e-05, 5.774564e-10, 2553.908
5600.298901081085, -8.693998e-05, 5.891564e-10, 2554.011
5602.298988103867, -8.693997e-05, 7.096883e-10, 2554.126
5604.299093961716, -8.751889e-05, 6.550987e-10, 2554.234
5606.299199581146, -8.751889e-05, 6.006786e-10, 2554.316
5608.299286365509, -8.751888e-05, 5.560752e-10, 2554.437
5610.299385547638, -8.983458e-05, 5.652258e-10, 2554.474
5612.299481153488, -8.578212e-05, 5.352689e-10, 2554.585
5614.299578905106, -8.636104e-05, 5.452567e-10, 2554.69
5616.299667358398, -8.693994e-05, 5.478935e-10, 2554.783
5618.2997505664825, -8.693997e-05, 6.458166e-10, 2554.91
5620.2998259067535, -8.693995e-05, 6.006817e-10, 2555.043
5622.2999629974365, -8.80978e-05, 5.813245e-10, 2555.19
5624.3000700473785, -8.983453e-05, 6.109295e-10, 2555.288
5626.30016040802, -9.157135e-05, 6.131741e-10, 2555.354
5628.300253152847, -8.578212e-05, 6.309255e-10, 2555.433
5630.300358295441, -8.751889e-05, 6.292741e-10, 2555.492
5632.300493001938, -8.751889e-05, 5.81325e-10, 2555.563
5634.300601005554, -8.925566e-05, 5.689634e-10, 2555.662
5636.300737142563, -8.925563e-05, 6.211816e-10, 2555.73
5638.300817489624, -8.925565e-05, 6.435255e-10, 2555.75
5640.30090546608, -8.983451e-05, 6.594303e-10, 2555.822
5642.301045417786, -8.751883e-05, 5.790149e-10, 2555.865
5644.3011474609375, -8.983456e-05, 7.077125e-10, 2555.96
5646.301241397858, -8.983453e-05, 6.694836e-10, 2556.122
5648.301379203796, -9.041349e-05, 5.560739e-10, 2556.205
5650.301484823227, -8.751888e-05, 6.706036e-10, 2556.269
5652.301582574844, -8.925563e-05, 6.996373e-10, 2556.355
5654.301670074463, -8.693996e-05, 6.070164e-10, 2556.504
5656.301759958267, -8.751888e-05, 6.49386e-10, 2556.592
5658.301848888397, -8.578213e-05, 6.070152e-10, 2556.684
5660.301933526993, -8.578214e-05, 7.058121e-10, 2556.78
5662.302067995071, -8.80978e-05, 5.971619e-10, 2556.873
5664.30216050148, -8.578211e-05, 6.267248e-10, 2556.979
5666.302267074585, -8.80978e-05, 6.210043e-10, 2557.111
5668.302371740341, -8.751887e-05, 5.951838e-10, 2557.203
5670.302474498749, -8.636104e-05, 6.183194e-10, 2557.285
5672.302569150925, -8.520319e-05, 6.606836e-10, 2557.399
5674.30265378952, -8.693996e-05, 6.029478e-10, 2557.437
5676.302787065506, -8.751889e-05, 5.735837e-10, 2557.515
5678.302930355072, -8.983452e-05, 5.752118e-10, 2557.64
5680.303065061569, -8.809779e-05, 6.232935e-10, 2557.673
5682.303155422211, -8.693994e-05, 6.091711e-10, 2557.754
5684.303256511688, -8.520318e-05, 5.754964e-10, 2557.824
5686.303360700607, -8.636106e-05, 6.550981e-10, 2557.984
5688.303463220596, -8.636104e-05, 6.738811e-10, 2558.1
5690.303565502167, -8.52032e-05, 5.873086e-10, 2558.187
5692.303645610809, -8.751887e-05, 6.091717e-10, 2558.287
5694.303738355637, -8.925561e-05, 5.813268e-10, 2558.398
5696.303819656372, -8.751889e-05, 5.478959e-10, 2558.445
5698.303902626038, -8.80978e-05, 6.251383e-10, 2558.568
5700.303986310959, -8.578207e-05, 5.752105e-10, 2558.618
5702.304090499878, -8.693999e-05, 5.754987e-10, 2558.693
5704.3041908741, -8.693994e-05, 5.714056e-10, 2558.766
5706.3042714595795, -8.636103e-05, 6.550981e-10, 2558.786
5708.304375886917, -8.751889e-05, 5.912444e-10, 2558.877
5710.3044600486755, -8.462428e-05, 6.070152e-10, 2558.947
5712.304558753967, -8.636105e-05, 6.408431e-10, 2559.001
5714.304661273956, -8.751887e-05, 6.637624e-10, 2559.078
5716.304764032364, -8.751889e-05, 5.890658e-10, 2559.175
5718.304866075516, -8.925563e-05, 6.292746e-10, 2559.29
5720.304967164993, -9.041349e-05, 6.273621e-10, 2559.353
5722.305070400238, -9.157134e-05, 6.273621e-10, 2559.418
5724.30517077446, -8.809779e-05, 6.314306e-10, 2559.516
5726.305272817612, -8.693996e-05, 5.951826e-10, 2559.663
5728.305352926254, -8.80978e-05, 5.662582e-10, 2559.783
5730.305457115173, -8.867672e-05, 6.536461e-10, 2559.869
5732.305585384369, -8.983455e-05, 7.441826e-10, 2559.925
5734.305669784546, -8.867672e-05, 6.85055e-10, 2559.955
5736.305774927139, -8.578212e-05, 6.996392e-10, 2560.018
5738.305909395218, -8.925567e-05, 6.416814e-10, 2560.093
5740.306013345718, -8.925566e-05, 6.694817e-10, 2560.142
5742.306151866913, -8.867674e-05, 7.291973e-10, 2560.216
5744.306312322617, -8.983457e-05, 6.210014e-10, 2560.311
5746.306393146515, -9.04135e-05, 7.745339e-10, 2560.421
5748.306529521942, -8.636108e-05, 6.950386e-10, 2560.495
5750.306630849838, -8.925565e-05, 7.349815e-10, 2560.53
5752.306731462479, -8.693998e-05, 7.190161e-10, 2560.622
5754.306834936142, -8.636105e-05, 7.954332e-10, 2560.682
5756.306934356689, -8.809778e-05, 7.54825e-10, 2560.758
5758.307037353516, -8.925561e-05, 6.594339e-10, 2560.872
5760.307139158249, -8.751886e-05, 6.232917e-10, 2560.913
5762.307242155075, -9.099242e-05, 7.134289e-10, 2560.986
5764.307323932648, -9.04135e-05, 6.536449e-10, 2561.056
5766.3074588775635, -8.809782e-05, 6.724297e-10, 2561.201
5768.307567358017, -8.809782e-05, 6.661375e-10, 2561.251
5770.307673454285, -8.80978e-05, 7.649378e-10, 2561.351
5772.307776689529, -8.751888e-05, 6.519298e-10, 2561.372
5774.308339595795, -8.867672e-05, 7.143519e-10, 2561.411
5776.308441400528, -8.636106e-05, 7.949017e-10, 2561.396
5778.308527469635, -8.751891e-05, 7.801194e-10, 2561.467
5780.308662652969, -8.809779e-05, 7.954289e-10, 2561.553
5782.308745145798, -8.751886e-05, 7.597527e-10, 2561.664
5784.30884718895, -8.925565e-05, 8.448248e-10, 2561.755
5786.308928966522, -8.751891e-05, 8.569321e-10, 2561.847
5788.309013843536, -8.578212e-05, 7.548185e-10, 2561.906
5790.309117794037, -8.80978e-05, 6.669278e-10, 2562.0
5792.309220075607, -8.6361e-05, 8.208544e-10, 2562.067
5794.30930685997, -8.693996e-05, 7.202016e-10, 2562.167
5796.309397220612, -8.809778e-05, 6.661375e-10, 2562.253
5798.309534311295, -8.80978e-05, 7.903036e-10, 2562.314
5800.3096215724945, -8.751889e-05, 7.549548e-10, 2562.43
5802.309710741043, -8.578211e-05, 7.301198e-10, 2562.528
5804.309838056564, -8.578211e-05, 6.572066e-10, 2562.571
5806.309973716736, -8.693999e-05, 6.805229e-10, 2562.62
5808.31007194519, -8.578212e-05, 7.598796e-10, 2562.707
5810.31015253067, -8.636104e-05, 6.858441e-10, 2562.741
5812.310252428055, -8.462428e-05, 7.449722e-10, 2562.853
5814.310343742371, -8.75189e-05, 7.102828e-10, 2562.879
5816.310445547104, -8.751889e-05, 7.102834e-10, 2562.961
5818.3105301856995, -8.809783e-05, 6.996368e-10, 2563.004
5820.310633420944, -8.751888e-05, 7.495681e-10, 2563.034
5822.310719490051, -8.751889e-05, 6.562813e-10, 2563.152
5824.310822248459, -8.636106e-05, 7.301186e-10, 2563.171
5826.310899019241, -8.404539e-05, 6.805212e-10, 2563.244
5828.310989141464, -9.041349e-05, 7.102787e-10, 2563.325
5830.311126708984, -8.75189e-05, 6.579122e-10, 2563.417
5832.311232328415, -8.578213e-05, 5.851942e-10, 2563.481
5834.311340808868, -8.693999e-05, 6.493788e-10, 2563.481
5836.311419963837, -8.867674e-05, 7.393839e-10, 2563.543
5838.311525344849, -8.809782e-05, 6.996386e-10, 2563.623
5840.311660528183, -8.751891e-05, 6.606807e-10, 2563.696
5842.311755657196, -8.693998e-05, 7.154041e-10, 2563.766
5844.3118398189545, -8.693997e-05, 7.598809e-10, 2563.822
5846.311976194382, -8.693999e-05, 8.514069e-10, 2563.903
5848.312071800232, -8.983458e-05, 8.05412e-10, 2563.966
5850.312174320221, -8.693997e-05, 7.849098e-10, 2564.005
5852.312274456024, -8.520318e-05, 6.826787e-10, 2564.036
5854.3123614788055, -8.636103e-05, 7.549565e-10, 2564.114
5856.312464237213, -8.636103e-05, 7.003605e-10, 2564.21
5858.312566757202, -8.867674e-05, 7.088307e-10, 2564.284
5860.3126628398895, -8.578212e-05, 6.44268e-10, 2564.402
5862.312767744064, -8.925565e-05, 7.249979e-10, 2564.474
5864.312871932983, -8.751887e-05, 7.400433e-10, 2564.575
5866.313005685806, -8.867673e-05, 6.986489e-10, 2564.653
5868.313142538071, -8.80978e-05, 7.050229e-10, 2564.709
5870.313279867172, -8.809781e-05, 7.398444e-10, 2564.792
5872.313364744186, -8.867671e-05, 7.599486e-10, 2564.857
5874.313454151154, -8.867672e-05, 6.767637e-10, 2564.942
5876.313558340073, -8.867672e-05, 6.351249e-10, 2565.0
5878.313645839691, -8.693998e-05, 6.950375e-10, 2565.071
5880.313787221909, -8.751891e-05, 6.986489e-10, 2565.094
5882.313873529434, -8.867672e-05, 7.249973e-10, 2565.181
5884.31400680542, -8.983458e-05, 7.59751e-10, 2565.268
5886.31410908699, -8.751889e-05, 6.766508e-10, 2565.308
5888.314214706421, -8.462428e-05, 7.74925e-10, 2565.374
5890.314300060272, -8.578212e-05, 7.055508e-10, 2565.445
5892.314383029938, -8.636107e-05, 7.236791e-10, 2565.513
5894.314466238022, -8.751889e-05, 6.6508e-10, 2565.553
5896.314550876617, -8.809782e-05, 6.805212e-10, 2565.647
5898.31464266777, -8.867672e-05, 5.931588e-10, 2565.754
5900.314749002457, -8.751887e-05, 6.750678e-10, 2565.827
5902.314851760864, -8.867671e-05, 6.416875e-10, 2565.913
5904.314956903458, -8.578213e-05, 6.091699e-10, 2565.985
5906.3150935173035, -8.636107e-05, 6.192226e-10, 2566.046
5908.315185308456, -8.46243e-05, 6.661375e-10, 2566.081
5910.315281867981, -8.809781e-05, 6.863736e-10, 2566.148
5912.315377235413, -8.520321e-05, 6.738805e-10, 2566.177
5914.31547999382, -8.925565e-05, 6.839981e-10, 2566.246
5916.315588951111, -8.578212e-05, 5.416458e-10, 2566.35
5918.315698862076, -8.52032e-05, 4.854942e-10, 2566.32
5920.315799951553, -8.52032e-05, 5.774564e-10, 2566.454
5922.315885066986, -8.346643e-05, 5.295295e-10, 2566.46
5924.315989017487, -8.636105e-05, 5.988752e-10, 2566.507
5926.3160700798035, -8.693996e-05, 6.464279e-10, 2566.637
5928.316209077835, -8.75189e-05, 6.606854e-10, 2566.673
5930.316307067871, -8.636105e-05, 6.50763e-10, 2566.772
5932.316405057907, -8.520322e-05, 6.070152e-10, 2566.882
5934.31653213501, -8.578209e-05, 5.625872e-10, 2566.904
5936.316618442535, -8.751887e-05, 5.794345e-10, 2566.928
5938.316710233688, -8.751891e-05, 6.151528e-10, 2567.037
5940.316813707352, -8.867673e-05, 5.697139e-10, 2567.124
5942.31712603569, -8.578211e-05, 6.011632e-10, 2567.149
5944.31720495224, -8.520323e-05, 5.211055e-10, 2567.2
5946.317303657532, -8.636107e-05, 5.079079e-10, 2567.241
5948.3174040317535, -8.983458e-05, 5.714056e-10, 2567.255
5950.317507505417, -8.578213e-05, 5.069433e-10, 2567.331
5952.317598581314, -8.751889e-05, 5.87308e-10, 2567.332
5954.317700147629, -8.867674e-05, 5.752105e-10, 2567.412
5956.317805290222, -8.404535e-05, 6.464315e-10, 2567.499
5958.3179132938385, -8.925565e-05, 5.652245e-10, 2567.588
5960.318022012711, -9.041349e-05, 5.079084e-10, 2567.678
5962.31810092926, -8.636104e-05, 6.006822e-10, 2567.726
5964.318202257156, -8.636107e-05, 7.031799e-10, 2567.809
5966.318289518356, -8.636106e-05, 5.515669e-10, 2567.917
5968.318394899368, -8.867673e-05, 5.81328e-10, 2567.94
5970.318496465683, -8.346645e-05, 5.540074e-10, 2568.012
5972.318583488464, -8.809781e-05, 5.873086e-10, 2568.096
5974.318670272827, -8.867673e-05, 5.652258e-10, 2568.161
5976.3187601566315, -8.867672e-05, 5.368762e-10, 2568.314
5978.318893194199, -8.751888e-05, 6.210025e-10, 2568.407
5980.31897854805, -8.636104e-05, 6.19222e-10, 2568.479
5982.319081068039, -8.693997e-05, 5.246456e-10, 2568.56
5984.319166660309, -8.636103e-05, 5.774529e-10, 2568.65
5986.31925868988, -8.75189e-05, 6.051669e-10, 2568.702
5988.319401979446, -8.809781e-05, 5.281869e-10, 2568.734
5990.319489955902, -8.694e-05, 5.552373e-10, 2568.777
5992.319653749466, -8.809781e-05, 6.171773e-10, 2568.855
5994.31974363327, -8.693996e-05, 6.131748e-10, 2568.914
5996.3198754787445, -8.751886e-05, 6.232941e-10, 2568.976
5998.319961309433, -8.46243e-05, 5.727023e-10, 2569.074
6000.320063352585, -8.404534e-05, 6.127322e-10, 2569.122
6002.320153951645, -8.925563e-05, 6.536491e-10, 2569.237
6004.320246934891, -8.693996e-05, 6.273651e-10, 2569.278
6006.320330381393, -8.867672e-05, 4.952885e-10, 2569.343
6008.320414304733, -8.693997e-05, 6.507625e-10, 2569.382
6010.320516824722, -8.867674e-05, 5.951809e-10, 2569.415
6012.320610523224, -8.925566e-05, 6.561341e-10, 2569.505
6014.320699930191, -8.751888e-05, 6.069924e-10, 2569.56
6016.320780038834, -8.983454e-05, 5.727047e-10, 2569.627
6018.320871591568, -8.520317e-05, 5.912456e-10, 2569.654
6020.320991754532, -8.693996e-05, 5.697122e-10, 2569.726
6022.3211352825165, -8.52032e-05, 6.168691e-10, 2569.733
6024.321271419525, -8.520322e-05, 5.754987e-10, 2569.808
6026.3213748931885, -8.809782e-05, 5.540098e-10, 2569.868
6028.321474790573, -8.578212e-05, 5.54008e-10, 2569.946
6030.321576118469, -8.520317e-05, 5.652294e-10, 2570.03
6032.32168340683, -8.636105e-05, 5.851972e-10, 2570.106
6034.321761846542, -8.693996e-05, 5.599909e-10, 2570.222
6036.32186460495, -8.52032e-05, 5.540098e-10, 2570.325
6038.321966648102, -8.578211e-05, 5.118876e-10, 2570.446
6040.32209944725, -8.636104e-05, 5.652264e-10, 2570.552
6042.322209119797, -8.809778e-05, 5.54008e-10, 2570.575
6044.32234621048, -8.983456e-05, 6.267207e-10, 2570.59
6046.322435379028, -8.867671e-05, 6.606818e-10, 2570.675
6048.322523117065, -8.636105e-05, 6.168756e-10, 2570.719
6050.322606563568, -8.751889e-05, 6.550975e-10, 2570.783
6052.322686433792, -8.751888e-05, 6.408442e-10, 2570.841
6054.3227705955505, -8.578215e-05, 6.759908e-10, 2570.924
6056.322866678238, -8.520322e-05, 5.813256e-10, 2571.018
6058.322955369949, -8.751888e-05, 6.839993e-10, 2571.077
6060.3230946063995, -8.636104e-05, 6.750672e-10, 2571.12
6062.32322883606, -8.636105e-05, 5.183336e-10, 2571.145
6064.32331943512, -8.751891e-05, 6.011655e-10, 2571.185
6066.3234095573425, -8.80978e-05, 4.847889e-10, 2571.239
6068.32349729538, -8.751889e-05, 5.614875e-10, 2571.306
6070.32359957695, -8.867673e-05, 6.05168e-10, 2571.357
6072.323681592941, -8.462429e-05, 7.055537e-10, 2571.36
6074.323774576187, -8.636103e-05, 6.070181e-10, 2571.44
6076.323876857758, -8.751888e-05, 6.192226e-10, 2571.473
6078.323961496353, -8.751888e-05, 6.950375e-10, 2571.562
6080.324046134949, -9.04135e-05, 5.540074e-10, 2571.649
6082.324148893356, -8.809783e-05, 6.477335e-10, 2571.712
6084.324251651764, -8.925566e-05, 5.951814e-10, 2571.778
6086.3243544101715, -8.751891e-05, 5.689622e-10, 2571.888
6088.324431180954, -8.52032e-05, 6.011679e-10, 2571.921
6090.324530363083, -8.751889e-05, 6.151528e-10, 2571.958
6092.324632167816, -8.578215e-05, 6.664467e-10, 2572.023
6094.324734926224, -8.520323e-05, 6.606812e-10, 2572.076
6096.324869394302, -8.520321e-05, 6.420969e-10, 2572.139
6098.324959516525, -8.46243e-05, 6.420969e-10, 2572.169
6100.3251004219055, -8.230862e-05, 5.891535e-10, 2572.227
6102.32518196106, -8.693996e-05, 5.332023e-10, 2572.334
6104.325265169144, -8.172968e-05, 5.465331e-10, 2572.413
6106.325356006622, -8.578215e-05, 5.258561e-10, 2572.477
6108.325441360474, -8.636105e-05, 5.873103e-10, 2572.503
6110.32554268837, -8.693999e-05, 6.323114e-10, 2572.582
6112.325627088547, -8.693998e-05, 6.251401e-10, 2572.645
6114.325711011887, -8.346645e-05, 5.577457e-10, 2572.723
6116.325809717178, -8.52032e-05, 6.168703e-10, 2572.824
6118.32591176033, -8.809784e-05, 5.752076e-10, 2572.925
6120.3260498046875, -8.751889e-05, 6.003273e-10, 2572.954
6122.326151132584, -8.520322e-05, 5.390514e-10, 2573.006
6124.326231479645, -8.693996e-05, 5.851544e-10, 2573.058
6126.326331138611, -8.636105e-05, 6.594274e-10, 2573.132
6128.3264310359955, -8.809782e-05, 5.794374e-10, 2573.134
6130.326526880264, -8.751888e-05, 6.661346e-10, 2573.185
6132.326658248901, -8.693998e-05, 6.029449e-10, 2573.261
6134.326759338379, -8.578216e-05, 6.051651e-10, 2573.325
6136.326860904694, -8.751889e-05, 6.724303e-10, 2573.413
6138.326964378357, -8.693998e-05, 7.495698e-10, 2573.519
6140.327100753784, -8.751893e-05, 5.839176e-10, 2573.63
6142.32718038559, -8.925565e-05, 5.31727e-10, 2573.718
6144.3272840976715, -8.925566e-05, 5.614845e-10, 2573.76
6146.327385425568, -8.693997e-05, 5.529718e-10, 2573.854
6148.327474355698, -8.693998e-05, 5.053096e-10, 2573.888
6150.327578306198, -9.041352e-05, 5.662569e-10, 2573.921
6152.327702999115, -8.867674e-05, 6.724267e-10, 2573.932
6154.327803134918, -8.809779e-05, 5.252811e-10, 2573.994
6156.327905654907, -9.099236e-05, 5.560733e-10, 2574.02
6158.328007936478, -8.809783e-05, 6.266775e-10, 2574.112
6160.328095674515, -8.867674e-05, 6.451098e-10, 2574.225
6162.328201055527, -8.867676e-05, 6.161656e-10, 2574.345
6164.328338384628, -8.809783e-05, 6.070158e-10, 2574.447
6166.328436613083, -8.636109e-05, 6.694806e-10, 2574.535
6168.3285167217255, -8.983458e-05, 6.493765e-10, 2574.566
6170.32861328125, -8.636107e-05, 6.375438e-10, 2574.618
6172.328752279282, -8.867674e-05, 6.767625e-10, 2574.74
6174.328858137131, -8.809782e-05, 5.380361e-10, 2574.775
6176.328959226608, -8.636105e-05, 5.614845e-10, 2574.815
6178.329043388367, -9.157132e-05, 4.784971e-10, 2574.907
6180.329133749008, -8.636103e-05, 5.91245e-10, 2574.965
6182.329226493835, -8.925566e-05, 5.51564e-10, 2574.999
6184.3293352127075, -8.867676e-05, 5.255195e-10, 2575.073
6186.329426050186, -8.693997e-05, 5.152939e-10, 2575.119
6188.329538822174, -8.751891e-05, 5.08651e-10, 2575.222
6190.329632759094, -8.809783e-05, 5.050693e-10, 2575.294
6192.329728603363, -8.693998e-05, 5.589101e-10, 2575.377
6194.3298807144165, -8.694e-05, 5.714027e-10, 2575.441
6196.329977989197, -8.809782e-05, 5.589101e-10, 2575.501
6198.330099105835, -8.520325e-05, 5.416458e-10, 2575.59
6200.330214500427, -8.462432e-05, 6.839981e-10, 2575.654
6202.330323934555, -9.041352e-05, 5.951814e-10, 2575.714
6204.330419540405, -8.925567e-05, 5.118859e-10, 2575.766
6206.33055639267, -8.809781e-05, 5.652245e-10, 2575.855
6208.330655813217, -8.809784e-05, 5.764387e-10, 2575.928
6210.330749034882, -8.925566e-05, 5.255202e-10, 2575.995
6212.330849647522, -9.157132e-05, 5.72701e-10, 2576.059
6214.330928564072, -8.925566e-05, 5.727035e-10, 2576.166
6216.331073045731, -8.636105e-05, 5.452519e-10, 2576.182
6218.331157922745, -8.809782e-05, 6.41679e-10, 2576.209
6220.331295490265, -8.925568e-05, 6.030597e-10, 2576.257
6222.331401586533, -8.694e-05, 6.091711e-10, 2576.312
6224.331500291824, -8.751891e-05, 5.577457e-10, 2576.349
6226.331670284271, -8.751891e-05, 6.211791e-10, 2576.431
6228.3317766189575, -8.462429e-05, 6.45108e-10, 2576.505
6230.331868171692, -8.751891e-05, 6.416784e-10, 2576.56
6232.331967592239, -8.520323e-05, 6.091688e-10, 2576.59
6234.332067728043, -9.041346e-05, 6.030566e-10, 2576.626
6236.332171916962, -8.983458e-05, 5.790137e-10, 2576.641
6238.332261323929, -8.925566e-05, 5.790137e-10, 2576.672
6240.332358837128, -8.867673e-05, 6.351261e-10, 2576.732
6242.332454204559, -8.809781e-05, 5.053138e-10, 2576.773
6244.332538127899, -8.578216e-05, 5.991173e-10, 2576.835
6246.3326778411865, -8.809783e-05, 5.774523e-10, 2576.907
6248.332777500153, -8.809783e-05, 5.308244e-10, 2576.964
6250.332868099213, -8.578212e-05, 5.866241e-10, 2577.032
6252.3329701423645, -8.693999e-05, 5.246462e-10, 2577.107
6254.3330771923065, -8.867677e-05, 5.118859e-10, 2577.193
6256.33317399025, -8.983458e-05, 6.950369e-10, 2577.351
6258.333307266235, -8.694002e-05, 5.614851e-10, 2577.46
6260.3334085941315, -8.520322e-05, 5.416464e-10, 2577.507
6262.333510160446, -8.578212e-05, 6.694806e-10, 2577.535
6264.333613157272, -8.751889e-05, 6.351249e-10, 2577.652
6266.3337144851685, -8.636107e-05, 6.131741e-10, 2577.686
6268.333795309067, -8.694e-05, 5.552373e-10, 2577.7
6270.3339059352875, -8.693998e-05, 5.416434e-10, 2577.787
6272.334008932114, -8.520321e-05, 5.442184e-10, 2577.831
6274.334108114243, -8.693996e-05, 5.67599e-10, 2577.902
6276.334205389023, -8.636105e-05, 6.536449e-10, 2577.982
6278.334303855896, -8.636104e-05, 5.577451e-10, 2578.104
6280.33439040184, -8.520321e-05, 5.542272e-10, 2578.261
6282.334492921829, -8.809784e-05, 6.493777e-10, 2578.273
6284.334594249725, -8.693997e-05, 6.323097e-10, 2578.362
6286.334677457809, -8.809782e-05, 6.232953e-10, 2578.377
6288.334778547287, -8.520323e-05, 6.141176e-10, 2578.436
6290.334875822067, -8.751889e-05, 5.714027e-10, 2578.519
6292.334977388382, -8.867674e-05, 6.550958e-10, 2578.608
6294.335068702698, -8.693997e-05, 6.451092e-10, 2578.706
6296.335156679153, -8.867672e-05, 7.096936e-10, 2578.782
6298.335312366486, -8.751888e-05, 6.192262e-10, 2578.802
6300.335406780243, -8.925564e-05, 5.344323e-10, 2578.819
6302.335552453995, -8.751889e-05, 5.714051e-10, 2578.822
6304.335643768311, -8.462429e-05, 6.292735e-10, 2578.852
6306.335745334625, -8.578211e-05, 6.011626e-10, 2578.887
6308.335849523544, -8.751888e-05, 6.030537e-10, 2578.945
6310.335937976837, -8.983455e-05, 5.675978e-10, 2579.02
6312.336084842682, -8.578214e-05, 6.267212e-10, 2579.06
6314.336226701736, -8.751891e-05, 5.67599e-10, 2579.129
6316.336368560791, -8.693995e-05, 5.561849e-10, 2579.256
6318.3364610672, -8.462428e-05, 5.523799e-10, 2579.318
6320.33656334877, -8.925565e-05, 5.577457e-10, 2579.324
6322.336652994156, -8.867674e-05, 5.752082e-10, 2579.394
6324.336753845215, -8.52032e-05, 5.614857e-10, 2579.38
6326.33686375618, -8.751891e-05, 6.211798e-10, 2579.391
6328.336968660355, -8.751887e-05, 5.81325e-10, 2579.405
6330.337084531784, -8.636104e-05, 5.99119e-10, 2579.422
6332.337171316147, -8.693997e-05, 5.951814e-10, 2579.475
6334.3372592926025, -8.693998e-05, 5.735825e-10, 2579.488
6336.3373465538025, -8.751889e-05, 5.652245e-10, 2579.569
6338.337478160858, -8.751891e-05, 5.951809e-10, 2579.627
6340.337561368942, -8.462427e-05, 5.552385e-10, 2579.707
6342.337663888931, -8.636107e-05, 5.866265e-10, 2579.776
6344.337751150131, -8.983455e-05, 5.890699e-10, 2579.854
6346.337841033936, -8.751891e-05, 5.658412e-10, 2579.922
6348.337975263596, -8.520322e-05, 5.344323e-10, 2579.985
6350.338068723679, -8.693996e-05, 5.118864e-10, 2580.031
6352.338161945343, -8.46243e-05, 6.070164e-10, 2580.134
6354.338249444962, -8.751891e-05, 5.589119e-10, 2580.2
6356.338352203369, -8.462433e-05, 5.813262e-10, 2580.234
6358.33843421936, -8.52032e-05, 6.334093e-10, 2580.268
6360.338569402695, -8.925566e-05, 6.091687e-10, 2580.315
6362.3386697769165, -8.694001e-05, 5.524648e-10, 2580.373
6364.338773965836, -8.636106e-05, 5.084785e-10, 2580.404
6366.33887219429, -8.867677e-05, 6.88463e-10, 2580.453
6368.338965177536, -8.809784e-05, 6.232911e-10, 2580.526
6370.3390510082245, -9.157134e-05, 6.637625e-10, 2580.592
6372.339185476303, -8.693996e-05, 5.317252e-10, 2580.65
6374.3392922878265, -8.578212e-05, 5.079061e-10, 2580.709
6376.339378595352, -8.751891e-05, 6.069931e-10, 2580.791
6378.339482545853, -8.636105e-05, 6.594309e-10, 2580.825
6380.339587211609, -8.578214e-05, 5.931588e-10, 2580.917
6382.339692115784, -8.983456e-05, 6.069913e-10, 2580.946
6384.3397850990295, -8.809783e-05, 6.323085e-10, 2580.983
6386.3398768901825, -8.636106e-05, 5.51564e-10, 2581.057
6388.340024232864, -8.751891e-05, 6.435274e-10, 2581.132
6390.340118408203, -8.694e-05, 5.423503e-10, 2581.212
6392.340202569962, -8.86767e-05, 5.851942e-10, 2581.228
6394.340288877487, -8.751889e-05, 4.88773e-10, 2581.339
6396.3403923511505, -8.925566e-05, 6.006786e-10, 2581.38
6398.340476989746, -8.809783e-05, 5.809482e-10, 2581.408
6400.340586423874, -8.75189e-05, 5.11887e-10, 2581.469
6402.3407328128815, -9.04135e-05, 5.2893e-10, 2581.535
6404.340847253799, -8.925566e-05, 5.388084e-10, 2581.592
6406.340982437134, -8.636107e-05, 6.351243e-10, 2581.613
6408.341071128845, -8.867674e-05, 5.577457e-10, 2581.677
6410.3411910533905, -8.867674e-05, 5.452549e-10, 2581.694
6412.341280698776, -8.751891e-05, 5.452525e-10, 2581.746
6414.341383695602, -8.520323e-05, 5.452537e-10, 2581.765
6416.341475486755, -8.462428e-05, 6.05168e-10, 2581.852
6418.341616630554, -8.636105e-05, 5.140212e-10, 2581.89
6420.341755628586, -8.867672e-05, 7.345887e-10, 2581.925
6422.341896533966, -8.693997e-05, 6.594279e-10, 2582.021
6424.34200835228, -8.636106e-05, 6.210025e-10, 2582.067
6426.342147350311, -9.041352e-05, 6.694806e-10, 2582.1
6428.342283248901, -8.751892e-05, 6.323068e-10, 2582.144
6430.342364549637, -8.694e-05, 5.912432e-10, 2582.148
6432.342465162277, -8.578215e-05, 6.192244e-10, 2582.194
6434.342602014542, -8.80978e-05, 6.594274e-10, 2582.268
6436.342706203461, -8.867676e-05, 7.283427e-10, 2582.362
6438.342807292938, -8.693997e-05, 6.7828e-10, 2582.397
6440.342891931534, -8.636108e-05, 6.110814e-10, 2582.454
6442.343002319336, -8.636107e-05, 6.895824e-10, 2582.514
6444.343118190765, -8.867675e-05, 6.365782e-10, 2582.522
6446.343224287033, -8.636107e-05, 7.050223e-10, 2582.595
6448.343309879303, -8.751891e-05, 7.697985e-10, 2582.613
6450.343418836594, -8.636107e-05, 6.435256e-10, 2582.665
6452.343524694443, -8.751889e-05, 7.399714e-10, 2582.706
6454.343642234802, -8.636104e-05, 7.143519e-10, 2582.794
6456.34374332428, -8.809784e-05, 6.183171e-10, 2582.815
6458.343847751617, -8.578214e-05, 6.29277e-10, 2582.864
6460.343951225281, -8.693999e-05, 6.168691e-10, 2582.89
6462.344032287598, -8.693997e-05, 6.766519e-10, 2582.982
6464.344119787216, -8.751889e-05, 6.091711e-10, 2582.99
6466.3442125320435, -8.751893e-05, 6.594291e-10, 2583.078
6468.344314575195, -8.751891e-05, 7.190137e-10, 2583.126
6470.34441614151, -8.693997e-05, 6.996345e-10, 2583.165
6472.344567775726, -8.983455e-05, 7.351085e-10, 2583.215
6474.344657659531, -8.925566e-05, 6.720475e-10, 2583.3
6476.344759464264, -8.751889e-05, 6.996345e-10, 2583.344
6478.344895839691, -8.578216e-05, 6.280395e-10, 2583.386
6480.344988107681, -8.462431e-05, 6.237722e-10, 2583.455
6482.34507226944, -8.80978e-05, 6.910321e-10, 2583.487
6484.345158338547, -8.346645e-05, 6.141159e-10, 2583.592
6486.345291376114, -8.578214e-05, 5.561849e-10, 2583.602
6488.345378160477, -8.636105e-05, 6.110832e-10, 2583.58
6490.345484256744, -8.462428e-05, 6.091705e-10, 2583.622
6492.345570325851, -8.520321e-05, 6.36574e-10, 2583.647
6494.34570646286, -8.751893e-05, 6.292729e-10, 2583.643
6496.345848321915, -8.578213e-05, 5.523794e-10, 2583.684
6498.345998287201, -8.636106e-05, 5.515675e-10, 2583.695
6500.346086740494, -8.404536e-05, 5.515651e-10, 2583.748
6502.346167564392, -8.636104e-05, 5.353177e-10, 2583.764
6504.346271753311, -8.636105e-05, 5.715582e-10, 2583.824
6506.346373796463, -8.288753e-05, 5.988769e-10, 2583.831
6508.346452951431, -8.693998e-05, 5.478935e-10, 2583.884
6510.346583366394, -8.751888e-05, 5.828192e-10, 2584.012
6512.34668302536, -8.578213e-05, 5.515651e-10, 2584.094
6514.346784114838, -8.462428e-05, 5.676013e-10, 2584.105
6516.346864461899, -8.46243e-05, 5.113819e-10, 2584.136
6518.346973896027, -8.578209e-05, 5.442201e-10, 2584.16
6520.347052812576, -8.520321e-05, 5.697133e-10, 2584.245
6522.347153902054, -8.751893e-05, 5.794316e-10, 2584.307
6524.347242116928, -8.578216e-05, 5.89064e-10, 2584.317
6526.347378492355, -8.578214e-05, 5.73582e-10, 2584.36
6528.347506046295, -8.404534e-05, 5.637982e-10, 2584.372
6530.347660541534, -8.46243e-05, 5.727017e-10, 2584.429
6532.3477435112, -8.288754e-05, 6.334093e-10, 2584.459
6534.347865581512, -8.404539e-05, 5.891528e-10, 2584.513
6536.34797334671, -8.462431e-05, 5.287563e-10, 2584.57
6538.348055124283, -8.578216e-05, 5.614834e-10, 2584.572
6540.348138332367, -8.520323e-05, 5.308226e-10, 2584.627
6542.348240613937, -8.578216e-05, 4.785659e-10, 2584.677
6544.348341703415, -8.693996e-05, 5.368751e-10, 2584.764
6546.348431348801, -8.636109e-05, 5.442161e-10, 2584.777
6548.348518610001, -8.462433e-05, 5.344282e-10, 2584.826
6550.348604917526, -8.694e-05, 6.594327e-10, 2584.93
6552.348696470261, -8.751893e-05, 5.344294e-10, 2584.979
6554.3488030433655, -8.578216e-05, 5.344299e-10, 2585.03
6556.348881483078, -8.52032e-05, 5.577462e-10, 2585.096
6558.348988294601, -8.520323e-05, 5.931577e-10, 2585.111
6560.349119901657, -8.404539e-05, 5.851515e-10, 2585.206
6562.349218845367, -8.520323e-05, 5.246433e-10, 2585.226
6564.349356174469, -8.404539e-05, 4.854948e-10, 2585.312
6566.349458932877, -8.578216e-05, 6.650806e-10, 2585.355
6568.349594116211, -8.751893e-05, 6.11082e-10, 2585.379
6570.349733829498, -8.809784e-05, 6.267207e-10, 2585.36
6572.349826812744, -8.809785e-05, 5.891552e-10, 2585.424
6574.349916934967, -8.462432e-05, 5.56182e-10, 2585.471
6576.350018024445, -8.288752e-05, 5.676001e-10, 2585.51
6578.350109100342, -8.578216e-05, 5.540057e-10, 2585.539
6580.350213289261, -8.636105e-05, 5.920541e-10, 2585.547
6582.350319623947, -8.636105e-05, 7.398422e-10, 2585.584
6584.350409269333, -8.636107e-05, 6.674517e-10, 2585.615
6586.350513935089, -8.462432e-05, 6.474825e-10, 2585.651
6588.350600004196, -8.693999e-05, 6.550934e-10, 2585.695
6590.3507351875305, -8.462428e-05, 6.986466e-10, 2585.77
6592.350816965103, -8.578216e-05, 5.851498e-10, 2585.812
6594.350955963135, -8.346645e-05, 5.714015e-10, 2585.88
6596.3510529994965, -8.925567e-05, 6.070123e-10, 2585.936
6598.351189613342, -8.462431e-05, 6.420946e-10, 2585.959
6600.35129070282, -8.694e-05, 5.851481e-10, 2585.997
6602.35139131546, -8.751893e-05, 6.267218e-10, 2586.024
6604.35148191452, -8.404539e-05, 6.051657e-10, 2586.106
6606.351646900177, -8.636105e-05, 6.562801e-10, 2586.097
6608.35178232193, -8.80978e-05, 6.884635e-10, 2586.119
6610.351860284805, -8.809783e-05, 5.833686e-10, 2586.099
6612.351974487305, -8.809783e-05, 6.110826e-10, 2586.156
6614.352085828781, -8.578218e-05, 7.096859e-10, 2586.18
6616.352214336395, -8.636109e-05, 6.451092e-10, 2586.232
6618.352301597595, -8.636105e-05, 6.536426e-10, 2586.285
6620.352438926697, -8.694001e-05, 6.738782e-10, 2586.357
6622.352541923523, -8.636106e-05, 6.435244e-10, 2586.392
6624.352643251419, -8.693998e-05, 5.931547e-10, 2586.488
6626.352748632431, -8.636106e-05, 5.515658e-10, 2586.539
6628.352835416794, -8.809784e-05, 5.38809e-10, 2586.585
6630.352978229523, -8.520321e-05, 4.75351e-10, 2586.642
6632.353082418442, -8.694e-05, 5.540062e-10, 2586.683
6634.3531749248505, -8.809783e-05, 4.692832e-10, 2586.689
6636.353287935257, -8.520322e-05, 6.210008e-10, 2586.717
6638.353392839432, -8.520323e-05, 6.183171e-10, 2586.771
6640.3535277843475, -8.520323e-05, 5.246432e-10, 2586.813
6642.353634119034, -8.578217e-05, 6.20999e-10, 2586.869
6644.353736400604, -9.041352e-05, 5.478906e-10, 2586.936
6646.353821516037, -8.693998e-05, 5.752076e-10, 2587.064
6648.353911161423, -8.636106e-05, 5.452495e-10, 2587.139
6650.3540070056915, -8.867672e-05, 5.890652e-10, 2587.208
6652.354113101959, -8.693997e-05, 5.699328e-10, 2587.222
6654.354218006134, -8.809781e-05, 5.18703e-10, 2587.282
6656.354354143143, -8.80978e-05, 4.920465e-10, 2587.397
6658.35444355011, -8.867677e-05, 6.273615e-10, 2587.468
6660.354543924332, -8.925566e-05, 5.866247e-10, 2587.496
6662.354660749435, -8.578216e-05, 6.292729e-10, 2587.528
6664.3547422885895, -8.751891e-05, 7.13427e-10, 2587.539
6666.354880094528, -8.751891e-05, 6.232893e-10, 2587.577
6668.3549909591675, -8.636108e-05, 5.552391e-10, 2587.575
6670.355141878128, -8.809783e-05, 6.986466e-10, 2587.634
6672.355252981186, -8.867675e-05, 7.088307e-10, 2587.632
6674.355349063873, -8.578215e-05, 5.873057e-10, 2587.691
6676.355455636978, -8.751891e-05, 5.55238e-10, 2587.71
6678.35556101799, -8.751891e-05, 5.813233e-10, 2587.779
6680.355662584305, -8.578212e-05, 5.183342e-10, 2587.813
6682.355757713318, -8.404539e-05, 5.774512e-10, 2587.875
6684.355857849121, -8.809782e-05, 5.561843e-10, 2587.887
6686.3559947013855, -8.809784e-05, 5.774529e-10, 2587.943
6688.356096982956, -8.694e-05, 5.991184e-10, 2587.987
6690.356199264526, -8.520323e-05, 5.851942e-10, 2588.07
6692.356302499771, -8.636107e-05, 6.782793e-10, 2588.074
6694.356400728226, -9.041345e-05, 6.030566e-10, 2588.132
6696.356540441513, -8.636102e-05, 5.931606e-10, 2588.106
6698.356677770615, -8.983458e-05, 5.084767e-10, 2588.16
6700.35675907135, -8.693998e-05, 5.968064e-10, 2588.216
6702.35689496994, -8.636105e-05, 5.416482e-10, 2588.291
6704.357037305832, -8.693996e-05, 5.488574e-10, 2588.368
6706.357131958008, -8.809784e-05, 6.637624e-10, 2588.435
6708.357269048691, -8.809785e-05, 5.619657e-10, 2588.459
6710.357362508774, -8.636107e-05, 6.070141e-10, 2588.47
6712.3574504852295, -8.751889e-05, 5.991167e-10, 2588.588
6714.357554912567, -8.693999e-05, 5.113814e-10, 2588.6
6716.357657909393, -8.636105e-05, 5.478918e-10, 2588.661
6718.357736349106, -8.75189e-05, 5.774547e-10, 2588.693
6720.3578197956085, -8.694002e-05, 6.996327e-10, 2588.741
6722.357933998108, -8.98346e-05, 6.562807e-10, 2588.769
6724.358035564423, -8.636106e-05, 5.715599e-10, 2588.778
6726.358120441437, -8.636107e-05, 5.912426e-10, 2588.866
6728.358221769333, -8.693996e-05, 6.210025e-10, 2588.979
6730.35832285881, -8.694e-05, 6.069913e-10, 2589.032
6732.358427286148, -8.867674e-05, 5.368723e-10, 2589.048
6734.35853099823, -8.809786e-05, 5.614857e-10, 2589.067
6736.358622550964, -8.694e-05, 6.091711e-10, 2589.157
6738.358724117279, -8.867673e-05, 6.365787e-10, 2589.2
6740.358857631683, -8.925568e-05, 6.89583e-10, 2589.219
6742.358962059021, -8.694e-05, 6.650811e-10, 2589.342
6744.359055757523, -8.46243e-05, 6.210055e-10, 2589.372
6746.359137773514, -8.578215e-05, 7.150078e-10, 2589.389
6748.359246492386, -8.809783e-05, 6.606836e-10, 2589.416
6750.359354019165, -8.809782e-05, 6.192202e-10, 2589.429
6752.359496593475, -8.867676e-05, 6.895854e-10, 2589.445
6754.359596729279, -8.867674e-05, 5.442201e-10, 2589.46
6756.35973072052, -8.694e-05, 6.11082e-10, 2589.526
6758.359941959381, -8.694e-05, 5.084773e-10, 2589.525
6760.360022544861, -8.693998e-05, 6.292729e-10, 2589.617
6762.360130310059, -8.636104e-05, 5.735843e-10, 2589.633
6764.360260009766, -8.80978e-05, 6.110843e-10, 2589.726
6766.360364198685, -8.520323e-05, 6.011621e-10, 2589.782
6768.360452890396, -8.578216e-05, 5.540062e-10, 2589.835
6770.360557556152, -8.693997e-05, 5.211026e-10, 2589.825
6772.3606543540955, -8.809782e-05, 6.011608e-10, 2589.859
6774.360743522644, -8.578216e-05, 5.478941e-10, 2589.896
6776.360902786255, -8.636105e-05, 6.309231e-10, 2589.931
6778.36100769043, -8.751891e-05, 6.011626e-10, 2590.002
6780.361110925674, -8.636105e-05, 5.891546e-10, 2590.06
6782.361211061478, -8.404538e-05, 6.151534e-10, 2590.085
6784.361295461655, -8.52032e-05, 6.171761e-10, 2590.147
6786.361403465271, -8.404537e-05, 6.151523e-10, 2590.181
6788.361540794373, -8.809784e-05, 6.225189e-10, 2590.261
6790.36162853241, -8.809784e-05, 5.813221e-10, 2590.249
6792.3617305755615, -8.751891e-05, 6.225206e-10, 2590.344
6794.361829042435, -8.636107e-05, 6.267201e-10, 2590.344
6796.361930370331, -8.636106e-05, 5.873056e-10, 2590.406
6798.362019777298, -8.636108e-05, 6.292729e-10, 2590.442
6800.362109184265, -8.520322e-05, 6.420935e-10, 2590.5
6802.3622097969055, -8.636109e-05, 6.210043e-10, 2590.547
6804.362303972244, -8.693998e-05, 6.051657e-10, 2590.596
6806.362403154373, -8.346646e-05, 5.636853e-10, 2590.656
6808.362494468689, -8.462429e-05, 6.192238e-10, 2590.669
6810.362629890442, -8.578212e-05, 6.550963e-10, 2590.738
6812.362760543823, -8.578216e-05, 5.948055e-10, 2590.821
6814.362895727158, -8.578216e-05, 5.988776e-10, 2590.852
6816.363034963608, -8.520326e-05, 6.029426e-10, 2590.869
6818.3631546497345, -8.751891e-05, 6.650836e-10, 2590.92
6820.363288402557, -8.636108e-05, 6.572037e-10, 2590.918
6822.36338186264, -8.751892e-05, 6.183171e-10, 2590.954
6824.363513708115, -8.867672e-05, 6.131706e-10, 2590.994
6826.363606214523, -8.694e-05, 5.988735e-10, 2590.999
6828.363713264465, -8.694e-05, 5.774523e-10, 2591.072
6830.363852024078, -8.636108e-05, 6.12731e-10, 2591.087
6832.363954305649, -8.578214e-05, 5.019659e-10, 2591.142
6834.364090681076, -8.462431e-05, 6.280406e-10, 2591.183
6836.364228963852, -8.636108e-05, 6.11082e-10, 2591.239
6838.3643753528595, -8.694e-05, 5.637935e-10, 2591.293
6840.36451458931, -8.693997e-05, 6.030555e-10, 2591.36
6842.364650726318, -8.520323e-05, 6.011668e-10, 2591.404
6844.364737987518, -8.925568e-05, 5.851925e-10, 2591.449
6846.3648250103, -8.520323e-05, 5.948056e-10, 2591.503
6848.364921808243, -8.462431e-05, 5.697104e-10, 2591.581
6850.365016698837, -8.462428e-05, 6.085999e-10, 2591.574
6852.36515879631, -8.520323e-05, 6.070129e-10, 2591.593
6854.365261793137, -8.636109e-05, 5.658383e-10, 2591.631
6856.365366220474, -8.520323e-05, 5.308238e-10, 2591.624
6858.365464925766, -8.46243e-05, 6.267201e-10, 2591.682
6860.365587711334, -8.578212e-05, 5.961892e-10, 2591.735
6862.365678071976, -8.578216e-05, 6.910339e-10, 2591.784
6864.365774393082, -8.751888e-05, 5.89154e-10, 2591.802
6866.365887403488, -8.809785e-05, 7.197386e-10, 2591.893
6868.36599779129, -8.636109e-05, 6.759868e-10, 2591.964
6870.366098403931, -8.751893e-05, 6.904417e-10, 2591.946
6872.366183757782, -8.694e-05, 7.301784e-10, 2592.052
6874.366279363632, -8.578214e-05, 7.449647e-10, 2592.08
6876.366388559341, -8.867675e-05, 7.0082e-10, 2592.123
6878.366524219513, -8.809786e-05, 6.956946e-10, 2592.154
6880.366660118103, -8.636105e-05, 7.396383e-10, 2592.144
6882.366755723953, -8.636109e-05, 7.19738e-10, 2592.215
6884.366861581802, -8.925569e-05, 7.102782e-10, 2592.268
6886.366995334625, -8.578217e-05, 7.201964e-10, 2592.309
6888.3671107292175, -8.751891e-05, 6.464262e-10, 2592.38
6890.367215633392, -8.520321e-05, 6.464273e-10, 2592.393
6892.367312192917, -8.867676e-05, 6.420946e-10, 2592.468
6894.367416381836, -8.867676e-05, 6.518813e-10, 2592.534
6896.3675220012665, -8.751889e-05, 6.507654e-10, 2592.586
6898.367607116699, -8.694e-05, 7.134277e-10, 2592.606
6900.3677089214325, -8.578215e-05, 7.143513e-10, 2592.663
6902.367815494537, -8.578214e-05, 7.449682e-10, 2592.709
6904.367901563644, -8.578217e-05, 7.598757e-10, 2592.727
6906.367981433868, -8.578216e-05, 7.399714e-10, 2592.808
6908.368118524551, -8.404539e-05, 6.650812e-10, 2592.785
6910.368253469467, -8.636104e-05, 6.839975e-10, 2592.793
6912.368333339691, -8.925567e-05, 7.592879e-10, 2592.832
6914.368428707123, -8.983458e-05, 6.850538e-10, 2592.896
6916.368525981903, -8.809783e-05, 7.249932e-10, 2592.871
6918.368632555008, -8.867678e-05, 7.345876e-10, 2592.899
6920.36877155304, -8.809783e-05, 6.950381e-10, 2592.978
6922.368873596191, -8.636109e-05, 6.706e-10, 2592.979
6924.36896777153, -8.520321e-05, 7.143524e-10, 2593.046
6926.369073867798, -8.578214e-05, 6.913596e-10, 2593.114
6928.36917757988, -8.809779e-05, 6.863691e-10, 2593.205
6930.369267463684, -8.694e-05, 7.499557e-10, 2593.28
6932.369371652603, -8.867677e-05, 7.699966e-10, 2593.336
6934.369451999664, -8.578216e-05, 7.349781e-10, 2593.355
6936.369563341141, -8.636106e-05, 6.759908e-10, 2593.412
6938.369669437408, -8.694001e-05, 7.003582e-10, 2593.425
6940.369753837585, -8.867674e-05, 7.398445e-10, 2593.49
6942.369855880737, -8.693999e-05, 7.143489e-10, 2593.535
6944.369953870773, -9.041352e-05, 7.400375e-10, 2593.604
6946.370056390762, -8.925569e-05, 7.050212e-10, 2593.677
6948.370160579681, -8.983461e-05, 8.412173e-10, 2593.699
6950.370260715485, -8.809786e-05, 7.649372e-10, 2593.74
6952.370361328125, -8.636108e-05, 7.201952e-10, 2593.764
6954.370445489883, -8.63611e-05, 6.210002e-10, 2593.805
6956.370530366898, -8.694e-05, 6.594261e-10, 2593.86
6958.37061715126, -8.520325e-05, 7.400357e-10, 2593.872
6960.370707988739, -8.694e-05, 8.155255e-10, 2593.921
6962.3707954883575, -8.983458e-05, 8.102038e-10, 2593.953
6964.370882511139, -8.751893e-05, 6.70597e-10, 2594.012
6966.370987653732, -8.578216e-05, 6.280371e-10, 2594.072
6968.37108540535, -8.867673e-05, 6.706012e-10, 2594.09
6970.371185302734, -8.694002e-05, 6.750643e-10, 2594.135
6972.371289730072, -8.809784e-05, 5.577451e-10, 2594.161
6974.3714282512665, -8.636108e-05, 6.17173e-10, 2594.179
6976.371572494507, -8.694002e-05, 5.890663e-10, 2594.218
6978.371666669846, -8.694001e-05, 7.393802e-10, 2594.241
6980.371752977371, -8.694e-05, 7.900996e-10, 2594.224
6982.371834516525, -8.98346e-05, 7.150078e-10, 2594.294
6984.371944189072, -8.578216e-05, 5.599903e-10, 2594.343
6986.372034549713, -8.98346e-05, 6.594261e-10, 2594.363
6988.372130155563, -8.751889e-05, 6.011626e-10, 2594.384
6990.372268915176, -8.751894e-05, 5.218047e-10, 2594.401
6992.372403383255, -8.578212e-05, 6.085942e-10, 2594.394
6994.372488498688, -8.693999e-05, 6.070105e-10, 2594.431
6996.372628211975, -8.520325e-05, 6.365723e-10, 2594.478
6998.37273478508, -8.520322e-05, 6.43082e-10, 2594.496
7000.372846364975, -8.636111e-05, 6.474802e-10, 2594.597
7002.372951030731, -8.809783e-05, 6.895818e-10, 2594.631
7004.373039960861, -8.694e-05, 6.550946e-10, 2594.643
7006.373122930527, -8.809783e-05, 5.735814e-10, 2594.759
7008.3732323646545, -8.462432e-05, 6.334081e-10, 2594.801
7010.37332701683, -8.694001e-05, 6.420946e-10, 2594.809
7012.373464584351, -8.751894e-05, 6.7676e-10, 2594.854
7014.373558282852, -8.925569e-05, 6.738776e-10, 2594.857
7016.373649120331, -8.578217e-05, 5.948033e-10, 2594.878
7018.373743057251, -8.693998e-05, 5.89154e-10, 2594.889
7020.373878240585, -8.694e-05, 5.912426e-10, 2594.919
7022.373979568481, -8.578218e-05, 6.766456e-10, 2594.921
7024.374069452286, -8.636107e-05, 8.102031e-10, 2594.971
7026.374175310135, -8.925567e-05, 7.077083e-10, 2594.981
7028.374272823334, -8.98346e-05, 6.451109e-10, 2595.037
7030.3743777275085, -8.809782e-05, 7.096841e-10, 2595.061
7032.374476194382, -8.867676e-05, 7.339263e-10, 2595.116
7034.374566316605, -8.751891e-05, 7.143489e-10, 2595.191
7036.37465596199, -9.041352e-05, 7.592898e-10, 2595.247
7038.374747037888, -8.867677e-05, 8.094766e-10, 2595.349
7040.37486577034, -8.520323e-05, 6.706e-10, 2595.335
7042.375002384186, -8.80978e-05, 6.435244e-10, 2595.351
7044.375104665756, -8.751893e-05, 6.839951e-10, 2595.357
7046.375205516815, -8.751892e-05, 6.351249e-10, 2595.368
7048.3753073215485, -8.809784e-05, 6.377596e-10, 2595.373
7050.37540102005, -8.867677e-05, 5.873045e-10, 2595.395
7052.3755033016205, -8.809782e-05, 5.625817e-10, 2595.421
7054.3756058216095, -8.867672e-05, 5.689611e-10, 2595.451
7056.375691413879, -8.578212e-05, 5.577445e-10, 2595.504
7058.375794172287, -8.694e-05, 6.029432e-10, 2595.546
7060.375895500183, -8.520324e-05, 5.140189e-10, 2595.594
7062.375999450684, -8.578216e-05, 6.110832e-10, 2595.611
7064.376136779785, -8.520323e-05, 5.735825e-10, 2595.622
7066.376275062561, -8.694e-05, 4.433299e-10, 2595.705
7068.37638425827, -8.404537e-05, 4.757051e-10, 2595.765
7070.376487493515, -8.578216e-05, 5.272171e-10, 2595.796
7072.376592874527, -8.693998e-05, 5.851966e-10, 2595.855
7074.376699924469, -8.404537e-05, 5.317258e-10, 2595.913
7076.376836299896, -8.636106e-05, 6.085976e-10, 2595.945
7078.376968860626, -8.694e-05, 5.912415e-10, 2595.991
7080.377063512802, -8.809783e-05, 5.561832e-10, 2596.01
7082.377203702927, -8.693996e-05, 5.891523e-10, 2596.027
7084.377306222916, -8.867675e-05, 5.515645e-10, 2596.049
7086.377410411835, -8.404541e-05, 5.658429e-10, 2596.098
7088.377553939819, -8.578216e-05, 6.211809e-10, 2596.075
7090.377657413483, -8.751889e-05, 4.986013e-10, 2596.167
7092.377742767334, -8.52032e-05, 4.789167e-10, 2596.213
7094.37787938118, -8.751891e-05, 4.822165e-10, 2596.23
7096.377957820892, -8.636107e-05, 4.757051e-10, 2596.26
7098.378091335297, -8.809783e-05, 6.006822e-10, 2596.301
7100.378224849701, -8.867677e-05, 6.351231e-10, 2596.342
7102.378309249878, -8.809784e-05, 6.011632e-10, 2596.373
7104.378444433212, -8.751888e-05, 5.488599e-10, 2596.384
7106.378578424454, -8.98346e-05, 6.091687e-10, 2596.463
7108.378717184067, -8.636109e-05, 6.536426e-10, 2596.464
7110.3788187503815, -8.925566e-05, 5.352653e-10, 2596.509
7112.378925323486, -8.983459e-05, 5.991137e-10, 2596.513
7114.37902712822, -8.751892e-05, 5.352683e-10, 2596.585
7116.3791291713715, -8.694e-05, 5.086497e-10, 2596.607
7118.379220724106, -8.809785e-05, 5.577445e-10, 2596.638
7120.379314184189, -8.751891e-05, 5.637929e-10, 2596.653
7122.379403591156, -8.520323e-05, 6.375402e-10, 2596.689
7124.3794939517975, -8.636109e-05, 5.828204e-10, 2596.742
7126.379581451416, -8.636108e-05, 5.317234e-10, 2596.785
7128.379699230194, -8.867677e-05, 5.675966e-10, 2596.838
7130.379803419113, -8.925571e-05, 5.488568e-10, 2596.863
7132.379882097244, -8.867674e-05, 5.790125e-10, 2596.865
7134.379985332489, -8.694e-05, 6.211779e-10, 2596.891
7136.380074501038, -8.867674e-05, 6.030518e-10, 2596.922
7138.380210638046, -8.636109e-05, 6.069924e-10, 2596.942
7140.380347251892, -8.462433e-05, 6.464245e-10, 2596.966
7142.38045501709, -8.578218e-05, 5.675978e-10, 2597.007
7144.380570650101, -8.98346e-05, 4.887683e-10, 2597.041
7146.380684375763, -8.751893e-05, 6.151506e-10, 2597.091
7148.380786418915, -8.40454e-05, 5.442172e-10, 2597.135
7150.380864858627, -8.578217e-05, 5.416428e-10, 2597.152
7152.380966901779, -8.63611e-05, 6.011608e-10, 2597.168
7154.381065130234, -9.099243e-05, 5.405444e-10, 2597.204
7156.381147861481, -8.34665e-05, 6.11082e-10, 2597.255
7158.381250143051, -8.809784e-05, 6.309213e-10, 2597.266
7160.381345272064, -8.636106e-05, 6.323044e-10, 2597.267
7162.381445884705, -8.578217e-05, 6.75066e-10, 2597.314
7164.381554603577, -8.98346e-05, 6.55094e-10, 2597.351
7166.381655931473, -8.925569e-05, 6.50763e-10, 2597.393
7168.3817546367645, -8.751893e-05, 5.552361e-10, 2597.453
7170.381889343262, -8.751893e-05, 7.102787e-10, 2597.509
7172.381992101669, -8.462433e-05, 6.507624e-10, 2597.557
7174.382091760635, -8.867675e-05, 6.210043e-10, 2597.556
7176.382226705551, -8.867677e-05, 6.650811e-10, 2597.576
7178.382367610931, -8.694e-05, 6.594291e-10, 2597.602
7180.3824689388275, -8.46243e-05, 6.334068e-10, 2597.654
7182.382565975189, -8.751891e-05, 5.91245e-10, 2597.704
7184.382665395737, -8.809784e-05, 5.599898e-10, 2597.796
7186.38277220726, -8.693998e-05, 6.273584e-10, 2597.759
7188.382871866226, -8.578214e-05, 5.614845e-10, 2597.771
7190.382968664169, -8.636108e-05, 5.891535e-10, 2597.802
7192.383077144623, -8.636103e-05, 6.507612e-10, 2597.813
7194.38321685791, -8.809783e-05, 5.929379e-10, 2597.87
7196.383298158646, -8.693997e-05, 5.971595e-10, 2597.879
7198.383445262909, -8.578214e-05, 6.225183e-10, 2597.908
7200.383589267731, -8.636107e-05, 6.858419e-10, 2597.952
7202.383689403534, -8.751892e-05, 6.011626e-10, 2598.02
7204.383769989014, -8.809786e-05, 6.044595e-10, 2598.016
7206.383925199509, -8.75189e-05, 6.714564e-10, 2598.06
7208.384026527405, -8.693994e-05, 7.055497e-10, 2598.077
7210.384123802185, -8.578214e-05, 6.408408e-10, 2598.089
7212.384226560593, -8.636105e-05, 6.451074e-10, 2598.151
7214.384333848953, -8.694001e-05, 7.088302e-10, 2598.16
7216.384440660477, -8.693998e-05, 6.365757e-10, 2598.16
7218.384553670883, -8.867674e-05, 5.752118e-10, 2598.192
7220.384636640549, -8.520321e-05, 5.912432e-10, 2598.224
7222.384719371796, -8.809783e-05, 5.735808e-10, 2598.244
7224.384822130203, -8.751892e-05, 6.19222e-10, 2598.251
7226.384929656982, -8.809785e-05, 6.594255e-10, 2598.276
7228.385033369064, -8.578214e-05, 6.377612e-10, 2598.288
7230.385126113892, -8.925568e-05, 6.724267e-10, 2598.315
7232.385208129883, -8.636108e-05, 6.309225e-10, 2598.35
7234.385293722153, -8.80978e-05, 5.308232e-10, 2598.375
7236.385411739349, -8.809786e-05, 5.416434e-10, 2598.395
7238.3855130672455, -8.98346e-05, 5.971578e-10, 2598.387
7240.38560628891, -8.462432e-05, 5.873045e-10, 2598.449
7242.385713338852, -8.462432e-05, 5.676002e-10, 2598.445
7244.385816335678, -8.578217e-05, 6.680928e-10, 2598.516
7246.3859004974365, -8.925568e-05, 5.912468e-10, 2598.536
7248.386006593704, -8.578217e-05, 5.380402e-10, 2598.533
7250.386097431183, -8.694001e-05, 7.050224e-10, 2598.57
7252.3861951828, -8.983459e-05, 6.351237e-10, 2598.588
7254.3862981796265, -8.578215e-05, 6.168674e-10, 2598.6
7256.386437177658, -8.636107e-05, 6.02945e-10, 2598.632
7258.386520385742, -8.636104e-05, 6.225195e-10, 2598.677
7260.386622905731, -8.578215e-05, 5.951814e-10, 2598.705
7262.386728525162, -8.751893e-05, 5.735814e-10, 2598.76
7264.386810541153, -8.578216e-05, 5.344305e-10, 2598.768
