time, current, power, resistance
0.002867460250854492, 0.0, 0.0, 2633.496
2.0029709339141846, 0.0, 0.0, 2633.5
4.003077268600464, 0.0, 0.0, 2633.533
6.00317907333374, 0.0, 0.0, 2633.548
8.003279447555542, 0.0, 0.0, 2633.564
10.003366231918335, 0.0, 0.0, 2633.548
12.003469228744507, 0.0, 0.0, 2633.547
14.003569841384888, 0.0, 0.0, 2633.574
16.003655433654785, 0.0, 0.0, 2633.572
18.00373673439026, 0.0, 0.0, 2633.593
20.003827571868896, 0.0, 0.0, 2633.598
22.00391983985901, 0.0, 0.0, 2633.631
24.004021883010864, 0.0, 0.0, 2633.656
26.004113912582397, 0.0, 0.0, 2633.625
28.004218816757202, 0.0, 0.0, 2633.622
30.004352807998657, 0.0, 0.0, 2633.587
32.004435777664185, 0.0, 0.0, 2633.596
34.004517555236816, 0.0, 0.0, 2633.588
36.004618406295776, 0.0, 0.0, 2633.598
38.00471377372742, 0.0, 0.0, 2633.625
40.004812717437744, 0.0, 0.0, 2633.684
42.004913568496704, 0.0, 0.0, 2633.668
44.005048513412476, 0.0, 0.0, 2633.725
46.00514364242554, 0.0, 0.0, 2633.715
48.0052490234375, 0.0, 0.0, 2633.756
50.00533485412598, 0.0, 0.0, 2633.813
52.00543451309204, 0.0, 0.0, 2633.821
54.005518198013306, 0.0, 0.0, 2633.844
56.00560283660889, 0.0, 0.0, 2633.881
58.00570297241211, 0.0, 0.0, 2633.905
60.005799770355225, 0.0, 0.0, 2633.915
62.00745916366577, 0.0, 0.0, 2611.033
64.00761723518372, 1.5014, 3.5778, 2439.766
66.00775456428528, 1.5014, 3.613, 2317.723
68.00787925720215, 1.5014, 3.6384, 2222.342
70.00796413421631, 1.5014, 3.6548, 2144.086
72.00809741020203, 1.5014, 3.6712, 2079.409
74.008225440979, 1.5014, 3.6851, 2023.489
76.00831508636475, 1.5014, 3.6969, 1971.96
78.00840759277344, 1.5014, 3.7073, 1930.282
80.00850057601929, 1.5014, 3.7166, 1891.831
82.00860071182251, 1.5014, 3.725, 1856.151
84.0087022781372, 1.5015, 3.7329, 1823.896
86.00880646705627, 1.5014, 3.7401, 1793.671
88.00890684127808, 1.5014, 3.7469, 1765.267
90.00900983810425, 1.5014, 3.7533, 1738.699
92.0091118812561, 1.5014, 3.7595, 1713.308
94.00919365882874, 1.5014, 3.7653, 1689.767
96.00929689407349, 1.5014, 3.77, 1667.328
98.00941181182861, 1.5014, 3.7755, 1645.742
100.00951194763184, 1.5014, 3.7806, 1624.987
102.0096082687378, 1.5014, 3.7857, 1605.115
104.00974369049072, 1.5014, 3.7906, 1586.08
106.00987696647644, 1.5014, 3.7955, 1567.642
108.0099766254425, 1.5014, 3.8002, 1549.872
110.01008009910583, 1.5014, 3.8046, 1532.713
112.01018261909485, 1.5014, 3.8092, 1516.096
114.01027941703796, 1.5014, 3.8135, 1499.964
116.01042151451111, 1.5014, 3.8177, 1484.593
118.01050233840942, 1.5014, 3.8213, 1469.542
120.01060247421265, 1.5014, 3.8258, 1454.661
122.01067996025085, 1.5014, 3.8293, 1440.549
124.01076316833496, 1.5014, 3.8332, 1426.661
126.01082515716553, 1.5014, 3.837, 1412.877
128.01092720031738, 1.5014, 3.8408, 1399.859
130.01106238365173, 1.5014, 3.8444, 1387.144
132.01119756698608, 1.5014, 3.8482, 1374.721
134.01130199432373, 1.5014, 3.8517, 1362.784
136.01140880584717, 1.5014, 3.8553, 1351.059
138.01151061058044, 1.5013, 3.8585, 1339.561
140.01161170005798, 1.5013, 3.8619, 1328.579
142.01173067092896, 1.5014, 3.8649, 1317.846
144.0118293762207, 1.5013, 3.8685, 1307.357
146.01193237304688, 1.5014, 3.8712, 1297.159
148.0120334625244, 1.5014, 3.8745, 1287.176
150.01212763786316, 1.5014, 3.8776, 1277.305
152.01225876808167, 1.5014, 3.8806, 1267.769
154.01235342025757, 1.5014, 3.8836, 1258.233
156.01243782043457, 1.5014, 3.8866, 1248.814
158.01255178451538, 1.5013, 3.8894, 1239.628
160.01264786720276, 1.5013, 3.8925, 1230.629
162.01274585723877, 1.5014, 3.8954, 1221.76
164.01283645629883, 1.5013, 3.8982, 1213.158
166.01293802261353, 1.5013, 3.9006, 1204.941
168.01304006576538, 1.5014, 3.9033, 1196.869
170.01312255859375, 1.5013, 3.906, 1188.993
172.01321697235107, 1.5013, 3.9087, 1181.6
174.013352394104, 1.5013, 3.9113, 1173.973
176.01346802711487, 1.5013, 3.9138, 1166.624
178.01357102394104, 1.5013, 3.9163, 1159.236
180.01366591453552, 1.5013, 3.919, 1151.882
182.01376104354858, 1.5013, 3.9214, 1144.617
184.01389479637146, 1.5013, 3.9239, 1137.548
186.01398253440857, 1.5013, 3.9264, 1130.786
188.01411533355713, 1.5013, 3.9287, 1124.258
190.01420378684998, 1.5013, 3.9307, 1117.717
192.01432943344116, 1.5013, 3.9334, 1111.548
194.0144636631012, 1.5013, 3.9354, 1105.41
196.0145971775055, 1.5013, 3.9377, 1099.346
198.01468515396118, 1.5013, 3.94, 1093.292
200.0147774219513, 1.5013, 3.9422, 1087.23
202.01486444473267, 1.5013, 3.9445, 1081.24
204.01495599746704, 1.5013, 3.9466, 1075.425
206.01504826545715, 1.5013, 3.9488, 1069.899
208.01518630981445, 1.5013, 3.9509, 1064.457
210.01529026031494, 1.5013, 3.9526, 1058.974
212.0154252052307, 1.5013, 3.955, 1053.579
214.01551723480225, 1.5013, 3.9567, 1048.492
216.01561832427979, 1.5013, 3.9588, 1043.477
218.01571440696716, 1.5013, 3.9606, 1038.406
220.01581454277039, 1.5013, 3.9628, 1033.56
222.0159137248993, 1.5013, 3.9646, 1028.827
224.01601457595825, 1.5013, 3.9665, 1024.073
226.01611995697021, 1.5013, 3.9683, 1019.689
228.01622128486633, 1.5013, 3.9702, 1015.494
230.0163218975067, 1.5013, 3.972, 1011.017
232.0164315700531, 1.5013, 3.9739, 1006.359
234.0165274143219, 1.5012, 3.9757, 1001.811
236.0166141986847, 1.5012, 3.9775, 997.587
238.0167076587677, 1.5013, 3.979, 993.3066
240.01679825782776, 1.5013, 3.9808, 988.9779
242.01687812805176, 1.5013, 3.9824, 985.0313
244.01697421073914, 1.5012, 3.9842, 981.0606
246.01707577705383, 1.5013, 3.9859, 977.1103
248.01716780662537, 1.5013, 3.9875, 973.1947
250.01726269721985, 1.5013, 3.9892, 969.2958
252.01740145683289, 1.5013, 3.9909, 965.4756
254.01754760742188, 1.5013, 3.9925, 961.7107
256.01765275001526, 1.5013, 3.994, 958.116
258.0177433490753, 1.5013, 3.9954, 954.4065
260.017840385437, 1.5013, 3.9972, 950.8479
262.0179500579834, 1.5013, 3.9986, 947.4049
264.01803708076477, 1.5012, 4.0, 944.002
266.0181391239166, 1.5013, 4.0016, 940.5306
268.0182750225067, 1.5012, 4.003, 937.2898
270.01837182044983, 1.5012, 4.0043, 934.2244
272.0185194015503, 1.5012, 4.0056, 931.3871
274.0186216831207, 1.5012, 4.007, 928.4484
276.018709897995, 1.5012, 4.0084, 925.319
278.0188093185425, 1.5012, 4.0098, 922.5079
280.01891255378723, 1.5012, 4.0111, 919.3724
282.01899814605713, 1.5012, 4.0122, 916.437
284.01910424232483, 1.5012, 4.0136, 913.7906
286.0192358493805, 1.5012, 4.0147, 910.9884
288.0193438529968, 1.5012, 4.0161, 908.2505
290.01944160461426, 1.5012, 4.0173, 905.5197
292.01960849761963, 1.5012, 4.0186, 903.0128
294.0197584629059, 1.5012, 4.0198, 900.4781
296.0198550224304, 1.5012, 4.0211, 897.7799
298.0199568271637, 1.5012, 4.0222, 894.9251
300.0200400352478, 1.5012, 4.0234, 892.0199
302.0201437473297, 1.5012, 4.0247, 889.2112
304.0202794075012, 1.5012, 4.026, 886.5949
306.02038860321045, 1.5012, 4.0269, 884.2017
308.0204770565033, 1.5012, 4.0283, 881.7751
310.02058720588684, 1.5011, 4.0292, 879.2277
312.02069187164307, 1.5011, 4.0305, 876.7459
314.0207929611206, 1.5011, 4.0316, 874.4546
316.02088260650635, 1.5011, 4.0327, 872.3478
318.02097058296204, 1.5011, 4.0339, 870.1166
320.021053314209, 1.5012, 4.0351, 867.5722
322.0211544036865, 1.5011, 4.036, 865.7321
324.021267414093, 1.5011, 4.0371, 863.7251
326.02135705947876, 1.5011, 4.0381, 861.5678
328.02145767211914, 1.5011, 4.0392, 859.074
330.0215554237366, 1.5011, 4.0402, 857.073
332.0216522216797, 1.5011, 4.0413, 854.9739
334.0217876434326, 1.5012, 4.0422, 852.7324
336.02187633514404, 1.5011, 4.0432, 850.6852
338.0219805240631, 1.5011, 4.0442, 848.7181
340.02207708358765, 1.5011, 4.0452, 846.7408
342.02217864990234, 1.5011, 4.0462, 844.8045
344.0222809314728, 1.5011, 4.0472, 842.8576
346.02241683006287, 1.5011, 4.0481, 840.8731
348.02250814437866, 1.5011, 4.0489, 839.1141
350.02259588241577, 1.5011, 4.05, 837.3604
352.0227267742157, 1.5011, 4.0507, 835.4318
354.02281665802, 1.5011, 4.0519, 833.4663
356.02295184135437, 1.5011, 4.0528, 831.6038
358.0230484008789, 1.5011, 4.0536, 829.7754
360.02314734458923, 1.5011, 4.0544, 828.4246
362.02323031425476, 1.5011, 4.0551, 826.9529
364.0233407020569, 1.5011, 4.056, 825.1884
366.02347803115845, 1.5011, 4.0569, 823.3218
368.0235946178436, 1.5011, 4.0578, 821.83
370.0236954689026, 1.5011, 4.0584, 820.5609
372.0237832069397, 1.5011, 4.0594, 818.8313
374.0238709449768, 1.5011, 4.0601, 817.0279
376.02396273612976, 1.5011, 4.0608, 815.3892
378.02406573295593, 1.5011, 4.0618, 814.0447
380.02420449256897, 1.5011, 4.0625, 812.5478
382.0243089199066, 1.5011, 4.0633, 810.9356
384.0244183540344, 1.5011, 4.064, 809.4206
386.0245213508606, 1.5011, 4.0648, 808.135
388.02460980415344, 1.5011, 4.0657, 806.7048
390.02474331855774, 1.501, 4.0664, 804.9917
392.02484822273254, 1.5011, 4.0671, 803.4765
394.0249626636505, 1.501, 4.0679, 801.956
396.0250594615936, 1.501, 4.0685, 800.5673
398.02515959739685, 1.501, 4.0695, 799.1937
400.0252592563629, 1.501, 4.07, 797.969
402.0253539085388, 1.501, 4.0707, 796.9061
404.0254557132721, 1.501, 4.0716, 795.5156
406.02558994293213, 1.501, 4.0723, 794.3468
408.02569007873535, 1.501, 4.0728, 793.0552
410.02579283714294, 1.501, 4.0735, 791.8606
412.02591919898987, 1.501, 4.0742, 790.4713
414.0260670185089, 1.5011, 4.0749, 789.0954
416.02620100975037, 1.501, 4.0755, 787.7777
418.026296377182, 1.501, 4.0761, 786.6231
420.02638268470764, 1.501, 4.0769, 785.1937
422.02649307250977, 1.501, 4.0775, 784.1115
424.02658581733704, 1.501, 4.0781, 782.8609
426.0266914367676, 1.501, 4.0788, 782.0668
428.0267777442932, 1.501, 4.0793, 780.9178
430.02686524391174, 1.501, 4.08, 779.9255
432.02695655822754, 1.501, 4.0804, 778.9756
434.0270621776581, 1.501, 4.081, 777.9222
436.02715039253235, 1.501, 4.0815, 776.912
438.0272526741028, 1.501, 4.0823, 775.8398
440.0273423194885, 1.501, 4.0828, 774.7469
442.0274362564087, 1.501, 4.0833, 773.7713
444.02752351760864, 1.501, 4.0838, 772.8563
446.0276222229004, 1.501, 4.0845, 771.7843
448.0277190208435, 1.501, 4.0849, 770.7813
450.0278193950653, 1.5009, 4.0853, 769.9801
452.0279188156128, 1.501, 4.0858, 769.0928
454.02802300453186, 1.501, 4.0864, 768.0591
456.0281581878662, 1.501, 4.0869, 766.7756
458.0282692909241, 1.501, 4.0875, 765.7668
460.0283694267273, 1.501, 4.0881, 764.9174
462.02851271629333, 1.501, 4.0886, 763.9675
464.0286109447479, 1.5009, 4.0891, 763.1485
466.028692483902, 1.5009, 4.0896, 762.2659
468.0287971496582, 1.501, 4.09, 761.5973
470.02889800071716, 1.5009, 4.0906, 760.7484
472.02903389930725, 1.5009, 4.091, 759.8729
474.0291693210602, 1.501, 4.0916, 758.9613
476.0292546749115, 1.501, 4.092, 757.8308
478.0293502807617, 1.501, 4.0924, 756.951
480.0294358730316, 1.501, 4.0931, 755.8415
482.0295367240906, 1.5009, 4.0935, 754.9278
484.0296320915222, 1.5009, 4.0941, 754.2498
486.0297350883484, 1.501, 4.0944, 753.5306
488.0298275947571, 1.501, 4.0949, 752.7632
490.02993416786194, 1.501, 4.0954, 752.0254
492.0300214290619, 1.5009, 4.0957, 751.3774
494.0301249027252, 1.5009, 4.0962, 750.8264
496.0302243232727, 1.5009, 4.0966, 750.2308
498.03030467033386, 1.5009, 4.0969, 749.4795
500.03039479255676, 1.5009, 4.0974, 748.4229
502.03049993515015, 1.5009, 4.098, 747.535
504.0305862426758, 1.5009, 4.0984, 746.6406
506.0306947231293, 1.5009, 4.0989, 745.682
508.030793428421, 1.5009, 4.0993, 744.8568
510.0309329032898, 1.5009, 4.0998, 744.0248
512.0310361385345, 1.5009, 4.1003, 743.3367
514.0311388969421, 1.5009, 4.1007, 742.6871
516.0312452316284, 1.5009, 4.101, 741.8932
518.0313460826874, 1.5009, 4.1015, 741.0879
520.0314540863037, 1.5009, 4.1018, 740.2424
522.0315341949463, 1.5009, 4.1022, 739.4448
524.0316643714905, 1.5009, 4.1026, 738.7626
526.0317621231079, 1.5009, 4.103, 738.1519
528.031900882721, 1.5009, 4.1036, 737.4411
530.03200340271, 1.5009, 4.1038, 736.9453
532.0321125984192, 1.5009, 4.1042, 736.3694
534.0322132110596, 1.5009, 4.1046, 735.4668
536.032310962677, 1.5009, 4.1049, 734.7589
538.0324094295502, 1.5009, 4.1054, 734.2893
540.0325226783752, 1.5009, 4.1058, 733.8002
542.0326099395752, 1.5009, 4.1061, 733.0509
544.0327153205872, 1.5009, 4.1068, 732.4163
546.0328044891357, 1.5009, 4.1069, 731.6731
548.0328986644745, 1.5009, 4.1073, 730.9918
550.0330328941345, 1.5009, 4.1078, 730.3768
552.0331344604492, 1.5009, 4.1079, 729.7819
554.0332381725311, 1.5009, 4.1084, 729.1497
556.0333368778229, 1.5009, 4.1086, 728.5636
558.0334420204163, 1.5009, 4.109, 727.8228
560.0335295200348, 1.5008, 4.1093, 727.2624
562.0336129665375, 1.5008, 4.1099, 726.6215
564.0337035655975, 1.5009, 4.1102, 725.9515
566.0337872505188, 1.5008, 4.1106, 725.3941
568.0338923931122, 1.5009, 4.111, 724.711
570.0339775085449, 1.5009, 4.1114, 724.2208
572.0340783596039, 1.5009, 4.1116, 723.5732
574.0341560840607, 1.5009, 4.1121, 722.8497
576.0342638492584, 1.5009, 4.1123, 722.2631
578.0343580245972, 1.5009, 4.1127, 721.7235
580.034460067749, 1.5009, 4.113, 721.074
582.0345652103424, 1.5009, 4.1134, 720.4189
584.0346703529358, 1.5008, 4.1136, 719.9265
586.0347616672516, 1.5009, 4.1142, 719.3288
588.034871339798, 1.5008, 4.1144, 718.8807
590.0349516868591, 1.5008, 4.1147, 718.2883
592.035053730011, 1.5009, 4.1151, 717.7358
594.0351378917694, 1.5008, 4.1152, 717.256
596.0352456569672, 1.5008, 4.1156, 716.7588
598.0353455543518, 1.5008, 4.1159, 716.4165
600.035444021225, 1.5008, 4.1163, 716.0691
602.0355463027954, 1.5008, 4.1165, 715.5238
604.0356481075287, 1.5008, 4.1168, 715.0248
606.0357556343079, 1.5008, 4.117, 714.8012
608.0358536243439, 1.5008, 4.1174, 714.3332
610.0359394550323, 1.5008, 4.1177, 713.7273
612.0360474586487, 1.5008, 4.1181, 713.1266
614.036185503006, 1.5009, 4.1184, 712.4183
616.0362846851349, 1.5008, 4.1186, 712.1261
618.0364007949829, 1.5008, 4.1188, 711.8621
620.0365467071533, 1.5008, 4.119, 711.3925
622.0366513729095, 1.5008, 4.1194, 710.7544
624.0367505550385, 1.5008, 4.1198, 710.3229
626.0368587970734, 1.5008, 4.12, 709.8862
628.036963224411, 1.5008, 4.1201, 709.2738
630.0370635986328, 1.5008, 4.1205, 708.8155
632.0371553897858, 1.5008, 4.1207, 708.5134
634.0372579097748, 1.5008, 4.1211, 708.0208
636.0373623371124, 1.5008, 4.1213, 707.5768
638.0374479293823, 1.5008, 4.1214, 707.3998
640.0375514030457, 1.5008, 4.1216, 707.2461
642.0376529693604, 1.5008, 4.1217, 706.9534
644.0377290248871, 1.5008, 4.122, 706.6839
646.0378136634827, 1.5008, 4.1222, 706.2942
648.0379192829132, 1.5008, 4.1223, 705.9913
650.0380027294159, 1.5008, 4.1226, 705.5886
652.0381062030792, 1.5008, 4.1228, 705.099
654.0382070541382, 1.5008, 4.123, 704.7301
656.0383033752441, 1.5008, 4.1232, 704.1078
658.0383911132812, 1.5008, 4.1235, 703.7041
660.038489818573, 1.5008, 4.1237, 703.1606
662.0386214256287, 1.5008, 4.124, 702.984
664.0387184619904, 1.5008, 4.1241, 702.4732
666.0388548374176, 1.5008, 4.1244, 702.3144
668.0389411449432, 1.5007, 4.1246, 701.9082
670.0390300750732, 1.5008, 4.1249, 701.5239
672.0391290187836, 1.5008, 4.1253, 701.0044
674.0392181873322, 1.5008, 4.1254, 700.6928
676.0393595695496, 1.5008, 4.1255, 700.7218
678.0394628047943, 1.5008, 4.1258, 700.454
680.0395510196686, 1.5007, 4.1258, 700.2172
682.0396575927734, 1.5008, 4.126, 700.0173
684.0397500991821, 1.5007, 4.1261, 699.5675
686.0398552417755, 1.5008, 4.1263, 698.9407
688.0399475097656, 1.5008, 4.1266, 698.4152
690.0400536060333, 1.5008, 4.1268, 698.3386
692.0401527881622, 1.5007, 4.1269, 698.0437
694.0402555465698, 1.5008, 4.1271, 697.7169
696.0404005050659, 1.5007, 4.1273, 697.2979
698.0405051708221, 1.5008, 4.1276, 696.9106
700.0405924320221, 1.5007, 4.1279, 696.7035
702.0406947135925, 1.5007, 4.1281, 696.6394
704.0407950878143, 1.5008, 4.1284, 696.3719
706.0408957004547, 1.5008, 4.1286, 696.0133
708.040999174118, 1.5008, 4.1288, 695.7037
710.0410902500153, 1.5008, 4.1292, 695.261
712.0411765575409, 1.5007, 4.1293, 694.6083
714.041285276413, 1.5007, 4.1295, 694.2824
716.0413730144501, 1.5008, 4.1298, 693.9614
718.0414726734161, 1.5008, 4.1299, 693.4969
720.0415585041046, 1.5008, 4.1302, 692.9195
722.0416393280029, 1.5007, 4.1304, 692.5725
724.0417201519012, 1.5007, 4.1306, 692.2286
726.0418572425842, 1.5007, 4.1308, 692.1695
728.0419838428497, 1.5007, 4.1309, 692.0471
730.042085647583, 1.5007, 4.1311, 691.6387
732.0422191619873, 1.5007, 4.1314, 691.1171
734.0422973632812, 1.5008, 4.1315, 690.7266
736.0423970222473, 1.5007, 4.1318, 690.4226
738.0425312519073, 1.5008, 4.132, 690.3832
740.0426347255707, 1.5007, 4.132, 690.1941
742.0427260398865, 1.5007, 4.1323, 689.7687
744.042825460434, 1.5007, 4.1324, 689.4138
746.0429284572601, 1.5007, 4.1325, 689.0997
748.043030500412, 1.5007, 4.1327, 688.8311
750.0431337356567, 1.5007, 4.1329, 688.8153
752.0432372093201, 1.5007, 4.1331, 688.4749
754.0433859825134, 1.5007, 4.1332, 688.2982
756.043491601944, 1.5007, 4.1332, 688.3661
758.0435943603516, 1.5007, 4.1333, 688.4542
760.0436797142029, 1.5007, 4.1334, 687.9912
762.0437624454498, 1.5007, 4.1336, 687.4603
764.043863773346, 1.5007, 4.134, 687.0077
766.0439651012421, 1.5007, 4.1342, 686.6033
768.0440678596497, 1.5007, 4.1344, 686.2156
770.0441656112671, 1.5007, 4.1346, 685.8633
772.0442698001862, 1.5007, 4.1349, 685.6447
774.0443723201752, 1.5007, 4.135, 685.4077
776.0444533824921, 1.5007, 4.1352, 684.9533
778.0445322990417, 1.5007, 4.1355, 684.7019
780.0446102619171, 1.5007, 4.1355, 684.5788
782.044703245163, 1.5007, 4.1356, 684.4
784.0448007583618, 1.5007, 4.1358, 684.5899
786.0449352264404, 1.5007, 4.1359, 684.1655
788.0450160503387, 1.5007, 4.1362, 683.7126
790.0451238155365, 1.5007, 4.1362, 683.2957
792.0452563762665, 1.5007, 4.1364, 682.899
794.0453832149506, 1.5007, 4.1365, 682.5506
796.0454659461975, 1.5007, 4.1368, 682.2686
798.0455565452576, 1.5007, 4.1371, 681.788
800.0456366539001, 1.5007, 4.1372, 681.4174
802.0457429885864, 1.5007, 4.1374, 681.3898
804.0458426475525, 1.5007, 4.1378, 681.4197
806.0459206104279, 1.5007, 4.1379, 680.8943
808.0460226535797, 1.5007, 4.1379, 680.5099
810.0461232662201, 1.5007, 4.1381, 680.1204
812.046222448349, 1.5007, 4.1382, 680.0136
814.0463271141052, 1.5007, 4.1382, 680.2276
816.0464289188385, 1.5007, 4.1383, 680.1359
818.0465316772461, 1.5007, 4.1385, 679.7348
820.0466294288635, 1.5006, 4.1387, 679.3781
822.0467340946198, 1.5007, 4.1389, 679.0451
824.0468385219574, 1.5006, 4.139, 678.6984
826.0469501018524, 1.5007, 4.1393, 678.4736
828.0470974445343, 1.5007, 4.1393, 678.3398
830.0472071170807, 1.5006, 4.1393, 678.2244
832.0473084449768, 1.5006, 4.1394, 678.0768
834.0474071502686, 1.5007, 4.1396, 677.8569
836.0474917888641, 1.5006, 4.1399, 677.5932
838.0476319789886, 1.5006, 4.14, 677.279
840.0477261543274, 1.5007, 4.14, 676.8656
842.047828912735, 1.5006, 4.1403, 676.5001
844.0479421615601, 1.5006, 4.1404, 676.0811
846.0480406284332, 1.5006, 4.1408, 675.7732
848.0481355190277, 1.5006, 4.141, 675.6876
850.0482363700867, 1.5006, 4.1411, 675.7299
852.0483365058899, 1.5007, 4.1412, 675.2942
854.0484371185303, 1.5007, 4.1414, 675.0839
856.0485382080078, 1.5006, 4.1415, 674.7367
858.0486390590668, 1.5006, 4.1417, 674.384
860.0487380027771, 1.5006, 4.142, 674.0725
862.0488240718842, 1.5006, 4.142, 673.9704
864.0489103794098, 1.5006, 4.142, 673.9637
866.0490214824677, 1.5007, 4.1423, 673.7765
868.0491557121277, 1.5007, 4.1424, 673.7033
870.0492579936981, 1.5006, 4.1424, 673.5567
872.0493450164795, 1.5007, 4.1425, 673.3894
874.0494334697723, 1.5006, 4.1426, 673.1793
876.0495314598083, 1.5006, 4.1427, 673.0642
878.0496106147766, 1.5006, 4.1425, 672.9207
880.0497088432312, 1.5007, 4.143, 672.7077
882.0497961044312, 1.5006, 4.143, 672.6015
884.0498948097229, 1.5006, 4.1431, 672.3153
886.049996137619, 1.5006, 4.1433, 671.8276
888.0500936508179, 1.5006, 4.1435, 671.5582
890.0501854419708, 1.5006, 4.1437, 671.3642
892.0502851009369, 1.5006, 4.1437, 671.143
894.0503878593445, 1.5006, 4.1439, 670.9029
896.0504853725433, 1.5006, 4.144, 670.735
898.0505836009979, 1.5006, 4.1442, 670.7526
900.050669670105, 1.5006, 4.1442, 670.5873
902.0507543087006, 1.5006, 4.1445, 670.6538
904.0508961677551, 1.5006, 4.1445, 670.4168
906.0509843826294, 1.5007, 4.1447, 670.0448
908.0510964393616, 1.5006, 4.1449, 669.6221
910.0512428283691, 1.5006, 4.1452, 669.3209
912.0513863563538, 1.5007, 4.1452, 669.4269
914.051479101181, 1.5007, 4.1453, 669.2642
916.0516023635864, 1.5006, 4.1455, 669.2376
918.0517401695251, 1.5007, 4.1456, 669.1817
920.0518274307251, 1.5007, 4.1459, 668.6863
922.0519251823425, 1.5006, 4.1458, 668.3053
924.0520167350769, 1.5006, 4.1459, 668.0433
926.0521512031555, 1.5006, 4.1462, 667.7993
928.0522384643555, 1.5007, 4.1462, 667.6575
930.0523295402527, 1.5006, 4.1463, 667.6024
932.0524308681488, 1.5007, 4.1465, 667.4279
934.0525159835815, 1.5006, 4.1466, 667.2775
936.0526204109192, 1.5007, 4.1466, 667.3731
938.0527534484863, 1.5007, 4.1467, 666.9507
940.0528547763824, 1.5006, 4.147, 666.5853
942.0529520511627, 1.5006, 4.1471, 666.3658
944.0530843734741, 1.5007, 4.1474, 666.1751
946.0532193183899, 1.5006, 4.1474, 666.1979
948.0533168315887, 1.5007, 4.1474, 666.3051
950.0534074306488, 1.5006, 4.1476, 666.3494
952.053514957428, 1.5007, 4.1477, 665.9957
954.0536048412323, 1.5007, 4.1478, 665.8178
956.053706407547, 1.5007, 4.1478, 665.8163
958.0538113117218, 1.5006, 4.1477, 665.7202
960.0539107322693, 1.5006, 4.1478, 665.3516
962.0540120601654, 1.5006, 4.1481, 664.9476
964.0541136264801, 1.5006, 4.1482, 664.9361
966.0542147159576, 1.5006, 4.1482, 664.9831
968.0542986392975, 1.5006, 4.1482, 664.733
970.0543808937073, 1.5007, 4.1485, 664.7767
972.0544791221619, 1.5006, 4.1486, 664.8183
974.0546262264252, 1.5006, 4.1487, 664.7013
976.0547597408295, 1.5007, 4.1488, 664.3499
978.0548462867737, 1.5006, 4.1488, 663.8444
980.054948091507, 1.5006, 4.149, 663.7667
982.0550446510315, 1.5006, 4.1491, 663.8359
984.0551438331604, 1.5006, 4.1492, 663.6029
986.0552282333374, 1.5006, 4.1493, 663.4484
988.0553097724915, 1.5006, 4.1494, 663.4261
990.0553932189941, 1.5006, 4.1495, 663.4055
992.0554780960083, 1.5007, 4.1497, 663.1613
994.0556104183197, 1.5007, 4.1498, 663.0392
996.0557415485382, 1.5006, 4.1498, 662.8639
998.0558450222015, 1.5006, 4.1499, 662.7337
1000.0559780597687, 1.5006, 4.1501, 662.4224
1002.056122303009, 1.5006, 4.15, 662.2103
1004.0561988353729, 1.5006, 4.1502, 661.9642
1006.0562853813171, 1.5006, 4.1502, 661.635
1008.0563712120056, 1.5006, 4.1505, 661.4964
1010.0564723014832, 1.5006, 4.1506, 661.1408
1012.056572675705, 1.5006, 4.1508, 660.9778
1014.0566778182983, 1.5006, 4.1509, 660.9173
1016.0567629337311, 1.5006, 4.1511, 660.5377
1018.0568425655365, 1.5006, 4.1513, 660.1629
1020.0569245815277, 1.5006, 4.1515, 660.0183
1022.0570080280304, 1.5006, 4.1517, 659.8299
1024.0570936203003, 1.5006, 4.1517, 659.6109
1026.0571784973145, 1.5006, 4.1518, 659.4691
1028.0572624206543, 1.5006, 4.1518, 659.445
1030.057374715805, 1.5006, 4.152, 659.2695
1032.0575139522552, 1.5006, 4.1522, 658.8735
1034.0576238632202, 1.5006, 4.1523, 658.6298
1036.057725906372, 1.5006, 4.1524, 658.7619
1038.057826757431, 1.5006, 4.1524, 658.7031
1040.0579075813293, 1.5006, 4.1525, 658.7451
1042.0580112934113, 1.5006, 4.1525, 658.6362
1044.0580937862396, 1.5006, 4.1526, 658.5712
1046.0582027435303, 1.5006, 4.1526, 658.3313
1048.0583007335663, 1.5006, 4.1527, 658.3456
1050.0584239959717, 1.5006, 4.1529, 658.3204
1052.058513879776, 1.5006, 4.1528, 658.1891
1054.0586211681366, 1.5006, 4.153, 657.9379
1056.0587511062622, 1.5006, 4.1531, 657.5511
1058.0588312149048, 1.5006, 4.1533, 657.4103
1060.0589323043823, 1.5006, 4.1533, 657.0926
1062.059030532837, 1.5006, 4.1535, 657.0182
1064.0591351985931, 1.5006, 4.1535, 657.2229
1066.0592403411865, 1.5006, 4.1535, 657.1872
1068.059329032898, 1.5006, 4.1536, 657.1826
1070.0594396591187, 1.5006, 4.1536, 657.1064
1072.0595309734344, 1.5006, 4.1535, 657.0309
1074.0596370697021, 1.5006, 4.1537, 656.7038
1076.0597126483917, 1.5006, 4.1538, 656.3472
1078.0597977638245, 1.5006, 4.154, 656.1376
1080.0598950386047, 1.5006, 4.1541, 655.9427
1082.059986591339, 1.5006, 4.1542, 655.8769
1084.0600736141205, 1.5006, 4.1544, 656.0632
1086.0601737499237, 1.5006, 4.1544, 656.1058
1088.0603120326996, 1.5006, 4.1545, 655.7759
1090.0604124069214, 1.5006, 4.1547, 655.4721
1092.0605113506317, 1.5006, 4.1549, 655.0961
1094.0605912208557, 1.5006, 4.1551, 654.6798
1096.0606968402863, 1.5006, 4.1552, 654.6077
1098.0607986450195, 1.5006, 4.1552, 654.3022
1100.0608994960785, 1.5006, 4.1554, 654.1698
1102.060998916626, 1.5006, 4.1554, 654.2121
1104.0610823631287, 1.5006, 4.1554, 654.3583
1106.0611691474915, 1.5006, 4.1555, 654.4447
1108.0612561702728, 1.5006, 4.1557, 654.5313
1110.0613691806793, 1.5006, 4.1557, 653.9002
1112.0614488124847, 1.5006, 4.1559, 653.5252
1114.0615482330322, 1.5006, 4.1559, 653.6779
1116.0616388320923, 1.5006, 4.1558, 653.7131
1118.0617282390594, 1.5006, 4.1558, 653.4152
1120.0618619918823, 1.5006, 4.1561, 653.1645
1122.0619654655457, 1.5006, 4.1562, 652.8583
1124.0620510578156, 1.5006, 4.1563, 652.5935
1126.062135219574, 1.5006, 4.1565, 652.4166
1128.0622210502625, 1.5006, 4.1566, 652.3947
1130.0623013973236, 1.5006, 4.1567, 652.268
1132.062391281128, 1.5006, 4.1568, 652.085
1134.0624799728394, 1.5006, 4.157, 651.7173
1136.0625674724579, 1.5006, 4.1572, 651.7357
1138.062665939331, 1.5006, 4.1573, 651.7051
1140.062753200531, 1.5006, 4.1572, 651.6769
1142.0628390312195, 1.5006, 4.1572, 651.3816
1144.0629243850708, 1.5006, 4.1572, 651.2825
1146.0630023479462, 1.5006, 4.1573, 651.273
1148.0630803108215, 1.5006, 4.1575, 651.2055
1150.063181400299, 1.5006, 4.1576, 650.9153
1152.0633199214935, 1.5006, 4.1577, 650.6706
1154.0634212493896, 1.5006, 4.1579, 650.4884
1156.0635211467743, 1.5006, 4.1581, 650.2608
1158.063661813736, 1.5006, 4.1582, 650.0354
1160.063763141632, 1.5006, 4.1582, 650.1724
1162.0638434886932, 1.5006, 4.1583, 650.193
1164.0639245510101, 1.5006, 4.1584, 650.1047
1166.0640029907227, 1.5006, 4.1582, 650.0649
1168.0640907287598, 1.5006, 4.1582, 649.8757
1170.0641770362854, 1.5006, 4.1585, 649.7731
1172.064283132553, 1.5006, 4.1584, 649.5681
1174.0644142627716, 1.5006, 4.1586, 649.5053
1176.0645167827606, 1.5006, 4.1587, 649.1363
1178.064612865448, 1.5006, 4.1586, 648.9174
1180.0646948814392, 1.5006, 4.1588, 648.7542
1182.064795255661, 1.5006, 4.159, 648.5514
1184.0648837089539, 1.5006, 4.1589, 648.6307
1186.0649847984314, 1.5006, 4.1589, 648.6856
1188.0650608539581, 1.5006, 4.159, 648.7986
1190.065161705017, 1.5006, 4.159, 648.9016
1192.0652623176575, 1.5006, 4.159, 648.9022
1194.065357685089, 1.5006, 4.1592, 648.5669
1196.0654582977295, 1.5006, 4.1592, 648.6912
1198.065559387207, 1.5006, 4.1592, 648.9046
1200.0656597614288, 1.5006, 4.1593, 648.6192
1202.0657532215118, 1.5006, 4.1593, 648.5396
1204.0658493041992, 1.5006, 4.1594, 648.209
1206.065941810608, 1.5006, 4.1595, 648.2811
1208.0660772323608, 1.5006, 4.1595, 647.8031
1210.0662186145782, 1.5005, 4.1597, 647.6483
1212.066321849823, 1.5006, 4.1598, 647.6401
1214.0664565563202, 1.5006, 4.1597, 647.9944
1216.066552400589, 1.5006, 4.1597, 647.8966
1218.0666861534119, 1.5006, 4.1599, 647.7263
1220.0667657852173, 1.5005, 4.1599, 647.6513
1222.0669014453888, 1.5006, 4.1601, 647.3036
1224.067006111145, 1.5006, 4.1602, 647.0001
1226.0671408176422, 1.5006, 4.1604, 646.6332
1228.06724691391, 1.5006, 4.1606, 646.3204
1230.0673525333405, 1.5006, 4.1608, 646.171
1232.0674545764923, 1.5006, 4.161, 646.1239
1234.0675570964813, 1.5006, 4.1612, 646.1096
1236.0676584243774, 1.5006, 4.1613, 645.8505
1238.0677466392517, 1.5006, 4.1614, 645.6122
1240.0678329467773, 1.5006, 4.1614, 645.7608
1242.0679297447205, 1.5006, 4.1614, 645.7945
1244.0680167675018, 1.5006, 4.1614, 645.4611
1246.0681509971619, 1.5006, 4.1616, 645.5341
1248.0682544708252, 1.5006, 4.1617, 645.612
1250.0683407783508, 1.5005, 4.1619, 645.1211
1252.0684351921082, 1.5006, 4.1618, 645.0877
1254.0685381889343, 1.5006, 4.1619, 645.0501
1256.0686213970184, 1.5006, 4.1618, 644.7289
1258.0687174797058, 1.5006, 4.162, 644.489
1260.0688080787659, 1.5006, 4.1619, 644.3813
1262.0689060688019, 1.5005, 4.1622, 644.2544
1264.069000005722, 1.5006, 4.1621, 644.1873
1266.069102525711, 1.5005, 4.1622, 644.0419
1268.069204568863, 1.5006, 4.1624, 643.88
1270.0693125724792, 1.5006, 4.1625, 643.8122
1272.0694155693054, 1.5006, 4.1627, 643.6766
1274.0694999694824, 1.5006, 4.1628, 643.9428
1276.069640159607, 1.5006, 4.1629, 644.0334
1278.0697252750397, 1.5006, 4.1627, 644.3245
1280.0698146820068, 1.5006, 4.1626, 644.0786
1282.0698971748352, 1.5006, 4.1628, 643.7856
1284.0699832439423, 1.5006, 4.1627, 643.9198
1286.07009100914, 1.5006, 4.1628, 643.9446
1288.0702290534973, 1.5006, 4.1628, 643.9069
1290.0703122615814, 1.5006, 4.1629, 643.5754
1292.070391178131, 1.5006, 4.1629, 643.4338
1294.0704963207245, 1.5006, 4.1629, 643.4401
1296.0705780982971, 1.5006, 4.163, 643.2973
1298.0706639289856, 1.5006, 4.1631, 642.9916
1300.0707664489746, 1.5006, 4.1633, 642.7377
1302.0708675384521, 1.5006, 4.1634, 642.667
1304.070971250534, 1.5006, 4.1636, 642.5099
1306.0710747241974, 1.5006, 4.1639, 642.1734
1308.071175813675, 1.5006, 4.1638, 641.9392
1310.0712661743164, 1.5006, 4.164, 641.6608
1312.0713620185852, 1.5006, 4.1643, 641.4114
1314.071461200714, 1.5006, 4.1643, 641.3143
1316.0715475082397, 1.5006, 4.1643, 641.1722
1318.0716469287872, 1.5006, 4.1643, 641.0594
1320.0717344284058, 1.5006, 4.1645, 640.9952
1322.071836233139, 1.5006, 4.1645, 640.735
1324.0719366073608, 1.5006, 4.1646, 640.5744
1326.072037935257, 1.5006, 4.1648, 640.4408
1328.072119474411, 1.5005, 4.1647, 640.1981
1330.0722546577454, 1.5006, 4.165, 640.1152
1332.0723567008972, 1.5005, 4.1651, 640.0229
1334.0724544525146, 1.5006, 4.1651, 639.9572
1336.0725493431091, 1.5005, 4.1653, 639.7924
1338.0726518630981, 1.5006, 4.1654, 639.5593
1340.0727896690369, 1.5005, 4.1656, 639.317
1342.072890996933, 1.5006, 4.1658, 639.1099
1344.072991847992, 1.5006, 4.1659, 638.907
1346.0730702877045, 1.5006, 4.166, 639.0151
1348.0731654167175, 1.5006, 4.166, 638.9069
1350.073251247406, 1.5006, 4.166, 638.8324
1352.0733513832092, 1.5006, 4.166, 638.8419
1354.0734465122223, 1.5006, 4.1661, 638.7821
1356.0735311508179, 1.5006, 4.1662, 638.688
1358.0736365318298, 1.5005, 4.1661, 638.677
1360.073720216751, 1.5006, 4.1663, 638.4189
1362.073822259903, 1.5006, 4.1664, 638.3072
1364.07390499115, 1.5006, 4.1665, 638.1445
1366.0740036964417, 1.5006, 4.1666, 638.0173
1368.074102640152, 1.5006, 4.1666, 637.8781
1370.074203491211, 1.5006, 4.1669, 637.6997
1372.0742995738983, 1.5005, 4.1669, 637.6179
1374.074401140213, 1.5006, 4.1672, 637.7217
1376.0745117664337, 1.5006, 4.1672, 637.8123
1378.0746085643768, 1.5005, 4.167, 637.5907
1380.074746131897, 1.5005, 4.1671, 637.4665
1382.0748312473297, 1.5006, 4.1673, 637.3971
1384.07497549057, 1.5006, 4.1674, 637.635
1386.075119972229, 1.5006, 4.1673, 637.3552
1388.0752472877502, 1.5005, 4.1672, 637.0031
1390.075353860855, 1.5006, 4.1674, 636.8375
1392.0754635334015, 1.5006, 4.1675, 636.6929
1394.0756044387817, 1.5006, 4.1676, 636.4349
1396.0757048130035, 1.5006, 4.1676, 636.4242
1398.0758335590363, 1.5006, 4.1677, 636.3703
1400.0759119987488, 1.5006, 4.168, 636.2707
1402.0760073661804, 1.5005, 4.1681, 636.1921
1404.0761406421661, 1.5005, 4.1678, 636.2897
1406.0762417316437, 1.5005, 4.1678, 636.4551
1408.0763375759125, 1.5006, 4.1679, 636.5479
1410.0764210224152, 1.5005, 4.1679, 636.5453
1412.0765228271484, 1.5006, 4.1681, 636.1677
1414.0766665935516, 1.5006, 4.1681, 636.0261
1416.0767567157745, 1.5006, 4.1681, 636.1332
1418.0768411159515, 1.5006, 4.1681, 636.0006
1420.0770013332367, 1.5006, 4.1682, 635.8595
1422.077130317688, 1.5005, 4.1682, 635.753
1424.077240228653, 1.5006, 4.1683, 635.6521
1426.0773339271545, 1.5006, 4.1685, 635.6192
1428.077425479889, 1.5005, 4.1684, 635.7515
1430.0775172710419, 1.5006, 4.1684, 635.7552
1432.0776267051697, 1.5006, 4.1683, 635.6124
1434.0777292251587, 1.5005, 4.1684, 635.7059
1436.0778212547302, 1.5005, 4.1687, 635.5034
1438.077926158905, 1.5005, 4.1689, 635.1024
1440.0780239105225, 1.5006, 4.1691, 634.6114
1442.0781087875366, 1.5005, 4.1692, 634.2217
1444.0782124996185, 1.5006, 4.1694, 634.0305
1446.0783247947693, 1.5005, 4.1694, 633.8546
1448.078421831131, 1.5005, 4.1697, 633.6034
1450.0785553455353, 1.5005, 4.1698, 633.3665
1452.0786385536194, 1.5006, 4.1702, 633.115
1454.0787189006805, 1.5006, 4.1702, 632.9552
1456.0788576602936, 1.5006, 4.1704, 632.7073
1458.078943490982, 1.5006, 4.1705, 632.4662
1460.0790417194366, 1.5006, 4.1707, 632.3523
1462.079136133194, 1.5006, 4.1709, 632.2283
1464.0792722702026, 1.5005, 4.1709, 632.0008
1466.0793607234955, 1.5006, 4.171, 631.8859
1468.0794653892517, 1.5006, 4.1712, 631.5695
1470.0795631408691, 1.5006, 4.1714, 631.3847
1472.0796148777008, 1.5005, 4.1714, 631.2433
1474.079754114151, 1.5006, 4.1716, 630.9733
1476.0798869132996, 1.5006, 4.1717, 630.7423
1478.0800232887268, 1.5006, 4.1719, 630.5858
1480.0801091194153, 1.5005, 4.172, 630.4853
1482.0802092552185, 1.5005, 4.172, 630.3415
1484.080309867859, 1.5006, 4.1722, 630.2949
1486.0803966522217, 1.5006, 4.1722, 630.2143
1488.0804917812347, 1.5006, 4.1722, 630.145
1490.080579996109, 1.5006, 4.1722, 630.1041
1492.0806813240051, 1.5006, 4.1722, 629.9866
1494.0808279514313, 1.5006, 4.1725, 629.8051
1496.080955028534, 1.5006, 4.1725, 629.8602
1498.0810577869415, 1.5005, 4.1725, 629.9412
1500.0811610221863, 1.5006, 4.1724, 629.8265
1502.0812623500824, 1.5006, 4.1724, 629.8045
1504.081362247467, 1.5005, 4.1725, 630.0351
1506.081464290619, 1.5005, 4.1727, 629.8525
1508.081547498703, 1.5006, 4.1725, 629.8058
1510.081682920456, 1.5005, 4.1726, 629.5658
1512.081785440445, 1.5005, 4.1728, 629.5296
1514.081872701645, 1.5005, 4.1727, 629.4888
1516.0819730758667, 1.5005, 4.1726, 629.7405
1518.0820741653442, 1.5006, 4.1725, 629.8981
1520.0821759700775, 1.5006, 4.1726, 630.0929
1522.0822794437408, 1.5006, 4.1723, 630.1415
1524.0824220180511, 1.5005, 4.1724, 630.4139
1526.0825114250183, 1.5006, 4.1724, 630.1617
1528.082619190216, 1.5006, 4.1726, 629.9039
1530.0827224254608, 1.5006, 4.1724, 629.8988
1532.0828232765198, 1.5006, 4.1725, 629.8214
1534.082953453064, 1.5006, 4.1726, 630.0209
1536.0830521583557, 1.5005, 4.1725, 629.9842
1538.0831577777863, 1.5006, 4.1727, 629.9747
1540.0832421779633, 1.5006, 4.1727, 629.8024
1542.083342552185, 1.5006, 4.1727, 629.6417
1544.0834257602692, 1.5006, 4.1728, 629.3915
1546.0835127830505, 1.5006, 4.1731, 629.1872
1548.0836200714111, 1.5006, 4.1731, 628.9062
1550.0837125778198, 1.5006, 4.1734, 628.7424
1552.083794593811, 1.5006, 4.1736, 628.4927
1554.0838980674744, 1.5006, 4.1736, 628.2614
1556.0839886665344, 1.5006, 4.1737, 628.1297
1558.0840718746185, 1.5006, 4.1737, 628.0117
1560.0841739177704, 1.5006, 4.1738, 627.8086
1562.0842497348785, 1.5006, 4.174, 627.8817
1564.0843410491943, 1.5006, 4.1738, 628.2204
1566.0844383239746, 1.5006, 4.1737, 628.3871
1568.0845227241516, 1.5006, 4.1737, 628.2746
1570.0846333503723, 1.5006, 4.1737, 628.0911
1572.084728717804, 1.5006, 4.174, 628.0276
1574.08482503891, 1.5006, 4.174, 628.1237
1576.0849125385284, 1.5005, 4.1741, 627.9851
1578.0850024223328, 1.5006, 4.1741, 627.8361
1580.0850863456726, 1.5006, 4.1741, 627.7981
1582.0851771831512, 1.5006, 4.1742, 627.8809
1584.0852749347687, 1.5006, 4.1742, 628.185
1586.0853774547577, 1.5006, 4.1743, 628.2694
1588.0854783058167, 1.5006, 4.1743, 628.1154
1590.0855650901794, 1.5005, 4.1743, 628.1152
1592.0856485366821, 1.5006, 4.1745, 628.0629
1594.0857615470886, 1.5006, 4.1745, 627.6929
1596.0858974456787, 1.5006, 4.1746, 627.4825
1598.0859756469727, 1.5006, 4.1745, 627.4591
1600.0860805511475, 1.5005, 4.1744, 627.5203
1602.0861761569977, 1.5005, 4.1744, 627.2863
1604.0862698554993, 1.5005, 4.1746, 627.131
1606.0864369869232, 1.5005, 4.1745, 627.1258
1608.086522102356, 1.5005, 4.1747, 627.3993
1610.0866050720215, 1.5006, 4.1747, 627.5233
1612.0866963863373, 1.5005, 4.1747, 627.3898
1614.0867831707, 1.5006, 4.175, 627.0773
1616.086877822876, 1.5006, 4.1748, 627.3131
1618.0869617462158, 1.5005, 4.1747, 627.42
1620.0870509147644, 1.5005, 4.1746, 627.703
1622.0871901512146, 1.5006, 4.1746, 627.9415
1624.087290763855, 1.5006, 4.1745, 627.9716
1626.0873913764954, 1.5006, 4.1744, 627.7315
1628.0875055789948, 1.5005, 4.1745, 627.6565
1630.087614774704, 1.5006, 4.1747, 627.5793
1632.0877180099487, 1.5005, 4.1748, 627.1382
1634.0878109931946, 1.5006, 4.1749, 626.9188
1636.0879046916962, 1.5005, 4.175, 626.5425
1638.0880374908447, 1.5006, 4.1753, 626.1845
1640.0881776809692, 1.5006, 4.1753, 625.9295
1642.0882787704468, 1.5006, 4.1755, 625.8346
1644.088377714157, 1.5006, 4.1756, 625.7457
1646.088476896286, 1.5006, 4.1755, 625.5961
1648.0885717868805, 1.5006, 4.1756, 625.646
1650.0886721611023, 1.5006, 4.1755, 625.8393
1652.088754415512, 1.5005, 4.1758, 625.6937
1654.0888419151306, 1.5005, 4.1759, 625.4352
1656.0889256000519, 1.5005, 4.1759, 625.0495
1658.0890278816223, 1.5005, 4.176, 624.8638
1660.0891082286835, 1.5005, 4.1762, 624.7993
1662.089190006256, 1.5005, 4.1762, 624.8095
1664.0892932415009, 1.5005, 4.1763, 624.9393
1666.089394569397, 1.5005, 4.1762, 625.1185
1668.0894935131073, 1.5005, 4.1762, 625.2512
1670.0895755290985, 1.5005, 4.1763, 625.1103
1672.0896215438843, 1.5005, 4.1762, 625.5314
1674.0897190570831, 1.5005, 4.1761, 625.317
1676.0898218154907, 1.5005, 4.1761, 625.2175
1678.089922428131, 1.5005, 4.1758, 625.4266
1680.0900213718414, 1.5005, 4.176, 625.3736
1682.0901010036469, 1.5005, 4.1759, 625.1424
1684.0901844501495, 1.5005, 4.1761, 625.0268
1686.0903251171112, 1.5006, 4.1763, 624.7335
1688.0904052257538, 1.5005, 4.1765, 624.4057
1690.090488910675, 1.5005, 4.1765, 624.2743
1692.090630531311, 1.5006, 4.1767, 624.2729
1694.0907225608826, 1.5005, 4.1765, 624.2176
1696.0908071994781, 1.5005, 4.1767, 624.1003
1698.0908913612366, 1.5005, 4.1767, 623.9307
1700.0909945964813, 1.5005, 4.1769, 623.6669
1702.0910980701447, 1.5005, 4.1771, 623.6946
1704.0911886692047, 1.5005, 4.1771, 623.7141
1706.0912747383118, 1.5005, 4.1769, 624.0395
1708.0913701057434, 1.5005, 4.177, 624.1154
1710.0914566516876, 1.5005, 4.1771, 623.7456
1712.0915443897247, 1.5005, 4.1769, 623.5219
1714.0916397571564, 1.5005, 4.1772, 623.5513
1716.0917222499847, 1.5005, 4.177, 623.5236
1718.091824054718, 1.5005, 4.1772, 623.2751
1720.0919613838196, 1.5005, 4.1773, 623.1762
1722.09206533432, 1.5005, 4.1774, 622.983
1724.0921461582184, 1.5005, 4.1776, 622.9797
1726.0922412872314, 1.5005, 4.1777, 622.6999
1728.0923461914062, 1.5005, 4.1778, 622.5284
1730.0924472808838, 1.5005, 4.1779, 622.6021
1732.0925488471985, 1.5005, 4.178, 622.3932
1734.0926575660706, 1.5005, 4.1781, 622.0563
1736.0927617549896, 1.5005, 4.1784, 621.7887
1738.0928659439087, 1.5005, 4.1784, 621.5583
1740.092966556549, 1.5005, 4.1786, 621.381
1742.0930721759796, 1.5005, 4.1785, 621.4105
1744.0932080745697, 1.5005, 4.1784, 621.3908
1746.0933136940002, 1.5005, 4.1785, 621.3143
1748.0934138298035, 1.5005, 4.1785, 621.21
1750.0935015678406, 1.5005, 4.1785, 621.4698
1752.0936107635498, 1.5005, 4.1785, 621.672
1754.0937135219574, 1.5005, 4.1785, 621.8708
1756.0938160419464, 1.5005, 4.1785, 621.9465
1758.0939564704895, 1.5005, 4.1786, 621.5291
1760.0940434932709, 1.5005, 4.1784, 621.5899
1762.0941343307495, 1.5005, 4.1784, 621.7788
1764.0942237377167, 1.5005, 4.1785, 621.8926
1766.0943655967712, 1.5006, 4.1786, 621.7307
1768.0944628715515, 1.5005, 4.1784, 621.6199
1770.094563484192, 1.5005, 4.1787, 621.3487
1772.0946655273438, 1.5005, 4.1786, 621.2741
1774.094769001007, 1.5005, 4.1787, 621.0984
1776.094872713089, 1.5006, 4.179, 620.9526
1778.0949521064758, 1.5005, 4.1788, 621.0197
1780.09503698349, 1.5005, 4.179, 620.9825
1782.095133781433, 1.5005, 4.1791, 621.0106
1784.09521818161, 1.5006, 4.1791, 621.314
1786.0953617095947, 1.5006, 4.1788, 621.649
1788.0954537391663, 1.5005, 4.1787, 621.5515
1790.0955610275269, 1.5005, 4.1786, 621.5844
1792.0956635475159, 1.5005, 4.1786, 621.5054
1794.0957615375519, 1.5005, 4.1784, 621.4067
1796.0958406925201, 1.5005, 4.1786, 621.2906
1798.0959265232086, 1.5005, 4.1788, 621.21
1800.096012353897, 1.5005, 4.179, 620.88
1802.096111536026, 1.5005, 4.179, 620.8041
1804.0962166786194, 1.5005, 4.1792, 620.8198
1806.0963251590729, 1.5005, 4.1792, 620.6906
1808.096406698227, 1.5005, 4.1792, 620.6231
1810.0965089797974, 1.5005, 4.1793, 620.475
1812.096603155136, 1.5005, 4.1794, 620.4287
1814.0966823101044, 1.5005, 4.1795, 620.3018
1816.0967795848846, 1.5005, 4.1795, 620.1426
1818.0968837738037, 1.5005, 4.1797, 620.1531
1820.0969879627228, 1.5005, 4.1798, 620.1966
1822.0970709323883, 1.5005, 4.1797, 620.2179
1824.0971624851227, 1.5005, 4.1797, 620.186
1826.09730386734, 1.5005, 4.1797, 620.0011
1828.097412109375, 1.5005, 4.1797, 619.8565
1830.0975065231323, 1.5005, 4.1801, 619.6595
1832.097586631775, 1.5005, 4.1799, 619.551
1834.0976676940918, 1.5005, 4.18, 619.5058
1836.0977544784546, 1.5005, 4.1802, 619.3504
1838.0978782176971, 1.5005, 4.1802, 619.2567
1840.0979697704315, 1.5005, 4.1802, 619.0884
1842.0980710983276, 1.5005, 4.1803, 618.8966
1844.0981631278992, 1.5005, 4.1805, 618.7104
1846.098295211792, 1.5005, 4.1807, 618.749
1848.0984296798706, 1.5005, 4.1806, 618.582
1850.0985236167908, 1.5005, 4.1808, 618.5812
1852.0986211299896, 1.5005, 4.1808, 618.4368
1854.0987029075623, 1.5005, 4.181, 618.5611
1856.0987837314606, 1.5005, 4.1808, 618.8223
1858.0988643169403, 1.5005, 4.1806, 618.9437
1860.0989654064178, 1.5005, 4.1804, 619.0607
1862.0990450382233, 1.5005, 4.1804, 619.1134
1864.099125623703, 1.5005, 4.1806, 618.916
1866.0992064476013, 1.5005, 4.1808, 618.7599
1868.099288225174, 1.5005, 4.181, 618.4674
1870.0993869304657, 1.5005, 4.181, 618.4483
1872.0994620323181, 1.5005, 4.1812, 618.3371
1874.0995440483093, 1.5005, 4.1811, 618.3526
1876.0996236801147, 1.5005, 4.1812, 618.2326
1878.0997054576874, 1.5005, 4.1812, 618.3838
1880.0997860431671, 1.5005, 4.1812, 618.3291
1882.0998680591583, 1.5005, 4.1811, 618.1859
1884.0999484062195, 1.5005, 4.1812, 618.103
1886.1000347137451, 1.5005, 4.1811, 618.1471
1888.100116968155, 1.5005, 4.1811, 618.1751
1890.1002173423767, 1.5005, 4.1812, 618.1601
1892.100314617157, 1.5005, 4.1813, 618.0219
1894.1003975868225, 1.5005, 4.1815, 618.0386
1896.1004791259766, 1.5005, 4.1817, 617.8025
1898.1005601882935, 1.5005, 4.1818, 617.5164
1900.100662946701, 1.5005, 4.1817, 617.4282
1902.1007425785065, 1.5005, 4.1817, 617.4532
1904.100822210312, 1.5005, 4.1816, 617.7035
1906.1009261608124, 1.5005, 4.1817, 617.4063
1908.1010127067566, 1.5005, 4.1817, 617.4296
1910.1011114120483, 1.5005, 4.1816, 617.4663
1912.1012015342712, 1.5005, 4.1816, 617.2805
1914.10129904747, 1.5005, 4.1816, 617.381
1916.1013851165771, 1.5005, 4.1817, 617.3694
1918.10147190094, 1.5005, 4.1818, 617.2997
1920.1015582084656, 1.5005, 4.1818, 617.0469
1922.1016447544098, 1.5005, 4.1821, 616.9239
1924.1017467975616, 1.5005, 4.1822, 617.0301
1926.1018476486206, 1.5005, 4.1822, 617.1127
1928.101936340332, 1.5005, 4.1823, 616.7666
1930.1020274162292, 1.5005, 4.1825, 616.5066
1932.1021103858948, 1.5005, 4.1825, 616.296
1934.1022140979767, 1.5005, 4.1826, 616.2004
1936.1023170948029, 1.5005, 4.1828, 616.1122
1938.1024038791656, 1.5005, 4.1828, 616.1418
1940.1024827957153, 1.5005, 4.1828, 615.9894
1942.1025853157043, 1.5005, 4.1828, 615.8114
1944.102674484253, 1.5005, 4.1828, 615.7034
1946.1027781963348, 1.5005, 4.183, 615.6076
1948.1028809547424, 1.5005, 4.183, 615.5336
1950.1029851436615, 1.5005, 4.183, 615.3869
1952.1030776500702, 1.5005, 4.1831, 615.3156
1954.1031799316406, 1.5005, 4.1833, 615.1328
1956.1032807826996, 1.5005, 4.1832, 614.9046
1958.1033658981323, 1.5005, 4.1835, 614.8207
1960.1034457683563, 1.5005, 4.1835, 614.909
1962.1035480499268, 1.5005, 4.1834, 614.8468
1964.1036512851715, 1.5005, 4.1833, 615.1754
1966.1037347316742, 1.5005, 4.1833, 615.288
1968.1038494110107, 1.5005, 4.1833, 615.1401
1970.1039340496063, 1.5005, 4.1834, 615.3165
1972.1040225028992, 1.5005, 4.1833, 615.6251
1974.1041254997253, 1.5005, 4.1834, 615.6029
1976.1042108535767, 1.5005, 4.1834, 615.5596
1978.1042976379395, 1.5005, 4.1834, 615.2271
1980.1043803691864, 1.5005, 4.1835, 615.0936
1982.104463338852, 1.5005, 4.1833, 615.1119
1984.104546546936, 1.5005, 4.1836, 615.2386
1986.1046483516693, 1.5005, 4.1835, 615.1954
1988.1047475337982, 1.5005, 4.1835, 615.1584
1990.1048471927643, 1.5005, 4.1834, 615.4001
1992.1049478054047, 1.5005, 4.1832, 615.8614
1994.1050288677216, 1.5005, 4.1831, 616.1328
1996.1051290035248, 1.5005, 4.183, 616.051
1998.1052222251892, 1.5005, 4.1831, 616.2056
2000.1053564548492, 1.5005, 4.1832, 615.6493
2002.1054821014404, 1.5005, 4.1834, 615.3073
2004.1055734157562, 1.5005, 4.1836, 614.9538
2006.1056804656982, 1.5005, 4.1837, 614.6654
2008.1057801246643, 1.5005, 4.1838, 614.4386
2010.105880022049, 1.5005, 4.1839, 614.2184
2012.105962753296, 1.5005, 4.184, 614.0333
2014.1061058044434, 1.5005, 4.1841, 613.8496
2016.1062095165253, 1.5005, 4.1843, 613.7761
2018.1063077449799, 1.5005, 4.1843, 613.7489
2020.106444120407, 1.5005, 4.1844, 613.5714
2022.1065311431885, 1.5005, 4.1845, 613.4234
2024.106632232666, 1.5005, 4.1845, 613.3412
2026.1067304611206, 1.5005, 4.1845, 613.3746
2028.1068632602692, 1.5005, 4.1846, 613.305
2030.106942653656, 1.5005, 4.1848, 613.0498
2032.1070289611816, 1.5005, 4.1848, 612.9547
2034.1071667671204, 1.5005, 4.185, 612.8662
2036.1072688102722, 1.5005, 4.1848, 612.8753
2038.1073577404022, 1.5005, 4.1849, 612.7473
2040.1074686050415, 1.5005, 4.1849, 612.6345
2042.107558965683, 1.5005, 4.1851, 612.4538
2044.1076438426971, 1.5005, 4.1852, 612.4416
2046.1077463626862, 1.5005, 4.1854, 612.4945
2048.10782456398, 1.5005, 4.1855, 612.5463
2050.107906103134, 1.5005, 4.1853, 612.681
2052.108008146286, 1.5005, 4.1852, 612.8821
2054.108112335205, 1.5005, 4.1851, 612.8723
2056.108247756958, 1.5005, 4.1851, 612.9051
2058.1083295345306, 1.5005, 4.1851, 612.7108
2060.108420610428, 1.5005, 4.1853, 612.7625
2062.1085505485535, 1.5005, 4.1854, 612.614
2064.1086411476135, 1.5005, 4.1853, 612.6049
2066.1087210178375, 1.5005, 4.1854, 612.5078
2068.1088552474976, 1.5005, 4.1855, 612.4482
2070.108955144882, 1.5005, 4.1853, 612.7451
2072.1090562343597, 1.5005, 4.1851, 612.9735
2074.1091549396515, 1.5005, 4.1851, 612.9694
2076.1092557907104, 1.5005, 4.1852, 612.9925
2078.109356880188, 1.5005, 4.1851, 612.9931
2080.1094591617584, 1.5005, 4.1851, 613.4169
2082.109552383423, 1.5005, 4.185, 613.2878
2084.1096329689026, 1.5005, 4.185, 613.3348
2086.1097321510315, 1.5005, 4.1847, 613.6799
2088.109813451767, 1.5005, 4.1844, 613.7602
2090.1099145412445, 1.5005, 4.1847, 613.6705
2092.1100130081177, 1.5005, 4.1846, 613.5898
2094.110111474991, 1.5005, 4.1848, 613.3854
2096.110190153122, 1.5005, 4.1847, 613.1883
2098.110280275345, 1.5005, 4.185, 612.9045
2100.1103689670563, 1.5005, 4.1852, 612.7476
2102.1104559898376, 1.5005, 4.1851, 612.6128
2104.110556602478, 1.5005, 4.1849, 612.8714
2106.1106486320496, 1.5005, 4.1851, 613.0858
2108.1107494831085, 1.5005, 4.185, 613.2414
2110.1108496189117, 1.5005, 4.1847, 613.379
2112.1109845638275, 1.5005, 4.1847, 613.6903
2114.1111261844635, 1.5005, 4.1846, 613.7256
2116.111222743988, 1.5005, 4.1845, 613.7554
2118.1113636493683, 1.5005, 4.1846, 613.4872
2120.1114456653595, 1.5005, 4.1846, 613.5385
2122.1116182804108, 1.5005, 4.1848, 613.4697
2124.111708879471, 1.5005, 4.1849, 613.6202
2126.1117935180664, 1.5005, 4.1848, 613.4348
2128.1119256019592, 1.5005, 4.1849, 613.3098
2130.1120240688324, 1.5005, 4.185, 613.0979
2132.112139225006, 1.5005, 4.1849, 613.0621
2134.1122422218323, 1.5006, 4.1852, 612.8235
2136.112344264984, 1.5005, 4.1852, 612.8258
2138.1124238967896, 1.5005, 4.1853, 612.8015
2140.1125094890594, 1.5005, 4.185, 613.0826
2142.1126482486725, 1.5005, 4.1849, 613.1376
2144.1127338409424, 1.5005, 4.185, 612.8662
2146.1128380298615, 1.5005, 4.1851, 612.8019
2148.112959623337, 1.5005, 4.1853, 612.8447
2150.1130578517914, 1.5005, 4.1853, 612.6672
2152.1131939888, 1.5005, 4.1855, 612.4511
2154.1132929325104, 1.5005, 4.1856, 612.1915
2156.113376379013, 1.5005, 4.1856, 612.1922
2158.1134798526764, 1.5005, 4.1858, 612.2066
2160.113587617874, 1.5005, 4.1857, 611.9177
2162.113676071167, 1.5005, 4.1859, 611.7152
2164.113777399063, 1.5005, 4.186, 611.6495
2166.113879919052, 1.5005, 4.1859, 611.5284
2168.113981485367, 1.5005, 4.186, 611.5045
2170.11411857605, 1.5005, 4.1861, 611.4793
2172.1142218112946, 1.5005, 4.1859, 611.6639
2174.11430478096, 1.5005, 4.186, 611.8626
2176.1144077777863, 1.5005, 4.1861, 611.6244
2178.114513397217, 1.5005, 4.1861, 611.4352
2180.1146008968353, 1.5005, 4.1863, 611.178
2182.1146981716156, 1.5005, 4.1863, 610.9728
2184.1147985458374, 1.5005, 4.1863, 610.9213
2186.1148869991302, 1.5005, 4.1864, 610.7626
2188.114989757538, 1.5005, 4.1865, 610.946
2190.115123271942, 1.5005, 4.1864, 610.9083
2192.115212202072, 1.5005, 4.1865, 610.6612
2194.1153156757355, 1.5005, 4.1866, 610.6674
2196.115417957306, 1.5005, 4.1865, 610.819
2198.1155219078064, 1.5005, 4.1865, 611.0937
2200.1156227588654, 1.5005, 4.1864, 611.151
2202.115705013275, 1.5005, 4.1863, 611.2669
2204.115784406662, 1.5005, 4.1862, 611.4697
2206.115869998932, 1.5005, 4.1862, 611.6182
2208.1159529685974, 1.5005, 4.1861, 611.7689
2210.116074323654, 1.5005, 4.1859, 611.9111
2212.116180419922, 1.5005, 4.1859, 611.9045
2214.1162717342377, 1.5005, 4.1858, 612.0041
2216.116375684738, 1.5005, 4.186, 611.8788
2218.1164762973785, 1.5005, 4.1862, 611.5126
2220.1166174411774, 1.5005, 4.1862, 611.2917
2222.116701602936, 1.5005, 4.1864, 611.1622
2224.116784095764, 1.5005, 4.1866, 610.8909
2226.1168820858, 1.5005, 4.1865, 610.7212
2228.11695933342, 1.5005, 4.1865, 610.6343
2230.117057800293, 1.5005, 4.1867, 610.487
2232.1171567440033, 1.5005, 4.1868, 610.6068
2234.117260456085, 1.5005, 4.1867, 610.6044
2236.1173615455627, 1.5005, 4.1867, 610.7823
2238.1174631118774, 1.5005, 4.1865, 610.9481
2240.117545604706, 1.5005, 4.1866, 610.9517
2242.1176862716675, 1.5005, 4.1866, 611.0649
2244.117828607559, 1.5005, 4.1863, 611.3851
2246.1179122924805, 1.5005, 4.1863, 611.3275
2248.118017911911, 1.5005, 4.1864, 611.3176
2250.118113040924, 1.5005, 4.1866, 611.0837
2252.118213891983, 1.5005, 4.1867, 611.073
2254.11829829216, 1.5005, 4.1869, 610.9104
2256.118404150009, 1.5005, 4.1869, 610.6728
2258.118542909622, 1.5005, 4.1869, 610.6227
2260.118645429611, 1.5005, 4.1871, 610.3406
2262.11874628067, 1.5005, 4.1873, 609.9929
2264.1188247203827, 1.5005, 4.1872, 609.7727
2266.1189243793488, 1.5005, 4.1871, 609.8549
2268.119017124176, 1.5005, 4.1873, 609.9602
2270.1191153526306, 1.5005, 4.187, 610.1442
2272.119211912155, 1.5005, 4.1868, 610.6755
2274.1193220615387, 1.5005, 4.1868, 610.8036
2276.1194252967834, 1.5005, 4.1868, 610.7962
2278.119528055191, 1.5005, 4.1869, 610.6503
2280.1196150779724, 1.5005, 4.187, 610.4387
2282.1196990013123, 1.5005, 4.1871, 610.5008
2284.1198012828827, 1.5005, 4.1872, 610.6024
2286.119903087616, 1.5005, 4.1872, 610.9973
2288.120002746582, 1.5005, 4.187, 610.7792
2290.1201062202454, 1.5005, 4.1871, 610.379
2292.1202070713043, 1.5005, 4.1871, 610.0302
2294.1203038692474, 1.5005, 4.1872, 609.864
2296.120404958725, 1.5005, 4.1874, 609.7625
2298.1205077171326, 1.5005, 4.1874, 609.9938
2300.120592355728, 1.5005, 4.1874, 609.9025
2302.12069439888, 1.5005, 4.1875, 609.8315
2304.1208045482635, 1.5005, 4.1876, 609.8875
2306.1209053993225, 1.5005, 4.1876, 609.8272
2308.1210086345673, 1.5005, 4.1877, 609.4772
2310.1211099624634, 1.5005, 4.1878, 609.1338
2312.121206998825, 1.5005, 4.1878, 608.9533
2314.121341228485, 1.5005, 4.1879, 609.0943
2316.1214423179626, 1.5005, 4.1878, 609.1441
2318.1215336322784, 1.5005, 4.1881, 609.3227
2320.121639728546, 1.5005, 4.1878, 609.3401
2322.1217737197876, 1.5005, 4.1878, 609.2672
2324.1218767166138, 1.5005, 4.1877, 609.5548
2326.1220259666443, 1.5005, 4.1876, 609.7917
2328.1221611499786, 1.5005, 4.1876, 609.8329
2330.122266292572, 1.5005, 4.1877, 609.6586
2332.1223611831665, 1.5005, 4.1877, 609.8844
2334.1224513053894, 1.5005, 4.1876, 609.6428
2336.122534275055, 1.5005, 4.1877, 609.4178
2338.1226212978363, 1.5005, 4.1877, 609.2579
2340.1227028369904, 1.5005, 4.1878, 609.2607
2342.1228053569794, 1.5005, 4.1879, 609.426
2344.1228947639465, 1.5005, 4.1879, 609.2224
2346.122987270355, 1.5005, 4.1882, 608.9469
2348.12308549881, 1.5005, 4.1881, 608.7718
2350.1231920719147, 1.5005, 4.1884, 609.0875
2352.123293876648, 1.5005, 4.1878, 609.5038
2354.1233780384064, 1.5005, 4.1879, 609.388
2356.1234805583954, 1.5005, 4.1878, 609.3207
2358.1236186027527, 1.5005, 4.1882, 609.1512
2360.123721599579, 1.5005, 4.1882, 609.3232
2362.123817205429, 1.5005, 4.1883, 609.2402
2364.123907327652, 1.5005, 4.1883, 609.119
2366.1240105628967, 1.5005, 4.1884, 608.8869
2368.12411737442, 1.5005, 4.1883, 609.0171
2370.1242067813873, 1.5005, 4.1882, 609.2502
2372.1242837905884, 1.5005, 4.1879, 609.5498
2374.124370098114, 1.5005, 4.1877, 609.8068
2376.1244530677795, 1.5005, 4.1876, 609.7374
2378.1245601177216, 1.5005, 4.1875, 609.7449
2380.1246421337128, 1.5005, 4.1877, 609.5653
2382.12472987175, 1.5005, 4.1877, 609.3847
2384.124815940857, 1.5005, 4.1881, 609.0267
2386.124924659729, 1.5005, 4.1882, 608.8111
2388.1250298023224, 1.5005, 4.1883, 608.6319
2390.125110387802, 1.5005, 4.1884, 608.3342
2392.125210762024, 1.5005, 4.1885, 608.2479
2394.1253089904785, 1.5005, 4.1886, 608.116
2396.1253912448883, 1.5005, 4.1888, 608.1702
2398.125496149063, 1.5005, 4.1889, 607.8706
2400.125588417053, 1.5005, 4.189, 607.5682
2402.125678062439, 1.5005, 4.1891, 607.4592
2404.1257643699646, 1.5005, 4.1892, 607.294
2406.1258454322815, 1.5005, 4.1894, 607.1582
2408.1259248256683, 1.5005, 4.1895, 606.7063
2410.126026391983, 1.5005, 4.1895, 606.6345
2412.126131296158, 1.5005, 4.1896, 606.6623
2414.1262106895447, 1.5005, 4.1896, 606.4509
2416.1262958049774, 1.5005, 4.1898, 606.2848
2418.126384496689, 1.5005, 4.1898, 606.2156
2420.126487970352, 1.5005, 4.1899, 605.9866
2422.1266191005707, 1.5005, 4.1899, 605.8553
2424.126750946045, 1.5005, 4.1901, 605.978
2426.126831293106, 1.5005, 4.19, 606.0109
2428.126930952072, 1.5005, 4.1898, 606.2475
2430.1270184516907, 1.5005, 4.1898, 606.6542
2432.127117872238, 1.5005, 4.1897, 606.8815
2434.12721991539, 1.5005, 4.1896, 606.8562
2436.127318382263, 1.5005, 4.1895, 607.0037
2438.1274309158325, 1.5005, 4.1896, 606.896
2440.127517223358, 1.5005, 4.1897, 606.944
2442.127599477768, 1.5005, 4.1898, 606.9072
2444.127681493759, 1.5006, 4.1899, 606.9007
2446.127781391144, 1.5005, 4.1897, 606.8374
2448.12787938118, 1.5005, 4.1898, 606.8754
2450.127981901169, 1.5005, 4.1897, 606.906
2452.12806224823, 1.5005, 4.1895, 606.9446
2454.128160238266, 1.5005, 4.1897, 606.7182
2456.1282494068146, 1.5005, 4.1897, 606.5462
2458.1283469200134, 1.5005, 4.1899, 606.3443
2460.1284322738647, 1.5005, 4.19, 606.4113
2462.128516435623, 1.5005, 4.1898, 606.5632
2464.1286120414734, 1.5005, 4.1898, 606.5607
2466.1287112236023, 1.5005, 4.1897, 606.99
2468.1288113594055, 1.5005, 4.1899, 606.7338
2470.1289134025574, 1.5005, 4.1896, 607.0513
2472.129014492035, 1.5005, 4.1896, 607.1597
2474.1291151046753, 1.5005, 4.1894, 607.217
2476.1292202472687, 1.5005, 4.1896, 607.0362
2478.129360437393, 1.5005, 4.1897, 607.013
2480.12943983078, 1.5005, 4.1898, 606.9539
2482.12952208519, 1.5005, 4.1899, 606.76
2484.1296093463898, 1.5005, 4.19, 606.7295
2486.1297080516815, 1.5005, 4.1898, 606.7949
2488.1298112869263, 1.5005, 4.1901, 606.6769
2490.1299414634705, 1.5005, 4.19, 606.4989
2492.130070924759, 1.5005, 4.1901, 606.4668
2494.130168914795, 1.5005, 4.1901, 606.3831
2496.1302676200867, 1.5005, 4.1901, 606.3668
2498.1303544044495, 1.5005, 4.1903, 606.2645
2500.1304564476013, 1.5005, 4.1903, 606.306
2502.1305434703827, 1.5005, 4.1902, 606.4051
2504.1306779384613, 1.5005, 4.19, 606.9531
2506.1307673454285, 1.5005, 4.1901, 607.0564
2508.130872488022, 1.5005, 4.1899, 606.9646
2510.1309745311737, 1.5005, 4.1898, 606.9461
2512.1310765743256, 1.5005, 4.1896, 606.9399
2514.131169319153, 1.5005, 4.1896, 606.9257
2516.131247997284, 1.5005, 4.1897, 606.7209
2518.1313462257385, 1.5005, 4.19, 606.4609
2520.131433725357, 1.5005, 4.1901, 606.1262
2522.131543159485, 1.5005, 4.1904, 605.7382
2524.131628036499, 1.5005, 4.1906, 605.4593
2526.131718635559, 1.5005, 4.1906, 605.3512
2528.1318213939667, 1.5005, 4.1908, 605.1679
2530.1319217681885, 1.5005, 4.1911, 605.2972
2532.132025241852, 1.5005, 4.1912, 605.0277
2534.1321227550507, 1.5005, 4.1912, 605.2977
2536.132203102112, 1.5005, 4.1912, 605.3836
2538.1323053836823, 1.5005, 4.1913, 605.1685
2540.1324059963226, 1.5005, 4.1913, 605.3369
2542.13254237175, 1.5005, 4.1913, 605.4021
2544.132633447647, 1.5005, 4.1911, 605.2259
2546.1327681541443, 1.5005, 4.1913, 604.8972
2548.1328690052032, 1.5005, 4.1912, 604.8864
2550.132968902588, 1.5005, 4.1911, 604.9676
2552.133046388626, 1.5005, 4.1912, 604.923
2554.133144378662, 1.5005, 4.1911, 604.9569
2556.1332437992096, 1.5005, 4.1912, 605.0133
2558.1333463191986, 1.5005, 4.1911, 605.3242
2560.1334462165833, 1.5005, 4.1912, 605.2488
2562.133546113968, 1.5005, 4.1913, 605.133
2564.1336348056793, 1.5005, 4.1913, 604.8648
2566.1337282657623, 1.5005, 4.1914, 604.8815
2568.1338164806366, 1.5005, 4.1915, 604.7237
2570.133905649185, 1.5005, 4.1914, 604.5485
2572.1340415477753, 1.5005, 4.1915, 604.4302
2574.1341454982758, 1.5005, 4.1916, 604.217
2576.1342437267303, 1.5005, 4.1918, 603.9441
2578.134381532669, 1.5005, 4.1919, 603.7028
2580.1344771385193, 1.5005, 4.192, 603.5642
2582.134586572647, 1.5005, 4.1922, 603.4083
2584.1347262859344, 1.5006, 4.1925, 603.1904
2586.134818315506, 1.5005, 4.1925, 602.9924
2588.134902238846, 1.5005, 4.1924, 602.7651
2590.1350066661835, 1.5005, 4.1927, 602.772
2592.1350951194763, 1.5005, 4.1926, 602.725
2594.135196208954, 1.5005, 4.1928, 602.8799
2596.135332107544, 1.5005, 4.1926, 602.9783
2598.135432243347, 1.5005, 4.1925, 603.116
2600.1355216503143, 1.5005, 4.1924, 603.3119
2602.1356654167175, 1.5005, 4.1926, 603.1746
2604.1357655525208, 1.5005, 4.1925, 603.362
2606.135854959488, 1.5005, 4.1924, 603.4805
2608.1359407901764, 1.5005, 4.1924, 603.4615
2610.1360499858856, 1.5005, 4.1922, 603.8735
2612.136138677597, 1.5005, 4.1922, 603.7706
2614.1362252235413, 1.5005, 4.192, 603.7735
2616.136357307434, 1.5005, 4.1922, 603.6614
2618.136456489563, 1.5005, 4.1922, 603.6373
2620.136558532715, 1.5005, 4.1924, 603.6556
2622.136665582657, 1.5005, 4.1924, 603.566
2624.136744260788, 1.5006, 4.1925, 603.3607
2626.136836528778, 1.5006, 4.1926, 603.254
2628.1369366645813, 1.5006, 4.1925, 603.183
2630.1370356082916, 1.5005, 4.1926, 603.0595
2632.1371142864227, 1.5005, 4.1926, 603.079
2634.1372151374817, 1.5005, 4.1927, 602.9406
2636.1373178958893, 1.5005, 4.1928, 602.8535
2638.1374204158783, 1.5005, 4.193, 602.669
2640.137507200241, 1.5005, 4.1932, 602.5845
2642.137589454651, 1.5005, 4.1933, 602.4775
2644.137671470642, 1.5005, 4.1933, 602.2501
2646.137773036957, 1.5005, 4.1934, 602.0278
2648.1379051208496, 1.5005, 4.1935, 601.9006
2650.1380076408386, 1.5005, 4.1935, 601.714
2652.1381113529205, 1.5005, 4.1936, 601.606
2654.138201236725, 1.5005, 4.1935, 601.4453
2656.138336420059, 1.5005, 4.1936, 601.5562
2658.138432264328, 1.5005, 4.1937, 601.5846
2660.1385111808777, 1.5005, 4.1937, 601.4731
2662.138608455658, 1.5005, 4.1938, 601.2833
2664.1386890411377, 1.5005, 4.1938, 601.4945
2666.1387770175934, 1.5005, 4.1937, 601.5851
2668.1388795375824, 1.5006, 4.1936, 601.852
2670.1389825344086, 1.5005, 4.1935, 602.1292
2672.1390681266785, 1.5005, 4.1933, 602.6245
2674.1391649246216, 1.5005, 4.1931, 603.1088
2676.139268875122, 1.5005, 4.1927, 603.1038
2678.139368057251, 1.5005, 4.1929, 602.8193
2680.139502286911, 1.5005, 4.193, 602.5854
2682.1396038532257, 1.5005, 4.1931, 602.3163
2684.139704465866, 1.5005, 4.1933, 602.0812
2686.13978433609, 1.5005, 4.1934, 602.1201
2688.1398844718933, 1.5005, 4.1934, 602.1598
2690.1399886608124, 1.5005, 4.1933, 602.0964
2692.140077352524, 1.5005, 4.1935, 601.9598
2694.140179157257, 1.5005, 4.1936, 601.8585
2696.1402566432953, 1.5005, 4.1936, 601.7954
2698.140357732773, 1.5005, 4.1936, 601.6848
2700.140458345413, 1.5005, 4.1937, 601.5836
2702.140571832657, 1.5005, 4.1937, 601.4278
2704.1406803131104, 1.5005, 4.1936, 601.6371
2706.1407816410065, 1.5005, 4.1936, 602.0898
2708.140868663788, 1.5005, 4.1937, 602.2722
2710.1409525871277, 1.5005, 4.1937, 602.0089
2712.1410410404205, 1.5005, 4.1936, 601.9965
2714.141117334366, 1.5006, 4.1937, 602.0281
2716.141251564026, 1.5005, 4.1937, 602.0108
2718.141348838806, 1.5005, 4.1937, 601.9832
2720.1414387226105, 1.5005, 4.1938, 601.7656
2722.141532421112, 1.5005, 4.1938, 601.5357
2724.1416158676147, 1.5005, 4.1941, 601.2497
2726.141722679138, 1.5005, 4.1942, 600.8875
2728.1418163776398, 1.5005, 4.1943, 600.5651
2730.141925096512, 1.5005, 4.1945, 600.2539
2732.1420080661774, 1.5005, 4.1947, 600.0972
2734.142110824585, 1.5005, 4.1947, 599.9497
2736.1421949863434, 1.5005, 4.1947, 600.1849
2738.142293691635, 1.5005, 4.1945, 600.2831
2740.1423943042755, 1.5005, 4.1946, 600.3827
2742.142480611801, 1.5005, 4.1946, 600.4304
2744.1425812244415, 1.5005, 4.1945, 600.259
2746.142682313919, 1.5005, 4.1945, 600.3596
2748.142770767212, 1.5005, 4.1943, 600.5932
2750.142852783203, 1.5005, 4.1944, 600.4845
2752.142937898636, 1.5005, 4.1943, 600.5736
2754.1430430412292, 1.5005, 4.1944, 600.7936
2756.143176794052, 1.5005, 4.1944, 600.8403
2758.14328956604, 1.5005, 4.1943, 600.9974
2760.143384695053, 1.5005, 4.1942, 601.2291
2762.1434786319733, 1.5005, 4.1941, 601.3179
2764.143614292145, 1.5005, 4.1943, 601.2393
2766.143750667572, 1.5005, 4.1942, 601.235
2768.1438295841217, 1.5005, 4.1942, 601.3274
2770.143914937973, 1.5005, 4.194, 601.3448
2772.1440522670746, 1.5005, 4.1939, 601.4748
2774.1441552639008, 1.5005, 4.1939, 601.6016
2776.1442415714264, 1.5005, 4.1939, 601.4474
2778.1443309783936, 1.5005, 4.194, 601.5029
2780.144428253174, 1.5005, 4.1939, 601.1647
2782.144523382187, 1.5005, 4.1942, 600.9935
2784.1446120738983, 1.5005, 4.1942, 600.7598
2786.144698858261, 1.5005, 4.1943, 600.6404
2788.1447999477386, 1.5005, 4.1945, 600.3852
2790.1449003219604, 1.5005, 4.1945, 600.2424
2792.145000934601, 1.5005, 4.1944, 600.2505
2794.1450934410095, 1.5005, 4.1944, 600.126
2796.1451745033264, 1.5005, 4.1945, 600.1396
2798.1452775001526, 1.5005, 4.1945, 599.9776
2800.145383834839, 1.5005, 4.1948, 600.0385
2802.1454882621765, 1.5005, 4.1947, 600.1311
2804.145566225052, 1.5005, 4.1947, 600.3833
2806.1456661224365, 1.5005, 4.1947, 600.0194
2808.145763397217, 1.5005, 4.1947, 599.8312
2810.1458451747894, 1.5005, 4.1948, 599.7115
2812.145927667618, 1.5005, 4.1949, 599.7412
2814.1460309028625, 1.5005, 4.1947, 599.7705
2816.146131515503, 1.5005, 4.1949, 599.5978
2818.146223783493, 1.5005, 4.195, 599.3766
2820.1463062763214, 1.5005, 4.1951, 599.204
2822.1463837623596, 1.5005, 4.1953, 598.9514
2824.1464624404907, 1.5005, 4.1953, 598.7463
2826.1465985774994, 1.5005, 4.1954, 598.78
2828.14670586586, 1.5005, 4.1955, 598.8919
2830.1467905044556, 1.5005, 4.1954, 598.9993
2832.14688205719, 1.5005, 4.1953, 599.2612
2834.146979570389, 1.5005, 4.1953, 599.2683
2836.1470668315887, 1.5005, 4.1949, 599.6604
2838.1472041606903, 1.5005, 4.1948, 600.0036
2840.1472940444946, 1.5005, 4.1947, 600.1137
2842.147398710251, 1.5005, 4.1947, 600.095
2844.1475036144257, 1.5005, 4.1948, 599.8369
2846.147639989853, 1.5005, 4.1948, 599.7686
2848.1477479934692, 1.5005, 4.195, 599.6313
2850.1478428840637, 1.5005, 4.1949, 599.2829
2852.147937774658, 1.5005, 4.1951, 599.2289
2854.1480712890625, 1.5005, 4.1951, 599.368
2856.148154258728, 1.5005, 4.195, 599.5915
2858.1482377052307, 1.5005, 4.195, 599.746
2860.1483206748962, 1.5005, 4.195, 599.4921
2862.1484055519104, 1.5005, 4.1949, 599.3847
2864.1484932899475, 1.5005, 4.195, 599.4664
2866.1485772132874, 1.5005, 4.1951, 599.5583
2868.148663520813, 1.5004, 4.1949, 599.7057
2870.1487488746643, 1.5005, 4.1949, 599.8176
2872.14888215065, 1.5005, 4.195, 600.128
2874.1489684581757, 1.5005, 4.1947, 600.0917
2876.1490478515625, 1.5005, 4.1949, 600.026
2878.1491470336914, 1.5005, 4.1948, 600.0853
2880.1492495536804, 1.5005, 4.1946, 600.8073
2882.1493554115295, 1.5005, 4.1945, 601.0123
2884.149442434311, 1.5005, 4.1946, 600.8551
2886.14954662323, 1.5005, 4.1946, 600.8022
2888.1496291160583, 1.5005, 4.1945, 600.6104
2890.1497621536255, 1.5005, 4.1945, 600.59
2892.1498618125916, 1.5005, 4.1944, 600.8249
2894.149939060211, 1.5005, 4.1945, 600.9387
2896.1500265598297, 1.5005, 4.1943, 601.0118
2898.15011882782, 1.5005, 4.1943, 601.1457
2900.1502056121826, 1.5005, 4.1942, 601.0863
2902.1503064632416, 1.5005, 4.1942, 600.996
2904.150390148163, 1.5005, 4.1943, 600.6781
2906.1504757404327, 1.5005, 4.1944, 600.4302
2908.150560617447, 1.5005, 4.1947, 600.1505
2910.1506474018097, 1.5005, 4.1948, 599.9005
2912.1507449150085, 1.5005, 4.1949, 599.8005
2914.1508600711823, 1.5005, 4.195, 599.6885
2916.150946378708, 1.5005, 4.1951, 599.7248
2918.1510314941406, 1.5005, 4.195, 599.7696
2920.1511290073395, 1.5005, 4.195, 599.8829
2922.1512303352356, 1.5005, 4.1948, 599.9669
2924.1513640880585, 1.5005, 4.1948, 600.2166
2926.151448249817, 1.5005, 4.1948, 600.1012
2928.151549577713, 1.5005, 4.1949, 600.3122
2930.151696205139, 1.5005, 4.195, 600.2263
2932.1517989635468, 1.5005, 4.1947, 600.4986
2934.1519074440002, 1.5005, 4.1944, 600.6877
2936.152008533478, 1.5005, 4.1943, 600.8447
2938.1521096229553, 1.5005, 4.1945, 600.672
2940.1522178649902, 1.5005, 4.1947, 600.3676
2942.1523282527924, 1.5005, 4.1948, 600.1006
2944.1524102687836, 1.5005, 4.1948, 599.9054
2946.1525428295135, 1.5005, 4.195, 599.8044
2948.1526353359222, 1.5005, 4.1952, 599.9269
2950.152735710144, 1.5005, 4.1951, 599.7838
2952.152886867523, 1.5005, 4.1952, 599.5581
2954.153020620346, 1.5005, 4.1953, 599.4214
2956.1531207561493, 1.5005, 4.1952, 599.5112
2958.1532196998596, 1.5005, 4.1952, 599.697
2960.1533620357513, 1.5005, 4.195, 600.0452
2962.1535024642944, 1.5005, 4.1948, 600.0234
2964.1536014080048, 1.5005, 4.1952, 600.0446
2966.1536877155304, 1.5005, 4.1952, 599.9713
2968.1537873744965, 1.5005, 4.1951, 599.6978
2970.1538960933685, 1.5005, 4.1952, 599.5298
2972.1540246009827, 1.5005, 4.1952, 599.3844
2974.1541187763214, 1.5005, 4.1952, 599.2364
2976.154217481613, 1.5005, 4.1955, 599.1149
2978.154313802719, 1.5005, 4.1956, 598.8616
2980.154447078705, 1.5005, 4.1955, 598.8042
2982.154551744461, 1.5005, 4.1955, 598.9785
2984.1546318531036, 1.5005, 4.1956, 599.1203
2986.154731273651, 1.5005, 4.1956, 599.3226
2988.1548459529877, 1.5005, 4.1955, 599.1176
2990.1549339294434, 1.5005, 4.1957, 599.0479
2992.15500497818, 1.5005, 4.1957, 598.9477
2994.155138731003, 1.5005, 4.1957, 598.8189
2996.1552407741547, 1.5005, 4.1958, 598.6151
2998.155345916748, 1.5005, 4.1959, 598.428
3000.1554479599, 1.5005, 4.1961, 598.379
3002.1555285453796, 1.5005, 4.1961, 598.2273
3004.1556582450867, 1.5005, 4.1961, 598.144
3006.1557581424713, 1.5005, 4.1962, 598.0766
3008.155856847763, 1.5005, 4.1962, 598.1155
3010.1559569835663, 1.5005, 4.196, 598.3525
3012.156056880951, 1.5005, 4.1959, 598.5045
3014.156149864197, 1.5005, 4.1958, 598.6124
3016.1562838554382, 1.5005, 4.1958, 598.6245
3018.1564168930054, 1.5005, 4.1957, 598.6984
3020.156520843506, 1.5005, 4.1957, 598.6998
3022.15665602684, 1.5005, 4.1957, 598.7991
3024.156790971756, 1.5005, 4.1956, 598.7413
3026.156927585602, 1.5005, 4.1958, 598.6171
3028.1572556495667, 1.5005, 4.1958, 598.7108
3030.157348394394, 1.5005, 4.1958, 598.7463
3032.1574454307556, 1.5005, 4.1957, 598.8066
3034.157526254654, 1.5005, 4.1959, 598.7824
3036.1576294898987, 1.5005, 4.1958, 598.7939
3038.1577141284943, 1.5005, 4.1958, 598.9226
3040.157791852951, 1.5005, 4.196, 598.8999
3042.157922744751, 1.5005, 4.1959, 598.9807
3044.1580452919006, 1.5005, 4.1955, 599.1643
3046.1581468582153, 1.5005, 4.1957, 598.9666
3048.1582362651825, 1.5005, 4.196, 598.9962
3050.158353805542, 1.5005, 4.1957, 598.6759
3052.1584401130676, 1.5005, 4.1958, 598.6529
3054.1585261821747, 1.5005, 4.196, 598.5649
3056.1586105823517, 1.5005, 4.196, 598.448
3058.1587195396423, 1.5005, 4.1961, 598.3423
3060.158824443817, 1.5005, 4.1961, 598.1955
3062.1589272022247, 1.5005, 4.1963, 598.1916
3064.1590642929077, 1.5005, 4.1964, 598.1511
3066.1591720581055, 1.5005, 4.1963, 598.0431
3068.159307718277, 1.5005, 4.1962, 597.9508
3070.1594116687775, 1.5005, 4.1963, 597.9953
3072.1595005989075, 1.5005, 4.1962, 598.2231
3074.159601211548, 1.5005, 4.1962, 598.3545
3076.159683704376, 1.5005, 4.1962, 598.5812
3078.1597843170166, 1.5005, 4.1961, 598.6305
3080.15988612175, 1.5005, 4.1962, 598.5799
3082.16001701355, 1.5005, 4.1961, 598.4881
3084.1601169109344, 1.5005, 4.1961, 598.4251
3086.1602187156677, 1.5005, 4.196, 598.4972
3088.160365819931, 1.5005, 4.1961, 598.1546
3090.1604986190796, 1.5005, 4.1964, 597.8694
3092.1605825424194, 1.5005, 4.1965, 597.8957
3094.160675764084, 1.5005, 4.1967, 597.9831
3096.160778284073, 1.5005, 4.1967, 597.9017
3098.1608822345734, 1.5005, 4.1966, 597.8729
3100.1609828472137, 1.5005, 4.1967, 597.8039
3102.1610713005066, 1.5005, 4.1967, 597.6021
3104.161169052124, 1.5005, 4.1967, 597.575
3106.1612572669983, 1.5005, 4.1966, 597.7784
3108.161360502243, 1.5005, 4.1965, 597.8893
3110.1614441871643, 1.5005, 4.1963, 598.0223
3112.1615409851074, 1.5005, 4.1963, 598.2606
3114.161675930023, 1.5005, 4.1959, 598.8065
3116.1617567539215, 1.5005, 4.196, 598.7225
3118.161857366562, 1.5005, 4.196, 598.6151
3120.161958217621, 1.5005, 4.1961, 598.4418
3122.1620478630066, 1.5005, 4.196, 598.6156
3124.162180662155, 1.5005, 4.1962, 598.5187
3126.162271976471, 1.5005, 4.1962, 598.5074
3128.162374973297, 1.5005, 4.1962, 598.2583
3130.1624784469604, 1.5005, 4.1962, 598.3802
3132.1626131534576, 1.5005, 4.1962, 598.6297
3134.162700176239, 1.5005, 4.196, 598.8672
3136.162798166275, 1.5005, 4.1959, 598.8553
3138.1628942489624, 1.5005, 4.196, 598.6509
3140.1629972457886, 1.5005, 4.1958, 598.6494
3142.163100719452, 1.5005, 4.1957, 598.6774
3144.163244009018, 1.5005, 4.1958, 598.5882
3146.1633830070496, 1.5005, 4.1958, 598.5294
3148.16348695755, 1.5005, 4.1959, 598.3313
3150.163602590561, 1.5005, 4.1961, 598.2863
3152.163698196411, 1.5005, 4.1962, 597.8868
3154.163793325424, 1.5005, 4.1963, 597.7376
3156.1639025211334, 1.5005, 4.1964, 597.8683
3158.164005756378, 1.5005, 4.1963, 598.0234
3160.164122581482, 1.5005, 4.1962, 598.181
3162.164217710495, 1.5005, 4.1962, 598.0792
3164.1642990112305, 1.5005, 4.1963, 597.8159
3166.1643817424774, 1.5005, 4.1964, 597.722
3168.164482355118, 1.5005, 4.1965, 597.7452
3170.1645860671997, 1.5005, 4.1966, 597.8581
3172.1646904945374, 1.5005, 4.1965, 597.9145
3174.1647765636444, 1.5005, 4.1966, 597.9824
3176.1648786067963, 1.5005, 4.1966, 598.0552
3178.1649808883667, 1.5004, 4.1964, 598.1297
3180.165073633194, 1.5005, 4.1964, 598.007
3182.165160179138, 1.5004, 4.1963, 597.9063
3184.16526556015, 1.5005, 4.1964, 597.836
3186.1654090881348, 1.5005, 4.1966, 597.7479
3188.165513277054, 1.5005, 4.1966, 597.6383
3190.1656153202057, 1.5005, 4.1966, 597.699
3192.165724515915, 1.5005, 4.1966, 597.5405
3194.1658267974854, 1.5004, 4.1966, 597.5258
3196.165929079056, 1.5004, 4.1967, 597.1933
3198.166016101837, 1.5005, 4.1969, 597.0216
3200.166106700897, 1.5005, 4.1968, 597.1406
3202.1662089824677, 1.5005, 4.1966, 597.4142
3204.1663076877594, 1.5005, 4.1966, 597.5521
3206.166408777237, 1.5005, 4.1965, 597.6596
3208.1665098667145, 1.5005, 4.1966, 597.7503
3210.166592359543, 1.5005, 4.1965, 598.012
3212.1666853427887, 1.5005, 4.1964, 598.3129
3214.1667771339417, 1.5005, 4.1966, 598.1876
3216.1668603420258, 1.5005, 4.1965, 598.1572
3218.1669442653656, 1.5005, 4.1964, 598.0774
3220.1670429706573, 1.5005, 4.1967, 597.7961
3222.167141675949, 1.5005, 4.1968, 597.7038
3224.1672401428223, 1.5005, 4.1967, 597.7931
3226.1673731803894, 1.5005, 4.1966, 597.9058
3228.1674609184265, 1.5005, 4.1966, 597.765
3230.1675696372986, 1.5005, 4.1966, 597.724
3232.16766166687, 1.5005, 4.1967, 597.4816
3234.1677951812744, 1.5005, 4.1968, 597.4443
3236.167886018753, 1.5005, 4.1968, 597.4398
3238.1680121421814, 1.5005, 4.1968, 597.5116
3240.1681027412415, 1.5004, 4.1968, 597.2466
3242.168206214905, 1.5005, 4.1971, 596.9325
3244.168309688568, 1.5005, 4.1973, 596.7851
3246.1684086322784, 1.5005, 4.1975, 596.5559
3248.1685116291046, 1.5005, 4.1976, 596.4044
3250.168618917465, 1.5005, 4.1977, 596.4219
3252.1687355041504, 1.5005, 4.1977, 596.2705
3254.1688392162323, 1.5005, 4.1979, 596.2586
3256.1689291000366, 1.5005, 4.1979, 596.1826
3258.169038772583, 1.5005, 4.1979, 596.2643
3260.169141292572, 1.5005, 4.198, 596.2702
3262.1692459583282, 1.5005, 4.1978, 596.3545
3264.1693341732025, 1.5005, 4.1976, 596.495
3266.1694219112396, 1.5005, 4.1978, 596.6451
3268.1695125102997, 1.5005, 4.1978, 596.8191
3270.169600248337, 1.5005, 4.1979, 596.6075
3272.169682741165, 1.5004, 4.1978, 596.4718
3274.1697738170624, 1.5005, 4.1977, 596.6063
3276.1698751449585, 1.5005, 4.1976, 596.5364
3278.169976711273, 1.5005, 4.1975, 596.6851
3280.1700780391693, 1.5005, 4.1975, 596.767
3282.1701793670654, 1.5005, 4.1973, 596.8344
3284.1702811717987, 1.5005, 4.1975, 597.1927
3286.170383453369, 1.5004, 4.1974, 597.0455
3288.1704862117767, 1.5004, 4.1974, 597.0413
3290.1705894470215, 1.5005, 4.1975, 596.7367
3292.170695066452, 1.5005, 4.1973, 596.7631
3294.1708035469055, 1.5005, 4.1973, 596.7912
3296.1709067821503, 1.5005, 4.1973, 597.1886
3298.1710035800934, 1.5005, 4.1971, 597.2895
3300.1711111068726, 1.5005, 4.1971, 597.1642
3302.171220302582, 1.5005, 4.1972, 596.8593
3304.171317577362, 1.5004, 4.1973, 596.4282
3306.1714074611664, 1.5005, 4.1974, 596.0759
3308.1714963912964, 1.5004, 4.1976, 595.8153
3310.171603679657, 1.5005, 4.1979, 595.5648
3312.1717052459717, 1.5005, 4.1982, 595.2764
3314.1717941761017, 1.5005, 4.1983, 595.0918
3316.1719286441803, 1.5005, 4.1984, 594.9461
3318.172032594681, 1.5005, 4.1984, 594.8662
3320.172121524811, 1.5005, 4.1987, 594.7407
3322.1722111701965, 1.5005, 4.1987, 594.6574
3324.1723046302795, 1.5005, 4.1989, 594.4883
3326.1724009513855, 1.5005, 4.1989, 594.3254
3328.1724965572357, 1.5005, 4.1991, 594.2275
3330.172598838806, 1.5005, 4.199, 594.1353
3332.1727044582367, 1.5005, 4.1992, 593.8553
3334.1728076934814, 1.5005, 4.1993, 593.6699
3336.172909975052, 1.5005, 4.1994, 593.7476
3338.173006296158, 1.5004, 4.1992, 593.9969
3340.173100709915, 1.5005, 4.1994, 594.3264
3342.1732058525085, 1.5005, 4.199, 594.4594
3344.173305273056, 1.5004, 4.199, 594.5036
3346.1734251976013, 1.5005, 4.1991, 594.9
3348.173514842987, 1.5005, 4.199, 594.9527
3350.1736464500427, 1.5005, 4.199, 594.9378
3352.1737582683563, 1.5005, 4.1989, 594.9362
3354.1738612651825, 1.5005, 4.199, 594.9077
3356.173959493637, 1.5005, 4.199, 594.7842
3358.1740579605103, 1.5005, 4.1992, 594.6902
3360.1741569042206, 1.5005, 4.199, 594.3769
3362.174248933792, 1.5005, 4.1992, 594.2386
3364.1743466854095, 1.5005, 4.1993, 594.0931
3366.174444913864, 1.5005, 4.1994, 594.0208
3368.1745429039, 1.5005, 4.1995, 593.839
3370.1746468544006, 1.5005, 4.1994, 593.7846
3372.1747398376465, 1.5005, 4.1996, 593.7973
3374.174829721451, 1.5005, 4.1996, 593.9204
3376.174925804138, 1.5005, 4.1993, 594.4906
3378.1750128269196, 1.5005, 4.1993, 594.5018
3380.1750943660736, 1.5005, 4.1994, 594.4515
3382.175226211548, 1.5005, 4.1991, 594.672
3384.175360441208, 1.5005, 4.1991, 595.0692
3386.175464630127, 1.5005, 4.1988, 595.2362
3388.1755702495575, 1.5005, 4.1987, 595.2294
3390.1757032871246, 1.5005, 4.1987, 595.3861
3392.1758399009705, 1.5005, 4.1984, 595.6433
3394.175936937332, 1.5005, 4.1982, 595.7286
3396.176030397415, 1.5005, 4.1981, 595.5878
3398.176115512848, 1.5005, 4.1983, 595.397
3400.1762170791626, 1.5005, 4.1985, 595.0524
3402.1763496398926, 1.5004, 4.1985, 594.8407
3404.1764810085297, 1.5005, 4.1986, 594.6584
3406.1765854358673, 1.5005, 4.1989, 594.7385
3408.1766896247864, 1.5004, 4.1991, 594.545
3410.176778793335, 1.5005, 4.1991, 594.2551
3412.1768634319305, 1.5005, 4.1992, 594.1833
3414.176954984665, 1.5005, 4.1992, 594.2475
3416.17706155777, 1.5005, 4.1991, 594.4789
3418.1771926879883, 1.5005, 4.1989, 594.699
3420.1772899627686, 1.5005, 4.1989, 594.9024
3422.1773974895477, 1.5005, 4.1987, 594.9865
3424.177494287491, 1.5005, 4.1986, 594.928
3426.1776065826416, 1.5005, 4.1986, 595.2496
3428.177759885788, 1.5005, 4.1984, 595.5561
3430.1778631210327, 1.5005, 4.1984, 595.5721
3432.17800283432, 1.5005, 4.1984, 595.44
3434.178138256073, 1.5005, 4.1985, 595.5098
3436.178242444992, 1.5005, 4.1984, 595.5523
3438.1783413887024, 1.5005, 4.1986, 595.5401
3440.178441286087, 1.5005, 4.1987, 595.6241
3442.1785423755646, 1.5005, 4.1987, 595.4627
3444.178641796112, 1.5005, 4.1987, 595.1558
3446.1787428855896, 1.5005, 4.1988, 595.108
3448.1788420677185, 1.5005, 4.1987, 594.9645
3450.1789293289185, 1.5005, 4.1989, 594.7721
3452.179013490677, 1.5005, 4.1989, 594.9831
3454.179114818573, 1.5005, 4.1991, 594.673
3456.1792051792145, 1.5005, 4.1991, 594.4911
3458.1793036460876, 1.5005, 4.1991, 594.3618
3460.1793913841248, 1.5005, 4.1992, 594.2134
3462.1794922351837, 1.5005, 4.1994, 594.1697
3464.179596185684, 1.5005, 4.1994, 593.9533
3466.1796929836273, 1.5005, 4.1995, 593.6457
3468.179785966873, 1.5005, 4.1996, 593.5877
3470.1798877716064, 1.5005, 4.1996, 593.6626
3472.1799886226654, 1.5005, 4.1995, 593.765
3474.1800870895386, 1.5005, 4.1993, 593.9891
3476.1801764965057, 1.5005, 4.1994, 593.9839
3478.1802814006805, 1.5005, 4.1994, 594.1619
3480.1803839206696, 1.5005, 4.1995, 594.1878
3482.18048620224, 1.5005, 4.1995, 593.9313
3484.1805799007416, 1.5005, 4.1996, 593.8112
3486.18066573143, 1.5005, 4.1994, 593.8641
3488.1807494163513, 1.5005, 4.1995, 594.2418
3490.180860042572, 1.5005, 4.1995, 594.3926
3492.1809594631195, 1.5005, 4.1997, 594.0921
3494.1810619831085, 1.5005, 4.1995, 594.4037
3496.181161880493, 1.5004, 4.1992, 594.5955
3498.181270122528, 1.5005, 4.1992, 594.7713
3500.18137049675, 1.5005, 4.1991, 594.6587
3502.181473493576, 1.5005, 4.1991, 594.6099
3504.18155503273, 1.5005, 4.1993, 594.5016
3506.1816363334656, 1.5005, 4.1994, 594.3731
3508.1817421913147, 1.5005, 4.1994, 594.183
3510.1818289756775, 1.5005, 4.1995, 594.0219
3512.1819286346436, 1.5005, 4.1996, 593.9346
3514.1820363998413, 1.5005, 4.1998, 593.8015
3516.182136774063, 1.5005, 4.1997, 593.9035
3518.1822385787964, 1.5005, 4.1998, 593.8884
3520.1823394298553, 1.5005, 4.1995, 593.9236
3522.1824390888214, 1.5005, 4.1996, 594.075
3524.1825392246246, 1.5005, 4.1993, 594.1904
3526.1826400756836, 1.5004, 4.1991, 594.4228
3528.1827511787415, 1.5004, 4.1991, 594.4871
3530.182850599289, 1.5005, 4.1992, 594.5167
3532.182950735092, 1.5004, 4.199, 594.6407
3534.183049440384, 1.5005, 4.1988, 594.8305
3536.183133840561, 1.5005, 4.1991, 594.5132
3538.183216571808, 1.5005, 4.1992, 594.1747
3540.183299303055, 1.5005, 4.1994, 594.1425
3542.1833839416504, 1.5005, 4.1994, 594.1841
3544.1834695339203, 1.5005, 4.1995, 594.1537
3546.1835703849792, 1.5005, 4.1995, 593.7187
3548.1836490631104, 1.5005, 4.1997, 593.5029
3550.183750629425, 1.5005, 4.1999, 593.4782
3552.183850288391, 1.5005, 4.1999, 593.496
3554.183933019638, 1.5005, 4.1999, 593.3289
3556.184015750885, 1.5005, 4.2, 593.2946
3558.1840987205505, 1.5005, 4.2002, 593.0235
3560.1841807365417, 1.5005, 4.2002, 592.9413
3562.1842629909515, 1.5005, 4.2002, 592.7739
3564.1843461990356, 1.5005, 4.2003, 592.556
3566.1844415664673, 1.5005, 4.2004, 592.463
3568.1845405101776, 1.5005, 4.2004, 592.3504
3570.1846346855164, 1.5005, 4.2005, 592.2437
3572.184721469879, 1.5005, 4.2005, 592.5711
3574.184820652008, 1.5005, 4.2003, 593.1988
3576.184905052185, 1.5004, 4.1999, 593.7883
3578.1849868297577, 1.5005, 4.2, 593.7176
3580.1850850582123, 1.5005, 4.1998, 593.9546
3582.185207605362, 1.5005, 4.1996, 593.9712
3584.1853172779083, 1.5004, 4.1997, 593.691
3586.1854236125946, 1.5005, 4.1998, 593.7094
3588.1855132579803, 1.5005, 4.1997, 594.0193
3590.1856133937836, 1.5005, 4.1996, 594.2641
3592.185712337494, 1.5005, 4.1997, 594.3519
3594.1857941150665, 1.5005, 4.1996, 594.3006
3596.185896873474, 1.5005, 4.1995, 594.5998
3598.186029434204, 1.5005, 4.1994, 594.6853
3600.1861646175385, 1.5005, 4.1994, 594.4836
3602.1862688064575, 1.5005, 4.1994, 594.4806
3604.186368227005, 1.5005, 4.1993, 594.2189
3606.186467885971, 1.5005, 4.1994, 594.2195
3608.186564683914, 1.5005, 4.1996, 594.1164
3610.1866664886475, 1.5005, 4.1996, 594.0751
3612.186764717102, 1.5005, 4.1996, 593.9357
3614.1868636608124, 1.5005, 4.1994, 594.1335
3616.1869626045227, 1.5005, 4.1995, 594.0186
3618.1870760917664, 1.5005, 4.1996, 593.7175
3620.187178134918, 1.5005, 4.1998, 593.5255
3622.187273979187, 1.5005, 4.1998, 593.4624
3624.187376022339, 1.5005, 4.1998, 593.2903
3626.187475681305, 1.5005, 4.1998, 593.1428
3628.187569141388, 1.5005, 4.2001, 592.9304
3630.1876604557037, 1.5005, 4.2002, 592.7442
3632.1877613067627, 1.5005, 4.2, 592.6198
3634.187848329544, 1.5005, 4.2003, 592.5571
3636.1879348754883, 1.5005, 4.2004, 592.4897
3638.188021659851, 1.5005, 4.2005, 592.2434
3640.1881535053253, 1.5005, 4.2006, 592.0421
3642.1882479190826, 1.5005, 4.2006, 592.0998
3644.188334465027, 1.5005, 4.2006, 592.2169
3646.1884648799896, 1.5005, 4.2007, 592.3187
3648.1885488033295, 1.5005, 4.2004, 592.7851
3650.188631772995, 1.5005, 4.2006, 593.055
3652.188740968704, 1.5005, 4.2006, 592.7897
3654.188826560974, 1.5004, 4.2006, 592.8362
3656.188910961151, 1.5004, 4.2007, 592.7451
3658.189014196396, 1.5005, 4.2007, 592.5279
3660.1891477108, 1.5005, 4.2008, 592.3063
3662.1892352104187, 1.5005, 4.2009, 592.2695
3664.190945625305, 0.0, 0.0, 596.9928
3666.1910355091095, 0.0, 0.0, 632.9641
3668.191119670868, 0.0, 0.0, 661.7082
3670.1912071704865, 0.0, 0.0, 686.2437
3672.1912949085236, 0.0, 0.0, 707.7802
3674.1913731098175, 0.0, 0.0, 727.1913
3676.1914575099945, 0.0, 0.0, 744.92
3678.1915471553802, 0.0, 0.0, 760.9334
3680.191648244858, 0.0, 0.0, 776.9221
3682.1917374134064, 0.0, 0.0, 789.8532
3684.191838502884, 0.0, 0.0, 803.1466
3686.1919343471527, 0.0, 0.0, 815.7434
3688.1920256614685, 0.0, 0.0, 828.0497
3690.192127943039, 0.0, 0.0, 840.6525
3692.192228078842, 0.0, 0.0, 852.2062
3694.192330598831, 0.0, 0.0, 866.2873
3696.19242811203, 0.0, 0.0, 875.3233
3698.1925296783447, 0.0, 0.0, 886.4338
3700.1926321983337, 0.0, 0.0, 897.2024
3702.1927320957184, 0.0, 0.0, 908.0186
3704.1928329467773, 0.0, 0.0, 918.6257
3706.1929330825806, 0.0, 0.0, 928.9402
3708.193035840988, 0.0, 0.0, 939.0957
3710.1931385993958, 0.0, 0.0, 949.0805
3712.1932356357574, 0.0, 0.0, 959.0763
3714.193335533142, 0.0, 0.0, 968.8557
3716.1934328079224, 0.0, 0.0, 978.5
3718.193534374237, 0.0, 0.0, 988.3496
3720.1936345100403, 0.0, 0.0, 998.0776
3722.1937158107758, 0.0, 0.0, 1007.574
3724.193816423416, 0.0, 0.0, 1016.941
3726.1939165592194, 0.0, 0.0, 1026.472
3728.1940150260925, 0.0, 0.0, 1035.898
3730.194118976593, 0.0, 0.0, 1045.017
3732.1942126750946, 0.0, 0.0, 1054.413
3734.1943142414093, 0.0, 0.0, 1063.887
3736.1944127082825, 0.0, 0.0, 1073.206
3738.1945099830627, 0.0, 0.0, 1082.545
3740.194612264633, 0.0, 0.0, 1092.275
3742.194700241089, 0.0, 0.0, 1101.757
3744.194798707962, 0.0, 0.0, 1111.161
3746.1949303150177, 0.0, 0.0, 1120.457
3748.1950256824493, 0.0, 0.0, 1130.159
3750.1951253414154, 0.0, 0.0, 1139.171
3752.195256471634, 0.0, 0.0, 1148.078
3754.195344686508, 0.0, 0.0, 1156.636
3756.1954436302185, 0.0, 0.0, 1164.646
3758.195536136627, 0.0, 0.0, 1172.563
3760.1956288814545, 0.0, 0.0, 1181.111
3762.1957228183746, 0.0, 0.0, 1189.43
3764.195867061615, 0.0, 0.0, 1197.733
3766.1959788799286, 0.0, 0.0, 1206.139
3768.1960821151733, 0.0, 0.0, 1214.786
3770.1961743831635, 0.0, 0.0, 1223.317
3772.196319580078, 0.0, 0.0, 1231.628
3774.1964235305786, 0.0, 0.0, 1239.734
3776.1965243816376, 0.0, 0.0, 1247.794
3778.196630716324, 0.0, 0.0, 1256.445
3780.19678235054, 0.0, 0.0, 1264.889
3782.19691324234, 0.0, 0.0, 1273.146
3784.197009563446, 0.0, 0.0, 1281.056
3786.1971044540405, 0.0, 0.0, 1288.825
3788.197192430496, 0.0, 0.0, 1296.68
3790.19757771492, 0.0, 0.0, 1304.645
3792.19766330719, 0.0, 0.0, 1312.392
3794.1977965831757, 0.0, 0.0, 1319.805
3796.197896718979, 0.0, 0.0, 1327.777
3798.198007106781, 0.0, 0.0, 1335.919
3800.19810795784, 0.0, 0.0, 1343.698
3802.1981930732727, 0.0, 0.0, 1350.597
3804.1982910633087, 0.0, 0.0, 1358.134
3806.198404073715, 0.0, 0.0, 1365.57
3808.198541879654, 0.0, 0.0, 1372.895
3810.198633670807, 0.0, 0.0, 1380.105
3812.1987414360046, 0.0, 0.0, 1386.776
3814.1988265514374, 0.0, 0.0, 1393.537
3816.198907852173, 0.0, 0.0, 1400.519
3818.1990115642548, 0.0, 0.0, 1407.824
3820.199127435684, 0.0, 0.0, 1414.434
3822.199229955673, 0.0, 0.0, 1421.481
3824.199334859848, 0.0, 0.0, 1428.714
3826.199420928955, 0.0, 0.0, 1435.628
3828.199522972107, 0.0, 0.0, 1443.139
3830.199626684189, 0.0, 0.0, 1450.325
3832.1997117996216, 0.0, 0.0, 1457.207
3834.1998131275177, 0.0, 0.0, 1463.628
3836.1999564170837, 0.0, 0.0, 1470.117
3838.200051546097, 0.0, 0.0, 1476.099
3840.20015668869, 0.0, 0.0, 1482.114
3842.200259923935, 0.0, 0.0, 1488.065
3844.200395822525, 0.0, 0.0, 1494.169
3846.20055270195, 0.0, 0.0, 1500.283
3848.2006890773773, 0.0, 0.0, 1506.394
3850.2007830142975, 0.0, 0.0, 1512.379
3852.2008843421936, 0.0, 0.0, 1518.182
3854.2009851932526, 0.0, 0.0, 1524.219
3856.2010900974274, 0.0, 0.0, 1530.002
3858.201192378998, 0.0, 0.0, 1535.794
3860.201280117035, 0.0, 0.0, 1541.782
3862.201371192932, 0.0, 0.0, 1547.616
3864.201464176178, 0.0, 0.0, 1553.174
3866.201562166214, 0.0, 0.0, 1558.66
3868.2016546726227, 0.0, 0.0, 1564.807
3870.2017636299133, 0.0, 0.0, 1570.44
3872.20187664032, 0.0, 0.0, 1576.228
3874.20201420784, 0.0, 0.0, 1582.118
3876.2021024227142, 0.0, 0.0, 1587.523
3878.2021989822388, 0.0, 0.0, 1592.865
3880.2022988796234, 0.0, 0.0, 1597.922
3882.202428340912, 0.0, 0.0, 1603.296
3884.202509880066, 0.0, 0.0, 1608.769
3886.20264339447, 0.0, 0.0, 1614.259
3888.2027339935303, 0.0, 0.0, 1619.367
3890.2028455734253, 0.0, 0.0, 1624.268
3892.2029807567596, 0.0, 0.0, 1629.147
3894.203085422516, 0.0, 0.0, 1634.138
3896.2031741142273, 0.0, 0.0, 1639.345
3898.2032725811005, 0.0, 0.0, 1644.175
3900.2033774852753, 0.0, 0.0, 1648.949
3902.203511238098, 0.0, 0.0, 1654.524
3904.203608751297, 0.0, 0.0, 1660.071
3906.2036986351013, 0.0, 0.0, 1664.983
3908.20383477211, 0.0, 0.0, 1669.797
3910.203917503357, 0.0, 0.0, 1675.263
3912.2040071487427, 0.0, 0.0, 1680.47
3914.2040917873383, 0.0, 0.0, 1685.324
3916.2041761875153, 0.0, 0.0, 1690.197
3918.2042615413666, 0.0, 0.0, 1694.747
3920.2043476104736, 0.0, 0.0, 1700.013
3922.204432964325, 0.0, 0.0, 1705.073
3924.2045345306396, 0.0, 0.0, 1709.549
3926.20463514328, 0.0, 0.0, 1714.029
3928.2047781944275, 0.0, 0.0, 1718.216
3930.2049131393433, 0.0, 0.0, 1722.77
3932.2050046920776, 0.0, 0.0, 1726.921
3934.2051389217377, 0.0, 0.0, 1730.758
3936.205236673355, 0.0, 0.0, 1735.136
3938.2053377628326, 0.0, 0.0, 1739.201
3940.2054722309113, 0.0, 0.0, 1743.238
3942.205604314804, 0.0, 0.0, 1747.601
3944.2057044506073, 0.0, 0.0, 1751.935
3946.2057976722717, 0.0, 0.0, 1755.839
3948.205882549286, 0.0, 0.0, 1759.608
3950.205970287323, 0.0, 0.0, 1764.174
3952.2060544490814, 0.0, 0.0, 1768.296
3954.206157207489, 0.0, 0.0, 1771.854
3956.206239461899, 0.0, 0.0, 1776.375
3958.2063269615173, 0.0, 0.0, 1780.706
3960.2064139842987, 0.0, 0.0, 1784.964
3962.206495285034, 0.0, 0.0, 1788.708
3964.206597805023, 0.0, 0.0, 1792.621
3966.206700563431, 0.0, 0.0, 1796.483
3968.2068033218384, 0.0, 0.0, 1800.022
3970.2068848609924, 0.0, 0.0, 1803.276
3972.2069866657257, 0.0, 0.0, 1806.721
3974.2070910930634, 0.0, 0.0, 1810.543
3976.2071919441223, 0.0, 0.0, 1813.635
3978.2072932720184, 0.0, 0.0, 1816.844
3980.2073945999146, 0.0, 0.0, 1820.208
3982.2074961662292, 0.0, 0.0, 1823.387
3984.207593679428, 0.0, 0.0, 1826.275
3986.207675218582, 0.0, 0.0, 1829.289
3988.2077836990356, 0.0, 0.0, 1832.423
3990.2078716754913, 0.0, 0.0, 1835.661
3992.2079730033875, 0.0, 0.0, 1838.963
3994.2080743312836, 0.0, 0.0, 1842.073
3996.2081592082977, 0.0, 0.0, 1844.996
3998.2082431316376, 0.0, 0.0, 1848.092
4000.208328962326, 0.0, 0.0, 1850.974
4002.208431482315, 0.0, 0.0, 1854.053
4004.208511829376, 0.0, 0.0, 1857.258
4006.2086141109467, 0.0, 0.0, 1860.418
4008.2086951732635, 0.0, 0.0, 1863.465
4010.2088050842285, 0.0, 0.0, 1866.455
4012.2089087963104, 0.0, 0.0, 1869.54
4014.209047794342, 0.0, 0.0, 1872.812
4016.209146261215, 0.0, 0.0, 1876.205
4018.2092492580414, 0.0, 0.0, 1879.934
4020.20938205719, 0.0, 0.0, 1883.472
4022.209482908249, 0.0, 0.0, 1886.695
4024.209576845169, 0.0, 0.0, 1889.518
4026.209669113159, 0.0, 0.0, 1892.407
4028.2097754478455, 0.0, 0.0, 1894.876
4030.2098615169525, 0.0, 0.0, 1897.599
4032.209963083267, 0.0, 0.0, 1900.504
4034.2100689411163, 0.0, 0.0, 1903.231
4036.210165977478, 0.0, 0.0, 1906.195
4038.2102665901184, 0.0, 0.0, 1908.952
4040.210367679596, 0.0, 0.0, 1911.939
4042.2104523181915, 0.0, 0.0, 1914.963
4044.2105543613434, 0.0, 0.0, 1917.776
4046.2106368541718, 0.0, 0.0, 1920.665
4048.2107260227203, 0.0, 0.0, 1923.255
4050.2108635902405, 0.0, 0.0, 1925.627
4052.2109475135803, 0.0, 0.0, 1927.931
4054.2110497951508, 0.0, 0.0, 1930.262
4056.2111496925354, 0.0, 0.0, 1932.727
4058.211250782013, 0.0, 0.0, 1935.053
4060.211353302002, 0.0, 0.0, 1937.398
4062.2114539146423, 0.0, 0.0, 1939.934
4064.21155500412, 0.0, 0.0, 1942.522
4066.2116572856903, 0.0, 0.0, 1945.142
4068.2117416858673, 0.0, 0.0, 1947.934
4070.2118253707886, 0.0, 0.0, 1950.15
4072.211912870407, 0.0, 0.0, 1952.635
4074.212002515793, 0.0, 0.0, 1955.552
4076.2121031284332, 0.0, 0.0, 1958.35
4078.212203502655, 0.0, 0.0, 1961.106
4080.2123057842255, 0.0, 0.0, 1963.671
4082.2123901844025, 0.0, 0.0, 1965.914
4084.212489128113, 0.0, 0.0, 1968.06
4086.212592601776, 0.0, 0.0, 1970.435
4088.212677717209, 0.0, 0.0, 1972.343
4090.2128179073334, 0.0, 0.0, 1974.633
4092.2129538059235, 0.0, 0.0, 1977.205
4094.213097333908, 0.0, 0.0, 1979.007
4096.2132041454315, 0.0, 0.0, 1980.862
4098.213299274445, 0.0, 0.0, 1982.807
4100.213431596756, 0.0, 0.0, 1984.93
4102.21351647377, 0.0, 0.0, 1987.181
4104.213616847992, 0.0, 0.0, 1989.346
4106.213714361191, 0.0, 0.0, 1991.684
4108.213812112808, 0.0, 0.0, 1994.088
4110.213912248611, 0.0, 0.0, 1996.354
4112.214012145996, 0.0, 0.0, 1998.461
4114.214104890823, 0.0, 0.0, 2000.661
4116.214206695557, 0.0, 0.0, 2002.861
4118.2142922878265, 0.0, 0.0, 2004.929
4120.214376449585, 0.0, 0.0, 2006.99
4122.214460611343, 0.0, 0.0, 2009.201
4124.214562416077, 0.0, 0.0, 2011.251
4126.214666366577, 0.0, 0.0, 2013.042
4128.2147743701935, 0.0, 0.0, 2014.722
4130.2149085998535, 0.0, 0.0, 2016.562
4132.215040922165, 0.0, 0.0, 2018.659
4134.215175628662, 0.0, 0.0, 2020.89
4136.215270757675, 0.0, 0.0, 2022.992
4138.215409517288, 0.0, 0.0, 2024.758
4140.215546607971, 0.0, 0.0, 2026.456
4142.215687990189, 0.0, 0.0, 2028.168
4144.215826749802, 0.0, 0.0, 2030.366
4146.215913534164, 0.0, 0.0, 2032.415
4148.215995788574, 0.0, 0.0, 2034.757
4150.216093540192, 0.0, 0.0, 2036.495
4152.216175317764, 0.0, 0.0, 2038.45
4154.21626162529, 0.0, 0.0, 2040.41
4156.216373920441, 0.0, 0.0, 2041.944
4158.216462135315, 0.0, 0.0, 2043.3
4160.2165648937225, 0.0, 0.0, 2045.042
4162.216647148132, 0.0, 0.0, 2046.498
4164.216788291931, 0.0, 0.0, 2047.9
4166.216887712479, 0.0, 0.0, 2049.374
4168.216990709305, 0.0, 0.0, 2051.325
4170.217093229294, 0.0, 0.0, 2053.221
4172.217193603516, 0.0, 0.0, 2054.777
4174.2173001766205, 0.0, 0.0, 2056.233
4176.217400550842, 0.0, 0.0, 2057.548
4178.217498540878, 0.0, 0.0, 2059.484
4180.217599630356, 0.0, 0.0, 2061.224
4182.217682600021, 0.0, 0.0, 2063.096
4184.217783212662, 0.0, 0.0, 2064.75
4186.2178835868835, 0.0, 0.0, 2066.474
4188.217988014221, 0.0, 0.0, 2068.283
4190.218071460724, 0.0, 0.0, 2069.802
4192.218158960342, 0.0, 0.0, 2071.722
4194.21826839447, 0.0, 0.0, 2073.334
4196.218369245529, 0.0, 0.0, 2074.698
4198.218472957611, 0.0, 0.0, 2076.239
4200.218575716019, 0.0, 0.0, 2077.497
4202.2186822891235, 0.0, 0.0, 2079.154
4204.218791484833, 0.0, 0.0, 2080.657
4206.21889591217, 0.0, 0.0, 2082.282
4208.218977689743, 0.0, 0.0, 2083.67
4210.219080209732, 0.0, 0.0, 2085.325
4212.219182252884, 0.0, 0.0, 2086.812
4214.219268798828, 0.0, 0.0, 2088.085
4216.219352483749, 0.0, 0.0, 2089.704
4218.219455957413, 0.0, 0.0, 2090.856
4220.219557285309, 0.0, 0.0, 2092.076
4222.219660282135, 0.0, 0.0, 2093.375
4224.219769716263, 0.0, 0.0, 2094.738
4226.219871997833, 0.0, 0.0, 2096.023
4228.219973564148, 0.0, 0.0, 2098.333
4230.220074176788, 0.0, 0.0, 2099.699
4232.220174074173, 0.0, 0.0, 2101.21
4234.220256328583, 0.0, 0.0, 2102.516
4236.220359325409, 0.0, 0.0, 2103.474
4238.2204620838165, 0.0, 0.0, 2104.516
4240.220558166504, 0.0, 0.0, 2105.602
4242.22064948082, 0.0, 0.0, 2106.883
4244.220730781555, 0.0, 0.0, 2108.195
4246.220833778381, 0.0, 0.0, 2109.112
4248.220935344696, 0.0, 0.0, 2110.209
4250.221039533615, 0.0, 0.0, 2111.526
4252.221143722534, 0.0, 0.0, 2112.998
4254.221243619919, 0.0, 0.0, 2114.561
4256.221345663071, 0.0, 0.0, 2115.809
4258.221452474594, 0.0, 0.0, 2116.828
4260.221554994583, 0.0, 0.0, 2117.822
4262.221635580063, 0.0, 0.0, 2119.039
4264.221736907959, 0.0, 0.0, 2120.244
4266.221842288971, 0.0, 0.0, 2121.496
4268.221925020218, 0.0, 0.0, 2122.559
4270.222016334534, 0.0, 0.0, 2123.792
4272.222117185593, 0.0, 0.0, 2125.169
4274.222224235535, 0.0, 0.0, 2126.303
4276.222331285477, 0.0, 0.0, 2127.317
4278.22242808342, 0.0, 0.0, 2128.633
4280.222520828247, 0.0, 0.0, 2130.302
4282.222618818283, 0.0, 0.0, 2132.132
4284.222754478455, 0.0, 0.0, 2133.252
4286.222840309143, 0.0, 0.0, 2134.317
4288.222925662994, 0.0, 0.0, 2135.719
4290.223032236099, 0.0, 0.0, 2136.602
4292.2231340408325, 0.0, 0.0, 2137.455
4294.223270654678, 0.0, 0.0, 2138.38
4296.2233827114105, 0.0, 0.0, 2139.136
4298.223484754562, 0.0, 0.0, 2140.285
4300.22359085083, 0.0, 0.0, 2141.521
4302.223685741425, 0.0, 0.0, 2142.927
4304.223785638809, 0.0, 0.0, 2143.962
4306.223923444748, 0.0, 0.0, 2144.592
4308.224018335342, 0.0, 0.0, 2145.31
4310.224112987518, 0.0, 0.0, 2146.514
4312.224202156067, 0.0, 0.0, 2147.995
4314.224308729172, 0.0, 0.0, 2149.281
4316.224410772324, 0.0, 0.0, 2150.209
4318.224509000778, 0.0, 0.0, 2150.921
4320.22461104393, 0.0, 0.0, 2151.726
4322.224718332291, 0.0, 0.0, 2152.912
4324.224822759628, 0.0, 0.0, 2154.354
4326.2249166965485, 0.0, 0.0, 2155.56
4328.225022315979, 0.0, 0.0, 2156.57
4330.22511100769, 0.0, 0.0, 2157.52
4332.225258111954, 0.0, 0.0, 2158.125
4334.225347518921, 0.0, 0.0, 2158.808
4336.225435018539, 0.0, 0.0, 2160.203
4338.225519657135, 0.0, 0.0, 2161.32
4340.225609540939, 0.0, 0.0, 2162.502
4342.225698232651, 0.0, 0.0, 2163.943
4344.225800275803, 0.0, 0.0, 2164.97
4346.225900173187, 0.0, 0.0, 2166.001
4348.226001262665, 0.0, 0.0, 2167.022
4350.226105690002, 0.0, 0.0, 2168.047
4352.226207017899, 0.0, 0.0, 2169.122
4354.226299762726, 0.0, 0.0, 2169.891
4356.22643494606, 0.0, 0.0, 2170.831
4358.226540088654, 0.0, 0.0, 2171.811
4360.226644039154, 0.0, 0.0, 2172.809
4362.226744890213, 0.0, 0.0, 2173.894
4364.226847887039, 0.0, 0.0, 2175.202
4366.226950883865, 0.0, 0.0, 2176.394
4368.22705245018, 0.0, 0.0, 2177.521
4370.227155208588, 0.0, 0.0, 2178.319
4372.227249622345, 0.0, 0.0, 2179.387
4374.2273461818695, 0.0, 0.0, 2180.386
4376.2274441719055, 0.0, 0.0, 2181.312
4378.227546215057, 0.0, 0.0, 2182.209
4380.227648019791, 0.0, 0.0, 2183.153
4382.227806568146, 0.0, 0.0, 2184.226
4384.227907657623, 0.0, 0.0, 2184.901
4386.228016138077, 0.0, 0.0, 2185.546
4388.228118658066, 0.0, 0.0, 2186.44
4390.228219985962, 0.0, 0.0, 2187.345
4392.228321075439, 0.0, 0.0, 2188.379
4394.228405237198, 0.0, 0.0, 2189.523
4396.228483200073, 0.0, 0.0, 2190.477
4398.228569030762, 0.0, 0.0, 2191.26
4400.228652477264, 0.0, 0.0, 2192.058
4402.228734970093, 0.0, 0.0, 2193.099
4404.228817462921, 0.0, 0.0, 2193.97
4406.228901386261, 0.0, 0.0, 2194.661
4408.228986024857, 0.0, 0.0, 2195.608
4410.229074954987, 0.0, 0.0, 2196.651
4412.229196071625, 0.0, 0.0, 2197.636
4414.229281663895, 0.0, 0.0, 2198.357
4416.229384422302, 0.0, 0.0, 2199.174
4418.229485988617, 0.0, 0.0, 2199.97
4420.229568243027, 0.0, 0.0, 2200.82
4422.229655981064, 0.0, 0.0, 2201.72
4424.2297348976135, 0.0, 0.0, 2202.673
4426.22983622551, 0.0, 0.0, 2203.182
4428.229916572571, 0.0, 0.0, 2204.027
4430.230000495911, 0.0, 0.0, 2204.895
4432.230084657669, 0.0, 0.0, 2205.435
4434.230185747147, 0.0, 0.0, 2206.224
4436.230271100998, 0.0, 0.0, 2206.915
4438.230407238007, 0.0, 0.0, 2207.52
4440.230501651764, 0.0, 0.0, 2208.237
4442.230637788773, 0.0, 0.0, 2209.332
4444.230779647827, 0.0, 0.0, 2210.314
4446.23088145256, 0.0, 0.0, 2211.302
4448.230981349945, 0.0, 0.0, 2212.445
4450.231085062027, 0.0, 0.0, 2213.208
4452.2312269210815, 0.0, 0.0, 2213.926
4454.231324911118, 0.0, 0.0, 2214.707
4456.231426000595, 0.0, 0.0, 2215.377
4458.231528520584, 0.0, 0.0, 2216.015
4460.231613397598, 0.0, 0.0, 2216.945
4462.2317090034485, 0.0, 0.0, 2218.006
4464.231810092926, 0.0, 0.0, 2218.782
4466.231911420822, 0.0, 0.0, 2219.552
4468.23201417923, 0.0, 0.0, 2220.131
4470.232115030289, 0.0, 0.0, 2220.799
4472.2322154045105, 0.0, 0.0, 2221.701
4474.232314825058, 0.0, 0.0, 2222.535
4476.23241519928, 0.0, 0.0, 2223.266
4478.232516527176, 0.0, 0.0, 2223.96
4480.232616901398, 0.0, 0.0, 2224.672
4482.232714653015, 0.0, 0.0, 2225.306
4484.232857942581, 0.0, 0.0, 2226.217
4486.232989549637, 0.0, 0.0, 2226.821
4488.233092784882, 0.0, 0.0, 2227.67
4490.23322725296, 0.0, 0.0, 2228.639
4492.233313322067, 0.0, 0.0, 2229.301
4494.233412742615, 0.0, 0.0, 2230.089
4496.2334933280945, 0.0, 0.0, 2231.082
4498.233595371246, 0.0, 0.0, 2231.924
4500.233695745468, 0.0, 0.0, 2232.533
4502.233801841736, 0.0, 0.0, 2233.117
4504.233885765076, 0.0, 0.0, 2233.83
4506.233987569809, 0.0, 0.0, 2234.793
4508.234074115753, 0.0, 0.0, 2235.407
4510.23420882225, 0.0, 0.0, 2236.136
4512.234344959259, 0.0, 0.0, 2236.939
4514.23449754715, 0.0, 0.0, 2237.588
4516.23462843895, 0.0, 0.0, 2238.05
4518.23473906517, 0.0, 0.0, 2238.545
4520.234849691391, 0.0, 0.0, 2239.24
4522.234978437424, 0.0, 0.0, 2239.951
4524.23508310318, 0.0, 0.0, 2240.653
4526.235225915909, 0.0, 0.0, 2241.275
4528.2353274822235, 0.0, 0.0, 2242.01
4530.235417842865, 0.0, 0.0, 2242.755
4532.2355036735535, 0.0, 0.0, 2243.545
4534.235605716705, 0.0, 0.0, 2244.319
4536.235705137253, 0.0, 0.0, 2245.04
4538.235807657242, 0.0, 0.0, 2245.808
4540.235910654068, 0.0, 0.0, 2246.469
4542.23601102829, 0.0, 0.0, 2247.425
4544.23611330986, 0.0, 0.0, 2248.242
4546.236247777939, 0.0, 0.0, 2248.933
4548.236346483231, 0.0, 0.0, 2249.709
4550.236480712891, 0.0, 0.0, 2250.457
4552.236567258835, 0.0, 0.0, 2251.134
4554.236668586731, 0.0, 0.0, 2252.181
4556.236770868301, 0.0, 0.0, 2252.869
4558.236877202988, 0.0, 0.0, 2253.304
4560.237012863159, 0.0, 0.0, 2253.782
4562.23711848259, 0.0, 0.0, 2254.377
4564.237224340439, 0.0, 0.0, 2255.156
4566.237329006195, 0.0, 0.0, 2255.873
4568.237428426743, 0.0, 0.0, 2256.587
4570.237512111664, 0.0, 0.0, 2257.289
4572.237601518631, 0.0, 0.0, 2257.765
4574.237742900848, 0.0, 0.0, 2258.28
4576.23783159256, 0.0, 0.0, 2258.742
4578.2379331588745, 0.0, 0.0, 2259.27
4580.238022327423, 0.0, 0.0, 2259.921
4582.238157272339, 0.0, 0.0, 2260.557
4584.238253355026, 0.0, 0.0, 2261.069
4586.238359451294, 0.0, 0.0, 2261.694
4588.238498926163, 0.0, 0.0, 2262.155
4590.2386429309845, 0.0, 0.0, 2262.7
4592.238778591156, 0.0, 0.0, 2263.391
4594.238879442215, 0.0, 0.0, 2263.962
4596.238964319229, 0.0, 0.0, 2264.704
4598.239064693451, 0.0, 0.0, 2265.602
4600.239164590836, 0.0, 0.0, 2266.145
4602.23926615715, 0.0, 0.0, 2266.914
4604.239366531372, 0.0, 0.0, 2267.849
4606.239467859268, 0.0, 0.0, 2268.425
4608.239568471909, 0.0, 0.0, 2269.083
4610.239669084549, 0.0, 0.0, 2269.832
4612.239770889282, 0.0, 0.0, 2270.384
4614.239871501923, 0.0, 0.0, 2270.959
4616.239953994751, 0.0, 0.0, 2271.412
4618.240037679672, 0.0, 0.0, 2271.924
4620.240138292313, 0.0, 0.0, 2272.435
4622.240238904953, 0.0, 0.0, 2273.025
4624.240339040756, 0.0, 0.0, 2273.504
4626.240429401398, 0.0, 0.0, 2273.75
4628.240514755249, 0.0, 0.0, 2274.178
4630.240602970123, 0.0, 0.0, 2274.708
4632.240690946579, 0.0, 0.0, 2275.288
4634.240778207779, 0.0, 0.0, 2275.781
4636.240880012512, 0.0, 0.0, 2276.163
4638.240971088409, 0.0, 0.0, 2276.593
4640.241059303284, 0.0, 0.0, 2277.2
4642.241173505783, 0.0, 0.0, 2277.945
4644.241307973862, 0.0, 0.0, 2278.617
4646.241423606873, 0.0, 0.0, 2279.247
4648.241511821747, 0.0, 0.0, 2280.024
4650.241601467133, 0.0, 0.0, 2280.522
4652.241703033447, 0.0, 0.0, 2281.04
4654.241807937622, 0.0, 0.0, 2281.707
4656.241908073425, 0.0, 0.0, 2282.461
4658.242009162903, 0.0, 0.0, 2283.111
4660.242109298706, 0.0, 0.0, 2283.638
4662.242209672928, 0.0, 0.0, 2284.332
4664.242309808731, 0.0, 0.0, 2285.131
4666.24241065979, 0.0, 0.0, 2285.723
4668.242498159409, 0.0, 0.0, 2286.456
4670.24259853363, 0.0, 0.0, 2287.108
4672.242699623108, 0.0, 0.0, 2287.619
4674.242807388306, 0.0, 0.0, 2288.119
4676.242914915085, 0.0, 0.0, 2288.575
4678.2430119514465, 0.0, 0.0, 2289.041
4680.243115186691, 0.0, 0.0, 2289.622
4682.243215084076, 0.0, 0.0, 2290.321
4684.243360519409, 0.0, 0.0, 2290.91
4686.243446588516, 0.0, 0.0, 2291.442
4688.243548870087, 0.0, 0.0, 2291.988
4690.2436492443085, 0.0, 0.0, 2292.722
4692.24375128746, 0.0, 0.0, 2293.547
4694.243841171265, 0.0, 0.0, 2294.133
4696.243973731995, 0.0, 0.0, 2294.664
4698.24410200119, 0.0, 0.0, 2295.302
4700.244189500809, 0.0, 0.0, 2295.775
4702.244280576706, 0.0, 0.0, 2296.26
4704.244378089905, 0.0, 0.0, 2296.717
4706.244469404221, 0.0, 0.0, 2297.268
4708.244565248489, 0.0, 0.0, 2298.001
4710.244675397873, 0.0, 0.0, 2298.754
4712.244777202606, 0.0, 0.0, 2299.284
4714.244878292084, 0.0, 0.0, 2299.813
4716.245010137558, 0.0, 0.0, 2300.339
4718.245111465454, 0.0, 0.0, 2300.852
4720.245214223862, 0.0, 0.0, 2301.637
4722.245316505432, 0.0, 0.0, 2302.388
4724.245396852493, 0.0, 0.0, 2302.823
4726.245480775833, 0.0, 0.0, 2303.263
4728.245582580566, 0.0, 0.0, 2303.772
4730.2456822395325, 0.0, 0.0, 2304.243
4732.245781421661, 0.0, 0.0, 2304.774
4734.245884418488, 0.0, 0.0, 2305.343
4736.245984315872, 0.0, 0.0, 2306.007
4738.24608373642, 0.0, 0.0, 2306.555
4740.2461857795715, 0.0, 0.0, 2306.932
4742.246288061142, 0.0, 0.0, 2307.425
4744.246381282806, 0.0, 0.0, 2308.089
4746.246479272842, 0.0, 0.0, 2308.693
4748.24657869339, 0.0, 0.0, 2309.058
4750.246678829193, 0.0, 0.0, 2309.507
4752.246779918671, 0.0, 0.0, 2310.22
4754.246871948242, 0.0, 0.0, 2310.633
4756.24697303772, 0.0, 0.0, 2310.806
4758.2470734119415, 0.0, 0.0, 2311.099
4760.247174739838, 0.0, 0.0, 2311.749
4762.247274398804, 0.0, 0.0, 2312.385
4764.247375011444, 0.0, 0.0, 2312.932
4766.24747300148, 0.0, 0.0, 2313.439
4768.247591018677, 0.0, 0.0, 2314.105
4770.247691392899, 0.0, 0.0, 2314.863
4772.247792482376, 0.0, 0.0, 2315.52
4774.247884511948, 0.0, 0.0, 2316.042
4776.247987031937, 0.0, 0.0, 2316.714
4778.248072385788, 0.0, 0.0, 2317.554
4780.248177289963, 0.0, 0.0, 2318.242
4782.248315811157, 0.0, 0.0, 2318.73
4784.248420953751, 0.0, 0.0, 2319.444
4786.248523950577, 0.0, 0.0, 2320.201
4788.248625993729, 0.0, 0.0, 2320.618
4790.248726844788, 0.0, 0.0, 2321.082
4792.248832702637, 0.0, 0.0, 2321.577
4794.248933553696, 0.0, 0.0, 2321.912
4796.249034643173, 0.0, 0.0, 2322.451
4798.249135494232, 0.0, 0.0, 2322.928
4800.249268054962, 0.0, 0.0, 2323.558
4802.249349832535, 0.0, 0.0, 2324.061
4804.24943447113, 0.0, 0.0, 2324.23
4806.249571084976, 0.0, 0.0, 2324.419
4808.249663352966, 0.0, 0.0, 2324.819
4810.24976849556, 0.0, 0.0, 2325.286
4812.24990439415, 0.0, 0.0, 2325.806
4814.25000667572, 0.0, 0.0, 2326.245
4816.250093698502, 0.0, 0.0, 2326.646
4818.250234603882, 0.0, 0.0, 2327.288
4820.250368118286, 0.0, 0.0, 2327.768
4822.250496149063, 0.0, 0.0, 2328.305
4824.250628709793, 0.0, 0.0, 2328.897
4826.250728845596, 0.0, 0.0, 2329.39
4828.250833749771, 0.0, 0.0, 2330.115
4830.250934123993, 0.0, 0.0, 2330.826
4832.2510352134705, 0.0, 0.0, 2331.323
4834.25111246109, 0.0, 0.0, 2331.683
4836.2511947155, 0.0, 0.0, 2331.97
4838.25129532814, 0.0, 0.0, 2332.197
4840.251397371292, 0.0, 0.0, 2332.459
4842.2514979839325, 0.0, 0.0, 2332.825
4844.2515988349915, 0.0, 0.0, 2333.304
4846.251697301865, 0.0, 0.0, 2333.729
4848.251788377762, 0.0, 0.0, 2334.028
4850.251871585846, 0.0, 0.0, 2334.247
4852.251963853836, 0.0, 0.0, 2334.519
4854.252065896988, 0.0, 0.0, 2334.905
4856.252202987671, 0.0, 0.0, 2335.278
4858.252306222916, 0.0, 0.0, 2335.651
4860.252407312393, 0.0, 0.0, 2336.136
4862.252546310425, 0.0, 0.0, 2336.569
4864.252642393112, 0.0, 0.0, 2337.14
4866.252754449844, 0.0, 0.0, 2337.786
4868.252859354019, 0.0, 0.0, 2338.224
4870.252997875214, 0.0, 0.0, 2338.772
4872.25310087204, 0.0, 0.0, 2339.399
4874.253201961517, 0.0, 0.0, 2340.039
4876.25329709053, 0.0, 0.0, 2340.5
4878.253407716751, 0.0, 0.0, 2340.866
4880.2535083293915, 0.0, 0.0, 2341.317
4882.253637552261, 0.0, 0.0, 2341.828
4884.253741264343, 0.0, 0.0, 2342.232
4886.2538504600525, 0.0, 0.0, 2342.672
4888.25398516655, 0.0, 0.0, 2343.211
4890.254069566727, 0.0, 0.0, 2343.713
4892.2541534900665, 0.0, 0.0, 2344.182
4894.254286766052, 0.0, 0.0, 2344.581
4896.254421472549, 0.0, 0.0, 2345.052
4898.254555463791, 0.0, 0.0, 2345.397
4900.254658699036, 0.0, 0.0, 2345.887
4902.25476360321, 0.0, 0.0, 2346.344
4904.2548661231995, 0.0, 0.0, 2346.791
4906.255009174347, 0.0, 0.0, 2347.236
4908.255095005035, 0.0, 0.0, 2347.367
4910.255195617676, 0.0, 0.0, 2347.53
4912.255276441574, 0.0, 0.0, 2347.996
4914.255357265472, 0.0, 0.0, 2348.604
4916.255440711975, 0.0, 0.0, 2349.228
4918.255603551865, 0.0, 0.0, 2349.528
4920.2557373046875, 0.0, 0.0, 2349.911
4922.255827903748, 0.0, 0.0, 2350.302
4924.2559270858765, 0.0, 0.0, 2350.847
4926.25603222847, 0.0, 0.0, 2351.408
4928.256133794785, 0.0, 0.0, 2352.036
4930.2562346458435, 0.0, 0.0, 2352.396
4932.2563688755035, 0.0, 0.0, 2352.708
4934.256472110748, 0.0, 0.0, 2353.146
4936.256573677063, 0.0, 0.0, 2353.562
4938.256675243378, 0.0, 0.0, 2354.119
4940.256790399551, 0.0, 0.0, 2354.636
4942.256873130798, 0.0, 0.0, 2355.153
4944.256952762604, 0.0, 0.0, 2355.675
4946.257035493851, 0.0, 0.0, 2356.18
4948.257131814957, 0.0, 0.0, 2356.6
4950.257235527039, 0.0, 0.0, 2357.042
4952.257339954376, 0.0, 0.0, 2357.407
4954.257435321808, 0.0, 0.0, 2357.8
4956.2575652599335, 0.0, 0.0, 2358.18
4958.257671833038, 0.0, 0.0, 2358.554
4960.257768392563, 0.0, 0.0, 2358.964
4962.257903575897, 0.0, 0.0, 2359.201
4964.258012771606, 0.0, 0.0, 2359.575
4966.258145093918, 0.0, 0.0, 2360.117
4968.258229494095, 0.0, 0.0, 2360.665
4970.258330821991, 0.0, 0.0, 2361.135
4972.258429288864, 0.0, 0.0, 2361.571
4974.2585327625275, 0.0, 0.0, 2361.846
4976.2586352825165, 0.0, 0.0, 2362.201
4978.25873541832, 0.0, 0.0, 2362.685
4980.258839607239, 0.0, 0.0, 2363.11
4982.258939743042, 0.0, 0.0, 2363.48
4984.259042024612, 0.0, 0.0, 2363.892
4986.259157896042, 0.0, 0.0, 2364.221
4988.259258508682, 0.0, 0.0, 2364.632
4990.259392499924, 0.0, 0.0, 2364.915
4992.259482860565, 0.0, 0.0, 2365.23
4994.259597301483, 0.0, 0.0, 2365.541
4996.259701967239, 0.0, 0.0, 2365.995
4998.259846448898, 0.0, 0.0, 2366.409
5000.259945392609, 0.0, 0.0, 2366.822
5002.260036230087, 0.0, 0.0, 2367.092
5004.2601199150085, 0.0, 0.0, 2367.441
5006.260225772858, 0.0, 0.0, 2367.894
5008.260358333588, 0.0, 0.0, 2368.324
5010.260469675064, 0.0, 0.0, 2368.748
5012.260560035706, 0.0, 0.0, 2369.17
5014.260647535324, 0.0, 0.0, 2369.607
5016.260750055313, 0.0, 0.0, 2369.87
5018.260859012604, 0.0, 0.0, 2370.202
5020.260958194733, 0.0, 0.0, 2370.623
5022.261056661606, 0.0, 0.0, 2371.021
5024.261159420013, 0.0, 0.0, 2371.457
5026.261255741119, 0.0, 0.0, 2371.814
5028.261356592178, 0.0, 0.0, 2372.109
5030.261456727982, 0.0, 0.0, 2372.513
5032.26159787178, 0.0, 0.0, 2372.971
5034.261684894562, 0.0, 0.0, 2373.49
5036.261784553528, 0.0, 0.0, 2373.842
5038.261881351471, 0.0, 0.0, 2374.238
5040.261983394623, 0.0, 0.0, 2374.672
5042.262083292007, 0.0, 0.0, 2374.924
5044.262187957764, 0.0, 0.0, 2375.097
5046.2622747421265, 0.0, 0.0, 2375.317
5048.262376070023, 0.0, 0.0, 2375.571
5050.26248550415, 0.0, 0.0, 2375.923
5052.262588977814, 0.0, 0.0, 2376.304
5054.2626786231995, 0.0, 0.0, 2376.714
5056.262816429138, 0.0, 0.0, 2377.135
5058.262919664383, 0.0, 0.0, 2377.469
5060.263002157211, 0.0, 0.0, 2377.919
5062.2631006240845, 0.0, 0.0, 2378.417
5064.263207435608, 0.0, 0.0, 2378.877
5066.263337612152, 0.0, 0.0, 2379.221
5068.2634382247925, 0.0, 0.0, 2379.693
5070.263539552689, 0.0, 0.0, 2380.021
5072.263642549515, 0.0, 0.0, 2380.396
5074.263743400574, 0.0, 0.0, 2380.828
5076.263842344284, 0.0, 0.0, 2381.278
5078.263933897018, 0.0, 0.0, 2381.656
5080.26403427124, 0.0, 0.0, 2381.892
5082.264129161835, 0.0, 0.0, 2382.063
5084.264213323593, 0.0, 0.0, 2382.574
5086.264353990555, 0.0, 0.0, 2382.915
5088.264488697052, 0.0, 0.0, 2383.39
5090.264584541321, 0.0, 0.0, 2383.856
5092.264667749405, 0.0, 0.0, 2384.232
5094.264754533768, 0.0, 0.0, 2384.715
5096.264846563339, 0.0, 0.0, 2385.106
5098.264933109283, 0.0, 0.0, 2385.329
5100.265068769455, 0.0, 0.0, 2385.616
5102.265152931213, 0.0, 0.0, 2386.042
5104.265289545059, 0.0, 0.0, 2386.423
5106.265384674072, 0.0, 0.0, 2386.818
5108.265469789505, 0.0, 0.0, 2387.271
5110.265605926514, 0.0, 0.0, 2387.817
5112.265709400177, 0.0, 0.0, 2388.252
5114.265812635422, 0.0, 0.0, 2388.872
5116.265910148621, 0.0, 0.0, 2389.352
5118.266010761261, 0.0, 0.0, 2389.725
5120.266112565994, 0.0, 0.0, 2390.13
5122.266213417053, 0.0, 0.0, 2390.55
5124.266296386719, 0.0, 0.0, 2390.98
5126.266426563263, 0.0, 0.0, 2391.379
5128.266544342041, 0.0, 0.0, 2391.762
5130.266643047333, 0.0, 0.0, 2392.123
5132.266736745834, 0.0, 0.0, 2392.443
5134.266841650009, 0.0, 0.0, 2392.843
5136.266939401627, 0.0, 0.0, 2393.168
5138.267025470734, 0.0, 0.0, 2393.404
5140.267113447189, 0.0, 0.0, 2393.643
5142.267204523087, 0.0, 0.0, 2393.896
5144.26730465889, 0.0, 0.0, 2394.232
5146.26739859581, 0.0, 0.0, 2394.811
5148.26749253273, 0.0, 0.0, 2395.352
5150.267605066299, 0.0, 0.0, 2395.753
5152.267704486847, 0.0, 0.0, 2396.052
5154.267806053162, 0.0, 0.0, 2396.395
5156.267905473709, 0.0, 0.0, 2396.73
5158.268003940582, 0.0, 0.0, 2397.151
5160.268088102341, 0.0, 0.0, 2397.524
5162.268193244934, 0.0, 0.0, 2397.822
5164.268294334412, 0.0, 0.0, 2398.008
5166.268395185471, 0.0, 0.0, 2398.294
5168.2685306072235, 0.0, 0.0, 2398.585
5170.268634557724, 0.0, 0.0, 2398.71
5172.268734455109, 0.0, 0.0, 2398.881
5174.268841743469, 0.0, 0.0, 2399.097
5176.268940448761, 0.0, 0.0, 2399.351
5178.269040107727, 0.0, 0.0, 2399.572
5180.269139289856, 0.0, 0.0, 2399.846
5182.269237995148, 0.0, 0.0, 2400.091
5184.269336938858, 0.0, 0.0, 2400.343
5186.2694363594055, 0.0, 0.0, 2400.635
5188.269536018372, 0.0, 0.0, 2400.991
5190.269670724869, 0.0, 0.0, 2401.237
5192.269755125046, 0.0, 0.0, 2401.563
5194.26984500885, 0.0, 0.0, 2401.878
5196.269934892654, 0.0, 0.0, 2402.223
5198.270020723343, 0.0, 0.0, 2402.612
5200.2701597213745, 0.0, 0.0, 2402.868
5202.270291090012, 0.0, 0.0, 2403.114
5204.270384311676, 0.0, 0.0, 2403.485
5206.270487308502, 0.0, 0.0, 2403.884
5208.270582675934, 0.0, 0.0, 2404.379
5210.270675897598, 0.0, 0.0, 2404.767
5212.270811319351, 0.0, 0.0, 2405.107
5214.270903348923, 0.0, 0.0, 2405.462
5216.271018743515, 0.0, 0.0, 2405.84
5218.271158218384, 0.0, 0.0, 2406.251
5220.271261692047, 0.0, 0.0, 2406.578
5222.271364688873, 0.0, 0.0, 2406.882
5224.271464109421, 0.0, 0.0, 2407.243
5226.2715628147125, 0.0, 0.0, 2407.598
5228.271662712097, 0.0, 0.0, 2407.891
5230.271746397018, 0.0, 0.0, 2408.234
5232.271851539612, 0.0, 0.0, 2408.591
5234.271936416626, 0.0, 0.0, 2408.815
5236.2720246315, 0.0, 0.0, 2409.017
5238.27215886116, 0.0, 0.0, 2409.277
5240.272246599197, 0.0, 0.0, 2409.721
5242.272327423096, 0.0, 0.0, 2410.174
5244.272428274155, 0.0, 0.0, 2410.514
5246.27255487442, 0.0, 0.0, 2410.823
5248.272659540176, 0.0, 0.0, 2411.101
5250.272791862488, 0.0, 0.0, 2411.469
5252.272876024246, 0.0, 0.0, 2411.739
5254.27295589447, 0.0, 0.0, 2412.139
5256.273038387299, 0.0, 0.0, 2412.606
5258.273122310638, 0.0, 0.0, 2412.945
5260.2732055187225, 0.0, 0.0, 2413.245
5262.273287057877, 0.0, 0.0, 2413.61
5264.273372411728, 0.0, 0.0, 2413.938
5266.273469924927, 0.0, 0.0, 2414.276
5268.273571014404, 0.0, 0.0, 2414.593
5270.27366900444, 0.0, 0.0, 2414.786
5272.2737596035, 0.0, 0.0, 2415.143
5274.273854255676, 0.0, 0.0, 2415.543
5276.273960351944, 0.0, 0.0, 2415.984
5278.274095535278, 0.0, 0.0, 2416.339
5280.274196386337, 0.0, 0.0, 2416.737
5282.274333000183, 0.0, 0.0, 2417.061
5284.274432182312, 0.0, 0.0, 2417.26
5286.274567365646, 0.0, 0.0, 2417.579
5288.274666547775, 0.0, 0.0, 2417.91
5290.274772405624, 0.0, 0.0, 2418.362
5292.274875879288, 0.0, 0.0, 2418.931
5294.274956703186, 0.0, 0.0, 2419.337
5296.275056838989, 0.0, 0.0, 2419.486
5298.275158405304, 0.0, 0.0, 2419.549
5300.275257587433, 0.0, 0.0, 2419.765
5302.2753574848175, 0.0, 0.0, 2420.017
5304.275491476059, 0.0, 0.0, 2420.242
5306.275599479675, 0.0, 0.0, 2420.462
5308.275696754456, 0.0, 0.0, 2420.882
5310.275797843933, 0.0, 0.0, 2421.185
5312.275901556015, 0.0, 0.0, 2421.309
5314.276002168655, 0.0, 0.0, 2421.699
5316.276101350784, 0.0, 0.0, 2422.078
5318.276201963425, 0.0, 0.0, 2422.481
5320.276306390762, 0.0, 0.0, 2422.948
5322.276408910751, 0.0, 0.0, 2423.286
5324.276509046555, 0.0, 0.0, 2423.524
5326.276608705521, 0.0, 0.0, 2423.637
5328.276686668396, 0.0, 0.0, 2423.797
5330.2767696380615, 0.0, 0.0, 2424.008
5332.276856184006, 0.0, 0.0, 2424.214
5334.2769503593445, 0.0, 0.0, 2424.478
5336.277038574219, 0.0, 0.0, 2424.729
5338.277140617371, 0.0, 0.0, 2425.018
5340.277240514755, 0.0, 0.0, 2425.325
5342.277323961258, 0.0, 0.0, 2425.587
5344.27742433548, 0.0, 0.0, 2425.891
5346.277524471283, 0.0, 0.0, 2426.203
5348.277620077133, 0.0, 0.0, 2426.613
5350.277722358704, 0.0, 0.0, 2427.057
5352.277806520462, 0.0, 0.0, 2427.414
5354.277910232544, 0.0, 0.0, 2427.752
5356.278042554855, 0.0, 0.0, 2428.036
5358.278144598007, 0.0, 0.0, 2428.462
5360.278244018555, 0.0, 0.0, 2428.822
5362.27835392952, 0.0, 0.0, 2429.14
5364.278453826904, 0.0, 0.0, 2429.368
5366.278550624847, 0.0, 0.0, 2429.69
5368.278649806976, 0.0, 0.0, 2430.083
5370.278748035431, 0.0, 0.0, 2430.306
5372.278888702393, 0.0, 0.0, 2430.605
5374.278975725174, 0.0, 0.0, 2430.818
5376.279079675674, 0.0, 0.0, 2430.987
5378.279169082642, 0.0, 0.0, 2431.282
5380.279258728027, 0.0, 0.0, 2431.608
5382.279392004013, 0.0, 0.0, 2431.94
5384.279529094696, 0.0, 0.0, 2432.176
5386.27961397171, 0.0, 0.0, 2432.548
5388.279751300812, 0.0, 0.0, 2432.84
5390.279844284058, 0.0, 0.0, 2433.216
5392.279978513718, 0.0, 0.0, 2433.589
5394.2800760269165, 0.0, 0.0, 2433.863
5396.280156612396, 0.0, 0.0, 2434.152
5398.280256986618, 0.0, 0.0, 2434.524
5400.280358791351, 0.0, 0.0, 2434.994
5402.280447483063, 0.0, 0.0, 2435.251
5404.280553102493, 0.0, 0.0, 2435.457
5406.280640602112, 0.0, 0.0, 2435.664
5408.280736684799, 0.0, 0.0, 2435.876
5410.280883312225, 0.0, 0.0, 2436.122
5412.280973911285, 0.0, 0.0, 2436.31
5414.281121969223, 0.0, 0.0, 2436.503
5416.281220436096, 0.0, 0.0, 2436.799
5418.28130531311, 0.0, 0.0, 2437.159
5420.281405687332, 0.0, 0.0, 2437.352
5422.281507968903, 0.0, 0.0, 2437.51
5424.281602859497, 0.0, 0.0, 2437.617
5426.281707763672, 0.0, 0.0, 2437.798
5428.281798124313, 0.0, 0.0, 2438.024
5430.281934261322, 0.0, 0.0, 2438.335
5432.2820773124695, 0.0, 0.0, 2438.637
5434.282176971436, 0.0, 0.0, 2438.945
5436.2822806835175, 0.0, 0.0, 2439.233
5438.282382726669, 0.0, 0.0, 2439.512
5440.282486200333, 0.0, 0.0, 2439.761
5442.28259062767, 0.0, 0.0, 2440.11
5444.282727241516, 0.0, 0.0, 2440.375
5446.282828807831, 0.0, 0.0, 2440.596
5448.28292965889, 0.0, 0.0, 2440.819
5450.28301358223, 0.0, 0.0, 2441.067
5452.283103227615, 0.0, 0.0, 2441.279
5454.283205986023, 0.0, 0.0, 2441.593
5456.283309936523, 0.0, 0.0, 2441.835
5458.283413648605, 0.0, 0.0, 2442.061
5460.283517837524, 0.0, 0.0, 2442.288
5462.283618688583, 0.0, 0.0, 2442.649
5464.283705472946, 0.0, 0.0, 2442.971
5466.283806085587, 0.0, 0.0, 2443.15
5468.283912658691, 0.0, 0.0, 2443.489
5470.283992052078, 0.0, 0.0, 2443.74
5472.284080982208, 0.0, 0.0, 2443.979
5474.284163713455, 0.0, 0.0, 2444.144
5476.2842535972595, 0.0, 0.0, 2444.345
5478.284387111664, 0.0, 0.0, 2444.563
5480.284525871277, 0.0, 0.0, 2444.856
5482.284613609314, 0.0, 0.0, 2445.196
5484.284759759903, 0.0, 0.0, 2445.572
5486.284895181656, 0.0, 0.0, 2445.822
5488.284971475601, 0.0, 0.0, 2446.1
5490.285057544708, 0.0, 0.0, 2446.361
5492.285145044327, 0.0, 0.0, 2446.665
5494.285237312317, 0.0, 0.0, 2446.939
5496.285368204117, 0.0, 0.0, 2447.125
5498.28547334671, 0.0, 0.0, 2447.402
5500.2855587005615, 0.0, 0.0, 2447.527
5502.285662889481, 0.0, 0.0, 2447.603
5504.285796165466, 0.0, 0.0, 2447.752
5506.28587770462, 0.0, 0.0, 2447.935
5508.285980463028, 0.0, 0.0, 2448.142
5510.286074638367, 0.0, 0.0, 2448.417
5512.286176681519, 0.0, 0.0, 2448.71
5514.286265611649, 0.0, 0.0, 2449.009
5516.286371231079, 0.0, 0.0, 2449.301
5518.286461353302, 0.0, 0.0, 2449.594
5520.286550283432, 0.0, 0.0, 2449.806
5522.286683559418, 0.0, 0.0, 2450.02
5524.286781549454, 0.0, 0.0, 2450.211
5526.2868757247925, 0.0, 0.0, 2450.523
5528.286978960037, 0.0, 0.0, 2450.735
5530.287081956863, 0.0, 0.0, 2451.0
5532.287176370621, 0.0, 0.0, 2451.38
5534.287277698517, 0.0, 0.0, 2451.554
5536.287379980087, 0.0, 0.0, 2451.819
5538.287481784821, 0.0, 0.0, 2452.088
5540.2875735759735, 0.0, 0.0, 2452.342
5542.287613153458, 0.0, 0.0, 2452.606
5544.287717580795, 0.0, 0.0, 2452.786
5546.287819862366, 0.0, 0.0, 2453.03
5548.287919521332, 0.0, 0.0, 2453.414
5550.288022279739, 0.0, 0.0, 2453.817
5552.288124799728, 0.0, 0.0, 2454.11
5554.288227081299, 0.0, 0.0, 2454.354
5556.2883105278015, 0.0, 0.0, 2454.73
5558.288418292999, 0.0, 0.0, 2455.08
5560.2884957790375, 0.0, 0.0, 2455.46
5562.288595914841, 0.0, 0.0, 2455.685
5564.288697242737, 0.0, 0.0, 2455.927
5566.288781881332, 0.0, 0.0, 2456.122
5568.28887963295, 0.0, 0.0, 2456.506
5570.28897857666, 0.0, 0.0, 2456.809
5572.289078235626, 0.0, 0.0, 2456.984
5574.289178609848, 0.0, 0.0, 2457.205
5576.289258480072, 0.0, 0.0, 2457.483
5578.289336919785, 0.0, 0.0, 2457.664
5580.289439678192, 0.0, 0.0, 2457.822
5582.2895402908325, 0.0, 0.0, 2458.134
5584.289640903473, 0.0, 0.0, 2458.403
5586.289725780487, 0.0, 0.0, 2458.631
5588.289824485779, 0.0, 0.0, 2458.914
5590.289915323257, 0.0, 0.0, 2459.194
5592.2900195121765, 0.0, 0.0, 2459.356
5594.290120840073, 0.0, 0.0, 2459.42
5596.290234565735, 0.0, 0.0, 2459.691
5598.290335655212, 0.0, 0.0, 2459.926
5600.290419101715, 0.0, 0.0, 2460.292
5602.290523052216, 0.0, 0.0, 2460.607
5604.290603637695, 0.0, 0.0, 2460.985
5606.290689468384, 0.0, 0.0, 2461.225
5608.290772438049, 0.0, 0.0, 2461.484
5610.290858030319, 0.0, 0.0, 2461.719
5612.290939807892, 0.0, 0.0, 2461.949
5614.291020154953, 0.0, 0.0, 2462.157
5616.291102170944, 0.0, 0.0, 2462.474
5618.291186332703, 0.0, 0.0, 2462.675
5620.291288852692, 0.0, 0.0, 2462.795
5622.291389226913, 0.0, 0.0, 2463.026
5624.2914752960205, 0.0, 0.0, 2463.247
5626.291588783264, 0.0, 0.0, 2463.416
5628.291670084, 0.0, 0.0, 2463.574
5630.291771411896, 0.0, 0.0, 2463.742
5632.291870594025, 0.0, 0.0, 2463.841
5634.291970252991, 0.0, 0.0, 2463.909
5636.292051076889, 0.0, 0.0, 2464.162
5638.292137384415, 0.0, 0.0, 2464.398
5640.292240142822, 0.0, 0.0, 2464.758
5642.292330026627, 0.0, 0.0, 2465.108
5644.292417764664, 0.0, 0.0, 2465.419
5646.292520999908, 0.0, 0.0, 2465.792
5648.292604207993, 0.0, 0.0, 2466.05
5650.292692184448, 0.0, 0.0, 2466.226
5652.2927877902985, 0.0, 0.0, 2466.367
5654.292872667313, 0.0, 0.0, 2466.567
5656.292962312698, 0.0, 0.0, 2466.815
5658.293063879013, 0.0, 0.0, 2467.026
5660.293147087097, 0.0, 0.0, 2467.306
5662.29324889183, 0.0, 0.0, 2467.659
5664.293341636658, 0.0, 0.0, 2467.882
5666.293427467346, 0.0, 0.0, 2467.979
5668.2935090065, 0.0, 0.0, 2468.081
5670.293614864349, 0.0, 0.0, 2468.343
5672.2937116622925, 0.0, 0.0, 2468.538
5674.293790340424, 0.0, 0.0, 2468.772
5676.293926239014, 0.0, 0.0, 2469.067
5678.294007778168, 0.0, 0.0, 2469.368
5680.294088602066, 0.0, 0.0, 2469.627
5682.294189214706, 0.0, 0.0, 2469.998
5684.294289827347, 0.0, 0.0, 2470.282
5686.294370889664, 0.0, 0.0, 2470.586
5688.294456481934, 0.0, 0.0, 2470.813
5690.294545888901, 0.0, 0.0, 2471.009
5692.294636726379, 0.0, 0.0, 2471.152
5694.294772863388, 0.0, 0.0, 2471.272
5696.294872999191, 0.0, 0.0, 2471.361
5698.294976711273, 0.0, 0.0, 2471.445
5700.295113801956, 0.0, 0.0, 2471.528
5702.295215845108, 0.0, 0.0, 2471.674
5704.295303344727, 0.0, 0.0, 2471.924
5706.295391798019, 0.0, 0.0, 2472.255
5708.295480966568, 0.0, 0.0, 2472.553
5710.2955729961395, 0.0, 0.0, 2472.716
5712.295664072037, 0.0, 0.0, 2472.92
5714.295748233795, 0.0, 0.0, 2473.084
5716.295854091644, 0.0, 0.0, 2473.244
5718.29594039917, 0.0, 0.0, 2473.415
5720.296022415161, 0.0, 0.0, 2473.643
5722.296101808548, 0.0, 0.0, 2473.947
5724.296201944351, 0.0, 0.0, 2474.151
5726.296288967133, 0.0, 0.0, 2474.447
5728.29637336731, 0.0, 0.0, 2474.851
5730.296436071396, 0.0, 0.0, 2475.133
5732.296534776688, 0.0, 0.0, 2475.522
5734.296636343002, 0.0, 0.0, 2475.818
5736.296717166901, 0.0, 0.0, 2476.011
5738.296799898148, 0.0, 0.0, 2476.272
5740.296879053116, 0.0, 0.0, 2476.499
5742.29696559906, 0.0, 0.0, 2476.636
5744.29705619812, 0.0, 0.0, 2476.789
5746.297136306763, 0.0, 0.0, 2476.968
5748.297219276428, 0.0, 0.0, 2477.181
5750.297301292419, 0.0, 0.0, 2477.401
5752.297380924225, 0.0, 0.0, 2477.551
5754.297480344772, 0.0, 0.0, 2477.781
5756.297556877136, 0.0, 0.0, 2477.982
5758.297638893127, 0.0, 0.0, 2478.194
5760.2977175712585, 0.0, 0.0, 2478.52
5762.29779624939, 0.0, 0.0, 2478.684
5764.297877073288, 0.0, 0.0, 2478.78
5766.297956228256, 0.0, 0.0, 2478.873
5768.298032045364, 0.0, 0.0, 2478.986
5770.298115730286, 0.0, 0.0, 2479.167
5772.298192739487, 0.0, 0.0, 2479.358
5774.298279047012, 0.0, 0.0, 2479.548
5776.298362731934, 0.0, 0.0, 2479.746
5778.298444509506, 0.0, 0.0, 2479.919
5780.2985298633575, 0.0, 0.0, 2480.142
5782.298635005951, 0.0, 0.0, 2480.406
5784.298738241196, 0.0, 0.0, 2480.767
5786.298830986023, 0.0, 0.0, 2480.875
5788.298911809921, 0.0, 0.0, 2481.147
5790.299028873444, 0.0, 0.0, 2481.45
5792.299134254456, 0.0, 0.0, 2481.803
5794.299213647842, 0.0, 0.0, 2482.094
5796.299303770065, 0.0, 0.0, 2482.4
5798.299405574799, 0.0, 0.0, 2482.632
5800.29948925972, 0.0, 0.0, 2482.804
5802.299612045288, 0.0, 0.0, 2482.966
5804.299696445465, 0.0, 0.0, 2483.182
5806.299799203873, 0.0, 0.0, 2483.371
5808.299890041351, 0.0, 0.0, 2483.608
5810.299982309341, 0.0, 0.0, 2483.833
5812.300060033798, 0.0, 0.0, 2484.008
5814.300156831741, 0.0, 0.0, 2484.179
5816.300253629684, 0.0, 0.0, 2484.376
5818.300384521484, 0.0, 0.0, 2484.705
5820.300527334213, 0.0, 0.0, 2484.925
5822.300631284714, 0.0, 0.0, 2485.11
5824.300718545914, 0.0, 0.0, 2485.393
5826.300822973251, 0.0, 0.0, 2485.654
5828.300928115845, 0.0, 0.0, 2485.983
5830.30101108551, 0.0, 0.0, 2486.309
5832.301113128662, 0.0, 0.0, 2486.499
5834.301199674606, 0.0, 0.0, 2486.766
5836.301282644272, 0.0, 0.0, 2486.985
5838.301379203796, 0.0, 0.0, 2487.274
5840.301480293274, 0.0, 0.0, 2487.539
5842.301622867584, 0.0, 0.0, 2487.805
5844.301705598831, 0.0, 0.0, 2488.042
5846.301846027374, 0.0, 0.0, 2488.252
5848.30192399025, 0.0, 0.0, 2488.38
5850.302024841309, 0.0, 0.0, 2488.651
5852.302133560181, 0.0, 0.0, 2488.973
5854.302235364914, 0.0, 0.0, 2489.175
5856.30233836174, 0.0, 0.0, 2489.353
5858.302471399307, 0.0, 0.0, 2489.474
5860.302567720413, 0.0, 0.0, 2489.747
5862.302707910538, 0.0, 0.0, 2489.934
5864.302809476852, 0.0, 0.0, 2490.094
5866.302889347076, 0.0, 0.0, 2490.371
5868.303023338318, 0.0, 0.0, 2490.549
5870.3031640052795, 0.0, 0.0, 2490.829
5872.303259849548, 0.0, 0.0, 2491.073
5874.3033974170685, 0.0, 0.0, 2491.212
5876.303482532501, 0.0, 0.0, 2491.328
5878.303569316864, 0.0, 0.0, 2491.411
5880.30365562439, 0.0, 0.0, 2491.459
5882.303758382797, 0.0, 0.0, 2491.652
5884.30384016037, 0.0, 0.0, 2491.852
5886.303921461105, 0.0, 0.0, 2491.992
5888.304021120071, 0.0, 0.0, 2492.174
5890.304104566574, 0.0, 0.0, 2492.39
5892.304213523865, 0.0, 0.0, 2492.519
5894.304347038269, 0.0, 0.0, 2492.638
5896.304437875748, 0.0, 0.0, 2492.773
5898.304573774338, 0.0, 0.0, 2492.938
5900.304660081863, 0.0, 0.0, 2493.071
5902.304740190506, 0.0, 0.0, 2493.29
5904.304846525192, 0.0, 0.0, 2493.498
5906.304975509644, 0.0, 0.0, 2493.762
5908.305061578751, 0.0, 0.0, 2494.026
5910.305166244507, 0.0, 0.0, 2494.213
5912.305295944214, 0.0, 0.0, 2494.386
5914.3053941726685, 0.0, 0.0, 2494.565
5916.305475234985, 0.0, 0.0, 2494.674
5918.305574417114, 0.0, 0.0, 2494.772
5920.305649518967, 0.0, 0.0, 2494.914
5922.305748462677, 0.0, 0.0, 2495.074
5924.305854320526, 0.0, 0.0, 2495.3
5926.305952072144, 0.0, 0.0, 2495.528
5928.306049585342, 0.0, 0.0, 2495.836
5930.3061492443085, 0.0, 0.0, 2496.088
5932.306249856949, 0.0, 0.0, 2496.335
5934.306352138519, 0.0, 0.0, 2496.603
5936.306453227997, 0.0, 0.0, 2496.822
5938.306532621384, 0.0, 0.0, 2496.986
5940.306663274765, 0.0, 0.0, 2497.19
5942.306752204895, 0.0, 0.0, 2497.397
5944.306861162186, 0.0, 0.0, 2497.63
5946.306973695755, 0.0, 0.0, 2497.808
5948.307076215744, 0.0, 0.0, 2497.932
5950.30718588829, 0.0, 0.0, 2498.177
5952.307288169861, 0.0, 0.0, 2498.332
5954.307391643524, 0.0, 0.0, 2498.592
5956.307470798492, 0.0, 0.0, 2498.803
5958.307573318481, 0.0, 0.0, 2499.028
5960.307674884796, 0.0, 0.0, 2499.264
5962.307777881622, 0.0, 0.0, 2499.428
5964.307878255844, 0.0, 0.0, 2499.65
5966.307956933975, 0.0, 0.0, 2499.858
5968.308039665222, 0.0, 0.0, 2500.03
5970.308128118515, 0.0, 0.0, 2500.326
5972.308259963989, 0.0, 0.0, 2500.598
5974.308341503143, 0.0, 0.0, 2500.794
5976.308426856995, 0.0, 0.0, 2501.013
5978.308527946472, 0.0, 0.0, 2501.086
5980.308661937714, 0.0, 0.0, 2501.253
5982.308771371841, 0.0, 0.0, 2501.338
5984.3088574409485, 0.0, 0.0, 2501.527
5986.308965682983, 0.0, 0.0, 2501.623
5988.309072732925, 0.0, 0.0, 2501.705
5990.309199333191, 0.0, 0.0, 2501.805
5992.3092885017395, 0.0, 0.0, 2501.991
5994.30939245224, 0.0, 0.0, 2502.117
5996.3095235824585, 0.0, 0.0, 2502.229
5998.309615373611, 0.0, 0.0, 2502.329
6000.309711933136, 0.0, 0.0, 2502.478
6002.309827566147, 0.0, 0.0, 2502.615
6004.309911251068, 0.0, 0.0, 2502.813
6006.310008764267, 0.0, 0.0, 2502.902
6008.310128688812, 0.0, 0.0, 2503.132
6010.310209512711, 0.0, 0.0, 2503.335
6012.310315847397, 0.0, 0.0, 2503.568
6014.310429573059, 0.0, 0.0, 2503.716
6016.310528755188, 0.0, 0.0, 2503.954
6018.310635566711, 0.0, 0.0, 2504.117
6020.3107368946075, 0.0, 0.0, 2504.297
6022.310825109482, 0.0, 0.0, 2504.427
6024.310926437378, 0.0, 0.0, 2504.631
6026.311059713364, 0.0, 0.0, 2504.91
6028.311153411865, 0.0, 0.0, 2505.158
6030.3112461566925, 0.0, 0.0, 2505.377
6032.311351299286, 0.0, 0.0, 2505.53
6034.3114902973175, 0.0, 0.0, 2505.657
6036.3115911483765, 0.0, 0.0, 2505.784
6038.3116817474365, 0.0, 0.0, 2506.011
6040.311761140823, 0.0, 0.0, 2506.213
6042.311869859695, 0.0, 0.0, 2506.432
6044.311950206757, 0.0, 0.0, 2506.602
6046.312033414841, 0.0, 0.0, 2506.758
6048.312161922455, 0.0, 0.0, 2506.804
6050.312256813049, 0.0, 0.0, 2506.875
6052.3123433589935, 0.0, 0.0, 2507.086
6054.312478303909, 0.0, 0.0, 2507.296
6056.312579631805, 0.0, 0.0, 2507.47
6058.312681436539, 0.0, 0.0, 2507.651
6060.3127608299255, 0.0, 0.0, 2507.812
6062.312871694565, 0.0, 0.0, 2508.004
6064.312951803207, 0.0, 0.0, 2508.13
6066.3130848407745, 0.0, 0.0, 2508.26
6068.3132202625275, 0.0, 0.0, 2508.437
6070.313320398331, 0.0, 0.0, 2508.697
6072.3134133815765, 0.0, 0.0, 2508.918
6074.3135006427765, 0.0, 0.0, 2509.031
6076.313599348068, 0.0, 0.0, 2509.178
6078.313707113266, 0.0, 0.0, 2509.289
6080.3138110637665, 0.0, 0.0, 2509.434
6082.3138971328735, 0.0, 0.0, 2509.577
6084.314026594162, 0.0, 0.0, 2509.726
6086.314164161682, 0.0, 0.0, 2509.938
6088.314304113388, 0.0, 0.0, 2510.139
6090.314408063889, 0.0, 0.0, 2510.347
6092.31454205513, 0.0, 0.0, 2510.59
6094.314645051956, 0.0, 0.0, 2510.697
6096.314749002457, 0.0, 0.0, 2510.801
6098.314856052399, 0.0, 0.0, 2511.01
6100.314940929413, 0.0, 0.0, 2511.224
6102.3150424957275, 0.0, 0.0, 2511.457
6104.315144538879, 0.0, 0.0, 2511.711
6106.315246343613, 0.0, 0.0, 2511.815
6108.315376996994, 0.0, 0.0, 2512.019
6110.315511465073, 0.0, 0.0, 2512.121
6112.315616607666, 0.0, 0.0, 2512.285
6114.3157205581665, 0.0, 0.0, 2512.374
6116.315806865692, 0.0, 0.0, 2512.482
6118.315892934799, 0.0, 0.0, 2512.616
6120.315988302231, 0.0, 0.0, 2512.757
6122.316082239151, 0.0, 0.0, 2512.907
6124.316183567047, 0.0, 0.0, 2513.067
6126.316293716431, 0.0, 0.0, 2513.334
6128.316434144974, 0.0, 0.0, 2513.585
6130.316533565521, 0.0, 0.0, 2513.787
6132.316636562347, 0.0, 0.0, 2513.938
6134.316771507263, 0.0, 0.0, 2514.025
6136.316858768463, 0.0, 0.0, 2514.141
6138.316999435425, 0.0, 0.0, 2514.325
6140.317129850388, 0.0, 0.0, 2514.507
6142.317236423492, 0.0, 0.0, 2514.593
6144.317318439484, 0.0, 0.0, 2514.722
6146.317423820496, 0.0, 0.0, 2514.869
6148.317524671555, 0.0, 0.0, 2515.088
6150.317624807358, 0.0, 0.0, 2515.253
6152.317754030228, 0.0, 0.0, 2515.455
6154.317845106125, 0.0, 0.0, 2515.608
6156.317980527878, 0.0, 0.0, 2515.883
6158.318078279495, 0.0, 0.0, 2516.115
6160.3181800842285, 0.0, 0.0, 2516.311
6162.31826710701, 0.0, 0.0, 2516.451
6164.318370103836, 0.0, 0.0, 2516.603
6166.318465709686, 0.0, 0.0, 2516.807
6168.318598270416, 0.0, 0.0, 2516.935
6170.318701505661, 0.0, 0.0, 2517.093
6172.318789958954, 0.0, 0.0, 2517.266
6174.318890333176, 0.0, 0.0, 2517.412
6176.3189969062805, 0.0, 0.0, 2517.52
6178.319093942642, 0.0, 0.0, 2517.695
6180.319179773331, 0.0, 0.0, 2517.808
6182.319265365601, 0.0, 0.0, 2517.852
6184.319365262985, 0.0, 0.0, 2518.027
6186.319452285767, 0.0, 0.0, 2518.179
6188.319537639618, 0.0, 0.0, 2518.292
6190.319602251053, 0.0, 0.0, 2518.398
6192.319703102112, 0.0, 0.0, 2518.575
6194.319791316986, 0.0, 0.0, 2518.766
6196.319881439209, 0.0, 0.0, 2518.95
6198.319984436035, 0.0, 0.0, 2519.054
6200.320120811462, 0.0, 0.0, 2519.19
6202.320258140564, 0.0, 0.0, 2519.368
6204.32034778595, 0.0, 0.0, 2519.599
6206.320448875427, 0.0, 0.0, 2519.717
6208.320530176163, 0.0, 0.0, 2519.783
6210.320625782013, 0.0, 0.0, 2519.886
6212.320765972137, 0.0, 0.0, 2519.952
6214.320873975754, 0.0, 0.0, 2520.026
6216.320971488953, 0.0, 0.0, 2520.155
6218.321074962616, 0.0, 0.0, 2520.313
6220.321176528931, 0.0, 0.0, 2520.408
6222.321270704269, 0.0, 0.0, 2520.515
6224.321368694305, 0.0, 0.0, 2520.64
6226.321449041367, 0.0, 0.0, 2520.739
6228.3215391635895, 0.0, 0.0, 2520.864
6230.321670532227, 0.0, 0.0, 2521.005
6232.321785449982, 0.0, 0.0, 2521.169
6234.321927785873, 0.0, 0.0, 2521.375
6236.322060346603, 0.0, 0.0, 2521.512
6238.322162151337, 0.0, 0.0, 2521.61
6240.322243690491, 0.0, 0.0, 2521.825
6242.322328329086, 0.0, 0.0, 2522.104
6244.322424650192, 0.0, 0.0, 2522.336
6246.322511911392, 0.0, 0.0, 2522.508
6248.322611570358, 0.0, 0.0, 2522.643
6250.32271194458, 0.0, 0.0, 2522.738
6252.322830438614, 0.0, 0.0, 2522.866
6254.322948455811, 0.0, 0.0, 2522.927
6256.323053359985, 0.0, 0.0, 2523.011
6258.323141813278, 0.0, 0.0, 2523.117
6260.323242902756, 0.0, 0.0, 2523.227
6262.323326826096, 0.0, 0.0, 2523.413
6264.323413133621, 0.0, 0.0, 2523.544
6266.323551893234, 0.0, 0.0, 2523.655
6268.323641777039, 0.0, 0.0, 2523.787
6270.323744297028, 0.0, 0.0, 2523.88
6272.323833942413, 0.0, 0.0, 2524.043
6274.323939323425, 0.0, 0.0, 2524.13
6276.324035644531, 0.0, 0.0, 2524.33
6278.324168682098, 0.0, 0.0, 2524.525
6280.324248552322, 0.0, 0.0, 2524.631
6282.3243496418, 0.0, 0.0, 2524.782
6284.324433088303, 0.0, 0.0, 2524.86
6286.324533939362, 0.0, 0.0, 2524.946
6288.324634313583, 0.0, 0.0, 2525.177
6290.324715852737, 0.0, 0.0, 2525.324
6292.3247990608215, 0.0, 0.0, 2525.437
6294.324887037277, 0.0, 0.0, 2525.614
6296.324986934662, 0.0, 0.0, 2525.701
6298.325064659119, 0.0, 0.0, 2525.799
6300.325147628784, 0.0, 0.0, 2525.964
6302.325230836868, 0.0, 0.0, 2526.064
6304.3253355026245, 0.0, 0.0, 2526.177
6306.325468540192, 0.0, 0.0, 2526.348
6308.325604438782, 0.0, 0.0, 2526.489
6310.3256895542145, 0.0, 0.0, 2526.59
6312.325794458389, 0.0, 0.0, 2526.716
6314.325927734375, 0.0, 0.0, 2526.852
6316.326006650925, 0.0, 0.0, 2527.106
6318.326143026352, 0.0, 0.0, 2527.323
6320.326246023178, 0.0, 0.0, 2527.574
6322.326340436935, 0.0, 0.0, 2527.738
6324.326477766037, 0.0, 0.0, 2527.851
6326.3265788555145, 0.0, 0.0, 2527.999
6328.3267159461975, 0.0, 0.0, 2528.125
6330.326867103577, 0.0, 0.0, 2528.324
6332.3269674777985, 0.0, 0.0, 2528.487
6334.32705116272, 0.0, 0.0, 2528.637
6336.327152490616, 0.0, 0.0, 2528.731
6338.327259778976, 0.0, 0.0, 2528.86
6340.327392816544, 0.0, 0.0, 2528.994
6342.327494382858, 0.0, 0.0, 2529.139
6344.327626943588, 0.0, 0.0, 2529.206
6346.32776594162, 0.0, 0.0, 2529.266
6348.32789850235, 0.0, 0.0, 2529.355
6350.328031301498, 0.0, 0.0, 2529.499
6352.328133583069, 0.0, 0.0, 2529.61
6354.328266382217, 0.0, 0.0, 2529.755
6356.32835149765, 0.0, 0.0, 2529.932
6358.328485488892, 0.0, 0.0, 2530.176
6360.3286209106445, 0.0, 0.0, 2530.355
6362.328755617142, 0.0, 0.0, 2530.499
6364.328865289688, 0.0, 0.0, 2530.738
6366.328975200653, 0.0, 0.0, 2530.851
6368.329111814499, 0.0, 0.0, 2531.042
6370.329205036163, 0.0, 0.0, 2531.172
6372.329339981079, 0.0, 0.0, 2531.26
6374.329479932785, 0.0, 0.0, 2531.399
6376.329620599747, 0.0, 0.0, 2531.455
6378.329730987549, 0.0, 0.0, 2531.611
6380.329828977585, 0.0, 0.0, 2531.706
6382.3299350738525, 0.0, 0.0, 2531.796
6384.330022096634, 0.0, 0.0, 2531.989
6386.330121994019, 0.0, 0.0, 2532.16
6388.330216884613, 0.0, 0.0, 2532.216
6390.3303101062775, 0.0, 0.0, 2532.251
6392.3303916454315, 0.0, 0.0, 2532.332
6394.330491304398, 0.0, 0.0, 2532.441
6396.3306295871735, 0.0, 0.0, 2532.535
6398.330734729767, 0.0, 0.0, 2532.687
6400.330845355988, 0.0, 0.0, 2532.855
6402.3309462070465, 0.0, 0.0, 2533.066
6404.33104801178, 0.0, 0.0, 2533.151
6406.331131219864, 0.0, 0.0, 2533.219
6408.331233501434, 0.0, 0.0, 2533.395
6410.331326961517, 0.0, 0.0, 2533.563
6412.331463098526, 0.0, 0.0, 2533.688
6414.331565618515, 0.0, 0.0, 2533.861
6416.331667900085, 0.0, 0.0, 2534.09
6418.331759691238, 0.0, 0.0, 2534.309
6420.331868886948, 0.0, 0.0, 2534.475
6422.331958532333, 0.0, 0.0, 2534.607
6424.332041978836, 0.0, 0.0, 2534.718
6426.3321368694305, 0.0, 0.0, 2534.872
6428.332223892212, 0.0, 0.0, 2535.013
6430.332310199738, 0.0, 0.0, 2535.101
6432.3323969841, 0.0, 0.0, 2535.278
6434.332491636276, 0.0, 0.0, 2535.378
6436.332584142685, 0.0, 0.0, 2535.448
6438.332684993744, 0.0, 0.0, 2535.49
6440.332819700241, 0.0, 0.0, 2535.574
6442.332910776138, 0.0, 0.0, 2535.557
6444.3330183029175, 0.0, 0.0, 2535.676
6446.333118915558, 0.0, 0.0, 2535.784
6448.333211183548, 0.0, 0.0, 2535.863
6450.333297252655, 0.0, 0.0, 2535.958
6452.333429574966, 0.0, 0.0, 2536.123
6454.3335127830505, 0.0, 0.0, 2536.279
6456.333616018295, 0.0, 0.0, 2536.373
6458.33371758461, 0.0, 0.0, 2536.48
6460.333800077438, 0.0, 0.0, 2536.559
6462.3339014053345, 0.0, 0.0, 2536.651
6464.333987951279, 0.0, 0.0, 2536.819
6466.334123373032, 0.0, 0.0, 2536.957
6468.334209918976, 0.0, 0.0, 2537.054
6470.334314584732, 0.0, 0.0, 2537.206
6472.334398031235, 0.0, 0.0, 2537.28
6474.334503412247, 0.0, 0.0, 2537.409
6476.334597349167, 0.0, 0.0, 2537.636
6478.334676742554, 0.0, 0.0, 2537.806
6480.334767818451, 0.0, 0.0, 2538.003
6482.334870100021, 0.0, 0.0, 2538.162
6484.334979534149, 0.0, 0.0, 2538.273
6486.335082769394, 0.0, 0.0, 2538.427
6488.335184812546, 0.0, 0.0, 2538.522
6490.3353316783905, 0.0, 0.0, 2538.598
6492.3354234695435, 0.0, 0.0, 2538.681
6494.335873842239, 0.0, 0.0, 2538.821
6496.335963010788, 0.0, 0.0, 2539.008
6498.336098194122, 0.0, 0.0, 2539.199
6500.336231470108, 0.0, 0.0, 2539.346
6502.336317777634, 0.0, 0.0, 2539.507
6504.336411952972, 0.0, 0.0, 2539.625
6506.3365478515625, 0.0, 0.0, 2539.703
6508.33663725853, 0.0, 0.0, 2539.806
6510.336728334427, 0.0, 0.0, 2539.879
6512.33687210083, 0.0, 0.0, 2539.935
6514.337005138397, 0.0, 0.0, 2540.027
6516.337084054947, 0.0, 0.0, 2540.162
6518.337172031403, 0.0, 0.0, 2540.264
6520.337256193161, 0.0, 0.0, 2540.401
6522.337346315384, 0.0, 0.0, 2540.492
6524.33748292923, 0.0, 0.0, 2540.634
6526.337577819824, 0.0, 0.0, 2540.753
6528.33767414093, 0.0, 0.0, 2540.895
6530.337760686874, 0.0, 0.0, 2541.081
6532.337850809097, 0.0, 0.0, 2541.242
6534.337955713272, 0.0, 0.0, 2541.369
6536.338051319122, 0.0, 0.0, 2541.513
6538.3381633758545, 0.0, 0.0, 2541.694
6540.3382658958435, 0.0, 0.0, 2541.857
6542.338372468948, 0.0, 0.0, 2541.994
6544.33851146698, 0.0, 0.0, 2542.124
6546.338612794876, 0.0, 0.0, 2542.24
6548.338712453842, 0.0, 0.0, 2542.387
6550.338796854019, 0.0, 0.0, 2542.489
6552.338898658752, 0.0, 0.0, 2542.554
6554.3390073776245, 0.0, 0.0, 2542.631
6556.339110612869, 0.0, 0.0, 2542.737
6558.339207410812, 0.0, 0.0, 2542.793
6560.339289426804, 0.0, 0.0, 2542.887
6562.339425325394, 0.0, 0.0, 2542.97
6564.339528560638, 0.0, 0.0, 2543.111
6566.339660167694, 0.0, 0.0, 2543.304
6568.339742183685, 0.0, 0.0, 2543.453
6570.3398451805115, 0.0, 0.0, 2543.611
6572.339947462082, 0.0, 0.0, 2543.801
6574.340044260025, 0.0, 0.0, 2543.963
6576.340143203735, 0.0, 0.0, 2544.056
6578.340284347534, 0.0, 0.0, 2544.162
6580.3403878211975, 0.0, 0.0, 2544.321
6582.340487480164, 0.0, 0.0, 2544.471
6584.340621709824, 0.0, 0.0, 2544.565
6586.340710401535, 0.0, 0.0, 2544.638
6588.340844631195, 0.0, 0.0, 2544.759
6590.340960741043, 0.0, 0.0, 2544.877
6592.3410630226135, 0.0, 0.0, 2544.999
6594.341163396835, 0.0, 0.0, 2545.103
6596.3412618637085, 0.0, 0.0, 2545.194
6598.341364622116, 0.0, 0.0, 2545.326
6600.341454744339, 0.0, 0.0, 2545.459
6602.341537952423, 0.0, 0.0, 2545.527
6604.341625928879, 0.0, 0.0, 2545.646
6606.341725349426, 0.0, 0.0, 2545.829
6608.341869831085, 0.0, 0.0, 2546.006
6610.341950416565, 0.0, 0.0, 2546.089
6612.34205198288, 0.0, 0.0, 2546.11
6614.342152118683, 0.0, 0.0, 2546.275
6616.3422520160675, 0.0, 0.0, 2546.407
6618.342356681824, 0.0, 0.0, 2546.505
6620.342460155487, 0.0, 0.0, 2546.658
6622.3425385952, 0.0, 0.0, 2546.814
6624.342622041702, 0.0, 0.0, 2547.07
6626.342723369598, 0.0, 0.0, 2547.192
6628.342805624008, 0.0, 0.0, 2547.37
6630.3429408073425, 0.0, 0.0, 2547.441
6632.343041419983, 0.0, 0.0, 2547.576
6634.343140363693, 0.0, 0.0, 2547.652
6636.343240261078, 0.0, 0.0, 2547.771
6638.343340873718, 0.0, 0.0, 2547.877
6640.3434228897095, 0.0, 0.0, 2547.957
6642.3435299396515, 0.0, 0.0, 2548.051
6644.343612670898, 0.0, 0.0, 2548.199
6646.343696594238, 0.0, 0.0, 2548.33
6648.343833446503, 0.0, 0.0, 2548.394
6650.343916654587, 0.0, 0.0, 2548.499
6652.344017505646, 0.0, 0.0, 2548.536
6654.34411072731, 0.0, 0.0, 2548.58
6656.344245433807, 0.0, 0.0, 2548.666
6658.3443467617035, 0.0, 0.0, 2548.757
6660.34444975853, 0.0, 0.0, 2548.814
6662.34454035759, 0.0, 0.0, 2548.957
6664.344676017761, 0.0, 0.0, 2549.057
6666.344763755798, 0.0, 0.0, 2549.183
6668.344854354858, 0.0, 0.0, 2549.309
6670.344945907593, 0.0, 0.0, 2549.393
6672.345046758652, 0.0, 0.0, 2549.478
6674.3451471328735, 0.0, 0.0, 2549.584
6676.345236778259, 0.0, 0.0, 2549.64
6678.345335960388, 0.0, 0.0, 2549.726
6680.34547162056, 0.0, 0.0, 2549.826
6682.345606088638, 0.0, 0.0, 2549.861
6684.34569478035, 0.0, 0.0, 2549.968
6686.345781087875, 0.0, 0.0, 2550.03
6688.34587264061, 0.0, 0.0, 2550.126
6690.345959186554, 0.0, 0.0, 2550.195
6692.34604883194, 0.0, 0.0, 2550.26
6694.346127510071, 0.0, 0.0, 2550.429
6696.346214532852, 0.0, 0.0, 2550.56
6698.346296072006, 0.0, 0.0, 2550.693
6700.346403121948, 0.0, 0.0, 2550.823
6702.346508741379, 0.0, 0.0, 2550.952
6704.346607923508, 0.0, 0.0, 2551.091
6706.346710443497, 0.0, 0.0, 2551.24
6708.3468453884125, 0.0, 0.0, 2551.345
6710.346957683563, 0.0, 0.0, 2551.394
6712.347043275833, 0.0, 0.0, 2551.555
6714.347145557404, 0.0, 0.0, 2551.728
6716.347247123718, 0.0, 0.0, 2551.803
6718.3473472595215, 0.0, 0.0, 2551.893
6720.347447156906, 0.0, 0.0, 2552.002
6722.347548723221, 0.0, 0.0, 2552.093
6724.3476486206055, 0.0, 0.0, 2552.192
6726.347748756409, 0.0, 0.0, 2552.261
6728.347848176956, 0.0, 0.0, 2552.36
6730.347925662994, 0.0, 0.0, 2552.462
6732.34802532196, 0.0, 0.0, 2552.496
6734.348124027252, 0.0, 0.0, 2552.574
6736.348222255707, 0.0, 0.0, 2552.694
6738.348323583603, 0.0, 0.0, 2552.803
6740.348424434662, 0.0, 0.0, 2552.898
6742.348523855209, 0.0, 0.0, 2552.973
6744.348624706268, 0.0, 0.0, 2553.086
6746.34872508049, 0.0, 0.0, 2553.255
6748.348803281784, 0.0, 0.0, 2553.393
6750.34890794754, 0.0, 0.0, 2553.617
6752.349008560181, 0.0, 0.0, 2553.718
6754.349110126495, 0.0, 0.0, 2553.906
6756.349208116531, 0.0, 0.0, 2554.085
6758.349306106567, 0.0, 0.0, 2554.167
6760.349393606186, 0.0, 0.0, 2554.275
6762.349508047104, 0.0, 0.0, 2554.396
6764.349617242813, 0.0, 0.0, 2554.57
6766.349704742432, 0.0, 0.0, 2554.714
6768.349809169769, 0.0, 0.0, 2554.897
6770.3499121665955, 0.0, 0.0, 2555.004
6772.350002288818, 0.0, 0.0, 2555.112
6774.350102901459, 0.0, 0.0, 2555.256
6776.350206851959, 0.0, 0.0, 2555.34
6778.350303888321, 0.0, 0.0, 2555.432
6780.35040640831, 0.0, 0.0, 2555.525
6782.350506544113, 0.0, 0.0, 2555.625
6784.350591659546, 0.0, 0.0, 2555.717
6786.350693464279, 0.0, 0.0, 2555.768
6788.3507924079895, 0.0, 0.0, 2555.875
6790.350878000259, 0.0, 0.0, 2555.985
6792.350968837738, 0.0, 0.0, 2556.097
6794.351070404053, 0.0, 0.0, 2556.232
6796.351171016693, 0.0, 0.0, 2556.337
6798.351281642914, 0.0, 0.0, 2556.473
6800.351373434067, 0.0, 0.0, 2556.602
6802.3515021800995, 0.0, 0.0, 2556.728
6804.351605653763, 0.0, 0.0, 2556.828
6806.351709365845, 0.0, 0.0, 2556.944
6808.351797819138, 0.0, 0.0, 2557.022
6810.351940870285, 0.0, 0.0, 2557.128
6812.352074623108, 0.0, 0.0, 2557.227
6814.3522074222565, 0.0, 0.0, 2557.374
6816.3523597717285, 0.0, 0.0, 2557.45
6818.352449178696, 0.0, 0.0, 2557.575
6820.352535009384, 0.0, 0.0, 2557.769
6822.352622270584, 0.0, 0.0, 2557.905
6824.3527135849, 0.0, 0.0, 2557.973
6826.352852106094, 0.0, 0.0, 2558.129
6828.352935552597, 0.0, 0.0, 2558.322
6830.353029489517, 0.0, 0.0, 2558.443
6832.353114366531, 0.0, 0.0, 2558.466
6834.353218317032, 0.0, 0.0, 2558.499
6836.353352546692, 0.0, 0.0, 2558.573
6838.353438138962, 0.0, 0.0, 2558.659
6840.353526830673, 0.0, 0.0, 2558.769
6842.353615760803, 0.0, 0.0, 2558.872
6844.353752851486, 0.0, 0.0, 2559.098
6846.353847980499, 0.0, 0.0, 2559.205
6848.354150295258, 0.0, 0.0, 2559.297
6850.3542511463165, 0.0, 0.0, 2559.369
6852.354385375977, 0.0, 0.0, 2559.488
6854.354472398758, 0.0, 0.0, 2559.617
6856.354551792145, 0.0, 0.0, 2559.728
6858.354637145996, 0.0, 0.0, 2559.82
6860.354736328125, 0.0, 0.0, 2559.889
6862.354833364487, 0.0, 0.0, 2559.939
6864.3549284935, 0.0, 0.0, 2560.015
6866.355014562607, 0.0, 0.0, 2560.037
6868.355150461197, 0.0, 0.0, 2560.152
6870.355243444443, 0.0, 0.0, 2560.243
6872.355346441269, 0.0, 0.0, 2560.349
6874.355430841446, 0.0, 0.0, 2560.502
6876.355560064316, 0.0, 0.0, 2560.673
6878.355663776398, 0.0, 0.0, 2560.792
6880.355751514435, 0.0, 0.0, 2560.867
6882.35585808754, 0.0, 0.0, 2560.926
6884.355959177017, 0.0, 0.0, 2560.964
6886.356053352356, 0.0, 0.0, 2561.016
6888.35614490509, 0.0, 0.0, 2561.05
6890.356281757355, 0.0, 0.0, 2561.12
6892.356367349625, 0.0, 0.0, 2561.2
6894.356506109238, 0.0, 0.0, 2561.313
6896.356593132019, 0.0, 0.0, 2561.393
6898.356685638428, 0.0, 0.0, 2561.428
6900.356777429581, 0.0, 0.0, 2561.578
6902.3568704128265, 0.0, 0.0, 2561.678
6904.3569712638855, 0.0, 0.0, 2561.791
6906.357065439224, 0.0, 0.0, 2561.891
6908.357160806656, 0.0, 0.0, 2561.987
6910.357239723206, 0.0, 0.0, 2562.099
6912.357354879379, 0.0, 0.0, 2562.223
6914.357454538345, 0.0, 0.0, 2562.397
6916.35754275322, 0.0, 0.0, 2562.56
6918.357651948929, 0.0, 0.0, 2562.684
6920.357736110687, 0.0, 0.0, 2562.748
6922.3578197956085, 0.0, 0.0, 2562.907
6924.357924461365, 0.0, 0.0, 2562.967
6926.358025789261, 0.0, 0.0, 2563.04
6928.358105182648, 0.0, 0.0, 2563.178
6930.358240365982, 0.0, 0.0, 2563.304
6932.358345746994, 0.0, 0.0, 2563.431
6934.358447313309, 0.0, 0.0, 2563.497
6936.3585839271545, 0.0, 0.0, 2563.605
6938.3587193489075, 0.0, 0.0, 2563.716
6940.3588218688965, 0.0, 0.0, 2563.804
6942.3592166900635, 0.0, 0.0, 2563.914
6944.359318256378, 0.0, 0.0, 2563.918
6946.359396934509, 0.0, 0.0, 2563.952
6948.359498739243, 0.0, 0.0, 2564.059
6950.359600305557, 0.0, 0.0, 2564.19
6952.35973572731, 0.0, 0.0, 2564.287
6954.359816074371, 0.0, 0.0, 2564.384
6956.359894752502, 0.0, 0.0, 2564.49
6958.359980344772, 0.0, 0.0, 2564.552
6960.360080242157, 0.0, 0.0, 2564.633
6962.36021566391, 0.0, 0.0, 2564.693
6964.360295534134, 0.0, 0.0, 2564.82
6966.360402345657, 0.0, 0.0, 2564.923
6968.360520362854, 0.0, 0.0, 2565.011
6970.360622167587, 0.0, 0.0, 2565.176
6972.360761165619, 0.0, 0.0, 2565.282
6974.360861539841, 0.0, 0.0, 2565.42
6976.360963344574, 0.0, 0.0, 2565.502
6978.3610644340515, 0.0, 0.0, 2565.575
6980.361165761948, 0.0, 0.0, 2565.631
6982.361247062683, 0.0, 0.0, 2565.725
6984.361349582672, 0.0, 0.0, 2565.81
6986.361447095871, 0.0, 0.0, 2565.902
6988.361540794373, 0.0, 0.0, 2565.999
6990.3616416454315, 0.0, 0.0, 2566.102
6992.36172580719, 0.0, 0.0, 2566.199
6994.361826658249, 0.0, 0.0, 2566.296
6996.361936569214, 0.0, 0.0, 2566.397
6998.3620319366455, 0.0, 0.0, 2566.53
7000.362140417099, 0.0, 0.0, 2566.674
7002.362242698669, 0.0, 0.0, 2566.75
7004.36234498024, 0.0, 0.0, 2566.86
7006.362446546555, 0.0, 0.0, 2566.951
7008.362550973892, 0.0, 0.0, 2567.007
7010.362650871277, 0.0, 0.0, 2567.115
7012.362783908844, 0.0, 0.0, 2567.201
7014.362916707993, 0.0, 0.0, 2567.274
7016.36302447319, 0.0, 0.0, 2567.419
7018.363107204437, 0.0, 0.0, 2567.484
7020.363192081451, 0.0, 0.0, 2567.577
7022.363273859024, 0.0, 0.0, 2567.631
7024.3633761405945, 0.0, 0.0, 2567.711
7026.363459825516, 0.0, 0.0, 2567.811
7028.363557338715, 0.0, 0.0, 2567.873
7030.363658189774, 0.0, 0.0, 2567.956
7032.363793134689, 0.0, 0.0, 2568.033
7034.363897323608, 0.0, 0.0, 2568.109
7036.363979578018, 0.0, 0.0, 2568.218
7038.364086866379, 0.0, 0.0, 2568.298
7040.364173173904, 0.0, 0.0, 2568.352
7042.364254951477, 0.0, 0.0, 2568.391
7044.364341497421, 0.0, 0.0, 2568.498
7046.36444735527, 0.0, 0.0, 2568.57
7048.364547729492, 0.0, 0.0, 2568.673
7050.364652395248, 0.0, 0.0, 2568.809
7052.364754915237, 0.0, 0.0, 2568.865
7054.36483502388, 0.0, 0.0, 2568.942
7056.364973783493, 0.0, 0.0, 2569.011
7058.36511015892, 0.0, 0.0, 2569.122
7060.36519742012, 0.0, 0.0, 2569.287
7062.365285873413, 0.0, 0.0, 2569.358
7064.36537528038, 0.0, 0.0, 2569.451
7066.365464448929, 0.0, 0.0, 2569.569
7068.365567684174, 0.0, 0.0, 2569.722
7070.365672111511, 0.0, 0.0, 2569.844
7072.36575293541, 0.0, 0.0, 2569.892
7074.365859985352, 0.0, 0.0, 2570.002
7076.365970134735, 0.0, 0.0, 2570.12
7078.366061210632, 0.0, 0.0, 2570.178
7080.366194963455, 0.0, 0.0, 2570.22
7082.366299390793, 0.0, 0.0, 2570.311
7084.366381645203, 0.0, 0.0, 2570.386
7086.366465806961, 0.0, 0.0, 2570.49
7088.3665652275085, 0.0, 0.0, 2570.593
7090.366653680801, 0.0, 0.0, 2570.651
7092.366751432419, 0.0, 0.0, 2570.783
7094.3668513298035, 0.0, 0.0, 2570.895
7096.366930246353, 0.0, 0.0, 2571.033
7098.367045879364, 0.0, 0.0, 2571.141
7100.367124795914, 0.0, 0.0, 2571.235
7102.367227315903, 0.0, 0.0, 2571.301
7104.367327213287, 0.0, 0.0, 2571.349
7106.367406606674, 0.0, 0.0, 2571.427
7108.367484092712, 0.0, 0.0, 2571.529
7110.367607116699, 0.0, 0.0, 2571.597
7112.367736816406, 0.0, 0.0, 2571.716
7114.367825746536, 0.0, 0.0, 2571.814
7116.367966890335, 0.0, 0.0, 2571.907
7118.368075609207, 0.0, 0.0, 2572.009
7120.3681790828705, 0.0, 0.0, 2572.098
7122.368271827698, 0.0, 0.0, 2572.178
7124.368400096893, 0.0, 0.0, 2572.32
7126.368478536606, 0.0, 0.0, 2572.379
7128.368571281433, 0.0, 0.0, 2572.444
7130.36865735054, 0.0, 0.0, 2572.531
7132.368757724762, 0.0, 0.0, 2572.598
7134.368851661682, 0.0, 0.0, 2572.663
7136.368934631348, 0.0, 0.0, 2572.738
7138.369020223618, 0.0, 0.0, 2572.856
7140.369104623795, 0.0, 0.0, 2572.956
7142.36918759346, 0.0, 0.0, 2573.046
7144.369287490845, 0.0, 0.0, 2573.177
7146.369388103485, 0.0, 0.0, 2573.298
7148.369481801987, 0.0, 0.0, 2573.337
7150.369567632675, 0.0, 0.0, 2573.432
7152.369706630707, 0.0, 0.0, 2573.537
7154.369810581207, 0.0, 0.0, 2573.649
7156.3698971271515, 0.0, 0.0, 2573.789
7158.369988203049, 0.0, 0.0, 2573.867
7160.370076417923, 0.0, 0.0, 2573.929
7162.370156288147, 0.0, 0.0, 2574.019
7164.370241641998, 0.0, 0.0, 2574.103
7166.370343208313, 0.0, 0.0, 2574.158
7168.370444536209, 0.0, 0.0, 2574.263
7170.370541810989, 0.0, 0.0, 2574.351
7172.3706431388855, 0.0, 0.0, 2574.455
7174.37074637413, 0.0, 0.0, 2574.554
7176.370855808258, 0.0, 0.0, 2574.658
7178.37095284462, 0.0, 0.0, 2574.701
7180.371031999588, 0.0, 0.0, 2574.774
7182.371168613434, 0.0, 0.0, 2574.88
7184.371283531189, 0.0, 0.0, 2574.981
7186.371375083923, 0.0, 0.0, 2575.083
7188.371470689774, 0.0, 0.0, 2575.135
7190.371591567993, 0.0, 0.0, 2575.29
7192.371723651886, 0.0, 0.0, 2575.378
7194.371821165085, 0.0, 0.0, 2575.519
7196.37194275856, 0.0, 0.0, 2575.633
7198.372024059296, 0.0, 0.0, 2575.69
7200.372139453888, 0.0, 0.0, 2575.699
7202.37223815918, 0.0, 0.0, 2575.727
7204.372339963913, 0.0, 0.0, 2575.802
7206.372441768646, 0.0, 0.0, 2575.901
7208.372549533844, 0.0, 0.0, 2575.969
7210.3726506233215, 0.0, 0.0, 2576.073
7212.372752428055, 0.0, 0.0, 2576.168
7214.372854948044, 0.0, 0.0, 2576.17
7216.372932434082, 0.0, 0.0, 2576.246
7218.373011827469, 0.0, 0.0, 2576.301
7220.373108863831, 0.0, 0.0, 2576.421
7222.373209238052, 0.0, 0.0, 2576.544
7224.37330532074, 0.0, 0.0, 2576.613
7226.373448133469, 0.0, 0.0, 2576.672
7228.373553991318, 0.0, 0.0, 2576.779
7230.373697280884, 0.0, 0.0, 2576.875
7232.373826503754, 0.0, 0.0, 2576.987
7234.373968362808, 0.0, 0.0, 2577.103
7236.374053239822, 0.0, 0.0, 2577.208
7238.374144077301, 0.0, 0.0, 2577.272
7240.3742253780365, 0.0, 0.0, 2577.326
7242.374310255051, 0.0, 0.0, 2577.409
7244.374396324158, 0.0, 0.0, 2577.438
7246.3744950294495, 0.0, 0.0, 2577.561
7248.374591827393, 0.0, 0.0, 2577.692
7250.374696016312, 0.0, 0.0, 2577.788
7252.37477350235, 0.0, 0.0, 2577.842
7254.3748733997345, 0.0, 0.0, 2577.872
7256.374981164932, 0.0, 0.0, 2577.947
7258.375089645386, 0.0, 0.0, 2577.971
7260.375195026398, 0.0, 0.0, 2578.099
7262.37528014183, 0.0, 0.0, 2578.141
7264.375383615494, 0.0, 0.0, 2578.242
