#VRML V2.0 utf8
# META "generator" "CAD Exchanger 3.10.2 (cadexchanger.com)"
DEF __1 Transform {
  children [
    DEF Same_Sky_CPG-02-SMT-B Group {
      children [
        DEF Same_Sky_CPG-02-SMT-B_1 Shape {
          appearance DEF __4 Appearance {
            material DEF __5 Material {
              ambientIntensity 0.24331574142
              diffuseColor 0.792156875134 0.819607853889 0.933333337307
              shininess 0
            }
          }
          geometry DEF __6 IndexedFaceSet {
            solid FALSE
            coord Coordinate {
              point [
                0 0.0005 -0.001,
                1.22464679915e-19 0.0005 0.001,
                1.22464679915e-19 0 0.001,
                0 0 -0.001,
                0 0.001326896455 -0.00075,
                9.18485099361e-20 0.001326896455 0.00075,
                9.18485099361e-20 0.0005 0.00075,
                0 0.0005 -0.00075,
                0 0.001426896455 -0.00076,
                9.30731567352e-20 0.001426896455 0.00076,
                9.30731567352e-20 0.001326896455 0.00076,
                0 0.001326896455 -0.00076,
                0 0.001546896455 -0.00075,
                9.18485099361e-20 0.001546896455 0.00075,
                -7.69137856932e-14 0.00589999999982 0.000750000000281,
                0 0.00589999999986 -0.000750000000281,
                -0.00045 0.00757 5.51091059616e-20,
                0.00045 0.00757 0,
                -0.00045 0.006 5.51091059616e-20,
                0.00045 0.006 0,
                2e-05 0.008 0,
                -2e-05 0.008 2.877919978e-20,
                0 0.00600000000022 0.000649999999688,
                0 0.00600000000022 -0.000649999999688,
                0.000173648177667 0.0005 -0.000984807753012,
                0.000342020143326 0.0005 -0.000939692620786,
                0.0005 0.0005 -0.000866025403784,
                0.000642787609687 0.0005 -0.000766044443119,
                0.000766044443119 0.0005 -0.000642787609687,
                0.000866025403784 0.0005 -0.0005,
                0.000939692620786 0.0005 -0.000342020143326,
                0.000984807753012 0.0005 -0.000173648177667,
                0.001 0.0005 -6.12323399574e-20,
                0.000984807753012 0.0005 0.000173648177667,
                0.000939692620786 0.0005 0.000342020143326,
                0.000866025403784 0.0005 0.0005,
                0.000766044443119 0.0005 0.000642787609687,
                0.000642787609687 0.0005 0.000766044443119,
                0.0005 0.0005 0.000866025403784,
                0.000342020143326 0.0005 0.000939692620786,
                0.000173648177667 0.0005 0.000984807753012,
                0.000173648177667 0 -0.000984807753012,
                0.000342020143326 0 -0.000939692620786,
                0.0005 0 -0.000866025403784,
                0.000642787609687 0 -0.000766044443119,
                0.000766044443119 0 -0.000642787609687,
                0.000866025403784 0 -0.0005,
                0.000939692620786 0 -0.000342020143326,
                0.000984807753012 0 -0.000173648177667,
                0.001 0 -6.12323399574e-20,
                0.000984807753012 0 0.000173648177667,
                0.000939692620786 0 0.000342020143326,
                0.000866025403784 0 0.0005,
                0.000766044443119 0 0.000642787609687,
                0.000642787609687 0 0.000766044443119,
                0.0005 0 0.000866025403784,
                0.000342020143326 0 0.000939692620786,
                0.000173648177667 0 0.000984807753012,
                0.00013023613325 0.001326896455 -0.000738605814759,
                0.000256515107494 0.001326896455 -0.000704769465589,
                0.000375 0.001326896455 -0.000649519052838,
                0.000482090707265 0.001326896455 -0.000574533332339,
                0.000574533332339 0.001326896455 -0.000482090707265,
                0.000649519052838 0.001326896455 -0.000375,
                0.000704769465589 0.001326896455 -0.000256515107494,
                0.000738605814759 0.001326896455 -0.00013023613325,
                0.00075 0.001326896455 -4.5924254968e-20,
                0.000738605814759 0.001326896455 0.00013023613325,
                0.000704769465589 0.001326896455 0.000256515107494,
                0.000649519052838 0.001326896455 0.000375,
                0.000574533332339 0.001326896455 0.000482090707265,
                0.000482090707265 0.001326896455 0.000574533332339,
                0.000375 0.001326896455 0.000649519052838,
                0.000256515107494 0.001326896455 0.000704769465589,
                0.00013023613325 0.001326896455 0.000738605814759,
                0.00013023613325 0.0005 -0.000738605814759,
                0.000256515107494 0.0005 -0.000704769465589,
                0.000375 0.0005 -0.000649519052838,
                0.000482090707265 0.0005 -0.000574533332339,
                0.000574533332339 0.0005 -0.000482090707265,
                0.000649519052838 0.0005 -0.000375,
                0.000704769465589 0.0005 -0.000256515107494,
                0.000738605814759 0.0005 -0.00013023613325,
                0.00075 0.0005 -4.5924254968e-20,
                0.000738605814759 0.0005 0.00013023613325,
                0.000704769465589 0.0005 0.000256515107494,
                0.000649519052838 0.0005 0.000375,
                0.000574533332339 0.0005 0.000482090707265,
                0.000482090707265 0.0005 0.000574533332339,
                0.000375 0.0005 0.000649519052838,
                0.000256515107494 0.0005 0.000704769465589,
                0.00013023613325 0.0005 0.000738605814759,
                0.000131972615027 0.001426896455 -0.000748453892289,
                0.000259935308928 0.001426896455 -0.000714166391797,
                0.00038 0.001426896455 -0.000658179306876,
                0.000488518583362 0.001426896455 -0.00058219377677,
                0.00058219377677 0.001426896455 -0.000488518583362,
                0.000658179306876 0.001426896455 -0.00038,
                0.000714166391797 0.001426896455 -0.000259935308928,
                0.000748453892289 0.001426896455 -0.000131972615027,
                0.00076 0.001426896455 -4.65365783676e-20,
                0.000748453892289 0.001426896455 0.000131972615027,
                0.000714166391797 0.001426896455 0.000259935308928,
                0.000658179306876 0.001426896455 0.00038,
                0.00058219377677 0.001426896455 0.000488518583362,
                0.000488518583362 0.001426896455 0.00058219377677,
                0.00038 0.001426896455 0.000658179306876,
                0.000259935308928 0.001426896455 0.000714166391797,
                0.000131972615027 0.001426896455 0.000748453892289,
                0.000131972615027 0.001326896455 -0.000748453892289,
                0.000259935308928 0.001326896455 -0.000714166391797,
                0.00038 0.001326896455 -0.000658179306876,
                0.000488518583362 0.001326896455 -0.00058219377677,
                0.00058219377677 0.001326896455 -0.000488518583362,
                0.000658179306876 0.001326896455 -0.00038,
                0.000714166391797 0.001326896455 -0.000259935308928,
                0.000748453892289 0.001326896455 -0.000131972615027,
                0.00076 0.001326896455 -4.65365783676e-20,
                0.000748453892289 0.001326896455 0.000131972615027,
                0.000714166391797 0.001326896455 0.000259935308928,
                0.000658179306876 0.001326896455 0.00038,
                0.00058219377677 0.001326896455 0.000488518583362,
                0.000488518583362 0.001326896455 0.00058219377677,
                0.00038 0.001326896455 0.000658179306876,
                0.000259935308928 0.001326896455 0.000714166391797,
                0.000131972615027 0.001326896455 0.000748453892289,
                0.00013023613325 0.001546896455 -0.000738605814759,
                0.000256515107494 0.001546896455 -0.000704769465589,
                0.000375 0.001546896455 -0.000649519052838,
                0.000482090707265 0.001546896455 -0.000574533332339,
                0.000574533332339 0.001546896455 -0.000482090707265,
                0.000649519052838 0.001546896455 -0.000375,
                0.000704769465589 0.001546896455 -0.000256515107494,
                0.000738605814759 0.001546896455 -0.00013023613325,
                0.00075 0.001546896455 -4.5924254968e-20,
                0.000738605814759 0.001546896455 0.00013023613325,
                0.000704769465589 0.001546896455 0.000256515107494,
                0.000649519052838 0.001546896455 0.000375,
                0.000574533332339 0.001546896455 0.000482090707265,
                0.000482090707265 0.001546896455 0.000574533332339,
                0.000375 0.001546896455 0.000649519052838,
                0.000256515107494 0.001546896455 0.000704769465589,
                0.00013023613325 0.001546896455 0.000738605814759,
                0.0001234459427 0.00589999999982 0.000739770977933,
                0.00024352460196 0.00589999999982 0.000709362931652,
                0.000356960544899 0.00589999999982 0.000659605313765,
                0.000460659534699 0.00589999999982 0.00059185538238,
                0.000551792933242 0.00589999999982 0.000507961179014,
                0.000627874858981 0.00589999999982 0.000410211118841,
                0.000686829995315 0.00589999999982 0.000301271568685,
                0.000727050199806 0.00589999999982 0.000184114115491,
                0.000747438370125 0.00589999999982 6.19345091755e-05,
                0.000747438370131 0.00589999999982 -6.19345090988e-05,
                0.000727050199825 0.00589999999982 -0.000184114115416,
                0.000686829995345 0.00589999999982 -0.000301271568614,
                0.000627874859024 0.00589999999982 -0.000410211118776,
                0.000551792933294 0.00589999999982 -0.000507961178958,
                0.00046065953476 0.00589999999982 -0.000591855382333,
                0.000356960544967 0.00589999999982 -0.000659605313728,
                0.000243524602033 0.00589999999982 -0.000709362931627,
                0.000123445942776 0.00589999999982 -0.000739770977921,
                -0.000443163488855 0.00757 7.81416799501e-05,
                -0.000422861679354 0.00757 0.000153909064497,
                -0.000389711431703 0.00757 0.000225,
                -0.000344719999404 0.00757 0.000289254424359,
                -0.000289254424359 0.00757 0.000344719999404,
                -0.000225 0.00757 0.000389711431703,
                -0.000153909064497 0.00757 0.000422861679354,
                -7.81416799501e-05 0.00757 0.000443163488855,
                -5.51091059616e-20 0.00757 0.00045,
                7.81416799501e-05 0.00757 0.000443163488855,
                0.000153909064497 0.00757 0.000422861679354,
                0.000225 0.00757 0.000389711431703,
                0.000289254424359 0.00757 0.000344719999404,
                0.000344719999404 0.00757 0.000289254424359,
                0.000389711431703 0.00757 0.000225,
                0.000422861679354 0.00757 0.000153909064497,
                0.000443163488855 0.00757 7.81416799501e-05,
                0.000443163488855 0.006 7.81416799501e-05,
                0.000422861679354 0.006 0.000153909064497,
                0.000389711431703 0.006 0.000225,
                0.000344719999404 0.006 0.000289254424359,
                0.000289254424359 0.006 0.000344719999404,
                0.000225 0.006 0.000389711431703,
                0.000153909064497 0.006 0.000422861679354,
                7.81416799501e-05 0.006 0.000443163488855,
                -1.48550981218e-18 0.006 0.00045,
                -7.81416799501e-05 0.006 0.000443163488855,
                -0.000153909064497 0.006 0.000422861679354,
                -0.000225 0.006 0.000389711431703,
                -0.000289254424359 0.006 0.000344719999404,
                -0.000344719999404 0.006 0.000289254424359,
                -0.000389711431703 0.006 0.000225,
                -0.000422861679354 0.006 0.000153909064497,
                -0.000443163488855 0.006 7.81416799501e-05,
                1.96961550602e-05 0.008 3.47296355334e-06,
                1.87938524157e-05 0.008 6.84040286651e-06,
                1.73205080757e-05 0.008 1e-05,
                1.53208888624e-05 0.008 1.28557521937e-05,
                1.28557521937e-05 0.008 1.53208888624e-05,
                1e-05 0.008 1.73205080757e-05,
                6.84040286651e-06 0.008 1.87938524157e-05,
                3.47296355334e-06 0.008 1.96961550602e-05,
                4.15630810505e-19 0.008 2e-05,
                -3.47296355334e-06 0.008 1.96961550602e-05,
                -6.84040286651e-06 0.008 1.87938524157e-05,
                -1e-05 0.008 1.73205080757e-05,
                -1.28557521937e-05 0.008 1.53208888624e-05,
                -1.53208888624e-05 0.008 1.28557521937e-05,
                -1.73205080757e-05 0.008 1e-05,
                -1.87938524157e-05 0.008 6.84040286651e-06,
                -1.96961550602e-05 0.008 3.47296355334e-06,
                -8.72668199673e-05 0.00799470598646 1.06871031745e-20,
                -0.000152877307581 0.00797895430201 1.87220705392e-20,
                -0.000215215914888 0.0079531328054 2.63563481293e-20,
                -0.000272747658486 0.00791787730758 3.3401954694e-20,
                -0.00032405591591 0.00787405591591 3.96854040164e-20,
                -0.000367877307581 0.00782274765849 4.50519767208e-20,
                -0.000403132805401 0.00776521591489 4.93695299766e-20,
                -0.000428954302007 0.00770287730758 5.25317512933e-20,
                -0.000444705986456 0.00763726681997 5.44607762875e-20,
                9.46687163968e-05 0.0079934673338 0,
                0.00016706866163 0.00797406782694 0,
                0.000235 0.00794239092363 0,
                0.000296398672165 0.00789939911054 0,
                0.000349399110541 0.00784639867217 0,
                0.000392390923627 0.007785 0,
                0.000424067826938 0.00771706866163 0,
                0.000443467333795 0.0076446687164 0,
                -1.96961550602e-05 0.008 -3.47296355334e-06,
                -1.87938524157e-05 0.008 -6.84040286651e-06,
                -1.73205080757e-05 0.008 -1e-05,
                -1.53208888624e-05 0.008 -1.28557521937e-05,
                -1.28557521937e-05 0.008 -1.53208888624e-05,
                -1e-05 0.008 -1.73205080757e-05,
                -6.84040286651e-06 0.008 -1.87938524157e-05,
                -3.47296355334e-06 0.008 -1.96961550602e-05,
                4.10732223308e-19 0.008 -2e-05,
                3.47296355334e-06 0.008 -1.96961550602e-05,
                6.84040286651e-06 0.008 -1.87938524157e-05,
                1e-05 0.008 -1.73205080757e-05,
                1.28557521937e-05 0.008 -1.53208888624e-05,
                1.53208888624e-05 0.008 -1.28557521937e-05,
                1.73205080757e-05 0.008 -1e-05,
                1.87938524157e-05 0.008 -6.84040286651e-06,
                1.96961550602e-05 0.008 -3.47296355334e-06,
                0.000443163488855 0.00757 -7.81416799501e-05,
                0.000422861679354 0.00757 -0.000153909064497,
                0.000389711431703 0.00757 -0.000225,
                0.000344719999404 0.00757 -0.000289254424359,
                0.000289254424359 0.00757 -0.000344719999404,
                0.000225 0.00757 -0.000389711431703,
                0.000153909064497 0.00757 -0.000422861679354,
                7.81416799501e-05 0.00757 -0.000443163488855,
                1.10218211923e-19 0.00757 -0.00045,
                -7.81416799501e-05 0.00757 -0.000443163488855,
                -0.000153909064497 0.00757 -0.000422861679354,
                -0.000225 0.00757 -0.000389711431703,
                -0.000289254424359 0.00757 -0.000344719999404,
                -0.000344719999404 0.00757 -0.000289254424359,
                -0.000389711431703 0.00757 -0.000225,
                -0.000422861679354 0.00757 -0.000153909064497,
                -0.000443163488855 0.00757 -7.81416799501e-05,
                -0.000443163488855 0.006 -7.81416799501e-05,
                -0.000422861679354 0.006 -0.000153909064497,
                -0.000389711431703 0.006 -0.000225,
                -0.000344719999404 0.006 -0.000289254424359,
                -0.000289254424359 0.006 -0.000344719999404,
                -0.000225 0.006 -0.000389711431703,
                -0.000153909064497 0.006 -0.000422861679354,
                -7.81416799501e-05 0.006 -0.000443163488855,
                -1.5957280241e-18 0.006 -0.00045,
                7.81416799501e-05 0.006 -0.000443163488855,
                0.000153909064497 0.006 -0.000422861679354,
                0.000225 0.006 -0.000389711431703,
                0.000289254424359 0.006 -0.000344719999404,
                0.000344719999404 0.006 -0.000289254424359,
                0.000389711431703 0.006 -0.000225,
                0.000422861679354 0.006 -0.000153909064497,
                0.000443163488855 0.006 -7.81416799501e-05,
                -0.000130236133315 0.00589999999982 -0.000738605815128,
                -0.000256515107622 0.00589999999982 -0.000704769465941,
                -0.000375000000187 0.00589999999982 -0.000649519053162,
                -0.000482090707505 0.00589999999982 -0.000574533332626,
                -0.000574533332626 0.00589999999982 -0.000482090707505,
                -0.000649519053162 0.00589999999982 -0.000375000000187,
                -0.000704769465941 0.00589999999982 -0.000256515107622,
                -0.000738605815128 0.00589999999982 -0.000130236133315,
                -0.000750000000374 0.00589999999982 -1.37772764973e-19,
                -0.000738605815128 0.00589999999982 0.000130236133315,
                -0.000704769465941 0.00589999999982 0.000256515107622,
                -0.000649519053162 0.00589999999982 0.000375000000187,
                -0.000574533332626 0.00589999999982 0.000482090707505,
                -0.000482090707505 0.00589999999982 0.000574533332626,
                -0.000375000000187 0.00589999999982 0.000649519053162,
                -0.000256515107622 0.00589999999982 0.000704769465941,
                -0.000130236133315 0.00589999999982 0.000738605815128,
                -0.00013023613325 0.001546896455 0.000738605814759,
                -0.000256515107494 0.001546896455 0.000704769465589,
                -0.000375 0.001546896455 0.000649519052838,
                -0.000482090707265 0.001546896455 0.000574533332339,
                -0.000574533332339 0.001546896455 0.000482090707265,
                -0.000649519052838 0.001546896455 0.000375,
                -0.000704769465589 0.001546896455 0.000256515107494,
                -0.000738605814759 0.001546896455 0.00013023613325,
                -0.00075 0.001546896455 1.37772764904e-19,
                -0.000738605814759 0.001546896455 -0.00013023613325,
                -0.000704769465589 0.001546896455 -0.000256515107494,
                -0.000649519052838 0.001546896455 -0.000375,
                -0.000574533332339 0.001546896455 -0.000482090707265,
                -0.000482090707265 0.001546896455 -0.000574533332339,
                -0.000375 0.001546896455 -0.000649519052838,
                -0.000256515107494 0.001546896455 -0.000704769465589,
                -0.00013023613325 0.001546896455 -0.000738605814759,
                -0.000131972615027 0.001426896455 0.000748453892289,
                -0.000259935308928 0.001426896455 0.000714166391797,
                -0.00038 0.001426896455 0.000658179306876,
                -0.000488518583362 0.001426896455 0.00058219377677,
                -0.00058219377677 0.001426896455 0.000488518583362,
                -0.000658179306876 0.001426896455 0.00038,
                -0.000714166391797 0.001426896455 0.000259935308928,
                -0.000748453892289 0.001426896455 0.000131972615027,
                -0.00076 0.001426896455 1.39609735103e-19,
                -0.000748453892289 0.001426896455 -0.000131972615027,
                -0.000714166391797 0.001426896455 -0.000259935308928,
                -0.000658179306876 0.001426896455 -0.00038,
                -0.00058219377677 0.001426896455 -0.000488518583362,
                -0.000488518583362 0.001426896455 -0.00058219377677,
                -0.00038 0.001426896455 -0.000658179306876,
                -0.000259935308928 0.001426896455 -0.000714166391797,
                -0.000131972615027 0.001426896455 -0.000748453892289,
                -0.000131972615027 0.001326896455 0.000748453892289,
                -0.000259935308928 0.001326896455 0.000714166391797,
                -0.00038 0.001326896455 0.000658179306876,
                -0.000488518583362 0.001326896455 0.00058219377677,
                -0.00058219377677 0.001326896455 0.000488518583362,
                -0.000658179306876 0.001326896455 0.00038,
                -0.000714166391797 0.001326896455 0.000259935308928,
                -0.000748453892289 0.001326896455 0.000131972615027,
                -0.00076 0.001326896455 1.39609735103e-19,
                -0.000748453892289 0.001326896455 -0.000131972615027,
                -0.000714166391797 0.001326896455 -0.000259935308928,
                -0.000658179306876 0.001326896455 -0.00038,
                -0.00058219377677 0.001326896455 -0.000488518583362,
                -0.000488518583362 0.001326896455 -0.00058219377677,
                -0.00038 0.001326896455 -0.000658179306876,
                -0.000259935308928 0.001326896455 -0.000714166391797,
                -0.000131972615027 0.001326896455 -0.000748453892289,
                -0.00013023613325 0.001326896455 0.000738605814759,
                -0.000256515107494 0.001326896455 0.000704769465589,
                -0.000375 0.001326896455 0.000649519052838,
                -0.000482090707265 0.001326896455 0.000574533332339,
                -0.000574533332339 0.001326896455 0.000482090707265,
                -0.000649519052838 0.001326896455 0.000375,
                -0.000704769465589 0.001326896455 0.000256515107494,
                -0.000738605814759 0.001326896455 0.00013023613325,
                -0.00075 0.001326896455 1.37772764904e-19,
                -0.000738605814759 0.001326896455 -0.00013023613325,
                -0.000704769465589 0.001326896455 -0.000256515107494,
                -0.000649519052838 0.001326896455 -0.000375,
                -0.000574533332339 0.001326896455 -0.000482090707265,
                -0.000482090707265 0.001326896455 -0.000574533332339,
                -0.000375 0.001326896455 -0.000649519052838,
                -0.000256515107494 0.001326896455 -0.000704769465589,
                -0.00013023613325 0.001326896455 -0.000738605814759,
                -0.00013023613325 0.0005 0.000738605814759,
                -0.000256515107494 0.0005 0.000704769465589,
                -0.000375 0.0005 0.000649519052838,
                -0.000482090707265 0.0005 0.000574533332339,
                -0.000574533332339 0.0005 0.000482090707265,
                -0.000649519052838 0.0005 0.000375,
                -0.000704769465589 0.0005 0.000256515107494,
                -0.000738605814759 0.0005 0.00013023613325,
                -0.00075 0.0005 1.37772764904e-19,
                -0.000738605814759 0.0005 -0.00013023613325,
                -0.000704769465589 0.0005 -0.000256515107494,
                -0.000649519052838 0.0005 -0.000375,
                -0.000574533332339 0.0005 -0.000482090707265,
                -0.000482090707265 0.0005 -0.000574533332339,
                -0.000375 0.0005 -0.000649519052838,
                -0.000256515107494 0.0005 -0.000704769465589,
                -0.00013023613325 0.0005 -0.000738605814759,
                -0.000173648177667 0.0005 0.000984807753012,
                -0.000342020143326 0.0005 0.000939692620786,
                -0.0005 0.0005 0.000866025403784,
                -0.000642787609687 0.0005 0.000766044443119,
                -0.000766044443119 0.0005 0.000642787609687,
                -0.000866025403784 0.0005 0.0005,
                -0.000939692620786 0.0005 0.000342020143326,
                -0.000984807753012 0.0005 0.000173648177667,
                -0.001 0.0005 1.83697019872e-19,
                -0.000984807753012 0.0005 -0.000173648177667,
                -0.000939692620786 0.0005 -0.000342020143326,
                -0.000866025403784 0.0005 -0.0005,
                -0.000766044443119 0.0005 -0.000642787609687,
                -0.000642787609687 0.0005 -0.000766044443119,
                -0.0005 0.0005 -0.000866025403784,
                -0.000342020143326 0.0005 -0.000939692620786,
                -0.000173648177667 0.0005 -0.000984807753012,
                -0.000173648177667 0 0.000984807753012,
                -0.000342020143326 0 0.000939692620786,
                -0.0005 0 0.000866025403784,
                -0.000642787609687 0 0.000766044443119,
                -0.000766044443119 0 0.000642787609687,
                -0.000866025403784 0 0.0005,
                -0.000939692620786 0 0.000342020143326,
                -0.000984807753012 0 0.000173648177667,
                -0.001 0 1.83697019872e-19,
                -0.000984807753012 0 -0.000173648177667,
                -0.000939692620786 0 -0.000342020143326,
                -0.000866025403784 0 -0.0005,
                -0.000766044443119 0 -0.000642787609687,
                -0.000642787609687 0 -0.000766044443119,
                -0.0005 0 -0.000866025403784,
                -0.000342020143326 0 -0.000939692620786,
                -0.000173648177667 0 -0.000984807753012,
                -8.62831858409e-05 0.00600000000023 0.000644247787298,
                -0.000182 0.00600000000025 0.000623999999695,
                -0.00023275862069 0.00600000000025 0.000606896551426,
                -0.000284831460675 0.00600000000026 0.000584269662633,
                -0.000337537091989 0.00600000000026 0.000555489613969,
                -0.000390000000001 0.00600000000027 0.000519999999742,
                -0.000441147540985 0.00600000000028 0.000477377048943,
                -0.000489726027398 0.00600000000028 0.000427397260061,
                -0.000534341637012 0.00600000000029 0.000370106761381,
                -0.000573529411766 0.00600000000029 0.000305882352788,
                -0.000605849056605 0.00600000000029 0.000235471697995,
                -0.000630000000001 0.0060000000003 0.00015999999992,
                -0.000644941634243 0.0060000000003 8.09338520995e-05,
                -0.000650000000002 0.0060000000003 0,
                -0.000644941634243 0.0060000000003 -8.09338520995e-05,
                -0.000630000000001 0.0060000000003 -0.00015999999992,
                -0.000605849056605 0.00600000000029 -0.000235471697995,
                -0.000573529411766 0.00600000000029 -0.000305882352788,
                -0.000534341637012 0.00600000000029 -0.000370106761381,
                -0.000489726027398 0.00600000000028 -0.000427397260061,
                -0.000441147540985 0.00600000000028 -0.000477377048943,
                -0.000390000000001 0.00600000000027 -0.000519999999742,
                -0.000337537091989 0.00600000000026 -0.000555489613969,
                -0.000284831460675 0.00600000000026 -0.000584269662633,
                -0.00023275862069 0.00600000000025 -0.000606896551426,
                -0.000182 0.00600000000025 -0.000623999999695,
                -8.62831858409e-05 0.00600000000023 -0.000644247787298,
                8.62831858409e-05 0.00600000000023 -0.000644247787298,
                0.000182 0.00600000000025 -0.000623999999695,
                0.00023275862069 0.00600000000025 -0.000606896551426,
                0.000284831460675 0.00600000000026 -0.000584269662633,
                0.000337537091989 0.00600000000026 -0.000555489613969,
                0.000390000000001 0.00600000000027 -0.000519999999742,
                0.000441147540985 0.00600000000028 -0.000477377048943,
                0.000489726027398 0.00600000000028 -0.000427397260061,
                0.000534341637012 0.00600000000029 -0.000370106761381,
                0.000573529411766 0.00600000000029 -0.000305882352788,
                0.000605849056605 0.00600000000029 -0.000235471697995,
                0.000630000000001 0.0060000000003 -0.00015999999992,
                0.000644941634243 0.0060000000003 -8.09338520995e-05,
                0.000650000000002 0.0060000000003 0,
                0.000644941634243 0.0060000000003 8.09338520995e-05,
                0.000630000000001 0.0060000000003 0.00015999999992,
                0.000605849056605 0.00600000000029 0.000235471697995,
                0.000573529411766 0.00600000000029 0.000305882352788,
                0.000534341637012 0.00600000000029 0.000370106761381,
                0.000489726027398 0.00600000000028 0.000427397260061,
                0.000441147540985 0.00600000000028 0.000477377048943,
                0.000390000000001 0.00600000000027 0.000519999999742,
                0.000337537091989 0.00600000000026 0.000555489613969,
                0.000284831460675 0.00600000000026 0.000584269662633,
                0.00023275862069 0.00600000000025 0.000606896551426,
                0.000182 0.00600000000025 0.000623999999695,
                8.62831858409e-05 0.00600000000023 0.000644247787298,
                0 0.00590898544372 -0.000749595491081,
                0 0.00591819630523 -0.000748330537013,
                0 0.00592751582151 -0.000746139895953,
                0 0.00593680947101 -0.000742978830214,
                0 0.00594592945938 -0.000738828400772,
                0 0.00595472097542 -0.000733699551199,
                0 0.00596302981272 -0.000727635318825,
                0 0.0059707106782 -0.000720710678178,
                0 0.00597763531883 -0.000713029812688,
                0 0.00598369955119 -0.00070472097537,
                0 0.00598882840076 -0.000695929459312,
                0 0.00599297883019 -0.000686809470927,
                0 0.00599613989592 -0.000677515821406,
                0 0.00599833053697 -0.0006681963051,
                0 0.00599959549103 -0.000658985443571,
                -1.94452057529e-17 0.00599959549103 0.000658985443571,
                -1.60505914467e-16 0.00599833053697 0.0006681963051,
                -5.56678548227e-16 0.00599613989592 0.000677515821406,
                -1.35006189112e-15 0.00599297883019 0.000686809470927,
                -2.68515623619e-15 0.00598882840076 0.000695929459312,
                -4.7014846181e-15 0.00598369955119 0.00070472097537,
                -7.52566631189e-15 0.00597763531883 0.000713029812688,
                -1.12637631292e-14 0.00597071067819 0.000720710678178,
                -1.59947835025e-14 0.00596302981271 0.000727635318825,
                -2.17661324912e-14 0.0059547209754 0.000733699551199,
                -2.8591543603e-14 0.00594592945936 0.000738828400772,
                -3.64516710604e-14 0.00593680947099 0.000742978830214,
                -4.52971396465e-14 0.00592751582148 0.000746139895953,
                -5.50535286622e-14 0.00591819630519 0.000748330537013,
                -6.5627569416e-14 0.00590898544368 0.000749595491081,
                -0.000433249805098 0.00765388883847 8.61787443988e-05,
                -0.00040925050754 0.00773455387592 8.14049873061e-05,
                -0.000370277763053 0.0078088952002 7.36528264369e-05,
                -0.000317829272352 0.00787405591591 6.32201729862e-05,
                -0.000253920601522 0.00792753193329 5.05079479751e-05,
                -0.000181007724941 0.00796726819898 3.6004675082e-05,
                -0.000101892643567 0.00799173767057 2.02677069504e-05,
                -9.5980771516e-05 0.00799173767057 3.97565372889e-05,
                -8.63804122427e-05 0.00799173767057 5.77175461952e-05,
                -7.34605021696e-05 0.00799173767057 7.34605021696e-05,
                -5.77175461952e-05 0.00799173767057 8.63804122427e-05,
                -3.97565372889e-05 0.00799173767057 9.5980771516e-05,
                -2.02677069504e-05 0.00799173767057 0.000101892643567,
                4.06443465471e-19 0.00799173767057 0.000103888838467,
                2.02677069504e-05 0.00799173767057 0.000101892643567,
                3.97565372889e-05 0.00799173767057 9.5980771516e-05,
                5.77175461952e-05 0.00799173767057 8.63804122427e-05,
                7.34605021696e-05 0.00799173767057 7.34605021696e-05,
                8.63804122427e-05 0.00799173767057 5.77175461952e-05,
                9.5980771516e-05 0.00799173767057 3.97565372889e-05,
                0.000101892643567 0.00799173767057 2.02677069504e-05,
                0.000181007724941 0.00796726819898 3.6004675082e-05,
                0.000253920601522 0.00792753193329 5.05079479751e-05,
                0.000317829272352 0.00787405591591 6.32201729862e-05,
                0.000370277763053 0.0078088952002 7.36528264369e-05,
                0.00040925050754 0.00773455387592 8.14049873061e-05,
                0.000433249805098 0.00765388883847 8.61787443988e-05,
                0.000408112392582 0.00765388883847 0.00016904568798,
                0.000367291449691 0.00765388883847 0.000245416300574,
                0.000312355702368 0.00765388883847 0.000312355702368,
                0.000245416300574 0.00765388883847 0.000367291449691,
                0.00016904568798 0.00765388883847 0.000408112392582,
                8.61787443988e-05 0.00765388883847 0.000433249805098,
                8.08466319228e-20 0.00765388883847 0.000441737670573,
                -8.61787443988e-05 0.00765388883847 0.000433249805098,
                -0.00016904568798 0.00765388883847 0.000408112392582,
                -0.000245416300574 0.00765388883847 0.000367291449691,
                -0.000312355702368 0.00765388883847 0.000312355702368,
                -0.000367291449691 0.00765388883847 0.000245416300574,
                -0.000408112392582 0.00765388883847 0.00016904568798,
                0.000170505548605 0.00796726819898 7.06257106922e-05,
                0.000153450939658 0.00796726819898 0.000102532639848,
                0.000130499297155 0.00796726819898 0.000130499297155,
                0.000239187976529 0.00792753193329 9.90749038348e-05,
                0.000299388628099 0.00787405591591 0.000124010830179,
                0.000215263491736 0.00792753193329 0.000143834466702,
                0.000183066551677 0.00792753193329 0.000183066551677,
                0.000269442646766 0.00787405591591 0.000180035820714,
                0.000229142135624 0.00787405591591 0.000229142135624,
                0.000102532639848 0.00796726819898 0.000153450939658,
                7.06257106922e-05 0.00796726819898 0.000170505548605,
                3.6004675082e-05 0.00796726819898 0.000181007724941,
                3.82861372794e-19 0.00796726819898 0.000184553875917,
                0.000143834466702 0.00792753193329 0.000215263491736,
                9.90749038348e-05 0.00792753193329 0.000239187976529,
                0.000180035820714 0.00787405591591 0.000269442646766,
                0.000124010830179 0.00787405591591 0.000299388628099,
                5.05079479751e-05 0.00792753193329 0.000253920601522,
                3.44566132272e-19 0.00792753193329 0.000258895200198,
                6.32201729862e-05 0.00787405591591 0.000317829272352,
                2.93029408522e-19 0.00787405591591 0.00032405591591,
                0.000348794026036 0.0078088952002 0.000144475216059,
                0.000385505548605 0.00773455387592 0.000159681626602,
                0.000313906330205 0.0078088952002 0.00020974550415,
                0.000266955390144 0.0078088952002 0.000266955390144,
                0.000346945827632 0.00773455387592 0.000231821790539,
                0.000295053173072 0.00773455387592 0.000295053173072,
                0.00020974550415 0.0078088952002 0.000313906330205,
                0.000144475216059 0.0078088952002 0.000348794026036,
                0.000231821790539 0.00773455387592 0.000346945827632,
                0.000159681626602 0.00773455387592 0.000385505548605,
                7.36528264369e-05 0.0078088952002 0.000370277763053,
                2.30231728935e-19 0.0078088952002 0.00037753193329,
                8.14049873061e-05 0.00773455387592 0.00040925050754,
                1.5858637312e-19 0.00773455387592 0.00041726819898,
                -3.6004675082e-05 0.00796726819898 0.000181007724941,
                -7.06257106922e-05 0.00796726819898 0.000170505548605,
                -0.000102532639848 0.00796726819898 0.000153450939658,
                -0.000130499297155 0.00796726819898 0.000130499297155,
                -5.05079479751e-05 0.00792753193329 0.000253920601522,
                -9.90749038348e-05 0.00792753193329 0.000239187976529,
                -6.32201729862e-05 0.00787405591591 0.000317829272352,
                -0.000124010830179 0.00787405591591 0.000299388628099,
                -0.000143834466702 0.00792753193329 0.000215263491736,
                -0.000183066551677 0.00792753193329 0.000183066551677,
                -0.000180035820714 0.00787405591591 0.000269442646766,
                -0.000229142135624 0.00787405591591 0.000229142135624,
                -0.000153450939658 0.00796726819898 0.000102532639848,
                -0.000170505548605 0.00796726819898 7.06257106922e-05,
                -0.000215263491736 0.00792753193329 0.000143834466702,
                -0.000239187976529 0.00792753193329 9.90749038348e-05,
                -0.000269442646766 0.00787405591591 0.000180035820714,
                -0.000299388628099 0.00787405591591 0.000124010830179,
                -7.36528264369e-05 0.0078088952002 0.000370277763053,
                -0.000144475216059 0.0078088952002 0.000348794026036,
                -8.14049873061e-05 0.00773455387592 0.00040925050754,
                -0.000159681626602 0.00773455387592 0.000385505548605,
                -0.00020974550415 0.0078088952002 0.000313906330205,
                -0.000266955390144 0.0078088952002 0.000266955390144,
                -0.000231821790539 0.00773455387592 0.000346945827632,
                -0.000295053173072 0.00773455387592 0.000295053173072,
                -0.000313906330205 0.0078088952002 0.00020974550415,
                -0.000348794026036 0.0078088952002 0.000144475216059,
                -0.000346945827632 0.00773455387592 0.000231821790539,
                -0.000385505548605 0.00773455387592 0.000159681626602,
                0.000433249805098 0.00765388883847 -8.61787443988e-05,
                0.00040925050754 0.00773455387592 -8.14049873061e-05,
                0.000370277763053 0.0078088952002 -7.36528264369e-05,
                0.000317829272352 0.00787405591591 -6.32201729862e-05,
                0.000253920601522 0.00792753193329 -5.05079479751e-05,
                0.000181007724941 0.00796726819898 -3.6004675082e-05,
                0.000101892643567 0.00799173767057 -2.02677069504e-05,
                9.5980771516e-05 0.00799173767057 -3.97565372889e-05,
                8.63804122427e-05 0.00799173767057 -5.77175461952e-05,
                7.34605021696e-05 0.00799173767057 -7.34605021696e-05,
                5.77175461952e-05 0.00799173767057 -8.63804122427e-05,
                3.97565372889e-05 0.00799173767057 -9.5980771516e-05,
                2.02677069504e-05 0.00799173767057 -0.000101892643567,
                4.06443465471e-19 0.00799173767057 -0.000103888838467,
                -2.02677069504e-05 0.00799173767057 -0.000101892643567,
                -3.97565372889e-05 0.00799173767057 -9.5980771516e-05,
                -5.77175461952e-05 0.00799173767057 -8.63804122427e-05,
                -7.34605021696e-05 0.00799173767057 -7.34605021696e-05,
                -8.63804122427e-05 0.00799173767057 -5.77175461952e-05,
                -9.5980771516e-05 0.00799173767057 -3.97565372889e-05,
                -0.000101892643567 0.00799173767057 -2.02677069504e-05,
                -0.000181007724941 0.00796726819898 -3.6004675082e-05,
                -0.000253920601522 0.00792753193329 -5.05079479751e-05,
                -0.000317829272352 0.00787405591591 -6.32201729862e-05,
                -0.000370277763053 0.0078088952002 -7.36528264369e-05,
                -0.00040925050754 0.00773455387592 -8.14049873061e-05,
                -0.000433249805098 0.00765388883847 -8.61787443988e-05,
                -0.000408112392582 0.00765388883847 -0.00016904568798,
                -0.000367291449691 0.00765388883847 -0.000245416300574,
                -0.000312355702368 0.00765388883847 -0.000312355702368,
                -0.000245416300574 0.00765388883847 -0.000367291449691,
                -0.00016904568798 0.00765388883847 -0.000408112392582,
                -8.61787443988e-05 0.00765388883847 -0.000433249805098,
                8.08466319228e-20 0.00765388883847 -0.000441737670573,
                8.61787443988e-05 0.00765388883847 -0.000433249805098,
                0.00016904568798 0.00765388883847 -0.000408112392582,
                0.000245416300574 0.00765388883847 -0.000367291449691,
                0.000312355702368 0.00765388883847 -0.000312355702368,
                0.000367291449691 0.00765388883847 -0.000245416300574,
                0.000408112392582 0.00765388883847 -0.00016904568798,
                -0.000170505548605 0.00796726819898 -7.06257106922e-05,
                -0.000153450939658 0.00796726819898 -0.000102532639848,
                -0.000130499297155 0.00796726819898 -0.000130499297155,
                -0.000239187976529 0.00792753193329 -9.90749038348e-05,
                -0.000299388628099 0.00787405591591 -0.000124010830179,
                -0.000215263491736 0.00792753193329 -0.000143834466702,
                -0.000183066551677 0.00792753193329 -0.000183066551677,
                -0.000269442646766 0.00787405591591 -0.000180035820714,
                -0.000229142135624 0.00787405591591 -0.000229142135624,
                -0.000102532639848 0.00796726819898 -0.000153450939658,
                -7.06257106922e-05 0.00796726819898 -0.000170505548605,
                -3.6004675082e-05 0.00796726819898 -0.000181007724941,
                3.82861372794e-19 0.00796726819898 -0.000184553875917,
                -0.000143834466702 0.00792753193329 -0.000215263491736,
                -9.90749038348e-05 0.00792753193329 -0.000239187976529,
                -0.000180035820714 0.00787405591591 -0.000269442646766,
                -0.000124010830179 0.00787405591591 -0.000299388628099,
                -5.05079479751e-05 0.00792753193329 -0.000253920601522,
                3.44566132272e-19 0.00792753193329 -0.000258895200198,
                -6.32201729862e-05 0.00787405591591 -0.000317829272352,
                2.93029408522e-19 0.00787405591591 -0.00032405591591,
                -0.000348794026036 0.0078088952002 -0.000144475216059,
                -0.000385505548605 0.00773455387592 -0.000159681626602,
                -0.000313906330205 0.0078088952002 -0.00020974550415,
                -0.000266955390144 0.0078088952002 -0.000266955390144,
                -0.000346945827632 0.00773455387592 -0.000231821790539,
                -0.000295053173072 0.00773455387592 -0.000295053173072,
                -0.00020974550415 0.0078088952002 -0.000313906330205,
                -0.000144475216059 0.0078088952002 -0.000348794026036,
                -0.000231821790539 0.00773455387592 -0.000346945827632,
                -0.000159681626602 0.00773455387592 -0.000385505548605,
                -7.36528264369e-05 0.0078088952002 -0.000370277763053,
                2.30231728935e-19 0.0078088952002 -0.00037753193329,
                -8.14049873061e-05 0.00773455387592 -0.00040925050754,
                1.5858637312e-19 0.00773455387592 -0.00041726819898,
                3.6004675082e-05 0.00796726819898 -0.000181007724941,
                7.06257106922e-05 0.00796726819898 -0.000170505548605,
                0.000102532639848 0.00796726819898 -0.000153450939658,
                0.000130499297155 0.00796726819898 -0.000130499297155,
                5.05079479751e-05 0.00792753193329 -0.000253920601522,
                9.90749038348e-05 0.00792753193329 -0.000239187976529,
                6.32201729862e-05 0.00787405591591 -0.000317829272352,
                0.000124010830179 0.00787405591591 -0.000299388628099,
                0.000143834466702 0.00792753193329 -0.000215263491736,
                0.000183066551677 0.00792753193329 -0.000183066551677,
                0.000180035820714 0.00787405591591 -0.000269442646766,
                0.000229142135624 0.00787405591591 -0.000229142135624,
                0.000153450939658 0.00796726819898 -0.000102532639848,
                0.000170505548605 0.00796726819898 -7.06257106922e-05,
                0.000215263491736 0.00792753193329 -0.000143834466702,
                0.000239187976529 0.00792753193329 -9.90749038348e-05,
                0.000269442646766 0.00787405591591 -0.000180035820714,
                0.000299388628099 0.00787405591591 -0.000124010830179,
                7.36528264369e-05 0.0078088952002 -0.000370277763053,
                0.000144475216059 0.0078088952002 -0.000348794026036,
                8.14049873061e-05 0.00773455387592 -0.00040925050754,
                0.000159681626602 0.00773455387592 -0.000385505548605,
                0.00020974550415 0.0078088952002 -0.000313906330205,
                0.000266955390144 0.0078088952002 -0.000266955390144,
                0.000231821790539 0.00773455387592 -0.000346945827632,
                0.000295053173072 0.00773455387592 -0.000295053173072,
                0.000313906330205 0.0078088952002 -0.00020974550415,
                0.000348794026036 0.0078088952002 -0.000144475216059,
                0.000346945827632 0.00773455387592 -0.000231821790539,
                0.000385505548605 0.00773455387592 -0.000159681626602,
                0.000292805122462 0.0059983305371 0.000600625892236,
                0.000400917783096 0.0059983305371 0.000534557044108,
                0.000503435572409 0.0059983305371 0.000439361954083,
                0.0005895849752 0.0059983305371 0.000314445320106,
                0.000647636418935 0.0059983305371 0.000164479090553,
                0.000668196305269 0.0059983305371 6.85248210107e-14,
                0.000647636418968 0.0059983305371 -0.000164479090423,
                0.00058958497526 0.0059983305371 -0.000314445319992,
                0.000503435572488 0.0059983305371 -0.000439361953993,
                0.000400917783184 0.0059983305371 -0.000534557044043,
                0.00029280512255 0.0059983305371 -0.000600625892193,
                0.000187094965486 0.0059983305371 -0.000641468452868,
                0.000192306651884 0.0059929788303 -0.000659337092049,
                0.000197321873113 0.00598369955128 -0.000676532136317,
                0.000201798989895 0.00597071067826 -0.000691882251027,
                0.00020543587434 0.00595472097546 -0.000704351569151,
                0.000208034072456 0.00593680947102 -0.000713259677034,
                0.000209532550339 0.00591819630521 -0.000718397315591,
                0.000327920122922 0.00591819630521 -0.000672656662532,
                0.000448998322154 0.00591819630521 -0.000598664429643,
                0.0005638106785 0.00591819630521 -0.000492052955855,
                0.000660291650215 0.00591819630521 -0.000352155546812,
                0.000725304981917 0.00591819630521 -0.000184204439832,
                0.000748330536882 0.00591819630521 7.67427263267e-14,
                0.00072530498188 0.00591819630521 0.000184204439978,
                0.000660291650147 0.00591819630521 0.000352155546939,
                0.000563810678412 0.00591819630521 0.000492052955956,
                0.000448998322055 0.00591819630521 0.000598664429717,
                0.000327920122823 0.00591819630521 0.000672656662581,
                0.000209532550244 0.00591819630521 0.000718397315618,
                0.000208034072363 0.00593680947102 0.000713259677061,
                0.000205435874247 0.00595472097546 0.000704351569178,
                0.000201798989804 0.00597071067826 0.000691882251054,
                0.000197321873024 0.00598369955128 0.000676532136343,
                0.000192306651797 0.0059929788303 0.000659337092075,
                0.000187094965402 0.0059983305371 0.000641468452892,
                0.00032557499301 0.00593680947102 -0.000667846139539,
                0.00044578729812 0.00593680947102 -0.000594383064179,
                0.000559778570696 0.00593680947102 -0.000488534025336,
                0.000655569556049 0.00593680947102 -0.000349637096539,
                0.000720117943094 0.00593680947102 -0.000182887096613,
                0.00074297883016 0.00593680947102 7.61939058286e-14,
                0.000321508792105 0.00595472097546 -0.000659505214555,
                0.000440219730728 0.00595472097546 -0.000586959640944,
                0.000315817038761 0.00597071067826 -0.000647829823054,
                0.000432426406918 0.00597071067826 -0.000576568542508,
                0.000552787333102 0.00595472097546 -0.000482432581581,
                0.000647381956942 0.00595472097546 -0.000345270376989,
                0.000711124180383 0.00595472097546 -0.000180602966387,
                0.000733699551173 0.00595472097546 7.52423037213e-14,
                0.000543001195898 0.00597071067826 -0.00047389195273,
                0.000635921186633 0.00597071067826 -0.000339157966145,
                0.000698534964998 0.00597071067826 -0.000177405705331,
                0.000720710678157 0.00597071067826 7.39102735692e-14,
                0.000720117943057 0.00593680947102 0.000182887096758,
                0.000655569555981 0.00593680947102 0.000349637096666,
                0.000559778570608 0.00593680947102 0.000488534025437,
                0.000445787298023 0.00593680947102 0.000594383064252,
                0.000325574992911 0.00593680947102 0.000667846139587,
                0.000711124180347 0.00595472097546 0.000180602966531,
                0.000647381956875 0.00595472097546 0.000345270377114,
                0.000552787333016 0.00595472097546 0.000482432581681,
                0.000440219730631 0.00595472097546 0.000586959641016,
                0.000698534964963 0.00597071067826 0.000177405705472,
                0.000635921186568 0.00597071067826 0.000339157966268,
                0.000543001195813 0.00597071067826 0.000473891952828,
                0.000432426406823 0.00597071067826 0.000576568542579,
                0.000321508792008 0.00595472097546 0.000659505214602,
                0.000315817038665 0.00597071067826 0.0006478298231,
                0.000308810315064 0.00598369955128 -0.000633457056471,
                0.000422832585241 0.00598369955128 -0.000563776780249,
                0.00030096145359 0.0059929788303 -0.000617356827756,
                0.000412085682608 0.0059929788303 -0.000549447576693,
                0.000530954159546 0.00598369955128 -0.000463378175532,
                0.000621812625344 0.00598369955128 -0.000331633400112,
                0.000683037253059 0.00598369955128 -0.000173469778483,
                0.000704720975363 0.00598369955128 7.2270500202e-14,
                0.000517459190486 0.0059929788303 -0.000451600747952,
                0.000606008356766 0.0059929788303 -0.000323204456845,
                0.000665676871883 0.0059929788303 -0.000169060792775,
                0.000686809470975 0.0059929788303 7.04336400179e-14,
                0.000683037253024 0.00598369955128 0.000173469778621,
                0.00062181262528 0.00598369955128 0.000331633400232,
                0.000530954159463 0.00598369955128 0.000463378175627,
                0.000422832585148 0.00598369955128 0.000563776780319,
                0.000665676871849 0.0059929788303 0.00016906079291,
                0.000606008356704 0.0059929788303 0.000323204456962,
                0.000517459190405 0.0059929788303 0.000451600748045,
                0.000412085682517 0.0059929788303 0.000549447576761,
                0.000308810314971 0.00598369955128 0.000633457056517,
                0.000300961453499 0.0059929788303 0.000617356827801,
                -0.000292805122534 0.0059983305371 -0.000600625892201,
                -0.000400917783162 0.0059983305371 -0.000534557044059,
                -0.000503435572463 0.0059983305371 -0.000439361954021,
                -0.000589584975238 0.0059983305371 -0.000314445320035,
                -0.000647636418953 0.0059983305371 -0.00016447909048,
                -0.000668196305269 0.0059983305371 -1.24007090329e-19,
                -0.000647636418953 0.0059983305371 0.00016447909048,
                -0.000589584975238 0.0059983305371 0.000314445320035,
                -0.000503435572463 0.0059983305371 0.000439361954021,
                -0.000400917783162 0.0059983305371 0.000534557044059,
                -0.000292805122534 0.0059983305371 0.000600625892201,
                -0.000187094965475 0.0059983305371 0.000641468452871,
                -0.000192306651873 0.0059929788303 0.000659337092052,
                -0.000197321873102 0.00598369955128 0.00067653213632,
                -0.000201798989884 0.00597071067826 0.00069188225103,
                -0.000205435874328 0.00595472097546 0.000704351569154,
                -0.000208034072445 0.00593680947102 0.000713259677037,
                -0.000209532550327 0.00591819630521 0.000718397315594,
                -0.000327920122903 0.00591819630521 0.000672656662541,
                -0.000448998322129 0.00591819630521 0.000598664429662,
                -0.000563810678472 0.00591819630521 0.000492052955886,
                -0.00066029165019 0.00591819630521 0.00035215554686,
                -0.000725304981901 0.00591819630521 0.000184204439896,
                -0.000748330536882 0.00591819630521 -1.24007090383e-19,
                -0.000725304981901 0.00591819630521 -0.000184204439896,
                -0.00066029165019 0.00591819630521 -0.00035215554686,
                -0.000563810678472 0.00591819630521 -0.000492052955886,
                -0.000448998322129 0.00591819630521 -0.000598664429662,
                -0.000327920122903 0.00591819630521 -0.000672656662541,
                -0.000209532550327 0.00591819630521 -0.000718397315594,
                -0.000208034072445 0.00593680947102 -0.000713259677037,
                -0.000205435874328 0.00595472097546 -0.000704351569154,
                -0.000201798989884 0.00597071067826 -0.00069188225103,
                -0.000197321873102 0.00598369955128 -0.00067653213632,
                -0.000192306651873 0.0059929788303 -0.000659337092052,
                -0.000187094965475 0.0059983305371 -0.000641468452871,
                -0.000325574992991 0.00593680947102 0.000667846139548,
                -0.000445787298096 0.00593680947102 0.000594383064198,
                -0.000559778570668 0.00593680947102 0.000488534025368,
                -0.000655569556024 0.00593680947102 0.000349637096587,
                -0.000720117943078 0.00593680947102 0.000182887096676,
                -0.00074297883016 0.00593680947102 -1.30382459359e-19,
                -0.000321508792087 0.00595472097546 0.000659505214564,
                -0.000440219730704 0.00595472097546 0.000586959640962,
                -0.000315817038743 0.00597071067826 0.000647829823062,
                -0.000432426406894 0.00597071067826 0.000576568542525,
                -0.000552787333075 0.00595472097546 0.000482432581612,
                -0.000647381956917 0.00595472097546 0.000345270377036,
                -0.000711124180367 0.00595472097546 0.00018060296645,
                -0.000733699551173 0.00595472097546 -1.34532351314e-19,
                -0.000543001195872 0.00597071067826 0.000473891952761,
                -0.000635921186609 0.00597071067826 0.000339157966191,
                -0.000698534964983 0.00597071067826 0.000177405705392,
                -0.000720710678157 0.00597071067826 -1.359749827e-19,
                -0.000720117943078 0.00593680947102 -0.000182887096676,
                -0.000655569556024 0.00593680947102 -0.000349637096587,
                -0.000559778570668 0.00593680947102 -0.000488534025368,
                -0.000445787298096 0.00593680947102 -0.000594383064198,
                -0.000325574992991 0.00593680947102 -0.000667846139548,
                -0.000711124180367 0.00595472097546 -0.00018060296645,
                -0.000647381956917 0.00595472097546 -0.000345270377036,
                -0.000552787333075 0.00595472097546 -0.000482432581612,
                -0.000440219730704 0.00595472097546 -0.000586959640962,
                -0.000698534964983 0.00597071067826 -0.000177405705392,
                -0.000635921186609 0.00597071067826 -0.000339157966191,
                -0.000543001195872 0.00597071067826 -0.000473891952761,
                -0.000432426406894 0.00597071067826 -0.000576568542525,
                -0.000321508792087 0.00595472097546 -0.000659505214564,
                -0.000315817038743 0.00597071067826 -0.000647829823062,
                -0.000308810315047 0.00598369955128 0.00063345705648,
                -0.000422832585218 0.00598369955128 0.000563776780267,
                -0.000300961453573 0.0059929788303 0.000617356827764,
                -0.000412085682585 0.0059929788303 0.00054944757671,
                -0.00053095415952 0.00598369955128 0.000463378175562,
                -0.00062181262532 0.00598369955128 0.000331633400157,
                -0.000683037253044 0.00598369955128 0.000173469778544,
                -0.000704720975363 0.00598369955128 -1.34532351293e-19,
                -0.000517459190461 0.0059929788303 0.000451600747981,
                -0.000606008356743 0.0059929788303 0.000323204456888,
                -0.000665676871868 0.0059929788303 0.000169060792834,
                -0.000686809470975 0.0059929788303 -1.30382459319e-19,
                -0.000683037253044 0.00598369955128 -0.000173469778544,
                -0.00062181262532 0.00598369955128 -0.000331633400157,
                -0.00053095415952 0.00598369955128 -0.000463378175562,
                -0.000422832585218 0.00598369955128 -0.000563776780267,
                -0.000665676871868 0.0059929788303 -0.000169060792834,
                -0.000606008356743 0.0059929788303 -0.000323204456888,
                -0.000517459190461 0.0059929788303 -0.000451600747981,
                -0.000412085682585 0.0059929788303 -0.00054944757671,
                -0.000308810315047 0.00598369955128 -0.00063345705648,
                -0.000300961453573 0.0059929788303 -0.000617356827764

              ]
            }
            normal Normal {
              vector [
                0 0 -1,
                0.17364818 0 -0.98480773,
                0.34202015 0 -0.93969262,
                0.5 0 -0.86602539,
                0.64278764 0 -0.76604444,
                0.76604444 0 -0.64278764,
                0.86602539 0 -0.5,
                0.93969262 0 -0.34202015,
                0.98480773 0 -0.17364818,
                1 0 -6.1232343e-17,
                0.98480773 0 0.17364818,
                0.93969262 0 0.34202015,
                0.86602539 0 0.5,
                0.76604444 0 0.64278764,
                0.64278764 0 0.76604444,
                0.5 0 0.86602539,
                0.34202015 0 0.93969262,
                0.17364818 0 0.98480773,
                1.2246469e-16 0 1,
                1.2246469e-16 0 1,
                0.17364818 0 0.98480773,
                0.34202015 0 0.93969262,
                0.5 0 0.86602539,
                0.64278764 0 0.76604444,
                0.76604444 0 0.64278764,
                0.86602539 0 0.5,
                0.93969262 0 0.34202015,
                0.98480773 0 0.17364818,
                1 0 -6.1232343e-17,
                0.98480773 0 -0.17364818,
                0.93969262 0 -0.34202015,
                0.86602539 0 -0.5,
                0.76604444 0 -0.64278764,
                0.64278764 0 -0.76604444,
                0.5 0 -0.86602539,
                0.34202015 0 -0.93969262,
                0.17364818 0 -0.98480773,
                0 0 -1,
                0 0 -1,
                0.17364818 0 -0.98480773,
                0.34202015 0 -0.93969262,
                0.5 0 -0.86602539,
                0.64278764 0 -0.76604444,
                0.76604444 0 -0.64278764,
                0.86602539 0 -0.5,
                0.93969262 0 -0.34202015,
                0.98480773 0 -0.17364818,
                1 0 -6.1232343e-17,
                0.98480773 0 0.17364818,
                0.93969262 0 0.34202015,
                0.86602539 0 0.5,
                0.76604444 0 0.64278764,
                0.64278764 0 0.76604444,
                0.5 0 0.86602539,
                0.34202015 0 0.93969262,
                0.17364818 0 0.98480773,
                1.2246469e-16 0 1,
                1.2246469e-16 0 1,
                0.17364818 0 0.98480773,
                0.34202015 0 0.93969262,
                0.5 0 0.86602539,
                0.64278764 0 0.76604444,
                0.76604444 0 0.64278764,
                0.86602539 0 0.5,
                0.93969262 0 0.34202015,
                0.98480773 0 0.17364818,
                1 0 -6.1232343e-17,
                0.98480773 0 -0.17364818,
                0.93969262 0 -0.34202015,
                0.86602539 0 -0.5,
                0.76604444 0 -0.64278764,
                0.64278764 0 -0.76604444,
                0.5 0 -0.86602539,
                0.34202015 0 -0.93969262,
                0.17364818 0 -0.98480773,
                0 0 -1,
                0 0 -1,
                0.17364818 0 -0.98480773,
                0.34202015 0 -0.93969262,
                0.5 0 -0.86602539,
                0.64278764 0 -0.76604444,
                0.76604444 0 -0.64278764,
                0.86602539 0 -0.5,
                0.93969262 0 -0.34202015,
                0.98480773 0 -0.17364818,
                1 0 -6.1232343e-17,
                0.98480773 0 0.17364818,
                0.93969262 0 0.34202015,
                0.86602539 0 0.5,
                0.76604444 0 0.64278764,
                0.64278764 0 0.76604444,
                0.5 0 0.86602539,
                0.34202015 0 0.93969262,
                0.17364818 0 0.98480773,
                1.2246469e-16 0 1,
                1.2246469e-16 0 1,
                0.17364818 0 0.98480773,
                0.34202015 0 0.93969262,
                0.5 0 0.86602539,
                0.64278764 0 0.76604444,
                0.76604444 0 0.64278764,
                0.86602539 0 0.5,
                0.93969262 0 0.34202015,
                0.98480773 0 0.17364818,
                1 0 -6.1232343e-17,
                0.98480773 0 -0.17364818,
                0.93969262 0 -0.34202015,
                0.86602539 0 -0.5,
                0.76604444 0 -0.64278764,
                0.64278764 0 -0.76604444,
                0.5 0 -0.86602539,
                0.34202015 0 -0.93969262,
                0.17364818 0 -0.98480773,
                0 0 -1,
                0 0.083045483 -0.99654573,
                0.17304836 0.083045483 -0.98140597,
                0.34083873 0.083045483 -0.93644667,
                0.49827287 0.083045483 -0.86303395,
                0.64056724 0.083045483 -0.76339835,
                0.76339835 0.083045483 -0.64056724,
                0.86303395 0.083045483 -0.49827287,
                0.93644667 0.083045483 -0.34083873,
                0.98140597 0.083045483 -0.17304836,
                0.99654573 0.083045483 -6.1020829e-17,
                0.98140597 0.083045483 0.17304836,
                0.93644667 0.083045483 0.34083873,
                0.86303395 0.083045483 0.49827287,
                0.76339835 0.083045483 0.64056724,
                0.64056724 0.083045483 0.76339835,
                0.49827287 0.083045483 0.86303395,
                0.34083873 0.083045483 0.93644667,
                0.17304836 0.083045483 0.98140597,
                1.2204166e-16 0.083045483 0.99654573,
                1.2204166e-16 0.083045483 0.99654573,
                0.17304836 0.083045483 0.98140597,
                0.34083873 0.083045483 0.93644667,
                0.49827287 0.083045483 0.86303395,
                0.64056724 0.083045483 0.76339835,
                0.76339835 0.083045483 0.64056724,
                0.86303395 0.083045483 0.49827287,
                0.93644667 0.083045483 0.34083873,
                0.98140597 0.083045483 0.17304836,
                0.99654573 0.083045483 -6.1020829e-17,
                0.98140597 0.083045483 -0.17304836,
                0.93644667 0.083045483 -0.34083873,
                0.86303395 0.083045483 -0.49827287,
                0.76339835 0.083045483 -0.64056724,
                0.64056724 0.083045483 -0.76339835,
                0.49827287 0.083045483 -0.86303395,
                0.34083873 0.083045483 -0.93644667,
                0.17304836 0.083045483 -0.98140597,
                0 0.083045483 -0.99654573,
                0 0 -1,
                0.16459459 0 -0.98636132,
                0.32469946 0 -0.94581723,
                0.47594738 0 -0.87947375,
                0.61421269 0 -0.78914052,
                0.73572391 0 -0.67728156,
                0.83716649 0 -0.54694813,
                0.91577333 0 -0.40169543,
                0.96940029 0 -0.24548548,
                0.99658448 0 -0.082579345,
                0.99658448 0 0.082579345,
                0.96940029 0 0.24548548,
                0.91577333 0 0.40169543,
                0.83716649 0 0.54694813,
                0.73572391 0 0.67728156,
                0.61421269 0 0.78914052,
                0.47594738 0 0.87947375,
                0.32469946 0 0.94581723,
                0.16459459 0 0.98636132,
                -1.0255162e-10 0 1,
                1.2246469e-16 0 1,
                0.17364818 0 0.98480773,
                0.34202015 0 0.93969262,
                0.5 0 0.86602539,
                0.64278764 0 0.76604444,
                0.76604444 0 0.64278764,
                0.86602539 0 0.5,
                0.93969262 0 0.34202015,
                0.98480773 0 0.17364818,
                1 0 -6.1232343e-17,
                0.98480773 0 -0.17364818,
                0.93969262 0 -0.34202015,
                0.86602539 0 -0.5,
                0.76604444 0 -0.64278764,
                0.64278764 0 -0.76604444,
                0.5 0 -0.86602539,
                0.34202015 0 -0.93969262,
                0.17364818 0 -0.98480773,
                0 0 -1,
                1 -8.8817842e-16 0,
                0.98480773 -8.8817842e-16 0.17364818,
                0.93969262 -8.8817842e-16 0.34202015,
                0.86602539 -8.8817842e-16 0.5,
                0.76604444 -8.8817842e-16 0.64278764,
                0.64278764 -8.8817842e-16 0.76604444,
                0.5 -8.8817842e-16 0.86602539,
                0.34202015 0 0.93969262,
                0.17364818 0 0.98480773,
                6.1232343e-17 0 1,
                -0.17364818 0 0.98480773,
                -0.34202015 0 0.93969262,
                -0.5 8.8817842e-16 0.86602539,
                -0.64278764 8.8817842e-16 0.76604444,
                -0.76604444 8.8817842e-16 0.64278764,
                -0.86602539 8.8817842e-16 0.5,
                -0.93969262 8.8817842e-16 0.34202015,
                -0.98480773 8.8817842e-16 0.17364818,
                -1 8.8817842e-16 1.2246469e-16,
                -1 8.8817842e-16 1.2246469e-16,
                -0.98480773 8.8817842e-16 0.17364818,
                -0.93969262 8.8817842e-16 0.34202015,
                -0.86602539 8.8817842e-16 0.5,
                -0.76604444 8.8817842e-16 0.64278764,
                -0.64278764 8.8817842e-16 0.76604444,
                -0.5 8.8817842e-16 0.86602539,
                -0.34202015 0 0.93969262,
                -0.17364818 0 0.98480773,
                6.1232343e-17 0 1,
                0.17364818 0 0.98480773,
                0.34202015 0 0.93969262,
                0.5 -8.8817842e-16 0.86602539,
                0.64278764 -8.8817842e-16 0.76604444,
                0.76604444 -8.8817842e-16 0.64278764,
                0.86602539 -8.8817842e-16 0.5,
                0.93969262 -8.8817842e-16 0.34202015,
                0.98480773 -8.8817842e-16 0.17364818,
                1 -8.8817842e-16 0,
                7.745742e-16 1 0,
                7.8264267e-16 1 -3.2273924e-17,
                7.9071119e-16 1 -6.4547848e-17,
                8.0684812e-16 1 -9.2787536e-17,
                8.1895084e-16 1 -1.1699298e-16,
                8.4315629e-16 1 -1.4523267e-16,
                8.71396e-16 1 -1.6136962e-16,
                9.0165281e-16 1 -1.7750659e-16,
                9.3190957e-16 1 -1.7750659e-16,
                9.608872e-16 1 -1.8557507e-16,
                9.9645739e-16 1 -1.7750659e-16,
                1.0287314e-15 1 -1.694381e-16,
                1.056971e-15 1 -1.5330114e-16,
                1.0852108e-15 1 -1.4523267e-16,
                1.1053819e-15 1 -1.2102722e-16,
                1.1134504e-15 1 -9.2787536e-17,
                1.1376559e-15 1 -6.2530732e-17,
                1.1376559e-15 1 -3.2273924e-17,
                1.1457243e-15 1 -5.6960315e-18,
                -0.15643446 0.98768836 -5.6960315e-18,
                -0.309017 0.95105654 -5.6960315e-18,
                -0.45399049 0.89100653 -5.6960315e-18,
                -0.58778524 0.809017 -5.6960315e-18,
                -0.70710677 0.70710677 -5.6960315e-18,
                -0.809017 0.58778524 -5.6960315e-18,
                -0.89100653 0.45399049 -5.6960315e-18,
                -0.95105654 0.309017 -5.6960315e-18,
                -0.98768836 0.15643446 -5.6960315e-18,
                -1 0 -5.6960315e-18,
                -0.98480773 0 0.17364818,
                -0.93969262 0 0.34202015,
                -0.86602539 0 0.5,
                -0.76604444 0 0.64278764,
                -0.64278764 0 0.76604444,
                -0.5 0 0.86602539,
                -0.34202015 0 0.93969262,
                -0.17364818 0 0.98480773,
                -2.8480157e-18 0 1,
                0.17364818 0 0.98480773,
                0.34202015 0 0.93969262,
                0.5 0 0.86602539,
                0.64278764 0 0.76604444,
                0.76604444 0 0.64278764,
                0.86602539 0 0.5,
                0.93969262 0 0.34202015,
                0.98480773 0 0.17364818,
                1 0 0,
                0.98480773 0.17364818 0,
                0.93969262 0.34202015 0,
                0.86602539 0.5 0,
                0.76604444 0.64278764 0,
                0.64278764 0.76604444 0,
                0.5 0.86602539 0,
                0.34202015 0.93969262 0,
                0.17364818 0.98480773 0,
                -0.96193975 0.19509032 0.19134171,
                -0.90612745 0.38268343 0.18023996,
                -0.81549317 0.55557024 0.16221167,
                -0.69351995 0.70710677 0.13794969,
                -0.54489511 0.8314696 0.10838638,
                -0.37533027 0.9238795 0.074657835,
                -0.19134171 0.98078525 0.038060233,
                -0.18023996 0.98078525 0.074657835,
                -0.16221167 0.98078525 0.10838638,
                -0.13794969 0.98078525 0.13794969,
                -0.10838638 0.98078525 0.16221167,
                -0.074657835 0.98078525 0.18023996,
                -0.038060233 0.98078525 0.19134171,
                9.4236936e-16 0.98078525 0.19509032,
                0.038060233 0.98078525 0.19134171,
                0.074657835 0.98078525 0.18023996,
                0.10838638 0.98078525 0.16221167,
                0.13794969 0.98078525 0.13794969,
                0.16221167 0.98078525 0.10838638,
                0.18023996 0.98078525 0.074657835,
                0.19134171 0.98078525 0.038060233,
                0.37533027 0.9238795 0.074657835,
                0.54489511 0.8314696 0.10838638,
                0.69351995 0.70710677 0.13794969,
                0.81549317 0.55557024 0.16221167,
                0.90612745 0.38268343 0.18023996,
                0.96193975 0.19509032 0.19134171,
                0.90612745 0.19509032 0.37533027,
                0.81549317 0.19509032 0.54489511,
                0.69351995 0.19509032 0.69351995,
                0.54489511 0.19509032 0.81549317,
                0.37533027 0.19509032 0.90612745,
                0.19134171 0.19509032 0.96193975,
                1.8516741e-16 0.19509032 0.98078525,
                -0.19134171 0.19509032 0.96193975,
                -0.37533027 0.19509032 0.90612745,
                -0.54489511 0.19509032 0.81549317,
                -0.69351995 0.19509032 0.69351995,
                -0.81549317 0.19509032 0.54489511,
                -0.90612745 0.19509032 0.37533027,
                0.35355338 0.9238795 0.14644662,
                0.31818965 0.9238795 0.21260752,
                0.27059805 0.9238795 0.27059805,
                0.51327997 0.8314696 0.21260752,
                0.65328151 0.70710677 0.27059805,
                0.46193975 0.8314696 0.30865827,
                0.39284748 0.8314696 0.39284748,
                0.58793777 0.70710677 0.39284748,
                0.5 0.70710677 0.5,
                0.21260752 0.9238795 0.31818965,
                0.14644662 0.9238795 0.35355338,
                0.074657835 0.9238795 0.37533027,
                8.8752726e-16 0.9238795 0.38268343,
                0.30865827 0.8314696 0.46193975,
                0.21260752 0.8314696 0.51327997,
                0.39284748 0.70710677 0.58793777,
                0.27059805 0.70710677 0.65328151,
                0.10838638 0.8314696 0.54489511,
                7.9846858e-16 0.8314696 0.55557024,
                0.13794969 0.70710677 0.69351995,
                6.7861575e-16 0.70710677 0.70710677,
                0.76817775 0.55557024 0.31818965,
                0.85355341 0.38268343 0.35355338,
                0.6913417 0.55557024 0.46193975,
                0.58793777 0.55557024 0.58793777,
                0.76817775 0.38268343 0.51327997,
                0.65328151 0.38268343 0.65328151,
                0.46193975 0.55557024 0.6913417,
                0.31818965 0.55557024 0.76817775,
                0.51327997 0.38268343 0.76817775,
                0.35355338 0.38268343 0.85355341,
                0.16221167 0.55557024 0.81549317,
                5.3257461e-16 0.55557024 0.8314696,
                0.18023996 0.38268343 0.90612745,
                3.6595751e-16 0.38268343 0.9238795,
                -0.074657835 0.9238795 0.37533027,
                -0.14644662 0.9238795 0.35355338,
                -0.21260752 0.9238795 0.31818965,
                -0.27059805 0.9238795 0.27059805,
                -0.10838638 0.8314696 0.54489511,
                -0.21260752 0.8314696 0.51327997,
                -0.13794969 0.70710677 0.69351995,
                -0.27059805 0.70710677 0.65328151,
                -0.30865827 0.8314696 0.46193975,
                -0.39284748 0.8314696 0.39284748,
                -0.39284748 0.70710677 0.58793777,
                -0.5 0.70710677 0.5,
                -0.31818965 0.9238795 0.21260752,
                -0.35355338 0.9238795 0.14644662,
                -0.46193975 0.8314696 0.30865827,
                -0.51327997 0.8314696 0.21260752,
                -0.58793777 0.70710677 0.39284748,
                -0.65328151 0.70710677 0.27059805,
                -0.16221167 0.55557024 0.81549317,
                -0.31818965 0.55557024 0.76817775,
                -0.18023996 0.38268343 0.90612745,
                -0.35355338 0.38268343 0.85355341,
                -0.46193975 0.55557024 0.6913417,
                -0.58793777 0.55557024 0.58793777,
                -0.51327997 0.38268343 0.76817775,
                -0.65328151 0.38268343 0.65328151,
                -0.6913417 0.55557024 0.46193975,
                -0.76817775 0.55557024 0.31818965,
                -0.76817775 0.38268343 0.51327997,
                -0.85355341 0.38268343 0.35355338,
                -1 0 -5.6960315e-18,
                -0.98768836 0.15643446 -5.6960315e-18,
                -0.95105654 0.309017 -5.6960315e-18,
                -0.89100653 0.45399049 -5.6960315e-18,
                -0.809017 0.58778524 -5.6960315e-18,
                -0.70710677 0.70710677 -5.6960315e-18,
                -0.58778524 0.809017 -5.6960315e-18,
                -0.45399049 0.89100653 -5.6960315e-18,
                -0.309017 0.95105654 -5.6960315e-18,
                -0.15643446 0.98768836 -5.6960315e-18,
                1.1457243e-15 1 -5.6960315e-18,
                1.1457243e-15 1 3.2273924e-17,
                1.1295874e-15 1 6.2530732e-17,
                1.121519e-15 1 9.2787536e-17,
                1.1094162e-15 1 1.1699298e-16,
                1.0852108e-15 1 1.4119842e-16,
                1.056971e-15 1 1.6136962e-16,
                1.0287314e-15 1 1.694381e-16,
                9.9645739e-16 1 1.7750659e-16,
                9.7227926e-16 1 1.8557507e-16,
                9.3190957e-16 1 1.8557507e-16,
                8.996357e-16 1 1.7750659e-16,
                8.71396e-16 1 1.6136962e-16,
                8.4719055e-16 1 1.4119842e-16,
                8.229851e-16 1 1.1699298e-16,
                7.9877965e-16 1 9.2787536e-17,
                7.9071119e-16 1 6.2530732e-17,
                7.8264267e-16 1 3.2273924e-17,
                7.745742e-16 1 1.1392063e-17,
                0.17364818 0.98480773 1.1392063e-17,
                0.34202015 0.93969262 1.1392063e-17,
                0.5 0.86602539 1.1392063e-17,
                0.64278764 0.76604444 1.1392063e-17,
                0.76604444 0.64278764 1.1392063e-17,
                0.86602539 0.5 1.1392063e-17,
                0.93969262 0.34202015 1.1392063e-17,
                0.98480773 0.17364818 1.1392063e-17,
                1 0 1.1392063e-17,
                0.98480773 0 -0.17364818,
                0.93969262 0 -0.34202015,
                0.86602539 0 -0.5,
                0.76604444 0 -0.64278764,
                0.64278764 0 -0.76604444,
                0.5 0 -0.86602539,
                0.34202015 0 -0.93969262,
                0.17364818 0 -0.98480773,
                8.5440478e-18 0 -1,
                -0.17364818 0 -0.98480773,
                -0.34202015 0 -0.93969262,
                -0.5 0 -0.86602539,
                -0.64278764 0 -0.76604444,
                -0.76604444 0 -0.64278764,
                -0.86602539 0 -0.5,
                -0.93969262 0 -0.34202015,
                -0.98480773 0 -0.17364818,
                0.96193975 0.19509032 -0.19134171,
                0.90612745 0.38268343 -0.18023996,
                0.81549317 0.55557024 -0.16221167,
                0.69351995 0.70710677 -0.13794969,
                0.54489511 0.8314696 -0.10838638,
                0.37533027 0.9238795 -0.074657835,
                0.19134171 0.98078525 -0.038060233,
                0.18023996 0.98078525 -0.074657835,
                0.16221167 0.98078525 -0.10838638,
                0.13794969 0.98078525 -0.13794969,
                0.10838638 0.98078525 -0.16221167,
                0.074657835 0.98078525 -0.18023996,
                0.038060233 0.98078525 -0.19134171,
                9.5376143e-16 0.98078525 -0.19509032,
                -0.038060233 0.98078525 -0.19134171,
                -0.074657835 0.98078525 -0.18023996,
                -0.10838638 0.98078525 -0.16221167,
                -0.13794969 0.98078525 -0.13794969,
                -0.16221167 0.98078525 -0.10838638,
                -0.18023996 0.98078525 -0.074657835,
                -0.19134171 0.98078525 -0.038060233,
                -0.37533027 0.9238795 -0.074657835,
                -0.54489511 0.8314696 -0.10838638,
                -0.69351995 0.70710677 -0.13794969,
                -0.81549317 0.55557024 -0.16221167,
                -0.90612745 0.38268343 -0.18023996,
                -0.96193975 0.19509032 -0.19134171,
                -0.90612745 0.19509032 -0.37533027,
                -0.81549317 0.19509032 -0.54489511,
                -0.69351995 0.19509032 -0.69351995,
                -0.54489511 0.19509032 -0.81549317,
                -0.37533027 0.19509032 -0.90612745,
                -0.19134171 0.19509032 -0.96193975,
                1.9655947e-16 0.19509032 -0.98078525,
                0.19134171 0.19509032 -0.96193975,
                0.37533027 0.19509032 -0.90612745,
                0.54489511 0.19509032 -0.81549317,
                0.69351995 0.19509032 -0.69351995,
                0.81549317 0.19509032 -0.54489511,
                0.90612745 0.19509032 -0.37533027,
                -0.35355338 0.9238795 -0.14644662,
                -0.31818965 0.9238795 -0.21260752,
                -0.27059805 0.9238795 -0.27059805,
                -0.51327997 0.8314696 -0.21260752,
                -0.65328151 0.70710677 -0.27059805,
                -0.46193975 0.8314696 -0.30865827,
                -0.39284748 0.8314696 -0.39284748,
                -0.58793777 0.70710677 -0.39284748,
                -0.5 0.70710677 -0.5,
                -0.21260752 0.9238795 -0.31818965,
                -0.14644662 0.9238795 -0.35355338,
                -0.074657835 0.9238795 -0.37533027,
                8.9891933e-16 0.9238795 -0.38268343,
                -0.30865827 0.8314696 -0.46193975,
                -0.21260752 0.8314696 -0.51327997,
                -0.39284748 0.70710677 -0.58793777,
                -0.27059805 0.70710677 -0.65328151,
                -0.10838638 0.8314696 -0.54489511,
                8.0986064e-16 0.8314696 -0.55557024,
                -0.13794969 0.70710677 -0.69351995,
                6.9000781e-16 0.70710677 -0.70710677,
                -0.76817775 0.55557024 -0.31818965,
                -0.85355341 0.38268343 -0.35355338,
                -0.6913417 0.55557024 -0.46193975,
                -0.58793777 0.55557024 -0.58793777,
                -0.76817775 0.38268343 -0.51327997,
                -0.65328151 0.38268343 -0.65328151,
                -0.46193975 0.55557024 -0.6913417,
                -0.31818965 0.55557024 -0.76817775,
                -0.51327997 0.38268343 -0.76817775,
                -0.35355338 0.38268343 -0.85355341,
                -0.16221167 0.55557024 -0.81549317,
                5.4396668e-16 0.55557024 -0.8314696,
                -0.18023996 0.38268343 -0.90612745,
                3.7734958e-16 0.38268343 -0.9238795,
                0.074657835 0.9238795 -0.37533027,
                0.14644662 0.9238795 -0.35355338,
                0.21260752 0.9238795 -0.31818965,
                0.27059805 0.9238795 -0.27059805,
                0.10838638 0.8314696 -0.54489511,
                0.21260752 0.8314696 -0.51327997,
                0.13794969 0.70710677 -0.69351995,
                0.27059805 0.70710677 -0.65328151,
                0.30865827 0.8314696 -0.46193975,
                0.39284748 0.8314696 -0.39284748,
                0.39284748 0.70710677 -0.58793777,
                0.5 0.70710677 -0.5,
                0.31818965 0.9238795 -0.21260752,
                0.35355338 0.9238795 -0.14644662,
                0.46193975 0.8314696 -0.30865827,
                0.51327997 0.8314696 -0.21260752,
                0.58793777 0.70710677 -0.39284748,
                0.65328151 0.70710677 -0.27059805,
                0.16221167 0.55557024 -0.81549317,
                0.31818965 0.55557024 -0.76817775,
                0.18023996 0.38268343 -0.90612745,
                0.35355338 0.38268343 -0.85355341,
                0.46193975 0.55557024 -0.6913417,
                0.58793777 0.55557024 -0.58793777,
                0.51327997 0.38268343 -0.76817775,
                0.65328151 0.38268343 -0.65328151,
                0.6913417 0.55557024 -0.46193975,
                0.76817775 0.55557024 -0.31818965,
                0.76817775 0.38268343 -0.51327997,
                0.85355341 0.38268343 -0.35355338,
                -1 8.8817842e-16 1.2246469e-16,
                -1 8.8817842e-16 1.2246469e-16,
                -0.98480773 8.8817842e-16 -0.17364818,
                -0.93969262 8.8817842e-16 -0.34202015,
                -0.86602539 8.8817842e-16 -0.5,
                -0.76604444 8.8817842e-16 -0.64278764,
                -0.64278764 8.8817842e-16 -0.76604444,
                -0.5 8.8817842e-16 -0.86602539,
                -0.34202015 0 -0.93969262,
                -0.17364818 0 -0.98480773,
                -1.8369701e-16 0 -1,
                0.17364818 0 -0.98480773,
                0.34202015 0 -0.93969262,
                0.5 -8.8817842e-16 -0.86602539,
                0.64278764 -8.8817842e-16 -0.76604444,
                0.76604444 -8.8817842e-16 -0.64278764,
                0.86602539 -8.8817842e-16 -0.5,
                0.93969262 -8.8817842e-16 -0.34202015,
                0.98480773 -8.8817842e-16 -0.17364818,
                1 -8.8817842e-16 -2.4492937e-16,
                1 -8.8817842e-16 -2.4492937e-16,
                0.98480773 -8.8817842e-16 -0.17364818,
                0.93969262 -8.8817842e-16 -0.34202015,
                0.86602539 -8.8817842e-16 -0.5,
                0.76604444 -8.8817842e-16 -0.64278764,
                0.64278764 -8.8817842e-16 -0.76604444,
                0.5 -8.8817842e-16 -0.86602539,
                0.34202015 0 -0.93969262,
                0.17364818 0 -0.98480773,
                -1.8369701e-16 0 -1,
                -0.17364818 0 -0.98480773,
                -0.34202015 0 -0.93969262,
                -0.5 8.8817842e-16 -0.86602539,
                -0.64278764 8.8817842e-16 -0.76604444,
                -0.76604444 8.8817842e-16 -0.64278764,
                -0.86602539 8.8817842e-16 -0.5,
                -0.93969262 8.8817842e-16 -0.34202015,
                -0.98480773 8.8817842e-16 -0.17364818,
                1.2246469e-16 0 1,
                1.2246469e-16 0 1,
                -0.17364818 0 0.98480773,
                -0.34202015 0 0.93969262,
                -0.5 0 0.86602539,
                -0.64278764 0 0.76604444,
                -0.76604444 0 0.64278764,
                -0.86602539 0 0.5,
                -0.93969262 0 0.34202015,
                -0.98480773 0 0.17364818,
                -1 0 1.8369701e-16,
                -0.98480773 0 -0.17364818,
                -0.93969262 0 -0.34202015,
                -0.86602539 0 -0.5,
                -0.76604444 0 -0.64278764,
                -0.64278764 0 -0.76604444,
                -0.5 0 -0.86602539,
                -0.34202015 0 -0.93969262,
                -0.17364818 0 -0.98480773,
                -2.4492937e-16 0 -1,
                -2.4492937e-16 0 -1,
                -0.17364818 0 -0.98480773,
                -0.34202015 0 -0.93969262,
                -0.5 0 -0.86602539,
                -0.64278764 0 -0.76604444,
                -0.76604444 0 -0.64278764,
                -0.86602539 0 -0.5,
                -0.93969262 0 -0.34202015,
                -0.98480773 0 -0.17364818,
                -1 0 1.8369701e-16,
                -0.98480773 0 0.17364818,
                -0.93969262 0 0.34202015,
                -0.86602539 0 0.5,
                -0.76604444 0 0.64278764,
                -0.64278764 0 0.76604444,
                -0.5 0 0.86602539,
                -0.34202015 0 0.93969262,
                -0.17364818 0 0.98480773,
                1.2204166e-16 0.083045483 0.99654573,
                1.2204166e-16 0.083045483 0.99654573,
                -0.17304836 0.083045483 0.98140597,
                -0.34083873 0.083045483 0.93644667,
                -0.49827287 0.083045483 0.86303395,
                -0.64056724 0.083045483 0.76339835,
                -0.76339835 0.083045483 0.64056724,
                -0.86303395 0.083045483 0.49827287,
                -0.93644667 0.083045483 0.34083873,
                -0.98140597 0.083045483 0.17304836,
                -0.99654573 0.083045483 1.8306248e-16,
                -0.98140597 0.083045483 -0.17304836,
                -0.93644667 0.083045483 -0.34083873,
                -0.86303395 0.083045483 -0.49827287,
                -0.76339835 0.083045483 -0.64056724,
                -0.64056724 0.083045483 -0.76339835,
                -0.49827287 0.083045483 -0.86303395,
                -0.34083873 0.083045483 -0.93644667,
                -0.17304836 0.083045483 -0.98140597,
                -2.4408332e-16 0.083045483 -0.99654573,
                -2.4408332e-16 0.083045483 -0.99654573,
                -0.17304836 0.083045483 -0.98140597,
                -0.34083873 0.083045483 -0.93644667,
                -0.49827287 0.083045483 -0.86303395,
                -0.64056724 0.083045483 -0.76339835,
                -0.76339835 0.083045483 -0.64056724,
                -0.86303395 0.083045483 -0.49827287,
                -0.93644667 0.083045483 -0.34083873,
                -0.98140597 0.083045483 -0.17304836,
                -0.99654573 0.083045483 1.8306248e-16,
                -0.98140597 0.083045483 0.17304836,
                -0.93644667 0.083045483 0.34083873,
                -0.86303395 0.083045483 0.49827287,
                -0.76339835 0.083045483 0.64056724,
                -0.64056724 0.083045483 0.76339835,
                -0.49827287 0.083045483 0.86303395,
                -0.34083873 0.083045483 0.93644667,
                -0.17304836 0.083045483 0.98140597,
                1.2246469e-16 0 1,
                1.2246469e-16 0 1,
                -0.17364818 0 0.98480773,
                -0.34202015 0 0.93969262,
                -0.5 0 0.86602539,
                -0.64278764 0 0.76604444,
                -0.76604444 0 0.64278764,
                -0.86602539 0 0.5,
                -0.93969262 0 0.34202015,
                -0.98480773 0 0.17364818,
                -1 0 1.8369701e-16,
                -0.98480773 0 -0.17364818,
                -0.93969262 0 -0.34202015,
                -0.86602539 0 -0.5,
                -0.76604444 0 -0.64278764,
                -0.64278764 0 -0.76604444,
                -0.5 0 -0.86602539,
                -0.34202015 0 -0.93969262,
                -0.17364818 0 -0.98480773,
                -2.4492937e-16 0 -1,
                -2.4492937e-16 0 -1,
                -0.17364818 0 -0.98480773,
                -0.34202015 0 -0.93969262,
                -0.5 0 -0.86602539,
                -0.64278764 0 -0.76604444,
                -0.76604444 0 -0.64278764,
                -0.86602539 0 -0.5,
                -0.93969262 0 -0.34202015,
                -0.98480773 0 -0.17364818,
                -1 0 1.8369701e-16,
                -0.98480773 0 0.17364818,
                -0.93969262 0 0.34202015,
                -0.86602539 0 0.5,
                -0.76604444 0 0.64278764,
                -0.64278764 0 0.76604444,
                -0.5 0 0.86602539,
                -0.34202015 0 0.93969262,
                -0.17364818 0 0.98480773,
                1.2246469e-16 0 1,
                1.2246469e-16 0 1,
                -0.17364818 0 0.98480773,
                -0.34202015 0 0.93969262,
                -0.5 0 0.86602539,
                -0.64278764 0 0.76604444,
                -0.76604444 0 0.64278764,
                -0.86602539 0 0.5,
                -0.93969262 0 0.34202015,
                -0.98480773 0 0.17364818,
                -1 0 1.8369701e-16,
                -0.98480773 0 -0.17364818,
                -0.93969262 0 -0.34202015,
                -0.86602539 0 -0.5,
                -0.76604444 0 -0.64278764,
                -0.64278764 0 -0.76604444,
                -0.5 0 -0.86602539,
                -0.34202015 0 -0.93969262,
                -0.17364818 0 -0.98480773,
                -2.4492937e-16 0 -1,
                -2.4492937e-16 0 -1,
                -0.17364818 0 -0.98480773,
                -0.34202015 0 -0.93969262,
                -0.5 0 -0.86602539,
                -0.64278764 0 -0.76604444,
                -0.76604444 0 -0.64278764,
                -0.86602539 0 -0.5,
                -0.93969262 0 -0.34202015,
                -0.98480773 0 -0.17364818,
                -1 0 1.8369701e-16,
                -0.98480773 0 0.17364818,
                -0.93969262 0 0.34202015,
                -0.86602539 0 0.5,
                -0.76604444 0 0.64278764,
                -0.64278764 0 0.76604444,
                -0.5 0 0.86602539,
                -0.34202015 0 0.93969262,
                -0.17364818 0 0.98480773,
                1.2246469e-16 0 1,
                1.2246469e-16 0 1,
                -0.17364818 0 0.98480773,
                -0.34202015 0 0.93969262,
                -0.5 0 0.86602539,
                -0.64278764 0 0.76604444,
                -0.76604444 0 0.64278764,
                -0.86602539 0 0.5,
                -0.93969262 0 0.34202015,
                -0.98480773 0 0.17364818,
                -1 0 1.8369701e-16,
                -0.98480773 0 -0.17364818,
                -0.93969262 0 -0.34202015,
                -0.86602539 0 -0.5,
                -0.76604444 0 -0.64278764,
                -0.64278764 0 -0.76604444,
                -0.5 0 -0.86602539,
                -0.34202015 0 -0.93969262,
                -0.17364818 0 -0.98480773,
                -2.4492937e-16 0 -1,
                -2.4492937e-16 0 -1,
                -0.17364818 0 -0.98480773,
                -0.34202015 0 -0.93969262,
                -0.5 0 -0.86602539,
                -0.64278764 0 -0.76604444,
                -0.76604444 0 -0.64278764,
                -0.86602539 0 -0.5,
                -0.93969262 0 -0.34202015,
                -0.98480773 0 -0.17364818,
                -1 0 1.8369701e-16,
                -0.98480773 0 0.17364818,
                -0.93969262 0 0.34202015,
                -0.86602539 0 0.5,
                -0.76604444 0 0.64278764,
                -0.64278764 0 0.76604444,
                -0.5 0 0.86602539,
                -0.34202015 0 0.93969262,
                -0.17364818 0 0.98480773,
                -0 1 -0,
                -0 1 -0,
                -0 1 -0,
                -0 1 -0,
                -0 1 -0,
                -0 1 -0,
                -0 1 -0,
                -0 1 -0,
                -0 1 -0,
                -0 1 -0,
                -0 1 -0,
                -0 1 -0,
                -0 1 -0,
                -0 1 -0,
                -0 1 -0,
                -0 1 -0,
                -0 1 -0,
                -0 1 -0,
                -0 1 -0,
                -0 1 -0,
                -0 1 -0,
                -0 1 -0,
                -0 1 -0,
                -0 1 -0,
                -0 1 -0,
                -0 1 -0,
                -0 1 -0,
                -0 1 -0,
                -0 1 -0,
                -0 1 -0,
                -0 1 -0,
                -0 1 -0,
                -0 1 -0,
                -0 1 -0,
                -0 1 -0,
                -0 1 -0,
                -0 1 -0,
                -0 1 -0,
                -0 1 -0,
                -0 1 -0,
                -0 1 -0,
                -0 1 -0,
                -0 1 -0,
                -0 1 -0,
                -0 1 -0,
                -0 1 -0,
                -0 1 -0,
                -0 1 -0,
                -0 1 -0,
                -0 1 -0,
                -0 1 -0,
                -0 1 -0,
                -0 1 -0,
                -0 1 -0,
                -0 1 -0,
                -0 1 -0,
                -0 1 -0,
                -0 1 -0,
                -0 1 -0,
                -0 1 -0,
                -0 1 -0,
                -0 1 -0,
                -0 1 -0,
                -0 1 -0,
                -0 1 -0,
                -0 1 -0,
                -0 1 -0,
                -0 1 -0,
                -0 1 -0,
                -0 1 -0,
                -0 1 -0,
                -0 1 -0,
                -0 1 -0,
                -0 1 -0,
                -0 1 -0,
                -0 1 -0,
                -0 1 -0,
                -0 1 -0,
                -0 1 -0,
                -0 1 -0,
                -0 1 -0,
                -0 1 -0,
                -0 1 -0,
                -0 1 -0,
                -0 1 -0,
                -0 1 -0,
                -0 1 -0,
                -0 1 -0,
                -0 1 -0,
                -0 1 -0,
                -0 1 -0,
                -0 1 -0,
                -0 1 -0,
                -0 1 -0,
                -0 1 -0,
                -0 1 -0,
                -0 1 -0,
                -0 1 -0,
                -0 1 -0,
                -0 1 -0,
                -0 1 -0,
                -0 1 -0,
                -0 1 -0,
                -0 1 -0,
                -0 1 -0,
                -0 1 -0,
                -0 1 -0,
                -0 1 -0,
                -0 1 -0,
                -0 1 -0,
                -0 1 -0,
                -0 1 -0,
                -0 1 -0,
                -0 1 -0,
                -0 1 -0,
                -0 1 -0,
                -0 1 -0,
                -0 1 -0,
                -0 1 -0,
                -0 1 -0,
                -0 1 -0,
                -0 1 -0,
                -0 1 -0,
                -0 1 -0,
                -0 1 -0,
                -0 1 -0,
                -0 1 -0,
                -0 1 -0,
                1.5474925e-16 9.1992014e-09 1,
                0.16460644 8.8812238e-09 0.9863593,
                0.32469642 7.9619262e-09 0.94581831,
                0.4759503 6.5407284e-09 0.8794722,
                0.61421353 4.7718043e-09 0.78913993,
                0.73572433 2.8467684e-09 0.67728114,
                0.83716649 9.7424946e-10 0.54694813,
                0.91577333 -6.4285333e-10 0.4016954,
                0.96940029 -1.8292837e-09 0.24548538,
                0.99658448 -2.4564959e-09 0.082579285,
                0.99658448 -2.4565003e-09 -0.082579285,
                0.96940029 -1.8292974e-09 -0.24548538,
                0.91577333 -6.4285449e-10 -0.4016954,
                0.83716649 9.7423858e-10 -0.54694813,
                0.73572433 2.8467775e-09 -0.67728114,
                0.61421353 4.7718007e-09 -0.78913993,
                0.4759503 6.5407235e-09 -0.8794722,
                0.32469642 7.9619351e-09 -0.94581831,
                0.16460644 8.8812264e-09 -0.9863593,
                0 9.1992014e-09 -1,
                1.1525522e-16 0.089854442 -0.99595493,
                6.4539956e-16 0.18196306 -0.98330539,
                2.1175855e-16 0.27515823 -0.96139896,
                1.0335281e-15 0.36809471 -0.92978829,
                8.1993176e-16 0.45929459 -0.88828403,
                1.7588693e-15 0.54720974 -0.83699548,
                1.2291456e-15 0.63029814 -0.77635318,
                0 0.70710677 -0.70710677,
                2.4823556e-15 0.77635318 -0.63029814,
                2.6610036e-15 0.83699548 -0.54720974,
                2.7991381e-15 0.88828403 -0.45929459,
                1.4120724e-15 0.92978829 -0.36809471,
                1.4466397e-15 0.96139896 -0.27515823,
                1.4261228e-15 0.98330539 -0.18196306,
                1.4531547e-15 0.99595493 -0.089854442,
                1.4284543e-15 1 -8.7455652e-09,
                1.047804e-09 1 -7.8235924e-09,
                2.2101667e-09 1 -7.5777047e-09,
                2.8265685e-09 1 -7.3700099e-09,
                3.4589271e-09 1 -7.095232e-09,
                4.098974e-09 1 -6.7457377e-09,
                4.7360742e-09 1 -6.314762e-09,
                5.3571898e-09 1 -5.797149e-09,
                5.9471268e-09 1 -5.1902158e-09,
                6.4889187e-09 1 -4.494487e-09,
                6.964807e-09 1 -3.7145629e-09,
                7.3572979e-09 1 -2.8595146e-09,
                7.6505744e-09 1 -1.9430026e-09,
                7.8320195e-09 1 -9.8284136e-10,
                7.8934423e-09 1 -0,
                7.8320195e-09 1 9.8284136e-10,
                7.6505717e-09 1 1.9430018e-09,
                7.3572926e-09 1 2.8595133e-09,
                6.9648074e-09 1 3.7145627e-09,
                6.4889187e-09 1 4.494487e-09,
                5.9471224e-09 1 5.1902136e-09,
                5.3571996e-09 1 5.7971596e-09,
                4.736068e-09 1 6.3147549e-09,
                4.0989749e-09 1 6.7457373e-09,
                3.4589303e-09 1 7.0952351e-09,
                2.8265652e-09 1 7.3700028e-09,
                2.2101665e-09 1 7.5777082e-09,
                1.0478058e-09 1 7.8235951e-09,
                4.2853629e-15 1 7.8934503e-09,
                -5.7302795e-13 0.99595493 0.089854442,
                -2.3311739e-12 0.98330539 0.18196306,
                -5.2880348e-12 0.96139896 0.27515823,
                -9.4342433e-12 0.92978829 0.36809471,
                -1.4716466e-11 0.88828403 0.45929459,
                -2.1041453e-11 0.83699548 0.54720974,
                -2.8277962e-11 0.77635318 0.63029814,
                -3.625639e-11 0.70710677 0.70710677,
                -4.478248e-11 0.63029814 0.77635318,
                -5.3646407e-11 0.54720974 0.83699548,
                -6.2627278e-11 0.45929459 0.88828403,
                -7.1512712e-11 0.36809471 0.92978829,
                -8.0106186e-11 0.27515823 0.96139896,
                -8.8233996e-11 0.18196306 0.98330539,
                -9.5753093e-11 0.089854449 0.99595493,
                0.07973662 0.98330539 0.1635623,
                0.10917784 0.98330539 0.14557044,
                0.13709545 0.98330539 0.11964694,
                0.16055563 0.98330539 0.085629672,
                0.1763642 0.98330539 0.044790905,
                0.18196306 0.98330539 1.8660629e-11,
                0.1763642 0.98330539 -0.044790905,
                0.16055563 0.98330539 -0.085629672,
                0.13709545 0.98330539 -0.11964694,
                0.10917784 0.98330539 -0.14557044,
                0.07973662 0.98330539 -0.1635623,
                0.050949655 0.98330539 -0.17468454,
                0.10306652 0.92978829 -0.35337093,
                0.15321873 0.83699548 -0.52532136,
                0.1979899 0.70710677 -0.67882252,
                0.23435874 0.54720974 -0.80351567,
                0.26034072 0.36809471 -0.89259678,
                0.27532551 0.18196306 -0.94397312,
                0.43088663 0.18196306 -0.88387001,
                0.58998322 0.18196306 -0.78664428,
                0.74084651 0.18196306 -0.64655697,
                0.86762238 0.18196306 -0.46273193,
                0.95304984 0.18196306 -0.2420444,
                0.98330539 0.18196306 1.0083968e-10,
                0.95304984 0.18196306 0.2420444,
                0.86762238 0.18196306 0.46273193,
                0.74084651 0.18196306 0.64655697,
                0.58998322 0.18196306 0.78664428,
                0.43088663 0.18196306 0.88387001,
                0.27532551 0.18196306 0.94397312,
                0.26034072 0.36809471 0.89259678,
                0.23435874 0.54720974 0.80351567,
                0.1979899 0.70710677 0.67882252,
                0.15321873 0.83699548 0.52532136,
                0.10306652 0.92978829 0.35337093,
                0.050949655 0.98330539 0.17468454,
                0.40743533 0.36809471 -0.83576477,
                0.55787295 0.36809471 -0.74383062,
                0.7005254 0.36809471 -0.61136764,
                0.82040143 0.36809471 -0.43754745,
                0.90117943 0.36809471 -0.22887097,
                0.92978829 0.36809471 9.5351414e-11,
                0.36677331 0.54720974 -0.75235552,
                0.50219733 0.54720974 -0.66959643,
                0.30985579 0.70710677 -0.63560158,
                0.42426407 0.70710677 -0.56568545,
                0.63061303 0.54720974 -0.55035323,
                0.73852545 0.54720974 -0.39388025,
                0.81124181 0.54720974 -0.20602967,
                0.83699548 0.54720974 8.5835353e-11,
                0.53275168 0.70710677 -0.46494693,
                0.62391776 0.70710677 -0.33275613,
                0.68534964 0.70710677 -0.17405705,
                0.70710677 0.70710677 7.2515036e-11,
                0.90117943 0.36809471 0.22887097,
                0.82040143 0.36809471 0.43754745,
                0.7005254 0.36809471 0.61136764,
                0.55787295 0.36809471 0.74383062,
                0.40743533 0.36809471 0.83576477,
                0.81124181 0.54720974 0.20602967,
                0.73852545 0.54720974 0.39388025,
                0.63061303 0.54720974 0.55035323,
                0.50219733 0.54720974 0.66959643,
                0.68534964 0.70710677 0.17405705,
                0.62391776 0.70710677 0.33275613,
                0.53275168 0.70710677 0.46494693,
                0.42426407 0.70710677 0.56568545,
                0.36677331 0.54720974 0.75235552,
                0.30985579 0.70710677 0.63560158,
                0.23978855 0.83699548 -0.49187395,
                0.32832584 0.83699548 -0.4377678,
                0.16129993 0.92978829 -0.33087164,
                0.22085683 0.92978829 -0.29447576,
                0.41228133 0.83699548 -0.35980916,
                0.48283213 0.83699548 -0.25751048,
                0.53037256 0.83699548 -0.13469778,
                0.54720974 0.83699548 5.6117316e-11,
                0.27733162 0.92978829 -0.24203488,
                0.32478946 0.92978829 -0.17322104,
                0.35676873 0.92978829 -0.090607926,
                0.36809471 0.92978829 3.7748756e-11,
                0.53037256 0.83699548 0.13469778,
                0.48283213 0.83699548 0.25751048,
                0.41228133 0.83699548 0.35980916,
                0.32832584 0.83699548 0.4377678,
                0.35676873 0.92978829 0.090607926,
                0.32478946 0.92978829 0.17322104,
                0.27733162 0.92978829 0.24203488,
                0.22085683 0.92978829 0.29447576,
                0.23978855 0.83699548 0.49187395,
                0.16129993 0.92978829 0.33087164,
                0 1 -8.7455705e-09,
                0 0.99595493 -0.089854442,
                -1.4936619e-15 0.98330539 -0.18196306,
                5.1754633e-17 0.96139896 -0.27515823,
                1.3975665e-16 0.92978829 -0.36809471,
                8.7625625e-17 0.88828403 -0.45929459,
                -2.6610036e-15 0.83699548 -0.54720974,
                -1.1812394e-15 0.77635318 -0.63029814,
                0 0.70710677 -0.70710677,
                9.3976347e-16 0.63029814 -0.77635318,
                0 0.54720974 -0.83699548,
                -1.5962954e-16 0.45929459 -0.88828403,
                -5.1676405e-16 0.36809471 -0.92978829,
                0 0.27515823 -0.96139896,
                -4.0417236e-16 0.18196306 -0.98330539,
                -2.3051043e-16 0.089854442 -0.99595493,
                3.0949843e-16 9.6528208e-09 -1,
                -0.17366332 8.8452605e-09 -0.98480511,
                -0.34201768 7.8263955e-09 -0.93969351,
                -0.50000226 6.2652363e-09 -0.86602408,
                -0.64278775 4.3502864e-09 -0.76604432,
                -0.7660445 2.3123945e-09 -0.64278758,
                -0.86602563 3.9740664e-10 -0.49999961,
                -0.93969274 -1.1637096e-09 -0.34201977,
                -0.98480779 -2.1826456e-09 -0.17364804,
                -1 -2.5365243e-09 4.4408921e-16,
                -0.98480779 -2.1826436e-09 0.17364804,
                -0.93969274 -1.1637059e-09 0.34201977,
                -0.86602563 3.9740383e-10 0.49999961,
                -0.7660445 2.3123934e-09 0.64278758,
                -0.64278775 4.3502806e-09 0.76604432,
                -0.50000226 6.2652461e-09 0.86602408,
                -0.34201768 7.8264062e-09 0.93969351,
                -0.17366332 8.8452623e-09 0.98480511,
                0 9.1992014e-09 1,
                -9.5753488e-11 0.089854449 0.99595493,
                -8.8234968e-11 0.18196306 0.98330539,
                -8.0107851e-11 0.27515823 0.96139896,
                -7.1514232e-11 0.36809471 0.92978829,
                -6.2628756e-11 0.45929459 0.88828403,
                -5.3648166e-11 0.54720974 0.83699548,
                -4.4785588e-11 0.63029814 0.77635318,
                -3.6258926e-11 0.70710677 0.70710677,
                -2.8280564e-11 0.77635318 0.63029814,
                -2.104667e-11 0.83699548 0.54720974,
                -1.4720532e-11 0.88828403 0.45929459,
                -9.4415829e-12 0.92978829 0.36809471,
                -5.2923226e-12 0.96139896 0.27515823,
                -2.3370134e-12 0.98330539 0.18196306,
                -5.8032653e-13 0.99595493 0.089854442,
                -2.8569085e-15 1 7.8934477e-09,
                -1.047804e-09 1 7.8235924e-09,
                -2.2101667e-09 1 7.5777047e-09,
                -2.8265685e-09 1 7.3700099e-09,
                -3.4589271e-09 1 7.095232e-09,
                -4.098974e-09 1 6.7457377e-09,
                -4.7360742e-09 1 6.314762e-09,
                -5.3571898e-09 1 5.797149e-09,
                -5.9471268e-09 1 5.1902158e-09,
                -6.4889187e-09 1 4.494487e-09,
                -6.964807e-09 1 3.7145629e-09,
                -7.3572979e-09 1 2.8595146e-09,
                -7.6505744e-09 1 1.9430026e-09,
                -7.8320195e-09 1 9.8284136e-10,
                -7.8934423e-09 1 0,
                -7.8320195e-09 1 -9.8284136e-10,
                -7.6505717e-09 1 -1.9430018e-09,
                -7.3572926e-09 1 -2.8595133e-09,
                -6.9648074e-09 1 -3.7145627e-09,
                -6.4889187e-09 1 -4.494487e-09,
                -5.9471224e-09 1 -5.1902136e-09,
                -5.3571996e-09 1 -5.7971596e-09,
                -4.736068e-09 1 -6.3147549e-09,
                -4.0989749e-09 1 -6.7457373e-09,
                -3.4589303e-09 1 -7.0952351e-09,
                -2.8265652e-09 1 -7.3700028e-09,
                -2.2101665e-09 1 -7.5777082e-09,
                -1.0478058e-09 1 -7.8235951e-09,
                -0.07973662 0.98330539 -0.1635623,
                -0.10917784 0.98330539 -0.14557044,
                -0.13709545 0.98330539 -0.11964694,
                -0.16055563 0.98330539 -0.085629672,
                -0.1763642 0.98330539 -0.044790905,
                -0.18196306 0.98330539 0,
                -0.1763642 0.98330539 0.044790905,
                -0.16055563 0.98330539 0.085629672,
                -0.13709545 0.98330539 0.11964694,
                -0.10917784 0.98330539 0.14557044,
                -0.07973662 0.98330539 0.1635623,
                -0.050949655 0.98330539 0.17468454,
                -0.10306652 0.92978829 0.35337093,
                -0.15321873 0.83699548 0.52532136,
                -0.1979899 0.70710677 0.67882252,
                -0.23435874 0.54720974 0.80351567,
                -0.26034072 0.36809471 0.89259678,
                -0.27532551 0.18196306 0.94397312,
                -0.43088663 0.18196306 0.88387001,
                -0.58998322 0.18196306 0.78664428,
                -0.74084651 0.18196306 0.64655697,
                -0.86762238 0.18196306 0.46273193,
                -0.95304984 0.18196306 0.2420444,
                -0.98330539 0.18196306 0,
                -0.95304984 0.18196306 -0.2420444,
                -0.86762238 0.18196306 -0.46273193,
                -0.74084651 0.18196306 -0.64655697,
                -0.58998322 0.18196306 -0.78664428,
                -0.43088663 0.18196306 -0.88387001,
                -0.27532551 0.18196306 -0.94397312,
                -0.26034072 0.36809471 -0.89259678,
                -0.23435874 0.54720974 -0.80351567,
                -0.1979899 0.70710677 -0.67882252,
                -0.15321873 0.83699548 -0.52532136,
                -0.10306652 0.92978829 -0.35337093,
                -0.050949655 0.98330539 -0.17468454,
                -0.40743533 0.36809471 0.83576477,
                -0.55787295 0.36809471 0.74383062,
                -0.7005254 0.36809471 0.61136764,
                -0.82040143 0.36809471 0.43754745,
                -0.90117943 0.36809471 0.22887097,
                -0.92978829 0.36809471 0,
                -0.36677331 0.54720974 0.75235552,
                -0.50219733 0.54720974 0.66959643,
                -0.30985579 0.70710677 0.63560158,
                -0.42426407 0.70710677 0.56568545,
                -0.63061303 0.54720974 0.55035323,
                -0.73852545 0.54720974 0.39388025,
                -0.81124181 0.54720974 0.20602967,
                -0.83699548 0.54720974 0,
                -0.53275168 0.70710677 0.46494693,
                -0.62391776 0.70710677 0.33275613,
                -0.68534964 0.70710677 0.17405705,
                -0.70710677 0.70710677 0,
                -0.90117943 0.36809471 -0.22887097,
                -0.82040143 0.36809471 -0.43754745,
                -0.7005254 0.36809471 -0.61136764,
                -0.55787295 0.36809471 -0.74383062,
                -0.40743533 0.36809471 -0.83576477,
                -0.81124181 0.54720974 -0.20602967,
                -0.73852545 0.54720974 -0.39388025,
                -0.63061303 0.54720974 -0.55035323,
                -0.50219733 0.54720974 -0.66959643,
                -0.68534964 0.70710677 -0.17405705,
                -0.62391776 0.70710677 -0.33275613,
                -0.53275168 0.70710677 -0.46494693,
                -0.42426407 0.70710677 -0.56568545,
                -0.36677331 0.54720974 -0.75235552,
                -0.30985579 0.70710677 -0.63560158,
                -0.23978855 0.83699548 0.49187395,
                -0.32832584 0.83699548 0.4377678,
                -0.16129993 0.92978829 0.33087164,
                -0.22085683 0.92978829 0.29447576,
                -0.41228133 0.83699548 0.35980916,
                -0.48283213 0.83699548 0.25751048,
                -0.53037256 0.83699548 0.13469778,
                -0.54720974 0.83699548 0,
                -0.27733162 0.92978829 0.24203488,
                -0.32478946 0.92978829 0.17322104,
                -0.35676873 0.92978829 0.090607926,
                -0.36809471 0.92978829 0,
                -0.53037256 0.83699548 -0.13469778,
                -0.48283213 0.83699548 -0.25751048,
                -0.41228133 0.83699548 -0.35980916,
                -0.32832584 0.83699548 -0.4377678,
                -0.35676873 0.92978829 -0.090607926,
                -0.32478946 0.92978829 -0.17322104,
                -0.27733162 0.92978829 -0.24203488,
                -0.22085683 0.92978829 -0.29447576,
                -0.23978855 0.83699548 -0.49187395,
                -0.16129993 0.92978829 -0.33087164,
                -0 -1 -0,
                -0 -1 -0,
                -0 -1 -0,
                -0 -1 -0,
                -0 -1 -0,
                -0 -1 -0,
                -0 -1 -0,
                -0 -1 -0,
                -0 -1 -0,
                -0 -1 -0,
                -0 -1 -0,
                -0 -1 -0,
                -0 -1 -0,
                -0 -1 -0,
                -0 -1 -0,
                -0 -1 -0,
                -0 -1 -0,
                -0 -1 -0,
                -0 -1 -0,
                -0 -1 -0,
                -0 -1 -0,
                -0 -1 -0,
                -0 -1 -0,
                -0 -1 -0,
                -0 -1 -0,
                -0 -1 -0,
                -0 -1 -0,
                -0 -1 -0,
                -0 -1 -0,
                -0 -1 -0,
                -0 -1 -0,
                -0 -1 -0,
                -0 -1 -0,
                -0 -1 -0,
                -0 -1 -0,
                -0 -1 -0,
                -0 -1 -0,
                -0 -1 -0,
                -0 -1 -0,
                -0 -1 -0,
                -0 -1 -0,
                -0 -1 -0,
                -0 -1 -0,
                -0 -1 -0,
                -0 -1 -0,
                -0 -1 -0,
                -0 -1 -0,
                -0 -1 -0,
                -0 -1 -0,
                -0 -1 -0,
                -0 -1 -0,
                -0 -1 -0,
                -0 -1 -0,
                -0 -1 -0,
                -0 -1 -0,
                -0 -1 -0,
                -0 -1 -0,
                -0 -1 -0,
                -0 -1 -0,
                -0 -1 -0,
                -0 -1 -0,
                -0 -1 -0,
                -0 -1 -0,
                -0 -1 -0,
                -0 -1 -0,
                -0 -1 -0,
                -0 -1 -0,
                -0 -1 -0,
                -0 -1 -0,
                -0 -1 -0,
                -0 -1 -0,
                -0 -1 -0,
                -0 1 -0,
                -0 1 -0,
                -0 1 -0,
                -0 1 -0,
                -0 1 -0,
                -0 1 -0,
                -0 1 -0,
                -0 1 -0,
                -0 1 -0,
                -0 1 -0,
                -0 1 -0,
                -0 1 -0,
                -0 1 -0,
                -0 1 -0,
                -0 1 -0,
                -0 1 -0,
                -0 1 -0,
                -0 1 -0,
                -0 1 -0,
                -0 1 -0,
                -0 1 -0,
                -0 1 -0,
                -0 1 -0,
                -0 1 -0,
                -0 1 -0,
                -0 1 -0,
                -0 1 -0,
                -0 1 -0,
                -0 1 -0,
                -0 1 -0,
                -0 1 -0,
                -0 1 -0,
                -0 1 -0,
                -0 1 -0,
                -0 1 -0,
                -0 1 -0,
                -0 1 -0,
                -0 1 -0,
                -0 1 -0,
                -0 1 -0,
                -0 1 -0,
                -0 1 -0,
                -0 1 -0,
                -0 1 -0,
                -0 1 -0,
                -0 1 -0,
                -0 1 -0,
                -0 1 -0,
                -0 1 -0,
                -0 1 -0,
                -0 1 -0,
                -0 1 -0,
                -0 1 -0,
                -0 1 -0,
                -0 1 -0,
                -0 1 -0,
                -0 1 -0,
                -0 1 -0,
                -0 1 -0,
                -0 1 -0,
                -0 1 -0,
                -0 1 -0,
                -0 1 -0,
                -0 1 -0,
                -0 1 -0,
                -0 1 -0,
                -0 1 -0,
                -0 1 -0,
                -0 1 -0,
                -0 1 -0,
                -0 1 -0,
                -0 1 -0,
                -0 -1 -0,
                -0 -1 -0,
                -0 -1 -0,
                -0 -1 -0,
                -0 -1 -0,
                -0 -1 -0,
                -0 -1 -0,
                -0 -1 -0,
                -0 -1 -0,
                -0 -1 -0,
                -0 -1 -0,
                -0 -1 -0,
                -0 -1 -0,
                -0 -1 -0,
                -0 -1 -0,
                -0 -1 -0,
                -0 -1 -0,
                -0 -1 -0,
                -0 -1 -0,
                -0 -1 -0,
                -0 -1 -0,
                -0 -1 -0,
                -0 -1 -0,
                -0 -1 -0,
                -0 -1 -0,
                -0 -1 -0,
                -0 -1 -0,
                -0 -1 -0,
                -0 -1 -0,
                -0 -1 -0,
                -0 -1 -0,
                -0 -1 -0,
                -0 -1 -0,
                -0 -1 -0,
                -0 -1 -0,
                -0 -1 -0

              ]
            }
            coordIndex [
              51 33 34 -1 
              52 34 35 -1 
              53 35 36 -1 
              54 36 37 -1 
              55 37 38 -1 
              56 38 39 -1 
              57 39 40 -1 
              2 40 1 -1 
              50 32 33 -1 
              57 40 2 -1 
              49 31 32 -1 
              56 39 57 -1 
              48 30 31 -1 
              55 38 56 -1 
              47 29 30 -1 
              54 37 55 -1 
              46 28 29 -1 
              53 36 54 -1 
              45 27 28 -1 
              52 35 53 -1 
              51 34 52 -1 
              44 26 27 -1 
              50 33 51 -1 
              43 25 26 -1 
              49 32 50 -1 
              42 24 25 -1 
              48 31 49 -1 
              41 0 24 -1 
              47 30 48 -1 
              46 29 47 -1 
              45 28 46 -1 
              44 27 45 -1 
              43 26 44 -1 
              42 25 43 -1 
              41 24 42 -1 
              3 0 41 -1 
              83 65 66 -1 
              84 66 67 -1 
              85 67 68 -1 
              86 68 69 -1 
              87 69 70 -1 
              88 70 71 -1 
              89 71 72 -1 
              90 72 73 -1 
              91 73 74 -1 
              6 74 5 -1 
              82 64 65 -1 
              91 74 6 -1 
              81 63 64 -1 
              90 73 91 -1 
              80 62 63 -1 
              89 72 90 -1 
              79 61 62 -1 
              88 71 89 -1 
              78 60 61 -1 
              87 70 88 -1 
              77 59 60 -1 
              86 69 87 -1 
              85 68 86 -1 
              76 58 59 -1 
              84 67 85 -1 
              75 4 58 -1 
              83 66 84 -1 
              82 65 83 -1 
              81 64 82 -1 
              80 63 81 -1 
              79 62 80 -1 
              78 61 79 -1 
              77 60 78 -1 
              76 59 77 -1 
              75 58 76 -1 
              7 4 75 -1 
              123 105 106 -1 
              124 106 107 -1 
              125 107 108 -1 
              10 108 9 -1 
              122 104 105 -1 
              125 108 10 -1 
              121 103 104 -1 
              124 107 125 -1 
              120 102 103 -1 
              123 106 124 -1 
              119 101 102 -1 
              122 105 123 -1 
              118 100 101 -1 
              121 104 122 -1 
              117 99 100 -1 
              120 103 121 -1 
              116 98 99 -1 
              119 102 120 -1 
              118 101 119 -1 
              115 97 98 -1 
              117 100 118 -1 
              114 96 97 -1 
              116 99 117 -1 
              113 95 96 -1 
              115 98 116 -1 
              112 94 95 -1 
              114 97 115 -1 
              111 93 94 -1 
              113 96 114 -1 
              110 92 93 -1 
              112 95 113 -1 
              109 8 92 -1 
              111 94 112 -1 
              110 93 111 -1 
              109 92 110 -1 
              11 8 109 -1 
              106 139 140 -1 
              107 140 141 -1 
              108 141 142 -1 
              9 142 13 -1 
              105 138 139 -1 
              108 142 9 -1 
              104 137 138 -1 
              107 141 108 -1 
              103 136 137 -1 
              106 140 107 -1 
              102 135 136 -1 
              105 139 106 -1 
              101 134 135 -1 
              104 138 105 -1 
              100 133 134 -1 
              103 137 104 -1 
              99 132 133 -1 
              102 136 103 -1 
              98 131 132 -1 
              101 135 102 -1 
              97 130 131 -1 
              100 134 101 -1 
              96 129 130 -1 
              99 133 100 -1 
              95 128 129 -1 
              98 132 99 -1 
              94 127 128 -1 
              97 131 98 -1 
              93 126 127 -1 
              96 130 97 -1 
              92 12 126 -1 
              95 129 96 -1 
              94 128 95 -1 
              93 127 94 -1 
              92 126 93 -1 
              8 12 92 -1 
              12 15 160 -1 
              126 160 159 -1 
              127 159 158 -1 
              128 158 157 -1 
              129 157 156 -1 
              130 156 155 -1 
              131 155 154 -1 
              132 154 153 -1 
              133 153 152 -1 
              134 152 151 -1 
              135 151 150 -1 
              136 150 149 -1 
              137 149 148 -1 
              138 148 147 -1 
              139 147 146 -1 
              140 146 145 -1 
              141 145 144 -1 
              142 144 143 -1 
              13 143 14 -1 
              142 143 13 -1 
              141 144 142 -1 
              140 145 141 -1 
              139 146 140 -1 
              138 147 139 -1 
              137 148 138 -1 
              136 149 137 -1 
              135 150 136 -1 
              134 151 135 -1 
              133 152 134 -1 
              132 153 133 -1 
              131 154 132 -1 
              130 155 131 -1 
              129 156 130 -1 
              128 157 129 -1 
              127 158 128 -1 
              126 159 127 -1 
              12 160 126 -1 
              182 174 173 -1 
              183 173 172 -1 
              184 172 171 -1 
              185 171 170 -1 
              186 170 169 -1 
              187 169 168 -1 
              188 168 167 -1 
              189 167 166 -1 
              190 166 165 -1 
              191 165 164 -1 
              192 164 163 -1 
              193 163 162 -1 
              194 162 161 -1 
              18 161 16 -1 
              181 175 174 -1 
              194 161 18 -1 
              193 162 194 -1 
              180 176 175 -1 
              192 163 193 -1 
              179 177 176 -1 
              191 164 192 -1 
              178 17 177 -1 
              190 165 191 -1 
              189 166 190 -1 
              188 167 189 -1 
              187 168 188 -1 
              186 169 187 -1 
              185 170 186 -1 
              184 171 185 -1 
              183 172 184 -1 
              182 173 183 -1 
              181 174 182 -1 
              180 175 181 -1 
              179 176 180 -1 
              178 177 179 -1 
              19 17 178 -1 
              221 20 195 -1 
              221 195 520 -1 
              521 222 520 -1 
              519 196 197 -1 
              518 197 198 -1 
              517 198 199 -1 
              516 199 200 -1 
              515 200 201 -1 
              514 201 202 -1 
              513 202 203 -1 
              513 203 204 -1 
              204 205 512 -1 
              507 209 210 -1 
              212 211 21 -1 
              506 211 212 -1 
              507 210 506 -1 
              508 208 209 -1 
              509 208 508 -1 
              215 216 503 -1 
              503 216 217 -1 
              502 217 218 -1 
              500 219 220 -1 
              161 220 16 -1 
              500 220 161 -1 
              539 163 538 -1 
              537 164 165 -1 
              168 169 533 -1 
              533 169 170 -1 
              532 170 171 -1 
              531 171 172 -1 
              527 175 176 -1 
              228 177 17 -1 
              526 177 228 -1 
              528 174 175 -1 
              528 175 527 -1 
              520 196 519 -1 
              501 218 219 -1 
              500 161 162 -1 
              501 219 500 -1 
              539 162 163 -1 
              508 209 507 -1 
              502 218 501 -1 
              504 214 215 -1 
              503 217 502 -1 
              505 213 214 -1 
              504 215 503 -1 
              506 212 213 -1 
              505 214 504 -1 
              506 210 211 -1 
              506 213 505 -1 
              509 207 208 -1 
              510 206 207 -1 
              511 205 206 -1 
              510 207 509 -1 
              534 168 533 -1 
              511 206 510 -1 
              533 170 532 -1 
              512 205 511 -1 
              532 171 531 -1 
              513 204 512 -1 
              514 202 513 -1 
              515 201 514 -1 
              516 200 515 -1 
              517 199 516 -1 
              522 223 521 -1 
              518 198 517 -1 
              522 224 223 -1 
              520 195 196 -1 
              519 197 518 -1 
              521 223 222 -1 
              520 222 221 -1 
              523 225 224 -1 
              524 226 225 -1 
              525 227 226 -1 
              523 224 522 -1 
              527 176 526 -1 
              524 225 523 -1 
              526 228 227 -1 
              525 226 524 -1 
              526 176 177 -1 
              526 227 525 -1 
              529 173 174 -1 
              530 172 173 -1 
              529 174 528 -1 
              530 173 529 -1 
              531 172 530 -1 
              534 167 168 -1 
              535 166 167 -1 
              536 165 166 -1 
              535 167 534 -1 
              536 166 535 -1 
              538 163 164 -1 
              537 165 536 -1 
              538 164 537 -1 
              539 500 162 -1 
              520 519 521 -1 
              540 521 519 -1 
              519 518 540 -1 
              541 540 518 -1 
              518 517 541 -1 
              542 541 517 -1 
              521 540 522 -1 
              543 522 540 -1 
              522 543 523 -1 
              544 523 543 -1 
              540 541 543 -1 
              545 543 541 -1 
              541 542 545 -1 
              546 545 542 -1 
              543 545 544 -1 
              547 544 545 -1 
              545 546 547 -1 
              548 547 546 -1 
              517 516 542 -1 
              549 542 516 -1 
              516 515 549 -1 
              550 549 515 -1 
              515 514 550 -1 
              551 550 514 -1 
              514 513 551 -1 
              552 551 513 -1 
              542 549 546 -1 
              553 546 549 -1 
              549 550 553 -1 
              554 553 550 -1 
              546 553 548 -1 
              555 548 553 -1 
              553 554 555 -1 
              556 555 554 -1 
              550 551 554 -1 
              557 554 551 -1 
              551 552 557 -1 
              558 557 552 -1 
              554 557 556 -1 
              559 556 557 -1 
              557 558 559 -1 
              560 559 558 -1 
              523 544 524 -1 
              561 524 544 -1 
              524 561 525 -1 
              562 525 561 -1 
              544 547 561 -1 
              563 561 547 -1 
              547 548 563 -1 
              564 563 548 -1 
              561 563 562 -1 
              565 562 563 -1 
              563 564 565 -1 
              566 565 564 -1 
              525 562 526 -1 
              527 526 562 -1 
              562 565 527 -1 
              528 527 565 -1 
              565 566 528 -1 
              529 528 566 -1 
              548 555 564 -1 
              567 564 555 -1 
              555 556 567 -1 
              568 567 556 -1 
              564 567 566 -1 
              569 566 567 -1 
              567 568 569 -1 
              570 569 568 -1 
              556 559 568 -1 
              571 568 559 -1 
              559 560 571 -1 
              572 571 560 -1 
              568 571 570 -1 
              573 570 571 -1 
              571 572 573 -1 
              574 573 572 -1 
              566 569 529 -1 
              530 529 569 -1 
              569 570 530 -1 
              531 530 570 -1 
              570 573 531 -1 
              532 531 573 -1 
              573 574 532 -1 
              533 532 574 -1 
              513 512 552 -1 
              575 552 512 -1 
              512 511 575 -1 
              576 575 511 -1 
              511 510 576 -1 
              577 576 510 -1 
              510 509 577 -1 
              578 577 509 -1 
              552 575 558 -1 
              579 558 575 -1 
              575 576 579 -1 
              580 579 576 -1 
              558 579 560 -1 
              581 560 579 -1 
              579 580 581 -1 
              582 581 580 -1 
              576 577 580 -1 
              583 580 577 -1 
              577 578 583 -1 
              584 583 578 -1 
              580 583 582 -1 
              585 582 583 -1 
              583 584 585 -1 
              586 585 584 -1 
              509 508 578 -1 
              587 578 508 -1 
              508 507 587 -1 
              588 587 507 -1 
              507 506 588 -1 
              505 588 506 -1 
              578 587 584 -1 
              589 584 587 -1 
              587 588 589 -1 
              590 589 588 -1 
              584 589 586 -1 
              591 586 589 -1 
              589 590 591 -1 
              592 591 590 -1 
              588 505 590 -1 
              504 590 505 -1 
              590 504 592 -1 
              503 592 504 -1 
              560 581 572 -1 
              593 572 581 -1 
              581 582 593 -1 
              594 593 582 -1 
              572 593 574 -1 
              595 574 593 -1 
              593 594 595 -1 
              596 595 594 -1 
              582 585 594 -1 
              597 594 585 -1 
              585 586 597 -1 
              598 597 586 -1 
              594 597 596 -1 
              599 596 597 -1 
              597 598 599 -1 
              600 599 598 -1 
              574 595 533 -1 
              534 533 595 -1 
              595 596 534 -1 
              535 534 596 -1 
              596 599 535 -1 
              536 535 599 -1 
              599 600 536 -1 
              537 536 600 -1 
              586 591 598 -1 
              601 598 591 -1 
              591 592 601 -1 
              602 601 592 -1 
              598 601 600 -1 
              603 600 601 -1 
              601 602 603 -1 
              604 603 602 -1 
              592 503 602 -1 
              502 602 503 -1 
              602 502 604 -1 
              501 604 502 -1 
              600 603 537 -1 
              538 537 603 -1 
              603 604 538 -1 
              539 538 604 -1 
              604 501 539 -1 
              500 539 501 -1 
              605 228 246 -1 
              262 220 631 -1 
              631 220 219 -1 
              630 219 218 -1 
              216 628 217 -1 
              627 215 214 -1 
              626 214 213 -1 
              229 212 21 -1 
              625 212 229 -1 
              627 214 626 -1 
              622 232 233 -1 
              621 233 234 -1 
              620 234 235 -1 
              619 235 236 -1 
              618 236 237 -1 
              618 237 238 -1 
              238 239 617 -1 
              612 243 244 -1 
              221 245 20 -1 
              611 245 221 -1 
              613 242 243 -1 
              613 243 612 -1 
              614 242 613 -1 
              608 224 225 -1 
              607 225 226 -1 
              605 227 228 -1 
              246 228 17 -1 
              644 248 643 -1 
              642 249 250 -1 
              253 254 638 -1 
              638 254 255 -1 
              637 255 256 -1 
              636 256 257 -1 
              631 219 630 -1 
              262 16 220 -1 
              606 226 227 -1 
              605 246 247 -1 
              606 227 605 -1 
              644 247 248 -1 
              609 223 224 -1 
              607 226 606 -1 
              610 222 223 -1 
              608 225 607 -1 
              612 244 611 -1 
              609 224 608 -1 
              611 221 222 -1 
              610 223 609 -1 
              611 244 245 -1 
              611 222 610 -1 
              614 241 242 -1 
              615 240 241 -1 
              616 239 240 -1 
              615 241 614 -1 
              639 253 638 -1 
              616 240 615 -1 
              638 255 637 -1 
              617 239 616 -1 
              637 256 636 -1 
              618 238 617 -1 
              619 236 618 -1 
              620 235 619 -1 
              623 231 232 -1 
              621 234 620 -1 
              624 230 231 -1 
              622 233 621 -1 
              626 213 625 -1 
              623 232 622 -1 
              625 229 230 -1 
              624 231 623 -1 
              625 213 212 -1 
              625 230 624 -1 
              628 216 215 -1 
              633 260 632 -1 
              629 218 217 -1 
              628 215 627 -1 
              629 217 628 -1 
              633 259 260 -1 
              630 218 629 -1 
              632 261 631 -1 
              632 260 261 -1 
              631 261 262 -1 
              634 258 259 -1 
              635 257 258 -1 
              634 259 633 -1 
              635 258 634 -1 
              636 257 635 -1 
              639 252 253 -1 
              640 251 252 -1 
              641 250 251 -1 
              640 252 639 -1 
              641 251 640 -1 
              643 248 249 -1 
              642 250 641 -1 
              643 249 642 -1 
              644 605 247 -1 
              625 624 626 -1 
              645 626 624 -1 
              624 623 645 -1 
              646 645 623 -1 
              623 622 646 -1 
              647 646 622 -1 
              626 645 627 -1 
              648 627 645 -1 
              627 648 628 -1 
              649 628 648 -1 
              645 646 648 -1 
              650 648 646 -1 
              646 647 650 -1 
              651 650 647 -1 
              648 650 649 -1 
              652 649 650 -1 
              650 651 652 -1 
              653 652 651 -1 
              622 621 647 -1 
              654 647 621 -1 
              621 620 654 -1 
              655 654 620 -1 
              620 619 655 -1 
              656 655 619 -1 
              619 618 656 -1 
              657 656 618 -1 
              647 654 651 -1 
              658 651 654 -1 
              654 655 658 -1 
              659 658 655 -1 
              651 658 653 -1 
              660 653 658 -1 
              658 659 660 -1 
              661 660 659 -1 
              655 656 659 -1 
              662 659 656 -1 
              656 657 662 -1 
              663 662 657 -1 
              659 662 661 -1 
              664 661 662 -1 
              662 663 664 -1 
              665 664 663 -1 
              628 649 629 -1 
              666 629 649 -1 
              629 666 630 -1 
              667 630 666 -1 
              649 652 666 -1 
              668 666 652 -1 
              652 653 668 -1 
              669 668 653 -1 
              666 668 667 -1 
              670 667 668 -1 
              668 669 670 -1 
              671 670 669 -1 
              630 667 631 -1 
              632 631 667 -1 
              667 670 632 -1 
              633 632 670 -1 
              670 671 633 -1 
              634 633 671 -1 
              653 660 669 -1 
              672 669 660 -1 
              660 661 672 -1 
              673 672 661 -1 
              669 672 671 -1 
              674 671 672 -1 
              672 673 674 -1 
              675 674 673 -1 
              661 664 673 -1 
              676 673 664 -1 
              664 665 676 -1 
              677 676 665 -1 
              673 676 675 -1 
              678 675 676 -1 
              676 677 678 -1 
              679 678 677 -1 
              671 674 634 -1 
              635 634 674 -1 
              674 675 635 -1 
              636 635 675 -1 
              675 678 636 -1 
              637 636 678 -1 
              678 679 637 -1 
              638 637 679 -1 
              618 617 657 -1 
              680 657 617 -1 
              617 616 680 -1 
              681 680 616 -1 
              616 615 681 -1 
              682 681 615 -1 
              615 614 682 -1 
              683 682 614 -1 
              657 680 663 -1 
              684 663 680 -1 
              680 681 684 -1 
              685 684 681 -1 
              663 684 665 -1 
              686 665 684 -1 
              684 685 686 -1 
              687 686 685 -1 
              681 682 685 -1 
              688 685 682 -1 
              682 683 688 -1 
              689 688 683 -1 
              685 688 687 -1 
              690 687 688 -1 
              688 689 690 -1 
              691 690 689 -1 
              614 613 683 -1 
              692 683 613 -1 
              613 612 692 -1 
              693 692 612 -1 
              612 611 693 -1 
              610 693 611 -1 
              683 692 689 -1 
              694 689 692 -1 
              692 693 694 -1 
              695 694 693 -1 
              689 694 691 -1 
              696 691 694 -1 
              694 695 696 -1 
              697 696 695 -1 
              693 610 695 -1 
              609 695 610 -1 
              695 609 697 -1 
              608 697 609 -1 
              665 686 677 -1 
              698 677 686 -1 
              686 687 698 -1 
              699 698 687 -1 
              677 698 679 -1 
              700 679 698 -1 
              698 699 700 -1 
              701 700 699 -1 
              687 690 699 -1 
              702 699 690 -1 
              690 691 702 -1 
              703 702 691 -1 
              699 702 701 -1 
              704 701 702 -1 
              702 703 704 -1 
              705 704 703 -1 
              679 700 638 -1 
              639 638 700 -1 
              700 701 639 -1 
              640 639 701 -1 
              701 704 640 -1 
              641 640 704 -1 
              704 705 641 -1 
              642 641 705 -1 
              691 696 703 -1 
              706 703 696 -1 
              696 697 706 -1 
              707 706 697 -1 
              703 706 705 -1 
              708 705 706 -1 
              706 707 708 -1 
              709 708 707 -1 
              697 608 707 -1 
              607 707 608 -1 
              707 607 709 -1 
              606 709 607 -1 
              705 708 642 -1 
              643 642 708 -1 
              708 709 643 -1 
              644 643 709 -1 
              709 606 644 -1 
              605 644 606 -1 
              262 18 16 -1 
              263 262 264 -1 
              265 260 266 -1 
              267 258 268 -1 
              269 256 270 -1 
              271 254 272 -1 
              273 252 274 -1 
              275 250 276 -1 
              277 248 278 -1 
              279 246 19 -1 
              272 254 253 -1 
              273 253 252 -1 
              274 252 251 -1 
              275 251 250 -1 
              276 250 249 -1 
              277 249 248 -1 
              278 248 247 -1 
              279 247 246 -1 
              19 246 17 -1 
              278 247 279 -1 
              271 255 254 -1 
              276 249 277 -1 
              270 256 255 -1 
              274 251 275 -1 
              269 257 256 -1 
              272 253 273 -1 
              268 258 257 -1 
              270 255 271 -1 
              267 259 258 -1 
              268 257 269 -1 
              266 260 259 -1 
              266 259 267 -1 
              265 261 260 -1 
              264 261 265 -1 
              264 262 261 -1 
              263 18 262 -1 
              296 13 14 -1 
              297 296 298 -1 
              299 294 300 -1 
              301 292 302 -1 
              303 290 304 -1 
              305 288 306 -1 
              307 286 308 -1 
              309 284 310 -1 
              311 282 312 -1 
              313 280 12 -1 
              306 288 287 -1 
              307 287 286 -1 
              308 286 285 -1 
              309 285 284 -1 
              310 284 283 -1 
              311 283 282 -1 
              312 282 281 -1 
              15 12 280 -1 
              313 281 280 -1 
              312 281 313 -1 
              305 289 288 -1 
              310 283 311 -1 
              304 290 289 -1 
              308 285 309 -1 
              303 291 290 -1 
              306 287 307 -1 
              302 292 291 -1 
              304 289 305 -1 
              301 293 292 -1 
              302 291 303 -1 
              300 294 293 -1 
              300 293 301 -1 
              299 295 294 -1 
              298 295 299 -1 
              298 296 295 -1 
              297 13 296 -1 
              297 9 13 -1 
              314 297 315 -1 
              316 299 317 -1 
              318 301 319 -1 
              320 303 321 -1 
              322 305 323 -1 
              326 308 309 -1 
              327 309 310 -1 
              328 310 311 -1 
              329 311 312 -1 
              330 312 313 -1 
              8 313 12 -1 
              325 307 308 -1 
              330 313 8 -1 
              324 306 307 -1 
              329 312 330 -1 
              323 305 306 -1 
              328 311 329 -1 
              322 304 305 -1 
              327 310 328 -1 
              321 303 304 -1 
              326 309 327 -1 
              320 302 303 -1 
              325 308 326 -1 
              323 306 324 -1 
              324 307 325 -1 
              319 301 302 -1 
              321 304 322 -1 
              318 300 301 -1 
              319 302 320 -1 
              317 299 300 -1 
              317 300 318 -1 
              316 298 299 -1 
              315 298 316 -1 
              315 297 298 -1 
              314 9 297 -1 
              314 10 9 -1 
              331 10 314 -1 
              332 314 315 -1 
              333 315 316 -1 
              334 316 317 -1 
              335 317 318 -1 
              343 325 326 -1 
              344 326 327 -1 
              345 327 328 -1 
              346 328 329 -1 
              347 329 330 -1 
              11 330 8 -1 
              342 324 325 -1 
              347 330 11 -1 
              341 323 324 -1 
              346 329 347 -1 
              340 322 323 -1 
              345 328 346 -1 
              339 321 322 -1 
              344 327 345 -1 
              338 320 321 -1 
              343 326 344 -1 
              337 319 320 -1 
              342 325 343 -1 
              341 324 342 -1 
              336 318 319 -1 
              340 323 341 -1 
              339 322 340 -1 
              338 321 339 -1 
              337 320 338 -1 
              336 319 337 -1 
              335 318 336 -1 
              334 317 335 -1 
              333 316 334 -1 
              332 315 333 -1 
              331 314 332 -1 
              348 6 5 -1 
              365 348 366 -1 
              367 350 368 -1 
              369 352 370 -1 
              371 354 372 -1 
              373 356 374 -1 
              375 358 376 -1 
              377 360 378 -1 
              379 362 380 -1 
              381 364 7 -1 
              374 356 357 -1 
              375 357 358 -1 
              376 358 359 -1 
              377 359 360 -1 
              378 360 361 -1 
              379 361 362 -1 
              380 362 363 -1 
              381 363 364 -1 
              7 364 4 -1 
              380 363 381 -1 
              373 355 356 -1 
              378 361 379 -1 
              372 354 355 -1 
              376 359 377 -1 
              371 353 354 -1 
              374 357 375 -1 
              370 352 353 -1 
              372 355 373 -1 
              369 351 352 -1 
              370 353 371 -1 
              368 350 351 -1 
              368 351 369 -1 
              367 349 350 -1 
              366 349 367 -1 
              366 348 349 -1 
              365 6 348 -1 
              382 2 1 -1 
              399 382 400 -1 
              401 384 402 -1 
              403 386 404 -1 
              405 388 406 -1 
              407 390 408 -1 
              409 392 410 -1 
              411 394 412 -1 
              413 396 414 -1 
              415 398 3 -1 
              408 390 391 -1 
              409 391 392 -1 
              410 392 393 -1 
              411 393 394 -1 
              412 394 395 -1 
              413 395 396 -1 
              414 396 397 -1 
              415 397 398 -1 
              3 398 0 -1 
              414 397 415 -1 
              407 389 390 -1 
              412 395 413 -1 
              406 388 389 -1 
              410 393 411 -1 
              405 387 388 -1 
              408 391 409 -1 
              404 386 387 -1 
              406 389 407 -1 
              403 385 386 -1 
              404 387 405 -1 
              402 384 385 -1 
              402 385 403 -1 
              401 383 384 -1 
              400 383 401 -1 
              400 382 383 -1 
              399 2 382 -1 
              230 229 21 -1 
              231 230 21 -1 
              232 231 21 -1 
              233 232 21 -1 
              234 233 21 -1 
              235 234 21 -1 
              236 235 21 -1 
              237 236 21 -1 
              238 237 21 -1 
              239 238 21 -1 
              240 239 21 -1 
              241 240 21 -1 
              242 241 21 -1 
              243 242 21 -1 
              244 243 21 -1 
              245 244 21 -1 
              20 245 21 -1 
              195 20 21 -1 
              196 195 21 -1 
              197 196 21 -1 
              198 197 21 -1 
              199 198 21 -1 
              200 199 21 -1 
              201 200 21 -1 
              202 201 21 -1 
              203 202 21 -1 
              204 203 21 -1 
              205 204 21 -1 
              206 205 21 -1 
              207 206 21 -1 
              208 207 21 -1 
              209 208 21 -1 
              210 209 21 -1 
              211 210 21 -1 
              455 279 19 -1 
              454 278 279 -1 
              452 277 278 -1 
              448 274 275 -1 
              446 273 274 -1 
              432 431 264 -1 
              442 271 23 -1 
              442 270 271 -1 
              441 269 270 -1 
              439 268 269 -1 
              434 265 266 -1 
              433 264 265 -1 
              416 186 187 -1 
              453 452 278 -1 
              444 272 273 -1 
              443 271 272 -1 
              449 275 276 -1 
              443 23 271 -1 
              451 276 277 -1 
              444 443 272 -1 
              445 444 273 -1 
              446 445 273 -1 
              447 446 274 -1 
              448 447 274 -1 
              449 448 275 -1 
              450 449 276 -1 
              451 450 276 -1 
              457 19 178 -1 
              452 451 277 -1 
              458 178 179 -1 
              454 453 278 -1 
              460 179 180 -1 
              455 454 279 -1 
              461 180 181 -1 
              456 455 19 -1 
              457 456 19 -1 
              463 181 182 -1 
              458 457 178 -1 
              464 182 183 -1 
              459 458 179 -1 
              466 183 184 -1 
              460 459 179 -1 
              461 460 180 -1 
              468 184 185 -1 
              462 461 181 -1 
              469 185 186 -1 
              463 462 181 -1 
              464 463 182 -1 
              465 464 183 -1 
              466 465 183 -1 
              467 466 184 -1 
              417 187 188 -1 
              468 467 184 -1 
              419 188 189 -1 
              469 468 185 -1 
              22 469 186 -1 
              421 189 190 -1 
              416 22 186 -1 
              422 190 191 -1 
              417 416 187 -1 
              418 417 188 -1 
              424 191 192 -1 
              419 418 188 -1 
              425 192 193 -1 
              420 419 189 -1 
              421 420 189 -1 
              427 193 194 -1 
              422 421 190 -1 
              428 194 18 -1 
              423 422 191 -1 
              430 18 263 -1 
              424 423 191 -1 
              425 424 192 -1 
              431 263 264 -1 
              426 425 193 -1 
              427 426 193 -1 
              428 427 194 -1 
              429 428 18 -1 
              436 266 267 -1 
              430 429 18 -1 
              437 267 268 -1 
              431 430 263 -1 
              433 432 264 -1 
              434 433 265 -1 
              435 434 266 -1 
              436 435 266 -1 
              437 436 267 -1 
              438 437 268 -1 
              439 438 268 -1 
              440 439 269 -1 
              441 440 269 -1 
              442 441 270 -1 
              739 144 738 -1 
              738 144 145 -1 
              742 492 493 -1 
              736 147 148 -1 
              733 151 152 -1 
              732 153 154 -1 
              728 159 727 -1 
              157 729 156 -1 
              727 159 160 -1 
              470 160 15 -1 
              727 160 470 -1 
              737 146 147 -1 
              728 158 159 -1 
              738 145 737 -1 
              157 158 729 -1 
              499 14 143 -1 
              155 731 154 -1 
              726 473 474 -1 
              480 723 479 -1 
              480 481 722 -1 
              721 483 484 -1 
              443 484 23 -1 
              721 484 443 -1 
              720 447 719 -1 
              482 721 722 -1 
              720 446 447 -1 
              724 477 478 -1 
              724 476 477 -1 
              718 450 451 -1 
              716 453 454 -1 
              735 148 149 -1 
              715 455 456 -1 
              457 458 714 -1 
              458 459 714 -1 
              459 460 713 -1 
              460 461 713 -1 
              712 462 463 -1 
              711 463 464 -1 
              711 464 465 -1 
              710 465 466 -1 
              710 466 467 -1 
              710 467 745 -1 
              745 468 469 -1 
              485 469 22 -1 
              745 469 485 -1 
              745 467 468 -1 
              486 487 745 -1 
              712 461 462 -1 
              743 489 490 -1 
              490 491 743 -1 
              494 495 741 -1 
              495 496 740 -1 
              499 739 498 -1 
              744 487 488 -1 
              744 488 489 -1 
              715 456 457 -1 
              711 465 710 -1 
              716 454 455 -1 
              712 463 711 -1 
              717 452 453 -1 
              713 461 712 -1 
              717 451 452 -1 
              714 459 713 -1 
              718 449 450 -1 
              715 457 714 -1 
              719 448 449 -1 
              716 455 715 -1 
              719 447 448 -1 
              717 453 716 -1 
              720 445 446 -1 
              718 451 717 -1 
              721 444 445 -1 
              719 449 718 -1 
              722 481 482 -1 
              721 445 720 -1 
              721 482 483 -1 
              721 443 444 -1 
              723 478 479 -1 
              725 475 476 -1 
              723 480 722 -1 
              725 474 475 -1 
              724 478 723 -1 
              726 472 473 -1 
              725 476 724 -1 
              727 471 472 -1 
              726 474 725 -1 
              727 470 471 -1 
              727 472 726 -1 
              730 155 156 -1 
              732 152 153 -1 
              729 158 728 -1 
              734 150 151 -1 
              730 156 729 -1 
              734 149 150 -1 
              731 155 730 -1 
              732 154 731 -1 
              733 152 732 -1 
              734 151 733 -1 
              737 145 146 -1 
              735 149 734 -1 
              736 148 735 -1 
              737 147 736 -1 
              497 739 740 -1 
              740 496 497 -1 
              739 143 144 -1 
              739 497 498 -1 
              739 499 143 -1 
              741 493 494 -1 
              742 491 492 -1 
              741 495 740 -1 
              742 493 741 -1 
              743 491 742 -1 
              744 489 743 -1 
              745 485 486 -1 
              745 487 744 -1 
              727 726 728 -1 
              746 728 726 -1 
              728 746 729 -1 
              747 729 746 -1 
              729 747 730 -1 
              748 730 747 -1 
              730 748 731 -1 
              749 731 748 -1 
              731 749 732 -1 
              750 732 749 -1 
              732 750 733 -1 
              751 733 750 -1 
              726 725 746 -1 
              752 746 725 -1 
              746 752 747 -1 
              753 747 752 -1 
              725 724 752 -1 
              754 752 724 -1 
              752 754 753 -1 
              755 753 754 -1 
              747 753 748 -1 
              756 748 753 -1 
              748 756 749 -1 
              757 749 756 -1 
              749 757 750 -1 
              758 750 757 -1 
              750 758 751 -1 
              759 751 758 -1 
              753 755 756 -1 
              760 756 755 -1 
              756 760 757 -1 
              761 757 760 -1 
              757 761 758 -1 
              762 758 761 -1 
              758 762 759 -1 
              763 759 762 -1 
              733 751 734 -1 
              764 734 751 -1 
              734 764 735 -1 
              765 735 764 -1 
              735 765 736 -1 
              766 736 765 -1 
              736 766 737 -1 
              767 737 766 -1 
              737 767 738 -1 
              768 738 767 -1 
              738 768 739 -1 
              740 739 768 -1 
              751 759 764 -1 
              769 764 759 -1 
              764 769 765 -1 
              770 765 769 -1 
              765 770 766 -1 
              771 766 770 -1 
              766 771 767 -1 
              772 767 771 -1 
              759 763 769 -1 
              773 769 763 -1 
              769 773 770 -1 
              774 770 773 -1 
              770 774 771 -1 
              775 771 774 -1 
              771 775 772 -1 
              776 772 775 -1 
              767 772 768 -1 
              777 768 772 -1 
              768 777 740 -1 
              741 740 777 -1 
              772 776 777 -1 
              778 777 776 -1 
              777 778 741 -1 
              742 741 778 -1 
              724 723 754 -1 
              779 754 723 -1 
              754 779 755 -1 
              780 755 779 -1 
              723 722 779 -1 
              781 779 722 -1 
              779 781 780 -1 
              782 780 781 -1 
              755 780 760 -1 
              783 760 780 -1 
              760 783 761 -1 
              784 761 783 -1 
              761 784 762 -1 
              785 762 784 -1 
              762 785 763 -1 
              786 763 785 -1 
              780 782 783 -1 
              787 783 782 -1 
              783 787 784 -1 
              788 784 787 -1 
              784 788 785 -1 
              789 785 788 -1 
              785 789 786 -1 
              790 786 789 -1 
              722 721 781 -1 
              720 781 721 -1 
              781 720 782 -1 
              719 782 720 -1 
              782 719 787 -1 
              718 787 719 -1 
              787 718 788 -1 
              717 788 718 -1 
              788 717 789 -1 
              716 789 717 -1 
              789 716 790 -1 
              715 790 716 -1 
              763 786 773 -1 
              791 773 786 -1 
              773 791 774 -1 
              792 774 791 -1 
              774 792 775 -1 
              793 775 792 -1 
              775 793 776 -1 
              794 776 793 -1 
              786 790 791 -1 
              795 791 790 -1 
              791 795 792 -1 
              796 792 795 -1 
              792 796 793 -1 
              797 793 796 -1 
              793 797 794 -1 
              798 794 797 -1 
              776 794 778 -1 
              799 778 794 -1 
              778 799 742 -1 
              743 742 799 -1 
              794 798 799 -1 
              800 799 798 -1 
              799 800 743 -1 
              744 743 800 -1 
              790 715 795 -1 
              714 795 715 -1 
              795 714 796 -1 
              713 796 714 -1 
              796 713 797 -1 
              712 797 713 -1 
              797 712 798 -1 
              711 798 712 -1 
              798 711 800 -1 
              710 800 711 -1 
              800 710 744 -1 
              745 744 710 -1 
              442 484 836 -1 
              836 482 835 -1 
              482 836 483 -1 
              833 476 832 -1 
              474 832 475 -1 
              474 473 831 -1 
              830 471 470 -1 
              280 470 15 -1 
              478 834 479 -1 
              830 281 829 -1 
              835 481 480 -1 
              472 830 831 -1 
              836 484 483 -1 
              832 476 475 -1 
              442 23 484 -1 
              824 288 289 -1 
              822 290 291 -1 
              819 295 818 -1 
              819 294 295 -1 
              499 296 14 -1 
              818 296 499 -1 
              818 499 498 -1 
              293 294 820 -1 
              292 821 291 -1 
              817 496 495 -1 
              286 287 825 -1 
              489 814 490 -1 
              812 487 486 -1 
              812 486 485 -1 
              416 485 22 -1 
              812 485 416 -1 
              812 416 417 -1 
              487 812 813 -1 
              811 419 420 -1 
              814 491 490 -1 
              815 493 492 -1 
              809 423 424 -1 
              807 426 427 -1 
              806 428 429 -1 
              805 430 431 -1 
              805 431 432 -1 
              804 432 433 -1 
              804 433 434 -1 
              835 482 481 -1 
              437 802 436 -1 
              438 802 437 -1 
              439 801 438 -1 
              440 801 439 -1 
              836 801 440 -1 
              442 836 441 -1 
              803 434 435 -1 
              803 435 436 -1 
              806 429 430 -1 
              802 438 801 -1 
              807 427 428 -1 
              803 436 802 -1 
              808 425 426 -1 
              804 434 803 -1 
              808 424 425 -1 
              805 432 804 -1 
              809 422 423 -1 
              806 430 805 -1 
              810 421 422 -1 
              807 428 806 -1 
              810 420 421 -1 
              808 426 807 -1 
              811 418 419 -1 
              809 424 808 -1 
              812 417 418 -1 
              810 422 809 -1 
              811 420 810 -1 
              489 488 813 -1 
              812 418 811 -1 
              813 488 487 -1 
              815 492 491 -1 
              816 494 493 -1 
              814 489 813 -1 
              816 495 494 -1 
              815 491 814 -1 
              817 497 496 -1 
              816 493 815 -1 
              818 498 497 -1 
              817 495 816 -1 
              818 295 296 -1 
              818 497 817 -1 
              821 292 293 -1 
              823 289 290 -1 
              820 294 819 -1 
              824 287 288 -1 
              821 293 820 -1 
              826 285 286 -1 
              822 291 821 -1 
              827 284 285 -1 
              823 290 822 -1 
              827 283 284 -1 
              824 289 823 -1 
              828 282 283 -1 
              825 287 824 -1 
              826 286 825 -1 
              829 281 282 -1 
              827 285 826 -1 
              829 282 828 -1 
              828 283 827 -1 
              831 473 472 -1 
              830 280 281 -1 
              830 472 471 -1 
              830 470 280 -1 
              833 477 476 -1 
              833 478 477 -1 
              832 474 831 -1 
              834 480 479 -1 
              834 478 833 -1 
              835 480 834 -1 
              836 440 441 -1 
              818 817 819 -1 
              837 819 817 -1 
              819 837 820 -1 
              838 820 837 -1 
              820 838 821 -1 
              839 821 838 -1 
              821 839 822 -1 
              840 822 839 -1 
              822 840 823 -1 
              841 823 840 -1 
              823 841 824 -1 
              842 824 841 -1 
              817 816 837 -1 
              843 837 816 -1 
              837 843 838 -1 
              844 838 843 -1 
              816 815 843 -1 
              845 843 815 -1 
              843 845 844 -1 
              846 844 845 -1 
              838 844 839 -1 
              847 839 844 -1 
              839 847 840 -1 
              848 840 847 -1 
              840 848 841 -1 
              849 841 848 -1 
              841 849 842 -1 
              850 842 849 -1 
              844 846 847 -1 
              851 847 846 -1 
              847 851 848 -1 
              852 848 851 -1 
              848 852 849 -1 
              853 849 852 -1 
              849 853 850 -1 
              854 850 853 -1 
              824 842 825 -1 
              855 825 842 -1 
              825 855 826 -1 
              856 826 855 -1 
              826 856 827 -1 
              857 827 856 -1 
              827 857 828 -1 
              858 828 857 -1 
              828 858 829 -1 
              859 829 858 -1 
              829 859 830 -1 
              831 830 859 -1 
              842 850 855 -1 
              860 855 850 -1 
              855 860 856 -1 
              861 856 860 -1 
              856 861 857 -1 
              862 857 861 -1 
              857 862 858 -1 
              863 858 862 -1 
              850 854 860 -1 
              864 860 854 -1 
              860 864 861 -1 
              865 861 864 -1 
              861 865 862 -1 
              866 862 865 -1 
              862 866 863 -1 
              867 863 866 -1 
              858 863 859 -1 
              868 859 863 -1 
              859 868 831 -1 
              832 831 868 -1 
              863 867 868 -1 
              869 868 867 -1 
              868 869 832 -1 
              833 832 869 -1 
              815 814 845 -1 
              870 845 814 -1 
              845 870 846 -1 
              871 846 870 -1 
              814 813 870 -1 
              872 870 813 -1 
              870 872 871 -1 
              873 871 872 -1 
              846 871 851 -1 
              874 851 871 -1 
              851 874 852 -1 
              875 852 874 -1 
              852 875 853 -1 
              876 853 875 -1 
              853 876 854 -1 
              877 854 876 -1 
              871 873 874 -1 
              878 874 873 -1 
              874 878 875 -1 
              879 875 878 -1 
              875 879 876 -1 
              880 876 879 -1 
              876 880 877 -1 
              881 877 880 -1 
              813 812 872 -1 
              811 872 812 -1 
              872 811 873 -1 
              810 873 811 -1 
              873 810 878 -1 
              809 878 810 -1 
              878 809 879 -1 
              808 879 809 -1 
              879 808 880 -1 
              807 880 808 -1 
              880 807 881 -1 
              806 881 807 -1 
              854 877 864 -1 
              882 864 877 -1 
              864 882 865 -1 
              883 865 882 -1 
              865 883 866 -1 
              884 866 883 -1 
              866 884 867 -1 
              885 867 884 -1 
              877 881 882 -1 
              886 882 881 -1 
              882 886 883 -1 
              887 883 886 -1 
              883 887 884 -1 
              888 884 887 -1 
              884 888 885 -1 
              889 885 888 -1 
              867 885 869 -1 
              890 869 885 -1 
              869 890 833 -1 
              834 833 890 -1 
              885 889 890 -1 
              891 890 889 -1 
              890 891 834 -1 
              835 834 891 -1 
              881 806 886 -1 
              805 886 806 -1 
              886 805 887 -1 
              804 887 805 -1 
              887 804 888 -1 
              803 888 804 -1 
              888 803 889 -1 
              802 889 803 -1 
              889 802 891 -1 
              801 891 802 -1 
              891 801 835 -1 
              836 835 801 -1 
              332 348 331 -1 
              344 360 343 -1 
              114 62 113 -1 
              10 5 74 -1 
              11 4 364 -1 
              11 58 4 -1 
              347 364 363 -1 
              347 11 364 -1 
              346 363 362 -1 
              346 347 363 -1 
              345 362 361 -1 
              345 346 362 -1 
              344 361 360 -1 
              344 345 361 -1 
              343 359 342 -1 
              343 360 359 -1 
              342 358 341 -1 
              342 359 358 -1 
              341 357 340 -1 
              341 358 357 -1 
              340 356 339 -1 
              340 357 356 -1 
              339 355 338 -1 
              339 356 355 -1 
              338 355 354 -1 
              337 354 353 -1 
              337 338 354 -1 
              336 353 352 -1 
              336 337 353 -1 
              335 352 351 -1 
              335 336 352 -1 
              334 351 350 -1 
              334 335 351 -1 
              333 350 349 -1 
              333 334 350 -1 
              332 349 348 -1 
              332 333 349 -1 
              331 5 10 -1 
              331 348 5 -1 
              10 74 125 -1 
              125 73 124 -1 
              125 74 73 -1 
              124 72 123 -1 
              124 73 72 -1 
              123 71 122 -1 
              123 72 71 -1 
              122 70 121 -1 
              122 71 70 -1 
              121 70 69 -1 
              120 69 68 -1 
              120 121 69 -1 
              119 68 67 -1 
              119 120 68 -1 
              118 67 66 -1 
              118 119 67 -1 
              117 66 65 -1 
              117 118 66 -1 
              116 65 64 -1 
              116 117 65 -1 
              115 64 63 -1 
              115 116 64 -1 
              114 63 62 -1 
              114 115 63 -1 
              113 61 112 -1 
              113 62 61 -1 
              112 60 111 -1 
              112 61 60 -1 
              111 59 110 -1 
              111 60 59 -1 
              110 58 109 -1 
              110 59 58 -1 
              109 58 11 -1 
              388 372 389 -1 
              390 373 374 -1 
              36 35 87 -1 
              383 366 367 -1 
              382 365 366 -1 
              1 6 365 -1 
              40 91 1 -1 
              39 90 91 -1 
              38 89 90 -1 
              30 81 82 -1 
              29 80 81 -1 
              397 396 380 -1 
              1 91 6 -1 
              384 367 368 -1 
              382 1 365 -1 
              385 368 369 -1 
              383 382 366 -1 
              386 369 370 -1 
              384 383 367 -1 
              387 370 371 -1 
              385 384 368 -1 
              388 371 372 -1 
              386 385 369 -1 
              389 372 373 -1 
              387 386 370 -1 
              391 374 375 -1 
              388 387 371 -1 
              392 375 376 -1 
              393 376 377 -1 
              390 389 373 -1 
              394 377 378 -1 
              391 390 374 -1 
              395 378 379 -1 
              392 391 375 -1 
              396 379 380 -1 
              393 392 376 -1 
              397 380 381 -1 
              394 393 377 -1 
              398 381 7 -1 
              395 394 378 -1 
              0 7 75 -1 
              396 395 379 -1 
              24 75 76 -1 
              25 76 77 -1 
              398 397 381 -1 
              26 77 78 -1 
              0 398 7 -1 
              27 78 79 -1 
              24 0 75 -1 
              28 79 80 -1 
              25 24 76 -1 
              26 25 77 -1 
              27 26 78 -1 
              28 27 79 -1 
              31 82 83 -1 
              29 28 80 -1 
              32 83 84 -1 
              30 29 81 -1 
              33 84 85 -1 
              31 30 82 -1 
              34 85 86 -1 
              32 31 83 -1 
              35 86 87 -1 
              33 32 84 -1 
              36 87 88 -1 
              34 33 85 -1 
              37 88 89 -1 
              35 34 86 -1 
              37 36 88 -1 
              38 37 89 -1 
              39 38 90 -1 
              40 39 91 -1 
              414 415 3 -1 
              413 414 3 -1 
              412 413 3 -1 
              411 412 3 -1 
              410 411 3 -1 
              409 410 3 -1 
              408 409 3 -1 
              407 408 3 -1 
              406 407 3 -1 
              405 406 3 -1 
              404 405 3 -1 
              403 404 3 -1 
              402 403 3 -1 
              401 402 3 -1 
              400 401 3 -1 
              399 400 3 -1 
              2 399 3 -1 
              57 2 3 -1 
              56 57 3 -1 
              55 56 3 -1 
              54 55 3 -1 
              53 54 3 -1 
              52 53 3 -1 
              51 52 3 -1 
              50 51 3 -1 
              49 50 3 -1 
              48 49 3 -1 
              47 48 3 -1 
              46 47 3 -1 
              45 46 3 -1 
              44 45 3 -1 
              43 44 3 -1 
              42 43 3 -1 
              41 42 3 -1 
            ]
            normalIndex [
              26 10 11 -1 
              25 11 12 -1 
              24 12 13 -1 
              23 13 14 -1 
              22 14 15 -1 
              21 15 16 -1 
              20 16 17 -1 
              19 17 18 -1 
              27 9 10 -1 
              20 17 19 -1 
              28 8 9 -1 
              21 16 20 -1 
              29 7 8 -1 
              22 15 21 -1 
              30 6 7 -1 
              23 14 22 -1 
              31 5 6 -1 
              24 13 23 -1 
              32 4 5 -1 
              25 12 24 -1 
              26 11 25 -1 
              33 3 4 -1 
              27 10 26 -1 
              34 2 3 -1 
              28 9 27 -1 
              35 1 2 -1 
              29 8 28 -1 
              36 0 1 -1 
              30 7 29 -1 
              31 6 30 -1 
              32 5 31 -1 
              33 4 32 -1 
              34 3 33 -1 
              35 2 34 -1 
              36 1 35 -1 
              37 0 36 -1 
              66 46 47 -1 
              65 47 48 -1 
              64 48 49 -1 
              63 49 50 -1 
              62 50 51 -1 
              61 51 52 -1 
              60 52 53 -1 
              59 53 54 -1 
              58 54 55 -1 
              57 55 56 -1 
              67 45 46 -1 
              58 55 57 -1 
              68 44 45 -1 
              59 54 58 -1 
              69 43 44 -1 
              60 53 59 -1 
              70 42 43 -1 
              61 52 60 -1 
              71 41 42 -1 
              62 51 61 -1 
              72 40 41 -1 
              63 50 62 -1 
              64 49 63 -1 
              73 39 40 -1 
              65 48 64 -1 
              74 38 39 -1 
              66 47 65 -1 
              67 46 66 -1 
              68 45 67 -1 
              69 44 68 -1 
              70 43 69 -1 
              71 42 70 -1 
              72 41 71 -1 
              73 40 72 -1 
              74 39 73 -1 
              75 38 74 -1 
              98 90 91 -1 
              97 91 92 -1 
              96 92 93 -1 
              95 93 94 -1 
              99 89 90 -1 
              96 93 95 -1 
              100 88 89 -1 
              97 92 96 -1 
              101 87 88 -1 
              98 91 97 -1 
              102 86 87 -1 
              99 90 98 -1 
              103 85 86 -1 
              100 89 99 -1 
              104 84 85 -1 
              101 88 100 -1 
              105 83 84 -1 
              102 87 101 -1 
              103 86 102 -1 
              106 82 83 -1 
              104 85 103 -1 
              107 81 82 -1 
              105 84 104 -1 
              108 80 81 -1 
              106 83 105 -1 
              109 79 80 -1 
              107 82 106 -1 
              110 78 79 -1 
              108 81 107 -1 
              111 77 78 -1 
              109 80 108 -1 
              112 76 77 -1 
              110 79 109 -1 
              111 78 110 -1 
              112 77 111 -1 
              113 76 112 -1 
              136 128 129 -1 
              135 129 130 -1 
              134 130 131 -1 
              133 131 132 -1 
              137 127 128 -1 
              134 131 133 -1 
              138 126 127 -1 
              135 130 134 -1 
              139 125 126 -1 
              136 129 135 -1 
              140 124 125 -1 
              137 128 136 -1 
              141 123 124 -1 
              138 127 137 -1 
              142 122 123 -1 
              139 126 138 -1 
              143 121 122 -1 
              140 125 139 -1 
              144 120 121 -1 
              141 124 140 -1 
              145 119 120 -1 
              142 123 141 -1 
              146 118 119 -1 
              143 122 142 -1 
              147 117 118 -1 
              144 121 143 -1 
              148 116 117 -1 
              145 120 144 -1 
              149 115 116 -1 
              146 119 145 -1 
              150 114 115 -1 
              147 118 146 -1 
              148 117 147 -1 
              149 116 148 -1 
              150 115 149 -1 
              151 114 150 -1 
              190 152 153 -1 
              189 153 154 -1 
              188 154 155 -1 
              187 155 156 -1 
              186 156 157 -1 
              185 157 158 -1 
              184 158 159 -1 
              183 159 160 -1 
              182 160 161 -1 
              181 161 162 -1 
              180 162 163 -1 
              179 163 164 -1 
              178 164 165 -1 
              177 165 166 -1 
              176 166 167 -1 
              175 167 168 -1 
              174 168 169 -1 
              173 169 170 -1 
              172 170 171 -1 
              173 170 172 -1 
              174 169 173 -1 
              175 168 174 -1 
              176 167 175 -1 
              177 166 176 -1 
              178 165 177 -1 
              179 164 178 -1 
              180 163 179 -1 
              181 162 180 -1 
              182 161 181 -1 
              183 160 182 -1 
              184 159 183 -1 
              185 158 184 -1 
              186 157 185 -1 
              187 156 186 -1 
              188 155 187 -1 
              189 154 188 -1 
              190 153 189 -1 
              223 195 196 -1 
              222 196 197 -1 
              221 197 198 -1 
              220 198 199 -1 
              219 199 200 -1 
              218 200 201 -1 
              217 201 202 -1 
              216 202 203 -1 
              215 203 204 -1 
              214 204 205 -1 
              213 205 206 -1 
              212 206 207 -1 
              211 207 208 -1 
              210 208 209 -1 
              224 194 195 -1 
              211 208 210 -1 
              212 207 211 -1 
              225 193 194 -1 
              213 206 212 -1 
              226 192 193 -1 
              214 205 213 -1 
              227 191 192 -1 
              215 204 214 -1 
              216 203 215 -1 
              217 202 216 -1 
              218 201 217 -1 
              219 200 218 -1 
              220 199 219 -1 
              221 198 220 -1 
              222 197 221 -1 
              223 196 222 -1 
              224 195 223 -1 
              225 194 224 -1 
              226 193 225 -1 
              227 192 226 -1 
              228 191 227 -1 
              283 229 230 -1 
              283 230 304 -1 
              305 282 304 -1 
              303 231 232 -1 
              302 232 233 -1 
              301 233 234 -1 
              300 234 235 -1 
              299 235 236 -1 
              298 236 237 -1 
              297 237 238 -1 
              297 238 239 -1 
              239 240 296 -1 
              291 244 245 -1 
              248 246 247 -1 
              290 246 248 -1 
              291 245 290 -1 
              292 243 244 -1 
              293 243 292 -1 
              251 252 287 -1 
              287 252 253 -1 
              286 253 254 -1 
              284 255 256 -1 
              258 256 257 -1 
              284 256 258 -1 
              323 260 322 -1 
              321 261 262 -1 
              265 266 317 -1 
              317 266 267 -1 
              316 267 268 -1 
              315 268 269 -1 
              311 272 273 -1 
              276 274 275 -1 
              310 274 276 -1 
              312 271 272 -1 
              312 272 311 -1 
              304 231 303 -1 
              285 254 255 -1 
              284 258 259 -1 
              285 255 284 -1 
              323 259 260 -1 
              292 244 291 -1 
              286 254 285 -1 
              288 250 251 -1 
              287 253 286 -1 
              289 249 250 -1 
              288 251 287 -1 
              290 248 249 -1 
              289 250 288 -1 
              290 245 246 -1 
              290 249 289 -1 
              293 242 243 -1 
              294 241 242 -1 
              295 240 241 -1 
              294 242 293 -1 
              318 265 317 -1 
              295 241 294 -1 
              317 267 316 -1 
              296 240 295 -1 
              316 268 315 -1 
              297 239 296 -1 
              298 237 297 -1 
              299 236 298 -1 
              300 235 299 -1 
              301 234 300 -1 
              306 281 305 -1 
              302 233 301 -1 
              306 280 281 -1 
              304 230 231 -1 
              303 232 302 -1 
              305 281 282 -1 
              304 282 283 -1 
              307 279 280 -1 
              308 278 279 -1 
              309 277 278 -1 
              307 280 306 -1 
              311 273 310 -1 
              308 279 307 -1 
              310 276 277 -1 
              309 278 308 -1 
              310 273 274 -1 
              310 277 309 -1 
              313 270 271 -1 
              314 269 270 -1 
              313 271 312 -1 
              314 270 313 -1 
              315 269 314 -1 
              318 264 265 -1 
              319 263 264 -1 
              320 262 263 -1 
              319 264 318 -1 
              320 263 319 -1 
              322 260 261 -1 
              321 262 320 -1 
              322 261 321 -1 
              323 284 259 -1 
              304 303 305 -1 
              324 305 303 -1 
              303 302 324 -1 
              325 324 302 -1 
              302 301 325 -1 
              326 325 301 -1 
              305 324 306 -1 
              327 306 324 -1 
              306 327 307 -1 
              328 307 327 -1 
              324 325 327 -1 
              329 327 325 -1 
              325 326 329 -1 
              330 329 326 -1 
              327 329 328 -1 
              331 328 329 -1 
              329 330 331 -1 
              332 331 330 -1 
              301 300 326 -1 
              333 326 300 -1 
              300 299 333 -1 
              334 333 299 -1 
              299 298 334 -1 
              335 334 298 -1 
              298 297 335 -1 
              336 335 297 -1 
              326 333 330 -1 
              337 330 333 -1 
              333 334 337 -1 
              338 337 334 -1 
              330 337 332 -1 
              339 332 337 -1 
              337 338 339 -1 
              340 339 338 -1 
              334 335 338 -1 
              341 338 335 -1 
              335 336 341 -1 
              342 341 336 -1 
              338 341 340 -1 
              343 340 341 -1 
              341 342 343 -1 
              344 343 342 -1 
              307 328 308 -1 
              345 308 328 -1 
              308 345 309 -1 
              346 309 345 -1 
              328 331 345 -1 
              347 345 331 -1 
              331 332 347 -1 
              348 347 332 -1 
              345 347 346 -1 
              349 346 347 -1 
              347 348 349 -1 
              350 349 348 -1 
              309 346 310 -1 
              311 310 346 -1 
              346 349 311 -1 
              312 311 349 -1 
              349 350 312 -1 
              313 312 350 -1 
              332 339 348 -1 
              351 348 339 -1 
              339 340 351 -1 
              352 351 340 -1 
              348 351 350 -1 
              353 350 351 -1 
              351 352 353 -1 
              354 353 352 -1 
              340 343 352 -1 
              355 352 343 -1 
              343 344 355 -1 
              356 355 344 -1 
              352 355 354 -1 
              357 354 355 -1 
              355 356 357 -1 
              358 357 356 -1 
              350 353 313 -1 
              314 313 353 -1 
              353 354 314 -1 
              315 314 354 -1 
              354 357 315 -1 
              316 315 357 -1 
              357 358 316 -1 
              317 316 358 -1 
              297 296 336 -1 
              359 336 296 -1 
              296 295 359 -1 
              360 359 295 -1 
              295 294 360 -1 
              361 360 294 -1 
              294 293 361 -1 
              362 361 293 -1 
              336 359 342 -1 
              363 342 359 -1 
              359 360 363 -1 
              364 363 360 -1 
              342 363 344 -1 
              365 344 363 -1 
              363 364 365 -1 
              366 365 364 -1 
              360 361 364 -1 
              367 364 361 -1 
              361 362 367 -1 
              368 367 362 -1 
              364 367 366 -1 
              369 366 367 -1 
              367 368 369 -1 
              370 369 368 -1 
              293 292 362 -1 
              371 362 292 -1 
              292 291 371 -1 
              372 371 291 -1 
              291 290 372 -1 
              289 372 290 -1 
              362 371 368 -1 
              373 368 371 -1 
              371 372 373 -1 
              374 373 372 -1 
              368 373 370 -1 
              375 370 373 -1 
              373 374 375 -1 
              376 375 374 -1 
              372 289 374 -1 
              288 374 289 -1 
              374 288 376 -1 
              287 376 288 -1 
              344 365 356 -1 
              377 356 365 -1 
              365 366 377 -1 
              378 377 366 -1 
              356 377 358 -1 
              379 358 377 -1 
              377 378 379 -1 
              380 379 378 -1 
              366 369 378 -1 
              381 378 369 -1 
              369 370 381 -1 
              382 381 370 -1 
              378 381 380 -1 
              383 380 381 -1 
              381 382 383 -1 
              384 383 382 -1 
              358 379 317 -1 
              318 317 379 -1 
              379 380 318 -1 
              319 318 380 -1 
              380 383 319 -1 
              320 319 383 -1 
              383 384 320 -1 
              321 320 384 -1 
              370 375 382 -1 
              385 382 375 -1 
              375 376 385 -1 
              386 385 376 -1 
              382 385 384 -1 
              387 384 385 -1 
              385 386 387 -1 
              388 387 386 -1 
              376 287 386 -1 
              286 386 287 -1 
              386 286 388 -1 
              285 388 286 -1 
              384 387 321 -1 
              322 321 387 -1 
              387 388 322 -1 
              323 322 388 -1 
              388 285 323 -1 
              284 323 285 -1 
              444 425 427 -1 
              443 390 470 -1 
              470 390 391 -1 
              469 391 392 -1 
              394 467 393 -1 
              466 395 396 -1 
              465 396 397 -1 
              400 398 399 -1 
              464 398 400 -1 
              466 396 465 -1 
              461 403 404 -1 
              460 404 405 -1 
              459 405 406 -1 
              458 406 407 -1 
              457 407 408 -1 
              457 408 409 -1 
              409 410 456 -1 
              451 414 415 -1 
              418 416 417 -1 
              450 416 418 -1 
              452 413 414 -1 
              452 414 451 -1 
              453 413 452 -1 
              447 421 422 -1 
              446 422 423 -1 
              444 424 425 -1 
              427 425 426 -1 
              483 429 482 -1 
              481 430 431 -1 
              434 435 477 -1 
              477 435 436 -1 
              476 436 437 -1 
              475 437 438 -1 
              470 391 469 -1 
              443 389 390 -1 
              445 423 424 -1 
              444 427 428 -1 
              445 424 444 -1 
              483 428 429 -1 
              448 420 421 -1 
              446 423 445 -1 
              449 419 420 -1 
              447 422 446 -1 
              451 415 450 -1 
              448 421 447 -1 
              450 418 419 -1 
              449 420 448 -1 
              450 415 416 -1 
              450 419 449 -1 
              453 412 413 -1 
              454 411 412 -1 
              455 410 411 -1 
              454 412 453 -1 
              478 434 477 -1 
              455 411 454 -1 
              477 436 476 -1 
              456 410 455 -1 
              476 437 475 -1 
              457 409 456 -1 
              458 407 457 -1 
              459 406 458 -1 
              462 402 403 -1 
              460 405 459 -1 
              463 401 402 -1 
              461 404 460 -1 
              465 397 464 -1 
              462 403 461 -1 
              464 400 401 -1 
              463 402 462 -1 
              464 397 398 -1 
              464 401 463 -1 
              467 394 395 -1 
              472 441 471 -1 
              468 392 393 -1 
              467 395 466 -1 
              468 393 467 -1 
              472 440 441 -1 
              469 392 468 -1 
              471 442 470 -1 
              471 441 442 -1 
              470 442 443 -1 
              473 439 440 -1 
              474 438 439 -1 
              473 440 472 -1 
              474 439 473 -1 
              475 438 474 -1 
              478 433 434 -1 
              479 432 433 -1 
              480 431 432 -1 
              479 433 478 -1 
              480 432 479 -1 
              482 429 430 -1 
              481 431 480 -1 
              482 430 481 -1 
              483 444 428 -1 
              464 463 465 -1 
              484 465 463 -1 
              463 462 484 -1 
              485 484 462 -1 
              462 461 485 -1 
              486 485 461 -1 
              465 484 466 -1 
              487 466 484 -1 
              466 487 467 -1 
              488 467 487 -1 
              484 485 487 -1 
              489 487 485 -1 
              485 486 489 -1 
              490 489 486 -1 
              487 489 488 -1 
              491 488 489 -1 
              489 490 491 -1 
              492 491 490 -1 
              461 460 486 -1 
              493 486 460 -1 
              460 459 493 -1 
              494 493 459 -1 
              459 458 494 -1 
              495 494 458 -1 
              458 457 495 -1 
              496 495 457 -1 
              486 493 490 -1 
              497 490 493 -1 
              493 494 497 -1 
              498 497 494 -1 
              490 497 492 -1 
              499 492 497 -1 
              497 498 499 -1 
              500 499 498 -1 
              494 495 498 -1 
              501 498 495 -1 
              495 496 501 -1 
              502 501 496 -1 
              498 501 500 -1 
              503 500 501 -1 
              501 502 503 -1 
              504 503 502 -1 
              467 488 468 -1 
              505 468 488 -1 
              468 505 469 -1 
              506 469 505 -1 
              488 491 505 -1 
              507 505 491 -1 
              491 492 507 -1 
              508 507 492 -1 
              505 507 506 -1 
              509 506 507 -1 
              507 508 509 -1 
              510 509 508 -1 
              469 506 470 -1 
              471 470 506 -1 
              506 509 471 -1 
              472 471 509 -1 
              509 510 472 -1 
              473 472 510 -1 
              492 499 508 -1 
              511 508 499 -1 
              499 500 511 -1 
              512 511 500 -1 
              508 511 510 -1 
              513 510 511 -1 
              511 512 513 -1 
              514 513 512 -1 
              500 503 512 -1 
              515 512 503 -1 
              503 504 515 -1 
              516 515 504 -1 
              512 515 514 -1 
              517 514 515 -1 
              515 516 517 -1 
              518 517 516 -1 
              510 513 473 -1 
              474 473 513 -1 
              513 514 474 -1 
              475 474 514 -1 
              514 517 475 -1 
              476 475 517 -1 
              517 518 476 -1 
              477 476 518 -1 
              457 456 496 -1 
              519 496 456 -1 
              456 455 519 -1 
              520 519 455 -1 
              455 454 520 -1 
              521 520 454 -1 
              454 453 521 -1 
              522 521 453 -1 
              496 519 502 -1 
              523 502 519 -1 
              519 520 523 -1 
              524 523 520 -1 
              502 523 504 -1 
              525 504 523 -1 
              523 524 525 -1 
              526 525 524 -1 
              520 521 524 -1 
              527 524 521 -1 
              521 522 527 -1 
              528 527 522 -1 
              524 527 526 -1 
              529 526 527 -1 
              527 528 529 -1 
              530 529 528 -1 
              453 452 522 -1 
              531 522 452 -1 
              452 451 531 -1 
              532 531 451 -1 
              451 450 532 -1 
              449 532 450 -1 
              522 531 528 -1 
              533 528 531 -1 
              531 532 533 -1 
              534 533 532 -1 
              528 533 530 -1 
              535 530 533 -1 
              533 534 535 -1 
              536 535 534 -1 
              532 449 534 -1 
              448 534 449 -1 
              534 448 536 -1 
              447 536 448 -1 
              504 525 516 -1 
              537 516 525 -1 
              525 526 537 -1 
              538 537 526 -1 
              516 537 518 -1 
              539 518 537 -1 
              537 538 539 -1 
              540 539 538 -1 
              526 529 538 -1 
              541 538 529 -1 
              529 530 541 -1 
              542 541 530 -1 
              538 541 540 -1 
              543 540 541 -1 
              541 542 543 -1 
              544 543 542 -1 
              518 539 477 -1 
              478 477 539 -1 
              539 540 478 -1 
              479 478 540 -1 
              540 543 479 -1 
              480 479 543 -1 
              543 544 480 -1 
              481 480 544 -1 
              530 535 542 -1 
              545 542 535 -1 
              535 536 545 -1 
              546 545 536 -1 
              542 545 544 -1 
              547 544 545 -1 
              545 546 547 -1 
              548 547 546 -1 
              536 447 546 -1 
              446 546 447 -1 
              546 446 548 -1 
              445 548 446 -1 
              544 547 481 -1 
              482 481 547 -1 
              547 548 482 -1 
              483 482 548 -1 
              548 445 483 -1 
              444 483 445 -1 
              551 549 550 -1 
              586 551 585 -1 
              584 553 583 -1 
              582 555 581 -1 
              580 557 579 -1 
              578 559 577 -1 
              576 561 575 -1 
              574 563 573 -1 
              572 565 571 -1 
              570 567 569 -1 
              577 559 560 -1 
              576 560 561 -1 
              575 561 562 -1 
              574 562 563 -1 
              573 563 564 -1 
              572 564 565 -1 
              571 565 566 -1 
              570 566 567 -1 
              569 567 568 -1 
              571 566 570 -1 
              578 558 559 -1 
              573 564 572 -1 
              579 557 558 -1 
              575 562 574 -1 
              580 556 557 -1 
              577 560 576 -1 
              581 555 556 -1 
              579 558 578 -1 
              582 554 555 -1 
              581 556 580 -1 
              583 553 554 -1 
              583 554 582 -1 
              584 552 553 -1 
              585 552 584 -1 
              585 551 552 -1 
              586 549 551 -1 
              589 587 588 -1 
              624 589 623 -1 
              622 591 621 -1 
              620 593 619 -1 
              618 595 617 -1 
              616 597 615 -1 
              614 599 613 -1 
              612 601 611 -1 
              610 603 609 -1 
              608 605 607 -1 
              615 597 598 -1 
              614 598 599 -1 
              613 599 600 -1 
              612 600 601 -1 
              611 601 602 -1 
              610 602 603 -1 
              609 603 604 -1 
              606 607 605 -1 
              608 604 605 -1 
              609 604 608 -1 
              616 596 597 -1 
              611 602 610 -1 
              617 595 596 -1 
              613 600 612 -1 
              618 594 595 -1 
              615 598 614 -1 
              619 593 594 -1 
              617 596 616 -1 
              620 592 593 -1 
              619 594 618 -1 
              621 591 592 -1 
              621 592 620 -1 
              622 590 591 -1 
              623 590 622 -1 
              623 589 590 -1 
              624 587 589 -1 
              627 625 626 -1 
              662 627 661 -1 
              660 629 659 -1 
              658 631 657 -1 
              656 633 655 -1 
              654 635 653 -1 
              650 638 639 -1 
              649 639 640 -1 
              648 640 641 -1 
              647 641 642 -1 
              646 642 643 -1 
              645 643 644 -1 
              651 637 638 -1 
              646 643 645 -1 
              652 636 637 -1 
              647 642 646 -1 
              653 635 636 -1 
              648 641 647 -1 
              654 634 635 -1 
              649 640 648 -1 
              655 633 634 -1 
              650 639 649 -1 
              656 632 633 -1 
              651 638 650 -1 
              653 636 652 -1 
              652 637 651 -1 
              657 631 632 -1 
              655 634 654 -1 
              658 630 631 -1 
              657 632 656 -1 
              659 629 630 -1 
              659 630 658 -1 
              660 628 629 -1 
              661 628 660 -1 
              661 627 628 -1 
              662 625 627 -1 
              665 663 664 -1 
              700 663 665 -1 
              699 665 666 -1 
              698 666 667 -1 
              697 667 668 -1 
              696 668 669 -1 
              688 676 677 -1 
              687 677 678 -1 
              686 678 679 -1 
              685 679 680 -1 
              684 680 681 -1 
              683 681 682 -1 
              689 675 676 -1 
              684 681 683 -1 
              690 674 675 -1 
              685 680 684 -1 
              691 673 674 -1 
              686 679 685 -1 
              692 672 673 -1 
              687 678 686 -1 
              693 671 672 -1 
              688 677 687 -1 
              694 670 671 -1 
              689 676 688 -1 
              690 675 689 -1 
              695 669 670 -1 
              691 674 690 -1 
              692 673 691 -1 
              693 672 692 -1 
              694 671 693 -1 
              695 670 694 -1 
              696 669 695 -1 
              697 668 696 -1 
              698 667 697 -1 
              699 666 698 -1 
              700 665 699 -1 
              703 701 702 -1 
              738 703 737 -1 
              736 705 735 -1 
              734 707 733 -1 
              732 709 731 -1 
              730 711 729 -1 
              728 713 727 -1 
              726 715 725 -1 
              724 717 723 -1 
              722 719 721 -1 
              729 711 712 -1 
              728 712 713 -1 
              727 713 714 -1 
              726 714 715 -1 
              725 715 716 -1 
              724 716 717 -1 
              723 717 718 -1 
              722 718 719 -1 
              721 719 720 -1 
              723 718 722 -1 
              730 710 711 -1 
              725 716 724 -1 
              731 709 710 -1 
              727 714 726 -1 
              732 708 709 -1 
              729 712 728 -1 
              733 707 708 -1 
              731 710 730 -1 
              734 706 707 -1 
              733 708 732 -1 
              735 705 706 -1 
              735 706 734 -1 
              736 704 705 -1 
              737 704 736 -1 
              737 703 704 -1 
              738 701 703 -1 
              741 739 740 -1 
              776 741 775 -1 
              774 743 773 -1 
              772 745 771 -1 
              770 747 769 -1 
              768 749 767 -1 
              766 751 765 -1 
              764 753 763 -1 
              762 755 761 -1 
              760 757 759 -1 
              767 749 750 -1 
              766 750 751 -1 
              765 751 752 -1 
              764 752 753 -1 
              763 753 754 -1 
              762 754 755 -1 
              761 755 756 -1 
              760 756 757 -1 
              759 757 758 -1 
              761 756 760 -1 
              768 748 749 -1 
              763 754 762 -1 
              769 747 748 -1 
              765 752 764 -1 
              770 746 747 -1 
              767 750 766 -1 
              771 745 746 -1 
              769 748 768 -1 
              772 744 745 -1 
              771 746 770 -1 
              773 743 744 -1 
              773 744 772 -1 
              774 742 743 -1 
              775 742 774 -1 
              775 741 742 -1 
              776 739 741 -1 
              779 778 777 -1 
              780 779 777 -1 
              781 780 777 -1 
              782 781 777 -1 
              783 782 777 -1 
              784 783 777 -1 
              785 784 777 -1 
              786 785 777 -1 
              787 786 777 -1 
              788 787 777 -1 
              789 788 777 -1 
              790 789 777 -1 
              791 790 777 -1 
              792 791 777 -1 
              793 792 777 -1 
              794 793 777 -1 
              795 794 777 -1 
              796 795 777 -1 
              797 796 777 -1 
              798 797 777 -1 
              799 798 777 -1 
              800 799 777 -1 
              801 800 777 -1 
              802 801 777 -1 
              803 802 777 -1 
              804 803 777 -1 
              805 804 777 -1 
              806 805 777 -1 
              807 806 777 -1 
              808 807 777 -1 
              809 808 777 -1 
              810 809 777 -1 
              811 810 777 -1 
              812 811 777 -1 
              862 814 813 -1 
              861 815 814 -1 
              859 816 815 -1 
              855 819 818 -1 
              853 820 819 -1 
              894 893 829 -1 
              904 822 849 -1 
              904 823 822 -1 
              903 824 823 -1 
              901 825 824 -1 
              896 828 827 -1 
              895 829 828 -1 
              878 840 839 -1 
              860 859 815 -1 
              851 821 820 -1 
              850 822 821 -1 
              856 818 817 -1 
              850 849 822 -1 
              858 817 816 -1 
              851 850 821 -1 
              852 851 820 -1 
              853 852 820 -1 
              854 853 819 -1 
              855 854 819 -1 
              856 855 818 -1 
              857 856 817 -1 
              858 857 817 -1 
              864 813 848 -1 
              859 858 816 -1 
              865 848 847 -1 
              861 860 815 -1 
              867 847 846 -1 
              862 861 814 -1 
              868 846 845 -1 
              863 862 813 -1 
              864 863 813 -1 
              870 845 844 -1 
              865 864 848 -1 
              871 844 843 -1 
              866 865 847 -1 
              873 843 842 -1 
              867 866 847 -1 
              868 867 846 -1 
              875 842 841 -1 
              869 868 845 -1 
              876 841 840 -1 
              870 869 845 -1 
              871 870 844 -1 
              872 871 843 -1 
              873 872 843 -1 
              874 873 842 -1 
              879 839 838 -1 
              875 874 842 -1 
              881 838 837 -1 
              876 875 841 -1 
              877 876 840 -1 
              883 837 836 -1 
              878 877 840 -1 
              884 836 835 -1 
              879 878 839 -1 
              880 879 838 -1 
              886 835 834 -1 
              881 880 838 -1 
              887 834 833 -1 
              882 881 837 -1 
              883 882 837 -1 
              889 833 832 -1 
              884 883 836 -1 
              890 832 831 -1 
              885 884 835 -1 
              892 831 830 -1 
              886 885 835 -1 
              887 886 834 -1 
              893 830 829 -1 
              888 887 833 -1 
              889 888 833 -1 
              890 889 832 -1 
              891 890 831 -1 
              898 827 826 -1 
              892 891 831 -1 
              899 826 825 -1 
              893 892 830 -1 
              895 894 829 -1 
              896 895 828 -1 
              897 896 827 -1 
              898 897 827 -1 
              899 898 826 -1 
              900 899 825 -1 
              901 900 825 -1 
              902 901 824 -1 
              903 902 824 -1 
              904 903 823 -1 
              1013 907 1012 -1 
              1012 907 908 -1 
              1016 976 977 -1 
              1010 910 911 -1 
              1007 914 915 -1 
              1006 916 917 -1 
              1002 922 1001 -1 
              920 1003 919 -1 
              1001 922 923 -1 
              925 923 924 -1 
              1001 923 925 -1 
              1011 909 910 -1 
              1002 921 922 -1 
              1012 908 1011 -1 
              920 921 1003 -1 
              983 905 906 -1 
              918 1005 917 -1 
              1000 928 929 -1 
              935 997 934 -1 
              935 936 996 -1 
              995 938 939 -1 
              941 939 940 -1 
              995 939 941 -1 
              994 945 993 -1 
              937 995 996 -1 
              994 944 945 -1 
              998 932 933 -1 
              998 931 932 -1 
              992 948 949 -1 
              990 951 952 -1 
              1009 911 912 -1 
              989 953 954 -1 
              955 956 988 -1 
              956 957 988 -1 
              957 958 987 -1 
              958 959 987 -1 
              986 960 961 -1 
              985 961 962 -1 
              985 962 963 -1 
              984 963 964 -1 
              984 964 965 -1 
              984 965 1019 -1 
              1019 966 967 -1 
              969 967 968 -1 
              1019 967 969 -1 
              1019 965 966 -1 
              970 971 1019 -1 
              986 959 960 -1 
              1017 973 974 -1 
              974 975 1017 -1 
              978 979 1015 -1 
              979 980 1014 -1 
              983 1013 982 -1 
              1018 971 972 -1 
              1018 972 973 -1 
              989 954 955 -1 
              985 963 984 -1 
              990 952 953 -1 
              986 961 985 -1 
              991 950 951 -1 
              987 959 986 -1 
              991 949 950 -1 
              988 957 987 -1 
              992 947 948 -1 
              989 955 988 -1 
              993 946 947 -1 
              990 953 989 -1 
              993 945 946 -1 
              991 951 990 -1 
              994 943 944 -1 
              992 949 991 -1 
              995 942 943 -1 
              993 947 992 -1 
              996 936 937 -1 
              995 943 994 -1 
              995 937 938 -1 
              995 941 942 -1 
              997 933 934 -1 
              999 930 931 -1 
              997 935 996 -1 
              999 929 930 -1 
              998 933 997 -1 
              1000 927 928 -1 
              999 931 998 -1 
              1001 926 927 -1 
              1000 929 999 -1 
              1001 925 926 -1 
              1001 927 1000 -1 
              1004 918 919 -1 
              1006 915 916 -1 
              1003 921 1002 -1 
              1008 913 914 -1 
              1004 919 1003 -1 
              1008 912 913 -1 
              1005 918 1004 -1 
              1006 917 1005 -1 
              1007 915 1006 -1 
              1008 914 1007 -1 
              1011 908 909 -1 
              1009 912 1008 -1 
              1010 911 1009 -1 
              1011 910 1010 -1 
              981 1013 1014 -1 
              1014 980 981 -1 
              1013 906 907 -1 
              1013 981 982 -1 
              1013 983 906 -1 
              1015 977 978 -1 
              1016 975 976 -1 
              1015 979 1014 -1 
              1016 977 1015 -1 
              1017 975 1016 -1 
              1018 973 1017 -1 
              1019 969 970 -1 
              1019 971 1018 -1 
              1001 1000 1002 -1 
              1020 1002 1000 -1 
              1002 1020 1003 -1 
              1021 1003 1020 -1 
              1003 1021 1004 -1 
              1022 1004 1021 -1 
              1004 1022 1005 -1 
              1023 1005 1022 -1 
              1005 1023 1006 -1 
              1024 1006 1023 -1 
              1006 1024 1007 -1 
              1025 1007 1024 -1 
              1000 999 1020 -1 
              1026 1020 999 -1 
              1020 1026 1021 -1 
              1027 1021 1026 -1 
              999 998 1026 -1 
              1028 1026 998 -1 
              1026 1028 1027 -1 
              1029 1027 1028 -1 
              1021 1027 1022 -1 
              1030 1022 1027 -1 
              1022 1030 1023 -1 
              1031 1023 1030 -1 
              1023 1031 1024 -1 
              1032 1024 1031 -1 
              1024 1032 1025 -1 
              1033 1025 1032 -1 
              1027 1029 1030 -1 
              1034 1030 1029 -1 
              1030 1034 1031 -1 
              1035 1031 1034 -1 
              1031 1035 1032 -1 
              1036 1032 1035 -1 
              1032 1036 1033 -1 
              1037 1033 1036 -1 
              1007 1025 1008 -1 
              1038 1008 1025 -1 
              1008 1038 1009 -1 
              1039 1009 1038 -1 
              1009 1039 1010 -1 
              1040 1010 1039 -1 
              1010 1040 1011 -1 
              1041 1011 1040 -1 
              1011 1041 1012 -1 
              1042 1012 1041 -1 
              1012 1042 1013 -1 
              1014 1013 1042 -1 
              1025 1033 1038 -1 
              1043 1038 1033 -1 
              1038 1043 1039 -1 
              1044 1039 1043 -1 
              1039 1044 1040 -1 
              1045 1040 1044 -1 
              1040 1045 1041 -1 
              1046 1041 1045 -1 
              1033 1037 1043 -1 
              1047 1043 1037 -1 
              1043 1047 1044 -1 
              1048 1044 1047 -1 
              1044 1048 1045 -1 
              1049 1045 1048 -1 
              1045 1049 1046 -1 
              1050 1046 1049 -1 
              1041 1046 1042 -1 
              1051 1042 1046 -1 
              1042 1051 1014 -1 
              1015 1014 1051 -1 
              1046 1050 1051 -1 
              1052 1051 1050 -1 
              1051 1052 1015 -1 
              1016 1015 1052 -1 
              998 997 1028 -1 
              1053 1028 997 -1 
              1028 1053 1029 -1 
              1054 1029 1053 -1 
              997 996 1053 -1 
              1055 1053 996 -1 
              1053 1055 1054 -1 
              1056 1054 1055 -1 
              1029 1054 1034 -1 
              1057 1034 1054 -1 
              1034 1057 1035 -1 
              1058 1035 1057 -1 
              1035 1058 1036 -1 
              1059 1036 1058 -1 
              1036 1059 1037 -1 
              1060 1037 1059 -1 
              1054 1056 1057 -1 
              1061 1057 1056 -1 
              1057 1061 1058 -1 
              1062 1058 1061 -1 
              1058 1062 1059 -1 
              1063 1059 1062 -1 
              1059 1063 1060 -1 
              1064 1060 1063 -1 
              996 995 1055 -1 
              994 1055 995 -1 
              1055 994 1056 -1 
              993 1056 994 -1 
              1056 993 1061 -1 
              992 1061 993 -1 
              1061 992 1062 -1 
              991 1062 992 -1 
              1062 991 1063 -1 
              990 1063 991 -1 
              1063 990 1064 -1 
              989 1064 990 -1 
              1037 1060 1047 -1 
              1065 1047 1060 -1 
              1047 1065 1048 -1 
              1066 1048 1065 -1 
              1048 1066 1049 -1 
              1067 1049 1066 -1 
              1049 1067 1050 -1 
              1068 1050 1067 -1 
              1060 1064 1065 -1 
              1069 1065 1064 -1 
              1065 1069 1066 -1 
              1070 1066 1069 -1 
              1066 1070 1067 -1 
              1071 1067 1070 -1 
              1067 1071 1068 -1 
              1072 1068 1071 -1 
              1050 1068 1052 -1 
              1073 1052 1068 -1 
              1052 1073 1016 -1 
              1017 1016 1073 -1 
              1068 1072 1073 -1 
              1074 1073 1072 -1 
              1073 1074 1017 -1 
              1018 1017 1074 -1 
              1064 989 1069 -1 
              988 1069 989 -1 
              1069 988 1070 -1 
              987 1070 988 -1 
              1070 987 1071 -1 
              986 1071 987 -1 
              1071 986 1072 -1 
              985 1072 986 -1 
              1072 985 1074 -1 
              984 1074 985 -1 
              1074 984 1018 -1 
              1019 1018 984 -1 
              1152 1076 1188 -1 
              1188 1078 1187 -1 
              1078 1188 1077 -1 
              1185 1084 1184 -1 
              1086 1184 1085 -1 
              1086 1087 1183 -1 
              1182 1089 1090 -1 
              1092 1090 1091 -1 
              1082 1186 1081 -1 
              1182 1093 1181 -1 
              1187 1079 1080 -1 
              1088 1182 1183 -1 
              1188 1076 1077 -1 
              1184 1084 1085 -1 
              1152 1075 1076 -1 
              1176 1100 1101 -1 
              1174 1102 1103 -1 
              1171 1107 1170 -1 
              1171 1106 1107 -1 
              1110 1108 1109 -1 
              1170 1108 1110 -1 
              1170 1110 1111 -1 
              1105 1106 1172 -1 
              1104 1173 1103 -1 
              1169 1113 1114 -1 
              1098 1099 1177 -1 
              1120 1166 1119 -1 
              1164 1122 1123 -1 
              1164 1123 1124 -1 
              1126 1124 1125 -1 
              1164 1124 1126 -1 
              1164 1126 1127 -1 
              1122 1164 1165 -1 
              1163 1129 1130 -1 
              1166 1118 1119 -1 
              1167 1116 1117 -1 
              1161 1133 1134 -1 
              1159 1136 1137 -1 
              1158 1138 1139 -1 
              1157 1140 1141 -1 
              1157 1141 1142 -1 
              1156 1142 1143 -1 
              1156 1143 1144 -1 
              1187 1078 1079 -1 
              1147 1154 1146 -1 
              1148 1154 1147 -1 
              1149 1153 1148 -1 
              1150 1153 1149 -1 
              1188 1153 1150 -1 
              1152 1188 1151 -1 
              1155 1144 1145 -1 
              1155 1145 1146 -1 
              1158 1139 1140 -1 
              1154 1148 1153 -1 
              1159 1137 1138 -1 
              1155 1146 1154 -1 
              1160 1135 1136 -1 
              1156 1144 1155 -1 
              1160 1134 1135 -1 
              1157 1142 1156 -1 
              1161 1132 1133 -1 
              1158 1140 1157 -1 
              1162 1131 1132 -1 
              1159 1138 1158 -1 
              1162 1130 1131 -1 
              1160 1136 1159 -1 
              1163 1128 1129 -1 
              1161 1134 1160 -1 
              1164 1127 1128 -1 
              1162 1132 1161 -1 
              1163 1130 1162 -1 
              1120 1121 1165 -1 
              1164 1128 1163 -1 
              1165 1121 1122 -1 
              1167 1117 1118 -1 
              1168 1115 1116 -1 
              1166 1120 1165 -1 
              1168 1114 1115 -1 
              1167 1118 1166 -1 
              1169 1112 1113 -1 
              1168 1116 1167 -1 
              1170 1111 1112 -1 
              1169 1114 1168 -1 
              1170 1107 1108 -1 
              1170 1112 1169 -1 
              1173 1104 1105 -1 
              1175 1101 1102 -1 
              1172 1106 1171 -1 
              1176 1099 1100 -1 
              1173 1105 1172 -1 
              1178 1097 1098 -1 
              1174 1103 1173 -1 
              1179 1096 1097 -1 
              1175 1102 1174 -1 
              1179 1095 1096 -1 
              1176 1101 1175 -1 
              1180 1094 1095 -1 
              1177 1099 1176 -1 
              1178 1098 1177 -1 
              1181 1093 1094 -1 
              1179 1097 1178 -1 
              1181 1094 1180 -1 
              1180 1095 1179 -1 
              1183 1087 1088 -1 
              1182 1092 1093 -1 
              1182 1088 1089 -1 
              1182 1090 1092 -1 
              1185 1083 1084 -1 
              1185 1082 1083 -1 
              1184 1086 1183 -1 
              1186 1080 1081 -1 
              1186 1082 1185 -1 
              1187 1080 1186 -1 
              1188 1150 1151 -1 
              1170 1169 1171 -1 
              1189 1171 1169 -1 
              1171 1189 1172 -1 
              1190 1172 1189 -1 
              1172 1190 1173 -1 
              1191 1173 1190 -1 
              1173 1191 1174 -1 
              1192 1174 1191 -1 
              1174 1192 1175 -1 
              1193 1175 1192 -1 
              1175 1193 1176 -1 
              1194 1176 1193 -1 
              1169 1168 1189 -1 
              1195 1189 1168 -1 
              1189 1195 1190 -1 
              1196 1190 1195 -1 
              1168 1167 1195 -1 
              1197 1195 1167 -1 
              1195 1197 1196 -1 
              1198 1196 1197 -1 
              1190 1196 1191 -1 
              1199 1191 1196 -1 
              1191 1199 1192 -1 
              1200 1192 1199 -1 
              1192 1200 1193 -1 
              1201 1193 1200 -1 
              1193 1201 1194 -1 
              1202 1194 1201 -1 
              1196 1198 1199 -1 
              1203 1199 1198 -1 
              1199 1203 1200 -1 
              1204 1200 1203 -1 
              1200 1204 1201 -1 
              1205 1201 1204 -1 
              1201 1205 1202 -1 
              1206 1202 1205 -1 
              1176 1194 1177 -1 
              1207 1177 1194 -1 
              1177 1207 1178 -1 
              1208 1178 1207 -1 
              1178 1208 1179 -1 
              1209 1179 1208 -1 
              1179 1209 1180 -1 
              1210 1180 1209 -1 
              1180 1210 1181 -1 
              1211 1181 1210 -1 
              1181 1211 1182 -1 
              1183 1182 1211 -1 
              1194 1202 1207 -1 
              1212 1207 1202 -1 
              1207 1212 1208 -1 
              1213 1208 1212 -1 
              1208 1213 1209 -1 
              1214 1209 1213 -1 
              1209 1214 1210 -1 
              1215 1210 1214 -1 
              1202 1206 1212 -1 
              1216 1212 1206 -1 
              1212 1216 1213 -1 
              1217 1213 1216 -1 
              1213 1217 1214 -1 
              1218 1214 1217 -1 
              1214 1218 1215 -1 
              1219 1215 1218 -1 
              1210 1215 1211 -1 
              1220 1211 1215 -1 
              1211 1220 1183 -1 
              1184 1183 1220 -1 
              1215 1219 1220 -1 
              1221 1220 1219 -1 
              1220 1221 1184 -1 
              1185 1184 1221 -1 
              1167 1166 1197 -1 
              1222 1197 1166 -1 
              1197 1222 1198 -1 
              1223 1198 1222 -1 
              1166 1165 1222 -1 
              1224 1222 1165 -1 
              1222 1224 1223 -1 
              1225 1223 1224 -1 
              1198 1223 1203 -1 
              1226 1203 1223 -1 
              1203 1226 1204 -1 
              1227 1204 1226 -1 
              1204 1227 1205 -1 
              1228 1205 1227 -1 
              1205 1228 1206 -1 
              1229 1206 1228 -1 
              1223 1225 1226 -1 
              1230 1226 1225 -1 
              1226 1230 1227 -1 
              1231 1227 1230 -1 
              1227 1231 1228 -1 
              1232 1228 1231 -1 
              1228 1232 1229 -1 
              1233 1229 1232 -1 
              1165 1164 1224 -1 
              1163 1224 1164 -1 
              1224 1163 1225 -1 
              1162 1225 1163 -1 
              1225 1162 1230 -1 
              1161 1230 1162 -1 
              1230 1161 1231 -1 
              1160 1231 1161 -1 
              1231 1160 1232 -1 
              1159 1232 1160 -1 
              1232 1159 1233 -1 
              1158 1233 1159 -1 
              1206 1229 1216 -1 
              1234 1216 1229 -1 
              1216 1234 1217 -1 
              1235 1217 1234 -1 
              1217 1235 1218 -1 
              1236 1218 1235 -1 
              1218 1236 1219 -1 
              1237 1219 1236 -1 
              1229 1233 1234 -1 
              1238 1234 1233 -1 
              1234 1238 1235 -1 
              1239 1235 1238 -1 
              1235 1239 1236 -1 
              1240 1236 1239 -1 
              1236 1240 1237 -1 
              1241 1237 1240 -1 
              1219 1237 1221 -1 
              1242 1221 1237 -1 
              1221 1242 1185 -1 
              1186 1185 1242 -1 
              1237 1241 1242 -1 
              1243 1242 1241 -1 
              1242 1243 1186 -1 
              1187 1186 1243 -1 
              1233 1158 1238 -1 
              1157 1238 1158 -1 
              1238 1157 1239 -1 
              1156 1239 1157 -1 
              1239 1156 1240 -1 
              1155 1240 1156 -1 
              1240 1155 1241 -1 
              1154 1241 1155 -1 
              1241 1154 1243 -1 
              1153 1243 1154 -1 
              1243 1153 1187 -1 
              1188 1187 1153 -1 
              1296 1245 1297 -1 
              1284 1257 1285 -1 
              1310 1267 1311 -1 
              1298 1244 1279 -1 
              1280 1262 1261 -1 
              1280 1263 1262 -1 
              1281 1261 1260 -1 
              1281 1280 1261 -1 
              1282 1260 1259 -1 
              1282 1281 1260 -1 
              1283 1259 1258 -1 
              1283 1282 1259 -1 
              1284 1258 1257 -1 
              1284 1283 1258 -1 
              1285 1256 1286 -1 
              1285 1257 1256 -1 
              1286 1255 1287 -1 
              1286 1256 1255 -1 
              1287 1254 1288 -1 
              1287 1255 1254 -1 
              1288 1253 1289 -1 
              1288 1254 1253 -1 
              1289 1252 1290 -1 
              1289 1253 1252 -1 
              1290 1252 1251 -1 
              1291 1251 1250 -1 
              1291 1290 1251 -1 
              1292 1250 1249 -1 
              1292 1291 1250 -1 
              1293 1249 1248 -1 
              1293 1292 1249 -1 
              1294 1248 1247 -1 
              1294 1293 1248 -1 
              1295 1247 1246 -1 
              1295 1294 1247 -1 
              1296 1246 1245 -1 
              1296 1295 1246 -1 
              1297 1244 1298 -1 
              1297 1245 1244 -1 
              1298 1279 1299 -1 
              1299 1278 1300 -1 
              1299 1279 1278 -1 
              1300 1277 1301 -1 
              1300 1278 1277 -1 
              1301 1276 1302 -1 
              1301 1277 1276 -1 
              1302 1275 1303 -1 
              1302 1276 1275 -1 
              1303 1275 1274 -1 
              1304 1274 1273 -1 
              1304 1303 1274 -1 
              1305 1273 1272 -1 
              1305 1304 1273 -1 
              1306 1272 1271 -1 
              1306 1305 1272 -1 
              1307 1271 1270 -1 
              1307 1306 1271 -1 
              1308 1270 1269 -1 
              1308 1307 1270 -1 
              1309 1269 1268 -1 
              1309 1308 1269 -1 
              1310 1268 1267 -1 
              1310 1309 1268 -1 
              1311 1266 1312 -1 
              1311 1267 1266 -1 
              1312 1265 1313 -1 
              1312 1266 1265 -1 
              1313 1264 1314 -1 
              1313 1265 1264 -1 
              1314 1263 1315 -1 
              1314 1264 1263 -1 
              1315 1263 1280 -1 
              1359 1326 1360 -1 
              1361 1325 1324 -1 
              1383 1382 1339 -1 
              1354 1332 1331 -1 
              1353 1333 1332 -1 
              1352 1334 1333 -1 
              1387 1335 1352 -1 
              1386 1336 1335 -1 
              1385 1337 1336 -1 
              1377 1345 1344 -1 
              1376 1346 1345 -1 
              1368 1367 1318 -1 
              1352 1335 1334 -1 
              1355 1331 1330 -1 
              1353 1352 1333 -1 
              1356 1330 1329 -1 
              1354 1353 1332 -1 
              1357 1329 1328 -1 
              1355 1354 1331 -1 
              1358 1328 1327 -1 
              1356 1355 1330 -1 
              1359 1327 1326 -1 
              1357 1356 1329 -1 
              1360 1326 1325 -1 
              1358 1357 1328 -1 
              1362 1324 1323 -1 
              1359 1358 1327 -1 
              1363 1323 1322 -1 
              1364 1322 1321 -1 
              1361 1360 1325 -1 
              1365 1321 1320 -1 
              1362 1361 1324 -1 
              1366 1320 1319 -1 
              1363 1362 1323 -1 
              1367 1319 1318 -1 
              1364 1363 1322 -1 
              1368 1318 1317 -1 
              1365 1364 1321 -1 
              1369 1317 1316 -1 
              1366 1365 1320 -1 
              1370 1316 1351 -1 
              1367 1366 1319 -1 
              1371 1351 1350 -1 
              1372 1350 1349 -1 
              1369 1368 1317 -1 
              1373 1349 1348 -1 
              1370 1369 1316 -1 
              1374 1348 1347 -1 
              1371 1370 1351 -1 
              1375 1347 1346 -1 
              1372 1371 1350 -1 
              1373 1372 1349 -1 
              1374 1373 1348 -1 
              1375 1374 1347 -1 
              1378 1344 1343 -1 
              1376 1375 1346 -1 
              1379 1343 1342 -1 
              1377 1376 1345 -1 
              1380 1342 1341 -1 
              1378 1377 1344 -1 
              1381 1341 1340 -1 
              1379 1378 1343 -1 
              1382 1340 1339 -1 
              1380 1379 1342 -1 
              1383 1339 1338 -1 
              1381 1380 1341 -1 
              1384 1338 1337 -1 
              1382 1381 1340 -1 
              1384 1383 1338 -1 
              1385 1384 1337 -1 
              1386 1385 1336 -1 
              1387 1386 1335 -1 
              1390 1389 1388 -1 
              1391 1390 1388 -1 
              1392 1391 1388 -1 
              1393 1392 1388 -1 
              1394 1393 1388 -1 
              1395 1394 1388 -1 
              1396 1395 1388 -1 
              1397 1396 1388 -1 
              1398 1397 1388 -1 
              1399 1398 1388 -1 
              1400 1399 1388 -1 
              1401 1400 1388 -1 
              1402 1401 1388 -1 
              1403 1402 1388 -1 
              1404 1403 1388 -1 
              1405 1404 1388 -1 
              1406 1405 1388 -1 
              1407 1406 1388 -1 
              1408 1407 1388 -1 
              1409 1408 1388 -1 
              1410 1409 1388 -1 
              1411 1410 1388 -1 
              1412 1411 1388 -1 
              1413 1412 1388 -1 
              1414 1413 1388 -1 
              1415 1414 1388 -1 
              1416 1415 1388 -1 
              1417 1416 1388 -1 
              1418 1417 1388 -1 
              1419 1418 1388 -1 
              1420 1419 1388 -1 
              1421 1420 1388 -1 
              1422 1421 1388 -1 
              1423 1422 1388 -1 
            ]
          }
        }
      ]
    }
  ]
}
